gene,percent,binary,true
A1BG,0.12063785,0.0,0.0
A1CF,0.21690735,0.0,1.0
A2M,0.36425084,0.0,0.0
AAAS,0.16816849,0.0,-1.0
AACS,0.0998533,0.0,0.0
AAGAB,0.10991038,0.0,0.0
AAK1,0.18030004,0.0,0.0
AAMDC,0.12171792,0.0,0.0
AAMP,0.15672058,0.0,-1.0
AANAT,0.118660815,0.0,-1.0
AAR2,0.17585649,0.0,0.0
AARS1,0.16495569,0.0,-1.0
AARS2,0.21988578,0.0,-1.0
AASDHPPT,0.15644084,0.0,0.0
AASS,0.1563772,0.0,-1.0
AATF,0.2904964,0.0,-1.0
AATK,0.33237895,0.0,0.0
ABAT,0.15046367,0.0,0.0
ABCA1,0.33561164,0.0,-1.0
ABCA10,0.20421754,0.0,-1.0
ABCA12,0.26076517,0.0,-1.0
ABCA13,0.27570015,0.0,-1.0
ABCA2,0.18095455,0.0,0.0
ABCA3,0.22190668,0.0,-1.0
ABCA4,0.18194938,0.0,-1.0
ABCA5,0.13245735,0.0,0.0
ABCA6,0.08269364,0.0,0.0
ABCA7,0.070818976,0.0,-1.0
ABCA9,0.1291584,0.0,0.0
ABCB1,0.2630705,0.0,-1.0
ABCB10,0.10504828,0.0,-1.0
ABCB11,0.055483446,0.0,-1.0
ABCB4,0.0821638,0.0,-1.0
ABCB5,0.25546685,0.0,-1.0
ABCB6,0.15428919,0.0,0.0
ABCB8,0.11703776,0.0,-1.0
ABCB9,0.10185699,0.0,0.0
ABCC1,0.13926642,0.0,-1.0
ABCC12,0.10062773,0.0,0.0
ABCC2,0.15993962,0.0,-1.0
ABCC3,0.26307437,0.0,-1.0
ABCC4,0.20167351,0.0,0.0
ABCC5,0.20982276,0.0,-1.0
ABCC6,0.19199634,0.0,-1.0
ABCC8,0.2953879,0.0,-1.0
ABCC9,0.19983947,0.0,-1.0
ABCD1,0.15504372,0.0,-1.0
ABCD2,0.14913651,0.0,0.0
ABCD3,0.14696258,0.0,0.0
ABCD4,0.15686324,0.0,0.0
ABCE1,0.18134505,0.0,0.0
ABCF1,0.22347876,0.0,-1.0
ABCF2,0.19550379,0.0,-1.0
ABCF3,0.2338717,0.0,0.0
ABCG2,0.10910942,0.0,-1.0
ABCG4,0.065446176,0.0,0.0
ABCG5,0.19473915,0.0,0.0
ABCG8,0.19521542,0.0,-1.0
ABHD1,0.060071103,0.0,0.0
ABHD10,0.10804594,0.0,0.0
ABHD11,0.115833096,0.0,0.0
ABHD14A,0.12785697,0.0,0.0
ABHD14B,0.033193976,0.0,0.0
ABHD16A,0.024345571,0.0,0.0
ABHD17A,0.1563557,0.0,0.0
ABHD17C,0.04201272,0.0,0.0
ABHD18,0.04201272,0.0,0.0
ABHD2,0.12500493,0.0,-1.0
ABHD3,0.06545544,0.0,0.0
ABHD4,0.117826164,0.0,0.0
ABHD5,0.027376812,0.0,0.0
ABHD6,0.15790391,0.0,0.0
ABI1,0.580235,1.0,1.0
ABI2,0.1948941,0.0,0.0
ABI3,0.3847501,0.0,-1.0
ABI3BP,0.19456197,0.0,0.0
ABITRAM,0.09741945,0.0,0.0
ABL1,0.66455364,1.0,1.0
ABL2,0.37356365,0.0,1.0
ABLIM1,0.2821674,0.0,0.0
ABLIM2,0.3130748,0.0,-1.0
ABLIM3,0.16328563,0.0,0.0
ABO,0.11843873,0.0,-1.0
ABR,0.1005067,0.0,-1.0
ABRA,0.24819204,0.0,0.0
ABRACL,0.04201272,0.0,0.0
ABRAXAS1,0.17278816,0.0,1.0
ABRAXAS2,0.13996856,0.0,0.0
ABT1,0.124758735,0.0,0.0
ABTB1,0.17391162,0.0,0.0
ABTB2,0.15552004,0.0,-1.0
ACAA1,0.12117818,0.0,0.0
ACAA2,0.15680547,0.0,0.0
ACACA,0.26757666,0.0,0.0
ACACB,0.22339597,0.0,0.0
ACAD11,0.17246604,0.0,0.0
ACAD8,0.15119843,0.0,-1.0
ACAD9,0.11906599,0.0,-1.0
ACADL,0.113787726,0.0,0.0
ACADM,0.20049462,0.0,-1.0
ACADS,0.20073135,0.0,-1.0
ACADSB,0.1409661,0.0,-1.0
ACAN,0.146744,0.0,-1.0
ACAP1,0.23846102,0.0,-1.0
ACAP2,0.12067126,0.0,0.0
ACAP3,0.09081859,0.0,0.0
ACAT1,0.16908562,0.0,0.0
ACAT2,0.18552956,0.0,0.0
ACBD3,0.15644227,0.0,0.0
ACBD6,0.11586172,0.0,0.0
ACCS,0.11865034,0.0,-1.0
ACD,0.19117422,0.0,-1.0
ACE,0.16551457,0.0,-1.0
ACE2,0.088393696,0.0,0.0
ACER3,0.14050223,0.0,0.0
ACHE,0.0154474955,0.0,-1.0
ACIN1,0.28822303,0.0,0.0
ACKR1,0.13625374,0.0,0.0
ACKR2,0.05256272,0.0,0.0
ACKR3,0.12417098,0.0,1.0
ACKR4,0.06383065,0.0,0.0
ACLY,0.2540778,0.0,-1.0
ACMSD,0.071060345,0.0,0.0
ACO1,0.2425576,0.0,-1.0
ACO2,0.17818178,0.0,-1.0
ACOT1,0.10991849,0.0,0.0
ACOT13,0.121864356,0.0,0.0
ACOT2,0.07308943,0.0,0.0
ACOT7,0.1766368,0.0,0.0
ACOT8,0.13713495,0.0,0.0
ACOT9,0.12652451,0.0,0.0
ACOX1,0.12677355,0.0,-1.0
ACOX3,0.122721024,0.0,0.0
ACOXL,0.12585744,0.0,-1.0
ACP1,0.21800132,0.0,0.0
ACP2,0.12310062,0.0,0.0
ACP3,0.15240021,0.0,0.0
ACP5,0.1964528,0.0,0.0
ACP6,0.17291407,0.0,0.0
ACR,0.051193226,0.0,0.0
ACSBG1,0.15422764,0.0,0.0
ACSBG2,0.07013726,0.0,0.0
ACSF2,0.1279643,0.0,0.0
ACSF3,0.122420266,0.0,0.0
ACSL1,0.12208489,0.0,0.0
ACSL3,0.22326477,0.0,1.0
ACSL4,0.113417715,0.0,-1.0
ACSL5,0.07429816,0.0,-1.0
ACSL6,0.09225135,0.0,-1.0
ACSM5,0.16204399,0.0,0.0
ACSS1,0.109176755,0.0,0.0
ACSS2,0.07199448,0.0,0.0
ACSS3,2.0088587e-06,0.0,0.0
ACTA1,0.42626908,0.0,-1.0
ACTA2,0.18981807,0.0,-1.0
ACTB,0.5503884,1.0,-1.0
ACTBL2,0.20588335,0.0,0.0
ACTC1,0.32600167,0.0,-1.0
ACTG1,0.42528188,0.0,1.0
ACTG2,0.14754465,0.0,0.0
ACTL6A,0.30361792,0.0,-1.0
ACTL6B,0.23496987,0.0,-1.0
ACTL7A,0.1253365,0.0,0.0
ACTL8,0.054974996,0.0,0.0
ACTL9,0.05821696,0.0,-1.0
ACTN1,0.24157386,0.0,0.0
ACTN2,0.4482775,0.0,-1.0
ACTN3,0.25597462,0.0,0.0
ACTN4,0.3803416,0.0,-1.0
ACTR10,0.17277196,0.0,0.0
ACTR1A,0.21612228,0.0,0.0
ACTR1B,0.1878205,0.0,0.0
ACTR2,0.14688773,0.0,0.0
ACTR3,0.18714136,0.0,0.0
ACTR3B,0.11820737,0.0,0.0
ACTR5,0.19264679,0.0,0.0
ACTR6,0.1943024,0.0,0.0
ACTR8,0.17354491,0.0,0.0
ACVR1,0.48562777,0.0,1.0
ACVR1B,0.35129,0.0,1.0
ACVR1C,0.12933776,0.0,0.0
ACVR2A,0.49674538,0.0,1.0
ACVR2B,0.43471998,0.0,-1.0
ACVRL1,0.4347919,0.0,-1.0
ACY1,0.1528192,0.0,-1.0
ACY3,0.101294644,0.0,0.0
ACYP2,0.09420175,0.0,0.0
ADA,0.1331882,0.0,0.0
ADAM10,0.13694282,0.0,-1.0
ADAM11,0.13213743,0.0,0.0
ADAM12,0.11009379,0.0,-1.0
ADAM15,0.3954065,0.0,0.0
ADAM17,0.32942268,0.0,-1.0
ADAM19,0.112331256,0.0,0.0
ADAM2,0.14610057,0.0,-1.0
ADAM22,0.21578011,0.0,-1.0
ADAM23,0.2022434,0.0,-1.0
ADAM29,0.023156421,0.0,-1.0
ADAM33,0.19806501,0.0,-1.0
ADAM8,0.13767153,0.0,0.0
ADAM9,0.22113949,0.0,-1.0
ADAMTS1,0.19131832,0.0,-1.0
ADAMTS10,0.2550943,0.0,-1.0
ADAMTS12,0.18316263,0.0,-1.0
ADAMTS13,0.60044974,1.0,-1.0
ADAMTS17,0.16423318,0.0,-1.0
ADAMTS2,0.10550811,0.0,-1.0
ADAMTS4,0.16428742,0.0,0.0
ADAMTS5,0.12668428,0.0,-1.0
ADAMTS6,0.1800398,0.0,-1.0
ADAMTS7,0.11224872,0.0,0.0
ADAMTS9,0.21430469,0.0,-1.0
ADAMTSL2,0.1165178,0.0,0.0
ADAMTSL3,0.14115392,0.0,-1.0
ADAMTSL4,0.27425417,0.0,-1.0
ADAMTSL5,0.27666387,0.0,0.0
ADAP1,0.32967615,0.0,0.0
ADAP2,0.17406285,0.0,0.0
ADAR,0.24059547,0.0,0.0
ADARB1,0.18207644,0.0,0.0
ADARB2,0.2624962,0.0,-1.0
ADAT1,0.10352301,0.0,0.0
ADAT2,0.17626336,0.0,0.0
ADAT3,0.2011652,0.0,0.0
ADCK1,0.08692014,0.0,-1.0
ADCK2,0.058176816,0.0,0.0
ADCK5,0.20049563,0.0,0.0
ADCY1,0.0790311,0.0,-1.0
ADCY10,0.20980635,0.0,0.0
ADCY2,0.15449731,0.0,-1.0
ADCY3,0.18757454,0.0,-1.0
ADCY4,0.13998666,0.0,-1.0
ADCY5,0.1692742,0.0,-1.0
ADCY6,0.253449,0.0,-1.0
ADCY7,0.16990852,0.0,-1.0
ADCY8,0.17379835,0.0,-1.0
ADCY9,0.13141863,0.0,-1.0
ADCYAP1,0.036811963,0.0,-1.0
ADCYAP1R1,0.090537824,0.0,0.0
ADD1,0.22614013,0.0,0.0
ADD3,0.16608971,0.0,-1.0
ADGRA2,0.10935427,0.0,-1.0
ADGRA3,0.14074244,0.0,0.0
ADGRB1,0.30230892,0.0,0.0
ADGRB2,0.18439344,0.0,0.0
ADGRB3,0.21942015,0.0,-1.0
ADGRE5,0.15812777,0.0,-1.0
ADGRF4,0.0687216,0.0,0.0
ADGRG2,0.1300769,0.0,0.0
ADGRG4,0.29167062,0.0,-1.0
ADGRG5,0.035174012,0.0,0.0
ADGRG6,0.04516066,0.0,-1.0
ADGRG7,0.09267998,0.0,0.0
ADGRL1,0.19211867,0.0,-1.0
ADGRL2,0.082156286,0.0,-1.0
ADGRL3,0.17439587,0.0,-1.0
ADH1A,0.05031501,0.0,0.0
ADH1B,0.16652016,0.0,-1.0
ADH4,0.13610716,0.0,0.0
ADH5,0.092220865,0.0,-1.0
ADH6,0.15412499,0.0,0.0
ADHFE1,0.038139284,0.0,0.0
ADI1,0.12446067,0.0,0.0
ADIPOQ,0.15032439,0.0,-1.0
ADIPOR1,0.08572312,0.0,-1.0
ADIPOR2,0.17144324,0.0,0.0
ADIRF,0.19380707,0.0,0.0
ADK,0.056910638,0.0,0.0
ADM,0.11608655,0.0,0.0
ADNP,0.26265568,0.0,-1.0
ADNP2,0.19142184,0.0,0.0
ADO,0.10875717,0.0,0.0
ADORA1,0.20355457,0.0,0.0
ADORA2A,0.23409708,0.0,0.0
ADORA2B,0.19879834,0.0,0.0
ADPGK,0.15707797,0.0,0.0
ADPRH,0.17188968,0.0,0.0
ADPRM,0.04201272,0.0,0.0
ADPRS,0.10726947,0.0,0.0
ADRA1A,0.10257499,0.0,-1.0
ADRA1B,0.13791001,0.0,-1.0
ADRA1D,0.23725569,0.0,0.0
ADRA2A,0.25823355,0.0,0.0
ADRA2B,0.019605221,0.0,0.0
ADRA2C,0.19125447,0.0,0.0
ADRB1,0.30460322,0.0,0.0
ADRB2,0.27569482,0.0,-1.0
ADRB3,0.2505421,0.0,-1.0
ADRM1,0.18051201,0.0,0.0
ADSL,0.16397092,0.0,0.0
ADSS1,0.13594075,0.0,0.0
ADSS2,0.13244736,0.0,0.0
ADTRP,0.113748685,0.0,0.0
AEBP2,0.22599523,0.0,0.0
AEN,0.1277695,0.0,0.0
AFAP1,0.25303856,0.0,0.0
AFAP1L1,0.11600304,0.0,0.0
AFAP1L2,0.10447967,0.0,-1.0
AFDN,0.26347005,0.0,1.0
AFF1,0.283825,0.0,1.0
AFF2,0.29020333,0.0,-1.0
AFF4,0.20012487,0.0,1.0
AFG1L,0.08374189,0.0,0.0
AFG3L2,0.24564013,0.0,-1.0
AFP,0.1525185,0.0,-1.0
AFTPH,0.22337061,0.0,0.0
AGAP1,0.20224734,0.0,0.0
AGAP2,0.27851513,0.0,-1.0
AGAP3,0.17785363,0.0,0.0
AGAP4,0.14310338,0.0,0.0
AGAP5,0.086164095,0.0,0.0
AGER,0.26924467,0.0,-1.0
AGFG1,0.30253518,0.0,0.0
AGFG2,0.18081775,0.0,0.0
AGGF1,0.14665057,0.0,-1.0
AGK,0.15856983,0.0,0.0
AGL,0.13012797,0.0,-1.0
AGMAT,0.16614641,0.0,0.0
AGO1,0.224203,0.0,1.0
AGO2,0.261881,0.0,-1.0
AGO3,0.19646367,0.0,0.0
AGO4,0.17088942,0.0,-1.0
AGPAT1,0.1344756,0.0,0.0
AGPAT2,0.08644283,0.0,-1.0
AGPAT3,0.08079917,0.0,0.0
AGPAT4,0.12461291,0.0,0.0
AGPAT5,0.08327931,0.0,0.0
AGPS,0.13425885,0.0,-1.0
AGR2,0.23867634,0.0,0.0
AGR3,0.25482714,0.0,0.0
AGRN,0.21098799,0.0,0.0
AGRP,0.14791995,0.0,-1.0
AGT,0.08273718,0.0,-1.0
AGTPBP1,0.35388887,0.0,0.0
AGTR1,0.21851863,0.0,-1.0
AGTR2,0.18630305,0.0,-1.0
AGTRAP,0.0995489,0.0,0.0
AGXT,0.17455386,0.0,-1.0
AGXT2,0.07788595,0.0,0.0
AHCTF1,0.23524982,0.0,-1.0
AHCY,0.13907465,0.0,0.0
AHCYL1,0.30775368,0.0,0.0
AHCYL2,0.072882265,0.0,-1.0
AHDC1,0.22373489,0.0,0.0
AHI1,0.24011189,0.0,-1.0
AHNAK,0.27799457,0.0,-1.0
AHNAK2,0.24945328,0.0,-1.0
AHR,0.38543776,0.0,-1.0
AHRR,0.18378462,0.0,0.0
AHSA1,0.22240554,0.0,-1.0
AHSA2P,0.085434884,0.0,0.0
AHSG,0.23264186,0.0,0.0
AHSP,0.24285583,0.0,0.0
AICDA,0.23872617,0.0,-1.0
AIDA,0.106998,0.0,0.0
AIF1,0.15447809,0.0,0.0
AIF1L,0.07745482,0.0,0.0
AIFM1,0.23399335,0.0,-1.0
AIFM2,0.06741531,0.0,-1.0
AIFM3,0.04949567,0.0,0.0
AIG1,0.031205133,0.0,0.0
AIM2,0.19962755,0.0,0.0
AIMP1,0.12729876,0.0,0.0
AIMP2,0.2641641,0.0,0.0
AIP,0.23883279,0.0,-1.0
AIPL1,0.0255781,0.0,-1.0
AIRE,0.5173918,1.0,-1.0
AJAP1,0.28653827,0.0,-1.0
AJUBA,0.30274266,0.0,1.0
AK1,0.15978305,0.0,-1.0
AK2,0.14083211,0.0,-1.0
AK3,0.16141993,0.0,0.0
AK4,0.19983567,0.0,0.0
AK5,0.21287073,0.0,0.0
AK6,0.1386451,0.0,0.0
AK7,0.021450056,0.0,0.0
AK8,0.16913971,0.0,-1.0
AK9,0.10354549,0.0,0.0
AKAP1,0.2674516,0.0,0.0
AKAP10,0.29530418,0.0,-1.0
AKAP11,0.33847198,0.0,-1.0
AKAP12,0.2781463,0.0,-1.0
AKAP13,0.30759102,0.0,-1.0
AKAP14,0.073823765,0.0,0.0
AKAP17A,0.13674325,0.0,0.0
AKAP2,0.2657841,0.0,0.0
AKAP3,0.059821088,0.0,0.0
AKAP4,0.3190216,0.0,0.0
AKAP5,0.23821811,0.0,0.0
AKAP6,0.47242597,0.0,-1.0
AKAP7,0.1664179,0.0,0.0
AKAP8,0.3526471,0.0,-1.0
AKAP8L,0.25032768,0.0,0.0
AKAP9,0.30826092,0.0,-1.0
AKIP1,0.22586133,0.0,0.0
AKIRIN1,0.06933578,0.0,0.0
AKIRIN2,0.13264012,0.0,0.0
AKNA,0.19641912,0.0,0.0
AKR1A1,0.10603594,0.0,0.0
AKR1B1,0.1270795,0.0,0.0
AKR1B10,0.20161055,0.0,-1.0
AKR1C1,0.19249357,0.0,0.0
AKR1C2,0.03252612,0.0,-1.0
AKR1C3,0.16724789,0.0,-1.0
AKR1C4,0.1045683,0.0,0.0
AKR7A2,0.110325865,0.0,0.0
AKR7A3,0.082865246,0.0,0.0
AKT1,0.70802295,1.0,1.0
AKT1S1,0.2295796,0.0,-1.0
AKT2,0.30328736,0.0,1.0
AKT3,0.30601764,0.0,1.0
AKTIP,0.27563587,0.0,0.0
ALAD,0.10655464,0.0,-1.0
ALAS1,0.18410905,0.0,0.0
ALAS2,0.22472985,0.0,-1.0
ALB,0.16479087,0.0,-1.0
ALCAM,0.15172577,0.0,-1.0
ALDH16A1,0.15775676,0.0,0.0
ALDH18A1,0.2108927,0.0,0.0
ALDH1A1,0.16181414,0.0,-1.0
ALDH1A2,0.05846857,0.0,0.0
ALDH1A3,0.06295419,0.0,0.0
ALDH1B1,0.14682241,0.0,0.0
ALDH1L2,0.12245742,0.0,0.0
ALDH2,0.12589698,0.0,-1.0
ALDH3A1,0.064283,0.0,0.0
ALDH3B1,0.10735582,0.0,0.0
ALDH3B2,0.24897951,0.0,0.0
ALDH5A1,0.13121359,0.0,-1.0
ALDH6A1,0.08993085,0.0,0.0
ALDH7A1,0.088598356,0.0,0.0
ALDH9A1,0.1717179,0.0,0.0
ALDOA,0.21201392,0.0,-1.0
ALDOB,0.16424632,0.0,-1.0
ALDOC,0.17822073,0.0,0.0
ALG1,0.11925993,0.0,-1.0
ALG10,0.13670503,0.0,0.0
ALG10B,0.114605285,0.0,0.0
ALG11,0.073127724,0.0,-1.0
ALG12,0.16868427,0.0,-1.0
ALG13,0.10079942,0.0,0.0
ALG14,0.061695613,0.0,-1.0
ALG1L2,0.03678543,0.0,0.0
ALG2,0.1282533,0.0,-1.0
ALG3,0.0538912,0.0,-1.0
ALG5,0.071477585,0.0,0.0
ALG8,0.14097464,0.0,-1.0
ALG9,0.12905258,0.0,-1.0
ALK,0.4607522,0.0,1.0
ALKBH1,0.076314576,0.0,0.0
ALKBH3,0.14424118,0.0,0.0
ALKBH4,0.10313044,0.0,0.0
ALKBH5,0.16073263,0.0,0.0
ALKBH7,0.15028453,0.0,0.0
ALMS1,0.2888356,0.0,-1.0
ALOX12,0.18468507,0.0,-1.0
ALOX12B,0.25752,0.0,1.0
ALOX15,0.081439495,0.0,-1.0
ALOX15B,0.18355173,0.0,0.0
ALOX5,0.17982154,0.0,-1.0
ALOX5AP,0.17024678,0.0,-1.0
ALOXE3,0.23786478,0.0,-1.0
ALPG,0.13426957,0.0,0.0
ALPI,0.13574612,0.0,0.0
ALPK1,0.06751821,0.0,-1.0
ALPK2,0.22468992,0.0,-1.0
ALPL,0.20077483,0.0,-1.0
ALPP,0.20869203,0.0,0.0
ALS2,0.25366923,0.0,-1.0
ALX1,0.35924384,0.0,0.0
ALX4,0.46610016,0.0,-1.0
ALYREF,0.23437202,0.0,-1.0
AMBP,0.20472062,0.0,0.0
AMBRA1,0.23860599,0.0,-1.0
AMD1,0.07936811,0.0,0.0
AMDHD1,0.09709649,0.0,0.0
AMDHD2,0.10972466,0.0,0.0
AMER1,0.22253913,0.0,1.0
AMER2,0.07413409,0.0,0.0
AMER3,0.19297646,0.0,0.0
AMFR,0.16813168,0.0,-1.0
AMH,0.12389546,0.0,-1.0
AMHR2,0.14124472,0.0,-1.0
AMIGO1,0.057356555,0.0,0.0
AMIGO2,0.07292804,0.0,0.0
AMIGO3,0.057356555,0.0,0.0
AMMECR1,0.19193706,0.0,0.0
AMMECR1L,0.12144164,0.0,0.0
AMN,0.029553406,0.0,-1.0
AMOT,0.33434075,0.0,-1.0
AMOTL1,0.24677086,0.0,-1.0
AMOTL2,0.22966388,0.0,0.0
AMPD1,0.2518617,0.0,0.0
AMPD2,0.046594024,0.0,0.0
AMPH,0.32357776,0.0,-1.0
AMT,0.03719269,0.0,-1.0
AMY1B,0.1146017,0.0,0.0
AMY2A,0.16493517,0.0,0.0
AMY2B,0.06665725,0.0,-1.0
ANAPC1,0.28987327,0.0,0.0
ANAPC10,0.2504695,0.0,0.0
ANAPC11,0.25785336,0.0,0.0
ANAPC13,0.080148384,0.0,0.0
ANAPC15,0.16567649,0.0,0.0
ANAPC16,0.17486285,0.0,0.0
ANAPC2,0.3367531,0.0,0.0
ANAPC4,0.23780328,0.0,0.0
ANAPC5,0.24059059,0.0,0.0
ANAPC7,0.09995263,0.0,0.0
ANG,0.2099994,0.0,-1.0
ANGEL1,0.018722277,0.0,0.0
ANGEL2,0.14327782,0.0,0.0
ANGPT1,0.16783544,0.0,-1.0
ANGPT2,0.22112738,0.0,0.0
ANGPT4,0.17606953,0.0,0.0
ANGPTL1,0.13685332,0.0,0.0
ANGPTL3,0.19815297,0.0,-1.0
ANGPTL4,0.2813366,0.0,0.0
ANGPTL8,0.046933535,0.0,0.0
ANK1,0.048481233,0.0,1.0
ANK2,0.41034847,0.0,-1.0
ANK3,0.294732,0.0,-1.0
ANKAR,0.25111797,0.0,0.0
ANKEF1,0.10490982,0.0,0.0
ANKFY1,0.18544684,0.0,0.0
ANKH,0.10612774,0.0,-1.0
ANKHD1-EIF4EBP3,0.2611333,0.0,0.0
ANKIB1,0.17881505,0.0,0.0
ANKLE1,0.08568727,0.0,0.0
ANKLE2,0.28754303,0.0,-1.0
ANKMY2,0.11531334,0.0,0.0
ANKRA2,0.18189627,0.0,0.0
ANKRD1,0.12115541,0.0,-1.0
ANKRD10,0.059243746,0.0,0.0
ANKRD11,0.23436098,0.0,1.0
ANKRD12,0.26259747,0.0,-1.0
ANKRD13A,0.18945557,0.0,-1.0
ANKRD13B,0.11105673,0.0,0.0
ANKRD13C,0.08206548,0.0,0.0
ANKRD13D,0.12249624,0.0,0.0
ANKRD17,0.28883034,0.0,-1.0
ANKRD18A,0.14857087,0.0,-1.0
ANKRD2,0.18536505,0.0,0.0
ANKRD22,0.09759768,0.0,0.0
ANKRD23,0.17011705,0.0,0.0
ANKRD24,0.17430687,0.0,-1.0
ANKRD26,0.18864278,0.0,-1.0
ANKRD27,0.2321957,0.0,0.0
ANKRD28,0.23246397,0.0,0.0
ANKRD30A,0.15617818,0.0,0.0
ANKRD34A,0.14517188,0.0,0.0
ANKRD35,0.05520299,0.0,0.0
ANKRD36B,0.08579289,0.0,0.0
ANKRD37,0.006882027,0.0,0.0
ANKRD39,0.11295668,0.0,0.0
ANKRD40,0.1360761,0.0,0.0
ANKRD42,0.15496483,0.0,0.0
ANKRD44,0.23283246,0.0,-1.0
ANKRD45,0.14002113,0.0,0.0
ANKRD46,0.055188693,0.0,0.0
ANKRD49,0.055234138,0.0,0.0
ANKRD50,0.1806409,0.0,-1.0
ANKRD52,0.19223714,0.0,0.0
ANKRD53,0.06551333,0.0,0.0
ANKRD54,0.15713224,0.0,0.0
ANKRD55,0.23411018,0.0,0.0
ANKRD6,0.17783399,0.0,0.0
ANKRD65,0.0053417026,0.0,0.0
ANKRD7,0.10487521,0.0,-1.0
ANKS1A,0.24750006,0.0,0.0
ANKS1B,0.3181918,0.0,0.0
ANKS3,0.06406473,0.0,0.0
ANKS4B,0.0773866,0.0,0.0
ANKS6,0.078474544,0.0,0.0
ANKZF1,0.12752393,0.0,0.0
ANLN,0.2053949,0.0,-1.0
ANO1,0.09927461,0.0,0.0
ANO5,0.020980246,0.0,-1.0
ANO6,0.11613725,0.0,-1.0
ANO8,0.075980365,0.0,0.0
ANO9,0.06382792,0.0,0.0
ANOS1,0.24703282,0.0,-1.0
ANP32A,0.33926052,0.0,-1.0
ANP32B,0.29774392,0.0,-1.0
ANP32C,0.057763916,0.0,0.0
ANP32D,0.06354991,0.0,0.0
ANP32E,0.23191287,0.0,0.0
ANPEP,0.25421154,0.0,-1.0
ANTKMT,0.20215675,0.0,0.0
ANTXR1,0.17612812,0.0,-1.0
ANTXR2,0.2631507,0.0,-1.0
ANXA1,0.312662,0.0,-1.0
ANXA10,0.12066463,0.0,0.0
ANXA11,0.16378763,0.0,0.0
ANXA13,0.16983992,0.0,0.0
ANXA2,0.25113052,0.0,-1.0
ANXA3,0.19627532,0.0,0.0
ANXA4,0.25071138,0.0,0.0
ANXA5,0.18957685,0.0,-1.0
ANXA6,0.25838134,0.0,0.0
ANXA7,0.39580134,0.0,0.0
ANXA8,0.07466906,0.0,0.0
ANXA8L1,0.08644558,0.0,-1.0
ANXA9,0.19304696,0.0,0.0
AOC1,0.09159393,0.0,0.0
AOC3,0.16961722,0.0,0.0
AOPEP,0.2454091,0.0,0.0
AOX1,0.12975888,0.0,-1.0
AP1AR,0.17095678,0.0,0.0
AP1B1,0.23424473,0.0,-1.0
AP1G1,0.31217334,0.0,0.0
AP1G2,0.21088041,0.0,0.0
AP1M1,0.21004458,0.0,0.0
AP1M2,0.317365,0.0,0.0
AP1S1,0.161048,0.0,-1.0
AP1S2,0.16915384,0.0,-1.0
AP1S3,0.07590895,0.0,0.0
AP2A1,0.22176194,0.0,-1.0
AP2A2,0.36278608,0.0,0.0
AP2B1,0.3224214,0.0,0.0
AP2M1,0.23924711,0.0,0.0
AP2S1,0.3737123,0.0,0.0
AP3B1,0.24870773,0.0,-1.0
AP3B2,0.2548978,0.0,0.0
AP3D1,0.24802877,0.0,-1.0
AP3M1,0.17326716,0.0,0.0
AP3M2,0.14327388,0.0,-1.0
AP3S1,0.21582471,0.0,0.0
AP3S2,0.16314952,0.0,0.0
AP4B1,0.29117045,0.0,0.0
AP4E1,0.20719996,0.0,-1.0
AP4M1,0.17798011,0.0,-1.0
AP4S1,0.116790995,0.0,0.0
AP5B1,0.012687353,0.0,0.0
AP5M1,0.005112963,0.0,0.0
AP5S1,0.003101818,0.0,0.0
AP5Z1,0.14721622,0.0,-1.0
APAF1,0.23903616,0.0,-1.0
APBA1,0.31411242,0.0,0.0
APBA2,0.14285743,0.0,0.0
APBA3,0.19789417,0.0,0.0
APBB1,0.28112996,0.0,0.0
APBB1IP,0.26883847,0.0,0.0
APBB2,0.20158684,0.0,0.0
APBB3,0.18422726,0.0,0.0
APC,0.726504,1.0,1.0
APC2,0.29354918,0.0,-1.0
APCDD1,0.2579723,0.0,-1.0
APCS,0.26143238,0.0,0.0
APEH,0.16079524,0.0,-1.0
APEX1,0.31725514,0.0,0.0
APEX2,0.18415768,0.0,0.0
APH1A,0.18404791,0.0,-1.0
APH1B,0.18505575,0.0,-1.0
API5,0.21342391,0.0,-1.0
APIP,0.17375296,0.0,0.0
APLF,0.12974082,0.0,0.0
APLN,0.35991564,0.0,0.0
APLNR,0.52418524,1.0,1.0
APLP1,0.2110432,0.0,0.0
APLP2,0.26025218,0.0,0.0
APMAP,0.12092606,0.0,-1.0
APOA1,0.45529187,0.0,-1.0
APOA2,0.26766714,0.0,0.0
APOA4,0.24950913,0.0,0.0
APOA5,0.23367608,0.0,-1.0
APOB,0.42884907,0.0,-1.0
APOBEC1,0.22776116,0.0,0.0
APOBEC2,0.19230336,0.0,-1.0
APOBEC3A,0.0441691,0.0,0.0
APOBEC3B,0.21841112,0.0,1.0
APOBEC3C,0.14643541,0.0,0.0
APOBEC3D,0.1359156,0.0,0.0
APOBEC3F,0.13267158,0.0,0.0
APOBEC3G,0.22405246,0.0,0.0
APOC1,0.25378424,0.0,0.0
APOC2,0.2719597,0.0,-1.0
APOC3,0.20554976,0.0,0.0
APOD,0.21059065,0.0,0.0
APOE,0.31190872,0.0,-1.0
APOF,0.13615842,0.0,0.0
APOH,0.26935866,0.0,0.0
APOL1,0.06363354,0.0,-1.0
APOL2,0.11302153,0.0,-1.0
APOL4,0.098107524,0.0,0.0
APOL5,0.3286348,0.0,0.0
APOL6,0.16886663,0.0,0.0
APOLD1,0.100735314,0.0,0.0
APOM,0.10330765,0.0,0.0
APOO,0.095377214,0.0,0.0
APOOL,0.074781194,0.0,0.0
APP,0.3565037,0.0,-1.0
APPBP2,0.052928947,0.0,0.0
APPL1,0.26495937,0.0,-1.0
APPL2,0.1928216,0.0,0.0
APRT,0.17980091,0.0,0.0
APTX,0.20814249,0.0,-1.0
AQP1,0.19323348,0.0,0.0
AQP11,0.1961897,0.0,0.0
AQP2,0.030538179,0.0,-1.0
AQP3,0.20289698,0.0,0.0
AQP4,0.066334315,0.0,-1.0
AQP5,0.08779198,0.0,0.0
AQP7,1.5737284e-06,0.0,-1.0
AQP9,0.02996378,0.0,0.0
AQR,0.19630755,0.0,0.0
AR,0.6956211,1.0,1.0
ARAF,0.4273925,0.0,1.0
ARAP1,0.15046674,0.0,0.0
ARAP3,0.155641,0.0,0.0
ARC,0.16445564,0.0,0.0
ARCN1,0.17217702,0.0,0.0
AREG,0.12785555,0.0,-1.0
AREL1,0.123271845,0.0,0.0
ARF1,0.1769845,0.0,-1.0
ARF3,0.16596358,0.0,0.0
ARF4,0.16038254,0.0,0.0
ARF5,0.16368619,0.0,0.0
ARF6,0.37141845,0.0,-1.0
ARFGAP1,0.15672545,0.0,0.0
ARFGAP2,0.13166787,0.0,0.0
ARFGAP3,0.20407803,0.0,0.0
ARFGEF1,0.35019588,0.0,0.0
ARFGEF2,0.35234082,0.0,-1.0
ARFIP1,0.15209745,0.0,0.0
ARFIP2,0.14514385,0.0,0.0
ARG1,0.1990749,0.0,-1.0
ARG2,0.11372992,0.0,0.0
ARGLU1,0.15274566,0.0,0.0
ARHGAP1,0.3011607,0.0,0.0
ARHGAP10,0.20932226,0.0,0.0
ARHGAP11A,0.18458113,0.0,0.0
ARHGAP12,0.20855075,0.0,0.0
ARHGAP15,0.18003966,0.0,0.0
ARHGAP17,0.29993397,0.0,0.0
ARHGAP18,0.093363,0.0,0.0
ARHGAP19,0.082087584,0.0,0.0
ARHGAP20,0.040856082,0.0,-1.0
ARHGAP21,0.2785181,0.0,-1.0
ARHGAP22,0.13839242,0.0,0.0
ARHGAP23,0.15538578,0.0,0.0
ARHGAP24,0.16994119,0.0,-1.0
ARHGAP25,0.10516168,0.0,-1.0
ARHGAP26,0.1967655,0.0,1.0
ARHGAP29,0.2464054,0.0,0.0
ARHGAP31,0.23964272,0.0,-1.0
ARHGAP32,0.48053622,0.0,-1.0
ARHGAP33,0.1945297,0.0,0.0
ARHGAP35,0.20583126,0.0,1.0
ARHGAP36,0.014115478,0.0,0.0
ARHGAP4,0.25470087,0.0,-1.0
ARHGAP44,0.12239611,0.0,0.0
ARHGAP45,0.217326,0.0,0.0
ARHGAP5,0.2728184,0.0,1.0
ARHGAP6,0.090380386,0.0,0.0
ARHGAP8,0.024331544,0.0,-1.0
ARHGAP9,0.23923613,0.0,-1.0
ARHGDIA,0.3830117,0.0,0.0
ARHGDIB,0.28024742,0.0,0.0
ARHGDIG,0.23992723,0.0,0.0
ARHGEF1,0.21243684,0.0,-1.0
ARHGEF10,0.23621759,0.0,1.0
ARHGEF10L,0.19542456,0.0,1.0
ARHGEF11,0.45380554,0.0,-1.0
ARHGEF12,0.3435079,0.0,1.0
ARHGEF15,0.22252807,0.0,0.0
ARHGEF16,0.19285785,0.0,0.0
ARHGEF17,0.18089692,0.0,0.0
ARHGEF18,0.17570935,0.0,-1.0
ARHGEF19,0.20973238,0.0,0.0
ARHGEF2,0.34610298,0.0,-1.0
ARHGEF25,0.1944948,0.0,-1.0
ARHGEF3,0.16279797,0.0,-1.0
ARHGEF35,0.050784048,0.0,0.0
ARHGEF39,0.10157852,0.0,0.0
ARHGEF4,0.25101215,0.0,-1.0
ARHGEF40,0.14125508,0.0,0.0
ARHGEF5,0.16120854,0.0,0.0
ARHGEF6,0.30352417,0.0,-1.0
ARHGEF7,0.33797774,0.0,0.0
ARHGEF9,0.12519684,0.0,0.0
ARID1A,0.4794317,0.0,1.0
ARID1B,0.33610836,0.0,1.0
ARID2,0.3904246,0.0,1.0
ARID3A,0.25595313,0.0,1.0
ARID4A,0.39965793,0.0,1.0
ARID4B,0.36199275,0.0,1.0
ARID5A,0.23177294,0.0,-1.0
ARID5B,0.3663951,0.0,1.0
ARIH1,0.20469762,0.0,-1.0
ARIH2,0.17656997,0.0,0.0
ARL1,0.13056585,0.0,0.0
ARL10,0.008548121,0.0,0.0
ARL11,0.119427025,0.0,-1.0
ARL14,0.1886419,0.0,0.0
ARL14EP,0.1324709,0.0,0.0
ARL15,0.1801979,0.0,0.0
ARL16,0.16219766,0.0,0.0
ARL2,0.11084133,0.0,0.0
ARL2BP,0.16526505,0.0,0.0
ARL3,0.15808462,0.0,0.0
ARL4A,0.12167431,0.0,0.0
ARL4C,0.117146775,0.0,0.0
ARL4D,0.1700576,0.0,0.0
ARL5B,0.13776769,0.0,0.0
ARL6,0.116908304,0.0,-1.0
ARL6IP1,0.111375965,0.0,0.0
ARL6IP4,0.15871686,0.0,0.0
ARL6IP5,0.1520948,0.0,0.0
ARL6IP6,0.11471518,0.0,0.0
ARL8A,0.12567768,0.0,0.0
ARL8B,0.07544045,0.0,0.0
ARMC1,0.1358993,0.0,0.0
ARMC5,0.13976136,0.0,0.0
ARMC6,0.1813318,0.0,0.0
ARMC7,0.11658889,0.0,0.0
ARMC8,0.14672235,0.0,0.0
ARMC9,0.10534366,0.0,0.0
ARMCX1,0.12854055,0.0,-1.0
ARMCX2,0.18078044,0.0,-1.0
ARMCX3,0.19895346,0.0,-1.0
ARMCX5,0.12133105,0.0,0.0
ARMH3,0.04201272,0.0,-1.0
ARMT1,0.15972598,0.0,0.0
ARNT,0.37047705,0.0,1.0
ARNT2,0.20594876,0.0,-1.0
ARNTL,0.26669577,0.0,-1.0
ARNTL2,0.18157458,0.0,0.0
ARPC1A,0.09395543,0.0,0.0
ARPC1B,0.14120623,0.0,-1.0
ARPC2,0.12795034,0.0,0.0
ARPC3,0.15239823,0.0,0.0
ARPC4,0.10635734,0.0,0.0
ARPC5,0.13131599,0.0,0.0
ARPC5L,0.06442205,0.0,0.0
ARPIN,0.10835485,0.0,0.0
ARPIN-AP3S2,0.061912976,0.0,0.0
ARPP19,0.110826455,0.0,0.0
ARR3,0.17506509,0.0,0.0
ARRB1,0.37928423,0.0,0.0
ARRB2,0.37833166,0.0,0.0
ARRDC1,0.15247387,0.0,0.0
ARRDC2,0.13709386,0.0,0.0
ARRDC3,0.2305507,0.0,0.0
ARRDC4,0.17067681,0.0,0.0
ARRDC5,0.060654067,0.0,-1.0
ARSA,0.1674836,0.0,-1.0
ARSF,0.02689828,0.0,0.0
ARSI,0.016979054,0.0,0.0
ARSJ,0.081248626,0.0,0.0
ARSL,0.13058195,0.0,-1.0
ART3,0.10725418,0.0,0.0
ART4,0.049526576,0.0,0.0
ARTN,4.6277955e-06,0.0,0.0
ARV1,0.03232953,0.0,0.0
ARVCF,0.16265868,0.0,0.0
AS3MT,0.06895922,0.0,0.0
ASAH1,0.16570309,0.0,-1.0
ASAH2B,0.12763552,0.0,0.0
ASAP1,0.38814142,0.0,-1.0
ASAP2,0.30777237,0.0,-1.0
ASAP3,0.10602657,0.0,0.0
ASB1,0.1702597,0.0,0.0
ASB10,0.18649274,0.0,0.0
ASB11,0.15331015,0.0,0.0
ASB12,0.10437491,0.0,0.0
ASB13,0.16262807,0.0,0.0
ASB15,0.18709812,0.0,-1.0
ASB16,0.33562645,0.0,0.0
ASB17,0.20928003,0.0,0.0
ASB18,0.2119568,0.0,0.0
ASB2,0.25000498,0.0,0.0
ASB4,0.22232816,0.0,0.0
ASB5,0.2094474,0.0,0.0
ASB6,0.19262393,0.0,0.0
ASB7,0.18937638,0.0,0.0
ASB8,0.24948317,0.0,0.0
ASB9,0.269397,0.0,-1.0
ASCC1,0.15005039,0.0,-1.0
ASCC2,0.29004118,0.0,-1.0
ASCC3,0.17485714,0.0,-1.0
ASCL1,0.124373615,0.0,-1.0
ASCL2,0.23965877,0.0,0.0
ASCL3,0.02516348,0.0,0.0
ASCL4,0.0942125,0.0,0.0
ASF1A,0.27707228,0.0,0.0
ASF1B,0.22119103,0.0,0.0
ASGR1,0.17276011,0.0,0.0
ASGR2,0.14283566,0.0,0.0
ASH1L,0.2768183,0.0,-1.0
ASH2L,0.54383224,1.0,-1.0
ASIC1,0.02188242,0.0,0.0
ASIC2,0.015413505,0.0,0.0
ASIC3,0.060285416,0.0,0.0
ASIC4,0.06316053,0.0,0.0
ASIP,0.123853356,0.0,0.0
ASL,0.16620387,0.0,-1.0
ASMTL,0.09610579,0.0,-1.0
ASNS,0.06403306,0.0,-1.0
ASNSD1,0.06467354,0.0,0.0
ASPA,0.11343963,0.0,-1.0
ASPH,0.18364353,0.0,0.0
ASPM,0.23568675,0.0,-1.0
ASPRV1,0.13976982,0.0,0.0
ASPSCR1,0.16232456,0.0,1.0
ASRGL1,0.18207324,0.0,0.0
ASS1,0.24261919,0.0,-1.0
ASTE1,0.11160258,0.0,0.0
ASTN1,0.08324485,0.0,-1.0
ASXL1,0.33117172,0.0,1.0
ASXL2,0.24221304,0.0,1.0
ASZ1,0.034450956,0.0,-1.0
ATAD1,0.16836311,0.0,0.0
ATAD2,0.3023749,0.0,-1.0
ATAD2B,0.17676161,0.0,0.0
ATAD3A,0.1550205,0.0,0.0
ATAD3B,0.18215941,0.0,-1.0
ATAD3C,0.0076867677,0.0,0.0
ATAD5,0.22493657,0.0,0.0
ATAT1,0.082120515,0.0,0.0
ATCAY,0.109738074,0.0,-1.0
ATE1,0.17364804,0.0,0.0
ATF1,0.3287155,0.0,1.0
ATF2,0.52442473,1.0,-1.0
ATF3,0.30627176,0.0,-1.0
ATF4,0.3734826,0.0,-1.0
ATF5,0.2752916,0.0,-1.0
ATF6,0.28447846,0.0,0.0
ATF6B,0.21770453,0.0,0.0
ATF7,0.12783091,0.0,0.0
ATF7IP,0.4245127,0.0,-1.0
ATF7IP2,0.18408574,0.0,0.0
ATG10,0.17951621,0.0,-1.0
ATG101,0.26670256,0.0,0.0
ATG12,0.19576412,0.0,-1.0
ATG13,0.22460906,0.0,-1.0
ATG14,0.18823822,0.0,-1.0
ATG16L1,0.23278126,0.0,-1.0
ATG16L2,0.18565282,0.0,0.0
ATG2A,0.14442952,0.0,-1.0
ATG2B,0.051066943,0.0,-1.0
ATG3,0.16018425,0.0,-1.0
ATG4A,0.1489273,0.0,0.0
ATG4B,0.19468999,0.0,-1.0
ATG4C,0.18883216,0.0,0.0
ATG4D,0.1654666,0.0,0.0
ATG5,0.27048993,0.0,-1.0
ATG7,0.2202444,0.0,-1.0
ATG9A,0.18866995,0.0,0.0
ATIC,0.25250342,0.0,1.0
ATL1,0.10620582,0.0,-1.0
ATL2,0.09292964,0.0,0.0
ATL3,0.12858613,0.0,0.0
ATM,0.6435881,1.0,1.0
ATMIN,0.18231626,0.0,-1.0
ATN1,0.44455224,0.0,-1.0
ATOH1,0.08777154,0.0,0.0
ATOH8,0.10816476,0.0,0.0
ATOX1,0.026618639,0.0,0.0
ATP10D,0.16313355,0.0,-1.0
ATP11A,0.063521095,0.0,0.0
ATP11B,0.12655717,0.0,0.0
ATP12A,0.082369775,0.0,0.0
ATP13A1,0.106609024,0.0,0.0
ATP13A2,0.02939714,0.0,-1.0
ATP13A3,0.09167764,0.0,0.0
ATP13A4,0.037893046,0.0,-1.0
ATP1A1,0.28057158,0.0,1.0
ATP1A2,0.22792765,0.0,-1.0
ATP1A3,0.21602987,0.0,-1.0
ATP1A4,0.15186264,0.0,0.0
ATP1B1,0.21603887,0.0,0.0
ATP1B2,0.0642655,0.0,0.0
ATP1B3,0.13936843,0.0,0.0
ATP23,0.10744774,0.0,0.0
ATP2A1,0.19190094,0.0,0.0
ATP2A2,0.20715667,0.0,-1.0
ATP2A3,0.23095201,0.0,0.0
ATP2B1,0.21392019,0.0,0.0
ATP2B2,0.2611246,0.0,0.0
ATP2B3,0.3091534,0.0,1.0
ATP2B4,0.24148184,0.0,-1.0
ATP2C1,0.11714675,0.0,-1.0
ATP2C2,0.05604205,0.0,-1.0
ATP4A,0.2870906,0.0,-1.0
ATP4B,0.14290479,0.0,0.0
ATP5F1A,0.2565756,0.0,0.0
ATP5F1B,0.23887795,0.0,-1.0
ATP5F1C,0.15563916,0.0,0.0
ATP5F1D,0.2186176,0.0,0.0
ATP5F1E,0.13216628,0.0,0.0
ATP5IF1,0.25995398,0.0,0.0
ATP5MC1,0.13211504,0.0,0.0
ATP5MC2,0.13717298,0.0,0.0
ATP5MC3,0.061945308,0.0,0.0
ATP5ME,0.19752361,0.0,0.0
ATP5MF,0.10599678,0.0,0.0
ATP5MF-PTCD1,0.050602287,0.0,0.0
ATP5MG,0.17390084,0.0,0.0
ATP5MJ,0.04201272,0.0,-1.0
ATP5MK,0.1273455,0.0,0.0
ATP5PB,0.17536663,0.0,0.0
ATP5PD,0.11343055,0.0,-1.0
ATP5PF,0.17733516,0.0,0.0
ATP5PO,0.14199208,0.0,0.0
ATP6AP1,0.28047216,0.0,-1.0
ATP6AP2,0.17409208,0.0,-1.0
ATP6V0A1,0.17960444,0.0,0.0
ATP6V0A2,0.136446,0.0,-1.0
ATP6V0A4,0.06513212,0.0,-1.0
ATP6V0B,0.21333264,0.0,-1.0
ATP6V0C,0.14136776,0.0,0.0
ATP6V0D1,0.15348653,0.0,0.0
ATP6V0D2,0.14007019,0.0,0.0
ATP6V1A,0.15660685,0.0,0.0
ATP6V1B1,0.14658199,0.0,-1.0
ATP6V1B2,0.26010734,0.0,1.0
ATP6V1C1,0.18241245,0.0,0.0
ATP6V1C2,0.1348897,0.0,0.0
ATP6V1D,0.16284597,0.0,0.0
ATP6V1E1,0.14406529,0.0,0.0
ATP6V1E2,0.073303096,0.0,0.0
ATP6V1F,0.04205064,0.0,0.0
ATP6V1G1,0.10891779,0.0,0.0
ATP6V1G2,0.040047422,0.0,-1.0
ATP6V1H,0.17352581,0.0,0.0
ATP7A,0.15085411,0.0,-1.0
ATP7B,0.12949787,0.0,-1.0
ATP8A1,0.061553966,0.0,0.0
ATP8A2,0.14982413,0.0,0.0
ATP8B1,0.098793074,0.0,-1.0
ATP8B2,0.11663054,0.0,-1.0
ATP8B4,0.11174567,0.0,0.0
ATP9A,0.12375923,0.0,0.0
ATP9B,0.03985756,0.0,0.0
ATPAF1,0.099548936,0.0,0.0
ATPAF2,0.19696555,0.0,0.0
ATR,0.57287276,1.0,1.0
ATRAID,0.1387349,0.0,0.0
ATRIP,0.18369831,0.0,0.0
ATRN,0.14289498,0.0,0.0
ATRNL1,0.16746892,0.0,0.0
ATRX,0.43173632,0.0,1.0
ATXN1,0.2716935,0.0,-1.0
ATXN10,0.23094246,0.0,-1.0
ATXN1L,0.18028356,0.0,0.0
ATXN2,0.2516783,0.0,1.0
ATXN2L,0.16819929,0.0,0.0
ATXN3,0.24657854,0.0,-1.0
ATXN3L,0.2029397,0.0,-1.0
ATXN7,0.45004898,0.0,1.0
ATXN7L1,0.17353873,0.0,0.0
ATXN7L2,0.23673871,0.0,0.0
ATXN7L3,0.3212407,0.0,0.0
ATXN7L3B,0.17498791,0.0,0.0
AUH,0.10339646,0.0,-1.0
AUNIP,0.07850166,0.0,0.0
AUP1,0.17809154,0.0,0.0
AURKA,0.6066364,1.0,1.0
AURKAIP1,0.10360791,0.0,0.0
AURKB,0.46984038,0.0,1.0
AURKC,0.203706,0.0,0.0
AVEN,0.18053223,0.0,-1.0
AVIL,0.08890096,0.0,0.0
AVL9,0.070994705,0.0,-1.0
AVP,0.064500175,0.0,-1.0
AVPI1,0.11051783,0.0,-1.0
AVPR1A,0.097395875,0.0,0.0
AVPR1B,0.10951337,0.0,0.0
AVPR2,0.22134316,0.0,-1.0
AXIN1,0.43486935,0.0,1.0
AXIN2,0.23581272,0.0,1.0
AXL,0.34026477,0.0,1.0
AZGP1,0.21723989,0.0,-1.0
AZI2,0.12292955,0.0,-1.0
AZIN1,0.10383993,0.0,-1.0
AZIN2,0.037523806,0.0,0.0
AZU1,0.12914959,0.0,0.0
B2M,0.28211507,0.0,1.0
B3GALNT1,0.07222948,0.0,0.0
B3GALNT2,0.06930016,0.0,0.0
B3GALT1,0.07667671,0.0,0.0
B3GALT2,0.038128894,0.0,0.0
B3GALT4,0.14142247,0.0,0.0
B3GALT6,0.006957767,0.0,-1.0
B3GAT1,0.1313133,0.0,0.0
B3GAT3,0.10667033,0.0,0.0
B3GLCT,0.04702972,0.0,-1.0
B3GNT2,0.027905477,0.0,-1.0
B3GNT4,0.11152409,0.0,0.0
B3GNT5,0.15041783,0.0,0.0
B3GNT9,0.09331145,0.0,0.0
B3GNTL1,0.112131335,0.0,0.0
B4GALNT1,0.07378376,0.0,0.0
B4GALNT2,0.16616528,0.0,0.0
B4GALT1,0.22191058,0.0,-1.0
B4GALT2,0.11380216,0.0,0.0
B4GALT3,0.187026,0.0,-1.0
B4GALT5,0.056615833,0.0,-1.0
B4GALT7,0.047295395,0.0,-1.0
B4GAT1,0.028288458,0.0,0.0
B9D1,0.1416538,0.0,0.0
B9D2,0.14925008,0.0,0.0
BAALC,0.17806402,0.0,-1.0
BAAT,0.26315427,0.0,0.0
BABAM1,0.0985949,0.0,-1.0
BABAM2,0.07901664,0.0,-1.0
BACE1,0.23107179,0.0,0.0
BACH1,0.36892822,0.0,-1.0
BACH2,0.34474194,0.0,1.0
BAD,0.3361889,0.0,-1.0
BAG1,0.37022662,0.0,-1.0
BAG2,0.3385826,0.0,0.0
BAG3,0.029952398,0.0,-1.0
BAG4,0.5764909,1.0,-1.0
BAG5,0.20002238,0.0,0.0
BAG6,0.20954287,0.0,0.0
BAHCC1,0.1781942,0.0,0.0
BAHD1,0.21087806,0.0,0.0
BAIAP2,0.34274253,0.0,0.0
BAIAP2L1,0.19993663,0.0,0.0
BAIAP2L2,0.024930533,0.0,0.0
BAIAP3,0.16979991,0.0,-1.0
BAK1,0.22128172,0.0,-1.0
BAMBI,0.23980804,0.0,0.0
BANF1,0.34946397,0.0,0.0
BANK1,0.25695205,0.0,-1.0
BANP,0.21708882,0.0,0.0
BAP1,0.43306947,0.0,1.0
BARD1,0.32166287,0.0,1.0
BARHL1,0.15901731,0.0,0.0
BARHL2,0.05107282,0.0,0.0
BARX1,0.23855422,0.0,0.0
BARX2,0.09336638,0.0,0.0
BASP1,0.15674205,0.0,0.0
BATF,0.3785053,0.0,-1.0
BATF2,0.27693582,0.0,-1.0
BATF3,0.4109061,0.0,-1.0
BAX,0.37714908,0.0,1.0
BAZ1A,0.25541106,0.0,1.0
BAZ1B,0.37053424,0.0,0.0
BAZ2A,0.3066986,0.0,-1.0
BAZ2B,0.2289717,0.0,-1.0
BBC3,0.27742267,0.0,1.0
BBIP1,0.091116846,0.0,0.0
BBLN,0.11888528,0.0,0.0
BBOF1,0.06432377,0.0,0.0
BBOX1,0.037905786,0.0,0.0
BBS1,0.17869341,0.0,-1.0
BBS10,0.23148727,0.0,-1.0
BBS12,0.17951407,0.0,-1.0
BBS2,0.18711063,0.0,-1.0
BBS4,0.15773796,0.0,-1.0
BBS5,0.119476065,0.0,-1.0
BBS7,0.17979701,0.0,-1.0
BBS9,0.12655099,0.0,-1.0
BBX,0.099985644,0.0,-1.0
BCAM,0.17912999,0.0,0.0
BCAN,0.12053097,0.0,0.0
BCAP29,0.11117144,0.0,0.0
BCAP31,0.17816286,0.0,0.0
BCAR1,0.4661175,0.0,-1.0
BCAR3,0.55497307,1.0,0.0
BCAS1,0.13222632,0.0,0.0
BCAS2,0.23686644,0.0,0.0
BCAS3,0.31835762,0.0,-1.0
BCAS4,0.07283306,0.0,-1.0
BCAT1,0.19622609,0.0,0.0
BCAT2,0.08295136,0.0,0.0
BCCIP,0.21409602,0.0,0.0
BCDIN3D,0.09435077,0.0,0.0
BCKDHA,0.05237695,0.0,-1.0
BCKDHB,0.046743613,0.0,-1.0
BCKDK,0.09683448,0.0,0.0
BCL10,0.43764058,0.0,1.0
BCL11A,0.38890505,0.0,1.0
BCL11B,0.37061563,0.0,1.0
BCL2,0.5018498,1.0,1.0
BCL2A1,0.30192837,0.0,-1.0
BCL2L1,0.45685533,0.0,-1.0
BCL2L10,0.21110086,0.0,-1.0
BCL2L11,0.21303523,0.0,1.0
BCL2L12,0.11839911,0.0,1.0
BCL2L13,0.03572241,0.0,0.0
BCL2L14,0.13083224,0.0,-1.0
BCL2L15,0.06126949,0.0,-1.0
BCL2L2,0.29205918,0.0,-1.0
BCL2L2-PABPN1,0.056554012,0.0,0.0
BCL3,0.4525295,0.0,1.0
BCL6,0.4099345,0.0,1.0
BCL6B,0.16933775,0.0,0.0
BCL7A,0.17017767,0.0,1.0
BCL7B,0.11245897,0.0,-1.0
BCL7C,0.2696171,0.0,0.0
BCL9,0.40560228,0.0,1.0
BCL9L,0.2580393,0.0,1.0
BCLAF1,0.23026767,0.0,1.0
BCOR,0.28882292,0.0,1.0
BCORL1,0.22821394,0.0,1.0
BCR,0.43543094,0.0,1.0
BCS1L,0.13657805,0.0,0.0
BDH1,0.056293,0.0,0.0
BDH2,0.057528764,0.0,0.0
BDKRB1,0.030499382,0.0,-1.0
BDKRB2,0.101802915,0.0,-1.0
BDNF,0.19211611,0.0,-1.0
BDP1,0.20090875,0.0,0.0
BECN1,0.30691788,0.0,-1.0
BECN2,0.142296,0.0,0.0
BEGAIN,0.17878275,0.0,0.0
BEND2,0.16633828,0.0,0.0
BEND3,0.24491018,0.0,0.0
BEND5,0.21594071,0.0,0.0
BEND7,0.11483494,0.0,0.0
BEST1,0.16390069,0.0,-1.0
BET1,0.16653171,0.0,0.0
BET1L,0.163288,0.0,0.0
BEX1,0.2639825,0.0,-1.0
BEX2,0.17959812,0.0,-1.0
BEX3,0.19594046,0.0,-1.0
BEX4,0.09116,0.0,0.0
BEX5,0.16740204,0.0,0.0
BFAR,0.14011475,0.0,0.0
BFSP1,0.054874353,0.0,0.0
BFSP2,0.047088053,0.0,-1.0
BGLAP,0.16244529,0.0,0.0
BGN,0.27606612,0.0,-1.0
BHLHA15,0.14085911,0.0,0.0
BHLHB9,0.06679923,0.0,0.0
BHLHE40,0.261255,0.0,0.0
BHLHE41,0.23707177,0.0,-1.0
BHMT,0.15454999,0.0,0.0
BICD1,0.24313122,0.0,0.0
BICD2,0.28302515,0.0,0.0
BICDL1,0.057510324,0.0,0.0
BICDL2,0.1049209,0.0,0.0
BICRA,0.25714025,0.0,-1.0
BICRAL,0.15979902,0.0,0.0
BID,0.37956822,0.0,-1.0
BIK,0.23599872,0.0,0.0
BIN1,0.45503548,0.0,-1.0
BIN2,0.15734646,0.0,0.0
BIN3,0.14754255,0.0,0.0
BIRC2,0.2806507,0.0,-1.0
BIRC3,0.28226104,0.0,1.0
BIRC5,0.09089871,0.0,-1.0
BIRC6,0.38563886,0.0,1.0
BIRC7,0.21084745,0.0,-1.0
BIRC8,0.14308749,0.0,-1.0
BIVM-ERCC5,0.1250887,0.0,0.0
BLCAP,0.12242578,0.0,-1.0
BLID,0.30159715,0.0,0.0
BLK,0.32392624,0.0,-1.0
BLM,0.46350092,0.0,1.0
BLMH,0.16130674,0.0,0.0
BLNK,0.34546897,0.0,-1.0
BLOC1S1,0.17334113,0.0,0.0
BLOC1S2,0.07848584,0.0,0.0
BLOC1S3,0.09792524,0.0,-1.0
BLOC1S4,0.1763618,0.0,0.0
BLOC1S5,0.12297708,0.0,0.0
BLOC1S6,0.18383107,0.0,-1.0
BLVRA,0.1674382,0.0,-1.0
BLVRB,0.15926126,0.0,0.0
BLZF1,0.28393415,0.0,0.0
BMERB1,0.15826496,0.0,0.0
BMF,0.21558453,0.0,-1.0
BMP1,0.22186433,0.0,0.0
BMP10,0.24148372,0.0,0.0
BMP15,0.090977974,0.0,-1.0
BMP2,0.10608317,0.0,-1.0
BMP2K,0.20880167,0.0,-1.0
BMP3,0.13087358,0.0,0.0
BMP4,0.13076907,0.0,-1.0
BMP5,0.10894616,0.0,1.0
BMP6,0.24767146,0.0,0.0
BMP7,0.19071239,0.0,-1.0
BMP8B,0.17322497,0.0,0.0
BMPER,0.16463698,0.0,0.0
BMPR1A,0.5694004,1.0,1.0
BMPR1B,0.2405997,0.0,0.0
BMPR2,0.23051779,0.0,-1.0
BMS1,0.17783682,0.0,0.0
BMX,0.38412026,0.0,0.0
BNC1,0.29016998,0.0,0.0
BNC2,0.16026609,0.0,-1.0
BNIP2,0.08717267,0.0,0.0
BNIP3,0.16890466,0.0,-1.0
BNIP3L,0.25997972,0.0,-1.0
BNIPL,0.17337088,0.0,0.0
BOC,0.3093794,0.0,-1.0
BOD1L1,0.15302613,0.0,0.0
BOK,0.12483294,0.0,-1.0
BOLA1,0.18025617,0.0,0.0
BOLA2,0.14018795,0.0,0.0
BOLA3,0.08846034,0.0,0.0
BOLL,0.09768173,0.0,0.0
BOP1,0.20466506,0.0,-1.0
BORA,0.22428778,0.0,-1.0
BORCS5,0.10308105,0.0,0.0
BORCS6,0.18570976,0.0,0.0
BORCS7,0.047551405,0.0,0.0
BORCS8,0.06128532,0.0,0.0
BORCS8-MEF2B,0.12497627,0.0,-1.0
BPGM,0.09702109,0.0,0.0
BPHL,0.077415,0.0,0.0
BPI,0.015737547,0.0,0.0
BPIFA1,0.109892234,0.0,0.0
BPIFA2,0.04339452,0.0,0.0
BPIFB3,0.07871447,0.0,0.0
BPNT1,0.12594166,0.0,0.0
BPNT2,0.05526924,0.0,0.0
BPTF,0.35073587,0.0,-1.0
BPY2,0.12755468,0.0,0.0
BRAF,0.56628513,1.0,1.0
BRAP,0.30186445,0.0,0.0
BRAT1,0.13388151,0.0,-1.0
BRCA1,0.6192826,1.0,1.0
BRCA2,0.5334603,1.0,1.0
BRCC3,0.11638815,0.0,-1.0
BRD1,0.3015812,0.0,0.0
BRD2,0.27601025,0.0,-1.0
BRD3,0.23318633,0.0,1.0
BRD4,0.3689524,0.0,1.0
BRD7,0.34986818,0.0,-1.0
BRD8,0.2644428,0.0,-1.0
BRD9,0.058966853,0.0,0.0
BRDT,0.11101851,0.0,-1.0
BRF1,0.18236022,0.0,0.0
BRF2,0.19895443,0.0,0.0
BRI3BP,0.1360371,0.0,0.0
BRICD5,0.050382055,0.0,0.0
BRINP1,0.24258107,0.0,0.0
BRINP2,0.058310393,0.0,0.0
BRINP3,0.082786664,0.0,-1.0
BRIP1,0.28579602,0.0,1.0
BRIX1,0.19532415,0.0,-1.0
BRK1,0.21086675,0.0,0.0
BRME1,0.19546497,0.0,0.0
BRMS1,0.49512643,0.0,-1.0
BRMS1L,0.24647678,0.0,0.0
BROX,0.10560476,0.0,0.0
BRPF1,0.076792166,0.0,-1.0
BRPF3,0.30902153,0.0,-1.0
BRSK1,0.18993965,0.0,-1.0
BRWD3,0.1763124,0.0,-1.0
BSCL2,0.08406844,0.0,-1.0
BSDC1,0.08773367,0.0,0.0
BSG,0.17932609,0.0,0.0
BSN,0.3280708,0.0,-1.0
BSND,0.07323151,0.0,-1.0
BSPRY,0.04312326,0.0,-1.0
BST1,0.077421285,0.0,0.0
BST2,0.14657287,0.0,0.0
BTAF1,0.24941154,0.0,0.0
BTBD1,0.20704427,0.0,0.0
BTBD10,0.24033308,0.0,0.0
BTBD16,0.14204055,0.0,0.0
BTBD2,0.30680087,0.0,0.0
BTBD3,0.17923735,0.0,0.0
BTBD6,0.10503952,0.0,0.0
BTBD8,0.106538124,0.0,0.0
BTC,0.19059226,0.0,-1.0
BTD,0.01390657,0.0,-1.0
BTF3,0.13172066,0.0,0.0
BTF3L4,0.06578717,0.0,0.0
BTG1,0.26605582,0.0,1.0
BTG2,0.15022922,0.0,-1.0
BTG3,0.21437879,0.0,0.0
BTG4,0.08037618,0.0,0.0
BTK,0.56157994,1.0,1.0
BTLA,0.18409769,0.0,-1.0
BTN1A1,0.2469424,0.0,0.0
BTN2A1,0.13639052,0.0,0.0
BTN2A2,0.08307772,0.0,0.0
BTN3A1,0.19907145,0.0,0.0
BTN3A2,0.14659944,0.0,-1.0
BTN3A3,0.08183495,0.0,0.0
BTNL2,0.02736959,0.0,-1.0
BTNL8,0.040078394,0.0,0.0
BTRC,0.30075184,0.0,-1.0
BUB1,0.66038936,1.0,-1.0
BUB1B,0.48116377,0.0,1.0
BUB3,0.29889223,0.0,0.0
BUD13,0.15578656,0.0,-1.0
BUD23,0.1748198,0.0,-1.0
BUD31,0.15065081,0.0,0.0
BVES,0.03145765,0.0,0.0
BYSL,0.19350596,0.0,-1.0
BZW1,0.20232317,0.0,0.0
BZW2,0.1768568,0.0,0.0
C10orf55,0.1248805,0.0,0.0
C10orf62,0.12499971,0.0,0.0
C10orf82,0.06041987,0.0,0.0
C10orf88,0.1502015,0.0,0.0
C10orf90,0.04201272,0.0,-1.0
C10orf95,1.1687133e-06,0.0,0.0
C11orf1,0.06863058,0.0,0.0
C11orf16,0.070386656,0.0,0.0
C11orf49,0.13828431,0.0,-1.0
C11orf52,0.079209074,0.0,0.0
C11orf54,0.1313262,0.0,0.0
C11orf58,0.17514339,0.0,0.0
C11orf65,0.12488677,0.0,0.0
C11orf68,0.16036908,0.0,0.0
C11orf71,0.040796008,0.0,0.0
C11orf80,0.04201272,0.0,0.0
C11orf87,0.16074046,0.0,0.0
C12orf29,0.09283431,0.0,0.0
C12orf4,0.08621536,0.0,0.0
C12orf40,0.19813403,0.0,0.0
C12orf43,0.04201272,0.0,0.0
C12orf50,0.09637758,0.0,0.0
C12orf57,0.22484691,0.0,0.0
C12orf60,0.08298646,0.0,0.0
C12orf73,0.04201272,0.0,0.0
C12orf75,0.0382424,0.0,0.0
C12orf76,0.13160254,0.0,0.0
C14orf119,0.022524424,0.0,0.0
C14orf178,0.05225579,0.0,0.0
C14orf93,0.08047188,0.0,0.0
C15orf39,0.08008815,0.0,0.0
C15orf40,0.04201272,0.0,0.0
C15orf48,0.101962,0.0,-1.0
C16orf54,0.04201272,0.0,0.0
C16orf72,0.09037787,0.0,0.0
C16orf74,0.09050991,0.0,0.0
C16orf78,0.13951401,0.0,0.0
C16orf87,0.1802455,0.0,0.0
C16orf89,0.23420554,0.0,0.0
C17orf49,0.067671955,0.0,0.0
C17orf67,0.17034173,0.0,0.0
C17orf75,0.14833713,0.0,0.0
C17orf97,0.10716623,0.0,0.0
C18orf21,0.04201272,0.0,0.0
C18orf25,0.14817762,0.0,0.0
C18orf32,0.054688185,0.0,0.0
C18orf54,0.111818895,0.0,0.0
C19orf12,0.05749294,0.0,0.0
C19orf25,0.1622012,0.0,0.0
C19orf33,0.05759459,0.0,0.0
C19orf44,0.09995635,0.0,0.0
C19orf47,0.12123605,0.0,0.0
C19orf53,0.04201272,0.0,-1.0
C19orf54,0.04201272,0.0,0.0
C19orf73,0.1022786,0.0,0.0
C1D,0.18135743,0.0,0.0
C1GALT1,0.04417711,0.0,0.0
C1GALT1C1,0.045721345,0.0,0.0
C1QA,0.10214659,0.0,0.0
C1QB,0.110121064,0.0,0.0
C1QBP,0.23209186,0.0,0.0
C1QC,0.13053478,0.0,0.0
C1QL1,0.043169715,0.0,0.0
C1QL3,0.12302685,0.0,0.0
C1QTNF1,0.16317958,0.0,-1.0
C1QTNF2,0.08977695,0.0,0.0
C1QTNF5,0.08062638,0.0,-1.0
C1QTNF6,0.10079935,0.0,0.0
C1QTNF7,0.02176839,0.0,0.0
C1QTNF9,0.25997132,0.0,0.0
C1R,0.20397606,0.0,0.0
C1RL,0.08446749,0.0,0.0
C1S,0.21060145,0.0,0.0
C1orf105,0.049657416,0.0,0.0
C1orf109,0.15616162,0.0,0.0
C1orf112,0.04201272,0.0,0.0
C1orf116,0.047984555,0.0,0.0
C1orf174,0.12225653,0.0,0.0
C1orf198,0.04201272,0.0,0.0
C1orf21,6.212552e-06,0.0,0.0
C1orf216,0.16469164,0.0,0.0
C1orf35,0.13777687,0.0,0.0
C1orf50,0.089387536,0.0,0.0
C1orf52,0.12491653,0.0,0.0
C1orf68,0.022389358,0.0,0.0
C1orf94,0.15574895,0.0,0.0
C2,0.17674054,0.0,0.0
C20orf141,0.06316053,0.0,0.0
C20orf27,0.10507422,0.0,0.0
C20orf96,0.117073715,0.0,0.0
C21orf58,0.10886876,0.0,0.0
C21orf91,0.09615839,0.0,0.0
C22orf23,0.075757556,0.0,0.0
C22orf39,0.1389476,0.0,0.0
C22orf46,0.12146949,0.0,0.0
C2CD3,0.19433352,0.0,-1.0
C2CD5,0.1795417,0.0,-1.0
C2CD6,0.13166775,0.0,-1.0
C2orf27A,0.13943438,0.0,0.0
C2orf42,0.083991386,0.0,0.0
C2orf49,0.11165001,0.0,0.0
C2orf50,0.034045383,0.0,0.0
C2orf69,0.06471473,0.0,0.0
C2orf73,0.18560742,0.0,0.0
C2orf76,0.04201272,0.0,0.0
C2orf88,0.10624317,0.0,0.0
C3,0.33663124,0.0,-1.0
C3AR1,0.13627498,0.0,-1.0
C3orf38,0.08017287,0.0,0.0
C3orf52,0.07191688,0.0,0.0
C3orf62,0.15195152,0.0,-1.0
C4A,0.23198092,0.0,-1.0
C4BPA,0.20305477,0.0,0.0
C4B_2,0.192459,0.0,-1.0
C4orf17,0.19351636,0.0,0.0
C4orf19,0.09200513,0.0,0.0
C4orf33,0.11567426,0.0,0.0
C4orf46,0.10400629,0.0,0.0
C4orf51,0.06510782,0.0,0.0
C4orf54,0.05338507,0.0,0.0
C5,0.18729402,0.0,0.0
C5AR1,0.14190485,0.0,0.0
C5AR2,0.08811597,0.0,0.0
C5orf15,0.02195734,0.0,0.0
C5orf22,0.084566206,0.0,0.0
C5orf24,0.11745202,0.0,0.0
C5orf34,0.04201272,0.0,0.0
C6,0.31924674,0.0,0.0
C6orf120,0.07076487,0.0,0.0
C6orf136,0.11635799,0.0,-1.0
C6orf15,0.11162203,0.0,-1.0
C6orf201,0.0424434,0.0,0.0
C6orf226,0.1090245,0.0,0.0
C6orf47,0.17124707,0.0,0.0
C6orf62,0.17232576,0.0,-1.0
C6orf89,0.05235072,0.0,0.0
C7,0.23096657,0.0,-1.0
C7orf25,0.12606704,0.0,0.0
C7orf26,0.14370579,0.0,0.0
C7orf31,0.034275167,0.0,-1.0
C7orf50,0.14786427,0.0,0.0
C8A,0.06883467,0.0,0.0
C8B,0.16866975,0.0,0.0
C8G,0.04904511,0.0,0.0
C8orf33,0.15852962,0.0,0.0
C8orf44-SGK3,0.16697459,0.0,-1.0
C8orf48,0.10339108,0.0,0.0
C8orf74,0.1581457,0.0,0.0
C8orf76,0.06985997,0.0,0.0
C9,0.15905009,0.0,0.0
C9orf116,0.06462979,0.0,0.0
C9orf163,0.101002514,0.0,0.0
C9orf24,0.051564004,0.0,0.0
C9orf40,0.057228968,0.0,0.0
C9orf50,0.03217916,0.0,0.0
C9orf64,0.056074057,0.0,0.0
C9orf72,0.16052847,0.0,-1.0
C9orf78,0.14399655,0.0,-1.0
CA1,0.121027,0.0,0.0
CA12,0.14908214,0.0,0.0
CA14,0.05505406,0.0,0.0
CA2,0.19843931,0.0,-1.0
CA3,0.07937316,0.0,0.0
CA4,0.08413141,0.0,-1.0
CA5A,0.04945662,0.0,0.0
CA6,0.07442463,0.0,0.0
CA8,0.17098087,0.0,0.0
CA9,0.26905653,0.0,0.0
CAAP1,0.09040918,0.0,0.0
CAB39,0.17569876,0.0,0.0
CAB39L,0.18833084,0.0,0.0
CABIN1,0.26520032,0.0,-1.0
CABLES1,0.37710902,0.0,-1.0
CABLES2,0.21119206,0.0,0.0
CABP1,0.22850068,0.0,0.0
CABP2,0.12252769,0.0,0.0
CABP4,0.39207777,0.0,0.0
CABP5,0.10377228,0.0,0.0
CACFD1,0.056622706,0.0,0.0
CACHD1,0.20813745,0.0,-1.0
CACNA1A,0.2703607,0.0,-1.0
CACNA1B,0.26504955,0.0,-1.0
CACNA1C,0.17205255,0.0,-1.0
CACNA1D,0.29065737,0.0,1.0
CACNA1F,0.4005727,0.0,-1.0
CACNA1G,0.24648583,0.0,0.0
CACNA1H,0.24259242,0.0,-1.0
CACNA1I,0.016594991,0.0,0.0
CACNA1S,0.24829984,0.0,-1.0
CACNA2D1,0.17956217,0.0,-1.0
CACNA2D2,0.12912199,0.0,0.0
CACNA2D3,0.20866744,0.0,-1.0
CACNB1,0.1675618,0.0,0.0
CACNB2,0.0641949,0.0,-1.0
CACNB3,0.21029462,0.0,0.0
CACNB4,0.19297442,0.0,-1.0
CACNG2,0.15737906,0.0,-1.0
CACNG3,0.17332476,0.0,0.0
CACTIN,0.072253436,0.0,0.0
CACUL1,0.09768446,0.0,0.0
CACYBP,0.26490754,0.0,-1.0
CAD,0.30605978,0.0,-1.0
CADM1,0.16333662,0.0,0.0
CADM4,0.17464812,0.0,-1.0
CADPS,0.27469993,0.0,0.0
CADPS2,0.17225611,0.0,-1.0
CAGE1,0.11844952,0.0,-1.0
CALB1,0.23034379,0.0,0.0
CALB2,0.12115127,0.0,-1.0
CALCA,0.14637761,0.0,-1.0
CALCOCO1,0.221614,0.0,-1.0
CALCOCO2,0.19606324,0.0,0.0
CALCR,0.16534615,0.0,-1.0
CALCRL,0.10583339,0.0,0.0
CALHM5,0.022447366,0.0,0.0
CALM1,0.50286293,1.0,-1.0
CALM3,0.09272197,0.0,-1.0
CALML3,0.22223964,0.0,-1.0
CALML5,0.26573217,0.0,-1.0
CALML6,0.028576287,0.0,-1.0
CALR,0.4577697,0.0,1.0
CALR3,0.06250162,0.0,-1.0
CALU,0.13069801,0.0,0.0
CALY,0.015881764,0.0,0.0
CAMK1,0.20836267,0.0,0.0
CAMK1D,0.22726826,0.0,0.0
CAMK1G,0.1885369,0.0,0.0
CAMK2A,0.36460868,0.0,-1.0
CAMK2B,0.15631396,0.0,-1.0
CAMK2D,0.23779507,0.0,-1.0
CAMK2G,0.3379744,0.0,-1.0
CAMK2N1,0.106387705,0.0,0.0
CAMK2N2,0.07807399,0.0,0.0
CAMK4,0.21711138,0.0,-1.0
CAMKK1,0.22933553,0.0,0.0
CAMKK2,0.22544658,0.0,-1.0
CAMKMT,0.20454581,0.0,0.0
CAMKV,0.17432383,0.0,0.0
CAMLG,0.1811388,0.0,0.0
CAMP,0.16051307,0.0,0.0
CAMSAP1,0.25518113,0.0,0.0
CAMSAP2,0.24577586,0.0,0.0
CAMSAP3,0.2356045,0.0,0.0
CAMTA2,0.29074213,0.0,0.0
CAND1,0.1601124,0.0,0.0
CAND2,0.011774746,0.0,0.0
CANT1,0.1425427,0.0,1.0
CANX,0.22829701,0.0,-1.0
CAP1,0.19911335,0.0,0.0
CAP2,0.19279128,0.0,-1.0
CAPG,0.11177976,0.0,-1.0
CAPN1,0.33907747,0.0,0.0
CAPN10,0.18357553,0.0,-1.0
CAPN11,0.21559207,0.0,0.0
CAPN15,0.04201272,0.0,0.0
CAPN2,0.23876567,0.0,0.0
CAPN3,0.43416756,0.0,-1.0
CAPN5,0.06828288,0.0,0.0
CAPN6,0.18041542,0.0,0.0
CAPN7,0.11780914,0.0,0.0
CAPNS1,0.25008255,0.0,0.0
CAPNS2,0.03195372,0.0,0.0
CAPRIN1,0.1707865,0.0,0.0
CAPRIN2,0.22341213,0.0,0.0
CAPZA1,0.26675797,0.0,0.0
CAPZA2,0.1661439,0.0,0.0
CAPZA3,0.11959051,0.0,0.0
CAPZB,0.19960405,0.0,0.0
CARD10,0.21094741,0.0,-1.0
CARD11,0.25838435,0.0,1.0
CARD14,0.25003314,0.0,-1.0
CARD16,0.035801675,0.0,0.0
CARD17,0.017416826,0.0,0.0
CARD18,0.022332931,0.0,0.0
CARD19,0.0852783,0.0,0.0
CARD6,0.10124812,0.0,-1.0
CARD8,0.06096942,0.0,-1.0
CARD9,0.23678625,0.0,-1.0
CARF,0.15519817,0.0,-1.0
CARHSP1,0.15509136,0.0,0.0
CARM1,0.42341733,0.0,-1.0
CARMIL2,0.15364856,0.0,0.0
CARNMT1,0.04201272,0.0,0.0
CARNS1,0.22508049,0.0,-1.0
CARS1,0.10398668,0.0,1.0
CARS2,0.10190045,0.0,0.0
CARTPT,0.040761992,0.0,-1.0
CASC3,0.28699285,0.0,-1.0
CASK,0.44532374,0.0,-1.0
CASKIN1,0.2767102,0.0,-1.0
CASKIN2,0.10957295,0.0,0.0
CASP1,0.26286796,0.0,-1.0
CASP10,0.20176099,0.0,-1.0
CASP12,0.14664754,0.0,0.0
CASP14,0.1979545,0.0,0.0
CASP2,0.25075027,0.0,0.0
CASP3,0.55198395,1.0,1.0
CASP4,0.25630215,0.0,0.0
CASP5,0.09307292,0.0,0.0
CASP6,0.23771212,0.0,0.0
CASP7,0.3132979,0.0,-1.0
CASP8,0.6146116,1.0,1.0
CASP8AP2,0.3143064,0.0,-1.0
CASP9,0.25639588,0.0,1.0
CASQ2,0.014735452,0.0,0.0
CASR,0.19051191,0.0,-1.0
CAST,0.41384557,0.0,-1.0
CASTOR1,0.029439878,0.0,0.0
CASTOR2,0.04201272,0.0,0.0
CASZ1,0.2927165,0.0,-1.0
CAT,0.24477072,0.0,-1.0
CATIP,0.08420315,0.0,-1.0
CATSPER1,0.08250711,0.0,-1.0
CATSPER2,0.010284689,0.0,-1.0
CATSPERD,0.05392546,0.0,0.0
CATSPERG,0.08523845,0.0,0.0
CAV1,0.45867258,0.0,-1.0
CAV2,0.1903685,0.0,-1.0
CAV3,0.14192756,0.0,-1.0
CAVIN1,0.20379223,0.0,-1.0
CAVIN2,0.22729537,0.0,0.0
CAVIN3,0.20035496,0.0,-1.0
CAVIN4,0.04201272,0.0,-1.0
CBARP,0.062553324,0.0,-1.0
CBFA2T2,0.2146131,0.0,0.0
CBFA2T3,0.28127378,0.0,1.0
CBFB,0.2832608,0.0,1.0
CBL,0.7039046,1.0,1.0
CBLB,0.5095523,1.0,1.0
CBLC,0.3166862,0.0,1.0
CBLIF,0.27257225,0.0,0.0
CBLL1,0.21481517,0.0,0.0
CBLL2,0.04201272,0.0,0.0
CBLN1,0.02081648,0.0,0.0
CBLN2,0.01677107,0.0,0.0
CBLN3,0.00828004,0.0,0.0
CBLN4,0.02691181,0.0,0.0
CBR1,0.17929159,0.0,0.0
CBR3,0.16764715,0.0,0.0
CBR4,0.066472925,0.0,0.0
CBS,0.19272508,0.0,-1.0
CBWD1,0.123793945,0.0,0.0
CBWD2,0.1535569,0.0,0.0
CBWD3,0.06877143,0.0,-1.0
CBWD6,0.030530527,0.0,0.0
CBX1,0.26744065,0.0,0.0
CBX2,0.2036878,0.0,-1.0
CBX3,0.33800772,0.0,0.0
CBX4,0.3883045,0.0,-1.0
CBX5,0.25821587,0.0,0.0
CBX6,0.33204836,0.0,-1.0
CBX7,0.30840832,0.0,-1.0
CBX8,0.24111867,0.0,0.0
CBY1,0.22444305,0.0,0.0
CBY2,0.21299388,0.0,0.0
CC2D1A,0.1559777,0.0,-1.0
CC2D1B,0.12782715,0.0,0.0
CCAR1,0.22418027,0.0,-1.0
CCAR2,0.34357542,0.0,-1.0
CCBE1,0.17495583,0.0,0.0
CCDC103,0.1715829,0.0,0.0
CCDC106,0.18428107,0.0,0.0
CCDC107,0.17285965,0.0,-1.0
CCDC110,0.013919694,0.0,0.0
CCDC112,0.089682415,0.0,0.0
CCDC113,0.14451957,0.0,0.0
CCDC115,0.18298261,0.0,0.0
CCDC116,0.12364382,0.0,0.0
CCDC117,0.157844,0.0,0.0
CCDC12,0.09390569,0.0,0.0
CCDC121,0.15561637,0.0,-1.0
CCDC124,0.10645058,0.0,-1.0
CCDC126,0.043349728,0.0,0.0
CCDC127,0.1187071,0.0,0.0
CCDC134,0.16687806,0.0,0.0
CCDC136,0.26214355,0.0,0.0
CCDC137,0.15222284,0.0,0.0
CCDC138,0.1390281,0.0,0.0
CCDC14,0.19177334,0.0,0.0
CCDC141,0.109475285,0.0,0.0
CCDC144A,0.104194395,0.0,0.0
CCDC146,0.20390365,0.0,0.0
CCDC148,0.1667748,0.0,0.0
CCDC149,0.12424484,0.0,0.0
CCDC15,0.09291361,0.0,0.0
CCDC150,0.20744032,0.0,0.0
CCDC153,0.14318448,0.0,0.0
CCDC157,0.1609595,0.0,0.0
CCDC158,0.20695393,0.0,0.0
CCDC159,0.11560628,0.0,0.0
CCDC160,0.08202733,0.0,0.0
CCDC167,0.04201272,0.0,0.0
CCDC168,0.1636523,0.0,-1.0
CCDC169-SOHLH2,0.028198836,0.0,0.0
CCDC17,0.19723791,0.0,0.0
CCDC170,0.1649791,0.0,0.0
CCDC172,0.16617407,0.0,0.0
CCDC174,0.052262835,0.0,0.0
CCDC18,0.1536618,0.0,0.0
CCDC181,0.060732782,0.0,0.0
CCDC183,0.1374003,0.0,0.0
CCDC184,0.18296364,0.0,0.0
CCDC185,0.10230416,0.0,0.0
CCDC186,0.1337932,0.0,0.0
CCDC190,0.04201272,0.0,0.0
CCDC191,0.037035987,0.0,0.0
CCDC198,0.12240436,0.0,0.0
CCDC22,0.10820075,0.0,0.0
CCDC24,0.18024507,0.0,0.0
CCDC25,0.16747496,0.0,0.0
CCDC27,0.02613894,0.0,0.0
CCDC28A,0.111966945,0.0,-1.0
CCDC28B,0.1296066,0.0,0.0
CCDC32,0.056912486,0.0,0.0
CCDC33,0.21990982,0.0,0.0
CCDC39,0.20301643,0.0,-1.0
CCDC40,0.38200507,0.0,-1.0
CCDC42,0.11002518,0.0,0.0
CCDC43,0.1569975,0.0,0.0
CCDC47,0.17280407,0.0,0.0
CCDC50,0.157701,0.0,0.0
CCDC51,0.07264331,0.0,0.0
CCDC57,0.2539832,0.0,0.0
CCDC59,0.22377062,0.0,0.0
CCDC6,0.2132417,0.0,1.0
CCDC60,0.15071347,0.0,0.0
CCDC68,0.10121017,0.0,0.0
CCDC69,0.101930805,0.0,0.0
CCDC7,0.17680955,0.0,0.0
CCDC70,0.09793764,0.0,0.0
CCDC71,0.1532972,0.0,0.0
CCDC71L,0.04201272,0.0,0.0
CCDC74A,0.15461838,0.0,0.0
CCDC74B,0.17908832,0.0,0.0
CCDC77,0.09121453,0.0,-1.0
CCDC8,0.5403401,1.0,0.0
CCDC80,0.15830229,0.0,0.0
CCDC82,0.08126647,0.0,0.0
CCDC85A,0.17119363,0.0,0.0
CCDC85B,0.1933776,0.0,0.0
CCDC85C,0.19285144,0.0,0.0
CCDC86,0.15380889,0.0,0.0
CCDC87,0.1704394,0.0,0.0
CCDC88A,0.24142663,0.0,-1.0
CCDC88B,0.20818846,0.0,0.0
CCDC88C,0.19125976,0.0,0.0
CCDC9,0.07876282,0.0,-1.0
CCDC90B,0.29217792,0.0,0.0
CCDC91,0.16800009,0.0,0.0
CCDC92,0.21506616,0.0,0.0
CCDC93,0.16019942,0.0,0.0
CCDC97,0.12644957,0.0,0.0
CCDC9B,0.05856423,0.0,0.0
CCER1,0.115527734,0.0,-1.0
CCHCR1,0.21328045,0.0,-1.0
CCIN,0.07529436,0.0,0.0
CCK,0.05498582,0.0,-1.0
CCKAR,0.11541172,0.0,0.0
CCKBR,0.24704492,0.0,-1.0
CCL1,0.12791486,0.0,0.0
CCL11,0.049552944,0.0,0.0
CCL13,0.03260041,0.0,0.0
CCL14,0.1379641,0.0,0.0
CCL15,0.11266134,0.0,0.0
CCL16,0.11715102,0.0,0.0
CCL17,0.099731565,0.0,0.0
CCL18,0.19992009,0.0,0.0
CCL19,0.051825766,0.0,0.0
CCL2,0.059002757,0.0,0.0
CCL20,0.04409297,0.0,0.0
CCL21,0.07956127,0.0,0.0
CCL22,0.11385611,0.0,0.0
CCL23,0.11024024,0.0,0.0
CCL24,0.03442446,0.0,0.0
CCL25,0.03770991,0.0,0.0
CCL26,0.058675777,0.0,-1.0
CCL27,0.03090905,0.0,0.0
CCL28,0.05470717,0.0,0.0
CCL3,0.111583345,0.0,-1.0
CCL3L1,0.058485474,0.0,0.0
CCL4,0.10112154,0.0,0.0
CCL4L2,0.20202841,0.0,0.0
CCL5,0.13861777,0.0,0.0
CCL7,0.037057444,0.0,-1.0
CCL8,0.038793188,0.0,0.0
CCM2,0.16573535,0.0,-1.0
CCM2L,0.03882571,0.0,0.0
CCN1,0.25325096,0.0,-1.0
CCN2,0.31095797,0.0,-1.0
CCN3,0.29576552,0.0,-1.0
CCN4,0.012830596,0.0,0.0
CCN5,0.18013342,0.0,-1.0
CCNA1,0.32652602,0.0,-1.0
CCNA2,0.508543,1.0,-1.0
CCNB1,0.44323272,0.0,-1.0
CCNB1IP1,0.1756254,0.0,1.0
CCNB2,0.26488063,0.0,-1.0
CCNC,0.21788149,0.0,1.0
CCND1,0.5942379,1.0,1.0
CCND2,0.33734557,0.0,1.0
CCND3,0.30197507,0.0,1.0
CCNDBP1,0.08651787,0.0,0.0
CCNE1,0.4674429,0.0,1.0
CCNE2,0.24230321,0.0,-1.0
CCNF,0.23897094,0.0,-1.0
CCNG1,0.15173542,0.0,-1.0
CCNG2,0.14359781,0.0,0.0
CCNH,0.26642993,0.0,-1.0
CCNI,0.15675613,0.0,-1.0
CCNJ,0.13004346,0.0,0.0
CCNJL,0.10605698,0.0,0.0
CCNK,0.20523421,0.0,0.0
CCNL1,0.14014105,0.0,-1.0
CCNO,0.24341859,0.0,0.0
CCNQ,0.33035186,0.0,1.0
CCNT1,0.3121768,0.0,-1.0
CCNT2,0.07584396,0.0,-1.0
CCNY,0.13121907,0.0,-1.0
CCP110,0.2299143,0.0,-1.0
CCPG1,0.09508132,0.0,0.0
CCR1,0.11809854,0.0,-1.0
CCR10,0.07732958,0.0,0.0
CCR2,0.0909065,0.0,-1.0
CCR3,0.07845091,0.0,0.0
CCR4,0.14713827,0.0,1.0
CCR5,0.23438586,0.0,-1.0
CCR6,0.00069838704,0.0,0.0
CCR7,0.116126195,0.0,1.0
CCR8,0.11989562,0.0,0.0
CCS,0.07152184,0.0,0.0
CCSER1,0.03224224,0.0,-1.0
CCSER2,0.21322148,0.0,0.0
CCT2,0.3750771,0.0,0.0
CCT3,0.35699943,0.0,0.0
CCT4,0.28270817,0.0,0.0
CCT5,0.30495426,0.0,-1.0
CCT6A,0.2988432,0.0,0.0
CCT6B,0.19216831,0.0,-1.0
CCT7,0.2817079,0.0,0.0
CCT8,0.31908435,0.0,0.0
CCZ1,0.17488366,0.0,0.0
CD101,0.24284106,0.0,0.0
CD14,0.2950646,0.0,-1.0
CD151,0.2052014,0.0,-1.0
CD160,0.19372803,0.0,0.0
CD163,0.2046158,0.0,0.0
CD164,0.15077472,0.0,0.0
CD177,0.0849068,0.0,0.0
CD180,0.047152944,0.0,0.0
CD19,0.34969088,0.0,-1.0
CD1A,0.2515581,0.0,-1.0
CD1B,0.21246037,0.0,-1.0
CD1D,0.29438233,0.0,-1.0
CD2,0.3887603,0.0,-1.0
CD200,0.056380227,0.0,-1.0
CD200R1,0.037804946,0.0,0.0
CD207,0.07504015,0.0,0.0
CD209,0.18705256,0.0,1.0
CD22,0.30328792,0.0,-1.0
CD226,0.20926577,0.0,0.0
CD24,0.2700289,0.0,-1.0
CD244,0.24809097,0.0,0.0
CD247,0.45152196,0.0,-1.0
CD248,0.11058387,0.0,-1.0
CD27,0.19411752,0.0,0.0
CD274,0.43668827,0.0,1.0
CD28,0.33634588,0.0,1.0
CD2AP,0.45277545,0.0,-1.0
CD2BP2,0.3115405,0.0,-1.0
CD300A,0.15316316,0.0,0.0
CD300C,0.13991886,0.0,0.0
CD300LD,0.12940131,0.0,0.0
CD300LF,0.14834525,0.0,0.0
CD300LG,0.02439522,0.0,0.0
CD302,0.107180536,0.0,0.0
CD320,0.18766339,0.0,0.0
CD33,0.15941522,0.0,0.0
CD36,0.28464293,0.0,-1.0
CD37,0.30648503,0.0,0.0
CD38,0.3032081,0.0,-1.0
CD3D,0.20138632,0.0,-1.0
CD3E,0.34248957,0.0,-1.0
CD3G,0.14288062,0.0,-1.0
CD4,0.36223114,0.0,-1.0
CD40,0.23727594,0.0,-1.0
CD40LG,0.1537793,0.0,-1.0
CD44,0.22849678,0.0,-1.0
CD46,0.27410963,0.0,-1.0
CD47,0.20510703,0.0,0.0
CD48,0.25076732,0.0,-1.0
CD5,0.32501096,0.0,0.0
CD52,0.20790908,0.0,-1.0
CD53,0.29531765,0.0,-1.0
CD55,0.24257995,0.0,-1.0
CD58,0.22100659,0.0,1.0
CD59,0.19057311,0.0,-1.0
CD5L,0.06779225,0.0,0.0
CD6,0.21021006,0.0,-1.0
CD63,0.118230216,0.0,-1.0
CD68,0.094458796,0.0,0.0
CD69,0.020880068,0.0,-1.0
CD7,0.13654605,0.0,0.0
CD70,0.124313585,0.0,-1.0
CD72,0.26476902,0.0,0.0
CD74,0.11317559,0.0,1.0
CD79A,0.14568627,0.0,1.0
CD79B,0.2026269,0.0,1.0
CD80,0.39258653,0.0,-1.0
CD81,0.30586615,0.0,-1.0
CD82,0.18919176,0.0,-1.0
CD83,0.093597576,0.0,-1.0
CD84,0.045240454,0.0,0.0
CD86,0.3332607,0.0,-1.0
CD8A,0.21467237,0.0,-1.0
CD9,0.25742263,0.0,-1.0
CD93,0.23716532,0.0,0.0
CD99,0.14803554,0.0,0.0
CD99L2,0.18773189,0.0,0.0
CDA,0.10456906,0.0,-1.0
CDAN1,0.24037154,0.0,-1.0
CDC123,0.16829054,0.0,0.0
CDC14A,0.24386238,0.0,0.0
CDC14B,0.25061873,0.0,0.0
CDC16,0.21475983,0.0,0.0
CDC20,0.3778297,0.0,-1.0
CDC20B,0.16195327,0.0,0.0
CDC23,0.16153026,0.0,-1.0
CDC25A,0.32271728,0.0,-1.0
CDC25B,0.36231646,0.0,-1.0
CDC25C,0.30006623,0.0,-1.0
CDC26,0.14092866,0.0,0.0
CDC27,0.40805042,0.0,-1.0
CDC34,0.25095424,0.0,-1.0
CDC37,0.34526914,0.0,-1.0
CDC37L1,0.2246228,0.0,-1.0
CDC40,0.17955391,0.0,0.0
CDC42,0.40011385,0.0,1.0
CDC42BPA,0.34271842,0.0,0.0
CDC42BPB,0.28762397,0.0,-1.0
CDC42BPG,0.21410114,0.0,-1.0
CDC42EP1,0.23647861,0.0,-1.0
CDC42EP2,0.1880682,0.0,0.0
CDC42EP3,0.19371456,0.0,0.0
CDC42EP4,0.1656135,0.0,0.0
CDC42EP5,0.029829752,0.0,0.0
CDC42SE1,0.189417,0.0,0.0
CDC42SE2,0.10380804,0.0,0.0
CDC45,0.23531097,0.0,-1.0
CDC5L,0.36074698,0.0,-1.0
CDC6,0.28442213,0.0,-1.0
CDC7,0.25720146,0.0,-1.0
CDC73,0.37293845,0.0,1.0
CDCA2,0.21475488,0.0,0.0
CDCA3,0.15780327,0.0,0.0
CDCA4,0.20931123,0.0,0.0
CDCA5,0.11730823,0.0,-1.0
CDCA7,0.15715337,0.0,0.0
CDCA7L,0.15601286,0.0,0.0
CDCA8,0.22069325,0.0,0.0
CDCP1,0.20358504,0.0,-1.0
CDH1,0.7066354,1.0,1.0
CDH10,0.32388702,0.0,1.0
CDH11,0.32467058,0.0,1.0
CDH12,0.25748914,0.0,-1.0
CDH13,0.26195487,0.0,-1.0
CDH15,0.34551868,0.0,-1.0
CDH16,0.20777799,0.0,0.0
CDH17,0.56034535,1.0,1.0
CDH18,0.24207339,0.0,-1.0
CDH19,0.030886179,0.0,-1.0
CDH2,0.43070593,0.0,-1.0
CDH22,0.06951492,0.0,0.0
CDH23,0.1931711,0.0,-1.0
CDH24,0.14584953,0.0,-1.0
CDH3,0.27863416,0.0,-1.0
CDH4,0.16821189,0.0,0.0
CDH5,0.42421457,0.0,0.0
CDH6,0.19698454,0.0,-1.0
CDH7,0.27897716,0.0,0.0
CDH8,0.0933735,0.0,-1.0
CDH9,0.4238941,0.0,-1.0
CDHR2,0.3279207,0.0,-1.0
CDHR5,0.3367765,0.0,0.0
CDIN1,0.074088246,0.0,0.0
CDIP1,0.08908026,0.0,0.0
CDIPT,0.1587275,0.0,0.0
CDK1,0.6406746,1.0,-1.0
CDK10,0.16759579,0.0,0.0
CDK11A,0.07254156,0.0,-1.0
CDK11B,0.09836837,0.0,-1.0
CDK12,0.18085474,0.0,1.0
CDK13,0.17502156,0.0,-1.0
CDK14,0.16107096,0.0,-1.0
CDK15,0.20975192,0.0,0.0
CDK16,0.2776898,0.0,-1.0
CDK17,0.28553018,0.0,0.0
CDK18,0.16566971,0.0,-1.0
CDK19,0.19511929,0.0,0.0
CDK2,0.5504201,1.0,-1.0
CDK20,0.07146008,0.0,-1.0
CDK2AP1,0.19913906,0.0,-1.0
CDK2AP2,0.14850862,0.0,0.0
CDK3,0.35001403,0.0,0.0
CDK4,0.5359959,1.0,1.0
CDK5,0.41486675,0.0,-1.0
CDK5R1,0.35237163,0.0,-1.0
CDK5R2,0.23635823,0.0,0.0
CDK5RAP1,0.10776987,0.0,0.0
CDK5RAP2,0.2294089,0.0,0.0
CDK5RAP3,0.17783077,0.0,0.0
CDK6,0.5084563,1.0,1.0
CDK7,0.25720713,0.0,-1.0
CDK8,0.4433174,0.0,1.0
CDK9,0.4738649,0.0,-1.0
CDKAL1,0.14301713,0.0,-1.0
CDKL1,0.12161557,0.0,0.0
CDKL2,0.23740344,0.0,-1.0
CDKL3,0.18565446,0.0,0.0
CDKL5,0.20257965,0.0,-1.0
CDKN1A,0.5778891,1.0,1.0
CDKN1B,0.49453133,0.0,1.0
CDKN1C,0.3034871,0.0,-1.0
CDKN2A,0.61475307,1.0,1.0
CDKN2AIP,0.22917575,0.0,-1.0
CDKN2AIPNL,0.05654764,0.0,0.0
CDKN2B,0.21658488,0.0,1.0
CDKN2C,0.27635983,0.0,1.0
CDKN2D,0.15758175,0.0,-1.0
CDKN3,0.19269629,0.0,-1.0
CDO1,0.13021883,0.0,0.0
CDON,0.14357367,0.0,-1.0
CDPF1,0.048829652,0.0,0.0
CDR1,0.030783795,0.0,0.0
CDR2,0.20483825,0.0,0.0
CDRT4,0.035760432,0.0,0.0
CDS1,0.075879544,0.0,0.0
CDS2,0.10075658,0.0,0.0
CDSN,0.16410786,0.0,-1.0
CDT1,0.38416502,0.0,-1.0
CDV3,0.1269527,0.0,0.0
CDX1,0.15831888,0.0,0.0
CDX2,0.3111615,0.0,1.0
CDX4,0.2667356,0.0,-1.0
CDY1B,0.08908666,0.0,0.0
CDY2A,0.054869246,0.0,0.0
CDYL,0.08994396,0.0,-1.0
CDYL2,0.19462027,0.0,0.0
CEACAM1,0.042164378,0.0,-1.0
CEACAM3,0.10167598,0.0,0.0
CEACAM5,0.10361905,0.0,-1.0
CEACAM6,0.036173068,0.0,0.0
CEACAM7,0.03825307,0.0,-1.0
CEACAM8,0.07588508,0.0,0.0
CEBPA,0.45953295,0.0,1.0
CEBPB,0.5260356,1.0,-1.0
CEBPD,0.3908024,0.0,0.0
CEBPE,0.33034065,0.0,-1.0
CEBPG,0.37141672,0.0,0.0
CEBPZ,0.25172868,0.0,-1.0
CECR2,0.25369868,0.0,0.0
CEL,0.04033269,0.0,-1.0
CELA1,0.112930976,0.0,-1.0
CELA2B,0.02008323,0.0,0.0
CELA3A,0.023449996,0.0,0.0
CELF1,0.18858978,0.0,-1.0
CELF2,0.20662478,0.0,-1.0
CELF3,0.23308963,0.0,0.0
CELF5,0.04201272,0.0,0.0
CELSR1,0.1887512,0.0,0.0
CELSR2,0.29844463,0.0,0.0
CELSR3,0.39521343,0.0,0.0
CEMIP,0.1791798,0.0,-1.0
CEMP1,0.054073337,0.0,0.0
CEND1,0.12441586,0.0,0.0
CENPA,0.43148643,0.0,-1.0
CENPB,0.2810204,0.0,0.0
CENPBD1P,0.065867595,0.0,0.0
CENPC,0.25882936,0.0,-1.0
CENPE,0.25877613,0.0,0.0
CENPF,0.31314763,0.0,-1.0
CENPH,0.17049599,0.0,0.0
CENPI,0.20881118,0.0,0.0
CENPJ,0.30027896,0.0,-1.0
CENPK,0.19702747,0.0,0.0
CENPL,0.17102301,0.0,0.0
CENPN,0.22137503,0.0,0.0
CENPO,0.19920623,0.0,0.0
CENPP,0.20850556,0.0,0.0
CENPQ,0.19325344,0.0,0.0
CENPS-CORT,0.28872085,0.0,0.0
CENPT,0.14130093,0.0,0.0
CENPU,0.3030009,0.0,0.0
CENPV,0.27304164,0.0,0.0
CENPW,0.09956069,0.0,-1.0
CENPX,0.12340711,0.0,0.0
CEP104,0.094356515,0.0,0.0
CEP120,0.08265632,0.0,0.0
CEP126,0.27525395,0.0,0.0
CEP128,0.04580662,0.0,0.0
CEP131,0.17535898,0.0,0.0
CEP135,0.23557837,0.0,0.0
CEP152,0.22296643,0.0,-1.0
CEP162,0.18456176,0.0,0.0
CEP164,0.30118385,0.0,0.0
CEP170,0.29812533,0.0,-1.0
CEP170B,0.17074804,0.0,0.0
CEP19,0.12925519,0.0,-1.0
CEP192,0.21237864,0.0,-1.0
CEP20,0.055523403,0.0,0.0
CEP250,0.36339396,0.0,0.0
CEP290,0.21573184,0.0,-1.0
CEP295,0.13907416,0.0,0.0
CEP350,0.30300125,0.0,0.0
CEP41,0.06364302,0.0,0.0
CEP43,0.26702562,0.0,1.0
CEP44,0.21593098,0.0,0.0
CEP55,0.2784015,0.0,0.0
CEP57,0.24201795,0.0,-1.0
CEP57L1,0.16343562,0.0,0.0
CEP63,0.19639036,0.0,0.0
CEP68,0.13750765,0.0,0.0
CEP70,0.17592032,0.0,0.0
CEP72,0.31317252,0.0,-1.0
CEP76,0.14578305,0.0,-1.0
CEP78,0.19945389,0.0,0.0
CEP83,0.06354923,0.0,-1.0
CEP85,0.16410549,0.0,0.0
CEP89,0.06949935,0.0,-1.0
CEP95,0.11550926,0.0,0.0
CEP97,0.22537173,0.0,0.0
CEPT1,0.12927914,0.0,0.0
CERCAM,0.08113618,0.0,0.0
CERK,0.10729243,0.0,-1.0
CERS1,0.05561784,0.0,0.0
CERS2,0.035043743,0.0,0.0
CERS5,0.11992555,0.0,0.0
CERS6,0.08142958,0.0,0.0
CERT1,0.092600375,0.0,0.0
CES1,0.03796245,0.0,0.0
CES3,0.06850102,0.0,0.0
CETN1,0.06500644,0.0,0.0
CETN2,0.13003674,0.0,0.0
CETN3,0.10282242,0.0,-1.0
CETP,0.27148652,0.0,-1.0
CFAP100,0.16586934,0.0,0.0
CFAP141,0.13345395,0.0,0.0
CFAP20,0.1095543,0.0,-1.0
CFAP206,0.19194128,0.0,0.0
CFAP251,0.13324632,0.0,0.0
CFAP298,0.12180772,0.0,0.0
CFAP36,0.13552554,0.0,0.0
CFAP410,0.05046583,0.0,0.0
CFAP43,0.10509039,0.0,0.0
CFAP45,0.06573537,0.0,-1.0
CFAP52,0.1482388,0.0,0.0
CFAP53,0.13295463,0.0,0.0
CFAP58,0.23150031,0.0,0.0
CFAP77,0.0589565,0.0,0.0
CFAP91,0.20629278,0.0,0.0
CFAP97,0.09513729,0.0,0.0
CFB,0.18635319,0.0,-1.0
CFD,0.114550434,0.0,-1.0
CFDP1,0.1745343,0.0,0.0
CFH,0.22683662,0.0,-1.0
CFHR1,0.21055721,0.0,0.0
CFHR3,0.05378912,0.0,0.0
CFHR4,0.19740543,0.0,0.0
CFHR5,0.1293296,0.0,-1.0
CFI,0.16510901,0.0,-1.0
CFL1,0.26244807,0.0,0.0
CFL2,0.17896023,0.0,-1.0
CFLAR,0.34780207,0.0,-1.0
CFP,0.20746666,0.0,-1.0
CFTR,0.3263499,0.0,-1.0
CGA,0.0057169064,0.0,0.0
CGAS,0.04201272,0.0,0.0
CGGBP1,0.13986857,0.0,0.0
CGN,0.27906707,0.0,0.0
CGNL1,0.25284156,0.0,-1.0
CGRRF1,0.082848646,0.0,0.0
CHAC1,0.150618,0.0,0.0
CHAC2,0.10732509,0.0,0.0
CHAF1A,0.44869223,0.0,0.0
CHAF1B,0.33768278,0.0,-1.0
CHAMP1,0.22034283,0.0,0.0
CHAT,0.25397563,0.0,-1.0
CHCHD1,0.102684885,0.0,0.0
CHCHD2,0.14447984,0.0,0.0
CHCHD3,0.1770365,0.0,0.0
CHCHD4,0.11615571,0.0,0.0
CHCHD6,0.08313199,0.0,0.0
CHD1,0.2925894,0.0,-1.0
CHD1L,0.2967461,0.0,0.0
CHD2,0.22456215,0.0,1.0
CHD3,0.5412497,1.0,-1.0
CHD4,0.5356866,1.0,1.0
CHD5,0.238273,0.0,-1.0
CHD6,0.28154853,0.0,-1.0
CHD7,0.54684955,1.0,-1.0
CHD8,0.3964757,0.0,-1.0
CHD9,0.23946619,0.0,-1.0
CHDH,0.06329545,0.0,-1.0
CHEK1,0.48845738,0.0,1.0
CHEK2,0.54690915,1.0,1.0
CHERP,0.11016399,0.0,0.0
CHFR,0.1979125,0.0,-1.0
CHGA,0.20276381,0.0,-1.0
CHGB,0.31298107,0.0,0.0
CHIC1,0.101507284,0.0,0.0
CHIC2,0.1220894,0.0,-1.0
CHID1,0.10946613,0.0,0.0
CHKA,0.09645635,0.0,-1.0
CHKB,0.023312397,0.0,-1.0
CHL1,0.052117504,0.0,-1.0
CHM,0.17654236,0.0,-1.0
CHML,0.16580637,0.0,0.0
CHMP1A,0.10649899,0.0,0.0
CHMP1B,0.15659684,0.0,0.0
CHMP2A,0.21929842,0.0,0.0
CHMP2B,0.1758311,0.0,-1.0
CHMP4A,0.14164323,0.0,0.0
CHMP4B,0.14578368,0.0,0.0
CHMP4C,0.12848462,0.0,0.0
CHMP5,0.12275091,0.0,0.0
CHMP6,0.06611132,0.0,0.0
CHMP7,0.1489413,0.0,0.0
CHN1,0.17602517,0.0,-1.0
CHN2,0.22577646,0.0,0.0
CHORDC1,0.2065353,0.0,0.0
CHP1,0.12828329,0.0,0.0
CHP2,0.16351883,0.0,0.0
CHPF,0.17966002,0.0,0.0
CHPF2,0.109143764,0.0,-1.0
CHPT1,0.052384514,0.0,-1.0
CHRAC1,0.12359548,0.0,0.0
CHRD,0.21646832,0.0,0.0
CHRDL1,0.043255433,0.0,0.0
CHRDL2,0.039315235,0.0,0.0
CHRM1,0.17645653,0.0,0.0
CHRM2,0.13133338,0.0,0.0
CHRM3,0.21094206,0.0,0.0
CHRM4,0.20010798,0.0,0.0
CHRM5,0.09892824,0.0,-1.0
CHRNA1,0.16553502,0.0,-1.0
CHRNA2,0.07823708,0.0,-1.0
CHRNA3,0.1828039,0.0,0.0
CHRNA4,0.1581566,0.0,-1.0
CHRNA5,0.1902949,0.0,0.0
CHRNA7,0.21485382,0.0,0.0
CHRNA9,0.09022875,0.0,0.0
CHRNB1,0.081027426,0.0,-1.0
CHRNB2,0.06557036,0.0,-1.0
CHRNB4,0.10002382,0.0,-1.0
CHRND,0.17338507,0.0,-1.0
CHRNE,0.09504315,0.0,-1.0
CHRNG,0.104930304,0.0,0.0
CHST1,0.19534804,0.0,-1.0
CHST10,0.07523899,0.0,-1.0
CHST12,0.08790976,0.0,0.0
CHST14,0.0535843,0.0,-1.0
CHST15,0.1272149,0.0,0.0
CHST3,0.13705052,0.0,-1.0
CHST4,0.015854422,0.0,0.0
CHST7,0.050030295,0.0,0.0
CHST9,0.24768284,0.0,0.0
CHTF18,0.15625086,0.0,-1.0
CHTF8,0.14418055,0.0,-1.0
CHTOP,0.15477262,0.0,0.0
CHUK,0.57148725,1.0,-1.0
CIAO1,0.15721314,0.0,0.0
CIAO2A,0.08325165,0.0,-1.0
CIAO2B,0.109301455,0.0,0.0
CIAO3,0.108784236,0.0,0.0
CIAPIN1,0.1546608,0.0,0.0
CIART,0.11829815,0.0,0.0
CIB1,0.25692952,0.0,0.0
CIB2,0.05803263,0.0,0.0
CIB3,0.13168938,0.0,0.0
CIBAR1,0.12392523,0.0,0.0
CIC,0.30838636,0.0,1.0
CIDEA,0.12676477,0.0,0.0
CIDEB,0.13599178,0.0,0.0
CIITA,0.31155762,0.0,1.0
CILK1,0.23173514,0.0,-1.0
CILP,0.17251593,0.0,-1.0
CILP2,0.19834772,0.0,-1.0
CINP,0.1749499,0.0,0.0
CIP2A,0.1776532,0.0,-1.0
CIPC,0.14896718,0.0,-1.0
CIR1,0.11780118,0.0,0.0
CIRBP,0.22831705,0.0,-1.0
CISD1,0.14195526,0.0,0.0
CISD2,0.12420752,0.0,-1.0
CISD3,0.061940078,0.0,0.0
CISH,0.32046926,0.0,0.0
CIT,0.26145104,0.0,0.0
CITED1,0.22687292,0.0,0.0
CITED2,0.2877305,0.0,-1.0
CITED4,0.17932393,0.0,-1.0
CIZ1,0.19752061,0.0,-1.0
CKAP2,0.2084997,0.0,0.0
CKAP2L,0.14384936,0.0,0.0
CKAP4,0.17410888,0.0,0.0
CKAP5,0.4050744,0.0,0.0
CKB,0.26209667,0.0,0.0
CKLF-CMTM1,0.070760906,0.0,0.0
CKM,0.23902854,0.0,0.0
CKMT1B,0.2022753,0.0,0.0
CKMT2,0.14304152,0.0,0.0
CKS1B,0.25981334,0.0,-1.0
CKS2,0.24333678,0.0,-1.0
CLASP1,0.3062443,0.0,-1.0
CLASP2,0.3105075,0.0,-1.0
CLASRP,0.16705568,0.0,0.0
CLCA1,0.14462525,0.0,0.0
CLCA2,0.16061309,0.0,0.0
CLCC1,0.10537108,0.0,0.0
CLCF1,0.04329157,0.0,0.0
CLCN1,0.06058178,0.0,-1.0
CLCN2,0.20237675,0.0,-1.0
CLCN3,0.1998629,0.0,0.0
CLCN5,0.18298987,0.0,-1.0
CLCN6,0.20693053,0.0,0.0
CLCN7,0.087788574,0.0,-1.0
CLDN1,0.23455362,0.0,-1.0
CLDN11,0.17394796,0.0,-1.0
CLDN12,0.12416906,0.0,-1.0
CLDN15,0.084473684,0.0,-1.0
CLDN16,0.007109712,0.0,-1.0
CLDN17,0.022484364,0.0,-1.0
CLDN19,0.013082624,0.0,-1.0
CLDN2,0.14681877,0.0,-1.0
CLDN3,0.25261733,0.0,-1.0
CLDN4,0.18509851,0.0,-1.0
CLDN5,0.26855022,0.0,-1.0
CLDN6,0.12899116,0.0,-1.0
CLDN7,0.11902756,0.0,-1.0
CLDN8,0.08327783,0.0,-1.0
CLEC16A,0.1331624,0.0,0.0
CLEC18A,0.11447686,0.0,0.0
CLEC18C,0.03848431,0.0,0.0
CLEC1B,0.023005515,0.0,-1.0
CLEC2A,1.1568436e-06,0.0,0.0
CLEC3B,0.2523137,0.0,0.0
CLEC4C,0.09968918,0.0,0.0
CLEC4F,0.06404139,0.0,0.0
CLEC4G,0.17970255,0.0,-1.0
CLEC4M,0.09128239,0.0,0.0
CLEC7A,0.052154772,0.0,-1.0
CLGN,0.09234794,0.0,0.0
CLHC1,0.10752711,0.0,0.0
CLIC1,0.15435688,0.0,-1.0
CLIC2,0.12861156,0.0,0.0
CLIC3,0.1169293,0.0,0.0
CLIC4,0.14639953,0.0,-1.0
CLIC5,0.1978067,0.0,-1.0
CLINT1,0.22311528,0.0,0.0
CLIP1,0.29767424,0.0,1.0
CLIP2,0.18721035,0.0,-1.0
CLIP3,0.19309378,0.0,0.0
CLIP4,0.22760877,0.0,0.0
CLK1,0.17672189,0.0,0.0
CLK2,0.117928095,0.0,0.0
CLK3,0.2115645,0.0,-1.0
CLK4,0.11352454,0.0,-1.0
CLMN,0.05949289,0.0,0.0
CLMP,0.063110486,0.0,0.0
CLN3,0.15272164,0.0,-1.0
CLN5,0.08106181,0.0,-1.0
CLN6,0.13256755,0.0,-1.0
CLN8,0.13789968,0.0,-1.0
CLNK,0.11941962,0.0,0.0
CLNS1A,0.20595478,0.0,0.0
CLOCK,0.24509867,0.0,0.0
CLP1,0.0929444,0.0,-1.0
CLPB,0.18316011,0.0,0.0
CLPP,0.1284183,0.0,0.0
CLPS,0.06330279,0.0,0.0
CLPTM1,0.09919047,0.0,0.0
CLPTM1L,0.07961316,0.0,0.0
CLPX,0.13156655,0.0,0.0
CLRN3,0.040717326,0.0,0.0
CLSPN,0.3801597,0.0,-1.0
CLSTN1,0.2279245,0.0,0.0
CLTA,0.23327333,0.0,0.0
CLTB,0.1736652,0.0,0.0
CLTC,0.50298935,1.0,1.0
CLTCL1,0.15512781,0.0,1.0
CLTRN,0.05191516,0.0,0.0
CLU,0.30885163,0.0,-1.0
CLUAP1,0.15700477,0.0,-1.0
CLUH,0.23774439,0.0,0.0
CLVS1,0.03719978,0.0,0.0
CLYBL,0.108577594,0.0,0.0
CMA1,0.06813293,0.0,0.0
CMAS,0.14864437,0.0,0.0
CMBL,0.23203632,0.0,0.0
CMC2,0.04201272,0.0,0.0
CMC4,0.14357737,0.0,-1.0
CMIP,0.19419377,0.0,0.0
CMKLR2,0.07537576,0.0,0.0
CMPK1,0.15868913,0.0,0.0
CMPK2,0.09059461,0.0,0.0
CMSS1,0.16030097,0.0,0.0
CMTM1,0.04476324,0.0,0.0
CMTM2,0.07444095,0.0,0.0
CMTM3,0.11090601,0.0,0.0
CMTM4,0.14933759,0.0,0.0
CMTM5,0.12708259,0.0,0.0
CMTM6,0.107639566,0.0,0.0
CMTM8,0.013463866,0.0,0.0
CMTR1,0.097785555,0.0,-1.0
CMTR2,0.053608567,0.0,1.0
CMYA5,0.3247499,0.0,0.0
CNBP,0.1935354,0.0,1.0
CNDP1,0.017736608,0.0,0.0
CNDP2,0.14940734,0.0,-1.0
CNEP1R1,0.007634988,0.0,0.0
CNGA1,0.26152962,0.0,-1.0
CNGA2,0.19610764,0.0,0.0
CNGB1,0.16784406,0.0,-1.0
CNIH4,0.14529835,0.0,0.0
CNKSR1,0.28625178,0.0,-1.0
CNKSR2,0.26094875,0.0,0.0
CNKSR3,0.1412476,0.0,0.0
CNN1,0.2333775,0.0,0.0
CNN3,0.14441542,0.0,0.0
CNNM2,0.12056733,0.0,0.0
CNNM3,0.11705083,0.0,0.0
CNNM4,0.119639374,0.0,-1.0
CNOT1,0.30099982,0.0,-1.0
CNOT10,0.16419418,0.0,0.0
CNOT11,0.10736036,0.0,0.0
CNOT2,0.24820966,0.0,0.0
CNOT3,0.25864467,0.0,1.0
CNOT4,0.15430433,0.0,0.0
CNOT6,0.17990106,0.0,0.0
CNOT6L,0.22410375,0.0,0.0
CNOT7,0.16739146,0.0,0.0
CNOT8,0.172406,0.0,0.0
CNOT9,0.19509864,0.0,-1.0
CNP,0.19373004,0.0,0.0
CNPPD1,0.04201272,0.0,0.0
CNPY2,0.14829129,0.0,0.0
CNPY3,0.06713839,0.0,0.0
CNPY4,0.062969446,0.0,0.0
CNR1,0.17685054,0.0,0.0
CNR2,0.2783768,0.0,-1.0
CNRIP1,0.023282928,0.0,0.0
CNST,0.19007221,0.0,0.0
CNTD1,0.076198466,0.0,0.0
CNTF,0.20259082,0.0,0.0
CNTFR,0.16272782,0.0,0.0
CNTN1,0.22212699,0.0,-1.0
CNTN2,0.3306172,0.0,0.0
CNTN3,0.31231648,0.0,0.0
CNTN4,0.0046607913,0.0,-1.0
CNTN5,0.049457643,0.0,0.0
CNTNAP1,0.34165558,0.0,-1.0
CNTNAP2,0.30573937,0.0,-1.0
CNTNAP3,0.12214797,0.0,-1.0
CNTNAP3B,0.021128805,0.0,0.0
CNTNAP4,0.32582945,0.0,0.0
CNTRL,0.15182571,0.0,1.0
CNTROB,0.16208392,0.0,0.0
COA1,0.12789176,0.0,-1.0
COA3,0.06059301,0.0,0.0
COA4,0.044821672,0.0,0.0
COA5,0.061645918,0.0,-1.0
COA7,0.13730216,0.0,0.0
COA8,0.047475692,0.0,0.0
COASY,0.16777155,0.0,0.0
COBL,0.23106043,0.0,0.0
COBLL1,0.2342681,0.0,0.0
COCH,0.15519771,0.0,0.0
COG1,0.09096658,0.0,-1.0
COG2,0.07574542,0.0,0.0
COG3,0.1640526,0.0,0.0
COG4,0.11014477,0.0,-1.0
COG5,0.23260732,0.0,-1.0
COG6,0.091962114,0.0,-1.0
COG7,0.14370103,0.0,-1.0
COG8,0.08274508,0.0,-1.0
COIL,0.27575672,0.0,-1.0
COL10A1,0.11802118,0.0,-1.0
COL11A2,0.23081453,0.0,-1.0
COL12A1,0.2796251,0.0,-1.0
COL13A1,0.32312492,0.0,0.0
COL14A1,0.20017374,0.0,-1.0
COL15A1,0.17419173,0.0,0.0
COL16A1,0.20947972,0.0,-1.0
COL17A1,0.17635362,0.0,-1.0
COL18A1,0.27416852,0.0,-1.0
COL19A1,0.04675989,0.0,-1.0
COL1A1,0.5622189,1.0,1.0
COL1A2,0.3834407,0.0,-1.0
COL20A1,0.10185769,0.0,0.0
COL23A1,0.10822659,0.0,0.0
COL24A1,0.19102234,0.0,0.0
COL26A1,0.14972574,0.0,0.0
COL2A1,0.07395054,0.0,1.0
COL3A1,0.34468904,0.0,-1.0
COL4A1,0.35930184,0.0,-1.0
COL4A2,0.38950372,0.0,-1.0
COL4A3,0.30436495,0.0,-1.0
COL4A4,0.3652119,0.0,-1.0
COL4A5,0.3475138,0.0,-1.0
COL4A6,0.098286286,0.0,-1.0
COL5A1,0.38078123,0.0,-1.0
COL5A2,0.21529254,0.0,-1.0
COL5A3,0.33467042,0.0,-1.0
COL6A1,0.30225432,0.0,-1.0
COL6A2,0.11809187,0.0,-1.0
COL6A3,0.31992194,0.0,-1.0
COL6A5,0.18448158,0.0,-1.0
COL7A1,0.27088383,0.0,-1.0
COL8A1,0.1814688,0.0,0.0
COL8A2,0.24186163,0.0,-1.0
COL9A2,0.15693454,0.0,-1.0
COL9A3,0.07928919,0.0,-1.0
COLEC12,0.17231989,0.0,0.0
COLGALT1,0.14173782,0.0,0.0
COLGALT2,0.16967194,0.0,0.0
COLQ,0.0016937114,0.0,-1.0
COMMD1,0.10592759,0.0,0.0
COMMD10,0.06707076,0.0,0.0
COMMD2,0.11359752,0.0,0.0
COMMD3,0.12477508,0.0,0.0
COMMD3-BMI1,0.43809158,0.0,-1.0
COMMD4,0.120710485,0.0,0.0
COMMD5,0.11108653,0.0,0.0
COMMD6,0.071056336,0.0,0.0
COMMD7,0.079165526,0.0,0.0
COMMD8,0.08974273,0.0,0.0
COMP,0.09898126,0.0,-1.0
COMT,0.10699626,0.0,0.0
COMTD1,0.16108172,0.0,0.0
COP1,0.36497256,0.0,1.0
COPA,0.1979531,0.0,0.0
COPB1,0.2507188,0.0,0.0
COPB2,0.19627684,0.0,-1.0
COPE,0.18144089,0.0,0.0
COPG1,0.20645651,0.0,0.0
COPG2,0.15913562,0.0,0.0
COPRS,0.2389725,0.0,0.0
COPS2,0.249902,0.0,-1.0
COPS3,0.25315958,0.0,0.0
COPS4,0.24482855,0.0,0.0
COPS5,0.3568136,0.0,0.0
COPS6,0.22764196,0.0,0.0
COPS7A,0.22326735,0.0,0.0
COPS7B,0.18576469,0.0,0.0
COPS8,0.15029402,0.0,0.0
COPZ1,0.13695587,0.0,0.0
COPZ2,0.08088012,0.0,0.0
COQ10B,0.054010957,0.0,-1.0
COQ2,0.022661068,0.0,0.0
COQ4,0.007980921,0.0,0.0
COQ5,0.007980921,0.0,0.0
COQ6,0.10583682,0.0,0.0
COQ8A,0.12816282,0.0,-1.0
COQ8B,0.06238609,0.0,0.0
COQ9,0.09886578,0.0,0.0
CORO1A,0.21919444,0.0,-1.0
CORO1B,0.1883652,0.0,0.0
CORO1C,0.21360245,0.0,-1.0
CORO2A,0.2858559,0.0,-1.0
CORO2B,0.18707752,0.0,-1.0
CORO6,0.18908627,0.0,0.0
CORO7,0.11476919,0.0,0.0
CORT,0.033827517,0.0,0.0
COTL1,0.16277607,0.0,-1.0
COX11,0.13500582,0.0,0.0
COX14,0.061105955,0.0,0.0
COX15,0.11628285,0.0,-1.0
COX17,0.08720689,0.0,0.0
COX19,0.03883638,0.0,-1.0
COX20,0.04201272,0.0,0.0
COX4I1,0.08121508,0.0,0.0
COX4I2,0.060321942,0.0,-1.0
COX5A,0.09665056,0.0,0.0
COX5B,0.12990944,0.0,0.0
COX6A1,0.07985069,0.0,0.0
COX6A2,0.03874427,0.0,0.0
COX6B1,0.11990663,0.0,-1.0
COX6B2,0.20266722,0.0,0.0
COX6C,0.12515816,0.0,-1.0
COX7A2,0.10210925,0.0,0.0
COX7A2L,0.07294062,0.0,0.0
COX7B,0.15784276,0.0,0.0
COX7C,0.05028884,0.0,-1.0
COX8A,0.13253124,0.0,0.0
CP,0.099457525,0.0,0.0
CPA4,0.09355309,0.0,0.0
CPAMD8,0.09564373,0.0,0.0
CPB2,0.17403828,0.0,0.0
CPD,0.19615763,0.0,0.0
CPE,0.15868267,0.0,0.0
CPEB1,0.030776182,0.0,-1.0
CPEB3,0.23477167,0.0,1.0
CPEB4,0.030398894,0.0,-1.0
CPLANE1,0.10875727,0.0,0.0
CPLANE2,0.030460222,0.0,0.0
CPLX1,0.22673838,0.0,0.0
CPLX2,0.168693,0.0,-1.0
CPM,0.11899978,0.0,-1.0
CPN1,0.21408154,0.0,0.0
CPN2,0.15654911,0.0,0.0
CPNE1,0.21231169,0.0,-1.0
CPNE2,0.15618503,0.0,0.0
CPNE3,0.15191439,0.0,0.0
CPNE4,0.19266891,0.0,0.0
CPNE5,0.026354514,0.0,-1.0
CPNE6,0.2678809,0.0,0.0
CPNE7,0.15480186,0.0,0.0
CPNE8,0.094787434,0.0,0.0
CPNE9,0.013242436,0.0,0.0
CPOX,0.11522762,0.0,-1.0
CPS1,0.21655165,0.0,-1.0
CPSF1,0.2755847,0.0,0.0
CPSF2,0.21623135,0.0,0.0
CPSF3,0.22206312,0.0,0.0
CPSF4,0.17901322,0.0,0.0
CPSF6,0.24931076,0.0,0.0
CPSF7,0.20144607,0.0,0.0
CPT1A,0.17642199,0.0,0.0
CPT1B,9.258995e-06,0.0,0.0
CPT2,0.06251534,0.0,0.0
CPTP,0.07468013,0.0,0.0
CPVL,0.19428685,0.0,0.0
CPXM1,0.06578651,0.0,0.0
CPXM2,0.052868385,0.0,-1.0
CR1,0.20550394,0.0,-1.0
CR2,0.23080875,0.0,-1.0
CRABP1,0.17012975,0.0,-1.0
CRABP2,0.15924041,0.0,-1.0
CRACD,0.05234545,0.0,-1.0
CRACR2A,0.13365772,0.0,0.0
CRACR2B,0.11226927,0.0,0.0
CRADD,0.17642991,0.0,-1.0
CRAMP1,0.16449997,0.0,0.0
CRAT,0.18961585,0.0,0.0
CRB1,0.2206051,0.0,-1.0
CRB2,0.23375146,0.0,-1.0
CRB3,0.13098899,0.0,-1.0
CRBN,0.18974079,0.0,1.0
CRCP,0.16084899,0.0,0.0
CRCT1,0.19954705,0.0,0.0
CREB1,0.43956816,0.0,1.0
CREB3,0.017646704,0.0,-1.0
CREB3L1,0.17852528,0.0,1.0
CREB3L2,0.18494736,0.0,1.0
CREB3L3,0.25646403,0.0,-1.0
CREB3L4,0.17526333,0.0,-1.0
CREB5,0.34160617,0.0,-1.0
CREBBP,0.8073664,1.0,1.0
CREBRF,0.08064506,0.0,0.0
CREBZF,0.21088442,0.0,-1.0
CREG1,0.22499451,0.0,-1.0
CRELD1,0.17217568,0.0,-1.0
CRELD2,0.23258667,0.0,-1.0
CREM,0.20788512,0.0,0.0
CRH,0.037269264,0.0,0.0
CRHBP,0.00045633895,0.0,0.0
CRHR2,0.010310426,0.0,0.0
CRIM1,0.16848344,0.0,0.0
CRIP1,0.16140656,0.0,0.0
CRIP2,0.28218874,0.0,-1.0
CRIPAK,0.1679463,0.0,0.0
CRIPT,0.18492825,0.0,0.0
CRISP3,0.027026718,0.0,0.0
CRISPLD2,0.073020674,0.0,0.0
CRK,0.58008623,1.0,-1.0
CRKL,0.5232885,1.0,1.0
CRLF1,0.04329157,0.0,0.0
CRLF3,0.14109993,0.0,0.0
CRMP1,0.35840338,0.0,0.0
CRNKL1,0.19104196,0.0,1.0
CROCC,0.11559996,0.0,0.0
CRP,0.28670317,0.0,-1.0
CRTAC1,0.19821551,0.0,0.0
CRTAM,0.105343826,0.0,-1.0
CRTAP,0.12182284,0.0,-1.0
CRTC1,0.3224401,0.0,1.0
CRTC2,0.29624617,0.0,-1.0
CRTC3,0.19643614,0.0,1.0
CRX,0.18349627,0.0,-1.0
CRY1,0.19871092,0.0,0.0
CRY2,0.1844771,0.0,0.0
CRYAB,0.3010474,0.0,-1.0
CRYBA1,0.16215181,0.0,0.0
CRYBA2,0.15582599,0.0,0.0
CRYBA4,0.105988786,0.0,0.0
CRYBB1,0.11726621,0.0,0.0
CRYBB2,0.1282182,0.0,0.0
CRYBB3,0.17622615,0.0,0.0
CRYBG1,0.051539317,0.0,0.0
CRYBG2,0.04201272,0.0,0.0
CRYGC,0.14368534,0.0,-1.0
CRYGD,0.10593123,0.0,-1.0
CRYGS,0.07821353,0.0,0.0
CRYL1,0.18178521,0.0,0.0
CRYM,0.08411262,0.0,0.0
CRYZ,0.17240372,0.0,0.0
CRYZL1,0.090997934,0.0,0.0
CS,0.18548155,0.0,-1.0
CSAD,0.23447928,0.0,0.0
CSAG1,0.19545764,0.0,0.0
CSDC2,0.16446091,0.0,0.0
CSDE1,0.2656561,0.0,-1.0
CSE1L,0.31630716,0.0,-1.0
CSF1,0.27930015,0.0,-1.0
CSF1R,0.36108327,0.0,1.0
CSF2,0.3455737,0.0,-1.0
CSF2RA,0.28389436,0.0,-1.0
CSF2RB,0.41860706,0.0,-1.0
CSF3,0.08494049,0.0,0.0
CSF3R,0.14693862,0.0,1.0
CSGALNACT1,0.16729343,0.0,0.0
CSGALNACT2,0.16076165,0.0,0.0
CSH1,0.25437176,0.0,-1.0
CSH2,0.25303507,0.0,0.0
CSHL1,0.3629794,0.0,0.0
CSK,0.51111424,1.0,0.0
CSMD1,0.20020819,0.0,0.0
CSMD2,0.35660204,0.0,-1.0
CSN1S1,0.08716637,0.0,0.0
CSN2,0.20108919,0.0,0.0
CSN3,0.1597568,0.0,0.0
CSNK1A1,0.37819165,0.0,-1.0
CSNK1A1L,0.12920702,0.0,-1.0
CSNK1D,0.30852523,0.0,-1.0
CSNK1G1,0.1807806,0.0,0.0
CSNK1G2,0.17209728,0.0,0.0
CSNK2A1,0.39965612,0.0,-1.0
CSNK2A2,0.33658862,0.0,-1.0
CSNK2B,0.4203714,0.0,-1.0
CSPG4,0.25771913,0.0,-1.0
CSRNP1,0.22729391,0.0,0.0
CSRNP2,0.18298198,0.0,0.0
CSRNP3,0.10113564,0.0,0.0
CSRP1,0.21563813,0.0,0.0
CSRP2,0.16176812,0.0,0.0
CSRP3,0.17037709,0.0,-1.0
CST1,0.13809395,0.0,0.0
CST2,0.0901177,0.0,0.0
CST3,0.23084371,0.0,-1.0
CST4,0.08862435,0.0,0.0
CST5,0.040077683,0.0,0.0
CST6,0.2684503,0.0,-1.0
CST7,0.09750168,0.0,0.0
CST9L,0.11423851,0.0,0.0
CSTA,0.14771855,0.0,-1.0
CSTB,0.15090482,0.0,-1.0
CSTF1,0.16860647,0.0,0.0
CSTF2,0.22052805,0.0,0.0
CSTF2T,0.16402824,0.0,0.0
CSTF3,0.20115165,0.0,0.0
CT45A3,0.09628505,0.0,0.0
CT55,0.10904615,0.0,0.0
CT83,0.06583439,0.0,0.0
CTAG1B,0.161043,0.0,0.0
CTAG2,0.09699661,0.0,0.0
CTAGE1,0.1318228,0.0,0.0
CTAGE15,0.029088285,0.0,0.0
CTBP1,0.4780592,0.0,-1.0
CTBP2,0.27610597,0.0,-1.0
CTBS,0.16554669,0.0,0.0
CTC1,0.051292382,0.0,0.0
CTCF,0.5148197,1.0,1.0
CTCFL,0.26956186,0.0,-1.0
CTDNEP1,0.012939192,0.0,-1.0
CTDP1,0.25792122,0.0,-1.0
CTDSP1,0.1821075,0.0,-1.0
CTDSP2,0.1677199,0.0,0.0
CTDSPL2,0.0665794,0.0,0.0
CTF1,0.19561704,0.0,0.0
CTH,0.1906261,0.0,0.0
CTHRC1,0.110851906,0.0,-1.0
CTLA4,0.3383332,0.0,1.0
CTNNA1,0.593943,1.0,-1.0
CTNNA2,0.51019746,1.0,1.0
CTNNA3,0.24712676,0.0,-1.0
CTNNAL1,0.25715595,0.0,0.0
CTNNB1,0.8367833,1.0,1.0
CTNNBIP1,0.19711784,0.0,-1.0
CTNNBL1,0.23284511,0.0,0.0
CTNND1,0.34534773,0.0,1.0
CTNND2,0.3967412,0.0,1.0
CTPS1,0.1950858,0.0,0.0
CTPS2,0.15358393,0.0,0.0
CTR9,0.27965546,0.0,1.0
CTRB1,0.13119411,0.0,0.0
CTRC,0.094818614,0.0,0.0
CTRL,0.10354952,0.0,0.0
CTSA,0.16415346,0.0,-1.0
CTSB,0.2204365,0.0,-1.0
CTSC,0.10289719,0.0,-1.0
CTSD,0.18134294,0.0,-1.0
CTSE,0.13467868,0.0,0.0
CTSG,0.13801435,0.0,0.0
CTSH,0.08884419,0.0,-1.0
CTSK,0.18942752,0.0,-1.0
CTSL,0.1496317,0.0,-1.0
CTSO,0.09510328,0.0,0.0
CTSS,0.16552615,0.0,-1.0
CTSV,0.25873977,0.0,0.0
CTSW,0.07989381,0.0,0.0
CTSZ,0.12748587,0.0,0.0
CTTN,0.346345,0.0,-1.0
CTTNBP2,0.2543928,0.0,0.0
CTTNBP2NL,0.22506599,0.0,0.0
CTU1,0.08736781,0.0,0.0
CTU2,0.06711599,0.0,-1.0
CTXN1,0.024044853,0.0,0.0
CUBN,0.29970664,0.0,-1.0
CUEDC1,0.17293616,0.0,-1.0
CUEDC2,0.27953008,0.0,0.0
CUL1,0.45328745,0.0,-1.0
CUL2,0.3230906,0.0,-1.0
CUL3,0.31551045,0.0,1.0
CUL4A,0.24699777,0.0,-1.0
CUL4B,0.16149588,0.0,-1.0
CUL5,0.27839628,0.0,-1.0
CUL7,0.555059,1.0,-1.0
CUL9,0.23079804,0.0,-1.0
CUTA,0.08865728,0.0,0.0
CUTC,0.19991931,0.0,0.0
CUX1,0.26410982,0.0,1.0
CUZD1,0.10088361,0.0,0.0
CWC15,0.16412525,0.0,0.0
CWC22,0.11819134,0.0,-1.0
CWC25,0.14593345,0.0,0.0
CWC27,0.2290368,0.0,0.0
CWF19L1,0.15925008,0.0,0.0
CWF19L2,0.1608085,0.0,0.0
CX3CL1,0.00046754905,0.0,-1.0
CX3CR1,0.00046754905,0.0,-1.0
CXADR,0.14289752,0.0,-1.0
CXCL1,0.23187245,0.0,-1.0
CXCL10,0.09666017,0.0,-1.0
CXCL11,0.08910077,0.0,0.0
CXCL12,0.07703717,0.0,-1.0
CXCL13,0.07331909,0.0,0.0
CXCL14,0.14126982,0.0,-1.0
CXCL16,0.11179153,0.0,0.0
CXCL2,0.16526131,0.0,-1.0
CXCL3,0.13817808,0.0,-1.0
CXCL5,0.11208679,0.0,-1.0
CXCL6,0.13389736,0.0,0.0
CXCL8,0.11862044,0.0,-1.0
CXCL9,0.09637297,0.0,0.0
CXCR1,0.22092459,0.0,-1.0
CXCR2,0.22884473,0.0,-1.0
CXCR3,0.12567866,0.0,-1.0
CXCR4,0.2475333,0.0,1.0
CXCR5,0.16074781,0.0,0.0
CXCR6,0.13984811,0.0,0.0
CXXC1,0.2676934,0.0,0.0
CXXC4,0.045353517,0.0,-1.0
CXXC5,0.29553202,0.0,-1.0
CXorf38,0.04201272,0.0,0.0
CYB561,0.1215363,0.0,0.0
CYB561A3,0.05751358,0.0,0.0
CYB561D2,0.093722746,0.0,0.0
CYB5A,0.1447197,0.0,-1.0
CYB5B,0.13450645,0.0,0.0
CYB5D1,0.04601147,0.0,0.0
CYB5R1,0.14346433,0.0,0.0
CYB5R2,0.12027908,0.0,0.0
CYB5R3,0.180519,0.0,-1.0
CYB5R4,0.03541463,0.0,-1.0
CYBA,0.13648778,0.0,0.0
CYBB,0.24751063,0.0,-1.0
CYBC1,0.102105565,0.0,0.0
CYBRD1,0.08450509,0.0,0.0
CYC1,0.11471291,0.0,0.0
CYCS,0.1817234,0.0,-1.0
CYFIP1,0.3827087,0.0,-1.0
CYFIP2,0.31548285,0.0,0.0
CYGB,0.19578691,0.0,0.0
CYHR1,0.074272856,0.0,0.0
CYLC2,0.24688533,0.0,0.0
CYLD,0.2810785,0.0,1.0
CYP11A1,0.22385344,0.0,0.0
CYP11B2,0.2948325,0.0,-1.0
CYP17A1,0.21219331,0.0,-1.0
CYP19A1,0.1963353,0.0,1.0
CYP1A1,0.19086392,0.0,-1.0
CYP1B1,0.083696276,0.0,-1.0
CYP26B1,0.08666726,0.0,0.0
CYP26C1,0.024063518,0.0,0.0
CYP27A1,0.10136156,0.0,-1.0
CYP27C1,0.083396494,0.0,-1.0
CYP2A6,0.21916762,0.0,-1.0
CYP2C18,0.20730798,0.0,-1.0
CYP2C19,0.09730406,0.0,0.0
CYP2C8,0.24024396,0.0,1.0
CYP2C9,0.29022437,0.0,-1.0
CYP2E1,0.10919487,0.0,-1.0
CYP2J2,0.093338385,0.0,0.0
CYP2S1,0.15169406,0.0,0.0
CYP2W1,0.062985554,0.0,-1.0
CYP39A1,0.15290473,0.0,0.0
CYP3A4,0.10351018,0.0,0.0
CYP3A5,0.12565258,0.0,0.0
CYP4A11,0.19348653,0.0,-1.0
CYP4B1,0.09778292,0.0,-1.0
CYP4F11,0.15683803,0.0,0.0
CYP4F12,0.16209593,0.0,0.0
CYP4F2,0.31934908,0.0,0.0
CYP4F22,0.03619349,0.0,-1.0
CYP4F3,0.055390447,0.0,0.0
CYP4F8,0.09384434,0.0,0.0
CYP4V2,0.2782467,0.0,0.0
CYP4X1,0.06920898,0.0,0.0
CYP51A1,0.20475379,0.0,0.0
CYP7B1,0.031993017,0.0,-1.0
CYP8B1,0.050378073,0.0,0.0
CYRIB,0.106452435,0.0,0.0
CYSLTR1,0.4639224,0.0,0.0
CYSLTR2,0.41862154,0.0,1.0
CYSRT1,0.08528887,0.0,0.0
CYSTM1,0.13064116,0.0,0.0
CYTH1,0.14668275,0.0,0.0
CYTH2,0.16776443,0.0,0.0
CYTH3,0.17374447,0.0,0.0
CYTH4,0.07154728,0.0,0.0
CYTIP,0.15535319,0.0,0.0
CZIB,0.11675532,0.0,0.0
D2HGDH,0.21030942,0.0,0.0
DAAM1,0.28992823,0.0,-1.0
DAAM2,0.1289634,0.0,0.0
DAB1,0.15651228,0.0,-1.0
DAB2,0.42389393,0.0,-1.0
DAB2IP,0.20001858,0.0,-1.0
DACH1,0.26096356,0.0,-1.0
DACT1,0.33228922,0.0,0.0
DAD1,0.1440826,0.0,0.0
DAG1,0.33047235,0.0,-1.0
DAGLB,0.02554564,0.0,0.0
DALRD3,0.17369941,0.0,0.0
DAO,0.10987952,0.0,-1.0
DAOA,0.06963903,0.0,0.0
DAP,0.051843226,0.0,-1.0
DAP3,0.23565778,0.0,0.0
DAPK1,0.2221304,0.0,-1.0
DAPK2,0.17096989,0.0,-1.0
DAPK3,0.32312128,0.0,-1.0
DAPP1,0.26326737,0.0,0.0
DARS1,0.19130586,0.0,0.0
DARS2,0.1666076,0.0,0.0
DAW1,0.108091384,0.0,0.0
DAXX,0.5355634,1.0,1.0
DAZ1,0.030042542,0.0,-1.0
DAZ2,0.04201272,0.0,-1.0
DAZAP1,0.16766128,0.0,-1.0
DAZAP2,0.22081074,0.0,0.0
DAZL,0.004810042,0.0,0.0
DBF4,0.20752905,0.0,0.0
DBF4B,0.20617448,0.0,0.0
DBH,0.19487062,0.0,0.0
DBI,0.16224244,0.0,-1.0
DBN1,0.21039188,0.0,-1.0
DBNDD2,0.12466228,0.0,0.0
DBNL,0.18667366,0.0,0.0
DBP,0.32639298,0.0,0.0
DBR1,0.1163994,0.0,-1.0
DBT,0.1669032,0.0,-1.0
DCAF1,0.18763043,0.0,-1.0
DCAF10,0.15208931,0.0,0.0
DCAF11,0.19387124,0.0,0.0
DCAF12,0.15196006,0.0,0.0
DCAF12L2,0.18827645,0.0,1.0
DCAF13,0.1974797,0.0,0.0
DCAF15,0.12259748,0.0,-1.0
DCAF16,0.16666336,0.0,0.0
DCAF4,0.18169881,0.0,0.0
DCAF4L1,0.1307735,0.0,0.0
DCAF4L2,0.095849074,0.0,-1.0
DCAF5,0.15793431,0.0,0.0
DCAF6,0.2934397,0.0,0.0
DCAF7,0.30830693,0.0,0.0
DCAF8,0.21565677,0.0,0.0
DCAF8L2,0.16065647,0.0,0.0
DCAKD,0.06434499,0.0,0.0
DCANP1,0.06372126,0.0,0.0
DCBLD1,0.13254668,0.0,0.0
DCBLD2,0.2033083,0.0,0.0
DCC,0.46322262,0.0,1.0
DCD,0.23995927,0.0,0.0
DCDC2,0.18324587,0.0,-1.0
DCDC2B,0.13778494,0.0,0.0
DCHS1,0.21796241,0.0,-1.0
DCHS2,0.14363776,0.0,0.0
DCK,0.13763636,0.0,-1.0
DCLK1,0.13415213,0.0,-1.0
DCLK2,0.16657428,0.0,0.0
DCLRE1A,0.24172238,0.0,-1.0
DCLRE1B,0.20467797,0.0,0.0
DCLRE1C,0.25956208,0.0,-1.0
DCN,0.17640893,0.0,-1.0
DCP1A,0.23707968,0.0,0.0
DCP1B,0.19442905,0.0,0.0
DCP2,0.19344507,0.0,0.0
DCPS,0.16363245,0.0,0.0
DCT,0.055475038,0.0,0.0
DCTD,0.13094962,0.0,-1.0
DCTN1,0.3984307,0.0,1.0
DCTN2,0.17630628,0.0,0.0
DCTN3,0.19657348,0.0,0.0
DCTN4,0.16543451,0.0,0.0
DCTN5,0.12586741,0.0,0.0
DCTN6,0.13961539,0.0,0.0
DCTPP1,0.12132902,0.0,0.0
DCUN1D1,0.2579135,0.0,1.0
DCUN1D2,0.13177627,0.0,0.0
DCUN1D3,0.1424943,0.0,0.0
DCUN1D4,0.16655234,0.0,0.0
DCUN1D5,0.13937002,0.0,0.0
DCX,0.14494699,0.0,-1.0
DCXR,0.1469251,0.0,0.0
DDA1,0.15729982,0.0,0.0
DDAH2,0.2514304,0.0,0.0
DDB1,0.47150195,0.0,0.0
DDB2,0.27835503,0.0,1.0
DDC,0.18156987,0.0,-1.0
DDHD2,0.1355058,0.0,0.0
DDI1,0.1633677,0.0,0.0
DDI2,0.11225743,0.0,0.0
DDIAS,0.06397456,0.0,0.0
DDIT3,0.34514827,0.0,1.0
DDIT4,0.24890195,0.0,-1.0
DDIT4L,0.1354885,0.0,0.0
DDN,0.18233955,0.0,0.0
DDO,0.12300816,0.0,0.0
DDOST,0.16037667,0.0,0.0
DDR1,0.3038801,0.0,-1.0
DDR2,0.24807252,0.0,1.0
DDRGK1,0.053797532,0.0,0.0
DDT,0.12913354,0.0,0.0
DDTL,0.13045023,0.0,0.0
DDX1,0.31645665,0.0,-1.0
DDX10,0.14851919,0.0,1.0
DDX11,0.12111103,0.0,0.0
DDX17,0.43352562,0.0,-1.0
DDX18,0.2044072,0.0,-1.0
DDX19A,0.20208575,0.0,0.0
DDX19B,0.15659274,0.0,0.0
DDX20,0.21910295,0.0,-1.0
DDX21,0.291598,0.0,0.0
DDX23,0.21602291,0.0,-1.0
DDX24,0.24270347,0.0,0.0
DDX27,0.2291301,0.0,-1.0
DDX28,0.10968085,0.0,0.0
DDX31,0.17131072,0.0,0.0
DDX39A,0.18415192,0.0,0.0
DDX39B,0.22078866,0.0,0.0
DDX3X,0.36585784,0.0,1.0
DDX3Y,0.1542089,0.0,-1.0
DDX4,0.23578583,0.0,1.0
DDX41,0.19476797,0.0,1.0
DDX42,0.21047989,0.0,0.0
DDX43,0.021998996,0.0,-1.0
DDX46,0.13706015,0.0,0.0
DDX47,0.22857553,0.0,0.0
DDX49,0.14464045,0.0,0.0
DDX5,0.44605824,0.0,1.0
DDX50,0.20141838,0.0,-1.0
DDX51,0.15389046,0.0,-1.0
DDX52,0.22184667,0.0,0.0
DDX53,0.078632005,0.0,0.0
DDX54,0.27084887,0.0,-1.0
DDX55,0.11391097,0.0,-1.0
DDX56,0.1764072,0.0,0.0
DDX58,0.23149782,0.0,-1.0
DDX6,0.2265958,0.0,1.0
DDX60,0.091352075,0.0,0.0
DDX60L,0.14691117,0.0,-1.0
DEAF1,0.32397002,0.0,0.0
DECR1,0.16881196,0.0,0.0
DECR2,0.14834385,0.0,0.0
DEDD,0.28373012,0.0,0.0
DEDD2,0.21095033,0.0,0.0
DEF6,0.24890497,0.0,0.0
DEFA1B,0.08543523,0.0,-1.0
DEFA3,0.034182243,0.0,-1.0
DEFA5,0.11553027,0.0,-1.0
DEFA6,0.08436137,0.0,-1.0
DEFB1,0.019039724,0.0,-1.0
DEFB103B,0.00085327943,0.0,0.0
DEFB121,0.014519333,0.0,0.0
DEFB127,0.08457399,0.0,0.0
DEFB4B,0.0018910852,0.0,0.0
DEGS1,0.23313518,0.0,0.0
DEK,0.31533292,0.0,1.0
DELE1,0.06936415,0.0,0.0
DENND10,0.06113013,0.0,0.0
DENND11,0.114697605,0.0,-1.0
DENND1A,0.09803932,0.0,0.0
DENND2B,0.26456156,0.0,-1.0
DENND2C,0.11475383,0.0,0.0
DENND2D,0.08944965,0.0,0.0
DENND3,0.13111411,0.0,0.0
DENND4A,0.29241663,0.0,0.0
DENND4C,0.18320163,0.0,0.0
DENND5A,0.1311333,0.0,0.0
DENND5B,0.100734584,0.0,0.0
DENND6A,0.04201272,0.0,0.0
DENR,0.1765509,0.0,-1.0
DEPDC1,0.18024117,0.0,0.0
DEPDC1B,0.11997613,0.0,0.0
DEPDC7,0.19865341,0.0,0.0
DEPP1,0.1614961,0.0,0.0
DEPTOR,0.057600643,0.0,0.0
DERA,0.08689441,0.0,0.0
DERL1,0.12747294,0.0,-1.0
DERL2,0.089022584,0.0,0.0
DES,0.3223365,0.0,-1.0
DESI1,0.17674778,0.0,0.0
DESI2,0.04201272,0.0,0.0
DET1,0.22521135,0.0,0.0
DEUP1,0.17511551,0.0,0.0
DEXI,0.1864057,0.0,0.0
DFFA,0.20179188,0.0,0.0
DFFB,0.14666365,0.0,0.0
DGAT1,0.25799677,0.0,0.0
DGAT2,0.06964457,0.0,0.0
DGCR2,0.11379456,0.0,0.0
DGCR6,0.17513214,0.0,0.0
DGCR6L,0.12419479,0.0,0.0
DGCR8,0.22232337,0.0,1.0
DGKA,0.24024887,0.0,-1.0
DGKB,0.012965931,0.0,-1.0
DGKD,0.25267065,0.0,-1.0
DGKE,0.20999828,0.0,-1.0
DGKG,0.056060363,0.0,-1.0
DGKH,0.17619844,0.0,-1.0
DGKI,0.21310243,0.0,-1.0
DGKQ,0.20510782,0.0,-1.0
DGKZ,0.16247341,0.0,-1.0
DGLUCY,0.05380679,0.0,0.0
DGUOK,0.10777055,0.0,0.0
DHCR24,0.18084225,0.0,0.0
DHCR7,0.15623625,0.0,-1.0
DHDDS,0.1187267,0.0,-1.0
DHFR,0.16508944,0.0,-1.0
DHH,0.1345667,0.0,-1.0
DHODH,0.14773442,0.0,-1.0
DHPS,0.114435196,0.0,0.0
DHRS1,0.12022918,0.0,-1.0
DHRS13,0.07806353,0.0,0.0
DHRS2,0.13865292,0.0,0.0
DHRS3,0.03846365,0.0,-1.0
DHRS4,0.09830516,0.0,0.0
DHRS4L2,0.042099647,0.0,0.0
DHRS7,0.08163862,0.0,0.0
DHRS7B,0.21122119,0.0,0.0
DHRSX,0.1535874,0.0,0.0
DHTKD1,0.10287097,0.0,-1.0
DHX15,0.284758,0.0,-1.0
DHX16,0.22458166,0.0,-1.0
DHX29,0.14579822,0.0,0.0
DHX30,0.27416387,0.0,-1.0
DHX32,0.123506255,0.0,0.0
DHX33,0.13857372,0.0,0.0
DHX34,0.20378576,0.0,0.0
DHX35,0.014858728,0.0,-1.0
DHX36,0.21700019,0.0,-1.0
DHX37,0.23750348,0.0,0.0
DHX38,0.20605151,0.0,0.0
DHX40,0.18450393,0.0,0.0
DHX57,0.14412723,0.0,0.0
DHX58,0.22436334,0.0,-1.0
DHX8,0.1679762,0.0,0.0
DHX9,0.38982564,0.0,-1.0
DIABLO,0.17378776,0.0,-1.0
DIAPH1,0.21328995,0.0,-1.0
DIAPH2,0.24746284,0.0,-1.0
DIAPH3,0.2637734,0.0,0.0
DICER1,0.30363446,0.0,1.0
DIDO1,0.33064207,0.0,0.0
DIMT1,0.18753731,0.0,0.0
DIO2,0.16347203,0.0,-1.0
DIO3,0.03568541,0.0,0.0
DIP2A,0.2450133,0.0,0.0
DIP2B,0.15251656,0.0,0.0
DIP2C,0.1952435,0.0,-1.0
DIPK1A,0.08888354,0.0,0.0
DIPK1B,0.11661522,0.0,0.0
DIRAS1,0.09367041,0.0,0.0
DIRAS2,0.033793446,0.0,0.0
DIRAS3,0.32085603,0.0,-1.0
DIS3,0.123731196,0.0,1.0
DIS3L,0.1464638,0.0,0.0
DIS3L2,0.19068964,0.0,-1.0
DISC1,0.520035,1.0,0.0
DISP1,0.36823404,0.0,-1.0
DISP3,0.19967158,0.0,-1.0
DIXDC1,0.22543283,0.0,0.0
DKC1,0.16785896,0.0,-1.0
DKK1,0.22277765,0.0,-1.0
DKK2,0.123698205,0.0,-1.0
DKK3,0.28206655,0.0,-1.0
DKKL1,0.10252769,0.0,0.0
DLAT,0.1739017,0.0,-1.0
DLC1,0.59758824,1.0,-1.0
DLD,0.15320776,0.0,-1.0
DLEU1,0.17572576,0.0,-1.0
DLG1,0.35825017,0.0,-1.0
DLG2,0.291595,0.0,-1.0
DLG3,0.24710263,0.0,-1.0
DLG4,0.36864325,0.0,0.0
DLG5,0.24924341,0.0,0.0
DLGAP1,0.37171674,0.0,-1.0
DLGAP2,0.3004517,0.0,0.0
DLGAP3,0.32836595,0.0,0.0
DLGAP4,0.34879094,0.0,0.0
DLGAP5,0.15278439,0.0,-1.0
DLK1,0.044666294,0.0,-1.0
DLK2,0.14626867,0.0,0.0
DLL1,0.28321776,0.0,-1.0
DLL4,0.37754723,0.0,-1.0
DLST,0.23652871,0.0,-1.0
DLX1,0.024402298,0.0,0.0
DLX2,0.22602387,0.0,-1.0
DLX3,0.19688812,0.0,-1.0
DLX4,0.34618244,0.0,-1.0
DLX5,0.23887056,0.0,-1.0
DLX6,0.37232253,0.0,-1.0
DMAC1,0.047942787,0.0,0.0
DMAP1,0.26586354,0.0,0.0
DMBT1,0.20311065,0.0,-1.0
DMBX1,0.17420943,0.0,0.0
DMC1,0.2017814,0.0,0.0
DMD,0.37467846,0.0,-1.0
DMKN,0.106065035,0.0,0.0
DMPK,0.23955621,0.0,-1.0
DMRT1,0.13457088,0.0,0.0
DMRT2,0.03322965,0.0,0.0
DMRT3,0.1298843,0.0,0.0
DMRTA1,0.15894473,0.0,0.0
DMRTB1,0.17103688,0.0,0.0
DMRTC2,0.122264065,0.0,0.0
DMTF1,0.1673899,0.0,-1.0
DMTN,0.15959857,0.0,0.0
DMWD,0.2086538,0.0,0.0
DMXL1,0.15322703,0.0,-1.0
DMXL2,0.19086169,0.0,-1.0
DNA2,0.20752637,0.0,0.0
DNAAF1,0.04201272,0.0,-1.0
DNAAF10,0.10505578,0.0,0.0
DNAAF11,0.124538116,0.0,0.0
DNAAF3,0.04201272,0.0,0.0
DNAAF4,0.14571838,0.0,-1.0
DNAAF5,0.18477945,0.0,-1.0
DNAAF6,0.26547,0.0,0.0
DNAAF9,0.14554684,0.0,0.0
DNAH17,0.31344622,0.0,0.0
DNAH2,0.3102859,0.0,-1.0
DNAH3,0.20450136,0.0,-1.0
DNAH5,0.21958485,0.0,-1.0
DNAH6,0.18871349,0.0,0.0
DNAH7,0.22761431,0.0,-1.0
DNAI1,0.16818175,0.0,-1.0
DNAI3,0.07421918,0.0,0.0
DNAI7,0.10489285,0.0,0.0
DNAJA1,0.311804,0.0,0.0
DNAJA2,0.24934632,0.0,0.0
DNAJA3,0.29151478,0.0,-1.0
DNAJA4,0.1645137,0.0,0.0
DNAJB1,0.3038106,0.0,1.0
DNAJB11,0.22610757,0.0,0.0
DNAJB12,0.15151377,0.0,0.0
DNAJB14,0.10114195,0.0,0.0
DNAJB2,0.19717747,0.0,-1.0
DNAJB3,0.11807225,0.0,0.0
DNAJB4,0.21684465,0.0,0.0
DNAJB5,0.24060184,0.0,0.0
DNAJB6,0.18582319,0.0,0.0
DNAJB7,0.18381917,0.0,0.0
DNAJB8,0.2132228,0.0,0.0
DNAJB9,0.19535029,0.0,-1.0
DNAJC1,0.08413442,0.0,0.0
DNAJC10,0.15583344,0.0,0.0
DNAJC11,0.13262886,0.0,0.0
DNAJC12,0.11910223,0.0,0.0
DNAJC13,0.22101143,0.0,0.0
DNAJC14,0.11682744,0.0,0.0
DNAJC15,0.05459754,0.0,0.0
DNAJC16,0.07337594,0.0,0.0
DNAJC17,0.064898044,0.0,0.0
DNAJC19,0.15532334,0.0,-1.0
DNAJC2,0.19069481,0.0,0.0
DNAJC21,0.16072279,0.0,0.0
DNAJC22,0.112934075,0.0,0.0
DNAJC27,0.1405595,0.0,0.0
DNAJC28,0.06591299,0.0,-1.0
DNAJC3,0.19530621,0.0,0.0
DNAJC30,0.0880161,0.0,0.0
DNAJC4,0.139979,0.0,0.0
DNAJC5,0.12936284,0.0,-1.0
DNAJC5B,0.084621534,0.0,0.0
DNAJC6,0.31284168,0.0,-1.0
DNAJC7,0.28452507,0.0,0.0
DNAJC8,0.21288589,0.0,0.0
DNAJC9,0.18143149,0.0,-1.0
DNAL4,0.15835814,0.0,-1.0
DNALI1,0.2036176,0.0,0.0
DNASE1,0.18108426,0.0,-1.0
DNASE1L2,0.17318796,0.0,0.0
DNASE2,0.16903292,0.0,0.0
DNER,0.2744781,0.0,-1.0
DNHD1,0.2030121,0.0,0.0
DNLZ,0.06175902,0.0,0.0
DNM1,0.43949676,0.0,0.0
DNM1L,0.22299717,0.0,0.0
DNM2,0.42519784,0.0,1.0
DNM3,0.31891674,0.0,0.0
DNMBP,0.2816841,0.0,-1.0
DNMT1,0.47878888,0.0,1.0
DNMT3A,0.27701366,0.0,1.0
DNMT3B,0.21700825,0.0,1.0
DNMT3L,0.21278559,0.0,0.0
DNPEP,0.18450165,0.0,0.0
DNPH1,0.09416832,0.0,0.0
DNTT,0.009144141,0.0,0.0
DNTTIP1,0.18575843,0.0,0.0
DNTTIP2,0.28221604,0.0,0.0
DOC2A,0.16968995,0.0,0.0
DOC2B,0.07830296,0.0,0.0
DOCK1,0.2912407,0.0,-1.0
DOCK10,0.22512315,0.0,0.0
DOCK11,0.22209294,0.0,0.0
DOCK2,0.1770381,0.0,-1.0
DOCK3,0.3311689,0.0,0.0
DOCK4,0.21619904,0.0,-1.0
DOCK5,0.14642596,0.0,0.0
DOCK6,0.118567735,0.0,0.0
DOCK7,0.25516352,0.0,0.0
DOCK8,0.2857248,0.0,-1.0
DOCK9,0.29731888,0.0,0.0
DOHH,0.11265262,0.0,0.0
DOK1,0.35182318,0.0,0.0
DOK2,0.30755332,0.0,0.0
DOK3,0.13841796,0.0,0.0
DOK4,0.29485533,0.0,0.0
DOK5,0.15256932,0.0,0.0
DOK6,0.19558468,0.0,-1.0
DOK7,0.18632558,0.0,-1.0
DOLK,0.09389235,0.0,-1.0
DOLPP1,0.085432254,0.0,0.0
DONSON,0.09471128,0.0,0.0
DOP1B,0.058526568,0.0,-1.0
DOT1L,0.29100338,0.0,1.0
DPAGT1,0.12309295,0.0,-1.0
DPCD,0.1589248,0.0,0.0
DPEP1,0.04393286,0.0,0.0
DPEP2,0.1608918,0.0,0.0
DPEP3,0.05437547,0.0,0.0
DPF1,0.23805769,0.0,0.0
DPF2,0.31000558,0.0,0.0
DPH1,0.14204663,0.0,-1.0
DPH2,0.13388017,0.0,0.0
DPH3,0.03846664,0.0,-1.0
DPH6,0.04201272,0.0,0.0
DPH7,0.051539317,0.0,0.0
DPM1,0.14807273,0.0,-1.0
DPM2,0.030921243,0.0,0.0
DPM3,0.0821665,0.0,0.0
DPP10,0.115282856,0.0,-1.0
DPP3,0.13567033,0.0,0.0
DPP4,0.12926175,0.0,-1.0
DPP6,0.09532163,0.0,-1.0
DPP7,0.18576115,0.0,-1.0
DPP8,0.1295973,0.0,0.0
DPPA2,0.22509065,0.0,0.0
DPPA4,0.3036499,0.0,-1.0
DPT,0.10508654,0.0,-1.0
DPY19L1,0.059760377,0.0,0.0
DPY19L4,0.05276461,0.0,0.0
DPY30,0.37985572,0.0,0.0
DPYD,0.13338469,0.0,-1.0
DPYS,0.044893444,0.0,-1.0
DPYSL2,0.2752132,0.0,0.0
DPYSL3,0.14843677,0.0,0.0
DPYSL4,0.18843336,0.0,0.0
DPYSL5,0.12472794,0.0,0.0
DR1,0.22302413,0.0,0.0
DRAM1,6.212552e-06,0.0,-1.0
DRAP1,0.31077942,0.0,0.0
DRD1,0.02683425,0.0,0.0
DRD2,0.3367398,0.0,-1.0
DRD3,0.21715237,0.0,-1.0
DRD4,0.22297707,0.0,0.0
DRD5,0.26045135,0.0,-1.0
DRG1,0.23571317,0.0,0.0
DRG2,0.1454258,0.0,0.0
DRICH1,0.13308029,0.0,0.0
DROSHA,0.36857566,0.0,1.0
DRP2,0.23412728,0.0,0.0
DSC1,0.2837101,0.0,-1.0
DSC2,0.21737053,0.0,-1.0
DSC3,0.05820091,0.0,-1.0
DSCAM,0.2712932,0.0,0.0
DSCAML1,0.07306053,0.0,0.0
DSCC1,0.09267074,0.0,-1.0
DSE,0.10462806,0.0,-1.0
DSG1,0.2619963,0.0,-1.0
DSG2,0.2640533,0.0,-1.0
DSG3,0.23672824,0.0,0.0
DSN1,0.24379267,0.0,0.0
DSP,0.33082423,0.0,-1.0
DST,0.5436623,1.0,-1.0
DSTN,0.16300376,0.0,0.0
DSTYK,0.18435109,0.0,0.0
DTD1,0.11829905,0.0,0.0
DTD2,0.031842925,0.0,0.0
DTL,0.3678199,0.0,-1.0
DTNA,0.25262097,0.0,-1.0
DTNB,0.16413258,0.0,0.0
DTNBP1,0.17485575,0.0,-1.0
DTWD1,0.088054806,0.0,0.0
DTWD2,0.015741564,0.0,-1.0
DTX1,0.19515069,0.0,1.0
DTX2,0.15531223,0.0,-1.0
DTX3,0.1510942,0.0,-1.0
DTX3L,0.16978206,0.0,0.0
DTX4,0.2813285,0.0,-1.0
DTYMK,0.16164276,0.0,0.0
DUOXA1,0.044926155,0.0,0.0
DUS1L,0.11851866,0.0,0.0
DUS2,0.13442259,0.0,0.0
DUS3L,0.17391013,0.0,0.0
DUS4L,0.16149585,0.0,0.0
DUSP1,0.24199548,0.0,-1.0
DUSP10,0.12973294,0.0,-1.0
DUSP11,0.1360004,0.0,0.0
DUSP12,0.21786316,0.0,0.0
DUSP13,0.20624089,0.0,0.0
DUSP14,0.18304342,0.0,0.0
DUSP15,0.31897545,0.0,0.0
DUSP16,0.25460732,0.0,-1.0
DUSP19,0.16734837,0.0,0.0
DUSP2,0.13122688,0.0,-1.0
DUSP21,0.14472868,0.0,0.0
DUSP22,0.19177672,0.0,1.0
DUSP23,0.18516485,0.0,0.0
DUSP26,0.16894415,0.0,-1.0
DUSP29,0.11103717,0.0,0.0
DUSP3,0.21376848,0.0,0.0
DUSP4,0.2091217,0.0,1.0
DUSP5,0.16565976,0.0,0.0
DUSP6,0.15256645,0.0,-1.0
DUSP7,0.2615711,0.0,-1.0
DUSP8,0.17096193,0.0,0.0
DUSP9,0.24863543,0.0,-1.0
DUT,0.20175269,0.0,0.0
DVL1,0.28266585,0.0,-1.0
DVL2,0.3136358,0.0,-1.0
DVL3,0.28087348,0.0,-1.0
DXO,0.16320257,0.0,0.0
DYDC1,0.19905269,0.0,0.0
DYDC2,0.044648673,0.0,0.0
DYM,0.05373431,0.0,-1.0
DYNC1H1,0.40952978,0.0,-1.0
DYNC1I1,0.29458913,0.0,-1.0
DYNC1I2,0.19431917,0.0,0.0
DYNC1LI1,0.20983925,0.0,0.0
DYNC1LI2,0.18426062,0.0,0.0
DYNC2I1,0.1375992,0.0,0.0
DYNC2I2,0.14632301,0.0,0.0
DYNC2LI1,0.19019769,0.0,0.0
DYNLL1,0.30694374,0.0,-1.0
DYNLL2,0.30335137,0.0,0.0
DYNLRB1,0.19547302,0.0,0.0
DYNLRB2,0.07249463,0.0,0.0
DYNLT1,0.16994113,0.0,0.0
DYNLT2B,0.16827755,0.0,0.0
DYNLT3,0.2128133,0.0,0.0
DYNLT4,0.31853396,0.0,0.0
DYNLT5,0.030685749,0.0,0.0
DYRK1A,0.30614543,0.0,-1.0
DYRK1B,0.33821222,0.0,-1.0
DYRK2,0.19377953,0.0,0.0
DYRK3,0.22790286,0.0,0.0
DYRK4,0.23562472,0.0,0.0
DYSF,0.5528023,1.0,-1.0
DZANK1,0.07723723,0.0,0.0
DZIP1,0.19761382,0.0,0.0
DZIP1L,0.10125416,0.0,0.0
DZIP3,0.22461239,0.0,0.0
E2F1,0.51832306,1.0,-1.0
E2F2,0.31804553,0.0,-1.0
E2F3,0.3196378,0.0,1.0
E2F4,0.40807796,0.0,-1.0
E2F5,0.074201636,0.0,0.0
E2F6,0.25821006,0.0,-1.0
E2F7,0.20201004,0.0,-1.0
E2F8,0.20355058,0.0,0.0
E4F1,0.2373268,0.0,0.0
EAF1,0.14204547,0.0,0.0
EAF2,0.12426658,0.0,-1.0
EAPP,0.13919264,0.0,0.0
EARS2,0.105317384,0.0,0.0
EBAG9,0.06343185,0.0,-1.0
EBF1,0.29085073,0.0,1.0
EBF2,0.078638606,0.0,0.0
EBF3,0.2812474,0.0,0.0
EBF4,0.16023073,0.0,0.0
EBI3,0.14268525,0.0,0.0
EBLN2,0.15039235,0.0,0.0
EBNA1BP2,0.19218971,0.0,0.0
EBP,0.100011736,0.0,-1.0
EBPL,0.102454595,0.0,0.0
ECD,0.14089397,0.0,0.0
ECE1,0.042600125,0.0,0.0
ECE2,0.20883858,0.0,0.0
ECEL1,0.19314305,0.0,0.0
ECH1,0.18425517,0.0,0.0
ECHDC1,0.05324738,0.0,0.0
ECHDC2,0.2163221,0.0,0.0
ECHS1,0.18342282,0.0,0.0
ECI1,0.15295923,0.0,0.0
ECI2,0.056068223,0.0,0.0
ECM1,0.2460582,0.0,-1.0
ECPAS,0.21857852,0.0,0.0
ECSCR,0.22968411,0.0,0.0
ECSIT,0.3187234,0.0,0.0
ECT2,0.30073866,0.0,-1.0
EDA,0.1141926,0.0,-1.0
EDA2R,0.15487055,0.0,0.0
EDAR,0.18112653,0.0,-1.0
EDARADD,0.19398731,0.0,-1.0
EDC3,0.21134065,0.0,0.0
EDC4,0.2594286,0.0,-1.0
EDDM3B,0.08595563,0.0,0.0
EDEM1,0.13139626,0.0,-1.0
EDEM2,0.10945284,0.0,0.0
EDEM3,0.11027252,0.0,0.0
EDF1,0.30342174,0.0,0.0
EDIL3,0.13687551,0.0,-1.0
EDN1,0.10401372,0.0,-1.0
EDN2,0.06325463,0.0,0.0
EDNRA,0.1904805,0.0,-1.0
EDNRB,0.19560108,0.0,-1.0
EDRF1,0.18822846,0.0,-1.0
EEA1,0.23324737,0.0,0.0
EED,0.5176865,1.0,1.0
EEF1A1,0.4871481,0.0,-1.0
EEF1A2,0.30765605,0.0,-1.0
EEF1AKMT1,0.1531295,0.0,0.0
EEF1AKMT2,0.037963305,0.0,0.0
EEF1B2,0.2170177,0.0,0.0
EEF1D,0.27884015,0.0,-1.0
EEF1E1,0.1580985,0.0,0.0
EEF1G,0.34328866,0.0,0.0
EEF2,0.26317906,0.0,-1.0
EEF2K,0.2954463,0.0,-1.0
EEF2KMT,0.09498249,0.0,0.0
EEFSEC,0.073031224,0.0,0.0
EEPD1,0.22193846,0.0,0.0
EFCAB11,0.04201272,0.0,0.0
EFCAB12,0.13574994,0.0,0.0
EFCAB14,0.123044506,0.0,0.0
EFCAB6,0.23996046,0.0,0.0
EFCAB7,0.095324084,0.0,0.0
EFCC1,0.05288177,0.0,0.0
EFEMP1,0.21483462,0.0,-1.0
EFEMP2,0.25215286,0.0,-1.0
EFHC1,0.15282348,0.0,-1.0
EFHC2,0.18177404,0.0,0.0
EFHD1,0.15064254,0.0,-1.0
EFHD2,0.1392879,0.0,-1.0
EFL1,0.12157081,0.0,0.0
EFNA1,0.20683172,0.0,-1.0
EFNA2,0.29488388,0.0,-1.0
EFNA3,0.16155419,0.0,-1.0
EFNA4,0.14307347,0.0,-1.0
EFNA5,0.24386987,0.0,-1.0
EFNB1,0.28224885,0.0,0.0
EFNB2,0.25970572,0.0,0.0
EFNB3,0.1089753,0.0,0.0
EFR3A,0.09398506,0.0,0.0
EFR3B,0.08199443,0.0,0.0
EFS,0.2888481,0.0,0.0
EFTUD2,0.25811234,0.0,-1.0
EGF,0.27397552,0.0,-1.0
EGFL6,0.14434549,0.0,-1.0
EGFL7,0.25658104,0.0,1.0
EGFL8,0.13244486,0.0,0.0
EGFR,0.67609185,1.0,1.0
EGLN1,0.25171816,0.0,-1.0
EGLN2,0.23474976,0.0,-1.0
EGLN3,0.22987567,0.0,-1.0
EGR1,0.3751433,0.0,1.0
EGR2,0.24063261,0.0,-1.0
EHBP1,0.3908529,0.0,-1.0
EHBP1L1,0.17911007,0.0,0.0
EHD1,0.19507146,0.0,0.0
EHD2,0.16843455,0.0,0.0
EHD3,0.11042088,0.0,0.0
EHD4,0.20092514,0.0,0.0
EHF,0.27351895,0.0,-1.0
EHHADH,0.1825878,0.0,0.0
EHMT1,0.23838697,0.0,-1.0
EHMT2,0.3490526,0.0,-1.0
EI24,0.087913424,0.0,-1.0
EID1,0.2920721,0.0,0.0
EID2,0.1927922,0.0,0.0
EID2B,0.15472786,0.0,0.0
EID3,0.18222834,0.0,0.0
EIF1,0.179393,0.0,0.0
EIF1AD,0.13287012,0.0,0.0
EIF1AX,0.17558745,0.0,1.0
EIF1AY,0.14377163,0.0,0.0
EIF1B,0.3492179,0.0,-1.0
EIF2A,0.17509194,0.0,0.0
EIF2AK1,0.16133046,0.0,-1.0
EIF2AK2,0.27926287,0.0,-1.0
EIF2AK3,0.21523508,0.0,-1.0
EIF2AK4,0.26208633,0.0,-1.0
EIF2B1,0.20588298,0.0,-1.0
EIF2B2,0.21091792,0.0,-1.0
EIF2B3,0.19522277,0.0,-1.0
EIF2B4,0.1305579,0.0,-1.0
EIF2B5,0.21910344,0.0,-1.0
EIF2D,0.15546176,0.0,0.0
EIF2S1,0.26091173,0.0,0.0
EIF2S2,0.24288847,0.0,-1.0
EIF3A,0.26353887,0.0,-1.0
EIF3B,0.21700296,0.0,0.0
EIF3C,0.24730738,0.0,-1.0
EIF3CL,0.12845202,0.0,0.0
EIF3D,0.20719878,0.0,0.0
EIF3E,0.23169571,0.0,1.0
EIF3F,0.20038553,0.0,-1.0
EIF3G,0.1923983,0.0,-1.0
EIF3H,0.19624409,0.0,0.0
EIF3I,0.2830469,0.0,-1.0
EIF3J,0.19382596,0.0,0.0
EIF3K,0.20280172,0.0,0.0
EIF3L,0.1898139,0.0,0.0
EIF3M,0.18020588,0.0,0.0
EIF4A1,0.17258973,0.0,-1.0
EIF4A2,0.2749323,0.0,1.0
EIF4A3,0.26252592,0.0,0.0
EIF4B,0.29290453,0.0,-1.0
EIF4E,0.19770767,0.0,1.0
EIF4E2,0.1714299,0.0,0.0
EIF4EBP1,0.29566854,0.0,-1.0
EIF4EBP2,0.14097114,0.0,0.0
EIF4EBP3,0.2110448,0.0,0.0
EIF4ENIF1,0.25750208,0.0,0.0
EIF4G1,0.26068926,0.0,-1.0
EIF4G2,0.24406189,0.0,0.0
EIF4G3,0.23661861,0.0,0.0
EIF4H,0.16319384,0.0,0.0
EIF5,0.22747354,0.0,0.0
EIF5A,0.162258,0.0,-1.0
EIF5A2,0.11876026,0.0,-1.0
EIF5AL1,0.074218266,0.0,0.0
EIF5B,0.25620043,0.0,0.0
EIF6,0.3328914,0.0,0.0
EIPR1,0.23025525,0.0,0.0
ELAC2,0.23608817,0.0,-1.0
ELANE,0.11196678,0.0,-1.0
ELAVL1,0.3075131,0.0,-1.0
ELAVL3,0.2170685,0.0,-1.0
ELAVL4,0.06912707,0.0,-1.0
ELF1,0.21842347,0.0,-1.0
ELF2,0.29125902,0.0,0.0
ELF3,0.30148885,0.0,1.0
ELF4,0.2569331,0.0,1.0
ELF5,0.20912044,0.0,-1.0
ELFN1,0.07313225,0.0,0.0
ELFN2,0.14164282,0.0,0.0
ELK1,0.38236135,0.0,-1.0
ELK3,0.2726054,0.0,-1.0
ELK4,0.24017876,0.0,1.0
ELL,0.17156975,0.0,1.0
ELL2,0.19559562,0.0,0.0
ELL3,0.18534657,0.0,0.0
ELMO1,0.16999477,0.0,-1.0
ELMO2,0.14468674,0.0,0.0
ELMO3,0.0949815,0.0,-1.0
ELMOD1,0.052773185,0.0,0.0
ELMOD2,0.10992241,0.0,0.0
ELMOD3,0.1323206,0.0,0.0
ELN,0.25996965,0.0,-1.0
ELOA,0.19111009,0.0,0.0
ELOA2,0.08943606,0.0,0.0
ELOA3P,0.27921945,0.0,0.0
ELOB,0.11755158,0.0,-1.0
ELOC,0.16539423,0.0,-1.0
ELOF1,0.10602159,0.0,-1.0
ELOVL1,0.12556127,0.0,0.0
ELOVL2,0.08895265,0.0,0.0
ELOVL3,0.041228697,0.0,-1.0
ELOVL4,0.110917814,0.0,-1.0
ELOVL5,0.07268082,0.0,-1.0
ELOVL6,0.05321212,0.0,0.0
ELOVL7,0.11874043,0.0,0.0
ELP1,0.27756226,0.0,-1.0
ELP2,0.23812698,0.0,-1.0
ELP3,0.18493283,0.0,0.0
ELP4,0.13510361,0.0,0.0
ELP5,0.10576372,0.0,0.0
ELP6,0.10071208,0.0,0.0
ELSPBP1,0.19682536,0.0,0.0
EMB,0.101724595,0.0,0.0
EMC1,0.05269201,0.0,0.0
EMC10,0.01609742,0.0,0.0
EMC2,0.011084338,0.0,0.0
EMC3,0.018226258,0.0,0.0
EMC4,0.016614972,0.0,0.0
EMC6,0.019474171,0.0,0.0
EMC7,0.009836773,0.0,0.0
EMC8,0.04514424,0.0,0.0
EMC9,0.011882864,0.0,0.0
EMCN,0.116670206,0.0,0.0
EMD,0.39387685,0.0,-1.0
EME1,0.16095798,0.0,0.0
EMG1,0.1256743,0.0,-1.0
EMID1,0.14154458,0.0,0.0
EMILIN1,0.19079316,0.0,0.0
EMILIN2,0.19108176,0.0,0.0
EMILIN3,0.04315783,0.0,0.0
EML1,0.19037652,0.0,0.0
EML2,0.1285276,0.0,0.0
EML3,0.1515064,0.0,0.0
EML4,0.15914549,0.0,1.0
EML5,0.08210481,0.0,-1.0
EMP1,0.090147816,0.0,-1.0
EMP2,0.046241645,0.0,0.0
EMP3,0.11517638,0.0,-1.0
EMSY,0.27567202,0.0,-1.0
EMX1,0.2798336,0.0,0.0
EMX2,0.077267,0.0,-1.0
EN1,0.19777548,0.0,-1.0
EN2,0.21647587,0.0,-1.0
ENAH,0.3035958,0.0,-1.0
ENC1,0.17244299,0.0,-1.0
ENDOD1,0.02373584,0.0,0.0
ENDOG,0.14328182,0.0,0.0
ENDOV,0.065292224,0.0,0.0
ENG,0.38657176,0.0,-1.0
ENGASE,0.17499374,0.0,0.0
ENKD1,0.14746389,0.0,0.0
ENKUR,0.094004884,0.0,0.0
ENO1,0.34459436,0.0,-1.0
ENO2,0.15952806,0.0,0.0
ENO3,0.13983226,0.0,0.0
ENOPH1,0.09940862,0.0,0.0
ENOX1,0.1336581,0.0,0.0
ENOX2,0.1886711,0.0,-1.0
ENPEP,0.04328292,0.0,0.0
ENPP1,0.13831015,0.0,-1.0
ENPP2,0.18530323,0.0,-1.0
ENPP3,0.2322771,0.0,0.0
ENPP7,0.25631252,0.0,-1.0
ENSA,0.18884584,0.0,0.0
ENTPD1,0.15815082,0.0,0.0
ENTPD2,0.0649098,0.0,0.0
ENTPD3,0.08301879,0.0,0.0
ENTPD4,0.035295215,0.0,0.0
ENTPD5,0.058357853,0.0,0.0
ENTPD6,0.12800118,0.0,-1.0
ENTR1,0.14511928,0.0,0.0
ENY2,0.04946833,0.0,0.0
EOGT,0.1299141,0.0,0.0
EOLA1,0.113919005,0.0,0.0
EOMES,0.112431094,0.0,-1.0
EP300,0.8229856,1.0,1.0
EP400,0.29567233,0.0,1.0
EP400P1,0.10148585,0.0,0.0
EPAS1,0.45454645,0.0,1.0
EPB41,0.38575262,0.0,-1.0
EPB41L1,0.22078888,0.0,-1.0
EPB41L2,0.2291387,0.0,0.0
EPB41L3,0.42157578,0.0,-1.0
EPB41L4A,0.117763326,0.0,0.0
EPB41L5,0.17900732,0.0,0.0
EPB42,0.2546907,0.0,-1.0
EPC1,0.21387105,0.0,-1.0
EPC2,0.16479994,0.0,0.0
EPCAM,0.16296437,0.0,1.0
EPDR1,0.10985214,0.0,0.0
EPG5,0.07500016,0.0,-1.0
EPHA1,0.18004127,0.0,-1.0
EPHA10,0.09608834,0.0,0.0
EPHA2,0.27739042,0.0,-1.0
EPHA3,0.14564316,0.0,1.0
EPHA4,0.16141583,0.0,-1.0
EPHA5,0.07974941,0.0,-1.0
EPHA6,0.06666551,0.0,-1.0
EPHA7,0.14421311,0.0,1.0
EPHA8,0.234795,0.0,0.0
EPHB1,0.3128392,0.0,1.0
EPHB2,0.19975452,0.0,-1.0
EPHB3,0.19592977,0.0,-1.0
EPHB4,0.18439399,0.0,-1.0
EPHB6,0.26381716,0.0,-1.0
EPHX1,0.20950398,0.0,0.0
EPHX2,0.1735153,0.0,0.0
EPM2A,0.04471247,0.0,-1.0
EPM2AIP1,0.07332567,0.0,0.0
EPN1,0.19963284,0.0,0.0
EPN2,0.24294406,0.0,0.0
EPN3,0.19408195,0.0,0.0
EPO,0.21873228,0.0,-1.0
EPOR,0.54504323,1.0,1.0
EPPK1,0.26176915,0.0,-1.0
EPRS1,0.34540734,0.0,-1.0
EPS15,0.40462404,0.0,1.0
EPS15L1,0.21959679,0.0,-1.0
EPS8,0.23239502,0.0,-1.0
EPS8L1,0.20874871,0.0,-1.0
EPS8L2,0.22944063,0.0,0.0
EPS8L3,0.1279774,0.0,0.0
EPSTI1,0.29428878,0.0,0.0
EPX,0.25719702,0.0,0.0
ERAL1,0.13422817,0.0,-1.0
ERAP1,0.07116078,0.0,-1.0
ERAP2,0.019211465,0.0,0.0
ERAS,0.27067927,0.0,-1.0
ERBB2,0.757558,1.0,1.0
ERBB3,0.6171996,1.0,1.0
ERBB4,0.52767086,1.0,1.0
ERBIN,0.3386064,0.0,-1.0
ERC1,0.21399932,0.0,1.0
ERC2,0.397124,0.0,-1.0
ERCC1,0.19735216,0.0,-1.0
ERCC2,0.14449282,0.0,1.0
ERCC3,0.16196921,0.0,1.0
ERCC4,0.22220418,0.0,1.0
ERCC5,0.16852884,0.0,1.0
ERCC6,0.28456268,0.0,-1.0
ERCC6L,0.22049816,0.0,0.0
ERCC8,0.17931728,0.0,-1.0
EREG,0.051004644,0.0,-1.0
ERF,0.20324938,0.0,1.0
ERG,0.29242355,0.0,1.0
ERG28,0.36516923,0.0,0.0
ERGIC1,0.09346073,0.0,0.0
ERGIC2,0.11371772,0.0,0.0
ERGIC3,0.061298657,0.0,-1.0
ERH,0.1782985,0.0,0.0
ERI1,0.10554658,0.0,-1.0
ERI3,0.16867664,0.0,0.0
ERICH1,0.059384063,0.0,-1.0
ERICH2,0.13673694,0.0,0.0
ERICH3,0.27396008,0.0,0.0
ERICH6,0.18046223,0.0,0.0
ERLEC1,0.16225901,0.0,0.0
ERLIN1,0.12988529,0.0,0.0
ERLIN2,0.22337016,0.0,0.0
ERMAP,0.09696609,0.0,0.0
ERMN,0.20436557,0.0,0.0
ERMP1,0.14488322,0.0,0.0
ERN1,0.27278176,0.0,-1.0
ERO1A,0.16596127,0.0,0.0
ERO1B,0.1715574,0.0,0.0
ERP27,0.16891363,0.0,0.0
ERP29,0.12682526,0.0,0.0
ERP44,0.17810866,0.0,0.0
ERRFI1,0.38506123,0.0,1.0
ERV3-1,0.07006885,0.0,0.0
ERVV-1,0.047191653,0.0,0.0
ERVW-1,5.0592694e-06,0.0,-1.0
ESCO1,0.22592087,0.0,0.0
ESCO2,0.24631211,0.0,1.0
ESD,0.15798081,0.0,0.0
ESF1,0.18166244,0.0,0.0
ESM1,0.08404821,0.0,-1.0
ESPL1,0.2853052,0.0,-1.0
ESR1,0.67260903,1.0,1.0
ESR2,0.5088672,1.0,-1.0
ESRP1,0.14688534,0.0,0.0
ESRRA,0.3064691,0.0,-1.0
ESRRB,0.09520522,0.0,0.0
ESRRG,0.33266523,0.0,-1.0
ESS2,0.2055646,0.0,0.0
ESX1,0.13450827,0.0,0.0
ESYT1,0.091336735,0.0,0.0
ESYT2,0.026388397,0.0,0.0
ESYT3,0.026388397,0.0,0.0
ETAA1,0.093149826,0.0,1.0
ETF1,0.20599568,0.0,0.0
ETFA,0.15810311,0.0,-1.0
ETFB,0.13806179,0.0,-1.0
ETFBKMT,0.1534502,0.0,0.0
ETFDH,0.06115936,0.0,-1.0
ETHE1,0.18648423,0.0,0.0
ETNK1,0.13449143,0.0,1.0
ETNK2,0.12872167,0.0,0.0
ETNPPL,0.05025419,0.0,0.0
ETS1,0.36287922,0.0,-1.0
ETS2,0.43897364,0.0,-1.0
ETV1,0.29751545,0.0,1.0
ETV2,0.15123822,0.0,0.0
ETV3,0.18001665,0.0,-1.0
ETV4,0.23602945,0.0,1.0
ETV5,0.11225253,0.0,1.0
ETV6,0.31884834,0.0,1.0
ETV7,0.15129277,0.0,-1.0
EVA1A,0.13031025,0.0,0.0
EVA1B,0.049647104,0.0,0.0
EVA1C,0.04201272,0.0,0.0
EVC2,0.23273982,0.0,-1.0
EVI2A,0.13744608,0.0,-1.0
EVI5,0.21060203,0.0,0.0
EVI5L,0.1483235,0.0,0.0
EVL,0.23226579,0.0,-1.0
EVPL,0.11076813,0.0,-1.0
EVX1,0.27265126,0.0,0.0
EWSR1,0.15816326,0.0,1.0
EXD1,0.11737914,0.0,0.0
EXD3,0.16849835,0.0,0.0
EXO1,0.22998986,0.0,0.0
EXO5,0.05518351,0.0,0.0
EXOC1,0.19250377,0.0,0.0
EXOC2,0.19061297,0.0,-1.0
EXOC3,0.29526377,0.0,0.0
EXOC4,0.27448985,0.0,-1.0
EXOC5,0.15945056,0.0,0.0
EXOC6,0.2434905,0.0,0.0
EXOC6B,0.13014348,0.0,0.0
EXOC7,0.19297245,0.0,-1.0
EXOC8,0.20389158,0.0,-1.0
EXOSC1,0.19104412,0.0,0.0
EXOSC10,0.14224248,0.0,0.0
EXOSC2,0.11829619,0.0,0.0
EXOSC3,0.13211171,0.0,0.0
EXOSC4,0.11706779,0.0,0.0
EXOSC5,0.14199844,0.0,0.0
EXOSC6,0.15190502,0.0,-1.0
EXOSC7,0.12280961,0.0,0.0
EXOSC8,0.15600172,0.0,0.0
EXOSC9,0.15683351,0.0,0.0
EXPH5,0.2632283,0.0,-1.0
EXT1,0.20940974,0.0,1.0
EXT2,0.21537988,0.0,1.0
EXTL1,0.07642965,0.0,0.0
EXTL3,0.29945564,0.0,0.0
EYA1,0.22597145,0.0,-1.0
EYA2,0.198294,0.0,-1.0
EYA3,0.12034203,0.0,0.0
EZH1,0.25303638,0.0,1.0
EZH2,0.55102414,1.0,1.0
EZHIP,0.04201272,0.0,1.0
EZR,0.45007205,0.0,1.0
F10,0.1572423,0.0,-1.0
F11,0.06939462,0.0,-1.0
F11R,0.2717489,0.0,0.0
F12,0.12064677,0.0,-1.0
F13A1,0.26724422,0.0,-1.0
F13B,0.16443612,0.0,-1.0
F2,0.2201517,0.0,-1.0
F2R,0.18521409,0.0,-1.0
F2RL1,0.15707016,0.0,0.0
F2RL2,0.3020455,0.0,-1.0
F2RL3,0.14866902,0.0,-1.0
F3,0.19943585,0.0,-1.0
F5,0.1400057,0.0,-1.0
F7,0.18473735,0.0,-1.0
F8,0.5627626,1.0,-1.0
F8A3,0.18669137,0.0,0.0
F9,0.12304195,0.0,-1.0
FA2H,0.106803834,0.0,-1.0
FAAH,0.10682203,0.0,0.0
FAAP100,0.20328732,0.0,0.0
FAAP20,0.2395839,0.0,0.0
FAAP24,0.2364407,0.0,0.0
FABP1,0.20850852,0.0,0.0
FABP2,0.13828006,0.0,0.0
FABP3,0.23706226,0.0,-1.0
FABP4,0.18532565,0.0,-1.0
FABP5,0.21369663,0.0,-1.0
FADD,0.3776492,0.0,-1.0
FADS1,0.11109051,0.0,0.0
FADS2,0.13012356,0.0,0.0
FADS3,0.049139,0.0,0.0
FAF1,0.3135007,0.0,-1.0
FAF2,0.18788655,0.0,0.0
FAH,0.16051573,0.0,-1.0
FAHD1,0.05910558,0.0,0.0
FAHD2A,0.08929663,0.0,0.0
FAHD2B,0.09937414,0.0,-1.0
FAIM,0.08358806,0.0,-1.0
FAIM2,0.03523362,0.0,0.0
FAM102A,0.15692501,0.0,0.0
FAM104A,0.08938066,0.0,0.0
FAM107A,0.20191284,0.0,-1.0
FAM110A,0.21399651,0.0,0.0
FAM110C,0.13488919,0.0,0.0
FAM111A,0.11165082,0.0,-1.0
FAM111B,0.15800774,0.0,-1.0
FAM114A1,0.1930178,0.0,0.0
FAM114A2,0.04692995,0.0,0.0
FAM117B,0.19012006,0.0,-1.0
FAM118A,0.085363805,0.0,0.0
FAM118B,0.1670605,0.0,-1.0
FAM120A,0.21157923,0.0,0.0
FAM120B,0.19937833,0.0,0.0
FAM120C,0.1999422,0.0,0.0
FAM124A,0.14209448,0.0,0.0
FAM124B,0.1886704,0.0,0.0
FAM126B,0.09910057,0.0,-1.0
FAM131A,0.12692237,0.0,0.0
FAM131C,0.15345874,0.0,0.0
FAM133A,0.14775716,0.0,-1.0
FAM133B,0.09059615,0.0,0.0
FAM135A,0.0534473,0.0,0.0
FAM135B,0.17703962,0.0,1.0
FAM136A,0.11276573,0.0,0.0
FAM13A,0.10587461,0.0,0.0
FAM13B,0.14331429,0.0,0.0
FAM13C,0.16994639,0.0,0.0
FAM151B,0.014066895,0.0,0.0
FAM153A,0.038348507,0.0,0.0
FAM156B,0.12720415,0.0,0.0
FAM161A,0.10830603,0.0,-1.0
FAM161B,0.032518316,0.0,0.0
FAM162A,0.11972244,0.0,0.0
FAM167A,0.036905635,0.0,-1.0
FAM168A,0.159893,0.0,0.0
FAM168B,0.07217025,0.0,0.0
FAM169A,0.06497468,0.0,0.0
FAM171A1,0.26646253,0.0,-1.0
FAM171A2,0.10888043,0.0,0.0
FAM171B,0.10524831,0.0,-1.0
FAM172A,0.03616651,0.0,0.0
FAM174B,0.07526532,0.0,0.0
FAM178B,0.08316409,0.0,0.0
FAM184A,0.092384644,0.0,0.0
FAM184B,0.015574703,0.0,0.0
FAM189A2,0.2331134,0.0,0.0
FAM189B,0.15832238,0.0,0.0
FAM193B,0.14164793,0.0,0.0
FAM199X,0.097417414,0.0,0.0
FAM200A,0.06798714,0.0,0.0
FAM204A,0.042524602,0.0,0.0
FAM20B,0.07062449,0.0,0.0
FAM20C,0.15554982,0.0,0.0
FAM210A,0.04252596,0.0,0.0
FAM210B,0.049125075,0.0,0.0
FAM214A,0.17685395,0.0,0.0
FAM214B,0.15091643,0.0,0.0
FAM216A,0.04201272,0.0,0.0
FAM218A,0.00074431906,0.0,0.0
FAM219A,0.14637488,0.0,0.0
FAM222A,0.0970475,0.0,0.0
FAM222B,0.06226573,0.0,0.0
FAM234A,0.103770666,0.0,-1.0
FAM234B,0.044650625,0.0,0.0
FAM241A,0.04201272,0.0,-1.0
FAM241B,0.07041574,0.0,0.0
FAM32A,0.08555604,0.0,0.0
FAM3A,0.03739343,0.0,0.0
FAM3C,0.11528309,0.0,0.0
FAM43B,0.0312758,0.0,0.0
FAM47B,0.19493057,0.0,0.0
FAM50A,0.06732763,0.0,-1.0
FAM50B,0.16552308,0.0,0.0
FAM53B,0.11144175,0.0,0.0
FAM53C,0.23608483,0.0,0.0
FAM72A,0.08773927,0.0,0.0
FAM72B,0.11185932,0.0,0.0
FAM72D,0.12763,0.0,-1.0
FAM76B,0.1255719,0.0,0.0
FAM78A,0.17710125,0.0,0.0
FAM81A,0.14150977,0.0,0.0
FAM81B,0.13008022,0.0,0.0
FAM83A,0.19205308,0.0,0.0
FAM83B,0.21385042,0.0,-1.0
FAM83C,0.25631225,0.0,0.0
FAM83D,0.21093242,0.0,0.0
FAM83F,0.10508511,0.0,0.0
FAM83G,0.26744863,0.0,0.0
FAM83H,0.18961495,0.0,-1.0
FAM86B1,0.031444024,0.0,0.0
FAM86B2,0.16156967,0.0,0.0
FAM86C1P,0.080053195,0.0,0.0
FAM8A1,0.07865581,0.0,0.0
FAM90A1,0.19349347,0.0,0.0
FAM91A1,0.12225383,0.0,-1.0
FAM98A,0.116983294,0.0,0.0
FAM98B,0.13047762,0.0,0.0
FAM98C,0.018956918,0.0,0.0
FAM9A,0.12789808,0.0,0.0
FAM9B,0.10243036,0.0,0.0
FAM9C,0.10480566,0.0,0.0
FAN1,0.2516369,0.0,0.0
FANCA,0.5341106,1.0,1.0
FANCB,0.23067679,0.0,-1.0
FANCC,0.37012476,0.0,1.0
FANCD2,0.36721343,0.0,1.0
FANCE,0.30050784,0.0,1.0
FANCF,0.2796926,0.0,1.0
FANCG,0.37959686,0.0,1.0
FANCI,0.25141692,0.0,-1.0
FANCL,0.22361308,0.0,1.0
FANCM,0.32129428,0.0,-1.0
FANK1,0.13542412,0.0,-1.0
FAP,0.058482684,0.0,0.0
FAR1,0.15137242,0.0,0.0
FAR2,0.11224809,0.0,0.0
FARP1,0.11272798,0.0,0.0
FARP2,0.124289945,0.0,0.0
FARS2,0.14201853,0.0,0.0
FARSA,0.20427997,0.0,0.0
FARSB,0.20822491,0.0,0.0
FAS,0.42939302,0.0,1.0
FASLG,0.30927417,0.0,-1.0
FASN,0.2709525,0.0,-1.0
FASTK,0.20549169,0.0,0.0
FASTKD1,0.16246352,0.0,0.0
FASTKD2,0.15153219,0.0,0.0
FASTKD3,0.15827152,0.0,0.0
FASTKD5,0.15709743,0.0,0.0
FAT1,0.40069878,0.0,1.0
FAT3,0.3370414,0.0,1.0
FAT4,0.3034744,0.0,1.0
FATE1,0.05497923,0.0,0.0
FAU,0.13466235,0.0,-1.0
FBF1,0.10878481,0.0,-1.0
FBH1,0.24188595,0.0,-1.0
FBL,0.27060375,0.0,0.0
FBLIM1,0.061639436,0.0,0.0
FBLN1,0.27578,0.0,-1.0
FBLN2,0.24794415,0.0,1.0
FBLN5,0.24855882,0.0,-1.0
FBN1,0.4614442,0.0,-1.0
FBN2,0.36670527,0.0,-1.0
FBN3,0.27588913,0.0,-1.0
FBP1,0.3517505,0.0,-1.0
FBP2,0.3249436,0.0,0.0
FBRS,0.19151184,0.0,0.0
FBRSL1,0.17534779,0.0,-1.0
FBXL12,0.21546398,0.0,0.0
FBXL13,0.15889473,0.0,0.0
FBXL14,0.16728881,0.0,0.0
FBXL15,0.2772052,0.0,0.0
FBXL16,0.15836994,0.0,0.0
FBXL17,0.15817258,0.0,-1.0
FBXL18,0.16520444,0.0,0.0
FBXL19,0.15696819,0.0,0.0
FBXL2,0.18249373,0.0,0.0
FBXL20,0.07977963,0.0,0.0
FBXL21P,0.16532415,0.0,0.0
FBXL22,0.1499665,0.0,0.0
FBXL3,0.13841827,0.0,0.0
FBXL4,0.1216794,0.0,0.0
FBXL5,0.18312034,0.0,0.0
FBXL6,0.064674914,0.0,0.0
FBXL7,0.18098037,0.0,-1.0
FBXL8,0.12995252,0.0,0.0
FBXO10,0.15206629,0.0,0.0
FBXO11,0.20402133,0.0,1.0
FBXO15,0.19290239,0.0,-1.0
FBXO16,0.035830095,0.0,0.0
FBXO17,0.15881348,0.0,0.0
FBXO2,0.21742575,0.0,0.0
FBXO21,0.19394958,0.0,0.0
FBXO24,0.21344604,0.0,0.0
FBXO25,0.19732843,0.0,-1.0
FBXO27,0.17704557,0.0,0.0
FBXO28,0.1811975,0.0,-1.0
FBXO3,0.16983475,0.0,0.0
FBXO30,0.21746765,0.0,0.0
FBXO31,0.23780647,0.0,-1.0
FBXO32,0.18854053,0.0,-1.0
FBXO33,0.14319676,0.0,0.0
FBXO34,0.19694188,0.0,0.0
FBXO38,0.15216912,0.0,0.0
FBXO4,0.18046857,0.0,0.0
FBXO40,0.08904479,0.0,-1.0
FBXO41,0.19255593,0.0,0.0
FBXO42,0.15427226,0.0,0.0
FBXO43,0.10039409,0.0,0.0
FBXO44,0.16125457,0.0,0.0
FBXO45,0.23729368,0.0,0.0
FBXO46,0.16255376,0.0,0.0
FBXO5,0.25315207,0.0,-1.0
FBXO6,0.116886765,0.0,0.0
FBXO7,0.17774941,0.0,-1.0
FBXO8,0.16753541,0.0,0.0
FBXO9,0.20322423,0.0,-1.0
FBXW11,0.30644056,0.0,0.0
FBXW2,0.20708822,0.0,0.0
FBXW4,0.22210874,0.0,-1.0
FBXW5,0.17582679,0.0,-1.0
FBXW7,0.5904157,1.0,1.0
FBXW8,0.27158126,0.0,0.0
FBXW9,0.13170923,0.0,0.0
FCAR,0.038657546,0.0,0.0
FCER1A,0.2341091,0.0,-1.0
FCER1G,0.21846111,0.0,0.0
FCER2,0.31891242,0.0,-1.0
FCF1,0.021097613,0.0,-1.0
FCGBP,0.20020439,0.0,0.0
FCGR1A,0.3033246,0.0,-1.0
FCGR2A,0.26731408,0.0,-1.0
FCGR2B,0.34705132,0.0,1.0
FCGR2C,0.09784032,0.0,0.0
FCGR3A,0.3269542,0.0,-1.0
FCGR3B,0.14840466,0.0,0.0
FCGRT,0.11551757,0.0,0.0
FCHO1,0.23059765,0.0,0.0
FCHO2,0.061443206,0.0,0.0
FCHSD1,0.13929579,0.0,0.0
FCHSD2,0.11985472,0.0,0.0
FCMR,0.13738951,0.0,0.0
FCN1,0.10512876,0.0,0.0
FCN2,0.04432469,0.0,0.0
FCRL2,0.017067261,0.0,0.0
FCRL3,0.26699182,0.0,-1.0
FCRL4,0.6107792,1.0,1.0
FCRLB,0.0580008,0.0,0.0
FCSK,0.054646775,0.0,-1.0
FDFT1,0.15127957,0.0,0.0
FDPS,0.18774968,0.0,0.0
FDX1,0.21863666,0.0,-1.0
FDX2,0.13619757,0.0,0.0
FDXACB1,0.08749439,0.0,0.0
FDXR,0.17022519,0.0,-1.0
FECH,0.1458893,0.0,-1.0
FEM1A,0.108193256,0.0,-1.0
FEM1B,0.17470343,0.0,0.0
FEM1C,0.15837102,0.0,0.0
FEN1,0.27554137,0.0,1.0
FER,0.36843592,0.0,0.0
FER1L6,0.15582098,0.0,0.0
FERD3L,0.1283252,0.0,-1.0
FERMT1,0.09987563,0.0,0.0
FERMT2,0.21763225,0.0,0.0
FERMT3,0.13328065,0.0,-1.0
FES,0.28274992,0.0,1.0
FETUB,0.060562003,0.0,0.0
FEV,0.06471654,0.0,1.0
FEZ1,0.19451518,0.0,0.0
FEZ2,0.1674818,0.0,0.0
FEZF2,0.03414112,0.0,0.0
FFAR1,0.03641119,0.0,0.0
FFAR2,0.12372883,0.0,0.0
FGA,0.25556916,0.0,-1.0
FGB,0.2208553,0.0,-1.0
FGD1,0.13836378,0.0,-1.0
FGD2,0.14222027,0.0,0.0
FGD3,0.15506671,0.0,0.0
FGD4,0.12613153,0.0,-1.0
FGD5,0.08117036,0.0,0.0
FGD6,0.12698163,0.0,0.0
FGF1,0.21820363,0.0,-1.0
FGF10,0.16993019,0.0,-1.0
FGF12,0.15173882,0.0,-1.0
FGF13,0.16982765,0.0,-1.0
FGF14,0.08231126,0.0,-1.0
FGF18,0.0123051675,0.0,-1.0
FGF19,0.22998539,0.0,1.0
FGF2,0.23701186,0.0,-1.0
FGF21,0.10708941,0.0,-1.0
FGF23,0.18351343,0.0,-1.0
FGF3,0.20792578,0.0,1.0
FGF4,0.29806206,0.0,1.0
FGF5,0.25703678,0.0,-1.0
FGF6,0.10576245,0.0,-1.0
FGF7,0.27049297,0.0,-1.0
FGF8,0.23433983,0.0,-1.0
FGF9,0.35712558,0.0,-1.0
FGFBP1,0.20130958,0.0,-1.0
FGFR1,0.4581394,0.0,1.0
FGFR1OP2,0.22069152,0.0,-1.0
FGFR2,0.6001319,1.0,1.0
FGFR3,0.615004,1.0,1.0
FGFR4,0.5479306,1.0,1.0
FGFRL1,0.14659771,0.0,0.0
FGG,0.13593896,0.0,-1.0
FGL1,0.046468817,0.0,0.0
FGR,0.4473635,0.0,-1.0
FH,0.22392327,0.0,1.0
FHIP1B,0.24235302,0.0,0.0
FHIP2A,0.093951784,0.0,0.0
FHIT,0.22603711,0.0,1.0
FHL1,0.24005358,0.0,-1.0
FHL2,0.399611,0.0,-1.0
FHL3,0.14522079,0.0,0.0
FHL5,0.17390586,0.0,0.0
FHOD1,0.30610263,0.0,-1.0
FHOD3,0.23217393,0.0,0.0
FIBCD1,0.13510486,0.0,0.0
FIBP,0.23200816,0.0,0.0
FICD,0.12730291,0.0,0.0
FIG4,0.07334942,0.0,-1.0
FIGN,0.085970365,0.0,0.0
FIGNL1,0.15713207,0.0,-1.0
FILIP1,0.22416615,0.0,0.0
FIP1L1,0.18442719,0.0,1.0
FIS1,0.14331695,0.0,0.0
FITM2,0.023934444,0.0,0.0
FIZ1,0.097365946,0.0,-1.0
FJX1,0.07572709,0.0,0.0
FKBP10,0.16073185,0.0,-1.0
FKBP11,0.104067475,0.0,0.0
FKBP14,0.1455865,0.0,0.0
FKBP15,0.21289374,0.0,0.0
FKBP1A,0.2944411,0.0,0.0
FKBP1B,0.20428768,0.0,0.0
FKBP2,0.20943083,0.0,0.0
FKBP3,0.27144897,0.0,0.0
FKBP4,0.28924254,0.0,0.0
FKBP5,0.3417047,0.0,-1.0
FKBP6,0.17528684,0.0,0.0
FKBP7,0.20920785,0.0,0.0
FKBP8,0.25876692,0.0,-1.0
FKBP9,0.14779833,0.0,1.0
FKBPL,0.23364297,0.0,0.0
FLACC1,0.21253861,0.0,0.0
FLAD1,0.21523555,0.0,0.0
FLCN,0.31376937,0.0,1.0
FLG,0.25380296,0.0,-1.0
FLG2,0.18058415,0.0,0.0
FLI1,0.20877485,0.0,1.0
FLII,0.25915223,0.0,-1.0
FLNA,0.5817735,1.0,1.0
FLNB,0.40805027,0.0,-1.0
FLNC,0.41273984,0.0,-1.0
FLOT1,0.17865103,0.0,0.0
FLOT2,0.1626286,0.0,0.0
FLRT1,9.295651e-06,0.0,0.0
FLRT2,9.295651e-06,0.0,-1.0
FLRT3,0.030993305,0.0,0.0
FLT1,0.48413152,0.0,1.0
FLT3,0.27363142,0.0,1.0
FLT3LG,0.16861472,0.0,-1.0
FLT4,0.31986338,0.0,1.0
FLVCR1,0.15115167,0.0,0.0
FLYWCH1,0.2165374,0.0,-1.0
FLYWCH2,0.055486932,0.0,0.0
FMC1,0.04201272,0.0,0.0
FMNL1,0.3550146,0.0,-1.0
FMNL2,0.17414317,0.0,-1.0
FMNL3,0.14483988,0.0,-1.0
FMOD,0.26185408,0.0,-1.0
FMR1,0.3321857,0.0,-1.0
FN1,0.57761866,1.0,-1.0
FN3KRP,0.15238655,0.0,-1.0
FNBP1,0.29769287,0.0,-1.0
FNBP1L,0.21740146,0.0,-1.0
FNBP4,0.26280802,0.0,-1.0
FNDC11,0.112992,0.0,0.0
FNDC3B,0.20792751,0.0,0.0
FNDC4,0.039739825,0.0,0.0
FNIP1,0.16022985,0.0,-1.0
FNTA,0.28725174,0.0,0.0
FNTB,0.21242686,0.0,0.0
FOCAD,0.15618266,0.0,0.0
FOLH1,0.07064024,0.0,-1.0
FOLR1,0.19892047,0.0,0.0
FOLR3,0.040068567,0.0,0.0
FOS,0.54070807,1.0,-1.0
FOSB,0.25532037,0.0,-1.0
FOSL1,0.38081944,0.0,-1.0
FOSL2,0.2946742,0.0,-1.0
FOXA1,0.33778587,0.0,1.0
FOXA2,0.3188571,0.0,-1.0
FOXA3,0.3374576,0.0,0.0
FOXB1,0.13835122,0.0,0.0
FOXC1,0.290578,0.0,-1.0
FOXC2,0.25013593,0.0,-1.0
FOXD3,0.26978064,0.0,0.0
FOXD4L6,0.19394164,0.0,0.0
FOXE1,0.17895661,0.0,-1.0
FOXF2,0.22576317,0.0,0.0
FOXG1,0.33948982,0.0,-1.0
FOXH1,0.3636534,0.0,0.0
FOXI1,0.0041184733,0.0,0.0
FOXJ1,0.15118557,0.0,-1.0
FOXJ2,0.1586151,0.0,0.0
FOXJ3,0.15200402,0.0,0.0
FOXK1,0.25404504,0.0,-1.0
FOXK2,0.28101704,0.0,-1.0
FOXL2,0.21191764,0.0,1.0
FOXM1,0.42708537,0.0,-1.0
FOXN2,0.14936377,0.0,0.0
FOXN3,0.11130372,0.0,0.0
FOXO1,0.4508445,0.0,1.0
FOXO3,0.46308446,0.0,1.0
FOXO4,0.34306845,0.0,1.0
FOXO6,0.061068933,0.0,-1.0
FOXP1,0.24586992,0.0,1.0
FOXP2,0.21344282,0.0,-1.0
FOXP3,0.29814467,0.0,-1.0
FOXP4,0.25042495,0.0,0.0
FOXR1,0.11451343,0.0,1.0
FOXR2,0.13768576,0.0,-1.0
FOXRED1,0.09318163,0.0,0.0
FOXRED2,0.33186382,0.0,0.0
FOXS1,0.1146512,0.0,0.0
FPGS,0.051451944,0.0,0.0
FPGT-TNNI3K,0.21338966,0.0,0.0
FPR1,0.2614532,0.0,-1.0
FRA10AC1,0.13322054,0.0,-1.0
FRAT1,0.20279254,0.0,-1.0
FRAT2,0.27031493,0.0,-1.0
FREM2,0.17098005,0.0,-1.0
FRG1,0.1377489,0.0,-1.0
FRK,0.2877804,0.0,0.0
FRMD4A,0.27489856,0.0,0.0
FRMD5,0.24091195,0.0,0.0
FRMD6,0.2142572,0.0,0.0
FRMD8,0.12190634,0.0,-1.0
FRMPD1,0.17536834,0.0,0.0
FRMPD4,0.20210193,0.0,-1.0
FRS2,0.33814985,0.0,-1.0
FRS3,0.24276258,0.0,0.0
FRY,0.21658812,0.0,0.0
FRYL,0.33005005,0.0,-1.0
FRZB,0.2800385,0.0,-1.0
FSBP,0.1742978,0.0,0.0
FSCN1,0.29922423,0.0,-1.0
FSD1,0.21687302,0.0,0.0
FSD1L,0.08774375,0.0,0.0
FSD2,0.23911336,0.0,0.0
FSHB,0.0020386057,0.0,0.0
FSHR,0.15021345,0.0,-1.0
FSIP1,0.3027984,0.0,-1.0
FSIP2,0.30595085,0.0,-1.0
FST,0.25263724,0.0,-1.0
FSTL1,0.2621486,0.0,0.0
FSTL3,0.18270622,0.0,1.0
FSTL4,0.10195942,0.0,0.0
FTCD,0.18391015,0.0,-1.0
FTH1,0.26208147,0.0,-1.0
FTL,0.21663459,0.0,-1.0
FTO,0.1922817,0.0,-1.0
FTSJ1,0.27100152,0.0,-1.0
FTSJ3,0.23461811,0.0,0.0
FUBP1,0.24014933,0.0,1.0
FUBP3,0.23618217,0.0,-1.0
FUCA1,0.20376325,0.0,-1.0
FUCA2,0.12397193,0.0,0.0
FUNDC1,0.14364442,0.0,0.0
FUNDC2,0.22835302,0.0,0.0
FURIN,0.19592409,0.0,1.0
FUS,0.24171226,0.0,1.0
FUT1,0.037447117,0.0,0.0
FUT10,0.038222633,0.0,0.0
FUT11,0.1353104,0.0,0.0
FUT2,0.04454253,0.0,0.0
FUT4,0.24527468,0.0,0.0
FUT7,0.15165748,0.0,0.0
FUT9,0.061210237,0.0,0.0
FUZ,0.014664764,0.0,0.0
FXN,0.16968979,0.0,-1.0
FXR1,0.2676932,0.0,-1.0
FXR2,0.23091622,0.0,0.0
FXYD1,0.13529742,0.0,0.0
FXYD2,0.07862274,0.0,0.0
FXYD3,0.1247414,0.0,-1.0
FXYD5,0.045993753,0.0,-1.0
FXYD6,0.16998744,0.0,0.0
FXYD7,0.15103213,0.0,0.0
FYB1,0.34207588,0.0,0.0
FYB2,0.06157588,0.0,-1.0
FYCO1,0.18209408,0.0,0.0
FYN,0.57791805,1.0,1.0
FYTTD1,0.03258651,0.0,0.0
FZD1,0.20417775,0.0,-1.0
FZD10,0.48931757,0.0,-1.0
FZD2,0.26631945,0.0,-1.0
FZD3,0.16613941,0.0,-1.0
FZD4,0.16835938,0.0,-1.0
FZD5,0.25130588,0.0,-1.0
FZD6,0.4230254,0.0,-1.0
FZD7,0.20371185,0.0,-1.0
FZD8,0.29236382,0.0,-1.0
FZD9,0.16186902,0.0,-1.0
FZR1,0.46990797,0.0,0.0
G0S2,0.07454394,0.0,0.0
G2E3,0.10512687,0.0,-1.0
G3BP1,0.32726833,0.0,-1.0
G3BP2,0.20947018,0.0,-1.0
G6PC1,0.2723854,0.0,-1.0
G6PD,0.2497455,0.0,-1.0
GAA,0.20096797,0.0,-1.0
GAB1,0.60015494,1.0,1.0
GAB2,0.47406545,0.0,1.0
GAB3,0.31413612,0.0,-1.0
GAB4,0.06413462,0.0,0.0
GABARAP,0.20951173,0.0,-1.0
GABARAPL1,0.21695599,0.0,-1.0
GABARAPL2,0.2734228,0.0,-1.0
GABBR1,0.32985377,0.0,0.0
GABBR2,0.1785076,0.0,0.0
GABPA,0.25706458,0.0,0.0
GABPB1,0.31067717,0.0,-1.0
GABPB2,0.17335887,0.0,0.0
GABRA1,0.13214737,0.0,-1.0
GABRA2,0.08476346,0.0,-1.0
GABRA3,0.07677458,0.0,0.0
GABRA4,0.19552283,0.0,0.0
GABRA5,0.034040224,0.0,0.0
GABRB1,0.20964076,0.0,0.0
GABRB3,0.17860518,0.0,-1.0
GABRD,0.14705639,0.0,-1.0
GABRG1,0.22641626,0.0,-1.0
GABRG2,0.19372225,0.0,-1.0
GABRG3,0.026034435,0.0,0.0
GABRR1,0.18620786,0.0,0.0
GAD1,0.27534702,0.0,-1.0
GAD2,0.1480213,0.0,0.0
GADD45A,0.41543743,0.0,-1.0
GADD45B,0.27216488,0.0,-1.0
GADD45G,0.28457776,0.0,-1.0
GADD45GIP1,0.19376568,0.0,-1.0
GAGE1,0.11956927,0.0,0.0
GAGE12C,0.07221694,0.0,0.0
GAGE12G,0.07221694,0.0,0.0
GAGE2E,0.07221694,0.0,0.0
GAGE5,0.08803933,0.0,0.0
GAK,0.2913013,0.0,-1.0
GAL,0.018839128,0.0,0.0
GAL3ST2,0.11166491,0.0,0.0
GAL3ST4,0.09163349,0.0,0.0
GALK1,0.15407619,0.0,-1.0
GALK2,0.08507972,0.0,0.0
GALM,0.020609273,0.0,0.0
GALNS,0.05013066,0.0,-1.0
GALNT1,0.16694796,0.0,0.0
GALNT12,0.2140822,0.0,-1.0
GALNT13,0.10447739,0.0,-1.0
GALNT14,0.08072764,0.0,0.0
GALNT15,0.055016533,0.0,0.0
GALNT18,0.10513831,0.0,0.0
GALNT2,0.15179354,0.0,0.0
GALNT3,0.07735799,0.0,-1.0
GALNT4,0.23124202,0.0,0.0
GALNT5,0.14977941,0.0,-1.0
GALNT6,0.09900686,0.0,-1.0
GALNT7,0.095117375,0.0,0.0
GALNTL5,0.252662,0.0,-1.0
GALR1,0.04173166,0.0,0.0
GALR2,0.045416,0.0,0.0
GALR3,0.107317,0.0,0.0
GALT,0.15440366,0.0,-1.0
GAMT,0.1875883,0.0,0.0
GAN,0.20168039,0.0,-1.0
GANAB,0.27614748,0.0,0.0
GANC,0.12008022,0.0,0.0
GAP43,0.18230192,0.0,0.0
GAPDH,0.5093347,1.0,-1.0
GAPDHS,0.19150367,0.0,0.0
GAPVD1,0.2644731,0.0,0.0
GAR1,0.15537545,0.0,0.0
GAREM1,0.11350945,0.0,0.0
GARIN1B,0.1325985,0.0,0.0
GARIN2,0.019236196,0.0,0.0
GARIN5B,0.098899916,0.0,0.0
GARIN6,0.15017943,0.0,0.0
GARNL3,0.10780596,0.0,0.0
GARRE1,0.21957453,0.0,0.0
GARS1,0.22025442,0.0,-1.0
GART,0.15483716,0.0,-1.0
GAS1,0.046520554,0.0,-1.0
GAS2,0.17452523,0.0,0.0
GAS2L2,0.17973435,0.0,0.0
GAS2L3,0.216793,0.0,0.0
GAS6,0.07217057,0.0,-1.0
GAS7,0.42112288,0.0,1.0
GAS8,0.116830684,0.0,0.0
GAST,0.14749484,0.0,-1.0
GATA1,0.42477185,0.0,1.0
GATA2,0.31125057,0.0,1.0
GATA3,0.40968177,0.0,1.0
GATA4,0.5387901,1.0,-1.0
GATA5,0.3250035,0.0,0.0
GATA6,0.34240702,0.0,-1.0
GATAD1,0.28963292,0.0,-1.0
GATAD2A,0.34038937,0.0,0.0
GATAD2B,0.31154475,0.0,0.0
GATB,0.04201272,0.0,0.0
GATC,0.10058777,0.0,0.0
GATD1,0.07029415,0.0,0.0
GATD3,0.076708905,0.0,-1.0
GATM,0.05160343,0.0,-1.0
GBA,0.18269151,0.0,-1.0
GBA3,0.10686485,0.0,0.0
GBE1,0.15235835,0.0,-1.0
GBF1,0.28955033,0.0,0.0
GBP1,0.1994557,0.0,-1.0
GBP2,0.29954275,0.0,0.0
GBP3,0.12263177,0.0,0.0
GC,0.21513204,0.0,0.0
GCA,0.15755986,0.0,0.0
GCAT,0.15723193,0.0,0.0
GCC1,0.23291497,0.0,0.0
GCC2,0.19129309,0.0,-1.0
GCDH,0.23817822,0.0,-1.0
GCFC2,0.20537208,0.0,-1.0
GCG,0.05500032,0.0,0.0
GCGR,0.12838778,0.0,0.0
GCH1,0.07094666,0.0,-1.0
GCHFR,0.17253144,0.0,0.0
GCK,0.10603895,0.0,-1.0
GCKR,0.101203315,0.0,-1.0
GCLC,0.18421495,0.0,-1.0
GCLM,0.18299304,0.0,0.0
GCM1,0.22117382,0.0,0.0
GCM2,0.17521088,0.0,-1.0
GCN1,0.27897155,0.0,0.0
GCNT1,0.14398226,0.0,0.0
GCNT3,0.1487214,0.0,-1.0
GCOM1,0.107467264,0.0,0.0
GCSAM,0.06420303,0.0,0.0
GCSH,0.22315164,0.0,-1.0
GDA,0.22629093,0.0,0.0
GDAP2,0.10316236,0.0,0.0
GDE1,0.116300546,0.0,0.0
GDF11,0.14690949,0.0,0.0
GDF15,0.10440556,0.0,-1.0
GDF2,0.2749362,0.0,0.0
GDF5,0.24927595,0.0,-1.0
GDF6,0.21506116,0.0,-1.0
GDF7,0.12742521,0.0,0.0
GDF9,0.23398279,0.0,0.0
GDI1,0.26414797,0.0,-1.0
GDI2,0.21182463,0.0,0.0
GDNF,0.12198144,0.0,-1.0
GDPD2,0.062987454,0.0,0.0
GDPD3,0.084326185,0.0,0.0
GDPD5,0.13967824,0.0,0.0
GDPGP1,0.07669223,0.0,0.0
GEM,0.1467924,0.0,0.0
GEMIN2,0.14136653,0.0,0.0
GEMIN4,0.27300578,0.0,0.0
GEMIN5,0.23437338,0.0,0.0
GEMIN6,0.15448828,0.0,0.0
GEMIN7,0.17359601,0.0,0.0
GEMIN8,0.1426476,0.0,0.0
GEN1,0.08876981,0.0,-1.0
GET1,0.051963158,0.0,0.0
GET3,0.2497672,0.0,0.0
GET4,0.24399048,0.0,0.0
GFAP,0.27834165,0.0,-1.0
GFER,0.17679173,0.0,-1.0
GFI1,0.3046922,0.0,-1.0
GFI1B,0.30799982,0.0,-1.0
GFM1,0.1542122,0.0,-1.0
GFM2,0.14212456,0.0,0.0
GFOD1,0.11038904,0.0,0.0
GFOD2,0.10893884,0.0,0.0
GFPT1,0.18428515,0.0,0.0
GFPT2,0.09173157,0.0,0.0
GFRA1,0.015614108,0.0,-1.0
GFRA2,0.14670248,0.0,0.0
GFRA3,4.6277955e-06,0.0,0.0
GFUS,0.14961225,0.0,0.0
GGA1,0.33088803,0.0,-1.0
GGA2,0.28473648,0.0,0.0
GGA3,0.22920136,0.0,-1.0
GGACT,0.004350484,0.0,0.0
GGH,0.16430269,0.0,-1.0
GGN,0.058513854,0.0,0.0
GGNBP2,0.13982275,0.0,0.0
GGPS1,0.028910123,0.0,0.0
GGT1,0.16318682,0.0,0.0
GGT6,0.19443737,0.0,0.0
GGT7,0.093178876,0.0,0.0
GGTLC1,0.1093415,0.0,0.0
GH1,0.3029954,0.0,-1.0
GHITM,0.08577303,0.0,0.0
GHR,0.5182421,1.0,-1.0
GHRH,0.139257,0.0,-1.0
GHRHR,0.25504377,0.0,-1.0
GHRL,0.062156096,0.0,-1.0
GID8,0.13828756,0.0,0.0
GIGYF1,0.2073585,0.0,0.0
GIGYF2,0.2839165,0.0,-1.0
GIMAP1,0.09858939,0.0,0.0
GIMAP1-GIMAP5,0.04201272,0.0,0.0
GIMAP2,0.011987783,0.0,0.0
GIMAP4,0.10030952,0.0,-1.0
GIMAP5,0.08170012,0.0,0.0
GIMAP6,0.14711389,0.0,0.0
GIMAP7,0.018730968,0.0,-1.0
GIMAP8,0.18267025,0.0,0.0
GIN1,0.075451955,0.0,0.0
GINM1,0.032803435,0.0,0.0
GINS1,0.15234244,0.0,-1.0
GINS2,0.21716832,0.0,0.0
GINS3,0.111974195,0.0,0.0
GINS4,0.21569817,0.0,0.0
GIP,0.06609702,0.0,-1.0
GIPC1,0.3131804,0.0,0.0
GIPC2,0.18675944,0.0,0.0
GIPC3,0.1240284,0.0,0.0
GIPR,0.09365702,0.0,0.0
GIT1,0.35897273,0.0,0.0
GIT2,0.24191381,0.0,0.0
GJA1,0.32358456,0.0,-1.0
GJA3,0.28398466,0.0,-1.0
GJA4,0.21934088,0.0,0.0
GJA5,0.22910744,0.0,-1.0
GJA8,0.23573925,0.0,0.0
GJB1,0.28498602,0.0,-1.0
GJB2,0.3018168,0.0,-1.0
GJB3,0.16062841,0.0,-1.0
GJB4,0.25903785,0.0,-1.0
GJB5,0.24730529,0.0,0.0
GJB6,0.2648148,0.0,-1.0
GJC1,0.06624365,0.0,0.0
GJC2,0.08718891,0.0,-1.0
GJD3,0.16323885,0.0,0.0
GJD4,0.02427468,0.0,0.0
GK,0.15092742,0.0,0.0
GK5,0.044846237,0.0,0.0
GKAP1,0.16186523,0.0,0.0
GKN2,0.22516066,0.0,0.0
GLA,0.17080098,0.0,-1.0
GLB1,0.17300661,0.0,-1.0
GLB1L2,0.02902533,0.0,0.0
GLCCI1,0.086640045,0.0,0.0
GLCE,0.28211144,0.0,0.0
GLDC,0.16722177,0.0,-1.0
GLE1,0.1828447,0.0,-1.0
GLG1,0.22054148,0.0,0.0
GLI1,0.33491287,0.0,1.0
GLI2,0.33334583,0.0,-1.0
GLI3,0.3662639,0.0,-1.0
GLIPR1,0.18377285,0.0,0.0
GLIPR1L2,0.1958247,0.0,-1.0
GLIPR2,0.178657,0.0,-1.0
GLIS2,0.22554743,0.0,-1.0
GLIS3,0.292809,0.0,-1.0
GLMN,0.22776209,0.0,-1.0
GLO1,0.12027099,0.0,0.0
GLOD4,0.1411357,0.0,0.0
GLP1R,0.07550712,0.0,0.0
GLP2R,0.17980632,0.0,0.0
GLRA2,0.21874319,0.0,0.0
GLRB,0.064435676,0.0,-1.0
GLRX,0.07275009,0.0,0.0
GLRX2,0.09723514,0.0,0.0
GLRX3,0.17594765,0.0,0.0
GLRX5,0.112732604,0.0,0.0
GLS,0.19286035,0.0,-1.0
GLS2,0.1642359,0.0,-1.0
GLT8D1,0.03232332,0.0,0.0
GLT8D2,0.038793225,0.0,-1.0
GLTP,0.10185418,0.0,0.0
GLTPD2,0.031088017,0.0,0.0
GLUD1,0.17085065,0.0,-1.0
GLUD2,0.17018865,0.0,0.0
GLUL,0.2734346,0.0,0.0
GLYAT,0.09114806,0.0,-1.0
GLYATL3,0.074285656,0.0,0.0
GLYCTK,0.11022177,0.0,0.0
GLYR1,0.22832276,0.0,-1.0
GM2A,0.092975,0.0,-1.0
GMCL1,0.06870268,0.0,0.0
GMDS,0.20290323,0.0,0.0
GMEB1,0.26688394,0.0,0.0
GMEB2,0.22600272,0.0,0.0
GMFB,0.17409699,0.0,-1.0
GMFG,0.20517482,0.0,0.0
GMIP,0.19738679,0.0,0.0
GMNN,0.25731716,0.0,0.0
GMPPA,0.16091311,0.0,0.0
GMPPB,0.23463538,0.0,0.0
GMPR2,0.13982558,0.0,0.0
GMPS,0.16320048,0.0,-1.0
GNA11,0.24034485,0.0,1.0
GNA12,0.3966935,0.0,1.0
GNA13,0.43977505,0.0,1.0
GNA14,0.06508808,0.0,-1.0
GNA15,0.2508409,0.0,-1.0
GNAI1,0.34012914,0.0,-1.0
GNAI2,0.22663455,0.0,-1.0
GNAI3,0.33301198,0.0,-1.0
GNAO1,0.09350905,0.0,0.0
GNAQ,0.19571653,0.0,1.0
GNAS,0.324011,0.0,1.0
GNAT1,0.08719344,0.0,-1.0
GNAT2,0.13268445,0.0,-1.0
GNAT3,0.10925054,0.0,0.0
GNAZ,0.25231627,0.0,0.0
GNB1,0.34353492,0.0,1.0
GNB1L,0.016224997,0.0,0.0
GNB2,0.36413512,0.0,-1.0
GNB3,0.21956946,0.0,-1.0
GNB4,0.21827166,0.0,-1.0
GNB5,0.26802233,0.0,-1.0
GNE,0.16252658,0.0,-1.0
GNG10,0.1864449,0.0,-1.0
GNG11,0.27750477,0.0,-1.0
GNG12,0.25254694,0.0,-1.0
GNG13,0.22399211,0.0,-1.0
GNG2,0.27216926,0.0,-1.0
GNG3,0.22729875,0.0,-1.0
GNG4,0.25146344,0.0,-1.0
GNG5,0.20116185,0.0,-1.0
GNG7,0.24005532,0.0,-1.0
GNG8,0.1846059,0.0,-1.0
GNGT1,0.23244007,0.0,-1.0
GNGT2,0.23005465,0.0,-1.0
GNL1,0.122958474,0.0,0.0
GNL2,0.19626787,0.0,0.0
GNL3,0.22873625,0.0,0.0
GNL3L,0.13277565,0.0,0.0
GNMT,0.17333156,0.0,0.0
GNPAT,0.0827271,0.0,-1.0
GNPDA1,0.11441452,0.0,0.0
GNPDA2,0.12286077,0.0,0.0
GNPNAT1,0.11794775,0.0,0.0
GNPTAB,0.20554109,0.0,-1.0
GNPTG,0.12598343,0.0,-1.0
GNRH1,0.06912835,0.0,0.0
GNS,0.2766143,0.0,-1.0
GOLGA1,0.08386568,0.0,0.0
GOLGA2,0.3697376,0.0,-1.0
GOLGA3,0.18021256,0.0,0.0
GOLGA4,0.24336605,0.0,0.0
GOLGA5,0.22375606,0.0,1.0
GOLGA6L10,0.050544977,0.0,0.0
GOLGA7,0.13545929,0.0,0.0
GOLGA8A,0.14013287,0.0,0.0
GOLGA8F,0.29044583,0.0,0.0
GOLGA8J,0.013122494,0.0,0.0
GOLGB1,0.29433,0.0,-1.0
GOLIM4,0.17217319,0.0,0.0
GOLM1,0.11702163,0.0,0.0
GOLPH3,0.17976253,0.0,0.0
GOLPH3L,0.13795742,0.0,0.0
GOLT1B,0.06622644,0.0,0.0
GON4L,0.21429949,0.0,0.0
GON7,0.1191275,0.0,0.0
GOPC,0.23138079,0.0,1.0
GORAB,0.19100082,0.0,0.0
GORASP1,0.1765747,0.0,-1.0
GORASP2,0.18130843,0.0,0.0
GOSR1,0.17678724,0.0,0.0
GOSR2,0.17615964,0.0,-1.0
GOT1,0.15780123,0.0,-1.0
GOT1L1,0.14393759,0.0,0.0
GOT2,0.17565154,0.0,-1.0
GP1BA,0.09822252,0.0,0.0
GP1BB,0.13292864,0.0,-1.0
GP2,0.12278793,0.0,0.0
GP5,0.01244071,0.0,0.0
GP6,0.2914562,0.0,0.0
GP9,0.10344973,0.0,-1.0
GPAA1,0.10722501,0.0,0.0
GPALPP1,0.10232974,0.0,0.0
GPAM,0.07089373,0.0,-1.0
GPANK1,0.1483322,0.0,0.0
GPAT2,0.07883262,0.0,0.0
GPAT3,0.04545536,0.0,0.0
GPAT4,0.1458851,0.0,-1.0
GPATCH1,0.14758448,0.0,0.0
GPATCH11,0.17245762,0.0,0.0
GPATCH2,0.14432935,0.0,0.0
GPATCH2L,0.16091375,0.0,0.0
GPATCH4,0.17981215,0.0,-1.0
GPATCH8,0.17750417,0.0,-1.0
GPBP1,0.17214483,0.0,0.0
GPBP1L1,0.15015477,0.0,0.0
GPC1,0.16122174,0.0,-1.0
GPC3,0.24037112,0.0,1.0
GPC4,0.23760307,0.0,0.0
GPC5,0.30961528,0.0,1.0
GPCPD1,0.14036681,0.0,-1.0
GPD1,0.09946392,0.0,0.0
GPD1L,0.019570868,0.0,-1.0
GPD2,0.15137652,0.0,0.0
GPER1,0.022280795,0.0,-1.0
GPHA2,7.6144383e-06,0.0,0.0
GPHB5,7.6144383e-06,0.0,0.0
GPHN,0.16411127,0.0,1.0
GPI,0.17127214,0.0,-1.0
GPIHBP1,0.04284153,0.0,0.0
GPKOW,0.19094214,0.0,0.0
GPLD1,0.2425609,0.0,0.0
GPM6A,0.03437072,0.0,0.0
GPM6B,0.12809213,0.0,0.0
GPN1,0.12851359,0.0,-1.0
GPN3,0.107641645,0.0,0.0
GPNMB,0.17833255,0.0,-1.0
GPR101,0.03216221,0.0,0.0
GPR108,0.0821008,0.0,0.0
GPR119,0.06920811,0.0,0.0
GPR12,0.046720296,0.0,-1.0
GPR135,0.12101944,0.0,0.0
GPR142,0.031051183,0.0,0.0
GPR143,0.104989216,0.0,-1.0
GPR15,0.008071889,0.0,0.0
GPR151,0.02094051,0.0,0.0
GPR153,0.019599108,0.0,0.0
GPR158,0.10643367,0.0,0.0
GPR17,0.26790634,0.0,0.0
GPR176,0.065326415,0.0,-1.0
GPR179,0.21240051,0.0,0.0
GPR183,0.12559368,0.0,-1.0
GPR20,0.14970063,0.0,0.0
GPR21,0.04688421,0.0,0.0
GPR22,0.1088239,0.0,0.0
GPR25,0.097851515,0.0,0.0
GPR26,0.018437361,0.0,0.0
GPR3,0.030472638,0.0,0.0
GPR37,0.19498318,0.0,0.0
GPR37L1,0.027874522,0.0,0.0
GPR39,0.13430259,0.0,0.0
GPR45,0.28773206,0.0,0.0
GPR50,0.2964914,0.0,-1.0
GPR63,0.018277848,0.0,0.0
GPR89A,0.08552614,0.0,0.0
GPRASP1,0.111765265,0.0,0.0
GPRASP2,0.27308592,0.0,0.0
GPRC5A,0.14284691,0.0,-1.0
GPRC5B,0.052706834,0.0,0.0
GPRC5C,0.081515595,0.0,0.0
GPRIN2,0.17472953,0.0,-1.0
GPS1,0.16993022,0.0,-1.0
GPS2,0.3008195,0.0,1.0
GPSM1,0.14186853,0.0,0.0
GPSM2,0.22887486,0.0,0.0
GPSM3,0.2147472,0.0,0.0
GPT,0.13960193,0.0,0.0
GPT2,0.15447362,0.0,0.0
GPX1,0.065428086,0.0,-1.0
GPX2,0.06637747,0.0,0.0
GPX3,0.11953017,0.0,-1.0
GPX4,0.21200728,0.0,0.0
GPX7,0.1763003,0.0,0.0
GPX8,0.08075333,0.0,0.0
GRAMD1A,0.085410304,0.0,0.0
GRAMD1C,0.18365277,0.0,0.0
GRAMD2B,0.122497536,0.0,0.0
GRAMD4,0.10263513,0.0,0.0
GRAP,0.33222988,0.0,0.0
GRAP2,0.39800408,0.0,0.0
GRAPL,0.0718171,0.0,0.0
GRB10,0.33307326,0.0,-1.0
GRB14,0.33006003,0.0,0.0
GRB2,0.5738745,1.0,-1.0
GRB7,0.43028146,0.0,0.0
GREB1,0.3521922,0.0,-1.0
GREM1,0.24401392,0.0,1.0
GREM2,0.075511605,0.0,0.0
GRHL2,0.12865941,0.0,-1.0
GRHL3,0.17080863,0.0,0.0
GRHPR,0.11939398,0.0,-1.0
GRIA1,0.27912483,0.0,0.0
GRIA2,0.25757527,0.0,-1.0
GRIA3,0.20781942,0.0,-1.0
GRIA4,0.17182542,0.0,0.0
GRID1,0.18667285,0.0,-1.0
GRID2,0.19893138,0.0,0.0
GRID2IP,0.0976018,0.0,0.0
GRIK1,0.17502742,0.0,0.0
GRIK2,0.20510636,0.0,-1.0
GRIK3,0.13491237,0.0,-1.0
GRIK4,0.08323691,0.0,0.0
GRIK5,0.1929787,0.0,-1.0
GRIN1,0.27464008,0.0,-1.0
GRIN2A,0.18602963,0.0,1.0
GRIN2B,0.45580977,0.0,-1.0
GRIN2C,0.2017653,0.0,0.0
GRIN2D,0.41542155,0.0,-1.0
GRIN3A,0.23431672,0.0,0.0
GRIP1,0.17673291,0.0,0.0
GRIP2,0.25546414,0.0,0.0
GRIPAP1,0.1441377,0.0,0.0
GRK1,0.1760376,0.0,0.0
GRK2,0.3022011,0.0,0.0
GRK3,0.18030103,0.0,0.0
GRK4,0.15034421,0.0,0.0
GRK5,0.32655177,0.0,0.0
GRK6,0.1172185,0.0,0.0
GRK7,0.13699126,0.0,0.0
GRM1,0.23024145,0.0,-1.0
GRM2,0.15210603,0.0,0.0
GRM3,0.15288123,0.0,1.0
GRM4,0.17946799,0.0,0.0
GRM5,0.21600324,0.0,-1.0
GRM6,0.0141830295,0.0,0.0
GRM8,0.19311088,0.0,-1.0
GRN,0.20964643,0.0,-1.0
GRPEL1,0.16683951,0.0,0.0
GRPEL2,0.016130647,0.0,0.0
GRPR,0.11923756,0.0,-1.0
GRSF1,0.07226967,0.0,-1.0
GRTP1,0.04608696,0.0,0.0
GRXCR1,0.0809182,0.0,0.0
GSAP,0.16366494,0.0,0.0
GSC,0.096109666,0.0,0.0
GSC2,0.049166188,0.0,0.0
GSDMA,0.06318983,0.0,-1.0
GSDMD,0.068787366,0.0,0.0
GSDME,0.092501216,0.0,-1.0
GSE1,0.21952464,0.0,-1.0
GSG1,0.13327973,0.0,0.0
GSG1L,0.14641577,0.0,0.0
GSK3A,0.28490153,0.0,-1.0
GSK3B,0.5371574,1.0,1.0
GSKIP,0.18699123,0.0,-1.0
GSN,0.23060347,0.0,-1.0
GSPT1,0.22723833,0.0,-1.0
GSPT2,0.19339065,0.0,0.0
GSR,0.18924275,0.0,0.0
GSS,0.17211145,0.0,0.0
GSTA1,0.019111559,0.0,-1.0
GSTA2,0.014869047,0.0,-1.0
GSTA3,0.048622657,0.0,-1.0
GSTA4,0.025692191,0.0,-1.0
GSTCD,0.12867117,0.0,0.0
GSTK1,0.23745535,0.0,0.0
GSTM2,0.032928843,0.0,-1.0
GSTM3,0.076760575,0.0,-1.0
GSTM4,0.1868972,0.0,-1.0
GSTM5,0.06991171,0.0,-1.0
GSTO1,0.124221206,0.0,-1.0
GSTO2,0.14251342,0.0,-1.0
GSTP1,0.18292198,0.0,-1.0
GSTT1,0.07688427,0.0,-1.0
GSTZ1,0.23526353,0.0,0.0
GSX2,0.086452164,0.0,0.0
GTF2A1,0.2582716,0.0,-1.0
GTF2A1L,0.06555232,0.0,0.0
GTF2A2,0.17412585,0.0,0.0
GTF2B,0.32428247,0.0,-1.0
GTF2E1,0.20679009,0.0,0.0
GTF2E2,0.28961098,0.0,0.0
GTF2F1,0.28757575,0.0,0.0
GTF2F2,0.23327637,0.0,0.0
GTF2H1,0.19490504,0.0,-1.0
GTF2H2,0.10055576,0.0,0.0
GTF2H2C,0.088933796,0.0,0.0
GTF2H3,0.075297,0.0,0.0
GTF2H4,0.12328727,0.0,0.0
GTF2H5,0.067035645,0.0,-1.0
GTF2I,0.2280259,0.0,1.0
GTF2IRD1,0.19850737,0.0,0.0
GTF2IRD2,0.17098469,0.0,0.0
GTF3A,0.24785644,0.0,0.0
GTF3C1,0.30927217,0.0,0.0
GTF3C2,0.26539296,0.0,0.0
GTF3C3,0.2800119,0.0,0.0
GTF3C4,0.23538147,0.0,0.0
GTF3C5,0.23565216,0.0,0.0
GTF3C6,0.16020516,0.0,0.0
GTPBP1,0.17149307,0.0,0.0
GTPBP10,0.112057425,0.0,0.0
GTPBP2,0.1690666,0.0,0.0
GTPBP3,0.19966839,0.0,0.0
GTPBP4,0.21501537,0.0,0.0
GTPBP6,0.058648445,0.0,0.0
GTSE1,0.21512152,0.0,-1.0
GTSF1,0.07871097,0.0,0.0
GUCA1A,0.0536185,0.0,-1.0
GUCA1B,0.079900086,0.0,-1.0
GUCA2A,0.007532362,0.0,0.0
GUCA2B,0.013383213,0.0,0.0
GUCD1,0.121849924,0.0,0.0
GUCY1A1,0.08218402,0.0,0.0
GUCY1A2,0.16049027,0.0,-1.0
GUCY1B1,0.09916852,0.0,0.0
GUCY2C,0.02608547,0.0,-1.0
GUCY2D,0.050690826,0.0,-1.0
GUCY2F,0.19051519,0.0,0.0
GUF1,0.08517416,0.0,0.0
GUK1,0.116456844,0.0,0.0
GULP1,0.27937964,0.0,0.0
GUSB,0.1369133,0.0,-1.0
GXYLT1,0.16148484,0.0,-1.0
GYG1,0.16822927,0.0,0.0
GYG2,0.13815103,0.0,0.0
GYPA,0.093170695,0.0,0.0
GYPB,0.015689196,0.0,0.0
GYPC,0.14073332,0.0,-1.0
GYS1,0.11748223,0.0,-1.0
GYS2,0.16209805,0.0,-1.0
GZF1,0.17140365,0.0,0.0
GZMA,0.21796824,0.0,-1.0
GZMB,0.32477182,0.0,-1.0
GZMH,0.18889429,0.0,0.0
GZMK,0.1848751,0.0,0.0
GZMM,0.2353761,0.0,0.0
H1-0,0.22259264,0.0,0.0
H1-1,0.44155183,0.0,0.0
H1-10,0.19544569,0.0,0.0
H1-2,0.26211613,0.0,-1.0
H1-3,0.22878794,0.0,1.0
H1-4,0.21695162,0.0,1.0
H1-5,0.37474388,0.0,1.0
H1-6,0.15853465,0.0,0.0
H2AB1,0.07339295,0.0,0.0
H2AC1,0.18401197,0.0,0.0
H2AC12,0.11230613,0.0,0.0
H2AC13,0.19712326,0.0,0.0
H2AC14,0.14234436,0.0,0.0
H2AC18,0.30237827,0.0,0.0
H2AC20,0.4207206,0.0,-1.0
H2AC21,0.2201916,0.0,0.0
H2AC6,0.19805919,0.0,-1.0
H2AC7,0.14740287,0.0,-1.0
H2AC8,0.31324008,0.0,0.0
H2AJ,0.11964527,0.0,0.0
H2AP,0.15107156,0.0,0.0
H2AW,0.24413013,0.0,0.0
H2AX,0.48853415,0.0,-1.0
H2AZ1,0.19804773,0.0,-1.0
H2BC1,0.21282303,0.0,0.0
H2BC11,0.20707214,0.0,-1.0
H2BC12,0.18673746,0.0,-1.0
H2BC13,0.18268965,0.0,0.0
H2BC14,0.1575196,0.0,0.0
H2BC15,0.17482843,0.0,0.0
H2BC17,0.1955325,0.0,-1.0
H2BC18,0.17210574,0.0,0.0
H2BC21,0.51124203,1.0,0.0
H2BC3,0.2967894,0.0,-1.0
H2BC4,0.20842895,0.0,-1.0
H2BC5,0.1778394,0.0,-1.0
H2BC9,0.1511071,0.0,-1.0
H2BU1,0.21641877,0.0,0.0
H2BW2,0.10291469,0.0,0.0
H3-3A,0.5030521,1.0,1.0
H3-4,0.57214713,1.0,-1.0
H3-5,0.12900409,0.0,-1.0
H3C15,0.5378104,1.0,-1.0
H3C3,0.60607237,1.0,-1.0
H4C5,0.5314872,1.0,-1.0
H4C7,0.10115535,0.0,0.0
H6PD,0.104592554,0.0,0.0
HAAO,0.14876276,0.0,0.0
HABP2,0.2476337,0.0,0.0
HABP4,0.28590328,0.0,0.0
HACD2,0.096306175,0.0,0.0
HACD3,0.088580534,0.0,0.0
HACE1,0.25076184,0.0,-1.0
HACL1,0.1018599,0.0,0.0
HADH,0.075265676,0.0,0.0
HADHA,0.25396508,0.0,-1.0
HADHB,0.25245273,0.0,0.0
HAGH,0.12748364,0.0,0.0
HAGHL,0.07417164,0.0,0.0
HAL,0.052620675,0.0,0.0
HAMP,0.067956366,0.0,-1.0
HAND1,0.23638918,0.0,0.0
HAND2,0.259893,0.0,0.0
HAP1,0.24947992,0.0,0.0
HAPLN1,0.11506677,0.0,-1.0
HARS1,0.17497174,0.0,0.0
HARS2,0.08463375,0.0,0.0
HAS1,0.19885473,0.0,0.0
HAS2,0.07019268,0.0,-1.0
HASPIN,0.19252518,0.0,0.0
HAT1,0.28595465,0.0,0.0
HAUS1,0.16914828,0.0,0.0
HAUS2,0.25845098,0.0,0.0
HAUS3,0.14802861,0.0,0.0
HAUS4,0.06930396,0.0,0.0
HAUS5,0.14962627,0.0,0.0
HAUS6,0.12715438,0.0,0.0
HAUS7,0.19097157,0.0,0.0
HAUS8,0.13342957,0.0,0.0
HAVCR1,0.02217977,0.0,-1.0
HAX1,0.20472127,0.0,-1.0
HBA1,0.22457589,0.0,-1.0
HBB,0.18401921,0.0,-1.0
HBD,0.14559163,0.0,0.0
HBE1,0.14530274,0.0,0.0
HBEGF,0.27273387,0.0,-1.0
HBG1,0.13538691,0.0,0.0
HBG2,0.19471471,0.0,-1.0
HBP1,0.26624757,0.0,-1.0
HBQ1,0.07994023,0.0,0.0
HBS1L,0.107331164,0.0,0.0
HBZ,0.16667376,0.0,0.0
HCCS,0.07734018,0.0,0.0
HCFC1,0.5052909,1.0,0.0
HCFC1R1,0.14906023,0.0,0.0
HCFC2,0.3061015,0.0,-1.0
HCK,0.48844478,0.0,-1.0
HCLS1,0.25238338,0.0,-1.0
HCN1,0.3976688,0.0,-1.0
HCN2,0.3951297,0.0,0.0
HCN3,0.4365026,0.0,0.0
HCN4,0.48470935,0.0,-1.0
HCRT,0.022455623,0.0,-1.0
HCRTR1,0.05711276,0.0,0.0
HCRTR2,0.0423863,0.0,0.0
HCST,0.02017851,0.0,0.0
HDAC1,0.659093,1.0,1.0
HDAC10,0.26844007,0.0,-1.0
HDAC11,0.14936723,0.0,-1.0
HDAC2,0.62767637,1.0,-1.0
HDAC3,0.6498382,1.0,-1.0
HDAC4,0.57219464,1.0,1.0
HDAC5,0.46126628,0.0,-1.0
HDAC6,0.55344963,1.0,-1.0
HDAC7,0.32216406,0.0,1.0
HDAC8,0.26705533,0.0,-1.0
HDAC9,0.34144157,0.0,-1.0
HDC,0.16259784,0.0,0.0
HDDC2,0.041933376,0.0,0.0
HDDC3,0.15732646,0.0,0.0
HDGF,0.21747895,0.0,0.0
HDGFL2,0.079996794,0.0,0.0
HDGFL3,0.13325073,0.0,0.0
HDHD2,0.0550478,0.0,0.0
HDHD3,0.1192696,0.0,0.0
HDHD5,0.058901846,0.0,-1.0
HDLBP,0.2881292,0.0,-1.0
HDX,0.2346153,0.0,0.0
HEATR1,0.22767234,0.0,-1.0
HEATR3,0.17664959,0.0,0.0
HEATR5A,0.078777134,0.0,0.0
HEATR5B,0.099263,0.0,0.0
HEATR6,0.16949625,0.0,0.0
HEBP1,0.11685576,0.0,0.0
HEBP2,0.15792428,0.0,0.0
HECTD1,0.26276657,0.0,-1.0
HECTD2,0.10222613,0.0,0.0
HECTD3,0.20057207,0.0,0.0
HECTD4,0.15190673,0.0,0.0
HECW1,0.22081795,0.0,-1.0
HECW2,0.20308365,0.0,-1.0
HEG1,0.11255823,0.0,0.0
HELB,0.22532281,0.0,0.0
HELLS,0.24122268,0.0,-1.0
HELQ,0.28784359,0.0,0.0
HELZ,0.26540533,0.0,0.0
HEMGN,0.30573976,0.0,0.0
HEMK1,0.10911786,0.0,0.0
HENMT1,0.05298437,0.0,0.0
HERC1,0.3614951,0.0,-1.0
HERC2,0.39846227,0.0,-1.0
HERC3,0.1409775,0.0,0.0
HERC4,0.06002787,0.0,0.0
HERC5,0.24529414,0.0,0.0
HERC6,0.06530422,0.0,0.0
HERPUD1,0.18980554,0.0,1.0
HERPUD2,0.12227633,0.0,0.0
HES1,0.4382515,0.0,-1.0
HES4,0.10113172,0.0,0.0
HES5,0.10492392,0.0,-1.0
HES6,0.23881201,0.0,0.0
HES7,0.023073558,0.0,0.0
HESX1,0.16660638,0.0,-1.0
HEXA,0.17629711,0.0,-1.0
HEXB,0.16434257,0.0,-1.0
HEXD,0.101147294,0.0,0.0
HEXIM1,0.24434212,0.0,-1.0
HEXIM2,0.22212084,0.0,0.0
HEY1,0.33742368,0.0,1.0
HEY2,0.3144862,0.0,-1.0
HEYL,0.35134232,0.0,-1.0
HFE,0.1798741,0.0,-1.0
HGD,0.066834785,0.0,-1.0
HGF,0.24712658,0.0,1.0
HGFAC,0.08349515,0.0,0.0
HGH1,0.13995293,0.0,0.0
HGS,0.43788034,0.0,0.0
HHAT,0.09659957,0.0,-1.0
HHATL,0.03637266,0.0,0.0
HHEX,0.16929686,0.0,-1.0
HHIP,0.093871035,0.0,-1.0
HHIPL2,0.06035858,0.0,0.0
HHLA3,0.08085643,0.0,0.0
HIBADH,0.083709106,0.0,0.0
HIBCH,0.13033277,0.0,0.0
HIC1,0.43289456,0.0,-1.0
HIC2,0.18746209,0.0,0.0
HID1,0.20748268,0.0,0.0
HIF1A,0.45305833,0.0,1.0
HIF1AN,0.22166179,0.0,-1.0
HIF3A,0.16854587,0.0,0.0
HIGD1A,0.15267025,0.0,0.0
HIGD1B,0.014353238,0.0,0.0
HIKESHI,0.054073073,0.0,-1.0
HILPDA,0.36414808,0.0,0.0
HINFP,0.26443148,0.0,-1.0
HINT1,0.20066361,0.0,0.0
HINT2,0.10828321,0.0,0.0
HINT3,0.10304168,0.0,0.0
HIP1,0.2099661,0.0,1.0
HIP1R,0.17359336,0.0,0.0
HIPK1,0.30040073,0.0,0.0
HIPK2,0.36164734,0.0,-1.0
HIPK3,0.33919337,0.0,0.0
HIPK4,0.23164049,0.0,0.0
HIRA,0.23590463,0.0,-1.0
HIRIP3,0.20077221,0.0,0.0
HIVEP1,0.25321752,0.0,-1.0
HIVEP2,0.2580913,0.0,0.0
HJURP,0.18495761,0.0,0.0
HK1,0.18897821,0.0,-1.0
HK2,0.15986247,0.0,-1.0
HK3,0.11744026,0.0,-1.0
HKDC1,0.096644476,0.0,-1.0
HLA-A,0.27110714,0.0,1.0
HLA-B,0.3706724,0.0,1.0
HLA-C,0.14270352,0.0,1.0
HLA-DMA,0.06301363,0.0,0.0
HLA-DMB,0.06656621,0.0,0.0
HLA-DOA,0.061367307,0.0,0.0
HLA-DOB,0.04608691,0.0,0.0
HLA-DPA1,0.083480224,0.0,0.0
HLA-DPB1,0.116867594,0.0,0.0
HLA-DQA1,0.13693635,0.0,-1.0
HLA-DQA2,0.14772226,0.0,-1.0
HLA-DQB1,0.14700603,0.0,-1.0
HLA-DQB2,0.019030437,0.0,0.0
HLA-DRA,0.11417399,0.0,-1.0
HLA-DRB1,0.1650175,0.0,-1.0
HLA-DRB3,0.1664145,0.0,0.0
HLA-DRB4,0.14450346,0.0,0.0
HLA-DRB5,0.14246859,0.0,-1.0
HLA-E,0.16623586,0.0,0.0
HLA-G,0.204438,0.0,-1.0
HLCS,0.17397775,0.0,-1.0
HLF,0.3690519,0.0,1.0
HLTF,0.26266858,0.0,-1.0
HLX,0.1935686,0.0,0.0
HM13,0.07911979,0.0,-1.0
HMBOX1,0.1628839,0.0,0.0
HMBS,0.16367055,0.0,-1.0
HMCES,0.09872078,0.0,0.0
HMCN1,0.29187456,0.0,-1.0
HMG20A,0.16458052,0.0,0.0
HMG20B,0.23555924,0.0,0.0
HMGA1,0.42774007,0.0,1.0
HMGA2,0.21397448,0.0,1.0
HMGB1,0.517068,1.0,-1.0
HMGB2,0.33281192,0.0,-1.0
HMGB3,0.18811876,0.0,0.0
HMGB4,0.12909825,0.0,0.0
HMGCL,0.25698414,0.0,0.0
HMGCR,0.115582444,0.0,-1.0
HMGCS1,0.14319381,0.0,0.0
HMGN1,0.25193027,0.0,0.0
HMGN2,0.2579283,0.0,0.0
HMGN3,0.17989174,0.0,0.0
HMGN4,0.091746494,0.0,0.0
HMGN5,0.060011707,0.0,-1.0
HMGXB3,0.17146914,0.0,0.0
HMGXB4,0.27073848,0.0,0.0
HMMR,0.41035864,0.0,0.0
HMOX1,0.15753129,0.0,-1.0
HMOX2,0.17411917,0.0,0.0
HMX3,0.18612896,0.0,0.0
HNF1A,0.5019983,1.0,1.0
HNF1B,0.28379762,0.0,-1.0
HNF4A,0.46130517,0.0,-1.0
HNF4G,0.31749433,0.0,0.0
HNMT,0.19378385,0.0,0.0
HNRNPA0,0.20377967,0.0,0.0
HNRNPA1,0.1719311,0.0,0.0
HNRNPA1L2,0.13947096,0.0,0.0
HNRNPA3,0.22666916,0.0,-1.0
HNRNPAB,0.1673527,0.0,0.0
HNRNPC,0.24328956,0.0,-1.0
HNRNPCL1,0.18265508,0.0,-1.0
HNRNPCL2,0.10837158,0.0,0.0
HNRNPCL3,0.039946724,0.0,0.0
HNRNPD,0.19854416,0.0,-1.0
HNRNPDL,0.1835405,0.0,-1.0
HNRNPF,0.2781818,0.0,0.0
HNRNPH1,0.2820111,0.0,0.0
HNRNPH2,0.2413926,0.0,0.0
HNRNPH3,0.19058543,0.0,-1.0
HNRNPK,0.46229374,0.0,-1.0
HNRNPL,0.32732737,0.0,-1.0
HNRNPLL,0.14500064,0.0,0.0
HNRNPM,0.30124843,0.0,0.0
HNRNPR,0.2319999,0.0,0.0
HNRNPU,0.28372517,0.0,-1.0
HNRNPUL1,0.23897491,0.0,0.0
HNRNPUL2,0.1987131,0.0,0.0
HOGA1,0.021835078,0.0,-1.0
HOMER1,0.19440155,0.0,0.0
HOMER2,0.19298175,0.0,0.0
HOMER3,0.2899138,0.0,0.0
HOMEZ,0.22027408,0.0,0.0
HOOK1,0.2200272,0.0,0.0
HOOK2,0.22486375,0.0,0.0
HOOK3,0.19095603,0.0,1.0
HOPX,0.1008639,0.0,0.0
HOXA1,0.22058372,0.0,-1.0
HOXA10,0.47692722,0.0,-1.0
HOXA11,0.39856645,0.0,1.0
HOXA13,0.30977756,0.0,1.0
HOXA2,0.3218047,0.0,0.0
HOXA3,0.21669208,0.0,-1.0
HOXA5,0.4257867,0.0,0.0
HOXA6,0.07466219,0.0,0.0
HOXA7,0.2834917,0.0,-1.0
HOXA9,0.3849611,0.0,1.0
HOXB1,0.35399765,0.0,0.0
HOXB13,0.37776238,0.0,1.0
HOXB2,0.30913967,0.0,0.0
HOXB3,0.33928177,0.0,0.0
HOXB4,0.33826515,0.0,0.0
HOXB5,0.18825625,0.0,0.0
HOXB6,0.29380825,0.0,0.0
HOXB7,0.35495427,0.0,0.0
HOXB8,0.49279764,0.0,-1.0
HOXB9,0.1665132,0.0,0.0
HOXC10,0.2653004,0.0,0.0
HOXC11,0.37398186,0.0,1.0
HOXC13,0.2868539,0.0,1.0
HOXC4,0.2176626,0.0,0.0
HOXC5,0.038348366,0.0,0.0
HOXC6,0.28544572,0.0,-1.0
HOXC8,0.40663254,0.0,-1.0
HOXC9,0.21202576,0.0,0.0
HOXD1,0.066836916,0.0,0.0
HOXD10,0.35092798,0.0,-1.0
HOXD11,0.30408636,0.0,1.0
HOXD12,0.378782,0.0,0.0
HOXD13,0.34964484,0.0,1.0
HOXD3,0.25199524,0.0,0.0
HOXD4,0.46048692,0.0,0.0
HOXD8,0.23152798,0.0,0.0
HOXD9,0.40821996,0.0,0.0
HP,0.1985462,0.0,0.0
HP1BP3,0.20809829,0.0,0.0
HPCA,0.16211772,0.0,0.0
HPCAL1,0.095804356,0.0,0.0
HPCAL4,0.12637953,0.0,0.0
HPD,0.15624578,0.0,-1.0
HPDL,0.23936802,0.0,0.0
HPF1,0.10528607,0.0,0.0
HPGDS,0.08847642,0.0,0.0
HPN,0.138924,0.0,0.0
HPR,0.2368398,0.0,-1.0
HPRT1,0.2002579,0.0,-1.0
HPS1,0.1114164,0.0,-1.0
HPS4,0.130503,0.0,-1.0
HPS6,0.23214751,0.0,-1.0
HPX,0.18334635,0.0,0.0
HR,0.10226535,0.0,-1.0
HRAS,0.63748705,1.0,1.0
HRC,0.00085576286,0.0,0.0
HRG,0.25217253,0.0,-1.0
HRH1,0.11995056,0.0,0.0
HRH2,0.1249871,0.0,0.0
HRH3,0.015479335,0.0,0.0
HRK,0.23314516,0.0,-1.0
HRNR,0.24557193,0.0,-1.0
HROB,0.06129512,0.0,0.0
HS1BP3,0.1379628,0.0,-1.0
HS3ST1,0.06810654,0.0,0.0
HS3ST3A1,0.10454241,0.0,0.0
HSBP1,0.12813836,0.0,-1.0
HSBP1L1,0.041219942,0.0,0.0
HSCB,0.16159688,0.0,0.0
HSD11B1,0.15383331,0.0,0.0
HSD11B1L,0.10718806,0.0,0.0
HSD11B2,0.15442483,0.0,-1.0
HSD17B10,0.15070444,0.0,-1.0
HSD17B11,0.12300475,0.0,0.0
HSD17B12,0.12644507,0.0,0.0
HSD17B14,0.12195133,0.0,0.0
HSD17B3,0.25868586,0.0,-1.0
HSD17B4,0.23289362,0.0,-1.0
HSD17B7,0.17142577,0.0,0.0
HSD17B8,0.06395307,0.0,0.0
HSD3B2,0.110294364,0.0,-1.0
HSD3B7,0.13169134,0.0,0.0
HSDL1,0.037640743,0.0,0.0
HSDL2,0.07091174,0.0,0.0
HSF1,0.25947255,0.0,-1.0
HSF2,0.132173,0.0,0.0
HSF2BP,0.18851273,0.0,0.0
HSF4,0.2067807,0.0,-1.0
HSF5,0.14478765,0.0,0.0
HSFX1,0.16627218,0.0,0.0
HSFY2,0.13911057,0.0,0.0
HSH2D,0.22033992,0.0,0.0
HSP90AA1,0.48057657,0.0,1.0
HSP90AB1,0.44193137,0.0,1.0
HSP90B1,0.37419936,0.0,-1.0
HSPA12A,0.19943039,0.0,0.0
HSPA12B,0.13112007,0.0,0.0
HSPA13,0.16470928,0.0,0.0
HSPA14,0.15394343,0.0,0.0
HSPA1A,0.5310946,1.0,0.0
HSPA1B,0.11579996,0.0,0.0
HSPA1L,0.2900833,0.0,-1.0
HSPA2,0.31814164,0.0,0.0
HSPA4,0.4680865,0.0,-1.0
HSPA4L,0.19642821,0.0,0.0
HSPA5,0.44653317,0.0,-1.0
HSPA6,0.30691132,0.0,0.0
HSPA8,0.4952465,0.0,-1.0
HSPA9,0.30235332,0.0,-1.0
HSPB1,0.119674325,0.0,-1.0
HSPB11,0.13911633,0.0,0.0
HSPB2,0.16877641,0.0,-1.0
HSPB3,0.120951734,0.0,-1.0
HSPB6,0.214633,0.0,0.0
HSPB7,0.1923708,0.0,0.0
HSPB8,0.22429225,0.0,-1.0
HSPB9,0.16260035,0.0,0.0
HSPBAP1,0.13483478,0.0,-1.0
HSPBP1,0.18365635,0.0,0.0
HSPD1,0.33528152,0.0,-1.0
HSPE1,0.16870767,0.0,0.0
HSPE1-MOB4,0.047500607,0.0,0.0
HSPG2,0.42802608,0.0,-1.0
HSPH1,0.3094723,0.0,-1.0
HTATSF1,0.21458249,0.0,0.0
HTN1,0.07175078,0.0,0.0
HTN3,0.0018444906,0.0,0.0
HTR1A,0.12073267,0.0,0.0
HTR1B,0.21183354,0.0,0.0
HTR1D,0.23254997,0.0,0.0
HTR1E,0.097551875,0.0,-1.0
HTR1F,0.035476804,0.0,0.0
HTR2A,0.26186058,0.0,0.0
HTR2B,0.14146455,0.0,0.0
HTR2C,0.23573244,0.0,0.0
HTR4,0.06053852,0.0,0.0
HTR6,0.21478513,0.0,0.0
HTR7,0.19735865,0.0,-1.0
HTRA1,0.17486845,0.0,-1.0
HTRA2,0.22160262,0.0,-1.0
HTT,0.4337144,0.0,-1.0
HUNK,0.1900124,0.0,0.0
HUS1,0.20493717,0.0,-1.0
HUS1B,0.15385018,0.0,0.0
HUWE1,0.4817089,0.0,-1.0
HVCN1,0.07263411,0.0,-1.0
HYAL1,0.03736546,0.0,-1.0
HYAL2,0.14678295,0.0,-1.0
HYAL3,0.06552253,0.0,0.0
HYDIN,0.14737575,0.0,-1.0
HYI,0.11879682,0.0,0.0
HYKK,0.0996651,0.0,0.0
HYLS1,0.0965716,0.0,0.0
HYOU1,0.22855188,0.0,0.0
HYPK,0.11010075,0.0,0.0
IAH1,0.044862438,0.0,0.0
IAPP,0.08615519,0.0,0.0
IARS1,0.23904626,0.0,0.0
IARS2,0.2205177,0.0,0.0
IBA57,0.048996344,0.0,0.0
IBTK,0.30334684,0.0,0.0
ICA1,0.19335525,0.0,0.0
ICA1L,0.12627916,0.0,0.0
ICAM1,0.26579866,0.0,-1.0
ICAM2,0.207121,0.0,0.0
ICAM3,0.2293836,0.0,-1.0
ICAM4,0.10544059,0.0,-1.0
ICAM5,0.21825129,0.0,-1.0
ICE1,0.10648146,0.0,0.0
ICE2,0.1058354,0.0,0.0
ICMT,0.16083328,0.0,0.0
ICOS,0.19039689,0.0,-1.0
ID1,0.23467988,0.0,-1.0
ID2,0.31551704,0.0,-1.0
ID3,0.31299457,0.0,1.0
ID4,0.30805933,0.0,-1.0
IDE,0.14863552,0.0,0.0
IDH1,0.15971349,0.0,1.0
IDH2,0.14664647,0.0,1.0
IDH3A,0.18151675,0.0,-1.0
IDH3B,0.18075931,0.0,-1.0
IDH3G,0.1640949,0.0,-1.0
IDI1,0.140983,0.0,0.0
IDI2,0.14709896,0.0,0.0
IDO1,0.16805357,0.0,-1.0
IDS,0.31879327,0.0,-1.0
IDUA,0.07462063,0.0,-1.0
IER2,0.1443479,0.0,-1.0
IER3,0.1908098,0.0,-1.0
IER3IP1,0.15283382,0.0,0.0
IER5,0.15428305,0.0,0.0
IER5L,0.08306647,0.0,0.0
IFFO1,0.14488965,0.0,0.0
IFFO2,0.015064702,0.0,0.0
IFI16,0.2547097,0.0,-1.0
IFI27,0.18192104,0.0,-1.0
IFI27L2,0.11966332,0.0,0.0
IFI30,0.09947781,0.0,-1.0
IFI35,0.21623874,0.0,0.0
IFI44,0.04377733,0.0,0.0
IFI6,0.06789055,0.0,0.0
IFIH1,0.20236957,0.0,-1.0
IFIT1,0.23146778,0.0,0.0
IFIT1B,0.21203369,0.0,0.0
IFIT2,0.22905083,0.0,0.0
IFIT3,0.27122173,0.0,-1.0
IFIT5,0.2389594,0.0,0.0
IFITM1,0.13868715,0.0,0.0
IFITM2,0.14672597,0.0,-1.0
IFITM3,0.108380325,0.0,-1.0
IFNA1,0.23317795,0.0,-1.0
IFNA16,0.12541115,0.0,-1.0
IFNA2,0.076042786,0.0,-1.0
IFNA5,0.1173069,0.0,-1.0
IFNA8,0.08330419,0.0,-1.0
IFNAR1,0.15563536,0.0,-1.0
IFNAR2,0.09934434,0.0,-1.0
IFNB1,0.06768714,0.0,-1.0
IFNE,0.059434436,0.0,0.0
IFNG,0.19430056,0.0,-1.0
IFNGR1,0.28515613,0.0,1.0
IFNGR2,0.2138273,0.0,-1.0
IFNL2,0.019148996,0.0,0.0
IFNL3,0.019148996,0.0,0.0
IFNLR1,0.04772473,0.0,0.0
IFNW1,0.09145571,0.0,0.0
IFRD1,0.06874654,0.0,0.0
IFRD2,0.1488145,0.0,-1.0
IFT122,0.17017636,0.0,0.0
IFT140,0.2558978,0.0,-1.0
IFT172,0.19876358,0.0,0.0
IFT20,0.18798108,0.0,0.0
IFT22,0.08403676,0.0,0.0
IFT27,0.14453328,0.0,0.0
IFT43,0.09168149,0.0,0.0
IFT46,0.13809247,0.0,0.0
IFT52,0.052805044,0.0,0.0
IFT57,0.13961807,0.0,0.0
IFT80,0.25863805,0.0,0.0
IFT88,0.16966656,0.0,0.0
IFTAP,0.010193441,0.0,0.0
IGBP1,0.26351282,0.0,-1.0
IGDCC3,0.15757832,0.0,0.0
IGDCC4,0.17400804,0.0,-1.0
IGF1,0.28245774,0.0,1.0
IGF1R,0.61407435,1.0,1.0
IGF2,0.14951497,0.0,1.0
IGF2BP1,0.24259968,0.0,-1.0
IGF2BP2,0.2088998,0.0,1.0
IGF2BP3,0.26301956,0.0,-1.0
IGF2R,0.24809307,0.0,-1.0
IGFALS,0.24720779,0.0,-1.0
IGFBP1,0.098243766,0.0,-1.0
IGFBP2,0.20814042,0.0,-1.0
IGFBP3,0.2629146,0.0,-1.0
IGFBP4,0.19397673,0.0,0.0
IGFBP5,0.31209043,0.0,-1.0
IGFBP6,0.15056916,0.0,-1.0
IGFBP7,0.22250867,0.0,-1.0
IGFL1,3.7501984e-05,0.0,0.0
IGFL2,0.0001509744,0.0,0.0
IGFL3,5.5053355e-05,0.0,0.0
IGFLR1,2.8847978e-06,0.0,0.0
IGFN1,0.09534414,0.0,-1.0
IGHA1,0.07258377,0.0,0.0
IGHA2,0.09759149,0.0,0.0
IGHE,0.09356012,0.0,0.0
IGHG1,0.2327684,0.0,-1.0
IGHG2,0.04141828,0.0,0.0
IGHM,0.23961589,0.0,0.0
IGHMBP2,0.13142154,0.0,-1.0
IGLL1,0.08447525,0.0,-1.0
IGLL5,0.15093198,0.0,-1.0
IGLV2-8,0.21893524,0.0,0.0
IGSF1,0.3402368,0.0,0.0
IGSF21,0.4163709,0.0,0.0
IGSF5,0.15739912,0.0,0.0
IGSF8,0.285406,0.0,-1.0
IGSF9,0.083708055,0.0,0.0
IHH,0.19589609,0.0,-1.0
IHO1,0.2238569,0.0,0.0
IK,0.26071623,0.0,0.0
IKBIP,0.13726707,0.0,0.0
IKBKB,0.55530936,1.0,1.0
IKBKE,0.38729066,0.0,1.0
IKBKG,0.29156566,0.0,-1.0
IKZF1,0.31324354,0.0,1.0
IKZF2,0.18196772,0.0,-1.0
IKZF3,0.29474398,0.0,1.0
IKZF4,0.26790544,0.0,0.0
IKZF5,0.16820239,0.0,0.0
IL10,0.050439104,0.0,-1.0
IL10RA,0.0612546,0.0,-1.0
IL10RB,0.010980448,0.0,-1.0
IL11,0.20828727,0.0,0.0
IL11RA,0.25116724,0.0,0.0
IL12A,0.119190864,0.0,-1.0
IL12B,0.07826157,0.0,-1.0
IL12RB1,0.15666129,0.0,-1.0
IL12RB2,0.163207,0.0,-1.0
IL13,0.13716453,0.0,-1.0
IL13RA1,0.100804575,0.0,-1.0
IL13RA2,0.28967795,0.0,0.0
IL15,0.2655173,0.0,-1.0
IL15RA,0.2622807,0.0,-1.0
IL16,0.22239581,0.0,-1.0
IL17A,0.08765091,0.0,-1.0
IL17B,0.064571284,0.0,0.0
IL17F,0.12708469,0.0,-1.0
IL17RA,0.02513529,0.0,-1.0
IL17RB,0.03904381,0.0,-1.0
IL17RE,0.004704783,0.0,0.0
IL18,0.12752059,0.0,0.0
IL18BP,0.19173883,0.0,0.0
IL18R1,0.1672278,0.0,0.0
IL18RAP,0.15593499,0.0,-1.0
IL19,0.008234181,0.0,0.0
IL1A,0.16737881,0.0,-1.0
IL1B,0.157495,0.0,-1.0
IL1R1,0.23255931,0.0,-1.0
IL1R2,0.093156435,0.0,-1.0
IL1RAP,0.1836856,0.0,0.0
IL1RAPL1,0.099419296,0.0,-1.0
IL1RL1,0.20700668,0.0,-1.0
IL1RL2,0.054617137,0.0,0.0
IL1RN,0.09021704,0.0,-1.0
IL2,0.35399148,0.0,1.0
IL20,0.0228588,0.0,0.0
IL20RA,0.016289605,0.0,0.0
IL20RB,0.034234546,0.0,0.0
IL21,0.23930675,0.0,0.0
IL21R,0.27757183,0.0,1.0
IL22,0.008825922,0.0,-1.0
IL22RA1,0.08673486,0.0,-1.0
IL22RA2,0.0070280693,0.0,0.0
IL23A,0.08309664,0.0,-1.0
IL23R,0.08501857,0.0,-1.0
IL24,0.33730543,0.0,-1.0
IL25,0.049578417,0.0,0.0
IL27,0.08919861,0.0,0.0
IL27RA,0.13407846,0.0,0.0
IL2RA,0.27887803,0.0,-1.0
IL2RB,0.43763006,0.0,-1.0
IL2RG,0.3097066,0.0,-1.0
IL3,0.36546254,0.0,1.0
IL31RA,0.06207623,0.0,0.0
IL32,0.12178744,0.0,0.0
IL33,0.17529517,0.0,0.0
IL34,0.19341488,0.0,0.0
IL36B,0.069147624,0.0,0.0
IL36RN,0.20625345,0.0,0.0
IL37,0.07995769,0.0,0.0
IL3RA,0.4451091,0.0,-1.0
IL4,0.10906562,0.0,-1.0
IL4R,0.16444886,0.0,-1.0
IL5,0.035924938,0.0,-1.0
IL5RA,0.023288105,0.0,-1.0
IL6,0.1864977,0.0,-1.0
IL6R,0.22357562,0.0,-1.0
IL6ST,0.3794668,0.0,1.0
IL7,0.25590658,0.0,-1.0
IL7R,0.3835363,0.0,1.0
IL9,0.05913676,0.0,-1.0
IL9R,0.101244025,0.0,0.0
ILDR2,0.21518213,0.0,0.0
ILF2,0.20606917,0.0,0.0
ILF3,0.19869697,0.0,0.0
ILK,0.411666,0.0,-1.0
ILKAP,0.12825829,0.0,0.0
ILRUN,0.047438048,0.0,0.0
ILVBL,0.20108348,0.0,0.0
IMMP2L,0.07810149,0.0,-1.0
IMMT,0.26175362,0.0,0.0
IMP3,0.15160845,0.0,0.0
IMP4,0.1311226,0.0,-1.0
IMPA1,0.0902999,0.0,-1.0
IMPA2,0.15008138,0.0,0.0
IMPACT,0.06345006,0.0,0.0
IMPDH1,0.04912962,0.0,-1.0
IMPDH2,0.22109741,0.0,0.0
INA,0.26740217,0.0,0.0
INAVA,0.086790875,0.0,-1.0
INCA1,0.1838593,0.0,0.0
INCENP,0.24163696,0.0,0.0
INF2,0.1402791,0.0,-1.0
ING1,0.23604842,0.0,-1.0
ING2,0.39307705,0.0,-1.0
ING3,0.18530338,0.0,-1.0
ING4,0.32551545,0.0,-1.0
ING5,0.19350268,0.0,0.0
INHA,0.36664435,0.0,1.0
INHBA,0.33622307,0.0,1.0
INHBB,0.32342532,0.0,0.0
INHBC,0.27904677,0.0,0.0
INHBE,0.2213612,0.0,-1.0
INIP,0.11892982,0.0,0.0
INKA1,0.048357517,0.0,0.0
INMT,0.09300806,0.0,0.0
INO80,0.26743296,0.0,-1.0
INO80B,0.19281775,0.0,0.0
INO80C,0.1824849,0.0,0.0
INO80E,0.20295884,0.0,0.0
INPP1,0.17058972,0.0,0.0
INPP4A,0.18823257,0.0,-1.0
INPP4B,0.24742205,0.0,1.0
INPP5A,0.17318454,0.0,0.0
INPP5D,0.23891704,0.0,-1.0
INPP5E,0.08486643,0.0,0.0
INPP5J,0.14200182,0.0,-1.0
INPP5K,0.20311052,0.0,-1.0
INPPL1,0.40830845,0.0,1.0
INS,0.1595784,0.0,-1.0
INSC,0.18157709,0.0,0.0
INSIG1,0.083264925,0.0,0.0
INSIG2,0.20547251,0.0,0.0
INSM1,0.23380405,0.0,0.0
INSM2,0.21617833,0.0,0.0
INSR,0.5068941,1.0,1.0
INSRR,0.24020627,0.0,-1.0
INSYN1,0.07542787,0.0,0.0
INTS1,0.22793512,0.0,0.0
INTS10,0.15845287,0.0,0.0
INTS11,0.15334877,0.0,0.0
INTS12,0.12703513,0.0,-1.0
INTS13,0.14461373,0.0,0.0
INTS2,0.16928922,0.0,0.0
INTS3,0.1770048,0.0,0.0
INTS4,0.12722598,0.0,-1.0
INTS5,0.16484079,0.0,0.0
INTS6,0.16515906,0.0,-1.0
INTS6L,0.119571,0.0,-1.0
INTS8,0.13756281,0.0,0.0
INTS9,0.16137797,0.0,0.0
INVS,0.2003916,0.0,0.0
IP6K1,0.109595634,0.0,0.0
IP6K2,0.22388975,0.0,0.0
IPCEF1,0.033145044,0.0,0.0
IPMK,0.11279092,0.0,0.0
IPO11,0.15491736,0.0,0.0
IPO13,0.25330272,0.0,0.0
IPO4,0.3021193,0.0,-1.0
IPO5,0.1308355,0.0,-1.0
IPO7,0.21700077,0.0,-1.0
IPO8,0.2269847,0.0,0.0
IPO9,0.20004518,0.0,0.0
IPPK,0.12040435,0.0,0.0
IQCA1,0.054288197,0.0,0.0
IQCB1,0.3006428,0.0,-1.0
IQCE,0.11037904,0.0,-1.0
IQCF2,0.033330765,0.0,0.0
IQCG,0.10799616,0.0,-1.0
IQCN,0.19872993,0.0,0.0
IQGAP1,0.49096215,0.0,-1.0
IQGAP2,0.23210895,0.0,-1.0
IQGAP3,0.24927153,0.0,0.0
IQSEC1,0.10822464,0.0,0.0
IQSEC2,0.12283108,0.0,-1.0
IQUB,0.14478986,0.0,0.0
IRAG2,0.20364079,0.0,-1.0
IRAK1,0.2727642,0.0,0.0
IRAK1BP1,0.11171018,0.0,0.0
IRAK2,0.14699635,0.0,-1.0
IRAK3,0.23779432,0.0,0.0
IRAK4,0.2974196,0.0,-1.0
IREB2,0.1288065,0.0,0.0
IRF1,0.3332694,0.0,1.0
IRF2,0.30997258,0.0,-1.0
IRF2BP1,0.23041575,0.0,0.0
IRF2BPL,0.13141364,0.0,0.0
IRF3,0.31841847,0.0,0.0
IRF4,0.22077748,0.0,1.0
IRF5,0.16989987,0.0,-1.0
IRF6,0.18075626,0.0,-1.0
IRF7,0.30531374,0.0,-1.0
IRF8,0.27763844,0.0,1.0
IRF9,0.22762181,0.0,0.0
IRGQ,0.13638625,0.0,0.0
IRS1,0.59677386,1.0,1.0
IRS2,0.42619348,0.0,1.0
IRS4,0.4987173,0.0,1.0
IRX4,0.319758,0.0,0.0
IRX5,0.051140238,0.0,0.0
ISCA1,0.05317123,0.0,0.0
ISCA2,0.017210107,0.0,-1.0
ISCU,0.15641084,0.0,-1.0
ISG15,0.41045833,0.0,0.0
ISG20,0.030428588,0.0,0.0
ISG20L2,0.321791,0.0,0.0
ISL1,0.32585794,0.0,0.0
ISL2,0.27903306,0.0,0.0
ISLR2,0.10814544,0.0,0.0
ISOC1,0.20241833,0.0,0.0
ISOC2,0.15976739,0.0,-1.0
IST1,0.07553528,0.0,0.0
ISX,0.13083635,0.0,1.0
ISY1,0.107347734,0.0,0.0
ISYNA1,0.16476756,0.0,0.0
ITCH,0.32177806,0.0,-1.0
ITFG1,0.1544679,0.0,0.0
ITFG2,0.1070184,0.0,0.0
ITGA1,0.2589722,0.0,-1.0
ITGA10,0.17262882,0.0,0.0
ITGA11,0.15405987,0.0,-1.0
ITGA2,0.24571997,0.0,-1.0
ITGA2B,0.2500171,0.0,-1.0
ITGA3,0.36068478,0.0,-1.0
ITGA4,0.5226396,1.0,-1.0
ITGA5,0.31325713,0.0,-1.0
ITGA6,0.25190452,0.0,-1.0
ITGA7,0.06287337,0.0,-1.0
ITGA8,0.165626,0.0,0.0
ITGA9,0.21473,0.0,-1.0
ITGAD,0.22142161,0.0,0.0
ITGAE,0.22766747,0.0,-1.0
ITGAL,0.18700483,0.0,0.0
ITGAM,0.1525249,0.0,-1.0
ITGAV,0.32998675,0.0,1.0
ITGAX,0.26334292,0.0,-1.0
ITGB1,0.48571193,0.0,-1.0
ITGB1BP1,0.13405266,0.0,0.0
ITGB1BP2,0.2895474,0.0,0.0
ITGB2,0.48039556,0.0,-1.0
ITGB3,0.5556894,1.0,-1.0
ITGB3BP,0.22500665,0.0,0.0
ITGB4,0.30098063,0.0,-1.0
ITGB5,0.33711648,0.0,-1.0
ITGB6,0.21002531,0.0,0.0
ITGB7,0.33778626,0.0,-1.0
ITGB8,0.15647747,0.0,0.0
ITIH1,0.45512828,0.0,-1.0
ITIH2,0.2453886,0.0,0.0
ITIH3,0.071393766,0.0,0.0
ITIH4,0.09772572,0.0,0.0
ITIH5,0.33762488,0.0,0.0
ITK,0.44195306,0.0,1.0
ITLN1,0.008635667,0.0,-1.0
ITM2B,0.12687857,0.0,-1.0
ITM2C,0.1303327,0.0,0.0
ITPA,0.09547754,0.0,0.0
ITPK1,0.21164308,0.0,0.0
ITPKA,0.21905899,0.0,0.0
ITPKB,0.19736372,0.0,-1.0
ITPKC,0.13442194,0.0,-1.0
ITPR1,0.35540494,0.0,-1.0
ITPR2,0.23076262,0.0,-1.0
ITPR3,0.23955773,0.0,-1.0
ITPRID2,0.23525147,0.0,0.0
ITPRIP,0.17291787,0.0,0.0
ITPRIPL1,0.15944679,0.0,0.0
ITSN1,0.41955122,0.0,0.0
ITSN2,0.3760588,0.0,0.0
IVD,0.13519119,0.0,0.0
IVL,0.1054525,0.0,0.0
IVNS1ABP,0.2677433,0.0,0.0
IWS1,0.14579469,0.0,-1.0
IYD,0.03261753,0.0,-1.0
JADE1,0.19507216,0.0,0.0
JADE2,0.21320726,0.0,0.0
JADE3,0.14679499,0.0,0.0
JAG1,0.30933273,0.0,-1.0
JAG2,0.1882205,0.0,-1.0
JAGN1,0.075451545,0.0,0.0
JAK1,0.55204433,1.0,1.0
JAK2,0.5585609,1.0,1.0
JAK3,0.49978128,0.0,1.0
JAKMIP1,0.22003366,0.0,-1.0
JAKMIP2,0.22509377,0.0,-1.0
JAM2,0.1993278,0.0,0.0
JAM3,0.23941414,0.0,0.0
JAML,0.10025938,0.0,0.0
JARID2,0.3319196,0.0,1.0
JAZF1,0.13488461,0.0,-1.0
JCAD,0.121558614,0.0,0.0
JCHAIN,0.0995844,0.0,0.0
JDP2,0.2686957,0.0,-1.0
JHY,0.05961293,0.0,0.0
JMJD1C,0.30753326,0.0,-1.0
JMJD4,0.16149843,0.0,0.0
JMJD6,0.11180988,0.0,0.0
JMJD7,0.11250796,0.0,0.0
JMJD7-PLA2G4B,0.23099427,0.0,-1.0
JMY,0.17888972,0.0,0.0
JOSD1,0.16625394,0.0,0.0
JOSD2,0.20443347,0.0,0.0
JPH1,0.2890617,0.0,0.0
JPH3,0.16411075,0.0,0.0
JPT1,0.093254365,0.0,0.0
JPT2,0.17086633,0.0,0.0
JRK,0.05742604,0.0,0.0
JTB,0.16387047,0.0,0.0
JUN,0.66376996,1.0,1.0
JUNB,0.35133964,0.0,-1.0
JUND,0.47277233,0.0,-1.0
JUP,0.5649819,1.0,-1.0
KALRN,0.24712928,0.0,-1.0
KANK1,0.36444157,0.0,-1.0
KANK2,0.20018667,0.0,0.0
KANK4,0.044640377,0.0,0.0
KANSL1,0.21635778,0.0,-1.0
KANSL1L,0.25341377,0.0,0.0
KANSL2,0.07153113,0.0,0.0
KANSL3,0.048022665,0.0,0.0
KARS1,0.22765462,0.0,-1.0
KASH5,0.035462145,0.0,-1.0
KAT14,0.14212115,0.0,-1.0
KAT2A,0.5181233,1.0,-1.0
KAT2B,0.63546604,1.0,-1.0
KAT5,0.35563964,0.0,-1.0
KAT6A,0.35286993,0.0,1.0
KAT6B,0.26159507,0.0,1.0
KAT7,0.18978554,0.0,1.0
KAT8,0.20393912,0.0,0.0
KATNA1,0.19087847,0.0,0.0
KATNAL1,0.15380286,0.0,0.0
KATNAL2,0.1423328,0.0,0.0
KATNB1,0.20283575,0.0,-1.0
KATNBL1,0.12576528,0.0,0.0
KATNIP,0.20106578,0.0,0.0
KAZN,0.097953975,0.0,0.0
KBTBD11,0.056687284,0.0,-1.0
KBTBD13,0.05523243,0.0,-1.0
KBTBD2,0.08966988,0.0,0.0
KBTBD3,0.07265089,0.0,0.0
KBTBD4,0.15343392,0.0,-1.0
KBTBD6,0.15767108,0.0,0.0
KBTBD7,0.16265078,0.0,0.0
KBTBD8,0.10741981,0.0,-1.0
KCMF1,0.21619198,0.0,-1.0
KCNA1,0.15658176,0.0,-1.0
KCNA10,0.022763446,0.0,0.0
KCNA2,0.2582672,0.0,0.0
KCNA3,0.22989966,0.0,0.0
KCNA4,0.26378548,0.0,-1.0
KCNA5,0.30248567,0.0,-1.0
KCNA6,0.01911282,0.0,-1.0
KCNAB1,0.16020137,0.0,-1.0
KCNAB2,0.23735693,0.0,0.0
KCNAB3,0.0728872,0.0,0.0
KCNB1,0.12024568,0.0,0.0
KCNB2,0.22911353,0.0,-1.0
KCNC1,0.06800108,0.0,0.0
KCNC3,0.03465568,0.0,-1.0
KCND1,0.01765459,0.0,0.0
KCND2,0.050378777,0.0,-1.0
KCND3,0.22298396,0.0,0.0
KCNE1,0.19770591,0.0,-1.0
KCNE2,0.13566887,0.0,-1.0
KCNE3,0.19948657,0.0,-1.0
KCNE4,0.1261437,0.0,0.0
KCNF1,0.049695138,0.0,0.0
KCNG1,0.2704475,0.0,0.0
KCNG2,0.080251805,0.0,0.0
KCNG4,0.21044487,0.0,0.0
KCNH1,0.1800663,0.0,-1.0
KCNH2,0.26497334,0.0,-1.0
KCNH7,0.23342974,0.0,0.0
KCNIP1,0.027493734,0.0,0.0
KCNIP2,0.10647816,0.0,0.0
KCNIP3,0.1447669,0.0,0.0
KCNIP4,0.230943,0.0,0.0
KCNJ1,0.20352082,0.0,-1.0
KCNJ10,0.086259805,0.0,0.0
KCNJ11,0.31313333,0.0,0.0
KCNJ12,0.405598,0.0,0.0
KCNJ15,0.022516329,0.0,0.0
KCNJ16,0.019020505,0.0,0.0
KCNJ18,0.04201272,0.0,0.0
KCNJ2,0.19371985,0.0,-1.0
KCNJ3,0.21635221,0.0,0.0
KCNJ4,0.2958988,0.0,0.0
KCNJ5,0.16204551,0.0,1.0
KCNJ6,0.25704196,0.0,0.0
KCNJ8,0.28226972,0.0,-1.0
KCNJ9,0.23258558,0.0,-1.0
KCNK1,0.12626311,0.0,-1.0
KCNK10,0.028341474,0.0,-1.0
KCNK12,0.02008554,0.0,0.0
KCNK15,0.17001599,0.0,0.0
KCNK16,0.05877678,0.0,0.0
KCNK18,0.21661575,0.0,-1.0
KCNK3,0.25417504,0.0,0.0
KCNK4,0.21036045,0.0,0.0
KCNK5,0.1255311,0.0,-1.0
KCNK9,0.23802589,0.0,0.0
KCNMA1,0.09323978,0.0,-1.0
KCNMB1,0.07654448,0.0,0.0
KCNMB2,0.02219282,0.0,0.0
KCNN1,0.094912566,0.0,0.0
KCNN2,0.19377172,0.0,-1.0
KCNN3,0.24191406,0.0,-1.0
KCNN4,0.15726978,0.0,0.0
KCNQ1,0.24571374,0.0,-1.0
KCNQ2,0.08995036,0.0,-1.0
KCNQ3,0.122036144,0.0,-1.0
KCNQ4,0.17363016,0.0,0.0
KCNQ5,0.14146844,0.0,-1.0
KCNRG,0.10733898,0.0,0.0
KCNS2,0.13968521,0.0,0.0
KCNS3,0.2064122,0.0,0.0
KCNV1,0.1912971,0.0,0.0
KCNV2,0.07284697,0.0,-1.0
KCTD1,0.13350743,0.0,0.0
KCTD10,0.20761777,0.0,0.0
KCTD11,0.0988395,0.0,0.0
KCTD12,0.19770712,0.0,0.0
KCTD13,0.15449911,0.0,0.0
KCTD14,0.11551411,0.0,0.0
KCTD15,0.19289629,0.0,0.0
KCTD16,0.028398806,0.0,0.0
KCTD17,0.13502173,0.0,0.0
KCTD18,0.11149157,0.0,0.0
KCTD2,0.1569015,0.0,-1.0
KCTD20,0.11908652,0.0,0.0
KCTD21,0.10117315,0.0,0.0
KCTD3,0.15385453,0.0,0.0
KCTD4,0.019724922,0.0,0.0
KCTD5,0.26818955,0.0,0.0
KCTD6,0.18130034,0.0,0.0
KCTD8,0.03354934,0.0,-1.0
KCTD9,0.18191741,0.0,0.0
KDELR1,0.14662291,0.0,-1.0
KDELR2,0.116900295,0.0,0.0
KDELR3,0.06720585,0.0,0.0
KDM1A,0.20183234,0.0,-1.0
KDM1B,0.19416977,0.0,-1.0
KDM2A,0.29815957,0.0,-1.0
KDM2B,0.31321403,0.0,-1.0
KDM3A,0.242815,0.0,-1.0
KDM3B,0.1897877,0.0,0.0
KDM4A,0.26046157,0.0,0.0
KDM4B,0.20731376,0.0,0.0
KDM4C,0.27233252,0.0,-1.0
KDM4D,0.12801346,0.0,0.0
KDM5A,0.31379884,0.0,1.0
KDM5B,0.2268441,0.0,0.0
KDM5C,0.24145702,0.0,1.0
KDM6A,0.62099,1.0,1.0
KDM6B,0.34384385,0.0,0.0
KDM8,0.091530986,0.0,-1.0
KDR,0.6040686,1.0,1.0
KDSR,0.10129261,0.0,1.0
KEAP1,0.33947578,0.0,1.0
KEL,0.082511954,0.0,-1.0
KERA,0.08829794,0.0,0.0
KHDC4,0.20382626,0.0,0.0
KHDRBS1,0.59238476,1.0,0.0
KHDRBS2,0.2932786,0.0,-1.0
KHDRBS3,0.22430386,0.0,0.0
KHK,0.30084315,0.0,0.0
KHNYN,0.078551255,0.0,0.0
KHSRP,0.28395513,0.0,-1.0
KIAA0040,0.10732589,0.0,0.0
KIAA0100,0.18894552,0.0,0.0
KIAA0232,0.2142903,0.0,0.0
KIAA0319,0.17671022,0.0,-1.0
KIAA0319L,0.123595454,0.0,0.0
KIAA0408,0.25406834,0.0,0.0
KIAA0513,0.10568288,0.0,0.0
KIAA0753,0.084531665,0.0,0.0
KIAA0930,0.20142429,0.0,0.0
KIAA1107,0.10613165,0.0,0.0
KIAA1109,0.22957002,0.0,0.0
KIAA1143,0.024820456,0.0,0.0
KIAA1191,0.13210753,0.0,0.0
KIAA1217,0.20832767,0.0,0.0
KIAA1328,0.23969659,0.0,0.0
KIAA1549,0.30304816,0.0,-1.0
KIAA1549L,0.1200477,0.0,0.0
KIAA1586,0.066636674,0.0,0.0
KIAA1614,0.13539904,0.0,0.0
KIAA1671,0.1979288,0.0,0.0
KIAA1958,0.22227263,0.0,0.0
KIAA2013,0.10198997,0.0,0.0
KIAA2026,0.25908393,0.0,0.0
KIDINS220,0.26974997,0.0,-1.0
KIF11,0.24671985,0.0,0.0
KIF13A,0.38877952,0.0,-1.0
KIF13B,0.25224248,0.0,0.0
KIF14,0.24706687,0.0,-1.0
KIF15,0.23295993,0.0,-1.0
KIF16B,0.22014083,0.0,-1.0
KIF17,0.1681556,0.0,0.0
KIF18A,0.17926899,0.0,0.0
KIF1A,0.24446975,0.0,-1.0
KIF1B,0.28748962,0.0,-1.0
KIF1C,0.25961247,0.0,0.0
KIF20A,0.16961314,0.0,0.0
KIF20B,0.21366894,0.0,-1.0
KIF21A,0.36959976,0.0,-1.0
KIF21B,0.2600816,0.0,-1.0
KIF22,0.18173544,0.0,0.0
KIF23,0.30103663,0.0,-1.0
KIF24,0.20297167,0.0,0.0
KIF26A,0.1776915,0.0,0.0
KIF26B,0.25005457,0.0,0.0
KIF2A,0.22889067,0.0,0.0
KIF2B,0.17966214,0.0,-1.0
KIF2C,0.19350632,0.0,0.0
KIF3A,0.33923063,0.0,0.0
KIF3B,0.29430553,0.0,0.0
KIF3C,0.18591881,0.0,0.0
KIF4A,0.26936382,0.0,-1.0
KIF4B,0.04565239,0.0,0.0
KIF5A,0.3542832,0.0,-1.0
KIF5B,0.366251,0.0,1.0
KIF5C,0.2679042,0.0,-1.0
KIF6,0.068025686,0.0,0.0
KIF7,0.21997474,0.0,-1.0
KIF9,0.14782506,0.0,0.0
KIFAP3,0.28768536,0.0,0.0
KIFBP,0.12187667,0.0,0.0
KIFC1,0.13214722,0.0,0.0
KIFC2,0.1820926,0.0,0.0
KIFC3,0.21157202,0.0,-1.0
KIN,0.15665568,0.0,-1.0
KIR2DL1,0.2464143,0.0,0.0
KIR2DL2,0.07119479,0.0,0.0
KIR2DL3,0.22773103,0.0,0.0
KIR2DL4,0.15026098,0.0,0.0
KIR2DL5A,0.07596551,0.0,0.0
KIR2DS1,0.09320023,0.0,0.0
KIR2DS2,0.07119479,0.0,0.0
KIR2DS3,0.11610572,0.0,0.0
KIR2DS4,0.11029423,0.0,0.0
KIR2DS5,0.051203948,0.0,0.0
KIR3DL1,0.22050852,0.0,-1.0
KIR3DL2,0.16003993,0.0,0.0
KIR3DS1,0.056905806,0.0,0.0
KIRREL1,0.30996668,0.0,0.0
KIRREL2,0.15723912,0.0,0.0
KIRREL3,0.16096799,0.0,-1.0
KISS1,0.03953631,0.0,0.0
KISS1R,0.108734496,0.0,-1.0
KIT,0.634464,1.0,1.0
KITLG,0.21795706,0.0,-1.0
KIZ,0.2070503,0.0,-1.0
KL,0.14187202,0.0,-1.0
KLB,0.06622336,0.0,-1.0
KLC1,0.24647528,0.0,0.0
KLC2,0.23648714,0.0,0.0
KLC3,0.19478002,0.0,0.0
KLC4,0.18164477,0.0,0.0
KLF1,0.2707629,0.0,-1.0
KLF10,0.26118353,0.0,0.0
KLF11,0.2533806,0.0,-1.0
KLF12,0.15293102,0.0,0.0
KLF13,0.35040158,0.0,0.0
KLF14,0.06797651,0.0,0.0
KLF15,0.27196735,0.0,0.0
KLF16,0.24800466,0.0,0.0
KLF17,0.06335218,0.0,0.0
KLF2,0.35706547,0.0,1.0
KLF3,0.26062533,0.0,1.0
KLF4,0.36873424,0.0,1.0
KLF5,0.36446342,0.0,1.0
KLF6,0.27193102,0.0,1.0
KLF7,0.08071911,0.0,0.0
KLF8,0.075159945,0.0,0.0
KLF9,0.21085183,0.0,0.0
KLHDC1,0.16384228,0.0,0.0
KLHDC10,0.16334969,0.0,0.0
KLHDC2,0.19415426,0.0,0.0
KLHDC3,0.16389038,0.0,0.0
KLHDC4,0.16994639,0.0,-1.0
KLHDC7B,0.036444683,0.0,0.0
KLHDC8A,0.15331247,0.0,0.0
KLHDC8B,0.028578637,0.0,-1.0
KLHL1,0.25606447,0.0,0.0
KLHL10,0.12782386,0.0,-1.0
KLHL11,0.14918107,0.0,-1.0
KLHL12,0.20359658,0.0,0.0
KLHL13,0.23446803,0.0,0.0
KLHL14,0.10868806,0.0,0.0
KLHL15,0.17487155,0.0,0.0
KLHL17,0.08432441,0.0,-1.0
KLHL18,0.14575122,0.0,0.0
KLHL2,0.112703055,0.0,0.0
KLHL20,0.25072876,0.0,0.0
KLHL21,0.16635069,0.0,0.0
KLHL22,0.18215817,0.0,0.0
KLHL23,0.21804166,0.0,0.0
KLHL24,0.14235221,0.0,0.0
KLHL25,0.15394284,0.0,0.0
KLHL26,0.18048804,0.0,0.0
KLHL28,0.074620284,0.0,0.0
KLHL29,0.17354412,0.0,0.0
KLHL3,0.19017747,0.0,0.0
KLHL31,0.092137516,0.0,0.0
KLHL32,0.21117687,0.0,0.0
KLHL33,0.054120917,0.0,0.0
KLHL34,0.15418138,0.0,0.0
KLHL35,0.14861213,0.0,0.0
KLHL36,0.13603123,0.0,0.0
KLHL38,0.20113486,0.0,0.0
KLHL4,0.143135,0.0,0.0
KLHL40,0.043232344,0.0,0.0
KLHL41,0.15665457,0.0,0.0
KLHL42,0.18198147,0.0,0.0
KLHL5,0.16632669,0.0,-1.0
KLHL6,0.2121511,0.0,-1.0
KLHL7,0.053284436,0.0,-1.0
KLHL8,0.15624328,0.0,-1.0
KLHL9,0.17242886,0.0,0.0
KLK1,0.025819113,0.0,-1.0
KLK10,0.07673971,0.0,-1.0
KLK13,0.078224145,0.0,-1.0
KLK15,0.08208104,0.0,0.0
KLK2,0.079668,0.0,1.0
KLK3,0.16870889,0.0,-1.0
KLK4,0.10504342,0.0,-1.0
KLK5,0.24540937,0.0,-1.0
KLK6,0.15810929,0.0,-1.0
KLK7,0.21798691,0.0,-1.0
KLK8,0.13789259,0.0,-1.0
KLK9,0.26955,0.0,-1.0
KLKB1,0.0437231,0.0,0.0
KLRB1,0.09049236,0.0,0.0
KLRC1,0.13830672,0.0,0.0
KLRC2,0.17525311,0.0,0.0
KLRC4,0.045883313,0.0,0.0
KLRF2,1.1568436e-06,0.0,0.0
KLRG1,0.037889652,0.0,0.0
KLRK1,0.0021314442,0.0,-1.0
KMT2A,0.3045982,0.0,1.0
KMT2B,0.5289534,1.0,1.0
KMT2C,0.31460735,0.0,1.0
KMT2D,0.3603075,0.0,1.0
KMT2E,0.26606324,0.0,-1.0
KMT5A,0.12822811,0.0,-1.0
KMT5B,0.1840121,0.0,0.0
KMT5C,0.21538375,0.0,0.0
KNDC1,0.19959058,0.0,-1.0
KNG1,0.026605258,0.0,-1.0
KNL1,0.23366119,0.0,1.0
KNOP1,0.05637778,0.0,0.0
KNSTRN,0.14716093,0.0,1.0
KNTC1,0.24318542,0.0,0.0
KPNA1,0.33705992,0.0,0.0
KPNA2,0.42889988,0.0,0.0
KPNA3,0.2485095,0.0,0.0
KPNA4,0.23062631,0.0,0.0
KPNA5,0.18987693,0.0,-1.0
KPNA6,0.24069063,0.0,0.0
KPNA7,0.10101745,0.0,-1.0
KPNB1,0.44246155,0.0,-1.0
KPRP,0.17516436,0.0,0.0
KPTN,0.14770383,0.0,0.0
KRAS,0.6422607,1.0,1.0
KRBA1,0.17895193,0.0,0.0
KRBOX5,0.08002048,0.0,0.0
KREMEN1,0.1754958,0.0,-1.0
KRI1,0.19231659,0.0,0.0
KRIT1,0.24102254,0.0,-1.0
KRR1,0.1883824,0.0,0.0
KRT1,0.2685549,0.0,-1.0
KRT10,0.24530488,0.0,-1.0
KRT12,0.14756246,0.0,-1.0
KRT13,0.21105658,0.0,-1.0
KRT14,0.2550317,0.0,-1.0
KRT15,0.33524552,0.0,-1.0
KRT16,0.23179534,0.0,-1.0
KRT17,0.31557184,0.0,-1.0
KRT18,0.48011583,0.0,-1.0
KRT19,0.27650937,0.0,0.0
KRT2,0.22379228,0.0,-1.0
KRT20,0.19191347,0.0,0.0
KRT222,0.03282835,0.0,-1.0
KRT23,0.07378789,0.0,0.0
KRT24,0.16756696,0.0,0.0
KRT25,0.12654382,0.0,0.0
KRT26,0.055870403,0.0,-1.0
KRT27,0.28288582,0.0,0.0
KRT28,0.073120855,0.0,0.0
KRT3,0.2102576,0.0,-1.0
KRT31,0.14548296,0.0,0.0
KRT32,0.11661155,0.0,0.0
KRT33A,0.079804614,0.0,0.0
KRT33B,0.1522122,0.0,0.0
KRT35,0.16803443,0.0,0.0
KRT36,0.17230363,0.0,0.0
KRT37,0.17435384,0.0,0.0
KRT38,0.24447222,0.0,0.0
KRT4,0.20701395,0.0,0.0
KRT40,0.16043763,0.0,0.0
KRT5,0.26082125,0.0,-1.0
KRT6A,0.20618315,0.0,-1.0
KRT6B,0.20315911,0.0,-1.0
KRT6C,0.17555845,0.0,0.0
KRT7,0.28751996,0.0,0.0
KRT71,0.14511248,0.0,0.0
KRT72,0.13683493,0.0,0.0
KRT73,0.19910035,0.0,-1.0
KRT74,0.17654689,0.0,-1.0
KRT75,0.1557259,0.0,-1.0
KRT76,0.14523846,0.0,0.0
KRT77,0.18792342,0.0,0.0
KRT78,0.23719835,0.0,0.0
KRT79,0.2237865,0.0,0.0
KRT8,0.31665376,0.0,-1.0
KRT80,0.1901611,0.0,0.0
KRT81,0.16226268,0.0,-1.0
KRT82,0.17235048,0.0,0.0
KRT83,0.10881287,0.0,-1.0
KRT84,0.18506017,0.0,-1.0
KRT85,0.14897133,0.0,0.0
KRT86,0.14706118,0.0,-1.0
KRT9,0.2502533,0.0,-1.0
KRTAP10-1,0.1515931,0.0,0.0
KRTAP10-11,0.13837877,0.0,0.0
KRTAP10-3,0.07370137,0.0,0.0
KRTAP10-4,0.17769276,0.0,0.0
KRTAP10-5,0.1383828,0.0,0.0
KRTAP10-7,0.074655086,0.0,0.0
KRTAP10-8,0.11601694,0.0,0.0
KRTAP10-9,0.11640337,0.0,0.0
KRTAP11-1,0.11269014,0.0,0.0
KRTAP12-1,0.13064624,0.0,-1.0
KRTAP12-2,0.13296512,0.0,0.0
KRTAP12-4,0.10161365,0.0,0.0
KRTAP13-1,0.15613098,0.0,0.0
KRTAP19-5,0.17011173,0.0,0.0
KRTAP19-7,0.15815172,0.0,0.0
KRTAP2-3,0.09249908,0.0,0.0
KRTAP23-1,0.08844553,0.0,0.0
KRTAP26-1,0.115395784,0.0,0.0
KRTAP3-2,0.105190925,0.0,0.0
KRTAP3-3,0.04690099,0.0,0.0
KRTAP4-11,0.122617126,0.0,0.0
KRTAP4-12,0.17213008,0.0,0.0
KRTAP4-2,0.16328728,0.0,0.0
KRTAP4-7,0.10298579,0.0,0.0
KRTAP5-6,0.1258163,0.0,0.0
KRTAP5-9,0.14962725,0.0,0.0
KRTAP8-1,0.15431842,0.0,0.0
KRTAP9-2,0.1435722,0.0,0.0
KRTAP9-3,0.15357004,0.0,0.0
KRTAP9-4,0.11892029,0.0,0.0
KRTCAP2,0.13749832,0.0,0.0
KRTCAP3,0.020057628,0.0,0.0
KSR1,0.28103068,0.0,-1.0
KSR2,0.2602533,0.0,1.0
KTI12,0.07335861,0.0,0.0
KTN1,0.23457243,0.0,1.0
KXD1,0.1701808,0.0,0.0
KYAT1,0.1289919,0.0,0.0
KYAT3,0.149261,0.0,0.0
L1CAM,0.3166646,0.0,-1.0
L1TD1,0.02553901,0.0,0.0
L2HGDH,0.094395,0.0,0.0
L3HYPDH,0.030152608,0.0,0.0
L3MBTL1,0.21494077,0.0,0.0
L3MBTL2,0.28021193,0.0,0.0
L3MBTL3,0.24761538,0.0,0.0
L3MBTL4,0.13065936,0.0,0.0
LACRT,0.17591323,0.0,0.0
LACTB2,0.11558773,0.0,0.0
LAD1,0.13685174,0.0,0.0
LAG3,0.10397024,0.0,0.0
LAGE3,0.14658149,0.0,0.0
LAIR1,0.18385698,0.0,0.0
LAIR2,0.07948808,0.0,0.0
LALBA,0.21337838,0.0,0.0
LAMA1,0.19236267,0.0,-1.0
LAMA2,0.26162538,0.0,-1.0
LAMA3,0.32805714,0.0,-1.0
LAMA4,0.30975267,0.0,-1.0
LAMA5,0.23455903,0.0,-1.0
LAMB1,0.28104442,0.0,-1.0
LAMB2,0.2633524,0.0,-1.0
LAMB3,0.18169428,0.0,-1.0
LAMB4,0.18916258,0.0,-1.0
LAMC1,0.37991732,0.0,-1.0
LAMC2,0.15332495,0.0,-1.0
LAMC3,0.27140835,0.0,-1.0
LAMP1,0.13985626,0.0,-1.0
LAMP2,0.21978001,0.0,-1.0
LAMP3,0.24479015,0.0,0.0
LAMTOR1,0.077529564,0.0,0.0
LAMTOR2,0.0480458,0.0,-1.0
LAMTOR3,0.1193025,0.0,0.0
LAMTOR4,0.06579237,0.0,0.0
LAMTOR5,0.11875297,0.0,0.0
LANCL1,0.17555833,0.0,0.0
LANCL2,0.1405085,0.0,0.0
LAP3,0.13370109,0.0,0.0
LAPTM4A,0.16448852,0.0,-1.0
LAPTM4B,0.15695725,0.0,-1.0
LAPTM5,0.3398569,0.0,-1.0
LARGE1,0.05719751,0.0,-1.0
LARGE2,0.022628678,0.0,0.0
LARP1,0.20218128,0.0,-1.0
LARP1B,0.20114632,0.0,0.0
LARP4B,0.22622602,0.0,1.0
LARP7,0.19926438,0.0,-1.0
LARS1,0.22099188,0.0,0.0
LARS2,0.11623401,0.0,0.0
LAS1L,0.24893105,0.0,0.0
LASP1,0.19553556,0.0,1.0
LAT,0.3799659,0.0,-1.0
LAT2,0.24105142,0.0,0.0
LATS1,0.37046394,0.0,1.0
LATS2,0.41902903,0.0,1.0
LAX1,0.22485878,0.0,0.0
LAYN,0.022679476,0.0,0.0
LBH,0.22005884,0.0,0.0
LBHD1,0.0938546,0.0,0.0
LBP,0.14217153,0.0,-1.0
LBR,0.22431736,0.0,-1.0
LBX1,0.14196356,0.0,0.0
LCA5,0.14948119,0.0,-1.0
LCA5L,0.1577359,0.0,0.0
LCAT,0.21500912,0.0,-1.0
LCE1B,0.12420495,0.0,0.0
LCE2A,0.1283615,0.0,0.0
LCE2D,0.16664232,0.0,0.0
LCE3A,0.063454226,0.0,0.0
LCE3C,0.10777832,0.0,0.0
LCE3D,0.13863075,0.0,0.0
LCE3E,0.1242298,0.0,0.0
LCE4A,0.122770354,0.0,-1.0
LCK,0.6043771,1.0,1.0
LCLAT1,0.13612418,0.0,0.0
LCMT1,0.09024199,0.0,0.0
LCMT2,0.085758656,0.0,0.0
LCN1,0.13167903,0.0,0.0
LCN2,0.12906173,0.0,0.0
LCOR,0.12835747,0.0,0.0
LCORL,0.15249257,0.0,0.0
LCP1,0.14032099,0.0,-1.0
LCP2,0.42611295,0.0,0.0
LCT,0.20321853,0.0,0.0
LDAF1,0.06390133,0.0,0.0
LDAH,0.04201272,0.0,0.0
LDB1,0.20854735,0.0,-1.0
LDB2,0.23375124,0.0,0.0
LDB3,0.10361502,0.0,-1.0
LDHA,0.2852677,0.0,-1.0
LDHAL6A,0.12335213,0.0,-1.0
LDHAL6B,0.19536851,0.0,-1.0
LDHB,0.25031075,0.0,-1.0
LDHC,0.1311921,0.0,-1.0
LDHD,0.11062233,0.0,0.0
LDLR,0.34435317,0.0,-1.0
LDLRAD1,0.07738814,0.0,-1.0
LDLRAD4,0.062825315,0.0,0.0
LDLRAP1,0.25931275,0.0,-1.0
LDOC1,0.19660658,0.0,-1.0
LECT2,0.016075322,0.0,0.0
LEF1,0.30984822,0.0,1.0
LEFTY2,2.0088587e-06,0.0,0.0
LEMD3,0.18171586,0.0,-1.0
LENG1,0.121582754,0.0,0.0
LENG8,0.22886942,0.0,0.0
LENG9,0.050174568,0.0,0.0
LEO1,0.24698684,0.0,0.0
LEP,0.08174992,0.0,-1.0
LEPR,0.26880395,0.0,-1.0
LEPROT,0.1122619,0.0,0.0
LEPROTL1,0.039979625,0.0,1.0
LETM1,0.17915937,0.0,-1.0
LETMD1,0.06082289,0.0,0.0
LGALS1,0.2693284,0.0,-1.0
LGALS12,0.047950637,0.0,0.0
LGALS13,0.18092676,0.0,0.0
LGALS14,0.19010486,0.0,0.0
LGALS2,0.18180887,0.0,0.0
LGALS3,0.18405822,0.0,-1.0
LGALS3BP,0.3444355,0.0,-1.0
LGALS4,0.18734372,0.0,0.0
LGALS7B,0.23487064,0.0,0.0
LGALS8,0.21532196,0.0,0.0
LGALS9,0.22474886,0.0,0.0
LGALS9B,0.18129118,0.0,0.0
LGALS9C,0.17144027,0.0,0.0
LGALSL,0.10784913,0.0,0.0
LGI1,0.12682131,0.0,-1.0
LGMN,0.17297353,0.0,0.0
LGR4,0.27115098,0.0,0.0
LHB,0.08797417,0.0,0.0
LHCGR,0.17464493,0.0,-1.0
LHFPL2,0.010541594,0.0,0.0
LHFPL5,0.116856016,0.0,0.0
LHPP,0.064759515,0.0,0.0
LHX1,0.39117882,0.0,0.0
LHX2,0.3113163,0.0,0.0
LHX3,0.42104456,0.0,-1.0
LHX4,0.1628915,0.0,-1.0
LHX6,0.121727936,0.0,0.0
LHX8,0.2648256,0.0,0.0
LHX9,0.33800617,0.0,0.0
LIF,0.20363283,0.0,0.0
LIFR,0.25647435,0.0,1.0
LIG1,0.19777064,0.0,0.0
LIG3,0.27827206,0.0,0.0
LIG4,0.21568409,0.0,-1.0
LILRA3,0.056087963,0.0,0.0
LILRB1,0.21846038,0.0,-1.0
LILRB5,0.13607149,0.0,0.0
LIMA1,0.26059273,0.0,0.0
LIMCH1,0.18918979,0.0,-1.0
LIMD1,0.21201691,0.0,-1.0
LIMD2,0.14337811,0.0,-1.0
LIME1,0.0130687915,0.0,0.0
LIMK1,0.28425825,0.0,-1.0
LIMK2,0.27936092,0.0,0.0
LIMS1,0.33414102,0.0,0.0
LIMS2,0.14247137,0.0,0.0
LIMS4,0.09629966,0.0,0.0
LIN28A,0.15284844,0.0,0.0
LIN28B,0.1232298,0.0,-1.0
LIN37,0.1636235,0.0,0.0
LIN52,0.17438376,0.0,0.0
LIN54,0.19024783,0.0,0.0
LIN7A,0.2566966,0.0,-1.0
LIN7B,0.22255002,0.0,0.0
LIN7C,0.3359126,0.0,0.0
LIN9,0.275787,0.0,-1.0
LINC02210-CRHR1,0.05938998,0.0,0.0
LINC02875,0.14458749,0.0,0.0
LINC02913,0.054125853,0.0,0.0
LINGO1,0.21970913,0.0,0.0
LINS1,0.043275487,0.0,0.0
LIPA,0.10155666,0.0,-1.0
LIPC,0.030991921,0.0,-1.0
LIPE,0.08415644,0.0,-1.0
LIPF,0.13413192,0.0,0.0
LIPG,0.2053296,0.0,0.0
LIPH,0.006988441,0.0,-1.0
LIPM,0.11293478,0.0,0.0
LIPT1,0.06476395,0.0,0.0
LITAF,0.16353461,0.0,-1.0
LLCFC1,0.04127547,0.0,0.0
LLGL1,0.25260144,0.0,-1.0
LLGL2,0.21131253,0.0,-1.0
LLPH,0.1176597,0.0,0.0
LMAN1,0.20139568,0.0,-1.0
LMAN1L,0.09927434,0.0,0.0
LMAN2,0.1770355,0.0,0.0
LMAN2L,0.077323675,0.0,0.0
LMBR1,0.022732073,0.0,-1.0
LMBR1L,0.109344564,0.0,0.0
LMBRD1,0.03334301,0.0,0.0
LMBRD2,0.019874865,0.0,0.0
LMCD1,0.16850638,0.0,-1.0
LMF1,0.060081627,0.0,-1.0
LMF2,0.11953005,0.0,0.0
LMNA,0.36514094,0.0,1.0
LMNB1,0.3079001,0.0,0.0
LMNB2,0.23265088,0.0,-1.0
LMO1,0.25505987,0.0,1.0
LMO2,0.32938632,0.0,1.0
LMO3,0.14823653,0.0,-1.0
LMO4,0.37653878,0.0,0.0
LMO7,0.19822644,0.0,-1.0
LMOD1,0.10013503,0.0,0.0
LMOD3,0.06193104,0.0,0.0
LMTK2,0.22385328,0.0,0.0
LMTK3,0.15439674,0.0,0.0
LMX1A,0.27683634,0.0,-1.0
LMX1B,0.092026226,0.0,-1.0
LNP1,0.059521444,0.0,-1.0
LNPEP,0.20723185,0.0,-1.0
LNPK,0.056055076,0.0,0.0
LNX1,0.108348064,0.0,0.0
LNX2,0.23699187,0.0,0.0
LONP1,0.27033877,0.0,0.0
LONP2,0.07807389,0.0,0.0
LONRF1,0.15547231,0.0,-1.0
LONRF2,0.006612301,0.0,0.0
LONRF3,0.2115258,0.0,-1.0
LOX,0.24067104,0.0,-1.0
LOXHD1,0.07048834,0.0,-1.0
LOXL1,0.23797296,0.0,-1.0
LOXL2,0.21122433,0.0,-1.0
LOXL3,0.0820684,0.0,-1.0
LOXL4,0.23293392,0.0,-1.0
LPA,0.15220827,0.0,0.0
LPAR1,0.27066347,0.0,-1.0
LPAR2,0.3067043,0.0,-1.0
LPAR3,0.19131994,0.0,-1.0
LPAR4,0.15931278,0.0,-1.0
LPCAT1,0.18955852,0.0,0.0
LPCAT2,0.08848578,0.0,0.0
LPCAT3,0.07775648,0.0,0.0
LPCAT4,0.042502612,0.0,0.0
LPGAT1,0.12944573,0.0,0.0
LPIN1,0.19704036,0.0,-1.0
LPIN2,0.22557497,0.0,0.0
LPL,0.15294555,0.0,-1.0
LPO,0.068241514,0.0,0.0
LPP,0.15355624,0.0,1.0
LPXN,0.24877101,0.0,0.0
LRAT,0.24085541,0.0,-1.0
LRATD1,0.08302698,0.0,0.0
LRATD2,0.30034766,0.0,-1.0
LRBA,0.27225327,0.0,-1.0
LRCH1,0.15660156,0.0,0.0
LRCH2,0.16844858,0.0,0.0
LRCH4,0.15496343,0.0,0.0
LRFN1,0.15615803,0.0,0.0
LRFN2,0.09219021,0.0,-1.0
LRFN4,0.1319885,0.0,0.0
LRG1,0.29201555,0.0,0.0
LRIF1,0.28060168,0.0,0.0
LRIG1,0.19983071,0.0,-1.0
LRIG2,0.06184304,0.0,-1.0
LRIG3,0.254784,0.0,1.0
LRP1,0.4196444,0.0,-1.0
LRP10,0.057425525,0.0,0.0
LRP11,0.030652652,0.0,0.0
LRP12,0.23618138,0.0,0.0
LRP1B,0.14741857,0.0,1.0
LRP2,0.57808775,1.0,-1.0
LRP2BP,0.19326782,0.0,0.0
LRP3,0.24355784,0.0,0.0
LRP4,0.2546676,0.0,0.0
LRP5,0.40386036,0.0,1.0
LRP5L,0.17963631,0.0,0.0
LRP6,0.3906199,0.0,1.0
LRP8,0.36932012,0.0,-1.0
LRPAP1,0.3144711,0.0,0.0
LRPPRC,0.28732228,0.0,-1.0
LRR1,0.13951376,0.0,0.0
LRRC1,0.15402916,0.0,0.0
LRRC14,0.14633672,0.0,0.0
LRRC15,0.09569121,0.0,0.0
LRRC18,0.10919988,0.0,-1.0
LRRC2,0.17330916,0.0,0.0
LRRC20,0.067497626,0.0,0.0
LRRC23,0.22156693,0.0,0.0
LRRC26,0.036103442,0.0,0.0
LRRC28,0.04528553,0.0,0.0
LRRC29,0.09382677,0.0,0.0
LRRC3,0.12383446,0.0,0.0
LRRC32,0.09667443,0.0,-1.0
LRRC37B,0.13689102,0.0,0.0
LRRC3B,0.034073696,0.0,0.0
LRRC4,0.061833303,0.0,0.0
LRRC40,0.15452076,0.0,0.0
LRRC41,0.18119119,0.0,0.0
LRRC42,0.13553515,0.0,0.0
LRRC45,0.13211429,0.0,-1.0
LRRC47,0.18666282,0.0,-1.0
LRRC4C,0.08941119,0.0,-1.0
LRRC57,0.16704309,0.0,0.0
LRRC58,0.03627453,0.0,0.0
LRRC59,0.21272156,0.0,0.0
LRRC61,0.17298692,0.0,0.0
LRRC69,0.045835137,0.0,0.0
LRRC7,0.2771577,0.0,-1.0
LRRC70,0.08490047,0.0,0.0
LRRC8A,0.104316175,0.0,-1.0
LRRC8B,0.15091233,0.0,0.0
LRRC8C,0.08787412,0.0,0.0
LRRC8D,0.09768121,0.0,0.0
LRRC8E,0.09114209,0.0,0.0
LRRCC1,0.040497992,0.0,0.0
LRRFIP1,0.124542914,0.0,-1.0
LRRFIP2,0.18074699,0.0,0.0
LRRIQ1,0.2067803,0.0,-1.0
LRRIQ3,0.18897529,0.0,-1.0
LRRIQ4,0.0069256257,0.0,0.0
LRRK1,0.25579244,0.0,-1.0
LRRK2,0.47351533,0.0,-1.0
LRRN1,0.020140754,0.0,0.0
LRRN2,0.14273539,0.0,0.0
LRRN4,0.085827805,0.0,0.0
LRRN4CL,0.025586229,0.0,0.0
LRSAM1,0.096630655,0.0,0.0
LRWD1,0.17347744,0.0,-1.0
LSAMP,0.13099451,0.0,-1.0
LSG1,0.12301107,0.0,0.0
LSM1,0.167545,0.0,0.0
LSM10,0.10667567,0.0,0.0
LSM11,0.10961483,0.0,0.0
LSM12,0.16313423,0.0,0.0
LSM14A,0.18346415,0.0,-1.0
LSM14B,0.16228251,0.0,0.0
LSM2,0.18052857,0.0,0.0
LSM3,0.10539876,0.0,0.0
LSM4,0.13427275,0.0,0.0
LSM5,0.12326086,0.0,0.0
LSM6,0.1301035,0.0,0.0
LSM7,0.10623759,0.0,0.0
LSM8,0.052815635,0.0,0.0
LSMEM1,0.017824339,0.0,0.0
LSMEM2,0.014057123,0.0,0.0
LSP1,0.3023685,0.0,-1.0
LSR,0.21047385,0.0,0.0
LST1,0.054904215,0.0,0.0
LTA,0.19357367,0.0,-1.0
LTA4H,0.17554168,0.0,-1.0
LTB,0.21819924,0.0,1.0
LTB4R,0.1687568,0.0,0.0
LTB4R2,0.09386566,0.0,0.0
LTBP1,0.33682308,0.0,0.0
LTBP2,0.24260917,0.0,-1.0
LTBP3,0.21548378,0.0,-1.0
LTBP4,0.21762827,0.0,-1.0
LTBR,0.26175332,0.0,-1.0
LTC4S,0.1247713,0.0,0.0
LTF,0.038545247,0.0,0.0
LTK,0.23498714,0.0,-1.0
LTN1,0.20711564,0.0,0.0
LTO1,0.11759912,0.0,-1.0
LTV1,0.1878045,0.0,0.0
LUC7L,0.20573494,0.0,-1.0
LUC7L2,0.29092473,0.0,-1.0
LUC7L3,0.21217228,0.0,0.0
LUM,0.1768414,0.0,-1.0
LURAP1,0.1888852,0.0,0.0
LUZP1,0.15286426,0.0,-1.0
LUZP4,0.15126142,0.0,0.0
LVRN,0.10554753,0.0,0.0
LXN,0.11348112,0.0,0.0
LY6D,0.028531414,0.0,0.0
LY6E,0.15124378,0.0,-1.0
LY6G5B,0.13647056,0.0,0.0
LY6G6C,0.15091233,0.0,0.0
LY6G6F,0.16341136,0.0,0.0
LY6H,0.15121497,0.0,0.0
LY6K,0.1215591,0.0,-1.0
LY86,0.05142565,0.0,0.0
LY9,0.056576572,0.0,0.0
LY96,0.17846754,0.0,0.0
LYAR,0.13544351,0.0,0.0
LYL1,0.23717467,0.0,1.0
LYN,0.34476954,0.0,1.0
LYPD3,0.30841547,0.0,-1.0
LYPD6B,0.15079169,0.0,0.0
LYPLA1,0.14785132,0.0,-1.0
LYPLA2,0.15011367,0.0,0.0
LYPLAL1,0.047244992,0.0,0.0
LYRM1,0.08321903,0.0,0.0
LYRM2,0.048416745,0.0,0.0
LYRM4,0.012814884,0.0,0.0
LYRM7,0.042353775,0.0,0.0
LYSMD1,0.16596472,0.0,0.0
LYSMD3,0.019613443,0.0,0.0
LYST,0.2770422,0.0,-1.0
LYVE1,0.15698826,0.0,0.0
LYZ,0.22437464,0.0,-1.0
LYZL1,0.041178316,0.0,0.0
LYZL4,0.0069964034,0.0,0.0
LZIC,0.05643901,0.0,0.0
LZTFL1,0.1161363,0.0,0.0
LZTR1,0.21816573,0.0,1.0
LZTS1,0.24731316,0.0,-1.0
LZTS2,0.31568202,0.0,0.0
M1AP,0.12399978,0.0,-1.0
M6PR,0.18934256,0.0,0.0
MAB21L1,0.02523931,0.0,0.0
MAB21L2,0.13293123,0.0,0.0
MAB21L3,0.16074018,0.0,0.0
MACC1,0.4409615,0.0,1.0
MACF1,0.43969616,0.0,-1.0
MACIR,0.1118798,0.0,0.0
MACO1,0.16416779,0.0,0.0
MACROD1,0.10061224,0.0,-1.0
MACROD2,0.15336695,0.0,-1.0
MACROH2A1,0.2081706,0.0,-1.0
MACROH2A2,0.238818,0.0,-1.0
MAD1L1,0.24930337,0.0,-1.0
MAD2L1,0.34267783,0.0,-1.0
MAD2L1BP,0.21382485,0.0,0.0
MAD2L2,0.25988123,0.0,1.0
MADD,0.3465248,0.0,-1.0
MAEA,0.15091243,0.0,0.0
MAEL,0.08635094,0.0,0.0
MAF,0.3050681,0.0,1.0
MAF1,0.18318166,0.0,0.0
MAFA,0.19109851,0.0,-1.0
MAFB,0.3121056,0.0,1.0
MAFF,0.36182514,0.0,0.0
MAFG,0.40059188,0.0,-1.0
MAFK,0.44231412,0.0,-1.0
MAGEA1,0.24739161,0.0,-1.0
MAGEA10,0.113193914,0.0,0.0
MAGEA11,0.13575897,0.0,0.0
MAGEA12,0.24255894,0.0,0.0
MAGEA2B,0.18391863,0.0,0.0
MAGEA3,0.21896127,0.0,-1.0
MAGEA4,0.2537578,0.0,0.0
MAGEA6,0.2884468,0.0,-1.0
MAGEA8,0.1478098,0.0,0.0
MAGEA9B,0.15833274,0.0,0.0
MAGEB1,0.15259977,0.0,0.0
MAGEB10,0.044982385,0.0,0.0
MAGEB18,0.1934429,0.0,0.0
MAGEB2,0.16391122,0.0,0.0
MAGEB4,0.17557338,0.0,0.0
MAGEB6,0.16519639,0.0,0.0
MAGEC1,0.30543113,0.0,-1.0
MAGEC2,0.23729067,0.0,-1.0
MAGED1,0.30938706,0.0,-1.0
MAGED2,0.22032544,0.0,0.0
MAGED4B,0.17647895,0.0,0.0
MAGEE1,0.18094169,0.0,-1.0
MAGEF1,0.14200737,0.0,0.0
MAGEH1,0.17990953,0.0,0.0
MAGEL2,0.1553222,0.0,0.0
MAGI1,0.2852793,0.0,0.0
MAGI2,0.318279,0.0,-1.0
MAGI3,0.2931761,0.0,0.0
MAGOH,0.26987582,0.0,0.0
MAGOHB,0.18607554,0.0,0.0
MAGT1,0.15191309,0.0,-1.0
MAIP1,0.12915772,0.0,0.0
MAK,0.13954006,0.0,-1.0
MAK16,0.15980496,0.0,0.0
MAL,0.10115941,0.0,-1.0
MAL2,0.13815229,0.0,0.0
MALL,0.037684668,0.0,0.0
MALSU1,0.12473954,0.0,-1.0
MALT1,0.244682,0.0,1.0
MAML1,0.40816537,0.0,-1.0
MAML2,0.36834207,0.0,1.0
MAML3,0.35819525,0.0,-1.0
MAN1A2,0.20174146,0.0,-1.0
MAN1B1,0.16499662,0.0,-1.0
MAN1C1,0.16865642,0.0,0.0
MAN2A1,0.108592845,0.0,-1.0
MAN2A2,0.19089317,0.0,0.0
MAN2B1,0.15645145,0.0,-1.0
MAN2B2,0.10141939,0.0,0.0
MAN2C1,0.12721413,0.0,0.0
MANBA,0.035940666,0.0,-1.0
MANBAL,0.113508224,0.0,0.0
MANEA,0.11848718,0.0,0.0
MANF,0.106701545,0.0,-1.0
MAOA,0.111997955,0.0,0.0
MAOB,0.12633044,0.0,0.0
MAP1A,0.2895112,0.0,0.0
MAP1B,0.34882325,0.0,0.0
MAP1LC3A,0.23052628,0.0,-1.0
MAP1LC3B,0.23281902,0.0,-1.0
MAP1LC3B2,0.038096827,0.0,0.0
MAP1LC3C,0.2107956,0.0,-1.0
MAP1S,0.1942919,0.0,-1.0
MAP2,0.441936,0.0,-1.0
MAP2K1,0.5121306,1.0,1.0
MAP2K2,0.2714427,0.0,1.0
MAP2K3,0.3391162,0.0,-1.0
MAP2K4,0.4211654,0.0,1.0
MAP2K5,0.23882155,0.0,-1.0
MAP2K6,0.36934385,0.0,-1.0
MAP2K7,0.32900572,0.0,-1.0
MAP3K1,0.40006837,0.0,1.0
MAP3K10,0.3060414,0.0,0.0
MAP3K11,0.38536173,0.0,0.0
MAP3K12,0.23366308,0.0,-1.0
MAP3K13,0.18996768,0.0,1.0
MAP3K14,0.27058765,0.0,1.0
MAP3K15,0.21219201,0.0,0.0
MAP3K2,0.26788664,0.0,0.0
MAP3K20,0.21096435,0.0,0.0
MAP3K21,0.12918405,0.0,-1.0
MAP3K3,0.5356431,1.0,-1.0
MAP3K4,0.38738644,0.0,-1.0
MAP3K5,0.479034,0.0,-1.0
MAP3K6,0.21194959,0.0,-1.0
MAP3K7,0.34541726,0.0,-1.0
MAP3K7CL,0.1597679,0.0,0.0
MAP3K8,0.31419855,0.0,-1.0
MAP3K9,0.08836115,0.0,-1.0
MAP4,0.28759795,0.0,-1.0
MAP4K1,0.3281764,0.0,0.0
MAP4K2,0.116867766,0.0,-1.0
MAP4K3,0.27216986,0.0,-1.0
MAP4K4,0.279041,0.0,0.0
MAP4K5,0.2850734,0.0,0.0
MAP6,0.18435672,0.0,0.0
MAP7,0.047129683,0.0,-1.0
MAP7D1,0.22748704,0.0,0.0
MAP7D3,0.1502737,0.0,0.0
MAP9,0.16588505,0.0,0.0
MAPK1,0.5639794,1.0,1.0
MAPK10,0.26699024,0.0,-1.0
MAPK11,0.33029005,0.0,-1.0
MAPK12,0.25942406,0.0,-1.0
MAPK13,0.28853652,0.0,-1.0
MAPK14,0.3485216,0.0,-1.0
MAPK15,0.19859177,0.0,0.0
MAPK1IP1L,0.18563156,0.0,0.0
MAPK3,0.410223,0.0,1.0
MAPK4,0.20778613,0.0,-1.0
MAPK6,0.1374882,0.0,-1.0
MAPK7,0.19773105,0.0,-1.0
MAPK8,0.3619681,0.0,-1.0
MAPK8IP1,0.3814771,0.0,-1.0
MAPK8IP2,0.29804853,0.0,0.0
MAPK8IP3,0.36505434,0.0,0.0
MAPK9,0.16142236,0.0,-1.0
MAPKAP1,0.24520893,0.0,-1.0
MAPKAPK2,0.2226739,0.0,-1.0
MAPKAPK3,0.30594867,0.0,0.0
MAPKAPK5,0.19815877,0.0,-1.0
MAPKBP1,0.15200351,0.0,0.0
MAPRE1,0.27401426,0.0,-1.0
MAPRE2,0.19977845,0.0,0.0
MAPRE3,0.24295236,0.0,-1.0
MAPT,0.4055547,0.0,-1.0
MARCHF10,0.18549825,0.0,0.0
MARCHF2,0.09861561,0.0,0.0
MARCHF3,0.11038867,0.0,-1.0
MARCHF4,0.10460501,0.0,0.0
MARCHF5,0.16989248,0.0,0.0
MARCHF6,0.14259961,0.0,0.0
MARCHF7,0.17876418,0.0,0.0
MARCHF8,0.17103423,0.0,0.0
MARCHF9,0.060346685,0.0,0.0
MARCKS,0.25145334,0.0,-1.0
MARCKSL1,0.11966513,0.0,0.0
MARCO,0.0021991408,0.0,0.0
MARF1,0.11562758,0.0,0.0
MARK1,0.33161446,0.0,0.0
MARK2,0.40794933,0.0,-1.0
MARK3,0.3575556,0.0,-1.0
MARK4,0.2391788,0.0,-1.0
MARS1,0.22580153,0.0,-1.0
MARVELD1,0.07808706,0.0,0.0
MARVELD3,0.07514963,0.0,0.0
MAS1,0.094480455,0.0,-1.0
MASP1,0.30223128,0.0,0.0
MASP2,0.042731114,0.0,0.0
MAST1,0.37876266,0.0,-1.0
MAST2,0.29139936,0.0,0.0
MAST3,0.32530725,0.0,-1.0
MAST4,0.06881274,0.0,-1.0
MAT1A,0.08955371,0.0,0.0
MAT2A,0.09726913,0.0,0.0
MAT2B,0.081293926,0.0,0.0
MATK,0.27520564,0.0,-1.0
MATN1,0.15999112,0.0,0.0
MATN2,0.26280868,0.0,0.0
MATN3,0.14153968,0.0,-1.0
MATN4,0.1397627,0.0,0.0
MATR3,0.28662553,0.0,-1.0
MAU2,0.1566656,0.0,0.0
MAVS,0.20391348,0.0,0.0
MAX,0.2951232,0.0,1.0
MAZ,0.22895944,0.0,-1.0
MB,0.15782334,0.0,0.0
MB21D2,0.04201272,0.0,-1.0
MBD1,0.3147245,0.0,-1.0
MBD2,0.3238336,0.0,-1.0
MBD3,0.49397153,0.0,0.0
MBD3L1,0.26079,0.0,0.0
MBD3L2,0.2553139,0.0,0.0
MBD4,0.26645654,0.0,-1.0
MBD5,0.34914735,0.0,-1.0
MBD6,0.24907668,0.0,1.0
MBIP,0.23525281,0.0,0.0
MBL2,0.13072105,0.0,0.0
MBLAC2,0.03955627,0.0,0.0
MBNL1,0.19087037,0.0,-1.0
MBNL2,0.122666106,0.0,-1.0
MBNL3,0.15095663,0.0,0.0
MBOAT7,0.16053945,0.0,0.0
MBP,0.4911121,0.0,0.0
MBTD1,0.15942858,0.0,0.0
MBTPS1,0.18851681,0.0,0.0
MBTPS2,0.098369725,0.0,0.0
MC1R,0.12536372,0.0,-1.0
MC2R,0.120972335,0.0,-1.0
MC3R,0.15207434,0.0,0.0
MC4R,0.15122102,0.0,-1.0
MC5R,0.13707142,0.0,0.0
MCAM,0.2268927,0.0,-1.0
MCC,0.5068561,1.0,-1.0
MCCC1,0.19012001,0.0,0.0
MCCC2,0.15880343,0.0,0.0
MCEE,0.13023509,0.0,0.0
MCF2,0.2407742,0.0,-1.0
MCF2L,0.13297154,0.0,0.0
MCF2L2,0.19960043,0.0,-1.0
MCFD2,0.12390875,0.0,-1.0
MCHR1,0.044500813,0.0,-1.0
MCHR2,0.01940709,0.0,-1.0
MCIDAS,0.082943976,0.0,0.0
MCL1,0.38264418,0.0,1.0
MCM10,0.27194956,0.0,0.0
MCM2,0.38159588,0.0,-1.0
MCM3,0.33954805,0.0,-1.0
MCM3AP,0.20497218,0.0,0.0
MCM4,0.28262606,0.0,-1.0
MCM5,0.29818523,0.0,-1.0
MCM6,0.29650307,0.0,-1.0
MCM7,0.39295247,0.0,-1.0
MCM8,0.16068648,0.0,0.0
MCMBP,0.17967159,0.0,-1.0
MCOLN1,0.17742273,0.0,-1.0
MCOLN3,0.08946582,0.0,0.0
MCPH1,0.3347197,0.0,-1.0
MCRIP1,0.08332293,0.0,0.0
MCRIP2,0.18562727,0.0,0.0
MCRS1,0.32340795,0.0,-1.0
MCTS1,0.16052935,0.0,0.0
MCU,0.030682715,0.0,0.0
MCUB,0.06737591,0.0,0.0
MDC1,0.47789052,0.0,-1.0
MDFI,0.14818473,0.0,0.0
MDGA1,0.1597821,0.0,0.0
MDGA2,0.058285106,0.0,0.0
MDH1,0.08896034,0.0,0.0
MDH2,0.17112543,0.0,-1.0
MDK,0.2206749,0.0,-1.0
MDM2,0.5491444,1.0,1.0
MDM4,0.363379,0.0,1.0
MDN1,0.2986934,0.0,0.0
MDP1,0.05293333,0.0,0.0
ME1,0.1656419,0.0,-1.0
ME2,0.17812726,0.0,0.0
ME3,0.17168027,0.0,-1.0
MEA1,0.20696937,0.0,0.0
MEAF6,0.13190173,0.0,0.0
MEAK7,0.103525,0.0,0.0
MECOM,0.36699644,0.0,1.0
MECP2,0.40460142,0.0,-1.0
MECR,0.16800082,0.0,0.0
MED1,0.42182624,0.0,-1.0
MED10,0.2247588,0.0,0.0
MED11,0.16448043,0.0,0.0
MED12,0.3396537,0.0,1.0
MED12L,0.14722432,0.0,-1.0
MED13,0.20989217,0.0,-1.0
MED13L,0.15183605,0.0,-1.0
MED14,0.2887171,0.0,0.0
MED15,0.33751523,0.0,0.0
MED16,0.24558613,0.0,-1.0
MED17,0.22311732,0.0,0.0
MED18,0.16561882,0.0,0.0
MED19,0.2092163,0.0,0.0
MED20,0.19142777,0.0,0.0
MED21,0.273293,0.0,0.0
MED22,0.09825411,0.0,0.0
MED23,0.24008098,0.0,-1.0
MED24,0.24439086,0.0,0.0
MED25,0.28711906,0.0,-1.0
MED26,0.22721393,0.0,0.0
MED27,0.15987062,0.0,0.0
MED28,0.36691424,0.0,-1.0
MED29,0.18251997,0.0,0.0
MED30,0.16388622,0.0,0.0
MED31,0.28980225,0.0,-1.0
MED4,0.23521109,0.0,0.0
MED6,0.26669568,0.0,0.0
MED7,0.22966953,0.0,0.0
MED8,0.105579525,0.0,0.0
MED9,0.19571887,0.0,0.0
MEDAG,0.10068755,0.0,0.0
MEF2A,0.257441,0.0,-1.0
MEF2B,0.16347493,0.0,1.0
MEF2C,0.36242366,0.0,-1.0
MEF2D,0.35058495,0.0,1.0
MEFV,0.24977988,0.0,-1.0
MEGF10,0.30655736,0.0,0.0
MEGF11,0.12746662,0.0,0.0
MEGF6,0.24216849,0.0,0.0
MEGF8,0.23819472,0.0,0.0
MEI1,0.054661002,0.0,0.0
MEIG1,0.092224196,0.0,0.0
MEIOB,0.048426677,0.0,0.0
MEIS1,0.5360198,1.0,-1.0
MEIS2,0.29143715,0.0,0.0
MEIS3,0.17822106,0.0,0.0
MELK,0.17654349,0.0,-1.0
MELTF,0.07476012,0.0,0.0
MEMO1,0.18364517,0.0,0.0
MEN1,0.47522438,0.0,1.0
MEOX1,0.19166043,0.0,0.0
MEOX2,0.18564662,0.0,0.0
MEP1A,0.041709453,0.0,-1.0
MEP1B,0.060148068,0.0,0.0
MEPCE,0.22924677,0.0,0.0
MEPE,0.30926496,0.0,0.0
MERTK,0.19289061,0.0,-1.0
MESD,0.17945378,0.0,0.0
MEST,0.08798625,0.0,0.0
MET,0.64314127,1.0,1.0
METAP1,0.1465848,0.0,0.0
METAP1D,0.05439886,0.0,0.0
METAP2,0.26638877,0.0,-1.0
METTL1,0.1461586,0.0,0.0
METTL13,0.16026251,0.0,0.0
METTL14,0.091768764,0.0,-1.0
METTL16,0.05834461,0.0,0.0
METTL17,0.1308875,0.0,0.0
METTL18,0.117964245,0.0,0.0
METTL21A,0.1410657,0.0,-1.0
METTL21C,0.1809967,0.0,0.0
METTL22,0.18422858,0.0,0.0
METTL23,0.21398096,0.0,-1.0
METTL26,0.05011502,0.0,-1.0
METTL27,0.11123689,0.0,0.0
METTL2A,0.11848575,0.0,0.0
METTL2B,0.047972724,0.0,0.0
METTL3,0.07884317,0.0,-1.0
METTL4,0.071889244,0.0,0.0
METTL5,0.08524828,0.0,0.0
METTL6,0.004986775,0.0,0.0
METTL7A,0.10439694,0.0,-1.0
METTL7B,0.06467251,0.0,0.0
METTL8,0.13579597,0.0,0.0
METTL9,0.050354637,0.0,0.0
MEX3A,0.05656606,0.0,0.0
MEX3B,0.21538197,0.0,0.0
MEX3C,0.14392899,0.0,-1.0
MEX3D,0.20784497,0.0,0.0
MFAP1,0.20403762,0.0,0.0
MFAP2,0.21988432,0.0,0.0
MFAP3,0.017247181,0.0,0.0
MFAP3L,0.023230435,0.0,0.0
MFAP4,0.055893846,0.0,-1.0
MFAP5,0.2886241,0.0,-1.0
MFF,0.15084697,0.0,0.0
MFHAS1,0.08538803,0.0,-1.0
MFN1,0.17500263,0.0,0.0
MFN2,0.17616998,0.0,-1.0
MFNG,0.40279442,0.0,0.0
MFRP,0.09015859,0.0,-1.0
MFSD1,0.096023604,0.0,0.0
MFSD10,0.052510314,0.0,-1.0
MFSD13A,0.10312325,0.0,0.0
MFSD14A,0.045724597,0.0,0.0
MFSD14B,0.0582406,0.0,0.0
MFSD3,0.08361208,0.0,0.0
MFSD5,0.09765599,0.0,0.0
MGA,0.3110663,0.0,1.0
MGAM,0.1925894,0.0,1.0
MGARP,0.07076487,0.0,0.0
MGAT1,0.105701044,0.0,0.0
MGAT2,0.06721485,0.0,-1.0
MGAT3,0.046781786,0.0,-1.0
MGAT4B,0.009338868,0.0,0.0
MGAT5B,0.17573448,0.0,-1.0
MGLL,0.13478293,0.0,0.0
MGME1,0.052260444,0.0,0.0
MGMT,0.2880247,0.0,1.0
MGP,0.041113686,0.0,0.0
MGRN1,0.12644978,0.0,0.0
MGST1,0.105955124,0.0,-1.0
MGST2,0.045718487,0.0,-1.0
MGST3,0.13515311,0.0,-1.0
MIA,0.14169009,0.0,0.0
MIA2,0.18128116,0.0,-1.0
MIA3,0.20939934,0.0,0.0
MIB1,0.25681645,0.0,-1.0
MIB2,0.05809627,0.0,-1.0
MICA,0.047619265,0.0,-1.0
MICAL1,0.21259095,0.0,0.0
MICAL2,0.06274227,0.0,-1.0
MICALL1,0.21623231,0.0,0.0
MICALL2,0.18214476,0.0,0.0
MICB,0.037376717,0.0,-1.0
MICOS10,0.09481422,0.0,0.0
MICOS10-NBL1,0.10991471,0.0,0.0
MICOS13,0.1283531,0.0,0.0
MICU1,0.033940833,0.0,0.0
MICU2,0.054251526,0.0,0.0
MID1,0.20903142,0.0,-1.0
MID1IP1,0.1536285,0.0,0.0
MID2,0.16093522,0.0,0.0
MIDEAS,0.19831148,0.0,1.0
MIDN,0.19967158,0.0,0.0
MIEF1,0.18711585,0.0,0.0
MIEF2,0.18089645,0.0,0.0
MIEN1,0.052866634,0.0,-1.0
MIER1,0.14939383,0.0,-1.0
MIER2,0.20425679,0.0,0.0
MIER3,0.15168814,0.0,-1.0
MIF,0.1899594,0.0,-1.0
MIF4GD,0.1799497,0.0,0.0
MIIP,0.1500225,0.0,0.0
MINDY1,0.09831108,0.0,0.0
MINDY2,0.04201272,0.0,0.0
MINDY3,0.104530156,0.0,0.0
MINK1,0.08250625,0.0,0.0
MINPP1,0.14806439,0.0,0.0
MIOS,0.13148926,0.0,-1.0
MIP,0.23271085,0.0,-1.0
MIPEP,0.16317272,0.0,0.0
MIPOL1,0.22230348,0.0,0.0
MIR9-1HG,0.08443847,0.0,0.0
MIS12,0.27500057,0.0,0.0
MIS18A,0.22939841,0.0,0.0
MIS18BP1,0.14461163,0.0,0.0
MISP,0.04201272,0.0,0.0
MITD1,0.1396609,0.0,0.0
MITF,0.1389962,0.0,1.0
MIX23,0.055222396,0.0,0.0
MKI67,0.3430248,0.0,-1.0
MKKS,0.17861156,0.0,-1.0
MKLN1,0.1451675,0.0,0.0
MKNK1,0.28727934,0.0,-1.0
MKNK2,0.20117854,0.0,0.0
MKRN1,0.17506278,0.0,-1.0
MKRN2,0.14311895,0.0,0.0
MKRN3,0.29267198,0.0,-1.0
MKS1,0.16495107,0.0,-1.0
MKX,0.24774155,0.0,0.0
MLANA,0.0829018,0.0,0.0
MLC1,0.17678843,0.0,-1.0
MLEC,0.112152934,0.0,0.0
MLF1,0.32962203,0.0,1.0
MLF2,0.33749795,0.0,0.0
MLH1,0.2676376,0.0,1.0
MLH3,0.62802154,1.0,-1.0
MLIP,0.37146598,0.0,0.0
MLKL,0.1318692,0.0,0.0
MLLT1,0.25576684,0.0,1.0
MLLT10,0.29792202,0.0,1.0
MLLT11,0.13104875,0.0,1.0
MLLT3,0.27935326,0.0,1.0
MLLT6,0.21088251,0.0,1.0
MLNR,0.18250515,0.0,0.0
MLPH,0.17383711,0.0,-1.0
MLST8,0.26896197,0.0,-1.0
MLX,0.17349344,0.0,0.0
MLXIP,0.18407051,0.0,0.0
MLXIPL,0.10037667,0.0,-1.0
MMAA,0.03568461,0.0,0.0
MMAB,0.09537993,0.0,-1.0
MMACHC,0.07058927,0.0,-1.0
MMADHC,0.05122481,0.0,0.0
MME,0.10389461,0.0,-1.0
MMGT1,0.014786353,0.0,0.0
MMP1,0.06862068,0.0,-1.0
MMP10,0.10701996,0.0,0.0
MMP11,0.025706507,0.0,-1.0
MMP12,0.10677209,0.0,0.0
MMP13,0.102968834,0.0,-1.0
MMP14,0.11525473,0.0,-1.0
MMP15,0.16477035,0.0,-1.0
MMP16,0.11753757,0.0,-1.0
MMP17,0.16755013,0.0,0.0
MMP2,0.17269278,0.0,-1.0
MMP20,0.05766702,0.0,-1.0
MMP23B,0.022929404,0.0,0.0
MMP24,0.018623985,0.0,-1.0
MMP25,0.14975682,0.0,0.0
MMP26,0.083768405,0.0,-1.0
MMP27,0.121782586,0.0,0.0
MMP3,0.05972567,0.0,-1.0
MMP7,0.15784684,0.0,0.0
MMP8,0.0873792,0.0,-1.0
MMP9,0.17965277,0.0,-1.0
MMRN1,0.12140336,0.0,0.0
MMS19,0.2414727,0.0,0.0
MMS22L,0.21824373,0.0,-1.0
MMUT,0.060079455,0.0,0.0
MN1,0.30217814,0.0,1.0
MNAT1,0.22139883,0.0,-1.0
MND1,0.11954711,0.0,0.0
MNDA,0.29330435,0.0,0.0
MNS1,0.14035901,0.0,0.0
MNT,0.2323556,0.0,0.0
MOAP1,0.2337335,0.0,-1.0
MOB1A,0.19784392,0.0,0.0
MOB1B,0.1819028,0.0,-1.0
MOB2,0.15426598,0.0,0.0
MOB3A,0.14893411,0.0,0.0
MOB3B,0.22521484,0.0,1.0
MOB3C,0.12064591,0.0,0.0
MOB4,0.3124399,0.0,0.0
MOBP,0.10149952,0.0,0.0
MOCOS,0.16612813,0.0,0.0
MOCS2,0.16775699,0.0,0.0
MOCS3,0.13484904,0.0,-1.0
MOGS,0.21207774,0.0,-1.0
MOK,0.15077741,0.0,0.0
MON1A,0.14379103,0.0,0.0
MON1B,0.1366357,0.0,0.0
MON2,0.20982373,0.0,0.0
MORC1,0.1090501,0.0,0.0
MORC3,0.13961342,0.0,0.0
MORC4,0.19426805,0.0,-1.0
MORF4L1,0.23874456,0.0,0.0
MORF4L2,0.29481655,0.0,0.0
MORN1,0.06765764,0.0,-1.0
MORN2,0.097202,0.0,0.0
MORN3,0.09627823,0.0,0.0
MORN4,0.2561992,0.0,0.0
MOS,0.21855548,0.0,-1.0
MOSPD1,0.05333158,0.0,0.0
MOV10,0.23868757,0.0,-1.0
MOXD1,0.16269965,0.0,0.0
MPC1,0.15137498,0.0,-1.0
MPC2,0.12024343,0.0,0.0
MPDU1,0.12206821,0.0,-1.0
MPDZ,0.1687257,0.0,-1.0
MPG,0.23288897,0.0,0.0
MPHOSPH10,0.17220071,0.0,0.0
MPHOSPH6,0.18750425,0.0,0.0
MPHOSPH8,0.24813719,0.0,0.0
MPHOSPH9,0.20392875,0.0,0.0
MPI,0.064703606,0.0,-1.0
MPIG6B,0.12929985,0.0,0.0
MPL,0.071474984,0.0,1.0
MPLKIP,0.179215,0.0,-1.0
MPND,0.07730474,0.0,0.0
MPO,0.14963628,0.0,-1.0
MPP1,0.26480606,0.0,-1.0
MPP2,0.2168904,0.0,0.0
MPP3,0.09670446,0.0,0.0
MPP4,0.020368826,0.0,0.0
MPP7,0.075210534,0.0,0.0
MPPE1,0.14360008,0.0,-1.0
MPPED1,0.20839225,0.0,0.0
MPPED2,0.08875141,0.0,-1.0
MPRIP,0.29877356,0.0,0.0
MPST,0.12958243,0.0,0.0
MPV17,0.09714303,0.0,0.0
MPV17L2,0.09427727,0.0,0.0
MPZ,0.11645647,0.0,-1.0
MPZL1,0.21457009,0.0,0.0
MPZL2,0.009985249,0.0,0.0
MPZL3,0.0022967095,0.0,0.0
MR1,0.17226729,0.0,0.0
MRAP,0.09928429,0.0,0.0
MRAP2,0.10169144,0.0,0.0
MRAS,0.31076148,0.0,-1.0
MRC1,0.19503658,0.0,-1.0
MRC2,0.31198406,0.0,0.0
MRE11,0.35055047,0.0,1.0
MREG,0.042945035,0.0,-1.0
MRFAP1,0.211288,0.0,0.0
MRFAP1L1,0.17226505,0.0,0.0
MRGBP,0.2586886,0.0,0.0
MRGPRX1,0.19032054,0.0,0.0
MRGPRX2,0.040450133,0.0,0.0
MRI1,0.14568928,0.0,0.0
MRM1,0.15323827,0.0,0.0
MRM2,0.024834089,0.0,0.0
MRM3,0.114813335,0.0,0.0
MRNIP,0.10659067,0.0,0.0
MROH1,0.09044601,0.0,-1.0
MROH2B,0.13511117,0.0,0.0
MROH5,0.116169125,0.0,0.0
MROH6,0.08330265,0.0,0.0
MRPL1,0.09902226,0.0,0.0
MRPL10,0.13575001,0.0,0.0
MRPL11,0.16695884,0.0,0.0
MRPL12,0.10085253,0.0,-1.0
MRPL13,0.07353754,0.0,0.0
MRPL14,0.118399896,0.0,0.0
MRPL15,0.08778711,0.0,0.0
MRPL16,0.094292924,0.0,0.0
MRPL17,0.094556995,0.0,0.0
MRPL18,0.09847971,0.0,-1.0
MRPL19,0.10172989,0.0,0.0
MRPL2,0.09653255,0.0,0.0
MRPL20,0.18755342,0.0,-1.0
MRPL21,0.08695029,0.0,-1.0
MRPL23,0.08494032,0.0,0.0
MRPL24,0.07579224,0.0,0.0
MRPL27,0.12005884,0.0,0.0
MRPL28,0.12318353,0.0,0.0
MRPL3,0.07042006,0.0,0.0
MRPL30,0.09203575,0.0,0.0
MRPL32,0.07160076,0.0,0.0
MRPL35,0.08488054,0.0,0.0
MRPL36,0.10405195,0.0,-1.0
MRPL37,0.0933309,0.0,0.0
MRPL38,0.095762126,0.0,0.0
MRPL39,0.08996094,0.0,0.0
MRPL4,0.105224736,0.0,0.0
MRPL40,0.0795393,0.0,0.0
MRPL41,0.09405659,0.0,0.0
MRPL42,0.094062865,0.0,0.0
MRPL43,0.16615422,0.0,0.0
MRPL44,0.08780899,0.0,0.0
MRPL45,0.09269215,0.0,0.0
MRPL46,0.10097301,0.0,0.0
MRPL48,0.08703832,0.0,0.0
MRPL49,0.11558383,0.0,0.0
MRPL50,0.09041555,0.0,0.0
MRPL51,0.07117541,0.0,0.0
MRPL52,0.06972289,0.0,0.0
MRPL53,0.15641785,0.0,0.0
MRPL54,0.12355801,0.0,0.0
MRPL55,0.06981697,0.0,0.0
MRPL57,0.113669544,0.0,0.0
MRPL58,0.04133822,0.0,0.0
MRPL9,0.083972715,0.0,0.0
MRPS10,0.10515165,0.0,0.0
MRPS11,0.11727353,0.0,0.0
MRPS12,0.11762259,0.0,0.0
MRPS14,0.11208186,0.0,-1.0
MRPS15,0.11031053,0.0,0.0
MRPS16,0.12359926,0.0,-1.0
MRPS17,0.09414595,0.0,0.0
MRPS18B,0.11299347,0.0,0.0
MRPS18C,0.045598384,0.0,0.0
MRPS2,0.11849682,0.0,0.0
MRPS21,0.14888386,0.0,-1.0
MRPS22,0.12484488,0.0,-1.0
MRPS23,0.15934163,0.0,0.0
MRPS24,0.119058885,0.0,0.0
MRPS25,0.10250025,0.0,0.0
MRPS26,0.108779125,0.0,0.0
MRPS27,0.1372518,0.0,0.0
MRPS28,0.09837439,0.0,0.0
MRPS30,0.0729321,0.0,0.0
MRPS31,0.14657058,0.0,-1.0
MRPS33,0.15405436,0.0,-1.0
MRPS34,0.13868576,0.0,0.0
MRPS35,0.118613854,0.0,0.0
MRPS36,0.07558723,0.0,0.0
MRPS5,0.119341634,0.0,0.0
MRPS6,0.17973691,0.0,0.0
MRPS7,0.12269632,0.0,0.0
MRPS9,0.08738424,0.0,0.0
MRRF,0.13470311,0.0,0.0
MRS2,0.060516782,0.0,0.0
MRTFA,0.25044355,0.0,1.0
MRTFB,0.20714468,0.0,0.0
MRTO4,0.19653283,0.0,0.0
MS4A1,0.12004284,0.0,0.0
MS4A12,0.008956229,0.0,0.0
MS4A2,0.30034214,0.0,0.0
MS4A3,0.08974717,0.0,0.0
MS4A5,0.049687557,0.0,0.0
MS4A7,0.21559486,0.0,0.0
MSANTD2,0.060284313,0.0,0.0
MSANTD3,0.22899112,0.0,0.0
MSC,0.16313925,0.0,0.0
MSH2,0.561522,1.0,1.0
MSH3,0.21577354,0.0,1.0
MSH4,0.21221693,0.0,0.0
MSH5,0.23881966,0.0,-1.0
MSH6,0.43417647,0.0,1.0
MSI1,0.12155797,0.0,1.0
MSI2,0.20876704,0.0,1.0
MSL1,0.14826511,0.0,0.0
MSL2,0.17675664,0.0,0.0
MSL3,0.2431587,0.0,0.0
MSLN,0.10787021,0.0,-1.0
MSMB,0.0523732,0.0,-1.0
MSMO1,0.08214497,0.0,0.0
MSN,0.3523479,0.0,1.0
MSR1,0.09177512,0.0,-1.0
MSRB2,0.1551331,0.0,0.0
MSRB3,0.14287764,0.0,0.0
MST1,0.49568826,0.0,1.0
MST1R,0.349177,0.0,1.0
MSTN,0.1738923,0.0,-1.0
MSTO1,0.2422329,0.0,0.0
MSX1,0.41003025,0.0,-1.0
MSX2,0.25147086,0.0,-1.0
MT-ATP6,0.135681,0.0,-1.0
MT-ATP8,0.2202169,0.0,0.0
MT-CO2,0.12742947,0.0,-1.0
MT-CO3,0.2203736,0.0,-1.0
MT-CYB,0.25323066,0.0,-1.0
MT-ND1,0.1441186,0.0,-1.0
MT-ND2,0.12739006,0.0,-1.0
MT-ND3,0.055242926,0.0,-1.0
MT-ND4,0.22830392,0.0,-1.0
MT-ND4L,0.03966803,0.0,-1.0
MT-ND5,0.17168227,0.0,-1.0
MT-ND6,0.09463681,0.0,-1.0
MT1A,0.28726876,0.0,0.0
MT1E,0.03613422,0.0,0.0
MT1F,0.06045106,0.0,0.0
MT1G,0.047845706,0.0,0.0
MT1H,0.06364849,0.0,-1.0
MT1M,0.055552617,0.0,0.0
MT1X,0.061371073,0.0,0.0
MT2A,0.16854754,0.0,0.0
MT3,0.1569163,0.0,0.0
MTA1,0.4238155,0.0,-1.0
MTA2,0.47225642,0.0,0.0
MTA3,0.31445685,0.0,-1.0
MTAP,0.12074807,0.0,1.0
MTARC1,0.099855185,0.0,0.0
MTARC2,0.09305932,0.0,0.0
MTBP,0.12388287,0.0,0.0
MTCH1,0.10594923,0.0,0.0
MTCH2,0.15506689,0.0,0.0
MTCP1,0.16513969,0.0,1.0
MTDH,0.19212101,0.0,-1.0
MTERF1,0.12230121,0.0,0.0
MTERF3,0.09458176,0.0,-1.0
MTERF4,0.10485527,0.0,0.0
MTF1,0.24027458,0.0,0.0
MTF2,0.2584995,0.0,0.0
MTFP1,0.13566594,0.0,0.0
MTFR1,0.111684345,0.0,0.0
MTFR1L,0.104296625,0.0,-1.0
MTFR2,0.13737348,0.0,0.0
MTG1,0.10279356,0.0,0.0
MTG2,0.08817757,0.0,-1.0
MTHFD1,0.18682665,0.0,-1.0
MTHFD1L,0.20091727,0.0,0.0
MTHFD2,0.13143271,0.0,-1.0
MTHFD2L,0.04307259,0.0,0.0
MTHFR,0.08302741,0.0,-1.0
MTHFS,0.07207876,0.0,0.0
MTHFSD,0.07534271,0.0,0.0
MTIF2,0.1622553,0.0,0.0
MTIF3,0.1275106,0.0,0.0
MTM1,0.16299362,0.0,-1.0
MTMR1,0.15385771,0.0,0.0
MTMR10,0.21709694,0.0,0.0
MTMR11,0.15589961,0.0,0.0
MTMR12,0.19857937,0.0,0.0
MTMR14,0.067069106,0.0,-1.0
MTMR2,0.19912507,0.0,-1.0
MTMR3,0.13916954,0.0,-1.0
MTMR4,0.23354228,0.0,0.0
MTMR6,0.13740677,0.0,0.0
MTMR7,0.007766193,0.0,0.0
MTMR8,0.08151985,0.0,-1.0
MTMR9,0.039383117,0.0,0.0
MTNR1A,0.34134343,0.0,0.0
MTNR1B,0.28112385,0.0,-1.0
MTO1,0.13568495,0.0,0.0
MTOR,0.46785876,0.0,1.0
MTPAP,0.08258525,0.0,0.0
MTPN,0.1495757,0.0,0.0
MTR,0.12937349,0.0,-1.0
MTRES1,0.102157794,0.0,0.0
MTREX,0.2792439,0.0,-1.0
MTRF1,0.055950787,0.0,-1.0
MTRFR,0.05301603,0.0,0.0
MTRNR2L1,0.20149982,0.0,0.0
MTRR,0.16271925,0.0,-1.0
MTSS1,0.27758378,0.0,0.0
MTSS2,0.11077546,0.0,0.0
MTTP,0.33112067,0.0,-1.0
MTURN,0.051938944,0.0,0.0
MTUS1,0.109961934,0.0,-1.0
MTUS2,0.31572092,0.0,-1.0
MTX1,0.114400655,0.0,0.0
MTX2,0.0683295,0.0,0.0
MUC1,0.38502797,0.0,1.0
MUC12,0.13721561,0.0,-1.0
MUC13,0.13889237,0.0,-1.0
MUC16,0.15627508,0.0,-1.0
MUC2,0.2899683,0.0,-1.0
MUC20,0.061944593,0.0,0.0
MUC5B,0.19113572,0.0,0.0
MUC6,0.14252263,0.0,-1.0
MUC7,0.0014230723,0.0,-1.0
MUCL1,0.104496844,0.0,0.0
MUL1,0.16698475,0.0,0.0
MUS81,0.14472155,0.0,0.0
MUSK,0.23118101,0.0,-1.0
MUSTN1,0.10857019,0.0,0.0
MUTYH,0.35737547,0.0,1.0
MVB12A,0.13693893,0.0,0.0
MVB12B,0.095419146,0.0,0.0
MVD,0.25324756,0.0,0.0
MVK,0.109164126,0.0,-1.0
MVP,0.23934788,0.0,-1.0
MX1,0.16864431,0.0,0.0
MX2,0.15206423,0.0,0.0
MXD1,0.23616886,0.0,-1.0
MXD3,0.039612435,0.0,0.0
MXD4,0.16477658,0.0,0.0
MXI1,0.09920221,0.0,-1.0
MXRA5,0.22331153,0.0,-1.0
MXRA7,0.12449446,0.0,0.0
MXRA8,0.02352158,0.0,0.0
MYADM,0.054125726,0.0,0.0
MYB,0.39414135,0.0,1.0
MYBBP1A,0.21449603,0.0,-1.0
MYBL1,0.08437572,0.0,-1.0
MYBL2,0.35088706,0.0,-1.0
MYBPC1,0.45767534,0.0,0.0
MYBPC2,0.3765592,0.0,0.0
MYBPC3,0.22276826,0.0,-1.0
MYBPH,0.25411808,0.0,0.0
MYBPHL,0.14357598,0.0,0.0
MYC,0.63734126,1.0,1.0
MYCBP,0.19434445,0.0,-1.0
MYCBP2,0.41352323,0.0,-1.0
MYCBPAP,0.1930548,0.0,0.0
MYCL,0.06805561,0.0,1.0
MYCN,0.28908673,0.0,1.0
MYD88,0.39568615,0.0,1.0
MYDGF,0.13830765,0.0,0.0
MYEF2,0.1888427,0.0,0.0
MYEOV,0.060876764,0.0,-1.0
MYF5,0.19867858,0.0,0.0
MYF6,0.18936773,0.0,-1.0
MYG1,0.14651905,0.0,0.0
MYH1,0.25629956,0.0,-1.0
MYH10,0.40980005,0.0,0.0
MYH11,0.29148123,0.0,1.0
MYH13,0.20279384,0.0,0.0
MYH14,0.34969798,0.0,0.0
MYH15,0.028952973,0.0,0.0
MYH2,0.34791672,0.0,-1.0
MYH3,0.32180005,0.0,0.0
MYH4,0.2728441,0.0,-1.0
MYH6,0.124196574,0.0,-1.0
MYH7,0.26098964,0.0,-1.0
MYH7B,0.14280671,0.0,0.0
MYH8,0.2298151,0.0,-1.0
MYH9,0.50974244,1.0,1.0
MYL1,0.023130575,0.0,0.0
MYL12A,0.27169532,0.0,-1.0
MYL12B,0.20600738,0.0,0.0
MYL2,0.19988315,0.0,-1.0
MYL3,0.2056974,0.0,-1.0
MYL4,0.2224809,0.0,0.0
MYL5,0.07457924,0.0,0.0
MYL6,0.22149894,0.0,0.0
MYL6B,0.18508361,0.0,0.0
MYL7,0.08593622,0.0,0.0
MYL9,0.17449413,0.0,0.0
MYLIP,0.18824923,0.0,0.0
MYLK,0.28111193,0.0,-1.0
MYLK2,0.2535438,0.0,-1.0
MYLK3,0.15153456,0.0,0.0
MYLK4,0.117084876,0.0,0.0
MYLPF,0.16424319,0.0,0.0
MYNN,0.1495525,0.0,0.0
MYO10,0.31941178,0.0,0.0
MYO15A,0.28460327,0.0,0.0
MYO15B,0.16646382,0.0,0.0
MYO16,0.3223867,0.0,0.0
MYO18A,0.24836893,0.0,-1.0
MYO18B,0.25334993,0.0,-1.0
MYO1A,0.24306113,0.0,-1.0
MYO1B,0.19040203,0.0,-1.0
MYO1C,0.21624012,0.0,0.0
MYO1D,0.22837234,0.0,0.0
MYO1E,0.25582376,0.0,-1.0
MYO1F,0.21411522,0.0,0.0
MYO1G,0.19792105,0.0,-1.0
MYO3A,0.11712055,0.0,0.0
MYO3B,0.26667148,0.0,0.0
MYO5A,0.27276847,0.0,1.0
MYO5B,0.25027257,0.0,-1.0
MYO5C,0.21061724,0.0,0.0
MYO6,0.305447,0.0,-1.0
MYO7A,0.35637888,0.0,-1.0
MYO7B,0.3069681,0.0,0.0
MYO9A,0.23932064,0.0,-1.0
MYO9B,0.2816681,0.0,-1.0
MYOC,0.25571746,0.0,-1.0
MYOCD,0.22045238,0.0,-1.0
MYOD1,0.35340476,0.0,1.0
MYOF,0.18835434,0.0,0.0
MYOG,0.23848404,0.0,0.0
MYOM1,0.39083546,0.0,0.0
MYOM2,0.39911106,0.0,-1.0
MYOM3,0.28976318,0.0,-1.0
MYORG,0.05235072,0.0,0.0
MYOT,0.25850326,0.0,-1.0
MYOZ1,0.20074216,0.0,0.0
MYOZ2,0.1795056,0.0,-1.0
MYOZ3,0.121600755,0.0,-1.0
MYPN,0.19349451,0.0,0.0
MYPOP,0.121159606,0.0,0.0
MYRF,0.04201272,0.0,0.0
MYRIP,0.32472336,0.0,-1.0
MYSM1,0.23399888,0.0,0.0
MYT1,0.23445761,0.0,-1.0
MYT1L,0.27381033,0.0,-1.0
MZB1,0.05561784,0.0,0.0
MZF1,0.15880872,0.0,0.0
MZT1,0.12218902,0.0,0.0
MZT2A,0.13399187,0.0,0.0
MZT2B,0.18881595,0.0,0.0
N4BP1,0.160607,0.0,-1.0
N4BP2,0.24932188,0.0,1.0
N4BP2L2,0.14671567,0.0,0.0
N4BP3,0.11127451,0.0,-1.0
N6AMT1,0.056445666,0.0,0.0
NAA10,0.1531113,0.0,-1.0
NAA11,0.052700248,0.0,0.0
NAA15,0.11523667,0.0,0.0
NAA16,0.09620573,0.0,0.0
NAA20,0.069096595,0.0,0.0
NAA25,0.098030716,0.0,0.0
NAA30,0.06949568,0.0,0.0
NAA35,0.06780964,0.0,0.0
NAA38,0.08713847,0.0,0.0
NAA40,0.14461048,0.0,0.0
NAA50,0.13853213,0.0,0.0
NAA80,0.037231814,0.0,0.0
NAAA,0.032635696,0.0,0.0
NAALADL2,0.17313738,0.0,0.0
NAB1,0.2549289,0.0,0.0
NAB2,0.175203,0.0,1.0
NABP1,0.12546672,0.0,-1.0
NABP2,0.17109309,0.0,0.0
NACA,0.24529529,0.0,-1.0
NACA2,0.14840789,0.0,0.0
NACAD,0.19655456,0.0,0.0
NACC1,0.19386972,0.0,-1.0
NACC2,0.24117166,0.0,0.0
NADK,0.19335341,0.0,1.0
NADK2,0.117904656,0.0,0.0
NADSYN1,0.18467797,0.0,0.0
NAE1,0.1728574,0.0,0.0
NAF1,0.18772148,0.0,0.0
NAGA,0.16968258,0.0,-1.0
NAGK,0.16055633,0.0,0.0
NAGLU,0.10513051,0.0,-1.0
NAGPA,0.19873591,0.0,0.0
NAGS,0.02234016,0.0,0.0
NAIF1,0.08945948,0.0,0.0
NALCN,0.2030919,0.0,-1.0
NAMPT,0.21213807,0.0,-1.0
NANOG,0.34365323,0.0,-1.0
NANOS1,0.27216786,0.0,-1.0
NANOS2,0.16725685,0.0,0.0
NANOS3,0.1480932,0.0,0.0
NANP,0.051097244,0.0,-1.0
NANS,0.2778941,0.0,0.0
NAP1L1,0.28395537,0.0,-1.0
NAP1L2,0.17174315,0.0,-1.0
NAP1L3,0.053880956,0.0,0.0
NAP1L4,0.24578696,0.0,0.0
NAP1L5,0.1700697,0.0,0.0
NAPA,0.2064339,0.0,-1.0
NAPB,0.11786611,0.0,0.0
NAPEPLD,0.07570897,0.0,0.0
NAPG,0.17751403,0.0,0.0
NAPRT,0.1597223,0.0,0.0
NAPSA,0.1744208,0.0,0.0
NARF,0.19767843,0.0,0.0
NARS1,0.19103083,0.0,0.0
NASP,0.24628845,0.0,0.0
NAT1,0.13071918,0.0,-1.0
NAT10,0.28382757,0.0,-1.0
NAT14,0.12585884,0.0,0.0
NAT16,0.17389032,0.0,0.0
NAT2,0.34288982,0.0,-1.0
NAT8,0.10082538,0.0,0.0
NAT9,0.17460442,0.0,0.0
NATD1,0.14208382,0.0,0.0
NAV1,0.27822646,0.0,-1.0
NAV2,0.35248056,0.0,0.0
NAV3,0.31434065,0.0,-1.0
NAXD,0.11387337,0.0,0.0
NAXE,0.22054766,0.0,0.0
NBAS,0.20540036,0.0,0.0
NBEA,0.3190946,0.0,1.0
NBEAL1,0.18100947,0.0,0.0
NBEAL2,0.083083265,0.0,-1.0
NBN,0.45261335,0.0,1.0
NBPF1,0.059021812,0.0,-1.0
NBPF10,0.09110429,0.0,0.0
NBPF11,0.1778094,0.0,0.0
NBPF14,0.07156729,0.0,0.0
NBPF15,0.18594827,0.0,0.0
NBPF3,0.088622466,0.0,0.0
NBPF8,0.057969324,0.0,-1.0
NBPF9,0.08540775,0.0,0.0
NBR1,0.25220534,0.0,-1.0
NCALD,0.14331618,0.0,0.0
NCAM1,0.26668152,0.0,0.0
NCAM2,0.20858729,0.0,-1.0
NCAN,0.25480232,0.0,0.0
NCAPD2,0.25989982,0.0,-1.0
NCAPD3,0.3641468,0.0,-1.0
NCAPG,0.2806598,0.0,-1.0
NCAPG2,0.30308095,0.0,-1.0
NCAPH,0.25116596,0.0,0.0
NCAPH2,0.3274786,0.0,-1.0
NCBP1,0.229402,0.0,-1.0
NCBP2,0.16147839,0.0,0.0
NCBP3,0.14696339,0.0,0.0
NCCRP1,0.098811045,0.0,0.0
NCDN,0.16620198,0.0,0.0
NCEH1,0.044820543,0.0,0.0
NCF1,0.36693263,0.0,-1.0
NCF2,0.2972079,0.0,-1.0
NCF4,0.25335917,0.0,-1.0
NCK1,0.6118717,1.0,-1.0
NCK2,0.28025058,0.0,0.0
NCKAP1,0.39773524,0.0,0.0
NCKAP1L,0.30329248,0.0,0.0
NCKAP5,0.36447412,0.0,0.0
NCKAP5L,0.23191953,0.0,0.0
NCKIPSD,0.20541707,0.0,-1.0
NCL,0.4536747,0.0,0.0
NCLN,0.17704797,0.0,0.0
NCOA1,0.5718316,1.0,1.0
NCOA2,0.43464646,0.0,1.0
NCOA3,0.37999478,0.0,1.0
NCOA4,0.26095462,0.0,1.0
NCOA5,0.21860203,0.0,0.0
NCOA6,0.55955726,1.0,-1.0
NCOA7,0.2117302,0.0,0.0
NCOR1,0.5808377,1.0,1.0
NCOR2,0.61815673,1.0,1.0
NCR3,0.10365991,0.0,0.0
NCR3LG1,0.11317185,0.0,0.0
NCS1,0.13857764,0.0,0.0
NCSTN,0.3666994,0.0,1.0
NDC80,0.33956808,0.0,-1.0
NDE1,0.27958366,0.0,-1.0
NDEL1,0.21579652,0.0,-1.0
NDFIP1,0.15810797,0.0,0.0
NDFIP2,0.22309195,0.0,0.0
NDN,0.24844116,0.0,0.0
NDOR1,0.1655602,0.0,0.0
NDP,0.10701582,0.0,0.0
NDRG1,0.2791237,0.0,1.0
NDRG2,0.17862341,0.0,-1.0
NDRG4,0.11856088,0.0,0.0
NDST1,0.0052598817,0.0,0.0
NDUFA1,0.17489094,0.0,0.0
NDUFA10,0.14338838,0.0,0.0
NDUFA11,0.08310534,0.0,0.0
NDUFA12,0.095617265,0.0,0.0
NDUFA13,0.13877401,0.0,-1.0
NDUFA2,0.10350451,0.0,0.0
NDUFA3,0.06173308,0.0,0.0
NDUFA4,0.1555901,0.0,0.0
NDUFA4L2,0.2078683,0.0,0.0
NDUFA5,0.11673881,0.0,-1.0
NDUFA6,0.14148183,0.0,0.0
NDUFA7,0.1596773,0.0,0.0
NDUFA8,0.16876015,0.0,0.0
NDUFA9,0.12788591,0.0,0.0
NDUFAB1,0.098559014,0.0,0.0
NDUFAF1,0.17163798,0.0,0.0
NDUFAF2,0.14553875,0.0,0.0
NDUFAF3,0.12429029,0.0,0.0
NDUFAF4,0.13673992,0.0,0.0
NDUFAF5,0.04201272,0.0,0.0
NDUFAF6,0.05256382,0.0,0.0
NDUFAF7,0.08213047,0.0,0.0
NDUFB1,0.08045822,0.0,0.0
NDUFB10,0.10149633,0.0,0.0
NDUFB11,0.13180679,0.0,0.0
NDUFB2,0.041742425,0.0,-1.0
NDUFB3,0.1050444,0.0,0.0
NDUFB6,0.12250164,0.0,0.0
NDUFB7,0.07408187,0.0,0.0
NDUFB8,0.090112165,0.0,0.0
NDUFB9,0.13060613,0.0,-1.0
NDUFS1,0.20051825,0.0,0.0
NDUFS2,0.19752008,0.0,0.0
NDUFS3,0.12014682,0.0,0.0
NDUFS4,0.1305706,0.0,0.0
NDUFS5,0.11828655,0.0,0.0
NDUFS6,0.14648858,0.0,0.0
NDUFS7,0.17904696,0.0,-1.0
NDUFS8,0.14965773,0.0,-1.0
NDUFV1,0.12924457,0.0,-1.0
NDUFV2,0.1531519,0.0,-1.0
NDUFV3,0.13527873,0.0,0.0
NEB,0.50633144,1.0,-1.0
NEBL,0.19876795,0.0,-1.0
NECAB2,0.23888534,0.0,0.0
NECAB3,0.10832399,0.0,0.0
NECAP1,0.20680963,0.0,0.0
NECAP2,0.20435329,0.0,0.0
NECTIN1,0.17705566,0.0,-1.0
NECTIN2,0.070431314,0.0,0.0
NECTIN3,0.18606196,0.0,0.0
NECTIN4,0.14981863,0.0,-1.0
NEDD1,0.20312256,0.0,0.0
NEDD4,0.3275612,0.0,-1.0
NEDD4L,0.27157894,0.0,0.0
NEDD8,0.23665363,0.0,0.0
NEDD8-MDP1,0.05234923,0.0,0.0
NEDD9,0.25922665,0.0,0.0
NEFH,0.17514755,0.0,-1.0
NEFL,0.31633398,0.0,-1.0
NEFM,0.3034544,0.0,0.0
NEGR1,0.12536111,0.0,-1.0
NEIL1,0.1186664,0.0,-1.0
NEIL2,0.1715619,0.0,0.0
NEIL3,0.19187991,0.0,0.0
NEK1,0.31037256,0.0,-1.0
NEK10,0.12604254,0.0,0.0
NEK11,0.19276012,0.0,0.0
NEK2,0.3192653,0.0,-1.0
NEK3,0.18476821,0.0,0.0
NEK6,0.25937,0.0,0.0
NEK7,0.17900917,0.0,0.0
NEK8,0.2522181,0.0,0.0
NEK9,0.25812724,0.0,0.0
NELFA,0.13550508,0.0,0.0
NELFB,0.293989,0.0,0.0
NELFCD,0.13830435,0.0,-1.0
NELFE,0.113439485,0.0,-1.0
NELL1,0.2324179,0.0,0.0
NELL2,0.19384249,0.0,0.0
NEMF,0.09013555,0.0,0.0
NEMP2,0.04825685,0.0,0.0
NENF,0.16744426,0.0,0.0
NEO1,0.15653875,0.0,0.0
NEPRO,0.18026248,0.0,0.0
NES,0.2838139,0.0,-1.0
NET1,0.21896239,0.0,-1.0
NETO1,0.03599524,0.0,-1.0
NEU1,0.08617767,0.0,-1.0
NEU3,0.072912306,0.0,-1.0
NEU4,0.16085993,0.0,0.0
NEURL1,0.18939146,0.0,-1.0
NEURL2,0.14983797,0.0,0.0
NEURL3,0.053099573,0.0,-1.0
NEURL4,0.23809609,0.0,-1.0
NEUROD1,0.25214526,0.0,-1.0
NEUROD2,0.24475788,0.0,0.0
NEUROD4,0.19778425,0.0,0.0
NEUROD6,0.12476692,0.0,0.0
NEUROG1,0.2068214,0.0,0.0
NEUROG2,0.06794966,0.0,-1.0
NEUROG3,0.14290626,0.0,-1.0
NEXMIF,0.272576,0.0,0.0
NEXN,0.23611094,0.0,-1.0
NF1,0.30017102,0.0,1.0
NF2,0.37828392,0.0,1.0
NFAM1,0.104525894,0.0,0.0
NFASC,0.34965047,0.0,0.0
NFAT5,0.27836534,0.0,-1.0
NFATC1,0.3974556,0.0,-1.0
NFATC2,0.296623,0.0,1.0
NFATC2IP,0.16461052,0.0,0.0
NFATC3,0.21277465,0.0,-1.0
NFATC4,0.23918442,0.0,-1.0
NFE2,0.31962985,0.0,1.0
NFE2L1,0.3374379,0.0,0.0
NFE2L2,0.31310168,0.0,1.0
NFE2L3,0.293681,0.0,-1.0
NFE4,0.18139262,0.0,0.0
NFIB,0.3674493,0.0,1.0
NFIC,0.13273515,0.0,-1.0
NFIL3,0.25687954,0.0,0.0
NFIX,0.146191,0.0,-1.0
NFKB1,0.27929306,0.0,-1.0
NFKB2,0.3078668,0.0,1.0
NFKBIA,0.38140184,0.0,1.0
NFKBIB,0.24850526,0.0,-1.0
NFKBID,0.13560656,0.0,0.0
NFKBIE,0.33574557,0.0,1.0
NFKBIL1,0.07270344,0.0,-1.0
NFRKB,0.19688949,0.0,0.0
NFS1,0.2031567,0.0,0.0
NFU1,0.1491932,0.0,0.0
NFX1,0.16262622,0.0,0.0
NFXL1,0.104902424,0.0,0.0
NFYA,0.32564628,0.0,0.0
NFYB,0.32181466,0.0,0.0
NFYC,0.20828603,0.0,0.0
NGB,0.102683865,0.0,0.0
NGDN,0.11975113,0.0,0.0
NGEF,0.23527886,0.0,-1.0
NGF,0.22706945,0.0,-1.0
NGFR,0.42980358,0.0,-1.0
NGLY1,0.09947146,0.0,0.0
NGRN,0.15190478,0.0,0.0
NHEJ1,0.11530049,0.0,-1.0
NHLH1,0.21970321,0.0,0.0
NHLH2,0.16041775,0.0,0.0
NHLRC1,0.043692965,0.0,-1.0
NHLRC2,0.12877643,0.0,0.0
NHP2,0.15431054,0.0,-1.0
NIBAN1,0.21471238,0.0,0.0
NIBAN2,0.18995288,0.0,0.0
NID1,0.3853977,0.0,-1.0
NID2,0.30330807,0.0,0.0
NIF3L1,0.15406248,0.0,0.0
NIFK,0.16180661,0.0,0.0
NIN,0.28495365,0.0,1.0
NINJ1,0.14396657,0.0,0.0
NINJ2,0.15785855,0.0,0.0
NINL,0.19730829,0.0,0.0
NIP7,0.15846239,0.0,0.0
NIPA2,0.053889662,0.0,-1.0
NIPAL3,0.13695312,0.0,0.0
NIPAL4,0.014849853,0.0,0.0
NIPBL,0.2855051,0.0,-1.0
NIPSNAP1,0.2017812,0.0,0.0
NIPSNAP2,0.24069503,0.0,0.0
NIPSNAP3A,0.1643789,0.0,0.0
NISCH,0.33693188,0.0,0.0
NIT1,0.18349947,0.0,0.0
NIT2,0.122111425,0.0,0.0
NKAP,0.16607562,0.0,0.0
NKAPD1,0.1429991,0.0,0.0
NKAPL,0.20644513,0.0,0.0
NKD1,0.21525902,0.0,-1.0
NKD2,0.20205627,0.0,-1.0
NKG7,0.15175581,0.0,0.0
NKIRAS1,0.18181622,0.0,0.0
NKIRAS2,0.16457298,0.0,0.0
NKRF,0.19471967,0.0,0.0
NKTR,0.18662512,0.0,-1.0
NKX2-1,0.43293303,0.0,1.0
NKX2-2,0.2374645,0.0,-1.0
NKX2-3,0.07531364,0.0,-1.0
NKX2-5,0.47479805,0.0,-1.0
NKX3-1,0.21341066,0.0,1.0
NKX3-2,0.24446726,0.0,0.0
NLE1,0.15498006,0.0,-1.0
NLGN1,0.030421669,0.0,0.0
NLGN2,0.18453833,0.0,0.0
NLGN3,0.084633365,0.0,0.0
NLGN4X,0.08791264,0.0,-1.0
NLK,0.2088826,0.0,-1.0
NLN,0.018916951,0.0,-1.0
NLRC3,0.15813655,0.0,0.0
NLRC4,0.2499584,0.0,-1.0
NLRC5,0.19244221,0.0,-1.0
NLRP1,0.24153794,0.0,-1.0
NLRP10,0.16298862,0.0,0.0
NLRP11,0.078081116,0.0,0.0
NLRP12,0.2559543,0.0,-1.0
NLRP13,0.02877848,0.0,0.0
NLRP2,0.15379436,0.0,-1.0
NLRP4,0.32927397,0.0,0.0
NLRP5,0.051625025,0.0,-1.0
NLRP7,0.08376719,0.0,-1.0
NLRX1,0.15730149,0.0,0.0
NMB,0.078193605,0.0,0.0
NMD3,0.14851823,0.0,0.0
NME1,0.23984295,0.0,-1.0
NME2,0.33544484,0.0,0.0
NME3,0.17120449,0.0,-1.0
NME4,0.14762048,0.0,0.0
NME5,0.07443034,0.0,0.0
NME6,0.05610943,0.0,0.0
NME7,0.22030304,0.0,0.0
NME9,0.06626891,0.0,0.0
NMI,0.21667755,0.0,0.0
NMNAT1,0.20356831,0.0,0.0
NMNAT2,0.11017097,0.0,0.0
NMRAL1,0.1718795,0.0,0.0
NMRK1,0.055552643,0.0,0.0
NMRK2,0.16700083,0.0,-1.0
NMS,0.05116364,0.0,0.0
NMT1,0.23923776,0.0,-1.0
NMT2,0.24049568,0.0,0.0
NMU,0.084918104,0.0,0.0
NMUR1,0.049752254,0.0,0.0
NMUR2,0.102327414,0.0,-1.0
NNAT,0.06590631,0.0,0.0
NNMT,0.19799367,0.0,-1.0
NNT,0.124364786,0.0,0.0
NOA1,0.10448634,0.0,0.0
NOB1,0.13238567,0.0,0.0
NOC2L,0.3098387,0.0,-1.0
NOC3L,0.16512705,0.0,0.0
NOC4L,0.22169127,0.0,0.0
NOCT,0.07010613,0.0,0.0
NOD1,0.27929196,0.0,-1.0
NOD2,0.27891123,0.0,-1.0
NOG,0.15148811,0.0,-1.0
NOL10,0.1849503,0.0,0.0
NOL11,0.20511374,0.0,0.0
NOL12,0.13254268,0.0,0.0
NOL3,0.15808573,0.0,-1.0
NOL4,0.20600991,0.0,0.0
NOL4L,0.118861176,0.0,0.0
NOL6,0.18381985,0.0,0.0
NOL7,0.13598725,0.0,0.0
NOL8,0.15130782,0.0,0.0
NOL9,0.20478621,0.0,-1.0
NOLC1,0.2733905,0.0,0.0
NOM1,0.17683284,0.0,0.0
NOMO1,0.18880823,0.0,0.0
NOMO2,0.17293414,0.0,0.0
NOMO3,0.17735544,0.0,0.0
NONO,0.27028635,0.0,1.0
NOP10,0.13910487,0.0,-1.0
NOP14,0.1802651,0.0,0.0
NOP16,0.19912276,0.0,0.0
NOP2,0.0982183,0.0,0.0
NOP53,0.16299723,0.0,-1.0
NOP56,0.18619919,0.0,-1.0
NOP58,0.18122324,0.0,-1.0
NOP9,0.1173615,0.0,0.0
NOPCHAP1,0.14082487,0.0,0.0
NOS1,0.2728607,0.0,-1.0
NOS1AP,0.09620816,0.0,0.0
NOS2,0.3386794,0.0,-1.0
NOS3,0.39458752,0.0,0.0
NOSIP,0.19483449,0.0,0.0
NOSTRIN,0.28749248,0.0,0.0
NOTCH1,0.6374906,1.0,1.0
NOTCH2,0.61517894,1.0,1.0
NOTCH3,0.3506149,0.0,1.0
NOTCH4,0.46726027,0.0,1.0
NOVA1,0.11681049,0.0,-1.0
NOVA2,0.12892522,0.0,0.0
NOX1,0.13567244,0.0,0.0
NOX5,0.15251708,0.0,0.0
NOXA1,0.13144854,0.0,-1.0
NOXO1,0.10701105,0.0,0.0
NPAS2,0.27122775,0.0,0.0
NPAS4,0.15849598,0.0,0.0
NPAT,0.26953894,0.0,-1.0
NPB,0.012854149,0.0,0.0
NPBWR1,0.005103449,0.0,0.0
NPBWR2,0.03012264,0.0,0.0
NPC1,0.1548835,0.0,-1.0
NPC2,0.12245911,0.0,-1.0
NPDC1,0.18131348,0.0,0.0
NPEPPS,0.24686423,0.0,0.0
NPFF,0.0043678596,0.0,0.0
NPFFR1,0.0031415871,0.0,0.0
NPFFR2,0.007579436,0.0,0.0
NPHP1,0.29601917,0.0,-1.0
NPHP3,0.2186437,0.0,0.0
NPHP4,0.18315439,0.0,0.0
NPHS1,0.37148038,0.0,-1.0
NPHS2,0.27027056,0.0,-1.0
NPIPA1,0.14929828,0.0,0.0
NPIPA7,0.12218268,0.0,0.0
NPL,0.17720908,0.0,0.0
NPLOC4,0.15615231,0.0,0.0
NPM1,0.22976309,0.0,1.0
NPM2,0.1755661,0.0,0.0
NPM3,0.19769326,0.0,0.0
NPNT,0.13145679,0.0,-1.0
NPPA,0.19064142,0.0,-1.0
NPPB,0.11889569,0.0,0.0
NPPC,0.15333398,0.0,0.0
NPR1,0.30114368,0.0,0.0
NPR2,0.23739976,0.0,0.0
NPRL2,0.15089348,0.0,0.0
NPRL3,0.12081663,0.0,0.0
NPTN,0.106324494,0.0,0.0
NPTX1,0.15039419,0.0,0.0
NPTX2,0.032048635,0.0,0.0
NPTXR,0.04392405,0.0,0.0
NPVF,0.1861778,0.0,0.0
NPW,0.014121612,0.0,0.0
NPY,0.032737274,0.0,-1.0
NPY1R,0.023095755,0.0,-1.0
NPY2R,0.001951112,0.0,0.0
NPY5R,0.022113502,0.0,0.0
NQO1,0.18534663,0.0,-1.0
NQO2,0.20189041,0.0,0.0
NR0B1,0.33483383,0.0,-1.0
NR0B2,0.52810985,1.0,-1.0
NR1D1,0.25447744,0.0,0.0
NR1D2,0.23134132,0.0,-1.0
NR1H2,0.3599266,0.0,0.0
NR1H3,0.38494888,0.0,0.0
NR1H4,0.28442147,0.0,-1.0
NR1I2,0.20857309,0.0,-1.0
NR1I3,0.21367905,0.0,0.0
NR2C1,0.34073603,0.0,0.0
NR2C2,0.30112684,0.0,-1.0
NR2C2AP,0.109497294,0.0,0.0
NR2E1,0.3188719,0.0,0.0
NR2E3,0.32583866,0.0,-1.0
NR2F1,0.35954523,0.0,-1.0
NR2F2,0.32710233,0.0,0.0
NR2F6,0.103647,0.0,-1.0
NR3C1,0.60030127,1.0,-1.0
NR3C2,0.2779121,0.0,-1.0
NR4A1,0.35072288,0.0,-1.0
NR4A2,0.2749789,0.0,-1.0
NR5A1,0.43738076,0.0,-1.0
NR5A2,0.31901172,0.0,0.0
NR6A1,0.2057847,0.0,0.0
NRAP,0.15198036,0.0,0.0
NRARP,0.14587224,0.0,0.0
NRAS,0.62904,1.0,1.0
NRBF2,0.2357625,0.0,0.0
NRBP1,0.24330899,0.0,0.0
NRBP2,0.083060496,0.0,0.0
NRCAM,0.21301514,0.0,-1.0
NRDC,0.2380229,0.0,0.0
NRDE2,0.085921764,0.0,0.0
NREP,0.22464736,0.0,0.0
NRF1,0.2398669,0.0,-1.0
NRG1,0.252694,0.0,1.0
NRG4,0.06292714,0.0,-1.0
NRGN,0.1761277,0.0,0.0
NRIP1,0.52895117,1.0,-1.0
NRIP2,0.18491295,0.0,0.0
NRIP3,0.07857493,0.0,0.0
NRK,0.022942223,0.0,-1.0
NRL,0.12826943,0.0,-1.0
NRM,0.10760333,0.0,0.0
NRP1,0.5038437,1.0,-1.0
NRP2,0.44474062,0.0,-1.0
NRROS,0.05235072,0.0,0.0
NRSN1,0.043710317,0.0,0.0
NRSN2,0.07341714,0.0,0.0
NRTN,0.14121588,0.0,0.0
NRXN1,0.2516466,0.0,0.0
NRXN2,0.20231083,0.0,-1.0
NRXN3,0.13319737,0.0,-1.0
NSA2,0.14420538,0.0,0.0
NSD1,0.41059485,0.0,1.0
NSD2,0.33193532,0.0,1.0
NSD3,0.34992537,0.0,1.0
NSDHL,0.12920593,0.0,0.0
NSF,0.35994738,0.0,0.0
NSFL1C,0.17175154,0.0,0.0
NSG1,0.12977737,0.0,0.0
NSG2,0.16813107,0.0,0.0
NSL1,0.23441249,0.0,0.0
NSMAF,0.21026729,0.0,-1.0
NSMCE1,0.121076524,0.0,0.0
NSMCE2,0.17892385,0.0,-1.0
NSMCE3,0.2003283,0.0,0.0
NSMCE4A,0.17714883,0.0,0.0
NSMF,0.07723723,0.0,-1.0
NSRP1,0.14066674,0.0,-1.0
NSUN2,0.18179446,0.0,0.0
NSUN3,0.07280983,0.0,0.0
NSUN4,0.10513795,0.0,0.0
NSUN5,0.12605572,0.0,0.0
NSUN6,0.08953153,0.0,-1.0
NT5C,0.039813016,0.0,0.0
NT5C1A,0.057672884,0.0,0.0
NT5C2,0.1682127,0.0,1.0
NT5C3A,0.09855444,0.0,-1.0
NT5C3B,0.07232011,0.0,0.0
NT5DC1,0.09377122,0.0,0.0
NT5DC2,0.14577267,0.0,0.0
NT5DC3,0.16437833,0.0,0.0
NT5DC4,0.09644654,0.0,0.0
NT5E,0.19576128,0.0,-1.0
NTAQ1,0.20547763,0.0,0.0
NTF3,0.17341128,0.0,0.0
NTF4,0.18602777,0.0,-1.0
NTHL1,0.16482331,0.0,1.0
NTM,0.12336904,0.0,0.0
NTMT1,0.1263463,0.0,0.0
NTN1,0.08513668,0.0,-1.0
NTN3,0.083040304,0.0,0.0
NTN4,0.21834916,0.0,-1.0
NTNG1,0.08228006,0.0,0.0
NTNG2,0.088277645,0.0,0.0
NTPCR,0.18518052,0.0,0.0
NTRK1,0.46098068,0.0,1.0
NTRK2,0.34819123,0.0,1.0
NTRK3,0.1607364,0.0,1.0
NTS,0.02308728,0.0,0.0
NTSR1,0.02864057,0.0,-1.0
NUAK1,0.19058827,0.0,-1.0
NUAK2,0.24229825,0.0,0.0
NUB1,0.04987641,0.0,0.0
NUBP1,0.11530448,0.0,-1.0
NUBP2,0.16567372,0.0,0.0
NUBPL,0.16345353,0.0,-1.0
NUCB1,0.19188023,0.0,0.0
NUCB2,0.23894502,0.0,0.0
NUCKS1,0.1466503,0.0,0.0
NUDC,0.11251257,0.0,0.0
NUDCD1,0.20047753,0.0,0.0
NUDCD2,0.085369945,0.0,0.0
NUDCD3,0.12413353,0.0,0.0
NUDT1,0.12315906,0.0,0.0
NUDT10,0.13393061,0.0,-1.0
NUDT11,0.10242152,0.0,-1.0
NUDT12,0.039755568,0.0,0.0
NUDT13,0.13328736,0.0,0.0
NUDT14,0.14778894,0.0,-1.0
NUDT15,0.018540367,0.0,0.0
NUDT16L1,0.12247484,0.0,-1.0
NUDT18,0.19342765,0.0,0.0
NUDT19,0.14342138,0.0,0.0
NUDT2,0.09601223,0.0,0.0
NUDT21,0.29395366,0.0,0.0
NUDT22,0.080169015,0.0,0.0
NUDT3,0.13291393,0.0,0.0
NUDT4,0.11876473,0.0,0.0
NUDT5,0.15549228,0.0,0.0
NUDT6,0.1297855,0.0,-1.0
NUDT7,0.17202716,0.0,0.0
NUDT9,0.0920544,0.0,0.0
NUF2,0.2902163,0.0,1.0
NUFIP1,0.20898588,0.0,0.0
NUMA1,0.424487,0.0,1.0
NUMB,0.31938297,0.0,-1.0
NUMBL,0.19143492,0.0,0.0
NUP107,0.21742639,0.0,-1.0
NUP133,0.23990303,0.0,-1.0
NUP153,0.29481152,0.0,0.0
NUP155,0.20509571,0.0,0.0
NUP160,0.24161227,0.0,0.0
NUP188,0.22778672,0.0,0.0
NUP205,0.29877368,0.0,0.0
NUP210,0.18321207,0.0,0.0
NUP214,0.29249862,0.0,1.0
NUP35,0.15189223,0.0,0.0
NUP37,0.18076017,0.0,0.0
NUP42,0.19364113,0.0,0.0
NUP43,0.19684777,0.0,0.0
NUP50,0.21917191,0.0,-1.0
NUP54,0.21191987,0.0,-1.0
NUP58,0.19589084,0.0,0.0
NUP62,0.26503807,0.0,-1.0
NUP62CL,0.18175589,0.0,0.0
NUP85,0.17417522,0.0,-1.0
NUP88,0.18836038,0.0,0.0
NUP93,0.22340518,0.0,-1.0
NUP98,0.19472602,0.0,1.0
NUPR1,0.12489449,0.0,-1.0
NUS1,1.1687133e-06,0.0,0.0
NUSAP1,0.25824088,0.0,0.0
NUTF2,0.16836911,0.0,0.0
NUTM1,0.24788876,0.0,1.0
NUTM2A,0.11149113,0.0,-1.0
NUTM2B,0.12559152,0.0,1.0
NUTM2F,0.21686846,0.0,0.0
NVL,0.20546705,0.0,0.0
NWD1,0.03713297,0.0,0.0
NXF1,0.18452737,0.0,-1.0
NXF2,0.23230663,0.0,0.0
NXF3,0.2017892,0.0,0.0
NXN,0.10071089,0.0,0.0
NXNL1,0.06298953,0.0,0.0
NXPH3,0.2499723,0.0,0.0
NXT1,0.16148731,0.0,0.0
NXT2,0.1616629,0.0,0.0
NYAP1,0.055692945,0.0,0.0
NYAP2,0.31104484,0.0,0.0
NYNRIN,0.2538587,0.0,0.0
OARD1,0.13387702,0.0,0.0
OAS1,0.18414286,0.0,0.0
OAS2,0.1540646,0.0,0.0
OAS3,0.1725705,0.0,0.0
OASL,0.07935667,0.0,0.0
OAT,0.15817824,0.0,-1.0
OAZ1,0.09852553,0.0,0.0
OAZ2,0.06527089,0.0,0.0
OAZ3,0.0747147,0.0,0.0
OBI1,0.1897838,0.0,-1.0
OBP2A,1.2648194e-07,0.0,0.0
OBP2B,0.026280504,0.0,0.0
OBSCN,0.3291102,0.0,-1.0
OBSL1,0.2619687,0.0,0.0
OCA2,0.03319722,0.0,-1.0
OCEL1,0.089279585,0.0,0.0
OCIAD1,0.1158528,0.0,0.0
OCIAD2,0.08322592,0.0,0.0
OCLN,0.3095123,0.0,-1.0
OCM2,0.057103645,0.0,0.0
OCRL,0.17997432,0.0,-1.0
ODAD1,0.16994472,0.0,0.0
ODAD3,0.18343507,0.0,0.0
ODAD4,0.16015756,0.0,0.0
ODAM,0.03647626,0.0,-1.0
ODAPH,0.054919854,0.0,0.0
ODC1,0.19248593,0.0,-1.0
ODF1,0.18535753,0.0,0.0
ODF2,0.18314579,0.0,0.0
ODF2L,0.08202187,0.0,0.0
ODF3L2,0.08910356,0.0,-1.0
OFCC1,0.14665511,0.0,0.0
OFD1,0.24051541,0.0,-1.0
OGA,0.23704496,0.0,0.0
OGDH,0.20383152,0.0,-1.0
OGDHL,0.15247601,0.0,0.0
OGFOD1,0.14538598,0.0,0.0
OGFOD2,0.092436895,0.0,0.0
OGFOD3,0.04201272,0.0,0.0
OGFR,0.17473882,0.0,0.0
OGG1,0.15424028,0.0,-1.0
OGN,0.19031109,0.0,0.0
OGT,0.27930012,0.0,0.0
OIP5,0.25339794,0.0,0.0
OIT3,0.10440371,0.0,0.0
OLA1,0.14353947,0.0,0.0
OLFM1,0.18535042,0.0,-1.0
OLFM2,0.20661743,0.0,0.0
OLFM3,0.05823553,0.0,-1.0
OLFM4,0.10923857,0.0,-1.0
OLFML2A,0.06052995,0.0,0.0
OLFML3,0.15689123,0.0,0.0
OLIG1,0.22154175,0.0,-1.0
OLIG2,0.18213171,0.0,1.0
OLIG3,0.13542512,0.0,-1.0
OLR1,0.13275498,0.0,-1.0
OMG,0.049240906,0.0,0.0
OMP,0.17205839,0.0,0.0
ONECUT1,0.3467355,0.0,0.0
ONECUT2,0.24553528,0.0,-1.0
OPA1,0.17697118,0.0,-1.0
OPA3,0.17585753,0.0,-1.0
OPALIN,0.06655531,0.0,-1.0
OPCML,0.13303277,0.0,-1.0
OPHN1,0.21438052,0.0,-1.0
OPLAH,0.09517154,0.0,0.0
OPN1LW,0.19292066,0.0,-1.0
OPN1MW2,0.18877308,0.0,-1.0
OPN4,0.07705602,0.0,0.0
OPRD1,0.29924387,0.0,-1.0
OPRK1,0.32293853,0.0,-1.0
OPRL1,0.013225528,0.0,0.0
OPRM1,0.21263,0.0,0.0
OPTC,0.11361976,0.0,0.0
OPTN,0.27291837,0.0,-1.0
OR10G3,0.03516447,0.0,0.0
OR10J1,0.10454494,0.0,0.0
OR1D2,0.06321266,0.0,0.0
OR1E2,0.023378598,0.0,0.0
OR1G1,1.2648194e-07,0.0,0.0
OR1M1,0.09417766,0.0,-1.0
OR2AG1,0.13036586,0.0,0.0
OR2T35,0.073319875,0.0,-1.0
OR2T6,0.08784404,0.0,0.0
OR3A1,0.08075186,0.0,0.0
OR3A2,0.03337636,0.0,0.0
OR4C12,0.030183263,0.0,0.0
OR4D6,0.031427395,0.0,0.0
OR4S2,0.18272899,0.0,0.0
OR5A1,0.08283162,0.0,0.0
OR5T1,0.123233296,0.0,0.0
OR6B3,0.062478766,0.0,0.0
OR6T1,0.035875257,0.0,0.0
OR6X1,0.05354678,0.0,0.0
OR7G3,0.025455749,0.0,-1.0
OR8B2,0.10137151,0.0,0.0
OR8D2,0.070801094,0.0,0.0
OR8D4,0.052011356,0.0,0.0
OR8H2,0.10510973,0.0,0.0
OR8K5,0.044223845,0.0,-1.0
ORAI1,0.06876969,0.0,0.0
ORAI2,0.16390367,0.0,-1.0
ORAI3,0.11090385,0.0,-1.0
ORC1,0.24833432,0.0,-1.0
ORC2,0.24877465,0.0,0.0
ORC3,0.23975264,0.0,0.0
ORC4,0.20900525,0.0,0.0
ORC5,0.20173691,0.0,0.0
ORC6,0.20042913,0.0,0.0
ORM1,0.15974064,0.0,0.0
ORM2,0.14394037,0.0,0.0
ORMDL1,0.08600398,0.0,0.0
ORMDL2,0.054608963,0.0,0.0
ORMDL3,0.12932332,0.0,-1.0
OS9,0.32588208,0.0,-1.0
OSBP,0.22843511,0.0,0.0
OSBP2,0.16949943,0.0,-1.0
OSBPL10,0.16432136,0.0,0.0
OSBPL11,0.19450171,0.0,0.0
OSBPL1A,0.102278195,0.0,0.0
OSBPL2,0.059335038,0.0,0.0
OSBPL3,0.2202747,0.0,-1.0
OSBPL5,0.10286236,0.0,0.0
OSBPL8,0.20766787,0.0,-1.0
OSBPL9,0.15301624,0.0,0.0
OSER1,0.04201272,0.0,0.0
OSGEP,0.18481296,0.0,0.0
OSGIN1,0.25036597,0.0,-1.0
OSGIN2,0.06539178,0.0,-1.0
OSM,0.16243717,0.0,0.0
OSMR,0.24445166,0.0,-1.0
OSR1,0.19426005,0.0,0.0
OSR2,0.11463601,0.0,-1.0
OST4,0.12747423,0.0,0.0
OSTC,0.12819311,0.0,0.0
OSTF1,0.22886883,0.0,0.0
OSTM1,0.14782925,0.0,-1.0
OTC,0.14911185,0.0,-1.0
OTOG,0.08316351,0.0,0.0
OTUB1,0.29661438,0.0,0.0
OTUB2,0.2022134,0.0,0.0
OTUD1,0.19769454,0.0,0.0
OTUD3,0.021721018,0.0,-1.0
OTUD4,0.19513106,0.0,0.0
OTUD5,0.15542929,0.0,-1.0
OTUD6A,0.17596619,0.0,0.0
OTUD6B,0.18627726,0.0,0.0
OTUD7A,0.18215528,0.0,-1.0
OTUD7B,0.23549294,0.0,0.0
OTULIN,0.16254786,0.0,0.0
OTULINL,0.04201272,0.0,0.0
OTX1,0.14411955,0.0,0.0
OTX2,0.30419606,0.0,-1.0
OVCA2,0.04528546,0.0,0.0
OVGP1,0.16685382,0.0,0.0
OVOL1,0.22965585,0.0,0.0
OVOL2,0.06017808,0.0,0.0
OXA1L,0.10634382,0.0,-1.0
OXCT1,0.16772299,0.0,0.0
OXSR1,0.10287617,0.0,0.0
OXT,0.0650652,0.0,0.0
OXTR,0.048906516,0.0,0.0
P2RX4,0.3515881,0.0,0.0
P2RX6,0.13500565,0.0,0.0
P2RX7,0.16312873,0.0,-1.0
P2RY1,0.21309178,0.0,0.0
P2RY11,0.117404684,0.0,0.0
P2RY12,0.043673642,0.0,0.0
P2RY2,0.27110127,0.0,0.0
P2RY4,0.09897892,0.0,0.0
P2RY6,0.12853824,0.0,0.0
P2RY8,0.15519126,0.0,1.0
P3H1,0.050155766,0.0,-1.0
P3H2,0.0797852,0.0,0.0
P3H3,0.0539176,0.0,0.0
P3H4,0.18070245,0.0,0.0
P4HA1,0.2040708,0.0,0.0
P4HA2,0.05628962,0.0,0.0
P4HA3,0.27281526,0.0,0.0
P4HB,0.27440795,0.0,0.0
PA2G4,0.31820038,0.0,-1.0
PAAF1,0.17202197,0.0,-1.0
PABIR1,0.12537321,0.0,0.0
PABIR2,0.13930096,0.0,0.0
PABIR3,0.07840698,0.0,0.0
PABPC1,0.21919182,0.0,1.0
PABPC1L,0.08149172,0.0,-1.0
PABPC1L2A,0.054183666,0.0,0.0
PABPC3,0.16567053,0.0,0.0
PABPC4,0.20502779,0.0,-1.0
PABPC4L,0.059998274,0.0,-1.0
PABPC5,0.17116249,0.0,0.0
PABPN1,0.2502684,0.0,-1.0
PABPN1L,0.011931785,0.0,0.0
PACRG,0.1897063,0.0,0.0
PACRGL,0.07888888,0.0,0.0
PACS1,0.19567792,0.0,0.0
PACS2,0.24749902,0.0,-1.0
PACSIN1,0.34924793,0.0,-1.0
PACSIN2,0.29657233,0.0,-1.0
PACSIN3,0.34554556,0.0,0.0
PADI1,0.053041905,0.0,0.0
PADI2,0.010710297,0.0,-1.0
PADI3,0.050504602,0.0,0.0
PADI4,0.24342053,0.0,-1.0
PAEP,0.19953808,0.0,-1.0
PAF1,0.35127613,0.0,-1.0
PAFAH1B1,0.3221675,0.0,-1.0
PAFAH1B2,0.21844918,0.0,1.0
PAFAH1B3,0.2533014,0.0,0.0
PAG1,0.3174934,0.0,-1.0
PAGE1,0.07989608,0.0,0.0
PAGE2,0.11323701,0.0,0.0
PAGE3,0.14524856,0.0,0.0
PAGR1,0.23548941,0.0,0.0
PAH,0.03674351,0.0,-1.0
PAICS,0.18895464,0.0,-1.0
PAIP1,0.03223984,0.0,-1.0
PAIP2,0.125988,0.0,0.0
PAIP2B,0.08602006,0.0,0.0
PAK1,0.3986082,0.0,1.0
PAK1IP1,0.13051973,0.0,0.0
PAK2,0.4755367,0.0,-1.0
PAK3,0.19731866,0.0,-1.0
PAK4,0.28822923,0.0,-1.0
PAK5,0.17044668,0.0,1.0
PAK6,0.26626837,0.0,-1.0
PALB2,0.6021167,1.0,1.0
PALD1,0.23902021,0.0,0.0
PALLD,0.15963961,0.0,-1.0
PALM,0.21879922,0.0,0.0
PALM3,0.1508193,0.0,0.0
PALS1,0.088301666,0.0,-1.0
PALS2,0.21413039,0.0,0.0
PAM,0.20460398,0.0,0.0
PAM16,0.06600992,0.0,0.0
PAN2,0.18126449,0.0,0.0
PAN3,0.1571667,0.0,-1.0
PANK1,0.15675943,0.0,0.0
PANK2,0.21313615,0.0,-1.0
PANK3,0.010104872,0.0,0.0
PANK4,0.1381663,0.0,0.0
PANX1,0.12881047,0.0,0.0
PANX2,0.050422758,0.0,0.0
PANX3,0.1423116,0.0,0.0
PAPLN,0.021013899,0.0,-1.0
PAPOLA,0.26055682,0.0,0.0
PAPOLB,0.03433631,0.0,-1.0
PAPOLG,0.17120217,0.0,0.0
PAPPA,0.286423,0.0,0.0
PAPPA2,0.30210733,0.0,-1.0
PAPSS1,0.19081607,0.0,0.0
PAPSS2,0.107052274,0.0,0.0
PAQR3,0.051115606,0.0,0.0
PAQR5,0.067116424,0.0,0.0
PAQR7,0.046257842,0.0,0.0
PARD3,0.5109462,1.0,-1.0
PARD3B,0.28725228,0.0,-1.0
PARD6A,0.34260088,0.0,0.0
PARD6B,0.2549198,0.0,-1.0
PARD6G,0.27867895,0.0,0.0
PARG,0.1636697,0.0,0.0
PARK7,0.33203012,0.0,-1.0
PARN,0.1267179,0.0,0.0
PARP1,0.62430584,1.0,1.0
PARP10,0.1857286,0.0,0.0
PARP11,0.1612236,0.0,0.0
PARP12,0.20673047,0.0,0.0
PARP14,0.19507624,0.0,0.0
PARP16,0.12686072,0.0,0.0
PARP2,0.054638844,0.0,-1.0
PARP3,0.19421433,0.0,-1.0
PARP4,0.28110105,0.0,-1.0
PARP6,0.117632456,0.0,0.0
PARP8,0.07659121,0.0,0.0
PARP9,0.09696709,0.0,0.0
PARPBP,0.04201272,0.0,0.0
PARS2,0.11281281,0.0,0.0
PARVA,0.18987,0.0,0.0
PARVB,0.21038927,0.0,-1.0
PARVG,0.20631707,0.0,-1.0
PASK,0.3116775,0.0,-1.0
PATE1,0.12800618,0.0,0.0
PATJ,0.27650502,0.0,-1.0
PATL1,0.14294599,0.0,0.0
PATZ1,0.3164315,0.0,1.0
PAWR,0.20592898,0.0,-1.0
PAX1,0.04568652,0.0,0.0
PAX2,0.43139958,0.0,-1.0
PAX3,0.271833,0.0,1.0
PAX4,0.16157094,0.0,-1.0
PAX5,0.31347668,0.0,1.0
PAX6,0.32698506,0.0,-1.0
PAX7,0.3245267,0.0,1.0
PAX8,0.27492738,0.0,1.0
PAX9,0.40702498,0.0,-1.0
PAXBP1,0.13283092,0.0,0.0
PAXIP1,0.24183698,0.0,0.0
PAXX,0.04201272,0.0,0.0
PBDC1,0.21263519,0.0,0.0
PBK,0.26864424,0.0,0.0
PBLD,0.1460222,0.0,0.0
PBRM1,0.4528596,0.0,1.0
PBX1,0.5399849,1.0,1.0
PBX2,0.14068697,0.0,-1.0
PBX3,0.15256056,0.0,-1.0
PBX4,0.17699878,0.0,0.0
PBXIP1,0.20262738,0.0,0.0
PC,0.1847296,0.0,-1.0
PCBD1,0.11824363,0.0,-1.0
PCBD2,0.24025935,0.0,0.0
PCBP1,0.2475551,0.0,1.0
PCBP2,0.153658,0.0,-1.0
PCBP3,0.19327518,0.0,-1.0
PCBP4,0.14041062,0.0,0.0
PCCA,0.12964661,0.0,-1.0
PCCB,0.12764472,0.0,-1.0
PCDH1,0.19945301,0.0,0.0
PCDH10,0.21035685,0.0,-1.0
PCDH11X,0.026964009,0.0,-1.0
PCDH12,0.04258525,0.0,0.0
PCDH17,0.17860869,0.0,-1.0
PCDH20,0.1582034,0.0,0.0
PCDH7,0.18962881,0.0,0.0
PCDH8,0.09253765,0.0,0.0
PCDH9,0.25157127,0.0,-1.0
PCDHA1,0.123301595,0.0,0.0
PCDHA10,0.2750036,0.0,-1.0
PCDHA11,0.09655821,0.0,-1.0
PCDHA12,0.1568219,0.0,0.0
PCDHA2,0.2253154,0.0,0.0
PCDHA3,0.17042312,0.0,0.0
PCDHA4,0.20472796,0.0,0.0
PCDHA5,0.08189517,0.0,0.0
PCDHA6,0.11993629,0.0,0.0
PCDHA7,0.3413262,0.0,0.0
PCDHA8,0.24188009,0.0,0.0
PCDHA9,0.21595822,0.0,0.0
PCDHAC2,0.09457044,0.0,-1.0
PCDHB10,0.113897026,0.0,0.0
PCDHB11,0.02482807,0.0,0.0
PCDHB14,0.15787102,0.0,0.0
PCDHB15,0.040944926,0.0,-1.0
PCDHB2,0.030964047,0.0,0.0
PCDHB3,0.090864465,0.0,0.0
PCDHB4,0.036434587,0.0,0.0
PCDHB5,0.014140796,0.0,0.0
PCDHB7,0.0638838,0.0,-1.0
PCDHB8,0.12743141,0.0,-1.0
PCDHGA11,0.11274305,0.0,0.0
PCDHGC3,0.06894337,0.0,0.0
PCED1A,0.13708197,0.0,0.0
PCF11,0.17143343,0.0,-1.0
PCGF1,0.26039237,0.0,0.0
PCGF2,0.3041823,0.0,0.0
PCGF3,0.27582306,0.0,0.0
PCGF5,0.21473207,0.0,0.0
PCGF6,0.2843557,0.0,0.0
PCID2,0.17156768,0.0,0.0
PCIF1,0.16450645,0.0,0.0
PCK1,0.24767688,0.0,0.0
PCK2,0.16371167,0.0,0.0
PCLAF,0.11327809,0.0,-1.0
PCM1,0.25291643,0.0,1.0
PCMT1,0.23941673,0.0,0.0
PCMTD1,0.16184285,0.0,-1.0
PCMTD2,0.014611249,0.0,0.0
PCNA,0.4487302,0.0,-1.0
PCNP,0.14701506,0.0,0.0
PCNT,0.30923286,0.0,0.0
PCNX1,0.15699792,0.0,0.0
PCNX3,0.058157224,0.0,0.0
PCNX4,0.1738055,0.0,-1.0
PCOLCE,0.28909612,0.0,0.0
PCOTH,0.05380679,0.0,0.0
PCP2,0.10795128,0.0,0.0
PCP4,0.16609588,0.0,0.0
PCP4L1,0.07308469,0.0,0.0
PCSK1,0.1262047,0.0,-1.0
PCSK1N,0.13045923,0.0,0.0
PCSK2,0.092339635,0.0,0.0
PCSK4,0.05828173,0.0,-1.0
PCSK5,0.15601371,0.0,-1.0
PCSK6,0.13716288,0.0,-1.0
PCSK7,0.14998995,0.0,-1.0
PCSK9,0.18443884,0.0,-1.0
PCTP,0.08383677,0.0,0.0
PCYOX1,0.13067387,0.0,0.0
PCYOX1L,0.021287063,0.0,0.0
PCYT1A,0.15303268,0.0,-1.0
PCYT1B,0.164856,0.0,-1.0
PCYT2,0.16366057,0.0,0.0
PDAP1,0.24980083,0.0,-1.0
PDC,0.17741217,0.0,0.0
PDCD1,0.59967947,1.0,1.0
PDCD10,0.1739908,0.0,-1.0
PDCD11,0.23523279,0.0,-1.0
PDCD1LG2,0.6249649,1.0,1.0
PDCD2,0.120540775,0.0,-1.0
PDCD2L,0.17319529,0.0,-1.0
PDCD4,0.20037356,0.0,-1.0
PDCD5,0.1787198,0.0,-1.0
PDCD6,0.23843634,0.0,-1.0
PDCD6IP,0.27215698,0.0,0.0
PDCD7,0.1828581,0.0,0.0
PDCL,0.20371208,0.0,0.0
PDCL2,0.04548803,0.0,0.0
PDCL3,0.07143326,0.0,0.0
PDE10A,0.16870236,0.0,0.0
PDE12,0.14321443,0.0,0.0
PDE1A,0.20984206,0.0,0.0
PDE1B,0.14741091,0.0,0.0
PDE2A,0.08906811,0.0,0.0
PDE3A,0.2767177,0.0,0.0
PDE3B,0.27322003,0.0,0.0
PDE4B,0.24722408,0.0,0.0
PDE4C,0.103639536,0.0,0.0
PDE4D,0.40141234,0.0,-1.0
PDE4DIP,0.33471557,0.0,1.0
PDE5A,0.18694496,0.0,0.0
PDE6A,0.01532162,0.0,-1.0
PDE6D,0.272987,0.0,0.0
PDE6G,0.17614006,0.0,-1.0
PDE6H,0.12358982,0.0,-1.0
PDE7B,0.051853728,0.0,-1.0
PDE9A,0.14904632,0.0,0.0
PDGFA,0.32176015,0.0,-1.0
PDGFB,0.34170973,0.0,1.0
PDGFC,0.21781482,0.0,-1.0
PDGFRA,0.45789978,0.0,1.0
PDGFRB,0.64161116,1.0,1.0
PDGFRL,0.43449405,0.0,-1.0
PDHA1,0.2296457,0.0,-1.0
PDHA2,0.115242936,0.0,-1.0
PDHB,0.2494646,0.0,-1.0
PDHX,0.2242208,0.0,0.0
PDIA2,0.26581815,0.0,0.0
PDIA3,0.40489498,0.0,0.0
PDIA4,0.24537061,0.0,-1.0
PDIA5,0.09984743,0.0,0.0
PDIA6,0.20090654,0.0,0.0
PDIK1L,0.13313766,0.0,0.0
PDILT,0.07267431,0.0,0.0
PDK1,0.2528736,0.0,-1.0
PDK2,0.24248312,0.0,-1.0
PDK3,0.15536983,0.0,0.0
PDK4,0.18617563,0.0,0.0
PDLIM1,0.17674492,0.0,0.0
PDLIM2,0.24544996,0.0,0.0
PDLIM3,0.18094906,0.0,0.0
PDLIM4,0.15124024,0.0,0.0
PDLIM5,0.17608444,0.0,-1.0
PDLIM7,0.15602238,0.0,0.0
PDP1,0.18080497,0.0,0.0
PDP2,0.09619825,0.0,-1.0
PDPK1,0.38586655,0.0,-1.0
PDPN,0.06945838,0.0,0.0
PDPR,0.098385714,0.0,0.0
PDRG1,0.14981441,0.0,0.0
PDS5A,0.22685987,0.0,-1.0
PDS5B,0.21160732,0.0,1.0
PDSS1,0.1288375,0.0,0.0
PDX1,0.1597515,0.0,-1.0
PDXDC1,0.18450253,0.0,-1.0
PDXK,0.15918171,0.0,-1.0
PDXP,0.17691684,0.0,0.0
PDYN,0.125141,0.0,-1.0
PDZD11,0.28246224,0.0,0.0
PDZD2,0.29525554,0.0,-1.0
PDZD3,0.058893226,0.0,0.0
PDZD4,0.19183107,0.0,0.0
PDZD8,0.14572357,0.0,0.0
PDZK1,0.078481026,0.0,0.0
PDZK1IP1,0.14379299,0.0,-1.0
PDZRN3,0.22588442,0.0,-1.0
PEA15,0.24220909,0.0,-1.0
PEAK1,0.23836337,0.0,0.0
PEBP1,0.22131875,0.0,-1.0
PEBP4,0.26155743,0.0,0.0
PECAM1,0.33064908,0.0,-1.0
PECR,0.22243659,0.0,0.0
PEDS1,0.13201638,0.0,0.0
PEDS1-UBE2V1,0.08225273,0.0,0.0
PEF1,0.16290413,0.0,0.0
PEG10,0.24426544,0.0,-1.0
PEG3,0.24148719,0.0,-1.0
PELI1,0.2555357,0.0,0.0
PELI2,0.24476716,0.0,0.0
PELI3,0.15464346,0.0,-1.0
PELO,0.16394396,0.0,0.0
PELP1,0.356811,0.0,0.0
PENK,0.09278534,0.0,0.0
PEPD,0.15417488,0.0,-1.0
PER1,0.21968088,0.0,1.0
PER2,0.2300782,0.0,-1.0
PER3,0.2173686,0.0,-1.0
PES1,0.18774122,0.0,-1.0
PET100,0.054875094,0.0,0.0
PET117,0.05202176,0.0,0.0
PEX1,0.146304,0.0,-1.0
PEX10,0.1001395,0.0,-1.0
PEX11A,0.121143945,0.0,0.0
PEX11B,0.1763406,0.0,0.0
PEX11G,0.097478695,0.0,0.0
PEX12,0.12092554,0.0,-1.0
PEX13,0.13420042,0.0,-1.0
PEX14,0.14386311,0.0,-1.0
PEX16,0.12463264,0.0,-1.0
PEX19,0.11904879,0.0,-1.0
PEX2,0.1411399,0.0,-1.0
PEX26,0.111964874,0.0,-1.0
PEX3,0.112721,0.0,-1.0
PEX5,0.06758985,0.0,-1.0
PEX5L,0.051344868,0.0,0.0
PEX6,0.14206079,0.0,-1.0
PEX7,0.13526082,0.0,-1.0
PF4,0.17009841,0.0,-1.0
PF4V1,0.056354247,0.0,-1.0
PFAS,0.20991266,0.0,-1.0
PFDN1,0.19049516,0.0,0.0
PFDN2,0.1906009,0.0,0.0
PFDN4,0.17470855,0.0,0.0
PFDN5,0.23093615,0.0,0.0
PFDN6,0.14521743,0.0,0.0
PFKFB1,0.16281445,0.0,0.0
PFKFB2,0.15434398,0.0,-1.0
PFKFB3,0.15813352,0.0,-1.0
PFKFB4,0.1748233,0.0,-1.0
PFKL,0.2636039,0.0,-1.0
PFKM,0.13155492,0.0,-1.0
PFKP,0.21103413,0.0,-1.0
PFN1,0.27565888,0.0,-1.0
PFN2,0.17374113,0.0,0.0
PGAM1,0.23180866,0.0,-1.0
PGAM2,0.14076631,0.0,-1.0
PGAM4,0.1042711,0.0,-1.0
PGAM5,0.25039828,0.0,0.0
PGAP1,0.16460814,0.0,0.0
PGAP2,0.05607904,0.0,-1.0
PGAP4,0.041645564,0.0,0.0
PGAP6,0.114978485,0.0,0.0
PGBD1,0.16366088,0.0,0.0
PGBD3,0.24159445,0.0,0.0
PGBD5,0.20145215,0.0,1.0
PGD,0.18525712,0.0,-1.0
PGF,0.2572147,0.0,-1.0
PGGHG,0.06026203,0.0,-1.0
PGGT1B,0.21758628,0.0,0.0
PGK1,0.26693243,0.0,-1.0
PGK2,0.094194464,0.0,0.0
PGLS,0.12549658,0.0,0.0
PGLYRP1,0.050542135,0.0,0.0
PGM1,0.21171504,0.0,-1.0
PGM2,0.122917645,0.0,0.0
PGM2L1,0.11025697,0.0,0.0
PGM3,0.12445666,0.0,0.0
PGM5,0.0640072,0.0,0.0
PGP,0.10495926,0.0,0.0
PGR,0.4626456,0.0,1.0
PGRMC1,0.14038615,0.0,0.0
PGRMC2,0.03912345,0.0,0.0
PGS1,0.14968263,0.0,0.0
PHACTR1,0.047218535,0.0,0.0
PHACTR2,0.27014232,0.0,0.0
PHACTR3,0.14034803,0.0,0.0
PHACTR4,0.11765725,0.0,0.0
PHAF1,0.12757489,0.0,0.0
PHAX,0.22177058,0.0,-1.0
PHB1,0.4426545,0.0,-1.0
PHB2,0.25847605,0.0,0.0
PHC1,0.2609988,0.0,0.0
PHC2,0.21993637,0.0,-1.0
PHC3,0.11685322,0.0,0.0
PHETA1,0.056832343,0.0,0.0
PHETA2,0.047278486,0.0,0.0
PHEX,0.14644593,0.0,-1.0
PHF1,0.16464326,0.0,-1.0
PHF10,0.21503034,0.0,0.0
PHF11,0.14782588,0.0,0.0
PHF12,0.24550192,0.0,0.0
PHF13,0.060553186,0.0,0.0
PHF14,0.13712302,0.0,0.0
PHF19,0.25296837,0.0,0.0
PHF2,0.213645,0.0,0.0
PHF20,0.16712542,0.0,-1.0
PHF20L1,0.13543919,0.0,0.0
PHF21A,0.17648719,0.0,-1.0
PHF23,0.18405944,0.0,-1.0
PHF3,0.22117746,0.0,-1.0
PHF5A,0.19793862,0.0,-1.0
PHF6,0.25376266,0.0,1.0
PHF7,0.1651772,0.0,0.0
PHF8,0.2452566,0.0,-1.0
PHGDH,0.2457891,0.0,-1.0
PHIP,0.17433256,0.0,-1.0
PHKA1,0.15044951,0.0,-1.0
PHKA2,0.19857973,0.0,-1.0
PHKB,0.13886458,0.0,-1.0
PHKG1,0.08340493,0.0,0.0
PHKG2,0.05791369,0.0,-1.0
PHLDA1,0.16718768,0.0,-1.0
PHLDA2,0.045083594,0.0,0.0
PHLDA3,0.30285853,0.0,0.0
PHLDB2,0.29377785,0.0,0.0
PHLDB3,0.094848104,0.0,0.0
PHLPP1,0.3477414,0.0,-1.0
PHLPP2,0.29399714,0.0,-1.0
PHOSPHO2,0.080842644,0.0,0.0
PHOX2A,0.19643594,0.0,0.0
PHOX2B,0.21976843,0.0,1.0
PHPT1,0.16603896,0.0,0.0
PHRF1,0.12198995,0.0,0.0
PHTF1,0.20201173,0.0,0.0
PHYH,0.11177327,0.0,-1.0
PHYHIP,0.19514757,0.0,0.0
PHYHIPL,0.16816103,0.0,0.0
PHYKPL,0.09702013,0.0,0.0
PI3,0.12751678,0.0,0.0
PI4K2A,0.1621512,0.0,0.0
PI4K2B,0.15636866,0.0,0.0
PI4KA,0.1646535,0.0,-1.0
PI4KB,0.21708563,0.0,0.0
PIAS1,0.5709789,1.0,-1.0
PIAS2,0.35149956,0.0,0.0
PIAS3,0.46007785,0.0,-1.0
PIAS4,0.47987103,0.0,0.0
PIBF1,0.149994,0.0,0.0
PICALM,0.23315147,0.0,1.0
PICK1,0.18846679,0.0,-1.0
PID1,0.16096386,0.0,0.0
PIDD1,0.16160038,0.0,0.0
PIEZO1,0.07492198,0.0,0.0
PIEZO2,0.048536923,0.0,-1.0
PIF1,0.11110694,0.0,0.0
PIGB,0.028187986,0.0,0.0
PIGC,0.1138693,0.0,-1.0
PIGG,0.15653582,0.0,0.0
PIGH,0.035784602,0.0,0.0
PIGK,0.12283108,0.0,0.0
PIGM,0.0434838,0.0,0.0
PIGN,0.08626362,0.0,0.0
PIGP,0.044951804,0.0,0.0
PIGQ,0.17705576,0.0,0.0
PIGR,0.25779948,0.0,-1.0
PIGS,0.12218866,0.0,0.0
PIGT,0.12435025,0.0,-1.0
PIGU,0.12739031,0.0,0.0
PIGV,0.16899265,0.0,-1.0
PIGW,0.13467787,0.0,0.0
PIGX,0.02502698,0.0,0.0
PIGY,0.071321264,0.0,-1.0
PIH1D1,0.16020757,0.0,0.0
PIH1D2,0.13658948,0.0,0.0
PIK3AP1,0.25798136,0.0,-1.0
PIK3C2A,0.24971461,0.0,-1.0
PIK3C2B,0.32294324,0.0,-1.0
PIK3C3,0.25910476,0.0,-1.0
PIK3CA,0.72301346,1.0,1.0
PIK3CB,0.3226863,0.0,1.0
PIK3CD,0.42211986,0.0,1.0
PIK3CG,0.3704198,0.0,1.0
PIK3IP1,0.135447,0.0,-1.0
PIK3R1,0.7517655,1.0,1.0
PIK3R2,0.5802436,1.0,1.0
PIK3R3,0.32740623,0.0,1.0
PIK3R4,0.23264933,0.0,-1.0
PIK3R5,0.17440024,0.0,-1.0
PIK3R6,0.19581972,0.0,-1.0
PIKFYVE,0.1886374,0.0,-1.0
PILRA,0.13282071,0.0,0.0
PIM1,0.24991204,0.0,1.0
PIM2,0.19268352,0.0,-1.0
PIM3,0.17314605,0.0,-1.0
PIMREG,0.18504062,0.0,-1.0
PIN1,0.4972305,0.0,0.0
PIN4,0.18134269,0.0,0.0
PINK1,0.26564407,0.0,-1.0
PINX1,0.2165983,0.0,0.0
PIP,0.18887673,0.0,0.0
PIP4K2A,0.21232878,0.0,-1.0
PIP4K2B,0.1789011,0.0,0.0
PIP4K2C,0.15445086,0.0,0.0
PIP4P1,0.037494402,0.0,0.0
PIP4P2,0.103539705,0.0,0.0
PIP5K1A,0.23774871,0.0,-1.0
PIP5K1B,0.30888194,0.0,-1.0
PIPOX,0.025957834,0.0,0.0
PIR,0.20507374,0.0,0.0
PISD,0.04789889,0.0,0.0
PITHD1,0.11901051,0.0,0.0
PITPNA,0.09163125,0.0,0.0
PITPNB,0.14083917,0.0,0.0
PITPNC1,0.20111574,0.0,0.0
PITPNM1,0.20077646,0.0,0.0
PITPNM2,0.22615807,0.0,-1.0
PITPNM3,0.19739695,0.0,-1.0
PITRM1,0.13037361,0.0,0.0
PITX1,0.32477087,0.0,-1.0
PITX2,0.19480477,0.0,0.0
PITX3,0.2310737,0.0,-1.0
PIWIL1,0.26020148,0.0,-1.0
PIWIL2,0.23563752,0.0,-1.0
PIWIL4,0.2508858,0.0,0.0
PJA1,0.29141098,0.0,0.0
PJA2,0.21229674,0.0,0.0
PKD1,0.40723768,0.0,-1.0
PKD1L3,0.15941978,0.0,0.0
PKD2,0.21624418,0.0,-1.0
PKD2L1,0.183528,0.0,0.0
PKDREJ,0.12380546,0.0,-1.0
PKHD1,0.22574028,0.0,-1.0
PKIA,0.18198705,0.0,0.0
PKIB,0.06966432,0.0,0.0
PKIG,0.22824302,0.0,-1.0
PKLR,0.15344986,0.0,0.0
PKM,0.36738878,0.0,-1.0
PKMYT1,0.2326439,0.0,0.0
PKN1,0.2858998,0.0,-1.0
PKN2,0.331713,0.0,0.0
PKN3,0.1559494,0.0,0.0
PKNOX1,0.28334785,0.0,-1.0
PKNOX2,0.21343794,0.0,0.0
PKP1,0.30347633,0.0,-1.0
PKP2,0.3445171,0.0,-1.0
PKP3,0.2317304,0.0,0.0
PKP4,0.28951126,0.0,-1.0
PLA1A,0.06665613,0.0,-1.0
PLA2G10,0.13557386,0.0,0.0
PLA2G12A,0.12174216,0.0,0.0
PLA2G15,0.13409866,0.0,0.0
PLA2G1B,0.2944156,0.0,0.0
PLA2G2A,0.2539782,0.0,-1.0
PLA2G2D,0.038147125,0.0,0.0
PLA2G3,0.0687057,0.0,0.0
PLA2G4A,0.24589095,0.0,-1.0
PLA2G4F,0.124451585,0.0,-1.0
PLA2G5,0.114860035,0.0,0.0
PLA2G6,0.06575107,0.0,-1.0
PLA2G7,0.10839125,0.0,-1.0
PLAA,0.20803115,0.0,0.0
PLAAT3,0.13166024,0.0,0.0
PLAAT4,0.18646114,0.0,-1.0
PLAAT5,0.008371154,0.0,0.0
PLAC1,0.04714778,0.0,0.0
PLAC8,0.11931012,0.0,-1.0
PLAC9,0.2415224,0.0,0.0
PLAG1,0.23105434,0.0,1.0
PLAGL1,0.2622088,0.0,-1.0
PLAGL2,0.067656316,0.0,-1.0
PLAT,0.22870997,0.0,-1.0
PLAU,0.23608947,0.0,-1.0
PLAUR,0.2491278,0.0,-1.0
PLBD1,0.073780164,0.0,0.0
PLCB1,0.29060847,0.0,-1.0
PLCB2,0.2799595,0.0,-1.0
PLCB3,0.31323424,0.0,-1.0
PLCB4,0.1870008,0.0,-1.0
PLCD1,0.19049522,0.0,-1.0
PLCD3,0.12805434,0.0,0.0
PLCD4,0.11764836,0.0,0.0
PLCE1,0.24327253,0.0,-1.0
PLCG1,0.6823514,1.0,1.0
PLCG2,0.43797868,0.0,1.0
PLCH1,0.12088419,0.0,0.0
PLCH2,0.05867836,0.0,-1.0
PLCL1,0.07798724,0.0,-1.0
PLCL2,0.04031306,0.0,0.0
PLCXD1,0.090155184,0.0,0.0
PLD1,0.19146506,0.0,-1.0
PLD2,0.23283033,0.0,-1.0
PLD3,0.20806688,0.0,0.0
PLD4,0.022428468,0.0,0.0
PLD6,0.07169187,0.0,0.0
PLEC,0.46187115,0.0,-1.0
PLEK,0.19925201,0.0,0.0
PLEK2,0.15009749,0.0,-1.0
PLEKHA1,0.23728882,0.0,0.0
PLEKHA2,0.20744115,0.0,-1.0
PLEKHA3,0.06804273,0.0,0.0
PLEKHA4,0.1690099,0.0,0.0
PLEKHA5,0.25977102,0.0,0.0
PLEKHA6,0.16199884,0.0,0.0
PLEKHA7,0.2682368,0.0,0.0
PLEKHA8,0.1030189,0.0,-1.0
PLEKHB1,0.21452126,0.0,-1.0
PLEKHB2,0.16922891,0.0,0.0
PLEKHD1,0.016720314,0.0,0.0
PLEKHF1,0.14400245,0.0,0.0
PLEKHF2,0.14589845,0.0,0.0
PLEKHG1,0.09335142,0.0,0.0
PLEKHG2,0.2864036,0.0,-1.0
PLEKHG4,0.15843591,0.0,0.0
PLEKHG4B,0.06068839,0.0,0.0
PLEKHH2,0.16019313,0.0,0.0
PLEKHH3,0.11025648,0.0,0.0
PLEKHJ1,0.10263877,0.0,0.0
PLEKHM1,0.25024995,0.0,-1.0
PLEKHM2,0.1800153,0.0,0.0
PLEKHM3,0.114900075,0.0,-1.0
PLEKHN1,0.14447011,0.0,0.0
PLEKHO1,0.28074834,0.0,0.0
PLEKHO2,0.09225346,0.0,0.0
PLG,0.31743804,0.0,-1.0
PLGRKT,0.16314636,0.0,0.0
PLIN1,0.015814228,0.0,-1.0
PLIN2,0.11261303,0.0,0.0
PLIN3,0.15577976,0.0,0.0
PLIN4,0.016900487,0.0,0.0
PLK1,0.46221128,0.0,-1.0
PLK2,0.26307723,0.0,-1.0
PLK3,0.28697646,0.0,-1.0
PLK4,0.25691995,0.0,-1.0
PLLP,0.023989134,0.0,0.0
PLN,0.06879107,0.0,-1.0
PLOD1,0.20022322,0.0,-1.0
PLOD2,0.26521632,0.0,-1.0
PLOD3,0.1254853,0.0,0.0
PLP1,0.12701751,0.0,-1.0
PLP2,0.097365655,0.0,0.0
PLPBP,0.1658254,0.0,0.0
PLPP1,0.08421798,0.0,-1.0
PLPP2,0.12696609,0.0,-1.0
PLPP3,0.22780022,0.0,-1.0
PLPP6,0.05329437,0.0,0.0
PLPPR3,0.122599915,0.0,0.0
PLPPR4,0.110273175,0.0,0.0
PLRG1,0.18424147,0.0,-1.0
PLS1,0.15552159,0.0,0.0
PLS3,0.15093826,0.0,0.0
PLSCR1,0.29375124,0.0,0.0
PLSCR3,0.13320924,0.0,0.0
PLSCR4,0.15954919,0.0,-1.0
PLVAP,0.050572395,0.0,0.0
PLXDC1,0.15863559,0.0,-1.0
PLXDC2,0.25332576,0.0,0.0
PLXNA1,0.34570277,0.0,0.0
PLXNA2,0.32574353,0.0,-1.0
PLXNA3,0.28310406,0.0,-1.0
PLXNA4,0.10542056,0.0,0.0
PLXNB1,0.46296078,0.0,-1.0
PLXNB2,0.39700827,0.0,-1.0
PLXNB3,0.38850722,0.0,0.0
PLXNC1,0.21040654,0.0,0.0
PLXND1,0.27877125,0.0,-1.0
PM20D2,0.1293952,0.0,0.0
PMAIP1,0.23559439,0.0,1.0
PMCH,0.04483457,0.0,0.0
PMEPA1,0.124804355,0.0,-1.0
PMF1,0.19170973,0.0,0.0
PML,0.32409996,0.0,1.0
PMM1,0.201754,0.0,0.0
PMM2,0.03372618,0.0,-1.0
PMP2,0.1667566,0.0,0.0
PMP22,0.14743064,0.0,-1.0
PMPCA,0.12753655,0.0,-1.0
PMPCB,0.13602994,0.0,0.0
PMS1,0.33879104,0.0,1.0
PMS2,0.40520462,0.0,1.0
PMVK,0.19492106,0.0,0.0
PNISR,0.17103478,0.0,0.0
PNKD,0.17525452,0.0,-1.0
PNKP,0.25200775,0.0,0.0
PNLIP,0.05225958,0.0,0.0
PNLIPRP1,0.047489204,0.0,0.0
PNLIPRP2,0.052039605,0.0,0.0
PNMA1,0.25446612,0.0,-1.0
PNMA2,0.2738892,0.0,0.0
PNMA3,0.13590461,0.0,0.0
PNMA5,0.17177401,0.0,0.0
PNMA8A,0.16270803,0.0,0.0
PNMT,0.032465026,0.0,0.0
PNN,0.23492879,0.0,-1.0
PNO1,0.17915314,0.0,0.0
PNOC,0.0039184215,0.0,0.0
PNP,0.16015348,0.0,0.0
PNPLA2,0.206371,0.0,-1.0
PNPLA3,0.07501317,0.0,0.0
PNPLA6,0.20179442,0.0,-1.0
PNPLA8,0.044500887,0.0,-1.0
PNPO,0.09771442,0.0,0.0
PNPT1,0.17963982,0.0,0.0
PNRC1,0.32558548,0.0,-1.0
PNRC2,0.28361982,0.0,0.0
POC1A,0.06505642,0.0,0.0
POC1B,0.16188015,0.0,0.0
POC5,0.06373219,0.0,-1.0
PODXL,0.23104289,0.0,0.0
PODXL2,0.08611702,0.0,0.0
POF1B,0.17469488,0.0,-1.0
POGK,0.17613614,0.0,0.0
POGLUT1,0.14688997,0.0,-1.0
POGLUT2,0.088881075,0.0,0.0
POGLUT3,0.07712764,0.0,0.0
POGZ,0.30522808,0.0,0.0
POLA1,0.3011829,0.0,-1.0
POLA2,0.21158017,0.0,0.0
POLB,0.21306485,0.0,0.0
POLD1,0.30429256,0.0,1.0
POLD2,0.16563697,0.0,0.0
POLD3,0.23079045,0.0,-1.0
POLD4,0.12048985,0.0,0.0
POLDIP2,0.19152726,0.0,0.0
POLDIP3,0.13372026,0.0,-1.0
POLE,0.22701894,0.0,1.0
POLE2,0.22873142,0.0,-1.0
POLE3,0.18043835,0.0,0.0
POLE4,0.2142534,0.0,0.0
POLG,0.21436532,0.0,1.0
POLG2,0.2508425,0.0,-1.0
POLH,0.20525552,0.0,-1.0
POLI,0.17632183,0.0,0.0
POLK,0.17068473,0.0,-1.0
POLL,0.14374092,0.0,0.0
POLM,0.16508506,0.0,-1.0
POLN,0.27320406,0.0,0.0
POLQ,0.5811097,1.0,1.0
POLR1A,0.29004347,0.0,0.0
POLR1B,0.28480777,0.0,0.0
POLR1C,0.27756733,0.0,-1.0
POLR1D,0.23757648,0.0,-1.0
POLR1E,0.21014957,0.0,0.0
POLR1F,0.040154524,0.0,0.0
POLR1G,0.26910275,0.0,-1.0
POLR1H,0.2104027,0.0,0.0
POLR2A,0.43029818,0.0,0.0
POLR2B,0.2672135,0.0,0.0
POLR2C,0.22947429,0.0,0.0
POLR2D,0.23433875,0.0,-1.0
POLR2E,0.27704594,0.0,0.0
POLR2F,0.16411549,0.0,0.0
POLR2G,0.1509744,0.0,0.0
POLR2H,0.17322496,0.0,0.0
POLR2I,0.17053877,0.0,0.0
POLR2J,0.19465612,0.0,0.0
POLR2J2,0.038058337,0.0,0.0
POLR2J3,0.02790875,0.0,0.0
POLR2K,0.17183869,0.0,0.0
POLR2L,0.19443895,0.0,0.0
POLR2M,0.102616824,0.0,0.0
POLR3A,0.25795722,0.0,0.0
POLR3C,0.24386442,0.0,0.0
POLR3D,0.22977889,0.0,0.0
POLR3E,0.19007629,0.0,-1.0
POLR3F,0.18507513,0.0,0.0
POLR3G,0.17243306,0.0,0.0
POLR3GL,0.18764825,0.0,0.0
POLR3H,0.2162712,0.0,0.0
POLR3K,0.0941882,0.0,0.0
POLRMT,0.12955952,0.0,-1.0
POM121,0.19541992,0.0,0.0
POM121C,0.2560135,0.0,0.0
POMC,0.11564558,0.0,-1.0
POMGNT1,0.09806969,0.0,-1.0
POMGNT2,0.071298465,0.0,0.0
POMK,0.052566364,0.0,0.0
POMP,0.124126524,0.0,0.0
POMZP3,0.098742545,0.0,0.0
PON1,0.15503958,0.0,-1.0
PON2,0.22739905,0.0,0.0
POP1,0.16651507,0.0,0.0
POP4,0.08158019,0.0,0.0
POP5,0.09346254,0.0,0.0
POP7,0.14618762,0.0,0.0
POPDC2,0.0072772624,0.0,0.0
POR,0.17624463,0.0,-1.0
POSTN,0.036476057,0.0,0.0
POT1,0.15750152,0.0,1.0
POTEB3,0.13242035,0.0,0.0
POTEC,0.09232677,0.0,-1.0
POTED,0.022258705,0.0,0.0
POTEE,0.21368344,0.0,0.0
POTEF,0.20387019,0.0,0.0
POTEG,0.10146187,0.0,0.0
POTEH,0.10046468,0.0,0.0
POTEI,0.05383319,0.0,0.0
POTEJ,0.15258236,0.0,0.0
POTEM,0.1335397,0.0,0.0
POU1F1,0.29243404,0.0,-1.0
POU2AF1,0.276054,0.0,1.0
POU2F1,0.4983972,0.0,-1.0
POU2F2,0.21812795,0.0,-1.0
POU2F3,0.12529786,0.0,0.0
POU3F1,0.12834324,0.0,0.0
POU3F2,0.113091595,0.0,-1.0
POU3F3,0.054356888,0.0,-1.0
POU3F4,0.07620319,0.0,-1.0
POU4F1,0.26147234,0.0,-1.0
POU4F2,0.048592523,0.0,0.0
POU5F1,0.3301768,0.0,1.0
PPA1,0.24811383,0.0,0.0
PPA2,0.033062547,0.0,0.0
PPAN,0.16410603,0.0,0.0
PPARA,0.34208414,0.0,0.0
PPARD,0.38514656,0.0,-1.0
PPARG,0.40305874,0.0,1.0
PPARGC1A,0.45485047,0.0,0.0
PPAT,0.17151259,0.0,-1.0
PPBP,0.18385702,0.0,0.0
PPCDC,0.09208708,0.0,0.0
PPDPF,0.04201272,0.0,0.0
PPEF2,0.07591861,0.0,0.0
PPFIA1,0.3826778,0.0,0.0
PPFIA2,0.34721214,0.0,0.0
PPFIA3,0.39275357,0.0,0.0
PPFIA4,0.3126184,0.0,0.0
PPFIBP1,0.28813103,0.0,1.0
PPFIBP2,0.32084104,0.0,0.0
PPHLN1,0.3000807,0.0,0.0
PPIA,0.21572001,0.0,0.0
PPIAL4A,0.07347338,0.0,0.0
PPIAL4D,0.08536229,0.0,0.0
PPIB,0.19150084,0.0,-1.0
PPIC,0.095525034,0.0,0.0
PPID,0.25030905,0.0,0.0
PPIE,0.15960479,0.0,0.0
PPIF,0.15337603,0.0,0.0
PPIG,0.2242275,0.0,-1.0
PPIH,0.13909936,0.0,0.0
PPIL1,0.16187589,0.0,-1.0
PPIL2,0.12613764,0.0,0.0
PPIL3,0.16391703,0.0,0.0
PPIL4,0.16270907,0.0,-1.0
PPIP5K1,0.18845844,0.0,0.0
PPL,0.22126794,0.0,0.0
PPM1A,0.3509197,0.0,0.0
PPM1B,0.31970632,0.0,0.0
PPM1D,0.49148402,0.0,1.0
PPM1E,0.19413902,0.0,-1.0
PPM1F,0.18893121,0.0,-1.0
PPM1G,0.20765927,0.0,0.0
PPM1H,0.0837068,0.0,0.0
PPM1J,0.14427306,0.0,-1.0
PPM1K,0.2054907,0.0,0.0
PPME1,0.19349553,0.0,0.0
PPOX,0.15231127,0.0,-1.0
PPP1CA,0.06723482,0.0,-1.0
PPP1CB,0.33478975,0.0,-1.0
PPP1CC,0.2939035,0.0,-1.0
PPP1R10,0.18442984,0.0,0.0
PPP1R11,0.122414194,0.0,0.0
PPP1R12A,0.30433774,0.0,-1.0
PPP1R12B,0.18714724,0.0,-1.0
PPP1R12C,0.27748996,0.0,-1.0
PPP1R13B,0.3586514,0.0,0.0
PPP1R13L,0.31819993,0.0,-1.0
PPP1R14A,0.2120028,0.0,0.0
PPP1R14B,0.17286217,0.0,-1.0
PPP1R14C,0.16953813,0.0,0.0
PPP1R15A,0.2306077,0.0,-1.0
PPP1R15B,0.17941822,0.0,0.0
PPP1R16A,0.1545438,0.0,0.0
PPP1R16B,0.18561618,0.0,-1.0
PPP1R18,0.15893275,0.0,0.0
PPP1R1A,0.11387855,0.0,-1.0
PPP1R1B,0.22737809,0.0,-1.0
PPP1R2,0.26800537,0.0,0.0
PPP1R21,0.131304,0.0,0.0
PPP1R26,0.27005988,0.0,0.0
PPP1R27,0.10370707,0.0,0.0
PPP1R32,0.19272664,0.0,0.0
PPP1R35,0.11793182,0.0,0.0
PPP1R36,0.04392469,0.0,0.0
PPP1R37,0.07961936,0.0,0.0
PPP1R3A,0.12819009,0.0,-1.0
PPP1R3B,0.21655805,0.0,-1.0
PPP1R3C,0.074220315,0.0,0.0
PPP1R3D,0.23888464,0.0,0.0
PPP1R3E,0.04428432,0.0,0.0
PPP1R3G,0.03812402,0.0,0.0
PPP1R42,0.0921821,0.0,0.0
PPP1R7,0.23166275,0.0,0.0
PPP1R8,0.23118645,0.0,-1.0
PPP1R9A,0.24018012,0.0,-1.0
PPP1R9B,0.27912366,0.0,-1.0
PPP2CA,0.44948652,0.0,-1.0
PPP2CB,0.2960199,0.0,0.0
PPP2R1A,0.4797891,0.0,1.0
PPP2R1B,0.34429273,0.0,0.0
PPP2R2A,0.35802612,0.0,1.0
PPP2R2B,0.25528753,0.0,-1.0
PPP2R2C,0.2821732,0.0,0.0
PPP2R2D,0.22170351,0.0,0.0
PPP2R3A,0.2517329,0.0,-1.0
PPP2R3B,0.18711728,0.0,0.0
PPP2R3C,0.18653272,0.0,0.0
PPP2R5A,0.30009556,0.0,-1.0
PPP2R5B,0.15109609,0.0,0.0
PPP2R5C,0.27370563,0.0,-1.0
PPP2R5D,0.32656276,0.0,0.0
PPP2R5E,0.17522483,0.0,0.0
PPP3CA,0.19764686,0.0,-1.0
PPP3CB,0.2418225,0.0,-1.0
PPP3CC,0.20734087,0.0,-1.0
PPP3R1,0.26491937,0.0,-1.0
PPP3R2,0.28544047,0.0,-1.0
PPP4C,0.14864495,0.0,-1.0
PPP4R1,0.22673006,0.0,0.0
PPP4R2,0.15527779,0.0,-1.0
PPP4R3A,0.21026677,0.0,-1.0
PPP4R3B,0.17972839,0.0,-1.0
PPP4R4,0.13146847,0.0,0.0
PPP5C,0.31827927,0.0,0.0
PPP6C,0.18091641,0.0,1.0
PPP6R1,0.2823585,0.0,0.0
PPP6R2,0.26354128,0.0,-1.0
PPP6R3,0.16990766,0.0,0.0
PPRC1,0.18739991,0.0,0.0
PPT1,0.084685214,0.0,-1.0
PPTC7,0.05636652,0.0,-1.0
PPWD1,0.0883631,0.0,0.0
PQBP1,0.18828408,0.0,-1.0
PRADC1,0.1578248,0.0,0.0
PRAF2,0.15801808,0.0,0.0
PRAG1,0.23853187,0.0,0.0
PRAM1,0.22636986,0.0,0.0
PRAME,0.23311116,0.0,-1.0
PRAMEF1,0.03291563,0.0,0.0
PRAMEF10,0.04064255,0.0,0.0
PRAMEF12,0.03735276,0.0,0.0
PRAMEF17,0.050735153,0.0,0.0
PRAMEF2,0.05421138,0.0,0.0
PRAP1,0.16671512,0.0,0.0
PRB1,0.069597386,0.0,0.0
PRB3,0.10150063,0.0,0.0
PRB4,0.06147089,0.0,-1.0
PRC1,0.2879697,0.0,0.0
PRCC,0.17110959,0.0,1.0
PRCP,0.0876041,0.0,0.0
PRDM1,0.22761041,0.0,1.0
PRDM10,0.07759013,0.0,0.0
PRDM13,0.10552201,0.0,0.0
PRDM14,0.31557685,0.0,-1.0
PRDM15,0.07360009,0.0,0.0
PRDM16,0.19119711,0.0,1.0
PRDM2,0.31800118,0.0,1.0
PRDM4,0.23820774,0.0,0.0
PRDM5,0.2837147,0.0,0.0
PRDM6,0.2603033,0.0,0.0
PRDM7,0.059314046,0.0,0.0
PRDM8,0.009538136,0.0,0.0
PRDX1,0.28993347,0.0,-1.0
PRDX2,0.22867994,0.0,0.0
PRDX3,0.080493964,0.0,0.0
PRDX4,0.13729882,0.0,-1.0
PRDX5,0.1610527,0.0,0.0
PRDX6,0.23605315,0.0,0.0
PREB,0.15666164,0.0,0.0
PRELID1,0.0059362617,0.0,0.0
PRELID3B,0.05745686,0.0,0.0
PRELP,0.3450813,0.0,0.0
PREP,0.10266728,0.0,0.0
PREPL,0.21010907,0.0,0.0
PREX1,0.260009,0.0,-1.0
PREX2,0.30361435,0.0,1.0
PRF1,0.22269028,0.0,1.0
PRG2,0.21191731,0.0,0.0
PRG4,0.16002849,0.0,-1.0
PRH1,0.0053198147,0.0,0.0
PRICKLE1,0.2130019,0.0,-1.0
PRICKLE2,0.15362538,0.0,-1.0
PRICKLE3,0.23025358,0.0,0.0
PRIM1,0.19798402,0.0,-1.0
PRIM2,0.20058751,0.0,0.0
PRIMPOL,0.082619876,0.0,0.0
PRKAA1,0.22499575,0.0,0.0
PRKAA2,0.31600472,0.0,0.0
PRKAB1,0.34251302,0.0,-1.0
PRKAB2,0.24619627,0.0,-1.0
PRKACA,0.31462276,0.0,1.0
PRKACB,0.23553549,0.0,-1.0
PRKACG,0.24585384,0.0,-1.0
PRKAG1,0.16408408,0.0,-1.0
PRKAG2,0.19678827,0.0,-1.0
PRKAG3,0.16421643,0.0,0.0
PRKAR1A,0.3920936,0.0,1.0
PRKAR1B,0.23432308,0.0,-1.0
PRKAR2A,0.35722914,0.0,-1.0
PRKAR2B,0.2785559,0.0,-1.0
PRKCA,0.58783203,1.0,-1.0
PRKCB,0.5669402,1.0,1.0
PRKCD,0.37134963,0.0,-1.0
PRKCE,0.48250997,0.0,-1.0
PRKCG,0.44749108,0.0,-1.0
PRKCH,0.21564977,0.0,-1.0
PRKCI,0.48922995,0.0,1.0
PRKCQ,0.5041638,1.0,-1.0
PRKCSH,0.22968553,0.0,0.0
PRKCZ,0.2980496,0.0,-1.0
PRKD1,0.4200232,0.0,-1.0
PRKD2,0.31503883,0.0,-1.0
PRKD3,0.2117418,0.0,0.0
PRKDC,0.4907189,0.0,-1.0
PRKG1,0.29005846,0.0,-1.0
PRKG2,0.15188615,0.0,-1.0
PRKN,0.24132703,0.0,1.0
PRKRA,0.20199946,0.0,-1.0
PRKRIP1,0.12340164,0.0,0.0
PRKX,0.22503363,0.0,-1.0
PRL,0.20435591,0.0,0.0
PRLH,0.051377933,0.0,0.0
PRLHR,0.090614416,0.0,0.0
PRLR,0.2884256,0.0,-1.0
PRM1,0.084102385,0.0,0.0
PRM2,0.104027465,0.0,0.0
PRMT1,0.24502477,0.0,0.0
PRMT2,0.29535842,0.0,-1.0
PRMT3,0.2369953,0.0,0.0
PRMT5,0.2941364,0.0,-1.0
PRMT6,0.17582835,0.0,0.0
PRMT7,0.17995171,0.0,0.0
PRMT8,0.14670958,0.0,0.0
PRMT9,0.11014542,0.0,0.0
PRND,0.03161311,0.0,-1.0
PRNP,0.1323364,0.0,-1.0
PROC,0.15471162,0.0,-1.0
PROCR,0.14231414,0.0,0.0
PROM1,0.1700111,0.0,-1.0
PROP1,0.18631029,0.0,-1.0
PRORP,0.11735333,0.0,0.0
PROS1,0.13731784,0.0,-1.0
PROSER1,0.30952245,0.0,-1.0
PROSER2,0.15817575,0.0,0.0
PROX1,0.41241163,0.0,-1.0
PRPF18,0.0986051,0.0,0.0
PRPF19,0.24793859,0.0,0.0
PRPF3,0.22644404,0.0,-1.0
PRPF38A,0.17348367,0.0,0.0
PRPF38B,0.222887,0.0,-1.0
PRPF39,0.12368595,0.0,-1.0
PRPF4,0.12075013,0.0,0.0
PRPF40A,0.26831335,0.0,0.0
PRPF40B,0.19922483,0.0,1.0
PRPF4B,0.23827106,0.0,-1.0
PRPF6,0.30314288,0.0,-1.0
PRPF8,0.2853528,0.0,-1.0
PRPH,0.18296613,0.0,0.0
PRPH2,0.14904964,0.0,-1.0
PRPS1,0.116739795,0.0,-1.0
PRPS1L1,0.106979474,0.0,0.0
PRPS2,0.11854391,0.0,0.0
PRPSAP1,0.14462103,0.0,0.0
PRPSAP2,0.056101847,0.0,0.0
PRR11,0.16246822,0.0,0.0
PRR12,0.17931838,0.0,0.0
PRR13,0.15436462,0.0,0.0
PRR14,0.20858274,0.0,0.0
PRR14L,0.14950478,0.0,0.0
PRR16,0.10212103,0.0,0.0
PRR19,0.14455564,0.0,0.0
PRR20E,0.27937695,0.0,0.0
PRR22,0.08504796,0.0,0.0
PRR23B,0.080721386,0.0,0.0
PRR3,0.13368003,0.0,0.0
PRR4,0.01601906,0.0,0.0
PRR5,0.16863194,0.0,-1.0
PRR5-ARHGAP8,0.18484089,0.0,0.0
PRR7,0.008515241,0.0,0.0
PRRC1,0.17463025,0.0,0.0
PRRC2A,0.15728873,0.0,0.0
PRRC2B,0.23625427,0.0,-1.0
PRRC2C,0.22122166,0.0,0.0
PRRG1,0.10995211,0.0,-1.0
PRRG2,0.14058019,0.0,0.0
PRRG4,0.16688876,0.0,0.0
PRRT2,0.062325336,0.0,-1.0
PRRX2,0.06614975,0.0,-1.0
PRSS1,0.083965376,0.0,-1.0
PRSS2,0.034706492,0.0,0.0
PRSS21,0.14699817,0.0,0.0
PRSS23,0.10603807,0.0,0.0
PRSS3,0.076918595,0.0,-1.0
PRSS50,0.23243617,0.0,0.0
PRSS56,0.016174885,0.0,0.0
PRSS8,0.2255061,0.0,-1.0
PRTFDC1,0.17194828,0.0,0.0
PRTG,0.06503683,0.0,0.0
PRTN3,0.08230585,0.0,0.0
PRUNE1,0.15059945,0.0,-1.0
PRUNE2,0.21005395,0.0,-1.0
PRX,0.35278714,0.0,-1.0
PRXL2A,0.04201272,0.0,0.0
PRXL2B,0.11670344,0.0,-1.0
PSAP,0.2444737,0.0,-1.0
PSAT1,0.22505714,0.0,-1.0
PSCA,0.5000598,1.0,-1.0
PSD,0.23502846,0.0,0.0
PSD2,0.19786884,0.0,0.0
PSD3,0.14505897,0.0,0.0
PSD4,0.19047388,0.0,0.0
PSEN1,0.46990442,0.0,-1.0
PSEN2,0.36386552,0.0,-1.0
PSENEN,0.14280014,0.0,-1.0
PSG1,0.18309471,0.0,0.0
PSG2,0.19972071,0.0,0.0
PSG3,0.27975938,0.0,0.0
PSG5,0.26749846,0.0,0.0
PSG9,0.2237859,0.0,0.0
PSIP1,0.21804892,0.0,1.0
PSKH1,0.15330663,0.0,0.0
PSKH2,0.18914519,0.0,0.0
PSMA1,0.23072043,0.0,0.0
PSMA2,0.2511718,0.0,0.0
PSMA3,0.05368851,0.0,0.0
PSMA4,0.2136313,0.0,0.0
PSMA5,0.24183336,0.0,-1.0
PSMA6,0.2323041,0.0,0.0
PSMA7,0.22942756,0.0,0.0
PSMB1,0.2074855,0.0,0.0
PSMB10,0.15359417,0.0,0.0
PSMB2,0.2051881,0.0,0.0
PSMB3,0.18164676,0.0,0.0
PSMB4,0.19063164,0.0,0.0
PSMB5,0.13575226,0.0,0.0
PSMB6,0.193626,0.0,0.0
PSMB7,0.17844826,0.0,0.0
PSMB8,0.1308434,0.0,0.0
PSMB9,0.23063761,0.0,0.0
PSMC1,0.2554523,0.0,0.0
PSMC2,0.27315938,0.0,0.0
PSMC3,0.24019036,0.0,-1.0
PSMC3IP,0.27422333,0.0,0.0
PSMC4,0.20282736,0.0,0.0
PSMC5,0.3778199,0.0,0.0
PSMC6,0.2222751,0.0,0.0
PSMD1,0.2541924,0.0,0.0
PSMD10,0.20833144,0.0,0.0
PSMD11,0.30890608,0.0,0.0
PSMD12,0.16910264,0.0,0.0
PSMD13,0.22733167,0.0,0.0
PSMD14,0.22409658,0.0,0.0
PSMD2,0.37722778,0.0,-1.0
PSMD3,0.23988941,0.0,0.0
PSMD4,0.30946058,0.0,0.0
PSMD5,0.197162,0.0,0.0
PSMD6,0.22633709,0.0,0.0
PSMD7,0.22736903,0.0,0.0
PSMD8,0.20719579,0.0,-1.0
PSMD9,0.22727607,0.0,0.0
PSME1,0.23098959,0.0,0.0
PSME2,0.19271801,0.0,0.0
PSME3,0.23492841,0.0,0.0
PSME3IP1,0.15818945,0.0,0.0
PSME4,0.20065741,0.0,0.0
PSMF1,0.16998078,0.0,-1.0
PSMG1,0.14463076,0.0,0.0
PSMG2,0.15811746,0.0,0.0
PSMG3,0.119989716,0.0,0.0
PSMG4,0.047181126,0.0,-1.0
PSORS1C2,0.025463851,0.0,-1.0
PSPC1,0.23149219,0.0,0.0
PSPH,0.1956441,0.0,-1.0
PSRC1,0.19827539,0.0,0.0
PSTK,0.05981176,0.0,0.0
PSTPIP1,0.28055054,0.0,0.0
PSTPIP2,0.06991752,0.0,0.0
PTAFR,0.23321258,0.0,0.0
PTAR1,0.06626931,0.0,0.0
PTBP1,0.29058564,0.0,-1.0
PTBP2,0.23218203,0.0,0.0
PTBP3,0.060644943,0.0,0.0
PTCD1,0.11680133,0.0,0.0
PTCD2,0.064517245,0.0,0.0
PTCD3,0.17893462,0.0,0.0
PTCH1,0.31852296,0.0,1.0
PTCH2,0.16847403,0.0,-1.0
PTCRA,0.16352946,0.0,-1.0
PTDSS1,0.09006182,0.0,-1.0
PTDSS2,0.071714014,0.0,0.0
PTEN,0.7370426,1.0,1.0
PTER,0.114685215,0.0,0.0
PTF1A,0.10488806,0.0,-1.0
PTGDR,0.11304582,0.0,0.0
PTGDR2,0.08974273,0.0,-1.0
PTGDS,0.09479785,0.0,0.0
PTGER1,0.09947617,0.0,-1.0
PTGER2,0.107792,0.0,-1.0
PTGER3,0.12972572,0.0,-1.0
PTGER4,0.13956411,0.0,-1.0
PTGES,0.08971861,0.0,0.0
PTGES2,0.18004075,0.0,0.0
PTGES3,0.31148604,0.0,0.0
PTGFRN,0.18353018,0.0,-1.0
PTGIR,0.21702644,0.0,0.0
PTGIS,0.15148793,0.0,-1.0
PTGR1,0.13050932,0.0,0.0
PTGS1,0.056189403,0.0,-1.0
PTGS2,0.20147724,0.0,-1.0
PTH,0.0648606,0.0,-1.0
PTH1R,0.19803478,0.0,-1.0
PTH2,0.028589156,0.0,0.0
PTH2R,0.059546236,0.0,0.0
PTHLH,0.14463668,0.0,-1.0
PTK2,0.60258543,1.0,-1.0
PTK2B,0.5730295,1.0,-1.0
PTK6,0.30565822,0.0,1.0
PTK7,0.21895067,0.0,-1.0
PTMA,0.35515633,0.0,-1.0
PTMS,0.1961868,0.0,0.0
PTN,0.10382667,0.0,-1.0
PTOV1,0.19774249,0.0,0.0
PTP4A1,0.107554846,0.0,-1.0
PTP4A2,0.10236838,0.0,0.0
PTP4A3,0.21660008,0.0,-1.0
PTPA,0.07094428,0.0,-1.0
PTPMT1,0.13527803,0.0,0.0
PTPN1,0.55119634,1.0,1.0
PTPN11,0.5758467,1.0,1.0
PTPN12,0.4560351,0.0,-1.0
PTPN13,0.34814104,0.0,1.0
PTPN14,0.39243245,0.0,-1.0
PTPN18,0.17197078,0.0,0.0
PTPN2,0.23298608,0.0,1.0
PTPN21,0.30103633,0.0,-1.0
PTPN22,0.40698645,0.0,-1.0
PTPN23,0.20428684,0.0,0.0
PTPN3,0.37795806,0.0,0.0
PTPN4,0.31727195,0.0,0.0
PTPN5,0.28546205,0.0,0.0
PTPN6,0.40079322,0.0,1.0
PTPN7,0.20934829,0.0,-1.0
PTPN9,0.2019465,0.0,-1.0
PTPRA,0.19708312,0.0,-1.0
PTPRB,0.49294573,0.0,1.0
PTPRC,0.6143481,1.0,1.0
PTPRCAP,0.2256239,0.0,0.0
PTPRD,0.28903422,0.0,1.0
PTPRE,0.27185583,0.0,-1.0
PTPRF,0.38667765,0.0,0.0
PTPRG,0.47776675,0.0,-1.0
PTPRH,0.19944339,0.0,-1.0
PTPRJ,0.6627116,1.0,-1.0
PTPRK,0.41793,0.0,1.0
PTPRM,0.30545947,0.0,0.0
PTPRN,0.26676384,0.0,0.0
PTPRN2,0.289743,0.0,0.0
PTPRO,0.5106028,1.0,-1.0
PTPRR,0.19208932,0.0,-1.0
PTPRS,0.20843627,0.0,1.0
PTPRT,0.17767736,0.0,1.0
PTPRU,0.2701326,0.0,-1.0
PTPRZ1,0.3202108,0.0,0.0
PTRH1,0.08162939,0.0,0.0
PTRH2,0.17408074,0.0,0.0
PTS,0.15483445,0.0,0.0
PTTG1,0.23869681,0.0,-1.0
PTTG1IP,0.12818201,0.0,-1.0
PTX3,0.11994063,0.0,-1.0
PUF60,0.24298804,0.0,0.0
PUM1,0.24543697,0.0,0.0
PUM2,0.11802399,0.0,0.0
PUM3,0.21377249,0.0,0.0
PURA,0.22224459,0.0,0.0
PURB,0.15884703,0.0,0.0
PUS1,0.14931916,0.0,-1.0
PUS3,0.057288013,0.0,0.0
PUS7,0.14933963,0.0,0.0
PUS7L,0.109752424,0.0,0.0
PUSL1,0.034908574,0.0,0.0
PVR,0.13313776,0.0,0.0
PWP1,0.22042789,0.0,0.0
PWP2,0.16198733,0.0,0.0
PWWP2A,0.012326367,0.0,-1.0
PWWP2B,0.02748412,0.0,0.0
PWWP3B,0.073780864,0.0,0.0
PXDN,0.10967404,0.0,-1.0
PXDNL,0.14204486,0.0,-1.0
PXK,0.22860973,0.0,0.0
PXMP2,0.13668524,0.0,0.0
PXMP4,0.093712844,0.0,-1.0
PXN,0.40785095,0.0,-1.0
PXYLP1,0.11064185,0.0,0.0
PYCARD,0.23801418,0.0,-1.0
PYCR1,0.15988803,0.0,-1.0
PYCR2,0.19737366,0.0,-1.0
PYCR3,0.14577541,0.0,0.0
PYDC1,0.094041295,0.0,0.0
PYDC2,0.18488663,0.0,0.0
PYGB,0.17916217,0.0,0.0
PYGL,0.15250231,0.0,-1.0
PYGM,0.3221759,0.0,-1.0
PYGO1,0.34823713,0.0,0.0
PYGO2,0.4123902,0.0,0.0
PYM1,0.13629538,0.0,0.0
PYROXD1,0.12846692,0.0,0.0
PYROXD2,0.20713334,0.0,0.0
PYY,0.0027358881,0.0,-1.0
QDPR,0.07737897,0.0,-1.0
QKI,0.20268737,0.0,1.0
QPCT,0.13637249,0.0,0.0
QPCTL,0.17051657,0.0,0.0
QPRT,0.11276546,0.0,-1.0
QRFPR,0.117919646,0.0,0.0
QRICH1,0.23796345,0.0,0.0
QRICH2,0.20648108,0.0,0.0
QRSL1,0.113513455,0.0,0.0
QSER1,0.19339487,0.0,0.0
QSOX1,0.14829536,0.0,0.0
QSOX2,0.12684874,0.0,0.0
QTRT1,0.18152946,0.0,0.0
QTRT2,0.13978167,0.0,0.0
R3HCC1,0.034521338,0.0,0.0
R3HCC1L,0.186967,0.0,0.0
R3HDM1,0.17698412,0.0,0.0
R3HDM2,0.14785786,0.0,0.0
R3HDM4,0.04201272,0.0,-1.0
RAB10,0.14407553,0.0,0.0
RAB11A,0.24825655,0.0,-1.0
RAB11B,0.2655952,0.0,0.0
RAB11FIP1,0.21463452,0.0,0.0
RAB11FIP2,0.29235598,0.0,0.0
RAB11FIP3,0.21731481,0.0,0.0
RAB11FIP4,0.21619087,0.0,0.0
RAB11FIP5,0.24720964,0.0,0.0
RAB12,0.1045026,0.0,0.0
RAB13,0.21211919,0.0,0.0
RAB14,0.22703579,0.0,-1.0
RAB17,0.12960285,0.0,0.0
RAB18,0.17621797,0.0,0.0
RAB1A,0.16928147,0.0,-1.0
RAB1B,0.106955975,0.0,0.0
RAB20,0.057039935,0.0,0.0
RAB21,0.20977224,0.0,0.0
RAB22A,0.17485012,0.0,0.0
RAB23,0.09512367,0.0,0.0
RAB25,0.31751415,0.0,0.0
RAB26,0.0423637,0.0,0.0
RAB27A,0.15052144,0.0,-1.0
RAB27B,0.09409185,0.0,-1.0
RAB29,0.13930272,0.0,0.0
RAB2A,0.16697799,0.0,0.0
RAB2B,0.14453222,0.0,0.0
RAB30,0.12206253,0.0,0.0
RAB31,0.17624699,0.0,-1.0
RAB32,0.15311556,0.0,0.0
RAB33A,0.13305816,0.0,0.0
RAB33B,0.20193864,0.0,0.0
RAB35,0.19033931,0.0,1.0
RAB37,0.18113875,0.0,0.0
RAB38,0.1680968,0.0,0.0
RAB39A,0.13029723,0.0,0.0
RAB39B,0.13856383,0.0,-1.0
RAB3A,0.17146857,0.0,0.0
RAB3B,0.2123796,0.0,0.0
RAB3C,0.17224737,0.0,0.0
RAB3D,0.24856731,0.0,0.0
RAB3GAP1,0.14334813,0.0,0.0
RAB3GAP2,0.18427005,0.0,0.0
RAB3IL1,0.16353986,0.0,0.0
RAB3IP,0.21999362,0.0,0.0
RAB40A,0.11508376,0.0,-1.0
RAB40AL,0.03917728,0.0,0.0
RAB40B,0.18625796,0.0,0.0
RAB40C,0.21980585,0.0,0.0
RAB41,0.13888937,0.0,0.0
RAB43,0.04852238,0.0,0.0
RAB4A,0.21321572,0.0,0.0
RAB4B,0.115781374,0.0,0.0
RAB5A,0.25651926,0.0,0.0
RAB5B,0.23445131,0.0,0.0
RAB5C,0.21222475,0.0,-1.0
RAB5IF,0.13370065,0.0,0.0
RAB6A,0.16455169,0.0,0.0
RAB6B,0.24134126,0.0,0.0
RAB6C,0.12117609,0.0,0.0
RAB7A,0.18686037,0.0,-1.0
RAB7B,0.1126309,0.0,0.0
RAB8A,0.2123416,0.0,-1.0
RAB8B,0.27964428,0.0,0.0
RAB9A,0.21607165,0.0,0.0
RAB9B,0.14116077,0.0,0.0
RABAC1,0.1617824,0.0,0.0
RABEP1,0.29295915,0.0,1.0
RABEP2,0.2093628,0.0,0.0
RABEPK,0.19258752,0.0,-1.0
RABGAP1,0.2764913,0.0,0.0
RABGEF1,0.276663,0.0,-1.0
RABGGTA,0.12339439,0.0,0.0
RABGGTB,0.12649311,0.0,-1.0
RABIF,0.20396465,0.0,-1.0
RABL2A,0.15793422,0.0,0.0
RABL2B,0.086566076,0.0,0.0
RABL3,0.039217785,0.0,0.0
RABL6,0.08565913,0.0,0.0
RAC1,0.51851827,1.0,1.0
RAC2,0.27295932,0.0,1.0
RAC3,0.28158545,0.0,-1.0
RACGAP1,0.37563017,0.0,-1.0
RACK1,0.41243464,0.0,-1.0
RAD1,0.18616764,0.0,-1.0
RAD17,0.21169913,0.0,1.0
RAD18,0.17112626,0.0,0.0
RAD21,0.16119477,0.0,1.0
RAD21L1,0.044758614,0.0,0.0
RAD23A,0.27593789,0.0,-1.0
RAD23B,0.25902843,0.0,-1.0
RAD50,0.3511553,0.0,1.0
RAD51,0.55884486,1.0,1.0
RAD51AP1,0.1192316,0.0,0.0
RAD51AP2,0.10408908,0.0,0.0
RAD51B,0.2305034,0.0,1.0
RAD51C,0.27249718,0.0,1.0
RAD51D,0.23367438,0.0,1.0
RAD52,0.2598925,0.0,-1.0
RAD54B,0.28575417,0.0,0.0
RAD54L,0.21742329,0.0,-1.0
RAD54L2,0.2579805,0.0,0.0
RAD9A,0.33185226,0.0,-1.0
RAD9B,0.086883076,0.0,0.0
RADIL,0.3342707,0.0,-1.0
RADX,0.15602522,0.0,0.0
RAE1,0.25835538,0.0,0.0
RAET1E,0.002407781,0.0,0.0
RAET1G,0.0038282243,0.0,0.0
RAF1,0.58738893,1.0,1.0
RAG1,0.3189573,0.0,-1.0
RAG2,0.17772643,0.0,-1.0
RAI1,0.35386005,0.0,-1.0
RAI14,0.1968658,0.0,0.0
RAI2,0.20408966,0.0,0.0
RALA,0.3412874,0.0,-1.0
RALB,0.20617275,0.0,-1.0
RALBP1,0.25876102,0.0,-1.0
RALGAPA1,0.20481859,0.0,-1.0
RALGAPA2,0.026952969,0.0,0.0
RALGAPB,0.06695587,0.0,0.0
RALGDS,0.17047794,0.0,-1.0
RALGPS1,0.07920105,0.0,0.0
RALGPS2,0.19866045,0.0,-1.0
RALY,0.22022142,0.0,-1.0
RALYL,0.18916877,0.0,-1.0
RAMAC,0.1476812,0.0,0.0
RAMP1,0.08556286,0.0,-1.0
RAMP2,0.10274012,0.0,0.0
RAMP3,0.11756899,0.0,0.0
RAN,0.35176688,0.0,-1.0
RANBP1,0.14162812,0.0,0.0
RANBP10,0.3056996,0.0,-1.0
RANBP17,0.15975493,0.0,-1.0
RANBP2,0.45265585,0.0,1.0
RANBP3,0.24321362,0.0,0.0
RANBP6,0.22161798,0.0,-1.0
RANBP9,0.42847574,0.0,-1.0
RANGAP1,0.20831315,0.0,0.0
RANGRF,0.07679147,0.0,0.0
RAP1A,0.47601673,0.0,-1.0
RAP1B,0.23882721,0.0,-1.0
RAP1GAP,0.17982085,0.0,-1.0
RAP1GAP2,0.14286813,0.0,0.0
RAP1GDS1,0.25955462,0.0,1.0
RAP2A,0.22319223,0.0,-1.0
RAP2B,0.20935038,0.0,-1.0
RAP2C,0.06523023,0.0,0.0
RAPGEF1,0.3412727,0.0,-1.0
RAPGEF2,0.38707262,0.0,0.0
RAPGEF3,0.25256628,0.0,-1.0
RAPGEF4,0.16246311,0.0,0.0
RAPGEF5,0.22301972,0.0,-1.0
RAPGEF6,0.36202425,0.0,0.0
RAPGEFL1,0.12582009,0.0,0.0
RAPH1,0.22800496,0.0,-1.0
RAPSN,0.17458825,0.0,-1.0
RARA,0.61397225,1.0,1.0
RARB,0.3437693,0.0,-1.0
RARG,0.2932671,0.0,-1.0
RARS1,0.19116575,0.0,0.0
RARS2,0.09090552,0.0,0.0
RASA1,0.6118767,1.0,1.0
RASA3,0.18062145,0.0,-1.0
RASA4,0.17409669,0.0,0.0
RASA4B,0.0706699,0.0,0.0
RASAL2,0.1632658,0.0,-1.0
RASAL3,0.2297702,0.0,0.0
RASD1,0.24726667,0.0,0.0
RASD2,0.29678,0.0,0.0
RASEF,0.089562885,0.0,0.0
RASGEF1C,0.09347499,0.0,-1.0
RASGRF1,0.26759073,0.0,-1.0
RASGRF2,0.21251611,0.0,-1.0
RASGRP1,0.19746085,0.0,-1.0
RASGRP2,0.27809766,0.0,-1.0
RASGRP3,0.25882468,0.0,-1.0
RASGRP4,0.1485275,0.0,-1.0
RASIP1,0.28078148,0.0,0.0
RASL10B,0.22118558,0.0,0.0
RASL11B,0.111317284,0.0,-1.0
RASL12,0.23117864,0.0,0.0
RASSF1,0.24521057,0.0,-1.0
RASSF2,0.28660825,0.0,-1.0
RASSF3,0.19875295,0.0,0.0
RASSF4,0.18135796,0.0,0.0
RASSF5,0.24830051,0.0,-1.0
RASSF6,0.18048632,0.0,-1.0
RASSF7,0.17697667,0.0,0.0
RASSF8,0.2513686,0.0,-1.0
RASSF9,0.11469511,0.0,0.0
RAVER1,0.24822626,0.0,-1.0
RAX,0.10380703,0.0,0.0
RAX2,0.06783275,0.0,-1.0
RB1,0.7203721,1.0,1.0
RB1CC1,0.5630244,1.0,-1.0
RBAK,0.19177087,0.0,0.0
RBBP4,0.30937916,0.0,-1.0
RBBP5,0.41632175,0.0,-1.0
RBBP6,0.2740609,0.0,-1.0
RBBP7,0.467804,0.0,-1.0
RBBP8,0.32707447,0.0,-1.0
RBBP9,0.09482496,0.0,0.0
RBCK1,0.17892137,0.0,0.0
RBFA,0.09830004,0.0,0.0
RBFOX1,0.17625259,0.0,-1.0
RBFOX2,0.20661177,0.0,0.0
RBIS,0.069272995,0.0,0.0
RBL1,0.28805715,0.0,-1.0
RBL2,0.27116352,0.0,-1.0
RBM10,0.24266696,0.0,1.0
RBM11,0.1983235,0.0,0.0
RBM12,0.21473892,0.0,-1.0
RBM12B,0.1627375,0.0,0.0
RBM14,0.23642133,0.0,0.0
RBM15,0.29004398,0.0,1.0
RBM15B,0.22518879,0.0,-1.0
RBM17,0.23819022,0.0,0.0
RBM18,0.06329049,0.0,0.0
RBM19,0.14408779,0.0,0.0
RBM22,0.16682892,0.0,0.0
RBM23,0.19408505,0.0,0.0
RBM24,0.049257465,0.0,0.0
RBM25,0.26080015,0.0,-1.0
RBM26,0.20493267,0.0,-1.0
RBM27,0.14138667,0.0,-1.0
RBM28,0.16149542,0.0,0.0
RBM3,0.17956369,0.0,0.0
RBM33,0.14927801,0.0,0.0
RBM34,0.05275953,0.0,-1.0
RBM38,0.039349902,0.0,0.0
RBM39,0.22143528,0.0,-1.0
RBM4,0.2165122,0.0,0.0
RBM41,0.16886148,0.0,0.0
RBM42,0.15211987,0.0,0.0
RBM43,0.10101437,0.0,0.0
RBM45,0.1664066,0.0,0.0
RBM48,0.32602596,0.0,0.0
RBM4B,0.18037917,0.0,0.0
RBM5,0.19344576,0.0,-1.0
RBM6,0.1853947,0.0,0.0
RBM7,0.19272693,0.0,-1.0
RBM8A,0.19987226,0.0,-1.0
RBMS1,0.16957514,0.0,0.0
RBMS2,0.12784317,0.0,0.0
RBMX,0.28866914,0.0,-1.0
RBMX2,0.16332681,0.0,-1.0
RBMXL2,0.101440445,0.0,0.0
RBMXL3,0.07916073,0.0,-1.0
RBMY1A1,0.12988418,0.0,0.0
RBMY1J,0.16390069,0.0,0.0
RBP2,0.25061527,0.0,0.0
RBP3,0.3537247,0.0,0.0
RBP4,0.21523291,0.0,0.0
RBP5,0.18028443,0.0,0.0
RBPJ,0.27376094,0.0,-1.0
RBPJL,0.11235263,0.0,0.0
RBPMS,0.26613334,0.0,0.0
RBPMS2,0.07890577,0.0,0.0
RBSN,0.16081774,0.0,0.0
RBX1,0.3617886,0.0,-1.0
RC3H1,0.14459129,0.0,0.0
RC3H2,0.19844928,0.0,0.0
RCAN1,0.16685599,0.0,0.0
RCAN2,0.13987239,0.0,-1.0
RCAN3,0.13847989,0.0,0.0
RCBTB1,0.14796376,0.0,0.0
RCBTB2,0.2275383,0.0,0.0
RCC1,0.3846896,0.0,-1.0
RCC1L,0.08787049,0.0,0.0
RCC2,0.21652913,0.0,-1.0
RCCD1,0.06507097,0.0,0.0
RCE1,0.05366524,0.0,0.0
RCHY1,0.101572536,0.0,-1.0
RCL1,0.16691494,0.0,-1.0
RCN1,0.22452739,0.0,0.0
RCN2,0.24176037,0.0,0.0
RCN3,0.211149,0.0,0.0
RCOR1,0.41413888,0.0,0.0
RCOR2,0.20182611,0.0,0.0
RCOR3,0.1958102,0.0,0.0
RCSD1,0.18997593,0.0,0.0
RCVRN,0.25275385,0.0,0.0
RD3,0.23489513,0.0,-1.0
RD3L,0.021631246,0.0,0.0
RDH10,0.04874056,0.0,0.0
RDH11,0.0842912,0.0,0.0
RDH12,0.07614507,0.0,-1.0
RDH13,0.08703704,0.0,0.0
RDH14,0.030682135,0.0,0.0
RDH5,0.12297803,0.0,0.0
RDM1,0.1566132,0.0,0.0
RDX,0.26093608,0.0,-1.0
REC8,0.26854452,0.0,0.0
RECK,0.18707466,0.0,-1.0
RECQL,0.21996579,0.0,1.0
RECQL4,0.23885489,0.0,1.0
RECQL5,0.21459487,0.0,-1.0
REEP1,0.178862,0.0,-1.0
REEP3,0.14392959,0.0,0.0
REEP4,0.16143131,0.0,0.0
REEP5,0.1107656,0.0,-1.0
REEP6,0.16918701,0.0,0.0
REG1A,0.26741222,0.0,-1.0
REG1B,0.12576976,0.0,0.0
REG3A,0.31629,0.0,-1.0
REL,0.20169978,0.0,1.0
RELA,0.5521224,1.0,-1.0
RELB,0.28638422,0.0,-1.0
RELCH,0.18350945,0.0,0.0
RELL1,0.027444288,0.0,0.0
RELL2,0.029410351,0.0,0.0
RELN,0.29987514,0.0,-1.0
RELT,0.06680362,0.0,0.0
REM1,0.2478108,0.0,-1.0
REN,0.14169213,0.0,-1.0
RENBP,0.1641203,0.0,0.0
REPIN1,0.28589907,0.0,0.0
REPS1,0.1403352,0.0,0.0
REPS2,0.120798506,0.0,-1.0
RER1,0.1464591,0.0,0.0
RERE,0.24965477,0.0,-1.0
RESF1,0.14817476,0.0,-1.0
REST,0.3057602,0.0,1.0
RET,0.3723164,0.0,1.0
RETN,0.09630929,0.0,0.0
RETREG1,0.07890566,0.0,0.0
RETREG2,0.11592814,0.0,0.0
RETREG3,0.09780547,0.0,0.0
RETSAT,0.1429414,0.0,0.0
REV1,0.14957985,0.0,0.0
REV3L,0.2538876,0.0,-1.0
REX1BD,0.16522177,0.0,0.0
REXO1,0.19699578,0.0,0.0
REXO2,0.14309253,0.0,0.0
REXO4,0.18855202,0.0,0.0
REXO5,0.057487853,0.0,0.0
RFC1,0.38302618,0.0,-1.0
RFC2,0.21425584,0.0,0.0
RFC3,0.21361646,0.0,-1.0
RFC4,0.29146764,0.0,-1.0
RFC5,0.16195716,0.0,-1.0
RFESD,0.06956892,0.0,0.0
RFFL,0.20062274,0.0,0.0
RFK,0.19576979,0.0,0.0
RFLNB,0.14920577,0.0,-1.0
RFPL3,0.059596878,0.0,0.0
RFPL4A,0.057245485,0.0,0.0
RFPL4B,0.0073367856,0.0,0.0
RFT1,0.049478333,0.0,-1.0
RFTN1,0.03824316,0.0,-1.0
RFWD3,0.17567205,0.0,1.0
RFX1,0.43899736,0.0,0.0
RFX2,0.17760397,0.0,-1.0
RFX3,0.20338972,0.0,0.0
RFX5,0.1873047,0.0,-1.0
RFX6,0.31644294,0.0,-1.0
RFXANK,0.18419378,0.0,-1.0
RFXAP,0.19006558,0.0,-1.0
RGCC,0.14221926,0.0,-1.0
RGL1,0.21970019,0.0,-1.0
RGL2,0.25944155,0.0,0.0
RGL4,0.2808794,0.0,0.0
RGMA,0.124628164,0.0,0.0
RGN,0.18263859,0.0,0.0
RGP1,0.10564197,0.0,0.0
RGPD1,0.11255775,0.0,0.0
RGPD2,0.11267324,0.0,0.0
RGPD3,0.25661224,0.0,1.0
RGPD4,0.20012012,0.0,0.0
RGPD6,0.15537743,0.0,0.0
RGPD8,0.09164949,0.0,0.0
RGR,0.08165148,0.0,-1.0
RGS1,0.18406911,0.0,-1.0
RGS10,0.15055314,0.0,0.0
RGS11,0.2311828,0.0,0.0
RGS12,0.3237388,0.0,-1.0
RGS13,0.15757799,0.0,0.0
RGS14,0.21141428,0.0,0.0
RGS16,0.17844902,0.0,0.0
RGS17,0.14394255,0.0,-1.0
RGS18,0.18561791,0.0,-1.0
RGS19,0.12384691,0.0,-1.0
RGS2,0.2500091,0.0,-1.0
RGS20,0.2644284,0.0,0.0
RGS22,0.27547628,0.0,0.0
RGS3,0.29979113,0.0,-1.0
RGS4,0.1618823,0.0,0.0
RGS5,0.17974867,0.0,0.0
RGS6,0.18746264,0.0,0.0
RGS7,0.2474777,0.0,1.0
RGS7BP,0.04045459,0.0,0.0
RGS8,0.07248666,0.0,0.0
RGS9,0.06579535,0.0,0.0
RGS9BP,0.106490664,0.0,0.0
RGSL1,0.16667841,0.0,0.0
RHAG,0.016393373,0.0,0.0
RHBDD1,0.06824391,0.0,0.0
RHBDD3,0.06841858,0.0,0.0
RHBDF1,0.13176107,0.0,0.0
RHBDL2,0.093159586,0.0,0.0
RHBDL3,0.1952057,0.0,0.0
RHBG,0.13517468,0.0,-1.0
RHEB,0.34646004,0.0,1.0
RHEBL1,0.26122057,0.0,0.0
RHNO1,0.13004865,0.0,0.0
RHO,0.116830245,0.0,-1.0
RHOA,0.45729527,0.0,1.0
RHOB,0.273747,0.0,-1.0
RHOBTB1,0.15493336,0.0,-1.0
RHOBTB2,0.30040354,0.0,-1.0
RHOBTB3,0.1818273,0.0,-1.0
RHOC,0.18437791,0.0,-1.0
RHOD,0.26362598,0.0,0.0
RHOF,0.06652175,0.0,-1.0
RHOG,0.17282838,0.0,-1.0
RHOH,0.17364147,0.0,1.0
RHOJ,0.30352044,0.0,0.0
RHOQ,0.21861717,0.0,0.0
RHOT1,0.25879538,0.0,0.0
RHOT2,0.18185428,0.0,0.0
RHOU,0.27126905,0.0,0.0
RHOV,0.17366692,0.0,0.0
RHOXF1,0.12516485,0.0,0.0
RHOXF2,0.1892332,0.0,0.0
RHPN1,0.15623046,0.0,0.0
RHPN2,0.25746322,0.0,-1.0
RIBC1,0.13614957,0.0,0.0
RIBC2,0.23396719,0.0,0.0
RIC8A,0.22584516,0.0,0.0
RIC8B,0.17876461,0.0,0.0
RICTOR,0.33163908,0.0,1.0
RIDA,0.12086192,0.0,0.0
RIF1,0.40989286,0.0,0.0
RILP,0.10446338,0.0,0.0
RILPL1,0.036297377,0.0,0.0
RILPL2,0.12552884,0.0,0.0
RIMBP2,0.1950031,0.0,-1.0
RIMBP3,0.17560312,0.0,0.0
RIMBP3C,0.015715018,0.0,0.0
RIMKLA,0.028279422,0.0,0.0
RIMKLB,0.16707732,0.0,0.0
RIMOC1,0.04201272,0.0,0.0
RIMS1,0.460921,0.0,-1.0
RIMS2,0.40581384,0.0,-1.0
RIMS3,0.13600494,0.0,0.0
RIMS4,0.17029373,0.0,0.0
RIN1,0.30143273,0.0,0.0
RIN2,0.25111076,0.0,0.0
RIN3,0.33269235,0.0,0.0
RING1,0.36032897,0.0,0.0
RINT1,0.24545215,0.0,0.0
RIOK1,0.13957565,0.0,0.0
RIOK2,0.1827197,0.0,-1.0
RIOK3,0.22119947,0.0,0.0
RIOX1,0.10463225,0.0,0.0
RIOX2,0.06014844,0.0,-1.0
RIPK1,0.38338956,0.0,-1.0
RIPK2,0.3347038,0.0,-1.0
RIPK3,0.3168505,0.0,0.0
RIPK4,0.17714432,0.0,0.0
RIPOR1,0.07599007,0.0,-1.0
RIPOR2,0.24146266,0.0,-1.0
RIPPLY1,0.13141318,0.0,0.0
RIPPLY2,0.08107264,0.0,0.0
RIT1,0.19852076,0.0,1.0
RIT2,0.321889,0.0,-1.0
RITA1,0.19902204,0.0,0.0
RLBP1,0.15194197,0.0,-1.0
RLF,0.25415426,0.0,-1.0
RLIM,0.34438178,0.0,-1.0
RLN1,0.04232643,0.0,0.0
RLN3,0.009754083,0.0,0.0
RMC1,0.17461245,0.0,0.0
RMDN1,0.07224692,0.0,-1.0
RMDN2,0.12293392,0.0,0.0
RMDN3,0.18812549,0.0,0.0
RMI1,0.2566103,0.0,0.0
RMI2,0.17143844,0.0,1.0
RMND1,0.07987093,0.0,0.0
RMND5A,0.15541232,0.0,0.0
RMND5B,0.14694124,0.0,-1.0
RNASE1,0.18982096,0.0,0.0
RNASE11,0.055814732,0.0,-1.0
RNASE2,0.19869734,0.0,0.0
RNASE3,0.10572013,0.0,0.0
RNASE4,0.09345074,0.0,-1.0
RNASE6,0.088682875,0.0,0.0
RNASE7,0.1915276,0.0,0.0
RNASEH1,0.11503138,0.0,0.0
RNASEH2A,0.11066276,0.0,0.0
RNASEH2C,0.09555773,0.0,0.0
RNASEK,0.022050094,0.0,0.0
RNASEL,0.1692013,0.0,-1.0
RNASET2,0.131519,0.0,-1.0
RND1,0.26125285,0.0,0.0
RND2,0.15915154,0.0,0.0
RND3,0.2136329,0.0,-1.0
RNF10,0.19246857,0.0,0.0
RNF103,0.14804743,0.0,-1.0
RNF103-CHMP3,0.19948636,0.0,0.0
RNF11,0.2615095,0.0,-1.0
RNF111,0.23611175,0.0,-1.0
RNF112,0.04081073,0.0,0.0
RNF113A,0.1510812,0.0,0.0
RNF113B,0.10885697,0.0,0.0
RNF114,0.116881184,0.0,0.0
RNF115,0.17032415,0.0,0.0
RNF121,0.0752679,0.0,0.0
RNF122,0.16031532,0.0,0.0
RNF123,0.2482334,0.0,0.0
RNF125,0.18762647,0.0,0.0
RNF126,0.16981754,0.0,0.0
RNF128,0.20394212,0.0,0.0
RNF13,0.15810868,0.0,0.0
RNF130,0.16846646,0.0,0.0
RNF133,0.15259452,0.0,0.0
RNF135,0.19295037,0.0,0.0
RNF138,0.15912336,0.0,0.0
RNF139,0.13487706,0.0,-1.0
RNF14,0.17947744,0.0,0.0
RNF141,0.13143529,0.0,0.0
RNF144A,0.21907009,0.0,0.0
RNF144B,0.23685096,0.0,-1.0
RNF146,0.1125958,0.0,-1.0
RNF149,0.12196272,0.0,0.0
RNF150,0.14309971,0.0,0.0
RNF151,0.060101658,0.0,0.0
RNF152,0.103593126,0.0,0.0
RNF157,0.06510423,0.0,-1.0
RNF165,0.21349692,0.0,0.0
RNF166,0.14070265,0.0,0.0
RNF167,0.18924022,0.0,0.0
RNF168,0.28119192,0.0,-1.0
RNF169,0.15228838,0.0,0.0
RNF17,0.121536955,0.0,0.0
RNF170,0.11534967,0.0,0.0
RNF175,0.054241925,0.0,0.0
RNF181,0.11718071,0.0,0.0
RNF182,0.16067761,0.0,0.0
RNF183,0.12723279,0.0,0.0
RNF185,0.16574375,0.0,-1.0
RNF186,0.096924804,0.0,-1.0
RNF187,0.14834212,0.0,0.0
RNF19A,0.18356161,0.0,0.0
RNF19B,0.055741582,0.0,0.0
RNF2,0.33001864,0.0,0.0
RNF20,0.3490003,0.0,-1.0
RNF208,0.14231117,0.0,0.0
RNF213,0.2521871,0.0,1.0
RNF214,0.13897619,0.0,0.0
RNF216,0.079410024,0.0,-1.0
RNF217,0.11035748,0.0,-1.0
RNF220,0.17558278,0.0,-1.0
RNF222,0.012949982,0.0,0.0
RNF24,0.097389266,0.0,0.0
RNF25,0.14550228,0.0,0.0
RNF26,0.10392296,0.0,-1.0
RNF31,0.25595567,0.0,0.0
RNF32,0.36738178,0.0,0.0
RNF34,0.20692608,0.0,0.0
RNF38,0.12806019,0.0,0.0
RNF4,0.25203723,0.0,-1.0
RNF40,0.24519241,0.0,-1.0
RNF41,0.11306057,0.0,0.0
RNF43,0.20988399,0.0,1.0
RNF44,0.00572452,0.0,0.0
RNF5,0.09695197,0.0,0.0
RNF6,0.15190755,0.0,-1.0
RNF7,0.13825221,0.0,-1.0
RNF8,0.28813753,0.0,0.0
RNFT1,0.13330027,0.0,-1.0
RNGTT,0.23555246,0.0,0.0
RNH1,0.26709136,0.0,0.0
RNLS,0.16094634,0.0,0.0
RNMT,0.15145749,0.0,0.0
RNPC3,0.16108419,0.0,0.0
RNPEP,0.1727425,0.0,0.0
RNPEPL1,0.055048894,0.0,0.0
RNPS1,0.20328785,0.0,0.0
RO60,0.1973795,0.0,-1.0
ROBO1,0.29396823,0.0,1.0
ROBO2,0.16832498,0.0,1.0
ROBO3,0.1671778,0.0,-1.0
ROBO4,0.2818472,0.0,0.0
ROCK1,0.3498844,0.0,-1.0
ROCK2,0.23693404,0.0,-1.0
ROGDI,0.14538814,0.0,0.0
ROM1,0.1492307,0.0,-1.0
ROPN1,0.08319695,0.0,0.0
ROPN1B,0.010220616,0.0,0.0
ROPN1L,0.12790978,0.0,0.0
ROR1,0.29652038,0.0,-1.0
ROR2,0.26982015,0.0,-1.0
RORA,0.25671518,0.0,0.0
RORB,0.27411327,0.0,0.0
RORC,0.33898428,0.0,-1.0
ROS1,0.2343546,0.0,1.0
RP1,0.13071136,0.0,-1.0
RP2,0.16770442,0.0,-1.0
RP9,0.041308068,0.0,-1.0
RPA1,0.46873903,0.0,-1.0
RPA2,0.42858744,0.0,-1.0
RPA3,0.444858,0.0,-1.0
RPA4,0.20910774,0.0,0.0
RPAIN,0.078508355,0.0,-1.0
RPAP1,0.2452166,0.0,0.0
RPAP2,0.22359021,0.0,0.0
RPAP3,0.17209987,0.0,0.0
RPE,0.100359,0.0,-1.0
RPE65,0.114415444,0.0,-1.0
RPF1,0.10544458,0.0,0.0
RPF2,0.19662951,0.0,0.0
RPGR,0.19773787,0.0,-1.0
RPGRIP1,0.21019697,0.0,-1.0
RPGRIP1L,0.117284365,0.0,-1.0
RPH3A,0.17241387,0.0,-1.0
RPH3AL,0.10514432,0.0,-1.0
RPIA,0.17035243,0.0,-1.0
RPL10,0.1733293,0.0,1.0
RPL10A,0.1524368,0.0,0.0
RPL10L,0.11399838,0.0,0.0
RPL11,0.13155405,0.0,-1.0
RPL12,0.13866511,0.0,0.0
RPL13,0.22319221,0.0,0.0
RPL13A,0.20396282,0.0,-1.0
RPL14,0.14734447,0.0,0.0
RPL15,0.14634642,0.0,0.0
RPL17,0.1579732,0.0,0.0
RPL17-C18orf32,0.12794523,0.0,0.0
RPL18,0.15816338,0.0,0.0
RPL18A,0.16516015,0.0,-1.0
RPL19,0.13865492,0.0,0.0
RPL21,0.15583554,0.0,0.0
RPL22,0.16054338,0.0,1.0
RPL22L1,0.13608597,0.0,0.0
RPL23,0.1722929,0.0,0.0
RPL23A,0.15201585,0.0,0.0
RPL24,0.14232059,0.0,0.0
RPL26,0.15849279,0.0,-1.0
RPL26L1,0.17237417,0.0,0.0
RPL27,0.14539741,0.0,0.0
RPL27A,0.1349799,0.0,0.0
RPL28,0.16766317,0.0,-1.0
RPL29,0.14608134,0.0,-1.0
RPL3,0.18861343,0.0,0.0
RPL30,0.13287522,0.0,0.0
RPL31,0.18326785,0.0,-1.0
RPL32,0.12058769,0.0,0.0
RPL34,0.18567176,0.0,-1.0
RPL35,0.16299655,0.0,0.0
RPL35A,0.16536,0.0,-1.0
RPL36,0.121313855,0.0,0.0
RPL36A,0.21371558,0.0,0.0
RPL36A-HNRNPH2,0.03608492,0.0,0.0
RPL36AL,0.14468305,0.0,0.0
RPL37,0.20447591,0.0,0.0
RPL37A,0.13095266,0.0,0.0
RPL38,0.16595809,0.0,0.0
RPL39,0.10525856,0.0,0.0
RPL39L,0.09851486,0.0,0.0
RPL3L,0.10014478,0.0,0.0
RPL4,0.15061392,0.0,0.0
RPL41,0.19228205,0.0,0.0
RPL5,0.1808613,0.0,1.0
RPL6,0.15671836,0.0,0.0
RPL7,0.17097524,0.0,0.0
RPL7A,0.14893706,0.0,0.0
RPL7L1,0.18733901,0.0,0.0
RPL8,0.121431455,0.0,0.0
RPL9,0.117011,0.0,0.0
RPLP0,0.19135194,0.0,0.0
RPLP1,0.15684828,0.0,0.0
RPLP2,0.1792186,0.0,0.0
RPN1,0.1994879,0.0,1.0
RPN2,0.23593654,0.0,0.0
RPP14,0.0977618,0.0,0.0
RPP21,0.055523776,0.0,0.0
RPP25,0.08067471,0.0,0.0
RPP25L,0.15766461,0.0,0.0
RPP30,0.13455431,0.0,0.0
RPP38,0.13413842,0.0,-1.0
RPP40,0.06528134,0.0,0.0
RPRD1A,0.16466053,0.0,0.0
RPRD1B,0.17795318,0.0,-1.0
RPRD2,0.1926862,0.0,0.0
RPRM,0.11577671,0.0,-1.0
RPS10,0.15161863,0.0,-1.0
RPS10-NUDT3,0.06095087,0.0,0.0
RPS11,0.13728642,0.0,0.0
RPS12,0.13515651,0.0,0.0
RPS13,0.13834174,0.0,-1.0
RPS14,0.18245807,0.0,0.0
RPS15,0.1290804,0.0,-1.0
RPS15A,0.13475119,0.0,0.0
RPS16,0.15593892,0.0,0.0
RPS17,0.13556777,0.0,-1.0
RPS18,0.14198543,0.0,0.0
RPS19,0.13925497,0.0,-1.0
RPS19BP1,0.14163195,0.0,0.0
RPS2,0.15708447,0.0,-1.0
RPS20,0.21053483,0.0,0.0
RPS21,0.11636843,0.0,0.0
RPS23,0.1288827,0.0,0.0
RPS24,0.13604827,0.0,-1.0
RPS25,0.13197574,0.0,0.0
RPS26,0.11484708,0.0,-1.0
RPS27,0.15153119,0.0,-1.0
RPS27A,0.15262215,0.0,-1.0
RPS27L,0.13236147,0.0,0.0
RPS28,0.10599568,0.0,0.0
RPS29,0.15030149,0.0,0.0
RPS3,0.181529,0.0,0.0
RPS3A,0.17580652,0.0,-1.0
RPS4X,0.16264541,0.0,0.0
RPS4Y1,0.14041004,0.0,0.0
RPS4Y2,0.042394545,0.0,0.0
RPS5,0.16412781,0.0,0.0
RPS6,0.19267473,0.0,-1.0
RPS6KA1,0.37488842,0.0,-1.0
RPS6KA2,0.29970026,0.0,0.0
RPS6KA3,0.32812053,0.0,-1.0
RPS6KA4,0.17902502,0.0,1.0
RPS6KA5,0.22320358,0.0,-1.0
RPS6KA6,0.24312724,0.0,-1.0
RPS6KB1,0.4656434,0.0,-1.0
RPS6KB2,0.31452814,0.0,1.0
RPS6KC1,0.18470599,0.0,0.0
RPS6KL1,0.030180136,0.0,0.0
RPS7,0.1666535,0.0,-1.0
RPS8,0.14324029,0.0,0.0
RPS9,0.15335532,0.0,0.0
RPSA,0.1070946,0.0,0.0
RPTN,0.089535154,0.0,0.0
RPTOR,0.37426105,0.0,1.0
RPUSD1,0.13253896,0.0,0.0
RPUSD2,0.15893063,0.0,0.0
RPUSD3,0.033398982,0.0,0.0
RRAD,0.17392434,0.0,-1.0
RRAGA,0.13834962,0.0,0.0
RRAGB,0.16583596,0.0,0.0
RRAGC,0.1478496,0.0,1.0
RRAGD,0.14645141,0.0,0.0
RRAS,0.26957014,0.0,1.0
RRAS2,0.21010178,0.0,1.0
RRBP1,0.25650537,0.0,0.0
RREB1,0.20430365,0.0,-1.0
RRM1,0.1921692,0.0,-1.0
RRM2,0.2536514,0.0,-1.0
RRM2B,0.2412411,0.0,-1.0
RRN3,0.24721806,0.0,0.0
RRP1,0.140366,0.0,0.0
RRP12,0.20919575,0.0,0.0
RRP15,0.17031571,0.0,0.0
RRP1B,0.18753602,0.0,0.0
RRP36,0.08620541,0.0,0.0
RRP7A,0.23612763,0.0,0.0
RRP8,0.17675425,0.0,0.0
RRP9,0.17428866,0.0,-1.0
RRS1,0.18858516,0.0,-1.0
RSAD2,0.088847324,0.0,0.0
RSBN1,0.17853944,0.0,-1.0
RSBN1L,0.16507122,0.0,-1.0
RSC1A1,0.06567568,0.0,0.0
RSF1,0.28562018,0.0,-1.0
RSL1D1,0.19497587,0.0,-1.0
RSL24D1,0.11430284,0.0,0.0
RSPH1,0.043030057,0.0,-1.0
RSPH14,0.14723149,0.0,-1.0
RSPH3,0.16381718,0.0,0.0
RSPH9,0.112641454,0.0,-1.0
RSPO1,0.0758489,0.0,-1.0
RSPO2,0.1739957,0.0,1.0
RSPO3,0.096233055,0.0,1.0
RSPO4,0.056622315,0.0,0.0
RSPRY1,0.094375506,0.0,0.0
RSRC1,0.19609074,0.0,0.0
RSRC2,0.16518587,0.0,0.0
RSRP1,0.15471505,0.0,-1.0
RSU1,0.18849832,0.0,0.0
RTCA,0.15422955,0.0,-1.0
RTCB,0.17912486,0.0,0.0
RTEL1,0.15641409,0.0,1.0
RTF1,0.24935965,0.0,0.0
RTF2,0.09764452,0.0,-1.0
RTKN,0.21089673,0.0,0.0
RTKN2,0.1398924,0.0,0.0
RTL6,0.10523178,0.0,-1.0
RTL8A,0.13064909,0.0,0.0
RTL8B,0.13443775,0.0,0.0
RTL8C,0.10823029,0.0,0.0
RTL9,0.1484094,0.0,-1.0
RTN1,0.19803001,0.0,0.0
RTN3,0.2080453,0.0,0.0
RTN4,0.21721782,0.0,-1.0
RTN4IP1,0.16117592,0.0,-1.0
RTN4R,0.087829284,0.0,0.0
RTN4RL1,0.049832795,0.0,0.0
RTN4RL2,0.059082072,0.0,0.0
RTP2,0.034135714,0.0,0.0
RTP5,0.15847456,0.0,0.0
RTRAF,0.18718863,0.0,0.0
RTTN,0.06999978,0.0,-1.0
RUBCN,0.055453364,0.0,0.0
RUBCNL,0.11580709,0.0,0.0
RUFY1,0.11725114,0.0,-1.0
RUFY2,0.20882772,0.0,0.0
RUFY3,0.05077677,0.0,0.0
RUFY4,0.14584959,0.0,0.0
RUNDC1,0.09226523,0.0,0.0
RUNDC3A,0.1877637,0.0,0.0
RUNDC3B,0.13054211,0.0,0.0
RUNX1,0.49464327,0.0,1.0
RUNX1T1,0.32032326,0.0,1.0
RUNX2,0.5130347,1.0,-1.0
RUNX3,0.377528,0.0,-1.0
RUSC1,0.19522324,0.0,0.0
RUSC2,0.20133156,0.0,-1.0
RUSF1,0.08745294,0.0,0.0
RUVBL1,0.3959929,0.0,-1.0
RUVBL2,0.35604262,0.0,-1.0
RWDD1,0.16134891,0.0,0.0
RWDD2B,0.16329977,0.0,0.0
RWDD3,0.19722892,0.0,0.0
RWDD4,0.13228244,0.0,0.0
RXFP1,0.060544737,0.0,0.0
RXFP3,0.005854014,0.0,-1.0
RXFP4,0.11866108,0.0,0.0
RXRA,0.5746768,1.0,-1.0
RXRB,0.28346306,0.0,-1.0
RXRG,0.38651392,0.0,-1.0
RXYLT1,0.024414258,0.0,0.0
RYBP,0.29302585,0.0,1.0
RYK,0.27837545,0.0,-1.0
RYR1,0.32271564,0.0,-1.0
RYR2,0.5349104,1.0,-1.0
RYR3,0.30685163,0.0,-1.0
S100A1,0.2549275,0.0,-1.0
S100A10,0.16590248,0.0,-1.0
S100A11,0.15824662,0.0,0.0
S100A13,0.18657297,0.0,-1.0
S100A14,0.23125169,0.0,-1.0
S100A16,0.20466404,0.0,0.0
S100A2,0.21745266,0.0,-1.0
S100A3,0.12466894,0.0,0.0
S100A4,0.3048147,0.0,-1.0
S100A5,0.06477975,0.0,0.0
S100A6,0.21142732,0.0,-1.0
S100A7,0.24496157,0.0,1.0
S100A8,0.2836258,0.0,-1.0
S100A9,0.30902028,0.0,-1.0
S100B,0.17576894,0.0,-1.0
S100G,0.07878136,0.0,0.0
S100P,0.12955526,0.0,-1.0
S100PBP,0.080548264,0.0,-1.0
S100Z,0.02337669,0.0,0.0
S1PR1,0.19054167,0.0,-1.0
S1PR2,0.23445971,0.0,-1.0
S1PR3,0.18762034,0.0,0.0
S1PR4,0.22170551,0.0,-1.0
S1PR5,0.099942826,0.0,0.0
SAA1,0.17992504,0.0,-1.0
SAA2,0.07893331,0.0,-1.0
SAA4,0.04509223,0.0,0.0
SAAL1,0.19359937,0.0,0.0
SAC3D1,0.11696897,0.0,0.0
SACM1L,0.15008111,0.0,0.0
SACS,0.24082708,0.0,-1.0
SAE1,0.114340775,0.0,0.0
SAFB,0.210341,0.0,0.0
SAFB2,0.2859547,0.0,0.0
SAG,0.075657174,0.0,-1.0
SALL1,0.24543601,0.0,-1.0
SALL2,0.22002053,0.0,0.0
SALL3,0.32111675,0.0,-1.0
SALL4,0.307063,0.0,1.0
SAMD1,0.0953269,0.0,0.0
SAMD3,0.22462443,0.0,0.0
SAMD4A,0.2109997,0.0,0.0
SAMD4B,0.22195949,0.0,0.0
SAMD8,0.0771027,0.0,0.0
SAMD9,0.19708043,0.0,0.0
SAMD9L,0.13666871,0.0,-1.0
SAMHD1,0.24875288,0.0,1.0
SAMM50,0.119548984,0.0,-1.0
SAMSN1,0.29520297,0.0,0.0
SANBR,0.13661182,0.0,0.0
SAP130,0.370569,0.0,0.0
SAP18,0.3331357,0.0,0.0
SAP25,0.2697511,0.0,0.0
SAP30,0.3803141,0.0,-1.0
SAP30BP,0.24013206,0.0,0.0
SAP30L,0.052877344,0.0,0.0
SAPCD1,0.03501571,0.0,0.0
SAR1A,0.1595821,0.0,0.0
SAR1B,0.025125777,0.0,-1.0
SARAF,0.15556441,0.0,0.0
SARDH,0.17049992,0.0,0.0
SARM1,0.1431168,0.0,0.0
SARNP,0.15773778,0.0,-1.0
SARS2,0.23321116,0.0,0.0
SART1,0.24022563,0.0,0.0
SART3,0.2611425,0.0,-1.0
SASH1,0.29354915,0.0,-1.0
SASH3,0.19866212,0.0,0.0
SASS6,0.19502395,0.0,0.0
SAT1,0.18394375,0.0,0.0
SAT2,0.108036764,0.0,0.0
SATB1,0.42488682,0.0,-1.0
SATB2,0.2951593,0.0,-1.0
SAV1,0.3085847,0.0,-1.0
SAXO1,0.20513856,0.0,0.0
SBDS,0.1444314,0.0,1.0
SBF1,0.28208017,0.0,0.0
SBF2,0.2142348,0.0,-1.0
SBK1,0.10712025,0.0,0.0
SBNO2,0.15244484,0.0,0.0
SBSN,0.13730803,0.0,-1.0
SC5D,0.04201272,0.0,0.0
SCAF1,0.12933515,0.0,-1.0
SCAF11,0.18514426,0.0,0.0
SCAF4,0.05404453,0.0,-1.0
SCAF8,0.13255773,0.0,0.0
SCAMP1,0.14501837,0.0,0.0
SCAMP2,0.13932827,0.0,0.0
SCAMP3,0.19824763,0.0,0.0
SCAMP4,0.13318305,0.0,-1.0
SCAMP5,0.092094086,0.0,0.0
SCAND1,0.078895964,0.0,0.0
SCAP,0.15005718,0.0,0.0
SCAPER,0.23006451,0.0,-1.0
SCARA3,0.072461925,0.0,0.0
SCARA5,0.0086806705,0.0,0.0
SCARB1,0.11852011,0.0,-1.0
SCARB2,0.22642477,0.0,-1.0
SCARF2,0.24071573,0.0,0.0
SCCPDH,0.0941573,0.0,0.0
SCD,0.206562,0.0,-1.0
SCEL,0.1685321,0.0,0.0
SCFD1,0.1583189,0.0,0.0
SCFD2,0.09369933,0.0,0.0
SCG2,0.19556482,0.0,0.0
SCG3,0.21359742,0.0,0.0
SCG5,0.17945592,0.0,1.0
SCGB1A1,0.1789304,0.0,0.0
SCGB1D1,0.015510368,0.0,0.0
SCGB1D2,0.0589255,0.0,0.0
SCGB2A1,0.023077795,0.0,0.0
SCGB2A2,0.12050992,0.0,0.0
SCGB3A1,0.074038155,0.0,0.0
SCGB3A2,0.0008520411,0.0,0.0
SCGN,0.07161078,0.0,0.0
SCHIP1,0.3481309,0.0,0.0
SCIMP,0.074080564,0.0,0.0
SCIN,0.1478161,0.0,-1.0
SCLT1,0.21340548,0.0,-1.0
SCLY,0.15282536,0.0,0.0
SCMH1,0.26767528,0.0,0.0
SCML1,0.15219754,0.0,0.0
SCML2,0.21484841,0.0,0.0
SCN10A,0.24171138,0.0,-1.0
SCN1B,6.882391e-06,0.0,-1.0
SCN2A,0.22897495,0.0,-1.0
SCN2B,6.882391e-06,0.0,0.0
SCN3A,0.22026633,0.0,-1.0
SCN4A,0.252227,0.0,-1.0
SCN5A,0.3062677,0.0,-1.0
SCN8A,0.2408914,0.0,0.0
SCNN1A,0.22311385,0.0,-1.0
SCNN1B,0.23914711,0.0,-1.0
SCNN1D,0.14288142,0.0,0.0
SCNN1G,0.2183321,0.0,-1.0
SCO1,0.10684967,0.0,-1.0
SCO2,0.17837788,0.0,-1.0
SCOC,0.2206675,0.0,0.0
SCP2,0.12880433,0.0,0.0
SCPEP1,0.15400541,0.0,0.0
SCRG1,0.006888946,0.0,0.0
SCRIB,0.26694945,0.0,0.0
SCRN1,0.1499014,0.0,0.0
SCRN2,0.14208186,0.0,0.0
SCRN3,0.07524686,0.0,0.0
SCT,0.106655225,0.0,0.0
SCTR,0.18161038,0.0,0.0
SCUBE1,0.0500345,0.0,0.0
SCUBE2,0.03247798,0.0,0.0
SCUBE3,0.11007084,0.0,-1.0
SCX,0.19278955,0.0,0.0
SCYL1,0.19769439,0.0,-1.0
SCYL2,0.24213901,0.0,-1.0
SCYL3,0.23539889,0.0,0.0
SDAD1,0.16278875,0.0,0.0
SDC1,0.21528615,0.0,-1.0
SDC2,0.44094712,0.0,-1.0
SDC3,0.26418498,0.0,-1.0
SDC4,0.24847603,0.0,1.0
SDCBP,0.2526107,0.0,-1.0
SDCBP2,0.08194016,0.0,0.0
SDCCAG8,0.19922598,0.0,-1.0
SDE2,0.10438066,0.0,-1.0
SDF2,0.13111825,0.0,0.0
SDF2L1,0.12244762,0.0,0.0
SDF4,0.2196199,0.0,-1.0
SDHA,0.18178467,0.0,1.0
SDHAF2,0.16695383,0.0,1.0
SDHB,0.123543225,0.0,1.0
SDHC,0.1512472,0.0,1.0
SDK1,0.1335035,0.0,-1.0
SDK2,0.20439948,0.0,-1.0
SDR16C5,0.07607221,0.0,0.0
SDR42E1,0.12657285,0.0,0.0
SDSL,0.09799801,0.0,0.0
SEC11A,0.1362824,0.0,0.0
SEC11C,0.03897525,0.0,0.0
SEC13,0.1700201,0.0,0.0
SEC14L2,0.09759074,0.0,0.0
SEC14L4,0.1307488,0.0,0.0
SEC16A,0.27267465,0.0,-1.0
SEC16B,0.060304765,0.0,0.0
SEC22A,0.06481016,0.0,0.0
SEC22B,0.18309428,0.0,0.0
SEC22C,0.09228481,0.0,0.0
SEC23A,0.19289087,0.0,0.0
SEC23B,0.1212649,0.0,-1.0
SEC23IP,0.10408535,0.0,0.0
SEC24A,0.17080873,0.0,0.0
SEC24B,0.14153486,0.0,0.0
SEC24C,0.18556939,0.0,0.0
SEC24D,0.18152882,0.0,0.0
SEC31A,0.2575343,0.0,-1.0
SEC31B,0.16778544,0.0,0.0
SEC61A1,0.25917315,0.0,0.0
SEC61A2,0.1642576,0.0,0.0
SEC61B,0.14221364,0.0,0.0
SEC61G,0.08908572,0.0,-1.0
SEC62,0.21108529,0.0,0.0
SEC63,0.15683185,0.0,-1.0
SECISBP2,0.26889354,0.0,0.0
SECISBP2L,0.27605098,0.0,0.0
SECTM1,0.07820126,0.0,0.0
SEH1L,0.22325769,0.0,0.0
SEL1L,0.23174267,0.0,-1.0
SEL1L2,0.06702567,0.0,0.0
SEL1L3,0.15390323,0.0,0.0
SELE,0.3151467,0.0,-1.0
SELENBP1,0.26099366,0.0,0.0
SELENOF,0.15688504,0.0,-1.0
SELENOH,0.04201272,0.0,0.0
SELENOI,0.11672365,0.0,0.0
SELENOK,0.10265643,0.0,0.0
SELENOM,0.08016756,0.0,0.0
SELENON,0.25273657,0.0,-1.0
SELENOO,0.04201272,0.0,0.0
SELENOP,0.1760699,0.0,-1.0
SELENOS,0.15010788,0.0,0.0
SELENOT,0.10832159,0.0,0.0
SELENOV,0.11218692,0.0,0.0
SELL,0.12327297,0.0,0.0
SELP,0.30467469,0.0,-1.0
SELPLG,0.25640616,0.0,0.0
SEM1,0.19908276,0.0,0.0
SEMA3A,0.23543704,0.0,-1.0
SEMA3B,0.15052158,0.0,-1.0
SEMA3C,0.2407251,0.0,-1.0
SEMA3E,0.1980002,0.0,-1.0
SEMA3F,0.1524778,0.0,-1.0
SEMA4A,0.24092254,0.0,-1.0
SEMA4B,0.19773929,0.0,-1.0
SEMA4C,0.1773341,0.0,0.0
SEMA4D,0.21876948,0.0,-1.0
SEMA4F,0.25079978,0.0,0.0
SEMA4G,0.1831519,0.0,0.0
SEMA5A,0.12470716,0.0,-1.0
SEMA5B,0.18635783,0.0,-1.0
SEMA6A,0.22969808,0.0,-1.0
SEMA7A,0.31573597,0.0,0.0
SEMG1,0.12800398,0.0,-1.0
SEMG2,0.13211958,0.0,-1.0
SENP1,0.104213834,0.0,0.0
SENP2,0.17225347,0.0,-1.0
SENP3,0.3161142,0.0,0.0
SENP5,0.17268078,0.0,0.0
SENP6,0.2309195,0.0,0.0
SENP7,0.100760765,0.0,0.0
SENP8,0.19126248,0.0,0.0
SEPHS1,0.18008775,0.0,0.0
SEPHS2,0.12518227,0.0,0.0
SEPSECS,0.09704718,0.0,0.0
SEPTIN1,0.15146984,0.0,0.0
SEPTIN10,0.11110976,0.0,0.0
SEPTIN11,0.18137483,0.0,-1.0
SEPTIN12,0.20273903,0.0,-1.0
SEPTIN14,0.09129454,0.0,0.0
SEPTIN2,0.2053411,0.0,-1.0
SEPTIN3,0.16092595,0.0,0.0
SEPTIN4,0.13488892,0.0,0.0
SEPTIN5,0.12733047,0.0,-1.0
SEPTIN6,0.17919892,0.0,-1.0
SEPTIN7,0.07851134,0.0,-1.0
SEPTIN8,0.15927164,0.0,0.0
SEPTIN9,0.16132306,0.0,-1.0
SERBP1,0.27560112,0.0,-1.0
SERF1B,0.10699881,0.0,0.0
SERF2,0.17097583,0.0,0.0
SERGEF,0.072305374,0.0,0.0
SERHL2,0.091970555,0.0,-1.0
SERINC1,0.12910616,0.0,0.0
SERINC3,0.15938438,0.0,-1.0
SERP1,0.13580081,0.0,0.0
SERP2,0.12792148,0.0,-1.0
SERPINA1,0.059922103,0.0,-1.0
SERPINA10,0.14281364,0.0,0.0
SERPINA12,0.028646195,0.0,-1.0
SERPINA2,0.073328495,0.0,0.0
SERPINA3,0.061314546,0.0,0.0
SERPINA4,0.10591697,0.0,-1.0
SERPINA5,0.026091922,0.0,0.0
SERPINA6,0.049680967,0.0,0.0
SERPINA7,0.1102663,0.0,0.0
SERPINB1,0.110346764,0.0,-1.0
SERPINB10,0.076815695,0.0,0.0
SERPINB12,0.20517915,0.0,0.0
SERPINB13,0.10438301,0.0,-1.0
SERPINB2,0.2037424,0.0,-1.0
SERPINB3,0.26808134,0.0,1.0
SERPINB4,0.25396287,0.0,-1.0
SERPINB5,0.28656438,0.0,-1.0
SERPINB9,0.2739758,0.0,0.0
SERPINC1,0.17668791,0.0,-1.0
SERPIND1,0.11750572,0.0,0.0
SERPINE1,0.19063993,0.0,-1.0
SERPINE2,0.19807267,0.0,0.0
SERPINF1,0.10709263,0.0,-1.0
SERPINF2,0.046875894,0.0,0.0
SERPING1,0.21588424,0.0,-1.0
SERPINH1,0.25751632,0.0,-1.0
SERPINI1,0.14723086,0.0,0.0
SERPINI2,0.18218522,0.0,0.0
SERTAD1,0.35292593,0.0,0.0
SERTAD2,0.20025466,0.0,0.0
SERTAD3,0.12909612,0.0,0.0
SERTAD4,0.21497773,0.0,0.0
SESN2,0.18269008,0.0,1.0
SESN3,0.13746324,0.0,1.0
SESTD1,0.20472725,0.0,0.0
SET,0.4911013,0.0,1.0
SETBP1,0.17432456,0.0,1.0
SETD1A,0.34761393,0.0,1.0
SETD1B,0.25285366,0.0,1.0
SETD2,0.30317152,0.0,1.0
SETD3,0.1770167,0.0,-1.0
SETD4,0.09881929,0.0,-1.0
SETD5,0.12131234,0.0,-1.0
SETD6,0.12288702,0.0,-1.0
SETD7,0.3688228,0.0,-1.0
SETDB1,0.511549,1.0,1.0
SETDB2,0.10431293,0.0,1.0
SETMAR,0.040054504,0.0,0.0
SETSIP,0.1511078,0.0,0.0
SETX,0.19835913,0.0,-1.0
SEZ6,0.07009776,0.0,0.0
SEZ6L2,0.16030511,0.0,0.0
SF1,0.21688564,0.0,-1.0
SF3A1,0.2616606,0.0,0.0
SF3A2,0.21531628,0.0,0.0
SF3A3,0.25078386,0.0,0.0
SF3B1,0.30501103,0.0,1.0
SF3B2,0.21734665,0.0,-1.0
SF3B3,0.31502166,0.0,-1.0
SF3B4,0.29792282,0.0,0.0
SF3B5,0.14589179,0.0,0.0
SF3B6,0.19413982,0.0,0.0
SFI1,0.19490327,0.0,0.0
SFMBT1,0.20131378,0.0,0.0
SFN,0.4849558,0.0,0.0
SFPQ,0.44113618,0.0,1.0
SFR1,0.15128551,0.0,0.0
SFRP1,0.4708228,0.0,1.0
SFRP2,0.28390026,0.0,1.0
SFRP4,0.27607182,0.0,1.0
SFSWAP,0.07254167,0.0,0.0
SFT2D1,0.03011998,0.0,0.0
SFT2D2,0.12141715,0.0,0.0
SFT2D3,0.16018806,0.0,0.0
SFTPA1,0.090344004,0.0,-1.0
SFTPA2,0.055868708,0.0,-1.0
SFTPB,0.061898675,0.0,-1.0
SFTPC,0.07131426,0.0,-1.0
SFTPD,0.02030266,0.0,0.0
SFXN1,0.11708229,0.0,0.0
SFXN2,0.13415362,0.0,0.0
SFXN3,0.14454265,0.0,0.0
SFXN4,0.11132385,0.0,-1.0
SGCA,0.21223976,0.0,-1.0
SGCB,0.11837182,0.0,-1.0
SGCD,0.11798379,0.0,-1.0
SGCE,0.1164059,0.0,-1.0
SGCG,0.30164737,0.0,-1.0
SGF29,0.24505492,0.0,0.0
SGIP1,0.22043036,0.0,0.0
SGK1,0.27880678,0.0,1.0
SGK2,0.12443859,0.0,0.0
SGK3,0.10136842,0.0,0.0
SGMS1,0.18466789,0.0,-1.0
SGMS2,0.06477437,0.0,0.0
SGO1,0.2616144,0.0,-1.0
SGO2,0.2576701,0.0,0.0
SGPL1,0.15514308,0.0,0.0
SGPP1,0.08001683,0.0,0.0
SGSH,0.15043356,0.0,-1.0
SGSM2,0.109036714,0.0,0.0
SGSM3,0.23312466,0.0,0.0
SGTA,0.115818664,0.0,0.0
SGTB,0.21510515,0.0,0.0
SH2B1,0.23684677,0.0,0.0
SH2B2,0.40996468,0.0,-1.0
SH2B3,0.31625947,0.0,1.0
SH2D1A,0.21053068,0.0,1.0
SH2D1B,0.11331833,0.0,0.0
SH2D2A,0.34317306,0.0,0.0
SH2D3A,0.22073095,0.0,0.0
SH2D3C,0.26537812,0.0,0.0
SH2D4A,0.23276371,0.0,0.0
SH3BGR,0.14810108,0.0,0.0
SH3BGRL,0.15078057,0.0,0.0
SH3BGRL2,0.150356,0.0,-1.0
SH3BGRL3,0.21722843,0.0,0.0
SH3BP1,0.2682532,0.0,0.0
SH3BP2,0.43617272,0.0,-1.0
SH3BP4,0.29127315,0.0,0.0
SH3BP5,0.2928051,0.0,0.0
SH3BP5L,0.2094973,0.0,0.0
SH3D19,0.1892226,0.0,0.0
SH3D21,0.11773658,0.0,0.0
SH3GL1,0.3337494,0.0,1.0
SH3GL2,0.40418768,0.0,-1.0
SH3GL3,0.3979339,0.0,0.0
SH3GLB1,0.21505326,0.0,-1.0
SH3GLB2,0.14103137,0.0,0.0
SH3KBP1,0.32058743,0.0,0.0
SH3PXD2A,0.25492907,0.0,-1.0
SH3PXD2B,0.053713758,0.0,0.0
SH3RF1,0.27497524,0.0,0.0
SH3RF2,0.19661924,0.0,0.0
SH3RF3,0.2292992,0.0,0.0
SH3YL1,0.19084275,0.0,0.0
SHANK1,0.24235088,0.0,-1.0
SHANK2,0.33160043,0.0,-1.0
SHANK3,0.39350647,0.0,0.0
SHARPIN,0.22693688,0.0,0.0
SHB,0.43997929,0.0,0.0
SHBG,0.07372747,0.0,-1.0
SHC1,0.55959994,1.0,-1.0
SHC2,0.30131423,0.0,-1.0
SHC3,0.28276548,0.0,-1.0
SHC4,0.23193654,0.0,-1.0
SHCBP1,0.22180924,0.0,0.0
SHD,0.268335,0.0,0.0
SHE,0.24974051,0.0,-1.0
SHF,0.16571139,0.0,-1.0
SHFL,0.121218376,0.0,0.0
SHH,0.07879933,0.0,-1.0
SHISA2,0.08527974,0.0,0.0
SHISA3,0.1911711,0.0,0.0
SHISA5,0.108461544,0.0,-1.0
SHKBP1,0.19230576,0.0,-1.0
SHLD1,0.0655922,0.0,0.0
SHLD2,0.05849051,0.0,0.0
SHMT1,0.17099647,0.0,0.0
SHMT2,0.15361151,0.0,-1.0
SHOC2,0.34743792,0.0,1.0
SHOX,0.114002004,0.0,0.0
SHOX2,0.21510096,0.0,0.0
SHPK,0.054438516,0.0,0.0
SHPRH,0.19807771,0.0,-1.0
SHQ1,0.13481039,0.0,1.0
SHROOM1,0.08437828,0.0,0.0
SHROOM2,0.27336094,0.0,0.0
SHROOM3,0.23144794,0.0,-1.0
SHTN1,0.21292394,0.0,-1.0
SIAH1,0.1736119,0.0,-1.0
SIAH2,0.4468464,0.0,-1.0
SIGIRR,0.19112684,0.0,0.0
SIGLEC1,0.2306929,0.0,0.0
SIGLEC10,0.20553397,0.0,0.0
SIGLEC11,0.044955242,0.0,0.0
SIGLEC14,0.17050502,0.0,0.0
SIGLEC5,0.1437089,0.0,0.0
SIGLEC6,0.1289679,0.0,0.0
SIGLEC8,0.20503083,0.0,-1.0
SIGMAR1,0.25586665,0.0,0.0
SIK2,0.2198038,0.0,0.0
SIK3,0.2979552,0.0,-1.0
SIKE1,0.20648408,0.0,0.0
SIL1,0.15962765,0.0,-1.0
SIM2,0.25101227,0.0,0.0
SIMC1,0.20019081,0.0,0.0
SIN3A,0.5835464,1.0,-1.0
SIN3B,0.40189078,0.0,-1.0
SINHCAF,0.1672487,0.0,0.0
SIPA1,0.22180478,0.0,-1.0
SIPA1L1,0.2802196,0.0,0.0
SIPA1L2,0.20326489,0.0,0.0
SIPA1L3,0.24055727,0.0,0.0
SIRPA,0.17941184,0.0,1.0
SIRPB1,0.12217186,0.0,-1.0
SIRPG,0.13956451,0.0,-1.0
SIRT1,0.6072615,1.0,-1.0
SIRT2,0.3828182,0.0,0.0
SIRT3,0.19544692,0.0,-1.0
SIRT4,0.118811525,0.0,-1.0
SIRT5,0.16066661,0.0,0.0
SIRT6,0.26614693,0.0,-1.0
SIRT7,0.51703906,1.0,0.0
SIT1,0.23583141,0.0,0.0
SIVA1,0.25059327,0.0,-1.0
SIX1,0.22523482,0.0,1.0
SIX2,0.13181977,0.0,1.0
SIX3,0.21958253,0.0,-1.0
SIX4,0.3109732,0.0,-1.0
SIX5,0.059903372,0.0,-1.0
SIX6,0.15449287,0.0,-1.0
SKA1,0.19655363,0.0,0.0
SKA2,0.18812722,0.0,0.0
SKA3,0.21337272,0.0,0.0
SKAP1,0.20950769,0.0,0.0
SKAP2,0.3068585,0.0,0.0
SKI,0.44791767,0.0,1.0
SKIL,0.38036463,0.0,-1.0
SKIV2L,0.11948195,0.0,0.0
SKP1,0.37719572,0.0,-1.0
SKP2,0.21860443,0.0,-1.0
SLA,0.27200064,0.0,0.0
SLA2,0.2614742,0.0,0.0
SLAIN1,0.11623125,0.0,0.0
SLAIN2,0.15188016,0.0,0.0
SLAMF1,0.16657393,0.0,-1.0
SLAMF6,0.09025175,0.0,-1.0
SLAMF7,0.18434152,0.0,0.0
SLBP,0.12705275,0.0,0.0
SLC10A1,0.0048297266,0.0,0.0
SLC10A2,0.18529607,0.0,0.0
SLC10A3,0.16297424,0.0,-1.0
SLC10A4,0.15394989,0.0,0.0
SLC11A2,0.14750746,0.0,-1.0
SLC12A1,0.18428366,0.0,-1.0
SLC12A2,0.23873684,0.0,0.0
SLC12A3,0.10033082,0.0,-1.0
SLC12A4,0.17794272,0.0,0.0
SLC12A6,0.26412165,0.0,-1.0
SLC12A7,0.04111189,0.0,0.0
SLC12A9,0.08031429,0.0,0.0
SLC14A2,0.1275539,0.0,0.0
SLC15A1,0.060151115,0.0,-1.0
SLC15A2,0.15502279,0.0,-1.0
SLC15A3,0.15313835,0.0,0.0
SLC15A4,0.16893701,0.0,0.0
SLC16A1,0.18948662,0.0,-1.0
SLC16A10,0.12324324,0.0,0.0
SLC16A13,0.037407614,0.0,0.0
SLC16A3,0.09813001,0.0,-1.0
SLC16A5,0.08586746,0.0,0.0
SLC16A6,0.1121754,0.0,0.0
SLC16A7,0.0490683,0.0,0.0
SLC16A8,0.21023019,0.0,0.0
SLC16A9,0.19927068,0.0,0.0
SLC17A1,0.019878997,0.0,0.0
SLC17A2,0.038386747,0.0,0.0
SLC17A5,0.025061235,0.0,-1.0
SLC17A7,0.08214335,0.0,0.0
SLC17A9,0.07136078,0.0,0.0
SLC18A2,0.21086627,0.0,0.0
SLC18B1,0.04274027,0.0,0.0
SLC19A2,0.11768371,0.0,-1.0
SLC19A3,0.10378466,0.0,-1.0
SLC1A1,0.14863548,0.0,0.0
SLC1A2,0.24942511,0.0,-1.0
SLC1A3,0.15726848,0.0,-1.0
SLC1A4,5.0592694e-06,0.0,-1.0
SLC1A5,0.18922392,0.0,-1.0
SLC1A6,0.16788602,0.0,-1.0
SLC1A7,0.26526752,0.0,0.0
SLC20A1,0.1858342,0.0,0.0
SLC20A2,0.14507946,0.0,0.0
SLC22A1,0.024119316,0.0,-1.0
SLC22A11,0.12776086,0.0,-1.0
SLC22A16,0.045746636,0.0,0.0
SLC22A17,0.04043631,0.0,0.0
SLC22A18,0.13221501,0.0,-1.0
SLC22A18AS,0.091700785,0.0,0.0
SLC22A2,0.1098403,0.0,-1.0
SLC22A23,0.089103326,0.0,-1.0
SLC22A24,0.032142777,0.0,0.0
SLC22A3,0.22844353,0.0,-1.0
SLC22A4,0.13918862,0.0,-1.0
SLC22A5,0.13288552,0.0,-1.0
SLC22A6,0.051138137,0.0,0.0
SLC22A7,0.08087847,0.0,0.0
SLC22A9,0.17740989,0.0,0.0
SLC23A1,0.17419122,0.0,0.0
SLC23A2,0.07280535,0.0,0.0
SLC23A3,0.11062881,0.0,0.0
SLC24A1,0.36362457,0.0,0.0
SLC25A1,0.13793986,0.0,0.0
SLC25A10,0.16356099,0.0,0.0
SLC25A11,0.17052934,0.0,0.0
SLC25A12,0.13874698,0.0,0.0
SLC25A13,0.17025992,0.0,-1.0
SLC25A15,0.055940274,0.0,0.0
SLC25A16,0.11173432,0.0,0.0
SLC25A17,0.15370451,0.0,-1.0
SLC25A18,0.13213536,0.0,0.0
SLC25A19,0.042076837,0.0,0.0
SLC25A20,0.15761817,0.0,0.0
SLC25A21,0.1559941,0.0,0.0
SLC25A22,0.15975374,0.0,0.0
SLC25A23,0.13272515,0.0,0.0
SLC25A26,0.046213113,0.0,0.0
SLC25A27,0.12510145,0.0,0.0
SLC25A3,0.11811825,0.0,0.0
SLC25A30,0.016829932,0.0,0.0
SLC25A31,0.0963684,0.0,0.0
SLC25A32,0.05495791,0.0,0.0
SLC25A33,0.04907079,0.0,0.0
SLC25A34,0.07313396,0.0,0.0
SLC25A36,0.041627653,0.0,0.0
SLC25A38,0.0798251,0.0,0.0
SLC25A4,0.20857076,0.0,-1.0
SLC25A43,0.09367486,0.0,0.0
SLC25A44,0.13127862,0.0,0.0
SLC25A46,0.11153745,0.0,0.0
SLC25A47,0.060334735,0.0,0.0
SLC25A48,0.1163363,0.0,0.0
SLC25A5,0.18211819,0.0,0.0
SLC25A51,0.06826942,0.0,0.0
SLC25A6,0.23574214,0.0,0.0
SLC26A1,0.08138314,0.0,0.0
SLC26A11,0.12163619,0.0,-1.0
SLC26A2,0.050618846,0.0,-1.0
SLC26A3,0.10174769,0.0,-1.0
SLC26A6,0.039477047,0.0,0.0
SLC26A8,0.19264698,0.0,0.0
SLC26A9,0.12696555,0.0,0.0
SLC27A1,0.09656142,0.0,-1.0
SLC27A2,0.19138283,0.0,0.0
SLC27A3,0.13994527,0.0,0.0
SLC27A4,0.043965604,0.0,0.0
SLC27A5,0.15879807,0.0,0.0
SLC27A6,0.22195645,0.0,0.0
SLC29A1,0.120463684,0.0,-1.0
SLC29A2,0.10919973,0.0,-1.0
SLC2A1,0.2586225,0.0,-1.0
SLC2A10,0.06248568,0.0,0.0
SLC2A12,0.07967221,0.0,0.0
SLC2A14,0.19862905,0.0,0.0
SLC2A2,0.055886194,0.0,-1.0
SLC2A3,0.14739569,0.0,0.0
SLC2A4,0.11900283,0.0,-1.0
SLC2A5,0.11952877,0.0,0.0
SLC2A8,0.06108116,0.0,0.0
SLC30A1,0.12217585,0.0,0.0
SLC30A2,0.19642161,0.0,0.0
SLC30A3,0.1642426,0.0,0.0
SLC30A7,0.1412121,0.0,0.0
SLC30A8,0.17316815,0.0,0.0
SLC30A9,0.15974613,0.0,0.0
SLC31A1,0.031072652,0.0,0.0
SLC31A2,0.10403176,0.0,0.0
SLC33A1,0.06138131,0.0,-1.0
SLC34A1,0.06184954,0.0,-1.0
SLC34A3,0.11422658,0.0,-1.0
SLC35A2,0.12602322,0.0,0.0
SLC35A3,0.13255872,0.0,0.0
SLC35A5,0.043514576,0.0,-1.0
SLC35B2,0.12606452,0.0,0.0
SLC35B4,0.041893583,0.0,0.0
SLC35C2,0.08091215,0.0,0.0
SLC35D1,0.042556345,0.0,0.0
SLC35E1,0.23947047,0.0,0.0
SLC35E3,0.044386316,0.0,0.0
SLC35E4,0.05621427,0.0,0.0
SLC35F2,0.051198106,0.0,0.0
SLC35F3,0.052918416,0.0,0.0
SLC35F5,0.13491887,0.0,0.0
SLC35F6,0.15684514,0.0,0.0
SLC35G2,0.1010779,0.0,-1.0
SLC37A1,0.015706317,0.0,0.0
SLC37A3,0.035241462,0.0,0.0
SLC37A4,0.04396281,0.0,-1.0
SLC38A1,0.10161504,0.0,-1.0
SLC38A10,0.15590258,0.0,0.0
SLC38A2,0.06864148,0.0,-1.0
SLC38A3,0.13196802,0.0,-1.0
SLC38A5,0.08603806,0.0,-1.0
SLC38A7,0.06758254,0.0,0.0
SLC38A9,0.077588506,0.0,0.0
SLC39A1,0.20555975,0.0,-1.0
SLC39A10,0.063932806,0.0,0.0
SLC39A13,0.10636428,0.0,0.0
SLC39A14,0.12746595,0.0,0.0
SLC39A2,0.25414878,0.0,-1.0
SLC39A3,0.10963749,0.0,-1.0
SLC39A4,0.06093467,0.0,-1.0
SLC39A6,0.13163808,0.0,-1.0
SLC39A7,0.19674794,0.0,0.0
SLC3A1,0.004215382,0.0,-1.0
SLC3A2,0.19186237,0.0,0.0
SLC40A1,0.09349327,0.0,-1.0
SLC41A1,0.12796484,0.0,0.0
SLC41A2,0.07530721,0.0,0.0
SLC41A3,0.11903793,0.0,0.0
SLC43A1,0.08827836,0.0,-1.0
SLC43A2,0.054748785,0.0,0.0
SLC43A3,0.13633771,0.0,0.0
SLC44A1,0.16986343,0.0,-1.0
SLC44A2,0.22407086,0.0,-1.0
SLC44A3,0.1592065,0.0,-1.0
SLC45A1,0.10910429,0.0,0.0
SLC45A4,0.077202715,0.0,0.0
SLC46A1,0.11744297,0.0,0.0
SLC48A1,0.20205829,0.0,0.0
SLC4A1,0.17857216,0.0,-1.0
SLC4A10,0.104342334,0.0,-1.0
SLC4A1AP,0.17396633,0.0,0.0
SLC4A2,0.2819714,0.0,-1.0
SLC4A3,0.19540863,0.0,0.0
SLC4A4,0.063155085,0.0,-1.0
SLC4A7,0.13739574,0.0,0.0
SLC4A8,0.10672921,0.0,0.0
SLC50A1,0.052417934,0.0,0.0
SLC51A,0.06826942,0.0,0.0
SLC52A2,0.08481686,0.0,0.0
SLC5A1,0.13503848,0.0,0.0
SLC5A11,0.03332234,0.0,0.0
SLC5A3,0.14875697,0.0,-1.0
SLC5A6,0.085308604,0.0,0.0
SLC5A7,0.12827423,0.0,-1.0
SLC5A8,1.5737284e-06,0.0,-1.0
SLC66A2,0.016303152,0.0,0.0
SLC6A1,0.01884432,0.0,0.0
SLC6A12,0.19431642,0.0,0.0
SLC6A13,0.226414,0.0,0.0
SLC6A17,0.021565935,0.0,0.0
SLC6A2,0.18813717,0.0,-1.0
SLC6A20,0.095721185,0.0,0.0
SLC6A3,0.25324932,0.0,-1.0
SLC6A4,0.18681423,0.0,0.0
SLC6A5,0.15075141,0.0,0.0
SLC6A6,0.0091141965,0.0,0.0
SLC6A8,0.21478167,0.0,-1.0
SLC6A9,0.120082885,0.0,-1.0
SLC7A1,0.08628327,0.0,-1.0
SLC7A11,0.17921157,0.0,0.0
SLC7A14,0.025413884,0.0,0.0
SLC7A2,0.051922094,0.0,0.0
SLC7A5,0.1775012,0.0,-1.0
SLC7A6OS,0.04187565,0.0,-1.0
SLC7A7,0.18256302,0.0,-1.0
SLC7A8,0.0146196615,0.0,0.0
SLC7A9,0.116893135,0.0,-1.0
SLC8A1,0.292631,0.0,0.0
SLC8A2,0.16455443,0.0,0.0
SLC8B1,0.07994476,0.0,0.0
SLC9A1,0.2900304,0.0,-1.0
SLC9A2,0.30967593,0.0,-1.0
SLC9A3,0.2743821,0.0,-1.0
SLC9A3R1,0.24815118,0.0,-1.0
SLC9A3R2,0.28792834,0.0,0.0
SLC9A4,0.13140471,0.0,0.0
SLC9A5,0.16967408,0.0,0.0
SLC9A6,0.16359113,0.0,-1.0
SLC9A7,0.09552693,0.0,0.0
SLC9A8,0.102736354,0.0,0.0
SLC9A9,0.06948859,0.0,-1.0
SLC9B2,0.04606689,0.0,0.0
SLCO1C1,0.15106526,0.0,0.0
SLCO2A1,0.14796264,0.0,0.0
SLCO4A1,0.036251258,0.0,0.0
SLCO4C1,0.0096489135,0.0,0.0
SLF1,0.06057926,0.0,0.0
SLF2,0.20096292,0.0,0.0
SLFN11,0.22623777,0.0,1.0
SLFN12,0.15871464,0.0,0.0
SLFN12L,0.095817685,0.0,0.0
SLFN5,0.2174145,0.0,0.0
SLIRP,0.13489306,0.0,-1.0
SLIT1,0.10441671,0.0,0.0
SLIT2,0.25836068,0.0,-1.0
SLIT3,0.11344818,0.0,-1.0
SLITRK1,0.10257384,0.0,-1.0
SLITRK3,0.012698151,0.0,-1.0
SLITRK4,0.17245223,0.0,0.0
SLITRK6,0.16181482,0.0,-1.0
SLK,0.16949803,0.0,0.0
SLMAP,0.23761646,0.0,0.0
SLN,0.05307155,0.0,0.0
SLPI,0.10555009,0.0,-1.0
SLTM,0.22243974,0.0,0.0
SLU7,0.16998507,0.0,0.0
SLX1A,0.2025092,0.0,0.0
SLX4,0.17276654,0.0,1.0
SLX4IP,0.2173869,0.0,0.0
SLX9,0.11025516,0.0,0.0
SMAD1,0.55701745,1.0,-1.0
SMAD2,0.552035,1.0,1.0
SMAD3,0.5503099,1.0,1.0
SMAD4,0.73682064,1.0,1.0
SMAD5,0.41888845,0.0,0.0
SMAD6,0.26111633,0.0,-1.0
SMAD7,0.40113634,0.0,-1.0
SMAD9,0.30479485,0.0,-1.0
SMAGP,0.05847513,0.0,0.0
SMAP2,0.13040446,0.0,0.0
SMARCA1,0.31683502,0.0,-1.0
SMARCA2,0.58880836,1.0,1.0
SMARCA4,0.5555446,1.0,1.0
SMARCA5,0.48199168,0.0,0.0
SMARCAD1,0.18808165,0.0,0.0
SMARCAL1,0.14434178,0.0,0.0
SMARCB1,0.547108,1.0,1.0
SMARCC1,0.530133,1.0,0.0
SMARCC2,0.4580004,0.0,0.0
SMARCD1,0.50241935,1.0,1.0
SMARCD2,0.36510268,0.0,0.0
SMARCD3,0.40265065,0.0,0.0
SMARCE1,0.4553907,0.0,1.0
SMC1A,0.4634611,0.0,1.0
SMC1B,0.14232214,0.0,-1.0
SMC2,0.38934904,0.0,-1.0
SMC3,0.3822074,0.0,1.0
SMC4,0.37058568,0.0,-1.0
SMC5,0.16967955,0.0,0.0
SMC6,0.1437428,0.0,0.0
SMCHD1,0.23534662,0.0,0.0
SMCO3,0.07626792,0.0,0.0
SMCO4,0.10291524,0.0,0.0
SMCP,0.12329652,0.0,0.0
SMCR8,0.18514584,0.0,0.0
SMG1,0.25454602,0.0,1.0
SMG5,0.27803135,0.0,-1.0
SMG6,0.24062745,0.0,-1.0
SMG7,0.25114372,0.0,-1.0
SMG8,0.11426229,0.0,-1.0
SMG9,0.11367442,0.0,0.0
SMIM10,0.04980556,0.0,0.0
SMIM11,0.0741407,0.0,0.0
SMIM12,0.04201272,0.0,0.0
SMIM14,0.07298156,0.0,0.0
SMIM15,0.065295815,0.0,0.0
SMIM17,0.05895131,0.0,0.0
SMIM19,0.04398512,0.0,0.0
SMIM2,0.014258726,0.0,0.0
SMIM20,0.080925696,0.0,0.0
SMIM24,0.07776647,0.0,0.0
SMIM3,0.11412593,0.0,0.0
SMIM7,0.04201272,0.0,0.0
SMLR1,0.045299232,0.0,0.0
SMN2,0.2751322,0.0,-1.0
SMNDC1,0.19927408,0.0,0.0
SMO,0.32230532,0.0,1.0
SMOC1,0.14210293,0.0,-1.0
SMOC2,0.1336884,0.0,-1.0
SMOX,0.045777522,0.0,0.0
SMPD1,0.207927,0.0,-1.0
SMPD2,0.12629081,0.0,0.0
SMPD3,0.18461198,0.0,0.0
SMPD4,0.16012962,0.0,0.0
SMPDL3A,0.15586114,0.0,0.0
SMR3B,0.02614942,0.0,0.0
SMS,0.22452706,0.0,-1.0
SMTN,0.24453543,0.0,-1.0
SMU1,0.21113905,0.0,-1.0
SMUG1,0.14463271,0.0,-1.0
SMURF1,0.47429845,0.0,-1.0
SMURF2,0.40395394,0.0,-1.0
SMYD2,0.27471295,0.0,-1.0
SMYD3,0.1232606,0.0,1.0
SMYD5,0.10263012,0.0,0.0
SNAI1,0.3764484,0.0,-1.0
SNAI2,0.22870521,0.0,-1.0
SNAI3,0.16277058,0.0,0.0
SNAP23,0.26997045,0.0,0.0
SNAP25,0.11286898,0.0,0.0
SNAP29,0.15285651,0.0,0.0
SNAP47,0.12430372,0.0,0.0
SNAP91,0.27093634,0.0,0.0
SNAPC1,0.2005266,0.0,0.0
SNAPC2,0.16267525,0.0,0.0
SNAPC3,0.17433673,0.0,-1.0
SNAPC4,0.18094265,0.0,0.0
SNAPC5,0.14582701,0.0,0.0
SNAPIN,0.2693272,0.0,0.0
SNCA,0.45231518,0.0,-1.0
SNCAIP,0.1954857,0.0,-1.0
SNCB,0.169977,0.0,0.0
SNCG,0.21793821,0.0,-1.0
SND1,0.22475904,0.0,1.0
SNED1,0.1608641,0.0,-1.0
SNF8,0.123609036,0.0,0.0
SNIP1,0.32498714,0.0,0.0
SNN,0.098989554,0.0,0.0
SNPH,0.14271198,0.0,0.0
SNRK,0.20493583,0.0,-1.0
SNRNP200,0.31297502,0.0,-1.0
SNRNP25,0.12496765,0.0,0.0
SNRNP27,0.116804145,0.0,0.0
SNRNP35,0.12819707,0.0,-1.0
SNRNP40,0.22330487,0.0,0.0
SNRNP48,0.059376266,0.0,-1.0
SNRNP70,0.29038358,0.0,0.0
SNRPA,0.21205384,0.0,-1.0
SNRPA1,0.24735679,0.0,0.0
SNRPB,0.27907202,0.0,0.0
SNRPB2,0.19911216,0.0,0.0
SNRPC,0.2158912,0.0,0.0
SNRPD1,0.21451926,0.0,0.0
SNRPD2,0.12805398,0.0,-1.0
SNRPD3,0.22653435,0.0,-1.0
SNRPE,0.21097249,0.0,0.0
SNRPF,0.19441625,0.0,0.0
SNRPG,0.16641773,0.0,0.0
SNRPN,0.23602265,0.0,-1.0
SNTA1,0.25084874,0.0,-1.0
SNTB1,0.30137634,0.0,-1.0
SNTB2,0.32340568,0.0,-1.0
SNTG1,0.25522667,0.0,0.0
SNTG2,0.18468644,0.0,0.0
SNU13,0.22700383,0.0,0.0
SNUPN,0.1190095,0.0,0.0
SNURF,0.18312608,0.0,-1.0
SNW1,0.37288752,0.0,-1.0
SNX1,0.20578715,0.0,0.0
SNX10,0.08836804,0.0,0.0
SNX11,0.10517721,0.0,0.0
SNX12,0.20657615,0.0,0.0
SNX13,0.22090995,0.0,0.0
SNX14,0.12485696,0.0,0.0
SNX15,0.12146018,0.0,0.0
SNX17,0.452371,0.0,0.0
SNX18,0.278845,0.0,0.0
SNX19,0.21059787,0.0,-1.0
SNX2,0.26436776,0.0,0.0
SNX20,0.18803965,0.0,-1.0
SNX21,0.036598023,0.0,0.0
SNX22,0.08630225,0.0,0.0
SNX24,0.15424332,0.0,0.0
SNX25,0.035324346,0.0,-1.0
SNX27,0.10192847,0.0,0.0
SNX3,0.22314596,0.0,0.0
SNX30,0.190012,0.0,0.0
SNX31,0.052794084,0.0,-1.0
SNX32,0.14424428,0.0,0.0
SNX33,0.24095851,0.0,0.0
SNX4,0.2093696,0.0,0.0
SNX5,0.21448974,0.0,-1.0
SNX6,0.3129065,0.0,0.0
SNX7,0.21626498,0.0,-1.0
SNX8,0.29350471,0.0,-1.0
SNX9,0.28620693,0.0,0.0
SOAT1,0.07960168,0.0,-1.0
SOAT2,0.18954934,0.0,0.0
SOBP,0.2603967,0.0,0.0
SOCS1,0.559486,1.0,1.0
SOCS2,0.31069794,0.0,-1.0
SOCS3,0.34517124,0.0,1.0
SOCS4,0.25693718,0.0,0.0
SOCS5,0.14999072,0.0,0.0
SOCS6,0.2917604,0.0,-1.0
SOCS7,0.29937917,0.0,0.0
SOD1,0.24959867,0.0,-1.0
SOD2,0.17949429,0.0,-1.0
SOD3,0.18595292,0.0,0.0
SOGA1,0.17120853,0.0,0.0
SOGA3,0.072470136,0.0,0.0
SON,0.28828415,0.0,-1.0
SORBS1,0.362524,0.0,0.0
SORBS2,0.23726118,0.0,-1.0
SORBS3,0.27565825,0.0,0.0
SORCS1,0.10586487,0.0,-1.0
SORCS2,0.19548038,0.0,-1.0
SORCS3,0.108985044,0.0,0.0
SORD,0.10663424,0.0,0.0
SORL1,0.23583458,0.0,-1.0
SORT1,0.26924384,0.0,-1.0
SOS1,0.60530454,1.0,1.0
SOS2,0.3897139,0.0,-1.0
SOST,0.3102474,0.0,-1.0
SOSTDC1,0.1984014,0.0,0.0
SOWAHC,0.12586047,0.0,0.0
SOX1,0.16512406,0.0,0.0
SOX10,0.1678332,0.0,-1.0
SOX11,0.032986697,0.0,-1.0
SOX12,0.11697681,0.0,0.0
SOX13,0.21948856,0.0,0.0
SOX14,0.0899399,0.0,0.0
SOX15,0.17028551,0.0,0.0
SOX17,0.30909675,0.0,1.0
SOX18,0.28003213,0.0,0.0
SOX2,0.57611006,1.0,1.0
SOX3,0.07357815,0.0,-1.0
SOX30,0.14115767,0.0,0.0
SOX4,0.2626843,0.0,-1.0
SOX5,0.25951752,0.0,-1.0
SOX6,0.07998303,0.0,0.0
SOX7,0.23653232,0.0,0.0
SOX8,0.14797015,0.0,-1.0
SOX9,0.3274912,0.0,1.0
SP1,0.65032524,1.0,-1.0
SP100,0.25112247,0.0,0.0
SP110,0.22740574,0.0,-1.0
SP140,0.29186648,0.0,1.0
SP140L,0.055305034,0.0,0.0
SP2,0.23261407,0.0,0.0
SP3,0.20014043,0.0,0.0
SP4,0.23098819,0.0,0.0
SP5,0.06221631,0.0,0.0
SP7,0.05000527,0.0,-1.0
SPA17,0.08901411,0.0,-1.0
SPACA3,0.1450118,0.0,0.0
SPACA7,0.02825593,0.0,0.0
SPACA9,0.13059981,0.0,0.0
SPAG1,0.14506052,0.0,0.0
SPAG11B,0.03892601,0.0,0.0
SPAG4,0.15187658,0.0,0.0
SPAG5,0.33155364,0.0,0.0
SPAG7,0.050697528,0.0,0.0
SPAG8,0.24478045,0.0,0.0
SPAG9,0.19050841,0.0,0.0
SPANXA1,0.16872351,0.0,0.0
SPANXC,0.17577599,0.0,0.0
SPANXD,0.048088584,0.0,0.0
SPANXN4,0.036605813,0.0,-1.0
SPARC,0.3484198,0.0,-1.0
SPARCL1,0.21299255,0.0,0.0
SPART,0.26521185,0.0,-1.0
SPAST,0.18777998,0.0,-1.0
SPATA18,0.070689246,0.0,-1.0
SPATA2,0.2076661,0.0,0.0
SPATA20,0.18483478,0.0,0.0
SPATA21,0.030027607,0.0,0.0
SPATA22,0.115545705,0.0,0.0
SPATA24,0.17256454,0.0,0.0
SPATA2L,0.09666646,0.0,0.0
SPATA3,0.102993205,0.0,0.0
SPATA31A3,0.0738899,0.0,0.0
SPATA31A7,0.12638716,0.0,0.0
SPATA31D1,0.08855202,0.0,0.0
SPATA4,0.042417083,0.0,0.0
SPATA46,0.10303582,0.0,0.0
SPATA5,0.08390549,0.0,0.0
SPATA5L1,0.123033464,0.0,-1.0
SPATA6,0.059232857,0.0,-1.0
SPATA7,0.041634668,0.0,-1.0
SPATA8,0.13761902,0.0,0.0
SPATC1,0.16071963,0.0,0.0
SPATC1L,0.11216378,0.0,-1.0
SPATS1,0.15366697,0.0,0.0
SPATS2,0.1977618,0.0,0.0
SPATS2L,0.09998183,0.0,0.0
SPC24,0.18711403,0.0,0.0
SPC25,0.21069339,0.0,0.0
SPCS1,0.032367136,0.0,0.0
SPCS2,0.10069157,0.0,0.0
SPCS3,0.09989119,0.0,0.0
SPDEF,0.120782346,0.0,0.0
SPDL1,0.19807906,0.0,0.0
SPDYA,0.051789474,0.0,0.0
SPDYE2,0.054001264,0.0,0.0
SPECC1L,0.2266757,0.0,0.0
SPEF1,0.11864592,0.0,0.0
SPEG,0.31623176,0.0,-1.0
SPEN,0.42812714,0.0,1.0
SPESP1,0.106822245,0.0,0.0
SPG11,0.08945874,0.0,-1.0
SPG21,0.15759408,0.0,-1.0
SPG7,0.167163,0.0,-1.0
SPHK1,0.25284457,0.0,-1.0
SPHK2,0.1959103,0.0,0.0
SPHKAP,0.24460803,0.0,-1.0
SPI1,0.4898894,0.0,-1.0
SPIB,0.27905577,0.0,-1.0
SPICE1,0.18966031,0.0,0.0
SPIN1,0.17601314,0.0,0.0
SPIN2A,0.10889514,0.0,0.0
SPIN2B,0.0408257,0.0,0.0
SPIN3,0.089568645,0.0,0.0
SPIN4,0.082994096,0.0,0.0
SPINDOC,0.16342527,0.0,0.0
SPINK13,0.011239325,0.0,0.0
SPINK2,0.13548702,0.0,0.0
SPINK5,0.017657312,0.0,-1.0
SPINK7,0.10749106,0.0,-1.0
SPINT1,0.13894689,0.0,-1.0
SPINT2,0.059185244,0.0,-1.0
SPINT3,0.03797523,0.0,0.0
SPIRE1,0.13288872,0.0,0.0
SPN,0.29644355,0.0,-1.0
SPNS1,0.1740494,0.0,0.0
SPOCD1,0.11713253,0.0,0.0
SPOCK1,0.07871097,0.0,0.0
SPOCK2,0.11282239,0.0,0.0
SPOCK3,0.068752,0.0,0.0
SPON1,0.17807625,0.0,0.0
SPON2,0.037221406,0.0,0.0
SPOP,0.4323481,0.0,1.0
SPOPL,0.1135011,0.0,0.0
SPOUT1,0.14242828,0.0,0.0
SPP1,0.15865842,0.0,-1.0
SPPL2A,0.13012679,0.0,0.0
SPPL3,0.06423337,0.0,-1.0
SPR,0.18735163,0.0,0.0
SPRED1,0.23779835,0.0,1.0
SPRED2,0.19531062,0.0,0.0
SPRED3,0.05770882,0.0,0.0
SPRING1,0.08114287,0.0,0.0
SPRN,0.04037692,0.0,0.0
SPRR1A,0.11285079,0.0,0.0
SPRR1B,0.062244687,0.0,0.0
SPRR2A,0.20838869,0.0,0.0
SPRR2D,0.21678115,0.0,0.0
SPRR2G,0.1172771,0.0,0.0
SPRR3,0.083049625,0.0,0.0
SPRTN,0.062239956,0.0,1.0
SPRY1,0.21787319,0.0,-1.0
SPRY2,0.22459382,0.0,-1.0
SPRY3,0.112882234,0.0,-1.0
SPRY4,0.1496252,0.0,0.0
SPRYD3,0.0921047,0.0,0.0
SPRYD4,0.10328343,0.0,0.0
SPRYD7,0.12482882,0.0,0.0
SPSB1,0.22859436,0.0,0.0
SPSB2,0.09265708,0.0,0.0
SPSB3,0.1620147,0.0,0.0
SPSB4,0.14980474,0.0,0.0
SPTA1,0.5357207,1.0,-1.0
SPTAN1,0.49929166,0.0,-1.0
SPTB,0.2678896,0.0,-1.0
SPTBN1,0.5443014,1.0,0.0
SPTBN2,0.30530328,0.0,-1.0
SPTBN4,0.34715018,0.0,-1.0
SPTLC1,0.1583676,0.0,-1.0
SPTLC2,0.16231148,0.0,-1.0
SPTLC3,0.13372813,0.0,0.0
SPTSSA,0.15009245,0.0,0.0
SPTSSB,0.13368183,0.0,0.0
SPTY2D1,0.08844052,0.0,0.0
SPZ1,0.1763194,0.0,0.0
SQLE,0.10090525,0.0,0.0
SQOR,0.16287379,0.0,-1.0
SQSTM1,0.37919736,0.0,-1.0
SRA1,0.3090059,0.0,0.0
SRBD1,0.20435208,0.0,0.0
SRC,0.7654281,1.0,1.0
SRCAP,0.30532897,0.0,-1.0
SRCIN1,0.15744048,0.0,0.0
SRD5A3,0.019108493,0.0,0.0
SREBF1,0.37093672,0.0,0.0
SREBF2,0.49751398,0.0,0.0
SREK1,0.19933902,0.0,0.0
SREK1IP1,0.11260167,0.0,0.0
SRF,0.25422207,0.0,0.0
SRFBP1,0.07636563,0.0,0.0
SRGAP1,0.26109105,0.0,0.0
SRGAP2,0.19526036,0.0,0.0
SRGAP2C,0.06808127,0.0,0.0
SRGAP3,0.18632856,0.0,-1.0
SRGN,0.24899659,0.0,0.0
SRI,0.1557153,0.0,-1.0
SRM,0.09472255,0.0,0.0
SRMS,0.0841696,0.0,0.0
SRP14,0.17957251,0.0,0.0
SRP19,0.15292168,0.0,0.0
SRP54,0.17074731,0.0,0.0
SRP68,0.14550371,0.0,0.0
SRP72,0.20843437,0.0,0.0
SRP9,0.15078643,0.0,0.0
SRPK1,0.07721964,0.0,0.0
SRPK2,0.035951916,0.0,-1.0
SRPK3,0.1584812,0.0,0.0
SRPRA,0.13513976,0.0,0.0
SRPRB,0.15236288,0.0,0.0
SRPX,0.14899471,0.0,-1.0
SRPX2,0.19700618,0.0,-1.0
SRR,0.14963782,0.0,0.0
SRRM1,0.36223158,0.0,0.0
SRRM2,0.33062905,0.0,0.0
SRRM4,0.021415442,0.0,0.0
SRRT,0.20382793,0.0,-1.0
SRSF1,0.14485529,0.0,-1.0
SRSF10,0.2317417,0.0,0.0
SRSF11,0.17008911,0.0,0.0
SRSF12,0.18156475,0.0,0.0
SRSF2,0.22990955,0.0,1.0
SRSF3,0.18738553,0.0,1.0
SRSF4,0.19138888,0.0,0.0
SRSF5,0.24798554,0.0,-1.0
SRSF6,0.20171526,0.0,-1.0
SRSF7,0.15772228,0.0,0.0
SRSF8,0.14758272,0.0,0.0
SRSF9,0.18888146,0.0,-1.0
SRXN1,0.23239453,0.0,-1.0
SRY,0.2866471,0.0,-1.0
SS18,0.2986385,0.0,1.0
SS18L1,0.23505306,0.0,1.0
SS18L2,0.058345944,0.0,0.0
SSB,0.25650373,0.0,-1.0
SSBP1,0.18743546,0.0,-1.0
SSBP2,0.21986617,0.0,-1.0
SSBP3,0.18145001,0.0,-1.0
SSBP4,0.18057245,0.0,-1.0
SSC5D,0.14534278,0.0,0.0
SSH1,0.21095176,0.0,-1.0
SSH2,0.18427646,0.0,0.0
SSH3,0.17816533,0.0,-1.0
SSNA1,0.16769339,0.0,0.0
SSPOP,0.29263088,0.0,0.0
SSR1,0.14363678,0.0,0.0
SSR2,0.15203972,0.0,0.0
SSR3,0.14733773,0.0,0.0
SSR4,0.19912156,0.0,0.0
SSRP1,0.37531528,0.0,0.0
SST,0.047565583,0.0,0.0
SSTR1,0.083782494,0.0,0.0
SSTR2,0.084554024,0.0,-1.0
SSTR3,0.08457384,0.0,0.0
SSTR4,0.023396416,0.0,0.0
SSTR5,0.10400854,0.0,0.0
SSU72,0.16931772,0.0,0.0
SSX1,0.1518908,0.0,1.0
SSX2B,0.23636065,0.0,-1.0
SSX2IP,0.32375485,0.0,-1.0
SSX3,0.21926793,0.0,0.0
SSX4B,0.26636115,0.0,0.0
SSX5,0.23926891,0.0,0.0
ST13,0.3322599,0.0,-1.0
ST14,0.27427906,0.0,-1.0
ST3GAL1,0.01110836,0.0,0.0
ST3GAL2,0.08793259,0.0,0.0
ST3GAL3,0.14536339,0.0,-1.0
ST6GAL1,0.07002902,0.0,-1.0
ST6GALNAC1,0.053585432,0.0,-1.0
ST6GALNAC2,0.058699086,0.0,0.0
ST6GALNAC4,0.14233594,0.0,0.0
ST6GALNAC6,0.13169865,0.0,0.0
ST7,0.046800885,0.0,0.0
ST8SIA5,0.009376025,0.0,0.0
ST8SIA6,0.104122184,0.0,0.0
STAB1,0.26806602,0.0,-1.0
STAB2,0.22194709,0.0,0.0
STAC,0.1933672,0.0,0.0
STAC2,0.20058826,0.0,0.0
STAC3,0.18728279,0.0,0.0
STAG1,0.2566129,0.0,1.0
STAG2,0.23695774,0.0,1.0
STAG3,0.19956836,0.0,-1.0
STAM,0.2340404,0.0,0.0
STAM2,0.3010816,0.0,-1.0
STAMBP,0.17258282,0.0,0.0
STAMBPL1,0.24122617,0.0,0.0
STAP1,0.20463556,0.0,0.0
STAP2,0.32123807,0.0,0.0
STAR,0.17169923,0.0,-1.0
STARD10,0.12212859,0.0,-1.0
STARD13,0.2602794,0.0,-1.0
STARD3,0.16852356,0.0,-1.0
STARD3NL,0.14878301,0.0,0.0
STARD4,0.022741254,0.0,0.0
STARD7,0.06033771,0.0,0.0
STARD9,0.25715804,0.0,0.0
STAT1,0.35386655,0.0,-1.0
STAT2,0.23389341,0.0,-1.0
STAT3,0.5988457,1.0,1.0
STAT4,0.16848575,0.0,-1.0
STAT5A,0.57895225,1.0,1.0
STAT5B,0.48956028,0.0,1.0
STAT6,0.3336332,0.0,1.0
STATH,0.0005336606,0.0,0.0
STAU1,0.2507432,0.0,0.0
STAU2,0.16377787,0.0,0.0
STBD1,0.17149015,0.0,0.0
STC2,0.1975237,0.0,0.0
STEAP1,0.112059295,0.0,-1.0
STEAP3,0.217003,0.0,0.0
STEAP4,0.16840242,0.0,0.0
STEEP1,0.101112284,0.0,0.0
STIL,0.21326897,0.0,1.0
STIM1,0.13105948,0.0,-1.0
STIM2,0.121799864,0.0,-1.0
STIMATE,0.04201272,0.0,0.0
STING1,0.16400819,0.0,0.0
STIP1,0.31332827,0.0,0.0
STK10,0.04591513,0.0,-1.0
STK11,0.5683324,1.0,1.0
STK11IP,0.22211704,0.0,-1.0
STK16,0.17405657,0.0,0.0
STK17A,0.056014862,0.0,0.0
STK17B,0.093733944,0.0,0.0
STK19,0.1607964,0.0,1.0
STK24,0.21222258,0.0,0.0
STK25,0.18103507,0.0,0.0
STK26,0.1390638,0.0,-1.0
STK3,0.33475515,0.0,0.0
STK32B,0.08356899,0.0,0.0
STK32C,0.16406514,0.0,0.0
STK33,0.21818602,0.0,0.0
STK35,0.14903732,0.0,0.0
STK36,0.32872966,0.0,0.0
STK38,0.30305466,0.0,0.0
STK38L,0.15741245,0.0,-1.0
STK39,0.18741594,0.0,0.0
STK4,0.3333276,0.0,-1.0
STK40,0.17409821,0.0,-1.0
STMN1,0.23050314,0.0,-1.0
STMN2,0.19105972,0.0,0.0
STMN3,0.10331096,0.0,0.0
STMN4,0.082712896,0.0,0.0
STN1,0.15299168,0.0,0.0
STOM,0.22118086,0.0,0.0
STOML1,0.05748709,0.0,0.0
STOML2,0.19238986,0.0,-1.0
STON1-GTF2A1L,0.071025796,0.0,0.0
STON2,0.20812903,0.0,0.0
STOX1,0.16684808,0.0,-1.0
STRADA,0.13381205,0.0,-1.0
STRADB,0.19157451,0.0,0.0
STRAP,0.19638722,0.0,-1.0
STRBP,0.21612439,0.0,0.0
STRIP1,0.2107328,0.0,0.0
STRIP2,0.18047352,0.0,0.0
STRN,0.28866532,0.0,1.0
STRN3,0.21834202,0.0,0.0
STRN4,0.1480664,0.0,0.0
STS,0.14400792,0.0,-1.0
STT3A,0.12430875,0.0,0.0
STT3B,0.12929003,0.0,0.0
STUB1,0.37430826,0.0,-1.0
STX10,0.08725644,0.0,0.0
STX11,0.20034951,0.0,-1.0
STX12,0.27550372,0.0,0.0
STX16,0.127969,0.0,-1.0
STX17,0.27798748,0.0,0.0
STX18,0.18627068,0.0,0.0
STX19,0.14166515,0.0,0.0
STX1A,0.17288171,0.0,0.0
STX1B,0.16143645,0.0,0.0
STX2,0.15742247,0.0,-1.0
STX3,0.14363341,0.0,0.0
STX4,0.19016424,0.0,-1.0
STX5,0.15533113,0.0,0.0
STX6,0.14857052,0.0,0.0
STX7,0.137858,0.0,0.0
STX8,0.13417903,0.0,0.0
STXBP1,0.22633882,0.0,-1.0
STXBP2,0.21110794,0.0,-1.0
STXBP3,0.22713102,0.0,0.0
STXBP4,0.1895753,0.0,0.0
STXBP5L,0.05685164,0.0,0.0
STXBP6,0.17283508,0.0,0.0
STYK1,0.16437721,0.0,-1.0
STYX,0.13190551,0.0,0.0
STYXL1,0.18331113,0.0,0.0
SUB1,0.2789081,0.0,0.0
SUCLA2,0.17815469,0.0,0.0
SUCLG1,0.1602763,0.0,-1.0
SUCLG2,0.13324462,0.0,-1.0
SUCO,0.09446814,0.0,0.0
SUDS3,0.2850935,0.0,0.0
SUFU,0.26787573,0.0,1.0
SUGP1,0.18236993,0.0,0.0
SUGP2,0.15304866,0.0,0.0
SUGT1,0.24506411,0.0,0.0
SULT1A1,0.051905435,0.0,0.0
SULT1A2,0.12402687,0.0,0.0
SULT1B1,0.11643891,0.0,-1.0
SULT1C2,0.18109748,0.0,0.0
SULT1E1,0.1511538,0.0,0.0
SULT2A1,0.17010202,0.0,0.0
SULT2B1,0.07245138,0.0,-1.0
SULT4A1,0.18091232,0.0,0.0
SUMF1,0.031137235,0.0,-1.0
SUMF2,0.2050819,0.0,0.0
SUMO1,0.30902234,0.0,0.0
SUMO2,0.24865237,0.0,0.0
SUMO3,0.3254095,0.0,0.0
SUMO4,0.23459414,0.0,0.0
SUN1,0.1301129,0.0,0.0
SUN2,0.3131283,0.0,0.0
SUN5,0.010852609,0.0,0.0
SUOX,0.15042707,0.0,0.0
SUPT16H,0.37671164,0.0,0.0
SUPT20H,0.22701295,0.0,0.0
SUPT20HL1,0.15115313,0.0,0.0
SUPT20HL2,0.09384292,0.0,0.0
SUPT3H,0.16496138,0.0,-1.0
SUPT4H1,0.16671978,0.0,0.0
SUPT5H,0.24770401,0.0,0.0
SUPT6H,0.26839095,0.0,0.0
SUPT7L,0.23370816,0.0,-1.0
SUPV3L1,0.15421721,0.0,0.0
SURF1,0.08817852,0.0,-1.0
SURF2,0.1302625,0.0,0.0
SURF4,0.1915093,0.0,0.0
SURF6,0.16217864,0.0,0.0
SUSD1,0.19387245,0.0,0.0
SUSD2,0.1475954,0.0,0.0
SUSD4,0.07942243,0.0,0.0
SUSD5,0.01035049,0.0,0.0
SUSD6,0.13229525,0.0,0.0
SUV39H1,0.33837947,0.0,-1.0
SUV39H2,0.23754212,0.0,0.0
SUZ12,0.43320987,0.0,1.0
SV2A,0.2575682,0.0,0.0
SV2B,0.11799154,0.0,0.0
SV2C,0.03259894,0.0,0.0
SVBP,0.039792225,0.0,0.0
SVEP1,0.35313666,0.0,0.0
SVIL,0.25420776,0.0,0.0
SVIP,0.11860527,0.0,0.0
SVOP,0.047186293,0.0,0.0
SVOPL,0.044888783,0.0,0.0
SWAP70,0.22070864,0.0,-1.0
SWSAP1,0.2639388,0.0,0.0
SYAP1,0.10808852,0.0,0.0
SYBU,0.15943928,0.0,0.0
SYCE1,0.14484464,0.0,0.0
SYCE3,0.18608454,0.0,0.0
SYCP1,0.10920322,0.0,0.0
SYCP3,0.24779794,0.0,0.0
SYDE1,0.13791372,0.0,-1.0
SYDE2,0.114517204,0.0,0.0
SYF2,0.067360885,0.0,-1.0
SYK,0.6549307,1.0,1.0
SYMPK,0.24952352,0.0,0.0
SYN1,0.2784844,0.0,0.0
SYN2,0.0016771402,0.0,-1.0
SYN3,0.0043065674,0.0,0.0
SYNC,0.08574452,0.0,0.0
SYNCRIP,0.19147338,0.0,-1.0
SYNDIG1,0.071997546,0.0,0.0
SYNE1,0.27469048,0.0,-1.0
SYNE2,0.2779582,0.0,-1.0
SYNE4,0.037810512,0.0,0.0
SYNGAP1,0.3484222,0.0,-1.0
SYNGR1,0.07068728,0.0,0.0
SYNGR2,0.058356963,0.0,-1.0
SYNGR3,0.08766475,0.0,0.0
SYNJ1,0.26486856,0.0,0.0
SYNJ2,0.34812802,0.0,0.0
SYNJ2BP,0.18861745,0.0,0.0
SYNM,0.29697856,0.0,0.0
SYNPO,0.2569158,0.0,0.0
SYNPO2,0.23144083,0.0,-1.0
SYNPR,0.032627013,0.0,0.0
SYNRG,0.22023818,0.0,-1.0
SYP,0.20205164,0.0,-1.0
SYPL2,0.091365986,0.0,0.0
SYT1,0.18502948,0.0,0.0
SYT11,0.16871989,0.0,0.0
SYT12,0.03051268,0.0,0.0
SYT14,0.04163521,0.0,-1.0
SYT16,0.08681796,0.0,0.0
SYT17,0.1468259,0.0,0.0
SYT2,0.2181788,0.0,0.0
SYT3,0.07148952,0.0,0.0
SYT4,0.149708,0.0,-1.0
SYT5,0.09552061,0.0,0.0
SYT6,0.19511504,0.0,0.0
SYT7,0.14051662,0.0,0.0
SYT8,0.028206078,0.0,0.0
SYT9,0.09633648,0.0,0.0
SYTL2,0.1773705,0.0,-1.0
SYTL3,0.13253556,0.0,-1.0
SYTL4,0.18362677,0.0,-1.0
SYTL5,0.18517649,0.0,-1.0
SYVN1,0.21324833,0.0,0.0
TAAR8,0.059142783,0.0,0.0
TAB1,0.17078018,0.0,0.0
TAB2,0.4237066,0.0,0.0
TAB3,0.17294505,0.0,-1.0
TAC1,0.103352286,0.0,-1.0
TAC3,0.14118716,0.0,0.0
TACC1,0.29835734,0.0,-1.0
TACC2,0.2930361,0.0,-1.0
TACC3,0.31496668,0.0,-1.0
TACO1,0.20779976,0.0,-1.0
TACR1,0.17969373,0.0,0.0
TACR2,0.07978977,0.0,0.0
TACR3,0.13102056,0.0,0.0
TACSTD2,0.20082684,0.0,-1.0
TADA1,0.21208401,0.0,0.0
TADA2A,0.22486064,0.0,0.0
TADA2B,0.17728463,0.0,0.0
TADA3,0.30531028,0.0,0.0
TAF1,0.464191,0.0,-1.0
TAF10,0.2686911,0.0,0.0
TAF11,0.27585727,0.0,-1.0
TAF12,0.29314455,0.0,0.0
TAF13,0.21872063,0.0,0.0
TAF15,0.24335466,0.0,1.0
TAF1A,0.22591433,0.0,0.0
TAF1B,0.29863504,0.0,0.0
TAF1C,0.22617063,0.0,0.0
TAF1D,0.14202677,0.0,0.0
TAF1L,0.2362962,0.0,-1.0
TAF2,0.24613515,0.0,0.0
TAF3,0.2718919,0.0,0.0
TAF4,0.26851195,0.0,-1.0
TAF4B,0.108581394,0.0,0.0
TAF5,0.2780935,0.0,0.0
TAF5L,0.28716463,0.0,0.0
TAF6,0.39732286,0.0,0.0
TAF6L,0.2666185,0.0,0.0
TAF7,0.32254037,0.0,0.0
TAF7L,0.1413677,0.0,0.0
TAF8,0.20886835,0.0,0.0
TAF9B,0.2636127,0.0,0.0
TAFA1,0.04601299,0.0,0.0
TAFA4,0.06420303,0.0,0.0
TAFAZZIN,0.20388533,0.0,-1.0
TAGLN,0.21518731,0.0,-1.0
TAGLN2,0.19251907,0.0,0.0
TAGLN3,0.030132238,0.0,0.0
TAL1,0.540148,1.0,1.0
TAL2,0.17076938,0.0,1.0
TALDO1,0.14904541,0.0,-1.0
TAMALIN,0.16569322,0.0,0.0
TANC1,0.31820196,0.0,0.0
TANC2,0.21446231,0.0,0.0
TANGO2,0.064479955,0.0,0.0
TANGO6,0.18278603,0.0,0.0
TANK,0.2552764,0.0,0.0
TAOK1,0.212192,0.0,0.0
TAOK2,0.38653824,0.0,0.0
TAOK3,0.18607652,0.0,0.0
TAP1,0.17231181,0.0,-1.0
TAP2,0.15785015,0.0,-1.0
TAPBP,0.19994137,0.0,0.0
TAPBPL,0.11550447,0.0,0.0
TAPT1,0.073977776,0.0,0.0
TARBP1,0.16441233,0.0,0.0
TARBP2,0.27484354,0.0,0.0
TARDBP,0.2610933,0.0,-1.0
TARS1,0.1678956,0.0,0.0
TARS2,0.1640582,0.0,0.0
TARS3,0.09837742,0.0,0.0
TAS1R2,5.0962143e-07,0.0,0.0
TAS1R3,5.0962143e-07,0.0,0.0
TAS2R13,0.19087139,0.0,0.0
TASOR,0.1318731,0.0,0.0
TASOR2,0.1866661,0.0,0.0
TAT,0.11139241,0.0,-1.0
TATDN2,0.006949617,0.0,0.0
TAX1BP1,0.20368509,0.0,0.0
TAX1BP3,0.18695274,0.0,0.0
TBC1D1,0.17919229,0.0,0.0
TBC1D10A,0.18938263,0.0,-1.0
TBC1D10B,0.12813301,0.0,0.0
TBC1D10C,0.19282234,0.0,0.0
TBC1D13,0.095712624,0.0,-1.0
TBC1D14,0.2041944,0.0,0.0
TBC1D15,0.21732116,0.0,0.0
TBC1D16,0.15327057,0.0,0.0
TBC1D17,0.24579251,0.0,0.0
TBC1D19,0.09862703,0.0,0.0
TBC1D2,0.1936924,0.0,0.0
TBC1D20,0.07596381,0.0,0.0
TBC1D22A,0.08256032,0.0,-1.0
TBC1D22B,0.15307997,0.0,0.0
TBC1D23,0.104027204,0.0,0.0
TBC1D25,0.17426457,0.0,0.0
TBC1D2B,0.18176898,0.0,0.0
TBC1D31,0.04201272,0.0,0.0
TBC1D32,0.02115319,0.0,-1.0
TBC1D3B,0.056141958,0.0,-1.0
TBC1D3C,0.09821204,0.0,0.0
TBC1D3F,0.18237531,0.0,0.0
TBC1D3G,0.06316414,0.0,0.0
TBC1D4,0.36698163,0.0,0.0
TBC1D5,0.16145459,0.0,0.0
TBC1D7,0.18310872,0.0,-1.0
TBC1D8,0.13074812,0.0,0.0
TBC1D9,0.14583512,0.0,0.0
TBC1D9B,0.1574956,0.0,0.0
TBCA,0.16132973,0.0,0.0
TBCB,0.19556826,0.0,0.0
TBCCD1,0.0498164,0.0,0.0
TBCD,0.21043436,0.0,-1.0
TBCE,0.110263914,0.0,0.0
TBCEL,0.1339678,0.0,0.0
TBCK,0.05852641,0.0,0.0
TBK1,0.33870524,0.0,-1.0
TBKBP1,0.19807953,0.0,-1.0
TBL1X,0.2659632,0.0,-1.0
TBL1XR1,0.3992346,0.0,1.0
TBL1Y,0.07718519,0.0,0.0
TBL2,0.17230362,0.0,-1.0
TBL3,0.22124496,0.0,0.0
TBP,0.46627694,0.0,-1.0
TBPL1,0.18443884,0.0,0.0
TBPL2,0.24517004,0.0,0.0
TBR1,0.19769219,0.0,-1.0
TBRG1,0.15518819,0.0,0.0
TBRG4,0.171119,0.0,0.0
TBX1,0.034112982,0.0,-1.0
TBX15,0.12646554,0.0,0.0
TBX2,0.3463355,0.0,-1.0
TBX20,0.26089418,0.0,-1.0
TBX21,0.3553148,0.0,-1.0
TBX22,0.10207107,0.0,-1.0
TBX3,0.24142788,0.0,1.0
TBX4,0.042517807,0.0,-1.0
TBX5,0.4615074,0.0,0.0
TBX6,0.14039655,0.0,0.0
TBXA2R,0.20119321,0.0,0.0
TCAF1,0.16297074,0.0,-1.0
TCAP,0.26180515,0.0,-1.0
TCEA1,0.21499455,0.0,1.0
TCEA2,0.14341535,0.0,0.0
TCEA3,0.013832027,0.0,0.0
TCEAL1,0.18128005,0.0,0.0
TCEAL2,0.20137651,0.0,0.0
TCEAL3,0.10667034,0.0,0.0
TCEAL4,0.1947444,0.0,0.0
TCEAL5,0.22933678,0.0,0.0
TCEAL6,0.004129781,0.0,-1.0
TCEAL7,0.040825985,0.0,0.0
TCEAL8,0.091001846,0.0,0.0
TCEAL9,0.13100837,0.0,0.0
TCEANC,0.13975963,0.0,0.0
TCEANC2,0.07863367,0.0,0.0
TCERG1,0.30382982,0.0,-1.0
TCERG1L,0.017288337,0.0,0.0
TCF12,0.30839998,0.0,1.0
TCF15,0.08619064,0.0,0.0
TCF19,0.19142827,0.0,0.0
TCF20,0.25679207,0.0,0.0
TCF21,0.23360254,0.0,-1.0
TCF24,0.13151935,0.0,0.0
TCF25,0.15471809,0.0,0.0
TCF3,0.34776244,0.0,1.0
TCF4,0.3405193,0.0,-1.0
TCF7,0.30200684,0.0,-1.0
TCF7L1,0.14493702,0.0,-1.0
TCF7L2,0.3791103,0.0,1.0
TCFL5,0.123609036,0.0,0.0
TCHH,0.096507065,0.0,-1.0
TCHP,0.20063703,0.0,0.0
TCIM,0.04201272,0.0,0.0
TCIRG1,0.14262292,0.0,-1.0
TCL1A,0.2311591,0.0,1.0
TCL1B,0.19172537,0.0,1.0
TCN1,0.035523225,0.0,0.0
TCN2,0.15612213,0.0,0.0
TCOF1,0.15498105,0.0,-1.0
TCP1,0.3219254,0.0,0.0
TCP10L,0.14019363,0.0,0.0
TCP10L3,0.15331687,0.0,0.0
TCP11,0.18587397,0.0,-1.0
TCP11L1,0.08108219,0.0,0.0
TCTA,0.14827082,0.0,-1.0
TDG,0.35366213,0.0,-1.0
TDGF1,0.22912021,0.0,-1.0
TDO2,0.13493621,0.0,0.0
TDP1,0.21286671,0.0,-1.0
TDP2,0.27312937,0.0,0.0
TDRD1,0.18500815,0.0,-1.0
TDRD3,0.16975397,0.0,0.0
TDRD6,0.23335482,0.0,0.0
TDRD7,0.28370625,0.0,0.0
TDRD9,0.23180431,0.0,0.0
TDRKH,0.17059496,0.0,0.0
TEAD1,0.16233754,0.0,0.0
TEAD2,0.077410564,0.0,0.0
TEAD3,0.08421833,0.0,0.0
TEAD4,0.12540103,0.0,0.0
TEC,0.5063416,1.0,1.0
TECPR1,0.04894403,0.0,0.0
TECPR2,0.16446485,0.0,0.0
TECR,0.14217988,0.0,-1.0
TEDC2,0.11313054,0.0,-1.0
TEF,0.30542073,0.0,0.0
TEFM,0.079735205,0.0,0.0
TEK,0.34958363,0.0,-1.0
TEKT1,0.22660404,0.0,0.0
TEKT3,0.15906158,0.0,0.0
TEKT4,0.2268309,0.0,0.0
TEKT5,0.17489175,0.0,0.0
TELO2,0.22591975,0.0,0.0
TEN1,0.034202274,0.0,0.0
TENM1,0.13426584,0.0,0.0
TENM2,0.3290594,0.0,-1.0
TENM3,0.14063258,0.0,0.0
TENM4,0.11462316,0.0,0.0
TENT2,0.14744887,0.0,0.0
TENT4A,0.07537986,0.0,0.0
TENT5A,0.16442612,0.0,0.0
TENT5B,0.20926484,0.0,0.0
TENT5C,0.19188648,0.0,1.0
TENT5D,0.05800776,0.0,-1.0
TEP1,0.24299744,0.0,-1.0
TERF1,0.29063994,0.0,0.0
TERF2,0.19447605,0.0,-1.0
TERF2IP,0.06081646,0.0,0.0
TERT,0.3601552,0.0,1.0
TES,0.1786352,0.0,0.0
TESC,0.1688132,0.0,-1.0
TESK1,0.16338079,0.0,0.0
TESK2,0.1574488,0.0,0.0
TESPA1,0.04201272,0.0,0.0
TET1,0.28468794,0.0,1.0
TET2,0.28936937,0.0,1.0
TET3,0.28019705,0.0,1.0
TEX10,0.23646466,0.0,0.0
TEX11,0.11100065,0.0,0.0
TEX13A,0.102611214,0.0,0.0
TEX14,0.279779,0.0,-1.0
TEX264,0.074179694,0.0,0.0
TEX28,0.10459268,0.0,0.0
TEX30,0.076708905,0.0,0.0
TEX33,0.1738377,0.0,0.0
TEX35,0.18608487,0.0,0.0
TEX37,0.15612833,0.0,0.0
TEX44,9.258995e-06,0.0,-1.0
TEX9,0.092476554,0.0,0.0
TF,0.29094043,0.0,0.0
TFAM,0.16099365,0.0,0.0
TFAP2A,0.344826,0.0,-1.0
TFAP2B,0.29825142,0.0,-1.0
TFAP2C,0.21562684,0.0,-1.0
TFAP2D,0.18255554,0.0,-1.0
TFAP2E,0.10182926,0.0,0.0
TFAP4,0.27266538,0.0,-1.0
TFB1M,0.11748682,0.0,0.0
TFB2M,0.1584101,0.0,0.0
TFCP2,0.15840584,0.0,0.0
TFCP2L1,0.058943022,0.0,0.0
TFDP1,0.26397076,0.0,-1.0
TFDP2,0.20523539,0.0,-1.0
TFDP3,0.2246686,0.0,0.0
TFE3,0.31195536,0.0,1.0
TFEB,0.18758047,0.0,1.0
TFEC,0.097674735,0.0,0.0
TFF1,0.18333687,0.0,-1.0
TFF2,0.6239115,1.0,-1.0
TFF3,0.13580494,0.0,-1.0
TFG,0.2234554,0.0,1.0
TFIP11,0.24005663,0.0,0.0
TFPI,0.059319794,0.0,-1.0
TFPI2,0.18996768,0.0,0.0
TFPT,0.18112329,0.0,-1.0
TFR2,0.24992816,0.0,-1.0
TFRC,0.23118173,0.0,-1.0
TG,0.21880125,0.0,-1.0
TGDS,0.17923751,0.0,-1.0
TGFA,0.17573203,0.0,-1.0
TGFB1,0.5236983,1.0,-1.0
TGFB1I1,0.23994362,0.0,0.0
TGFB2,0.38020688,0.0,-1.0
TGFB3,0.34634766,0.0,-1.0
TGFBI,0.23349649,0.0,-1.0
TGFBR1,0.5180475,1.0,1.0
TGFBR2,0.5885026,1.0,1.0
TGFBR3,0.45088354,0.0,-1.0
TGFBRAP1,0.292753,0.0,-1.0
TGIF1,0.33972672,0.0,-1.0
TGIF2,0.13359869,0.0,0.0
TGIF2LY,0.12907964,0.0,0.0
TGM1,0.21242858,0.0,-1.0
TGM2,0.31670988,0.0,-1.0
TGM3,0.16530158,0.0,0.0
TGOLN2,0.31449237,0.0,0.0
TGS1,0.2398346,0.0,-1.0
TH,0.22231194,0.0,-1.0
THADA,0.1760985,0.0,-1.0
THAP1,0.20095682,0.0,-1.0
THAP10,0.1261551,0.0,0.0
THAP11,0.21017794,0.0,0.0
THAP12,0.16682415,0.0,-1.0
THAP2,0.17557485,0.0,0.0
THAP3,0.06371584,0.0,0.0
THAP4,0.1447125,0.0,0.0
THAP5,0.11088777,0.0,-1.0
THAP6,0.064229585,0.0,0.0
THAP7,0.18017752,0.0,0.0
THAP8,0.18696293,0.0,0.0
THBD,0.11214586,0.0,-1.0
THBS1,0.44123158,0.0,-1.0
THBS2,0.16626032,0.0,-1.0
THBS3,0.231293,0.0,-1.0
THEG,0.028958933,0.0,0.0
THEM4,0.088652976,0.0,0.0
THEM5,0.10373614,0.0,0.0
THEM6,0.14545405,0.0,0.0
THEMIS,0.16328242,0.0,0.0
THG1L,0.11826024,0.0,0.0
THNSL1,0.11672815,0.0,0.0
THNSL2,0.18570885,0.0,0.0
THOC1,0.19348136,0.0,0.0
THOC2,0.20723535,0.0,0.0
THOC3,0.12637138,0.0,0.0
THOC5,0.17023566,0.0,-1.0
THOC6,0.17568292,0.0,-1.0
THOC7,0.16200574,0.0,-1.0
THOP1,0.15838672,0.0,0.0
THPO,0.012801374,0.0,-1.0
THRA,0.43113124,0.0,-1.0
THRAP3,0.34135848,0.0,-1.0
THRB,0.45384303,0.0,-1.0
THRSP,0.35044363,0.0,-1.0
THSD7A,0.25912264,0.0,-1.0
THSD7B,0.22947872,0.0,-1.0
THTPA,0.07743269,0.0,0.0
THUMPD1,0.1927134,0.0,0.0
THUMPD2,0.1680495,0.0,0.0
THUMPD3,0.008655889,0.0,0.0
THY1,0.21307553,0.0,-1.0
THYN1,0.08531929,0.0,0.0
TIA1,0.21156421,0.0,-1.0
TIAF1,0.18081993,0.0,0.0
TIAL1,0.123833746,0.0,-1.0
TIAM1,0.44870806,0.0,-1.0
TIAM2,0.2874716,0.0,0.0
TICAM1,0.22436248,0.0,-1.0
TICAM2,0.21494645,0.0,-1.0
TICRR,0.06545223,0.0,0.0
TIE1,0.27079213,0.0,-1.0
TIFA,0.055321775,0.0,0.0
TIFAB,0.019900737,0.0,0.0
TIGAR,0.13577333,0.0,-1.0
TIGD1,0.07571318,0.0,0.0
TIGD4,0.1635931,0.0,0.0
TIGD5,0.1541227,0.0,0.0
TIGD7,0.13970807,0.0,0.0
TIGIT,0.17823721,0.0,-1.0
TIMELESS,0.29588035,0.0,0.0
TIMM10,0.12015326,0.0,0.0
TIMM10B,0.108187,0.0,0.0
TIMM13,0.18276927,0.0,0.0
TIMM17A,0.12369914,0.0,-1.0
TIMM17B,0.113940544,0.0,0.0
TIMM21,0.08795979,0.0,0.0
TIMM22,0.05807739,0.0,0.0
TIMM23,0.15323333,0.0,0.0
TIMM23B,0.09333762,0.0,0.0
TIMM29,0.05641546,0.0,0.0
TIMM44,0.18464501,0.0,0.0
TIMM50,0.27231994,0.0,0.0
TIMM8A,0.15017298,0.0,0.0
TIMM8B,0.16209649,0.0,0.0
TIMM9,0.123098314,0.0,0.0
TIMMDC1,0.09992275,0.0,0.0
TIMP1,0.107323155,0.0,-1.0
TIMP2,0.19726296,0.0,-1.0
TIMP3,0.123728774,0.0,-1.0
TIMP4,0.041556686,0.0,0.0
TINAG,0.04188663,0.0,0.0
TINAGL1,0.18671975,0.0,0.0
TINF2,0.17211042,0.0,-1.0
TIPARP,0.1462742,0.0,-1.0
TIPIN,0.18257385,0.0,-1.0
TIPRL,0.19341372,0.0,0.0
TIRAP,0.32745886,0.0,-1.0
TJAP1,0.13149673,0.0,0.0
TJP1,0.48144534,0.0,-1.0
TJP2,0.30182827,0.0,-1.0
TJP3,0.2014331,0.0,0.0
TK1,0.3640223,0.0,-1.0
TKFC,0.17602733,0.0,0.0
TKT,0.21897973,0.0,-1.0
TKTL2,0.12401153,0.0,-1.0
TLCD1,0.050517518,0.0,0.0
TLCD3A,0.125953,0.0,-1.0
TLE1,0.59156275,1.0,-1.0
TLE2,0.20590371,0.0,-1.0
TLE3,0.25387183,0.0,-1.0
TLE4,0.2773375,0.0,-1.0
TLE5,0.30864075,0.0,0.0
TLE6,0.14563219,0.0,0.0
TLK1,0.23286992,0.0,0.0
TLK2,0.23964061,0.0,0.0
TLL1,0.05936477,0.0,-1.0
TLN1,0.3046147,0.0,0.0
TLN2,0.2425281,0.0,0.0
TLNRD1,0.10087316,0.0,0.0
TLR1,0.21839793,0.0,0.0
TLR10,0.21272194,0.0,0.0
TLR2,0.40418538,0.0,-1.0
TLR3,0.31682554,0.0,-1.0
TLR4,0.32137766,0.0,-1.0
TLR5,0.24099566,0.0,-1.0
TLR6,0.18748221,0.0,-1.0
TLR7,0.24359405,0.0,-1.0
TLR8,0.18081057,0.0,0.0
TLR9,0.33022758,0.0,-1.0
TLX1,0.4204916,0.0,1.0
TLX2,0.2672337,0.0,0.0
TLX3,0.35579553,0.0,1.0
TM2D1,0.04920682,0.0,0.0
TM2D2,0.10205775,0.0,0.0
TM4SF1,0.23261842,0.0,-1.0
TM4SF19,0.010127954,0.0,0.0
TM4SF20,0.08037394,0.0,0.0
TM4SF4,0.07469567,0.0,0.0
TM6SF1,0.08086669,0.0,0.0
TM7SF2,0.15708196,0.0,0.0
TM7SF3,0.05648251,0.0,0.0
TM9SF1,0.0674685,0.0,-1.0
TM9SF2,0.117158525,0.0,0.0
TM9SF3,0.1380692,0.0,0.0
TM9SF4,0.11147467,0.0,0.0
TMA16,0.13190745,0.0,0.0
TMA7,0.04201272,0.0,0.0
TMBIM1,0.09216549,0.0,0.0
TMBIM4,0.108734496,0.0,0.0
TMBIM6,0.13619316,0.0,-1.0
TMC1,0.12568079,0.0,0.0
TMC6,0.17162076,0.0,-1.0
TMC8,0.119941905,0.0,-1.0
TMCC1,0.08119432,0.0,0.0
TMCC2,0.21721874,0.0,0.0
TMCC3,0.10805383,0.0,0.0
TMCO1,0.13843101,0.0,0.0
TMCO3,0.12125231,0.0,0.0
TMCO6,0.024968263,0.0,0.0
TMED1,0.12412318,0.0,0.0
TMED10,0.207229,0.0,0.0
TMED2,0.10667576,0.0,0.0
TMED3,0.107997045,0.0,0.0
TMED4,0.09276354,0.0,0.0
TMED5,0.15082403,0.0,0.0
TMED7,0.027855195,0.0,0.0
TMED8,0.019204611,0.0,0.0
TMED9,0.14726993,0.0,0.0
TMEFF1,0.26213503,0.0,0.0
TMEM100,0.09100688,0.0,0.0
TMEM101,0.098074056,0.0,0.0
TMEM102,0.06521677,0.0,0.0
TMEM104,0.086699806,0.0,-1.0
TMEM106A,0.0033573634,0.0,0.0
TMEM106B,0.039702494,0.0,-1.0
TMEM106C,0.10565017,0.0,0.0
TMEM107,0.077583924,0.0,0.0
TMEM108,0.11749969,0.0,0.0
TMEM109,0.058450107,0.0,0.0
TMEM11,0.15381433,0.0,0.0
TMEM115,0.094848536,0.0,0.0
TMEM120A,0.13694759,0.0,0.0
TMEM120B,0.057848115,0.0,0.0
TMEM123,0.06838294,0.0,0.0
TMEM126A,0.09659973,0.0,-1.0
TMEM126B,0.121393144,0.0,0.0
TMEM127,0.07768584,0.0,1.0
TMEM128,0.06611012,0.0,-1.0
TMEM129,0.21314822,0.0,0.0
TMEM131,0.16219075,0.0,0.0
TMEM132A,0.19227742,0.0,0.0
TMEM132C,0.08042976,0.0,-1.0
TMEM132D,0.16971986,0.0,-1.0
TMEM139,0.039371938,0.0,0.0
TMEM140,0.09572266,0.0,0.0
TMEM141,0.057192113,0.0,0.0
TMEM147,0.0918299,0.0,-1.0
TMEM14A,0.10474192,0.0,0.0
TMEM14B,0.12621583,0.0,0.0
TMEM14C,0.058480944,0.0,0.0
TMEM150A,0.10979619,0.0,0.0
TMEM150C,0.04106507,0.0,0.0
TMEM160,0.14382763,0.0,-1.0
TMEM161A,0.15113357,0.0,0.0
TMEM164,0.04801632,0.0,0.0
TMEM165,0.1344467,0.0,-1.0
TMEM167A,0.031578396,0.0,-1.0
TMEM167B,0.040316936,0.0,0.0
TMEM169,0.060183413,0.0,0.0
TMEM170A,0.0514677,0.0,0.0
TMEM174,0.032992125,0.0,0.0
TMEM176A,0.08728671,0.0,0.0
TMEM177,0.12908614,0.0,0.0
TMEM179B,0.059553068,0.0,0.0
TMEM18,0.05285854,0.0,0.0
TMEM182,0.08635599,0.0,0.0
TMEM183A,0.16219729,0.0,0.0
TMEM183BP,0.04201272,0.0,0.0
TMEM184C,0.1418335,0.0,0.0
TMEM185B,0.10343913,0.0,0.0
TMEM186,0.06217302,0.0,0.0
TMEM19,0.09400263,0.0,0.0
TMEM190,0.022097204,0.0,0.0
TMEM192,0.07152272,0.0,0.0
TMEM199,0.089276664,0.0,-1.0
TMEM203,0.09236394,0.0,0.0
TMEM205,0.06360351,0.0,0.0
TMEM207,0.030839225,0.0,0.0
TMEM208,0.06341162,0.0,-1.0
TMEM209,0.054897435,0.0,0.0
TMEM213,0.050739426,0.0,0.0
TMEM214,0.1002557,0.0,0.0
TMEM216,0.06774844,0.0,-1.0
TMEM218,0.0923289,0.0,0.0
TMEM222,0.09834506,0.0,0.0
TMEM223,0.07255277,0.0,0.0
TMEM225,0.04373272,0.0,0.0
TMEM230,0.11016253,0.0,0.0
TMEM231,0.09147589,0.0,0.0
TMEM233,0.078099914,0.0,0.0
TMEM234,0.05349842,0.0,0.0
TMEM237,0.094788335,0.0,0.0
TMEM239,0.11467347,0.0,0.0
TMEM241,0.079083405,0.0,0.0
TMEM242,0.085947946,0.0,0.0
TMEM248,0.08862818,0.0,0.0
TMEM25,0.12218335,0.0,0.0
TMEM252,0.043096595,0.0,0.0
TMEM253,0.10791476,0.0,-1.0
TMEM256,0.08511139,0.0,0.0
TMEM258,0.04201272,0.0,0.0
TMEM259,0.14147663,0.0,0.0
TMEM263,0.0905538,0.0,0.0
TMEM268,0.052866634,0.0,0.0
TMEM270,0.059223846,0.0,0.0
TMEM30A,0.05050762,0.0,-1.0
TMEM30B,0.06657521,0.0,0.0
TMEM31,0.1194233,0.0,0.0
TMEM33,0.18771604,0.0,0.0
TMEM37,0.12639628,0.0,0.0
TMEM38B,0.07035659,0.0,0.0
TMEM39A,0.06653262,0.0,0.0
TMEM39B,0.028629767,0.0,0.0
TMEM41A,0.0649398,0.0,0.0
TMEM41B,0.05458651,0.0,0.0
TMEM43,0.13319843,0.0,-1.0
TMEM44,0.050995704,0.0,0.0
TMEM45A,0.034796678,0.0,0.0
TMEM45B,0.024557406,0.0,0.0
TMEM50A,0.046802536,0.0,0.0
TMEM51,0.10951344,0.0,0.0
TMEM54,0.20183794,0.0,0.0
TMEM59,0.18383159,0.0,0.0
TMEM59L,0.10983669,0.0,0.0
TMEM62,0.22807077,0.0,0.0
TMEM63A,0.091690995,0.0,-1.0
TMEM63B,0.102171466,0.0,0.0
TMEM64,0.052622244,0.0,0.0
TMEM65,0.13163309,0.0,0.0
TMEM68,0.079589896,0.0,0.0
TMEM70,0.060062535,0.0,0.0
TMEM74,0.044748563,0.0,-1.0
TMEM74B,0.18864773,0.0,0.0
TMEM79,0.03170237,0.0,0.0
TMEM86A,0.068539396,0.0,-1.0
TMEM86B,0.054787174,0.0,0.0
TMEM87A,0.093188584,0.0,0.0
TMEM87B,0.091277935,0.0,0.0
TMEM9,0.11765742,0.0,0.0
TMEM92,0.052420575,0.0,0.0
TMEM94,0.037700515,0.0,0.0
TMEM97,0.09015648,0.0,0.0
TMEM98,0.15105686,0.0,0.0
TMEM9B,0.068493195,0.0,0.0
TMF1,0.23312415,0.0,0.0
TMOD1,0.24329929,0.0,0.0
TMOD2,0.09768427,0.0,0.0
TMOD3,0.19152096,0.0,0.0
TMOD4,0.22878683,0.0,0.0
TMPO,0.38132086,0.0,-1.0
TMPRSS11A,0.048892595,0.0,-1.0
TMPRSS11D,0.68218744,1.0,-1.0
TMPRSS15,0.08674398,0.0,0.0
TMPRSS3,0.033307817,0.0,-1.0
TMPRSS4,0.03723624,0.0,-1.0
TMPRSS5,0.15877873,0.0,-1.0
TMPRSS6,0.1614287,0.0,-1.0
TMSB10,0.12823705,0.0,-1.0
TMSB4X,0.2719837,0.0,-1.0
TMSB4Y,0.15343927,0.0,0.0
TMTC2,0.14945225,0.0,-1.0
TMTC3,0.20390636,0.0,-1.0
TMUB1,0.12780333,0.0,0.0
TMUB2,0.11402934,0.0,0.0
TMX1,0.1620538,0.0,0.0
TMX2,0.117789015,0.0,0.0
TMX3,0.1449164,0.0,-1.0
TMX4,0.100491434,0.0,0.0
TNC,0.27430275,0.0,1.0
TNF,0.27128905,0.0,-1.0
TNFAIP1,0.19576034,0.0,-1.0
TNFAIP2,0.14834316,0.0,0.0
TNFAIP3,0.32088393,0.0,1.0
TNFAIP6,0.17806469,0.0,-1.0
TNFAIP8,0.08785001,0.0,-1.0
TNFAIP8L1,0.16860597,0.0,0.0
TNFAIP8L2,0.21527426,0.0,0.0
TNFRSF10A,0.24642085,0.0,-1.0
TNFRSF10B,0.0972566,0.0,-1.0
TNFRSF10C,0.22858962,0.0,0.0
TNFRSF10D,0.33097684,0.0,0.0
TNFRSF11A,0.18931705,0.0,-1.0
TNFRSF11B,0.25391155,0.0,-1.0
TNFRSF12A,0.16371974,0.0,0.0
TNFRSF13B,0.2747649,0.0,-1.0
TNFRSF13C,0.12925652,0.0,-1.0
TNFRSF14,0.17799631,0.0,1.0
TNFRSF17,0.15603597,0.0,1.0
TNFRSF18,0.00010689735,0.0,0.0
TNFRSF19,0.1272643,0.0,0.0
TNFRSF1A,0.50432014,1.0,-1.0
TNFRSF1B,0.3414791,0.0,-1.0
TNFRSF21,0.19266728,0.0,-1.0
TNFRSF25,0.07584847,0.0,0.0
TNFRSF4,0.051654607,0.0,0.0
TNFRSF6B,0.13094583,0.0,-1.0
TNFRSF8,0.1318115,0.0,-1.0
TNFRSF9,0.11011786,0.0,0.0
TNFSF10,0.17686644,0.0,-1.0
TNFSF11,0.1816696,0.0,-1.0
TNFSF12-TNFSF13,0.173148,0.0,0.0
TNFSF13,0.2922903,0.0,0.0
TNFSF13B,0.17480677,0.0,-1.0
TNFSF14,0.17643234,0.0,0.0
TNFSF15,0.08341936,0.0,-1.0
TNFSF18,0.00010689735,0.0,-1.0
TNFSF4,0.037133127,0.0,-1.0
TNFSF8,0.16512701,0.0,-1.0
TNFSF9,0.1514444,0.0,0.0
TNIK,0.39275694,0.0,0.0
TNIP1,0.19449382,0.0,0.0
TNIP2,0.27648944,0.0,0.0
TNIP3,0.13520397,0.0,0.0
TNK1,0.16593428,0.0,0.0
TNK2,0.21067329,0.0,0.0
TNKS,0.333752,0.0,-1.0
TNKS1BP1,0.24862394,0.0,0.0
TNKS2,0.45442358,0.0,-1.0
TNMD,0.005194195,0.0,0.0
TNN,0.268819,0.0,-1.0
TNNC1,0.21404721,0.0,-1.0
TNNC2,0.099652514,0.0,0.0
TNNI1,0.14539835,0.0,0.0
TNNI2,0.15369247,0.0,0.0
TNNI3,0.1893523,0.0,-1.0
TNNI3K,0.07452394,0.0,0.0
TNNT1,0.30384144,0.0,-1.0
TNNT2,0.21426024,0.0,-1.0
TNNT3,0.16393381,0.0,0.0
TNP1,0.2111701,0.0,0.0
TNP2,0.1453391,0.0,0.0
TNPO1,0.13789365,0.0,-1.0
TNPO2,0.2151106,0.0,-1.0
TNPO3,0.16301385,0.0,0.0
TNR,0.24866934,0.0,-1.0
TNRC18,0.20781957,0.0,-1.0
TNRC6A,0.26433626,0.0,-1.0
TNRC6B,0.3030811,0.0,-1.0
TNRC6C,0.24240044,0.0,0.0
TNS1,0.28366008,0.0,0.0
TNS2,0.29144758,0.0,0.0
TNS3,0.3020729,0.0,0.0
TNS4,0.26301187,0.0,-1.0
TNXB,0.22619039,0.0,-1.0
TOB1,0.274901,0.0,-1.0
TOB2,0.26505896,0.0,-1.0
TOE1,0.19958273,0.0,0.0
TOGARAM1,0.14410312,0.0,0.0
TOLLIP,0.18283689,0.0,0.0
TOM1,0.24135563,0.0,0.0
TOM1L1,0.19045798,0.0,0.0
TOM1L2,0.26737207,0.0,0.0
TOMM20,0.15091027,0.0,0.0
TOMM22,0.1480402,0.0,0.0
TOMM34,0.1865479,0.0,0.0
TOMM40L,0.10014376,0.0,0.0
TOMM7,0.108370885,0.0,0.0
TOMM70,0.17424752,0.0,0.0
TONSL,0.24473718,0.0,0.0
TOP1,0.41917852,0.0,1.0
TOP1MT,0.07522243,0.0,0.0
TOP2A,0.49756253,0.0,-1.0
TOP3A,0.22443038,0.0,0.0
TOP3B,0.17556135,0.0,0.0
TOPAZ1,0.063513935,0.0,0.0
TOPBP1,0.31409535,0.0,0.0
TOPORS,0.24871,0.0,-1.0
TOR1A,0.18439917,0.0,-1.0
TOR1AIP1,0.18645346,0.0,0.0
TOR1AIP2,0.18831876,0.0,0.0
TOR1B,0.1849298,0.0,-1.0
TOR2A,0.12674539,0.0,0.0
TOR3A,0.15145849,0.0,0.0
TOR4A,0.13064912,0.0,0.0
TOX,0.22681232,0.0,-1.0
TOX2,0.030894734,0.0,0.0
TOX3,0.18557887,0.0,-1.0
TOX4,0.20153156,0.0,0.0
TP53,0.8045159,1.0,1.0
TP53AIP1,0.082766704,0.0,-1.0
TP53BP1,0.5197475,1.0,1.0
TP53BP2,0.41826168,0.0,-1.0
TP53I11,0.077635705,0.0,0.0
TP53I3,0.16668244,0.0,0.0
TP53INP1,0.108316205,0.0,-1.0
TP53INP2,0.09727391,0.0,0.0
TP53RK,0.121503405,0.0,-1.0
TP53TG3C,0.026893575,0.0,0.0
TP63,0.3876761,0.0,1.0
TP73,0.46327046,0.0,-1.0
TPBG,0.21191603,0.0,-1.0
TPCN1,0.08707861,0.0,0.0
TPCN2,0.08707861,0.0,0.0
TPD52,0.15317073,0.0,-1.0
TPD52L1,0.19012937,0.0,0.0
TPD52L2,0.16365212,0.0,0.0
TPD52L3,0.12766059,0.0,0.0
TPGS1,0.05265492,0.0,0.0
TPGS2,0.10493172,0.0,0.0
TPH1,0.08779638,0.0,0.0
TPH2,0.08364909,0.0,0.0
TPI1,0.17995466,0.0,0.0
TPK1,0.07851652,0.0,-1.0
TPM1,0.23662248,0.0,-1.0
TPM2,0.30692747,0.0,-1.0
TPM3,0.26403308,0.0,1.0
TPM4,0.24838194,0.0,1.0
TPMT,0.05452087,0.0,0.0
TPP1,0.13156314,0.0,-1.0
TPP2,0.18197618,0.0,0.0
TPPP,0.25639895,0.0,0.0
TPPP3,0.07680796,0.0,0.0
TPR,0.37468272,0.0,1.0
TPRG1L,0.015405272,0.0,-1.0
TPRKB,0.12167928,0.0,0.0
TPRN,0.16580157,0.0,0.0
TPSAB1,0.2879332,0.0,-1.0
TPST1,0.0853221,0.0,0.0
TPST2,0.08109043,0.0,0.0
TPT1,0.25773335,0.0,0.0
TPTE,0.06854615,0.0,-1.0
TPTE2,0.11585754,0.0,-1.0
TPX2,0.3358556,0.0,-1.0
TRA2A,0.27017343,0.0,0.0
TRA2B,0.18929617,0.0,0.0
TRABD,0.19309115,0.0,0.0
TRABD2A,0.12940742,0.0,0.0
TRABD2B,0.08828148,0.0,0.0
TRADD,0.30444127,0.0,0.0
TRAF1,0.3416828,0.0,-1.0
TRAF2,0.33184284,0.0,-1.0
TRAF3,0.2995092,0.0,1.0
TRAF3IP1,0.31147954,0.0,0.0
TRAF3IP2,0.1590918,0.0,-1.0
TRAF3IP3,0.2529715,0.0,-1.0
TRAF4,0.23844057,0.0,-1.0
TRAF5,0.20588736,0.0,1.0
TRAF6,0.4968303,0.0,-1.0
TRAF7,0.17336357,0.0,1.0
TRAFD1,0.10915912,0.0,0.0
TRAIP,0.22845359,0.0,-1.0
TRAK1,0.3336795,0.0,-1.0
TRAK2,0.24025947,0.0,0.0
TRAM1,0.2036654,0.0,0.0
TRAM2,0.15734363,0.0,0.0
TRANK1,0.08463917,0.0,0.0
TRAP1,0.2894608,0.0,-1.0
TRAPPC1,0.022550922,0.0,0.0
TRAPPC10,0.021159628,0.0,0.0
TRAPPC11,0.018283911,0.0,0.0
TRAPPC12,0.012184993,0.0,0.0
TRAPPC13,0.02475842,0.0,0.0
TRAPPC14,0.021904059,0.0,0.0
TRAPPC2,0.1736425,0.0,-1.0
TRAPPC2L,0.0132339755,0.0,-1.0
TRAPPC3,0.023361946,0.0,0.0
TRAPPC3L,0.01202312,0.0,0.0
TRAPPC4,0.022491839,0.0,0.0
TRAPPC5,0.062715285,0.0,0.0
TRAPPC6A,0.12701449,0.0,0.0
TRAPPC6B,0.01987907,0.0,0.0
TRAPPC8,0.011433679,0.0,0.0
TRAPPC9,0.11960851,0.0,-1.0
TRAT1,0.27128273,0.0,-1.0
TRDMT1,0.18201067,0.0,0.0
TRDN,0.00070952164,0.0,0.0
TREM1,0.049568612,0.0,0.0
TREML1,0.08169739,0.0,0.0
TRERF1,0.24302001,0.0,-1.0
TREX1,0.104333796,0.0,-1.0
TRH,0.048413016,0.0,0.0
TRHDE,0.26036316,0.0,-1.0
TRHR,0.041730948,0.0,-1.0
TRIAP1,0.13432433,0.0,-1.0
TRIB1,0.17817877,0.0,-1.0
TRIB2,0.2217721,0.0,-1.0
TRIB3,0.26442343,0.0,0.0
TRIL,0.114348434,0.0,0.0
TRIM10,0.16115485,0.0,0.0
TRIM11,0.16865599,0.0,0.0
TRIM13,0.17820697,0.0,0.0
TRIM14,0.14380158,0.0,0.0
TRIM15,0.087369315,0.0,0.0
TRIM16,0.20403281,0.0,0.0
TRIM16L,0.07565063,0.0,0.0
TRIM17,0.19174686,0.0,0.0
TRIM2,0.17410833,0.0,0.0
TRIM21,0.34570327,0.0,0.0
TRIM22,0.24223752,0.0,0.0
TRIM23,0.32690272,0.0,-1.0
TRIM24,0.33484888,0.0,1.0
TRIM25,0.31042778,0.0,0.0
TRIM26,0.16320021,0.0,0.0
TRIM27,0.3816976,0.0,1.0
TRIM28,0.40784287,0.0,-1.0
TRIM29,0.24143776,0.0,0.0
TRIM3,0.15227294,0.0,0.0
TRIM31,0.18488462,0.0,0.0
TRIM32,0.25118077,0.0,-1.0
TRIM33,0.25584468,0.0,1.0
TRIM34,0.14716382,0.0,0.0
TRIM35,0.14671585,0.0,0.0
TRIM36,0.22300327,0.0,0.0
TRIM37,0.33192405,0.0,-1.0
TRIM38,0.15877143,0.0,0.0
TRIM39,0.17203134,0.0,0.0
TRIM4,0.11223537,0.0,0.0
TRIM41,0.15046757,0.0,0.0
TRIM42,0.17114191,0.0,0.0
TRIM43,0.13910021,0.0,0.0
TRIM44,0.15453255,0.0,0.0
TRIM46,0.2569382,0.0,0.0
TRIM47,0.20313172,0.0,0.0
TRIM48,0.1940578,0.0,-1.0
TRIM49,0.16753706,0.0,0.0
TRIM49B,0.04319862,0.0,0.0
TRIM5,0.21518102,0.0,0.0
TRIM50,0.16153686,0.0,0.0
TRIM51,0.11492085,0.0,-1.0
TRIM52,0.069802895,0.0,0.0
TRIM54,0.20498304,0.0,0.0
TRIM55,0.19645172,0.0,0.0
TRIM56,0.1782835,0.0,0.0
TRIM58,0.22319825,0.0,-1.0
TRIM59,0.045170233,0.0,0.0
TRIM6,0.074610986,0.0,0.0
TRIM62,0.15470198,0.0,-1.0
TRIM63,0.35400873,0.0,0.0
TRIM65,0.14976853,0.0,0.0
TRIM68,0.21972725,0.0,0.0
TRIM69,0.13245703,0.0,0.0
TRIM7,0.110794574,0.0,0.0
TRIM71,0.10842268,0.0,-1.0
TRIM72,0.1891846,0.0,0.0
TRIM73,0.018436007,0.0,0.0
TRIM74,0.1777233,0.0,0.0
TRIM77,0.053336814,0.0,0.0
TRIM8,0.24445242,0.0,0.0
TRIM9,0.2201462,0.0,0.0
TRIML1,0.11988341,0.0,0.0
TRIO,0.3846268,0.0,-1.0
TRIOBP,0.18687119,0.0,-1.0
TRIP10,0.29054618,0.0,0.0
TRIP11,0.23414052,0.0,1.0
TRIP12,0.3773363,0.0,-1.0
TRIP13,0.32989794,0.0,1.0
TRIP4,0.32162285,0.0,0.0
TRIP6,0.27869982,0.0,0.0
TRIQK,0.022638302,0.0,0.0
TRIR,0.095793284,0.0,0.0
TRIT1,0.10726991,0.0,0.0
TRMO,0.2984594,0.0,0.0
TRMT1,0.18950698,0.0,0.0
TRMT10A,0.053733792,0.0,-1.0
TRMT10B,0.204389,0.0,-1.0
TRMT10C,0.1179147,0.0,-1.0
TRMT11,0.05493129,0.0,0.0
TRMT112,0.13874662,0.0,0.0
TRMT12,0.026503438,0.0,0.0
TRMT2A,0.2500328,0.0,0.0
TRMT2B,0.11270802,0.0,0.0
TRMT44,0.043517668,0.0,-1.0
TRMT5,0.07680713,0.0,0.0
TRMT6,0.13962112,0.0,0.0
TRMT61A,0.15841927,0.0,0.0
TRMT61B,0.20149729,0.0,0.0
TRMU,0.044897042,0.0,0.0
TRNAU1AP,0.04962361,0.0,0.0
TRNT1,0.1068627,0.0,0.0
TRO,0.23592183,0.0,-1.0
TROAP,0.23296227,0.0,0.0
TRPA1,0.22386417,0.0,-1.0
TRPC1,0.1471117,0.0,0.0
TRPC3,0.18325362,0.0,0.0
TRPC4,0.1901683,0.0,0.0
TRPC4AP,0.15904273,0.0,0.0
TRPC5,0.26644382,0.0,0.0
TRPC6,0.1453537,0.0,-1.0
TRPC7,0.12321507,0.0,-1.0
TRPM2,0.15564282,0.0,-1.0
TRPM4,0.07681181,0.0,0.0
TRPM6,0.32476428,0.0,-1.0
TRPM7,0.33961824,0.0,-1.0
TRPM8,0.17925075,0.0,-1.0
TRPS1,0.29895136,0.0,-1.0
TRPT1,0.04955044,0.0,0.0
TRPV1,0.15245457,0.0,-1.0
TRPV2,0.1463204,0.0,-1.0
TRPV3,0.053284004,0.0,0.0
TRPV4,0.12604761,0.0,-1.0
TRPV5,0.25150496,0.0,-1.0
TRPV6,0.15047486,0.0,-1.0
TRRAP,0.38669422,0.0,1.0
TRUB1,0.113971055,0.0,0.0
TRUB2,0.105807476,0.0,0.0
TSACC,0.12638359,0.0,0.0
TSC1,0.41410807,0.0,1.0
TSC2,0.39437893,0.0,1.0
TSC22D1,0.265554,0.0,-1.0
TSC22D2,0.06789366,0.0,0.0
TSC22D3,0.26538602,0.0,0.0
TSC22D4,0.205268,0.0,0.0
TSEN15,0.06894576,0.0,0.0
TSEN2,0.005030865,0.0,0.0
TSEN34,0.10142217,0.0,0.0
TSEN54,0.019534513,0.0,0.0
TSFM,0.13634539,0.0,0.0
TSG101,0.2360883,0.0,-1.0
TSGA10,0.23919185,0.0,0.0
TSGA10IP,0.13348122,0.0,0.0
TSHB,0.0066943094,0.0,0.0
TSHR,0.1782776,0.0,1.0
TSHZ2,0.23352458,0.0,-1.0
TSHZ3,0.1759102,0.0,-1.0
TSKS,0.22148116,0.0,0.0
TSKU,0.12396273,0.0,0.0
TSLP,0.2642157,0.0,0.0
TSN,0.16892368,0.0,-1.0
TSNAX,0.13324913,0.0,0.0
TSNAXIP1,0.13226941,0.0,0.0
TSPAN1,0.08438955,0.0,-1.0
TSPAN10,0.10372855,0.0,0.0
TSPAN12,0.12987134,0.0,0.0
TSPAN13,0.03362676,0.0,0.0
TSPAN14,0.18792957,0.0,0.0
TSPAN15,0.14486387,0.0,0.0
TSPAN17,0.0053239847,0.0,0.0
TSPAN2,0.11267298,0.0,0.0
TSPAN3,0.13552551,0.0,0.0
TSPAN33,0.06285202,0.0,0.0
TSPAN4,0.17697188,0.0,0.0
TSPAN5,0.057482645,0.0,0.0
TSPAN6,0.14551349,0.0,0.0
TSPAN7,0.12894382,0.0,-1.0
TSPAN9,0.039566647,0.0,0.0
TSPO,0.13576402,0.0,0.0
TSPOAP1,0.27663404,0.0,-1.0
TSPY1,0.19976185,0.0,-1.0
TSPY10,0.049942467,0.0,0.0
TSPY2,0.056993082,0.0,0.0
TSPY4,0.04201272,0.0,0.0
TSPY8,0.044431474,0.0,0.0
TSPYL1,0.19327326,0.0,-1.0
TSPYL2,0.27146485,0.0,-1.0
TSPYL4,0.1201302,0.0,-1.0
TSPYL5,0.08176642,0.0,0.0
TSR1,0.12355667,0.0,0.0
TSR2,0.13273875,0.0,0.0
TSR3,0.04201272,0.0,0.0
TSSC4,0.14562279,0.0,0.0
TSSK1B,0.20460908,0.0,0.0
TSSK2,0.14803699,0.0,0.0
TSSK3,0.08631004,0.0,0.0
TSSK4,0.16437931,0.0,0.0
TSSK6,0.25139233,0.0,0.0
TST,0.179032,0.0,0.0
TSTD2,0.20087142,0.0,0.0
TTBK1,0.3693117,0.0,0.0
TTBK2,0.30285922,0.0,-1.0
TTC1,0.23206377,0.0,0.0
TTC12,0.14062671,0.0,0.0
TTC13,0.10992599,0.0,0.0
TTC14,0.16761239,0.0,-1.0
TTC17,0.16217458,0.0,0.0
TTC19,0.21769904,0.0,0.0
TTC21B,0.102824874,0.0,-1.0
TTC23,0.13387904,0.0,0.0
TTC23L,0.12730901,0.0,0.0
TTC27,0.17897156,0.0,0.0
TTC28,0.2137737,0.0,0.0
TTC3,0.2928329,0.0,0.0
TTC30A,0.13091743,0.0,0.0
TTC30B,0.16557273,0.0,0.0
TTC32,0.15551078,0.0,0.0
TTC33,0.13221033,0.0,0.0
TTC34,0.058494,0.0,0.0
TTC36,0.030466681,0.0,0.0
TTC37,0.2281694,0.0,0.0
TTC38,0.14876433,0.0,0.0
TTC39C,0.1810962,0.0,0.0
TTC4,0.1722193,0.0,-1.0
TTC5,0.20747113,0.0,0.0
TTC7A,0.08914683,0.0,0.0
TTC7B,0.11239237,0.0,0.0
TTC8,0.091154166,0.0,-1.0
TTC9B,0.2098175,0.0,0.0
TTC9C,0.19979557,0.0,0.0
TTF1,0.2499242,0.0,0.0
TTF2,0.34258008,0.0,0.0
TTI1,0.20704721,0.0,0.0
TTI2,0.15258199,0.0,0.0
TTK,0.17501718,0.0,-1.0
TTLL10,0.1596669,0.0,0.0
TTLL12,0.22799897,0.0,0.0
TTLL3,0.021064395,0.0,-1.0
TTLL4,0.12631594,0.0,0.0
TTLL5,0.15680392,0.0,-1.0
TTLL6,0.27794138,0.0,0.0
TTLL7,0.09191011,0.0,0.0
TTN,0.7207385,1.0,-1.0
TTPA,0.18754908,0.0,-1.0
TTPAL,0.02270384,0.0,0.0
TTR,0.27235782,0.0,-1.0
TTYH1,0.02542318,0.0,0.0
TTYH2,0.10288379,0.0,0.0
TTYH3,0.1553036,0.0,0.0
TUB,0.2805853,0.0,0.0
TUBA1A,0.4380723,0.0,-1.0
TUBA1B,0.30017355,0.0,0.0
TUBA1C,0.2967878,0.0,-1.0
TUBA3C,0.2623937,0.0,-1.0
TUBA3E,0.15535429,0.0,0.0
TUBA4A,0.32316798,0.0,-1.0
TUBA4B,0.08768013,0.0,-1.0
TUBA8,0.16063125,0.0,-1.0
TUBB,0.49403703,0.0,0.0
TUBB1,0.27035433,0.0,-1.0
TUBB2A,0.30333742,0.0,0.0
TUBB2B,0.2672592,0.0,-1.0
TUBB3,0.2842118,0.0,0.0
TUBB4A,0.2942365,0.0,0.0
TUBB4B,0.30745757,0.0,0.0
TUBB6,0.26982945,0.0,0.0
TUBB8,0.17918503,0.0,0.0
TUBD1,0.16880228,0.0,0.0
TUBE1,0.12825139,0.0,0.0
TUBG1,0.36416328,0.0,0.0
TUBG2,0.107236475,0.0,0.0
TUBGCP2,0.20570798,0.0,0.0
TUBGCP3,0.19507274,0.0,0.0
TUBGCP4,0.13362351,0.0,0.0
TUBGCP6,0.19775613,0.0,-1.0
TUFM,0.18076102,0.0,0.0
TUFT1,0.15790518,0.0,0.0
TULP1,0.23608808,0.0,-1.0
TULP2,0.15705867,0.0,0.0
TULP3,0.1389491,0.0,0.0
TULP4,0.27024573,0.0,0.0
TUSC2,0.14022632,0.0,0.0
TUSC3,0.14303464,0.0,-1.0
TUT1,0.24725974,0.0,0.0
TUT4,0.12763926,0.0,0.0
TVP23B,0.04201272,0.0,0.0
TVP23C,0.056493174,0.0,0.0
TWF1,0.13930239,0.0,0.0
TWF2,0.16830471,0.0,0.0
TWIST1,0.44989455,0.0,-1.0
TWIST2,0.30526713,0.0,-1.0
TWNK,0.17307116,0.0,-1.0
TWSG1,0.15462682,0.0,0.0
TXK,0.28818673,0.0,0.0
TXLNA,0.14841159,0.0,0.0
TXLNB,0.16303341,0.0,0.0
TXLNG,0.1130358,0.0,0.0
TXN,0.26988518,0.0,-1.0
TXN2,0.23745456,0.0,0.0
TXNDC11,0.19598888,0.0,0.0
TXNDC12,0.16339509,0.0,0.0
TXNDC15,0.10196838,0.0,0.0
TXNDC16,0.2231386,0.0,0.0
TXNDC17,0.079726286,0.0,0.0
TXNDC5,0.16636142,0.0,0.0
TXNDC9,0.12628102,0.0,0.0
TXNIP,0.34800085,0.0,-1.0
TXNL1,0.16949975,0.0,0.0
TXNL4A,0.10120767,0.0,0.0
TXNL4B,0.14157502,0.0,0.0
TXNRD1,0.11933347,0.0,-1.0
TXNRD2,0.15288037,0.0,-1.0
TXNRD3,0.03517298,0.0,-1.0
TYK2,0.3616372,0.0,1.0
TYMP,0.21026258,0.0,-1.0
TYMS,0.15062776,0.0,-1.0
TYMSOS,0.12320769,0.0,0.0
TYR,0.03985912,0.0,-1.0
TYRO3,0.16405123,0.0,-1.0
TYROBP,0.18718012,0.0,-1.0
TYRP1,0.10287779,0.0,-1.0
TYSND1,0.14921561,0.0,-1.0
TYW1,0.14049087,0.0,0.0
U2AF1,0.1638017,0.0,1.0
U2AF1L4,0.17279795,0.0,0.0
U2AF2,0.22207466,0.0,-1.0
U2SURP,0.23129417,0.0,-1.0
UACA,0.31396675,0.0,-1.0
UAP1,0.21753515,0.0,-1.0
UBA1,0.2228987,0.0,0.0
UBA2,0.18214607,0.0,-1.0
UBA3,0.15037835,0.0,0.0
UBA5,0.15534997,0.0,0.0
UBA52,0.5531813,1.0,-1.0
UBA6,0.15423824,0.0,-1.0
UBA7,0.19674304,0.0,-1.0
UBAC1,0.24550568,0.0,-1.0
UBAC2,0.11042218,0.0,-1.0
UBALD1,0.08129436,0.0,0.0
UBAP1,0.07304493,0.0,0.0
UBAP2,0.18142149,0.0,0.0
UBAP2L,0.22655919,0.0,0.0
UBASH3A,0.21293156,0.0,0.0
UBASH3B,0.42778215,0.0,0.0
UBB,0.4619883,0.0,-1.0
UBC,2.3920851e-08,0.0,-1.0
UBD,0.22213608,0.0,-1.0
UBE2A,0.13527001,0.0,-1.0
UBE2B,0.27921927,0.0,0.0
UBE2C,0.26362115,0.0,-1.0
UBE2D1,0.30177808,0.0,-1.0
UBE2D2,0.19139266,0.0,-1.0
UBE2D3,0.13597947,0.0,0.0
UBE2D4,0.132248,0.0,0.0
UBE2E1,0.15968397,0.0,0.0
UBE2E2,0.17957838,0.0,0.0
UBE2E3,0.20796585,0.0,0.0
UBE2F,0.13298841,0.0,0.0
UBE2G1,0.15241222,0.0,0.0
UBE2G2,0.079512715,0.0,0.0
UBE2H,0.14591317,0.0,0.0
UBE2I,0.61386174,1.0,-1.0
UBE2J1,0.20760034,0.0,0.0
UBE2J2,0.1282402,0.0,-1.0
UBE2K,0.16775835,0.0,0.0
UBE2L3,0.2230091,0.0,0.0
UBE2L6,0.16827151,0.0,0.0
UBE2M,0.1926899,0.0,0.0
UBE2N,0.20184861,0.0,0.0
UBE2NL,0.11330797,0.0,0.0
UBE2O,0.26026562,0.0,0.0
UBE2Q1,0.14267318,0.0,0.0
UBE2Q2,0.16129123,0.0,0.0
UBE2QL1,0.07956143,0.0,0.0
UBE2R2,0.18129271,0.0,0.0
UBE2S,0.2501077,0.0,0.0
UBE2T,0.20359503,0.0,-1.0
UBE2U,0.13778746,0.0,0.0
UBE2V1,0.17394155,0.0,0.0
UBE2V2,0.19488733,0.0,0.0
UBE2W,0.12562722,0.0,0.0
UBE2Z,0.2085412,0.0,0.0
UBE3A,0.40639073,0.0,-1.0
UBE3B,0.12034534,0.0,0.0
UBE3C,0.17189777,0.0,0.0
UBE3D,0.12185507,0.0,0.0
UBE4A,0.1906168,0.0,0.0
UBE4B,0.18953757,0.0,0.0
UBFD1,0.20783326,0.0,0.0
UBIAD1,0.071667366,0.0,-1.0
UBL3,0.08617021,0.0,-1.0
UBL4A,0.23739576,0.0,0.0
UBL4B,0.06914065,0.0,0.0
UBL5,0.13620268,0.0,0.0
UBL7,0.20504692,0.0,-1.0
UBLCP1,0.11096354,0.0,0.0
UBN1,0.2133171,0.0,0.0
UBN2,0.07618492,0.0,0.0
UBOX5,0.14890827,0.0,0.0
UBP1,0.03596152,0.0,0.0
UBQLN1,0.037753455,0.0,0.0
UBQLN2,0.14859869,0.0,-1.0
UBQLN4,0.25135696,0.0,0.0
UBR1,0.36487755,0.0,-1.0
UBR2,0.25627887,0.0,-1.0
UBR3,0.18216732,0.0,-1.0
UBR4,0.31376034,0.0,0.0
UBR5,0.40197888,0.0,1.0
UBR7,0.15682714,0.0,0.0
UBTD1,0.17314035,0.0,0.0
UBTD2,0.06116691,0.0,0.0
UBTF,0.45135725,0.0,0.0
UBXN1,0.25985783,0.0,0.0
UBXN10,0.11286517,0.0,0.0
UBXN11,0.20924166,0.0,0.0
UBXN2A,0.12293178,0.0,0.0
UBXN2B,0.079709,0.0,0.0
UBXN4,0.16233408,0.0,0.0
UBXN6,0.25963572,0.0,0.0
UBXN7,0.18378837,0.0,-1.0
UBXN8,0.13320063,0.0,0.0
UCHL1,0.36130038,0.0,-1.0
UCHL3,0.2608328,0.0,0.0
UCHL5,0.30772403,0.0,-1.0
UCK1,0.06626444,0.0,0.0
UCK2,0.19113632,0.0,0.0
UCKL1,0.021993527,0.0,0.0
UCMA,0.08019501,0.0,0.0
UCN,0.0013105009,0.0,0.0
UCN2,0.047552355,0.0,0.0
UCN3,0.011979494,0.0,0.0
UCP1,0.13708453,0.0,0.0
UCP2,0.15629905,0.0,0.0
UCP3,0.17553715,0.0,-1.0
UEVLD,0.045643933,0.0,0.0
UFC1,0.18806206,0.0,0.0
UFD1,0.22689053,0.0,0.0
UFL1,0.16387238,0.0,0.0
UFM1,0.18933742,0.0,0.0
UFSP2,0.12786372,0.0,0.0
UGCG,0.18891646,0.0,0.0
UGDH,0.25559425,0.0,0.0
UGGT1,0.10487114,0.0,0.0
UGGT2,0.1281061,0.0,0.0
UGP2,0.22437495,0.0,0.0
UGT1A1,0.08147769,0.0,-1.0
UGT1A4,0.2327058,0.0,-1.0
UGT1A7,0.1109501,0.0,0.0
UGT2B4,0.0918876,0.0,0.0
UGT2B7,0.029121999,0.0,0.0
UGT8,0.079190485,0.0,0.0
UHMK1,0.24121268,0.0,-1.0
UHRF1,0.23144524,0.0,0.0
UHRF1BP1,0.21284889,0.0,0.0
UHRF1BP1L,0.20423509,0.0,0.0
UHRF2,0.41924414,0.0,-1.0
UIMC1,0.2890328,0.0,0.0
ULBP1,0.01546939,0.0,0.0
ULBP2,0.16977163,0.0,0.0
ULBP3,0.0098873405,0.0,0.0
ULK1,0.29835314,0.0,-1.0
ULK2,0.2842929,0.0,-1.0
ULK3,0.13026744,0.0,0.0
ULK4,0.09413056,0.0,0.0
UMAD1,0.041896306,0.0,0.0
UMOD,0.09610979,0.0,-1.0
UMPS,0.23329818,0.0,-1.0
UNC119,0.38679534,0.0,-1.0
UNC119B,0.11784044,0.0,0.0
UNC13A,0.3341909,0.0,0.0
UNC13B,0.16097337,0.0,0.0
UNC13D,0.12791747,0.0,-1.0
UNC45A,0.21110116,0.0,0.0
UNC45B,0.23841333,0.0,0.0
UNC50,0.07288196,0.0,0.0
UNC5A,0.07356562,0.0,0.0
UNC5B,0.121988304,0.0,0.0
UNC5C,0.041918773,0.0,-1.0
UNC5CL,0.12138535,0.0,0.0
UNC79,0.12902516,0.0,-1.0
UNC93B1,0.07635536,0.0,-1.0
UNCX,0.036987584,0.0,-1.0
UNG,0.24315718,0.0,-1.0
UNK,0.2681075,0.0,0.0
UNKL,0.21382439,0.0,0.0
UPF1,0.23462078,0.0,-1.0
UPF2,0.24567413,0.0,0.0
UPF3A,0.15980484,0.0,0.0
UPF3B,0.2382836,0.0,-1.0
UPK1A,0.0025933932,0.0,0.0
UPK1B,0.051974855,0.0,0.0
UPK2,0.0076355487,0.0,0.0
UPK3A,0.056639545,0.0,-1.0
UPK3B,0.042750884,0.0,0.0
UPK3BL1,0.04201272,0.0,0.0
UPP1,0.0931778,0.0,0.0
UPP2,0.1281632,0.0,0.0
UPRT,0.11223158,0.0,0.0
UQCC2,0.15578048,0.0,0.0
UQCC3,0.10074996,0.0,0.0
UQCR10,0.13360353,0.0,0.0
UQCR11,0.12507266,0.0,0.0
UQCRB,0.13681795,0.0,0.0
UQCRC1,0.22687659,0.0,0.0
UQCRC2,0.19344746,0.0,-1.0
UQCRFS1,0.07548875,0.0,0.0
UQCRH,0.11615996,0.0,0.0
UQCRQ,0.11632662,0.0,0.0
URB1,0.193364,0.0,-1.0
URB2,0.13721776,0.0,-1.0
URGCP,0.11859714,0.0,0.0
URI1,0.24024853,0.0,0.0
URM1,0.0950622,0.0,0.0
UROC1,0.06511912,0.0,0.0
UROD,0.16833289,0.0,-1.0
UROS,0.13673382,0.0,-1.0
USB1,0.16492145,0.0,-1.0
USE1,0.09842569,0.0,0.0
USF1,0.32096386,0.0,-1.0
USF2,0.09524998,0.0,0.0
USF3,0.038642865,0.0,0.0
USH1C,0.12600613,0.0,-1.0
USH1G,0.04356803,0.0,-1.0
USH2A,0.30534145,0.0,-1.0
USHBP1,0.36125895,0.0,0.0
USO1,0.20517628,0.0,0.0
USP1,0.344762,0.0,-1.0
USP10,0.26322863,0.0,-1.0
USP11,0.37919864,0.0,0.0
USP12,0.2562163,0.0,0.0
USP13,0.2993302,0.0,-1.0
USP14,0.121758536,0.0,0.0
USP15,0.19499071,0.0,-1.0
USP16,0.12541737,0.0,-1.0
USP17L1,0.056594234,0.0,0.0
USP17L2,0.17150325,0.0,0.0
USP17L7,0.11541209,0.0,0.0
USP18,0.18311766,0.0,0.0
USP19,0.30812436,0.0,0.0
USP2,0.15220365,0.0,0.0
USP20,0.24709381,0.0,0.0
USP21,0.34254396,0.0,0.0
USP22,0.3231309,0.0,0.0
USP24,0.23030928,0.0,-1.0
USP25,0.28288913,0.0,-1.0
USP26,0.15696707,0.0,0.0
USP27X,0.11469233,0.0,0.0
USP28,0.36038205,0.0,-1.0
USP29,0.22024925,0.0,-1.0
USP3,0.19834013,0.0,-1.0
USP30,0.12720579,0.0,0.0
USP31,0.17914583,0.0,-1.0
USP32,0.24623306,0.0,-1.0
USP33,0.2889534,0.0,0.0
USP34,0.23735218,0.0,0.0
USP35,0.122259796,0.0,0.0
USP36,0.15140489,0.0,0.0
USP37,0.25437236,0.0,0.0
USP38,0.17990682,0.0,-1.0
USP39,0.20817293,0.0,-1.0
USP4,0.27233848,0.0,-1.0
USP42,0.06201113,0.0,0.0
USP43,0.2424154,0.0,0.0
USP44,0.16298631,0.0,1.0
USP45,0.25575173,0.0,0.0
USP47,0.1857164,0.0,0.0
USP49,0.23163453,0.0,0.0
USP5,0.20680712,0.0,-1.0
USP50,0.21630047,0.0,0.0
USP51,0.24930769,0.0,-1.0
USP53,0.1954232,0.0,0.0
USP54,0.18804504,0.0,0.0
USP6,0.2962945,0.0,1.0
USP6NL,0.19401571,0.0,0.0
USP7,0.4262097,0.0,-1.0
USP8,0.2865705,0.0,1.0
USP9X,0.3886647,0.0,-1.0
USP9Y,0.17186233,0.0,-1.0
USPL1,0.16107853,0.0,0.0
UST,0.12819296,0.0,0.0
UTF1,0.08608209,0.0,0.0
UTP11,0.09191693,0.0,0.0
UTP14A,0.36780658,0.0,0.0
UTP14C,0.16433871,0.0,0.0
UTP15,0.14439468,0.0,0.0
UTP18,0.19725648,0.0,0.0
UTP20,0.26970726,0.0,-1.0
UTP23,0.103575595,0.0,0.0
UTP25,0.11264458,0.0,0.0
UTP3,0.15939237,0.0,-1.0
UTP4,0.13535288,0.0,0.0
UTP6,0.17158854,0.0,0.0
UTRN,0.33762994,0.0,0.0
UTS2,1.5893502e-05,0.0,-1.0
UTS2B,3.1960193e-05,0.0,0.0
UTS2R,3.049293e-06,0.0,0.0
UTY,0.241899,0.0,0.0
UVRAG,0.23383391,0.0,-1.0
UVSSA,0.16799594,0.0,0.0
UXS1,0.12571406,0.0,0.0
UXT,0.17958282,0.0,0.0
VAC14,0.119275205,0.0,-1.0
VAMP1,0.16233127,0.0,0.0
VAMP2,0.2047971,0.0,0.0
VAMP3,0.14634793,0.0,0.0
VAMP4,0.1231208,0.0,-1.0
VAMP5,0.13551326,0.0,0.0
VAMP7,0.23309553,0.0,0.0
VAMP8,0.16446307,0.0,-1.0
VANGL1,0.21260871,0.0,-1.0
VANGL2,0.24225739,0.0,0.0
VAPA,0.094537914,0.0,0.0
VAPB,0.05741465,0.0,-1.0
VARS1,0.27779582,0.0,0.0
VARS2,0.34936106,0.0,-1.0
VASH1,0.039252862,0.0,0.0
VASH2,0.0756362,0.0,0.0
VASN,0.22028616,0.0,0.0
VASP,0.24768852,0.0,0.0
VAT1,0.16849788,0.0,0.0
VAT1L,0.0714581,0.0,0.0
VAV1,0.5906069,1.0,1.0
VAV2,0.28146687,0.0,1.0
VAV3,0.348766,0.0,-1.0
VBP1,0.19030209,0.0,0.0
VCAM1,0.3019845,0.0,0.0
VCAN,0.24145766,0.0,-1.0
VCL,0.25785238,0.0,-1.0
VCP,0.5071824,1.0,-1.0
VCPIP1,0.14816342,0.0,-1.0
VCPKMT,0.17178662,0.0,0.0
VDAC1,0.25357002,0.0,-1.0
VDAC2,0.19680256,0.0,0.0
VDAC3,0.18813056,0.0,0.0
VDR,0.34235772,0.0,-1.0
VEGFA,0.3455718,0.0,1.0
VEGFB,0.26130968,0.0,-1.0
VEGFC,0.32825872,0.0,-1.0
VEGFD,0.29946682,0.0,-1.0
VENTX,0.14386638,0.0,0.0
VEPH1,0.124740936,0.0,-1.0
VEZF1,0.14484286,0.0,-1.0
VEZT,0.3011419,0.0,0.0
VGF,0.10339138,0.0,-1.0
VGLL1,0.045434043,0.0,0.0
VGLL2,0.010776356,0.0,0.0
VGLL3,0.033242222,0.0,0.0
VGLL4,0.09965807,0.0,0.0
VHL,0.44324976,0.0,1.0
VHLL,0.1827676,0.0,0.0
VIL1,0.29557458,0.0,0.0
VILL,0.14237584,0.0,-1.0
VIM,0.5212074,1.0,-1.0
VIP,0.06192846,0.0,-1.0
VIPAS39,0.15431039,0.0,-1.0
VIPR1,0.10861823,0.0,0.0
VIPR2,0.02483298,0.0,0.0
VIRMA,0.033984024,0.0,-1.0
VKORC1,0.047453195,0.0,0.0
VKORC1L1,0.05766544,0.0,0.0
VLDLR,0.23344937,0.0,0.0
VMA21,0.1382672,0.0,-1.0
VMP1,0.14760336,0.0,-1.0
VNN2,0.12032478,0.0,0.0
VOPP1,0.14628696,0.0,0.0
VPREB1,0.15124416,0.0,0.0
VPREB3,0.092657484,0.0,0.0
VPS11,0.18824956,0.0,0.0
VPS13A,0.3225078,0.0,-1.0
VPS13C,0.19693872,0.0,0.0
VPS13D,0.32329604,0.0,0.0
VPS16,0.1735183,0.0,0.0
VPS18,0.2407728,0.0,0.0
VPS25,0.13288409,0.0,0.0
VPS26A,0.20843044,0.0,0.0
VPS26B,0.119457304,0.0,0.0
VPS26C,0.058421034,0.0,0.0
VPS28,0.1391868,0.0,0.0
VPS29,0.11461849,0.0,0.0
VPS33A,0.16111974,0.0,0.0
VPS33B,0.16056535,0.0,0.0
VPS35,0.19800861,0.0,-1.0
VPS35L,0.04201272,0.0,0.0
VPS36,0.12264301,0.0,0.0
VPS37A,0.08430686,0.0,0.0
VPS37B,0.17376155,0.0,0.0
VPS37C,0.20376107,0.0,0.0
VPS37D,0.13020507,0.0,0.0
VPS39,0.22616611,0.0,0.0
VPS41,0.1930836,0.0,0.0
VPS45,0.27069086,0.0,-1.0
VPS4A,0.152804,0.0,0.0
VPS4B,0.19665577,0.0,0.0
VPS51,0.08855428,0.0,-1.0
VPS52,0.14798616,0.0,0.0
VPS54,0.1313287,0.0,0.0
VPS72,0.21178326,0.0,0.0
VPS8,0.13816942,0.0,0.0
VPS9D1,0.04201272,0.0,0.0
VRK1,0.23835361,0.0,-1.0
VRK2,0.26289812,0.0,-1.0
VRK3,0.1638248,0.0,0.0
VSIG10,0.06406001,0.0,0.0
VSIG4,0.24882756,0.0,0.0
VSIG8,0.14237984,0.0,0.0
VSIR,0.10843827,0.0,0.0
VSNL1,0.13236272,0.0,0.0
VSTM2A,0.18315968,0.0,0.0
VSTM2L,0.14119773,0.0,-1.0
VSX2,0.120684996,0.0,-1.0
VTA1,0.20033659,0.0,0.0
VTI1A,0.09230687,0.0,-1.0
VTI1B,0.10010324,0.0,0.0
VTN,0.35355264,0.0,-1.0
VWA1,0.029492991,0.0,0.0
VWA2,0.028572083,0.0,0.0
VWA5A,0.17468438,0.0,0.0
VWA5B2,0.1950282,0.0,0.0
VWA7,0.05906653,0.0,-1.0
VWA8,0.19982459,0.0,0.0
VWDE,0.07179299,0.0,0.0
VWF,0.5426936,1.0,-1.0
WAC,0.19199455,0.0,-1.0
WAPL,0.20878914,0.0,-1.0
WARS1,0.17844997,0.0,0.0
WAS,0.5583531,1.0,1.0
WASF1,0.33520347,0.0,-1.0
WASF2,0.3976472,0.0,-1.0
WASF3,0.2415358,0.0,-1.0
WASHC1,0.1588533,0.0,0.0
WASHC2A,0.15186873,0.0,0.0
WASHC2C,0.115920104,0.0,0.0
WASHC3,0.20178217,0.0,0.0
WASHC4,0.1723939,0.0,0.0
WASHC5,0.17917518,0.0,-1.0
WASL,0.42228413,0.0,0.0
WBP1,0.24538988,0.0,0.0
WBP11,0.31618336,0.0,-1.0
WBP1L,0.08557211,0.0,0.0
WBP2,0.24639846,0.0,0.0
WBP4,0.15448384,0.0,-1.0
WDCP,0.20243378,0.0,1.0
WDFY1,0.049728263,0.0,0.0
WDFY2,0.09642178,0.0,0.0
WDFY3,0.19230816,0.0,-1.0
WDFY4,0.21773851,0.0,0.0
WDHD1,0.25587732,0.0,0.0
WDR1,0.16873583,0.0,0.0
WDR11,0.20176055,0.0,-1.0
WDR12,0.17400604,0.0,-1.0
WDR13,0.16100392,0.0,0.0
WDR17,0.056069408,0.0,0.0
WDR18,0.23145016,0.0,0.0
WDR19,0.13278747,0.0,0.0
WDR24,0.08885088,0.0,-1.0
WDR25,0.13921936,0.0,0.0
WDR26,0.13635549,0.0,0.0
WDR27,0.02854792,0.0,0.0
WDR3,0.20550819,0.0,0.0
WDR31,0.055855457,0.0,0.0
WDR33,0.2653081,0.0,0.0
WDR36,0.19102602,0.0,-1.0
WDR37,0.18613543,0.0,0.0
WDR4,0.11476224,0.0,0.0
WDR41,0.04133782,0.0,0.0
WDR43,0.16118605,0.0,0.0
WDR44,0.20686151,0.0,0.0
WDR45,0.13656616,0.0,-1.0
WDR45B,0.08813058,0.0,0.0
WDR46,0.12862664,0.0,0.0
WDR47,0.17305374,0.0,0.0
WDR48,0.2010846,0.0,-1.0
WDR5,0.45090318,0.0,0.0
WDR53,0.061183643,0.0,0.0
WDR54,0.10551946,0.0,0.0
WDR55,0.12215505,0.0,0.0
WDR59,0.17934819,0.0,0.0
WDR5B,0.13523449,0.0,0.0
WDR6,0.2400248,0.0,0.0
WDR61,0.25453255,0.0,0.0
WDR62,0.23684405,0.0,-1.0
WDR7,0.19531602,0.0,-1.0
WDR70,0.16986172,0.0,0.0
WDR73,0.17174627,0.0,0.0
WDR74,0.14764008,0.0,-1.0
WDR75,0.161808,0.0,-1.0
WDR76,0.13556871,0.0,0.0
WDR77,0.26250792,0.0,-1.0
WDR81,0.1214482,0.0,0.0
WDR82,0.23252548,0.0,-1.0
WDR83,0.22482915,0.0,0.0
WDR83OS,0.058683492,0.0,0.0
WDR87,0.13372733,0.0,0.0
WDR88,0.10685702,0.0,0.0
WDR89,0.15096533,0.0,0.0
WDR90,0.18506208,0.0,-1.0
WDR91,0.14543383,0.0,0.0
WDR97,0.1564759,0.0,0.0
WDTC1,0.20849015,0.0,-1.0
WEE1,0.28896475,0.0,-1.0
WFDC1,0.26906455,0.0,-1.0
WFDC10B,0.08583647,0.0,0.0
WFDC2,0.005739684,0.0,0.0
WFDC5,0.19636898,0.0,0.0
WFDC8,0.06090013,0.0,0.0
WFDC9,0.060808495,0.0,0.0
WFIKKN1,0.16402999,0.0,0.0
WFIKKN2,0.17045605,0.0,0.0
WFS1,0.17881365,0.0,-1.0
WHRN,0.2358126,0.0,-1.0
WIF1,0.22220135,0.0,1.0
WIPF1,0.321753,0.0,0.0
WIPF2,0.19236992,0.0,-1.0
WIPF3,0.14707372,0.0,0.0
WIPI1,0.23306741,0.0,0.0
WIPI2,0.15752314,0.0,0.0
WIZ,0.21082963,0.0,0.0
WLS,0.22252077,0.0,-1.0
WNK1,0.37089515,0.0,-1.0
WNK2,0.31513542,0.0,1.0
WNK3,0.2237795,0.0,0.0
WNK4,0.27222827,0.0,-1.0
WNT1,0.35657147,0.0,-1.0
WNT10B,0.11420476,0.0,-1.0
WNT11,0.13205229,0.0,-1.0
WNT2,0.16676913,0.0,-1.0
WNT2B,0.063411705,0.0,-1.0
WNT3,0.17572293,0.0,-1.0
WNT3A,0.28506845,0.0,-1.0
WNT4,0.4745463,0.0,-1.0
WNT5A,0.24381216,0.0,-1.0
WNT5B,0.12873164,0.0,-1.0
WNT7A,0.1520169,0.0,-1.0
WNT7B,0.19545862,0.0,-1.0
WNT8A,0.014846307,0.0,-1.0
WNT9B,0.15631804,0.0,-1.0
WRAP53,0.15936917,0.0,-1.0
WRAP73,0.14216165,0.0,-1.0
WRN,0.32742542,0.0,1.0
WRNIP1,0.11065015,0.0,0.0
WSB1,0.20118852,0.0,0.0
WSB2,0.23579715,0.0,0.0
WT1,0.3286205,0.0,1.0
WTAP,0.12537847,0.0,0.0
WTIP,0.22807881,0.0,-1.0
WWC1,0.1506412,0.0,-1.0
WWC2,0.21678145,0.0,0.0
WWC3,0.18545139,0.0,0.0
WWOX,0.20346394,0.0,-1.0
WWP1,0.4392619,0.0,1.0
WWP2,0.3051012,0.0,0.0
WWTR1,0.32678044,0.0,1.0
XAB2,0.17962246,0.0,0.0
XAGE1B,0.15557197,0.0,0.0
XAGE2,0.1459257,0.0,0.0
XAGE3,0.06514682,0.0,0.0
XBP1,0.22211911,0.0,1.0
XCL1,0.040224325,0.0,0.0
XCL2,0.017698217,0.0,-1.0
XCR1,0.014729222,0.0,0.0
XDH,0.21979201,0.0,-1.0
XIAP,0.29019526,0.0,1.0
XIRP1,0.24880455,0.0,-1.0
XIRP2,0.18555248,0.0,-1.0
XK,0.12188309,0.0,-1.0
XKR3,0.038833,0.0,0.0
XKR8,0.116000585,0.0,0.0
XPA,0.33223614,0.0,1.0
XPC,0.16474186,0.0,1.0
XPNPEP1,0.17284068,0.0,0.0
XPNPEP3,0.14747688,0.0,0.0
XPO1,0.49217328,0.0,1.0
XPO4,0.20776603,0.0,-1.0
XPO5,0.2927394,0.0,0.0
XPO6,0.22866103,0.0,0.0
XPO7,0.26665378,0.0,0.0
XPOT,0.25692505,0.0,0.0
XRCC1,0.24738654,0.0,0.0
XRCC2,0.26204836,0.0,1.0
XRCC3,0.52341086,1.0,-1.0
XRCC4,0.16866244,0.0,0.0
XRCC5,0.5114939,1.0,-1.0
XRCC6,0.5449066,1.0,-1.0
XRN1,0.21911095,0.0,-1.0
XRN2,0.14969084,0.0,0.0
XXYLT1,0.05235056,0.0,-1.0
XYLB,0.092258535,0.0,0.0
XYLT1,0.2274011,0.0,0.0
YAE1,0.09400252,0.0,-1.0
YAF2,0.25942972,0.0,0.0
YAP1,0.46283025,0.0,1.0
YARS1,0.12917468,0.0,-1.0
YARS2,0.08992951,0.0,0.0
YBEY,0.1421597,0.0,0.0
YBX1,0.33341178,0.0,-1.0
YBX2,0.105664544,0.0,0.0
YBX3,0.23642392,0.0,-1.0
YDJC,0.0178685,0.0,0.0
YEATS2,0.24220872,0.0,0.0
YEATS4,0.33601788,0.0,-1.0
YES1,0.43392393,0.0,1.0
YIF1A,0.0660811,0.0,0.0
YIF1B,0.09018526,0.0,0.0
YIPF1,0.084585205,0.0,0.0
YIPF2,0.08651146,0.0,0.0
YIPF3,0.122493684,0.0,0.0
YIPF4,0.08094683,0.0,0.0
YIPF5,0.05677648,0.0,0.0
YIPF6,0.081886046,0.0,0.0
YJU2,0.12665492,0.0,0.0
YJU2B,0.20928228,0.0,0.0
YKT6,0.14474067,0.0,0.0
YLPM1,0.26837295,0.0,0.0
YME1L1,0.18140243,0.0,0.0
YOD1,0.15610151,0.0,0.0
YPEL1,0.028459273,0.0,0.0
YPEL2,0.13877474,0.0,0.0
YPEL3,0.16019632,0.0,-1.0
YPEL5,0.13385308,0.0,-1.0
YRDC,0.07641833,0.0,0.0
YTHDC1,0.23596509,0.0,0.0
YTHDC2,0.18554062,0.0,0.0
YTHDF1,0.20171425,0.0,0.0
YTHDF2,0.06667218,0.0,-1.0
YTHDF3,0.17062366,0.0,0.0
YWHAB,0.39447573,0.0,0.0
YWHAE,0.46944076,0.0,1.0
YWHAG,0.52021873,1.0,0.0
YWHAH,0.405425,0.0,0.0
YWHAQ,0.52257854,1.0,0.0
YWHAZ,0.5889039,1.0,0.0
YY1,0.53605086,1.0,1.0
YY1AP1,0.21310402,0.0,-1.0
YY2,0.19621997,0.0,0.0
ZADH2,0.112332985,0.0,0.0
ZAP70,0.37967154,0.0,-1.0
ZBED1,0.1422447,0.0,0.0
ZBED10P,0.11997752,0.0,0.0
ZBED2,0.1251886,0.0,0.0
ZBED4,0.24074262,0.0,0.0
ZBED5,0.15044884,0.0,0.0
ZBED8,0.15036401,0.0,0.0
ZBP1,0.16936803,0.0,0.0
ZBTB1,0.15891679,0.0,0.0
ZBTB10,0.1807628,0.0,0.0
ZBTB11,0.18492115,0.0,0.0
ZBTB12,0.10110988,0.0,0.0
ZBTB14,0.15431927,0.0,0.0
ZBTB16,0.57272625,1.0,1.0
ZBTB17,0.2598044,0.0,-1.0
ZBTB18,0.08783145,0.0,0.0
ZBTB2,0.21816233,0.0,0.0
ZBTB20,0.25283086,0.0,1.0
ZBTB21,0.087161146,0.0,0.0
ZBTB22,0.22960578,0.0,0.0
ZBTB24,0.16830945,0.0,0.0
ZBTB25,0.16125701,0.0,0.0
ZBTB26,0.12268309,0.0,0.0
ZBTB3,0.22489418,0.0,0.0
ZBTB32,0.3880665,0.0,0.0
ZBTB33,0.2965458,0.0,-1.0
ZBTB34,0.07188522,0.0,0.0
ZBTB37,0.20291764,0.0,0.0
ZBTB38,0.15144505,0.0,0.0
ZBTB39,0.08056199,0.0,0.0
ZBTB4,0.17593797,0.0,0.0
ZBTB40,0.17454842,0.0,-1.0
ZBTB41,0.18649141,0.0,0.0
ZBTB43,0.21137184,0.0,0.0
ZBTB44,0.18071036,0.0,0.0
ZBTB45,0.090261236,0.0,0.0
ZBTB46,0.14677253,0.0,0.0
ZBTB47,0.21226351,0.0,0.0
ZBTB48,0.1379112,0.0,-1.0
ZBTB49,0.14845708,0.0,0.0
ZBTB5,0.15677324,0.0,-1.0
ZBTB6,0.23753987,0.0,0.0
ZBTB7A,0.414452,0.0,-1.0
ZBTB7B,0.23203011,0.0,-1.0
ZBTB8A,0.19513938,0.0,0.0
ZBTB8B,0.12986977,0.0,0.0
ZBTB8OS,0.10442938,0.0,0.0
ZBTB9,0.21080963,0.0,0.0
ZC2HC1A,0.05974385,0.0,0.0
ZC2HC1C,0.14603065,0.0,0.0
ZC3H10,0.17713429,0.0,0.0
ZC3H11A,0.18382052,0.0,-1.0
ZC3H12A,0.24042895,0.0,-1.0
ZC3H12C,0.09564125,0.0,0.0
ZC3H13,0.22561322,0.0,-1.0
ZC3H14,0.17984942,0.0,0.0
ZC3H15,0.13624626,0.0,0.0
ZC3H18,0.23570286,0.0,-1.0
ZC3H3,0.07787293,0.0,0.0
ZC3H4,0.15499572,0.0,-1.0
ZC3H6,0.2534629,0.0,0.0
ZC3H7A,0.20894855,0.0,0.0
ZC3H7B,0.21891628,0.0,0.0
ZC3H8,0.14543107,0.0,-1.0
ZC3HAV1,0.14265218,0.0,0.0
ZC3HAV1L,0.12567256,0.0,0.0
ZC3HC1,0.22005613,0.0,-1.0
ZC4H2,0.13290037,0.0,-1.0
ZCCHC10,0.15871948,0.0,0.0
ZCCHC12,0.16466045,0.0,-1.0
ZCCHC13,0.12978679,0.0,0.0
ZCCHC14,0.16192739,0.0,0.0
ZCCHC17,0.17863943,0.0,0.0
ZCCHC2,0.052806806,0.0,-1.0
ZCCHC3,0.16239607,0.0,0.0
ZCCHC7,0.1506493,0.0,0.0
ZCCHC8,0.23840071,0.0,-1.0
ZCCHC9,0.031089433,0.0,0.0
ZCRB1,0.093147926,0.0,-1.0
ZCWPW2,0.086415336,0.0,-1.0
ZDBF2,0.2515523,0.0,-1.0
ZDHHC1,0.10400307,0.0,0.0
ZDHHC12,0.07572409,0.0,0.0
ZDHHC13,0.041728064,0.0,0.0
ZDHHC16,0.17801999,0.0,0.0
ZDHHC17,0.02701187,0.0,0.0
ZDHHC2,0.13758068,0.0,-1.0
ZDHHC21,0.14562099,0.0,0.0
ZDHHC22,0.0089476835,0.0,0.0
ZDHHC23,0.14697143,0.0,0.0
ZDHHC24,0.101003565,0.0,0.0
ZDHHC3,0.16153811,0.0,-1.0
ZDHHC5,0.08952071,0.0,0.0
ZDHHC6,0.12573138,0.0,0.0
ZDHHC7,0.061324973,0.0,-1.0
ZDHHC9,0.10003771,0.0,-1.0
ZEB1,0.32274526,0.0,1.0
ZEB2,0.30822322,0.0,-1.0
ZER1,0.120718345,0.0,0.0
ZFAND1,0.029616173,0.0,0.0
ZFAND2A,0.09568545,0.0,0.0
ZFAND2B,0.14949481,0.0,0.0
ZFAND3,0.113412805,0.0,0.0
ZFAND4,0.062825315,0.0,0.0
ZFAND5,0.14182718,0.0,0.0
ZFAND6,0.1643591,0.0,0.0
ZFAT,0.09305617,0.0,0.0
ZFC3H1,0.20484154,0.0,0.0
ZFHX2,0.064731516,0.0,0.0
ZFHX3,0.2422774,0.0,1.0
ZFHX4,0.34560058,0.0,-1.0
ZFP1,0.1349397,0.0,0.0
ZFP14,0.10794818,0.0,-1.0
ZFP2,0.13203533,0.0,0.0
ZFP28,0.16156752,0.0,0.0
ZFP36,0.31105077,0.0,-1.0
ZFP36L1,0.20838241,0.0,1.0
ZFP36L2,0.13902324,0.0,-1.0
ZFP42,0.21167259,0.0,0.0
ZFP57,0.12252854,0.0,-1.0
ZFP64,0.1994236,0.0,-1.0
ZFP69B,0.053347133,0.0,0.0
ZFP82,0.025929611,0.0,0.0
ZFP91,0.1863251,0.0,-1.0
ZFPL1,0.09758633,0.0,0.0
ZFPM1,0.27456322,0.0,-1.0
ZFPM2,0.36249003,0.0,-1.0
ZFR,0.23067787,0.0,0.0
ZFX,0.09285274,0.0,-1.0
ZFYVE1,0.12742339,0.0,0.0
ZFYVE16,0.25784028,0.0,0.0
ZFYVE19,0.22275338,0.0,-1.0
ZFYVE21,0.14480405,0.0,0.0
ZFYVE26,0.13578513,0.0,-1.0
ZFYVE27,0.18992805,0.0,-1.0
ZFYVE28,0.16544971,0.0,0.0
ZFYVE9,0.35323194,0.0,0.0
ZG16,0.11412863,0.0,-1.0
ZG16B,0.12162808,0.0,0.0
ZGPAT,0.17314562,0.0,0.0
ZGRF1,0.04201272,0.0,0.0
ZHX1,0.31578633,0.0,0.0
ZHX1-C8orf76,0.05267783,0.0,0.0
ZHX2,0.24291676,0.0,-1.0
ZHX3,0.23626833,0.0,0.0
ZIC1,0.32295975,0.0,-1.0
ZIC2,0.28737882,0.0,-1.0
ZIC3,0.24763697,0.0,-1.0
ZIC4,0.115007274,0.0,-1.0
ZIM3,0.061613873,0.0,0.0
ZKSCAN1,0.12682305,0.0,0.0
ZKSCAN3,0.113502055,0.0,-1.0
ZKSCAN4,0.109273165,0.0,0.0
ZKSCAN5,0.19895475,0.0,0.0
ZKSCAN7,0.11106923,0.0,0.0
ZKSCAN8,0.12170966,0.0,0.0
ZMAT1,0.1735439,0.0,0.0
ZMAT2,0.14871638,0.0,0.0
ZMAT3,0.17784108,0.0,-1.0
ZMAT4,0.08247579,0.0,0.0
ZMIZ1,0.28879923,0.0,-1.0
ZMIZ2,0.1985103,0.0,0.0
ZMPSTE24,0.13708144,0.0,0.0
ZMYM1,0.073689744,0.0,0.0
ZMYM2,0.43117633,0.0,1.0
ZMYM3,0.26559302,0.0,1.0
ZMYM4,0.27252355,0.0,0.0
ZMYM5,0.1917751,0.0,0.0
ZMYM6,0.2344734,0.0,0.0
ZMYND10,0.06686914,0.0,-1.0
ZMYND11,0.22318175,0.0,0.0
ZMYND19,0.08085576,0.0,0.0
ZMYND8,0.27344695,0.0,-1.0
ZNF10,0.18391724,0.0,0.0
ZNF100,0.13613836,0.0,0.0
ZNF101,0.1487843,0.0,0.0
ZNF106,0.24182466,0.0,0.0
ZNF107,0.21137659,0.0,0.0
ZNF114,0.07118587,0.0,0.0
ZNF12,0.08895683,0.0,0.0
ZNF121,0.14884885,0.0,0.0
ZNF124,0.12140561,0.0,0.0
ZNF131,0.03130053,0.0,-1.0
ZNF133,0.17613491,0.0,-1.0
ZNF135,0.23804423,0.0,0.0
ZNF136,0.122262806,0.0,0.0
ZNF138,0.108346485,0.0,0.0
ZNF14,0.07212039,0.0,0.0
ZNF140,0.09803123,0.0,0.0
ZNF141,0.12786058,0.0,0.0
ZNF142,0.13853146,0.0,0.0
ZNF143,0.12900843,0.0,-1.0
ZNF146,0.14422338,0.0,-1.0
ZNF148,0.17842136,0.0,0.0
ZNF155,0.11121418,0.0,0.0
ZNF16,0.22587073,0.0,0.0
ZNF160,0.2131121,0.0,0.0
ZNF165,0.120047346,0.0,-1.0
ZNF169,0.124732874,0.0,0.0
ZNF17,0.11357369,0.0,0.0
ZNF174,0.14714675,0.0,0.0
ZNF175,0.18170601,0.0,0.0
ZNF177,0.026405696,0.0,0.0
ZNF18,0.15475605,0.0,0.0
ZNF180,0.14085144,0.0,-1.0
ZNF181,0.11379297,0.0,-1.0
ZNF184,0.06648506,0.0,0.0
ZNF185,0.06896595,0.0,0.0
ZNF189,0.2864066,0.0,0.0
ZNF197,0.1722465,0.0,0.0
ZNF2,0.14233278,0.0,0.0
ZNF20,0.10128544,0.0,0.0
ZNF200,0.12163825,0.0,0.0
ZNF202,0.12558609,0.0,0.0
ZNF205,0.14066488,0.0,0.0
ZNF207,0.19237782,0.0,-1.0
ZNF208,0.097851425,0.0,-1.0
ZNF211,0.11594451,0.0,0.0
ZNF212,0.15892234,0.0,0.0
ZNF213,0.079704665,0.0,0.0
ZNF215,0.10409489,0.0,-1.0
ZNF217,0.24965869,0.0,-1.0
ZNF219,0.2835833,0.0,0.0
ZNF22,0.09374751,0.0,0.0
ZNF221,0.0880787,0.0,0.0
ZNF223,0.111618936,0.0,0.0
ZNF224,0.15575908,0.0,0.0
ZNF226,0.16687289,0.0,-1.0
ZNF227,0.24314488,0.0,-1.0
ZNF229,0.029988157,0.0,0.0
ZNF23,0.20694922,0.0,0.0
ZNF230,0.12583278,0.0,0.0
ZNF232,0.15697375,0.0,0.0
ZNF233,0.09812712,0.0,0.0
ZNF234,0.15301472,0.0,0.0
ZNF235,0.14964354,0.0,0.0
ZNF236,0.056009,0.0,0.0
ZNF239,0.11841193,0.0,-1.0
ZNF24,0.22769949,0.0,-1.0
ZNF248,0.06321387,0.0,0.0
ZNF25,0.088124946,0.0,0.0
ZNF250,0.1796807,0.0,0.0
ZNF251,0.18934618,0.0,0.0
ZNF253,0.118152656,0.0,-1.0
ZNF254,0.1322512,0.0,0.0
ZNF256,0.097203694,0.0,0.0
ZNF257,0.041171912,0.0,0.0
ZNF26,0.099570654,0.0,0.0
ZNF260,0.12210281,0.0,0.0
ZNF263,0.19598411,0.0,0.0
ZNF264,0.1343316,0.0,0.0
ZNF266,0.12156089,0.0,0.0
ZNF267,0.20843488,0.0,0.0
ZNF273,0.07580869,0.0,0.0
ZNF274,0.17720893,0.0,0.0
ZNF276,0.17273553,0.0,0.0
ZNF277,0.10690281,0.0,0.0
ZNF28,0.18004414,0.0,-1.0
ZNF280A,0.05458562,0.0,0.0
ZNF280B,0.06026203,0.0,0.0
ZNF280C,0.08511213,0.0,0.0
ZNF280D,0.13208961,0.0,0.0
ZNF281,0.39256662,0.0,-1.0
ZNF282,0.18033394,0.0,0.0
ZNF284,0.1022135,0.0,0.0
ZNF286A,0.121148996,0.0,0.0
ZNF286B,0.08300709,0.0,0.0
ZNF287,0.15026742,0.0,0.0
ZNF292,0.25733835,0.0,-1.0
ZNF3,0.15304437,0.0,0.0
ZNF302,0.17945659,0.0,0.0
ZNF311,0.1293347,0.0,0.0
ZNF316,0.07476376,0.0,0.0
ZNF317,0.12173417,0.0,0.0
ZNF318,0.23218568,0.0,-1.0
ZNF319,0.08337856,0.0,-1.0
ZNF32,0.14670205,0.0,0.0
ZNF320,0.13395673,0.0,-1.0
ZNF324,0.12101452,0.0,-1.0
ZNF324B,0.089789875,0.0,0.0
ZNF326,0.22189057,0.0,0.0
ZNF329,0.16170895,0.0,0.0
ZNF330,0.13939658,0.0,0.0
ZNF331,0.18895389,0.0,1.0
ZNF333,0.16391023,0.0,0.0
ZNF334,0.062436208,0.0,0.0
ZNF335,0.2898708,0.0,0.0
ZNF337,0.116826184,0.0,0.0
ZNF33A,0.14917415,0.0,-1.0
ZNF33B,0.20496327,0.0,0.0
ZNF34,0.107774906,0.0,0.0
ZNF341,0.20597473,0.0,0.0
ZNF343,0.097641245,0.0,0.0
ZNF346,0.16635637,0.0,0.0
ZNF347,0.07417383,0.0,0.0
ZNF35,0.05170357,0.0,-1.0
ZNF350,0.27391317,0.0,0.0
ZNF354A,0.10561428,0.0,0.0
ZNF354C,0.019477697,0.0,0.0
ZNF358,0.15480614,0.0,0.0
ZNF362,0.08993494,0.0,-1.0
ZNF365,0.3042052,0.0,0.0
ZNF366,0.22153658,0.0,0.0
ZNF382,0.19352177,0.0,0.0
ZNF385A,0.18215878,0.0,0.0
ZNF385C,0.1347558,0.0,0.0
ZNF391,0.111184694,0.0,0.0
ZNF394,0.09949662,0.0,0.0
ZNF395,0.23226702,0.0,0.0
ZNF397,0.14873046,0.0,0.0
ZNF398,0.18026723,0.0,0.0
ZNF404,0.10572003,0.0,0.0
ZNF407,0.12840277,0.0,0.0
ZNF408,0.20754585,0.0,0.0
ZNF41,0.16242602,0.0,-1.0
ZNF410,0.15049683,0.0,0.0
ZNF414,0.10658164,0.0,0.0
ZNF415,0.11242586,0.0,0.0
ZNF417,0.19196199,0.0,0.0
ZNF418,0.121082485,0.0,0.0
ZNF419,0.09140154,0.0,0.0
ZNF420,0.24355663,0.0,0.0
ZNF423,0.28097716,0.0,-1.0
ZNF425,0.14695126,0.0,0.0
ZNF426,0.16467933,0.0,0.0
ZNF428,0.120682746,0.0,0.0
ZNF429,0.16804807,0.0,1.0
ZNF43,0.04123605,0.0,0.0
ZNF430,0.07749749,0.0,0.0
ZNF431,0.1694638,0.0,0.0
ZNF433,0.108233206,0.0,0.0
ZNF436,0.15624313,0.0,0.0
ZNF439,0.121113256,0.0,0.0
ZNF44,0.15522578,0.0,0.0
ZNF440,0.16820623,0.0,0.0
ZNF441,0.13369587,0.0,0.0
ZNF442,0.15117425,0.0,-1.0
ZNF443,0.11916132,0.0,0.0
ZNF444,0.12862337,0.0,0.0
ZNF445,0.07184408,0.0,0.0
ZNF446,0.10579249,0.0,0.0
ZNF449,0.07144004,0.0,0.0
ZNF45,0.13496608,0.0,0.0
ZNF451,0.21248955,0.0,-1.0
ZNF454,0.11768277,0.0,0.0
ZNF460,0.16024952,0.0,0.0
ZNF461,0.15288766,0.0,0.0
ZNF462,0.25986344,0.0,-1.0
ZNF467,0.1059725,0.0,0.0
ZNF468,0.20727663,0.0,0.0
ZNF471,0.29067162,0.0,-1.0
ZNF473,0.08273738,0.0,0.0
ZNF474,0.014897333,0.0,0.0
ZNF479,0.27249148,0.0,1.0
ZNF480,0.10411855,0.0,0.0
ZNF483,0.18471391,0.0,-1.0
ZNF485,0.1212389,0.0,0.0
ZNF486,0.013570012,0.0,0.0
ZNF488,0.18387276,0.0,0.0
ZNF490,0.18122305,0.0,0.0
ZNF491,0.13074885,0.0,0.0
ZNF492,0.1310575,0.0,0.0
ZNF496,0.16109636,0.0,0.0
ZNF501,0.028431706,0.0,0.0
ZNF502,0.11735417,0.0,0.0
ZNF503,0.13686483,0.0,-1.0
ZNF510,0.31880975,0.0,0.0
ZNF511,0.1079869,0.0,0.0
ZNF512,0.1395902,0.0,-1.0
ZNF512B,0.37334973,0.0,0.0
ZNF513,0.16642241,0.0,-1.0
ZNF514,0.09796342,0.0,0.0
ZNF516,0.22494157,0.0,0.0
ZNF518A,0.20482437,0.0,0.0
ZNF518B,0.10634629,0.0,0.0
ZNF519,0.07892955,0.0,0.0
ZNF521,0.27403963,0.0,1.0
ZNF524,0.086252294,0.0,0.0
ZNF528,0.040850963,0.0,0.0
ZNF532,0.12884533,0.0,0.0
ZNF534,0.21156076,0.0,0.0
ZNF536,0.21151674,0.0,-1.0
ZNF543,0.12722285,0.0,0.0
ZNF544,0.1684806,0.0,0.0
ZNF546,0.107400656,0.0,0.0
ZNF549,0.026488693,0.0,0.0
ZNF550,0.085055485,0.0,0.0
ZNF551,0.08511912,0.0,0.0
ZNF552,0.15098861,0.0,0.0
ZNF554,0.11215613,0.0,0.0
ZNF555,0.10590653,0.0,0.0
ZNF556,0.13721764,0.0,0.0
ZNF557,0.18332809,0.0,0.0
ZNF558,0.17875232,0.0,-1.0
ZNF559,0.10857383,0.0,0.0
ZNF560,0.10043344,0.0,0.0
ZNF563,0.08089406,0.0,0.0
ZNF564,0.11061592,0.0,0.0
ZNF566,0.12676983,0.0,0.0
ZNF567,0.13732174,0.0,0.0
ZNF568,0.13136962,0.0,0.0
ZNF569,0.14432856,0.0,-1.0
ZNF57,0.2038784,0.0,0.0
ZNF570,0.1240569,0.0,0.0
ZNF571,0.16658896,0.0,0.0
ZNF572,0.13650884,0.0,-1.0
ZNF574,0.08822747,0.0,0.0
ZNF576,0.2007869,0.0,0.0
ZNF578,0.11754947,0.0,-1.0
ZNF579,0.18352745,0.0,0.0
ZNF580,0.23136361,0.0,0.0
ZNF581,0.14342098,0.0,0.0
ZNF584,0.08741388,0.0,0.0
ZNF585A,0.1233136,0.0,0.0
ZNF585B,0.18944864,0.0,0.0
ZNF587,0.20181042,0.0,0.0
ZNF587B,0.13329245,0.0,0.0
ZNF592,0.16842428,0.0,-1.0
ZNF593,0.16076334,0.0,0.0
ZNF594,0.07282926,0.0,0.0
ZNF595,0.12520662,0.0,-1.0
ZNF596,0.09986691,0.0,0.0
ZNF597,0.13993263,0.0,0.0
ZNF598,0.12065733,0.0,0.0
ZNF599,0.15643808,0.0,0.0
ZNF600,0.11828503,0.0,0.0
ZNF606,0.16916709,0.0,0.0
ZNF607,0.11231623,0.0,0.0
ZNF608,0.24339867,0.0,-1.0
ZNF609,0.19372879,0.0,0.0
ZNF610,0.075490505,0.0,0.0
ZNF614,0.112325616,0.0,0.0
ZNF616,0.119989954,0.0,0.0
ZNF618,0.09407882,0.0,0.0
ZNF619,0.09420038,0.0,0.0
ZNF620,0.13399585,0.0,-1.0
ZNF622,0.13066894,0.0,0.0
ZNF624,0.1535703,0.0,-1.0
ZNF625,0.111590505,0.0,0.0
ZNF626,0.0942744,0.0,0.0
ZNF627,0.1252501,0.0,0.0
ZNF629,0.07626491,0.0,0.0
ZNF638,0.2678738,0.0,-1.0
ZNF639,0.195123,0.0,0.0
ZNF641,0.1579361,0.0,0.0
ZNF646,0.18332258,0.0,0.0
ZNF649,0.123739816,0.0,0.0
ZNF652,0.2698013,0.0,0.0
ZNF653,0.21338914,0.0,0.0
ZNF655,0.16084985,0.0,-1.0
ZNF660,0.024241881,0.0,0.0
ZNF662,0.032057703,0.0,0.0
ZNF667,0.19613898,0.0,0.0
ZNF668,0.068160295,0.0,-1.0
ZNF670,0.12680407,0.0,0.0
ZNF671,0.13488021,0.0,0.0
ZNF675,0.1689716,0.0,0.0
ZNF676,0.096890725,0.0,0.0
ZNF677,0.22063696,0.0,-1.0
ZNF678,0.050877564,0.0,0.0
ZNF679,0.101185426,0.0,0.0
ZNF681,0.10832418,0.0,0.0
ZNF682,0.059071463,0.0,0.0
ZNF687,0.16580547,0.0,-1.0
ZNF689,0.17345886,0.0,0.0
ZNF69,0.1405007,0.0,0.0
ZNF691,0.12591396,0.0,0.0
ZNF695,0.100806184,0.0,0.0
ZNF697,0.12496412,0.0,-1.0
ZNF699,0.11425085,0.0,0.0
ZNF7,0.14908053,0.0,0.0
ZNF700,0.21249439,0.0,0.0
ZNF703,0.17668831,0.0,-1.0
ZNF704,0.05723002,0.0,0.0
ZNF705G,0.02609197,0.0,0.0
ZNF706,0.15455186,0.0,0.0
ZNF707,0.105581865,0.0,0.0
ZNF708,0.11543643,0.0,0.0
ZNF709,0.12533371,0.0,0.0
ZNF71,0.21258503,0.0,0.0
ZNF711,0.15582813,0.0,-1.0
ZNF713,0.07174483,0.0,0.0
ZNF714,0.16780688,0.0,0.0
ZNF716,0.16335085,0.0,0.0
ZNF717,0.044994425,0.0,-1.0
ZNF718,0.058729686,0.0,0.0
ZNF721,0.07873787,0.0,0.0
ZNF727,0.11079667,0.0,0.0
ZNF730,0.011187765,0.0,0.0
ZNF732,0.022546124,0.0,0.0
ZNF735,0.11310158,0.0,0.0
ZNF736,0.09399918,0.0,0.0
ZNF737,0.054335527,0.0,0.0
ZNF74,0.124802,0.0,0.0
ZNF740,0.11649644,0.0,0.0
ZNF746,0.26470628,0.0,0.0
ZNF747,0.14131264,0.0,0.0
ZNF749,0.11027697,0.0,0.0
ZNF750,0.38231438,0.0,1.0
ZNF75D,0.16036537,0.0,0.0
ZNF76,0.20717186,0.0,0.0
ZNF761,0.09331127,0.0,0.0
ZNF763,0.119637355,0.0,0.0
ZNF764,0.12415338,0.0,0.0
ZNF765,0.15484923,0.0,-1.0
ZNF766,0.080740355,0.0,0.0
ZNF768,0.14450312,0.0,0.0
ZNF77,0.07020301,0.0,0.0
ZNF770,0.1732641,0.0,-1.0
ZNF771,0.043302298,0.0,0.0
ZNF772,0.056092896,0.0,0.0
ZNF773,0.14500912,0.0,0.0
ZNF774,0.16423552,0.0,0.0
ZNF775,0.19340062,0.0,0.0
ZNF777,0.105507165,0.0,0.0
ZNF778,0.037957206,0.0,-1.0
ZNF781,0.039620012,0.0,0.0
ZNF782,0.09377219,0.0,0.0
ZNF783,0.12153898,0.0,0.0
ZNF784,0.14034837,0.0,0.0
ZNF785,0.03760621,0.0,0.0
ZNF786,0.0946917,0.0,0.0
ZNF787,0.25092125,0.0,0.0
ZNF79,0.10250969,0.0,0.0
ZNF791,0.12512156,0.0,0.0
ZNF792,0.11349799,0.0,0.0
ZNF793,0.022104057,0.0,0.0
ZNF799,0.10086356,0.0,0.0
ZNF8,0.3166312,0.0,0.0
ZNF80,0.07090385,0.0,0.0
ZNF800,0.112933725,0.0,0.0
ZNF804A,0.07673627,0.0,-1.0
ZNF804B,0.025571728,0.0,-1.0
ZNF808,0.12200582,0.0,0.0
ZNF813,0.055265184,0.0,0.0
ZNF816,0.10068457,0.0,0.0
ZNF816-ZNF321P,0.1071675,0.0,0.0
ZNF821,0.14998749,0.0,0.0
ZNF823,0.15800013,0.0,-1.0
ZNF827,0.30045646,0.0,0.0
ZNF829,0.099315315,0.0,0.0
ZNF83,0.1931889,0.0,0.0
ZNF830,0.14801411,0.0,-1.0
ZNF835,0.04464768,0.0,0.0
ZNF836,0.14848353,0.0,0.0
ZNF839,0.13469753,0.0,0.0
ZNF84,0.07302037,0.0,0.0
ZNF843,0.099116266,0.0,0.0
ZNF844,0.12906373,0.0,-1.0
ZNF845,0.11702029,0.0,0.0
ZNF846,0.11435061,0.0,0.0
ZNF85,0.10866836,0.0,0.0
ZNF850,0.08416342,0.0,0.0
ZNF852,0.03815445,0.0,0.0
ZNF860,0.05618985,0.0,0.0
ZNF862,0.18798035,0.0,0.0
ZNF865,0.05615733,0.0,0.0
ZNF878,0.077291384,0.0,0.0
ZNF879,0.020726422,0.0,0.0
ZNF880,0.047233574,0.0,0.0
ZNF90,0.026814563,0.0,0.0
ZNF91,0.17389604,0.0,0.0
ZNF93,0.12942041,0.0,0.0
ZNF98,0.07067631,0.0,0.0
ZNFX1,0.18237488,0.0,0.0
ZNHIT1,0.20481086,0.0,0.0
ZNHIT2,0.1030954,0.0,0.0
ZNHIT3,0.22762062,0.0,0.0
ZNHIT6,0.21109283,0.0,0.0
ZNRD2,0.2766849,0.0,0.0
ZNRF1,0.17745265,0.0,0.0
ZNRF2,0.20807357,0.0,0.0
ZNRF3,0.16957527,0.0,1.0
ZNRF4,0.13200419,0.0,0.0
ZP2,0.029600516,0.0,0.0
ZP4,0.1389774,0.0,0.0
ZPBP,0.02353421,0.0,0.0
ZPR1,0.19667259,0.0,-1.0
ZRANB1,0.23161492,0.0,0.0
ZRANB2,0.18914919,0.0,0.0
ZRANB3,0.14031832,0.0,-1.0
ZRSR2,0.14129089,0.0,1.0
ZSCAN1,0.42465672,0.0,0.0
ZSCAN12,0.12118799,0.0,0.0
ZSCAN16,0.08166592,0.0,0.0
ZSCAN18,0.25518087,0.0,0.0
ZSCAN2,0.0757554,0.0,0.0
ZSCAN20,0.06945909,0.0,0.0
ZSCAN21,0.11119583,0.0,0.0
ZSCAN22,0.13980412,0.0,-1.0
ZSCAN23,0.016357122,0.0,0.0
ZSCAN26,0.114264324,0.0,0.0
ZSCAN29,0.12869912,0.0,0.0
ZSCAN31,0.06023395,0.0,-1.0
ZSCAN32,0.11292677,0.0,0.0
ZSCAN4,0.15827198,0.0,-1.0
ZSCAN9,0.15205933,0.0,0.0
ZSWIM1,0.063423775,0.0,0.0
ZSWIM2,0.12475765,0.0,0.0
ZSWIM3,0.109382436,0.0,-1.0
ZSWIM6,0.12675194,0.0,-1.0
ZSWIM7,0.21419394,0.0,-1.0
ZSWIM8,0.27379197,0.0,0.0
ZSWIM9,0.059844483,0.0,0.0
ZUP1,0.14628144,0.0,0.0
ZW10,0.30355084,0.0,0.0
ZWILCH,0.22587602,0.0,-1.0
ZWINT,0.36867765,0.0,-1.0
ZXDA,0.20477927,0.0,0.0
ZXDC,0.21494073,0.0,0.0
ZYG11A,0.029555764,0.0,0.0
ZYG11B,0.1219209,0.0,0.0
ZYX,0.25493953,0.0,0.0
ZZEF1,0.26001287,0.0,-1.0
ZZZ3,0.2738832,0.0,0.0
