gene,percent,binary,true
A1BG,2.3435602e-07,0.0,0.0
A1CF,0.52597386,1.0,1.0
A2M,0.16864529,0.0,0.0
AAAS,0.04145043,0.0,-1.0
AACS,0.016840689,0.0,0.0
AADAC,0.006082842,0.0,0.0
AADACL4,0.0042210002,0.0,-1.0
AADAT,0.10089439,0.0,0.0
AAGAB,0.075174764,0.0,0.0
AAK1,0.26987684,0.0,0.0
AAMP,0.0345938,0.0,-1.0
AANAT,0.050485633,0.0,-1.0
AAR2,0.0938865,0.0,0.0
AARS1,0.042880293,0.0,-1.0
AARS2,0.04801579,0.0,-1.0
AASDH,0.12663908,0.0,0.0
AASDHPPT,0.15046039,0.0,0.0
AASS,0.08957494,0.0,-1.0
AATF,0.22375157,0.0,-1.0
AATK,0.020180043,0.0,0.0
ABAT,0.09561567,0.0,0.0
ABCA1,0.42076996,0.0,-1.0
ABCA10,0.010515067,0.0,-1.0
ABCA11P,0.037933934,0.0,0.0
ABCA17P,0.030653436,0.0,0.0
ABCA2,0.07129576,0.0,0.0
ABCA3,0.042639084,0.0,-1.0
ABCA4,0.2616786,0.0,-1.0
ABCA5,0.0022065889,0.0,0.0
ABCA7,0.14086375,0.0,-1.0
ABCB1,0.17804013,0.0,-1.0
ABCB10,0.09540087,0.0,-1.0
ABCB6,0.04276763,0.0,0.0
ABCB7,0.022163497,0.0,-1.0
ABCB8,0.057279397,0.0,-1.0
ABCC11,0.028908793,0.0,-1.0
ABCC12,0.006111953,0.0,0.0
ABCC2,0.14420618,0.0,-1.0
ABCC3,0.058217656,0.0,-1.0
ABCC4,0.106799304,0.0,0.0
ABCC5,0.14584021,0.0,-1.0
ABCC8,0.026421208,0.0,-1.0
ABCC9,0.12091876,0.0,-1.0
ABCD1,0.21713926,0.0,-1.0
ABCD2,0.2170927,0.0,0.0
ABCD3,0.15633328,0.0,0.0
ABCD4,0.069078736,0.0,0.0
ABCE1,0.17813553,0.0,0.0
ABCF1,0.042167578,0.0,-1.0
ABCF2,0.045380875,0.0,-1.0
ABCF3,0.16377755,0.0,0.0
ABCG1,0.072064795,0.0,0.0
ABCG5,0.001995607,0.0,0.0
ABCG8,0.001995607,0.0,-1.0
ABHD10,0.028603991,0.0,0.0
ABHD11,0.15529361,0.0,0.0
ABHD11-AS1,0.084172115,0.0,0.0
ABHD12B,0.022197885,0.0,0.0
ABHD14B,0.011963049,0.0,0.0
ABHD16A,0.0148050785,0.0,0.0
ABHD17B,0.017495029,0.0,0.0
ABHD17C,0.010921746,0.0,0.0
ABHD18,0.01224762,0.0,0.0
ABHD2,0.05009335,0.0,-1.0
ABHD4,0.04016394,0.0,0.0
ABHD5,0.006605567,0.0,0.0
ABHD8,0.0589817,0.0,0.0
ABI1,0.5249805,1.0,1.0
ABI2,0.3524999,0.0,0.0
ABI3,0.08646078,0.0,-1.0
ABI3BP,0.08108229,0.0,0.0
ABL1,0.83725876,1.0,1.0
ABL2,0.33735424,0.0,1.0
ABLIM1,0.26361692,0.0,0.0
ABLIM2,0.02863277,0.0,-1.0
ABLIM3,0.12774202,0.0,0.0
ABR,0.019487279,0.0,-1.0
ABRACL,0.07755901,0.0,0.0
ABRAXAS1,0.13449375,0.0,1.0
ABRAXAS2,0.08547696,0.0,0.0
ABT1,0.07016158,0.0,0.0
ABTB1,0.023011845,0.0,0.0
ABTB2,0.10915608,0.0,-1.0
ACAA1,0.054088827,0.0,0.0
ACAA2,0.037556894,0.0,0.0
ACACA,0.10073595,0.0,0.0
ACACB,0.05316584,0.0,0.0
ACAD10,0.02111141,0.0,0.0
ACAD8,0.068209454,0.0,-1.0
ACAD9,0.03989019,0.0,-1.0
ACADL,0.026124096,0.0,0.0
ACADM,0.07843791,0.0,-1.0
ACADS,0.031186318,0.0,-1.0
ACADSB,0.04845559,0.0,-1.0
ACADVL,0.03209573,0.0,-1.0
ACAN,0.1784769,0.0,-1.0
ACAP1,0.2402214,0.0,-1.0
ACAP2,0.22498369,0.0,0.0
ACAP3,0.02785211,0.0,0.0
ACAT1,0.030227404,0.0,0.0
ACAT2,0.027970744,0.0,0.0
ACBD3,0.019064985,0.0,0.0
ACBD4,0.058749996,0.0,0.0
ACBD5,0.07142195,0.0,0.0
ACBD6,0.01881351,0.0,0.0
ACCS,0.09272472,0.0,-1.0
ACD,0.1560614,0.0,-1.0
ACE,0.048904624,0.0,-1.0
ACER2,0.116201214,0.0,0.0
ACER3,0.04749693,0.0,0.0
ACHE,0.17060688,0.0,-1.0
ACIN1,0.10375142,0.0,0.0
ACKR1,0.02308955,0.0,0.0
ACKR3,0.026935656,0.0,1.0
ACKR4,0.023272216,0.0,0.0
ACLY,0.15004016,0.0,-1.0
ACMSD,0.07056491,0.0,0.0
ACO1,0.12739936,0.0,-1.0
ACO2,0.11995361,0.0,-1.0
ACOT1,0.003401589,0.0,0.0
ACOT11,0.07494887,0.0,0.0
ACOT12,0.043056678,0.0,0.0
ACOT13,0.013503585,0.0,0.0
ACOT2,0.003309274,0.0,0.0
ACOT8,0.052635882,0.0,0.0
ACOT9,0.012376708,0.0,0.0
ACOX1,0.044462074,0.0,-1.0
ACOX3,0.03876419,0.0,0.0
ACP1,0.23249964,0.0,0.0
ACP2,0.05705913,0.0,0.0
ACP3,0.08136893,0.0,0.0
ACP4,0.03110458,0.0,0.0
ACP5,0.10962718,0.0,0.0
ACP6,0.13384977,0.0,0.0
ACR,0.000585919,0.0,0.0
ACRBP,0.025923891,0.0,0.0
ACSBG2,0.02586214,0.0,0.0
ACSF3,0.0019097569,0.0,0.0
ACSL1,0.17913629,0.0,0.0
ACSL3,0.15666315,0.0,1.0
ACSL4,0.04623423,0.0,-1.0
ACSL5,0.18863182,0.0,-1.0
ACSL6,0.17697297,0.0,-1.0
ACSM1,0.019107452,0.0,-1.0
ACSM3,0.089833625,0.0,0.0
ACSS1,0.04231332,0.0,0.0
ACSS2,0.045232084,0.0,0.0
ACTA1,0.42363012,0.0,-1.0
ACTA2,0.16269329,0.0,-1.0
ACTB,0.73238105,1.0,-1.0
ACTBL2,0.18846723,0.0,0.0
ACTC1,0.3286769,0.0,-1.0
ACTG1,0.528948,1.0,1.0
ACTG2,0.11418741,0.0,0.0
ACTL6A,0.42527676,0.0,-1.0
ACTL6B,0.28484604,0.0,-1.0
ACTL7A,0.05515852,0.0,0.0
ACTL9,0.017124249,0.0,-1.0
ACTN1,0.4852324,0.0,0.0
ACTN2,0.44721952,0.0,-1.0
ACTN3,0.09144878,0.0,0.0
ACTN4,0.45736483,0.0,-1.0
ACTR1A,0.2019673,0.0,0.0
ACTR1B,0.020973057,0.0,0.0
ACTR2,0.19707815,0.0,0.0
ACTR3,0.09319749,0.0,0.0
ACTR3B,0.012596308,0.0,0.0
ACTR3C,0.0054520587,0.0,0.0
ACTR5,0.07375207,0.0,0.0
ACTR6,0.026889846,0.0,0.0
ACTR8,0.06950444,0.0,0.0
ACTRT3,0.084254846,0.0,0.0
ACVR1,0.468892,0.0,1.0
ACVR1B,0.483543,0.0,1.0
ACVR1C,0.11441538,0.0,0.0
ACVR2A,0.5226612,1.0,1.0
ACVR2B,0.44326377,0.0,-1.0
ACVRL1,0.37974277,0.0,-1.0
ACY1,0.21939659,0.0,-1.0
ACY3,0.06929386,0.0,0.0
ACYP1,0.07407353,0.0,0.0
ACYP2,0.06572241,0.0,0.0
ADA,0.046543807,0.0,0.0
ADA2,0.0020177066,0.0,0.0
ADAD1,0.017450463,0.0,0.0
ADAL,0.022418668,0.0,0.0
ADAM10,0.36559853,0.0,-1.0
ADAM11,0.21585254,0.0,0.0
ADAM12,0.21785018,0.0,-1.0
ADAM15,0.315783,0.0,0.0
ADAM17,0.22310638,0.0,-1.0
ADAM19,0.088047326,0.0,0.0
ADAM1A,0.02238173,0.0,0.0
ADAM2,0.04954866,0.0,-1.0
ADAM22,0.00021088569,0.0,-1.0
ADAM33,0.04665246,0.0,-1.0
ADAM9,0.2686356,0.0,-1.0
ADAMTS1,0.09200162,0.0,-1.0
ADAMTS17,0.091972955,0.0,-1.0
ADAMTS8,0.034650933,0.0,0.0
ADAMTSL4,0.26142165,0.0,-1.0
ADAMTSL5,0.063897364,0.0,0.0
ADAP1,0.34247884,0.0,0.0
ADAP2,0.09504947,0.0,0.0
ADAR,0.109277464,0.0,0.0
ADARB1,0.11176002,0.0,0.0
ADARB2,0.067484364,0.0,-1.0
ADAT1,0.03825246,0.0,0.0
ADAT2,0.014552542,0.0,0.0
ADAT3,0.07697632,0.0,0.0
ADCK1,0.32015377,0.0,-1.0
ADCK2,0.41094947,0.0,0.0
ADCK5,0.10830124,0.0,0.0
ADCY1,0.24632697,0.0,-1.0
ADCY10,0.24723943,0.0,0.0
ADCY2,0.24479142,0.0,-1.0
ADCY3,0.24682471,0.0,-1.0
ADCY4,0.24787907,0.0,-1.0
ADCY5,0.25494274,0.0,-1.0
ADCY6,0.24724281,0.0,-1.0
ADCY7,0.25980505,0.0,-1.0
ADCY8,0.24652344,0.0,-1.0
ADCY9,0.24673723,0.0,-1.0
ADCYAP1,0.02371293,0.0,-1.0
ADD1,0.56142545,1.0,0.0
ADD2,0.11773068,0.0,-1.0
ADGRA2,0.19381432,0.0,-1.0
ADGRA3,0.006402842,0.0,0.0
ADGRB1,0.16292742,0.0,0.0
ADGRB2,0.05892633,0.0,0.0
ADGRD1,0.009395736,0.0,-1.0
ADGRE5,0.06330783,0.0,-1.0
ADGRF1,0.04026306,0.0,0.0
ADGRF3,0.28171608,0.0,0.0
ADGRG1,0.0640747,0.0,-1.0
ADGRG5,0.10141263,0.0,0.0
ADGRG6,0.06949533,0.0,-1.0
ADGRL1,0.13145548,0.0,-1.0
ADGRL2,0.006942832,0.0,-1.0
ADGRV1,0.06154386,0.0,-1.0
ADH1A,0.0032869235,0.0,0.0
ADH1B,0.0032869235,0.0,-1.0
ADH4,0.0032869235,0.0,0.0
ADH5,0.005376871,0.0,-1.0
ADH6,0.0032869235,0.0,0.0
ADH7,0.0032869235,0.0,0.0
ADHFE1,0.0032869235,0.0,0.0
ADI1,0.04592873,0.0,0.0
ADIPOQ,0.0051206043,0.0,-1.0
ADIPOR2,0.071688965,0.0,0.0
ADK,0.04143093,0.0,0.0
ADM,0.09923661,0.0,0.0
ADNP,0.255407,0.0,-1.0
ADNP2,0.07495451,0.0,0.0
ADORA1,0.1223738,0.0,0.0
ADORA2A,0.06554194,0.0,0.0
ADORA2A-AS1,0.0191116,0.0,0.0
ADORA2B,0.15081114,0.0,0.0
ADORA3,0.15415227,0.0,0.0
ADPGK,0.04887022,0.0,0.0
ADPRHL1,0.029654076,0.0,0.0
ADPRM,0.008140633,0.0,0.0
ADPRS,0.022089703,0.0,0.0
ADRA1B,0.020793749,0.0,-1.0
ADRA1D,0.06451272,0.0,0.0
ADRA2A,0.026088197,0.0,0.0
ADRA2B,0.013383415,0.0,0.0
ADRA2C,0.010831202,0.0,0.0
ADRB1,0.04043611,0.0,0.0
ADRB2,0.36014307,0.0,-1.0
ADRB3,0.28093088,0.0,-1.0
ADRM1,0.13649717,0.0,0.0
ADSL,0.23566993,0.0,0.0
ADSS1,0.13962616,0.0,0.0
ADSS2,0.12935516,0.0,0.0
ADTRP,0.024610981,0.0,0.0
AEBP2,0.23248939,0.0,0.0
AFAP1,0.19803266,0.0,0.0
AFAP1L1,0.0071499655,0.0,0.0
AFDN,0.51344377,1.0,1.0
AFF1,0.46050587,0.0,1.0
AFF3,0.38415208,0.0,1.0
AFF4,0.29784766,0.0,1.0
AFG3L1P,0.007992813,0.0,0.0
AFG3L2,0.0927445,0.0,-1.0
AFMID,0.07600262,0.0,-1.0
AFP,0.13972683,0.0,-1.0
AFTPH,0.09370089,0.0,0.0
AGA,0.029377645,0.0,-1.0
AGAP1,0.03895452,0.0,0.0
AGAP2,0.2976499,0.0,-1.0
AGAP2-AS1,0.014583004,0.0,0.0
AGAP3,0.022898916,0.0,0.0
AGBL2,0.25288427,0.0,-1.0
AGBL3,0.012241759,0.0,-1.0
AGBL5,0.11345164,0.0,-1.0
AGER,0.021158006,0.0,-1.0
AGFG1,0.15340501,0.0,0.0
AGFG2,0.17521673,0.0,0.0
AGGF1,0.087986544,0.0,-1.0
AGK,0.051842634,0.0,0.0
AGL,0.37175444,0.0,-1.0
AGMAT,0.07401635,0.0,0.0
AGO1,0.24047917,0.0,1.0
AGO2,0.2884137,0.0,-1.0
AGO3,0.26905602,0.0,0.0
AGO4,0.20670013,0.0,-1.0
AGPAT1,0.06426565,0.0,0.0
AGPAT2,0.06470507,0.0,-1.0
AGPAT3,0.062750496,0.0,0.0
AGPAT4,0.048213452,0.0,0.0
AGPAT5,0.05946344,0.0,0.0
AGPS,0.06294816,0.0,-1.0
AGR2,0.20801315,0.0,0.0
AGR3,0.02854244,0.0,0.0
AGRN,0.16716133,0.0,0.0
AGRP,0.03242934,0.0,-1.0
AGT,0.08549347,0.0,-1.0
AGTPBP1,0.024951356,0.0,0.0
AGTR1,0.026919393,0.0,-1.0
AGTR2,0.030237628,0.0,-1.0
AGTRAP,0.041944694,0.0,0.0
AGXT,0.04932142,0.0,-1.0
AGXT2,0.026922459,0.0,0.0
AHCTF1,0.011839038,0.0,-1.0
AHCY,0.17657937,0.0,0.0
AHCYL1,0.11561516,0.0,0.0
AHCYL2,0.08543708,0.0,-1.0
AHDC1,0.052393924,0.0,0.0
AHI1,0.05567336,0.0,-1.0
AHI1-DT,0.019654676,0.0,0.0
AHNAK,0.34478134,0.0,-1.0
AHR,0.45796627,0.0,-1.0
AHRR,0.23988417,0.0,0.0
AHSA1,0.086890586,0.0,-1.0
AHSA2P,0.032993164,0.0,0.0
AHSG,0.14247686,0.0,0.0
AHSP,0.08535894,0.0,0.0
AICDA,0.06377726,0.0,-1.0
AIDA,0.033862237,0.0,0.0
AIF1L,0.14551228,0.0,0.0
AIFM1,0.28131905,0.0,-1.0
AIFM2,0.013901497,0.0,-1.0
AIG1,0.028573137,0.0,0.0
AIM2,0.18071806,0.0,0.0
AIMP1,0.028046891,0.0,0.0
AIMP2,0.2740427,0.0,0.0
AIP,0.19738486,0.0,-1.0
AIPL1,0.04490429,0.0,-1.0
AIRE,0.4688121,0.0,-1.0
AJAP1,0.14616713,0.0,-1.0
AJM1,0.019357255,0.0,0.0
AJUBA,0.2232668,0.0,1.0
AK1,0.23642628,0.0,-1.0
AK2,0.2554416,0.0,-1.0
AK3,0.120158575,0.0,0.0
AK4,0.19503337,0.0,0.0
AK5,0.24517484,0.0,0.0
AK7,0.19503337,0.0,0.0
AK9,0.0091062635,0.0,0.0
AKAP1,0.2500549,0.0,0.0
AKAP10,0.11014098,0.0,-1.0
AKAP11,0.3969899,0.0,-1.0
AKAP12,0.18080391,0.0,-1.0
AKAP13,0.5972017,1.0,-1.0
AKAP14,0.018019596,0.0,0.0
AKAP17A,0.06970532,0.0,0.0
AKAP2,0.2826574,0.0,0.0
AKAP3,0.061577894,0.0,0.0
AKAP4,0.32393658,0.0,0.0
AKAP5,0.3695718,0.0,0.0
AKAP6,0.41236687,0.0,-1.0
AKAP7,0.08808412,0.0,0.0
AKAP8,0.27207884,0.0,-1.0
AKAP8L,0.233441,0.0,0.0
AKAP9,0.6510228,1.0,-1.0
AKIP1,0.052224252,0.0,0.0
AKIRIN1,0.040819943,0.0,0.0
AKIRIN2,0.04476629,0.0,0.0
AKR1A1,0.09309038,0.0,0.0
AKR1B1,0.08404091,0.0,0.0
AKR1B10,0.04850881,0.0,-1.0
AKR1C1,0.008168621,0.0,0.0
AKR1C2,0.0403461,0.0,-1.0
AKR1C3,0.12495979,0.0,-1.0
AKR1C4,0.0030298266,0.0,0.0
AKR1D1,0.0028665483,0.0,-1.0
AKR1E2,0.008599898,0.0,0.0
AKR7A2,0.0031428377,0.0,0.0
AKR7A3,0.0005764082,0.0,0.0
AKT1,0.78107965,1.0,1.0
AKT1S1,0.09569035,0.0,-1.0
AKT2,0.16501884,0.0,1.0
AKT3,0.29855275,0.0,1.0
AKTIP,0.26027724,0.0,0.0
ALAD,0.10147933,0.0,-1.0
ALAS1,0.05534433,0.0,0.0
ALAS2,0.087835245,0.0,-1.0
ALB,0.34169102,0.0,-1.0
ALCAM,0.16426696,0.0,-1.0
ALDH16A1,0.08095505,0.0,0.0
ALDH18A1,0.0501745,0.0,0.0
ALDH1A1,0.0035009803,0.0,-1.0
ALDH1A2,0.002046239,0.0,0.0
ALDH1A3,0.06358074,0.0,0.0
ALDH1B1,0.059200767,0.0,0.0
ALDH1L1,0.060997397,0.0,-1.0
ALDH1L2,0.017772855,0.0,0.0
ALDH2,0.07833733,0.0,-1.0
ALDH3A1,0.058870524,0.0,0.0
ALDH3A2,0.051092334,0.0,-1.0
ALDH3B1,0.07797807,0.0,0.0
ALDH4A1,0.05317182,0.0,0.0
ALDH5A1,0.3033642,0.0,-1.0
ALDH6A1,0.049381945,0.0,0.0
ALDH7A1,0.057793457,0.0,0.0
ALDH9A1,0.074850805,0.0,0.0
ALDOA,0.3286091,0.0,-1.0
ALDOB,0.16544433,0.0,-1.0
ALDOC,0.26309276,0.0,0.0
ALG1,0.04028069,0.0,-1.0
ALG10,0.061117668,0.0,0.0
ALG10B,0.12062364,0.0,0.0
ALG11,0.011826945,0.0,-1.0
ALG12,0.04843032,0.0,-1.0
ALG13,0.032024376,0.0,0.0
ALG14,0.0028191,0.0,-1.0
ALG2,0.07340684,0.0,-1.0
ALG3,0.056682847,0.0,-1.0
ALG5,0.030776093,0.0,0.0
ALG8,0.034607876,0.0,-1.0
ALG9,0.0039456207,0.0,-1.0
ALK,0.687322,1.0,1.0
ALKBH1,0.05129655,0.0,0.0
ALKBH2,0.026369803,0.0,0.0
ALKBH3,0.045739412,0.0,0.0
ALKBH4,0.006536778,0.0,0.0
ALKBH5,0.03380662,0.0,0.0
ALKBH6,0.049176164,0.0,-1.0
ALKBH7,0.055949666,0.0,0.0
ALKBH8,0.018571807,0.0,0.0
ALOX12,0.13322388,0.0,-1.0
ALOX15,0.019208375,0.0,-1.0
ALOX15B,0.02044804,0.0,0.0
ALOX5,0.01103713,0.0,-1.0
ALOX5AP,0.055960223,0.0,-1.0
ALOXE3,0.1118068,0.0,-1.0
ALPG,0.011713007,0.0,0.0
ALPI,0.03209394,0.0,0.0
ALPK1,0.40853542,0.0,-1.0
ALPL,0.008049863,0.0,-1.0
ALPP,0.21970055,0.0,0.0
ALS2,0.083147384,0.0,-1.0
ALS2CL,0.040887304,0.0,-1.0
ALX1,0.34953424,0.0,0.0
ALX3,0.006161606,0.0,0.0
ALX4,0.54511184,1.0,-1.0
ALYREF,0.18372643,0.0,-1.0
AMACR,0.0014071763,0.0,0.0
AMBP,0.2686184,0.0,0.0
AMBRA1,0.2829374,0.0,-1.0
AMD1,0.22878443,0.0,0.0
AMDHD1,0.09918384,0.0,0.0
AMDHD2,0.026515665,0.0,0.0
AMER1,0.24754521,0.0,1.0
AMER3,0.0085235685,0.0,0.0
AMFR,0.2600198,0.0,-1.0
AMH,0.05305424,0.0,-1.0
AMHR2,0.11243614,0.0,-1.0
AMIGO1,0.007891343,0.0,0.0
AMIGO2,0.028357584,0.0,0.0
AMIGO3,0.007891343,0.0,0.0
AMMECR1L,0.02480847,0.0,0.0
AMN,0.0054015513,0.0,-1.0
AMN1,0.076513246,0.0,0.0
AMOT,0.45877934,0.0,-1.0
AMOTL1,0.18382522,0.0,-1.0
AMOTL2,0.19658563,0.0,0.0
AMPD1,0.20204407,0.0,0.0
AMPD2,0.20233496,0.0,0.0
AMPD3,0.060932845,0.0,0.0
AMPH,0.3553709,0.0,-1.0
AMT,0.088931866,0.0,-1.0
AMY1A,0.036562152,0.0,0.0
AMY1C,0.090353236,0.0,0.0
AMY2A,0.08787015,0.0,0.0
AMZ2,0.010078662,0.0,0.0
AMZ2P1,0.05782038,0.0,0.0
ANAPC1,0.43143716,0.0,0.0
ANAPC10,0.3142503,0.0,0.0
ANAPC11,0.115229346,0.0,0.0
ANAPC13,0.054053623,0.0,0.0
ANAPC15,0.007242001,0.0,0.0
ANAPC16,0.08426332,0.0,0.0
ANAPC2,0.25981364,0.0,0.0
ANAPC4,0.40058765,0.0,0.0
ANAPC5,0.38034743,0.0,0.0
ANAPC7,0.4299796,0.0,0.0
ANG,0.16347651,0.0,-1.0
ANGEL2,0.038100254,0.0,0.0
ANGPT1,0.019911531,0.0,-1.0
ANGPT2,0.11212755,0.0,0.0
ANGPT4,0.0028829528,0.0,0.0
ANGPTL4,0.08019088,0.0,0.0
ANGPTL5,0.02273098,0.0,0.0
ANGPTL6,0.14157979,0.0,0.0
ANK1,0.4199819,0.0,1.0
ANK2,0.3445399,0.0,-1.0
ANK3,0.41745332,0.0,-1.0
ANKEF1,0.0146146,0.0,0.0
ANKFY1,0.08409575,0.0,0.0
ANKH,0.03883787,0.0,-1.0
ANKHD1,0.09711534,0.0,-1.0
ANKHD1-EIF4EBP3,0.10251247,0.0,0.0
ANKIB1,0.10384528,0.0,0.0
ANKLE1,0.02619798,0.0,0.0
ANKLE2,0.115929075,0.0,-1.0
ANKMY2,0.0549959,0.0,0.0
ANKRA2,0.19365676,0.0,0.0
ANKRD1,0.32020792,0.0,-1.0
ANKRD11,0.14468817,0.0,1.0
ANKRD12,0.094008066,0.0,-1.0
ANKRD13A,0.10839847,0.0,-1.0
ANKRD13B,0.055175927,0.0,0.0
ANKRD13C,0.045043375,0.0,0.0
ANKRD16,0.056506097,0.0,-1.0
ANKRD17,0.49441707,0.0,-1.0
ANKRD18A,0.11677157,0.0,-1.0
ANKRD2,0.3464474,0.0,0.0
ANKRD22,0.05704305,0.0,0.0
ANKRD23,0.09617522,0.0,0.0
ANKRD24,0.08803829,0.0,-1.0
ANKRD26,0.11515671,0.0,-1.0
ANKRD27,0.08399696,0.0,0.0
ANKRD28,0.17047812,0.0,0.0
ANKRD30BL,0.49718842,0.0,-1.0
ANKRD33B,0.035361074,0.0,0.0
ANKRD34C,0.0033680128,0.0,0.0
ANKRD36,0.065567985,0.0,-1.0
ANKRD36B,0.018192988,0.0,0.0
ANKRD36BP1,0.11019355,0.0,0.0
ANKRD39,0.05291738,0.0,0.0
ANKRD44,0.16933647,0.0,-1.0
ANKRD45,0.058830842,0.0,0.0
ANKRD46,0.044076394,0.0,0.0
ANKRD52,0.14283957,0.0,0.0
ANKRD53,0.084445335,0.0,0.0
ANKRD54,0.0014564728,0.0,0.0
ANKRD55,0.024255855,0.0,0.0
ANKRD6,0.1793634,0.0,0.0
ANKS1A,0.33867615,0.0,0.0
ANKS1B,0.1925431,0.0,0.0
ANKS3,0.0113789365,0.0,0.0
ANKS4B,0.0019474789,0.0,0.0
ANKZF1,0.080137454,0.0,0.0
ANLN,0.08144428,0.0,-1.0
ANO6,0.042007156,0.0,-1.0
ANOS1,0.02344049,0.0,-1.0
ANP32A,0.38223997,0.0,-1.0
ANP32B,0.07011773,0.0,-1.0
ANP32E,0.1218196,0.0,0.0
ANPEP,0.08124726,0.0,-1.0
ANTKMT,0.1265335,0.0,0.0
ANTXR1,0.06329839,0.0,-1.0
ANTXR2,0.020508546,0.0,-1.0
ANXA1,0.36711422,0.0,-1.0
ANXA11,0.054530147,0.0,0.0
ANXA2,0.49226415,0.0,-1.0
ANXA2P2,0.08670771,0.0,0.0
ANXA2R,0.0722486,0.0,0.0
ANXA3,0.1819063,0.0,0.0
ANXA4,0.09954681,0.0,0.0
ANXA5,0.05447057,0.0,-1.0
ANXA6,0.23440224,0.0,0.0
ANXA7,0.17167865,0.0,0.0
ANXA8,0.014286225,0.0,0.0
ANXA8L1,0.0032333685,0.0,-1.0
ANXA9,0.14607568,0.0,0.0
AOC1,0.08538613,0.0,0.0
AOC2,0.083529145,0.0,0.0
AOC3,0.08538613,0.0,0.0
AOPEP,0.022421934,0.0,0.0
AOX1,0.23802884,0.0,-1.0
AP1B1,0.3817377,0.0,-1.0
AP1G1,0.2624188,0.0,0.0
AP1G2,0.24231376,0.0,0.0
AP1M1,0.32391018,0.0,0.0
AP1M2,0.23009941,0.0,0.0
AP1S1,0.19540147,0.0,-1.0
AP1S2,0.10089749,0.0,-1.0
AP1S3,0.02179972,0.0,0.0
AP2A1,0.29920834,0.0,-1.0
AP2A2,0.36841086,0.0,0.0
AP2B1,0.2935323,0.0,0.0
AP2M1,0.14080082,0.0,0.0
AP2S1,0.21318643,0.0,0.0
AP3B1,0.028114805,0.0,-1.0
AP3B2,0.097446494,0.0,0.0
AP3D1,0.0521416,0.0,-1.0
AP3M1,0.10436602,0.0,0.0
AP3M2,0.10922097,0.0,-1.0
AP3S1,0.03912568,0.0,0.0
AP3S2,0.04985332,0.0,0.0
AP4B1,0.1044106,0.0,0.0
AP4E1,0.081308395,0.0,-1.0
AP4M1,0.10061099,0.0,-1.0
AP4S1,0.10659092,0.0,0.0
AP5B1,0.01729331,0.0,0.0
AP5S1,0.032104827,0.0,0.0
AP5Z1,0.03423853,0.0,-1.0
APAF1,0.33303717,0.0,-1.0
APBA1,0.31605464,0.0,0.0
APBA2,0.10617782,0.0,0.0
APBA3,0.05884935,0.0,0.0
APBB1,0.42207676,0.0,0.0
APBB1IP,0.25003803,0.0,0.0
APBB2,0.078595504,0.0,0.0
APBB3,0.060749125,0.0,0.0
APC,0.9472737,1.0,1.0
APC2,0.5161205,1.0,-1.0
APCS,0.015462485,0.0,0.0
APEH,0.062654,0.0,-1.0
APEX1,0.25079054,0.0,0.0
APEX2,0.15899739,0.0,0.0
APH1A,0.41633463,0.0,-1.0
API5,0.17637858,0.0,-1.0
APIP,0.062147353,0.0,0.0
APLF,0.13166429,0.0,0.0
APLP1,0.44194624,0.0,0.0
APLP2,0.29277566,0.0,0.0
APMAP,0.018848246,0.0,-1.0
APOA1,0.08869505,0.0,-1.0
APOA2,0.0932174,0.0,0.0
APOA4,0.090902254,0.0,0.0
APOB,0.6246657,1.0,-1.0
APOBEC1,0.42211884,0.0,0.0
APOBEC2,0.3004835,0.0,-1.0
APOBEC3A,0.30774647,0.0,0.0
APOBEC3B,0.3257566,0.0,1.0
APOBEC3C,0.32978728,0.0,0.0
APOBEC3D,0.0052732937,0.0,0.0
APOBEC3F,0.30774647,0.0,0.0
APOBEC3G,0.36780515,0.0,0.0
APOBEC4,0.30774647,0.0,0.0
APOBR,0.031701252,0.0,-1.0
APOC1,0.108651,0.0,0.0
APOC1P1,0.08767679,0.0,0.0
APOC2,0.013598432,0.0,-1.0
APOC3,0.12687619,0.0,0.0
APOD,0.07112633,0.0,0.0
APOE,0.3227885,0.0,-1.0
APOF,0.122580916,0.0,0.0
APOH,0.15195781,0.0,0.0
APOL1,0.0020294606,0.0,-1.0
APOL2,0.0034482467,0.0,-1.0
APOL4,0.005684276,0.0,0.0
APOL6,0.0026332967,0.0,0.0
APOM,0.108544245,0.0,0.0
APOO,0.033028033,0.0,0.0
APP,0.56323636,1.0,-1.0
APPBP2,0.028176261,0.0,0.0
APPL1,0.24545345,0.0,-1.0
APPL2,0.0955726,0.0,0.0
APRT,0.21233527,0.0,0.0
APTX,0.19612873,0.0,-1.0
AQP1,0.13633959,0.0,0.0
AQP10,0.010786512,0.0,0.0
AQP11,0.027308302,0.0,0.0
AQP2,0.005399395,0.0,-1.0
AQP3,0.06517817,0.0,0.0
AQP4,0.0059642512,0.0,-1.0
AQP4-AS1,0.012419913,0.0,0.0
AQP5,0.01183093,0.0,0.0
AQP8,0.0040657176,0.0,0.0
AQR,0.21296516,0.0,0.0
AR,0.88419443,1.0,1.0
ARAF,0.48561522,0.0,1.0
ARAP1,0.18250869,0.0,0.0
ARAP2,0.0387026,0.0,-1.0
ARC,0.07635542,0.0,0.0
ARCN1,0.17401573,0.0,0.0
AREG,0.12586522,0.0,-1.0
AREL1,0.007242001,0.0,0.0
ARF1,0.12999117,0.0,-1.0
ARF3,0.05318767,0.0,0.0
ARF4,0.05017986,0.0,0.0
ARF5,0.010444283,0.0,0.0
ARF6,0.16374047,0.0,-1.0
ARFGAP1,0.039734792,0.0,0.0
ARFGAP2,0.09883857,0.0,0.0
ARFGAP3,0.002797578,0.0,0.0
ARFGEF1,0.1501863,0.0,0.0
ARFGEF2,0.21801515,0.0,-1.0
ARFIP1,0.013081357,0.0,0.0
ARFIP2,0.04971232,0.0,0.0
ARFRP1,0.016987093,0.0,-1.0
ARG1,0.17741077,0.0,-1.0
ARG2,0.11047115,0.0,0.0
ARGLU1,0.050497144,0.0,0.0
ARHGAP1,0.26063952,0.0,0.0
ARHGAP10,0.17886987,0.0,0.0
ARHGAP11A,0.036626782,0.0,0.0
ARHGAP15,0.118741564,0.0,0.0
ARHGAP17,0.43102217,0.0,0.0
ARHGAP18,0.018103328,0.0,0.0
ARHGAP19,0.04975473,0.0,0.0
ARHGAP20,0.2685675,0.0,-1.0
ARHGAP21,0.25502387,0.0,-1.0
ARHGAP22,0.14925106,0.0,0.0
ARHGAP23,0.051608145,0.0,0.0
ARHGAP24,0.06934038,0.0,-1.0
ARHGAP25,0.08481222,0.0,-1.0
ARHGAP26,0.30551296,0.0,1.0
ARHGAP27,0.12944707,0.0,0.0
ARHGAP29,0.30794698,0.0,0.0
ARHGAP31,0.20780228,0.0,-1.0
ARHGAP32,0.7112272,1.0,-1.0
ARHGAP33,0.0900763,0.0,0.0
ARHGAP35,0.23259993,0.0,1.0
ARHGAP39,0.14002946,0.0,0.0
ARHGAP4,0.04632254,0.0,-1.0
ARHGAP44,0.025432467,0.0,0.0
ARHGAP45,0.012447432,0.0,0.0
ARHGAP5,0.3016261,0.0,1.0
ARHGAP5-AS1,0.027422601,0.0,0.0
ARHGAP9,0.25515148,0.0,-1.0
ARHGDIA,0.49485508,0.0,0.0
ARHGDIB,0.20865583,0.0,0.0
ARHGDIG,0.21539523,0.0,0.0
ARHGEF1,0.37444878,0.0,-1.0
ARHGEF10,0.57198286,1.0,1.0
ARHGEF11,0.5494871,1.0,-1.0
ARHGEF12,0.49264058,0.0,1.0
ARHGEF15,0.13481216,0.0,0.0
ARHGEF16,0.10599927,0.0,0.0
ARHGEF17,0.2353271,0.0,0.0
ARHGEF18,0.08503484,0.0,-1.0
ARHGEF19,0.009342839,0.0,0.0
ARHGEF2,0.40146866,0.0,-1.0
ARHGEF25,0.10360982,0.0,-1.0
ARHGEF28,0.0967815,0.0,1.0
ARHGEF3,0.13864787,0.0,-1.0
ARHGEF39,0.0995629,0.0,0.0
ARHGEF4,0.27853605,0.0,-1.0
ARHGEF40,0.020982698,0.0,0.0
ARHGEF5,0.055145945,0.0,0.0
ARHGEF6,0.15507244,0.0,-1.0
ARHGEF7,0.016660672,0.0,0.0
ARHGEF9,0.2857089,0.0,0.0
ARID1A,0.76536196,1.0,1.0
ARID1B,0.43135884,0.0,1.0
ARID2,0.5750851,1.0,1.0
ARID3A,0.12080722,0.0,1.0
ARID3B,0.188897,0.0,1.0
ARID4A,0.44762662,0.0,1.0
ARID4B,0.26530322,0.0,1.0
ARID5A,0.060776915,0.0,-1.0
ARID5B,0.5177166,1.0,1.0
ARIH1,0.13065405,0.0,-1.0
ARIH2,0.25075287,0.0,0.0
ARL1,0.04316295,0.0,0.0
ARL11,0.035195176,0.0,-1.0
ARL14,0.0040736725,0.0,0.0
ARL14EP,0.044039786,0.0,0.0
ARL15,0.1507226,0.0,0.0
ARL16,0.0061737914,0.0,0.0
ARL2,0.11357751,0.0,0.0
ARL2BP,0.08901947,0.0,0.0
ARL3,0.037455145,0.0,0.0
ARL4A,0.05903838,0.0,0.0
ARL4D,0.30065826,0.0,0.0
ARL5A,0.09040373,0.0,0.0
ARL6,0.084262654,0.0,-1.0
ARL6IP1,0.15668586,0.0,0.0
ARL6IP4,0.06324586,0.0,0.0
ARL6IP5,0.17642547,0.0,0.0
ARL6IP6,0.044207595,0.0,0.0
ARL8B,0.025119921,0.0,0.0
ARMC10,0.011315803,0.0,0.0
ARMC12,0.029192127,0.0,0.0
ARMC5,0.0817455,0.0,0.0
ARMC6,0.14196754,0.0,0.0
ARMC7,0.009496494,0.0,0.0
ARMC8,0.020052992,0.0,0.0
ARMC9,0.052009452,0.0,0.0
ARMCX2,0.1849263,0.0,-1.0
ARMCX3,0.09588382,0.0,-1.0
ARMH1,0.038309533,0.0,0.0
ARMH3,0.017269721,0.0,-1.0
ARMT1,0.030059291,0.0,0.0
ARNT,0.61909467,1.0,1.0
ARNT2,0.24998082,0.0,-1.0
ARNTL,0.48384032,0.0,-1.0
ARNTL2,0.13344063,0.0,0.0
ARPC1A,0.012109355,0.0,0.0
ARPC1B,0.027636062,0.0,-1.0
ARPC2,0.051127896,0.0,0.0
ARPC3,0.07319268,0.0,0.0
ARPC3P1,0.0069755474,0.0,0.0
ARPC4,0.027710626,0.0,0.0
ARPC5,0.026400082,0.0,0.0
ARPC5L,0.039369933,0.0,0.0
ARPP19,0.04312697,0.0,0.0
ARR3,0.2968734,0.0,0.0
ARRB1,0.5271862,1.0,0.0
ARRB2,0.4926617,0.0,0.0
ARRDC1,0.011020174,0.0,0.0
ARRDC1-AS1,0.035912298,0.0,0.0
ARRDC2,0.06917737,0.0,0.0
ARRDC3,0.095876954,0.0,0.0
ARRDC4,0.07151183,0.0,0.0
ARRDC5,0.0817586,0.0,-1.0
ARSB,0.12938176,0.0,-1.0
ARSG,0.0009038368,0.0,0.0
ARSK,0.030971315,0.0,0.0
ARSL,0.0037700424,0.0,-1.0
ART4,0.0944394,0.0,0.0
ARTN,0.024875632,0.0,0.0
ARV1,0.0153134065,0.0,0.0
ARVCF,0.14265002,0.0,0.0
ARX,0.29002982,0.0,-1.0
ASAH1,0.16133882,0.0,-1.0
ASAP1,0.27880335,0.0,-1.0
ASAP2,0.2252203,0.0,-1.0
ASAP3,0.36159053,0.0,0.0
ASB1,0.047781985,0.0,0.0
ASB12,0.12868775,0.0,0.0
ASB13,0.083967745,0.0,0.0
ASB2,0.11905571,0.0,0.0
ASB3,0.07733347,0.0,0.0
ASB4,0.10796753,0.0,0.0
ASB6,0.064184874,0.0,0.0
ASB7,0.09163534,0.0,0.0
ASB8,0.06328743,0.0,0.0
ASB9,0.08650801,0.0,-1.0
ASCC1,0.2542732,0.0,-1.0
ASCC2,0.37027526,0.0,-1.0
ASCC3,0.2524948,0.0,-1.0
ASCL1,0.16732371,0.0,-1.0
ASCL2,0.18883571,0.0,0.0
ASCL3,0.0019503913,0.0,0.0
ASCL4,0.024457486,0.0,0.0
ASF1A,0.1662928,0.0,0.0
ASF1B,0.27785847,0.0,0.0
ASGR1,0.039389357,0.0,0.0
ASGR2,0.017909963,0.0,0.0
ASH1L,0.2990709,0.0,-1.0
ASH2L,0.39531085,0.0,-1.0
ASIC1,0.047894355,0.0,0.0
ASIC2,0.0024653913,0.0,0.0
ASIC3,0.015978552,0.0,0.0
ASIC4,0.028408479,0.0,0.0
ASL,0.34111932,0.0,-1.0
ASMT,0.046593197,0.0,0.0
ASMTL,0.040800735,0.0,-1.0
ASMTL-AS1,0.011840995,0.0,0.0
ASNS,0.118731,0.0,-1.0
ASNSD1,0.03196005,0.0,0.0
ASPA,0.074326746,0.0,-1.0
ASPG,0.007316282,0.0,0.0
ASPH,0.15378483,0.0,0.0
ASPHD1,0.008716138,0.0,-1.0
ASPHD2,0.089090645,0.0,0.0
ASPM,0.20769826,0.0,-1.0
ASPRV1,0.11287689,0.0,0.0
ASPSCR1,0.2195835,0.0,1.0
ASRGL1,0.08149194,0.0,0.0
ASS1,0.14167853,0.0,-1.0
ASTE1,0.028966462,0.0,0.0
ASTL,0.0998121,0.0,0.0
ASTN2,0.28008315,0.0,-1.0
ASXL1,0.1378933,0.0,1.0
ASXL2,0.36816704,0.0,1.0
ATAD1,0.045364473,0.0,0.0
ATAD2,0.20114277,0.0,-1.0
ATAD2B,0.08328263,0.0,0.0
ATAD3A,0.14715621,0.0,0.0
ATAD3B,0.12631057,0.0,-1.0
ATAD5,0.25722674,0.0,0.0
ATE1,0.05268159,0.0,0.0
ATF1,0.17879868,0.0,1.0
ATF2,0.34576952,0.0,-1.0
ATF3,0.3258924,0.0,-1.0
ATF4,0.34932157,0.0,-1.0
ATF5,0.1288452,0.0,-1.0
ATF6,0.3188101,0.0,0.0
ATF6B,0.13680287,0.0,0.0
ATF7,0.1583447,0.0,0.0
ATF7IP,0.27533993,0.0,-1.0
ATF7IP2,0.07699929,0.0,0.0
ATG10,0.18969926,0.0,-1.0
ATG101,0.21538594,0.0,0.0
ATG12,0.17536896,0.0,-1.0
ATG13,0.08756272,0.0,-1.0
ATG14,0.06146185,0.0,-1.0
ATG16L1,0.14776403,0.0,-1.0
ATG16L2,0.06687008,0.0,0.0
ATG2A,0.2241897,0.0,-1.0
ATG2B,0.10066094,0.0,-1.0
ATG3,0.17066209,0.0,-1.0
ATG4B,0.14453013,0.0,-1.0
ATG4C,0.1458687,0.0,0.0
ATG4D,0.07278631,0.0,0.0
ATG5,0.113024615,0.0,-1.0
ATG7,0.16045184,0.0,-1.0
ATG9A,0.0343881,0.0,0.0
ATIC,0.18547228,0.0,1.0
ATL1,0.024007121,0.0,-1.0
ATL2,0.028480701,0.0,0.0
ATL3,0.052659377,0.0,0.0
ATM,0.72666067,1.0,1.0
ATMIN,0.069483235,0.0,-1.0
ATN1,0.49206853,0.0,-1.0
ATOH1,0.059715394,0.0,0.0
ATOH7,0.055153836,0.0,-1.0
ATOH8,0.022104401,0.0,0.0
ATOX1,0.008080148,0.0,0.0
ATP11B,0.004513487,0.0,0.0
ATP12A,0.010324751,0.0,0.0
ATP13A1,0.06399388,0.0,0.0
ATP13A2,0.18669924,0.0,-1.0
ATP13A3,0.036268417,0.0,0.0
ATP1A1,0.10752061,0.0,1.0
ATP1B1,0.024685236,0.0,0.0
ATP1B3,0.013868377,0.0,0.0
ATP23,0.22907919,0.0,0.0
ATP2A1,0.004227091,0.0,0.0
ATP2A2,0.06637323,0.0,-1.0
ATP2A3,0.01867228,0.0,0.0
ATP2B1,0.09292827,0.0,0.0
ATP2B2,0.22615379,0.0,0.0
ATP2B3,0.59636945,1.0,1.0
ATP2B4,0.28885758,0.0,-1.0
ATP5F1A,0.20990531,0.0,0.0
ATP5F1B,0.20060785,0.0,-1.0
ATP5F1C,0.06702032,0.0,0.0
ATP5F1D,0.0310005,0.0,0.0
ATP5IF1,0.06985086,0.0,0.0
ATP5MC1,0.05440777,0.0,0.0
ATP5MC2,0.057210974,0.0,0.0
ATP5MC3,0.006733524,0.0,0.0
ATP5ME,0.01940641,0.0,0.0
ATP5MF,0.030096984,0.0,0.0
ATP5MG,0.07965786,0.0,0.0
ATP5MJ,0.014583004,0.0,-1.0
ATP5MK,0.018400032,0.0,0.0
ATP5PB,0.05511888,0.0,0.0
ATP5PD,5.0318806e-05,0.0,-1.0
ATP5PF,0.018271402,0.0,0.0
ATP5PO,0.04480909,0.0,0.0
ATP6AP1,0.19126928,0.0,-1.0
ATP6AP2,0.038854916,0.0,-1.0
ATP6V0A4,0.010869279,0.0,-1.0
ATP6V0B,0.036701925,0.0,-1.0
ATP6V0C,0.028928677,0.0,0.0
ATP6V0D1,0.045475464,0.0,0.0
ATP6V0E1,0.0004007081,0.0,-1.0
ATP6V0E2,0.026638249,0.0,0.0
ATP6V1B1,0.018207358,0.0,-1.0
ATP6V1B2,0.09115953,0.0,1.0
ATP6V1C1,0.026881851,0.0,0.0
ATP6V1D,0.03128682,0.0,0.0
ATP6V1E1,0.096564785,0.0,0.0
ATP6V1F,0.027922414,0.0,0.0
ATP6V1G1,0.05312569,0.0,0.0
ATP6V1G2,0.063469775,0.0,-1.0
ATP6V1H,0.037337016,0.0,0.0
ATP7A,0.033028565,0.0,-1.0
ATP7B,0.026771443,0.0,-1.0
ATP8B2,0.14543137,0.0,-1.0
ATP9B,0.00427882,0.0,0.0
ATPAF1,0.039156783,0.0,0.0
ATPAF2,0.06681245,0.0,0.0
ATPSCKMT,0.096434325,0.0,0.0
ATR,0.7392151,1.0,1.0
ATRAID,0.019008366,0.0,0.0
ATRIP,0.3384617,0.0,0.0
ATRN,0.025757246,0.0,0.0
ATRNL1,0.01436507,0.0,0.0
ATRX,0.46212944,0.0,1.0
ATXN1,0.31739667,0.0,-1.0
ATXN10,0.07626389,0.0,-1.0
ATXN1L,0.14734037,0.0,0.0
ATXN2,0.21486105,0.0,1.0
ATXN2L,0.24477133,0.0,0.0
ATXN3,0.38012055,0.0,-1.0
ATXN7,0.64646304,1.0,1.0
ATXN7L2,0.06852197,0.0,0.0
ATXN7L3,0.19485906,0.0,0.0
ATXN7L3B,0.04754242,0.0,0.0
AUH,0.068148084,0.0,-1.0
AUNIP,0.027564479,0.0,0.0
AUP1,0.2905396,0.0,0.0
AURKA,0.4973919,0.0,1.0
AURKAIP1,0.07551209,0.0,0.0
AURKB,0.5016482,1.0,1.0
AURKC,0.25863066,0.0,0.0
AVEN,0.11958361,0.0,-1.0
AVIL,0.034840498,0.0,0.0
AVP,0.011925795,0.0,-1.0
AVPI1,0.062227447,0.0,-1.0
AVPR1A,0.029199548,0.0,0.0
AVPR1B,0.013325443,0.0,0.0
AVPR2,0.20278452,0.0,-1.0
AXDND1,0.017582485,0.0,0.0
AXIN1,0.6311919,1.0,1.0
AXIN2,0.34939763,0.0,1.0
AXL,0.34361455,0.0,1.0
AZGP1,0.101202205,0.0,-1.0
AZI2,0.010177485,0.0,-1.0
AZIN1,0.022910688,0.0,-1.0
AZIN2,0.067201406,0.0,0.0
B2M,0.30848348,0.0,1.0
B3GALNT2,0.011173077,0.0,0.0
B3GALT1,0.068787806,0.0,0.0
B3GALT4,0.03838465,0.0,0.0
B3GALT6,0.026836583,0.0,-1.0
B3GAT3,0.06274797,0.0,0.0
B3GLCT,0.011762286,0.0,-1.0
B3GNT2,0.028114676,0.0,-1.0
B3GNTL1,0.00963394,0.0,0.0
B4GALNT1,0.079521626,0.0,0.0
B4GALNT3,0.039637625,0.0,0.0
B4GALT1,0.10522937,0.0,-1.0
B4GALT2,0.06853159,0.0,0.0
B4GALT3,0.0467164,0.0,-1.0
B4GALT6,0.07774343,0.0,0.0
B4GAT1,0.093033485,0.0,0.0
B9D1,0.061392274,0.0,0.0
B9D2,0.04009551,0.0,0.0
BAALC,0.03892274,0.0,-1.0
BAAT,0.050666884,0.0,0.0
BABAM1,0.04684104,0.0,-1.0
BABAM2,0.15435675,0.0,-1.0
BACE1,0.34070042,0.0,0.0
BACE2,0.074331045,0.0,0.0
BACH1,0.36983275,0.0,-1.0
BACH2,0.35181063,0.0,1.0
BAD,0.47355196,0.0,-1.0
BAG1,0.44711408,0.0,-1.0
BAG2,0.18900768,0.0,0.0
BAG3,0.26686767,0.0,-1.0
BAG4,0.22299902,0.0,-1.0
BAG5,0.04397604,0.0,0.0
BAG6,0.12107914,0.0,0.0
BAGE,0.067674145,0.0,0.0
BAGE2,0.09236648,0.0,-1.0
BAGE3,0.067674145,0.0,0.0
BAGE4,0.067674145,0.0,0.0
BAGE5,0.067674145,0.0,0.0
BAHCC1,0.1343548,0.0,0.0
BAHD1,0.1373003,0.0,0.0
BAIAP2,0.21016024,0.0,0.0
BAIAP2L1,0.25335458,0.0,0.0
BAIAP3,0.07080041,0.0,-1.0
BAK1,0.33930525,0.0,-1.0
BAMBI,0.14108042,0.0,0.0
BANF1,0.51579505,1.0,0.0
BANF2,0.0005695069,0.0,-1.0
BANK1,0.15739436,0.0,-1.0
BANP,0.13455687,0.0,0.0
BAP1,0.56306636,1.0,1.0
BARD1,0.4829923,0.0,1.0
BARHL1,0.24082083,0.0,0.0
BARHL2,0.20755862,0.0,0.0
BARX1,0.16163754,0.0,0.0
BASP1,0.046614956,0.0,0.0
BASP1-AS1,0.026500782,0.0,0.0
BATF,0.83640516,1.0,-1.0
BATF2,0.075931355,0.0,-1.0
BATF3,0.062101096,0.0,-1.0
BAX,0.30566844,0.0,1.0
BAZ1A,0.27156964,0.0,1.0
BAZ1B,0.47193903,0.0,0.0
BAZ2A,0.24100615,0.0,-1.0
BAZ2B,0.25193477,0.0,-1.0
BBC3,0.16103661,0.0,1.0
BBLN,0.026104534,0.0,0.0
BBOF1,0.010921746,0.0,0.0
BBOX1,0.045985043,0.0,0.0
BBS1,0.09432093,0.0,-1.0
BBS10,0.14863826,0.0,-1.0
BBS2,0.08447382,0.0,-1.0
BBS4,0.13076973,0.0,-1.0
BBX,0.045219563,0.0,-1.0
BCAM,0.036908627,0.0,0.0
BCAN,0.009132642,0.0,0.0
BCAP29,0.038228698,0.0,0.0
BCAP31,0.21371605,0.0,0.0
BCAR1,0.7439015,1.0,-1.0
BCAR3,0.17647482,0.0,0.0
BCAS1,0.112560295,0.0,0.0
BCAS2,0.07687807,0.0,0.0
BCAS3,0.06707656,0.0,-1.0
BCAS4,0.064823195,0.0,-1.0
BCAT1,0.12910034,0.0,0.0
BCAT2,0.118430465,0.0,0.0
BCCIP,0.19890097,0.0,0.0
BCDIN3D,0.026898583,0.0,0.0
BCHE,2.6594137e-07,0.0,0.0
BCKDHA,0.07940137,0.0,-1.0
BCKDHB,0.081937775,0.0,-1.0
BCKDK,0.4033187,0.0,0.0
BCL10,0.25049004,0.0,1.0
BCL11A,0.5699753,1.0,1.0
BCL11B,0.38740706,0.0,1.0
BCL2,0.7391532,1.0,1.0
BCL2A1,0.23491046,0.0,-1.0
BCL2L1,0.7147679,1.0,-1.0
BCL2L10,0.11885482,0.0,-1.0
BCL2L11,0.21774441,0.0,1.0
BCL2L12,0.093546875,0.0,1.0
BCL2L13,0.05743481,0.0,0.0
BCL2L14,0.06234269,0.0,-1.0
BCL2L2,0.33148405,0.0,-1.0
BCL3,0.428638,0.0,1.0
BCL6,0.8216327,1.0,1.0
BCL6B,0.144164,0.0,0.0
BCL7A,0.07239484,0.0,1.0
BCL7B,0.051246773,0.0,-1.0
BCL7C,0.48328102,0.0,0.0
BCL9,0.56039256,1.0,1.0
BCL9L,0.33764005,0.0,1.0
BCLAF1,0.46981636,0.0,1.0
BCO1,0.0016051724,0.0,-1.0
BCO2,0.010751157,0.0,0.0
BCOR,0.40952018,0.0,1.0
BCORL1,0.17284064,0.0,1.0
BCR,0.75930476,1.0,1.0
BCS1L,0.02513901,0.0,0.0
BDH1,0.022602502,0.0,0.0
BDH2,0.01788317,0.0,0.0
BDKRB1,0.120841764,0.0,-1.0
BDKRB2,0.017121164,0.0,-1.0
BDNF,0.056551494,0.0,-1.0
BDNF-AS,0.027548062,0.0,0.0
BDP1,0.4416049,0.0,0.0
BECN1,0.18925166,0.0,-1.0
BEGAIN,0.14962067,0.0,0.0
BEND3,0.14017482,0.0,0.0
BEND5,0.06829285,0.0,0.0
BEND6,0.02226279,0.0,0.0
BEND7,0.07407478,0.0,0.0
BEST1,0.057326138,0.0,-1.0
BEST3,0.068938926,0.0,0.0
BET1,0.07642115,0.0,0.0
BET1L,0.069486216,0.0,0.0
BEX1,0.004042433,0.0,-1.0
BEX2,0.053872727,0.0,-1.0
BEX3,0.03912579,0.0,-1.0
BFAR,0.34577554,0.0,0.0
BFSP1,0.06428314,0.0,0.0
BGN,0.09574208,0.0,-1.0
BHLHA15,0.022552377,0.0,0.0
BHLHB9,0.046898,0.0,0.0
BHLHE22,0.06430918,0.0,0.0
BHLHE23,0.056144413,0.0,0.0
BHLHE40,0.33637694,0.0,0.0
BHLHE41,0.23353931,0.0,-1.0
BHMT,0.08494755,0.0,0.0
BICD1,0.1794099,0.0,0.0
BICD2,0.11893186,0.0,0.0
BICDL1,0.005519111,0.0,0.0
BICDL2,0.011214784,0.0,0.0
BICRA,0.01115263,0.0,-1.0
BICRAL,0.018659547,0.0,0.0
BID,0.58479565,1.0,-1.0
BIK,0.15663968,0.0,0.0
BIN1,0.36002803,0.0,-1.0
BIN2,0.07867061,0.0,0.0
BIN3,0.0035120894,0.0,0.0
BIRC2,0.585856,1.0,-1.0
BIRC3,0.5969807,1.0,1.0
BIRC5,0.40474328,0.0,-1.0
BIRC6,0.4402635,0.0,1.0
BIRC7,0.23220882,0.0,-1.0
BIRC8,0.13601369,0.0,-1.0
BLCAP,0.06362249,0.0,-1.0
BLID,0.04944257,0.0,0.0
BLK,0.5040384,1.0,-1.0
BLM,0.65346205,1.0,1.0
BLMH,0.30733627,0.0,0.0
BLNK,0.37358454,0.0,-1.0
BLOC1S1,0.055574637,0.0,0.0
BLOC1S2,0.027721819,0.0,0.0
BLOC1S3,0.042282343,0.0,-1.0
BLOC1S4,0.021405805,0.0,0.0
BLOC1S5,0.029645728,0.0,0.0
BLOC1S6,0.075092636,0.0,-1.0
BLVRA,0.0045372644,0.0,-1.0
BLVRB,0.007827776,0.0,0.0
BLZF1,0.08755404,0.0,0.0
BMERB1,0.013236032,0.0,0.0
BMF,0.2483137,0.0,-1.0
BMI1,0.4087378,0.0,-1.0
BMP1,0.09351312,0.0,0.0
BMP15,0.05381421,0.0,-1.0
BMP2,0.093070365,0.0,-1.0
BMP2K,0.29671997,0.0,-1.0
BMP4,0.069489,0.0,-1.0
BMP5,0.28245088,0.0,1.0
BMP6,0.17759839,0.0,0.0
BMP7,0.11465549,0.0,-1.0
BMP8B,0.08996952,0.0,0.0
BMPR1A,0.42379174,0.0,1.0
BMPR1B,0.47107047,0.0,0.0
BMPR2,0.14261849,0.0,-1.0
BMS1,0.07868939,0.0,0.0
BMS1P4,0.021547168,0.0,0.0
BMT2,0.007992813,0.0,0.0
BMX,0.49868828,0.0,0.0
BNC1,0.04799857,0.0,0.0
BNIP1,0.04538333,0.0,0.0
BNIP2,0.10729465,0.0,0.0
BNIP3,0.13564421,0.0,-1.0
BNIP3L,0.27062646,0.0,-1.0
BNIPL,0.23957676,0.0,0.0
BOC,0.16595492,0.0,-1.0
BOD1,0.013370016,0.0,-1.0
BOD1L1,0.044122145,0.0,0.0
BOK,0.074005045,0.0,-1.0
BOK-AS1,0.01111625,0.0,0.0
BOLA1,0.047345404,0.0,0.0
BOLA3,0.032274142,0.0,0.0
BOLL,0.05636287,0.0,0.0
BOP1,0.10691026,0.0,-1.0
BORA,0.29658213,0.0,-1.0
BORCS5,0.014348206,0.0,0.0
BORCS6,0.118180215,0.0,0.0
BPGM,0.090644255,0.0,0.0
BPIFA1,0.016854944,0.0,0.0
BPIFA3,0.0085235685,0.0,0.0
BPIFB2,0.091130726,0.0,0.0
BPIFB3,0.015676713,0.0,0.0
BPNT1,0.1345867,0.0,0.0
BPTF,0.369319,0.0,-1.0
BPY2,0.07126876,0.0,0.0
BRAF,0.7724156,1.0,1.0
BRAP,0.07365273,0.0,0.0
BRAT1,0.016854944,0.0,-1.0
BRCA1,0.7566366,1.0,1.0
BRCA2,0.68320525,1.0,1.0
BRCC3,0.25149015,0.0,-1.0
BRD1,0.2060826,0.0,0.0
BRD2,0.31292412,0.0,-1.0
BRD3,0.14067999,0.0,1.0
BRD3OS,0.027665773,0.0,0.0
BRD4,0.39612293,0.0,1.0
BRD7,0.5369874,1.0,-1.0
BRD8,0.28672132,0.0,-1.0
BRD9,0.06084215,0.0,0.0
BRF1,0.37247953,0.0,0.0
BRF2,0.27971166,0.0,0.0
BRI3BP,0.008427469,0.0,0.0
BRINP1,0.17379521,0.0,0.0
BRINP2,0.016920323,0.0,0.0
BRINP3,0.013485704,0.0,-1.0
BRIP1,0.3302955,0.0,1.0
BRIX1,0.16866496,0.0,-1.0
BRME1,0.11204631,0.0,0.0
BRMS1,0.19718017,0.0,-1.0
BRMS1L,0.08558918,0.0,0.0
BROX,0.014139001,0.0,0.0
BRPF1,0.15394162,0.0,-1.0
BRPF3,0.15898149,0.0,-1.0
BRSK1,0.13497658,0.0,-1.0
BRSK2,0.112160236,0.0,0.0
BRWD1,0.16347776,0.0,0.0
BRWD3,0.1819857,0.0,-1.0
BSCL2,0.06919405,0.0,-1.0
BSDC1,0.114704914,0.0,0.0
BSG,0.16282564,0.0,0.0
BSN,0.115916364,0.0,-1.0
BSND,0.0085043,0.0,-1.0
BST1,0.09034518,0.0,0.0
BST2,0.1934433,0.0,0.0
BSX,0.02227546,0.0,0.0
BTAF1,0.14238992,0.0,0.0
BTBD1,0.15146229,0.0,0.0
BTBD10,0.0806042,0.0,0.0
BTBD17,0.0005644296,0.0,0.0
BTBD19,0.09077743,0.0,-1.0
BTBD2,0.27387938,0.0,0.0
BTBD8,0.007446505,0.0,0.0
BTBD9,0.07234483,0.0,-1.0
BTC,0.17287524,0.0,-1.0
BTD,0.103593186,0.0,-1.0
BTF3,0.04129934,0.0,0.0
BTG1,0.23341209,0.0,1.0
BTG2,0.40908864,0.0,-1.0
BTG3,0.07833574,0.0,0.0
BTG4,0.052651025,0.0,0.0
BTK,0.5608128,1.0,1.0
BTLA,0.015530112,0.0,-1.0
BTN1A1,0.06610465,0.0,0.0
BTN2A1,0.12323091,0.0,0.0
BTN2A2,0.07715078,0.0,0.0
BTN2A3P,0.03724218,0.0,0.0
BTN3A1,0.09640692,0.0,0.0
BTN3A2,0.12864584,0.0,-1.0
BTN3A3,0.09492661,0.0,0.0
BTNL2,0.0012809847,0.0,-1.0
BTRC,0.643202,1.0,-1.0
BUB1,0.4469892,0.0,-1.0
BUB1B,0.44736233,0.0,1.0
BUB3,0.22318639,0.0,0.0
BUD23,0.0069710705,0.0,-1.0
BUD31,0.032485615,0.0,0.0
BYSL,0.0928512,0.0,-1.0
BZW1,0.10968067,0.0,0.0
BZW1P2,0.00062699115,0.0,0.0
BZW2,0.09986447,0.0,0.0
C10orf62,0.05550515,0.0,0.0
C10orf71,0.020590086,0.0,0.0
C10orf82,0.026301362,0.0,0.0
C10orf88,0.06499319,0.0,0.0
C10orf90,0.016854944,0.0,-1.0
C11orf1,0.032851107,0.0,0.0
C11orf16,0.015213404,0.0,0.0
C11orf21,0.020590086,0.0,0.0
C11orf49,0.11451626,0.0,-1.0
C11orf54,0.059296183,0.0,0.0
C11orf58,0.042906504,0.0,0.0
C11orf65,0.016318198,0.0,0.0
C11orf68,0.041740946,0.0,0.0
C11orf71,0.012325196,0.0,0.0
C11orf80,0.010921746,0.0,0.0
C11orf86,0.05087518,0.0,0.0
C11orf91,0.047116503,0.0,0.0
C11orf98,0.022166206,0.0,0.0
C12orf43,0.008856417,0.0,0.0
C12orf57,0.27929527,0.0,0.0
C12orf71,0.018312905,0.0,0.0
C12orf73,0.011935305,0.0,0.0
C14orf119,0.031282645,0.0,0.0
C14orf181,0.1387508,0.0,0.0
C14orf28,0.021007383,0.0,0.0
C15orf39,0.011837203,0.0,0.0
C15orf40,0.013452066,0.0,0.0
C15orf48,0.014583004,0.0,-1.0
C15orf62,0.032375187,0.0,0.0
C16orf54,0.01796319,0.0,0.0
C16orf72,0.043654975,0.0,0.0
C16orf74,0.073531434,0.0,0.0
C16orf86,0.018736733,0.0,0.0
C17orf49,0.044068724,0.0,0.0
C17orf64,0.018654516,0.0,0.0
C17orf78,0.014583004,0.0,0.0
C17orf80,0.013243301,0.0,0.0
C17orf97,0.007992813,0.0,0.0
C17orf99,0.020590086,0.0,0.0
C18orf21,0.008140633,0.0,0.0
C18orf25,0.03503888,0.0,0.0
C18orf32,0.0087754335,0.0,0.0
C18orf54,0.01258111,0.0,0.0
C19orf12,0.013090349,0.0,0.0
C19orf18,0.016670322,0.0,0.0
C19orf25,0.13902004,0.0,0.0
C19orf33,0.013243301,0.0,0.0
C19orf44,0.02432234,0.0,0.0
C19orf47,0.027338473,0.0,0.0
C19orf48,0.050909404,0.0,0.0
C19orf53,0.027063414,0.0,-1.0
C19orf54,0.023168623,0.0,0.0
C19orf71,0.014274807,0.0,0.0
C19orf73,0.022217365,0.0,0.0
C1D,0.04597883,0.0,0.0
C1GALT1,0.06287249,0.0,0.0
C1GALT1C1,0.06278081,0.0,0.0
C1QA,0.21518232,0.0,0.0
C1QBP,0.29461753,0.0,0.0
C1QC,0.15800071,0.0,0.0
C1QL4,0.03664453,0.0,0.0
C1QTNF1,0.11687089,0.0,-1.0
C1QTNF6,0.15045117,0.0,0.0
C1R,0.14172916,0.0,0.0
C1RL,0.07301394,0.0,0.0
C1S,0.15546675,0.0,0.0
C1orf100,0.06695299,0.0,-1.0
C1orf109,0.108225055,0.0,0.0
C1orf112,0.016784562,0.0,0.0
C1orf115,0.014583004,0.0,0.0
C1orf116,0.07766092,0.0,0.0
C1orf131,0.007826767,0.0,0.0
C1orf159,0.03152952,0.0,-1.0
C1orf174,0.050852712,0.0,0.0
C1orf198,0.01218038,0.0,0.0
C1orf216,0.15079601,0.0,0.0
C1orf220,0.042711843,0.0,0.0
C1orf226,0.08336008,0.0,0.0
C1orf35,0.068793505,0.0,0.0
C1orf43,0.029868089,0.0,0.0
C1orf50,0.007992813,0.0,0.0
C1orf52,0.014583004,0.0,0.0
C1orf74,0.036214914,0.0,0.0
C1orf94,0.11299845,0.0,0.0
C2,0.11273558,0.0,0.0
C20orf141,0.024975529,0.0,0.0
C20orf144,0.014583004,0.0,0.0
C20orf203,0.008340013,0.0,0.0
C20orf204,0.010037257,0.0,0.0
C20orf27,0.14547117,0.0,0.0
C21orf58,0.104707636,0.0,0.0
C21orf62-AS1,0.050776068,0.0,0.0
C21orf91,0.010264382,0.0,0.0
C22orf31,0.09640535,0.0,0.0
C22orf39,0.018638898,0.0,0.0
C2CD2,0.019179313,0.0,0.0
C2CD2L,0.048162133,0.0,0.0
C2CD3,0.07935027,0.0,-1.0
C2CD4A,0.0058330824,0.0,0.0
C2CD5,0.028387928,0.0,-1.0
C2CD6,0.13967752,0.0,-1.0
C2orf15,0.03705812,0.0,0.0
C2orf42,0.029238392,0.0,0.0
C2orf49,0.007857669,0.0,0.0
C2orf50,0.012915239,0.0,0.0
C2orf74,0.007992813,0.0,0.0
C2orf76,0.019122988,0.0,0.0
C2orf88,0.014071815,0.0,0.0
C3,0.15601264,0.0,-1.0
C3orf14,0.0085235685,0.0,0.0
C3orf33,0.014583004,0.0,0.0
C3orf36,0.012915239,0.0,0.0
C3orf49,0.014583004,0.0,0.0
C4A,0.27373454,0.0,-1.0
C4B,0.11745273,0.0,-1.0
C4BPA,0.0035593992,0.0,0.0
C4BPB,0.12826219,0.0,0.0
C4orf17,0.074591674,0.0,0.0
C4orf19,0.030932546,0.0,0.0
C4orf33,0.013407589,0.0,0.0
C4orf46,0.025870273,0.0,0.0
C5,0.09084647,0.0,0.0
C5AR1,0.085967496,0.0,0.0
C5orf22,0.03662886,0.0,0.0
C5orf24,0.041163374,0.0,0.0
C5orf34,0.008140633,0.0,0.0
C6,0.011907933,0.0,0.0
C6orf120,0.01224762,0.0,0.0
C6orf136,0.007992813,0.0,-1.0
C6orf141,0.050481956,0.0,0.0
C6orf15,0.014448647,0.0,-1.0
C6orf223,0.010037257,0.0,-1.0
C6orf226,0.022958076,0.0,0.0
C6orf47,0.09950405,0.0,0.0
C6orf52,0.013642558,0.0,0.0
C6orf89,0.030295536,0.0,0.0
C7,0.08815696,0.0,-1.0
C7orf25,0.017582616,0.0,0.0
C7orf26,0.035868607,0.0,0.0
C7orf31,0.014583004,0.0,-1.0
C7orf50,0.06284766,0.0,0.0
C8A,0.035425685,0.0,0.0
C8B,0.07709664,0.0,0.0
C8G,0.030960692,0.0,0.0
C8orf33,0.09240138,0.0,0.0
C8orf44,0.015016567,0.0,0.0
C8orf48,0.023917329,0.0,0.0
C8orf74,0.0191116,0.0,0.0
C8orf86,0.013243301,0.0,0.0
C9,0.1531608,0.0,0.0
C9orf116,0.025512172,0.0,0.0
C9orf163,0.057084046,0.0,0.0
C9orf43,0.013642558,0.0,0.0
C9orf78,0.016548807,0.0,-1.0
C9orf85,0.007857669,0.0,-1.0
CA1,0.059154306,0.0,0.0
CA11,0.17422158,0.0,0.0
CA12,0.054735906,0.0,0.0
CA13,0.04328814,0.0,0.0
CA14,0.044508535,0.0,0.0
CA2,0.118633114,0.0,-1.0
CA3,0.04582002,0.0,0.0
CA4,0.051535647,0.0,-1.0
CA5A,0.045764487,0.0,0.0
CA5B,0.050085396,0.0,0.0
CA6,0.04240313,0.0,0.0
CA7,0.039860256,0.0,0.0
CA8,0.05474288,0.0,0.0
CA9,0.08074669,0.0,0.0
CAAP1,0.040833082,0.0,0.0
CAB39,0.10881694,0.0,0.0
CAB39L,0.040910672,0.0,0.0
CABIN1,0.27400982,0.0,-1.0
CABLES1,0.13361806,0.0,-1.0
CABLES2,0.14597839,0.0,0.0
CABP1,0.14058584,0.0,0.0
CABP2,0.022930125,0.0,0.0
CABP4,0.006039505,0.0,0.0
CABP5,0.0053951987,0.0,0.0
CACNA1A,0.7843121,1.0,-1.0
CACNA1B,0.14482075,0.0,-1.0
CACNA1C,0.4707841,0.0,-1.0
CACNA1D,0.049573813,0.0,1.0
CACNA1E,0.26490593,0.0,-1.0
CACNA1F,0.006039505,0.0,-1.0
CACNA1H,0.04217794,0.0,-1.0
CACNA1S,0.1928594,0.0,-1.0
CACNB3,0.15040667,0.0,0.0
CACNB4,0.1712679,0.0,-1.0
CACNG2,0.3285185,0.0,-1.0
CACNG3,0.08829883,0.0,0.0
CACNG7,0.06877608,0.0,0.0
CACTIN,0.0154661015,0.0,0.0
CACUL1,0.02592506,0.0,0.0
CACYBP,0.24344474,0.0,-1.0
CAD,0.15737684,0.0,-1.0
CADM1,0.14785635,0.0,0.0
CADM3,0.095580585,0.0,0.0
CADPS,0.019550996,0.0,0.0
CADPS2,0.083628014,0.0,-1.0
CAGE1,0.018941434,0.0,-1.0
CALB1,0.1004236,0.0,0.0
CALB2,0.031009499,0.0,-1.0
CALCOCO1,0.16167057,0.0,-1.0
CALCOCO2,0.10040778,0.0,0.0
CALCR,0.42062557,0.0,-1.0
CALCRL,0.0019196247,0.0,0.0
CALD1,0.16109839,0.0,-1.0
CALHM5,0.06368207,0.0,0.0
CALM1,0.3234716,0.0,-1.0
CALM2,0.40073597,0.0,-1.0
CALM3,0.23791975,0.0,-1.0
CALML3,0.06963897,0.0,-1.0
CALML5,0.22285707,0.0,-1.0
CALR,0.5196999,1.0,1.0
CALR3,0.03190742,0.0,-1.0
CALU,0.04923647,0.0,0.0
CAMK1,0.0858793,0.0,0.0
CAMK1D,0.36464736,0.0,0.0
CAMK2A,0.4818293,0.0,-1.0
CAMK2B,0.34282774,0.0,-1.0
CAMK2D,0.47947246,0.0,-1.0
CAMK2G,0.2823159,0.0,-1.0
CAMK2N1,0.0024911196,0.0,0.0
CAMK2N2,0.0030871523,0.0,0.0
CAMK4,0.19704756,0.0,-1.0
CAMKK1,0.4053489,0.0,0.0
CAMKK2,0.46435592,0.0,-1.0
CAMKMT,0.029745998,0.0,0.0
CAMKV,0.24984525,0.0,0.0
CAMLG,0.22818974,0.0,0.0
CAMP,0.05113728,0.0,0.0
CAMSAP1,0.014200541,0.0,0.0
CAMTA1,0.06706081,0.0,1.0
CAMTA2,0.123276494,0.0,0.0
CAND1,0.19507214,0.0,0.0
CAND2,0.06615419,0.0,0.0
CANT1,0.19258133,0.0,1.0
CANX,0.33630908,0.0,-1.0
CAP1,0.07945445,0.0,0.0
CAP2,0.09173715,0.0,-1.0
CAPN1,0.23822555,0.0,0.0
CAPN13,0.076363094,0.0,0.0
CAPN15,0.012382886,0.0,0.0
CAPN2,0.21939264,0.0,0.0
CAPN3,0.1870924,0.0,-1.0
CAPN7,0.012151365,0.0,0.0
CAPNS1,0.21896902,0.0,0.0
CAPRIN1,0.15658244,0.0,0.0
CAPS2,0.07484314,0.0,0.0
CAPZA1,0.17041472,0.0,0.0
CAPZA2,0.00021865279,0.0,0.0
CAPZB,0.07414494,0.0,0.0
CARD10,0.08449224,0.0,-1.0
CARD11,0.24370821,0.0,1.0
CARD14,0.049544647,0.0,-1.0
CARD19,0.01834818,0.0,0.0
CARD6,0.1840803,0.0,-1.0
CARD8,0.09276236,0.0,-1.0
CARD9,0.101174906,0.0,-1.0
CARF,0.04544005,0.0,-1.0
CARHSP1,0.19821352,0.0,0.0
CARM1,0.38417405,0.0,-1.0
CARMIL2,0.018632427,0.0,0.0
CARMIL3,0.015699632,0.0,0.0
CARNMT1,0.01111625,0.0,0.0
CARS1,0.10447583,0.0,1.0
CARS2,0.03924196,0.0,0.0
CARTPT,0.0029272025,0.0,-1.0
CASC2,0.011478202,0.0,0.0
CASK,0.61905205,1.0,-1.0
CASKIN1,0.22083761,0.0,-1.0
CASKIN2,0.039766137,0.0,0.0
CASP1,0.31325617,0.0,-1.0
CASP10,0.5825698,1.0,-1.0
CASP12,0.023639977,0.0,0.0
CASP14,0.25939882,0.0,0.0
CASP2,0.40293163,0.0,0.0
CASP3,0.4198374,0.0,1.0
CASP4,0.35339105,0.0,0.0
CASP5,0.0013641377,0.0,0.0
CASP6,0.17883357,0.0,0.0
CASP7,0.25730556,0.0,-1.0
CASP8,0.7935282,1.0,1.0
CASP8AP2,0.21843927,0.0,-1.0
CASP9,0.34702218,0.0,1.0
CASQ1,0.07104425,0.0,0.0
CASQ2,0.00033946292,0.0,0.0
CASR,0.22781038,0.0,-1.0
CASS4,0.35912806,0.0,0.0
CAST,0.055522162,0.0,-1.0
CASTOR1,0.029160589,0.0,0.0
CASZ1,0.19544278,0.0,-1.0
CAT,0.18280262,0.0,-1.0
CATSPER1,0.14660423,0.0,-1.0
CATSPER2P1,0.0030201913,0.0,0.0
CATSPERD,0.029549366,0.0,0.0
CATSPERG,0.035524476,0.0,0.0
CATSPERZ,0.017499201,0.0,0.0
CAV1,0.5240298,1.0,-1.0
CAV2,0.14176576,0.0,-1.0
CAV3,0.15798795,0.0,-1.0
CAVIN1,0.10942644,0.0,-1.0
CAVIN2,0.05116488,0.0,0.0
CBFA2T2,0.40449074,0.0,0.0
CBFA2T3,0.48112884,0.0,1.0
CBFB,0.14501336,0.0,1.0
CBL,0.8143418,1.0,1.0
CBLB,0.5296766,1.0,1.0
CBLC,0.26958883,0.0,1.0
CBLIF,0.0049472232,0.0,0.0
CBLL1,0.16795604,0.0,0.0
CBLN2,0.028736815,0.0,0.0
CBLN3,0.054684117,0.0,0.0
CBR1,0.13549599,0.0,0.0
CBR3,0.103680454,0.0,0.0
CBS,0.11484168,0.0,-1.0
CBWD2,0.10072761,0.0,0.0
CBWD5,0.010069342,0.0,0.0
CBX1,0.3660343,0.0,0.0
CBX2,0.1298187,0.0,-1.0
CBX3,0.3614977,0.0,0.0
CBX4,0.38195187,0.0,-1.0
CBX5,0.54183024,1.0,0.0
CBX6,0.03547517,0.0,-1.0
CBX7,0.2113855,0.0,-1.0
CBX8,0.3459464,0.0,0.0
CBY1,0.12155474,0.0,0.0
CBY2,0.10405029,0.0,0.0
CBY3,0.0012002548,0.0,0.0
CC2D1A,0.15086015,0.0,-1.0
CC2D1B,0.01694913,0.0,0.0
CCAR1,0.26459178,0.0,-1.0
CCAR2,0.14946726,0.0,-1.0
CCBE1,0.016024772,0.0,0.0
CCDC102A,0.13483804,0.0,-1.0
CCDC103,0.027037913,0.0,0.0
CCDC106,0.15928711,0.0,0.0
CCDC107,0.10887418,0.0,-1.0
CCDC112,0.021476492,0.0,0.0
CCDC113,0.12313523,0.0,0.0
CCDC115,0.01405144,0.0,0.0
CCDC116,0.19782048,0.0,0.0
CCDC117,0.022075618,0.0,0.0
CCDC12,0.047725983,0.0,0.0
CCDC120,0.124510154,0.0,-1.0
CCDC122,0.0039038353,0.0,-1.0
CCDC124,0.04129152,0.0,-1.0
CCDC126,0.0121589,0.0,0.0
CCDC127,0.015218035,0.0,0.0
CCDC134,0.005138573,0.0,0.0
CCDC136,0.08838648,0.0,0.0
CCDC137,0.04261513,0.0,0.0
CCDC14,0.14652234,0.0,0.0
CCDC140,0.17071286,0.0,0.0
CCDC141,0.020778133,0.0,0.0
CCDC142,0.041960575,0.0,0.0
CCDC144A,0.03830493,0.0,0.0
CCDC144B,0.052652694,0.0,0.0
CCDC144CP,0.019958252,0.0,0.0
CCDC144NL,0.02825209,0.0,0.0
CCDC146,0.04067544,0.0,0.0
CCDC149,0.03663046,0.0,0.0
CCDC150,0.050633963,0.0,0.0
CCDC158,0.095415086,0.0,0.0
CCDC159,0.049972557,0.0,0.0
CCDC163,0.091094844,0.0,0.0
CCDC167,0.009159469,0.0,0.0
CCDC17,0.10244351,0.0,0.0
CCDC174,0.028053276,0.0,0.0
CCDC175,0.012915239,0.0,0.0
CCDC183,0.049857028,0.0,0.0
CCDC185,0.084831886,0.0,0.0
CCDC186,0.09234377,0.0,0.0
CCDC191,0.014792286,0.0,0.0
CCDC197,0.0073939376,0.0,0.0
CCDC25,0.17157164,0.0,0.0
CCDC32,0.011559878,0.0,0.0
CCDC33,0.23552334,0.0,0.0
CCDC34,0.04442136,0.0,0.0
CCDC38,0.014300111,0.0,-1.0
CCDC40,0.09623666,0.0,-1.0
CCDC42,0.008304296,0.0,0.0
CCDC43,0.018428354,0.0,0.0
CCDC47,0.042478748,0.0,0.0
CCDC50,0.05577311,0.0,0.0
CCDC51,0.023427393,0.0,0.0
CCDC57,0.025280736,0.0,0.0
CCDC59,0.14257795,0.0,0.0
CCDC6,0.17579824,0.0,1.0
CCDC61,0.049880795,0.0,-1.0
CCDC66,0.017337207,0.0,-1.0
CCDC69,0.013084313,0.0,0.0
CCDC7,0.12414024,0.0,0.0
CCDC70,0.017427053,0.0,0.0
CCDC71,0.032065533,0.0,0.0
CCDC71L,0.02003928,0.0,0.0
CCDC77,0.019609204,0.0,-1.0
CCDC80,0.0790475,0.0,0.0
CCDC82,0.09973522,0.0,0.0
CCDC83,0.01789029,0.0,0.0
CCDC85A,0.056616187,0.0,0.0
CCDC85B,0.24385546,0.0,0.0
CCDC85C,0.017640837,0.0,0.0
CCDC86,0.061566647,0.0,0.0
CCDC87,0.06737634,0.0,0.0
CCDC88A,0.22300145,0.0,-1.0
CCDC88B,0.15652771,0.0,0.0
CCDC9,0.033848524,0.0,-1.0
CCDC90B,0.27752915,0.0,0.0
CCDC91,0.10234229,0.0,0.0
CCDC92,0.058951784,0.0,0.0
CCDC97,0.18431191,0.0,0.0
CCER1,0.051715977,0.0,-1.0
CCHCR1,0.14165007,0.0,-1.0
CCK,0.00056705886,0.0,-1.0
CCKAR,0.0013911707,0.0,0.0
CCKBR,0.0014828658,0.0,-1.0
CCL1,0.004757299,0.0,0.0
CCL11,0.0014036949,0.0,0.0
CCL13,0.007795245,0.0,0.0
CCL14,0.040851407,0.0,0.0
CCL16,0.10475439,0.0,0.0
CCL17,0.04389619,0.0,0.0
CCL18,0.161716,0.0,0.0
CCL19,0.069956765,0.0,0.0
CCL2,0.41952395,0.0,0.0
CCL20,0.13450186,0.0,0.0
CCL21,0.003739801,0.0,0.0
CCL22,0.008029165,0.0,0.0
CCL23,0.022586385,0.0,0.0
CCL25,0.0057755215,0.0,0.0
CCL27,0.031299308,0.0,0.0
CCL28,0.01971335,0.0,0.0
CCL3,0.37137008,0.0,-1.0
CCL3L1,0.061965894,0.0,0.0
CCL4,0.18213496,0.0,0.0
CCL5,0.060823146,0.0,0.0
CCL7,0.018556552,0.0,-1.0
CCL8,0.012578966,0.0,0.0
CCM2,0.21878365,0.0,-1.0
CCN1,0.17029597,0.0,-1.0
CCN2,0.1743885,0.0,-1.0
CCN3,0.40654778,0.0,-1.0
CCN4,0.040135883,0.0,0.0
CCN5,0.00015775619,0.0,-1.0
CCNA1,0.40402564,0.0,-1.0
CCNA2,0.47767532,0.0,-1.0
CCNB1,0.52378404,1.0,-1.0
CCNB1IP1,0.08554798,0.0,1.0
CCNB2,0.10607541,0.0,-1.0
CCNB3,0.13774586,0.0,1.0
CCNC,0.15395182,0.0,1.0
CCND1,0.6658256,1.0,1.0
CCND2,0.17600179,0.0,1.0
CCND3,0.27950987,0.0,1.0
CCNDBP1,0.102319,0.0,0.0
CCNE1,0.59146523,1.0,1.0
CCNE2,0.4092678,0.0,-1.0
CCNF,0.058072712,0.0,-1.0
CCNG1,0.23185876,0.0,-1.0
CCNG2,0.08464735,0.0,0.0
CCNH,0.2356309,0.0,-1.0
CCNI,0.00573453,0.0,-1.0
CCNJ,0.009452965,0.0,0.0
CCNK,0.17544825,0.0,0.0
CCNL1,0.049611956,0.0,-1.0
CCNL2,0.06050854,0.0,0.0
CCNO,0.15913214,0.0,0.0
CCNP,0.003390054,0.0,0.0
CCNQ,0.0983018,0.0,1.0
CCNT1,0.34923723,0.0,-1.0
CCNT2,0.30443913,0.0,-1.0
CCNYL1,0.02265567,0.0,0.0
CCP110,0.012382886,0.0,-1.0
CCR1,0.038072646,0.0,-1.0
CCR10,0.011635049,0.0,0.0
CCR3,0.016528672,0.0,0.0
CCR4,0.12094096,0.0,1.0
CCR5,0.38664222,0.0,-1.0
CCR6,0.10294192,0.0,0.0
CCR7,0.2830633,0.0,1.0
CCR9,0.01531061,0.0,-1.0
CCRL2,0.03854468,0.0,0.0
CCS,0.11333834,0.0,0.0
CCSER2,0.13173035,0.0,0.0
CCT2,0.37945375,0.0,0.0
CCT3,0.41032496,0.0,0.0
CCT4,0.29426524,0.0,0.0
CCT5,0.40525678,0.0,-1.0
CCT6A,0.29111022,0.0,0.0
CCT6B,0.12455948,0.0,-1.0
CCT6P1,0.013801639,0.0,0.0
CCT7,0.34601673,0.0,0.0
CCT8,0.2658926,0.0,0.0
CCZ1,0.015136058,0.0,0.0
CCZ1B,0.007857669,0.0,0.0
CD101,0.0875704,0.0,0.0
CD109,0.102822304,0.0,-1.0
CD14,0.09570404,0.0,-1.0
CD151,0.21656476,0.0,-1.0
CD163,0.05126683,0.0,0.0
CD164,0.06279785,0.0,0.0
CD177,0.037256442,0.0,0.0
CD180,0.03136155,0.0,0.0
CD19,0.39798722,0.0,-1.0
CD1D,0.41893855,0.0,-1.0
CD2,0.48889178,0.0,-1.0
CD200,0.03414627,0.0,-1.0
CD200R1,0.05316138,0.0,0.0
CD209,0.0053123794,0.0,1.0
CD22,0.47057357,0.0,-1.0
CD226,0.09646815,0.0,0.0
CD24,0.16919516,0.0,-1.0
CD244,0.019466903,0.0,0.0
CD247,0.64498866,1.0,-1.0
CD27,0.26144624,0.0,0.0
CD274,0.09832817,0.0,1.0
CD276,0.23217279,0.0,1.0
CD28,0.53341293,1.0,1.0
CD2AP,0.3776183,0.0,-1.0
CD2BP2,0.1627919,0.0,-1.0
CD300A,0.026341818,0.0,0.0
CD300C,0.0017298458,0.0,0.0
CD302,0.03069675,0.0,0.0
CD320,0.042104222,0.0,0.0
CD33,0.26632223,0.0,0.0
CD34,0.17580847,0.0,0.0
CD36,0.37753153,0.0,-1.0
CD37,0.101083234,0.0,0.0
CD38,0.08300412,0.0,-1.0
CD3D,0.22906852,0.0,-1.0
CD3E,0.35170364,0.0,-1.0
CD3G,0.09589738,0.0,-1.0
CD4,0.58011836,1.0,-1.0
CD40,0.3024034,0.0,-1.0
CD40LG,0.31882775,0.0,-1.0
CD44,0.70942473,1.0,-1.0
CD46,0.36062726,0.0,-1.0
CD47,0.08387165,0.0,0.0
CD48,0.2693491,0.0,-1.0
CD5,0.47223407,0.0,0.0
CD53,0.24475414,0.0,-1.0
CD55,0.11842146,0.0,-1.0
CD58,0.15816371,0.0,1.0
CD59,0.23343396,0.0,-1.0
CD6,0.2782673,0.0,-1.0
CD63,0.21405065,0.0,-1.0
CD68,0.11881137,0.0,0.0
CD69,0.07094054,0.0,-1.0
CD7,0.039728682,0.0,0.0
CD70,0.11676603,0.0,-1.0
CD72,0.30925366,0.0,0.0
CD74,0.23030326,0.0,1.0
CD79A,0.33916026,0.0,1.0
CD79B,0.21470954,0.0,1.0
CD80,0.27312005,0.0,-1.0
CD81,0.42916667,0.0,-1.0
CD82,0.4694271,0.0,-1.0
CD83,0.066313975,0.0,-1.0
CD84,0.04851819,0.0,0.0
CD86,0.24492586,0.0,-1.0
CD8A,0.3905162,0.0,-1.0
CD8B,0.2235356,0.0,-1.0
CD9,0.5153956,1.0,-1.0
CD93,0.025786169,0.0,0.0
CD99,0.09328463,0.0,0.0
CD99L2,0.30634937,0.0,0.0
CDA,0.03194827,0.0,-1.0
CDAN1,0.0057222266,0.0,-1.0
CDC123,0.022508908,0.0,0.0
CDC14A,0.20618269,0.0,0.0
CDC14B,0.2150164,0.0,0.0
CDC16,0.46713185,0.0,0.0
CDC20,0.27255186,0.0,-1.0
CDC23,0.24905711,0.0,-1.0
CDC25A,0.5440032,1.0,-1.0
CDC25B,0.44545516,0.0,-1.0
CDC25C,0.45660996,0.0,-1.0
CDC26,0.15202211,0.0,0.0
CDC27,0.6563923,1.0,-1.0
CDC34,0.20284578,0.0,-1.0
CDC37,0.51921856,1.0,-1.0
CDC40,0.067016244,0.0,0.0
CDC42,0.6015737,1.0,1.0
CDC42BPA,0.13217147,0.0,0.0
CDC42BPB,0.20627536,0.0,-1.0
CDC42BPG,0.12956591,0.0,-1.0
CDC42EP1,0.15321429,0.0,-1.0
CDC42EP2,0.072635286,0.0,0.0
CDC42EP3,0.06027437,0.0,0.0
CDC42EP4,0.026977602,0.0,0.0
CDC42EP5,0.018001685,0.0,0.0
CDC42SE1,0.15644538,0.0,0.0
CDC42SE2,0.058293637,0.0,0.0
CDC45,0.17398448,0.0,-1.0
CDC5L,0.298759,0.0,-1.0
CDC6,0.41717783,0.0,-1.0
CDC7,0.21853168,0.0,-1.0
CDC73,0.40225887,0.0,1.0
CDCA2,0.16020958,0.0,0.0
CDCA3,0.15009554,0.0,0.0
CDCA4,0.1658851,0.0,0.0
CDCA5,0.10331787,0.0,-1.0
CDCA7,0.04304797,0.0,0.0
CDCA7L,0.116742305,0.0,0.0
CDCA8,0.15097524,0.0,0.0
CDH1,0.8648992,1.0,1.0
CDH10,0.17450452,0.0,1.0
CDH11,0.088987306,0.0,1.0
CDH15,0.050167147,0.0,-1.0
CDH17,0.5046305,1.0,1.0
CDH18,0.0073722787,0.0,-1.0
CDH2,0.22556259,0.0,-1.0
CDH23,0.06427819,0.0,-1.0
CDH24,0.117042966,0.0,-1.0
CDH3,0.38828924,0.0,-1.0
CDH4,0.010359334,0.0,0.0
CDH5,0.39079043,0.0,0.0
CDH6,0.0073722787,0.0,-1.0
CDH7,0.08389416,0.0,0.0
CDH8,0.05618062,0.0,-1.0
CDH9,0.14923258,0.0,-1.0
CDHR1,0.24864931,0.0,-1.0
CDHR2,0.02071409,0.0,-1.0
CDIN1,0.036204778,0.0,0.0
CDIP1,0.022127958,0.0,0.0
CDIPT,0.17205098,0.0,0.0
CDK1,0.72381413,1.0,-1.0
CDK10,0.33594093,0.0,0.0
CDK11A,0.044327606,0.0,-1.0
CDK11B,0.12861355,0.0,-1.0
CDK12,0.1366429,0.0,1.0
CDK13,0.2905019,0.0,-1.0
CDK14,0.18416084,0.0,-1.0
CDK15,0.29534703,0.0,0.0
CDK16,0.35365117,0.0,-1.0
CDK17,0.251187,0.0,0.0
CDK18,0.4294727,0.0,-1.0
CDK19,0.11539425,0.0,0.0
CDK2,0.6206487,1.0,-1.0
CDK20,0.30965295,0.0,-1.0
CDK2AP1,0.2692184,0.0,-1.0
CDK2AP2,0.01681654,0.0,0.0
CDK3,0.42351454,0.0,0.0
CDK4,0.5251544,1.0,1.0
CDK5,0.43335083,0.0,-1.0
CDK5R1,0.41435078,0.0,-1.0
CDK5R2,0.04731393,0.0,0.0
CDK5RAP1,0.039571315,0.0,0.0
CDK5RAP2,0.060905926,0.0,0.0
CDK5RAP3,0.02339534,0.0,0.0
CDK6,0.46330932,0.0,1.0
CDK7,0.45885614,0.0,-1.0
CDK8,0.4250327,0.0,1.0
CDK9,0.5198293,1.0,-1.0
CDKAL1,0.052174013,0.0,-1.0
CDKL3,0.21822496,0.0,0.0
CDKL4,0.021695014,0.0,0.0
CDKL5,0.368226,0.0,-1.0
CDKN1A,0.76833475,1.0,1.0
CDKN1B,0.45950085,0.0,1.0
CDKN1C,0.32370344,0.0,-1.0
CDKN2A,0.78247595,1.0,1.0
CDKN2A-DT,0.017499201,0.0,0.0
CDKN2AIPNL,0.024928106,0.0,0.0
CDKN2B,0.05002814,0.0,1.0
CDKN2C,0.2195401,0.0,1.0
CDKN2D,0.101410545,0.0,-1.0
CDKN3,0.04199123,0.0,-1.0
CDNF,0.090344585,0.0,0.0
CDO1,0.067470655,0.0,0.0
CDON,0.16728725,0.0,-1.0
CDR2,0.08123904,0.0,0.0
CDS1,0.13657938,0.0,0.0
CDS2,0.024258686,0.0,0.0
CDSN,4.724478e-06,0.0,-1.0
CDT1,0.57947975,1.0,-1.0
CDX2,0.55272025,1.0,1.0
CDYL,0.19676065,0.0,-1.0
CEACAM1,0.06860012,0.0,-1.0
CEACAM16,0.0561966,0.0,0.0
CEACAM21,0.045771014,0.0,-1.0
CEACAM5,0.05071706,0.0,-1.0
CEACAM8,0.010597863,0.0,0.0
CEBPA,0.6001798,1.0,1.0
CEBPB,0.432759,0.0,-1.0
CEBPD,0.35527527,0.0,0.0
CEBPE,0.11371377,0.0,-1.0
CEBPG,0.14745003,0.0,0.0
CEBPZ,0.23667282,0.0,-1.0
CECR2,0.026818842,0.0,0.0
CEL,0.048225153,0.0,-1.0
CELA1,0.012633999,0.0,-1.0
CELF1,0.08400385,0.0,-1.0
CELF2,0.59466565,1.0,-1.0
CELF3,0.12694748,0.0,0.0
CELF4,0.07563941,0.0,-1.0
CELF5,0.044236016,0.0,0.0
CELF6,0.0053791534,0.0,0.0
CELSR1,0.2824963,0.0,0.0
CELSR2,0.22499253,0.0,0.0
CELSR3,0.124585755,0.0,0.0
CEMIP,0.027803125,0.0,-1.0
CEMIP2,0.0076010344,0.0,0.0
CENATAC,0.023053875,0.0,0.0
CEND1,0.03658648,0.0,0.0
CENPA,0.31445503,0.0,-1.0
CENPB,0.16629808,0.0,0.0
CENPBD1P,0.0012366312,0.0,0.0
CENPC,0.33497107,0.0,-1.0
CENPE,0.2985143,0.0,0.0
CENPF,0.26337397,0.0,-1.0
CENPH,0.07089022,0.0,0.0
CENPI,0.03519644,0.0,0.0
CENPJ,0.1822788,0.0,-1.0
CENPK,0.1491698,0.0,0.0
CENPL,0.05731162,0.0,0.0
CENPM,0.040926944,0.0,0.0
CENPN,0.042138718,0.0,0.0
CENPO,0.07981369,0.0,0.0
CENPP,0.050111946,0.0,0.0
CENPQ,0.009610015,0.0,0.0
CENPS,0.34204158,0.0,0.0
CENPT,0.124569416,0.0,0.0
CENPU,0.08176845,0.0,0.0
CENPV,0.012150226,0.0,0.0
CENPW,0.039474275,0.0,-1.0
CENPX,0.21073885,0.0,0.0
CEP104,0.022493616,0.0,0.0
CEP126,0.28887308,0.0,0.0
CEP131,0.07645297,0.0,0.0
CEP135,0.102247596,0.0,0.0
CEP152,0.113113485,0.0,-1.0
CEP162,0.046234567,0.0,0.0
CEP164,0.23908693,0.0,0.0
CEP170,0.03512254,0.0,-1.0
CEP170B,0.051986888,0.0,0.0
CEP170P1,0.15195736,0.0,0.0
CEP19,0.00079538394,0.0,-1.0
CEP192,0.2544615,0.0,-1.0
CEP20,0.007992813,0.0,0.0
CEP250,0.14152843,0.0,0.0
CEP290,0.059399337,0.0,-1.0
CEP295,0.034319494,0.0,0.0
CEP350,0.1406143,0.0,0.0
CEP43,0.21792158,0.0,1.0
CEP44,0.08078516,0.0,0.0
CEP55,0.12372432,0.0,0.0
CEP57,0.055365965,0.0,-1.0
CEP57L1,0.027822513,0.0,0.0
CEP63,0.108446494,0.0,0.0
CEP68,0.03460082,0.0,0.0
CEP70,0.18319878,0.0,0.0
CEP72,0.18142581,0.0,-1.0
CEP76,0.08438536,0.0,-1.0
CEP78,0.05408589,0.0,0.0
CEP85,0.014583004,0.0,0.0
CEP85L,0.0440719,0.0,0.0
CEP89,0.056217093,0.0,-1.0
CEP95,0.0651929,0.0,0.0
CEP97,0.060523182,0.0,0.0
CEPT1,0.0087122405,0.0,0.0
CERCAM,0.044971317,0.0,0.0
CERK,0.15240519,0.0,-1.0
CERS1,0.016854944,0.0,0.0
CERS2,0.0054424,0.0,0.0
CERT1,0.10368729,0.0,0.0
CES1,0.011161852,0.0,0.0
CES3,0.044505507,0.0,0.0
CES5A,0.0065975743,0.0,0.0
CETN1,0.0075821234,0.0,0.0
CETN2,0.14239877,0.0,0.0
CETN3,0.12024429,0.0,-1.0
CETP,0.014411566,0.0,-1.0
CFAP157,0.021007383,0.0,0.0
CFAP20,0.0586947,0.0,-1.0
CFAP206,0.048933443,0.0,0.0
CFAP251,0.09865806,0.0,0.0
CFAP276,0.015393452,0.0,-1.0
CFAP36,0.025318895,0.0,0.0
CFAP410,0.007826767,0.0,0.0
CFAP418,0.084254846,0.0,0.0
CFAP45,0.10196268,0.0,-1.0
CFAP53,0.01365909,0.0,0.0
CFAP57,0.012466191,0.0,0.0
CFAP58,0.04801179,0.0,0.0
CFAP61,0.017025914,0.0,0.0
CFAP70,0.04008156,0.0,-1.0
CFAP74,0.022958076,0.0,-1.0
CFAP77,0.022958076,0.0,0.0
CFAP91,0.08390226,0.0,0.0
CFAP95,0.007919309,0.0,0.0
CFB,0.1556571,0.0,-1.0
CFD,0.073235795,0.0,-1.0
CFDP1,0.031535335,0.0,0.0
CFH,0.115518756,0.0,-1.0
CFHR1,0.019745424,0.0,0.0
CFHR3,0.037941746,0.0,0.0
CFHR4,0.07493849,0.0,0.0
CFHR5,0.11242371,0.0,-1.0
CFI,0.0864433,0.0,-1.0
CFL1,0.20786929,0.0,0.0
CFL1P1,0.01796319,0.0,0.0
CFL2,0.10155181,0.0,-1.0
CFLAR,0.62948537,1.0,-1.0
CFP,0.17116098,0.0,-1.0
CFTR,0.54771084,1.0,-1.0
CGA,0.0035745644,0.0,0.0
CGAS,0.018312905,0.0,0.0
CGB1,0.057162743,0.0,0.0
CGB2,0.060895737,0.0,-1.0
CGB3,0.011172625,0.0,0.0
CGGBP1,0.048904132,0.0,0.0
CGN,0.35807928,0.0,0.0
CGNL1,0.3148597,0.0,-1.0
CGREF1,0.009782759,0.0,0.0
CGRRF1,0.012202574,0.0,0.0
CHAC1,0.01738784,0.0,0.0
CHAF1A,0.6438793,1.0,0.0
CHAF1B,0.29642403,0.0,-1.0
CHAMP1,0.056597803,0.0,0.0
CHAT,0.18443753,0.0,-1.0
CHCHD1,0.018265355,0.0,0.0
CHCHD2,0.099494815,0.0,0.0
CHCHD3,0.046396475,0.0,0.0
CHCHD4,0.017357005,0.0,0.0
CHCHD5,0.026019482,0.0,0.0
CHCHD6,0.050928593,0.0,0.0
CHCHD7,0.04310729,0.0,1.0
CHD1,0.30567202,0.0,-1.0
CHD1L,0.43775448,0.0,0.0
CHD2,0.4948797,0.0,1.0
CHD3,0.5602885,1.0,-1.0
CHD4,0.67138803,1.0,1.0
CHD6,0.14779454,0.0,-1.0
CHD7,0.51432997,1.0,-1.0
CHD8,0.35108328,0.0,-1.0
CHD9,0.102987535,0.0,-1.0
CHDH,0.119363256,0.0,-1.0
CHEK1,0.6011852,1.0,1.0
CHEK2,0.43836206,0.0,1.0
CHERP,0.10556009,0.0,0.0
CHFR,0.2511463,0.0,-1.0
CHGA,0.03221102,0.0,-1.0
CHGB,0.37103167,0.0,0.0
CHI3L1,0.009546982,0.0,0.0
CHI3L2,0.094872184,0.0,0.0
CHIA,0.031472247,0.0,0.0
CHIC2,0.17209622,0.0,-1.0
CHIT1,0.018266557,0.0,0.0
CHKA,0.095008425,0.0,-1.0
CHM,0.17146552,0.0,-1.0
CHML,0.10205413,0.0,0.0
CHMP1A,0.026385514,0.0,0.0
CHMP1B,0.061827995,0.0,0.0
CHMP2A,0.032706235,0.0,0.0
CHMP2B,0.059594784,0.0,-1.0
CHMP3,0.06299414,0.0,0.0
CHMP4A,0.06561216,0.0,0.0
CHMP4B,0.031116229,0.0,0.0
CHMP4C,0.036276843,0.0,0.0
CHMP5,0.07358309,0.0,0.0
CHMP6,0.0023897407,0.0,0.0
CHMP7,0.055250913,0.0,0.0
CHN1,0.13315563,0.0,-1.0
CHN2,0.07076119,0.0,0.0
CHORDC1,0.08148097,0.0,0.0
CHP1,0.102164,0.0,0.0
CHP2,0.0739804,0.0,0.0
CHPF,0.036224306,0.0,0.0
CHPF2,0.017139928,0.0,-1.0
CHPT1,0.03792891,0.0,-1.0
CHRAC1,0.13167939,0.0,0.0
CHRD,0.058078177,0.0,0.0
CHRDL2,0.14333877,0.0,0.0
CHRM2,0.15222242,0.0,0.0
CHRM3,0.060052834,0.0,0.0
CHRM4,0.012179289,0.0,0.0
CHRNA1,0.026160184,0.0,-1.0
CHRNA4,0.007178724,0.0,-1.0
CHRNA5,0.010449484,0.0,0.0
CHRNA7,0.04291198,0.0,0.0
CHRNB2,0.072195664,0.0,-1.0
CHRND,0.039764095,0.0,-1.0
CHRNE,0.035896912,0.0,-1.0
CHRNG,0.0076455884,0.0,0.0
CHST1,0.1633748,0.0,-1.0
CHST11,0.02153141,0.0,1.0
CHST12,0.04183366,0.0,0.0
CHST13,0.06647405,0.0,0.0
CHST15,0.0077135097,0.0,0.0
CHST4,0.004853063,0.0,0.0
CHST8,0.09946117,0.0,0.0
CHTF18,0.18161228,0.0,-1.0
CHTF8,0.075217135,0.0,-1.0
CHTOP,0.046219714,0.0,0.0
CHUK,0.64003104,1.0,-1.0
CHURC1,0.022217946,0.0,0.0
CIAO1,0.12087226,0.0,0.0
CIAO2A,0.022272801,0.0,-1.0
CIAO2B,0.016798811,0.0,0.0
CIAO3,0.039319135,0.0,0.0
CIAPIN1,0.027723966,0.0,0.0
CIART,0.009208945,0.0,0.0
CIB1,0.26646644,0.0,0.0
CIB2,0.017630054,0.0,0.0
CIBAR1P2,0.020799994,0.0,0.0
CIC,0.27849153,0.0,1.0
CIDEA,0.051941562,0.0,0.0
CIDEB,0.07801242,0.0,0.0
CIDEC,0.0034686348,0.0,0.0
CIDECP1,0.022925394,0.0,0.0
CIITA,0.49413806,0.0,1.0
CILK1,0.18778722,0.0,-1.0
CILP,0.061746575,0.0,-1.0
CINP,0.0026692408,0.0,0.0
CIP2A,0.02164374,0.0,-1.0
CIPC,0.022382528,0.0,-1.0
CIR1,0.11772843,0.0,0.0
CIRBP,0.1400105,0.0,-1.0
CIRBP-AS1,0.056329273,0.0,0.0
CISD1,0.027664056,0.0,0.0
CISD2,0.0030842992,0.0,-1.0
CISD3,0.042888805,0.0,0.0
CISH,0.33081192,0.0,0.0
CIT,0.41508538,0.0,0.0
CITED1,0.19328046,0.0,0.0
CITED2,0.23216464,0.0,-1.0
CITED4,0.119836524,0.0,-1.0
CIZ1,0.05062624,0.0,-1.0
CKAP2L,0.0257064,0.0,0.0
CKAP4,0.11523863,0.0,0.0
CKAP5,0.31406456,0.0,0.0
CKB,0.17376412,0.0,0.0
CKLF,0.022488253,0.0,0.0
CKM,0.3438962,0.0,0.0
CKMT1A,0.18231212,0.0,0.0
CKMT1B,0.0587142,0.0,0.0
CKMT2,0.27584833,0.0,0.0
CKS1B,0.2095033,0.0,-1.0
CKS1BP7,0.084108025,0.0,-1.0
CKS2,0.1258692,0.0,-1.0
CLASP1,0.10960538,0.0,-1.0
CLASP2,0.11940263,0.0,-1.0
CLASRP,0.16479196,0.0,0.0
CLCA1,0.014484086,0.0,0.0
CLCC1,0.009076942,0.0,0.0
CLCF1,0.11737891,0.0,0.0
CLCN3,0.24319224,0.0,0.0
CLCN6,0.08724719,0.0,0.0
CLCN7,0.038153313,0.0,-1.0
CLDN1,0.038297,0.0,-1.0
CLDN11,0.027541896,0.0,-1.0
CLDN12,0.018473348,0.0,-1.0
CLDN14,0.08210909,0.0,-1.0
CLDN16,0.037761614,0.0,-1.0
CLDN2,0.11019876,0.0,-1.0
CLDN3,0.01012005,0.0,-1.0
CLDN4,0.0074796784,0.0,-1.0
CLDN5,0.01012005,0.0,-1.0
CLDN6,0.19043171,0.0,-1.0
CLDN7,0.038396303,0.0,-1.0
CLDN8,0.017639995,0.0,-1.0
CLDN9,0.08403405,0.0,-1.0
CLDND1,0.050498027,0.0,0.0
CLDND2,0.025631327,0.0,0.0
CLEC16A,0.03596981,0.0,0.0
CLEC17A,0.13287793,0.0,0.0
CLEC1B,0.0019052605,0.0,-1.0
CLEC2D,0.19476864,0.0,0.0
CLEC2L,0.11742297,0.0,0.0
CLEC3B,0.099623896,0.0,0.0
CLEC4C,0.016098615,0.0,0.0
CLEC4M,0.014194314,0.0,0.0
CLEC9A,0.06641442,0.0,0.0
CLECL1,0.024461698,0.0,0.0
CLGN,0.028271053,0.0,0.0
CLHC1,0.007826767,0.0,0.0
CLIC1,0.16660638,0.0,-1.0
CLIC2,0.03744859,0.0,0.0
CLIC3,0.007990149,0.0,0.0
CLIC4,0.0044868765,0.0,-1.0
CLIC5,0.028427893,0.0,-1.0
CLIC6,0.14079297,0.0,0.0
CLINT1,0.26155323,0.0,0.0
CLIP1,0.19782257,0.0,1.0
CLIP2,0.09237945,0.0,-1.0
CLIP4,0.059446268,0.0,0.0
CLK1,0.4415563,0.0,0.0
CLK2,0.4017192,0.0,0.0
CLK3,0.29243863,0.0,-1.0
CLK4,0.31426165,0.0,-1.0
CLMN,0.024694934,0.0,0.0
CLN3,0.12778497,0.0,-1.0
CLN5,0.0028422098,0.0,-1.0
CLN6,0.03428363,0.0,-1.0
CLNK,0.0050501386,0.0,0.0
CLNS1A,0.064450085,0.0,0.0
CLOCK,0.21841413,0.0,0.0
CLP1,0.0104942545,0.0,-1.0
CLPB,0.068278186,0.0,0.0
CLPP,0.03638453,0.0,0.0
CLPTM1,0.06270653,0.0,0.0
CLPTM1L,0.0352334,0.0,0.0
CLPX,0.055910315,0.0,0.0
CLSPN,0.4815851,0.0,-1.0
CLSTN1,0.19695927,0.0,0.0
CLSTN2,0.04285946,0.0,-1.0
CLSTN3,0.07268712,0.0,0.0
CLTA,0.092716694,0.0,0.0
CLTB,0.02100468,0.0,0.0
CLTC,0.61543465,1.0,1.0
CLTCL1,0.09692236,0.0,1.0
CLU,0.38495564,0.0,-1.0
CLUAP1,0.008915992,0.0,-1.0
CLUL1,0.11912736,0.0,0.0
CLVS1,0.013478582,0.0,0.0
CLYBL,0.16074622,0.0,0.0
CMAS,0.023910344,0.0,0.0
CMBL,0.09408126,0.0,0.0
CMC2,0.061263338,0.0,0.0
CMIP,0.18826102,0.0,0.0
CMPK1,0.055747036,0.0,0.0
CMPK2,0.04223472,0.0,0.0
CMSS1,0.037934482,0.0,0.0
CMTM2,0.3253891,0.0,0.0
CMTR1,0.042090498,0.0,-1.0
CMTR2,0.01802745,0.0,1.0
CMYA5,0.22046182,0.0,0.0
CNBP,0.2623795,0.0,1.0
CNDP1,0.07312672,0.0,0.0
CNDP2,0.0033871182,0.0,-1.0
CNEP1R1,0.048113335,0.0,0.0
CNGA1,0.39903697,0.0,-1.0
CNGA3,0.07734948,0.0,-1.0
CNGB1,0.24751595,0.0,-1.0
CNIH4,0.04067064,0.0,0.0
CNKSR1,0.28100747,0.0,-1.0
CNKSR2,0.36130956,0.0,0.0
CNN1,0.16904812,0.0,0.0
CNN2,0.116114356,0.0,0.0
CNN3,0.0100108,0.0,0.0
CNNM1,0.015609336,0.0,0.0
CNNM2,0.072102085,0.0,0.0
CNNM3,0.1491085,0.0,0.0
CNNM4,0.113916054,0.0,-1.0
CNOT1,0.19209643,0.0,-1.0
CNOT10,0.20191483,0.0,0.0
CNOT11,0.010898837,0.0,0.0
CNOT2,0.2030815,0.0,0.0
CNOT3,0.12692201,0.0,1.0
CNOT4,0.08171555,0.0,0.0
CNOT6,0.161435,0.0,0.0
CNOT6L,0.17723934,0.0,0.0
CNOT7,0.21746123,0.0,0.0
CNOT8,0.12447546,0.0,0.0
CNOT9,0.035953097,0.0,-1.0
CNP,0.022811234,0.0,0.0
CNPPD1,0.017235637,0.0,0.0
CNPY1,0.0077678906,0.0,0.0
CNPY2,0.04508222,0.0,0.0
CNPY3,0.08215835,0.0,0.0
CNPY4,0.0057783974,0.0,0.0
CNR1,0.08572559,0.0,0.0
CNRIP1,0.009872903,0.0,0.0
CNST,0.041002084,0.0,0.0
CNTF,0.1960865,0.0,0.0
CNTFR,0.31029063,0.0,0.0
CNTLN,0.17003421,0.0,-1.0
CNTN1,0.30086818,0.0,-1.0
CNTN2,0.7407711,1.0,0.0
CNTNAP1,0.19210316,0.0,-1.0
CNTNAP2,0.24728529,0.0,-1.0
CNTNAP3,0.038647596,0.0,-1.0
CNTNAP4,0.07520131,0.0,0.0
CNTNAP5,0.027178414,0.0,-1.0
CNTRL,0.1294684,0.0,1.0
CNTROB,0.086090475,0.0,0.0
COA4,0.023060832,0.0,0.0
COA5,0.008140633,0.0,-1.0
COA6,0.008140633,0.0,0.0
COA8,0.015393452,0.0,0.0
COASY,0.04589646,0.0,0.0
COBL,0.1779874,0.0,0.0
COBLL1,0.14998502,0.0,0.0
COCH,0.017071694,0.0,0.0
COG1,0.04593692,0.0,-1.0
COG2,0.01830021,0.0,0.0
COG3,0.00812673,0.0,0.0
COG4,0.059070893,0.0,-1.0
COG5,0.26335642,0.0,-1.0
COG6,0.0074893627,0.0,-1.0
COG7,0.10634742,0.0,-1.0
COG8,0.013692646,0.0,-1.0
COIL,0.14219612,0.0,-1.0
COL10A1,0.0049767173,0.0,-1.0
COL11A2,0.1786409,0.0,-1.0
COL12A1,0.10964897,0.0,-1.0
COL13A1,0.011564515,0.0,0.0
COL14A1,0.27072722,0.0,-1.0
COL16A1,0.11607387,0.0,-1.0
COL17A1,0.4005309,0.0,-1.0
COL18A1,0.18332551,0.0,-1.0
COL1A1,0.5849074,1.0,1.0
COL1A2,0.3474643,0.0,-1.0
COL20A1,0.035380896,0.0,0.0
COL23A1,0.013738858,0.0,0.0
COL25A1,0.012387214,0.0,-1.0
COL2A1,0.3784302,0.0,1.0
COL3A1,0.20391007,0.0,-1.0
COL4A1,0.10371591,0.0,-1.0
COL4A2,0.0072048753,0.0,-1.0
COL4A3,0.006136885,0.0,-1.0
COL5A1,0.26958337,0.0,-1.0
COL6A1,0.09955782,0.0,-1.0
COL6A2,0.2789963,0.0,-1.0
COL6A4P1,0.0010729792,0.0,0.0
COL7A1,0.305475,0.0,-1.0
COL8A1,0.2528223,0.0,0.0
COL8A2,0.15270862,0.0,-1.0
COL9A1,0.07269038,0.0,-1.0
COL9A2,0.05503727,0.0,-1.0
COL9A3,0.09696258,0.0,-1.0
COLQ,2.6594137e-07,0.0,-1.0
COMMD1,0.29154894,0.0,0.0
COMMD2,0.0035224543,0.0,0.0
COMMD3,0.1795267,0.0,0.0
COMMD4,0.02970083,0.0,0.0
COMMD7,0.012068956,0.0,0.0
COMMD8,0.03209244,0.0,0.0
COMMD9,0.04625549,0.0,0.0
COMP,0.0151730515,0.0,-1.0
COMT,0.056514055,0.0,0.0
COMTD1,0.058276415,0.0,0.0
COP,0.025922602,0.0,0.0
COP1,0.34001574,0.0,1.0
COPA,0.17899026,0.0,0.0
COPB1,0.1796261,0.0,0.0
COPB2,0.20997219,0.0,-1.0
COPE,0.06873444,0.0,0.0
COPG1,0.061407123,0.0,0.0
COPG2,0.09051943,0.0,0.0
COPRS,0.08978485,0.0,0.0
COPS2,0.37755162,0.0,-1.0
COPS3,0.304551,0.0,0.0
COPS4,0.21084754,0.0,0.0
COPS5,0.39211297,0.0,0.0
COPS6,0.2718248,0.0,0.0
COPS7A,0.11519102,0.0,0.0
COPS7B,0.0854756,0.0,0.0
COPS8,0.1635353,0.0,0.0
COPS9,0.012054257,0.0,0.0
COPZ1,0.051864292,0.0,0.0
COPZ2,0.0013711314,0.0,0.0
COQ10B,0.018856777,0.0,-1.0
COQ2,0.011921878,0.0,0.0
COQ3,0.0002616619,0.0,0.0
COQ4,0.039667495,0.0,0.0
COQ5,0.03741803,0.0,0.0
COQ6,0.029365715,0.0,0.0
COQ7,0.011385923,0.0,0.0
COQ8A,0.19860886,0.0,-1.0
COQ8B,0.2831295,0.0,0.0
COQ9,0.037099633,0.0,0.0
CORD1,0.034796253,0.0,0.0
CORO1A,0.09987518,0.0,-1.0
CORO1C,0.08686951,0.0,-1.0
CORO2A,0.09255077,0.0,-1.0
CORO2B,0.080149174,0.0,-1.0
CORO7,0.095249034,0.0,0.0
CORT,0.0005279339,0.0,0.0
COTL1,0.040288776,0.0,-1.0
COTL1P1,0.003035527,0.0,0.0
COX10,0.010245768,0.0,-1.0
COX11,0.048149608,0.0,0.0
COX14,0.03858606,0.0,0.0
COX15,0.010595485,0.0,-1.0
COX16,0.032674987,0.0,0.0
COX17,0.052748095,0.0,0.0
COX18,0.0049769445,0.0,0.0
COX19,0.042988006,0.0,-1.0
COX20,0.031430487,0.0,0.0
COX4I1,0.017260434,0.0,0.0
COX4I2,0.002637809,0.0,-1.0
COX5A,0.030461997,0.0,0.0
COX5B,0.057905287,0.0,0.0
COX6A1,0.012999036,0.0,0.0
COX6B1,0.012075956,0.0,-1.0
COX6B2,0.047235668,0.0,0.0
COX6C,0.05404704,0.0,-1.0
COX7A2,0.024352068,0.0,0.0
COX7A2L,0.04717203,0.0,0.0
COX7B,0.055175368,0.0,0.0
COX7C,0.029302731,0.0,-1.0
COX8A,0.032964166,0.0,0.0
CP,0.08961018,0.0,0.0
CPA4,0.0028157441,0.0,0.0
CPAMD8,0.012722978,0.0,0.0
CPB2,0.19864047,0.0,0.0
CPE,0.1571715,0.0,0.0
CPEB1,0.0875366,0.0,-1.0
CPEB2,0.018341484,0.0,-1.0
CPEB4,0.07516043,0.0,-1.0
CPED1,0.050248317,0.0,0.0
CPLANE1,0.028741693,0.0,0.0
CPLANE2,0.0039649433,0.0,0.0
CPLX1,0.04643928,0.0,0.0
CPLX2,0.044175427,0.0,-1.0
CPLX3,0.02247341,0.0,0.0
CPN1,0.103901744,0.0,0.0
CPNE1,0.033332814,0.0,-1.0
CPNE2,0.012913482,0.0,0.0
CPNE3,0.25711066,0.0,0.0
CPNE4,0.044010844,0.0,0.0
CPNE6,0.13041377,0.0,0.0
CPNE7,0.0548662,0.0,0.0
CPNE9,0.003255911,0.0,0.0
CPOX,0.12308218,0.0,-1.0
CPPED1,0.045411207,0.0,0.0
CPQ,0.020590086,0.0,-1.0
CPS1,0.086580575,0.0,-1.0
CPSF1,0.10872879,0.0,0.0
CPSF2,0.075056486,0.0,0.0
CPSF3,0.17108469,0.0,0.0
CPSF4,0.044942908,0.0,0.0
CPSF4L,0.025284851,0.0,0.0
CPSF6,0.19839512,0.0,0.0
CPSF7,0.1500835,0.0,0.0
CPT1A,0.18359807,0.0,0.0
CPT1B,0.17912775,0.0,0.0
CPT1C,0.17912775,0.0,0.0
CPT2,0.1525584,0.0,0.0
CPTP,0.13170905,0.0,0.0
CPVL,0.079380505,0.0,0.0
CR1,0.024643805,0.0,-1.0
CR1L,0.19041646,0.0,-1.0
CR2,0.20290181,0.0,-1.0
CRABP2,0.100094385,0.0,-1.0
CRACR2A,0.011794899,0.0,0.0
CRADD,0.103552,0.0,-1.0
CRB1,0.29155254,0.0,-1.0
CRB2,0.09439654,0.0,-1.0
CRBN,0.08220733,0.0,1.0
CRCP,0.0028693378,0.0,0.0
CRCT1,0.19773163,0.0,0.0
CREB1,0.64034814,1.0,1.0
CREB3,0.15714787,0.0,-1.0
CREB3L1,0.08759985,0.0,1.0
CREB3L2,0.062093183,0.0,1.0
CREB3L3,0.0561897,0.0,-1.0
CREB3L4,0.1397936,0.0,-1.0
CREB5,0.11717529,0.0,-1.0
CREBBP,0.94073725,1.0,1.0
CREBRF,0.042953964,0.0,0.0
CREBZF,0.08899226,0.0,-1.0
CREG1,0.17082019,0.0,-1.0
CRELD1,0.08164205,0.0,-1.0
CRELD2,0.07154099,0.0,-1.0
CREM,0.1997845,0.0,0.0
CRH,0.079885,0.0,0.0
CRHBP,6.6101355e-05,0.0,0.0
CRHR1,0.061699342,0.0,0.0
CRHR2,0.09573643,0.0,0.0
CRIM1,0.22476162,0.0,0.0
CRIP1,0.11904043,0.0,0.0
CRIP2,0.17585592,0.0,-1.0
CRIPAK,0.0033008563,0.0,0.0
CRIPT,0.081258796,0.0,0.0
CRISP3,2.3435602e-07,0.0,0.0
CRK,0.5658784,1.0,-1.0
CRKL,0.758262,1.0,1.0
CRLF1,0.17231794,0.0,0.0
CRLF2,0.457433,0.0,1.0
CRLF3,0.04628769,0.0,0.0
CRLS1,0.036808,0.0,0.0
CRMP1,0.48890188,0.0,0.0
CROCCP2,0.11366679,0.0,0.0
CRP,0.082730375,0.0,-1.0
CRSP5,0.016307158,0.0,0.0
CRTAP,0.012758329,0.0,-1.0
CRTC1,0.046572637,0.0,1.0
CRTC2,0.14358808,0.0,-1.0
CRTC3,0.19037162,0.0,1.0
CRX,0.17694703,0.0,-1.0
CRY1,0.26691726,0.0,0.0
CRY2,0.16823938,0.0,0.0
CRYAA,0.0008390209,0.0,-1.0
CRYAB,0.012935284,0.0,-1.0
CRYBA2,0.18862228,0.0,0.0
CRYBB1,0.15553099,0.0,0.0
CRYBB2,0.0008390209,0.0,0.0
CRYBB2P1,0.014583004,0.0,0.0
CRYBB3,0.05728472,0.0,0.0
CRYGC,0.0003797252,0.0,-1.0
CRYM,0.011380406,0.0,0.0
CRYM-AS1,0.012915239,0.0,0.0
CRYZ,0.057542704,0.0,0.0
CRYZL1,0.047147285,0.0,0.0
CS,0.11212779,0.0,-1.0
CSAD,0.033098724,0.0,0.0
CSAG2,0.13227798,0.0,0.0
CSDC2,0.21707983,0.0,0.0
CSDE1,0.2584182,0.0,-1.0
CSE1L,0.27097803,0.0,-1.0
CSF1,0.5494534,1.0,-1.0
CSF1R,0.51129305,1.0,1.0
CSF2,0.36123458,0.0,-1.0
CSF2RA,0.4795522,0.0,-1.0
CSF2RB,0.60676944,1.0,-1.0
CSF3,0.28222135,0.0,0.0
CSF3R,0.5370115,1.0,1.0
CSGALNACT1,0.12046365,0.0,0.0
CSH2,0.002025423,0.0,0.0
CSHL1,0.19704504,0.0,0.0
CSK,0.67771286,1.0,0.0
CSKMT,0.017315894,0.0,0.0
CSMD1,0.2672029,0.0,0.0
CSMD3,0.7886946,1.0,-1.0
CSN1S1,0.04579892,0.0,0.0
CSN2,0.18484947,0.0,0.0
CSN3,0.051648475,0.0,0.0
CSNK1A1,0.4068901,0.0,-1.0
CSNK1A1L,0.38130763,0.0,-1.0
CSNK1D,0.4583707,0.0,-1.0
CSNK1E,0.38493532,0.0,-1.0
CSNK1G1,0.41340545,0.0,0.0
CSNK1G2,0.3888851,0.0,0.0
CSNK1G3,0.4212476,0.0,0.0
CSNK2A1,0.62737936,1.0,-1.0
CSNK2A2,0.46280205,0.0,-1.0
CSNK2B,0.3783861,0.0,-1.0
CSPG4,0.2306908,0.0,-1.0
CSPG5,0.030026171,0.0,0.0
CSPP1,0.022876535,0.0,0.0
CSRNP1,0.09178406,0.0,0.0
CSRNP2,0.016747663,0.0,0.0
CSRP1,0.26042703,0.0,0.0
CSRP2,0.09898421,0.0,0.0
CSRP3,0.46373785,0.0,-1.0
CST3,0.1787507,0.0,-1.0
CST5,0.05372767,0.0,0.0
CST6,0.06275086,0.0,-1.0
CST9,0.039018344,0.0,0.0
CSTA,0.07439619,0.0,-1.0
CSTB,0.08739793,0.0,-1.0
CSTF1,0.071281105,0.0,0.0
CSTF2,0.1524198,0.0,0.0
CSTF2T,0.19894564,0.0,0.0
CSTF3,0.10824549,0.0,0.0
CT45A1,0.009555323,0.0,0.0
CT62,0.037254065,0.0,0.0
CTBP1,0.72960925,1.0,-1.0
CTBP1-DT,0.010987648,0.0,0.0
CTBP2,0.93540543,1.0,-1.0
CTBS,0.11119332,0.0,0.0
CTCF,0.968076,1.0,1.0
CTCFL,0.4214399,0.0,-1.0
CTD,0.047387782,0.0,0.0
CTDNEP1,0.03181761,0.0,-1.0
CTDP1,0.13121057,0.0,-1.0
CTDSP1,0.13999222,0.0,-1.0
CTDSP2,0.07618545,0.0,0.0
CTDSPL,0.038009968,0.0,-1.0
CTDSPL2,0.026712641,0.0,0.0
CTF1,0.018200144,0.0,0.0
CTH,0.03663066,0.0,0.0
CTIF,0.027457254,0.0,-1.0
CTLA4,0.43245965,0.0,1.0
CTNNA1,0.5790697,1.0,-1.0
CTNNA3,0.022059252,0.0,-1.0
CTNNAL1,0.3002617,0.0,0.0
CTNNB1,0.9630733,1.0,1.0
CTNNBIP1,0.03860431,0.0,-1.0
CTNNBL1,0.23513937,0.0,0.0
CTNND1,0.73299605,1.0,1.0
CTNND2,0.14708172,0.0,1.0
CTNS,0.021324389,0.0,-1.0
CTPS1,0.1665356,0.0,0.0
CTPS2,0.13647197,0.0,0.0
CTR9,0.17567736,0.0,1.0
CTSA,0.078196235,0.0,-1.0
CTSB,0.2922021,0.0,-1.0
CTSC,0.047643274,0.0,-1.0
CTSD,0.09759372,0.0,-1.0
CTSE,0.1103205,0.0,0.0
CTSF,0.0798399,0.0,0.0
CTSG,0.0022012303,0.0,0.0
CTSH,0.036883913,0.0,-1.0
CTSK,0.5046428,1.0,-1.0
CTSL,0.1948456,0.0,-1.0
CTSS,0.13027616,0.0,-1.0
CTSW,0.037329458,0.0,0.0
CTSZ,0.11362307,0.0,0.0
CTTN,0.3860047,0.0,-1.0
CTTNBP2,0.30790013,0.0,0.0
CTTNBP2NL,0.2810474,0.0,0.0
CTU1,0.01635206,0.0,0.0
CTU2,0.04779902,0.0,-1.0
CTXN1,0.018865926,0.0,0.0
CTXN2,0.009336831,0.0,0.0
CUBN,0.008877495,0.0,-1.0
CUEDC1,0.11512672,0.0,-1.0
CUEDC2,0.2098006,0.0,0.0
CUL1,0.68771785,1.0,-1.0
CUL2,0.42172977,0.0,-1.0
CUL3,0.575137,1.0,1.0
CUL4A,0.49160293,0.0,-1.0
CUL4B,0.3264631,0.0,-1.0
CUL5,0.2982077,0.0,-1.0
CUL7,0.26444054,0.0,-1.0
CUL9,0.16180256,0.0,-1.0
CUTA,0.036226515,0.0,0.0
CUTC,0.13845867,0.0,0.0
CUX1,0.27945137,0.0,1.0
CUZD1,0.028253227,0.0,0.0
CWC15,0.02500643,0.0,0.0
CWC22,0.037732374,0.0,-1.0
CWC25,0.03940134,0.0,0.0
CWC27,0.040030617,0.0,0.0
CWF19L1,0.004903914,0.0,0.0
CX3CL1,0.045053996,0.0,-1.0
CX3CR1,0.03137212,0.0,-1.0
CXADR,0.05029099,0.0,-1.0
CXCL1,0.0058647604,0.0,-1.0
CXCL10,0.020372784,0.0,-1.0
CXCL11,0.009067064,0.0,0.0
CXCL12,0.08672605,0.0,-1.0
CXCL13,0.011048086,0.0,0.0
CXCL17,0.020541215,0.0,-1.0
CXCL2,0.10893088,0.0,-1.0
CXCL5,0.09181251,0.0,-1.0
CXCL6,0.032975394,0.0,0.0
CXCL8,0.061661486,0.0,-1.0
CXCL9,0.012956549,0.0,0.0
CXCR1,0.008010691,0.0,-1.0
CXCR2,0.024907378,0.0,-1.0
CXCR3,0.023801396,0.0,-1.0
CXCR4,0.4729222,0.0,1.0
CXXC1,0.27513182,0.0,0.0
CXXC5,0.056636527,0.0,-1.0
CXorf38,0.007992813,0.0,0.0
CXorf58,0.012915239,0.0,0.0
CYB561,0.08196091,0.0,0.0
CYB561D1,0.03773479,0.0,0.0
CYB561D2,0.025212323,0.0,0.0
CYB5A,0.0678501,0.0,-1.0
CYB5B,0.05149844,0.0,0.0
CYB5D1,0.067385,0.0,0.0
CYB5R1,0.071359105,0.0,0.0
CYB5R2,0.01598908,0.0,0.0
CYB5R3,0.0027587558,0.0,-1.0
CYB5R4,0.051364966,0.0,-1.0
CYB5RL,0.03448245,0.0,0.0
CYBA,0.21380946,0.0,0.0
CYBC1,0.038617525,0.0,0.0
CYC1,0.049803127,0.0,0.0
CYCS,0.04715224,0.0,-1.0
CYFIP1,0.4485963,0.0,-1.0
CYFIP2,0.37920302,0.0,0.0
CYHR1,0.008399503,0.0,0.0
CYLC2,0.1462039,0.0,0.0
CYLD,0.5285882,1.0,1.0
CYP11A1,0.008114294,0.0,0.0
CYP11B2,0.0032755642,0.0,-1.0
CYP17A1,0.009780429,0.0,-1.0
CYP19A1,0.003343895,0.0,1.0
CYP1A1,0.020450465,0.0,-1.0
CYP1A2,0.0044540004,0.0,0.0
CYP1B1,0.026761005,0.0,-1.0
CYP21A2,0.004645143,0.0,-1.0
CYP24A1,0.046415295,0.0,-1.0
CYP26A1,0.061554085,0.0,0.0
CYP26C1,0.0142145315,0.0,0.0
CYP27A1,0.009159659,0.0,-1.0
CYP2A13,0.0037607357,0.0,0.0
CYP2A6,0.010760071,0.0,-1.0
CYP2A7,0.013741132,0.0,-1.0
CYP2B6,0.0027618415,0.0,0.0
CYP2B7P,0.042772774,0.0,0.0
CYP2C18,0.016418165,0.0,-1.0
CYP2C19,0.018837081,0.0,0.0
CYP2C8,0.0164873,0.0,1.0
CYP2C9,0.018966593,0.0,-1.0
CYP2E1,0.0041973605,0.0,-1.0
CYP2F1,0.002806493,0.0,0.0
CYP2J2,0.023827514,0.0,0.0
CYP2S1,0.018291043,0.0,0.0
CYP3A4,0.021230565,0.0,0.0
CYP3A43,0.02541908,0.0,0.0
CYP3A5,0.017684164,0.0,0.0
CYP3A7,0.017492462,0.0,0.0
CYP4A11,0.022650043,0.0,-1.0
CYP4A22,0.023328852,0.0,0.0
CYP4F2,0.02339435,0.0,0.0
CYP4F3,0.056628335,0.0,0.0
CYP4F8,0.011372501,0.0,0.0
CYP4V2,0.066904314,0.0,0.0
CYP51A1,0.04050859,0.0,0.0
CYP7A1,0.025465444,0.0,-1.0
CYREN,0.031242529,0.0,0.0
CYRIB,0.0066684387,0.0,0.0
CYSRT1,0.023396656,0.0,0.0
CYTH1,0.0030825196,0.0,0.0
CYTH2,0.21051875,0.0,0.0
CYTH3,0.1332967,0.0,0.0
CYTH4,0.16511695,0.0,0.0
CYTIP,0.00028807204,0.0,0.0
DAAM1,0.053285915,0.0,-1.0
DAB1,0.2401456,0.0,-1.0
DAB2,0.61014056,1.0,-1.0
DAB2IP,0.26644024,0.0,-1.0
DACH1,0.19972526,0.0,-1.0
DACH2,0.18439384,0.0,-1.0
DACT1,0.091184296,0.0,0.0
DACT3,0.004975358,0.0,0.0
DAD1,0.05583709,0.0,0.0
DAG1,0.383892,0.0,-1.0
DAGLA,0.24968502,0.0,-1.0
DAGLB,0.06670403,0.0,0.0
DALRD3,0.124371715,0.0,0.0
DAND5,0.027240025,0.0,0.0
DAO,0.049989294,0.0,-1.0
DAP,0.010608449,0.0,-1.0
DAP3,0.3386349,0.0,0.0
DAPK1,0.40834278,0.0,-1.0
DAPK2,0.27498728,0.0,-1.0
DAPK3,0.15800059,0.0,-1.0
DAPP1,0.09401768,0.0,0.0
DARS1,0.11972843,0.0,0.0
DARS2,0.1165561,0.0,0.0
DAW1,0.030093225,0.0,0.0
DAXX,0.6929426,1.0,1.0
DAZ1,0.01720011,0.0,-1.0
DAZ4,0.012798878,0.0,-1.0
DAZAP1,0.16963117,0.0,-1.0
DAZAP2,0.20911977,0.0,0.0
DAZL,0.01720011,0.0,0.0
DBF4,0.0734461,0.0,0.0
DBF4B,0.18149713,0.0,0.0
DBH,0.055735208,0.0,0.0
DBI,0.051522594,0.0,-1.0
DBIL5P,0.018654516,0.0,0.0
DBN1,0.0064734337,0.0,-1.0
DBNDD1,0.0006944775,0.0,0.0
DBNDD2,0.0043887594,0.0,0.0
DBNL,0.16206352,0.0,0.0
DBP,0.15353946,0.0,0.0
DBR1,0.033753518,0.0,-1.0
DBT,0.11596805,0.0,-1.0
DBX1,0.06683647,0.0,0.0
DCAF1,0.2037839,0.0,-1.0
DCAF10,0.058804378,0.0,0.0
DCAF11,0.14951344,0.0,0.0
DCAF12,0.08038708,0.0,0.0
DCAF13,0.009777832,0.0,0.0
DCAF15,0.08347256,0.0,-1.0
DCAF16,0.08347577,0.0,0.0
DCAF17,0.09759166,0.0,0.0
DCAF4,0.12505677,0.0,0.0
DCAF5,0.14411554,0.0,0.0
DCAF6,0.09384217,0.0,0.0
DCAF7,0.22421081,0.0,0.0
DCAF8,0.10965451,0.0,0.0
DCAKD,0.0498581,0.0,0.0
DCBLD2,0.19827315,0.0,0.0
DCC,0.6771008,1.0,1.0
DCD,0.19436422,0.0,0.0
DCDC1,0.039390676,0.0,0.0
DCDC2,0.042727776,0.0,-1.0
DCHS1,0.16480342,0.0,-1.0
DCK,0.178091,0.0,-1.0
DCLK1,0.23607522,0.0,-1.0
DCLK2,0.29987976,0.0,0.0
DCLRE1A,0.28750128,0.0,-1.0
DCLRE1B,0.15464817,0.0,0.0
DCLRE1C,0.14405708,0.0,-1.0
DCN,0.21281464,0.0,-1.0
DCP1A,0.19876726,0.0,0.0
DCP1B,0.066204846,0.0,0.0
DCP2,0.18568385,0.0,0.0
DCPS,0.06986304,0.0,0.0
DCT,0.0002360251,0.0,0.0
DCTD,0.058009014,0.0,-1.0
DCTN1,0.5002419,1.0,1.0
DCTN2,0.13402432,0.0,0.0
DCTN4,0.03959898,0.0,0.0
DCTN5,0.09769043,0.0,0.0
DCTN6,0.08865962,0.0,0.0
DCTPP1,0.042493314,0.0,0.0
DCUN1D1,0.14569372,0.0,1.0
DCUN1D3,0.033224653,0.0,0.0
DCUN1D4,0.05181641,0.0,0.0
DCUN1D5,0.020991638,0.0,0.0
DCX,0.025602194,0.0,-1.0
DCXR,0.041917015,0.0,0.0
DDA1,0.14504948,0.0,0.0
DDAH1,0.04493813,0.0,0.0
DDAH2,0.106557734,0.0,0.0
DDB1,0.50530374,1.0,0.0
DDB2,0.3421924,0.0,1.0
DDC,0.028900493,0.0,-1.0
DDHD1,0.006082842,0.0,0.0
DDI1,0.1875646,0.0,0.0
DDI2,0.025905507,0.0,0.0
DDIAS,0.047316033,0.0,0.0
DDIT3,0.13219042,0.0,1.0
DDIT4,0.10861572,0.0,-1.0
DDIT4L,0.020067204,0.0,0.0
DDO,0.10610127,0.0,0.0
DDOST,0.053580802,0.0,0.0
DDR1,0.42069843,0.0,-1.0
DDR2,0.30067635,0.0,1.0
DDRGK1,0.037079163,0.0,0.0
DDT,0.025515763,0.0,0.0
DDX1,0.16953593,0.0,-1.0
DDX10,0.09113665,0.0,1.0
DDX11,0.1329506,0.0,0.0
DDX11L2,0.036200035,0.0,0.0
DDX12P,0.014279235,0.0,0.0
DDX17,0.4595411,0.0,-1.0
DDX18,0.19329286,0.0,-1.0
DDX19A,0.18043226,0.0,0.0
DDX19B,0.14132573,0.0,0.0
DDX20,0.13335943,0.0,-1.0
DDX21,0.17660013,0.0,0.0
DDX23,0.24005021,0.0,-1.0
DDX24,0.1213207,0.0,0.0
DDX25,0.10016701,0.0,-1.0
DDX27,0.1404271,0.0,-1.0
DDX28,0.024323072,0.0,0.0
DDX31,0.02754251,0.0,0.0
DDX39A,0.1860595,0.0,0.0
DDX39B,0.2667574,0.0,0.0
DDX3X,0.41745138,0.0,1.0
DDX3Y,0.11900549,0.0,-1.0
DDX4,0.27565968,0.0,1.0
DDX41,0.18428445,0.0,1.0
DDX42,0.15262087,0.0,0.0
DDX43,0.087983206,0.0,-1.0
DDX46,0.13385142,0.0,0.0
DDX47,0.20300034,0.0,0.0
DDX49,0.029051276,0.0,0.0
DDX5,0.4249478,0.0,1.0
DDX50,0.25307092,0.0,-1.0
DDX51,0.18153532,0.0,-1.0
DDX52,0.07856513,0.0,0.0
DDX53,0.03967665,0.0,0.0
DDX54,0.23742746,0.0,-1.0
DDX55,0.17026193,0.0,-1.0
DDX56,0.18586932,0.0,0.0
DDX58,0.17760341,0.0,-1.0
DDX59,0.1124506,0.0,0.0
DDX6,0.25235346,0.0,1.0
DDX60,0.047880787,0.0,0.0
DDX60L,0.07100739,0.0,-1.0
DEAF1,0.1372909,0.0,0.0
DECR1,0.066973105,0.0,0.0
DEDD,0.23037267,0.0,0.0
DEDD2,0.13386069,0.0,0.0
DEF6,0.20932116,0.0,0.0
DEF8,0.011086904,0.0,0.0
DEFB1,0.019998375,0.0,-1.0
DEFB132,0.0145986155,0.0,0.0
DEFB136,0.04717625,0.0,0.0
DEGS1,0.068397686,0.0,0.0
DEGS2,0.07443703,0.0,0.0
DEK,0.34047884,0.0,1.0
DELE1,0.0034481417,0.0,0.0
DENND1A,0.102057286,0.0,0.0
DENND2B,0.26921955,0.0,-1.0
DENND2D,0.009993538,0.0,0.0
DENND3,0.24123232,0.0,0.0
DENND4A,0.28505558,0.0,0.0
DENND4B,0.078924134,0.0,-1.0
DENND5A,0.10098559,0.0,0.0
DENND6A,0.025677979,0.0,0.0
DENR,0.055351555,0.0,-1.0
DEPDC1,0.026891971,0.0,0.0
DEPDC1B,0.006299847,0.0,0.0
DEPDC4,0.04981354,0.0,-1.0
DEPDC5,0.19100772,0.0,-1.0
DEPDC7,0.04907522,0.0,0.0
DEPP1,0.20136657,0.0,0.0
DEPTOR,0.09750456,0.0,0.0
DERA,0.10569408,0.0,0.0
DERL1,0.08479217,0.0,-1.0
DERL2,0.053547252,0.0,0.0
DERL3,0.050045058,0.0,0.0
DES,0.17935911,0.0,-1.0
DESI2,0.016967246,0.0,0.0
DET1,0.14522168,0.0,0.0
DEUP1,0.11493663,0.0,0.0
DEXI,0.042024247,0.0,0.0
DFFA,0.15541276,0.0,0.0
DFFB,0.10374601,0.0,0.0
DGAT1,0.04130997,0.0,0.0
DGAT2,0.051854502,0.0,0.0
DGCR2,0.055265225,0.0,0.0
DGCR6,0.0055298,0.0,0.0
DGCR6L,0.06860981,0.0,0.0
DGCR8,0.363807,0.0,1.0
DGKA,0.44040853,0.0,-1.0
DGKB,0.045745227,0.0,-1.0
DGKD,0.049985304,0.0,-1.0
DGKE,0.06162003,0.0,-1.0
DGKG,0.036821213,0.0,-1.0
DGKH,0.038112335,0.0,-1.0
DGKI,0.036835182,0.0,-1.0
DGKQ,0.06106012,0.0,-1.0
DGKZ,0.16326818,0.0,-1.0
DGUOK,0.030964417,0.0,0.0
DHCR24,0.045909304,0.0,0.0
DHCR7,0.07213761,0.0,-1.0
DHDDS,0.0019323769,0.0,-1.0
DHDH,0.03643816,0.0,0.0
DHFR,0.201902,0.0,-1.0
DHFR2,0.040293373,0.0,0.0
DHH,0.012638813,0.0,-1.0
DHODH,0.050410792,0.0,-1.0
DHPS,0.052496113,0.0,0.0
DHRS1,0.094443195,0.0,-1.0
DHRS12,0.022737881,0.0,0.0
DHRS13,0.060700007,0.0,0.0
DHRS2,0.12449128,0.0,0.0
DHRS3,0.07468282,0.0,-1.0
DHRS4,0.07850207,0.0,0.0
DHRS4-AS1,0.012915239,0.0,0.0
DHRS4L1,0.04014154,0.0,0.0
DHRS7,0.06850681,0.0,0.0
DHRS7B,0.032552075,0.0,0.0
DHRSX,0.06850681,0.0,0.0
DHX15,0.25736725,0.0,-1.0
DHX16,0.07344962,0.0,-1.0
DHX29,0.17985043,0.0,0.0
DHX30,0.24327555,0.0,-1.0
DHX32,0.110925786,0.0,0.0
DHX33,0.037736196,0.0,0.0
DHX34,0.06600688,0.0,0.0
DHX35,0.038511958,0.0,-1.0
DHX36,0.11953405,0.0,-1.0
DHX37,0.056947198,0.0,0.0
DHX38,0.047655065,0.0,0.0
DHX40,0.07651392,0.0,0.0
DHX57,0.04210209,0.0,0.0
DHX58,0.21456519,0.0,-1.0
DHX8,0.07880139,0.0,0.0
DHX9,0.51365894,1.0,-1.0
DIABLO,0.23968562,0.0,-1.0
DIAPH1,0.18945238,0.0,-1.0
DIAPH2,0.24044809,0.0,-1.0
DIAPH3,0.24494372,0.0,0.0
DICER1,0.72693,1.0,1.0
DIDO1,0.07500859,0.0,0.0
DIMT1,0.027064228,0.0,0.0
DIO2,0.20173277,0.0,-1.0
DIO3,0.037169706,0.0,0.0
DIP2A,0.034356806,0.0,0.0
DIP2B,0.08615202,0.0,0.0
DIP2C,0.14775637,0.0,-1.0
DIPK1A,0.002667381,0.0,0.0
DIPK1B,3.387014e-05,0.0,0.0
DIPK2A,0.010921746,0.0,0.0
DIRAS2,0.008438827,0.0,0.0
DIRC3,0.033327404,0.0,-1.0
DIS3,0.017909266,0.0,1.0
DIS3L,0.058698863,0.0,0.0
DIS3L2,0.07986395,0.0,-1.0
DISC1,0.47235072,0.0,0.0
DISC2,0.018312905,0.0,0.0
DISP1,0.5000754,1.0,-1.0
DISP2,0.036434986,0.0,-1.0
DISP3,0.067037046,0.0,-1.0
DKC1,0.08112796,0.0,-1.0
DKK1,0.20140342,0.0,-1.0
DKKL1,0.026121663,0.0,0.0
DLAT,0.08233547,0.0,-1.0
DLC1,0.27219206,0.0,-1.0
DLD,0.08923094,0.0,-1.0
DLEU1,0.15026723,0.0,-1.0
DLEU2,0.008665547,0.0,-1.0
DLG1,0.8357964,1.0,-1.0
DLG2,0.57814723,1.0,-1.0
DLG3,0.591742,1.0,-1.0
DLG4,0.59393513,1.0,0.0
DLG5,0.328477,0.0,0.0
DLGAP1,0.25687212,0.0,-1.0
DLGAP1-AS1,0.16226093,0.0,0.0
DLGAP2,0.028851254,0.0,0.0
DLGAP3,0.02674384,0.0,0.0
DLGAP4,0.07169548,0.0,0.0
DLGAP5,0.15728599,0.0,-1.0
DLK1,0.0027927053,0.0,-1.0
DLK2,0.13349898,0.0,0.0
DLL1,0.6158644,1.0,-1.0
DLL3,0.50190705,1.0,-1.0
DLL4,0.22870189,0.0,-1.0
DLST,0.28004408,0.0,-1.0
DLX1,0.15391558,0.0,0.0
DLX2,0.28358385,0.0,-1.0
DLX3,0.0025510944,0.0,-1.0
DLX4,0.107123405,0.0,-1.0
DLX5,0.3133113,0.0,-1.0
DLX6,0.19985338,0.0,-1.0
DMAC2,0.019421363,0.0,0.0
DMAP1,0.3475509,0.0,0.0
DMBT1,0.005910576,0.0,-1.0
DMC1,0.17068374,0.0,0.0
DMD,0.58266234,1.0,-1.0
DMGDH,0.059595987,0.0,0.0
DMKN,0.0022157982,0.0,0.0
DMPK,0.28177446,0.0,-1.0
DMRT1,0.088314936,0.0,0.0
DMRT2,0.09778769,0.0,0.0
DMRT3,0.3055861,0.0,0.0
DMRTA2,0.17821673,0.0,0.0
DMRTB1,0.100830786,0.0,0.0
DMRTC2,0.020110672,0.0,0.0
DMTF1,0.020464258,0.0,-1.0
DMTN,0.09506712,0.0,0.0
DMWD,0.15345423,0.0,0.0
DMXL1,0.21707061,0.0,-1.0
DMXL2,0.18483303,0.0,-1.0
DNA2,0.046799637,0.0,0.0
DNAAF1,0.020747235,0.0,-1.0
DNAAF10,0.025964176,0.0,0.0
DNAAF3,0.06283458,0.0,0.0
DNAAF4,0.01038855,0.0,-1.0
DNAAF5,0.15730746,0.0,-1.0
DNAAF8,0.007857669,0.0,0.0
DNAH1,0.45771134,0.0,-1.0
DNAH14,0.06827891,0.0,-1.0
DNAH7,0.096812084,0.0,-1.0
DNAH9,0.23074971,0.0,-1.0
DNAI2,0.0025822218,0.0,-1.0
DNAJA1,0.2441582,0.0,0.0
DNAJA2,0.1200945,0.0,0.0
DNAJA3,0.16861148,0.0,-1.0
DNAJA4,0.025076764,0.0,0.0
DNAJB1,0.3765837,0.0,1.0
DNAJB11,0.26379666,0.0,0.0
DNAJB12,0.030025074,0.0,0.0
DNAJB2,0.22508383,0.0,-1.0
DNAJB3,0.08202606,0.0,0.0
DNAJB4,0.12416836,0.0,0.0
DNAJB5,0.1737344,0.0,0.0
DNAJB6,0.16752362,0.0,0.0
DNAJB7,0.0025264062,0.0,0.0
DNAJB8,0.17729153,0.0,0.0
DNAJB9,0.033623826,0.0,-1.0
DNAJC1,0.020922882,0.0,0.0
DNAJC10,0.079397306,0.0,0.0
DNAJC11,0.03299381,0.0,0.0
DNAJC12,0.019434616,0.0,0.0
DNAJC13,0.1857401,0.0,0.0
DNAJC14,0.046404537,0.0,0.0
DNAJC16,0.053151853,0.0,0.0
DNAJC17,0.019644285,0.0,0.0
DNAJC18,0.008747567,0.0,0.0
DNAJC19,0.037641786,0.0,-1.0
DNAJC2,0.05945931,0.0,0.0
DNAJC21,0.004884859,0.0,0.0
DNAJC22,0.05427814,0.0,0.0
DNAJC24,0.028076714,0.0,-1.0
DNAJC27,0.053990193,0.0,0.0
DNAJC28,0.024176586,0.0,-1.0
DNAJC3,0.16536987,0.0,0.0
DNAJC30,0.027891085,0.0,0.0
DNAJC4,0.11690744,0.0,0.0
DNAJC5,0.05873107,0.0,-1.0
DNAJC5B,0.13027856,0.0,0.0
DNAJC6,0.2812418,0.0,-1.0
DNAJC7,0.06806729,0.0,0.0
DNAJC8,0.050389457,0.0,0.0
DNAJC9,0.14022914,0.0,-1.0
DNAL4,0.024994958,0.0,-1.0
DNALI1,0.1746066,0.0,0.0
DNASE1,0.034153897,0.0,-1.0
DNASE1L3,0.116177425,0.0,-1.0
DNASE2,0.09128867,0.0,0.0
DNER,0.027954567,0.0,-1.0
DNHD1,0.15350664,0.0,0.0
DNLZ,0.03422761,0.0,0.0
DNM1,0.37712133,0.0,0.0
DNM1L,0.045360893,0.0,0.0
DNM2,0.26548147,0.0,1.0
DNM3,0.019604534,0.0,0.0
DNMBP,0.17774585,0.0,-1.0
DNMT1,0.70066375,1.0,1.0
DNMT3A,0.47907045,0.0,1.0
DNMT3B,0.63336444,1.0,1.0
DNMT3L,0.08232059,0.0,0.0
DNPEP,0.086422905,0.0,0.0
DNPH1,0.036975943,0.0,0.0
DNTT,0.16152652,0.0,0.0
DNTTIP1,0.01828149,0.0,0.0
DNTTIP2,0.20403558,0.0,0.0
DOC2A,0.09521025,0.0,0.0
DOC2GP,0.044050097,0.0,0.0
DOCK1,0.3781027,0.0,-1.0
DOCK10,0.058289777,0.0,0.0
DOCK2,0.3869274,0.0,-1.0
DOCK4,0.14459127,0.0,-1.0
DOCK5,0.13107179,0.0,0.0
DOCK6,0.12465356,0.0,0.0
DOCK7,0.29222313,0.0,0.0
DOCK8,0.26174304,0.0,-1.0
DOCK9,0.13519494,0.0,0.0
DOHH,0.05040784,0.0,0.0
DOK1,0.42143193,0.0,0.0
DOK2,0.4109603,0.0,0.0
DOK3,0.0032400137,0.0,0.0
DOK4,0.010570807,0.0,0.0
DOK5,0.14589068,0.0,0.0
DOK6,0.112219825,0.0,-1.0
DOK7,0.0012865063,0.0,-1.0
DOLK,0.025622781,0.0,-1.0
DOLPP1,0.041641504,0.0,0.0
DONSON,0.025563486,0.0,0.0
DOP1A,0.06316706,0.0,0.0
DOT1L,0.6289274,1.0,1.0
DPAGT1,0.06404562,0.0,-1.0
DPCD,0.033169877,0.0,0.0
DPEP1,0.00026942522,0.0,0.0
DPEP3,0.02428979,0.0,0.0
DPF1,0.043398827,0.0,0.0
DPF2,0.54366225,1.0,0.0
DPF3,0.011730999,0.0,0.0
DPH1,0.14591849,0.0,-1.0
DPH2,0.01873162,0.0,0.0
DPH3,0.0074840873,0.0,-1.0
DPH6,0.0091062635,0.0,0.0
DPH7,0.023636835,0.0,0.0
DPM1,0.054654565,0.0,-1.0
DPM2,0.078572154,0.0,0.0
DPM3,0.029322509,0.0,0.0
DPP10,0.07803517,0.0,-1.0
DPP3,0.060772646,0.0,0.0
DPP4,0.003841801,0.0,-1.0
DPP7,0.008098819,0.0,-1.0
DPP8,0.12764339,0.0,0.0
DPP9,0.078790314,0.0,0.0
DPPA2,0.29476213,0.0,0.0
DPPA4,0.24698828,0.0,-1.0
DPT,0.0021279634,0.0,-1.0
DPY19L1,0.014860019,0.0,0.0
DPY19L3,0.015224997,0.0,-1.0
DPY30,0.19487104,0.0,0.0
DPYD,0.2292253,0.0,-1.0
DPYS,0.41564965,0.0,-1.0
DPYSL2,0.1998373,0.0,0.0
DPYSL3,0.036507074,0.0,0.0
DPYSL4,0.105046704,0.0,0.0
DR1,0.111118555,0.0,0.0
DRAM1,0.12945023,0.0,-1.0
DRAP1,0.20804566,0.0,0.0
DRC3,0.06275579,0.0,0.0
DRC7,0.017574495,0.0,0.0
DRD1,0.05813964,0.0,0.0
DRD2,0.1799858,0.0,-1.0
DRD3,0.16446722,0.0,-1.0
DRD4,0.4285576,0.0,0.0
DRD5,0.18238208,0.0,-1.0
DRG1,0.07410665,0.0,0.0
DRG2,0.016455755,0.0,0.0
DROSHA,0.06495982,0.0,1.0
DRP2,0.17357148,0.0,0.0
DSC1,0.19151008,0.0,-1.0
DSC2,0.07814847,0.0,-1.0
DSC3,0.19651353,0.0,-1.0
DSCC1,0.07211655,0.0,-1.0
DSE,0.18327075,0.0,-1.0
DSEL,0.030787606,0.0,-1.0
DSG1,0.17535423,0.0,-1.0
DSG2,0.07953381,0.0,-1.0
DSG3,0.05351333,0.0,0.0
DSN1,0.16784416,0.0,0.0
DSP,0.23879187,0.0,-1.0
DST,0.6233677,1.0,-1.0
DSTN,0.12383551,0.0,0.0
DSTYK,0.14823677,0.0,0.0
DTD2,0.059295263,0.0,0.0
DTHD1,0.056345597,0.0,-1.0
DTL,0.17931043,0.0,-1.0
DTNA,0.21825002,0.0,-1.0
DTNB,0.11462612,0.0,0.0
DTNBP1,0.044938542,0.0,-1.0
DTWD1,0.035538193,0.0,0.0
DTWD2,0.021762306,0.0,-1.0
DTX1,0.2718568,0.0,1.0
DTX2,0.10476123,0.0,-1.0
DTX3,0.08045743,0.0,-1.0
DTX3L,0.2373641,0.0,0.0
DTX4,0.13856827,0.0,-1.0
DTYMK,0.06299954,0.0,0.0
DUOX2,0.06167101,0.0,-1.0
DUOXA2,0.0011575508,0.0,-1.0
DUS1L,0.006714127,0.0,0.0
DUS2,0.029406196,0.0,0.0
DUS3L,0.046720583,0.0,0.0
DUS4L,0.017753687,0.0,0.0
DUSP1,0.3019146,0.0,-1.0
DUSP10,0.12268746,0.0,-1.0
DUSP11,0.10467848,0.0,0.0
DUSP12,0.07400536,0.0,0.0
DUSP13,0.042557582,0.0,0.0
DUSP14,0.32272348,0.0,0.0
DUSP16,0.24047601,0.0,-1.0
DUSP19,0.096111655,0.0,0.0
DUSP2,0.1486867,0.0,-1.0
DUSP21,0.22215185,0.0,0.0
DUSP22,0.5098836,1.0,1.0
DUSP23,0.15823719,0.0,0.0
DUSP26,0.07716157,0.0,-1.0
DUSP3,0.12542252,0.0,0.0
DUSP4,0.19321784,0.0,1.0
DUSP5,0.17933013,0.0,0.0
DUSP6,0.20488556,0.0,-1.0
DUSP7,0.04300131,0.0,-1.0
DUSP8,0.06851954,0.0,0.0
DUSP9,0.118514255,0.0,-1.0
DUT,0.10774338,0.0,0.0
DVL1,0.6004337,1.0,-1.0
DVL1P1,0.013840173,0.0,0.0
DVL2,0.36864626,0.0,-1.0
DVL3,0.376802,0.0,-1.0
DXO,0.023665804,0.0,0.0
DYDC1,0.049250588,0.0,0.0
DYDC2,0.002439182,0.0,0.0
DYM,0.013636554,0.0,-1.0
DYNC1H1,0.32902166,0.0,-1.0
DYNC1I1,0.1613852,0.0,-1.0
DYNC1I2,0.063701116,0.0,0.0
DYNC1LI1,0.07517992,0.0,0.0
DYNC1LI2,0.023361871,0.0,0.0
DYNC2H1,0.30371928,0.0,-1.0
DYNC2I1,0.0639299,0.0,0.0
DYNC2I2,0.052617528,0.0,0.0
DYNC2LI1,0.17904282,0.0,0.0
DYNLL1,0.33646646,0.0,-1.0
DYNLL2,0.09533099,0.0,0.0
DYNLRB1,0.08735142,0.0,0.0
DYNLRB2,0.030340534,0.0,0.0
DYNLT1,0.12955819,0.0,0.0
DYNLT2,0.0037871879,0.0,0.0
DYNLT2B,0.043348275,0.0,0.0
DYNLT3,0.1113444,0.0,0.0
DYNLT4,0.061466392,0.0,0.0
DYRK1A,0.31902525,0.0,-1.0
DYRK1B,0.4614194,0.0,-1.0
DYRK2,0.46144968,0.0,0.0
DYRK3,0.15535744,0.0,0.0
DYRK4,0.40927395,0.0,0.0
DYSF,0.32503748,0.0,-1.0
DZANK1,0.016743634,0.0,0.0
DZIP3,0.2493705,0.0,0.0
E2F1,0.40255454,0.0,-1.0
E2F2,0.296355,0.0,-1.0
E2F3,0.3259908,0.0,1.0
E2F4,0.46994376,0.0,-1.0
E2F5,0.11302707,0.0,0.0
E2F6,0.2543092,0.0,-1.0
E2F7,0.09706308,0.0,-1.0
E2F8,0.08759289,0.0,0.0
E4F1,0.33411404,0.0,0.0
EAF1,0.10571058,0.0,0.0
EAF2,0.040896513,0.0,-1.0
EAPP,0.073501006,0.0,0.0
EARS2,0.056551736,0.0,0.0
EBAG9,0.0016360064,0.0,-1.0
EBF1,0.8018658,1.0,1.0
EBF2,0.34438038,0.0,0.0
EBF3,0.2873587,0.0,0.0
EBF4,0.04683145,0.0,0.0
EBI3,0.23248021,0.0,0.0
EBLN2,0.077711865,0.0,0.0
EBNA1BP2,0.26298,0.0,0.0
EBP,0.0116875,0.0,-1.0
EBPL,0.0056801513,0.0,0.0
ECD,0.06293025,0.0,0.0
ECE1,0.08912931,0.0,0.0
ECE2,0.08327157,0.0,0.0
ECH1,0.026848007,0.0,0.0
ECHS1,0.129683,0.0,0.0
ECI1,0.020909084,0.0,0.0
ECI2,0.06765752,0.0,0.0
ECPAS,0.06923313,0.0,0.0
ECSIT,0.13303937,0.0,0.0
ECT2,0.07715814,0.0,-1.0
EDA,0.008681369,0.0,-1.0
EDA2R,0.10554379,0.0,0.0
EDAR,0.0092672035,0.0,-1.0
EDARADD,0.036713194,0.0,-1.0
EDC3,0.24483998,0.0,0.0
EDC4,0.032060936,0.0,-1.0
EDEM1,0.06732893,0.0,-1.0
EDEM2,0.051313743,0.0,0.0
EDEM3,0.050598517,0.0,0.0
EDF1,0.14918642,0.0,0.0
EDN1,0.1367466,0.0,-1.0
EDNRA,0.21743824,0.0,-1.0
EDNRB,0.16345197,0.0,-1.0
EDRF1,0.036443934,0.0,-1.0
EEA1,0.15224732,0.0,0.0
EED,0.61430675,1.0,1.0
EEF1A1,0.7413148,1.0,-1.0
EEF1A1P5,0.0154364975,0.0,0.0
EEF1A2,0.2141068,0.0,-1.0
EEF1AKMT1,0.044865984,0.0,0.0
EEF1AKMT2,0.0019341628,0.0,0.0
EEF1AKMT3,0.013642558,0.0,0.0
EEF1B2,0.107444055,0.0,0.0
EEF1D,0.2332641,0.0,-1.0
EEF1DP3,0.008219693,0.0,0.0
EEF1G,0.35561064,0.0,0.0
EEF2,0.24418439,0.0,-1.0
EEF2K,0.34338596,0.0,-1.0
EEF2KMT,0.014846706,0.0,0.0
EEFSEC,0.012752042,0.0,0.0
EFCAB10,0.0031214121,0.0,0.0
EFCAB11,0.021007383,0.0,0.0
EFCAB13,0.009048159,0.0,0.0
EFCAB2,0.0014346254,0.0,0.0
EFCAB5,0.058513246,0.0,0.0
EFCAB6,0.173552,0.0,0.0
EFCAB7,0.020311506,0.0,0.0
EFEMP1,0.11553926,0.0,-1.0
EFEMP2,0.13196123,0.0,-1.0
EFHC1,0.2282282,0.0,-1.0
EFHD1,0.021921279,0.0,-1.0
EFHD2,0.009501918,0.0,-1.0
EFL1,0.020396821,0.0,0.0
EFNA1,0.14273174,0.0,-1.0
EFNA2,0.17509077,0.0,-1.0
EFNA3,0.35427657,0.0,-1.0
EFNA4,0.08900999,0.0,-1.0
EFNA5,0.18620276,0.0,-1.0
EFNB1,0.20477194,0.0,0.0
EFNB2,0.12087854,0.0,0.0
EFNB3,0.08218277,0.0,0.0
EFS,0.19511296,0.0,0.0
EFTUD2,0.2195854,0.0,-1.0
EGF,0.36841393,0.0,-1.0
EGFL6,0.08784255,0.0,-1.0
EGFL7,0.16019891,0.0,1.0
EGFLAM,0.119011804,0.0,0.0
EGFR,0.95000565,1.0,1.0
EGLN1,0.232722,0.0,-1.0
EGLN2,0.12037054,0.0,-1.0
EGLN3,0.13205403,0.0,-1.0
EGOT,0.029808328,0.0,0.0
EGR1,0.42340595,0.0,1.0
EGR2,0.23394121,0.0,-1.0
EGR3,0.08963214,0.0,-1.0
EGR4,0.015548669,0.0,0.0
EHBP1,0.20076989,0.0,-1.0
EHD1,0.1458654,0.0,0.0
EHD2,0.14943054,0.0,0.0
EHD3,0.07237129,0.0,0.0
EHD4,0.004664873,0.0,0.0
EHF,0.04340422,0.0,-1.0
EHHADH,0.044220835,0.0,0.0
EHMT1,0.4106129,0.0,-1.0
EHMT2,0.6543854,1.0,-1.0
EI24,0.024480144,0.0,-1.0
EID1,0.24899939,0.0,0.0
EID2,0.09525656,0.0,0.0
EID2B,0.032572884,0.0,0.0
EID3,0.011768944,0.0,0.0
EIF1,0.06011779,0.0,0.0
EIF1AD,0.070391625,0.0,0.0
EIF1AX,0.20951678,0.0,1.0
EIF1B,0.16517328,0.0,-1.0
EIF2A,0.0612657,0.0,0.0
EIF2AK1,0.24262066,0.0,-1.0
EIF2AK2,0.39716527,0.0,-1.0
EIF2AK3,0.2276879,0.0,-1.0
EIF2AK4,0.03572312,0.0,-1.0
EIF2B1,0.059553955,0.0,-1.0
EIF2B2,0.10164164,0.0,-1.0
EIF2B3,0.053667895,0.0,-1.0
EIF2B4,0.06566957,0.0,-1.0
EIF2B5,0.13548444,0.0,-1.0
EIF2S1,0.08096268,0.0,0.0
EIF2S2,0.09877034,0.0,-1.0
EIF2S3,0.1281613,0.0,0.0
EIF3A,0.2838235,0.0,-1.0
EIF3B,0.23484334,0.0,0.0
EIF3C,0.19880038,0.0,-1.0
EIF3D,0.12594946,0.0,0.0
EIF3E,0.095315084,0.0,1.0
EIF3F,0.17157255,0.0,-1.0
EIF3FP3,0.010133272,0.0,0.0
EIF3G,0.17907684,0.0,-1.0
EIF3H,0.1264235,0.0,0.0
EIF3I,0.4322226,0.0,-1.0
EIF3J,0.09754529,0.0,0.0
EIF3K,0.104471974,0.0,0.0
EIF3L,0.13203941,0.0,0.0
EIF3M,0.056314927,0.0,0.0
EIF4A1,0.2152331,0.0,-1.0
EIF4A2,0.33113596,0.0,1.0
EIF4A3,0.22175623,0.0,0.0
EIF4B,0.4228405,0.0,-1.0
EIF4E,0.21736622,0.0,1.0
EIF4E2,0.115436986,0.0,0.0
EIF4E3,0.20585594,0.0,0.0
EIF4EBP1,0.19208972,0.0,-1.0
EIF4EBP2,0.033498917,0.0,0.0
EIF4EBP3,0.08230378,0.0,0.0
EIF4ENIF1,0.22025953,0.0,0.0
EIF4G1,0.17972119,0.0,-1.0
EIF4G2,0.11447756,0.0,0.0
EIF4G3,0.09118631,0.0,0.0
EIF4H,0.2668773,0.0,0.0
EIF5,0.092994,0.0,0.0
EIF5A,0.05945028,0.0,-1.0
EIF5A2,0.03197947,0.0,-1.0
EIF5B,0.119322546,0.0,0.0
EIF6,0.1761595,0.0,0.0
EIPR1,0.04183604,0.0,0.0
ELAC2,0.09050822,0.0,-1.0
ELANE,0.11170266,0.0,-1.0
ELAPOR1,0.009423649,0.0,0.0
ELAPOR2,0.01980121,0.0,0.0
ELAVL1,0.19853948,0.0,-1.0
ELAVL2,0.1764607,0.0,-1.0
ELAVL3,0.081636265,0.0,-1.0
ELAVL4,0.20716192,0.0,-1.0
ELF1,0.12762955,0.0,-1.0
ELF2,0.094321966,0.0,0.0
ELF3,0.3608361,0.0,1.0
ELF4,0.20031792,0.0,1.0
ELF5,0.07712169,0.0,-1.0
ELK1,0.383375,0.0,-1.0
ELK3,0.1661248,0.0,-1.0
ELK4,0.29225847,0.0,1.0
ELL,0.17748885,0.0,1.0
ELL2,0.08675349,0.0,0.0
ELL3,0.13364868,0.0,0.0
ELMO1,0.20552534,0.0,-1.0
ELMO2,0.015714532,0.0,0.0
ELMO3,0.04078137,0.0,-1.0
ELMOD1,0.005830807,0.0,0.0
ELMOD2,0.032046374,0.0,0.0
ELMOD3,0.07286992,0.0,0.0
ELN,0.41414407,0.0,-1.0
ELOA,0.13290827,0.0,0.0
ELOA2,0.079588234,0.0,0.0
ELOA3P,0.23717232,0.0,0.0
ELOB,0.25503004,0.0,-1.0
ELOC,0.32694566,0.0,-1.0
ELOF1,0.06373174,0.0,-1.0
ELOVL1,0.030138204,0.0,0.0
ELOVL2,0.02258017,0.0,0.0
ELOVL3,0.011423739,0.0,-1.0
ELOVL6,0.15043986,0.0,0.0
ELP1,0.11984293,0.0,-1.0
ELP2,0.17738864,0.0,-1.0
ELP3,0.08514585,0.0,0.0
ELP4,0.0635711,0.0,0.0
ELP5,0.012254866,0.0,0.0
ELP6,0.007459595,0.0,0.0
ELSPBP1,0.21992834,0.0,0.0
EMC1,0.051573373,0.0,0.0
EMC10,0.007992813,0.0,0.0
EMC2,0.0060496638,0.0,0.0
EMC3,0.047224864,0.0,0.0
EMC4,0.008140633,0.0,0.0
EMC6,0.008496636,0.0,0.0
EMC7,0.014139001,0.0,0.0
EMC8,0.0039623417,0.0,0.0
EMC9,0.058770966,0.0,0.0
EMCN,0.0654988,0.0,0.0
EMD,0.53624606,1.0,-1.0
EME1,0.051705547,0.0,0.0
EME2,0.04896159,0.0,0.0
EMG1,0.04608888,0.0,-1.0
EMID1,0.098389894,0.0,0.0
EMILIN1,0.05518259,0.0,0.0
EMILIN2,0.017144587,0.0,0.0
EMILIN3,0.0041743456,0.0,0.0
EML1,0.018115368,0.0,0.0
EML2,0.04198876,0.0,0.0
EML3,0.10180093,0.0,0.0
EML4,0.114602104,0.0,1.0
EMP1,0.052061588,0.0,-1.0
EMP2,0.013432627,0.0,0.0
EMP3,0.059546806,0.0,-1.0
EMSY,0.12353879,0.0,-1.0
EMX1,0.3484035,0.0,0.0
EMX2,0.37706873,0.0,-1.0
EMX2OS,0.1738383,0.0,0.0
EN1,0.37118894,0.0,-1.0
EN2,0.1803272,0.0,-1.0
ENAH,0.13542916,0.0,-1.0
ENC1,0.15465616,0.0,-1.0
ENDOD1,0.031901963,0.0,0.0
ENDOG,0.072284274,0.0,0.0
ENG,0.21016622,0.0,-1.0
ENKD1,0.13142622,0.0,0.0
ENKUR,0.03956827,0.0,0.0
ENO1,0.23514292,0.0,-1.0
ENO2,0.15217528,0.0,0.0
ENO3,0.0033859953,0.0,0.0
ENOPH1,0.021075042,0.0,0.0
ENOSF1,0.06800285,0.0,0.0
ENOX1,0.081011154,0.0,0.0
ENOX2,0.0374415,0.0,-1.0
ENPP1,0.16777174,0.0,-1.0
ENPP2,0.028627431,0.0,-1.0
ENPP3,0.13789235,0.0,0.0
ENPP6,0.02976917,0.0,0.0
ENPP7,0.09371639,0.0,-1.0
ENSA,0.111773215,0.0,0.0
ENTPD1,0.18233292,0.0,0.0
ENTPD2,0.15180859,0.0,0.0
ENTPD3,0.16930465,0.0,0.0
ENTPD4,0.076908685,0.0,0.0
ENTPD5,0.075218976,0.0,0.0
ENTPD6,0.07162317,0.0,-1.0
ENTPD7,0.18669924,0.0,0.0
ENTPD8,0.16930465,0.0,0.0
ENTR1,0.061107278,0.0,0.0
ENY2,0.091708936,0.0,0.0
EOLA2,0.01111625,0.0,0.0
EOMES,0.28908494,0.0,-1.0
EP300,0.95713204,1.0,1.0
EP400,0.37774554,0.0,1.0
EPAS1,0.2518031,0.0,1.0
EPB41,0.5287896,1.0,-1.0
EPB41L1,0.3319645,0.0,-1.0
EPB41L2,0.38185114,0.0,0.0
EPB41L3,0.53289694,1.0,-1.0
EPB41L4A-AS1,0.041386794,0.0,0.0
EPB41L4B,0.06322261,0.0,0.0
EPB41L5,0.06779368,0.0,0.0
EPB42,0.23037827,0.0,-1.0
EPC1,0.16468565,0.0,-1.0
EPC2,0.10619866,0.0,0.0
EPCAM,0.059100393,0.0,1.0
EPG5,0.015676713,0.0,-1.0
EPHA1,0.16641487,0.0,-1.0
EPHA10,0.24591735,0.0,0.0
EPHA2,0.4597857,0.0,-1.0
EPHA3,0.47453287,0.0,1.0
EPHA4,0.52021134,1.0,-1.0
EPHA5,0.025752235,0.0,-1.0
EPHA7,0.3248667,0.0,1.0
EPHA8,0.27000505,0.0,0.0
EPHB1,0.48425728,0.0,1.0
EPHB2,0.48634645,0.0,-1.0
EPHB3,0.37519172,0.0,-1.0
EPHB4,0.1771341,0.0,-1.0
EPHB6,0.12865959,0.0,-1.0
EPHX1,0.008561172,0.0,0.0
EPHX2,0.028652743,0.0,0.0
EPM2A,0.21828674,0.0,-1.0
EPM2AIP1,0.031070653,0.0,0.0
EPN1,0.40783268,0.0,0.0
EPN2,0.06660757,0.0,0.0
EPO,0.17386314,0.0,-1.0
EPOP,0.012915239,0.0,0.0
EPOR,0.7430657,1.0,1.0
EPPK1,0.31344858,0.0,-1.0
EPR1,0.17838636,0.0,0.0
EPRS1,0.19168445,0.0,-1.0
EPS15,0.5269346,1.0,1.0
EPS15L1,0.14721127,0.0,-1.0
EPS8,0.38813648,0.0,-1.0
EPS8L1,0.28711253,0.0,-1.0
EPS8L2,0.24008808,0.0,0.0
EPS8L3,0.082282886,0.0,0.0
EPX,0.009305097,0.0,0.0
ERAL1,0.062201098,0.0,-1.0
ERAP1,0.04962423,0.0,-1.0
ERAP2,0.0807262,0.0,0.0
ERAS,0.16029273,0.0,-1.0
ERBB2,0.86890775,1.0,1.0
ERBB3,0.7660746,1.0,1.0
ERBB4,0.8322136,1.0,1.0
ERBIN,0.5986539,1.0,-1.0
ERC1,0.21947329,0.0,1.0
ERC2,0.40582067,0.0,-1.0
ERCC1,0.11376004,0.0,-1.0
ERCC2,0.30439138,0.0,1.0
ERCC3,0.31332985,0.0,1.0
ERCC4,0.27783006,0.0,1.0
ERCC5,0.16368882,0.0,1.0
ERCC6,0.29691392,0.0,-1.0
ERCC6L,0.29049894,0.0,0.0
ERCC6L2,0.047654536,0.0,-1.0
ERCC6L2-AS1,0.036109943,0.0,0.0
ERCC8,0.15859212,0.0,-1.0
EREG,0.14515914,0.0,-1.0
ERF,0.17125376,0.0,1.0
ERG,0.27483296,0.0,1.0
ERG28,0.33115393,0.0,0.0
ERGIC1,2.560612e-08,0.0,0.0
ERGIC2,0.0515313,0.0,0.0
ERGIC3,2.560612e-08,0.0,-1.0
ERH,0.09848116,0.0,0.0
ERI1,0.07100088,0.0,-1.0
ERI2,0.05430731,0.0,0.0
ERI3,0.04981704,0.0,0.0
ERICH1,0.049708467,0.0,-1.0
ERLEC1,0.01395115,0.0,0.0
ERLIN1,0.013987979,0.0,0.0
ERLIN2,0.056069925,0.0,0.0
ERMAP,0.082682714,0.0,0.0
ERMARD,0.016969657,0.0,0.0
ERMN,0.059774913,0.0,0.0
ERMP1,0.09234225,0.0,0.0
ERN1,0.3979708,0.0,-1.0
ERO1A,0.04091758,0.0,0.0
ERO1B,0.0109009445,0.0,0.0
ERP29,0.07689335,0.0,0.0
ERP44,0.030098112,0.0,0.0
ERRFI1,0.12866983,0.0,1.0
ERV3-1,0.055059828,0.0,0.0
ERVW-1,1.1555025e-05,0.0,-1.0
ESAM,0.10448058,0.0,0.0
ESCO1,0.26566818,0.0,0.0
ESCO2,0.29100698,0.0,1.0
ESD,0.00124977,0.0,0.0
ESF1,0.06363738,0.0,0.0
ESM1,0.15489665,0.0,-1.0
ESPL1,0.10805528,0.0,-1.0
ESPN,0.024696972,0.0,0.0
ESPNP,0.07232054,0.0,0.0
ESR1,0.9134716,1.0,1.0
ESR2,0.6868668,1.0,-1.0
ESRRA,0.31993452,0.0,-1.0
ESRRB,0.30124325,0.0,0.0
ESRRG,0.50983006,1.0,-1.0
ESS2,0.072724245,0.0,0.0
ESX1,0.0865581,0.0,0.0
ESYT1,0.07700316,0.0,0.0
ESYT2,0.071571134,0.0,0.0
ETF1,0.16209555,0.0,0.0
ETFA,0.074057184,0.0,-1.0
ETFB,0.1341257,0.0,-1.0
ETFDH,0.04310506,0.0,-1.0
ETHE1,0.22595857,0.0,0.0
ETNK1,0.17082335,0.0,1.0
ETNK2,0.044176485,0.0,0.0
ETS1,0.48019966,0.0,-1.0
ETS2,0.3173677,0.0,-1.0
ETV1,0.21549655,0.0,1.0
ETV2,0.08158045,0.0,0.0
ETV3,0.11779199,0.0,-1.0
ETV4,0.3197367,0.0,1.0
ETV5,0.16515261,0.0,1.0
ETV6,0.43706736,0.0,1.0
ETV7,0.20273253,0.0,-1.0
EVA1A,0.06636112,0.0,0.0
EVA1C,0.053911466,0.0,0.0
EVC2,0.094505325,0.0,-1.0
EVI2B,0.01007305,0.0,0.0
EVI5,0.13608798,0.0,0.0
EVI5L,0.06222595,0.0,0.0
EVL,0.3503828,0.0,-1.0
EVPL,0.069179796,0.0,-1.0
EVX1,0.15126435,0.0,0.0
EVX2,0.21495777,0.0,0.0
EWSR1,0.59954864,1.0,1.0
EXD1,0.025042837,0.0,0.0
EXD3,0.051942028,0.0,0.0
EXO1,0.427931,0.0,0.0
EXO5,0.07248214,0.0,0.0
EXOC1,0.05585279,0.0,0.0
EXOC2,0.06865667,0.0,-1.0
EXOC3,0.14932027,0.0,0.0
EXOC3-AS1,0.025346892,0.0,0.0
EXOC3L1,0.0085235685,0.0,0.0
EXOC4,0.20576584,0.0,-1.0
EXOC5,0.08243892,0.0,0.0
EXOC6,0.032759026,0.0,0.0
EXOC6B,0.042363998,0.0,0.0
EXOC7,0.11108356,0.0,-1.0
EXOC8,0.18609612,0.0,-1.0
EXOG,0.026970627,0.0,0.0
EXOSC1,0.13725339,0.0,0.0
EXOSC10,0.37207642,0.0,0.0
EXOSC2,0.18111609,0.0,0.0
EXOSC3,0.15049374,0.0,0.0
EXOSC4,0.20054106,0.0,0.0
EXOSC5,0.13951068,0.0,0.0
EXOSC6,0.08708008,0.0,-1.0
EXOSC7,0.35891324,0.0,0.0
EXOSC8,0.09153326,0.0,0.0
EXOSC9,0.071803905,0.0,0.0
EXPH5,0.26030585,0.0,-1.0
EXT1,0.13114932,0.0,1.0
EXT2,0.30982685,0.0,1.0
EXTL1,0.017727163,0.0,0.0
EXTL3,0.2024666,0.0,0.0
EYA1,0.109937295,0.0,-1.0
EYA2,0.11005019,0.0,-1.0
EYA3,0.037932027,0.0,0.0
EZH1,0.39331812,0.0,1.0
EZH2,0.65948194,1.0,1.0
EZR,0.7668252,1.0,1.0
F10,0.34951937,0.0,-1.0
F11,0.004316741,0.0,-1.0
F11R,0.12983038,0.0,0.0
F12,0.038854443,0.0,-1.0
F13A1,0.57900846,1.0,-1.0
F13B,0.5554431,1.0,-1.0
F2,0.32273167,0.0,-1.0
F2R,0.11004036,0.0,-1.0
F2RL1,0.012329525,0.0,0.0
F2RL3,0.025010856,0.0,-1.0
F3,0.13944635,0.0,-1.0
F5,0.5465065,1.0,-1.0
F7,0.21525413,0.0,-1.0
F8,0.72061265,1.0,-1.0
F8A1,0.031278018,0.0,0.0
F9,0.019542858,0.0,-1.0
FA2H,0.0144521035,0.0,-1.0
FAAH,0.020658338,0.0,0.0
FAAH2,0.043924097,0.0,-1.0
FAAP100,0.1420424,0.0,0.0
FAAP20,0.016429733,0.0,0.0
FAAP24,0.26145324,0.0,0.0
FABP1,0.14492135,0.0,0.0
FABP3,0.07807823,0.0,-1.0
FABP4,0.15789886,0.0,-1.0
FABP5,0.08956564,0.0,-1.0
FABP5P3,0.035647336,0.0,0.0
FABP9,0.012427858,0.0,0.0
FADD,0.6301718,1.0,-1.0
FADS1,0.05390086,0.0,0.0
FADS2,0.0334568,0.0,0.0
FADS3,0.049009748,0.0,0.0
FAF1,0.27325132,0.0,-1.0
FAF2,0.23874195,0.0,0.0
FAH,0.12880345,0.0,-1.0
FAHD1,0.033141542,0.0,0.0
FAIM,0.029392818,0.0,-1.0
FAIM2,0.020656561,0.0,0.0
FAM102A,0.039896064,0.0,0.0
FAM102B,0.087816924,0.0,0.0
FAM104A,0.048811268,0.0,0.0
FAM107A,0.32507852,0.0,-1.0
FAM107B,0.031035455,0.0,-1.0
FAM110A,0.13639484,0.0,0.0
FAM110D,0.25914404,0.0,0.0
FAM111A,0.055015218,0.0,-1.0
FAM111B,0.0053134854,0.0,-1.0
FAM114A2,0.006791087,0.0,0.0
FAM117A,0.053536754,0.0,-1.0
FAM118A,0.05897437,0.0,0.0
FAM118B,0.03411323,0.0,-1.0
FAM120B,0.045338664,0.0,0.0
FAM124A,0.06620765,0.0,0.0
FAM124B,0.15147658,0.0,0.0
FAM126A,0.054596078,0.0,0.0
FAM131A,0.061357945,0.0,0.0
FAM131C,0.07714392,0.0,0.0
FAM133B,0.03468449,0.0,0.0
FAM135A,0.07359196,0.0,0.0
FAM135B,0.68770725,1.0,1.0
FAM136A,0.02794528,0.0,0.0
FAM138B,0.012358255,0.0,0.0
FAM13A,0.0197546,0.0,0.0
FAM13B,0.07351764,0.0,0.0
FAM13C,0.087902315,0.0,0.0
FAM149B1,0.032131888,0.0,0.0
FAM151B,0.019568905,0.0,0.0
FAM153A,0.01728287,0.0,0.0
FAM156A,0.01266117,0.0,0.0
FAM161A,0.028390521,0.0,-1.0
FAM162A,0.012014809,0.0,0.0
FAM167B,0.123591796,0.0,0.0
FAM168A,0.020613497,0.0,0.0
FAM168B,0.05089987,0.0,0.0
FAM169A,0.04887644,0.0,0.0
FAM171A1,0.08084869,0.0,-1.0
FAM171B,0.011020943,0.0,-1.0
FAM172A,0.016877772,0.0,0.0
FAM174C,0.042905536,0.0,0.0
FAM177A1,0.05374358,0.0,0.0
FAM178B,0.03406514,0.0,0.0
FAM180B,0.00826519,0.0,0.0
FAM183A,0.018614205,0.0,0.0
FAM184A,0.06033494,0.0,0.0
FAM185A,0.009140448,0.0,0.0
FAM189A2,0.080277145,0.0,0.0
FAM189B,0.08165514,0.0,0.0
FAM193B,0.11333451,0.0,0.0
FAM200A,0.0038426078,0.0,0.0
FAM200B,0.04484674,0.0,0.0
FAM201A,0.014583004,0.0,0.0
FAM20B,0.040528443,0.0,0.0
FAM210A,0.022003442,0.0,0.0
FAM214A,0.049068324,0.0,0.0
FAM214B,0.010264382,0.0,0.0
FAM216A,0.013642558,0.0,0.0
FAM217B,0.021487143,0.0,0.0
FAM219A,0.033173423,0.0,0.0
FAM220A,0.02023689,0.0,0.0
FAM221A,0.014583004,0.0,0.0
FAM222B,0.019942245,0.0,0.0
FAM227B,0.012800397,0.0,-1.0
FAM234A,0.033936515,0.0,-1.0
FAM241A,0.0191116,0.0,-1.0
FAM241B,0.014583004,0.0,0.0
FAM24A,0.002429186,0.0,0.0
FAM24B,0.017250383,0.0,0.0
FAM27E3,0.043911155,0.0,0.0
FAM32A,0.04358319,0.0,0.0
FAM3B,0.024690798,0.0,0.0
FAM3C,0.03448542,0.0,0.0
FAM43A,0.06365294,0.0,0.0
FAM50B,0.08563233,0.0,0.0
FAM53C,0.0959651,0.0,0.0
FAM66B,0.03370626,0.0,0.0
FAM66C,0.020944636,0.0,0.0
FAM72B,0.047959596,0.0,0.0
FAM72D,0.04133836,0.0,-1.0
FAM76A,0.027014012,0.0,0.0
FAM76B,0.039123606,0.0,0.0
FAM78A,0.116310254,0.0,0.0
FAM81A,0.025312865,0.0,0.0
FAM83A,0.16286215,0.0,0.0
FAM83B,0.03773035,0.0,-1.0
FAM83C,0.03114319,0.0,0.0
FAM83D,0.04840978,0.0,0.0
FAM83F,0.00060919585,0.0,0.0
FAM83G,0.061216723,0.0,0.0
FAM83H,0.057635844,0.0,-1.0
FAM86C1P,0.03457641,0.0,0.0
FAM89B,0.016192408,0.0,0.0
FAM90A1,0.047956582,0.0,0.0
FAM91A1,0.04706103,0.0,-1.0
FAM98A,0.042088654,0.0,0.0
FAM98B,0.0037024058,0.0,0.0
FAM98C,0.016913628,0.0,0.0
FAM99B,0.09697223,0.0,0.0
FAN1,0.3701891,0.0,0.0
FANCA,0.67738503,1.0,1.0
FANCB,0.21343106,0.0,-1.0
FANCC,0.3214517,0.0,1.0
FANCD2,0.5858552,1.0,1.0
FANCE,0.3303619,0.0,1.0
FANCF,0.27734604,0.0,1.0
FANCG,0.6625875,1.0,1.0
FANCI,0.2934464,0.0,-1.0
FANCL,0.3153362,0.0,1.0
FANCM,0.38005146,0.0,-1.0
FANK1,0.27112195,0.0,-1.0
FAP,0.24774994,0.0,0.0
FAR1,0.01755673,0.0,0.0
FARP2,0.072062984,0.0,0.0
FARS2,0.07179894,0.0,0.0
FARSA,0.09031574,0.0,0.0
FARSB,0.041224428,0.0,0.0
FAS,0.63079274,1.0,1.0
FASLG,0.7676089,1.0,-1.0
FASN,0.10262841,0.0,-1.0
FASTK,0.3950531,0.0,0.0
FASTKD1,0.035860926,0.0,0.0
FASTKD2,0.034573458,0.0,0.0
FASTKD5,0.25857097,0.0,0.0
FAT1,0.8536043,1.0,1.0
FAT2,0.48824373,0.0,-1.0
FAT3,0.7598165,1.0,1.0
FAT4,0.6618169,1.0,1.0
FATE1,0.15071633,0.0,0.0
FAU,0.029429695,0.0,-1.0
FAXDC2,0.010037257,0.0,0.0
FBF1,0.1431155,0.0,-1.0
FBH1,0.095554665,0.0,-1.0
FBL,0.2639828,0.0,0.0
FBLIM1,0.008478274,0.0,0.0
FBLL1,0.0042687813,0.0,0.0
FBLN1,0.4934008,0.0,-1.0
FBLN2,0.29592118,0.0,1.0
FBLN5,0.021408942,0.0,-1.0
FBN1,0.033397328,0.0,-1.0
FBN2,0.53881437,1.0,-1.0
FBP1,0.251095,0.0,-1.0
FBP2,0.12353349,0.0,0.0
FBRS,0.021326717,0.0,0.0
FBXL12,0.027672464,0.0,0.0
FBXL15,0.011569879,0.0,0.0
FBXL18,0.0559148,0.0,0.0
FBXL19,0.06260499,0.0,0.0
FBXL19-AS1,0.028217895,0.0,0.0
FBXL3,0.05255043,0.0,0.0
FBXL4,0.1144869,0.0,0.0
FBXL5,0.19966976,0.0,0.0
FBXL6,0.04915394,0.0,0.0
FBXL8,0.07019718,0.0,0.0
FBXO11,0.16253078,0.0,1.0
FBXO15,0.003587717,0.0,-1.0
FBXO16,0.11385338,0.0,0.0
FBXO17,0.027510898,0.0,0.0
FBXO2,0.26390862,0.0,0.0
FBXO21,0.039801173,0.0,0.0
FBXO22,0.04040109,0.0,0.0
FBXO24,0.0639372,0.0,0.0
FBXO27,0.058890447,0.0,0.0
FBXO28,0.04130093,0.0,-1.0
FBXO3,0.087353915,0.0,0.0
FBXO30,0.10600948,0.0,0.0
FBXO31,0.14394249,0.0,-1.0
FBXO32,0.07140927,0.0,-1.0
FBXO33,0.059206437,0.0,0.0
FBXO34,0.090892754,0.0,0.0
FBXO36,0.010488695,0.0,0.0
FBXO38,0.035700276,0.0,0.0
FBXO4,0.13272507,0.0,0.0
FBXO40,0.030007761,0.0,-1.0
FBXO42,0.24441436,0.0,0.0
FBXO44,0.030553203,0.0,0.0
FBXO45,0.054096624,0.0,0.0
FBXO46,0.026744287,0.0,0.0
FBXO48,0.022117946,0.0,0.0
FBXO5,0.25649038,0.0,-1.0
FBXO6,0.011542765,0.0,0.0
FBXO7,0.15609774,0.0,-1.0
FBXO8,0.15519652,0.0,0.0
FBXO9,0.03512965,0.0,-1.0
FBXW11,0.34060183,0.0,0.0
FBXW2,0.07919009,0.0,0.0
FBXW4,0.044619158,0.0,-1.0
FBXW4P1,0.11671602,0.0,0.0
FBXW5,0.21664421,0.0,-1.0
FBXW7,0.72454625,1.0,1.0
FBXW8,0.19115299,0.0,0.0
FBXW9,0.03896616,0.0,0.0
FCAR,0.042924765,0.0,0.0
FCER1A,0.0378256,0.0,-1.0
FCER1G,0.045047913,0.0,0.0
FCER2,0.3638162,0.0,-1.0
FCF1,0.025042389,0.0,-1.0
FCGR1A,0.046834182,0.0,-1.0
FCGR2A,0.31273443,0.0,-1.0
FCGR2B,0.28373206,0.0,1.0
FCGR3A,0.015668156,0.0,-1.0
FCGR3B,0.038471587,0.0,0.0
FCGRT,0.24802028,0.0,0.0
FCHO1,0.20426959,0.0,0.0
FCHO2,0.022310821,0.0,0.0
FCHSD1,0.12262447,0.0,0.0
FCHSD2,0.10894147,0.0,0.0
FCMR,0.21928835,0.0,0.0
FCN1,0.1453922,0.0,0.0
FCN2,0.0016011702,0.0,0.0
FCP1,0.0141431885,0.0,0.0
FCRL3,0.21818636,0.0,-1.0
FCRLA,0.24374896,0.0,0.0
FCSK,0.01878052,0.0,-1.0
FDFT1,0.16843842,0.0,0.0
FDPS,0.18585537,0.0,0.0
FDX1,0.024162149,0.0,-1.0
FDX2,0.019008342,0.0,0.0
FDXACB1,0.0029951802,0.0,0.0
FDXR,0.018747233,0.0,-1.0
FECH,0.026822016,0.0,-1.0
FEM1A,0.048665896,0.0,-1.0
FEM1B,0.092453115,0.0,0.0
FEM1C,0.06738925,0.0,0.0
FEN1,0.27486068,0.0,1.0
FER,0.14209566,0.0,0.0
FERMT2,0.0007037317,0.0,0.0
FERMT3,0.08766596,0.0,-1.0
FES,0.40290284,0.0,1.0
FEV,0.2624811,0.0,1.0
FEZ1,0.31890607,0.0,0.0
FEZ2,0.0668478,0.0,0.0
FEZF1,0.10770717,0.0,0.0
FEZF2,0.22247817,0.0,0.0
FFAR1,0.004169355,0.0,0.0
FFAR2,0.002980197,0.0,0.0
FGA,0.30680805,0.0,-1.0
FGB,0.47715905,0.0,-1.0
FGD1,0.06802171,0.0,-1.0
FGD2,0.18020532,0.0,0.0
FGD3,0.05118831,0.0,0.0
FGD6,0.06379873,0.0,0.0
FGF1,0.18321109,0.0,-1.0
FGF10,0.0018958342,0.0,-1.0
FGF12,0.13850173,0.0,-1.0
FGF13,0.019000063,0.0,-1.0
FGF18,0.021569317,0.0,-1.0
FGF19,0.33432662,0.0,1.0
FGF2,0.1039036,0.0,-1.0
FGF3,0.58205885,1.0,1.0
FGF7,0.022672141,0.0,-1.0
FGF8,0.13281389,0.0,-1.0
FGF9,0.37005082,0.0,-1.0
FGFBP1,0.032922048,0.0,-1.0
FGFBP2,0.03449661,0.0,0.0
FGFR1,0.53586537,1.0,1.0
FGFR1OP2,0.15356046,0.0,-1.0
FGFR2,0.5240314,1.0,1.0
FGFR3,0.82063484,1.0,1.0
FGFR4,0.46818236,0.0,1.0
FGG,0.3869619,0.0,-1.0
FGGY,0.028357683,0.0,-1.0
FGL1,0.1434468,0.0,0.0
FGR,0.55330664,1.0,-1.0
FH,0.29967752,0.0,1.0
FHIP1B,0.17428666,0.0,0.0
FHIP2A,0.022049893,0.0,0.0
FHIT,0.11556048,0.0,1.0
FHL1,0.12384693,0.0,-1.0
FHL2,0.5007135,1.0,-1.0
FHL3,0.41298598,0.0,0.0
FHL5,0.05530972,0.0,0.0
FHOD1,0.37778497,0.0,-1.0
FIBCD1,0.13643828,0.0,0.0
FIBP,0.060816664,0.0,0.0
FICD,0.025726702,0.0,0.0
FIG4,0.16509977,0.0,-1.0
FIGNL1,0.03765401,0.0,-1.0
FILIP1,0.27300984,0.0,0.0
FILIP1L,0.11213934,0.0,-1.0
FIP1L1,0.2681989,0.0,1.0
FIS1,0.011773015,0.0,0.0
FITM1,0.0077364794,0.0,0.0
FITM2,0.010906087,0.0,0.0
FIZ1,0.012285547,0.0,-1.0
FJX1,0.04941504,0.0,0.0
FKBP10,0.08888484,0.0,-1.0
FKBP11,0.022752559,0.0,0.0
FKBP14,0.03228151,0.0,0.0
FKBP1A,0.337163,0.0,0.0
FKBP1B,0.27408236,0.0,0.0
FKBP2,0.20426343,0.0,0.0
FKBP3,0.17898321,0.0,0.0
FKBP4,0.2534169,0.0,0.0
FKBP5,0.2707291,0.0,-1.0
FKBP6,0.07024242,0.0,0.0
FKBP7,0.067926124,0.0,0.0
FKBP8,0.21277066,0.0,-1.0
FKBPL,0.093112715,0.0,0.0
FKTN,0.028296372,0.0,-1.0
FLACC1,0.09147396,0.0,0.0
FLAD1,0.06793787,0.0,0.0
FLCN,0.16900675,0.0,1.0
FLG,0.446036,0.0,-1.0
FLI1,0.39215606,0.0,1.0
FLII,0.11625668,0.0,-1.0
FLNA,0.82666665,1.0,1.0
FLNB,0.4861415,0.0,-1.0
FLNC,0.41793066,0.0,-1.0
FLOT1,0.35442257,0.0,0.0
FLOT2,0.100878775,0.0,0.0
FLRT2,0.025620889,0.0,-1.0
FLRT3,0.029973306,0.0,0.0
FLT1,0.46796262,0.0,1.0
FLT3,0.2660474,0.0,1.0
FLT3LG,0.037909903,0.0,-1.0
FLT4,0.16411683,0.0,1.0
FLVCR1,0.12918681,0.0,0.0
FLVCR1-DT,0.020590086,0.0,0.0
FLYWCH1,0.05756994,0.0,-1.0
FMC1,0.07248698,0.0,0.0
FMN1,0.16293511,0.0,0.0
FMNL1,0.21969602,0.0,-1.0
FMNL2,0.105471425,0.0,-1.0
FMNL3,0.07313284,0.0,-1.0
FMOD,0.042641692,0.0,-1.0
FMR1,0.20542558,0.0,-1.0
FN1,0.68164533,1.0,-1.0
FN3K,0.018874351,0.0,0.0
FN3KRP,0.000588961,0.0,-1.0
FNBP1,0.413554,0.0,-1.0
FNBP1L,0.16874123,0.0,-1.0
FNBP4,0.10354909,0.0,-1.0
FNDC11,0.0351334,0.0,0.0
FNDC3A,0.034413394,0.0,0.0
FNDC5,0.08498395,0.0,0.0
FNIP1,0.16243164,0.0,-1.0
FNTA,0.21589991,0.0,0.0
FNTB,0.09012651,0.0,0.0
FOLH1,0.008734776,0.0,-1.0
FOS,0.709738,1.0,-1.0
FOSB,0.105268836,0.0,-1.0
FOSL1,0.43916118,0.0,-1.0
FOSL2,0.434649,0.0,-1.0
FOXA1,0.93493986,1.0,1.0
FOXA2,0.9089701,1.0,-1.0
FOXA3,0.1985329,0.0,0.0
FOXB1,0.13629851,0.0,0.0
FOXB2,0.10222865,0.0,-1.0
FOXC1,0.16330965,0.0,-1.0
FOXC2,0.1522784,0.0,-1.0
FOXD1,0.008293454,0.0,0.0
FOXD2,0.12236446,0.0,0.0
FOXD2-AS1,0.081732765,0.0,0.0
FOXD3,0.08171342,0.0,0.0
FOXD4L1,0.062311977,0.0,0.0
FOXE1,0.07225745,0.0,-1.0
FOXF1,0.19674776,0.0,1.0
FOXF2,0.17358455,0.0,0.0
FOXG1,0.3177337,0.0,-1.0
FOXH1,0.2138457,0.0,0.0
FOXI1,0.054942936,0.0,0.0
FOXJ1,0.13036646,0.0,-1.0
FOXJ3,0.081167705,0.0,0.0
FOXK1,0.1989777,0.0,-1.0
FOXK2,0.09609643,0.0,-1.0
FOXL1,0.17938127,0.0,-1.0
FOXL2,0.24326757,0.0,1.0
FOXL2NB,0.05958517,0.0,0.0
FOXM1,0.36216244,0.0,-1.0
FOXN2,0.08699974,0.0,0.0
FOXN3,0.2906151,0.0,0.0
FOXO1,0.58191216,1.0,1.0
FOXO3,0.66249424,1.0,1.0
FOXO4,0.4367057,0.0,1.0
FOXP1,0.27054936,0.0,1.0
FOXP2,0.22478735,0.0,-1.0
FOXP3,0.3210773,0.0,-1.0
FOXP4,0.20568028,0.0,0.0
FOXQ1,0.008124487,0.0,-1.0
FOXR1,0.06308458,0.0,1.0
FOXRED2,0.09791897,0.0,0.0
FOXS1,0.071173154,0.0,0.0
FPGS,0.060872685,0.0,0.0
FPGT,0.020339897,0.0,0.0
FPR3,0.029821936,0.0,0.0
FRA10AC1,0.006170574,0.0,-1.0
FRA10F,0.0133180395,0.0,0.0
FRAT1,0.14229497,0.0,-1.0
FRAT2,0.055472814,0.0,-1.0
FREM1,0.0672614,0.0,0.0
FREM2,0.19283359,0.0,-1.0
FRG1,0.045816768,0.0,-1.0
FRG1BP,0.070835024,0.0,0.0
FRG2C,0.025892748,0.0,0.0
FRK,0.36026517,0.0,0.0
FRMD1,0.0056947884,0.0,0.0
FRMD4A,0.05756059,0.0,0.0
FRMD5,0.03613006,0.0,0.0
FRMD6,0.19629729,0.0,0.0
FRMD8,0.023981512,0.0,-1.0
FRS2,0.34135255,0.0,-1.0
FRS3,0.055292737,0.0,0.0
FRY,0.09301697,0.0,0.0
FRYL,0.21910368,0.0,-1.0
FRZB,0.17984268,0.0,-1.0
FSCN1,0.18252006,0.0,-1.0
FSCN2,0.0006652308,0.0,-1.0
FSD1,0.028652882,0.0,0.0
FSD2,0.081366785,0.0,0.0
FSHB,0.00065648573,0.0,0.0
FSHR,0.14822191,0.0,-1.0
FSIP1,0.14425327,0.0,-1.0
FSIP2,0.11961373,0.0,-1.0
FST,0.16830376,0.0,-1.0
FSTL3,0.6533507,1.0,1.0
FSTL5,0.2333248,0.0,-1.0
FTCD,0.091447495,0.0,-1.0
FTH1,0.28470656,0.0,-1.0
FTL,0.15112601,0.0,-1.0
FTO,0.025211412,0.0,-1.0
FTSJ1,0.0132983485,0.0,-1.0
FTSJ3,0.020220121,0.0,0.0
FUBP1,0.18156022,0.0,1.0
FUBP3,0.036503963,0.0,-1.0
FUCA1,0.09623732,0.0,-1.0
FUNDC2,0.103151806,0.0,0.0
FUNDC2P2,0.08506378,0.0,0.0
FURIN,0.44841632,0.0,1.0
FUS,0.26459357,0.0,1.0
FUT10,0.1209099,0.0,0.0
FUT4,0.037993766,0.0,0.0
FUT5,0.07576414,0.0,0.0
FUT7,0.06048483,0.0,0.0
FUT8,0.0023834738,0.0,-1.0
FUZ,0.006479865,0.0,0.0
FXN,0.02778625,0.0,-1.0
FXR1,0.16784613,0.0,-1.0
FXR2,0.25240317,0.0,0.0
FXYD1,0.026263421,0.0,0.0
FXYD2,0.03340722,0.0,0.0
FXYD3,0.070217445,0.0,-1.0
FXYD6,0.0638961,0.0,0.0
FXYD7,0.057083122,0.0,0.0
FYB1,0.0930981,0.0,0.0
FYB2,0.017582485,0.0,-1.0
FYCO1,0.2292951,0.0,0.0
FYN,0.875004,1.0,1.0
FZD1,0.013949524,0.0,-1.0
FZD2,0.030632157,0.0,-1.0
FZD3,0.15964383,0.0,-1.0
FZD4,0.053784378,0.0,-1.0
FZD5,0.06507946,0.0,-1.0
FZD6,0.7970466,1.0,-1.0
FZD7,0.061678097,0.0,-1.0
FZD8,0.30677688,0.0,-1.0
FZD9,0.08332826,0.0,-1.0
FZR1,0.5116434,1.0,0.0
G0S2,0.060616303,0.0,0.0
G2E3,0.05322561,0.0,-1.0
G3BP1,0.33739623,0.0,-1.0
G3BP2,0.14097665,0.0,-1.0
G6PC1,0.1356727,0.0,-1.0
G6PC2,0.104083546,0.0,0.0
G6PC3,0.035270724,0.0,-1.0
G6PD,0.12721689,0.0,-1.0
GAA,0.038518067,0.0,-1.0
GAB1,0.41345054,0.0,1.0
GAB2,0.6589708,1.0,1.0
GAB3,0.28143597,0.0,-1.0
GABARAP,0.09547227,0.0,-1.0
GABARAPL1,0.23874901,0.0,-1.0
GABARAPL2,0.13332585,0.0,-1.0
GABBR1,0.019722223,0.0,0.0
GABBR2,0.09099563,0.0,0.0
GABPA,0.0046356814,0.0,0.0
GABPB1,0.118296415,0.0,-1.0
GABPB1-IT1,0.03103889,0.0,0.0
GABPB2,0.09168167,0.0,0.0
GABRA1,0.026044441,0.0,-1.0
GABRA4,0.17029403,0.0,0.0
GABRA5,0.026764438,0.0,0.0
GABRB2,0.018539354,0.0,-1.0
GABRB3,0.16084465,0.0,-1.0
GABRD,0.043930195,0.0,-1.0
GABRG2,0.10005015,0.0,-1.0
GABRR3,0.0021558376,0.0,0.0
GAD1,0.15456583,0.0,-1.0
GAD2,0.16824833,0.0,0.0
GADD45A,0.33884045,0.0,-1.0
GADD45B,0.23520705,0.0,-1.0
GADD45G,0.31861985,0.0,-1.0
GADD45GIP1,0.13893579,0.0,-1.0
GAGE2E,1.2456866e-05,0.0,0.0
GAGE5,1.1755504e-05,0.0,0.0
GAK,0.43029246,0.0,-1.0
GAL3ST1,0.10813387,0.0,-1.0
GAL3ST4,0.051574748,0.0,0.0
GALC,0.0068698227,0.0,-1.0
GALE,0.018299779,0.0,-1.0
GALK1,0.063645266,0.0,-1.0
GALK2,0.051158603,0.0,0.0
GALM,0.22408356,0.0,0.0
GALNS,0.04608517,0.0,-1.0
GALNT10,0.032731347,0.0,0.0
GALNT12,0.43387985,0.0,-1.0
GALNT14,0.11630569,0.0,0.0
GALNT2,0.0046359324,0.0,0.0
GALNT4,0.12637863,0.0,0.0
GALNT5,0.18152884,0.0,-1.0
GALR1,0.0060445224,0.0,0.0
GALT,0.22310142,0.0,-1.0
GAMT,0.16757022,0.0,0.0
GAN,0.25142667,0.0,-1.0
GANAB,0.27691945,0.0,0.0
GANC,0.09010715,0.0,0.0
GAP43,0.15900974,0.0,0.0
GAPDH,0.61439806,1.0,-1.0
GAPDHS,0.16159968,0.0,0.0
GAPT,0.044498228,0.0,0.0
GAPVD1,0.07793533,0.0,0.0
GAR1,0.1033792,0.0,0.0
GAREM1,0.015541729,0.0,0.0
GARIN6,0.017540378,0.0,0.0
GARS1,0.070222564,0.0,-1.0
GART,0.1095806,0.0,-1.0
GAS1,0.003225534,0.0,-1.0
GAS2,0.09450476,0.0,0.0
GAS2L3,0.19083752,0.0,0.0
GAS5,0.085800484,0.0,-1.0
GAS6,0.12886097,0.0,-1.0
GAS7,0.3862184,0.0,1.0
GAS8,0.09284587,0.0,0.0
GAS8-AS1,0.020667462,0.0,0.0
GASK1A,0.004659628,0.0,0.0
GASK1B,0.020888755,0.0,0.0
GAST,0.020365162,0.0,-1.0
GATA1,0.5758849,1.0,1.0
GATA2,0.90208167,1.0,1.0
GATA3,0.7007156,1.0,1.0
GATA4,0.68453497,1.0,-1.0
GATA5,0.45827317,0.0,0.0
GATA6,0.37011075,0.0,-1.0
GATAD1,0.041967697,0.0,-1.0
GATAD2A,0.19743189,0.0,0.0
GATAD2B,0.4151014,0.0,0.0
GATB,0.020774506,0.0,0.0
GATC,0.035223287,0.0,0.0
GATD1,0.020146025,0.0,0.0
GATD3,0.036251947,0.0,-1.0
GATM,0.09176493,0.0,-1.0
GBA,0.11796973,0.0,-1.0
GBA2,0.018458135,0.0,0.0
GBAP1,0.15659995,0.0,0.0
GBE1,0.2875168,0.0,-1.0
GBF1,0.08568436,0.0,0.0
GBP2,0.20394614,0.0,0.0
GBP3,0.0060640224,0.0,0.0
GBX1,0.010172875,0.0,0.0
GBX2,0.2213327,0.0,0.0
GC,0.09157756,0.0,0.0
GCA,0.03268798,0.0,0.0
GCAT,0.0732277,0.0,0.0
GCC1,0.1386298,0.0,0.0
GCC2,0.053216718,0.0,-1.0
GCDH,0.08358296,0.0,-1.0
GCG,0.052195467,0.0,0.0
GCGR,0.00095182715,0.0,0.0
GCH1,0.15126361,0.0,-1.0
GCHFR,0.034646377,0.0,0.0
GCK,0.087980874,0.0,-1.0
GCKR,0.097452745,0.0,-1.0
GCLC,0.07803397,0.0,-1.0
GCLM,0.048968896,0.0,0.0
GCM1,0.36908552,0.0,0.0
GCN1,0.20060341,0.0,0.0
GCNA,0.059086274,0.0,0.0
GCNT1,0.007436435,0.0,0.0
GCNT2,0.03827283,0.0,0.0
GCOM1,0.0127623305,0.0,0.0
GCSAM,0.091078445,0.0,0.0
GCSH,0.14297293,0.0,-1.0
GDA,0.10298737,0.0,0.0
GDAP1,0.026869206,0.0,-1.0
GDAP1L1,0.0005884974,0.0,0.0
GDE1,0.08184581,0.0,0.0
GDF1,0.07483772,0.0,-1.0
GDF11,0.10860187,0.0,0.0
GDF15,0.09343496,0.0,-1.0
GDF2,0.02488631,0.0,0.0
GDF5,0.15697005,0.0,-1.0
GDF6,0.1406598,0.0,-1.0
GDF7,0.15752494,0.0,0.0
GDF9,0.33772042,0.0,0.0
GDI1,0.16090637,0.0,-1.0
GDI2,0.10718946,0.0,0.0
GDI2P1,0.0697383,0.0,0.0
GDNF,0.022420187,0.0,-1.0
GDPD2,0.012197798,0.0,0.0
GEM,0.39198688,0.0,0.0
GEMIN2,0.11591828,0.0,0.0
GEMIN4,0.18364376,0.0,0.0
GEMIN5,0.05138859,0.0,0.0
GEMIN6,0.04118649,0.0,0.0
GEMIN7,0.091844685,0.0,0.0
GEMIN8,0.03240908,0.0,0.0
GEMIN8P4,0.009159469,0.0,0.0
GEN1,0.06435214,0.0,-1.0
GET3,0.083962224,0.0,0.0
GET4,0.22347265,0.0,0.0
GFAP,0.43525854,0.0,-1.0
GFER,0.1002108,0.0,-1.0
GFI1,0.4910352,0.0,-1.0
GFI1B,0.21495081,0.0,-1.0
GFM1,0.03710219,0.0,-1.0
GFM2,0.040627155,0.0,0.0
GFPT1,0.057713848,0.0,0.0
GFPT2,0.04147539,0.0,0.0
GFRA1,0.013002524,0.0,-1.0
GFRA2,0.16556492,0.0,0.0
GFRA3,0.019970575,0.0,0.0
GFRA4,7.871572e-06,0.0,0.0
GFUS,0.02310062,0.0,0.0
GGA1,0.14883627,0.0,-1.0
GGA2,0.15314096,0.0,0.0
GGA3,0.12543811,0.0,-1.0
GGCT,0.01169156,0.0,-1.0
GGCX,0.018453367,0.0,-1.0
GGH,0.06700301,0.0,-1.0
GGNBP1,0.02881641,0.0,0.0
GGPS1,0.14616641,0.0,0.0
GGT5,0.038176402,0.0,0.0
GGT7,0.018937388,0.0,0.0
GH1,0.18183878,0.0,-1.0
GHDC,0.014439314,0.0,0.0
GHITM,0.018885892,0.0,0.0
GHR,0.71300244,1.0,-1.0
GHRL,0.0066734785,0.0,-1.0
GID4,0.011935305,0.0,-1.0
GID8,0.031806428,0.0,0.0
GIGYF1,0.089672595,0.0,0.0
GIGYF2,0.36808956,0.0,-1.0
GIMAP5,0.035924498,0.0,0.0
GIN1,0.03881128,0.0,0.0
GINS2,0.094805874,0.0,0.0
GINS3,0.03075196,0.0,0.0
GINS4,0.05024281,0.0,0.0
GIP,0.0045567495,0.0,-1.0
GIPC1,0.24571976,0.0,0.0
GIPC2,0.11017579,0.0,0.0
GIPR,0.049844626,0.0,0.0
GIT1,0.62933266,1.0,0.0
GIT2,0.24311681,0.0,0.0
GJA1,0.37743032,0.0,-1.0
GJA10,0.025656877,0.0,0.0
GJA3,0.17036174,0.0,-1.0
GJA5,0.23153718,0.0,-1.0
GJA8,0.27184927,0.0,0.0
GJB1,0.12303037,0.0,-1.0
GJB2,0.006940675,0.0,-1.0
GJD2,0.0025264325,0.0,0.0
GJD3,0.074480504,0.0,0.0
GK2,0.10093763,0.0,0.0
GKAP1,0.041265808,0.0,0.0
GLA,0.11718135,0.0,-1.0
GLB1,0.27353063,0.0,-1.0
GLB1L,0.04485336,0.0,0.0
GLCE,0.03961394,0.0,0.0
GLDC,0.14884503,0.0,-1.0
GLE1,0.10202815,0.0,-1.0
GLG1,0.22258677,0.0,0.0
GLI1,0.36957318,0.0,1.0
GLI2,0.2847321,0.0,-1.0
GLI3,0.4059821,0.0,-1.0
GLI4,0.015122944,0.0,-1.0
GLIDR,0.019415908,0.0,0.0
GLIPR1L1,0.024115842,0.0,0.0
GLIPR1L2,0.109043546,0.0,-1.0
GLIS1,0.13960008,0.0,0.0
GLIS2,0.28384086,0.0,-1.0
GLIS3,0.18723848,0.0,-1.0
GLIS3-AS1,0.0191116,0.0,0.0
GLMN,0.107377365,0.0,-1.0
GLMP,0.011935305,0.0,0.0
GLO1,0.07067103,0.0,0.0
GLOD4,0.0048161503,0.0,0.0
GLP1R,0.07031121,0.0,0.0
GLP2R,0.02400329,0.0,0.0
GLRA1,0.0026841774,0.0,-1.0
GLRA2,0.10936098,0.0,0.0
GLRA3,0.009937038,0.0,-1.0
GLRB,0.043482732,0.0,-1.0
GLRX,0.025185328,0.0,0.0
GLRX2,0.105343595,0.0,0.0
GLRX3,0.08190202,0.0,0.0
GLRX5,0.07903338,0.0,0.0
GLS,0.07908775,0.0,-1.0
GLS2,0.07044911,0.0,-1.0
GLT6D1,0.0066748117,0.0,0.0
GLT8D1,0.005163732,0.0,0.0
GLTP,0.0278239,0.0,0.0
GLUD1,0.060965735,0.0,-1.0
GLUD2,0.06859304,0.0,0.0
GLUL,0.14013046,0.0,0.0
GLYAT,0.031168833,0.0,-1.0
GLYATL3,0.013703095,0.0,0.0
GLYCTK,0.048651803,0.0,0.0
GLYR1,0.04276514,0.0,-1.0
GM2A,0.031664535,0.0,-1.0
GMCL1,0.060771003,0.0,0.0
GMCL2,1.8020679e-06,0.0,0.0
GMDS,0.15071134,0.0,0.0
GMEB1,0.07661464,0.0,0.0
GMEB2,0.004516717,0.0,0.0
GMFB,0.022224637,0.0,-1.0
GMIP,0.580811,1.0,0.0
GMNN,0.1616251,0.0,0.0
GMPPA,0.11497258,0.0,0.0
GMPPB,0.15527298,0.0,0.0
GMPR,0.20371164,0.0,0.0
GMPR2,0.17776757,0.0,0.0
GMPS,0.08848174,0.0,-1.0
GNA11,0.114114136,0.0,1.0
GNA12,0.4988497,0.0,1.0
GNA13,0.5486581,1.0,1.0
GNA15,0.090568,0.0,-1.0
GNAI1,0.40000802,0.0,-1.0
GNAI2,0.19527465,0.0,-1.0
GNAI3,0.3101463,0.0,-1.0
GNAL,0.123297974,0.0,0.0
GNAO1,0.26976895,0.0,0.0
GNAQ,0.4273806,0.0,1.0
GNAS,0.33647195,0.0,1.0
GNAS-AS1,0.017499201,0.0,0.0
GNAT1,0.023079434,0.0,-1.0
GNAT3,0.012298302,0.0,0.0
GNAZ,0.20314029,0.0,0.0
GNB1,0.014555662,0.0,1.0
GNB1L,0.12226582,0.0,0.0
GNB2,0.04109594,0.0,-1.0
GNB3,0.041733835,0.0,-1.0
GNB4,0.015027439,0.0,-1.0
GNB5,0.05345928,0.0,-1.0
GNE,0.07397227,0.0,-1.0
GNG10,0.01570289,0.0,-1.0
GNG11,0.072284564,0.0,-1.0
GNG12,0.014411328,0.0,-1.0
GNG13,0.016334275,0.0,-1.0
GNG3,0.060605578,0.0,-1.0
GNG4,0.0839519,0.0,-1.0
GNG5,0.040904183,0.0,-1.0
GNG7,0.07166092,0.0,-1.0
GNGT1,0.026951702,0.0,-1.0
GNGT2,0.05182808,0.0,-1.0
GNL2,0.08758373,0.0,0.0
GNL3,0.15642764,0.0,0.0
GNL3L,0.22670352,0.0,0.0
GNMT,0.07798599,0.0,0.0
GNPAT,0.12569107,0.0,-1.0
GNPDA1,0.05006642,0.0,0.0
GNPDA2,0.03766624,0.0,0.0
GNPNAT1,0.026084611,0.0,0.0
GNPTAB,0.2693507,0.0,-1.0
GNPTG,0.034824926,0.0,-1.0
GNRH1,0.0409817,0.0,0.0
GNS,0.04597626,0.0,-1.0
GOLGA1,0.032969594,0.0,0.0
GOLGA2,0.18577309,0.0,-1.0
GOLGA3,0.13335085,0.0,0.0
GOLGA4,0.039896026,0.0,0.0
GOLGA5,0.38188857,0.0,1.0
GOLGA6L5P,0.014117389,0.0,0.0
GOLGA7,0.09855243,0.0,0.0
GOLGA7B,0.008266186,0.0,0.0
GOLGB1,0.04938392,0.0,-1.0
GOLIM4,0.039905168,0.0,0.0
GOLM1,0.093343265,0.0,0.0
GOLM2,0.081397556,0.0,0.0
GOLPH3,0.032095462,0.0,0.0
GOLPH3L,0.071180776,0.0,0.0
GOLT1A,0.056783587,0.0,0.0
GOLT1B,0.036409885,0.0,0.0
GOPC,0.1509218,0.0,1.0
GORAB,0.04713813,0.0,0.0
GORASP1,0.040367402,0.0,-1.0
GORASP2,0.15019448,0.0,0.0
GOSR1,0.10006609,0.0,0.0
GOSR2,0.019228121,0.0,-1.0
GOT1,0.08409659,0.0,-1.0
GOT2,0.0802838,0.0,-1.0
GP1BA,0.011005461,0.0,0.0
GP1BB,0.19352315,0.0,-1.0
GP5,0.0011202664,0.0,0.0
GP6,0.1279071,0.0,0.0
GPAA1,0.07744571,0.0,0.0
GPAM,0.12613946,0.0,-1.0
GPANK1,0.09349754,0.0,0.0
GPAT4,0.05462669,0.0,-1.0
GPATCH1,0.031516783,0.0,0.0
GPATCH11,0.008006804,0.0,0.0
GPATCH2,0.079679154,0.0,0.0
GPATCH2L,0.014194429,0.0,0.0
GPATCH3,0.08919979,0.0,0.0
GPATCH4,0.05838761,0.0,-1.0
GPATCH8,0.028681189,0.0,-1.0
GPBP1,0.1773498,0.0,0.0
GPBP1L1,0.33108577,0.0,0.0
GPC1,0.2753334,0.0,-1.0
GPC3,0.017920945,0.0,1.0
GPC4,0.03227721,0.0,0.0
GPC5,0.13798365,0.0,1.0
GPC6,0.085131355,0.0,-1.0
GPD1,0.1646743,0.0,0.0
GPD1L,0.14171721,0.0,-1.0
GPD2,0.13825351,0.0,0.0
GPER1,0.04437225,0.0,-1.0
GPHN,0.1285626,0.0,1.0
GPI,0.21291366,0.0,-1.0
GPIHBP1,0.071361735,0.0,0.0
GPKOW,0.058109105,0.0,0.0
GPLD1,0.14191706,0.0,0.0
GPM6B,0.11690283,0.0,0.0
GPN1,0.29089463,0.0,-1.0
GPN3,0.07613037,0.0,0.0
GPR108,0.08884582,0.0,0.0
GPR132,0.18081993,0.0,0.0
GPR135,0.031108428,0.0,0.0
GPR143,0.08347342,0.0,-1.0
GPR15,0.099226765,0.0,0.0
GPR153,0.0019849667,0.0,0.0
GPR156,0.027266888,0.0,0.0
GPR158,0.15257916,0.0,0.0
GPR160,0.070374034,0.0,0.0
GPR162,0.028967774,0.0,0.0
GPR171,0.048947055,0.0,0.0
GPR18,0.038493272,0.0,0.0
GPR180,0.014891723,0.0,0.0
GPR183,0.07356827,0.0,-1.0
GPR19,0.03853355,0.0,0.0
GPR25,0.03749369,0.0,0.0
GPR26,0.029883321,0.0,0.0
GPR3,0.028581014,0.0,0.0
GPR31,0.002122825,0.0,0.0
GPR37,0.23558374,0.0,0.0
GPR37L1,0.08601181,0.0,0.0
GPR55,0.020932812,0.0,0.0
GPR6,0.13974763,0.0,0.0
GPR61,0.020615488,0.0,0.0
GPR68,0.008723441,0.0,-1.0
GPR78,0.0052063,0.0,0.0
GPR84,0.06673917,0.0,0.0
GPRASP1,0.32719398,0.0,0.0
GPRASP2,0.2274892,0.0,0.0
GPRC5A,0.12795155,0.0,-1.0
GPRC5B,0.06329899,0.0,0.0
GPRC5C,0.036631163,0.0,0.0
GPRIN1,0.0061271614,0.0,-1.0
GPRIN2,0.16140176,0.0,-1.0
GPS1,0.07881267,0.0,-1.0
GPS2,0.27876812,0.0,1.0
GPSM1,0.04961115,0.0,0.0
GPSM2,0.17167903,0.0,0.0
GPSM3,0.08065001,0.0,0.0
GPT,0.028311405,0.0,0.0
GPT2,0.035452172,0.0,0.0
GPX1,0.01953571,0.0,-1.0
GPX2,0.015424538,0.0,0.0
GPX3,0.014554389,0.0,-1.0
GPX4,0.020874199,0.0,0.0
GPX6,0.014554389,0.0,0.0
GPX7,0.014944095,0.0,0.0
GPX8,0.020759,0.0,0.0
GRAMD1A,0.083012186,0.0,0.0
GRAMD1C,0.08022286,0.0,0.0
GRAMD4,0.008267053,0.0,0.0
GRAP,0.60350645,1.0,0.0
GRAP2,0.51381826,1.0,0.0
GRB10,0.5229652,1.0,-1.0
GRB14,0.19238143,0.0,0.0
GRB2,0.87754047,1.0,-1.0
GRB7,0.43745467,0.0,0.0
GREB1,0.11917711,0.0,-1.0
GRHL1,0.070031285,0.0,0.0
GRHL2,0.0006027458,0.0,-1.0
GRHL3,0.0017669231,0.0,0.0
GRHPR,0.07187165,0.0,-1.0
GRIA1,0.6081308,1.0,0.0
GRIA2,0.47278792,0.0,-1.0
GRIA3,0.1563289,0.0,-1.0
GRIA4,0.27885324,0.0,0.0
GRID2,0.36200717,0.0,0.0
GRID2IP,0.042178635,0.0,0.0
GRIK1,0.14743167,0.0,0.0
GRIK2,0.42606843,0.0,-1.0
GRIK3,0.29212663,0.0,-1.0
GRIK5,0.44801593,0.0,-1.0
GRIN1,0.2997363,0.0,-1.0
GRIN2A,0.43245885,0.0,1.0
GRIN2B,0.6043384,1.0,-1.0
GRIN2C,0.09799742,0.0,0.0
GRIN2D,0.03400329,0.0,-1.0
GRIN3A,0.19150974,0.0,0.0
GRIN3B,0.36114213,0.0,0.0
GRINA,0.023992946,0.0,0.0
GRIP1,0.75710124,1.0,0.0
GRIP2,0.29573452,0.0,0.0
GRIPAP1,0.10929971,0.0,0.0
GRK1,0.04648719,0.0,0.0
GRK2,0.41647726,0.0,0.0
GRK3,0.30466655,0.0,0.0
GRK4,0.09311517,0.0,0.0
GRK5,0.5244339,1.0,0.0
GRK6,0.32492036,0.0,0.0
GRM1,0.11780443,0.0,-1.0
GRM2,0.03661366,0.0,0.0
GRM3,0.17768437,0.0,1.0
GRM4,0.035077997,0.0,0.0
GRM7,0.17731221,0.0,0.0
GRN,0.081478246,0.0,-1.0
GRPEL1,0.027618775,0.0,0.0
GRPEL2,0.0141078485,0.0,0.0
GRPR,0.043680917,0.0,-1.0
GRSF1,0.009353297,0.0,-1.0
GRWD1,0.15104438,0.0,0.0
GSC,0.04916056,0.0,0.0
GSDMC,0.099969916,0.0,-1.0
GSDMD,0.101657376,0.0,0.0
GSDME,0.025459528,0.0,-1.0
GSE1,0.17371845,0.0,-1.0
GSG1,0.09070971,0.0,0.0
GSK3A,0.3180714,0.0,-1.0
GSK3B,0.7005276,1.0,1.0
GSKIP,0.0157383,0.0,-1.0
GSN,0.50993353,1.0,-1.0
GSPT1,0.10508021,0.0,-1.0
GSPT2,0.039721288,0.0,0.0
GSR,0.028617468,0.0,0.0
GSS,0.019486643,0.0,0.0
GSTA1,0.009973245,0.0,-1.0
GSTA2,0.014462036,0.0,-1.0
GSTA3,0.00968078,0.0,-1.0
GSTA4,0.014526525,0.0,-1.0
GSTCD,0.0049757166,0.0,0.0
GSTK1,0.07653132,0.0,0.0
GSTM1,0.010957649,0.0,-1.0
GSTM2,0.00968078,0.0,-1.0
GSTM3,0.01200243,0.0,-1.0
GSTM4,0.021605952,0.0,-1.0
GSTM5,0.00968078,0.0,-1.0
GSTO1,0.1011771,0.0,-1.0
GSTO2,0.00968078,0.0,-1.0
GSTP1,0.017686084,0.0,-1.0
GSTT1,0.00968078,0.0,-1.0
GSTT2B,0.00968078,0.0,-1.0
GSTZ1,0.010677909,0.0,0.0
GSX1,0.071986884,0.0,0.0
GSX2,0.068933465,0.0,0.0
GTF2A1,0.31983247,0.0,-1.0
GTF2A1L,0.35167575,0.0,0.0
GTF2A2,0.12991023,0.0,0.0
GTF2B,0.5913937,1.0,-1.0
GTF2E1,0.34238783,0.0,0.0
GTF2E2,0.32028383,0.0,0.0
GTF2F1,0.49845946,0.0,0.0
GTF2F2,0.3158367,0.0,0.0
GTF2H1,0.3424304,0.0,-1.0
GTF2H2,0.06873971,0.0,0.0
GTF2H3,0.0389891,0.0,0.0
GTF2H4,0.11914475,0.0,0.0
GTF2H5,0.037775747,0.0,-1.0
GTF2I,0.42658737,0.0,1.0
GTF2IRD1,0.1765223,0.0,0.0
GTF2IRD2,0.079472415,0.0,0.0
GTF3A,0.07571984,0.0,0.0
GTF3C1,0.2803164,0.0,0.0
GTF3C2,0.18167797,0.0,0.0
GTF3C3,0.23356459,0.0,0.0
GTF3C4,0.16305245,0.0,0.0
GTF3C5,0.25007012,0.0,0.0
GTF3C6,0.08613562,0.0,0.0
GTPBP1,0.081364386,0.0,0.0
GTPBP10,0.015729615,0.0,0.0
GTPBP2,0.09018538,0.0,0.0
GTPBP3,0.0812382,0.0,0.0
GTPBP4,0.11716395,0.0,0.0
GTPBP6,0.019061124,0.0,0.0
GTSE1,0.06569249,0.0,-1.0
GTSF1,0.015364203,0.0,0.0
GTSF1L,0.0324852,0.0,0.0
GUCA1B,0.046474427,0.0,-1.0
GUCA2A,0.003969132,0.0,0.0
GUCY1A1,0.106199384,0.0,0.0
GUCY1A2,0.23410742,0.0,-1.0
GUCY1B1,0.1950688,0.0,0.0
GUCY2C,0.082863,0.0,-1.0
GUCY2EP,0.035832547,0.0,0.0
GUCY2F,0.03696663,0.0,0.0
GUK1,0.19493364,0.0,0.0
GULP1,0.109111875,0.0,0.0
GUSB,0.0034925134,0.0,-1.0
GUSBP1,0.021021292,0.0,0.0
GUSBP2,0.008470637,0.0,0.0
GUSBP4,0.014583004,0.0,0.0
GXYLT1,0.047631126,0.0,-1.0
GYG1,0.1240262,0.0,0.0
GYG2,0.07372163,0.0,0.0
GYPA,0.03964168,0.0,0.0
GYPB,0.03344165,0.0,0.0
GYPC,0.022989191,0.0,-1.0
GYPE,0.048828226,0.0,0.0
GYS1,0.1927675,0.0,-1.0
GYS2,0.12084429,0.0,-1.0
GZF1,0.032535005,0.0,0.0
GZMA,0.09975273,0.0,-1.0
GZMB,0.06424896,0.0,-1.0
H1-0,0.16813648,0.0,0.0
H1-1,0.4916343,0.0,0.0
H1-10,0.1770311,0.0,0.0
H1-2,0.46845603,0.0,-1.0
H1-3,0.214258,0.0,1.0
H1-4,0.30115512,0.0,1.0
H1-5,0.24112594,0.0,1.0
H1-6,0.092619754,0.0,0.0
H1-8,0.039251752,0.0,-1.0
H19,0.009958642,0.0,-1.0
H2AC1,0.14837389,0.0,0.0
H2AC11,0.25596356,0.0,-1.0
H2AC12,0.16067341,0.0,0.0
H2AC13,0.20574623,0.0,0.0
H2AC14,0.20704925,0.0,0.0
H2AC15,0.18826456,0.0,0.0
H2AC16,0.12466144,0.0,-1.0
H2AC17,0.25308013,0.0,1.0
H2AC18,0.21773201,0.0,0.0
H2AC19,0.04158893,0.0,0.0
H2AC20,0.6159693,1.0,-1.0
H2AC21,0.30921787,0.0,0.0
H2AC4,0.29168186,0.0,0.0
H2AC6,0.18809065,0.0,-1.0
H2AC7,0.24030925,0.0,-1.0
H2AC8,0.28102466,0.0,0.0
H2AJ,0.110440865,0.0,0.0
H2AP,0.04788509,0.0,0.0
H2AW,0.1454996,0.0,0.0
H2AX,0.6665106,1.0,-1.0
H2AZ1,0.15040228,0.0,-1.0
H2AZ2,0.0879191,0.0,-1.0
H2BC1,0.16727939,0.0,0.0
H2BC10,0.10136473,0.0,0.0
H2BC11,0.28693163,0.0,-1.0
H2BC12,0.19558963,0.0,-1.0
H2BC13,0.26531357,0.0,0.0
H2BC14,0.21177572,0.0,0.0
H2BC15,0.22939731,0.0,0.0
H2BC17,0.24119422,0.0,-1.0
H2BC18,0.10277907,0.0,0.0
H2BC20P,0.018490102,0.0,0.0
H2BC21,0.6687398,1.0,0.0
H2BC3,0.26220468,0.0,-1.0
H2BC4,0.27559203,0.0,-1.0
H2BC5,0.30518335,0.0,-1.0
H2BC6,0.06545276,0.0,0.0
H2BC7,0.2228166,0.0,-1.0
H2BC8,0.2578186,0.0,-1.0
H2BC9,0.095552474,0.0,-1.0
H2BU1,0.11214498,0.0,0.0
H2BW2,0.0069757625,0.0,0.0
H3-3A,0.57036775,1.0,1.0
H3-3B,0.1542589,0.0,1.0
H3-4,0.6341013,1.0,-1.0
H3C1,0.80179465,1.0,-1.0
H3C10,0.21740746,0.0,-1.0
H3C11,0.14114201,0.0,-1.0
H3C12,0.23018308,0.0,-1.0
H3C14,0.43990842,0.0,-1.0
H3C15,0.32312497,0.0,-1.0
H3C2,0.30755296,0.0,1.0
H3C3,0.18802904,0.0,-1.0
H3C4,0.21931545,0.0,-1.0
H3C6,0.41403645,0.0,-1.0
H3C7,0.1578619,0.0,-1.0
H3C8,0.17240049,0.0,-1.0
H4-16,0.5252417,1.0,-1.0
H4C1,0.6478602,1.0,0.0
H4C11,0.11189345,0.0,-1.0
H4C12,0.16990478,0.0,0.0
H4C13,0.13607524,0.0,0.0
H4C14,0.40331888,0.0,0.0
H4C15,0.046642303,0.0,0.0
H4C2,0.3147348,0.0,-1.0
H4C3,0.16365066,0.0,0.0
H4C4,0.18984827,0.0,-1.0
H4C5,0.26824442,0.0,-1.0
H4C6,0.18201132,0.0,0.0
H4C7,0.010698914,0.0,0.0
H4C8,0.18211675,0.0,-1.0
H4C9,0.33794188,0.0,1.0
H6PD,0.090746544,0.0,0.0
HAAO,0.06146721,0.0,0.0
HABP4,0.29266796,0.0,0.0
HACD2,0.049055748,0.0,0.0
HACD3,0.007855481,0.0,0.0
HACL1,0.018789612,0.0,0.0
HADH,0.025992742,0.0,0.0
HADHA,0.19830123,0.0,-1.0
HADHB,0.07394246,0.0,0.0
HAGH,0.17863597,0.0,0.0
HAL,0.0801416,0.0,0.0
HAND1,0.36900863,0.0,0.0
HAND2,0.5582496,1.0,0.0
HAND2-AS1,0.103795014,0.0,0.0
HAO1,0.01423435,0.0,0.0
HAO2,0.035801336,0.0,0.0
HAP1,0.27391058,0.0,0.0
HAPLN1,0.09525018,0.0,-1.0
HAPLN2,0.040232606,0.0,0.0
HAPLN3,0.062228445,0.0,0.0
HAR1B,0.004645553,0.0,0.0
HARS1,0.11486643,0.0,0.0
HARS2,0.032001473,0.0,0.0
HAS1,0.13205098,0.0,0.0
HAS2,0.08784106,0.0,-1.0
HAS3,0.062540285,0.0,0.0
HASPIN,0.18284336,0.0,0.0
HAT1,0.34400478,0.0,0.0
HAUS1,0.014575359,0.0,0.0
HAUS2,0.015825296,0.0,0.0
HAUS5,0.06879704,0.0,0.0
HAUS6,0.022350643,0.0,0.0
HAUS7,0.017463613,0.0,0.0
HAUS8,0.07331285,0.0,0.0
HAVCR2,0.030514335,0.0,0.0
HAX1,0.22211732,0.0,-1.0
HBA1,0.0718299,0.0,-1.0
HBA2,0.03790293,0.0,-1.0
HBB,0.17129575,0.0,-1.0
HBBP1,0.0004622723,0.0,0.0
HBD,0.0055925758,0.0,0.0
HBEGF,0.27346534,0.0,-1.0
HBG1,0.0019221168,0.0,0.0
HBP1,0.14364047,0.0,-1.0
HBS1L,0.035606094,0.0,0.0
HBZ,0.15746896,0.0,0.0
HCAR2,0.018312905,0.0,0.0
HCCS,0.011702314,0.0,0.0
HCFC1,0.4656871,0.0,0.0
HCFC1R1,0.058373667,0.0,0.0
HCFC2,0.16053484,0.0,-1.0
HCG11,0.09659287,0.0,0.0
HCG26,0.029528541,0.0,-1.0
HCG27,0.017986406,0.0,-1.0
HCK,0.5078111,1.0,-1.0
HCLS1,0.3933044,0.0,-1.0
HCN1,0.16442329,0.0,-1.0
HCN2,0.089537136,0.0,0.0
HCN3,0.15855686,0.0,0.0
HCN4,0.14343587,0.0,-1.0
HCP5,0.020939006,0.0,-1.0
HCST,0.060731582,0.0,0.0
HDAC1,0.8946632,1.0,1.0
HDAC10,0.4160614,0.0,-1.0
HDAC11,0.109758556,0.0,-1.0
HDAC2,0.8395031,1.0,-1.0
HDAC3,0.7810184,1.0,-1.0
HDAC4,0.8500823,1.0,1.0
HDAC5,0.77021414,1.0,-1.0
HDAC6,0.74007607,1.0,-1.0
HDAC7,0.7755056,1.0,1.0
HDAC8,0.2918174,0.0,-1.0
HDAC9,0.7202023,1.0,-1.0
HDC,0.17196308,0.0,0.0
HDDC2,0.009587735,0.0,0.0
HDDC3,0.065455586,0.0,0.0
HDGF,0.14411066,0.0,0.0
HDGFL1,0.00888317,0.0,0.0
HDGFL2,0.064092934,0.0,0.0
HDHD3,0.019261308,0.0,0.0
HDHD5,0.017587056,0.0,-1.0
HDHD5-AS1,0.008887361,0.0,0.0
HDLBP,0.26779965,0.0,-1.0
HDX,0.17313653,0.0,0.0
HEATR1,0.16249701,0.0,-1.0
HEATR3,0.05936679,0.0,0.0
HEATR5A,0.041477248,0.0,0.0
HEATR5B,0.016778346,0.0,0.0
HEATR6,0.04390716,0.0,0.0
HEBP2,0.10409634,0.0,0.0
HECTD1,0.097362146,0.0,-1.0
HECTD3,0.10266423,0.0,0.0
HECW1,0.22554447,0.0,-1.0
HECW2,0.2808622,0.0,-1.0
HEG1,0.060250487,0.0,0.0
HELB,0.22556324,0.0,0.0
HELLS,0.19341648,0.0,-1.0
HELQ,0.06265443,0.0,0.0
HELT,0.06562954,0.0,0.0
HELZ,0.16978714,0.0,0.0
HELZ2,0.07409005,0.0,-1.0
HEMGN,0.124163404,0.0,0.0
HEMK1,0.0067393477,0.0,0.0
HENMT1,0.025888197,0.0,0.0
HEPH,0.07358311,0.0,0.0
HERC1,0.18357253,0.0,-1.0
HERC2,0.55079174,1.0,-1.0
HERC2P2,0.015823752,0.0,0.0
HERC3,0.068041675,0.0,0.0
HERC4,0.094139025,0.0,0.0
HERC5,0.19086686,0.0,0.0
HERC6,0.12348714,0.0,0.0
HERPUD1,0.26052386,0.0,1.0
HES1,0.46669397,0.0,-1.0
HES2,0.016234476,0.0,0.0
HES3,0.004331607,0.0,0.0
HES4,0.072541445,0.0,0.0
HES6,0.12142337,0.0,0.0
HES7,0.104335,0.0,0.0
HESX1,0.08547126,0.0,-1.0
HEXA,0.036286213,0.0,-1.0
HEXA-AS1,0.043940615,0.0,0.0
HEXB,0.01227941,0.0,-1.0
HEXD,0.031218478,0.0,0.0
HEXIM1,0.15243651,0.0,-1.0
HEXIM2,0.027641952,0.0,0.0
HEY1,0.04847063,0.0,1.0
HEY2,0.32550797,0.0,-1.0
HEYL,0.18972823,0.0,-1.0
HFE,0.051906224,0.0,-1.0
HGD,0.13152543,0.0,-1.0
HGF,0.118592486,0.0,1.0
HGH1,0.146992,0.0,0.0
HGS,0.4460446,0.0,0.0
HGSNAT,0.004673852,0.0,-1.0
HHAT,0.19585428,0.0,-1.0
HHATL,0.035026822,0.0,0.0
HHEX,0.1566171,0.0,-1.0
HHIP,0.0055564367,0.0,-1.0
HHLA2,0.06107497,0.0,-1.0
HHLA3,0.046822913,0.0,0.0
HIBADH,0.08491565,0.0,0.0
HIBCH,0.06259991,0.0,0.0
HIC1,0.37453923,0.0,-1.0
HID1,0.10542779,0.0,0.0
HIF1A,0.7055892,1.0,1.0
HIF1AN,0.21831134,0.0,-1.0
HIF3A,0.17599162,0.0,0.0
HIGD1A,0.02507658,0.0,0.0
HIGD1B,0.0016336635,0.0,0.0
HIGD2A,0.02178398,0.0,0.0
HIGD2B,0.03475056,0.0,0.0
HIKESHI,0.014865346,0.0,-1.0
HINFP,0.08860488,0.0,-1.0
HINT1,0.02547663,0.0,0.0
HINT2,0.06416309,0.0,0.0
HINT3,0.040395852,0.0,0.0
HIP1,0.26670152,0.0,1.0
HIP1R,0.11085061,0.0,0.0
HIPK1,0.41585362,0.0,0.0
HIPK2,0.5673825,1.0,-1.0
HIPK3,0.3015928,0.0,0.0
HIPK4,0.3895336,0.0,0.0
HIRA,0.25069267,0.0,-1.0
HIRIP3,0.25679994,0.0,0.0
HIST2H3B,0.009774724,0.0,0.0
HIVEP1,0.28208864,0.0,-1.0
HIVEP2,0.26515263,0.0,0.0
HIVEP3,0.13763793,0.0,-1.0
HJURP,0.022421604,0.0,0.0
HK1,0.21854734,0.0,-1.0
HK2,0.17840433,0.0,-1.0
HK3,0.21620795,0.0,-1.0
HLA-A,0.4302401,0.0,1.0
HLA-B,0.42599374,0.0,1.0
HLA-C,0.48699445,0.0,1.0
HLA-DMA,0.10721908,0.0,0.0
HLA-DMB,0.24743824,0.0,0.0
HLA-DOA,0.038379155,0.0,0.0
HLA-DOB,0.11812732,0.0,0.0
HLA-DPA1,0.107843414,0.0,0.0
HLA-DPB1,0.051673803,0.0,0.0
HLA-DPB2,0.003171347,0.0,0.0
HLA-DQA1,0.18446593,0.0,-1.0
HLA-DQB1,0.050556052,0.0,-1.0
HLA-DRA,0.22513914,0.0,-1.0
HLA-DRB1,0.14987521,0.0,-1.0
HLA-DRB3,0.024677964,0.0,0.0
HLA-DRB5,0.050174944,0.0,-1.0
HLA-E,0.050628968,0.0,0.0
HLA-F,0.24646892,0.0,-1.0
HLA-G,0.2269609,0.0,-1.0
HLA-H,0.035858005,0.0,0.0
HLA-L,0.012988053,0.0,0.0
HLCS,0.44725987,0.0,-1.0
HLF,0.052741304,0.0,1.0
HLTF,0.23649083,0.0,-1.0
HLX,0.2817119,0.0,0.0
HM13,0.056214396,0.0,-1.0
HMBOX1,0.06322321,0.0,0.0
HMBS,0.18576747,0.0,-1.0
HMCES,0.010921746,0.0,0.0
HMCN1,0.35099423,0.0,-1.0
HMG20A,0.19151469,0.0,0.0
HMG20B,0.3503386,0.0,0.0
HMGA1,0.21600583,0.0,1.0
HMGA2,0.297158,0.0,1.0
HMGB1,0.69350743,1.0,-1.0
HMGB2,0.33361867,0.0,-1.0
HMGB4,0.02251535,0.0,0.0
HMGCL,0.03186471,0.0,0.0
HMGCR,0.1098979,0.0,-1.0
HMGCS1,0.039300743,0.0,0.0
HMGCS2,0.03853615,0.0,0.0
HMGN1,0.10419457,0.0,0.0
HMGN2,0.054164838,0.0,0.0
HMGN3,0.3580496,0.0,0.0
HMGN4,0.1121455,0.0,0.0
HMGN5,0.04465157,0.0,-1.0
HMGXB3,0.002027691,0.0,0.0
HMGXB4,0.07195928,0.0,0.0
HMMR,0.100263014,0.0,0.0
HMOX1,0.056841455,0.0,-1.0
HMOX2,0.09660991,0.0,0.0
HMX1,0.0362426,0.0,0.0
HMX2,0.19758049,0.0,0.0
HMX3,0.20248088,0.0,0.0
HNF1A,0.49294174,0.0,1.0
HNF1B,0.32739863,0.0,-1.0
HNF4A,0.7804372,1.0,-1.0
HNF4G,0.57878256,1.0,0.0
HNMT,0.14986135,0.0,0.0
HNRNPA0,0.10831932,0.0,0.0
HNRNPA1,0.4980267,0.0,0.0
HNRNPA1L2,0.006019837,0.0,0.0
HNRNPA2B1,0.2979287,0.0,1.0
HNRNPA3,0.1366606,0.0,-1.0
HNRNPA3P1,0.018253183,0.0,0.0
HNRNPAB,0.18794903,0.0,0.0
HNRNPC,0.4769629,0.0,-1.0
HNRNPD,0.14192198,0.0,-1.0
HNRNPDL,0.064129665,0.0,-1.0
HNRNPF,0.20491791,0.0,0.0
HNRNPH1,0.2538707,0.0,0.0
HNRNPH2,0.060917,0.0,0.0
HNRNPH3,0.21703984,0.0,-1.0
HNRNPK,0.55177754,1.0,-1.0
HNRNPL,0.40873212,0.0,-1.0
HNRNPLL,0.04655769,0.0,0.0
HNRNPM,0.3360584,0.0,0.0
HNRNPR,0.15268217,0.0,0.0
HNRNPU,0.47850898,0.0,-1.0
HNRNPUL1,0.3026894,0.0,0.0
HNRNPUL2,0.09039985,0.0,0.0
HOMER1,0.3284438,0.0,0.0
HOMER2,0.18714103,0.0,0.0
HOMER3,0.23352337,0.0,0.0
HOMEZ,0.07327301,0.0,0.0
HOOK1,0.043083943,0.0,0.0
HOOK2,0.15225829,0.0,0.0
HOOK3,0.26799762,0.0,1.0
HOPX,0.21309349,0.0,0.0
HOTAIR,0.20842531,0.0,0.0
HOXA1,0.28012148,0.0,-1.0
HOXA10,0.48019773,0.0,-1.0
HOXA11,0.29629886,0.0,1.0
HOXA11-AS,0.10830914,0.0,0.0
HOXA13,0.11779092,0.0,1.0
HOXA2,0.23784648,0.0,0.0
HOXA3,0.2883174,0.0,-1.0
HOXA4,0.06726654,0.0,0.0
HOXA5,0.25747982,0.0,0.0
HOXA6,0.0341596,0.0,0.0
HOXA7,0.0483517,0.0,-1.0
HOXA9,0.4269749,0.0,1.0
HOXB1,0.19371131,0.0,0.0
HOXB13,0.39644825,0.0,1.0
HOXB2,0.0943981,0.0,0.0
HOXB3,0.25224465,0.0,0.0
HOXB4,0.20079014,0.0,0.0
HOXB5,0.16386566,0.0,0.0
HOXB6,0.29260162,0.0,0.0
HOXB7,0.24674085,0.0,0.0
HOXB8,0.2896521,0.0,-1.0
HOXB9,0.1414382,0.0,0.0
HOXC10,0.15970199,0.0,0.0
HOXC11,0.5493676,1.0,1.0
HOXC12,0.16043054,0.0,0.0
HOXC13,0.14440034,0.0,1.0
HOXC4,0.064225584,0.0,0.0
HOXC5,0.08451641,0.0,0.0
HOXC6,0.14942357,0.0,-1.0
HOXC8,0.26754168,0.0,-1.0
HOXC9,0.17722638,0.0,0.0
HOXD1,0.029668314,0.0,0.0
HOXD10,0.28563836,0.0,-1.0
HOXD11,0.26207614,0.0,1.0
HOXD12,0.26371375,0.0,0.0
HOXD13,0.39982742,0.0,1.0
HOXD3,0.31126198,0.0,0.0
HOXD4,0.38401708,0.0,0.0
HOXD8,0.22439753,0.0,0.0
HOXD9,0.5190972,1.0,0.0
HP,0.06611442,0.0,0.0
HP1BP3,0.019516256,0.0,0.0
HPCA,0.14948057,0.0,0.0
HPCAL1,0.09437456,0.0,0.0
HPCAL4,0.08418612,0.0,0.0
HPD,0.058501996,0.0,-1.0
HPF1,0.010019751,0.0,0.0
HPGDS,0.119905345,0.0,0.0
HPN,0.045554146,0.0,0.0
HPR,0.19118354,0.0,-1.0
HPRT1,0.25210556,0.0,-1.0
HPS1,0.03325643,0.0,-1.0
HPS3,0.048062224,0.0,-1.0
HPS4,0.08543433,0.0,-1.0
HPS5,0.034536768,0.0,-1.0
HPS6,0.037447408,0.0,-1.0
HPX,0.009170338,0.0,0.0
HR,0.34138507,0.0,-1.0
HRAS,0.85216945,1.0,1.0
HRC,0.0018047695,0.0,0.0
HRCT1,0.009766259,0.0,0.0
HRG,0.0047654402,0.0,-1.0
HRH1,0.039104246,0.0,0.0
HRH2,0.007918431,0.0,0.0
HRH3,0.039491307,0.0,0.0
HRK,0.18166232,0.0,-1.0
HRNR,0.14210565,0.0,-1.0
HROB,0.014583004,0.0,0.0
HS1BP3,0.020559594,0.0,-1.0
HS2ST1,0.0031928944,0.0,-1.0
HS3ST1,0.0039622555,0.0,0.0
HS3ST2,0.022772374,0.0,0.0
HS3ST3B1,0.019422272,0.0,0.0
HS6ST1,0.113251634,0.0,0.0
HSBP1,0.117719665,0.0,-1.0
HSCB,0.06657553,0.0,0.0
HSD11B1,0.0058136387,0.0,0.0
HSD11B1L,0.027157407,0.0,0.0
HSD11B2,0.015177554,0.0,-1.0
HSD17B1,0.0027870557,0.0,0.0
HSD17B10,0.035329424,0.0,-1.0
HSD17B11,0.004776347,0.0,0.0
HSD17B12,0.008663179,0.0,0.0
HSD17B14,0.042409793,0.0,0.0
HSD17B2,0.0032243947,0.0,0.0
HSD17B3,0.0013105464,0.0,-1.0
HSD17B4,0.029674442,0.0,-1.0
HSD17B7,0.0043225656,0.0,0.0
HSD17B8,0.0032922097,0.0,0.0
HSD3B1,0.0012484601,0.0,-1.0
HSD3B2,0.0012484601,0.0,-1.0
HSD3B7,0.04688156,0.0,0.0
HSDL1,0.0062798425,0.0,0.0
HSF1,0.38490784,0.0,-1.0
HSF2,0.18130837,0.0,0.0
HSF2BP,0.063361704,0.0,0.0
HSF4,0.15412867,0.0,-1.0
HSFX1,0.2083004,0.0,0.0
HSFY1,0.11094366,0.0,0.0
HSH2D,0.058256097,0.0,0.0
HSP90AA1,0.78740007,1.0,1.0
HSP90AA2P,0.11150955,0.0,-1.0
HSP90AB1,0.5281308,1.0,1.0
HSP90AB2P,0.025911577,0.0,0.0
HSP90B1,0.5382236,1.0,-1.0
HSP90B3P,0.064029574,0.0,0.0
HSPA13,0.046699457,0.0,0.0
HSPA14,0.059109032,0.0,0.0
HSPA1A,0.51601434,1.0,0.0
HSPA1B,0.2870646,0.0,0.0
HSPA1L,0.14227876,0.0,-1.0
HSPA2,0.2836243,0.0,0.0
HSPA4,0.766043,1.0,-1.0
HSPA4L,0.16240895,0.0,0.0
HSPA5,0.6118658,1.0,-1.0
HSPA6,0.15875651,0.0,0.0
HSPA7,0.022958076,0.0,0.0
HSPA8,0.70561403,1.0,-1.0
HSPA9,0.29134202,0.0,-1.0
HSPB1,0.21605021,0.0,-1.0
HSPB11,0.018211976,0.0,0.0
HSPB2,0.12947519,0.0,-1.0
HSPB3,0.1011361,0.0,-1.0
HSPB7,0.004680374,0.0,0.0
HSPB8,0.1362741,0.0,-1.0
HSPBAP1,0.04617242,0.0,-1.0
HSPBP1,0.10640114,0.0,0.0
HSPD1,0.37097633,0.0,-1.0
HSPE1,0.18622223,0.0,0.0
HSPG2,0.41428155,0.0,-1.0
HSPH1,0.34370953,0.0,-1.0
HTATIP2,0.031690944,0.0,-1.0
HTATSF1,0.14801268,0.0,0.0
HTN1,0.030304942,0.0,0.0
HTR1A,0.18526109,0.0,0.0
HTR1B,0.16830362,0.0,0.0
HTR1D,0.3554035,0.0,0.0
HTR1E,0.074418046,0.0,-1.0
HTR2A,0.03736702,0.0,0.0
HTR2C,0.16846289,0.0,0.0
HTR5A,0.03766461,0.0,0.0
HTRA2,0.2807332,0.0,-1.0
HTT,0.67596596,1.0,-1.0
HUNK,0.17016552,0.0,0.0
HUS1,0.24852486,0.0,-1.0
HUS1B,0.028269831,0.0,0.0
HUWE1,0.5333644,1.0,-1.0
HYAL2,1.1555025e-05,0.0,-1.0
HYI,0.034953974,0.0,0.0
HYLS1,0.002861809,0.0,0.0
HYOU1,0.16334835,0.0,0.0
HYPK,0.020814752,0.0,0.0
IARS1,0.29960895,0.0,0.0
IARS2,0.18609518,0.0,0.0
IBA57,0.035583805,0.0,0.0
IBTK,0.07041588,0.0,0.0
ICA1,0.0808152,0.0,0.0
ICAM1,0.3168977,0.0,-1.0
ICAM2,0.065812804,0.0,0.0
ICAM3,0.21066183,0.0,-1.0
ICAM4,0.066269405,0.0,-1.0
ICAM5,0.18825302,0.0,-1.0
ICE1,0.043311488,0.0,0.0
ICMT,0.086323276,0.0,0.0
ICOS,0.006951286,0.0,-1.0
ICOSLG,0.006951286,0.0,1.0
ID1,0.50705755,1.0,-1.0
ID2,0.44359565,0.0,-1.0
ID3,0.53789514,1.0,1.0
ID4,0.075041555,0.0,-1.0
IDE,0.23545575,0.0,0.0
IDH1,0.13048837,0.0,1.0
IDH2,0.13341507,0.0,1.0
IDH3A,0.16037945,0.0,-1.0
IDH3B,0.102855474,0.0,-1.0
IDH3G,0.11427253,0.0,-1.0
IDI1,0.16043086,0.0,0.0
IDI2,0.23896587,0.0,0.0
IDO1,0.12757006,0.0,-1.0
IDUA,0.011584622,0.0,-1.0
IER2,0.12839462,0.0,-1.0
IER3,0.20763001,0.0,-1.0
IER3IP1,0.007934719,0.0,0.0
IER5,0.079897635,0.0,0.0
IER5L,0.04857788,0.0,0.0
IFFO1,0.16586058,0.0,0.0
IFI16,0.16498768,0.0,-1.0
IFI27,0.18522327,0.0,-1.0
IFI30,0.04291751,0.0,-1.0
IFI35,0.07632661,0.0,0.0
IFI6,0.11612879,0.0,0.0
IFIH1,0.21502846,0.0,-1.0
IFIT1,0.1854502,0.0,0.0
IFIT2,0.08534543,0.0,0.0
IFIT3,0.24558929,0.0,-1.0
IFIT5,0.17671563,0.0,0.0
IFITM1,0.11893668,0.0,0.0
IFITM2,0.12189599,0.0,-1.0
IFITM3,0.03179131,0.0,-1.0
IFITM4P,0.016226467,0.0,-1.0
IFNA1,0.1167249,0.0,-1.0
IFNA2,0.07738013,0.0,-1.0
IFNAR1,0.22357751,0.0,-1.0
IFNAR2,0.11594293,0.0,-1.0
IFNB1,0.06869263,0.0,-1.0
IFNG,0.060587574,0.0,-1.0
IFNGR1,0.119203456,0.0,1.0
IFNGR2,0.13702945,0.0,-1.0
IFNK,0.05643138,0.0,0.0
IFNL1,0.0006142992,0.0,0.0
IFNL2,0.0006142992,0.0,0.0
IFNL3,0.0006142992,0.0,0.0
IFNLR1,0.0004509157,0.0,0.0
IFNR,0.013416732,0.0,0.0
IFRD1,0.18001424,0.0,0.0
IFRD2,0.04876422,0.0,-1.0
IFT122,0.047917344,0.0,0.0
IFT140,0.3381357,0.0,-1.0
IFT172,0.090849444,0.0,0.0
IFT20,0.081930585,0.0,0.0
IFT27,0.039646253,0.0,0.0
IFT43,0.018312905,0.0,0.0
IFT46,0.06927149,0.0,0.0
IFT57,0.16067712,0.0,0.0
IFT80,0.012060471,0.0,0.0
IFT88,0.0406701,0.0,0.0
IFTAP,0.007919309,0.0,0.0
IGBP1,0.25615427,0.0,-1.0
IGF1,0.40970466,0.0,1.0
IGF1R,0.809838,1.0,1.0
IGF2,0.34655792,0.0,1.0
IGF2-AS,0.06767375,0.0,0.0
IGF2BP1,0.2797156,0.0,-1.0
IGF2BP2,0.062015843,0.0,1.0
IGF2BP3,0.1263455,0.0,-1.0
IGF2R,0.24785286,0.0,-1.0
IGFALS,0.111009985,0.0,-1.0
IGFBP1,0.17833574,0.0,-1.0
IGFBP2,0.16655007,0.0,-1.0
IGFBP3,0.35760576,0.0,-1.0
IGFBP4,0.112288475,0.0,0.0
IGFBP5,0.31917107,0.0,-1.0
IGFBP6,0.049895287,0.0,-1.0
IGFBP7,0.100812845,0.0,-1.0
IGFL3,0.022761425,0.0,0.0
IGHA1,0.057508547,0.0,0.0
IGHA2,0.049564444,0.0,0.0
IGHE,0.036447804,0.0,0.0
IGHG1,0.1319143,0.0,-1.0
IGHM,0.15510109,0.0,0.0
IGHMBP2,0.029670648,0.0,-1.0
IGKC,0.04410469,0.0,0.0
IGKV1-12,0.017508704,0.0,0.0
IGKV2-40,0.014328556,0.0,0.0
IGKV2D-29,0.021947328,0.0,0.0
IGKV4-1,0.03445442,0.0,0.0
IGLC1,0.013111014,0.0,0.0
IGLL5,0.12759021,0.0,-1.0
IGSF1,0.15357779,0.0,0.0
IGSF10,0.16980645,0.0,-1.0
IGSF21,0.2812547,0.0,0.0
IGSF22,0.031288523,0.0,0.0
IGSF8,0.19073188,0.0,-1.0
IGSF9,0.046815947,0.0,0.0
IHH,0.003539717,0.0,-1.0
IK,0.06639598,0.0,0.0
IKBKB,0.62216485,1.0,1.0
IKBKE,0.38316232,0.0,1.0
IKBKG,0.47340456,0.0,-1.0
IKZF1,0.47644898,0.0,1.0
IKZF2,0.21097952,0.0,-1.0
IKZF3,0.53307664,1.0,1.0
IKZF4,0.3203332,0.0,0.0
IKZF5,0.13017109,0.0,0.0
IL10,0.112375736,0.0,-1.0
IL10RA,0.1084785,0.0,-1.0
IL10RB,0.0012040649,0.0,-1.0
IL11,0.11944465,0.0,0.0
IL11RA,0.19386122,0.0,0.0
IL12A,0.0032368065,0.0,-1.0
IL12B,0.001448423,0.0,-1.0
IL12RB1,0.01896125,0.0,-1.0
IL12RB2,0.033233427,0.0,-1.0
IL13,0.20693146,0.0,-1.0
IL13RA1,0.17031088,0.0,-1.0
IL13RA2,0.14707857,0.0,0.0
IL15,0.015720619,0.0,-1.0
IL15RA,0.055255145,0.0,-1.0
IL16,0.5988748,1.0,-1.0
IL17A,0.033457477,0.0,-1.0
IL17B,0.1226063,0.0,0.0
IL17C,0.0038970395,0.0,0.0
IL17RA,0.08683979,0.0,-1.0
IL17RB,0.028242756,0.0,-1.0
IL17REL,0.0023551437,0.0,-1.0
IL18,0.13153681,0.0,0.0
IL18BP,0.11181108,0.0,0.0
IL18R1,0.031512797,0.0,0.0
IL19,0.19163987,0.0,0.0
IL1A,0.15488204,0.0,-1.0
IL1B,0.1645055,0.0,-1.0
IL1R1,0.34166342,0.0,-1.0
IL1R2,0.044752814,0.0,-1.0
IL1RAP,0.23485354,0.0,0.0
IL1RAPL1,0.03422231,0.0,-1.0
IL1RL1,0.117796056,0.0,-1.0
IL1RN,0.075464,0.0,-1.0
IL2,0.6206329,1.0,1.0
IL20,0.23672014,0.0,0.0
IL20RA,0.11325877,0.0,0.0
IL20RB,0.28779772,0.0,0.0
IL21,0.067043014,0.0,0.0
IL21R,0.44850725,0.0,1.0
IL22,0.009567006,0.0,-1.0
IL22RA1,0.11655471,0.0,-1.0
IL22RA2,0.006306367,0.0,0.0
IL23A,0.0045317044,0.0,-1.0
IL23R,0.04760699,0.0,-1.0
IL24,0.29168347,0.0,-1.0
IL25,0.010823302,0.0,0.0
IL26,0.021741604,0.0,0.0
IL27,0.09789187,0.0,0.0
IL27RA,0.21023527,0.0,0.0
IL2RA,0.2284221,0.0,-1.0
IL2RB,0.52689964,1.0,-1.0
IL2RG,0.5134986,1.0,-1.0
IL3,0.26141933,0.0,1.0
IL31,0.030778084,0.0,0.0
IL31RA,0.015801355,0.0,0.0
IL32,0.031817526,0.0,0.0
IL34,0.083798595,0.0,0.0
IL36G,0.027703458,0.0,0.0
IL36RN,0.052116822,0.0,0.0
IL37,0.04129713,0.0,0.0
IL3RA,0.330513,0.0,-1.0
IL4,0.14056714,0.0,-1.0
IL4I1,0.08383624,0.0,0.0
IL4R,0.58270717,1.0,-1.0
IL5,0.11702229,0.0,-1.0
IL5RA,0.2844145,0.0,-1.0
IL6,0.17217325,0.0,-1.0
IL6R,0.3213801,0.0,-1.0
IL6ST,0.74739563,1.0,1.0
IL7,0.32458603,0.0,-1.0
IL7R,0.5218268,1.0,1.0
IL9,0.028400118,0.0,-1.0
IL9R,0.15127987,0.0,0.0
ILF2,0.2589849,0.0,0.0
ILF3,0.20648673,0.0,0.0
ILK,0.42787445,0.0,-1.0
ILKAP,0.039559864,0.0,0.0
ILRUN,0.051393084,0.0,0.0
ILVBL,0.024442049,0.0,0.0
IMMP1L,0.019780904,0.0,0.0
IMMP2L,0.02600399,0.0,-1.0
IMMT,0.25296977,0.0,0.0
IMP3,0.14563595,0.0,0.0
IMP4,0.072431825,0.0,-1.0
IMPA1,0.20418192,0.0,-1.0
IMPA2,0.16761039,0.0,0.0
IMPACT,0.011205191,0.0,0.0
IMPDH2,0.14418636,0.0,0.0
INA,0.10982939,0.0,0.0
INAFM1,0.008651463,0.0,0.0
INCA1,0.031192342,0.0,0.0
INCENP,0.21965975,0.0,0.0
ING1,0.7228018,1.0,-1.0
ING2,0.5291398,1.0,-1.0
ING3,0.27884963,0.0,-1.0
ING4,0.24025825,0.0,-1.0
ING5,0.37719706,0.0,0.0
INHA,0.16966881,0.0,1.0
INHBA,0.20603769,0.0,1.0
INHBB,0.1825764,0.0,0.0
INHBE,0.16208717,0.0,-1.0
INKA1,0.014583004,0.0,0.0
INKA2,0.061108947,0.0,-1.0
INMT,0.003247541,0.0,0.0
INO80,0.118537724,0.0,-1.0
INO80B,0.055545274,0.0,0.0
INO80C,0.07593297,0.0,0.0
INO80D,0.07425392,0.0,-1.0
INO80E,0.09326918,0.0,0.0
INPP1,0.10163106,0.0,0.0
INPP4A,0.059528813,0.0,-1.0
INPP4B,0.08502972,0.0,1.0
INPP5A,0.06668227,0.0,0.0
INPP5B,0.3977972,0.0,0.0
INPP5D,0.6034217,1.0,-1.0
INPP5E,0.4016215,0.0,0.0
INPP5J,0.0557156,0.0,-1.0
INPP5K,0.08236518,0.0,-1.0
INPPL1,0.20882262,0.0,1.0
INS,0.09755299,0.0,-1.0
INSIG1,0.1385948,0.0,0.0
INSIG2,0.09746914,0.0,0.0
INSL3,0.00021683579,0.0,-1.0
INSM1,0.1311257,0.0,0.0
INSM2,0.06339485,0.0,0.0
INSR,0.7630653,1.0,1.0
INSRR,0.05119426,0.0,-1.0
INSYN2B,0.05049387,0.0,-1.0
INTS1,0.22999,0.0,0.0
INTS10,0.060009677,0.0,0.0
INTS11,0.044996556,0.0,0.0
INTS12,0.03244195,0.0,-1.0
INTS13,0.042621646,0.0,0.0
INTS14,0.023467012,0.0,0.0
INTS2,0.032641575,0.0,0.0
INTS3,0.20182039,0.0,0.0
INTS4,0.04066883,0.0,-1.0
INTS5,0.17735496,0.0,0.0
INTS6,0.21974717,0.0,-1.0
INTS6L,0.060745444,0.0,-1.0
INTS7,0.06444934,0.0,-1.0
INTS8,0.033802163,0.0,0.0
INTS9,0.037793934,0.0,0.0
INTU,0.074292906,0.0,0.0
INVS,0.061329544,0.0,0.0
IP6K1,0.10303455,0.0,0.0
IP6K2,0.0695266,0.0,0.0
IPCEF1,0.14540309,0.0,0.0
IPMK,0.02985831,0.0,0.0
IPO11,0.057071652,0.0,0.0
IPO13,0.47650826,0.0,0.0
IPO4,0.25403658,0.0,-1.0
IPO5,0.3022403,0.0,-1.0
IPO7,0.16642837,0.0,-1.0
IPO8,0.18766941,0.0,0.0
IPO9,0.1840866,0.0,0.0
IPP,0.057788707,0.0,0.0
IPPK,0.025308566,0.0,0.0
IQCD,0.061018746,0.0,0.0
IQCE,0.0075158793,0.0,-1.0
IQCG,0.04222593,0.0,-1.0
IQCH,0.09460588,0.0,0.0
IQCK,0.016796574,0.0,0.0
IQCN,0.11113051,0.0,0.0
IQGAP1,0.5445656,1.0,-1.0
IQGAP2,0.17438784,0.0,-1.0
IQGAP3,0.11609045,0.0,0.0
IQSEC2,0.121120684,0.0,-1.0
IQUB,0.044851847,0.0,0.0
IRAG1,0.050398905,0.0,-1.0
IRAG2,0.1717331,0.0,-1.0
IRAK1,0.63176405,1.0,0.0
IRAK1BP1,0.13836399,0.0,0.0
IRAK2,0.27569795,0.0,-1.0
IRAK3,0.3565891,0.0,0.0
IRAK4,0.33712858,0.0,-1.0
IREB2,0.12826388,0.0,0.0
IRF1,0.425854,0.0,1.0
IRF2,0.27471998,0.0,-1.0
IRF2BP1,0.12933943,0.0,0.0
IRF2BP2,0.13638142,0.0,-1.0
IRF2BPL,0.06417027,0.0,0.0
IRF3,0.37419143,0.0,0.0
IRF4,0.6531406,1.0,1.0
IRF5,0.3310796,0.0,-1.0
IRF6,0.17887825,0.0,-1.0
IRF7,0.27360892,0.0,-1.0
IRF8,0.2584531,0.0,1.0
IRF9,0.19980386,0.0,0.0
IRGQ,0.037418786,0.0,0.0
IRS1,0.8383669,1.0,1.0
IRS2,0.6740274,1.0,1.0
IRS4,0.62450606,1.0,1.0
IRX1,0.057620663,0.0,0.0
IRX3,0.107927546,0.0,0.0
IRX4,0.24097662,0.0,0.0
IRX5,0.11972511,0.0,0.0
ISCA1,0.006661686,0.0,0.0
ISCU,0.12883282,0.0,-1.0
ISG15,0.1254366,0.0,0.0
ISG20,0.05619923,0.0,0.0
ISG20L2,0.03198972,0.0,0.0
ISL1,0.31940874,0.0,0.0
ISL2,0.24976094,0.0,0.0
ISLR2,0.15043443,0.0,0.0
ISOC2,0.058459025,0.0,-1.0
IST1,0.093604796,0.0,0.0
ISY1,0.024589745,0.0,0.0
ISYNA1,0.10586467,0.0,0.0
ITCH,0.69630784,1.0,-1.0
ITFG1,0.009344856,0.0,0.0
ITFG2,0.045176126,0.0,0.0
ITGA1,0.2900115,0.0,-1.0
ITGA10,0.12423419,0.0,0.0
ITGA2,0.20714945,0.0,-1.0
ITGA2B,0.2828539,0.0,-1.0
ITGA3,0.22173572,0.0,-1.0
ITGA4,0.23195371,0.0,-1.0
ITGA5,0.3531783,0.0,-1.0
ITGA6,0.15402435,0.0,-1.0
ITGA7,0.07222892,0.0,-1.0
ITGA8,0.16751061,0.0,0.0
ITGA9,0.13974328,0.0,-1.0
ITGAD,0.15240015,0.0,0.0
ITGAE,0.22788876,0.0,-1.0
ITGAL,0.3257294,0.0,0.0
ITGAM,0.24182865,0.0,-1.0
ITGAV,0.30525646,0.0,1.0
ITGAX,0.026836682,0.0,-1.0
ITGB1,0.8088012,1.0,-1.0
ITGB1BP1,0.22046255,0.0,0.0
ITGB1BP2,0.064997725,0.0,0.0
ITGB2,0.30021867,0.0,-1.0
ITGB3,0.3992309,0.0,-1.0
ITGB3BP,0.253645,0.0,0.0
ITGB4,0.24326928,0.0,-1.0
ITGB5,0.12561648,0.0,-1.0
ITGB6,0.25274026,0.0,0.0
ITGB7,0.16988793,0.0,-1.0
ITGB8,0.01815822,0.0,0.0
ITGBL1,0.015171085,0.0,0.0
ITIH2,0.06590098,0.0,0.0
ITK,0.5047404,1.0,1.0
ITM2B,0.01753034,0.0,-1.0
ITM2C,0.041789196,0.0,0.0
ITPA,0.16050936,0.0,0.0
ITPK1,0.027092088,0.0,0.0
ITPKA,0.119092375,0.0,0.0
ITPKB,0.124913104,0.0,-1.0
ITPKC,0.1210139,0.0,-1.0
ITPR1,0.32145667,0.0,-1.0
ITPR2,0.4079616,0.0,-1.0
ITPR3,0.115849845,0.0,-1.0
ITPRID2,0.13578671,0.0,0.0
ITPRIP,0.02819935,0.0,0.0
ITPRIPL2,0.048536476,0.0,0.0
ITSN1,0.3404015,0.0,0.0
ITSN2,0.38241822,0.0,0.0
IVD,0.0118427705,0.0,0.0
IVL,0.0329277,0.0,0.0
IVNS1ABP,0.136293,0.0,0.0
IWS1,0.36205804,0.0,-1.0
IZUMO1,0.008890721,0.0,0.0
IZUMO4,0.01796319,0.0,0.0
JADE1,0.22532839,0.0,0.0
JADE2,0.2893002,0.0,0.0
JADE3,0.08805328,0.0,0.0
JAG1,0.57749456,1.0,-1.0
JAG2,0.478516,0.0,-1.0
JAGN1,0.0009837497,0.0,0.0
JAK1,0.84879893,1.0,1.0
JAK2,0.8193141,1.0,1.0
JAK3,0.7666052,1.0,1.0
JAKMIP1,0.0009949143,0.0,-1.0
JAKMIP2,0.008610389,0.0,-1.0
JAM2,0.05901069,0.0,0.0
JAM3,0.08864547,0.0,0.0
JAML,0.02060218,0.0,0.0
JARID2,0.31138304,0.0,1.0
JAZF1,0.08402296,0.0,-1.0
JDP2,0.15832579,0.0,-1.0
JKAMP,0.077248715,0.0,0.0
JMJD1C,0.19490394,0.0,-1.0
JMJD4,0.0130072255,0.0,0.0
JMJD6,0.009286851,0.0,0.0
JMJD8,0.03802699,0.0,0.0
JMY,0.018261313,0.0,0.0
JOSD1,0.049226128,0.0,0.0
JOSD2,0.07684521,0.0,0.0
JPH1,0.13541235,0.0,0.0
JPH2,0.057935756,0.0,-1.0
JPH3,0.05542579,0.0,0.0
JPH4,0.07337634,0.0,0.0
JPT1,0.014118623,0.0,0.0
JPT2,0.02595914,0.0,0.0
JPX,0.028176533,0.0,0.0
JRK,0.03514966,0.0,0.0
JUN,0.75049806,1.0,1.0
JUNB,0.45253158,0.0,-1.0
JUND,0.6991268,1.0,-1.0
JUP,0.63807625,1.0,-1.0
KALRN,0.45882216,0.0,-1.0
KANK3,0.01797955,0.0,0.0
KANSL1,0.30454886,0.0,-1.0
KANSL2,0.022438075,0.0,0.0
KANSL3,0.03896466,0.0,0.0
KARS1,0.09578168,0.0,-1.0
KASH5,0.05449378,0.0,-1.0
KAT14,0.046375547,0.0,-1.0
KAT2A,0.6582959,1.0,-1.0
KAT2B,0.80008876,1.0,-1.0
KAT5,0.64665025,1.0,-1.0
KAT6A,0.3478474,0.0,1.0
KAT6B,0.21884044,0.0,1.0
KAT7,0.37833387,0.0,1.0
KAT8,0.1309738,0.0,0.0
KATNA1,0.12727042,0.0,0.0
KATNAL1,0.022602774,0.0,0.0
KATNB1,0.08152089,0.0,-1.0
KATNBL1,0.041014142,0.0,0.0
KATNIP,0.06489764,0.0,0.0
KAZALD1,0.009058055,0.0,0.0
KBTBD2,0.036386963,0.0,0.0
KBTBD3,0.017855719,0.0,0.0
KBTBD4,0.040805552,0.0,-1.0
KBTBD6,0.04575626,0.0,0.0
KBTBD7,0.09516684,0.0,0.0
KCNA1,0.093772575,0.0,-1.0
KCNA2,0.1184909,0.0,0.0
KCNA3,0.0716914,0.0,0.0
KCNA4,0.13470365,0.0,-1.0
KCNA5,0.1330316,0.0,-1.0
KCNAB1,0.034952343,0.0,-1.0
KCNAB2,0.06798832,0.0,0.0
KCNB1,0.0066518234,0.0,0.0
KCNC1,0.034799006,0.0,0.0
KCNC2,0.056916274,0.0,0.0
KCNC3,0.063340455,0.0,-1.0
KCND2,0.07508896,0.0,-1.0
KCNE1,0.15606348,0.0,-1.0
KCNE2,0.15357573,0.0,-1.0
KCNE3,0.014230805,0.0,-1.0
KCNF1,0.0148136215,0.0,0.0
KCNG2,0.002656198,0.0,0.0
KCNG3,0.023540715,0.0,0.0
KCNH1,0.056607537,0.0,-1.0
KCNH2,0.30159092,0.0,-1.0
KCNH4,0.052353363,0.0,0.0
KCNH5,0.035409566,0.0,-1.0
KCNH6,0.0022196632,0.0,0.0
KCNH7,0.045625865,0.0,0.0
KCNIP1,0.1900748,0.0,0.0
KCNIP2,0.18953246,0.0,0.0
KCNIP3,0.20561491,0.0,0.0
KCNIP4,0.23521444,0.0,0.0
KCNJ1,0.15124156,0.0,-1.0
KCNJ10,0.06580963,0.0,0.0
KCNJ11,0.021567792,0.0,0.0
KCNJ12,0.5378562,1.0,0.0
KCNJ15,0.104176074,0.0,0.0
KCNJ2,0.054191668,0.0,-1.0
KCNJ3,0.09952388,0.0,0.0
KCNJ4,0.2599092,0.0,0.0
KCNJ5,0.11211834,0.0,1.0
KCNJ6,0.26306015,0.0,0.0
KCNJ8,0.028165674,0.0,-1.0
KCNJ9,0.3471064,0.0,-1.0
KCNK1,0.005366754,0.0,-1.0
KCNK12,0.0017990156,0.0,0.0
KCNK3,0.12468678,0.0,0.0
KCNK4,0.2243172,0.0,0.0
KCNK5,0.06277181,0.0,-1.0
KCNMB1,0.022806197,0.0,0.0
KCNN1,0.13780504,0.0,0.0
KCNN2,0.015076713,0.0,-1.0
KCNN3,0.21390381,0.0,-1.0
KCNN4,0.09672491,0.0,0.0
KCNQ1,0.4375267,0.0,-1.0
KCNQ1OT1,0.043945078,0.0,0.0
KCNQ2,0.27150276,0.0,-1.0
KCNQ3,0.019966304,0.0,-1.0
KCNQ5,0.01611535,0.0,-1.0
KCNRG,0.022696117,0.0,0.0
KCNS2,0.17096917,0.0,0.0
KCNS3,0.02874718,0.0,0.0
KCNV2,0.03615019,0.0,-1.0
KCTD10,0.1410323,0.0,0.0
KCTD11,0.052217193,0.0,0.0
KCTD12,0.089508235,0.0,0.0
KCTD13,0.07245467,0.0,0.0
KCTD15,0.046726584,0.0,0.0
KCTD16,0.04814741,0.0,0.0
KCTD17,0.04480817,0.0,0.0
KCTD18,0.038184542,0.0,0.0
KCTD19,0.028646858,0.0,0.0
KCTD2,0.00050133787,0.0,-1.0
KCTD20,0.08674291,0.0,0.0
KCTD21,0.0073695714,0.0,0.0
KCTD3,0.14408213,0.0,0.0
KCTD4,0.0010917011,0.0,0.0
KCTD5,0.087023646,0.0,0.0
KCTD6,0.010128551,0.0,0.0
KCTD7,0.026784554,0.0,-1.0
KCTD8,0.008913427,0.0,-1.0
KCTD9,0.08258163,0.0,0.0
KCTD9P2,0.029323842,0.0,0.0
KDELR1,0.04352425,0.0,-1.0
KDELR2,0.004164132,0.0,0.0
KDF1,0.020667462,0.0,0.0
KDM1A,0.4138052,0.0,-1.0
KDM1B,0.19852255,0.0,-1.0
KDM2A,0.13001555,0.0,-1.0
KDM2B,0.20200118,0.0,-1.0
KDM3A,0.1509909,0.0,-1.0
KDM3B,0.0695651,0.0,0.0
KDM4A,0.31926835,0.0,0.0
KDM4B,0.05786492,0.0,0.0
KDM4C,0.104123816,0.0,-1.0
KDM4D,0.05014642,0.0,0.0
KDM5A,0.37558106,0.0,1.0
KDM5B,0.28639853,0.0,0.0
KDM5C,0.17692992,0.0,1.0
KDM5D,0.08278967,0.0,0.0
KDM6A,0.52280766,1.0,1.0
KDM6B,0.22290285,0.0,0.0
KDM7A,0.010159406,0.0,0.0
KDM8,0.0040145144,0.0,-1.0
KDR,0.5148249,1.0,1.0
KDSR,0.11826804,0.0,1.0
KEAP1,0.54179513,1.0,1.0
KEL,0.069485426,0.0,-1.0
KHDC4,0.25603005,0.0,0.0
KHDRBS1,0.5342758,1.0,0.0
KHDRBS2,0.5054853,1.0,-1.0
KHDRBS3,0.21459006,0.0,0.0
KHK,0.1419628,0.0,0.0
KHNYN,0.19173858,0.0,0.0
KHSRP,0.26352626,0.0,-1.0
KIAA0040,0.02530226,0.0,0.0
KIAA0087,0.058799762,0.0,0.0
KIAA0232,0.07269348,0.0,0.0
KIAA0319,0.068555936,0.0,-1.0
KIAA0319L,0.034983702,0.0,0.0
KIAA0408,0.30853426,0.0,0.0
KIAA0513,0.0012529913,0.0,0.0
KIAA0586,0.041553997,0.0,0.0
KIAA0825,0.007242001,0.0,0.0
KIAA0895,0.067332126,0.0,0.0
KIAA0895L,0.02866502,0.0,-1.0
KIAA0930,0.1674419,0.0,0.0
KIAA1143,0.04181748,0.0,0.0
KIAA1191,0.048393134,0.0,0.0
KIAA1217,0.2542643,0.0,0.0
KIAA1328,0.11010946,0.0,0.0
KIAA1549L,0.015541729,0.0,0.0
KIAA2026,0.18506345,0.0,0.0
KICS2,0.025923556,0.0,0.0
KIDINS220,0.12524372,0.0,-1.0
KIF11,0.2891759,0.0,0.0
KIF13A,0.16612877,0.0,-1.0
KIF13B,0.23929617,0.0,0.0
KIF14,0.09342703,0.0,-1.0
KIF15,0.16445969,0.0,-1.0
KIF17,0.041814033,0.0,0.0
KIF18B,0.009170879,0.0,0.0
KIF1A,0.2371115,0.0,-1.0
KIF1B,0.1762278,0.0,-1.0
KIF1C,0.121772505,0.0,0.0
KIF20A,0.3410936,0.0,0.0
KIF20B,0.13652995,0.0,-1.0
KIF21A,0.09253453,0.0,-1.0
KIF21B,0.39788365,0.0,-1.0
KIF22,0.093798496,0.0,0.0
KIF23,0.51478374,1.0,-1.0
KIF24,0.07864579,0.0,0.0
KIF25,0.012678057,0.0,0.0
KIF26A,0.030200493,0.0,0.0
KIF26B,0.012183236,0.0,0.0
KIF27,0.021088561,0.0,-1.0
KIF2A,0.052897993,0.0,0.0
KIF2C,0.145992,0.0,0.0
KIF3A,0.12822646,0.0,0.0
KIF3B,0.079854965,0.0,0.0
KIF3C,0.042697378,0.0,0.0
KIF4A,0.28738895,0.0,-1.0
KIF5A,0.29012623,0.0,-1.0
KIF5B,0.46431467,0.0,1.0
KIF5C,0.24762903,0.0,-1.0
KIF6,0.01576848,0.0,0.0
KIF7,0.17438276,0.0,-1.0
KIF9,0.03770202,0.0,0.0
KIFAP3,0.3264813,0.0,0.0
KIFBP,0.0020240855,0.0,0.0
KIFC1,0.108652905,0.0,0.0
KIFC3,0.005081508,0.0,-1.0
KIN,0.05839553,0.0,-1.0
KIR2DL1,0.22621009,0.0,0.0
KIR2DL2,0.059180375,0.0,0.0
KIR2DL3,0.21486923,0.0,0.0
KIR2DL4,0.03180808,0.0,0.0
KIR2DS2,0.07369659,0.0,0.0
KIR3DL2,0.20772138,0.0,0.0
KIR3DS1,0.029374665,0.0,0.0
KIR3DX1,0.007556244,0.0,0.0
KIRREL1,0.20754503,0.0,0.0
KISS1,0.047430806,0.0,0.0
KISS1R,0.056845773,0.0,-1.0
KIT,0.7968431,1.0,1.0
KITLG,0.10551991,0.0,-1.0
KIZ,0.06779678,0.0,-1.0
KLC1,0.41880843,0.0,0.0
KLC2,0.34867895,0.0,0.0
KLC3,0.069770746,0.0,0.0
KLC4,0.14572978,0.0,0.0
KLF1,0.46011865,0.0,-1.0
KLF10,0.069048546,0.0,0.0
KLF11,0.08245805,0.0,-1.0
KLF12,0.08397375,0.0,0.0
KLF13,0.1879738,0.0,0.0
KLF15,0.13616124,0.0,0.0
KLF16,0.06692235,0.0,0.0
KLF2,0.41982365,0.0,1.0
KLF3,0.16070996,0.0,1.0
KLF3-AS1,0.015447302,0.0,0.0
KLF4,0.27200767,0.0,1.0
KLF5,0.42055967,0.0,1.0
KLF6,0.27676794,0.0,1.0
KLF7,0.05450066,0.0,0.0
KLF8,0.25199258,0.0,0.0
KLF9,0.12592977,0.0,0.0
KLHDC10,0.09354002,0.0,0.0
KLHDC2,0.24365707,0.0,0.0
KLHDC3,0.0794014,0.0,0.0
KLHDC4,0.12905902,0.0,-1.0
KLHDC7B,0.24373928,0.0,0.0
KLHDC9,0.096956335,0.0,0.0
KLHL12,0.30821735,0.0,0.0
KLHL13,0.4800049,0.0,0.0
KLHL15,0.027220562,0.0,0.0
KLHL18,0.053314816,0.0,0.0
KLHL2,0.17590506,0.0,0.0
KLHL20,0.17759378,0.0,0.0
KLHL21,0.14268377,0.0,0.0
KLHL22,0.15599057,0.0,0.0
KLHL23,0.063671894,0.0,0.0
KLHL24,0.025710834,0.0,0.0
KLHL25,0.19281916,0.0,0.0
KLHL28,0.027059484,0.0,0.0
KLHL29,0.06277314,0.0,0.0
KLHL3,0.06941098,0.0,0.0
KLHL30,0.03268349,0.0,0.0
KLHL32,0.017779768,0.0,0.0
KLHL36,0.059715606,0.0,0.0
KLHL41,0.07430766,0.0,0.0
KLHL42,0.11383674,0.0,0.0
KLHL5,0.064490095,0.0,-1.0
KLHL6,0.10251756,0.0,-1.0
KLHL8,0.014801336,0.0,-1.0
KLHL9,0.21260881,0.0,0.0
KLK1,3.560337e-08,0.0,-1.0
KLK10,0.0010231165,0.0,-1.0
KLK13,0.034015168,0.0,-1.0
KLK2,0.030661797,0.0,1.0
KLK3,0.010658955,0.0,-1.0
KLK7,3.869674e-07,0.0,-1.0
KLKB1,0.002077939,0.0,0.0
KLKP1,0.0021701006,0.0,0.0
KLLN,0.04130224,0.0,-1.0
KLRC1,0.0010899646,0.0,0.0
KLRC2,0.0011050713,0.0,0.0
KLRC3,0.0004165733,0.0,0.0
KLRD1,0.00033078977,0.0,0.0
KLRG1,0.00033196056,0.0,0.0
KLRK1,0.066581935,0.0,-1.0
KMO,0.0759462,0.0,-1.0
KMT2A,0.4549303,0.0,1.0
KMT2C,0.26080328,0.0,1.0
KMT2D,0.32680494,0.0,1.0
KMT2E,0.13700414,0.0,-1.0
KMT2E-AS1,0.0772345,0.0,0.0
KMT5A,0.3881055,0.0,-1.0
KMT5B,0.024135932,0.0,0.0
KMT5C,0.18516237,0.0,0.0
KNCN,0.0072186915,0.0,0.0
KNG1,0.006449368,0.0,-1.0
KNL1,0.16664225,0.0,1.0
KNOP1,0.017025914,0.0,0.0
KNSTRN,0.02281944,0.0,1.0
KNTC1,0.124599636,0.0,0.0
KPNA1,0.34734955,0.0,0.0
KPNA2,0.36901927,0.0,0.0
KPNA3,0.19900891,0.0,0.0
KPNA4,0.28002143,0.0,0.0
KPNA5,0.1778285,0.0,-1.0
KPNA6,0.20813349,0.0,0.0
KPNA7,0.065523006,0.0,-1.0
KPNB1,0.57293904,1.0,-1.0
KPTN,0.19047514,0.0,0.0
KRAS,0.808997,1.0,1.0
KRBA1,0.051209826,0.0,0.0
KRBA2,0.03183894,0.0,0.0
KRBOX5,0.03903286,0.0,0.0
KRCC1,0.035991807,0.0,-1.0
KREMEN1,0.105115294,0.0,-1.0
KREMEN2,0.14608982,0.0,0.0
KRI1,0.054162253,0.0,0.0
KRIT1,0.2305389,0.0,-1.0
KRR1,0.17164117,0.0,0.0
KRT1,0.15454683,0.0,-1.0
KRT10,0.2181919,0.0,-1.0
KRT10-AS1,0.04548806,0.0,0.0
KRT12,0.054279372,0.0,-1.0
KRT13,0.10628194,0.0,-1.0
KRT14,0.24827144,0.0,-1.0
KRT15,0.45801252,0.0,-1.0
KRT16,0.0037258978,0.0,-1.0
KRT17,0.3566288,0.0,-1.0
KRT18,0.5816882,1.0,-1.0
KRT19,0.39325836,0.0,0.0
KRT2,0.061629467,0.0,-1.0
KRT20,0.09460906,0.0,0.0
KRT23,0.01979154,0.0,0.0
KRT26,0.0053741536,0.0,-1.0
KRT28,0.0029072312,0.0,0.0
KRT31,0.29286325,0.0,0.0
KRT32,0.0044473894,0.0,0.0
KRT33A,0.0346465,0.0,0.0
KRT33B,0.123115525,0.0,0.0
KRT34,0.08838082,0.0,0.0
KRT35,0.089908585,0.0,0.0
KRT36,0.10824066,0.0,0.0
KRT37,0.027625095,0.0,0.0
KRT39,0.055079307,0.0,0.0
KRT4,0.17268577,0.0,0.0
KRT5,0.090885974,0.0,-1.0
KRT6A,0.15997918,0.0,-1.0
KRT6B,0.09725813,0.0,-1.0
KRT7,0.15153034,0.0,0.0
KRT72,0.12383484,0.0,0.0
KRT73,0.017125266,0.0,-1.0
KRT74,0.061918817,0.0,-1.0
KRT77,0.060074612,0.0,0.0
KRT78,0.102598205,0.0,0.0
KRT79,0.013177232,0.0,0.0
KRT8,0.21170734,0.0,-1.0
KRT80,0.14832212,0.0,0.0
KRT81,0.106233545,0.0,-1.0
KRT82,0.10704418,0.0,0.0
KRT83,0.009326256,0.0,-1.0
KRT84,0.043227226,0.0,-1.0
KRT85,0.23490748,0.0,0.0
KRT9,0.089705236,0.0,-1.0
KRTAP19-5,0.006164199,0.0,0.0
KRTAP3-1,0.12430094,0.0,0.0
KRTAP3-2,0.018342804,0.0,0.0
KRTAP3-4P,0.017590674,0.0,0.0
KRTAP4-12,0.22312245,0.0,0.0
KRTAP5-6,0.05962573,0.0,0.0
KRTAP9-2,0.0036679858,0.0,0.0
KRTAP9-3,0.025378859,0.0,0.0
KRTCAP2,0.043382596,0.0,0.0
KSR1,0.3026439,0.0,-1.0
KSR2,0.2949504,0.0,1.0
KTI12,0.015591586,0.0,0.0
KTN1,0.26008177,0.0,1.0
KXD1,0.109457925,0.0,0.0
KYAT1,0.040743146,0.0,0.0
KYAT3,0.017781507,0.0,0.0
KYNU,0.07539063,0.0,0.0
L1CAM,0.5544373,1.0,-1.0
L2HGDH,0.04229611,0.0,0.0
L3HYPDH,0.011742967,0.0,0.0
L3MBTL1,0.31563175,0.0,0.0
L3MBTL2,0.16526426,0.0,0.0
L3MBTL3,0.05782621,0.0,0.0
LACC1,0.009048159,0.0,-1.0
LACRT,0.24522619,0.0,0.0
LACTB,0.021991245,0.0,-1.0
LACTB2,0.04375947,0.0,0.0
LAD1,0.0037423812,0.0,0.0
LAG3,0.0034297053,0.0,0.0
LAGE3,0.017346324,0.0,0.0
LAIR1,0.29090428,0.0,0.0
LALBA,0.04185421,0.0,0.0
LAMA1,0.33118293,0.0,-1.0
LAMA2,0.17377509,0.0,-1.0
LAMA3,0.32823077,0.0,-1.0
LAMA4,0.30270323,0.0,-1.0
LAMA5,0.15786985,0.0,-1.0
LAMB1,0.18878049,0.0,-1.0
LAMB2,0.21833241,0.0,-1.0
LAMB3,0.06441193,0.0,-1.0
LAMB4,0.2957168,0.0,-1.0
LAMC1,0.43144438,0.0,-1.0
LAMC2,0.21890113,0.0,-1.0
LAMC3,0.112786815,0.0,-1.0
LAMP1,0.06783344,0.0,-1.0
LAMP2,0.052121416,0.0,-1.0
LAMP3,0.00460404,0.0,0.0
LAMTOR1,0.07787049,0.0,0.0
LAMTOR2,0.039906785,0.0,-1.0
LAMTOR3,0.09727946,0.0,0.0
LAMTOR4,0.0366023,0.0,0.0
LAMTOR5,0.1572334,0.0,0.0
LANCL1,0.060701363,0.0,0.0
LANCL2,0.029680213,0.0,0.0
LAP3,0.044480514,0.0,0.0
LAPTM4A,0.04043021,0.0,-1.0
LAPTM5,0.30049893,0.0,-1.0
LARP1,0.23601994,0.0,-1.0
LARP1B,0.057947222,0.0,0.0
LARP4,0.09660704,0.0,0.0
LARP4B,0.32655755,0.0,1.0
LARP6,0.09772131,0.0,0.0
LARP7,0.17431776,0.0,-1.0
LARS1,0.102159366,0.0,0.0
LARS2,0.10129811,0.0,0.0
LAS1L,0.26415533,0.0,0.0
LASP1,0.11147128,0.0,1.0
LAT,0.60668564,1.0,-1.0
LAT2,0.14682212,0.0,0.0
LATS1,0.4328609,0.0,1.0
LATS2,0.014643482,0.0,1.0
LAX1,0.13383427,0.0,0.0
LBP,0.05132134,0.0,-1.0
LBR,0.15794812,0.0,-1.0
LBX1,0.13899267,0.0,0.0
LBX1-AS1,0.10830914,0.0,0.0
LBX2,0.0899469,0.0,0.0
LCAT,0.042573538,0.0,-1.0
LCK,0.64267635,1.0,1.0
LCLAT1,0.13736324,0.0,0.0
LCMT1,0.008390057,0.0,0.0
LCMT2,0.006998243,0.0,0.0
LCN1,0.011505546,0.0,0.0
LCN15,0.016715733,0.0,0.0
LCN2,0.061324824,0.0,0.0
LCN8,0.05203477,0.0,0.0
LCNL1,0.054646898,0.0,0.0
LCOR,0.39954844,0.0,0.0
LCORL,0.05033543,0.0,0.0
LCP1,0.029599883,0.0,-1.0
LCP2,0.55563915,1.0,0.0
LCT,0.25663733,0.0,0.0
LDAF1,0.017644614,0.0,0.0
LDAH,0.007826767,0.0,0.0
LDB1,0.27342895,0.0,-1.0
LDB2,0.091369435,0.0,0.0
LDB3,0.1187395,0.0,-1.0
LDHA,0.032725923,0.0,-1.0
LDHAL6A,0.012860982,0.0,-1.0
LDHAL6B,0.012860982,0.0,-1.0
LDHB,0.017352777,0.0,-1.0
LDHC,0.012860982,0.0,-1.0
LDHD,0.016935024,0.0,0.0
LDLR,0.45929718,0.0,-1.0
LDLRAD4,0.05748234,0.0,0.0
LDLRAP1,0.17130199,0.0,-1.0
LDOC1,0.2927024,0.0,-1.0
LEAP2,0.013169675,0.0,0.0
LEF1,0.5157865,1.0,1.0
LEKR1,0.073707275,0.0,0.0
LEMD2,0.028378647,0.0,-1.0
LEMD3,0.047036737,0.0,-1.0
LENEP,0.006707487,0.0,0.0
LENG1,0.067801274,0.0,0.0
LENG8,0.11863367,0.0,0.0
LENG9,0.041359182,0.0,0.0
LEO1,0.20306331,0.0,0.0
LEP,0.20575325,0.0,-1.0
LEPR,0.41914344,0.0,-1.0
LEPROT,0.08214645,0.0,0.0
LEPROTL1,0.00033196056,0.0,1.0
LETM1,0.027020056,0.0,-1.0
LETMD1,0.05960938,0.0,0.0
LEXM,0.022661246,0.0,0.0
LFNG,0.6732361,1.0,-1.0
LGALS1,0.05259576,0.0,-1.0
LGALS13,0.02046682,0.0,0.0
LGALS16,0.009375547,0.0,0.0
LGALS2,0.005260196,0.0,0.0
LGALS3,0.14824334,0.0,-1.0
LGALS3BP,0.12494842,0.0,-1.0
LGALS4,0.044730783,0.0,0.0
LGALS7,0.15881154,0.0,0.0
LGALS8,0.120201565,0.0,0.0
LGALS9,0.22230089,0.0,0.0
LGI1,0.00021088569,0.0,-1.0
LGI4,0.05271771,0.0,0.0
LGMN,0.0024744258,0.0,0.0
LGR5,0.12427315,0.0,0.0
LGR6,0.06986917,0.0,-1.0
LGTN,0.053475585,0.0,0.0
LHCGR,0.07873118,0.0,-1.0
LHFPL4,0.00061668677,0.0,0.0
LHFPL5,0.03956252,0.0,0.0
LHFPL6,0.018842304,0.0,-1.0
LHPP,0.06269363,0.0,0.0
LHX1,0.28654784,0.0,0.0
LHX2,0.34224212,0.0,0.0
LHX3,0.32304487,0.0,-1.0
LHX4,0.08056884,0.0,-1.0
LHX5,0.2927666,0.0,0.0
LHX6,0.0946834,0.0,0.0
LHX8,0.03208866,0.0,0.0
LHX9,0.24431977,0.0,0.0
LIAS,0.03317347,0.0,0.0
LIF,0.15557598,0.0,0.0
LIFR,0.41574425,0.0,1.0
LIG1,0.355499,0.0,0.0
LIG3,0.12987396,0.0,0.0
LIG4,0.24589741,0.0,-1.0
LILRA3,0.013912313,0.0,0.0
LILRB1,0.44520977,0.0,-1.0
LILRB2,0.3626486,0.0,-1.0
LILRB3,0.044666685,0.0,0.0
LILRB4,0.119210765,0.0,0.0
LIMA1,0.1394205,0.0,0.0
LIMD1,0.028263086,0.0,-1.0
LIME1,0.046177823,0.0,0.0
LIMK1,0.31964177,0.0,-1.0
LIMK2,0.28565234,0.0,0.0
LIMS1,0.23546477,0.0,0.0
LIMS2,0.008397604,0.0,0.0
LIN28A,0.04040935,0.0,0.0
LIN28B,0.0538596,0.0,-1.0
LIN37,0.20319179,0.0,0.0
LIN52,0.17729424,0.0,0.0
LIN54,0.23030871,0.0,0.0
LIN7A,0.315169,0.0,-1.0
LIN7B,0.22824727,0.0,0.0
LIN7C,0.35916948,0.0,0.0
LIN9,0.2427522,0.0,-1.0
LINC00111,0.024458667,0.0,0.0
LINC00115,0.016602535,0.0,0.0
LINC00160,0.017582485,0.0,0.0
LINC00161,0.004156885,0.0,0.0
LINC00235,0.012382886,0.0,0.0
LINC00240,0.011576037,0.0,0.0
LINC00242,0.028402815,0.0,0.0
LINC00244,0.01796319,0.0,0.0
LINC00261,0.16286464,0.0,0.0
LINC00265,0.06965194,0.0,0.0
LINC00304,0.011840995,0.0,0.0
LINC00305,0.026485918,0.0,0.0
LINC00319,0.013243301,0.0,0.0
LINC00324,0.09643264,0.0,0.0
LINC00336,0.015393452,0.0,0.0
LINC00461,0.1225337,0.0,0.0
LINC00471,0.17297432,0.0,0.0
LINC00473,0.013243301,0.0,0.0
LINC00475,0.014583004,0.0,0.0
LINC00479,0.03924415,0.0,0.0
LINC00482,0.027822513,0.0,0.0
LINC00515,0.10987322,0.0,0.0
LINC00518,0.041199483,0.0,0.0
LINC00520,0.05083283,0.0,0.0
LINC00574,0.032134075,0.0,0.0
LINC00589,0.036764655,0.0,0.0
LINC00596,0.02620893,0.0,0.0
LINC00652,0.019184677,0.0,0.0
LINC01011,0.1345594,0.0,0.0
LINC01194,0.12783091,0.0,0.0
LINC01465,0.03925644,0.0,0.0
LINC01547,0.008140633,0.0,0.0
LINC01554,0.09954206,0.0,0.0
LINC01588,0.013243301,0.0,0.0
LINC01590,0.015092179,0.0,0.0
LINC02145,0.0085235685,0.0,0.0
LINC02870,0.061220136,0.0,0.0
LINC02875,0.087619245,0.0,0.0
LINC02904,0.0191116,0.0,0.0
LINC02908,0.014583004,0.0,0.0
LINC02909,0.03641063,0.0,0.0
LINGO1,0.12753089,0.0,0.0
LINS1,0.024883347,0.0,0.0
LIPA,0.030428968,0.0,-1.0
LIPC,0.07020881,0.0,-1.0
LIPE,0.033764016,0.0,-1.0
LIPF,0.05814654,0.0,0.0
LIPG,0.06522813,0.0,0.0
LIPH,0.017603613,0.0,-1.0
LIPT2,0.031723853,0.0,0.0
LIX1,0.013931047,0.0,0.0
LLCFC1,0.0012581198,0.0,0.0
LLGL1,0.20911229,0.0,-1.0
LLGL2,0.11701642,0.0,-1.0
LLPH,0.029001249,0.0,0.0
LMAN1,0.29261342,0.0,-1.0
LMAN2,0.024893904,0.0,0.0
LMBR1,0.0036293212,0.0,-1.0
LMBR1L,0.00678682,0.0,0.0
LMBRD1,0.119498394,0.0,0.0
LMBRD2,0.0430991,0.0,0.0
LMCD1,0.023577858,0.0,-1.0
LMF1,0.06994439,0.0,-1.0
LMLN,0.005413803,0.0,0.0
LMNA,0.52333105,1.0,1.0
LMNB1,0.391648,0.0,0.0
LMNB2,0.11639864,0.0,-1.0
LMNTD2,0.012512556,0.0,-1.0
LMO1,0.25099954,0.0,1.0
LMO2,0.34605455,0.0,1.0
LMO3,0.23239686,0.0,-1.0
LMO4,0.29110307,0.0,0.0
LMO7,0.2362168,0.0,-1.0
LMTK2,0.14331758,0.0,0.0
LMTK3,0.09181839,0.0,0.0
LMX1A,0.29300508,0.0,-1.0
LMX1B,0.17344907,0.0,-1.0
LNP1,0.019978434,0.0,-1.0
LNPEP,0.36708835,0.0,-1.0
LNPK,0.012357045,0.0,0.0
LNX1,0.38684672,0.0,0.0
LNX2,0.09780166,0.0,0.0
LONP1,0.050722055,0.0,0.0
LONP2,0.07562022,0.0,0.0
LONRF1,0.06117778,0.0,-1.0
LONRF2,0.0033620927,0.0,0.0
LOX,0.008002933,0.0,-1.0
LOXHD1,0.05175203,0.0,-1.0
LOXL1,0.033016093,0.0,-1.0
LOXL2,0.03746926,0.0,-1.0
LOXL3,0.040772434,0.0,-1.0
LOXL4,0.051521573,0.0,-1.0
LPA,0.35856903,0.0,0.0
LPAR2,0.19755033,0.0,-1.0
LPAR4,0.051840473,0.0,-1.0
LPAR5,0.0036950924,0.0,-1.0
LPCAT1,0.020514172,0.0,0.0
LPCAT2,0.010868786,0.0,0.0
LPCAT3,0.019205505,0.0,0.0
LPIN1,0.12165837,0.0,-1.0
LPIN3,0.027788017,0.0,0.0
LPL,0.21197648,0.0,-1.0
LPO,0.008202522,0.0,0.0
LPP,0.066128105,0.0,1.0
LPXN,0.20990844,0.0,0.0
LRATD2,0.04274925,0.0,-1.0
LRBA,0.13280107,0.0,-1.0
LRCH1,0.004237947,0.0,0.0
LRCH2,0.032662917,0.0,0.0
LRCH3,0.048393063,0.0,0.0
LRCH4,0.110437304,0.0,0.0
LRFN1,0.03674587,0.0,0.0
LRFN2,0.037416227,0.0,-1.0
LRG1,0.008688581,0.0,0.0
LRIF1,0.5368333,1.0,0.0
LRIG1,0.3858256,0.0,-1.0
LRIG2,0.010818066,0.0,-1.0
LRIT2,0.006447559,0.0,0.0
LRMDA,0.069613606,0.0,-1.0
LRP1,0.85882914,1.0,-1.0
LRP10,0.07051772,0.0,0.0
LRP11,0.031686343,0.0,0.0
LRP12,0.04039915,0.0,0.0
LRP2,0.7581236,1.0,-1.0
LRP2BP,0.0037807315,0.0,0.0
LRP4,0.028962318,0.0,0.0
LRP5,0.20829804,0.0,1.0
LRP6,0.49506998,0.0,1.0
LRP8,0.71191186,1.0,-1.0
LRPAP1,0.39846396,0.0,0.0
LRPPRC,0.2532836,0.0,-1.0
LRR1,0.01075566,0.0,0.0
LRRC1,0.10327367,0.0,0.0
LRRC14,0.061265558,0.0,0.0
LRRC15,0.07682823,0.0,0.0
LRRC18,0.025405046,0.0,-1.0
LRRC20,0.045507483,0.0,0.0
LRRC23,0.23213737,0.0,0.0
LRRC24,0.037787784,0.0,0.0
LRRC25,0.050341345,0.0,-1.0
LRRC26,0.0024866965,0.0,0.0
LRRC27,0.02523548,0.0,0.0
LRRC28,0.044862878,0.0,0.0
LRRC29,0.019332182,0.0,0.0
LRRC31,0.023089528,0.0,0.0
LRRC32,0.038179,0.0,-1.0
LRRC37A3,0.014331182,0.0,-1.0
LRRC40,0.00917797,0.0,0.0
LRRC41,0.11950606,0.0,0.0
LRRC45,0.011032696,0.0,-1.0
LRRC46,0.02352821,0.0,0.0
LRRC47,0.069499426,0.0,-1.0
LRRC49,0.055139583,0.0,0.0
LRRC4C,0.029312672,0.0,-1.0
LRRC56,0.032885976,0.0,0.0
LRRC57,0.002487915,0.0,0.0
LRRC58,0.028084002,0.0,0.0
LRRC59,0.047270115,0.0,0.0
LRRC61,0.072677925,0.0,0.0
LRRC69,0.0057136277,0.0,0.0
LRRC7,0.16310284,0.0,-1.0
LRRC71,0.030127035,0.0,0.0
LRRC8A,0.04927569,0.0,-1.0
LRRC8B,0.039289363,0.0,0.0
LRRC8E,0.034416445,0.0,0.0
LRRFIP1,0.26461613,0.0,-1.0
LRRFIP2,0.04898306,0.0,0.0
LRRK1,0.0994284,0.0,-1.0
LRRK2,0.16487056,0.0,-1.0
LRRN3,0.01915824,0.0,-1.0
LRRN4,0.005560174,0.0,0.0
LRRTM3,0.019277906,0.0,0.0
LRSAM1,0.17186812,0.0,0.0
LRTOMT,0.055556186,0.0,0.0
LRWD1,0.005944331,0.0,-1.0
LSM1,0.0869359,0.0,0.0
LSM10,0.033746053,0.0,0.0
LSM11,0.055649202,0.0,0.0
LSM12,0.02215667,0.0,0.0
LSM14B,0.017357891,0.0,0.0
LSM2,0.17151657,0.0,0.0
LSM3,0.08292718,0.0,0.0
LSM4,0.15968888,0.0,0.0
LSM5,0.033772383,0.0,0.0
LSM6,0.07216382,0.0,0.0
LSM7,0.0651101,0.0,0.0
LSM8,0.032730527,0.0,0.0
LSP1,0.21103725,0.0,-1.0
LSR,0.24485362,0.0,0.0
LSS,0.051021915,0.0,0.0
LTA,0.014071855,0.0,-1.0
LTA4H,0.07119983,0.0,-1.0
LTB,0.039569598,0.0,1.0
LTB4R,0.06013742,0.0,0.0
LTB4R2,0.09358416,0.0,0.0
LTBP1,0.24582447,0.0,0.0
LTBP2,0.12719698,0.0,-1.0
LTBP3,0.17366849,0.0,-1.0
LTBP4,0.15239099,0.0,-1.0
LTBR,0.20940311,0.0,-1.0
LTC4S,0.0269692,0.0,0.0
LTF,0.09812077,0.0,0.0
LTK,0.24448399,0.0,-1.0
LTN1,0.041513585,0.0,0.0
LTO1,0.020255135,0.0,-1.0
LTV1,0.03973517,0.0,0.0
LUC7L,0.10365057,0.0,-1.0
LUC7L2,0.3186889,0.0,-1.0
LUC7L3,0.07135515,0.0,0.0
LUM,0.2573664,0.0,-1.0
LURAP1,0.039347038,0.0,0.0
LUZP1,0.18541124,0.0,-1.0
LXN,0.025010256,0.0,0.0
LY6E,0.04371606,0.0,-1.0
LY6E-DT,0.017586092,0.0,0.0
LY6G5C,0.016044436,0.0,0.0
LY6G6C,0.047654513,0.0,0.0
LY6G6F,0.14995883,0.0,0.0
LY75,0.04235135,0.0,0.0
LY86,0.10485133,0.0,0.0
LY9,0.26401114,0.0,0.0
LY96,0.4836045,0.0,0.0
LYAR,0.20266327,0.0,0.0
LYL1,0.3782985,0.0,1.0
LYN,0.7043597,1.0,1.0
LYNX1,0.029599002,0.0,0.0
LYPD1,0.018427268,0.0,0.0
LYPD6B,0.008208497,0.0,0.0
LYPLA1,0.025299845,0.0,-1.0
LYPLA2,0.022339787,0.0,0.0
LYPLAL1,0.021505577,0.0,0.0
LYRM1,0.064690955,0.0,0.0
LYRM9,0.014583004,0.0,-1.0
LYSMD1,0.02863179,0.0,0.0
LYSMD2,0.049937893,0.0,0.0
LYSMD3,0.015779214,0.0,0.0
LYST,0.5126329,1.0,-1.0
LYZ,0.17621958,0.0,-1.0
LYZL1,0.047631092,0.0,0.0
LYZL2,0.034930363,0.0,0.0
LZIC,0.019181188,0.0,0.0
LZTFL1,0.22202486,0.0,0.0
LZTR1,0.28532335,0.0,1.0
LZTS1,0.15053713,0.0,-1.0
LZTS2,0.0886098,0.0,0.0
LZTS3,0.12584493,0.0,0.0
M1AP,0.02484077,0.0,-1.0
M6PR,0.079626404,0.0,0.0
MAB21L4,0.017582485,0.0,0.0
MACC1,0.14156695,0.0,1.0
MACF1,0.32703438,0.0,-1.0
MACO1,0.05645929,0.0,0.0
MACROD1,0.04916134,0.0,-1.0
MACROD2,0.06562629,0.0,-1.0
MACROH2A1,0.3296591,0.0,-1.0
MACROH2A2,0.06648371,0.0,-1.0
MAD1L1,0.2243117,0.0,-1.0
MAD2L1,0.48851863,0.0,-1.0
MAD2L1BP,0.253905,0.0,0.0
MAD2L2,0.33504832,0.0,1.0
MADCAM1,0.03454851,0.0,0.0
MADD,0.101546064,0.0,-1.0
MAEA,0.0031282727,0.0,0.0
MAF,0.28842956,0.0,1.0
MAF1,0.11614021,0.0,0.0
MAFA,0.16724142,0.0,-1.0
MAFB,0.13885425,0.0,1.0
MAFF,0.33906838,0.0,0.0
MAFG,0.16362439,0.0,-1.0
MAFK,0.55539846,1.0,-1.0
MAG,0.18457073,0.0,0.0
MAGEA1,0.101882935,0.0,-1.0
MAGEA11,0.2764043,0.0,0.0
MAGEA12,0.24588753,0.0,0.0
MAGEA2,0.16198437,0.0,0.0
MAGEA2B,0.05076834,0.0,0.0
MAGEA3,0.11188502,0.0,-1.0
MAGEA4,0.22987503,0.0,0.0
MAGEA6,0.1614734,0.0,-1.0
MAGEA9,0.24758483,0.0,0.0
MAGEB1,0.13539585,0.0,0.0
MAGEB18,0.11586693,0.0,0.0
MAGEB2,0.15077814,0.0,0.0
MAGEB3,0.055143114,0.0,0.0
MAGEB4,0.014612923,0.0,0.0
MAGEB6,0.28762126,0.0,0.0
MAGED1,0.23872575,0.0,-1.0
MAGED2,0.11646403,0.0,0.0
MAGED4,0.02051313,0.0,0.0
MAGED4B,0.06075547,0.0,0.0
MAGEH1,0.06392889,0.0,0.0
MAGEL2,0.02878624,0.0,0.0
MAGI1,0.38034946,0.0,0.0
MAGI2,0.21574934,0.0,-1.0
MAGI3,0.19764778,0.0,0.0
MAGIX,0.05941859,0.0,0.0
MAGOH,0.2639717,0.0,0.0
MAGOHB,0.13580114,0.0,0.0
MAGT1,0.059839964,0.0,-1.0
MAIP1,0.007857669,0.0,0.0
MAK,0.13731408,0.0,-1.0
MAK16,0.05446695,0.0,0.0
MAL2,0.043405417,0.0,0.0
MALAT1,0.35278156,0.0,-1.0
MALL,0.05377097,0.0,0.0
MALSU1,0.010975902,0.0,-1.0
MALT1,0.13998353,0.0,1.0
MAML1,0.66035473,1.0,-1.0
MAML2,0.50559825,1.0,1.0
MAML3,0.41904044,0.0,-1.0
MAMSTR,0.0077059483,0.0,-1.0
MAN1A1,0.05637402,0.0,0.0
MAN1A2,0.110151194,0.0,-1.0
MAN1B1,0.04195775,0.0,-1.0
MAN2A1,0.058022298,0.0,-1.0
MAN2A2,0.22917211,0.0,0.0
MAN2B2,0.0059216307,0.0,0.0
MAN2C1,0.05377203,0.0,0.0
MANBA,0.011261507,0.0,-1.0
MANBAL,0.040157493,0.0,0.0
MANEAL,0.02237405,0.0,0.0
MAOA,0.04620743,0.0,0.0
MAOB,0.045891676,0.0,0.0
MAP10,0.011115715,0.0,0.0
MAP1A,0.25739062,0.0,0.0
MAP1B,0.42253962,0.0,0.0
MAP1LC3A,0.49631968,0.0,-1.0
MAP1LC3B,0.3430477,0.0,-1.0
MAP1LC3B2,0.2589733,0.0,0.0
MAP1LC3C,0.1476069,0.0,-1.0
MAP1S,0.21418555,0.0,-1.0
MAP2,0.48137024,0.0,-1.0
MAP2K1,0.4884671,0.0,1.0
MAP2K2,0.38905057,0.0,1.0
MAP2K3,0.45152146,0.0,-1.0
MAP2K4,0.5470862,1.0,1.0
MAP2K5,0.265394,0.0,-1.0
MAP2K6,0.3449822,0.0,-1.0
MAP2K7,0.4812964,0.0,-1.0
MAP3K1,0.5918857,1.0,1.0
MAP3K10,0.1871319,0.0,0.0
MAP3K11,0.56227386,1.0,0.0
MAP3K12,0.3543563,0.0,-1.0
MAP3K13,0.40130323,0.0,1.0
MAP3K14,0.48598644,0.0,1.0
MAP3K15,0.03023876,0.0,0.0
MAP3K2,0.22962196,0.0,0.0
MAP3K20,0.17608625,0.0,0.0
MAP3K21,0.017590674,0.0,-1.0
MAP3K3,0.34676665,0.0,-1.0
MAP3K4,0.43500948,0.0,-1.0
MAP3K5,0.6920799,1.0,-1.0
MAP3K6,0.1684761,0.0,-1.0
MAP3K7,0.55743295,1.0,-1.0
MAP3K7CL,0.0705207,0.0,0.0
MAP3K8,0.40129858,0.0,-1.0
MAP3K9,0.07646336,0.0,-1.0
MAP4,0.27105406,0.0,-1.0
MAP4K1,0.49731228,0.0,0.0
MAP4K2,0.44758952,0.0,-1.0
MAP4K3,0.25477034,0.0,-1.0
MAP4K4,0.09361727,0.0,0.0
MAP4K5,0.39023113,0.0,0.0
MAP6,0.17621325,0.0,0.0
MAP6D1,0.0046364646,0.0,0.0
MAP7,0.07357683,0.0,-1.0
MAP7D1,0.14074218,0.0,0.0
MAPK1,0.80915874,1.0,1.0
MAPK10,0.50372565,1.0,-1.0
MAPK11,0.33944106,0.0,-1.0
MAPK12,0.27339703,0.0,-1.0
MAPK13,0.46719548,0.0,-1.0
MAPK14,0.5413243,1.0,-1.0
MAPK15,0.38186538,0.0,0.0
MAPK1IP1L,0.08653999,0.0,0.0
MAPK3,0.62133455,1.0,1.0
MAPK6,0.44005364,0.0,-1.0
MAPK7,0.43387386,0.0,-1.0
MAPK8,0.5353873,1.0,-1.0
MAPK8IP1,0.4505796,0.0,-1.0
MAPK8IP2,0.3560272,0.0,0.0
MAPK8IP3,0.4815057,0.0,0.0
MAPK9,0.44431832,0.0,-1.0
MAPKAP1,0.18088202,0.0,-1.0
MAPKAPK2,0.3537359,0.0,-1.0
MAPKAPK3,0.11766838,0.0,0.0
MAPKAPK5,0.43910277,0.0,-1.0
MAPKBP1,0.042002186,0.0,0.0
MAPRE1,0.11410078,0.0,-1.0
MAPRE2,0.09009577,0.0,0.0
MAPRE3,0.03955615,0.0,-1.0
MAPT,0.6565764,1.0,-1.0
MARCHF1,0.1680172,0.0,0.0
MARCHF10,0.0011845755,0.0,0.0
MARCHF11,0.0017775351,0.0,-1.0
MARCHF2,0.123379365,0.0,0.0
MARCHF3,0.07482304,0.0,-1.0
MARCHF4,0.07506528,0.0,0.0
MARCHF5,0.14529103,0.0,0.0
MARCHF6,0.07665157,0.0,0.0
MARCHF7,0.07015427,0.0,0.0
MARCHF8,0.057329576,0.0,0.0
MARCHF9,0.020465495,0.0,0.0
MARCKS,0.14054337,0.0,-1.0
MARCKSL1,0.033213627,0.0,0.0
MARCO,2.1486732e-05,0.0,0.0
MARF1,0.0587201,0.0,0.0
MARK1,0.28813607,0.0,0.0
MARK2,0.53960097,1.0,-1.0
MARK3,0.49009156,0.0,-1.0
MARK4,0.50189745,1.0,-1.0
MARS1,0.14411943,0.0,-1.0
MARS2,0.06624473,0.0,0.0
MARVELD3,0.035315994,0.0,0.0
MAS1,0.006685437,0.0,-1.0
MASP1,0.0063876854,0.0,0.0
MASP2,0.0063876854,0.0,0.0
MAST1,0.42361245,0.0,-1.0
MAST2,0.17785919,0.0,0.0
MAST3,0.17588261,0.0,-1.0
MAST4,0.18861583,0.0,-1.0
MAT1A,0.075436294,0.0,0.0
MAT2A,0.085272975,0.0,0.0
MAT2B,0.07827204,0.0,0.0
MATK,0.3564739,0.0,-1.0
MATN1,0.20564528,0.0,0.0
MATN2,0.38786322,0.0,0.0
MATN3,0.13750601,0.0,-1.0
MATN4,0.16331093,0.0,0.0
MATR3,0.23424532,0.0,-1.0
MAU2,0.02722833,0.0,0.0
MAVS,0.075392336,0.0,0.0
MAX,0.41904768,0.0,1.0
MAZ,0.17992203,0.0,-1.0
MB,0.069041975,0.0,0.0
MB21D2,0.021007383,0.0,-1.0
MBD1,0.35923004,0.0,-1.0
MBD2,0.33615732,0.0,-1.0
MBD3,0.45346895,0.0,0.0
MBD3L1,0.20462495,0.0,0.0
MBD3L2,0.23108108,0.0,0.0
MBD4,0.14876865,0.0,-1.0
MBD5,0.112307526,0.0,-1.0
MBD6,0.046977706,0.0,1.0
MBIP,0.37636587,0.0,0.0
MBL2,0.054207616,0.0,0.0
MBLAC2,0.008673386,0.0,0.0
MBNL1,0.09126665,0.0,-1.0
MBNL1-AS1,0.018312905,0.0,0.0
MBNL3,0.27071014,0.0,0.0
MBOAT1,0.025104985,0.0,0.0
MBOAT4,0.090319715,0.0,0.0
MBOAT7,0.096887514,0.0,0.0
MBP,0.37308726,0.0,0.0
MBTD1,0.063461676,0.0,0.0
MBTPS1,0.0588032,0.0,0.0
MBTPS2,0.021419344,0.0,0.0
MC1R,0.061343256,0.0,-1.0
MC3R,0.04144378,0.0,0.0
MC4R,0.031088967,0.0,-1.0
MC5R,0.0013399248,0.0,0.0
MCAM,0.16031198,0.0,-1.0
MCAT,0.0013242454,0.0,0.0
MCC,0.45749098,0.0,-1.0
MCCC1,0.06841127,0.0,0.0
MCCC2,0.07036888,0.0,0.0
MCEE,0.029021624,0.0,0.0
MCF2,0.30425352,0.0,-1.0
MCF2L,0.11339832,0.0,0.0
MCF2L2,0.036849074,0.0,-1.0
MCFD2,0.13273685,0.0,-1.0
MCL1,0.56157166,1.0,1.0
MCM10,0.3010562,0.0,0.0
MCM2,0.38148755,0.0,-1.0
MCM3,0.32262707,0.0,-1.0
MCM3AP,0.1994424,0.0,0.0
MCM3AP-AS1,0.020531354,0.0,0.0
MCM4,0.33187997,0.0,-1.0
MCM5,0.2970949,0.0,-1.0
MCM6,0.4109445,0.0,-1.0
MCM7,0.5176226,1.0,-1.0
MCM8,0.09113159,0.0,0.0
MCMBP,0.0585876,0.0,-1.0
MCOLN1,0.038412914,0.0,-1.0
MCPH1,0.42443478,0.0,-1.0
MCRIP1,0.005863943,0.0,0.0
MCRIP2,0.06301945,0.0,0.0
MCRS1,0.26678857,0.0,-1.0
MCTP1,0.098640956,0.0,0.0
MCTS1,0.058324575,0.0,0.0
MCTS2,0.011840995,0.0,0.0
MCU,0.009027246,0.0,0.0
MCUB,0.0663647,0.0,0.0
MDC1,0.66799456,1.0,-1.0
MDFI,0.2643093,0.0,0.0
MDFIC,0.059803948,0.0,-1.0
MDGA1,0.07081629,0.0,0.0
MDH1,0.10870153,0.0,0.0
MDH1B,0.031683944,0.0,0.0
MDH2,0.112162426,0.0,-1.0
MDK,0.41895723,0.0,-1.0
MDM1,0.07973739,0.0,0.0
MDM2,0.808501,1.0,1.0
MDM4,0.42543918,0.0,1.0
MDN1,0.23394413,0.0,0.0
MDP1,0.063965835,0.0,0.0
MDS2,0.0022483682,0.0,-1.0
ME1,0.08197138,0.0,-1.0
ME2,0.0016634468,0.0,0.0
ME3,0.08042265,0.0,-1.0
MEA1,0.017023528,0.0,0.0
MEAF6,0.20075737,0.0,0.0
MEAK7,0.032885,0.0,0.0
MECOM,0.53555995,1.0,1.0
MECP2,0.60960406,1.0,-1.0
MECR,0.066010624,0.0,0.0
MED1,0.5912815,1.0,-1.0
MED10,0.264368,0.0,0.0
MED11,0.07067175,0.0,0.0
MED12,0.46622515,0.0,1.0
MED12L,0.032849286,0.0,-1.0
MED13,0.19965297,0.0,-1.0
MED13L,0.07485492,0.0,-1.0
MED14,0.34710827,0.0,0.0
MED15,0.40927598,0.0,0.0
MED16,0.40561286,0.0,-1.0
MED17,0.34519184,0.0,0.0
MED18,0.1522074,0.0,0.0
MED19,0.27348322,0.0,0.0
MED20,0.14977737,0.0,0.0
MED21,0.33018726,0.0,0.0
MED22,0.08340613,0.0,0.0
MED23,0.32921052,0.0,-1.0
MED24,0.424628,0.0,0.0
MED25,0.18508324,0.0,-1.0
MED26,0.24582349,0.0,0.0
MED27,0.113864034,0.0,0.0
MED28,0.35303992,0.0,-1.0
MED29,0.274483,0.0,0.0
MED30,0.25093558,0.0,0.0
MED31,0.36597973,0.0,-1.0
MED4,0.2330998,0.0,0.0
MED6,0.33929053,0.0,0.0
MED7,0.28743678,0.0,0.0
MED8,0.091724284,0.0,0.0
MED9,0.23314744,0.0,0.0
MEF2A,0.5719812,1.0,-1.0
MEF2B,0.08694859,0.0,1.0
MEF2C,0.6988706,1.0,-1.0
MEF2D,0.59223706,1.0,1.0
MEFV,0.29671192,0.0,-1.0
MEG3,0.024838645,0.0,-1.0
MEGF11,0.06516411,0.0,0.0
MEGF6,0.16313544,0.0,0.0
MEGF8,0.09321925,0.0,0.0
MEGF9,0.02658366,0.0,0.0
MEIG1,0.018101377,0.0,0.0
MEIS1,0.39078254,0.0,-1.0
MEIS2,0.23281172,0.0,0.0
MEIS3,0.10114345,0.0,0.0
MELK,0.037878245,0.0,-1.0
MEN1,0.62120444,1.0,1.0
MEOX1,0.20134407,0.0,0.0
MEOX2,0.33267084,0.0,0.0
MEP1A,0.20967983,0.0,-1.0
MEP1B,0.023118129,0.0,0.0
MEPCE,0.30706882,0.0,0.0
MERTK,0.13519302,0.0,-1.0
MESD,0.14636081,0.0,0.0
MESP2,0.018852193,0.0,0.0
MEST,0.100099824,0.0,0.0
MESTIT1,0.03445276,0.0,0.0
MET,0.50817716,1.0,1.0
METAP1,0.012627667,0.0,0.0
METAP1D,0.035531815,0.0,0.0
METAP2,0.039847013,0.0,-1.0
METTL1,0.018065989,0.0,0.0
METTL13,0.039632183,0.0,0.0
METTL14,0.03589952,0.0,-1.0
METTL16,0.028392106,0.0,0.0
METTL17,0.019849785,0.0,0.0
METTL18,0.050549198,0.0,0.0
METTL21A,0.01111625,0.0,-1.0
METTL23,0.009159469,0.0,-1.0
METTL25,0.07696954,0.0,0.0
METTL25B,0.030965224,0.0,0.0
METTL26,0.06409021,0.0,-1.0
METTL2A,0.013636719,0.0,0.0
METTL2B,0.0071999035,0.0,0.0
METTL3,0.15254225,0.0,-1.0
METTL4,0.04761766,0.0,0.0
METTL5,0.019494634,0.0,0.0
METTL6,0.006676981,0.0,0.0
METTL7A,0.07265826,0.0,-1.0
METTL7B,0.026309976,0.0,0.0
METTL9,0.023552708,0.0,0.0
MEX3B,0.116697714,0.0,0.0
MEX3C,0.06676335,0.0,-1.0
MEX3D,0.008457812,0.0,0.0
MFAP1,0.046676155,0.0,0.0
MFAP2,0.0114057185,0.0,0.0
MFAP3,0.0066529573,0.0,0.0
MFGE8,0.060401976,0.0,0.0
MFHAS1,0.06875792,0.0,-1.0
MFN1,0.052251928,0.0,0.0
MFN2,0.10051974,0.0,-1.0
MFNG,0.55246425,1.0,0.0
MFRP,0.2787117,0.0,-1.0
MFSD1,0.027148077,0.0,0.0
MFSD11,0.03909714,0.0,0.0
MFSD12,0.010851975,0.0,0.0
MFSD13A,0.024792098,0.0,0.0
MFSD14A,0.014620547,0.0,0.0
MFSD2A,0.014670339,0.0,0.0
MFSD2B,0.038806,0.0,0.0
MFSD3,0.07759511,0.0,0.0
MFSD4B,0.04557462,0.0,0.0
MGA,0.14044583,0.0,1.0
MGARP,0.029323842,0.0,0.0
MGAT1,0.0023576522,0.0,0.0
MGAT2,0.018683625,0.0,-1.0
MGAT5,0.0486762,0.0,0.0
MGAT5B,0.0665607,0.0,-1.0
MGLL,0.03443219,0.0,0.0
MGME1,0.06543835,0.0,0.0
MGMT,0.54658896,1.0,1.0
MGP,0.020389896,0.0,0.0
MGRN1,0.07823428,0.0,0.0
MGST1,0.010099245,0.0,-1.0
MGST2,0.012237246,0.0,-1.0
MGST3,0.009748203,0.0,-1.0
MIA,0.14400594,0.0,0.0
MIA2,0.06130491,0.0,-1.0
MIA3,0.24464355,0.0,0.0
MIB1,0.34823656,0.0,-1.0
MIB2,0.21927215,0.0,-1.0
MICA,0.02040528,0.0,-1.0
MICAL1,0.25699297,0.0,0.0
MICAL2,0.012983194,0.0,-1.0
MICALL1,0.1428705,0.0,0.0
MICOS10,0.0463665,0.0,0.0
MICOS13,0.022709882,0.0,0.0
MICU1,0.02409751,0.0,0.0
MICU2,0.015816499,0.0,0.0
MID1,0.20546995,0.0,-1.0
MID1IP1,0.061168846,0.0,0.0
MID2,0.09185375,0.0,0.0
MIDEAS,0.13997532,0.0,1.0
MIDN,0.084679894,0.0,0.0
MIEF1,0.084278,0.0,0.0
MIEF2,0.02625858,0.0,0.0
MIEN1,0.030755473,0.0,-1.0
MIER1,0.12946646,0.0,-1.0
MIER2,0.09211071,0.0,0.0
MIF,0.10867779,0.0,-1.0
MIF4GD,0.046184007,0.0,0.0
MIGA1,0.024114825,0.0,0.0
MIIP,0.11150331,0.0,0.0
MINDY1,0.09218267,0.0,0.0
MINK1,0.22819193,0.0,0.0
MINPP1,0.09689749,0.0,0.0
MIOS,0.038308173,0.0,-1.0
MIOX,0.28200006,0.0,0.0
MIP,0.026065636,0.0,-1.0
MIPEP,0.031886842,0.0,0.0
MIR1915HG,0.02220337,0.0,0.0
MIR22HG,0.050061148,0.0,0.0
MIR4453HG,0.010929762,0.0,0.0
MIR7-3HG,0.009887415,0.0,0.0
MIR9-1HG,0.017499201,0.0,0.0
MIS12,0.43931428,0.0,0.0
MIS18A,0.007992813,0.0,0.0
MIS18BP1,0.21315803,0.0,0.0
MISP,0.027579911,0.0,0.0
MITD1,0.05283039,0.0,0.0
MITF,0.31251955,0.0,1.0
MIX23,0.012017051,0.0,0.0
MKI67,0.282514,0.0,-1.0
MKKS,0.06805594,0.0,-1.0
MKLN1,0.07457355,0.0,0.0
MKNK1,0.35636204,0.0,-1.0
MKNK2,0.32958674,0.0,0.0
MKRN1,0.025633402,0.0,-1.0
MKRN2,0.0015535998,0.0,0.0
MKRN3,0.17982325,0.0,-1.0
MKS1,0.0074571953,0.0,-1.0
MKX,0.12912765,0.0,0.0
MLANA,0.21544011,0.0,0.0
MLC1,0.0062380927,0.0,-1.0
MLEC,0.040508293,0.0,0.0
MLF1,0.1040938,0.0,1.0
MLF2,0.0957181,0.0,0.0
MLH1,0.54834175,1.0,1.0
MLH3,0.21404587,0.0,-1.0
MLKL,0.18202119,0.0,0.0
MLLT1,0.35472777,0.0,1.0
MLLT10,0.19021757,0.0,1.0
MLLT11,0.1129277,0.0,1.0
MLLT3,0.5032719,1.0,1.0
MLLT6,0.15152329,0.0,1.0
MLNR,0.0015753276,0.0,0.0
MLPH,0.17888586,0.0,-1.0
MLST8,0.17232953,0.0,-1.0
MLX,0.33810958,0.0,0.0
MLXIP,0.07477831,0.0,0.0
MLXIPL,0.024874816,0.0,-1.0
MLYCD,0.03564513,0.0,0.0
MMAA,0.035943467,0.0,0.0
MMAB,0.031788025,0.0,-1.0
MMACHC,0.098014705,0.0,-1.0
MMADHC,0.026798895,0.0,0.0
MME,0.04660089,0.0,-1.0
MMP1,0.012850808,0.0,-1.0
MMP10,0.0059829103,0.0,0.0
MMP13,0.0014400608,0.0,-1.0
MMP14,0.036689315,0.0,-1.0
MMP16,0.38490358,0.0,-1.0
MMP19,0.027591782,0.0,-1.0
MMP2,0.03452224,0.0,-1.0
MMP24,0.014700361,0.0,-1.0
MMP25,0.13470916,0.0,0.0
MMP28,0.018511431,0.0,0.0
MMP3,0.00025671526,0.0,-1.0
MMP7,0.08330417,0.0,0.0
MMP8,0.028207038,0.0,-1.0
MMP9,0.16560036,0.0,-1.0
MMRN1,0.09099943,0.0,0.0
MMS19,0.1847099,0.0,0.0
MMS22L,0.19946614,0.0,-1.0
MMUT,0.073174454,0.0,0.0
MN1,0.3753121,0.0,1.0
MNAT1,0.1862798,0.0,-1.0
MND1,0.06347857,0.0,0.0
MNDA,0.18006296,0.0,0.0
MNS1,0.029258497,0.0,0.0
MNT,0.081580915,0.0,0.0
MNX1,0.13080567,0.0,-1.0
MOAP1,0.16004609,0.0,-1.0
MOB1A,0.07954553,0.0,0.0
MOB1B,0.068347454,0.0,-1.0
MOB2,0.07267481,0.0,0.0
MOB3A,0.037555773,0.0,0.0
MOB3B,0.19930564,0.0,1.0
MOB3C,0.012649098,0.0,0.0
MOB4,0.43689412,0.0,0.0
MOCS3,0.029002892,0.0,-1.0
MOG,0.050238017,0.0,-1.0
MOGAT3,0.020537857,0.0,0.0
MOGS,0.061384358,0.0,-1.0
MOK,0.3052063,0.0,0.0
MON1A,0.010895819,0.0,0.0
MON1B,0.07364525,0.0,0.0
MON2,0.055019762,0.0,0.0
MORC2,0.13962604,0.0,0.0
MORC3,0.0388194,0.0,0.0
MORF4,0.019268336,0.0,0.0
MORF4L1,0.3646527,0.0,0.0
MORF4L2,0.39200473,0.0,0.0
MORN1,0.04152434,0.0,-1.0
MORN2,0.0075019985,0.0,0.0
MORN4,0.012410681,0.0,0.0
MORN5,0.0014641756,0.0,0.0
MOS,0.3427477,0.0,-1.0
MOSMO,0.007857669,0.0,0.0
MOV10,0.09220071,0.0,-1.0
MOV10L1,0.17850517,0.0,0.0
MPC1,0.028023688,0.0,-1.0
MPC2,0.041640077,0.0,0.0
MPDU1,0.095409,0.0,-1.0
MPDZ,0.08466927,0.0,-1.0
MPEG1,0.1997554,0.0,-1.0
MPG,0.07392566,0.0,0.0
MPHOSPH10,0.17301787,0.0,0.0
MPHOSPH6,0.1266034,0.0,0.0
MPHOSPH8,0.12171016,0.0,0.0
MPHOSPH9,0.132858,0.0,0.0
MPI,0.134455,0.0,-1.0
MPIG6B,0.11275456,0.0,0.0
MPL,0.08076272,0.0,1.0
MPLKIP,0.014583004,0.0,-1.0
MPND,0.05591331,0.0,0.0
MPO,0.0059231124,0.0,-1.0
MPP1,0.1876998,0.0,-1.0
MPP3,0.089741066,0.0,0.0
MPP4,0.056280892,0.0,0.0
MPP7,0.06968028,0.0,0.0
MPRIP,0.43538713,0.0,0.0
MPST,0.0029665863,0.0,0.0
MPV17,0.03675519,0.0,0.0
MPV17L2,0.051803514,0.0,0.0
MPZ,0.068346985,0.0,-1.0
MPZL1,0.1841161,0.0,0.0
MPZL3,0.018054694,0.0,0.0
MR1,0.019188905,0.0,0.0
MRAS,0.48014346,0.0,-1.0
MRC2,0.0045617335,0.0,0.0
MRE11,0.5242398,1.0,1.0
MRFAP1,0.08026368,0.0,0.0
MRFAP1L1,0.012200901,0.0,0.0
MRGBP,0.32302126,0.0,0.0
MRM1,0.04609918,0.0,0.0
MRM2,0.0030897716,0.0,0.0
MRM3,0.051828288,0.0,0.0
MRO,0.03807212,0.0,0.0
MRPL1,0.02589415,0.0,0.0
MRPL10,0.13319221,0.0,0.0
MRPL11,0.023689583,0.0,0.0
MRPL12,0.024667127,0.0,-1.0
MRPL13,0.02553124,0.0,0.0
MRPL14,0.017915733,0.0,0.0
MRPL15,0.031567223,0.0,0.0
MRPL16,0.023570241,0.0,0.0
MRPL17,0.04697605,0.0,0.0
MRPL18,0.083107114,0.0,-1.0
MRPL19,0.03059008,0.0,0.0
MRPL2,0.032292288,0.0,0.0
MRPL20,0.12215798,0.0,-1.0
MRPL21,0.006512064,0.0,-1.0
MRPL22,0.0029996962,0.0,0.0
MRPL23,0.03279813,0.0,0.0
MRPL24,0.021438742,0.0,0.0
MRPL27,0.023073846,0.0,0.0
MRPL28,0.04691787,0.0,0.0
MRPL3,0.02053394,0.0,0.0
MRPL30,0.05661765,0.0,0.0
MRPL32,0.020532295,0.0,0.0
MRPL33,0.0048210802,0.0,0.0
MRPL34,0.09546963,0.0,0.0
MRPL35,0.049902577,0.0,0.0
MRPL36,0.056690063,0.0,-1.0
MRPL37,0.04382266,0.0,0.0
MRPL38,0.06794931,0.0,0.0
MRPL39,0.08512199,0.0,0.0
MRPL4,0.042212714,0.0,0.0
MRPL40,0.12282748,0.0,0.0
MRPL41,0.004281563,0.0,0.0
MRPL42,0.040824555,0.0,0.0
MRPL43,0.04273185,0.0,0.0
MRPL44,0.049930185,0.0,0.0
MRPL45,0.034492496,0.0,0.0
MRPL46,0.05962634,0.0,0.0
MRPL47,0.02453273,0.0,0.0
MRPL48,0.04971564,0.0,0.0
MRPL49,0.009688801,0.0,0.0
MRPL50,0.016035993,0.0,0.0
MRPL51,0.026497232,0.0,0.0
MRPL52,0.027813436,0.0,0.0
MRPL53,0.048998993,0.0,0.0
MRPL54,0.020821633,0.0,0.0
MRPL55,0.06809974,0.0,0.0
MRPL57,0.029040301,0.0,0.0
MRPL58,0.0030690376,0.0,0.0
MRPL9,0.0027078448,0.0,0.0
MRPS10,0.043475274,0.0,0.0
MRPS11,0.028186513,0.0,0.0
MRPS12,0.04686404,0.0,0.0
MRPS14,0.04288909,0.0,-1.0
MRPS15,0.035707828,0.0,0.0
MRPS16,0.015237112,0.0,-1.0
MRPS17,0.016694948,0.0,0.0
MRPS18A,0.0035833623,0.0,0.0
MRPS18B,0.087787405,0.0,0.0
MRPS18C,0.020335024,0.0,0.0
MRPS2,0.014161904,0.0,0.0
MRPS21,0.087124124,0.0,-1.0
MRPS22,0.044151634,0.0,-1.0
MRPS23,0.030768113,0.0,0.0
MRPS24,0.017959077,0.0,0.0
MRPS25,0.022607911,0.0,0.0
MRPS26,0.054890543,0.0,0.0
MRPS27,0.081029445,0.0,0.0
MRPS28,0.007100105,0.0,0.0
MRPS30,0.022502597,0.0,0.0
MRPS31,0.07191347,0.0,-1.0
MRPS33,0.04133035,0.0,-1.0
MRPS34,0.039155915,0.0,0.0
MRPS35,0.054823272,0.0,0.0
MRPS36,0.053353023,0.0,0.0
MRPS5,0.040984586,0.0,0.0
MRPS6,0.04098793,0.0,0.0
MRPS7,0.049436696,0.0,0.0
MRPS9,0.025567953,0.0,0.0
MRRF,0.021920966,0.0,0.0
MRS2,0.038440708,0.0,0.0
MRTFA,0.18324105,0.0,1.0
MRTFB,0.1076387,0.0,0.0
MRTO4,0.10925798,0.0,0.0
MS4A1,0.21552071,0.0,0.0
MS4A15,0.04247672,0.0,0.0
MS4A2,0.03659122,0.0,0.0
MS4A3,0.013106652,0.0,0.0
MS4A7,0.11305131,0.0,0.0
MSANTD2,0.082325265,0.0,0.0
MSANTD3,0.04454053,0.0,0.0
MSANTD4,0.048955403,0.0,0.0
MSC,0.20430008,0.0,0.0
MSH2,0.6460979,1.0,1.0
MSH3,0.32031673,0.0,1.0
MSH4,0.23795806,0.0,0.0
MSH5,0.16383322,0.0,-1.0
MSH6,0.56589067,1.0,1.0
MSI2,0.0333754,0.0,1.0
MSL1,0.05471405,0.0,0.0
MSL2,0.12500176,0.0,0.0
MSL3,0.11863112,0.0,0.0
MSL3P1,0.011861764,0.0,0.0
MSLN,0.056865208,0.0,-1.0
MSLNL,0.042714212,0.0,0.0
MSMB,0.055304386,0.0,-1.0
MSMO1,0.09287289,0.0,0.0
MSMP,0.024689503,0.0,-1.0
MSN,0.5624745,1.0,1.0
MSR1,0.013375238,0.0,-1.0
MSRA,0.041667905,0.0,0.0
MSRB3,0.0682487,0.0,0.0
MST1,0.051616494,0.0,1.0
MST1P2,0.13238959,0.0,0.0
MST1R,0.3490844,0.0,1.0
MSTN,0.55394375,1.0,-1.0
MSX1,0.41852054,0.0,-1.0
MSX2,0.34887463,0.0,-1.0
MT-ATP6,0.017467748,0.0,-1.0
MT-ATP8,0.15616131,0.0,0.0
MT-CO1,0.25941873,0.0,0.0
MT-CO2,0.017182924,0.0,-1.0
MT-ND1,0.0002806259,0.0,-1.0
MT-ND2,0.0004895425,0.0,-1.0
MT-ND3,0.00017167284,0.0,-1.0
MT-ND4,0.00045896388,0.0,-1.0
MT-ND4L,0.00017167284,0.0,-1.0
MT-ND5,0.00023753154,0.0,-1.0
MT-ND6,0.00017167284,0.0,-1.0
MT1A,0.06856715,0.0,0.0
MT1DP,0.010864882,0.0,0.0
MT1E,0.014651906,0.0,0.0
MT1G,0.0001421933,0.0,0.0
MT1H,0.0001410444,0.0,-1.0
MT1L,0.023034688,0.0,0.0
MT1M,0.023345618,0.0,0.0
MT1X,0.02465587,0.0,0.0
MT2A,0.088136725,0.0,0.0
MTA1,0.53434217,1.0,-1.0
MTA2,0.5445984,1.0,0.0
MTA3,0.28690076,0.0,-1.0
MTAP,0.022253694,0.0,1.0
MTARC1,0.018931864,0.0,0.0
MTBP,0.062670216,0.0,0.0
MTCH1,0.028265484,0.0,0.0
MTCH2,0.053118005,0.0,0.0
MTCL1,0.090090476,0.0,0.0
MTCP1,0.12812312,0.0,1.0
MTDH,0.03591425,0.0,-1.0
MTERF1,0.014039072,0.0,0.0
MTERF3,0.010096705,0.0,-1.0
MTERF4,0.03758076,0.0,0.0
MTF1,0.20886801,0.0,0.0
MTF2,0.24302477,0.0,0.0
MTFMT,0.067622475,0.0,0.0
MTFR2,0.048339985,0.0,0.0
MTG1,0.030999562,0.0,0.0
MTG2,0.013148375,0.0,-1.0
MTHFD1,0.10453132,0.0,-1.0
MTHFD1L,0.11442256,0.0,0.0
MTHFD2,0.063830785,0.0,-1.0
MTHFR,0.07932611,0.0,-1.0
MTHFS,0.053959537,0.0,0.0
MTHFSD,0.1282477,0.0,0.0
MTIF2,0.042036142,0.0,0.0
MTIF3,0.036497757,0.0,0.0
MTM1,0.04146094,0.0,-1.0
MTMR1,0.07074812,0.0,0.0
MTMR11,0.028392587,0.0,0.0
MTMR12,0.06945283,0.0,0.0
MTMR14,0.032744795,0.0,-1.0
MTMR2,0.09042698,0.0,-1.0
MTMR4,0.10070031,0.0,0.0
MTMR6,0.08908442,0.0,0.0
MTMR7,0.06574738,0.0,0.0
MTMR8,0.14913991,0.0,-1.0
MTMR9,0.08187603,0.0,0.0
MTNR1A,0.14762773,0.0,0.0
MTOR,0.6500686,1.0,1.0
MTPAP,0.011385011,0.0,0.0
MTPN,0.10462544,0.0,0.0
MTR,0.12918939,0.0,-1.0
MTRES1,0.016248044,0.0,0.0
MTREX,0.29247564,0.0,-1.0
MTRF1,0.026484746,0.0,-1.0
MTRFR,0.015447302,0.0,0.0
MTRNR2L1,0.2111025,0.0,0.0
MTRNR2L2,0.11986522,0.0,0.0
MTRNR2L6,0.0043967697,0.0,0.0
MTRNR2L8,0.11005654,0.0,0.0
MTSS1,0.21209617,0.0,0.0
MTSS2,0.02723289,0.0,0.0
MTTP,0.36722076,0.0,-1.0
MTUS1,0.06540224,0.0,-1.0
MTUS2,0.18085891,0.0,-1.0
MTX1,0.031816456,0.0,0.0
MUC1,0.665689,1.0,1.0
MUC12,0.07670556,0.0,-1.0
MUC13,0.041837476,0.0,-1.0
MUC16,0.004649729,0.0,-1.0
MUC17,0.36761418,0.0,-1.0
MUC2,0.24347776,0.0,-1.0
MUC20,0.004506262,0.0,0.0
MUC5AC,0.46633786,0.0,-1.0
MUC5B,0.016392166,0.0,0.0
MUC7,0.1006339,0.0,-1.0
MUL1,0.07268924,0.0,0.0
MUS81,0.17909527,0.0,0.0
MUSK,0.69422174,1.0,-1.0
MUTYH,0.08075644,0.0,1.0
MVD,0.20158947,0.0,0.0
MVK,0.0989847,0.0,-1.0
MVP,0.34158197,0.0,-1.0
MX1,0.27545536,0.0,0.0
MX2,0.13501441,0.0,0.0
MXD1,0.29668322,0.0,-1.0
MXD3,0.064807214,0.0,0.0
MXD4,0.04925216,0.0,0.0
MXI1,0.2693454,0.0,-1.0
MYADM,0.10425483,0.0,0.0
MYB,0.6229981,1.0,1.0
MYBBP1A,0.1892531,0.0,-1.0
MYBL1,0.19487096,0.0,-1.0
MYBL2,0.4367945,0.0,-1.0
MYBPC1,0.014561825,0.0,0.0
MYBPC2,0.044083007,0.0,0.0
MYBPC3,0.14270493,0.0,-1.0
MYBPH,0.048625834,0.0,0.0
MYC,0.8908159,1.0,1.0
MYCBP,0.036459822,0.0,-1.0
MYCBP2,0.428521,0.0,-1.0
MYCBPAP,0.020865506,0.0,0.0
MYCL,0.009208945,0.0,1.0
MYCN,0.27228957,0.0,1.0
MYCT1,0.060183994,0.0,0.0
MYD88,0.6308687,1.0,1.0
MYDGF,0.0093884645,0.0,0.0
MYEF2,0.14484839,0.0,0.0
MYEOV,0.08733621,0.0,-1.0
MYF5,0.1784058,0.0,0.0
MYF6,0.2892541,0.0,-1.0
MYG1,0.007242001,0.0,0.0
MYH1,0.0011425851,0.0,-1.0
MYH10,0.46955812,0.0,0.0
MYH11,0.34636024,0.0,1.0
MYH13,0.064559475,0.0,0.0
MYH14,0.032019254,0.0,0.0
MYH2,0.16262257,0.0,-1.0
MYH4,0.13855556,0.0,-1.0
MYH6,0.013023315,0.0,-1.0
MYH7,0.20958063,0.0,-1.0
MYH7B,0.047514953,0.0,0.0
MYH9,0.65591997,1.0,1.0
MYL12A,0.14711933,0.0,-1.0
MYL12B,0.11401806,0.0,0.0
MYL2,0.045254298,0.0,-1.0
MYL3,0.04147977,0.0,-1.0
MYL5,0.0029156432,0.0,0.0
MYL6,0.11301547,0.0,0.0
MYL6B,0.08680274,0.0,0.0
MYL9,0.14531545,0.0,0.0
MYLIP,0.096985094,0.0,0.0
MYLK,0.2398793,0.0,-1.0
MYLK2,0.33805302,0.0,-1.0
MYLPF,0.10218523,0.0,0.0
MYNN,0.12801379,0.0,0.0
MYO10,0.22726478,0.0,0.0
MYO15A,0.16553834,0.0,0.0
MYO15B,0.09150997,0.0,0.0
MYO18A,0.15896125,0.0,-1.0
MYO19,0.034342594,0.0,0.0
MYO1A,0.14392504,0.0,-1.0
MYO1B,0.07245204,0.0,-1.0
MYO1C,0.20606898,0.0,0.0
MYO1D,0.10184463,0.0,0.0
MYO1E,0.085837185,0.0,-1.0
MYO1F,0.13021535,0.0,0.0
MYO1G,0.0502481,0.0,-1.0
MYO1H,0.087550774,0.0,-1.0
MYO3A,0.36646187,0.0,0.0
MYO5A,0.1389482,0.0,1.0
MYO5B,0.006960367,0.0,-1.0
MYO5C,0.07975025,0.0,0.0
MYO6,0.5247669,1.0,-1.0
MYO7A,0.38806364,0.0,-1.0
MYO9A,0.19079755,0.0,-1.0
MYO9B,0.15441692,0.0,-1.0
MYOC,0.00374188,0.0,-1.0
MYOCD,0.40041956,0.0,-1.0
MYOD1,0.70476973,1.0,1.0
MYOF,0.17913161,0.0,0.0
MYOG,0.31544447,0.0,0.0
MYOM2,0.23196857,0.0,-1.0
MYOT,0.09229524,0.0,-1.0
MYOZ1,0.18243968,0.0,0.0
MYOZ2,0.13889983,0.0,-1.0
MYOZ3,0.05363393,0.0,-1.0
MYPN,0.20101121,0.0,0.0
MYPOP,0.014576626,0.0,0.0
MYRF,0.39040923,0.0,0.0
MYRF-AS1,0.01796319,0.0,0.0
MYRIP,0.030407643,0.0,-1.0
MYSM1,0.22739796,0.0,0.0
MYT1,0.14200686,0.0,-1.0
MZB1,0.048430737,0.0,0.0
MZF1,0.021484427,0.0,0.0
MZT1,0.014279235,0.0,0.0
MZT2A,0.036237903,0.0,0.0
MZT2B,0.014583004,0.0,0.0
N4BP1,0.13168047,0.0,-1.0
N4BP2,0.1599631,0.0,1.0
N4BP2L2,0.025854873,0.0,0.0
N4BP3,0.08792754,0.0,-1.0
N6AMT1,0.05430781,0.0,0.0
NAA10,0.20343655,0.0,-1.0
NAA15,0.11453698,0.0,0.0
NAA16,0.05540614,0.0,0.0
NAA20,0.13986364,0.0,0.0
NAA25,0.13257918,0.0,0.0
NAA35,0.04111007,0.0,0.0
NAA38,0.06836439,0.0,0.0
NAA50,0.015392129,0.0,0.0
NAA60,0.013543064,0.0,0.0
NAA80,0.15382057,0.0,0.0
NAALADL2,0.15813835,0.0,0.0
NAB1,0.08547946,0.0,0.0
NAB2,0.120333694,0.0,1.0
NABP1,0.042850662,0.0,-1.0
NABP2,0.03312819,0.0,0.0
NACA,0.17142063,0.0,-1.0
NACA2,0.032849353,0.0,0.0
NACA4P,0.008662021,0.0,0.0
NACC1,0.03881099,0.0,-1.0
NACC2,0.110575974,0.0,0.0
NADK,0.22464406,0.0,1.0
NADK2,0.023776764,0.0,0.0
NADSYN1,0.11892934,0.0,0.0
NAE1,0.089347005,0.0,0.0
NAF1,0.036861636,0.0,0.0
NAGK,0.02650491,0.0,0.0
NAGLU,0.09035909,0.0,-1.0
NAGPA,0.06081261,0.0,0.0
NAGS,0.0405592,0.0,0.0
NAIF1,0.05590609,0.0,0.0
NAIP,0.20088539,0.0,0.0
NALF1,0.11471218,0.0,0.0
NAMPT,0.10362417,0.0,-1.0
NANOG,0.35459244,0.0,-1.0
NANOS1,0.17613958,0.0,-1.0
NANP,0.03457181,0.0,-1.0
NANS,0.062948965,0.0,0.0
NAP1L1,0.2723801,0.0,-1.0
NAP1L2,0.1061287,0.0,-1.0
NAP1L3,0.061892323,0.0,0.0
NAP1L4,0.17261267,0.0,0.0
NAP1L5,0.2127494,0.0,0.0
NAPA,0.0843435,0.0,-1.0
NAPB,0.007397708,0.0,0.0
NAPEPLD,0.052899748,0.0,0.0
NAPG,0.030346138,0.0,0.0
NAPSA,0.02192418,0.0,0.0
NAPSB,0.066148356,0.0,0.0
NARF,0.062085442,0.0,0.0
NARS1,0.039470334,0.0,0.0
NARS2,0.031000508,0.0,0.0
NASP,0.29541323,0.0,0.0
NAT1,0.04547918,0.0,-1.0
NAT10,0.13773324,0.0,-1.0
NAT2,0.008946644,0.0,-1.0
NAT9,0.047647446,0.0,0.0
NATD1,0.010037257,0.0,0.0
NAV1,0.28166378,0.0,-1.0
NAV2,0.39422697,0.0,0.0
NAV3,0.21267584,0.0,-1.0
NAXE,0.06064176,0.0,0.0
NBAS,0.18379547,0.0,0.0
NBEA,0.4591408,0.0,1.0
NBL1,0.021541374,0.0,-1.0
NBN,0.6353449,1.0,1.0
NBPF1,0.22173011,0.0,-1.0
NBPF10,0.07582095,0.0,0.0
NBPF3,0.044312604,0.0,0.0
NBR1,0.19019508,0.0,-1.0
NBR2,0.029590832,0.0,0.0
NCALD,0.08425848,0.0,0.0
NCAM1,0.14817522,0.0,0.0
NCAM2,0.022299463,0.0,-1.0
NCAN,0.48286492,0.0,0.0
NCAPD2,0.47459075,0.0,-1.0
NCAPD3,0.09185331,0.0,-1.0
NCAPG,0.19661763,0.0,-1.0
NCAPG2,0.12214351,0.0,-1.0
NCAPH,0.033247814,0.0,0.0
NCAPH2,0.053529393,0.0,-1.0
NCBP1,0.05142379,0.0,-1.0
NCBP2,0.24930485,0.0,0.0
NCBP3,0.018311646,0.0,0.0
NCDN,0.06721489,0.0,0.0
NCEH1,0.0012603592,0.0,0.0
NCF1,0.42821786,0.0,-1.0
NCF2,0.5208833,1.0,-1.0
NCF4,0.38669676,0.0,-1.0
NCK1,0.6512609,1.0,-1.0
NCK2,0.40389934,0.0,0.0
NCKAP1,0.38003758,0.0,0.0
NCKAP1L,0.29177478,0.0,0.0
NCKAP5,0.20541742,0.0,0.0
NCKAP5L,0.120233834,0.0,0.0
NCKIPSD,0.19900884,0.0,-1.0
NCL,0.43772018,0.0,0.0
NCLN,0.027482657,0.0,0.0
NCOA1,0.7642666,1.0,1.0
NCOA2,0.6562693,1.0,1.0
NCOA3,0.77777463,1.0,1.0
NCOA4,0.25422114,0.0,1.0
NCOA5,0.035323758,0.0,0.0
NCOA6,0.69492376,1.0,-1.0
NCOA7,0.08905635,0.0,0.0
NCOR1,0.803127,1.0,1.0
NCOR2,0.8275118,1.0,1.0
NCR1,0.20571114,0.0,0.0
NCR2,0.032570314,0.0,-1.0
NCR3,0.130153,0.0,0.0
NCR3LG1,0.01955867,0.0,0.0
NCRUPAR,0.018312905,0.0,0.0
NCS1,0.10427494,0.0,0.0
NCSTN,0.5106626,1.0,1.0
NDC1,0.019285701,0.0,0.0
NDC80,0.2250179,0.0,-1.0
NDE1,0.1083312,0.0,-1.0
NDEL1,0.19879034,0.0,-1.0
NDFIP1,0.17663835,0.0,0.0
NDFIP2,0.38431653,0.0,0.0
NDN,0.22655372,0.0,0.0
NDOR1,0.019446826,0.0,0.0
NDRG1,0.14943895,0.0,1.0
NDRG3,0.02012145,0.0,0.0
NDST1,0.045071695,0.0,0.0
NDST2,0.15142949,0.0,0.0
NDST3,0.014079664,0.0,0.0
NDUFA10,0.06982137,0.0,0.0
NDUFA11,0.06470912,0.0,0.0
NDUFA12,0.00017167284,0.0,0.0
NDUFA13,0.0012683148,0.0,-1.0
NDUFA3,0.021294242,0.0,0.0
NDUFA4,0.01944908,0.0,0.0
NDUFA4L2,0.2858375,0.0,0.0
NDUFA5,0.04043789,0.0,-1.0
NDUFA6,0.051381428,0.0,0.0
NDUFA7,0.058704052,0.0,0.0
NDUFA8,0.016335208,0.0,0.0
NDUFA9,0.042336058,0.0,0.0
NDUFAB1,0.0220407,0.0,0.0
NDUFAF1,0.08044201,0.0,0.0
NDUFAF3,0.10323739,0.0,0.0
NDUFAF4,0.06941103,0.0,0.0
NDUFAF5,0.039183196,0.0,0.0
NDUFAF6,0.019358153,0.0,0.0
NDUFAF8,0.04047413,0.0,-1.0
NDUFB1,0.019169413,0.0,0.0
NDUFB10,0.03190709,0.0,0.0
NDUFB11,0.00017167284,0.0,0.0
NDUFB2,0.015323412,0.0,-1.0
NDUFB3,0.021846922,0.0,0.0
NDUFB4,0.19935136,0.0,0.0
NDUFB5,0.03624732,0.0,0.0
NDUFB6,0.07230595,0.0,0.0
NDUFB7,0.02477104,0.0,0.0
NDUFB8,0.072804876,0.0,0.0
NDUFB9,0.058199,0.0,-1.0
NDUFS1,0.099016756,0.0,0.0
NDUFS2,0.041645527,0.0,0.0
NDUFS3,0.06275511,0.0,0.0
NDUFS4,0.025556484,0.0,0.0
NDUFS5,0.021301135,0.0,0.0
NDUFS6,0.14542195,0.0,0.0
NDUFS7,0.10927725,0.0,-1.0
NDUFS8,0.0064114686,0.0,-1.0
NDUFV1,0.030173507,0.0,-1.0
NDUFV2,0.12395869,0.0,-1.0
NDUFV3,0.064179406,0.0,0.0
NEAT1,0.34799543,0.0,0.0
NEB,0.27283567,0.0,-1.0
NEBL,0.08642186,0.0,-1.0
NECAB1,0.13515714,0.0,0.0
NECAB2,0.21179827,0.0,0.0
NECAB3,0.016446719,0.0,0.0
NECAP1,0.059791557,0.0,0.0
NECAP2,0.13975626,0.0,0.0
NECTIN1,0.022633877,0.0,-1.0
NECTIN2,0.06569616,0.0,0.0
NECTIN3,0.07916009,0.0,0.0
NECTIN4,0.0039480897,0.0,-1.0
NEDD1,0.21240166,0.0,0.0
NEDD4,0.6861812,1.0,-1.0
NEDD4L,0.4737274,0.0,0.0
NEDD8,0.53516614,1.0,0.0
NEDD9,0.60751355,1.0,0.0
NEFH,0.10509959,0.0,-1.0
NEFL,0.31471992,0.0,-1.0
NEFM,0.26717085,0.0,0.0
NEIL1,0.089916274,0.0,-1.0
NEIL2,0.1688326,0.0,0.0
NEK10,0.46391526,0.0,0.0
NEK11,0.06349398,0.0,0.0
NEK2,0.38740343,0.0,-1.0
NEK3,0.39847675,0.0,0.0
NEK4,0.22088653,0.0,0.0
NEK5,0.011198974,0.0,0.0
NEK6,0.43473712,0.0,0.0
NEK7,0.24196364,0.0,0.0
NEK8,0.4280604,0.0,0.0
NEK9,0.2811396,0.0,0.0
NELFA,0.13766357,0.0,0.0
NELFB,0.10390703,0.0,0.0
NELFCD,0.07423896,0.0,-1.0
NELFE,0.19559105,0.0,-1.0
NELL1,0.15879296,0.0,0.0
NELL2,0.10476132,0.0,0.0
NEMF,0.052956417,0.0,0.0
NEMP1,0.051318936,0.0,0.0
NENF,0.010474374,0.0,0.0
NEO1,0.18579975,0.0,0.0
NEPRO,0.058169484,0.0,0.0
NES,0.09931393,0.0,-1.0
NET1,0.20288853,0.0,-1.0
NETO2,0.040858228,0.0,-1.0
NEU1,0.09961126,0.0,-1.0
NEU2,0.035308573,0.0,0.0
NEU3,0.10261653,0.0,-1.0
NEU4,0.08713223,0.0,0.0
NEURL1,0.13373812,0.0,-1.0
NEURL2,0.04792784,0.0,0.0
NEURL3,0.016435359,0.0,-1.0
NEURL4,0.046358895,0.0,-1.0
NEUROD1,0.43121228,0.0,-1.0
NEUROD2,0.25711653,0.0,0.0
NEUROD4,0.07131868,0.0,0.0
NEUROG1,0.2788289,0.0,0.0
NEUROG2,0.16847752,0.0,-1.0
NEUROG3,0.2270719,0.0,-1.0
NEXMIF,0.030527852,0.0,0.0
NF1,0.3270934,0.0,1.0
NF2,0.3350188,0.0,1.0
NFASC,0.15912291,0.0,0.0
NFAT5,0.180079,0.0,-1.0
NFATC1,0.25382936,0.0,-1.0
NFATC2,0.28176442,0.0,1.0
NFATC2IP,0.069580354,0.0,0.0
NFATC3,0.14839628,0.0,-1.0
NFATC4,0.4361816,0.0,-1.0
NFE2,0.30638146,0.0,1.0
NFE2L1,0.06390865,0.0,0.0
NFE2L2,0.37158737,0.0,1.0
NFE2L3,0.0050840536,0.0,-1.0
NFE4,0.10850539,0.0,0.0
NFIA,0.08432397,0.0,0.0
NFIB,0.2130937,0.0,1.0
NFIC,0.09397258,0.0,-1.0
NFIL3,0.096961804,0.0,0.0
NFIX,0.2977424,0.0,-1.0
NFKB1,0.7164813,1.0,-1.0
NFKB2,0.49441552,0.0,1.0
NFKBIA,0.72803825,1.0,1.0
NFKBIB,0.22422613,0.0,-1.0
NFKBID,0.070588775,0.0,0.0
NFKBIE,0.31098408,0.0,1.0
NFKBIL1,0.037651654,0.0,-1.0
NFKBIZ,0.19716911,0.0,-1.0
NFRKB,0.0936575,0.0,0.0
NFS1,0.046329588,0.0,0.0
NFU1,0.0754199,0.0,0.0
NFX1,0.16574079,0.0,0.0
NFXL1,0.027818516,0.0,0.0
NFYA,0.33207288,0.0,0.0
NFYB,0.46725085,0.0,0.0
NFYC,0.1297911,0.0,0.0
NGB,0.05069577,0.0,0.0
NGDN,0.059694238,0.0,0.0
NGEF,0.10244089,0.0,-1.0
NGF,0.097447716,0.0,-1.0
NGFR,0.20687737,0.0,-1.0
NGRN,0.015372903,0.0,0.0
NHEJ1,0.10217472,0.0,-1.0
NHLH1,0.13714278,0.0,0.0
NHLRC1,0.120327234,0.0,-1.0
NHLRC2,0.020859903,0.0,0.0
NHLRC3,0.018217288,0.0,0.0
NHP2,0.06561922,0.0,-1.0
NIBAN2,0.15912178,0.0,0.0
NIBAN3,0.10553053,0.0,0.0
NID1,0.67693096,1.0,-1.0
NID2,0.47569728,0.0,0.0
NIF3L1,0.1949165,0.0,0.0
NIM1K,0.38400364,0.0,0.0
NIN,0.21032168,0.0,1.0
NINL,0.14979796,0.0,0.0
NIP7,0.061534584,0.0,0.0
NIPAL3,0.075140536,0.0,0.0
NIPAL4,0.008033082,0.0,0.0
NIPBL,0.18706377,0.0,-1.0
NIPSNAP1,0.10121327,0.0,0.0
NIPSNAP2,0.26381,0.0,0.0
NIPSNAP3A,0.043847807,0.0,0.0
NISCH,0.23289034,0.0,0.0
NIT1,0.022366455,0.0,0.0
NKAIN4,0.002448901,0.0,0.0
NKAP,0.07065031,0.0,0.0
NKD1,0.11445611,0.0,-1.0
NKD2,0.2387629,0.0,-1.0
NKG7,0.03294823,0.0,0.0
NKIRAS1,0.053230364,0.0,0.0
NKIRAS2,0.033607528,0.0,0.0
NKPD1,0.012065284,0.0,0.0
NKRF,0.22906972,0.0,0.0
NKTR,0.0728819,0.0,-1.0
NKX2-1,0.55696994,1.0,1.0
NKX2-2,0.23012246,0.0,-1.0
NKX2-3,0.24728462,0.0,-1.0
NKX2-4,0.026669057,0.0,0.0
NKX2-5,0.5795233,1.0,-1.0
NKX2-6,0.1415481,0.0,-1.0
NKX2-8,0.092968725,0.0,0.0
NKX3-1,0.24112777,0.0,1.0
NKX3-2,0.29843965,0.0,0.0
NKX6-1,0.18149818,0.0,0.0
NLE1,0.21199608,0.0,-1.0
NLGN1,0.1088085,0.0,0.0
NLGN2,0.14280495,0.0,0.0
NLGN3,0.1223237,0.0,0.0
NLGN4X,0.08116618,0.0,-1.0
NLK,0.38065788,0.0,-1.0
NLRC4,0.48174876,0.0,-1.0
NLRC5,0.117985256,0.0,-1.0
NLRP1,0.32533196,0.0,-1.0
NLRP10,0.09258393,0.0,0.0
NLRP12,0.07193334,0.0,-1.0
NLRP2,0.13012645,0.0,-1.0
NLRP3,0.25085154,0.0,-1.0
NLRP4,0.022171872,0.0,0.0
NLRP6,0.03361532,0.0,0.0
NLRX1,0.15459226,0.0,0.0
NMB,0.022757832,0.0,0.0
NMBR,0.022668973,0.0,-1.0
NMD3,0.030328866,0.0,0.0
NME1,0.16431428,0.0,-1.0
NME1-NME2,0.03607924,0.0,0.0
NME2,0.2608914,0.0,0.0
NME2P1,0.030632898,0.0,0.0
NME3,0.03293424,0.0,-1.0
NME4,0.19606684,0.0,0.0
NME5,0.004562894,0.0,0.0
NME7,0.20534149,0.0,0.0
NMI,0.26970306,0.0,0.0
NMNAT1,0.05945241,0.0,0.0
NMNAT2,0.06537931,0.0,0.0
NMNAT3,0.06834615,0.0,0.0
NMRAL1,0.13583104,0.0,0.0
NMRAL2P,0.03889244,0.0,0.0
NMRK1,0.03595794,0.0,0.0
NMRK2,0.014146646,0.0,-1.0
NMS,0.004019652,0.0,0.0
NMT1,0.055831637,0.0,-1.0
NMU,0.0025020703,0.0,0.0
NMUR1,0.0039556758,0.0,0.0
NMUR2,0.005664733,0.0,-1.0
NNAT,0.026821097,0.0,0.0
NNMT,0.24324031,0.0,-1.0
NNT,0.13147624,0.0,0.0
NOA1,0.05048699,0.0,0.0
NOB1,0.027689116,0.0,0.0
NOC2L,0.3205593,0.0,-1.0
NOC3L,0.0394249,0.0,0.0
NOC4L,0.13323145,0.0,0.0
NOCT,0.0503799,0.0,0.0
NOD1,0.3981839,0.0,-1.0
NOD2,0.1345046,0.0,-1.0
NODAL,0.04796235,0.0,-1.0
NOG,0.004975261,0.0,-1.0
NOL10,0.038565777,0.0,0.0
NOL11,0.047931507,0.0,0.0
NOL12,0.02844336,0.0,0.0
NOL3,0.29627082,0.0,-1.0
NOL4,0.19204389,0.0,0.0
NOL4L,0.036250744,0.0,0.0
NOL6,0.055414166,0.0,0.0
NOL7,0.30518523,0.0,0.0
NOL8,0.110901974,0.0,0.0
NOL9,0.070716836,0.0,-1.0
NOLC1,0.20396204,0.0,0.0
NOM1,0.04915606,0.0,0.0
NOMO1,0.03149838,0.0,0.0
NOMO3,0.08129604,0.0,0.0
NONO,0.49530166,0.0,1.0
NOP10,0.061596356,0.0,-1.0
NOP14,0.051243965,0.0,0.0
NOP14-AS1,0.01796319,0.0,0.0
NOP16,0.026334956,0.0,0.0
NOP2,0.11598017,0.0,0.0
NOP53,0.04746404,0.0,-1.0
NOP56,0.35685727,0.0,-1.0
NOP58,0.046601925,0.0,-1.0
NOP9,0.07524954,0.0,0.0
NOPCHAP1,0.012935521,0.0,0.0
NOS1,0.36056173,0.0,-1.0
NOS1AP,0.35592297,0.0,0.0
NOS2,0.26714364,0.0,-1.0
NOS3,0.29995328,0.0,0.0
NOSIP,0.03375786,0.0,0.0
NOSTRIN,0.2340339,0.0,0.0
NOTCH1,0.8724917,1.0,1.0
NOTCH2,0.8025433,1.0,1.0
NOTCH2NLA,0.019378763,0.0,0.0
NOTCH3,0.71743,1.0,1.0
NOTCH4,0.47757044,0.0,1.0
NOTUM,0.047781467,0.0,-1.0
NOXA1,0.057444643,0.0,-1.0
NOXO1,0.07097491,0.0,0.0
NPAS2,0.2233692,0.0,0.0
NPAS4,0.15836208,0.0,0.0
NPAT,0.15899058,0.0,-1.0
NPB,4.002537e-07,0.0,0.0
NPBWR1,1.3294049e-06,0.0,0.0
NPC1,0.21030109,0.0,-1.0
NPC1L1,0.064028785,0.0,0.0
NPC2,0.0005222495,0.0,-1.0
NPDC1,0.19798237,0.0,0.0
NPEPPS,0.08724051,0.0,0.0
NPHP1,0.21968669,0.0,-1.0
NPHP3,0.21401592,0.0,0.0
NPHP4,0.11677141,0.0,0.0
NPHS1,0.4582686,0.0,-1.0
NPHS2,0.1537485,0.0,-1.0
NPL,0.0907303,0.0,0.0
NPLOC4,0.10807988,0.0,0.0
NPM1,0.71614796,1.0,1.0
NPM2,0.09585208,0.0,0.0
NPM3,0.056847565,0.0,0.0
NPNT,0.1606136,0.0,-1.0
NPPA,0.051906187,0.0,-1.0
NPPB,0.038496837,0.0,0.0
NPPC,0.012932051,0.0,0.0
NPR1,0.11241441,0.0,0.0
NPR2,0.4546017,0.0,0.0
NPR3,0.023702918,0.0,-1.0
NPRL2,0.08991572,0.0,0.0
NPRL3,0.13819525,0.0,0.0
NPTN,0.05170442,0.0,0.0
NPTX1,0.02595157,0.0,0.0
NPW,0.000108263055,0.0,0.0
NPY,0.10721412,0.0,-1.0
NPY1R,0.063733675,0.0,-1.0
NPY4R,0.029192127,0.0,0.0
NQO1,0.05805212,0.0,-1.0
NQO2,0.09266877,0.0,0.0
NR0B1,0.33245835,0.0,-1.0
NR0B2,0.6773859,1.0,-1.0
NR1D1,0.20150669,0.0,0.0
NR1D2,0.12236409,0.0,-1.0
NR1H2,0.36965176,0.0,0.0
NR1H3,0.39595503,0.0,0.0
NR1H4,0.46894476,0.0,-1.0
NR1I2,0.38989002,0.0,-1.0
NR1I3,0.25697625,0.0,0.0
NR2C1,0.20196077,0.0,0.0
NR2C2,0.028569318,0.0,-1.0
NR2C2AP,0.0585018,0.0,0.0
NR2E1,0.51145554,1.0,0.0
NR2E3,0.39727464,0.0,-1.0
NR2F1,0.420948,0.0,-1.0
NR2F1-AS1,0.1273335,0.0,0.0
NR2F2,0.40665033,0.0,0.0
NR2F6,0.18700552,0.0,-1.0
NR3C1,0.7874709,1.0,-1.0
NR3C2,0.25193602,0.0,-1.0
NR4A1,0.5773207,1.0,-1.0
NR4A2,0.34719202,0.0,-1.0
NR4A3,0.27447054,0.0,1.0
NR5A1,0.403731,0.0,-1.0
NR5A2,0.32796943,0.0,0.0
NR6A1,0.0680688,0.0,0.0
NRAP,0.08736176,0.0,0.0
NRARP,0.04718972,0.0,0.0
NRAS,0.46253997,0.0,1.0
NRBF2,0.12954131,0.0,0.0
NRBP1,0.27767247,0.0,0.0
NRBP2,0.34033534,0.0,0.0
NRCAM,0.29512346,0.0,-1.0
NRDC,0.0888638,0.0,0.0
NRDE2,0.008404358,0.0,0.0
NREP,0.023954704,0.0,0.0
NRF1,0.102677144,0.0,-1.0
NRG1,0.2912883,0.0,1.0
NRG2,0.25560588,0.0,-1.0
NRG3,0.093896,0.0,-1.0
NRG4,0.08835755,0.0,-1.0
NRIP1,0.71045643,1.0,-1.0
NRIP2,0.16863288,0.0,0.0
NRIP3,0.0972977,0.0,0.0
NRL,0.013204207,0.0,-1.0
NRM,0.03328675,0.0,0.0
NRN1,0.21924536,0.0,0.0
NRP1,0.29791123,0.0,-1.0
NRP2,0.46942618,0.0,-1.0
NRROS,0.015092179,0.0,0.0
NRSN1,0.04737251,0.0,0.0
NRSN2,0.018027859,0.0,0.0
NRTN,0.08432296,0.0,0.0
NRXN1,0.15481319,0.0,0.0
NRXN2,0.14301705,0.0,-1.0
NRXN3,0.1894141,0.0,-1.0
NSA2,0.034889586,0.0,0.0
NSD1,0.47725877,0.0,1.0
NSD2,0.24285093,0.0,1.0
NSD3,0.10528,0.0,1.0
NSDHL,0.06073614,0.0,0.0
NSF,0.07197018,0.0,0.0
NSFL1C,0.17206532,0.0,0.0
NSG2,0.045994606,0.0,0.0
NSL1,0.12517309,0.0,0.0
NSMAF,0.3818549,0.0,-1.0
NSMCE1,0.017114626,0.0,0.0
NSMCE2,0.018034954,0.0,-1.0
NSMCE3,0.01843057,0.0,0.0
NSMF,0.029080283,0.0,-1.0
NSRP1,0.028698923,0.0,-1.0
NSUN2,0.115941,0.0,0.0
NSUN3,0.07863438,0.0,0.0
NSUN4,0.088272244,0.0,0.0
NSUN5,0.031415313,0.0,0.0
NSUN5P1,0.05436784,0.0,0.0
NT5C,0.1753079,0.0,0.0
NT5C1A,0.19051622,0.0,0.0
NT5C1B,0.1753079,0.0,0.0
NT5C2,0.20221262,0.0,1.0
NT5C3A,0.1753079,0.0,-1.0
NT5DC2,0.020392532,0.0,0.0
NT5E,0.19012496,0.0,-1.0
NT5M,0.17382547,0.0,0.0
NTAN1,0.016860755,0.0,0.0
NTAQ1,0.10779598,0.0,0.0
NTF3,0.12918802,0.0,0.0
NTF4,0.011336818,0.0,-1.0
NTHL1,0.050769694,0.0,1.0
NTMT1,0.03217182,0.0,0.0
NTMT2,0.102824196,0.0,0.0
NTN1,0.017625662,0.0,-1.0
NTN4,0.13701823,0.0,-1.0
NTN5,0.10498164,0.0,0.0
NTNG1,0.024942916,0.0,0.0
NTNG2,0.040375378,0.0,0.0
NTPCR,0.039439995,0.0,0.0
NTRK1,0.67326355,1.0,1.0
NTRK2,0.5231715,1.0,1.0
NTRK3,0.4033502,0.0,1.0
NTS,0.2009738,0.0,0.0
NTSR1,0.20211317,0.0,-1.0
NTSR2,0.010794731,0.0,0.0
NUAK1,0.3648153,0.0,-1.0
NUAK2,0.24418843,0.0,0.0
NUB1,0.153152,0.0,0.0
NUBP1,0.10238371,0.0,-1.0
NUBP2,0.043360136,0.0,0.0
NUBPL,0.08341992,0.0,-1.0
NUCB1,0.112162456,0.0,0.0
NUCB2,0.16944842,0.0,0.0
NUCKS1,0.07209545,0.0,0.0
NUDC,0.16993776,0.0,0.0
NUDCD1,0.034141373,0.0,0.0
NUDCD2,0.00016827848,0.0,0.0
NUDCD3,0.07401729,0.0,0.0
NUDT1,0.04252582,0.0,0.0
NUDT13,0.019732561,0.0,0.0
NUDT15,0.0013110345,0.0,0.0
NUDT17,0.09159177,0.0,0.0
NUDT18,0.22620519,0.0,0.0
NUDT2,0.07205712,0.0,0.0
NUDT21,0.1965426,0.0,0.0
NUDT3,0.123563685,0.0,0.0
NUDT4,0.058826853,0.0,0.0
NUDT5,0.043159522,0.0,0.0
NUDT6,0.010616819,0.0,-1.0
NUDT8,0.1763134,0.0,0.0
NUDT9P1,7.3559415e-05,0.0,0.0
NUF2,0.1511806,0.0,1.0
NUFIP1,0.11536092,0.0,0.0
NUFIP2,0.14932205,0.0,0.0
NUGGC,0.015092179,0.0,0.0
NUMA1,0.5451749,1.0,1.0
NUMB,0.3972137,0.0,-1.0
NUMBL,0.12708902,0.0,0.0
NUP107,0.27949235,0.0,-1.0
NUP133,0.28370288,0.0,-1.0
NUP153,0.17756176,0.0,0.0
NUP155,0.096760914,0.0,0.0
NUP160,0.12717043,0.0,0.0
NUP188,0.06804925,0.0,0.0
NUP205,0.29632312,0.0,0.0
NUP210,0.047008768,0.0,0.0
NUP214,0.4105184,0.0,1.0
NUP35,0.15728016,0.0,0.0
NUP37,0.053834405,0.0,0.0
NUP42,0.13322593,0.0,0.0
NUP43,0.056716777,0.0,0.0
NUP50,0.15223263,0.0,-1.0
NUP54,0.14275648,0.0,-1.0
NUP58,0.07720579,0.0,0.0
NUP62,0.27542627,0.0,-1.0
NUP62CL,0.017922565,0.0,0.0
NUP85,0.06568555,0.0,-1.0
NUP88,0.10183288,0.0,0.0
NUP93,0.3294204,0.0,-1.0
NUP98,0.33066005,0.0,1.0
NUPR1,0.12330843,0.0,-1.0
NUS1,0.018613005,0.0,0.0
NUSAP1,0.12334094,0.0,0.0
NUTF2,0.07841709,0.0,0.0
NUTM1,0.022958076,0.0,1.0
NVL,0.059768483,0.0,0.0
NXF1,0.33881444,0.0,-1.0
NXF2,0.0587584,0.0,0.0
NXF3,0.17560908,0.0,0.0
NXN,0.0021509114,0.0,0.0
NXNL2,0.005309389,0.0,0.0
NXPH1,0.14931028,0.0,0.0
NXPH3,0.0207345,0.0,0.0
NXT1,0.2010652,0.0,0.0
NXT2,0.06009096,0.0,0.0
NYAP1,0.036155462,0.0,0.0
NYNRIN,0.07742988,0.0,0.0
OARD1,0.020632647,0.0,0.0
OAS1,0.12214547,0.0,0.0
OAS2,0.04315265,0.0,0.0
OAS3,0.06493582,0.0,0.0
OAT,0.06724618,0.0,-1.0
OAZ1,0.08610394,0.0,0.0
OAZ2,0.008439293,0.0,0.0
OAZ3,0.044849426,0.0,0.0
OBI1,0.03090825,0.0,-1.0
OBP2B,0.0055061975,0.0,0.0
OBSCN,0.25310156,0.0,-1.0
OBSL1,0.11341351,0.0,0.0
OCA2,0.012518139,0.0,-1.0
OCIAD1,0.040283576,0.0,0.0
OCIAD2,0.036315266,0.0,0.0
OCLN,0.26444286,0.0,-1.0
OCRL,0.21451691,0.0,-1.0
ODAD1,0.07713361,0.0,0.0
ODAD3,0.040949777,0.0,0.0
ODAD4,0.0242494,0.0,0.0
ODAM,0.00032443187,0.0,-1.0
ODC1,0.09250888,0.0,-1.0
ODF1,0.08674555,0.0,0.0
ODF2,0.15707588,0.0,0.0
ODF2L,0.08942967,0.0,0.0
ODF3,0.010468474,0.0,0.0
ODF3B,0.2377539,0.0,0.0
ODR4,0.013452066,0.0,0.0
OFD1,0.116259165,0.0,-1.0
OGA,0.08678615,0.0,0.0
OGDH,0.19341634,0.0,-1.0
OGDHL,0.14933923,0.0,0.0
OGFOD2,0.025649358,0.0,0.0
OGFOD3,0.023000997,0.0,0.0
OGFR,0.004135955,0.0,0.0
OGG1,0.065122455,0.0,-1.0
OGT,0.20731278,0.0,0.0
OIP5,0.107425295,0.0,0.0
OLA1,0.11788181,0.0,0.0
OLFM1,0.06597031,0.0,-1.0
OLFM2,0.06476017,0.0,0.0
OLFM3,0.0008811594,0.0,-1.0
OLFML2A,0.12476835,0.0,0.0
OLFML3,0.10013099,0.0,0.0
OLIG1,0.18128745,0.0,-1.0
OLIG2,0.26302257,0.0,1.0
OLIG3,0.32522425,0.0,-1.0
OLMALINC,0.08055065,0.0,0.0
OLR1,0.11974405,0.0,-1.0
OMA1,0.019165939,0.0,-1.0
OMG,0.020811986,0.0,0.0
OMP,0.004042433,0.0,0.0
ONECUT1,0.27980494,0.0,0.0
ONECUT2,0.26962793,0.0,-1.0
ONECUT3,0.1487525,0.0,0.0
OPA1,0.03624405,0.0,-1.0
OPA3,0.07371631,0.0,-1.0
OPHN1,0.19396788,0.0,-1.0
OPN1LW,0.060001954,0.0,-1.0
OPN1SW,0.04063527,0.0,-1.0
OPN3,0.010501442,0.0,0.0
OPN5,0.019491129,0.0,0.0
OPRD1,0.21185482,0.0,-1.0
OPRK1,0.10749101,0.0,-1.0
OPRL1,3.4339298e-08,0.0,0.0
OPRM1,0.16536583,0.0,0.0
OPTC,0.018558154,0.0,0.0
OPTN,0.32503918,0.0,-1.0
OR10V1,0.0053875665,0.0,0.0
OR14I1,0.00095217273,0.0,0.0
OR1E2,0.006084041,0.0,0.0
OR1F2P,0.010884042,0.0,0.0
OR2B2,0.08201125,0.0,0.0
OR2F2,0.016961275,0.0,-1.0
OR2L13,0.0019394027,0.0,-1.0
OR2L3,0.013481689,0.0,0.0
OR7E91P,0.013060745,0.0,0.0
ORAI1,0.027540755,0.0,0.0
ORAI2,0.09049525,0.0,-1.0
ORAI3,0.0100404285,0.0,-1.0
ORC1,0.29393366,0.0,-1.0
ORC2,0.24133399,0.0,0.0
ORC3,0.07697349,0.0,0.0
ORC4,0.11672484,0.0,0.0
ORC5,0.055454817,0.0,0.0
ORC6,0.10340527,0.0,0.0
ORM1,0.044139594,0.0,0.0
ORMDL1,0.029943587,0.0,0.0
ORMDL2,0.055258244,0.0,0.0
ORMDL3,0.079446465,0.0,-1.0
OS9,0.10058708,0.0,-1.0
OSBP,0.083516546,0.0,0.0
OSBP2,0.11886689,0.0,-1.0
OSBPL10,0.1486541,0.0,0.0
OSBPL11,0.0821443,0.0,0.0
OSBPL1A,0.24287531,0.0,0.0
OSBPL2,0.04636269,0.0,0.0
OSBPL3,0.17001131,0.0,-1.0
OSBPL5,0.13652642,0.0,0.0
OSBPL6,0.114317894,0.0,0.0
OSBPL8,0.09607947,0.0,-1.0
OSBPL9,0.06391628,0.0,0.0
OSCP1,0.15038961,0.0,0.0
OSER1,0.034239523,0.0,0.0
OSGEP,0.0545836,0.0,0.0
OSGEPL1,0.028571581,0.0,0.0
OSGIN1,0.09266972,0.0,-1.0
OSGIN2,0.010242533,0.0,-1.0
OSM,0.24927896,0.0,0.0
OSMR,0.3132314,0.0,-1.0
OSR1,0.22294904,0.0,0.0
OSR2,0.15819934,0.0,-1.0
OSTF1,0.09813354,0.0,0.0
OSTM1,0.022655107,0.0,-1.0
OTC,0.13158357,0.0,-1.0
OTOA,0.094090626,0.0,0.0
OTOF,0.17282367,0.0,-1.0
OTP,0.1855358,0.0,0.0
OTUB1,0.33604863,0.0,0.0
OTUB2,0.12652363,0.0,0.0
OTUD1,0.24679402,0.0,0.0
OTUD3,0.0021666947,0.0,-1.0
OTUD4,0.14885302,0.0,0.0
OTUD4P1,0.008087412,0.0,0.0
OTUD5,0.07786928,0.0,-1.0
OTUD6B,0.019790288,0.0,0.0
OTUD7B,0.42509234,0.0,0.0
OTULIN,0.029939273,0.0,0.0
OTX1,0.22346388,0.0,0.0
OTX2,0.23365949,0.0,-1.0
OTX2-AS1,0.01740195,0.0,0.0
OVCA2,0.00084473257,0.0,0.0
OVOL1,0.10045687,0.0,0.0
OXA1L,0.01972999,0.0,-1.0
OXCT1,0.016840689,0.0,0.0
OXCT2,0.016840689,0.0,-1.0
OXLD1,0.036290407,0.0,0.0
OXNAD1,0.00082480465,0.0,-1.0
OXR1,0.0069071995,0.0,0.0
OXSR1,0.22723217,0.0,0.0
OXT,0.0050073904,0.0,0.0
OXTR,0.024419136,0.0,0.0
P2RX4,0.043164466,0.0,0.0
P2RX6,0.12959455,0.0,0.0
P2RX6P,0.0151494,0.0,0.0
P2RY1,0.06977925,0.0,0.0
P2RY11,0.067433365,0.0,0.0
P2RY2,0.05574651,0.0,0.0
P2RY6,0.09813767,0.0,0.0
P2RY8,0.2390272,0.0,1.0
P3H1,0.036480907,0.0,-1.0
P3H3,0.013558757,0.0,0.0
P3H4,0.2564633,0.0,0.0
P4HA1,0.04300495,0.0,0.0
P4HA2,0.047036488,0.0,0.0
P4HA3,0.04505298,0.0,0.0
P4HB,0.14939098,0.0,0.0
P4HTM,0.23823647,0.0,-1.0
PA2G4,0.3760482,0.0,-1.0
PA2G4P4,0.061067533,0.0,0.0
PAAF1,0.116344996,0.0,-1.0
PABIR1,0.04530701,0.0,0.0
PABIR2,0.058697022,0.0,0.0
PABIR3,0.055899292,0.0,0.0
PABPC1,0.3667343,0.0,1.0
PABPC1L2A,0.05302169,0.0,0.0
PABPC1P1,0.011508773,0.0,0.0
PABPC3,0.090122625,0.0,0.0
PABPC4,0.32056272,0.0,-1.0
PABPN1,0.17523387,0.0,-1.0
PABPN1L,0.0018339021,0.0,0.0
PACC1,0.060645502,0.0,0.0
PACRG,0.29539263,0.0,0.0
PACRGL,0.014441031,0.0,0.0
PACS1,0.19003566,0.0,0.0
PACSIN1,0.44806096,0.0,-1.0
PACSIN2,0.29444978,0.0,-1.0
PACSIN3,0.2349312,0.0,0.0
PADI1,0.016233867,0.0,0.0
PADI4,0.24924594,0.0,-1.0
PAEP,0.25416598,0.0,-1.0
PAF1,0.25682983,0.0,-1.0
PAFAH1B1,0.124495864,0.0,-1.0
PAFAH1B2,0.15266337,0.0,1.0
PAFAH1B3,0.20282784,0.0,0.0
PAFAH2,0.049628977,0.0,0.0
PAG1,0.44135317,0.0,-1.0
PAGE4,0.31742668,0.0,0.0
PAGR1,0.17614648,0.0,0.0
PAH,0.030363712,0.0,-1.0
PAICS,0.20012923,0.0,-1.0
PAIP1,0.08923716,0.0,-1.0
PAIP2,0.050340716,0.0,0.0
PAIP2B,0.024390675,0.0,0.0
PAK1,0.5044871,1.0,1.0
PAK1IP1,0.061407987,0.0,0.0
PAK2,0.58972734,1.0,-1.0
PAK3,0.11679791,0.0,-1.0
PAK4,0.54787844,1.0,-1.0
PAK5,0.21743974,0.0,1.0
PAK6,0.39262906,0.0,-1.0
PALB2,0.21787614,0.0,1.0
PALLD,0.084987,0.0,-1.0
PALM3,0.10666801,0.0,0.0
PALS1,0.057337787,0.0,-1.0
PALS2,0.09650338,0.0,0.0
PAM,0.31083703,0.0,0.0
PAM16,0.034399644,0.0,0.0
PAN2,0.23581825,0.0,0.0
PAN3,0.10546975,0.0,-1.0
PANK1,0.07593732,0.0,0.0
PANK2,0.1248115,0.0,-1.0
PANK3,0.0397797,0.0,0.0
PANK4,0.049703762,0.0,0.0
PANX1,0.034948803,0.0,0.0
PANX3,0.15452792,0.0,0.0
PAPOLA,0.24116322,0.0,0.0
PAPOLG,0.06230557,0.0,0.0
PAPPA,0.2440603,0.0,0.0
PAPPA2,0.035789575,0.0,-1.0
PAPSS1,0.125619,0.0,0.0
PAPSS2,0.089207254,0.0,0.0
PAQR4,0.023258163,0.0,0.0
PAQR7,0.004020093,0.0,0.0
PAQR8,0.019816078,0.0,0.0
PARD3,0.42480746,0.0,-1.0
PARD3B,0.2854908,0.0,-1.0
PARD6A,0.22017664,0.0,0.0
PARD6B,0.14304604,0.0,-1.0
PARD6G,0.26306283,0.0,0.0
PARG,0.092879735,0.0,0.0
PARK7,0.44231373,0.0,-1.0
PARL,0.01433269,0.0,0.0
PARM1,0.015769294,0.0,0.0
PARN,0.13027036,0.0,0.0
PARP1,0.71914196,1.0,1.0
PARP10,0.15642264,0.0,0.0
PARP11,0.10337787,0.0,0.0
PARP12,0.08332548,0.0,0.0
PARP14,0.2893334,0.0,0.0
PARP15,0.035294946,0.0,0.0
PARP16,0.094122045,0.0,0.0
PARP2,0.23604211,0.0,-1.0
PARP3,0.12869522,0.0,-1.0
PARP4,0.30929124,0.0,-1.0
PARP6,0.12526317,0.0,0.0
PARP8,0.02526145,0.0,0.0
PARP9,0.10020146,0.0,0.0
PARPBP,0.020482484,0.0,0.0
PARS2,0.039577983,0.0,0.0
PART1,0.007175904,0.0,0.0
PARVA,0.08019443,0.0,0.0
PARVB,0.08734693,0.0,-1.0
PARVG,0.062346056,0.0,-1.0
PASK,0.07517417,0.0,-1.0
PATJ,0.056452878,0.0,-1.0
PATL1,0.05415929,0.0,0.0
PATZ1,0.35458267,0.0,1.0
PAWR,0.03777524,0.0,-1.0
PAX1,0.23993453,0.0,0.0
PAX2,0.26840603,0.0,-1.0
PAX3,0.5637303,1.0,1.0
PAX4,0.051192224,0.0,-1.0
PAX5,0.5591428,1.0,1.0
PAX6,0.53934944,1.0,-1.0
PAX7,0.27799678,0.0,1.0
PAX8,0.17160064,0.0,1.0
PAX9,0.49391204,0.0,-1.0
PAXBP1,0.18200552,0.0,0.0
PAXIP1,0.40035486,0.0,0.0
PAXX,0.012710788,0.0,0.0
PBDC1,0.026135053,0.0,0.0
PBK,0.32312247,0.0,0.0
PBLD,0.080699824,0.0,0.0
PBRM1,0.47420767,0.0,1.0
PBX1,0.5391094,1.0,1.0
PBX2,0.20661932,0.0,-1.0
PBX3,0.3375666,0.0,-1.0
PBX4,0.07205451,0.0,0.0
PBXIP1,0.11472387,0.0,0.0
PC,0.03263515,0.0,-1.0
PCBD1,0.29033116,0.0,-1.0
PCBD2,0.29166603,0.0,0.0
PCBP1,0.13661283,0.0,1.0
PCBP2,0.14778571,0.0,-1.0
PCBP3,0.09854997,0.0,-1.0
PCBP4,0.07968756,0.0,0.0
PCCA,0.024343189,0.0,-1.0
PCCB,0.026849745,0.0,-1.0
PCDH1,0.011008133,0.0,0.0
PCDH10,0.054015815,0.0,-1.0
PCDH17,0.19051419,0.0,-1.0
PCDH20,0.14590147,0.0,0.0
PCDH7,0.27654877,0.0,0.0
PCDH8,0.026664546,0.0,0.0
PCDH9,0.31092528,0.0,-1.0
PCDHA4,0.1808228,0.0,0.0
PCDHA8,0.100944445,0.0,0.0
PCDHAC1,0.027614044,0.0,0.0
PCDHB5,0.06636131,0.0,0.0
PCDHGA10,0.06096212,0.0,0.0
PCDHGA11,0.09893937,0.0,0.0
PCDHGA12,0.0068588746,0.0,0.0
PCDHGB6,0.04336851,0.0,0.0
PCDHGB7,0.04611765,0.0,0.0
PCED1A,0.03704535,0.0,0.0
PCED1B,0.03265139,0.0,-1.0
PCF11,0.10726758,0.0,-1.0
PCGF1,0.2507755,0.0,0.0
PCGF2,0.23521054,0.0,0.0
PCGF5,0.04697917,0.0,0.0
PCGF6,0.06534392,0.0,0.0
PCID2,0.0126758125,0.0,0.0
PCIF1,0.0476262,0.0,0.0
PCK1,0.16143174,0.0,0.0
PCK2,0.1494334,0.0,0.0
PCLAF,0.08794372,0.0,-1.0
PCLO,0.2676931,0.0,-1.0
PCM1,0.2672862,0.0,1.0
PCMT1,0.18497044,0.0,0.0
PCMTD1,0.09880386,0.0,-1.0
PCNA,0.73557943,1.0,-1.0
PCNA-AS1,0.06501644,0.0,0.0
PCNAP1,0.055082425,0.0,0.0
PCNP,0.1424969,0.0,0.0
PCNT,0.3646785,0.0,0.0
PCNX1,0.0022504795,0.0,0.0
PCNX3,0.0060802535,0.0,0.0
PCNX4,0.045319397,0.0,-1.0
PCOTH,0.024924722,0.0,0.0
PCP4,0.03166952,0.0,0.0
PCSK1,0.17924671,0.0,-1.0
PCSK2,0.013475236,0.0,0.0
PCSK5,0.15463226,0.0,-1.0
PCSK6,0.056658927,0.0,-1.0
PCSK9,0.042613164,0.0,-1.0
PCYOX1,0.05353031,0.0,0.0
PCYT1A,0.022761697,0.0,-1.0
PCYT1B,0.09526796,0.0,-1.0
PCYT2,0.0022123852,0.0,0.0
PDAP1,0.12417412,0.0,-1.0
PDC,0.07753055,0.0,0.0
PDCD1,0.37340525,0.0,1.0
PDCD10,0.16747388,0.0,-1.0
PDCD11,0.060017318,0.0,-1.0
PDCD1LG2,0.41113678,0.0,1.0
PDCD2,0.13535741,0.0,-1.0
PDCD2L,0.03471406,0.0,-1.0
PDCD4,0.25927806,0.0,-1.0
PDCD5,0.1670856,0.0,-1.0
PDCD6,0.12080247,0.0,-1.0
PDCD6IP,0.27644047,0.0,0.0
PDCD7,0.054086547,0.0,0.0
PDCL,0.08677638,0.0,0.0
PDCL3,0.026979012,0.0,0.0
PDE10A,0.06900158,0.0,0.0
PDE11A,0.069423944,0.0,-1.0
PDE12,0.07611498,0.0,0.0
PDE1A,0.09209161,0.0,0.0
PDE1C,0.06968783,0.0,0.0
PDE2A,0.06713411,0.0,0.0
PDE3A,0.080461375,0.0,0.0
PDE3B,0.06843335,0.0,0.0
PDE4A,0.12417716,0.0,-1.0
PDE4B,0.06977233,0.0,0.0
PDE4C,0.06704806,0.0,0.0
PDE4D,0.10513078,0.0,-1.0
PDE4DIP,0.33457816,0.0,1.0
PDE5A,0.06946343,0.0,0.0
PDE6A,0.0031413767,0.0,-1.0
PDE6D,0.23677115,0.0,0.0
PDE6G,0.10295896,0.0,-1.0
PDE6H,0.06956824,0.0,-1.0
PDE7A,0.07006194,0.0,0.0
PDE7B,0.0695448,0.0,-1.0
PDE8A,0.06946286,0.0,0.0
PDE8B,0.06947612,0.0,-1.0
PDE9A,0.07930146,0.0,0.0
PDGFA,0.095302545,0.0,-1.0
PDGFB,0.20208217,0.0,1.0
PDGFC,0.058502357,0.0,-1.0
PDGFRA,0.6072416,1.0,1.0
PDGFRB,0.7101022,1.0,1.0
PDGFRL,0.27323768,0.0,-1.0
PDHA1,0.097288765,0.0,-1.0
PDHA2,0.042713653,0.0,-1.0
PDHB,0.06195237,0.0,-1.0
PDHX,0.095608905,0.0,0.0
PDIA2,0.12074198,0.0,0.0
PDIA3,0.06161917,0.0,0.0
PDIA4,0.1527285,0.0,-1.0
PDIA5,0.015708966,0.0,0.0
PDIA6,0.083477795,0.0,0.0
PDIK1L,0.17654124,0.0,0.0
PDK1,0.20121312,0.0,-1.0
PDK2,0.35112867,0.0,-1.0
PDK3,0.115111694,0.0,0.0
PDK4,0.3233078,0.0,0.0
PDLIM1,0.14256303,0.0,0.0
PDLIM2,0.051261123,0.0,0.0
PDLIM4,0.115232505,0.0,0.0
PDLIM5,0.19790159,0.0,-1.0
PDLIM7,0.0852577,0.0,0.0
PDP1,0.008414203,0.0,0.0
PDP2,0.0537131,0.0,-1.0
PDPK1,0.5391949,1.0,-1.0
PDPN,0.0021722938,0.0,0.0
PDRG1,0.05780613,0.0,0.0
PDS5A,0.44236347,0.0,-1.0
PDS5B,0.1580827,0.0,1.0
PDSS2,0.121759646,0.0,-1.0
PDX1,0.33247867,0.0,-1.0
PDXDC1,0.10791189,0.0,-1.0
PDXK,0.14124732,0.0,-1.0
PDXP,0.16747752,0.0,0.0
PDZD11,0.009156302,0.0,0.0
PDZD2,0.190377,0.0,-1.0
PDZD3,0.15911749,0.0,0.0
PDZD7,0.028447457,0.0,-1.0
PDZD9,0.030329116,0.0,0.0
PDZK1,0.17062643,0.0,0.0
PDZK1IP1,0.18203017,0.0,-1.0
PDZRN3,0.5294298,1.0,-1.0
PEA15,0.20920682,0.0,-1.0
PEBP1,0.27585024,0.0,-1.0
PEBP4,0.11383705,0.0,0.0
PECAM1,0.5440906,1.0,-1.0
PECR,0.068714075,0.0,0.0
PEDS1,0.025788374,0.0,0.0
PEDS1-UBE2V1,0.026487038,0.0,0.0
PEF1,0.06575637,0.0,0.0
PEG10,0.07883051,0.0,-1.0
PEG3,0.10495018,0.0,-1.0
PEG3-AS1,0.009702866,0.0,0.0
PELI1,0.1623788,0.0,0.0
PELI2,0.12205817,0.0,0.0
PELI3,0.14940165,0.0,-1.0
PELO,0.0888394,0.0,0.0
PELP1,0.40052676,0.0,0.0
PEMT,0.025100587,0.0,0.0
PENK,0.05167295,0.0,0.0
PEPD,0.02392624,0.0,-1.0
PER1,0.23621364,0.0,1.0
PER2,0.090060145,0.0,-1.0
PER3,0.09214431,0.0,-1.0
PERP,0.029278621,0.0,-1.0
PES1,0.060092468,0.0,-1.0
PET117,0.020216243,0.0,0.0
PEX1,0.032713547,0.0,-1.0
PEX10,0.043497805,0.0,-1.0
PEX11A,0.008117518,0.0,0.0
PEX11B,0.044151153,0.0,0.0
PEX11G,0.011165157,0.0,0.0
PEX12,0.058672287,0.0,-1.0
PEX13,0.064115,0.0,-1.0
PEX14,0.08061466,0.0,-1.0
PEX16,0.051800646,0.0,-1.0
PEX19,0.020578928,0.0,-1.0
PEX2,0.028333431,0.0,-1.0
PEX26,0.031157875,0.0,-1.0
PEX3,0.038640622,0.0,-1.0
PEX5,0.08975374,0.0,-1.0
PEX5L,0.009373049,0.0,0.0
PEX6,0.02149616,0.0,-1.0
PEX7,0.063376084,0.0,-1.0
PF4,0.013340856,0.0,-1.0
PFAS,0.2103314,0.0,-1.0
PFDN1,0.19762483,0.0,0.0
PFDN2,0.12525366,0.0,0.0
PFDN4,0.08443264,0.0,0.0
PFDN5,0.14038388,0.0,0.0
PFDN6,0.07532438,0.0,0.0
PFKFB1,0.12599592,0.0,0.0
PFKFB2,0.15475607,0.0,-1.0
PFKFB3,0.16054338,0.0,-1.0
PFKFB4,0.11467572,0.0,-1.0
PFKL,0.28270376,0.0,-1.0
PFKM,0.2028198,0.0,-1.0
PFKP,0.20934223,0.0,-1.0
PFN1,0.4000296,0.0,-1.0
PFN2,0.27938262,0.0,0.0
PGAM1,0.11438596,0.0,-1.0
PGAM2,0.111026816,0.0,-1.0
PGAM4,0.078403,0.0,-1.0
PGAM5,0.2060055,0.0,0.0
PGAP1,0.19520941,0.0,0.0
PGAP2,0.05350663,0.0,-1.0
PGAP3,0.006021895,0.0,0.0
PGBD1,0.06314119,0.0,0.0
PGBD2,0.00113713,0.0,0.0
PGBD3,0.01722802,0.0,0.0
PGBD4,0.018003011,0.0,0.0
PGC,0.14235169,0.0,0.0
PGD,0.19244742,0.0,-1.0
PGF,0.18565182,0.0,-1.0
PGGT1B,0.033815842,0.0,0.0
PGK1,0.25699407,0.0,-1.0
PGK2,0.08366938,0.0,0.0
PGLS,0.09645937,0.0,0.0
PGLYRP4,0.05085352,0.0,0.0
PGM1,0.33315465,0.0,-1.0
PGM2,0.12083299,0.0,0.0
PGM5,0.02882245,0.0,0.0
PGP,0.044994235,0.0,0.0
PGPEP1,0.073466755,0.0,0.0
PGR,0.6989607,1.0,1.0
PGRMC1,0.022619594,0.0,0.0
PGS1,0.037404053,0.0,0.0
PHACTR1,0.082866535,0.0,0.0
PHACTR3,0.121928714,0.0,0.0
PHAF1,0.07420865,0.0,0.0
PHAX,0.17199855,0.0,-1.0
PHB1,0.3378908,0.0,-1.0
PHB2,0.32648173,0.0,0.0
PHC1,0.13884519,0.0,0.0
PHC2,0.17939265,0.0,-1.0
PHC3,0.07186361,0.0,0.0
PHETA1,0.02895148,0.0,0.0
PHETA2,0.0049738847,0.0,0.0
PHF1,0.4402541,0.0,-1.0
PHF10,0.12562998,0.0,0.0
PHF12,0.09294926,0.0,0.0
PHF13,0.027366668,0.0,0.0
PHF14,0.120490864,0.0,0.0
PHF19,0.15459464,0.0,0.0
PHF20,0.051045697,0.0,-1.0
PHF20L1,0.044031985,0.0,0.0
PHF21A,0.26028788,0.0,-1.0
PHF21B,0.11391077,0.0,0.0
PHF23,0.030943817,0.0,-1.0
PHF5A,0.06447436,0.0,-1.0
PHF7,0.031208986,0.0,0.0
PHF8,0.2043913,0.0,-1.0
PHGDH,0.07413247,0.0,-1.0
PHIP,0.28124657,0.0,-1.0
PHKA2,0.1873399,0.0,-1.0
PHKB,0.08820503,0.0,-1.0
PHKG1,0.11936147,0.0,0.0
PHKG2,0.20582469,0.0,-1.0
PHLDA1,0.13279134,0.0,-1.0
PHLDA2,0.09111564,0.0,0.0
PHLDA3,0.26856017,0.0,0.0
PHLDB2,0.1663221,0.0,0.0
PHLPP1,0.3611194,0.0,-1.0
PHLPP2,0.13856104,0.0,-1.0
PHOSPHO1,0.0835536,0.0,0.0
PHOX2A,0.22084396,0.0,0.0
PHOX2B,0.27163112,0.0,1.0
PHPT1,0.06550372,0.0,0.0
PHRF1,0.18585439,0.0,0.0
PHTF1,0.032994293,0.0,0.0
PHTF2,0.06926942,0.0,0.0
PHYH,0.16448753,0.0,-1.0
PHYHD1,0.22496313,0.0,-1.0
PHYHIP,0.2653704,0.0,0.0
PHYHIPL,0.05921371,0.0,0.0
PI3,0.063128464,0.0,0.0
PI4K2A,0.04695317,0.0,0.0
PI4K2B,0.057876017,0.0,0.0
PI4KA,0.43187717,0.0,-1.0
PI4KB,0.5810167,1.0,0.0
PIAS1,0.64750195,1.0,-1.0
PIAS2,0.57489604,1.0,0.0
PIAS3,0.56027776,1.0,-1.0
PIAS4,0.58326954,1.0,0.0
PIBF1,0.016554752,0.0,0.0
PICALM,0.13128859,0.0,1.0
PICK1,0.56213623,1.0,-1.0
PICSAR,0.009208945,0.0,0.0
PIDD1,0.11639273,0.0,0.0
PIF1,0.018972244,0.0,0.0
PIGA,0.34702024,0.0,1.0
PIGB,0.0029309527,0.0,0.0
PIGC,0.07156746,0.0,-1.0
PIGG,0.0047386237,0.0,0.0
PIGH,0.26329595,0.0,0.0
PIGK,0.13570029,0.0,0.0
PIGL,0.023868201,0.0,0.0
PIGN,0.026000988,0.0,0.0
PIGO,0.05352034,0.0,0.0
PIGP,0.13842854,0.0,0.0
PIGQ,0.36407346,0.0,0.0
PIGR,0.16708079,0.0,-1.0
PIGS,0.044084452,0.0,0.0
PIGT,0.03084579,0.0,-1.0
PIGU,0.0064519197,0.0,0.0
PIGV,0.08905472,0.0,-1.0
PIGW,0.04040863,0.0,0.0
PIGX,0.014392248,0.0,0.0
PIH1D1,0.09476285,0.0,0.0
PIK3C2A,0.35912636,0.0,-1.0
PIK3C2B,0.46403226,0.0,-1.0
PIK3C2G,0.26154667,0.0,-1.0
PIK3C3,0.324808,0.0,-1.0
PIK3CA,0.8568705,1.0,1.0
PIK3CB,0.37831396,0.0,1.0
PIK3CD,0.48360458,0.0,1.0
PIK3CD-AS1,0.040338017,0.0,0.0
PIK3CG,0.80449694,1.0,1.0
PIK3R1,0.91307145,1.0,1.0
PIK3R2,0.7736778,1.0,1.0
PIK3R3,0.5557155,1.0,1.0
PIK3R4,0.2569859,0.0,-1.0
PIK3R5,0.252832,0.0,-1.0
PIK3R6,0.01976937,0.0,-1.0
PIKFYVE,0.51811653,1.0,-1.0
PILRA,0.16091743,0.0,0.0
PILRB,0.010868848,0.0,0.0
PIM1,0.4033198,0.0,1.0
PIM2,0.39251393,0.0,-1.0
PIM3,0.31186023,0.0,-1.0
PIN1,0.51291454,1.0,0.0
PIN1P1,0.010598943,0.0,0.0
PIN4,0.18296093,0.0,0.0
PINK1,0.3522468,0.0,-1.0
PINX1,0.3996303,0.0,0.0
PIP,0.04989687,0.0,0.0
PIP4K2A,0.4552622,0.0,-1.0
PIP4K2B,0.45674545,0.0,0.0
PIP4K2C,0.4013669,0.0,0.0
PIP4P1,0.04461858,0.0,0.0
PIP4P2,0.008505708,0.0,0.0
PIP5K1A,0.36566275,0.0,-1.0
PIP5K1B,0.47516868,0.0,-1.0
PIP5K1C,0.39543974,0.0,-1.0
PIP5KL1,0.16805606,0.0,0.0
PIPOX,0.057861853,0.0,0.0
PIR,0.11852335,0.0,0.0
PISD,0.05199819,0.0,0.0
PITHD1,0.09060834,0.0,0.0
PITPNA,0.06884699,0.0,0.0
PITPNB,0.03505262,0.0,0.0
PITPNC1,0.023651754,0.0,0.0
PITPNM1,0.02495574,0.0,0.0
PITPNM2,0.08312283,0.0,-1.0
PITPNM3,0.05533889,0.0,-1.0
PITRM1,0.020035094,0.0,0.0
PITX1,0.40549505,0.0,-1.0
PITX2,0.39235306,0.0,0.0
PITX3,0.13770317,0.0,-1.0
PIWIL1,0.24031128,0.0,-1.0
PIWIL2,0.47835565,0.0,-1.0
PIWIL3,0.31938875,0.0,0.0
PIWIL4,0.15117925,0.0,0.0
PJA1,0.15015273,0.0,0.0
PJA2,0.28014448,0.0,0.0
PJVK,0.018302314,0.0,0.0
PKD1,0.4740105,0.0,-1.0
PKD1L1,0.14076546,0.0,-1.0
PKD1L3,0.03275728,0.0,0.0
PKD2,0.2503704,0.0,-1.0
PKD2L1,0.12788506,0.0,0.0
PKD2L2,0.026909607,0.0,0.0
PKDCC,0.1254066,0.0,-1.0
PKIA,0.10364334,0.0,0.0
PKIB,0.017946467,0.0,0.0
PKIG,0.12983128,0.0,-1.0
PKLR,0.18493697,0.0,0.0
PKM,0.36392477,0.0,-1.0
PKMYT1,0.18426727,0.0,0.0
PKN1,0.5654901,1.0,-1.0
PKN2,0.3588738,0.0,0.0
PKN3,0.22886728,0.0,0.0
PKNOX1,0.23034282,0.0,-1.0
PKNOX2,0.07435297,0.0,0.0
PKP1,0.37279204,0.0,-1.0
PKP2,0.15459456,0.0,-1.0
PKP3,0.11551595,0.0,0.0
PKP4,0.33461177,0.0,-1.0
PLA1A,0.007896484,0.0,-1.0
PLA2G10,0.029606707,0.0,0.0
PLA2G12A,0.03004296,0.0,0.0
PLA2G12B,0.029606707,0.0,0.0
PLA2G15,0.029499197,0.0,0.0
PLA2G1B,0.030621048,0.0,0.0
PLA2G2A,0.036040634,0.0,-1.0
PLA2G2D,0.029606707,0.0,0.0
PLA2G2E,0.030914161,0.0,0.0
PLA2G2F,0.029606707,0.0,0.0
PLA2G3,0.029606707,0.0,0.0
PLA2G4A,0.033092663,0.0,-1.0
PLA2G4C,0.11121617,0.0,-1.0
PLA2G4D,0.0053291135,0.0,-1.0
PLA2G4E,0.00819834,0.0,-1.0
PLA2G5,0.029606707,0.0,0.0
PLA2G6,0.028936282,0.0,-1.0
PLAA,0.096600175,0.0,0.0
PLAAT3,0.021298118,0.0,0.0
PLAAT4,0.117016755,0.0,-1.0
PLAC8,0.0014768878,0.0,-1.0
PLAG1,0.11103253,0.0,1.0
PLAGL1,0.26837468,0.0,-1.0
PLAGL2,0.07950828,0.0,-1.0
PLAT,0.46526256,0.0,-1.0
PLAU,0.23432498,0.0,-1.0
PLAUR,0.2694204,0.0,-1.0
PLB1,0.009521182,0.0,-1.0
PLBD2,0.020323768,0.0,0.0
PLCB1,0.45126384,0.0,-1.0
PLCB2,0.4657498,0.0,-1.0
PLCB3,0.40628913,0.0,-1.0
PLCB4,0.37272647,0.0,-1.0
PLCD1,0.16190618,0.0,-1.0
PLCD3,0.36313376,0.0,0.0
PLCD4,0.5287239,1.0,0.0
PLCE1,0.453598,0.0,-1.0
PLCG1,0.9063237,1.0,1.0
PLCG2,0.54580325,1.0,1.0
PLCH2,0.037498213,0.0,-1.0
PLCL1,0.080589324,0.0,-1.0
PLCL2,0.02154834,0.0,0.0
PLCZ1,0.37272647,0.0,0.0
PLD1,0.18270999,0.0,-1.0
PLD2,0.1294557,0.0,-1.0
PLD3,0.051425885,0.0,0.0
PLD6,0.047947526,0.0,0.0
PLEC,0.43305707,0.0,-1.0
PLEK2,0.00048830936,0.0,-1.0
PLEKHA1,0.015638333,0.0,0.0
PLEKHA2,0.015638333,0.0,-1.0
PLEKHA4,0.16257033,0.0,0.0
PLEKHA5,0.30405945,0.0,0.0
PLEKHA6,0.115059584,0.0,0.0
PLEKHA7,0.07993753,0.0,0.0
PLEKHA8,0.040481504,0.0,-1.0
PLEKHA8P1,0.010037257,0.0,0.0
PLEKHB2,0.07228157,0.0,0.0
PLEKHF1,0.03067746,0.0,0.0
PLEKHF2,0.1335109,0.0,0.0
PLEKHG2,0.18537618,0.0,-1.0
PLEKHG4,0.10521857,0.0,0.0
PLEKHG5,0.00851119,0.0,-1.0
PLEKHG6,0.062110927,0.0,0.0
PLEKHH2,0.088980265,0.0,0.0
PLEKHH3,0.035233155,0.0,0.0
PLEKHJ1,0.090368874,0.0,0.0
PLEKHM1,0.06413672,0.0,-1.0
PLEKHM2,0.0054715266,0.0,0.0
PLEKHM3,0.029712684,0.0,-1.0
PLEKHO1,0.14303488,0.0,0.0
PLET1,0.011840995,0.0,0.0
PLG,0.7352856,1.0,-1.0
PLGLA,0.013243519,0.0,0.0
PLGRKT,0.047939613,0.0,0.0
PLIN3,0.060696635,0.0,0.0
PLK1,0.5291316,1.0,-1.0
PLK2,0.3040425,0.0,-1.0
PLK3,0.39792797,0.0,-1.0
PLK4,0.20477037,0.0,-1.0
PLLP,0.034928337,0.0,0.0
PLN,0.01503907,0.0,-1.0
PLOD1,0.10177714,0.0,-1.0
PLOD2,0.1281873,0.0,-1.0
PLOD3,0.06254621,0.0,0.0
PLP1,0.2025601,0.0,-1.0
PLP2,0.006865595,0.0,0.0
PLPBP,0.02680282,0.0,0.0
PLPP1,0.12560709,0.0,-1.0
PLPP2,0.1362256,0.0,-1.0
PLPP3,0.0994418,0.0,-1.0
PLPPR3,0.08363441,0.0,0.0
PLPPR4,0.0015218817,0.0,0.0
PLRG1,0.20209362,0.0,-1.0
PLS1,0.11287203,0.0,0.0
PLS3,0.066693135,0.0,0.0
PLSCR1,0.18760306,0.0,0.0
PLSCR3,0.032918185,0.0,0.0
PLSCR4,0.10012405,0.0,-1.0
PLTP,0.251657,0.0,0.0
PLXDC1,0.11199322,0.0,-1.0
PLXDC2,0.07871136,0.0,0.0
PLXNA1,0.08011831,0.0,0.0
PLXNA2,0.138719,0.0,-1.0
PLXNB1,0.62402487,1.0,-1.0
PLXNB2,0.57077193,1.0,-1.0
PLXNB3,0.18572216,0.0,0.0
PMAIP1,0.28944865,0.0,1.0
PMCH,0.064505965,0.0,0.0
PMEPA1,0.12734208,0.0,-1.0
PMF1,0.3663518,0.0,0.0
PMFBP1,0.009465457,0.0,0.0
PML,0.80676967,1.0,1.0
PMM1,0.17059939,0.0,0.0
PMM2,0.080676876,0.0,-1.0
PMP22,0.059182346,0.0,-1.0
PMPCA,0.025699146,0.0,-1.0
PMPCB,0.025915423,0.0,0.0
PMS1,0.6288158,1.0,1.0
PMS2,0.47636044,0.0,1.0
PMS2P3,0.11860485,0.0,0.0
PMS2P4,0.010423521,0.0,0.0
PMS2P5,0.060863305,0.0,0.0
PMVK,0.22871356,0.0,0.0
PNCK,0.14206652,0.0,0.0
PNISR,0.056832377,0.0,0.0
PNKD,0.053417083,0.0,-1.0
PNKP,0.19082834,0.0,0.0
PNLIP,0.06281002,0.0,0.0
PNLIPRP1,0.05814654,0.0,0.0
PNMA1,0.21513902,0.0,-1.0
PNMA2,0.17627326,0.0,0.0
PNMA3,0.04046937,0.0,0.0
PNMA6A,0.046135925,0.0,0.0
PNMA8A,0.18199196,0.0,0.0
PNMT,0.075043805,0.0,0.0
PNN,0.18257162,0.0,-1.0
PNO1,0.06161415,0.0,0.0
PNOC,3.4339298e-08,0.0,0.0
PNP,0.15156743,0.0,0.0
PNPLA2,0.073920466,0.0,-1.0
PNPLA3,0.11910876,0.0,0.0
PNPLA4,0.040120438,0.0,0.0
PNPLA6,0.029494837,0.0,-1.0
PNPLA7,0.021749536,0.0,-1.0
PNPLA8,0.038386326,0.0,-1.0
PNPO,0.1125052,0.0,0.0
PNPT1,0.15674047,0.0,0.0
PNRC1,0.19778417,0.0,-1.0
PNRC2,0.1521537,0.0,0.0
POC1A,0.02072277,0.0,0.0
POC1B,0.070101604,0.0,0.0
PODXL,0.10296676,0.0,0.0
PODXL2,0.036112662,0.0,0.0
POF1B,0.051964648,0.0,-1.0
POFUT1,0.30726972,0.0,0.0
POFUT2,0.066381134,0.0,0.0
POGK,0.10829797,0.0,0.0
POGLUT1,0.009159469,0.0,-1.0
POGLUT3,0.017892256,0.0,0.0
POGZ,0.14519578,0.0,0.0
POLA1,0.27298078,0.0,-1.0
POLA2,0.26557696,0.0,0.0
POLB,0.28036052,0.0,0.0
POLD1,0.37293124,0.0,1.0
POLD2,0.16177377,0.0,0.0
POLD3,0.2037126,0.0,-1.0
POLD4,0.22062775,0.0,0.0
POLDIP2,0.17014524,0.0,0.0
POLDIP3,0.23579212,0.0,-1.0
POLE,0.18157735,0.0,1.0
POLE2,0.18148081,0.0,-1.0
POLE3,0.21820898,0.0,0.0
POLE4,0.042132217,0.0,0.0
POLG,0.11106699,0.0,1.0
POLG2,0.05613386,0.0,-1.0
POLH,0.16271438,0.0,-1.0
POLI,0.09005829,0.0,0.0
POLK,0.18937312,0.0,-1.0
POLL,0.09003631,0.0,0.0
POLM,0.108103335,0.0,-1.0
POLN,0.3396663,0.0,0.0
POLQ,0.31539908,0.0,1.0
POLR1A,0.21488659,0.0,0.0
POLR1B,0.14744951,0.0,0.0
POLR1C,0.23684277,0.0,-1.0
POLR1D,0.19593953,0.0,-1.0
POLR1E,0.15107523,0.0,0.0
POLR1F,0.018796204,0.0,0.0
POLR1G,0.17431335,0.0,-1.0
POLR1H,0.14639883,0.0,0.0
POLR2A,0.66083026,1.0,0.0
POLR2B,0.24826077,0.0,0.0
POLR2C,0.22725064,0.0,0.0
POLR2D,0.20010309,0.0,-1.0
POLR2E,0.24336657,0.0,0.0
POLR2F,0.13091725,0.0,0.0
POLR2G,0.16057636,0.0,0.0
POLR2H,0.15261523,0.0,0.0
POLR2I,0.122240946,0.0,0.0
POLR2J,0.16266471,0.0,0.0
POLR2J2,0.036106694,0.0,0.0
POLR2J3,0.0035747038,0.0,0.0
POLR2J4,0.025675418,0.0,0.0
POLR2K,0.13252012,0.0,0.0
POLR2L,0.12944296,0.0,0.0
POLR2M,0.023323815,0.0,0.0
POLR2MP1,0.02181793,0.0,0.0
POLR3A,0.45644125,0.0,0.0
POLR3B,0.14224437,0.0,0.0
POLR3C,0.15430257,0.0,0.0
POLR3D,0.24006239,0.0,0.0
POLR3E,0.13078009,0.0,-1.0
POLR3F,0.086197175,0.0,0.0
POLR3G,0.120856166,0.0,0.0
POLR3GL,0.117618695,0.0,0.0
POLR3H,0.14132734,0.0,0.0
POLR3K,0.14683725,0.0,0.0
POLRMT,0.026473008,0.0,-1.0
POM121,0.22870736,0.0,0.0
POM121C,0.16932552,0.0,0.0
POM121L9P,0.012086428,0.0,0.0
POMC,0.0048256125,0.0,-1.0
POMK,0.23984906,0.0,0.0
POMP,0.03306303,0.0,0.0
POMT1,0.019077726,0.0,-1.0
POMT2,0.003655169,0.0,-1.0
PON1,0.032587968,0.0,-1.0
PON2,0.04443973,0.0,0.0
PON3,0.026215784,0.0,0.0
POP1,0.013555747,0.0,0.0
POP4,0.015954487,0.0,0.0
POP5,0.023932435,0.0,0.0
POP7,0.24418679,0.0,0.0
POR,0.0749695,0.0,-1.0
POT1,0.34455797,0.0,1.0
POTEE,0.024661282,0.0,0.0
POTEF,0.1841602,0.0,0.0
POTEI,0.024294503,0.0,0.0
POTEKP,0.005588727,0.0,0.0
POU1F1,0.32533535,0.0,-1.0
POU2AF1,0.27922785,0.0,1.0
POU2F1,0.6550259,1.0,-1.0
POU2F2,0.6379501,1.0,-1.0
POU2F3,0.19222407,0.0,0.0
POU3F1,0.011858947,0.0,0.0
POU3F2,0.25173673,0.0,-1.0
POU3F3,0.20199658,0.0,-1.0
POU3F4,0.13130938,0.0,-1.0
POU4F1,0.22858362,0.0,-1.0
POU4F2,0.09543245,0.0,0.0
POU4F3,0.14640497,0.0,0.0
POU5F1,0.5934814,1.0,1.0
POU6F1,0.123433344,0.0,0.0
PPA1,0.25757584,0.0,0.0
PPA2,0.01918046,0.0,0.0
PPAN,0.09056088,0.0,0.0
PPAN-P2RY11,0.06598542,0.0,0.0
PPARA,0.34491846,0.0,0.0
PPARD,0.5486884,1.0,-1.0
PPARG,0.7620795,1.0,1.0
PPARGC1A,0.58188486,1.0,0.0
PPARGC1B,0.16157326,0.0,0.0
PPAT,0.058705315,0.0,-1.0
PPBP,0.052504677,0.0,0.0
PPBPP2,0.020269958,0.0,0.0
PPCDC,0.05602767,0.0,0.0
PPDPF,0.05608082,0.0,0.0
PPEF1,0.04063079,0.0,0.0
PPEF2,0.048025444,0.0,0.0
PPFIA1,0.6326348,1.0,0.0
PPFIA2,0.43843862,0.0,0.0
PPFIA3,0.31570086,0.0,0.0
PPFIA4,0.2878098,0.0,0.0
PPFIBP1,0.35580406,0.0,1.0
PPFIBP2,0.1477008,0.0,0.0
PPHLN1,0.012299767,0.0,0.0
PPIA,0.13902943,0.0,0.0
PPIB,0.1842972,0.0,-1.0
PPIC,0.009670618,0.0,0.0
PPID,0.101022504,0.0,0.0
PPIE,0.24565153,0.0,0.0
PPIF,0.06344912,0.0,0.0
PPIG,0.104054295,0.0,-1.0
PPIH,0.108445756,0.0,0.0
PPIL1,0.038620297,0.0,-1.0
PPIL2,0.1557312,0.0,0.0
PPIL3,0.0041747442,0.0,0.0
PPIL4,0.06801297,0.0,-1.0
PPIP5K1,0.03790872,0.0,0.0
PPIP5K2,0.0621495,0.0,0.0
PPL,0.10355565,0.0,0.0
PPM1A,0.20549232,0.0,0.0
PPM1B,0.35765886,0.0,0.0
PPM1D,0.07577758,0.0,1.0
PPM1E,0.00029423586,0.0,-1.0
PPM1F,0.101902895,0.0,-1.0
PPM1G,0.14554353,0.0,0.0
PPM1J,0.07857824,0.0,-1.0
PPM1M,0.1355406,0.0,0.0
PPM1N,0.017668756,0.0,0.0
PPME1,0.02019561,0.0,0.0
PPOX,0.09108891,0.0,-1.0
PPP1CA,0.43469888,0.0,-1.0
PPP1CB,0.24959117,0.0,-1.0
PPP1CC,0.37977684,0.0,-1.0
PPP1R10,0.25367877,0.0,0.0
PPP1R11,0.034550797,0.0,0.0
PPP1R12A,0.20196961,0.0,-1.0
PPP1R12B,0.091090545,0.0,-1.0
PPP1R12C,0.11734126,0.0,-1.0
PPP1R13B,0.31209078,0.0,0.0
PPP1R13L,0.26944733,0.0,-1.0
PPP1R14A,0.027584681,0.0,0.0
PPP1R14B,0.034281764,0.0,-1.0
PPP1R14C,0.12325109,0.0,0.0
PPP1R15A,0.5446743,1.0,-1.0
PPP1R15B,0.07967021,0.0,0.0
PPP1R16A,0.06300438,0.0,0.0
PPP1R18,0.06850128,0.0,0.0
PPP1R1B,0.10889672,0.0,-1.0
PPP1R2,0.110899776,0.0,0.0
PPP1R21,0.014139001,0.0,0.0
PPP1R35,0.010006558,0.0,0.0
PPP1R37,0.026401222,0.0,0.0
PPP1R3A,0.10683674,0.0,-1.0
PPP1R3B,0.05304329,0.0,-1.0
PPP1R3C,0.12458484,0.0,0.0
PPP1R3D,0.14124076,0.0,0.0
PPP1R3E,0.08862357,0.0,0.0
PPP1R7,0.060257237,0.0,0.0
PPP1R8,0.3619216,0.0,-1.0
PPP1R9A,0.15212816,0.0,-1.0
PPP1R9B,0.12110415,0.0,-1.0
PPP2CA,0.5725554,1.0,-1.0
PPP2CB,0.42789048,0.0,0.0
PPP2R1A,0.5784335,1.0,1.0
PPP2R1B,0.4712478,0.0,0.0
PPP2R2A,0.4847225,0.0,1.0
PPP2R2B,0.36576843,0.0,-1.0
PPP2R2C,0.27098295,0.0,0.0
PPP2R2D,0.37523836,0.0,0.0
PPP2R3A,0.18186662,0.0,-1.0
PPP2R3B,0.1344179,0.0,0.0
PPP2R3C,0.035000164,0.0,0.0
PPP2R5A,0.3457191,0.0,-1.0
PPP2R5B,0.08078446,0.0,0.0
PPP2R5C,0.19288525,0.0,-1.0
PPP2R5D,0.47166714,0.0,0.0
PPP2R5E,0.13270892,0.0,0.0
PPP3CA,0.17679115,0.0,-1.0
PPP3CB,0.08497168,0.0,-1.0
PPP3CC,0.048948236,0.0,-1.0
PPP3R1,0.015533756,0.0,-1.0
PPP4C,0.2505973,0.0,-1.0
PPP4R1,0.13324365,0.0,0.0
PPP4R2,0.04440943,0.0,-1.0
PPP4R3A,0.0624655,0.0,-1.0
PPP4R3B,0.05868115,0.0,-1.0
PPP4R4,0.011949844,0.0,0.0
PPP5C,0.2844351,0.0,0.0
PPP6C,0.21254222,0.0,1.0
PPP6R1,0.21941604,0.0,0.0
PPP6R2,0.19658747,0.0,-1.0
PPP6R3,0.3258511,0.0,0.0
PPRC1,0.043480344,0.0,0.0
PPT1,0.110349685,0.0,-1.0
PPT2,0.105181314,0.0,0.0
PPTC7,0.018633513,0.0,-1.0
PPWD1,0.023069557,0.0,0.0
PQBP1,0.20793535,0.0,-1.0
PRAC1,0.000686315,0.0,0.0
PRAC2,0.017499201,0.0,0.0
PRADC1,0.030708984,0.0,0.0
PRAG1,0.072905116,0.0,0.0
PRAM1,0.33613542,0.0,0.0
PRAME,0.16117421,0.0,-1.0
PRB3,0.062261347,0.0,0.0
PRC1,0.22275212,0.0,0.0
PRCC,0.06586421,0.0,1.0
PRDM1,0.35097584,0.0,1.0
PRDM10,0.19265887,0.0,0.0
PRDM10-DT,0.05483735,0.0,0.0
PRDM12,0.12835212,0.0,0.0
PRDM13,0.34429958,0.0,0.0
PRDM14,0.21517573,0.0,-1.0
PRDM15,0.02844593,0.0,0.0
PRDM16,0.14902373,0.0,1.0
PRDM2,0.2834458,0.0,1.0
PRDM4,0.07438022,0.0,0.0
PRDM5,0.20836906,0.0,0.0
PRDM6,0.16338068,0.0,0.0
PRDM7,0.010174046,0.0,0.0
PRDM8,0.0920237,0.0,0.0
PRDM9,0.07150367,0.0,-1.0
PRDX1,0.32867748,0.0,-1.0
PRDX2,0.2002952,0.0,0.0
PRDX3,0.17412125,0.0,0.0
PRDX4,0.100093976,0.0,-1.0
PRDX5,0.08939558,0.0,0.0
PRDX6,0.030661328,0.0,0.0
PREB,0.03840167,0.0,0.0
PRECSIT,0.065840445,0.0,0.0
PRELID1,0.00053693284,0.0,0.0
PRELID3B,0.006575444,0.0,0.0
PRELP,0.2747359,0.0,0.0
PREP,0.10591218,0.0,0.0
PREPL,0.05631802,0.0,0.0
PREX1,0.181625,0.0,-1.0
PRF1,0.09426909,0.0,1.0
PRG2,0.19791229,0.0,0.0
PRG3,0.0014984387,0.0,0.0
PRH1,0.04484817,0.0,0.0
PRICKLE1,0.29028943,0.0,-1.0
PRICKLE2,0.043533918,0.0,-1.0
PRICKLE3,0.10821017,0.0,0.0
PRICKLE4,0.03281277,0.0,0.0
PRIM1,0.18515676,0.0,-1.0
PRIM2,0.21363816,0.0,0.0
PRKAA1,0.5085868,1.0,0.0
PRKAA2,0.5021944,1.0,0.0
PRKAB1,0.36539713,0.0,-1.0
PRKAB2,0.3133625,0.0,-1.0
PRKACA,0.55830395,1.0,1.0
PRKACB,0.3782744,0.0,-1.0
PRKACG,0.43960497,0.0,-1.0
PRKAG1,0.34877133,0.0,-1.0
PRKAG2,0.26367766,0.0,-1.0
PRKAG3,0.2505235,0.0,0.0
PRKAR1A,0.38925168,0.0,1.0
PRKAR1B,0.14832719,0.0,-1.0
PRKAR2A,0.38522094,0.0,-1.0
PRKAR2B,0.2544302,0.0,-1.0
PRKCA,0.7042777,1.0,-1.0
PRKCB,0.4927482,0.0,1.0
PRKCD,0.49943116,0.0,-1.0
PRKCE,0.59058756,1.0,-1.0
PRKCG,0.53550464,1.0,-1.0
PRKCH,0.2917635,0.0,-1.0
PRKCI,0.53030473,1.0,1.0
PRKCQ,0.5031373,1.0,-1.0
PRKCSH,0.20294641,0.0,0.0
PRKCZ,0.5753359,1.0,-1.0
PRKD1,0.35595363,0.0,-1.0
PRKD2,0.29607588,0.0,-1.0
PRKD3,0.13048153,0.0,0.0
PRKDC,0.7689874,1.0,-1.0
PRKG1,0.3843866,0.0,-1.0
PRKG2,0.022716694,0.0,-1.0
PRKN,0.7971772,1.0,1.0
PRKRA,0.12248306,0.0,-1.0
PRKRIP1,0.077913,0.0,0.0
PRKX,0.40440318,0.0,-1.0
PRKY,0.4088559,0.0,0.0
PRL,0.09105437,0.0,0.0
PRLH,0.010723557,0.0,0.0
PRLHR,0.07552641,0.0,0.0
PRLR,0.48107538,0.0,-1.0
PRM1,0.083383515,0.0,0.0
PRM2,0.10070131,0.0,0.0
PRM3,0.08366368,0.0,0.0
PRMT1,0.65886784,1.0,0.0
PRMT2,0.012886486,0.0,-1.0
PRMT3,0.016466191,0.0,0.0
PRMT5,0.23521034,0.0,-1.0
PRMT6,0.030439535,0.0,0.0
PRMT7,0.014331136,0.0,0.0
PRMT8,0.02263298,0.0,0.0
PRNP,0.15260623,0.0,-1.0
PRNT,0.024626575,0.0,0.0
PROC,0.042869505,0.0,-1.0
PROCA1,0.100766554,0.0,0.0
PROCR,0.06100924,0.0,0.0
PRODH,0.02308437,0.0,0.0
PROM1,0.0027133774,0.0,-1.0
PROP1,0.0012488598,0.0,-1.0
PRORP,0.035963763,0.0,0.0
PROS1,0.5273874,1.0,-1.0
PROSER1,0.15549463,0.0,-1.0
PROSER3,0.054728344,0.0,0.0
PROX1,0.36193022,0.0,-1.0
PRPF18,0.071900316,0.0,0.0
PRPF19,0.2420648,0.0,0.0
PRPF3,0.2134766,0.0,-1.0
PRPF31,0.17284495,0.0,-1.0
PRPF38A,0.08193223,0.0,0.0
PRPF38B,0.10431838,0.0,-1.0
PRPF39,0.012087545,0.0,-1.0
PRPF4,0.19741172,0.0,0.0
PRPF40A,0.37630698,0.0,0.0
PRPF40B,0.14971559,0.0,1.0
PRPF4B,0.28062084,0.0,-1.0
PRPF6,0.13203402,0.0,-1.0
PRPF8,0.24316858,0.0,-1.0
PRPH,0.16450152,0.0,0.0
PRPS1,0.069574215,0.0,-1.0
PRPS1L1,0.015236125,0.0,0.0
PRPS2,0.05174516,0.0,0.0
PRPSAP1,0.051577874,0.0,0.0
PRPSAP2,0.042271025,0.0,0.0
PRR11,0.07681649,0.0,0.0
PRR13,0.11603288,0.0,0.0
PRR14,0.10503466,0.0,0.0
PRR14L,0.10084026,0.0,0.0
PRR15L,0.032866515,0.0,0.0
PRR18,0.015920117,0.0,0.0
PRR19,0.054755438,0.0,0.0
PRR29,0.0191116,0.0,0.0
PRR3,0.011828176,0.0,0.0
PRR4,0.08295333,0.0,0.0
PRR5,0.3132154,0.0,-1.0
PRR5L,0.092474565,0.0,0.0
PRR7,0.026210075,0.0,0.0
PRRC1,0.021022115,0.0,0.0
PRRC2A,0.11164776,0.0,0.0
PRRC2B,0.114206344,0.0,-1.0
PRRC2C,0.011935305,0.0,0.0
PRRG2,0.07126738,0.0,0.0
PRRG4,0.0058325375,0.0,0.0
PRRT2,0.07965314,0.0,-1.0
PRRT3,0.016385838,0.0,-1.0
PRRX1,0.2993138,0.0,1.0
PRSS1,0.36510336,0.0,-1.0
PRSS12,0.12171615,0.0,-1.0
PRSS23,0.2511415,0.0,0.0
PRSS3,0.006219739,0.0,-1.0
PRSS30P,0.029747967,0.0,0.0
PRSS35,0.006683943,0.0,0.0
PRSS48,0.026445635,0.0,0.0
PRSS50,0.026323436,0.0,0.0
PRTFDC1,0.06661958,0.0,0.0
PRTN3,0.1827358,0.0,0.0
PRUNE1,0.06287687,0.0,-1.0
PRUNE2,0.14451064,0.0,-1.0
PRX,0.14888573,0.0,-1.0
PRXL2A,0.012318579,0.0,0.0
PSAP,0.1411936,0.0,-1.0
PSAT1,0.093479976,0.0,-1.0
PSCA,0.046110354,0.0,-1.0
PSD,0.038661998,0.0,0.0
PSD2,0.20580737,0.0,0.0
PSD3,0.1966791,0.0,0.0
PSD4,0.20857002,0.0,0.0
PSEN1,0.68551815,1.0,-1.0
PSEN2,0.57448256,1.0,-1.0
PSENEN,0.32874092,0.0,-1.0
PSG1,0.012586763,0.0,0.0
PSG10P,0.013243301,0.0,0.0
PSG2,0.089034125,0.0,0.0
PSG4,0.050190713,0.0,0.0
PSG5,0.09386801,0.0,0.0
PSG9,0.112475164,0.0,0.0
PSIP1,0.19402471,0.0,1.0
PSKH1,0.28415886,0.0,0.0
PSMA1,0.26673833,0.0,0.0
PSMA2,0.13826753,0.0,0.0
PSMA3,0.13207655,0.0,0.0
PSMA3-AS1,0.049298625,0.0,0.0
PSMA4,0.14054464,0.0,0.0
PSMA5,0.13289048,0.0,-1.0
PSMA6,0.22977953,0.0,0.0
PSMA7,0.12349062,0.0,0.0
PSMA8,0.10954882,0.0,0.0
PSMB1,0.1306782,0.0,0.0
PSMB10,0.022798557,0.0,0.0
PSMB11,0.013563432,0.0,0.0
PSMB2,0.09282264,0.0,0.0
PSMB3,0.192551,0.0,0.0
PSMB4,0.087552965,0.0,0.0
PSMB5,0.12977484,0.0,0.0
PSMB6,0.11950915,0.0,0.0
PSMB7,0.05205848,0.0,0.0
PSMB8,0.13143438,0.0,0.0
PSMB9,0.109271355,0.0,0.0
PSMC1,0.19338812,0.0,0.0
PSMC2,0.18026024,0.0,0.0
PSMC3,0.23964621,0.0,-1.0
PSMC3IP,0.0076363394,0.0,0.0
PSMC4,0.2166854,0.0,0.0
PSMC5,0.38239974,0.0,0.0
PSMC6,0.18197277,0.0,0.0
PSMD1,0.20992653,0.0,0.0
PSMD10,0.1847205,0.0,0.0
PSMD11,0.36449513,0.0,0.0
PSMD12,0.09110391,0.0,0.0
PSMD13,0.21552923,0.0,0.0
PSMD14,0.11482109,0.0,0.0
PSMD2,0.15537634,0.0,-1.0
PSMD3,0.15623537,0.0,0.0
PSMD4,0.63728714,1.0,0.0
PSMD5,0.08447238,0.0,0.0
PSMD6,0.20292814,0.0,0.0
PSMD7,0.25894204,0.0,0.0
PSMD8,0.081872195,0.0,-1.0
PSMD9,0.065533884,0.0,0.0
PSME1,0.20006144,0.0,0.0
PSME2,0.10330703,0.0,0.0
PSME3,0.40417996,0.0,0.0
PSME3IP1,0.0060120616,0.0,0.0
PSME4,0.18151833,0.0,0.0
PSMF1,0.08510788,0.0,-1.0
PSMG1,0.016530914,0.0,0.0
PSMG2,0.025484735,0.0,0.0
PSMG3,0.0073837573,0.0,0.0
PSMG3-AS1,0.008140633,0.0,0.0
PSORS1C3,0.024006696,0.0,-1.0
PSPC1,0.1947107,0.0,0.0
PSPH,0.13110873,0.0,-1.0
PSPN,7.871572e-06,0.0,0.0
PSTPIP1,0.2561423,0.0,0.0
PTAFR,0.17115645,0.0,0.0
PTBP1,0.33307198,0.0,-1.0
PTBP2,0.121335655,0.0,0.0
PTBP3,0.026868828,0.0,0.0
PTCD1,0.05852238,0.0,0.0
PTCD2,0.0015710854,0.0,0.0
PTCD3,0.06257322,0.0,0.0
PTCH1,0.44163352,0.0,1.0
PTCH2,0.026414579,0.0,-1.0
PTCHD4,0.017346226,0.0,-1.0
PTDSS1,0.034837045,0.0,-1.0
PTDSS2,0.013721113,0.0,0.0
PTEN,0.9414434,1.0,1.0
PTF1A,0.05891089,0.0,-1.0
PTGDS,0.1655459,0.0,0.0
PTGER1,0.039330468,0.0,-1.0
PTGER3,0.090114534,0.0,-1.0
PTGER4,0.07593314,0.0,-1.0
PTGES,0.110157974,0.0,0.0
PTGES2,0.046935804,0.0,0.0
PTGES3,0.18315198,0.0,0.0
PTGFRN,0.30091655,0.0,-1.0
PTGIR,0.12189866,0.0,0.0
PTGIS,0.03660683,0.0,-1.0
PTGS1,0.1493878,0.0,-1.0
PTGS2,0.2254909,0.0,-1.0
PTH,0.013412661,0.0,-1.0
PTH1R,0.07901421,0.0,-1.0
PTH2R,0.0019920925,0.0,0.0
PTHLH,0.15313327,0.0,-1.0
PTK2,0.7322747,1.0,-1.0
PTK2B,0.6519294,1.0,-1.0
PTK6,0.38130385,0.0,1.0
PTK7,0.22253926,0.0,-1.0
PTMA,0.2933347,0.0,-1.0
PTMS,0.11378624,0.0,0.0
PTN,0.38152894,0.0,-1.0
PTOV1,0.23414192,0.0,0.0
PTP4A1,0.09559654,0.0,-1.0
PTP4A2,0.11796089,0.0,0.0
PTP4A3,0.18774022,0.0,-1.0
PTPA,0.45028663,0.0,-1.0
PTPDC1,0.03636214,0.0,-1.0
PTPMT1,0.051416013,0.0,0.0
PTPN1,0.53241193,1.0,1.0
PTPN11,0.86847585,1.0,1.0
PTPN12,0.3446884,0.0,-1.0
PTPN13,0.38870925,0.0,1.0
PTPN14,0.2583042,0.0,-1.0
PTPN18,0.04555473,0.0,0.0
PTPN2,0.4306292,0.0,1.0
PTPN21,0.12381613,0.0,-1.0
PTPN22,0.07693381,0.0,-1.0
PTPN23,0.03166067,0.0,0.0
PTPN3,0.34905824,0.0,0.0
PTPN4,0.41817677,0.0,0.0
PTPN5,0.17032465,0.0,0.0
PTPN6,0.8697793,1.0,1.0
PTPN7,0.117558636,0.0,-1.0
PTPN9,0.12978144,0.0,-1.0
PTPRA,0.17628941,0.0,-1.0
PTPRB,0.5440216,1.0,1.0
PTPRC,0.7952782,1.0,1.0
PTPRCAP,0.21281375,0.0,0.0
PTPRD,0.4564842,0.0,1.0
PTPRE,0.071658574,0.0,-1.0
PTPRF,0.614114,1.0,0.0
PTPRG,0.18777686,0.0,-1.0
PTPRH,0.16725008,0.0,-1.0
PTPRJ,0.26209944,0.0,-1.0
PTPRK,0.22093605,0.0,1.0
PTPRM,0.25779444,0.0,0.0
PTPRN,0.28353572,0.0,0.0
PTPRN2,0.16143772,0.0,0.0
PTPRO,0.19529201,0.0,-1.0
PTPRR,0.10785058,0.0,-1.0
PTPRS,0.52089083,1.0,1.0
PTPRU,0.17169705,0.0,-1.0
PTPRZ1,0.42041808,0.0,0.0
PTRH1,0.025183167,0.0,0.0
PTRH2,0.10789403,0.0,0.0
PTRHD1,0.025537599,0.0,0.0
PTS,0.072291404,0.0,0.0
PTTG1,0.3936463,0.0,-1.0
PTTG1IP,0.09280909,0.0,-1.0
PUDP,0.007992813,0.0,0.0
PUF60,0.2304416,0.0,0.0
PUM1,0.18369374,0.0,0.0
PUM2,0.12467676,0.0,0.0
PUM3,0.063247584,0.0,0.0
PURA,0.12594771,0.0,0.0
PURB,0.06034583,0.0,0.0
PURG,0.033609416,0.0,0.0
PUS1,0.02873259,0.0,-1.0
PUS10,0.034938127,0.0,-1.0
PUS7,0.005010945,0.0,0.0
PUSL1,0.0133448215,0.0,0.0
PVR,0.10991042,0.0,0.0
PVRIG,0.08928209,0.0,-1.0
PVT1,0.0121082375,0.0,-1.0
PWP1,0.094888814,0.0,0.0
PWP2,0.013356719,0.0,0.0
PWWP2A,0.04020656,0.0,-1.0
PXDC1,0.008340013,0.0,0.0
PXK,0.24902345,0.0,0.0
PXMP2,0.06190266,0.0,0.0
PXMP4,0.07927624,0.0,-1.0
PXN,0.73129416,1.0,-1.0
PXT1,0.06763639,0.0,0.0
PYCARD,0.18109135,0.0,-1.0
PYCR1,0.031518638,0.0,-1.0
PYCR2,0.049601298,0.0,-1.0
PYCR3,0.036330704,0.0,0.0
PYDC1,0.038829185,0.0,0.0
PYGB,0.2277441,0.0,0.0
PYGL,0.18789795,0.0,-1.0
PYGM,0.15298407,0.0,-1.0
PYGO1,0.5231904,1.0,0.0
PYGO2,0.25115114,0.0,0.0
PYHIN1,0.012692749,0.0,0.0
PYM1,0.026259312,0.0,0.0
PYROXD1,0.037369985,0.0,0.0
PYROXD2,0.031882912,0.0,0.0
PYY,0.0053673903,0.0,-1.0
PZP,0.05692595,0.0,-1.0
QDPR,0.0062216995,0.0,-1.0
QKI,0.18157403,0.0,1.0
QPCTL,0.07399254,0.0,0.0
QPRT,0.043011777,0.0,-1.0
QRFP,0.10965977,0.0,0.0
QRFPR,0.19905424,0.0,0.0
QRICH1,0.052395176,0.0,0.0
QRICH2,0.08586379,0.0,0.0
QRSL1,0.04791519,0.0,0.0
QSOX2,0.0044083195,0.0,0.0
QTRT1,0.1074726,0.0,0.0
QTRT2,0.015609548,0.0,0.0
R3HCC1,0.032429196,0.0,0.0
R3HDM1,0.016884975,0.0,0.0
R3HDM2,0.26106384,0.0,0.0
R3HDM4,0.010006558,0.0,-1.0
RAB10,0.27398086,0.0,0.0
RAB11A,0.16960719,0.0,-1.0
RAB11B,0.089224264,0.0,0.0
RAB11FIP1,0.14070237,0.0,0.0
RAB11FIP2,0.06271398,0.0,0.0
RAB11FIP3,0.08362278,0.0,0.0
RAB11FIP4,0.057787538,0.0,0.0
RAB11FIP5,0.076576814,0.0,0.0
RAB12,0.058213,0.0,0.0
RAB13,0.06664843,0.0,0.0
RAB14,0.08543887,0.0,-1.0
RAB15,0.0016858717,0.0,0.0
RAB17,0.01985858,0.0,0.0
RAB18,0.1480071,0.0,0.0
RAB1A,0.04229072,0.0,-1.0
RAB1B,0.08256988,0.0,0.0
RAB21,0.015466669,0.0,0.0
RAB22A,0.040811434,0.0,0.0
RAB23,0.10468861,0.0,0.0
RAB24,0.03169052,0.0,0.0
RAB25,0.09640533,0.0,0.0
RAB26,0.114611864,0.0,0.0
RAB27A,0.14156097,0.0,-1.0
RAB27B,0.20581885,0.0,-1.0
RAB29,0.050512984,0.0,0.0
RAB2A,0.053557187,0.0,0.0
RAB2B,0.012457519,0.0,0.0
RAB30,0.041308463,0.0,0.0
RAB32,0.03551484,0.0,0.0
RAB33A,0.08663965,0.0,0.0
RAB33B,0.06359852,0.0,0.0
RAB34,0.020454677,0.0,0.0
RAB35,0.08565597,0.0,1.0
RAB36,0.14608184,0.0,0.0
RAB37,0.096205205,0.0,0.0
RAB38,0.037091218,0.0,0.0
RAB3A,0.10983198,0.0,0.0
RAB3B,0.23341367,0.0,0.0
RAB3C,0.19109453,0.0,0.0
RAB3D,0.2596934,0.0,0.0
RAB3GAP1,0.20511082,0.0,0.0
RAB3GAP2,0.067912094,0.0,0.0
RAB3IL1,0.120318666,0.0,0.0
RAB3IP,0.080541864,0.0,0.0
RAB40C,0.03857055,0.0,0.0
RAB4A,0.109125435,0.0,0.0
RAB4B,0.059504546,0.0,0.0
RAB5A,0.17223531,0.0,0.0
RAB5B,0.081181616,0.0,0.0
RAB5C,0.06226933,0.0,-1.0
RAB5IF,0.056653626,0.0,0.0
RAB6A,0.121312805,0.0,0.0
RAB6B,0.14175458,0.0,0.0
RAB7A,0.10104151,0.0,-1.0
RAB8A,0.3164025,0.0,-1.0
RAB8B,0.36290073,0.0,0.0
RAB9A,0.11467622,0.0,0.0
RABAC1,0.06987996,0.0,0.0
RABEP1,0.3799303,0.0,1.0
RABEP2,0.07023728,0.0,0.0
RABEPK,0.06179505,0.0,-1.0
RABGAP1,0.15500373,0.0,0.0
RABGAP1L,0.19566679,0.0,-1.0
RABGEF1,0.18008195,0.0,-1.0
RABGGTA,0.05199637,0.0,0.0
RABGGTB,0.0797181,0.0,-1.0
RABIF,0.02888065,0.0,-1.0
RABL2B,0.00014273055,0.0,0.0
RABL3,0.116502136,0.0,0.0
RABL6,0.025076019,0.0,0.0
RAC1,0.7345045,1.0,1.0
RAC2,0.30672234,0.0,1.0
RAC3,0.10138312,0.0,-1.0
RACGAP1,0.30720973,0.0,-1.0
RACK1,0.68543684,1.0,-1.0
RAD1,0.14902915,0.0,-1.0
RAD17,0.2668569,0.0,1.0
RAD18,0.3937644,0.0,0.0
RAD21,0.84206986,1.0,1.0
RAD23A,0.36922172,0.0,-1.0
RAD23B,0.3042218,0.0,-1.0
RAD50,0.53571707,1.0,1.0
RAD51,0.5154203,1.0,1.0
RAD51AP1,0.15451759,0.0,0.0
RAD51AP2,0.05015579,0.0,0.0
RAD51B,0.09457953,0.0,1.0
RAD51C,0.11589934,0.0,1.0
RAD51D,0.18323885,0.0,1.0
RAD52,0.2420338,0.0,-1.0
RAD54B,0.31281778,0.0,0.0
RAD54L,0.19593325,0.0,-1.0
RAD54L2,0.17624184,0.0,0.0
RAD9A,0.3132193,0.0,-1.0
RAD9B,0.036252365,0.0,0.0
RADIL,0.18022548,0.0,-1.0
RAE1,0.19294006,0.0,0.0
RAET1K,0.023279654,0.0,0.0
RAF1,0.8288917,1.0,1.0
RAG1,0.27999032,0.0,-1.0
RAG2,0.26038447,0.0,-1.0
RAI1,0.30252492,0.0,-1.0
RAI14,0.1947394,0.0,0.0
RAI2,0.008118348,0.0,0.0
RALA,0.39132172,0.0,-1.0
RALB,0.14923827,0.0,-1.0
RALBP1,0.38826346,0.0,-1.0
RALGAPA1,0.114427276,0.0,-1.0
RALGAPA2,0.030611213,0.0,0.0
RALGAPB,0.025467876,0.0,0.0
RALGDS,0.58825225,1.0,-1.0
RALGPS1,0.13394476,0.0,0.0
RALGPS2,0.21306919,0.0,-1.0
RALY,0.180398,0.0,-1.0
RALYL,0.1907623,0.0,-1.0
RAMAC,0.055176947,0.0,0.0
RAMP1,0.0020243265,0.0,-1.0
RAMP2,0.0007120469,0.0,0.0
RAMP3,0.001548144,0.0,0.0
RAN,0.30386767,0.0,-1.0
RANBP1,0.14201377,0.0,0.0
RANBP10,0.060555346,0.0,-1.0
RANBP2,0.60596246,1.0,1.0
RANBP3,0.116520345,0.0,0.0
RANBP6,0.07662889,0.0,-1.0
RANBP9,0.50077564,1.0,-1.0
RANGAP1,0.23436567,0.0,0.0
RANGRF,0.005421405,0.0,0.0
RAP1A,0.60051113,1.0,-1.0
RAP1B,0.038328882,0.0,-1.0
RAP1GAP,0.296858,0.0,-1.0
RAP1GAP2,0.013059139,0.0,0.0
RAP1GDS1,0.60649794,1.0,1.0
RAP2A,0.4028458,0.0,-1.0
RAP2B,0.115557685,0.0,-1.0
RAPGEF1,0.26499215,0.0,-1.0
RAPGEF2,0.2987224,0.0,0.0
RAPGEF3,0.13937418,0.0,-1.0
RAPGEF4,0.1522671,0.0,0.0
RAPGEF5,0.2750356,0.0,-1.0
RAPGEF6,0.42345968,0.0,0.0
RAPH1,0.07872405,0.0,-1.0
RAPSN,0.060919587,0.0,-1.0
RARA,0.75486606,1.0,1.0
RARB,0.44521305,0.0,-1.0
RARG,0.46595082,0.0,-1.0
RARS1,0.09103643,0.0,0.0
RARS2,0.15395395,0.0,0.0
RASA1,0.6899668,1.0,1.0
RASA2,0.050249055,0.0,-1.0
RASA3,0.17995498,0.0,-1.0
RASAL2,0.08004697,0.0,-1.0
RASAL3,0.16118361,0.0,0.0
RASD1,0.2143519,0.0,0.0
RASD2,0.14378045,0.0,0.0
RASEF,0.016948719,0.0,0.0
RASGEF1C,0.07926275,0.0,-1.0
RASGRF1,0.19059986,0.0,-1.0
RASGRF2,0.29641134,0.0,-1.0
RASGRP1,0.18328343,0.0,-1.0
RASGRP2,0.07430161,0.0,-1.0
RASGRP3,0.28933373,0.0,-1.0
RASGRP4,0.032108705,0.0,-1.0
RASIP1,0.167854,0.0,0.0
RASL11B,0.021102816,0.0,-1.0
RASSF1,0.41905695,0.0,-1.0
RASSF2,0.4072862,0.0,-1.0
RASSF4,0.057291668,0.0,0.0
RASSF5,0.5410528,1.0,-1.0
RASSF7,0.08012654,0.0,0.0
RASSF8,0.16611196,0.0,-1.0
RASSF9,0.21514206,0.0,0.0
RAVER1,0.07525387,0.0,-1.0
RAX,0.1733534,0.0,0.0
RB1,0.84147614,1.0,1.0
RB1CC1,0.33645132,0.0,-1.0
RBBP4,0.72524726,1.0,-1.0
RBBP5,0.41430458,0.0,-1.0
RBBP6,0.13970993,0.0,-1.0
RBBP7,0.6102683,1.0,-1.0
RBBP8,0.27967766,0.0,-1.0
RBBP8NL,0.011840995,0.0,0.0
RBBP9,0.104446925,0.0,0.0
RBCK1,0.21702655,0.0,0.0
RBFA,0.014579783,0.0,0.0
RBFOX1,0.017346226,0.0,-1.0
RBFOX2,0.16482447,0.0,0.0
RBFOX3,0.013243301,0.0,0.0
RBIS,0.014583004,0.0,0.0
RBKS,0.05084602,0.0,0.0
RBL1,0.5649185,1.0,-1.0
RBL2,0.5895866,1.0,-1.0
RBM10,0.2000465,0.0,1.0
RBM11,0.060658306,0.0,0.0
RBM12,0.08986949,0.0,-1.0
RBM12B,0.017969491,0.0,0.0
RBM14,0.18579042,0.0,0.0
RBM15,0.102992505,0.0,1.0
RBM15B,0.10418856,0.0,-1.0
RBM17,0.41356465,0.0,0.0
RBM18,0.025172606,0.0,0.0
RBM19,0.12080592,0.0,0.0
RBM22,0.07482841,0.0,0.0
RBM23,0.15714717,0.0,0.0
RBM25,0.051336285,0.0,-1.0
RBM26,0.017221117,0.0,-1.0
RBM27,0.13950524,0.0,-1.0
RBM28,0.03231432,0.0,0.0
RBM3,0.09060651,0.0,0.0
RBM33,0.11452584,0.0,0.0
RBM34,0.032400675,0.0,-1.0
RBM38,0.14640205,0.0,0.0
RBM39,0.34022892,0.0,-1.0
RBM4,0.09105631,0.0,0.0
RBM41,0.101257995,0.0,0.0
RBM42,0.089614354,0.0,0.0
RBM43,0.054200243,0.0,0.0
RBM45,0.0798776,0.0,0.0
RBM46,0.18076602,0.0,0.0
RBM47,0.08424247,0.0,0.0
RBM48,0.3817763,0.0,0.0
RBM4B,0.13883196,0.0,0.0
RBM5,0.06506959,0.0,-1.0
RBM6,0.05000277,0.0,0.0
RBM7,0.0959184,0.0,-1.0
RBM8A,0.31530997,0.0,-1.0
RBMS1,0.117345765,0.0,0.0
RBMS2,3.387014e-05,0.0,0.0
RBMX,0.20044754,0.0,-1.0
RBMXL2,0.01166274,0.0,0.0
RBMY1J,0.013140654,0.0,0.0
RBP1,0.20556918,0.0,-1.0
RBP2,0.033818442,0.0,0.0
RBP4,0.05469864,0.0,0.0
RBP5,0.017879024,0.0,0.0
RBPJ,0.40923843,0.0,-1.0
RBPJL,0.14675456,0.0,0.0
RBPMS,0.362999,0.0,0.0
RBPMS2,0.07840634,0.0,0.0
RBSN,0.04923981,0.0,0.0
RBX1,0.54306096,1.0,-1.0
RC3H2,0.07302035,0.0,0.0
RCAN1,0.07799072,0.0,0.0
RCAN2,0.1038623,0.0,-1.0
RCBTB1,0.036787644,0.0,0.0
RCBTB2,0.026311822,0.0,0.0
RCC1,0.2757279,0.0,-1.0
RCC1L,0.01398446,0.0,0.0
RCC2,0.09230404,0.0,-1.0
RCCD1,0.05604318,0.0,0.0
RCE1,0.007684597,0.0,0.0
RCHY1,0.25974506,0.0,-1.0
RCL1,0.07452538,0.0,-1.0
RCN1,0.22926463,0.0,0.0
RCN2,0.030081302,0.0,0.0
RCN3,0.16249172,0.0,0.0
RCOR1,0.67995983,1.0,0.0
RCOR2,0.1043494,0.0,0.0
RCOR3,0.28570887,0.0,0.0
RCSD1,0.1502636,0.0,0.0
RCVRN,0.06593844,0.0,0.0
RDH11,0.04700177,0.0,0.0
RDH12,0.04893615,0.0,-1.0
RDH13,0.0559801,0.0,0.0
RDH14,0.04700177,0.0,0.0
RDH5,0.0011524255,0.0,0.0
RDX,0.041674748,0.0,-1.0
REC8,0.034134682,0.0,0.0
RECQL,0.12714766,0.0,1.0
RECQL4,0.14617991,0.0,1.0
RECQL5,0.30796817,0.0,-1.0
REEP5,0.015094085,0.0,-1.0
REEP6,0.11200478,0.0,0.0
REG1B,0.005172769,0.0,0.0
REG3A,0.14073831,0.0,-1.0
REL,0.33803082,0.0,1.0
RELA,0.75475436,1.0,-1.0
RELB,0.4754118,0.0,-1.0
RELCH,0.012466527,0.0,0.0
RELL2,0.12357217,0.0,0.0
RELN,0.22026403,0.0,-1.0
RELT,0.058178637,0.0,0.0
REM1,0.13519324,0.0,-1.0
REN,0.011868395,0.0,-1.0
RENBP,0.045246646,0.0,0.0
REP15,0.06627398,0.0,0.0
REPIN1,0.14015533,0.0,0.0
REPS1,0.107051335,0.0,0.0
REPS2,0.20795546,0.0,-1.0
RER1,0.029281305,0.0,0.0
RERE,0.2638163,0.0,-1.0
RERG,0.078658745,0.0,0.0
RESF1,0.06047315,0.0,-1.0
RESP18,0.01511377,0.0,-1.0
REST,0.0352144,0.0,1.0
RET,0.5563804,1.0,1.0
RETREG2,0.038103122,0.0,0.0
RETSAT,0.11989424,0.0,0.0
REV1,0.11163923,0.0,0.0
REV3L,0.40639368,0.0,-1.0
REX1BD,0.042337254,0.0,0.0
REXO1,0.066438094,0.0,0.0
REXO2,0.02424312,0.0,0.0
REXO4,0.08001362,0.0,0.0
RFC1,0.5424767,1.0,-1.0
RFC2,0.26709843,0.0,0.0
RFC3,0.22142598,0.0,-1.0
RFC4,0.3866034,0.0,-1.0
RFC5,0.22913212,0.0,-1.0
RFESD,0.09082615,0.0,0.0
RFFL,0.1516653,0.0,0.0
RFK,0.03781529,0.0,0.0
RFLNB,0.041461773,0.0,-1.0
RFNG,0.00043090447,0.0,0.0
RFPL2,0.11559368,0.0,0.0
RFT1,0.019898532,0.0,-1.0
RFTN1,0.3299528,0.0,-1.0
RFWD3,0.19913569,0.0,1.0
RFX1,0.2824918,0.0,0.0
RFX2,0.1809085,0.0,-1.0
RFX3,0.2444918,0.0,0.0
RFX4,0.37791535,0.0,0.0
RFX5,0.5352582,1.0,-1.0
RFX6,0.2143447,0.0,-1.0
RFX7,0.12178892,0.0,-1.0
RFXANK,0.17244516,0.0,-1.0
RFXAP,0.12647462,0.0,-1.0
RGCC,0.08435925,0.0,-1.0
RGL1,0.35781166,0.0,-1.0
RGL2,0.16949233,0.0,0.0
RGL4,0.31830385,0.0,0.0
RGMA,0.11023856,0.0,0.0
RGMB,0.07510973,0.0,0.0
RGN,0.106134295,0.0,0.0
RGP1,0.033403702,0.0,0.0
RGPD1,0.035915203,0.0,0.0
RGPD2,0.036171984,0.0,0.0
RGPD4,0.09632798,0.0,0.0
RGPD5,0.05397975,0.0,0.0
RGPD6,0.020880077,0.0,0.0
RGPD8,0.033303343,0.0,0.0
RGR,0.020613378,0.0,-1.0
RGS1,0.22710536,0.0,-1.0
RGS10,0.093393244,0.0,0.0
RGS11,0.0812405,0.0,0.0
RGS12,0.05525995,0.0,-1.0
RGS14,0.19190033,0.0,0.0
RGS16,0.18690133,0.0,0.0
RGS17,0.006582911,0.0,-1.0
RGS18,0.11559723,0.0,-1.0
RGS19,0.13700658,0.0,-1.0
RGS2,0.35984543,0.0,-1.0
RGS20,0.2845984,0.0,0.0
RGS3,0.26830646,0.0,-1.0
RGS4,0.2359009,0.0,0.0
RGS5,0.19245651,0.0,0.0
RGS6,0.15818733,0.0,0.0
RGS7,0.22043625,0.0,1.0
RGS9,0.025116978,0.0,0.0
RGS9BP,0.015040432,0.0,0.0
RHAG,0.1371233,0.0,0.0
RHBDD1,0.11038869,0.0,0.0
RHBDD3,0.059662025,0.0,0.0
RHBDF1,0.11611708,0.0,0.0
RHBDF2,0.017074807,0.0,-1.0
RHBDL2,0.0076715504,0.0,0.0
RHBG,0.032743383,0.0,-1.0
RHCE,0.057894256,0.0,0.0
RHD,0.01980583,0.0,0.0
RHEB,0.30260462,0.0,1.0
RHEBL1,0.032727607,0.0,0.0
RHEX,0.09386939,0.0,0.0
RHNO1,0.027409967,0.0,0.0
RHO,0.04817629,0.0,-1.0
RHOA,0.75977486,1.0,1.0
RHOB,0.20051897,0.0,-1.0
RHOBTB2,0.115788445,0.0,-1.0
RHOBTB3,0.13306232,0.0,-1.0
RHOC,0.19563253,0.0,-1.0
RHOD,0.1611392,0.0,0.0
RHOF,0.058547214,0.0,-1.0
RHOG,0.12549329,0.0,-1.0
RHOH,0.1591065,0.0,1.0
RHOJ,0.07591998,0.0,0.0
RHOQ,0.117312044,0.0,0.0
RHOT1,0.13751797,0.0,0.0
RHOT2,0.065805115,0.0,0.0
RHOV,0.0017433404,0.0,0.0
RHOXF1,0.04174259,0.0,0.0
RHOXF2,0.15099236,0.0,0.0
RHPN1,0.1088482,0.0,0.0
RHPN1-AS1,0.02629437,0.0,0.0
RHPN2,0.27196795,0.0,-1.0
RIBC1,0.021674596,0.0,0.0
RIBC2,0.32126108,0.0,0.0
RIC3,0.008373434,0.0,0.0
RIC8A,0.3093856,0.0,0.0
RIC8B,0.01913042,0.0,0.0
RICTOR,0.41090974,0.0,1.0
RIDA,0.020433422,0.0,0.0
RIF1,0.13271436,0.0,0.0
RILP,0.0076508434,0.0,0.0
RILPL2,0.06731107,0.0,0.0
RIMBP2,0.34976432,0.0,-1.0
RIMKLB,0.0690484,0.0,0.0
RIMOC1,0.041009914,0.0,0.0
RIMS1,0.6343356,1.0,-1.0
RIMS2,0.61738807,1.0,-1.0
RIMS3,0.04892737,0.0,0.0
RIN1,0.21215948,0.0,0.0
RIN2,0.082286745,0.0,0.0
RIN3,0.08045651,0.0,0.0
RING1,0.34632012,0.0,0.0
RINL,0.054425422,0.0,-1.0
RINT1,0.04896581,0.0,0.0
RIOK1,0.33788535,0.0,0.0
RIOK2,0.19900694,0.0,-1.0
RIOK3,0.37101457,0.0,0.0
RIOX1,0.081679404,0.0,0.0
RIOX2,0.011593078,0.0,-1.0
RIPK1,0.52896345,1.0,-1.0
RIPK2,0.36275744,0.0,-1.0
RIPK3,0.4101342,0.0,0.0
RIPK4,0.15316263,0.0,0.0
RIPOR1,0.024749152,0.0,-1.0
RIPOR2,0.048440937,0.0,-1.0
RIPOR3,0.010013193,0.0,0.0
RIPPLY2,0.036853813,0.0,0.0
RIT1,0.28784952,0.0,1.0
RIT2,0.27562368,0.0,-1.0
RLBP1,0.006123301,0.0,-1.0
RLF,0.20169222,0.0,-1.0
RLIM,0.28685823,0.0,-1.0
RLN3,0.025658809,0.0,0.0
RMC1,0.022177763,0.0,0.0
RMDN1,0.011916381,0.0,-1.0
RMDN2,0.0545836,0.0,0.0
RMDN3,0.123120934,0.0,0.0
RMI1,0.1909714,0.0,0.0
RMI2,0.074182704,0.0,1.0
RMND1,0.029880984,0.0,0.0
RMND5B,0.061992895,0.0,-1.0
RMRP,0.09219492,0.0,-1.0
RN7SK,0.037301015,0.0,0.0
RNASE1,0.013251398,0.0,0.0
RNASE2,0.022820111,0.0,0.0
RNASE4,0.106479846,0.0,-1.0
RNASE6,0.03153469,0.0,0.0
RNASE8,0.078614615,0.0,0.0
RNASEH2A,0.062050786,0.0,0.0
RNASEH2C,0.106535174,0.0,0.0
RNASEK,0.043102633,0.0,0.0
RNASEL,0.06744669,0.0,-1.0
RNASET2,0.013000076,0.0,-1.0
RND1,0.32551035,0.0,0.0
RND2,0.1338242,0.0,0.0
RND3,0.27538124,0.0,-1.0
RNF10,0.1367547,0.0,0.0
RNF103,0.1348955,0.0,-1.0
RNF11,0.27040482,0.0,-1.0
RNF111,0.26193306,0.0,-1.0
RNF112,0.1640286,0.0,0.0
RNF113A,0.004964204,0.0,0.0
RNF113B,0.047388125,0.0,0.0
RNF114,0.17375906,0.0,0.0
RNF115,0.09557059,0.0,0.0
RNF121,0.059873357,0.0,0.0
RNF122,0.17296255,0.0,0.0
RNF123,0.113002695,0.0,0.0
RNF125,0.1297517,0.0,0.0
RNF126,0.11556938,0.0,0.0
RNF128,0.26717252,0.0,0.0
RNF13,0.06607561,0.0,0.0
RNF130,0.12282227,0.0,0.0
RNF133,0.048998065,0.0,0.0
RNF135,0.029378226,0.0,0.0
RNF138,0.07732288,0.0,0.0
RNF139,0.07668454,0.0,-1.0
RNF14,0.1680422,0.0,0.0
RNF141,0.07618773,0.0,0.0
RNF144A,0.15139487,0.0,0.0
RNF144B,0.15341263,0.0,-1.0
RNF146,0.029374251,0.0,-1.0
RNF149,0.039746102,0.0,0.0
RNF150,0.08556476,0.0,0.0
RNF151,0.032859042,0.0,0.0
RNF152,0.04941453,0.0,0.0
RNF157,0.0065565486,0.0,-1.0
RNF165,0.08672553,0.0,0.0
RNF166,0.08752404,0.0,0.0
RNF167,0.12048711,0.0,0.0
RNF168,0.2367798,0.0,-1.0
RNF17,0.005469705,0.0,0.0
RNF170,0.046786886,0.0,0.0
RNF180,0.029515747,0.0,0.0
RNF181,0.080267146,0.0,0.0
RNF182,0.02852027,0.0,0.0
RNF183,0.1700914,0.0,0.0
RNF185,0.21264932,0.0,-1.0
RNF186,0.0089192875,0.0,-1.0
RNF187,0.027694482,0.0,0.0
RNF19A,0.1598938,0.0,0.0
RNF19B,0.08747224,0.0,0.0
RNF2,0.45714033,0.0,0.0
RNF20,0.22780685,0.0,-1.0
RNF213,0.21813512,0.0,1.0
RNF215,0.054633968,0.0,0.0
RNF216,0.37506762,0.0,-1.0
RNF216P1,0.014583004,0.0,0.0
RNF220,0.099576965,0.0,-1.0
RNF24,0.004367138,0.0,0.0
RNF25,0.13737802,0.0,0.0
RNF26,0.050315596,0.0,-1.0
RNF31,0.11628397,0.0,0.0
RNF32,0.028582217,0.0,0.0
RNF32-DT,0.02198703,0.0,0.0
RNF34,0.08852032,0.0,0.0
RNF38,0.16343847,0.0,0.0
RNF4,0.30588925,0.0,-1.0
RNF40,0.120313674,0.0,-1.0
RNF41,0.35888717,0.0,0.0
RNF43,0.18612182,0.0,1.0
RNF44,0.00072633626,0.0,0.0
RNF5,0.16139436,0.0,0.0
RNF5P1,0.061534867,0.0,0.0
RNF6,0.08378637,0.0,-1.0
RNF7,0.12857272,0.0,-1.0
RNF8,0.20112547,0.0,0.0
RNFT1,0.034209576,0.0,-1.0
RNFT2,0.030602492,0.0,0.0
RNGTT,0.11396318,0.0,0.0
RNH1,0.21456465,0.0,0.0
RNMT,0.095911555,0.0,0.0
RNPC3,0.028671954,0.0,0.0
RNPEP,0.024967352,0.0,0.0
RNPS1,0.19440764,0.0,0.0
RNU1-4,0.033836886,0.0,0.0
RNU11,0.12601534,0.0,0.0
RNU12,0.19334362,0.0,0.0
RNU12-2P,0.027595017,0.0,0.0
RNU2-1,0.033836886,0.0,0.0
RNU4ATAC,0.13012147,0.0,0.0
RNU6ATAC,0.0866081,0.0,0.0
RNU86,0.053993113,0.0,0.0
RO60,0.078693084,0.0,-1.0
ROBO1,0.275611,0.0,1.0
ROBO2,0.029582899,0.0,1.0
ROBO4,0.2398181,0.0,0.0
ROCK1,0.2578237,0.0,-1.0
ROCK1P1,0.48114523,0.0,0.0
ROCK2,0.17608741,0.0,-1.0
ROGDI,0.03641051,0.0,0.0
ROM1,0.02271258,0.0,-1.0
ROMO1,0.021473601,0.0,0.0
ROPN1,0.004203058,0.0,0.0
ROPN1L,0.03191909,0.0,0.0
ROR1,0.038752604,0.0,-1.0
ROR2,0.078453526,0.0,-1.0
RORA,0.23435399,0.0,0.0
RORB,0.27885443,0.0,0.0
RORC,0.09718908,0.0,-1.0
ROS1,0.38966158,0.0,1.0
RP2,0.0064527723,0.0,-1.0
RP9,0.008170835,0.0,-1.0
RP9P,0.005031743,0.0,0.0
RPA1,0.5192555,1.0,-1.0
RPA2,0.36359957,0.0,-1.0
RPA3,0.28710705,0.0,-1.0
RPA4,0.17321396,0.0,0.0
RPAP1,0.45396575,0.0,0.0
RPAP2,0.3398815,0.0,0.0
RPAP3,0.19078368,0.0,0.0
RPE,0.06615618,0.0,-1.0
RPE65,1.2735714e-05,0.0,-1.0
RPF1,0.015667222,0.0,0.0
RPF2,0.042761605,0.0,0.0
RPGR,0.17718068,0.0,-1.0
RPGRIP1,0.17449866,0.0,-1.0
RPGRIP1L,0.024772374,0.0,-1.0
RPH3A,0.5535562,1.0,-1.0
RPH3AL,0.5735301,1.0,-1.0
RPIA,0.062568046,0.0,-1.0
RPL10,0.18925175,0.0,1.0
RPL10A,0.1200431,0.0,0.0
RPL11,0.22929916,0.0,-1.0
RPL12,0.084083,0.0,0.0
RPL12P1,0.007087047,0.0,0.0
RPL13,0.107855536,0.0,0.0
RPL13A,0.06275582,0.0,-1.0
RPL13AP20,0.11484328,0.0,0.0
RPL13AP5,0.059944402,0.0,0.0
RPL14,0.12642199,0.0,0.0
RPL15,0.09375267,0.0,0.0
RPL17,0.059223615,0.0,0.0
RPL18,0.09076354,0.0,0.0
RPL18A,0.11306106,0.0,-1.0
RPL18AP3,0.030499838,0.0,0.0
RPL19,0.094941795,0.0,0.0
RPL21,0.104079284,0.0,0.0
RPL21P28,0.013642558,0.0,0.0
RPL21P97,0.010019751,0.0,0.0
RPL22,0.16155647,0.0,1.0
RPL22L1,0.007052366,0.0,0.0
RPL23,0.19893356,0.0,0.0
RPL23A,0.14169557,0.0,0.0
RPL23AP53,0.023391452,0.0,0.0
RPL24,0.1005078,0.0,0.0
RPL26,0.09987894,0.0,-1.0
RPL26L1,0.0010427391,0.0,0.0
RPL27,0.046430737,0.0,0.0
RPL27A,0.09372118,0.0,0.0
RPL28,0.11935666,0.0,-1.0
RPL29,0.10021293,0.0,-1.0
RPL3,0.1836299,0.0,0.0
RPL30,0.12650372,0.0,0.0
RPL31,0.15571138,0.0,-1.0
RPL32,0.053023037,0.0,0.0
RPL32P3,0.012709586,0.0,0.0
RPL34,0.043487314,0.0,-1.0
RPL35,0.099694856,0.0,0.0
RPL35A,0.073943876,0.0,-1.0
RPL35P5,0.03896658,0.0,0.0
RPL36,0.09062186,0.0,0.0
RPL36A,0.092891574,0.0,0.0
RPL36AL,0.040944103,0.0,0.0
RPL37,0.074200235,0.0,0.0
RPL37A,0.07890607,0.0,0.0
RPL38,0.059204314,0.0,0.0
RPL3L,0.03679908,0.0,0.0
RPL4,0.24217077,0.0,0.0
RPL41,0.07384853,0.0,0.0
RPL4P5,0.07245661,0.0,0.0
RPL5,0.2865927,0.0,1.0
RPL6,0.087027125,0.0,0.0
RPL6P1,0.04203989,0.0,0.0
RPL7,0.11089605,0.0,0.0
RPL7A,0.12933297,0.0,0.0
RPL7L1,0.09166359,0.0,0.0
RPL8,0.12638377,0.0,0.0
RPL9,0.10453011,0.0,0.0
RPLP0,0.20007542,0.0,0.0
RPLP1,0.18083751,0.0,0.0
RPLP2,0.07731526,0.0,0.0
RPN1,0.24571006,0.0,1.0
RPN2,0.12734208,0.0,0.0
RPP14,0.05898432,0.0,0.0
RPP21,0.002168312,0.0,0.0
RPP25,0.032838877,0.0,0.0
RPP30,0.05716789,0.0,0.0
RPP38,0.021136511,0.0,-1.0
RPP38-DT,0.007992813,0.0,0.0
RPP40,0.007577237,0.0,0.0
RPPH1,0.122159824,0.0,0.0
RPRD1B,0.0423238,0.0,-1.0
RPRD2,0.052953266,0.0,0.0
RPRM,0.14395054,0.0,-1.0
RPS10,0.17146784,0.0,-1.0
RPS10P5,0.007087047,0.0,0.0
RPS10P7,0.018012995,0.0,0.0
RPS11,0.10397972,0.0,0.0
RPS12,0.09627964,0.0,0.0
RPS13,0.1345838,0.0,-1.0
RPS14,0.06795116,0.0,0.0
RPS15,0.12100494,0.0,-1.0
RPS15A,0.07875329,0.0,0.0
RPS16,0.12249228,0.0,0.0
RPS17,0.07721958,0.0,-1.0
RPS18,0.07421786,0.0,0.0
RPS19,0.103851356,0.0,-1.0
RPS19BP1,0.0014067307,0.0,0.0
RPS2,0.123282984,0.0,-1.0
RPS20,0.12554735,0.0,0.0
RPS21,0.03001791,0.0,0.0
RPS23,0.06083798,0.0,0.0
RPS24,0.0940274,0.0,-1.0
RPS25,0.09005233,0.0,0.0
RPS26,0.048036132,0.0,-1.0
RPS27,0.14116326,0.0,-1.0
RPS27A,0.07796735,0.0,-1.0
RPS27L,0.035120413,0.0,0.0
RPS28,0.066364534,0.0,0.0
RPS29,0.15857634,0.0,0.0
RPS3,0.26723734,0.0,0.0
RPS3A,0.26015076,0.0,-1.0
RPS4X,0.12082843,0.0,0.0
RPS5,0.06793081,0.0,0.0
RPS6,0.13221681,0.0,-1.0
RPS6KA1,0.42393565,0.0,-1.0
RPS6KA2,0.5127723,1.0,0.0
RPS6KA3,0.30291724,0.0,-1.0
RPS6KA4,0.38354763,0.0,1.0
RPS6KA5,0.389881,0.0,-1.0
RPS6KA6,0.32380635,0.0,-1.0
RPS6KB1,0.5330784,1.0,-1.0
RPS6KB2,0.2522195,0.0,1.0
RPS6KC1,0.0515709,0.0,0.0
RPS6KL1,0.24012902,0.0,0.0
RPS7,0.10930876,0.0,-1.0
RPS8,0.1707333,0.0,0.0
RPS9,0.11533299,0.0,0.0
RPSA,0.0701217,0.0,0.0
RPSAP58,0.02646296,0.0,-1.0
RPTN,0.017921709,0.0,0.0
RPTOR,0.34348664,0.0,1.0
RPUSD1,0.06008009,0.0,0.0
RPUSD3,0.0061683226,0.0,0.0
RPUSD4,0.034802552,0.0,0.0
RRAD,0.10498741,0.0,-1.0
RRAGA,0.17285843,0.0,0.0
RRAGB,0.12209154,0.0,0.0
RRAGC,0.11581805,0.0,1.0
RRAGD,0.2029942,0.0,0.0
RRAS,0.2996964,0.0,1.0
RRAS2,0.24349119,0.0,1.0
RRBP1,0.14039846,0.0,0.0
RREB1,0.14030097,0.0,-1.0
RRM1,0.111488424,0.0,-1.0
RRM2,0.11593413,0.0,-1.0
RRM2B,0.14415732,0.0,-1.0
RRN3,0.2283205,0.0,0.0
RRP1,0.051331665,0.0,0.0
RRP12,0.038482025,0.0,0.0
RRP15,0.047326535,0.0,0.0
RRP1B,0.12930833,0.0,0.0
RRP7A,0.002242325,0.0,0.0
RRP8,0.06709197,0.0,0.0
RRP9,0.028909795,0.0,-1.0
RRS1,0.041699845,0.0,-1.0
RS1,0.02690258,0.0,-1.0
RSAD1,0.038917866,0.0,0.0
RSAD2,0.08145653,0.0,0.0
RSBN1,0.18484077,0.0,-1.0
RSBN1L,0.0914305,0.0,-1.0
RSF1,0.14112101,0.0,-1.0
RSKR,0.3175211,0.0,0.0
RSL1D1,0.08428901,0.0,-1.0
RSL24D1,0.018239427,0.0,0.0
RSPH14,0.19274493,0.0,-1.0
RSPH6A,0.046387535,0.0,0.0
RSPO1,0.030569747,0.0,-1.0
RSPO2,0.80020994,1.0,1.0
RSPRY1,0.033837393,0.0,0.0
RSRC1,0.12220356,0.0,0.0
RSRC2,0.07036861,0.0,0.0
RSRP1,0.044950657,0.0,-1.0
RSU1,0.08870056,0.0,0.0
RTBDN,0.009708911,0.0,0.0
RTCA,0.07877283,0.0,-1.0
RTCB,0.051400885,0.0,0.0
RTEL1,0.04595425,0.0,1.0
RTF1,0.18636082,0.0,0.0
RTF2,0.0154785225,0.0,-1.0
RTKN,0.17970751,0.0,0.0
RTKN2,0.016374515,0.0,0.0
RTL10,0.12141617,0.0,0.0
RTL5,0.06794104,0.0,0.0
RTL6,0.050149933,0.0,-1.0
RTL8A,0.03283685,0.0,0.0
RTN1,0.11104237,0.0,0.0
RTN2,0.09341946,0.0,0.0
RTN3,0.14163919,0.0,0.0
RTN4,0.26162356,0.0,-1.0
RTN4IP1,0.08210142,0.0,-1.0
RTN4R,0.03156819,0.0,0.0
RTP3,0.007490632,0.0,0.0
RTP5,0.011840995,0.0,0.0
RTRAF,0.007875873,0.0,0.0
RTTN,0.13701747,0.0,-1.0
RUBCN,0.032576595,0.0,0.0
RUBCNL,0.012922346,0.0,0.0
RUFY1,0.012943213,0.0,-1.0
RUFY2,0.10697529,0.0,0.0
RUFY3,0.063372135,0.0,0.0
RUFY4,0.037402146,0.0,0.0
RUNDC3A,0.15439878,0.0,0.0
RUNX1,0.8267379,1.0,1.0
RUNX1T1,0.5769795,1.0,1.0
RUNX2,0.64116853,1.0,-1.0
RUNX3,0.5261719,1.0,-1.0
RUSC1,0.13648328,0.0,0.0
RUSC1-AS1,0.02662688,0.0,0.0
RUSC2,0.069103174,0.0,-1.0
RUVBL1,0.49133006,0.0,-1.0
RUVBL2,0.54717106,1.0,-1.0
RWDD1,0.03337517,0.0,0.0
RWDD2B,0.06403186,0.0,0.0
RWDD3,0.0038033128,0.0,0.0
RWDD4,0.0400678,0.0,0.0
RXFP2,0.00021683579,0.0,-1.0
RXFP3,0.004775177,0.0,-1.0
RXFP4,0.032294717,0.0,0.0
RXRA,0.72069615,1.0,-1.0
RXRB,0.4539351,0.0,-1.0
RXRG,0.42573372,0.0,-1.0
RYBP,0.24775012,0.0,1.0
RYK,0.6819748,1.0,-1.0
RYR1,0.23598985,0.0,-1.0
RYR2,0.8600582,1.0,-1.0
RYR3,0.56183404,1.0,-1.0
S100A1,0.22452489,0.0,-1.0
S100A10,0.17399357,0.0,-1.0
S100A11,0.14658312,0.0,0.0
S100A13,0.101396985,0.0,-1.0
S100A14,0.0057423054,0.0,-1.0
S100A16,0.0057423054,0.0,0.0
S100A2,0.07011998,0.0,-1.0
S100A3,0.040793832,0.0,0.0
S100A4,0.15524253,0.0,-1.0
S100A5,0.009390953,0.0,0.0
S100A6,0.082223855,0.0,-1.0
S100A7,0.23770003,0.0,1.0
S100A8,0.32955307,0.0,-1.0
S100A9,0.18423255,0.0,-1.0
S100B,0.31572706,0.0,-1.0
S100P,0.040730145,0.0,-1.0
S100PBP,0.06283572,0.0,-1.0
S100Z,0.07565402,0.0,0.0
S1PR1,0.34203535,0.0,-1.0
S1PR2,0.075398475,0.0,-1.0
S1PR3,0.15966891,0.0,0.0
S1PR4,0.13065527,0.0,-1.0
S1PR5,0.010075437,0.0,0.0
SAA1,0.020766495,0.0,-1.0
SAA2,0.050402157,0.0,-1.0
SAA4,7.3559415e-05,0.0,0.0
SAAL1,0.07770872,0.0,0.0
SAC3D1,0.016353821,0.0,0.0
SACM1L,0.10050656,0.0,0.0
SAE1,0.17360914,0.0,0.0
SAFB,0.20969415,0.0,0.0
SAFB2,0.26298568,0.0,0.0
SAG,0.018644063,0.0,-1.0
SALL1,0.19881345,0.0,-1.0
SALL2,0.18025133,0.0,0.0
SALL4,0.29509148,0.0,1.0
SAMD10,0.004275579,0.0,0.0
SAMD11,0.021288013,0.0,0.0
SAMD3,0.27043268,0.0,0.0
SAMD4A,0.11718893,0.0,0.0
SAMD4B,0.15741064,0.0,0.0
SAMD9,0.04488904,0.0,0.0
SAMHD1,0.06545158,0.0,1.0
SAMM50,0.08171885,0.0,-1.0
SAMSN1,0.44423783,0.0,0.0
SAP130,0.3812196,0.0,0.0
SAP18,0.19233027,0.0,0.0
SAP25,0.23469697,0.0,0.0
SAP30,0.55067414,1.0,-1.0
SAP30BP,0.121525615,0.0,0.0
SAP30L,0.12185289,0.0,0.0
SAPCD2,0.014583004,0.0,0.0
SAR1B,0.020635169,0.0,-1.0
SARAF,0.070945755,0.0,0.0
SARDH,0.062227637,0.0,0.0
SARM1,0.15876885,0.0,0.0
SARNP,0.08691418,0.0,-1.0
SARS2,0.20508698,0.0,0.0
SART1,0.035875812,0.0,0.0
SART3,0.14870316,0.0,-1.0
SASH1,0.3198892,0.0,-1.0
SASH3,0.111516185,0.0,0.0
SASS6,0.06179737,0.0,0.0
SAT1,0.18711978,0.0,0.0
SAT2,0.13046561,0.0,0.0
SATB1,0.57298094,1.0,-1.0
SATB2,0.31524828,0.0,-1.0
SAV1,0.090356916,0.0,-1.0
SAXO2,0.021359626,0.0,0.0
SAYSD1,0.007992813,0.0,0.0
SBDS,0.065991074,0.0,1.0
SBF1,0.3643934,0.0,0.0
SBF2,0.1683914,0.0,-1.0
SBK1,0.12165661,0.0,0.0
SBK2,0.02504958,0.0,0.0
SBNO2,0.1023284,0.0,0.0
SC5D,0.047074247,0.0,0.0
SCAF1,0.029972652,0.0,-1.0
SCAF11,0.074355535,0.0,0.0
SCAF4,0.099400595,0.0,-1.0
SCAF8,0.03908291,0.0,0.0
SCAI,0.030229736,0.0,0.0
SCAMP1,0.099543445,0.0,0.0
SCAMP2,0.07608822,0.0,0.0
SCAMP3,0.12343218,0.0,0.0
SCAMP4,0.06452247,0.0,-1.0
SCAMP5,0.049790904,0.0,0.0
SCAND1,0.03788017,0.0,0.0
SCAND2P,0.065269455,0.0,0.0
SCAP,0.066294365,0.0,0.0
SCAPER,0.032671742,0.0,-1.0
SCARA5,0.05518862,0.0,0.0
SCARB1,0.039482106,0.0,-1.0
SCARB2,0.05017717,0.0,-1.0
SCARF2,0.030100241,0.0,0.0
SCARNA13,0.019577743,0.0,0.0
SCARNA16,0.03672971,0.0,0.0
SCARNA2,0.043774523,0.0,0.0
SCARNA20,0.016627481,0.0,0.0
SCARNA27,0.068987444,0.0,0.0
SCARNA9,0.009846914,0.0,0.0
SCD,0.08570994,0.0,-1.0
SCD5,0.03097568,0.0,0.0
SCEL,0.101582855,0.0,0.0
SCFD1,0.06779981,0.0,0.0
SCFD2,0.04346321,0.0,0.0
SCG2,0.03833382,0.0,0.0
SCG3,0.017035846,0.0,0.0
SCG5,0.012327796,0.0,1.0
SCGB1A1,0.01743912,0.0,0.0
SCGB1C1,0.006047241,0.0,0.0
SCGB1D2,0.004246865,0.0,0.0
SCGB3A1,0.00063952565,0.0,0.0
SCGB3A2,1.4184761e-05,0.0,0.0
SCGN,0.028879846,0.0,0.0
SCHIP1,0.03851315,0.0,0.0
SCIMP,0.30304673,0.0,0.0
SCIN,0.009178586,0.0,-1.0
SCLT1,0.07657162,0.0,-1.0
SCLY,0.03329499,0.0,0.0
SCMH1,0.19227642,0.0,0.0
SCML1,0.034850225,0.0,0.0
SCML2,0.06471642,0.0,0.0
SCML4,0.10796674,0.0,0.0
SCN1A,0.09660648,0.0,-1.0
SCN1B,0.064689755,0.0,-1.0
SCN2A,0.1712703,0.0,-1.0
SCN3A,0.13138637,0.0,-1.0
SCN3B,0.115284726,0.0,-1.0
SCN4A,0.003637146,0.0,-1.0
SCN4B,0.07197906,0.0,-1.0
SCN5A,0.34798032,0.0,-1.0
SCN8A,0.073001735,0.0,0.0
SCNM1,0.043770235,0.0,0.0
SCNN1A,0.37949127,0.0,-1.0
SCNN1B,0.24297109,0.0,-1.0
SCNN1D,0.018384004,0.0,0.0
SCNN1G,0.15699385,0.0,-1.0
SCO1,0.033305965,0.0,-1.0
SCO2,0.13541439,0.0,-1.0
SCOC,0.052055698,0.0,0.0
SCP2,0.1040002,0.0,0.0
SCP2D1,0.013304462,0.0,0.0
SCRIB,0.15270343,0.0,0.0
SCRN1,0.009056017,0.0,0.0
SCRN2,0.016044602,0.0,0.0
SCRN3,0.021236,0.0,0.0
SCRT1,0.061813746,0.0,0.0
SCRT2,0.03193728,0.0,0.0
SCT,0.10970674,0.0,0.0
SCTR,0.024247404,0.0,0.0
SCX,0.02982604,0.0,0.0
SCYL1,0.17913917,0.0,-1.0
SCYL2,0.42067292,0.0,-1.0
SCYL3,0.35751212,0.0,0.0
SDAD1,0.03224833,0.0,0.0
SDC1,0.0345264,0.0,-1.0
SDC2,0.3021302,0.0,-1.0
SDC3,0.114190795,0.0,-1.0
SDC4,0.11899276,0.0,1.0
SDCBP,0.7382487,1.0,-1.0
SDCBP2,0.09505351,0.0,0.0
SDCCAG8,0.006428066,0.0,-1.0
SDE2,0.1044523,0.0,-1.0
SDF2,0.016029824,0.0,0.0
SDF2L1,0.21378079,0.0,0.0
SDF4,0.03701352,0.0,-1.0
SDHA,0.34243932,0.0,1.0
SDHAF1,0.042370625,0.0,0.0
SDHAF2,0.040344257,0.0,1.0
SDHAP1,0.0022421905,0.0,0.0
SDHAP3,0.011143095,0.0,0.0
SDHB,0.4531406,0.0,1.0
SDHC,0.4272235,0.0,1.0
SDHD,0.3789141,0.0,1.0
SDR16C5,0.028151477,0.0,0.0
SDR39U1,0.015643649,0.0,0.0
SDS,0.034058265,0.0,0.0
SDSL,0.04359756,0.0,0.0
SEBOX,0.06560415,0.0,0.0
SEC11A,0.030661805,0.0,0.0
SEC11C,0.015884373,0.0,0.0
SEC13,0.07653562,0.0,0.0
SEC14L1,0.0006696622,0.0,-1.0
SEC14L2,0.096509844,0.0,0.0
SEC14L5,0.068581276,0.0,0.0
SEC16A,0.20871992,0.0,-1.0
SEC16B,0.052029297,0.0,0.0
SEC22A,0.013706015,0.0,0.0
SEC22B,0.23379791,0.0,0.0
SEC23A,0.098644264,0.0,0.0
SEC23B,0.088080525,0.0,-1.0
SEC23IP,0.013560223,0.0,0.0
SEC24A,0.046825055,0.0,0.0
SEC24B,0.12636584,0.0,0.0
SEC24C,0.06993176,0.0,0.0
SEC24D,0.055772204,0.0,0.0
SEC31A,0.09446485,0.0,-1.0
SEC61A1,0.23155235,0.0,0.0
SEC61A2,0.05056057,0.0,0.0
SEC61B,0.13725814,0.0,0.0
SEC62,0.032778274,0.0,0.0
SEC63,0.16765456,0.0,-1.0
SECISBP2,0.047535796,0.0,0.0
SECTM1,0.032108262,0.0,0.0
SEH1L,0.07425729,0.0,0.0
SEL1L,0.065147325,0.0,-1.0
SEL1L3,0.016254464,0.0,0.0
SELE,0.3852549,0.0,-1.0
SELENBP1,0.3043108,0.0,0.0
SELENOH,0.02259586,0.0,0.0
SELENOI,0.054711748,0.0,0.0
SELENOM,0.04250225,0.0,0.0
SELENOP,0.10078285,0.0,-1.0
SELENOS,0.044214394,0.0,0.0
SELENOT,0.02246337,0.0,0.0
SELENOV,0.025656398,0.0,0.0
SELENOW,0.020728974,0.0,0.0
SELL,0.13705869,0.0,0.0
SELP,0.30041027,0.0,-1.0
SELPLG,0.3464396,0.0,0.0
SEM1,0.0131075885,0.0,0.0
SEMA3A,0.20563605,0.0,-1.0
SEMA3B,0.0430879,0.0,-1.0
SEMA3C,0.015176602,0.0,-1.0
SEMA3G,0.013570886,0.0,0.0
SEMA4A,0.07177599,0.0,-1.0
SEMA4B,0.2592333,0.0,-1.0
SEMA4C,0.08738377,0.0,0.0
SEMA4D,0.24581306,0.0,-1.0
SEMA4G,0.07348811,0.0,0.0
SEMA6A,0.13221148,0.0,-1.0
SEMA6B,0.07191922,0.0,-1.0
SEMA7A,0.069866225,0.0,0.0
SEMG1,0.000110801615,0.0,-1.0
SEMG2,2.0682315e-05,0.0,-1.0
SENP1,0.12697335,0.0,0.0
SENP2,0.1736557,0.0,-1.0
SENP3,0.19882756,0.0,0.0
SENP6,0.09996456,0.0,0.0
SENP7,0.14381686,0.0,0.0
SENP8,0.025983337,0.0,0.0
SEPHS1,0.08926866,0.0,0.0
SEPHS2,0.08412443,0.0,0.0
SEPTIN1,0.06816274,0.0,0.0
SEPTIN10,0.027667344,0.0,0.0
SEPTIN11,0.009746003,0.0,-1.0
SEPTIN2,0.06036152,0.0,-1.0
SEPTIN3,0.0012555139,0.0,0.0
SEPTIN4,0.04896018,0.0,0.0
SEPTIN5,0.13983387,0.0,-1.0
SEPTIN6,0.034811515,0.0,-1.0
SEPTIN7,0.058781832,0.0,-1.0
SEPTIN8,0.038317386,0.0,0.0
SEPTIN9,0.16763699,0.0,-1.0
SERBP1,0.16782048,0.0,-1.0
SERF2,0.09236736,0.0,0.0
SERGEF,0.030421792,0.0,0.0
SERHL,0.0027234992,0.0,0.0
SERINC3,0.0140711935,0.0,-1.0
SERP1,0.06904709,0.0,0.0
SERP2,0.079679765,0.0,-1.0
SERPINA1,0.022831628,0.0,-1.0
SERPINA11,0.08203068,0.0,0.0
SERPINA3,0.009717375,0.0,0.0
SERPINA4,3.560337e-08,0.0,-1.0
SERPINA5,0.00016370665,0.0,0.0
SERPINA6,0.08664032,0.0,0.0
SERPINB1,0.041120097,0.0,-1.0
SERPINB12,0.029164627,0.0,0.0
SERPINB2,0.18953136,0.0,-1.0
SERPINB3,0.62729234,1.0,1.0
SERPINB4,0.11139289,0.0,-1.0
SERPINB5,0.20797208,0.0,-1.0
SERPINB6,0.04812622,0.0,0.0
SERPINB8,0.42060575,0.0,0.0
SERPINB9,0.21232209,0.0,0.0
SERPIND1,0.1951237,0.0,0.0
SERPINE1,0.20819154,0.0,-1.0
SERPINE2,0.077544935,0.0,0.0
SERPINF2,0.04616864,0.0,0.0
SERPING1,0.058638014,0.0,-1.0
SERPINH1,0.37057257,0.0,-1.0
SERPINI1,0.017241282,0.0,0.0
SERPINI2,0.0057136607,0.0,0.0
SERTAD1,0.11488322,0.0,0.0
SERTAD2,0.09661169,0.0,0.0
SERTAD3,0.079246,0.0,0.0
SERTAD4,0.10320898,0.0,0.0
SESN1,0.12873311,0.0,1.0
SESN2,0.059880186,0.0,1.0
SET,0.5068019,1.0,1.0
SETBP1,0.1567942,0.0,1.0
SETD1A,0.3894958,0.0,1.0
SETD1B,0.1560513,0.0,1.0
SETD2,0.42056486,0.0,1.0
SETD3,0.006284597,0.0,-1.0
SETD4,0.016095376,0.0,-1.0
SETD5,0.09270664,0.0,-1.0
SETD6,0.050905317,0.0,-1.0
SETD7,0.5473712,1.0,-1.0
SETDB1,0.7027507,1.0,1.0
SETDB2,0.010206988,0.0,1.0
SETMAR,0.11105383,0.0,0.0
SETX,0.09490843,0.0,-1.0
SEZ6,0.07572729,0.0,0.0
SEZ6L,0.05282445,0.0,0.0
SEZ6L2,0.01593562,0.0,0.0
SF1,0.32979771,0.0,-1.0
SF3A1,0.23737013,0.0,0.0
SF3A2,0.17981188,0.0,0.0
SF3A3,0.13062756,0.0,0.0
SF3B1,0.27900583,0.0,1.0
SF3B2,0.12713729,0.0,-1.0
SF3B3,0.29563814,0.0,-1.0
SF3B4,0.20026529,0.0,0.0
SF3B5,0.05656344,0.0,0.0
SFI1,0.16329595,0.0,0.0
SFMBT1,0.3304052,0.0,0.0
SFN,0.7211633,1.0,0.0
SFPQ,0.54282045,1.0,1.0
SFR1,0.031994544,0.0,0.0
SFRP1,0.81101114,1.0,1.0
SFRP2,0.5777855,1.0,1.0
SFSWAP,0.017089337,0.0,0.0
SFT2D1,0.07698825,0.0,0.0
SFT2D2,0.046982907,0.0,0.0
SFTA3,0.24879056,0.0,0.0
SFTPA1,0.0024304434,0.0,-1.0
SFTPC,0.051708233,0.0,-1.0
SFTPD,0.0057164785,0.0,0.0
SFXN1,0.032733936,0.0,0.0
SFXN2,0.08564225,0.0,0.0
SFXN3,0.028090343,0.0,0.0
SFXN4,0.014384931,0.0,-1.0
SGCA,0.05071781,0.0,-1.0
SGCD,0.050994724,0.0,-1.0
SGCE,0.016100872,0.0,-1.0
SGCG,0.07209513,0.0,-1.0
SGF29,0.1705676,0.0,0.0
SGK1,0.47401714,0.0,1.0
SGK2,0.3335663,0.0,0.0
SGK3,0.34640622,0.0,0.0
SGMS1,0.110674985,0.0,-1.0
SGMS2,0.105655715,0.0,0.0
SGO1,0.17130083,0.0,-1.0
SGO2,0.030129747,0.0,0.0
SGPL1,0.033710495,0.0,0.0
SGPP1,0.019681865,0.0,0.0
SGPP2,0.056931276,0.0,0.0
SGSH,0.0005840807,0.0,-1.0
SGSM2,0.09806005,0.0,0.0
SGSM3,0.0045080846,0.0,0.0
SGTA,0.056943335,0.0,0.0
SGTB,0.0055016223,0.0,0.0
SH2B1,0.28604323,0.0,0.0
SH2B2,0.18003933,0.0,-1.0
SH2B3,0.2634304,0.0,1.0
SH2D1A,0.16973333,0.0,1.0
SH2D1B,0.063583985,0.0,0.0
SH2D2A,0.15376557,0.0,0.0
SH2D3A,0.16082162,0.0,0.0
SH2D3C,0.2000008,0.0,0.0
SH2D4A,0.18787102,0.0,0.0
SH2D4B,0.012601225,0.0,0.0
SH2D6,0.009796352,0.0,0.0
SH3BGRL,0.13507444,0.0,0.0
SH3BGRL2,0.037326835,0.0,-1.0
SH3BGRL3,0.036798954,0.0,0.0
SH3BP1,0.1892557,0.0,0.0
SH3BP2,0.38469106,0.0,-1.0
SH3BP4,0.24847412,0.0,0.0
SH3BP5,0.063021354,0.0,0.0
SH3BP5L,0.09935405,0.0,0.0
SH3D19,0.17324352,0.0,0.0
SH3GL1,0.18870874,0.0,1.0
SH3GL2,0.505147,1.0,-1.0
SH3GL3,0.39907503,0.0,0.0
SH3GLB1,0.24522078,0.0,-1.0
SH3GLB2,0.12341566,0.0,0.0
SH3KBP1,0.6110829,1.0,0.0
SH3PXD2A,0.1497765,0.0,-1.0
SH3RF1,0.3668928,0.0,0.0
SH3RF2,0.018003147,0.0,0.0
SH3TC1,0.11840184,0.0,0.0
SH3TC2,0.08313986,0.0,-1.0
SH3YL1,0.119042836,0.0,0.0
SHANK1,0.027262278,0.0,-1.0
SHANK2,0.13194759,0.0,-1.0
SHANK3,0.09780566,0.0,0.0
SHARPIN,0.044772103,0.0,0.0
SHB,0.5997798,1.0,0.0
SHC1,0.8805082,1.0,-1.0
SHC2,0.3280182,0.0,-1.0
SHC3,0.2207729,0.0,-1.0
SHC4,0.010081289,0.0,-1.0
SHCBP1,0.2838407,0.0,0.0
SHD,0.1549153,0.0,0.0
SHE,0.10348272,0.0,-1.0
SHF,0.11124292,0.0,-1.0
SHFL,0.03613345,0.0,0.0
SHH,0.12310764,0.0,-1.0
SHISA7,0.063326865,0.0,0.0
SHISAL2A,0.00790308,0.0,0.0
SHKBP1,0.09681748,0.0,-1.0
SHLD1,0.016603064,0.0,0.0
SHLD2,0.01661649,0.0,0.0
SHMT1,0.13307804,0.0,0.0
SHMT2,0.15153262,0.0,-1.0
SHOC1,0.008340013,0.0,0.0
SHOC2,0.55657166,1.0,1.0
SHOX,0.12902711,0.0,0.0
SHOX2,0.16732681,0.0,0.0
SHPK,0.021934975,0.0,0.0
SHPRH,0.19934818,0.0,-1.0
SHQ1,0.08857336,0.0,1.0
SHROOM3,0.071427986,0.0,-1.0
SHTN1,0.0064823097,0.0,-1.0
SI,0.22804572,0.0,-1.0
SIAH1,0.57727605,1.0,-1.0
SIAH1P1,0.010926892,0.0,0.0
SIAH2,0.49241284,0.0,-1.0
SIDT1,0.03445601,0.0,0.0
SIDT2,0.009146059,0.0,0.0
SIGIRR,0.21464296,0.0,0.0
SIGLEC10,0.12602848,0.0,0.0
SIGLEC11,0.10691116,0.0,0.0
SIGLEC12,0.02497247,0.0,0.0
SIGLEC17P,0.0053188694,0.0,0.0
SIGLEC5,0.03451399,0.0,0.0
SIGLEC6,0.038431223,0.0,0.0
SIGMAR1,0.19640708,0.0,0.0
SIK1,0.281449,0.0,-1.0
SIK2,0.20682561,0.0,0.0
SIK3,0.110527016,0.0,-1.0
SIKE1,0.22374935,0.0,0.0
SIL1,0.004544636,0.0,-1.0
SIM1,0.38882753,0.0,0.0
SIM2,0.4283978,0.0,0.0
SIMC1,0.03950683,0.0,0.0
SIN3A,0.64556134,1.0,-1.0
SIN3B,0.5196365,1.0,-1.0
SINHCAF,0.040182855,0.0,0.0
SIPA1,0.08275239,0.0,-1.0
SIPA1L1,0.15515928,0.0,0.0
SIPA1L3,0.094080664,0.0,0.0
SIRPA,0.31311524,0.0,1.0
SIRPB1,0.029624542,0.0,-1.0
SIRT1,0.74477744,1.0,-1.0
SIRT2,0.38009164,0.0,0.0
SIRT3,0.44491443,0.0,-1.0
SIRT4,0.15164427,0.0,-1.0
SIRT5,0.12961923,0.0,0.0
SIRT6,0.36787093,0.0,-1.0
SIRT7,0.17732407,0.0,0.0
SIT1,0.1895346,0.0,0.0
SIVA1,0.08912927,0.0,-1.0
SIX1,0.30294752,0.0,1.0
SIX2,0.09909161,0.0,1.0
SIX3,0.5449985,1.0,-1.0
SIX4,0.029744126,0.0,-1.0
SIX5,0.22532457,0.0,-1.0
SIX6,0.2511585,0.0,-1.0
SKA1,0.02038329,0.0,0.0
SKA2,0.08714742,0.0,0.0
SKA3,0.094563216,0.0,0.0
SKAP1,0.32720238,0.0,0.0
SKAP2,0.1712494,0.0,0.0
SKI,0.6454309,1.0,1.0
SKIDA1,0.011840995,0.0,0.0
SKIL,0.36160374,0.0,-1.0
SKINT1L,0.014065347,0.0,0.0
SKIV2L,0.017600292,0.0,0.0
SKOR1,0.06556099,0.0,0.0
SKP1,0.5930934,1.0,-1.0
SKP2,0.67699146,1.0,-1.0
SLA,0.39108658,0.0,0.0
SLA2,0.4679791,0.0,0.0
SLAIN2,0.14252722,0.0,0.0
SLAMF1,0.20373003,0.0,-1.0
SLAMF6,0.16851844,0.0,-1.0
SLBP,0.082976334,0.0,0.0
SLC10A2,0.1536446,0.0,0.0
SLC10A6,0.011261518,0.0,0.0
SLC11A2,0.24781318,0.0,-1.0
SLC12A2,0.2696607,0.0,0.0
SLC12A2-DT,0.024843473,0.0,0.0
SLC12A3,0.07695554,0.0,-1.0
SLC12A4,0.051684014,0.0,0.0
SLC12A5,0.104647875,0.0,-1.0
SLC12A6,0.007187058,0.0,-1.0
SLC12A9,0.019803038,0.0,0.0
SLC13A3,0.033155326,0.0,0.0
SLC13A5,0.028412305,0.0,0.0
SLC14A1,0.0025817466,0.0,0.0
SLC15A3,0.050602086,0.0,0.0
SLC15A4,0.09785237,0.0,0.0
SLC16A1,0.06966211,0.0,-1.0
SLC16A11,0.03784687,0.0,0.0
SLC16A13,0.010612562,0.0,0.0
SLC16A3,0.102694966,0.0,-1.0
SLC16A4,0.05111287,0.0,-1.0
SLC16A5,0.007824828,0.0,0.0
SLC16A6,0.05079727,0.0,0.0
SLC16A8,0.01533569,0.0,0.0
SLC17A1,0.03527998,0.0,0.0
SLC17A2,0.11469129,0.0,0.0
SLC17A5,0.04665843,0.0,-1.0
SLC17A6,0.047837764,0.0,0.0
SLC17A9,0.0799973,0.0,0.0
SLC18A1,0.06078368,0.0,0.0
SLC18A3,0.06682574,0.0,0.0
SLC19A2,0.08711256,0.0,-1.0
SLC1A1,0.14996131,0.0,0.0
SLC1A2,0.1360066,0.0,-1.0
SLC1A3,0.023221297,0.0,-1.0
SLC1A4,0.10563271,0.0,-1.0
SLC1A5,0.19788943,0.0,-1.0
SLC1A6,0.035304967,0.0,-1.0
SLC22A1,0.0016132426,0.0,-1.0
SLC22A11,0.02007311,0.0,-1.0
SLC22A12,0.05417197,0.0,0.0
SLC22A15,0.051471893,0.0,0.0
SLC22A24,0.0261214,0.0,0.0
SLC22A4,0.041749474,0.0,-1.0
SLC22A5,0.034090713,0.0,-1.0
SLC22A6,0.006563982,0.0,0.0
SLC22A7,0.0016275662,0.0,0.0
SLC23A3,0.012714936,0.0,0.0
SLC24A1,0.4734016,0.0,0.0
SLC25A1,0.07583896,0.0,0.0
SLC25A10,0.04629186,0.0,0.0
SLC25A11,0.07685743,0.0,0.0
SLC25A12,0.09644029,0.0,0.0
SLC25A13,0.0804471,0.0,-1.0
SLC25A14,0.016496336,0.0,0.0
SLC25A15,0.013404915,0.0,0.0
SLC25A17,0.0028802839,0.0,-1.0
SLC25A18,0.019936005,0.0,0.0
SLC25A19,0.0032012933,0.0,0.0
SLC25A20,0.035469413,0.0,0.0
SLC25A21,0.13825165,0.0,0.0
SLC25A22,0.05637854,0.0,0.0
SLC25A24,0.014285063,0.0,0.0
SLC25A25,0.10298596,0.0,0.0
SLC25A27,0.05633434,0.0,0.0
SLC25A28,0.035359982,0.0,0.0
SLC25A3,0.07528572,0.0,0.0
SLC25A31,0.008895966,0.0,0.0
SLC25A32,0.029296456,0.0,0.0
SLC25A36,0.061283097,0.0,0.0
SLC25A37,0.052365594,0.0,0.0
SLC25A38,0.027634276,0.0,0.0
SLC25A4,0.08413547,0.0,-1.0
SLC25A40,0.002961818,0.0,0.0
SLC25A42,0.08819098,0.0,0.0
SLC25A44,0.080227576,0.0,0.0
SLC25A45,0.0718043,0.0,-1.0
SLC25A46,0.0064427527,0.0,0.0
SLC25A5,0.05342209,0.0,0.0
SLC25A51,0.039983746,0.0,0.0
SLC25A6,0.15057707,0.0,0.0
SLC26A1,0.060640715,0.0,0.0
SLC26A10,0.121998064,0.0,0.0
SLC26A2,0.05044515,0.0,-1.0
SLC26A3,0.011556635,0.0,-1.0
SLC26A8,0.06662778,0.0,0.0
SLC26A9,0.011581647,0.0,0.0
SLC27A1,1.2735714e-05,0.0,-1.0
SLC27A2,0.091072485,0.0,0.0
SLC27A4,0.06360724,0.0,0.0
SLC27A5,0.045158077,0.0,0.0
SLC27A6,0.22932026,0.0,0.0
SLC28A1,0.02872566,0.0,0.0
SLC29A1,0.02727734,0.0,-1.0
SLC29A2,0.062279087,0.0,-1.0
SLC29A3,0.057917017,0.0,-1.0
SLC2A1,0.20486665,0.0,-1.0
SLC2A10,0.07976052,0.0,0.0
SLC2A11,0.013758695,0.0,0.0
SLC2A2,0.00025629293,0.0,-1.0
SLC2A3,0.04281171,0.0,0.0
SLC2A4,0.11136758,0.0,-1.0
SLC2A4RG,0.083991274,0.0,0.0
SLC2A5,0.064337015,0.0,0.0
SLC2A8,0.024016194,0.0,0.0
SLC2A9,0.011601445,0.0,-1.0
SLC30A3,0.018086785,0.0,0.0
SLC30A5,0.010357037,0.0,-1.0
SLC30A6,0.05300271,0.0,-1.0
SLC30A7,0.021510342,0.0,0.0
SLC30A9,0.06871458,0.0,0.0
SLC31A2,0.0007217137,0.0,0.0
SLC32A1,0.029053824,0.0,0.0
SLC33A1,0.027145924,0.0,-1.0
SLC34A2,0.0083481325,0.0,1.0
SLC34A3,0.06964691,0.0,-1.0
SLC35A2,0.02473733,0.0,0.0
SLC35A3,0.004471406,0.0,0.0
SLC35A4,0.009543377,0.0,0.0
SLC35A5,0.036406808,0.0,-1.0
SLC35B1,0.0017491707,0.0,0.0
SLC35B2,0.118115574,0.0,0.0
SLC35B3,0.0022478912,0.0,0.0
SLC35B4,0.020121228,0.0,0.0
SLC35C2,0.014693517,0.0,0.0
SLC35D1,0.0062683965,0.0,0.0
SLC35D2,0.107519075,0.0,0.0
SLC35E1,0.059908,0.0,0.0
SLC35E2A,0.029623616,0.0,0.0
SLC35F5,0.03720689,0.0,0.0
SLC35F6,0.08038644,0.0,0.0
SLC35G6,0.020935701,0.0,0.0
SLC36A1,0.036771998,0.0,0.0
SLC36A4,0.015097779,0.0,0.0
SLC37A2,0.059725184,0.0,0.0
SLC37A3,0.0074385367,0.0,0.0
SLC37A4,0.04731261,0.0,-1.0
SLC38A1,0.03117311,0.0,-1.0
SLC38A10,0.013843805,0.0,0.0
SLC38A2,0.050415415,0.0,-1.0
SLC38A3,0.09010294,0.0,-1.0
SLC38A7,0.03323295,0.0,0.0
SLC38A9,0.0029356387,0.0,0.0
SLC39A1,0.07908883,0.0,-1.0
SLC39A13,0.046814784,0.0,0.0
SLC39A14,0.022514896,0.0,0.0
SLC39A3,0.027618527,0.0,-1.0
SLC39A4,0.11563807,0.0,-1.0
SLC39A6,0.10179465,0.0,-1.0
SLC39A7,0.09633273,0.0,0.0
SLC39A8,0.029644636,0.0,0.0
SLC39A9,0.0115271285,0.0,0.0
SLC3A2,0.09153988,0.0,0.0
SLC40A1,0.0419134,0.0,-1.0
SLC41A2,0.10508139,0.0,0.0
SLC43A3,0.01507764,0.0,0.0
SLC44A1,0.12969135,0.0,-1.0
SLC44A2,0.17934513,0.0,-1.0
SLC44A3,0.02070913,0.0,-1.0
SLC45A3,0.1543058,0.0,1.0
SLC45A4,0.09715451,0.0,0.0
SLC46A3,0.10851641,0.0,0.0
SLC47A2,0.024585253,0.0,0.0
SLC48A1,0.06698066,0.0,0.0
SLC4A1,0.38137543,0.0,-1.0
SLC4A1AP,0.18509032,0.0,0.0
SLC4A2,0.023132315,0.0,-1.0
SLC4A3,0.123074874,0.0,0.0
SLC4A4,0.07314004,0.0,-1.0
SLC4A7,0.04314737,0.0,0.0
SLC4A8,0.17782223,0.0,0.0
SLC4A9,0.0017134569,0.0,0.0
SLC50A1,0.102194406,0.0,0.0
SLC51A,0.01407585,0.0,0.0
SLC51B,0.0087754335,0.0,0.0
SLC52A2,0.008140633,0.0,0.0
SLC5A1,0.029761994,0.0,0.0
SLC5A6,0.018851228,0.0,0.0
SLC5A7,0.011155484,0.0,-1.0
SLC66A1,0.022216756,0.0,0.0
SLC6A1,0.0035929845,0.0,0.0
SLC6A12,0.015879797,0.0,0.0
SLC6A18,0.007906064,0.0,0.0
SLC6A3,0.29333666,0.0,-1.0
SLC6A4,0.07051873,0.0,0.0
SLC6A5,0.07481331,0.0,0.0
SLC6A9,0.10845623,0.0,-1.0
SLC7A1,0.025218923,0.0,-1.0
SLC7A11,0.06920211,0.0,0.0
SLC7A14,0.003823855,0.0,0.0
SLC7A2,0.114505984,0.0,0.0
SLC7A4,0.010512596,0.0,0.0
SLC7A5,0.089629225,0.0,-1.0
SLC7A5P1,0.036613226,0.0,0.0
SLC7A5P2,0.10604355,0.0,0.0
SLC7A6,0.0064251614,0.0,-1.0
SLC7A7,0.062261682,0.0,-1.0
SLC7A8,0.13087596,0.0,0.0
SLC8A1,0.043555643,0.0,0.0
SLC8A2,0.014274385,0.0,0.0
SLC9A1,0.1878101,0.0,-1.0
SLC9A2,0.223867,0.0,-1.0
SLC9A3,0.08215145,0.0,-1.0
SLC9A3R1,0.20636934,0.0,-1.0
SLC9A3R2,0.1422518,0.0,0.0
SLC9A4,0.017664153,0.0,0.0
SLC9A5,0.039574742,0.0,0.0
SLC9A6,0.07306191,0.0,-1.0
SLC9A7,0.01810702,0.0,0.0
SLC9A8,0.01712927,0.0,0.0
SLCO2B1,0.037516855,0.0,0.0
SLCO4C1,0.013458598,0.0,0.0
SLF1,0.010675884,0.0,0.0
SLF2,0.005840656,0.0,0.0
SLFN11,0.36670333,0.0,1.0
SLFN14,0.011137069,0.0,0.0
SLFN5,0.13365147,0.0,0.0
SLIRP,0.03814883,0.0,-1.0
SLIT2,0.31594962,0.0,-1.0
SLIT3,0.07670472,0.0,-1.0
SLITRK1,0.021840125,0.0,-1.0
SLITRK3,0.0020109192,0.0,-1.0
SLK,0.108163014,0.0,0.0
SLMAP,0.17614728,0.0,0.0
SLN,0.006254686,0.0,0.0
SLPI,0.0575829,0.0,-1.0
SLTM,0.10162168,0.0,0.0
SLU7,0.007444588,0.0,0.0
SLX1B,0.18937013,0.0,0.0
SLX4,0.19534573,0.0,1.0
SLX4IP,0.1724663,0.0,0.0
SLX9,0.008140633,0.0,0.0
SMAD1,0.5593975,1.0,-1.0
SMAD2,0.7942961,1.0,1.0
SMAD3,0.8682392,1.0,1.0
SMAD4,0.72280324,1.0,1.0
SMAD5,0.48884282,0.0,0.0
SMAD6,0.3261042,0.0,-1.0
SMAD7,0.6614836,1.0,-1.0
SMAD9,0.2019298,0.0,-1.0
SMAP1,0.08309385,0.0,-1.0
SMAP2,0.045841366,0.0,0.0
SMARCA1,0.37294537,0.0,-1.0
SMARCA2,0.78631556,1.0,1.0
SMARCA4,0.8131731,1.0,1.0
SMARCA5,0.50678027,1.0,0.0
SMARCAD1,0.08423296,0.0,0.0
SMARCAL1,0.060439892,0.0,0.0
SMARCB1,0.6009183,1.0,1.0
SMARCC1,0.8112148,1.0,0.0
SMARCC2,0.746791,1.0,0.0
SMARCD1,0.7100381,1.0,1.0
SMARCD2,0.18412729,0.0,0.0
SMARCD3,0.14639866,0.0,0.0
SMARCE1,0.7906767,1.0,1.0
SMC1A,0.588039,1.0,1.0
SMC1B,0.04521724,0.0,-1.0
SMC2,0.34971663,0.0,-1.0
SMC3,0.6283248,1.0,1.0
SMC4,0.40611464,0.0,-1.0
SMC5,0.0019005853,0.0,0.0
SMC6,0.0050338632,0.0,0.0
SMCHD1,0.09556426,0.0,0.0
SMCO1,0.05354215,0.0,0.0
SMCO2,0.0191116,0.0,0.0
SMCO4,0.0174338,0.0,0.0
SMCP,0.040244665,0.0,0.0
SMCR8,0.06375187,0.0,0.0
SMDT1,0.01272777,0.0,0.0
SMG1,0.29920533,0.0,1.0
SMG5,0.07516755,0.0,-1.0
SMG6,0.044930942,0.0,-1.0
SMG7,0.22353916,0.0,-1.0
SMG8,0.008140633,0.0,-1.0
SMG9,0.053208765,0.0,0.0
SMIM11,0.007992813,0.0,0.0
SMIM12,0.029328749,0.0,0.0
SMIM14,0.010007994,0.0,0.0
SMIM29,0.039644804,0.0,0.0
SMIM3,0.036705393,0.0,0.0
SMIM7,0.008140633,0.0,0.0
SMIM8,0.014583004,0.0,0.0
SMN1,0.28290722,0.0,-1.0
SMN2,0.046562877,0.0,-1.0
SMNDC1,0.10698906,0.0,0.0
SMO,0.4644135,0.0,1.0
SMOC2,0.032710206,0.0,-1.0
SMPD1,0.077480435,0.0,-1.0
SMPD2,0.077949084,0.0,0.0
SMPD3,0.06959622,0.0,0.0
SMPD4,0.07104402,0.0,0.0
SMPDL3A,0.020814853,0.0,0.0
SMPX,0.11652136,0.0,0.0
SMS,0.0233339,0.0,-1.0
SMTN,0.366426,0.0,-1.0
SMU1,0.07837978,0.0,-1.0
SMUG1,0.10649164,0.0,-1.0
SMURF1,0.57519776,1.0,-1.0
SMURF2,0.3945967,0.0,-1.0
SMYD2,0.31912297,0.0,-1.0
SMYD3,0.19768591,0.0,1.0
SMYD4,0.01732832,0.0,0.0
SMYD5,0.12752654,0.0,0.0
SNAI1,0.2554061,0.0,-1.0
SNAI2,0.08172351,0.0,-1.0
SNAI3,0.10793185,0.0,0.0
SNAI3-AS1,0.05091897,0.0,0.0
SNAP23,0.17430253,0.0,0.0
SNAP23P1,0.017508704,0.0,0.0
SNAP25,0.23812613,0.0,0.0
SNAP29,0.20461306,0.0,0.0
SNAP91,0.008819629,0.0,0.0
SNAPC1,0.19651322,0.0,0.0
SNAPC2,0.06080809,0.0,0.0
SNAPC3,0.08050741,0.0,-1.0
SNAPC4,0.18444598,0.0,0.0
SNAPC5,0.17997208,0.0,0.0
SNAPIN,0.09462875,0.0,0.0
SNAR-F,0.01768819,0.0,0.0
SNAR-G1,0.025075125,0.0,0.0
SNAR-G2,0.029155865,0.0,0.0
SNCA,0.4468631,0.0,-1.0
SNCAIP,0.3428791,0.0,-1.0
SNCB,0.07334559,0.0,0.0
SNCG,0.17787017,0.0,-1.0
SND1,0.29805315,0.0,1.0
SNF8,0.04147734,0.0,0.0
SNHG1,0.13024575,0.0,0.0
SNHG10,0.063440345,0.0,0.0
SNHG11,0.04088572,0.0,0.0
SNHG12,0.07206591,0.0,0.0
SNHG15,0.053598948,0.0,0.0
SNHG20,0.028614314,0.0,0.0
SNHG28,0.010921746,0.0,0.0
SNHG29,0.050497822,0.0,0.0
SNHG3,0.22456135,0.0,0.0
SNHG32,0.14365831,0.0,0.0
SNHG4,0.012132554,0.0,0.0
SNHG5,0.07907764,0.0,0.0
SNHG6,0.0019422311,0.0,0.0
SNHG7,0.05303659,0.0,0.0
SNHG9,0.06517821,0.0,0.0
SNIP1,0.32016748,0.0,0.0
SNORA1,0.025704505,0.0,0.0
SNORA10,0.034297455,0.0,0.0
SNORA11B,0.0034363351,0.0,0.0
SNORA13,0.007639476,0.0,0.0
SNORA16A,0.025535628,0.0,0.0
SNORA18,0.023635581,0.0,0.0
SNORA20,0.0021239503,0.0,0.0
SNORA25,0.0026137824,0.0,0.0
SNORA29,0.021258472,0.0,0.0
SNORA31,0.005470831,0.0,0.0
SNORA32,0.0034410593,0.0,0.0
SNORA33,0.050831452,0.0,0.0
SNORA36A,0.008906895,0.0,0.0
SNORA3A,0.0020525244,0.0,0.0
SNORA3B,0.0040019345,0.0,0.0
SNORA4,0.03038602,0.0,0.0
SNORA40,0.013282752,0.0,0.0
SNORA44,0.005201876,0.0,0.0
SNORA48,0.06608548,0.0,0.0
SNORA50C,0.03387247,0.0,0.0
SNORA51,0.026785653,0.0,0.0
SNORA56,0.0068028686,0.0,0.0
SNORA57,0.026782567,0.0,0.0
SNORA6,0.025976002,0.0,0.0
SNORA61,0.031550962,0.0,0.0
SNORA62,0.027418941,0.0,0.0
SNORA63,0.025907118,0.0,0.0
SNORA64,0.051088065,0.0,0.0
SNORA65,0.023876669,0.0,0.0
SNORA67,0.041477777,0.0,0.0
SNORA68,0.002802162,0.0,0.0
SNORA70,0.0076203775,0.0,0.0
SNORA71D,0.006654842,0.0,0.0
SNORA75,0.0023462533,0.0,0.0
SNORA78,0.04864858,0.0,0.0
SNORA7A,0.0007484672,0.0,0.0
SNORA8,0.01377438,0.0,0.0
SNORA81,0.024188893,0.0,0.0
SNORD10,0.045248315,0.0,0.0
SNORD100,0.027257772,0.0,0.0
SNORD101,0.03587631,0.0,0.0
SNORD104,0.04162225,0.0,0.0
SNORD105,0.068344735,0.0,0.0
SNORD105B,0.043964185,0.0,0.0
SNORD114-20,0.0074292836,0.0,0.0
SNORD114-21,0.0044745654,0.0,0.0
SNORD114-22,0.012605219,0.0,0.0
SNORD114-24,0.014325129,0.0,0.0
SNORD114-25,0.013006343,0.0,0.0
SNORD114-26,0.012512556,0.0,0.0
SNORD114-27,0.012963503,0.0,0.0
SNORD114-28,0.012512556,0.0,0.0
SNORD116-1,0.005297189,0.0,0.0
SNORD116-10,0.003532761,0.0,0.0
SNORD116-11,0.009112926,0.0,0.0
SNORD116-12,0.004366433,0.0,0.0
SNORD116-13,0.00464032,0.0,0.0
SNORD116-14,0.0054214797,0.0,0.0
SNORD116-15,0.0053603994,0.0,0.0
SNORD116-16,0.005111304,0.0,0.0
SNORD116-2,0.0054279007,0.0,0.0
SNORD116-3,0.008276869,0.0,0.0
SNORD116-4,0.0045103407,0.0,0.0
SNORD116-5,0.006373909,0.0,0.0
SNORD116-6,0.013278542,0.0,0.0
SNORD116-7,0.0028314432,0.0,0.0
SNORD116-8,0.010224847,0.0,0.0
SNORD116-9,0.007438037,0.0,0.0
SNORD12,0.074006565,0.0,0.0
SNORD124,0.031066505,0.0,0.0
SNORD12B,0.07398562,0.0,0.0
SNORD12C,0.106072426,0.0,0.0
SNORD17,0.05531433,0.0,0.0
SNORD1A,0.020080157,0.0,0.0
SNORD1B,0.0002903507,0.0,0.0
SNORD1C,0.029166529,0.0,0.0
SNORD2,0.03295908,0.0,0.0
SNORD20,0.0068546436,0.0,0.0
SNORD22,0.06425342,0.0,0.0
SNORD25,0.12551242,0.0,0.0
SNORD26,0.12357463,0.0,0.0
SNORD27,0.11047713,0.0,0.0
SNORD28,0.08714637,0.0,0.0
SNORD29,0.051393237,0.0,0.0
SNORD30,0.078071505,0.0,0.0
SNORD31,0.051656,0.0,0.0
SNORD32A,0.058879625,0.0,0.0
SNORD33,0.057504922,0.0,0.0
SNORD34,0.05414635,0.0,0.0
SNORD35A,0.054164395,0.0,0.0
SNORD35B,0.054618135,0.0,0.0
SNORD36A,0.007878582,0.0,0.0
SNORD36C,0.0040380126,0.0,0.0
SNORD37,0.00055770675,0.0,0.0
SNORD42A,0.021045681,0.0,0.0
SNORD42B,0.047345545,0.0,0.0
SNORD43,0.011208679,0.0,0.0
SNORD44,0.02062018,0.0,0.0
SNORD45A,0.006379005,0.0,0.0
SNORD45B,0.006379005,0.0,0.0
SNORD45C,0.006379005,0.0,0.0
SNORD47,0.025976002,0.0,0.0
SNORD48,0.12441983,0.0,0.0
SNORD49A,0.020117497,0.0,0.0
SNORD49B,0.020228166,0.0,0.0
SNORD4A,0.023604317,0.0,0.0
SNORD4B,0.021213576,0.0,0.0
SNORD5,0.030275354,0.0,0.0
SNORD50A,0.025976002,0.0,0.0
SNORD50B,0.026064077,0.0,0.0
SNORD52,0.05816527,0.0,0.0
SNORD54,0.010582564,0.0,0.0
SNORD55,0.032652855,0.0,0.0
SNORD56,0.002853656,0.0,0.0
SNORD57,0.014717015,0.0,0.0
SNORD59A,0.018964037,0.0,0.0
SNORD59B,0.012879507,0.0,0.0
SNORD6,0.026431385,0.0,0.0
SNORD60,0.06732724,0.0,0.0
SNORD65,0.016337905,0.0,0.0
SNORD72,0.054036945,0.0,0.0
SNORD74,0.09041352,0.0,0.0
SNORD75,0.032434672,0.0,0.0
SNORD76,0.04119611,0.0,0.0
SNORD77,0.026885508,0.0,0.0
SNORD78,0.035270277,0.0,0.0
SNORD79,0.040927205,0.0,0.0
SNORD80,0.025976002,0.0,0.0
SNORD81,0.03140766,0.0,0.0
SNORD82,0.0041240547,0.0,0.0
SNORD83A,0.06675773,0.0,0.0
SNORD83B,0.035446417,0.0,0.0
SNORD86,0.014748542,0.0,0.0
SNORD88A,0.0023579572,0.0,0.0
SNORD88B,0.0035899982,0.0,0.0
SNORD88C,0.027292436,0.0,0.0
SNORD95,0.0075428383,0.0,0.0
SNORD96A,0.00081486773,0.0,0.0
SNRK,0.20145325,0.0,-1.0
SNRNP200,0.28066114,0.0,-1.0
SNRNP25,0.034777354,0.0,0.0
SNRNP27,0.039955713,0.0,0.0
SNRNP35,0.011855277,0.0,-1.0
SNRNP40,0.17095363,0.0,0.0
SNRNP48,0.037063096,0.0,-1.0
SNRNP70,0.30923018,0.0,0.0
SNRPA,0.113383435,0.0,-1.0
SNRPA1,0.11867973,0.0,0.0
SNRPB,0.20014285,0.0,0.0
SNRPB2,0.059349734,0.0,0.0
SNRPC,0.09099608,0.0,0.0
SNRPD1,0.07136239,0.0,0.0
SNRPD2,0.05429742,0.0,-1.0
SNRPD2P1,0.030662844,0.0,0.0
SNRPD3,0.123951964,0.0,-1.0
SNRPE,0.101824276,0.0,0.0
SNRPEP2,0.007875873,0.0,0.0
SNRPF,0.040590923,0.0,0.0
SNRPG,0.07075457,0.0,0.0
SNRPN,0.15847877,0.0,-1.0
SNTA1,0.4708251,0.0,-1.0
SNTB1,0.34173056,0.0,-1.0
SNTB2,0.4185312,0.0,-1.0
SNTG1,0.1467796,0.0,0.0
SNU13,0.18134047,0.0,0.0
SNUPN,0.2168552,0.0,0.0
SNURF,0.08304987,0.0,-1.0
SNW1,0.647284,1.0,-1.0
SNX1,0.26953012,0.0,0.0
SNX10,0.002369722,0.0,0.0
SNX12,0.027677886,0.0,0.0
SNX13,0.17261074,0.0,0.0
SNX14,0.06373488,0.0,0.0
SNX15,0.014051902,0.0,0.0
SNX16,0.13458307,0.0,-1.0
SNX17,0.14550059,0.0,0.0
SNX18,0.11077089,0.0,0.0
SNX19,0.23360322,0.0,-1.0
SNX2,0.31821144,0.0,0.0
SNX20,0.060408186,0.0,-1.0
SNX22,0.21580169,0.0,0.0
SNX27,0.047221106,0.0,0.0
SNX29,0.007857669,0.0,-1.0
SNX29P2,0.013540133,0.0,0.0
SNX3,0.20924102,0.0,0.0
SNX32,0.08217479,0.0,0.0
SNX4,0.2657778,0.0,0.0
SNX5,0.10628281,0.0,-1.0
SNX6,0.31901526,0.0,0.0
SNX7,0.042172417,0.0,-1.0
SNX8,0.0762047,0.0,-1.0
SNX9,0.2843136,0.0,0.0
SOAT1,0.026593106,0.0,-1.0
SOAT2,0.028381914,0.0,0.0
SOBP,0.15387827,0.0,0.0
SOCS1,0.6219814,1.0,1.0
SOCS2,0.21330012,0.0,-1.0
SOCS3,0.5734776,1.0,1.0
SOCS4,0.06693136,0.0,0.0
SOCS5,0.05974244,0.0,0.0
SOCS6,0.21854317,0.0,-1.0
SOCS7,0.046938278,0.0,0.0
SOD1,0.23742855,0.0,-1.0
SOD2,0.14369029,0.0,-1.0
SOGA1,0.11220624,0.0,0.0
SOGA3,0.0085235685,0.0,0.0
SOHLH2,0.010481255,0.0,-1.0
SON,0.13935319,0.0,-1.0
SORBS1,0.25788322,0.0,0.0
SORBS2,0.40416273,0.0,-1.0
SORBS3,0.30733493,0.0,0.0
SORCS2,0.010140013,0.0,-1.0
SORD,0.06815253,0.0,0.0
SORL1,0.21856421,0.0,-1.0
SORT1,0.16688874,0.0,-1.0
SOS1,0.80844074,1.0,1.0
SOS2,0.2902121,0.0,-1.0
SOST,0.038337864,0.0,-1.0
SOSTDC1,0.067771815,0.0,0.0
SOWAHC,0.027390752,0.0,0.0
SOX1,0.23886181,0.0,0.0
SOX10,0.4039982,0.0,-1.0
SOX12,0.08599681,0.0,0.0
SOX13,0.08156915,0.0,0.0
SOX14,0.14485843,0.0,0.0
SOX15,0.048739806,0.0,0.0
SOX17,0.32545575,0.0,1.0
SOX18,0.10368683,0.0,0.0
SOX2,0.30686805,0.0,1.0
SOX3,0.004096854,0.0,-1.0
SOX30,0.19948703,0.0,0.0
SOX4,0.17681795,0.0,-1.0
SOX5,0.098969355,0.0,-1.0
SOX6,0.25504962,0.0,0.0
SOX8,0.17168914,0.0,-1.0
SOX9,0.22214565,0.0,1.0
SP1,0.7628564,1.0,-1.0
SP100,0.31987873,0.0,0.0
SP110,0.1347871,0.0,-1.0
SP140,0.18910085,0.0,1.0
SP2,0.13521756,0.0,0.0
SP3,0.30915186,0.0,0.0
SP4,0.13246427,0.0,0.0
SP5,0.11571952,0.0,0.0
SP8,0.1560158,0.0,-1.0
SP9,0.1591295,0.0,0.0
SPA17,0.092310384,0.0,-1.0
SPACA6,0.012710788,0.0,0.0
SPACA9,0.06603034,0.0,0.0
SPAG1,0.011186498,0.0,0.0
SPAG16,0.05953719,0.0,0.0
SPAG4,0.0743617,0.0,0.0
SPAG5,0.14754397,0.0,0.0
SPAG7,0.16818675,0.0,0.0
SPAG8,0.016616942,0.0,0.0
SPAG9,0.13611759,0.0,0.0
SPARC,0.35562685,0.0,-1.0
SPARCL1,0.10902269,0.0,0.0
SPART,0.2716732,0.0,-1.0
SPAST,0.024606325,0.0,-1.0
SPATA12,0.012826569,0.0,0.0
SPATA2,0.19214432,0.0,0.0
SPATA20,0.039804116,0.0,0.0
SPATA24,0.0022559294,0.0,0.0
SPATA25,0.017235637,0.0,0.0
SPATA2L,0.041720413,0.0,0.0
SPATA3,0.008742289,0.0,0.0
SPATA33,0.007826767,0.0,0.0
SPATA41,0.03968706,0.0,0.0
SPATA46,0.09437963,0.0,0.0
SPATA5,0.032130115,0.0,0.0
SPATA5L1,0.015362766,0.0,-1.0
SPATA6L,0.018312905,0.0,0.0
SPATC1,0.14979917,0.0,0.0
SPATC1L,0.055564992,0.0,-1.0
SPATS2,0.017113753,0.0,0.0
SPATS2L,0.08140059,0.0,0.0
SPC24,0.11944678,0.0,0.0
SPC25,0.13526854,0.0,0.0
SPCS1,0.1124462,0.0,0.0
SPCS2,0.055731926,0.0,0.0
SPDEF,0.14417389,0.0,0.0
SPDL1,0.05045223,0.0,0.0
SPDYA,0.020328293,0.0,0.0
SPECC1L,0.08824136,0.0,0.0
SPEF1,0.02116371,0.0,0.0
SPEF2,0.07519714,0.0,0.0
SPEG,0.43381277,0.0,-1.0
SPEN,0.22062828,0.0,1.0
SPEN-AS1,0.010921746,0.0,0.0
SPG11,0.06620004,0.0,-1.0
SPG21,0.14663717,0.0,-1.0
SPG7,0.1137131,0.0,-1.0
SPHK1,0.0666022,0.0,-1.0
SPHK2,0.035425622,0.0,0.0
SPI1,0.80383694,1.0,-1.0
SPIB,0.19214752,0.0,-1.0
SPIC,0.02267296,0.0,0.0
SPICE1,0.007974449,0.0,0.0
SPIDR,0.010921746,0.0,0.0
SPIN1,0.04352816,0.0,0.0
SPINK1,0.050572395,0.0,-1.0
SPINK7,0.0024659978,0.0,-1.0
SPINT1,0.0008979373,0.0,-1.0
SPINT2,0.03245584,0.0,-1.0
SPIRE1,0.06846921,0.0,0.0
SPIRE2,0.055005707,0.0,0.0
SPN,0.281792,0.0,-1.0
SPNS1,0.06991406,0.0,0.0
SPOCD1,0.067012995,0.0,0.0
SPOCK2,0.0010376184,0.0,0.0
SPOCK3,0.001068945,0.0,0.0
SPOP,0.5554708,1.0,1.0
SPOPL,0.01496353,0.0,0.0
SPP1,0.10155951,0.0,-1.0
SPPL2A,0.0073575256,0.0,0.0
SPPL2B,0.020972414,0.0,-1.0
SPPL3,0.02900102,0.0,-1.0
SPR,0.021377245,0.0,0.0
SPRED1,0.101222485,0.0,1.0
SPRED2,0.12204238,0.0,0.0
SPRED3,0.0054967217,0.0,0.0
SPRING1,0.01188302,0.0,0.0
SPRR2C,0.0038333156,0.0,0.0
SPRTN,0.020743245,0.0,1.0
SPRY1,0.12442401,0.0,-1.0
SPRY2,0.26442435,0.0,-1.0
SPRY3,0.016527278,0.0,-1.0
SPRY4,0.08966641,0.0,0.0
SPRYD3,0.07669021,0.0,0.0
SPRYD4,0.02351037,0.0,0.0
SPRYD7,0.023130855,0.0,0.0
SPSB1,0.17194857,0.0,0.0
SPSB2,0.0860979,0.0,0.0
SPSB3,0.050891496,0.0,0.0
SPSB4,0.0149314655,0.0,0.0
SPTA1,0.7485848,1.0,-1.0
SPTAN1,0.82340604,1.0,-1.0
SPTB,0.55163884,1.0,-1.0
SPTBN1,0.6579976,1.0,0.0
SPTBN2,0.26764748,0.0,-1.0
SPTBN4,0.22694893,0.0,-1.0
SPTLC1,0.10161103,0.0,-1.0
SPTLC2,0.11669649,0.0,-1.0
SPTLC3,0.09553422,0.0,0.0
SPTSSA,0.042206626,0.0,0.0
SPTY2D1,0.06824195,0.0,0.0
SPZ1,0.009704118,0.0,0.0
SQLE,0.07413331,0.0,0.0
SQOR,0.004235367,0.0,-1.0
SQSTM1,0.24214108,0.0,-1.0
SRA1,0.25367188,0.0,0.0
SRARP,0.019786093,0.0,-1.0
SRBD1,0.055899013,0.0,0.0
SRC,0.92557573,1.0,1.0
SRCAP,0.2715194,0.0,-1.0
SRCIN1,0.12432939,0.0,0.0
SRD5A1,0.012706565,0.0,0.0
SRD5A3,0.0379487,0.0,0.0
SREBF1,0.5131702,1.0,0.0
SREBF2,0.6364193,1.0,0.0
SREK1,0.032464933,0.0,0.0
SREK1IP1,0.017346226,0.0,0.0
SRF,0.5309016,1.0,0.0
SRFBP1,0.0209226,0.0,0.0
SRGAP1,0.07478697,0.0,0.0
SRGAP2,0.11215385,0.0,0.0
SRGN,0.05554642,0.0,0.0
SRI,0.18822342,0.0,-1.0
SRM,0.04566391,0.0,0.0
SRP14,0.061946776,0.0,0.0
SRP19,0.06426599,0.0,0.0
SRP54,0.058717996,0.0,0.0
SRP68,0.014019371,0.0,0.0
SRP72,0.06853569,0.0,0.0
SRP9,0.059339404,0.0,0.0
SRPK1,0.3226729,0.0,0.0
SRPK2,0.37225053,0.0,-1.0
SRPRA,0.014068144,0.0,0.0
SRPRB,0.16469775,0.0,0.0
SRPX,0.04491209,0.0,-1.0
SRR,0.053341392,0.0,0.0
SRRM1,0.3682929,0.0,0.0
SRRM2,0.4484782,0.0,0.0
SRRM3,0.18178642,0.0,0.0
SRRM4,0.038645033,0.0,0.0
SRRT,0.09940687,0.0,-1.0
SRSF1,0.26845822,0.0,-1.0
SRSF10,0.17274117,0.0,0.0
SRSF11,0.13648039,0.0,0.0
SRSF2,0.14525414,0.0,1.0
SRSF3,0.17274539,0.0,1.0
SRSF4,0.17823729,0.0,0.0
SRSF5,0.083588295,0.0,-1.0
SRSF6,0.123405986,0.0,-1.0
SRSF7,0.110841036,0.0,0.0
SRSF8,0.014583004,0.0,0.0
SRSF9,0.04334175,0.0,-1.0
SRXN1,0.23413323,0.0,-1.0
SRY,0.22534126,0.0,-1.0
SS18,0.1525863,0.0,1.0
SS18L1,0.21980207,0.0,1.0
SS18L2,0.022051383,0.0,0.0
SSB,0.16008377,0.0,-1.0
SSBP1,0.06037695,0.0,-1.0
SSBP2,0.15820064,0.0,-1.0
SSBP3,0.25327292,0.0,-1.0
SSBP4,0.26860315,0.0,-1.0
SSH1,0.14086892,0.0,-1.0
SSH2,0.045040444,0.0,0.0
SSH3,0.080078825,0.0,-1.0
SSMEM1,0.011115715,0.0,0.0
SSNA1,0.06879439,0.0,0.0
SSPN,0.054329354,0.0,-1.0
SSR1,0.07630115,0.0,0.0
SSR2,0.013760059,0.0,0.0
SSR3,0.05728006,0.0,0.0
SSR4,0.14299679,0.0,0.0
SSR4P1,0.013792873,0.0,0.0
SSRP1,0.28599355,0.0,0.0
SST,0.0008436695,0.0,0.0
SSTR1,0.011646028,0.0,0.0
SSTR2,0.0027340723,0.0,-1.0
SSTR3,0.0001315007,0.0,0.0
SSTR4,0.002736286,0.0,0.0
SSTR5,0.018697748,0.0,0.0
SSU72,0.08943716,0.0,0.0
SSUH2,0.011773027,0.0,0.0
SSX1,0.024332521,0.0,1.0
SSX2,0.2617963,0.0,1.0
SSX2IP,0.09809142,0.0,-1.0
SSX3,0.21556067,0.0,0.0
SSX4,0.21059495,0.0,1.0
SSX5,0.10386277,0.0,0.0
ST13,0.18097961,0.0,-1.0
ST14,0.00036181076,0.0,-1.0
ST18,0.0077976133,0.0,0.0
ST20,0.02119483,0.0,0.0
ST20-AS1,0.015184799,0.0,0.0
ST3GAL1,0.020635791,0.0,0.0
ST3GAL2,0.05378814,0.0,0.0
ST3GAL3,0.04875949,0.0,-1.0
ST3GAL5,0.040062416,0.0,0.0
ST3GAL6,0.05927325,0.0,-1.0
ST6GAL1,0.11217914,0.0,-1.0
ST6GALNAC1,0.000166201,0.0,-1.0
ST6GALNAC2,0.00034321082,0.0,0.0
ST6GALNAC6,0.009139674,0.0,0.0
ST7,0.05667473,0.0,0.0
ST7L,0.008129152,0.0,0.0
ST8SIA2,0.021193584,0.0,0.0
ST8SIA3,0.0056306045,0.0,0.0
ST8SIA4,0.021146264,0.0,-1.0
STAB1,0.40780815,0.0,-1.0
STAB2,0.19228269,0.0,0.0
STAC3,0.12733485,0.0,0.0
STAG1,0.16075729,0.0,1.0
STAG2,0.20350087,0.0,1.0
STAG3,0.11205886,0.0,-1.0
STAG3L4,0.01278261,0.0,0.0
STAM,0.27654433,0.0,0.0
STAM2,0.19549021,0.0,-1.0
STAMBP,0.15145075,0.0,0.0
STAMBPL1,0.20388268,0.0,0.0
STAP1,0.0594762,0.0,0.0
STAP2,0.06335851,0.0,0.0
STAR,0.1860769,0.0,-1.0
STARD10,0.08632728,0.0,-1.0
STARD13,0.3526441,0.0,-1.0
STARD3,0.040241506,0.0,-1.0
STARD4,0.058076374,0.0,0.0
STARD7,0.02290738,0.0,0.0
STARD8,0.020690773,0.0,-1.0
STARD9,0.045208726,0.0,0.0
STAT1,0.7800121,1.0,-1.0
STAT2,0.49062085,0.0,-1.0
STAT3,0.9138137,1.0,1.0
STAT4,0.17682211,0.0,-1.0
STAT5A,0.79182327,1.0,1.0
STAT5B,0.5546186,1.0,1.0
STAT6,0.5849132,1.0,1.0
STATH,0.00055083423,0.0,0.0
STAU1,0.25456774,0.0,0.0
STAU2,0.009127552,0.0,0.0
STBD1,0.029402317,0.0,0.0
STC1,0.018127037,0.0,-1.0
STC2,0.16931881,0.0,0.0
STEAP1,0.02744908,0.0,-1.0
STEAP2,0.04065101,0.0,-1.0
STEAP3,0.13804555,0.0,0.0
STEAP4,0.031739105,0.0,0.0
STEEP1,0.014147231,0.0,0.0
STIL,0.09675784,0.0,1.0
STIM1,0.029701687,0.0,-1.0
STIM2,0.050117582,0.0,-1.0
STING1,0.061496947,0.0,0.0
STIP1,0.2889458,0.0,0.0
STK10,0.43940488,0.0,-1.0
STK11,0.46293905,0.0,1.0
STK11IP,0.06546357,0.0,-1.0
STK16,0.45256037,0.0,0.0
STK17A,0.40404946,0.0,0.0
STK17B,0.044535913,0.0,0.0
STK19,0.37970874,0.0,1.0
STK24,0.40042734,0.0,0.0
STK25,0.22626819,0.0,0.0
STK26,0.21522535,0.0,-1.0
STK3,0.3640269,0.0,0.0
STK31,0.18574741,0.0,-1.0
STK32A,0.35978523,0.0,0.0
STK32B,0.25903666,0.0,0.0
STK32C,0.021520521,0.0,0.0
STK33,0.2355423,0.0,0.0
STK35,0.037963673,0.0,0.0
STK36,0.39207423,0.0,0.0
STK38,0.32346925,0.0,0.0
STK38L,0.2964508,0.0,-1.0
STK39,0.20113969,0.0,0.0
STK4,0.5112956,1.0,-1.0
STK40,0.33361185,0.0,-1.0
STKLD1,0.22940852,0.0,0.0
STMN1,0.08167223,0.0,-1.0
STMN2,0.20905265,0.0,0.0
STMN3,0.13072984,0.0,0.0
STMN4,0.1949528,0.0,0.0
STMP1,0.033406083,0.0,0.0
STN1,0.18798564,0.0,0.0
STOM,0.20684856,0.0,0.0
STOML1,0.004338611,0.0,0.0
STOML2,0.036246516,0.0,-1.0
STON1,0.100376,0.0,0.0
STON2,0.07245479,0.0,0.0
STRA6,0.0031548655,0.0,0.0
STRADA,0.33726573,0.0,-1.0
STRADB,0.051162124,0.0,0.0
STRAP,0.20885608,0.0,-1.0
STRBP,0.09824451,0.0,0.0
STRIP1,0.21446615,0.0,0.0
STRIP2,0.16022092,0.0,0.0
STRN,0.3421899,0.0,1.0
STRN3,0.3596014,0.0,0.0
STRN4,0.28697404,0.0,0.0
STS,0.04146085,0.0,-1.0
STT3A,0.069978915,0.0,0.0
STUB1,0.7133589,1.0,-1.0
STX10,0.107678205,0.0,0.0
STX11,0.1111788,0.0,-1.0
STX12,0.072309636,0.0,0.0
STX16,0.06586823,0.0,-1.0
STX17,0.030858798,0.0,0.0
STX18,0.048324842,0.0,0.0
STX1A,0.10894051,0.0,0.0
STX1B,0.12706281,0.0,0.0
STX2,0.16373415,0.0,-1.0
STX3,0.09563843,0.0,0.0
STX4,0.15553665,0.0,-1.0
STX5,0.17335762,0.0,0.0
STX6,0.052424155,0.0,0.0
STX7,0.03260892,0.0,0.0
STX8,0.03918206,0.0,0.0
STXBP1,0.16835612,0.0,-1.0
STXBP2,0.07215262,0.0,-1.0
STXBP3,0.1724017,0.0,0.0
STXBP4,0.05184753,0.0,0.0
STXBP5,0.034914725,0.0,0.0
STXBP5L,0.020531664,0.0,0.0
STXBP6,0.055448696,0.0,0.0
STYK1,0.18295681,0.0,-1.0
STYXL1,0.03162103,0.0,0.0
SUB1,0.16197972,0.0,0.0
SUCLA2,0.2108184,0.0,0.0
SUCLG1,0.29022285,0.0,-1.0
SUCLG2,0.28306034,0.0,-1.0
SUCO,0.016854944,0.0,0.0
SUDS3,0.16779572,0.0,0.0
SUFU,0.342578,0.0,1.0
SUGCT,0.014583004,0.0,-1.0
SUGP1,0.02722833,0.0,0.0
SUGP2,0.033641957,0.0,0.0
SUGT1,0.06182459,0.0,0.0
SULF2,0.061477315,0.0,-1.0
SULT1A1,0.058336623,0.0,0.0
SULT1A2,0.055371966,0.0,0.0
SULT1B1,0.02073815,0.0,-1.0
SULT1C2,0.020992259,0.0,0.0
SULT1E1,0.06163419,0.0,0.0
SULT2A1,0.11375821,0.0,0.0
SULT2B1,0.1411954,0.0,-1.0
SULT4A1,0.025479643,0.0,0.0
SUMF1,0.033303075,0.0,-1.0
SUMF2,0.13543724,0.0,0.0
SUMO1,0.47259927,0.0,0.0
SUMO1P1,0.023539118,0.0,0.0
SUMO2,0.71757126,1.0,0.0
SUMO3,0.576065,1.0,0.0
SUMO4,0.13147786,0.0,0.0
SUN2,0.15475251,0.0,0.0
SUN5,0.05749218,0.0,0.0
SUOX,0.10659319,0.0,0.0
SUPT16H,0.31263945,0.0,0.0
SUPT20H,0.20116732,0.0,0.0
SUPT3H,0.34278688,0.0,-1.0
SUPT4H1,0.07649143,0.0,0.0
SUPT5H,0.2760941,0.0,0.0
SUPT6H,0.19111542,0.0,0.0
SUPT7L,0.23057692,0.0,-1.0
SUPV3L1,0.037148807,0.0,0.0
SURF2,0.008070332,0.0,0.0
SURF4,0.036198575,0.0,0.0
SURF6,0.0374014,0.0,0.0
SUSD2,0.031516187,0.0,0.0
SUV39H1,0.6950598,1.0,-1.0
SUV39H2,0.47132754,0.0,0.0
SUZ12,0.9167379,1.0,1.0
SV2B,0.010728962,0.0,0.0
SV2C,0.01728487,0.0,0.0
SVBP,0.047100835,0.0,0.0
SVIL,0.21977097,0.0,0.0
SVIP,0.076347604,0.0,0.0
SVOP,0.0012108866,0.0,0.0
SWAP70,0.06964383,0.0,-1.0
SWI5,0.016874293,0.0,0.0
SWSAP1,0.021706542,0.0,0.0
SWT1,0.02382332,0.0,0.0
SYBU,0.05735481,0.0,0.0
SYCE2,0.041301496,0.0,0.0
SYCP2,0.115996554,0.0,0.0
SYCP3,0.034134682,0.0,0.0
SYDE2,0.005514732,0.0,0.0
SYF2,0.033365987,0.0,-1.0
SYK,0.67720217,1.0,1.0
SYMPK,0.046686668,0.0,0.0
SYN1,0.52981263,1.0,0.0
SYN2,0.28423512,0.0,-1.0
SYN3,0.226312,0.0,0.0
SYNC,0.046735834,0.0,0.0
SYNCRIP,0.33545575,0.0,-1.0
SYNDIG1L,0.0085235685,0.0,0.0
SYNE1,0.705022,1.0,-1.0
SYNE2,0.34638378,0.0,-1.0
SYNE3,0.045628175,0.0,-1.0
SYNGAP1,0.14101964,0.0,-1.0
SYNGR4,0.038594738,0.0,0.0
SYNJ1,0.44648126,0.0,0.0
SYNJ2,0.5665062,1.0,0.0
SYNJ2BP,0.22377414,0.0,0.0
SYNM,0.120491564,0.0,0.0
SYNPO,0.14249046,0.0,0.0
SYNPO2,0.11843638,0.0,-1.0
SYNRG,0.13729705,0.0,-1.0
SYP,0.19905631,0.0,-1.0
SYPL1,0.026427494,0.0,0.0
SYS1,0.03683339,0.0,0.0
SYS1-DBNDD2,0.03973989,0.0,0.0
SYT1,0.06976588,0.0,0.0
SYT11,0.13493076,0.0,0.0
SYT13,0.07535936,0.0,0.0
SYT14,0.0012553661,0.0,-1.0
SYT15,0.12988622,0.0,0.0
SYT16,0.0007351065,0.0,0.0
SYT17,0.06782806,0.0,0.0
SYT2,0.02730588,0.0,0.0
SYT3,0.06982171,0.0,0.0
SYT4,0.032731447,0.0,-1.0
SYT5,0.024465071,0.0,0.0
SYT7,0.02707778,0.0,0.0
SYT8,0.05528539,0.0,0.0
SYT9,0.050046954,0.0,0.0
SYTL1,0.29285207,0.0,-1.0
SYTL2,0.2063848,0.0,-1.0
SYTL3,0.11760052,0.0,-1.0
SYTL4,0.24019577,0.0,-1.0
SYTL5,0.09521883,0.0,-1.0
SYVN1,0.21578234,0.0,0.0
SZRD1,0.016603064,0.0,0.0
SZT2,0.007242001,0.0,0.0
TAB1,0.35725743,0.0,0.0
TAB2,0.32320917,0.0,0.0
TAB3,0.09037914,0.0,-1.0
TAC1,0.14478812,0.0,-1.0
TAC3,0.19670536,0.0,0.0
TAC4,0.009771087,0.0,0.0
TACC1,0.26334736,0.0,-1.0
TACC2,0.24313435,0.0,-1.0
TACC3,0.23701385,0.0,-1.0
TACO1,0.008700192,0.0,-1.0
TACR1,0.2905777,0.0,0.0
TACR2,0.259896,0.0,0.0
TACR3,0.3486481,0.0,0.0
TACSTD2,0.014668726,0.0,-1.0
TADA1,0.21985939,0.0,0.0
TADA2A,0.44611022,0.0,0.0
TADA2B,0.06714491,0.0,0.0
TADA3,0.42257047,0.0,0.0
TAF1,0.6494064,1.0,-1.0
TAF10,0.47456187,0.0,0.0
TAF11,0.20873018,0.0,-1.0
TAF12,0.22733805,0.0,0.0
TAF13,0.20076947,0.0,0.0
TAF15,0.253946,0.0,1.0
TAF1A,0.28957638,0.0,0.0
TAF1B,0.365143,0.0,0.0
TAF1C,0.17757805,0.0,0.0
TAF1D,0.17267326,0.0,0.0
TAF1L,0.15527882,0.0,-1.0
TAF2,0.16946886,0.0,0.0
TAF3,0.1731671,0.0,0.0
TAF4,0.25557277,0.0,-1.0
TAF4B,0.062733926,0.0,0.0
TAF5,0.1654205,0.0,0.0
TAF5L,0.23275802,0.0,0.0
TAF6,0.4091229,0.0,0.0
TAF6L,0.1754174,0.0,0.0
TAF7,0.5095507,1.0,0.0
TAF7L,0.05123108,0.0,0.0
TAF8,0.109370574,0.0,0.0
TAF9,0.33034706,0.0,0.0
TAF9B,0.16018054,0.0,0.0
TAFA2,0.019788425,0.0,0.0
TAFA3,0.0051078396,0.0,0.0
TAFA5,0.0012209876,0.0,0.0
TAFAZZIN,0.13828616,0.0,-1.0
TAGLN,0.100027576,0.0,-1.0
TAGLN2,0.15097454,0.0,0.0
TAL1,0.78753984,1.0,1.0
TAL2,0.4459443,0.0,1.0
TALDO1,0.10110214,0.0,-1.0
TAMM41,0.014583004,0.0,-1.0
TANGO2,0.12625906,0.0,0.0
TANGO6,0.009159469,0.0,0.0
TANK,0.34643185,0.0,0.0
TAOK1,0.16175485,0.0,0.0
TAOK2,0.10986222,0.0,0.0
TAOK3,0.1206787,0.0,0.0
TAP1,0.23095942,0.0,-1.0
TAP2,0.20074384,0.0,-1.0
TAPBP,0.24075083,0.0,0.0
TAPBPL,0.062479142,0.0,0.0
TARBP1,0.013276936,0.0,0.0
TARBP2,0.13555871,0.0,0.0
TARDBP,0.17950216,0.0,-1.0
TARS1,0.26033077,0.0,0.0
TARS2,0.052503835,0.0,0.0
TAS1R1,0.019195758,0.0,0.0
TAS1R2,0.0033011138,0.0,0.0
TAS1R3,0.006605974,0.0,0.0
TAS2R13,0.18542296,0.0,0.0
TAS2R40,0.0033663071,0.0,0.0
TAS2R5,0.019948892,0.0,0.0
TASOR,0.009048159,0.0,0.0
TASOR2,0.035633594,0.0,0.0
TASP1,0.0476569,0.0,0.0
TAT,0.17532343,0.0,-1.0
TATDN1,0.003983589,0.0,0.0
TATDN2,0.03094749,0.0,0.0
TATDN3,0.071933,0.0,0.0
TAX1BP1,0.23373039,0.0,0.0
TAX1BP3,0.08873626,0.0,0.0
TBC1D1,0.11737294,0.0,0.0
TBC1D10A,0.038938865,0.0,-1.0
TBC1D10B,0.2263015,0.0,0.0
TBC1D14,0.026147908,0.0,0.0
TBC1D15,0.07477585,0.0,0.0
TBC1D17,0.14737606,0.0,0.0
TBC1D2,0.115396276,0.0,0.0
TBC1D20,0.018589236,0.0,0.0
TBC1D22A,0.10761915,0.0,-1.0
TBC1D22B,0.023428159,0.0,0.0
TBC1D25,0.03985834,0.0,0.0
TBC1D2B,0.057261273,0.0,0.0
TBC1D31,0.014279235,0.0,0.0
TBC1D3F,0.10097637,0.0,0.0
TBC1D4,0.051230066,0.0,0.0
TBC1D5,0.07533154,0.0,0.0
TBC1D7,0.11515649,0.0,-1.0
TBC1D8,0.09288669,0.0,0.0
TBC1D9,0.07461533,0.0,0.0
TBCB,0.035192464,0.0,0.0
TBCC,0.017661,0.0,0.0
TBCCD1,0.029571922,0.0,0.0
TBCD,0.07415295,0.0,-1.0
TBCK,0.27951196,0.0,0.0
TBK1,0.49919516,0.0,-1.0
TBKBP1,0.0499628,0.0,-1.0
TBL1X,0.44750065,0.0,-1.0
TBL1XR1,0.32311356,0.0,1.0
TBL2,0.058913328,0.0,-1.0
TBL3,0.1762536,0.0,0.0
TBP,0.7405173,1.0,-1.0
TBPL1,0.17336872,0.0,0.0
TBPL2,0.24934623,0.0,0.0
TBR1,0.23823579,0.0,-1.0
TBRG1,0.045016874,0.0,0.0
TBRG4,0.23206602,0.0,0.0
TBX1,0.18886851,0.0,-1.0
TBX10,0.014099912,0.0,0.0
TBX15,0.0621843,0.0,0.0
TBX19,0.13660513,0.0,0.0
TBX2,0.16983901,0.0,-1.0
TBX20,0.29890257,0.0,-1.0
TBX21,0.21741073,0.0,-1.0
TBX22,0.0013599459,0.0,-1.0
TBX3,0.32055742,0.0,1.0
TBX4,0.16293,0.0,-1.0
TBX5,0.4193676,0.0,0.0
TBX6,0.037094794,0.0,0.0
TBXA2R,0.106939375,0.0,0.0
TBXAS1,0.10720217,0.0,0.0
TCAF1,0.10160346,0.0,-1.0
TCAM1P,0.037755594,0.0,0.0
TCAP,0.16261461,0.0,-1.0
TCEA1,0.2671895,0.0,1.0
TCEA2,0.25010982,0.0,0.0
TCEAL1,0.1347049,0.0,0.0
TCEAL2,0.03803598,0.0,0.0
TCEAL4,0.0370446,0.0,0.0
TCEAL6,0.20170718,0.0,-1.0
TCEAL9,0.049745332,0.0,0.0
TCEANC,0.071733534,0.0,0.0
TCEANC2,0.019516425,0.0,0.0
TCERG1,0.34398693,0.0,-1.0
TCF12,0.91470784,1.0,1.0
TCF19,0.1445626,0.0,0.0
TCF20,0.10570602,0.0,0.0
TCF21,0.19202028,0.0,-1.0
TCF23,0.0071913027,0.0,0.0
TCF25,0.029120577,0.0,0.0
TCF3,0.62773514,1.0,1.0
TCF4,0.61420316,1.0,-1.0
TCF7,0.08259762,0.0,-1.0
TCF7L1,0.2476777,0.0,-1.0
TCF7L2,0.34267947,0.0,1.0
TCFL5,0.0144747095,0.0,0.0
TCHH,0.028793992,0.0,-1.0
TCHP,0.1256654,0.0,0.0
TCIM,0.088465326,0.0,0.0
TCL1A,0.14830317,0.0,1.0
TCL1B,0.049703047,0.0,1.0
TCN2,0.05443016,0.0,0.0
TCOF1,0.17874241,0.0,-1.0
TCP1,0.43505636,0.0,0.0
TCP10L,0.026699739,0.0,0.0
TCP11,0.069041386,0.0,-1.0
TCP11L1,0.04349863,0.0,0.0
TCP11L2,0.061708514,0.0,-1.0
TCTA,0.004074605,0.0,-1.0
TCTN3,0.031963304,0.0,0.0
TDG,0.4961217,0.0,-1.0
TDGF1,0.09876062,0.0,-1.0
TDH,0.04926073,0.0,0.0
TDO2,0.021943586,0.0,0.0
TDP1,0.08958847,0.0,-1.0
TDP2,0.2380571,0.0,0.0
TDRD1,0.02543966,0.0,-1.0
TDRD10,0.17669818,0.0,-1.0
TDRD3,0.03416584,0.0,0.0
TDRD6,0.06431586,0.0,0.0
TDRD7,0.16517033,0.0,0.0
TDRG1,0.0055121747,0.0,0.0
TDRKH,0.07541229,0.0,0.0
TEAD1,0.16657013,0.0,0.0
TEAD2,0.060010247,0.0,0.0
TEAD3,0.23843381,0.0,0.0
TEAD4,0.044285454,0.0,0.0
TEC,0.5573685,1.0,1.0
TECPR1,0.039475776,0.0,0.0
TECPR2,0.010376938,0.0,0.0
TECR,0.06907803,0.0,-1.0
TEDC1,0.082604535,0.0,0.0
TEDC2,0.022060875,0.0,-1.0
TEF,0.0017676314,0.0,0.0
TEFM,0.019931145,0.0,0.0
TEK,0.007939684,0.0,-1.0
TEKT1,0.012503758,0.0,0.0
TEKT4,0.14178714,0.0,0.0
TELO2,0.2885643,0.0,0.0
TEN1,0.011773027,0.0,0.0
TENT4A,0.034953702,0.0,0.0
TENT4B,0.009029086,0.0,-1.0
TENT5B,0.049430043,0.0,0.0
TENT5C,0.17331553,0.0,1.0
TENT5D,0.0033172306,0.0,-1.0
TEP1,0.42506924,0.0,-1.0
TEPP,0.015038228,0.0,0.0
TEPSIN,0.04047414,0.0,0.0
TERC,0.055117797,0.0,-1.0
TERF1,0.59118885,1.0,0.0
TERF2,0.5561874,1.0,-1.0
TERF2IP,0.35648027,0.0,0.0
TERT,0.58567274,1.0,1.0
TES,0.13073947,0.0,0.0
TESC,0.14118138,0.0,-1.0
TESK1,0.065569595,0.0,0.0
TESK2,0.24486174,0.0,0.0
TESPA1,0.015092179,0.0,0.0
TET2,0.5451432,1.0,1.0
TEX10,0.10690654,0.0,0.0
TEX11,0.088746265,0.0,0.0
TEX14,0.07538297,0.0,-1.0
TEX19,0.0008040097,0.0,0.0
TEX2,0.0075383494,0.0,0.0
TEX261,0.022009594,0.0,0.0
TEX28,0.034547284,0.0,0.0
TEX30,0.010921746,0.0,0.0
TEX37,0.05942737,0.0,0.0
TEX9,0.007962621,0.0,0.0
TF,0.29391178,0.0,0.0
TFAM,0.098730214,0.0,0.0
TFAP2A,0.56705034,1.0,-1.0
TFAP2B,0.21248671,0.0,-1.0
TFAP2C,0.36626372,0.0,-1.0
TFAP2D,0.17543092,0.0,-1.0
TFAP2E,0.070937164,0.0,0.0
TFAP4,0.03161138,0.0,-1.0
TFB1M,0.023055611,0.0,0.0
TFB2M,0.033804234,0.0,0.0
TFCP2,0.09795486,0.0,0.0
TFCP2L1,0.014744607,0.0,0.0
TFDP1,0.2343665,0.0,-1.0
TFDP2,0.1413671,0.0,-1.0
TFE3,0.25118867,0.0,1.0
TFEB,0.12221316,0.0,1.0
TFEC,0.03844138,0.0,0.0
TFF1,0.030247595,0.0,-1.0
TFF2,0.07884869,0.0,-1.0
TFG,0.22111207,0.0,1.0
TFIP11,0.06567892,0.0,0.0
TFPI,0.05908336,0.0,-1.0
TFPT,0.15918218,0.0,-1.0
TFR2,0.09795632,0.0,-1.0
TFRC,0.19086073,0.0,-1.0
TG,0.31990695,0.0,-1.0
TGFA,0.12641166,0.0,-1.0
TGFB1,0.38115764,0.0,-1.0
TGFB1I1,0.31664655,0.0,0.0
TGFB2,0.23080565,0.0,-1.0
TGFB3,0.07117588,0.0,-1.0
TGFBI,0.2238352,0.0,-1.0
TGFBR1,0.7208814,1.0,1.0
TGFBR2,0.53070563,1.0,1.0
TGFBR3,0.06312494,0.0,-1.0
TGFBRAP1,0.14374234,0.0,-1.0
TGIF1,0.37950692,0.0,-1.0
TGIF2,0.1032593,0.0,0.0
TGIF2LX,0.022759814,0.0,0.0
TGIF2LY,0.030946963,0.0,0.0
TGM1,0.06979536,0.0,-1.0
TGM2,0.31329328,0.0,-1.0
TGM3,0.07444923,0.0,0.0
TGOLN2,0.16584171,0.0,0.0
TGS1,0.19810732,0.0,-1.0
TH,0.07088084,0.0,-1.0
THADA,0.052723285,0.0,-1.0
THAP1,0.20379208,0.0,-1.0
THAP10,0.04745086,0.0,0.0
THAP11,0.025448184,0.0,0.0
THAP12,0.1244409,0.0,-1.0
THAP2,0.040982213,0.0,0.0
THAP3,0.054053474,0.0,0.0
THAP4,0.035519823,0.0,0.0
THAP5,0.048762415,0.0,-1.0
THAP6,0.013048335,0.0,0.0
THAP7,0.28152025,0.0,0.0
THAP8,0.10206063,0.0,0.0
THBD,0.032200925,0.0,-1.0
THBS1,0.33270487,0.0,-1.0
THBS2,0.08090205,0.0,-1.0
THEG,0.077719726,0.0,0.0
THEM4,0.04739562,0.0,0.0
THEM6,0.048174396,0.0,0.0
THG1L,0.015956419,0.0,0.0
THNSL1,0.04026358,0.0,0.0
THNSL2,0.09574234,0.0,0.0
THOC1,0.11676228,0.0,0.0
THOC3,0.05851715,0.0,0.0
THOC5,0.09522555,0.0,-1.0
THOC6,0.05459059,0.0,-1.0
THOC7,0.03919932,0.0,-1.0
THOP1,0.034181762,0.0,0.0
THPO,0.022689497,0.0,-1.0
THRA,0.7204222,1.0,-1.0
THRAP3,0.3214893,0.0,-1.0
THRB,0.5807266,1.0,-1.0
THSD1P1,0.008140633,0.0,0.0
THTPA,0.06147046,0.0,0.0
THUMPD1,0.076602645,0.0,0.0
THUMPD2,0.014894269,0.0,0.0
THUMPD3,0.0024530268,0.0,0.0
THY1,0.14929582,0.0,-1.0
THYN1,0.039565843,0.0,0.0
TIA1,0.15250395,0.0,-1.0
TIAF1,0.12384704,0.0,0.0
TIAL1,0.03910634,0.0,-1.0
TIAM1,0.43345356,0.0,-1.0
TICAM1,0.14304239,0.0,-1.0
TICAM2,0.22149852,0.0,-1.0
TICRR,0.031350847,0.0,0.0
TIE1,0.0068409843,0.0,-1.0
TIFA,0.22697881,0.0,0.0
TIGD1,0.030676156,0.0,0.0
TIGD2,0.025821663,0.0,0.0
TIGD3,0.04786601,0.0,-1.0
TIGD4,0.08938786,0.0,0.0
TIGD5,0.03655142,0.0,0.0
TIGD6,0.0013209035,0.0,0.0
TIMELESS,0.33189347,0.0,0.0
TIMM10,0.02961211,0.0,0.0
TIMM10B,0.018789785,0.0,0.0
TIMM13,0.05949983,0.0,0.0
TIMM17A,0.03806612,0.0,-1.0
TIMM17B,0.0069461497,0.0,0.0
TIMM21,0.022769036,0.0,0.0
TIMM22,0.030558797,0.0,0.0
TIMM23,0.03688106,0.0,0.0
TIMM29,0.021896735,0.0,0.0
TIMM44,0.1424809,0.0,0.0
TIMM50,0.17433792,0.0,0.0
TIMM8A,0.078010075,0.0,0.0
TIMM8B,0.010620867,0.0,0.0
TIMM9,0.0038392378,0.0,0.0
TIMMDC1,0.023430247,0.0,0.0
TIMP1,0.00793997,0.0,-1.0
TIMP2,0.027855461,0.0,-1.0
TIMP3,0.04191164,0.0,-1.0
TIMP4,0.0019100886,0.0,0.0
TINAGL1,0.042671572,0.0,0.0
TINF2,0.13025922,0.0,-1.0
TIPARP,0.068958074,0.0,-1.0
TIPIN,0.11983572,0.0,-1.0
TIPRL,0.13403125,0.0,0.0
TIRAP,0.43710247,0.0,-1.0
TJAP1,0.075958855,0.0,0.0
TJP1,0.5850447,1.0,-1.0
TJP2,0.49696556,0.0,-1.0
TJP3,0.10221117,0.0,0.0
TK1,0.21291645,0.0,-1.0
TK2,0.027812136,0.0,0.0
TKT,0.08034256,0.0,-1.0
TKTL1,0.14739256,0.0,0.0
TKTL2,0.16020663,0.0,-1.0
TLCD1,0.0870108,0.0,0.0
TLCD3A,0.001924483,0.0,-1.0
TLCD4,0.039979715,0.0,0.0
TLE1,0.75306207,1.0,-1.0
TLE2,0.39648497,0.0,-1.0
TLE3,0.14137028,0.0,-1.0
TLE4,0.105535306,0.0,-1.0
TLE5,0.38358787,0.0,0.0
TLK1,0.1427285,0.0,0.0
TLK2,0.1388344,0.0,0.0
TLN1,0.49484253,0.0,0.0
TLN2,0.04111379,0.0,0.0
TLR1,0.32705107,0.0,0.0
TLR10,0.08965394,0.0,0.0
TLR2,0.5209166,1.0,-1.0
TLR3,0.22768699,0.0,-1.0
TLR4,0.68631583,1.0,-1.0
TLR5,0.23175938,0.0,-1.0
TLR6,0.10775261,0.0,-1.0
TLR8,0.058491256,0.0,0.0
TLR9,0.3587661,0.0,-1.0
TLX1,0.29872885,0.0,1.0
TLX1NB,0.087167144,0.0,0.0
TLX2,0.41478482,0.0,0.0
TLX3,0.27434894,0.0,1.0
TM2D2,0.07334134,0.0,0.0
TM2D3,0.027106928,0.0,0.0
TM4SF1,0.19914494,0.0,-1.0
TM4SF18,0.06353211,0.0,-1.0
TM4SF20,0.0049252445,0.0,0.0
TM7SF2,0.040101383,0.0,0.0
TM7SF3,0.038797766,0.0,0.0
TM9SF1,0.053481914,0.0,-1.0
TM9SF2,0.020567548,0.0,0.0
TM9SF4,0.04236431,0.0,0.0
TMA16,0.055967007,0.0,0.0
TMA7,0.01873674,0.0,0.0
TMBIM1,0.0547469,0.0,0.0
TMBIM4,0.054573294,0.0,0.0
TMBIM6,0.07829072,0.0,-1.0
TMC4,0.12958468,0.0,0.0
TMC6,0.013942777,0.0,-1.0
TMC7,0.06514675,0.0,0.0
TMC8,0.0026422183,0.0,-1.0
TMCC1,0.05149688,0.0,0.0
TMCC2,0.11160359,0.0,0.0
TMCO1,0.03668768,0.0,0.0
TMCO3,0.08382042,0.0,0.0
TMCO6,0.0037879006,0.0,0.0
TMED1,0.066807956,0.0,0.0
TMED10,0.06260216,0.0,0.0
TMED2,0.034718778,0.0,0.0
TMED3,0.027897244,0.0,0.0
TMED4,0.010527045,0.0,0.0
TMEM101,0.022024877,0.0,0.0
TMEM102,0.0256941,0.0,0.0
TMEM104,0.025323192,0.0,-1.0
TMEM106C,0.039203968,0.0,0.0
TMEM107,0.08589099,0.0,0.0
TMEM108,0.037032,0.0,0.0
TMEM109,0.025907168,0.0,0.0
TMEM11,0.07207839,0.0,0.0
TMEM114,0.05273198,0.0,0.0
TMEM115,0.033761963,0.0,0.0
TMEM116,0.0826433,0.0,-1.0
TMEM120A,0.042782106,0.0,0.0
TMEM121B,0.0668748,0.0,-1.0
TMEM123,0.07044828,0.0,0.0
TMEM125,0.03138047,0.0,0.0
TMEM127,0.021419372,0.0,1.0
TMEM129,0.04324317,0.0,0.0
TMEM130,0.07473251,0.0,0.0
TMEM131,0.045159258,0.0,0.0
TMEM132A,0.084886,0.0,0.0
TMEM132D,0.14961787,0.0,-1.0
TMEM134,0.024330916,0.0,0.0
TMEM135,0.0281797,0.0,0.0
TMEM138,0.10989678,0.0,0.0
TMEM140,0.08420423,0.0,0.0
TMEM141,0.056766137,0.0,0.0
TMEM143,0.036346376,0.0,0.0
TMEM145,0.045070592,0.0,0.0
TMEM147,0.013124754,0.0,-1.0
TMEM14A,0.039709274,0.0,0.0
TMEM14C,0.040088177,0.0,0.0
TMEM150A,0.036648113,0.0,0.0
TMEM151A,0.041697532,0.0,0.0
TMEM156,0.072616436,0.0,0.0
TMEM160,0.10561779,0.0,-1.0
TMEM161A,0.099060655,0.0,0.0
TMEM164,0.008713728,0.0,0.0
TMEM165,0.022380717,0.0,-1.0
TMEM167A,0.008588108,0.0,-1.0
TMEM167B,0.022868937,0.0,0.0
TMEM168,0.033630565,0.0,0.0
TMEM169,0.029252024,0.0,0.0
TMEM170A,0.025288166,0.0,0.0
TMEM177,0.08145138,0.0,0.0
TMEM179,0.03589085,0.0,-1.0
TMEM179B,0.030733364,0.0,0.0
TMEM18,0.056345854,0.0,0.0
TMEM181,0.025596958,0.0,0.0
TMEM183A,0.06263441,0.0,0.0
TMEM183BP,0.0377059,0.0,0.0
TMEM184A,0.0320348,0.0,0.0
TMEM184C,0.092205815,0.0,0.0
TMEM185B,0.07121632,0.0,0.0
TMEM186,0.027369482,0.0,0.0
TMEM187,0.04349246,0.0,0.0
TMEM19,0.04616915,0.0,0.0
TMEM191A,0.0029924747,0.0,0.0
TMEM196,0.14372931,0.0,0.0
TMEM198,0.035985466,0.0,0.0
TMEM199,0.020680938,0.0,-1.0
TMEM201,0.011322969,0.0,-1.0
TMEM203,0.020057013,0.0,0.0
TMEM205,0.052721865,0.0,0.0
TMEM208,0.019494643,0.0,-1.0
TMEM209,0.04159027,0.0,0.0
TMEM212,0.09369238,0.0,0.0
TMEM214,0.024799729,0.0,0.0
TMEM216,0.08598412,0.0,-1.0
TMEM217,0.02708783,0.0,0.0
TMEM222,0.017816419,0.0,0.0
TMEM230,0.030407397,0.0,0.0
TMEM241,0.012010372,0.0,0.0
TMEM242,0.012710788,0.0,0.0
TMEM243,0.026802918,0.0,-1.0
TMEM245,0.017068287,0.0,0.0
TMEM248,0.03232085,0.0,0.0
TMEM25,0.04423208,0.0,0.0
TMEM250,0.032026533,0.0,0.0
TMEM253,0.012915239,0.0,-1.0
TMEM256,0.07232134,0.0,0.0
TMEM258,0.037170842,0.0,0.0
TMEM259,0.08820831,0.0,0.0
TMEM26,0.07530236,0.0,0.0
TMEM260,0.008931376,0.0,0.0
TMEM263,0.010006558,0.0,0.0
TMEM266,0.015092179,0.0,0.0
TMEM267,0.01272777,0.0,0.0
TMEM268,0.04867704,0.0,0.0
TMEM270,0.055690315,0.0,0.0
TMEM272,0.014583004,0.0,0.0
TMEM273,0.009485937,0.0,0.0
TMEM30A,0.08659646,0.0,-1.0
TMEM33,0.16318226,0.0,0.0
TMEM37,0.10716087,0.0,0.0
TMEM38B,0.08328977,0.0,0.0
TMEM39A,0.024461465,0.0,0.0
TMEM39B,0.015727134,0.0,0.0
TMEM40,0.01472894,0.0,-1.0
TMEM41B,0.01237345,0.0,0.0
TMEM42,0.042020313,0.0,0.0
TMEM43,0.025790265,0.0,-1.0
TMEM44,0.0041110227,0.0,0.0
TMEM45A,0.056492247,0.0,0.0
TMEM45B,0.011133394,0.0,0.0
TMEM50A,0.001288961,0.0,0.0
TMEM50B,0.036710486,0.0,0.0
TMEM51,0.026773257,0.0,0.0
TMEM51-AS1,0.017285526,0.0,0.0
TMEM52,0.010004428,0.0,0.0
TMEM52B,0.05544977,0.0,0.0
TMEM53,0.048389606,0.0,0.0
TMEM59,0.046274096,0.0,0.0
TMEM59L,0.13140173,0.0,0.0
TMEM60,0.057749167,0.0,0.0
TMEM62,0.056436393,0.0,0.0
TMEM63B,0.01826857,0.0,0.0
TMEM69,0.032435205,0.0,0.0
TMEM79,0.054432537,0.0,0.0
TMEM80,0.034171972,0.0,0.0
TMEM87B,0.0316225,0.0,0.0
TMEM88,0.06409059,0.0,0.0
TMEM9,0.016018262,0.0,0.0
TMEM91,0.06996515,0.0,0.0
TMEM92,0.00018705454,0.0,0.0
TMEM94,0.030089928,0.0,0.0
TMEM97,0.04383868,0.0,0.0
TMEM9B,0.0053893686,0.0,0.0
TMF1,0.2266535,0.0,0.0
TMIGD2,0.064201005,0.0,0.0
TMLHE,0.004075333,0.0,0.0
TMOD1,0.11163641,0.0,0.0
TMOD3,0.12535,0.0,0.0
TMOD4,0.21446553,0.0,0.0
TMPO,0.27186316,0.0,-1.0
TMPPE,0.014964542,0.0,0.0
TMPRSS11D,0.024172604,0.0,-1.0
TMPRSS13,0.084066845,0.0,-1.0
TMPRSS3,0.116081,0.0,-1.0
TMSB10,0.04841824,0.0,-1.0
TMSB4X,0.13695347,0.0,-1.0
TMSB4XP8,0.11317954,0.0,-1.0
TMSB4Y,0.05908585,0.0,0.0
TMTC1,0.1075459,0.0,0.0
TMTC3,0.0357701,0.0,-1.0
TMTC4,0.072064124,0.0,0.0
TMUB1,0.016301692,0.0,0.0
TMX1,0.025063315,0.0,0.0
TMX2,0.021776946,0.0,0.0
TMX3,0.00399177,0.0,-1.0
TMX4,0.03006869,0.0,0.0
TNC,0.44338486,0.0,1.0
TNF,0.4406125,0.0,-1.0
TNFAIP1,0.060700227,0.0,-1.0
TNFAIP3,0.57041866,1.0,1.0
TNFAIP6,0.02812511,0.0,-1.0
TNFAIP8,0.12037345,0.0,-1.0
TNFAIP8L1,0.021839332,0.0,0.0
TNFAIP8L2,0.06268283,0.0,0.0
TNFRSF10A,0.2983188,0.0,-1.0
TNFRSF10B,0.44415718,0.0,-1.0
TNFRSF10C,0.07532777,0.0,0.0
TNFRSF10D,0.1408411,0.0,0.0
TNFRSF11A,0.10938828,0.0,-1.0
TNFRSF11B,0.09486613,0.0,-1.0
TNFRSF12A,0.10563456,0.0,0.0
TNFRSF13B,0.47931376,0.0,-1.0
TNFRSF13C,0.16324954,0.0,-1.0
TNFRSF14,0.17825218,0.0,1.0
TNFRSF17,0.28684193,0.0,1.0
TNFRSF18,0.07883954,0.0,0.0
TNFRSF19,0.09051617,0.0,0.0
TNFRSF1A,0.7280596,1.0,-1.0
TNFRSF1B,0.187053,0.0,-1.0
TNFRSF21,0.069827534,0.0,-1.0
TNFRSF25,0.11025446,0.0,0.0
TNFRSF4,0.03314408,0.0,0.0
TNFRSF6B,0.11038384,0.0,-1.0
TNFRSF8,0.24612725,0.0,-1.0
TNFRSF9,0.101942025,0.0,0.0
TNFSF10,0.07198376,0.0,-1.0
TNFSF11,0.09245391,0.0,-1.0
TNFSF13,0.26392072,0.0,0.0
TNFSF13B,0.34312955,0.0,-1.0
TNFSF14,0.2697522,0.0,0.0
TNFSF15,0.07662906,0.0,-1.0
TNFSF8,0.21458903,0.0,-1.0
TNFSF9,0.1421855,0.0,0.0
TNIK,0.3119052,0.0,0.0
TNIP1,0.18104881,0.0,0.0
TNIP2,0.25517395,0.0,0.0
TNIP3,0.03904325,0.0,0.0
TNK1,0.05697471,0.0,0.0
TNK2,0.55338424,1.0,0.0
TNKS,0.55606395,1.0,-1.0
TNKS1BP1,0.37322557,0.0,0.0
TNKS2,0.3677824,0.0,-1.0
TNN,0.16016394,0.0,-1.0
TNNC1,0.13007069,0.0,-1.0
TNNI1,0.13111928,0.0,0.0
TNNI2,0.06271823,0.0,0.0
TNNI3,0.18217637,0.0,-1.0
TNNI3K,0.4050109,0.0,0.0
TNNT1,0.12661804,0.0,-1.0
TNNT2,0.19396625,0.0,-1.0
TNNT3,0.048371553,0.0,0.0
TNP1,0.07632461,0.0,0.0
TNP2,0.074115716,0.0,0.0
TNPO1,0.16352366,0.0,-1.0
TNPO2,0.17610672,0.0,-1.0
TNPO3,0.06304282,0.0,0.0
TNR,0.26701277,0.0,-1.0
TNRC18,0.19177715,0.0,-1.0
TNRC6A,0.10976845,0.0,-1.0
TNRC6B,0.25112632,0.0,-1.0
TNS1,0.18278556,0.0,0.0
TNS2,0.053797,0.0,0.0
TNS4,0.031116229,0.0,-1.0
TOB1,0.28561744,0.0,-1.0
TOB2,0.079611234,0.0,-1.0
TOE1,0.25524577,0.0,0.0
TOGARAM1,0.03787319,0.0,0.0
TOLLIP,0.27603996,0.0,0.0
TOM1,0.08418149,0.0,0.0
TOM1L1,0.01519664,0.0,0.0
TOM1L2,0.08855245,0.0,0.0
TOMM20,0.09571917,0.0,0.0
TOMM22,0.07574197,0.0,0.0
TOMM34,0.06434516,0.0,0.0
TOMM40,0.06317201,0.0,0.0
TOMM40L,0.10053013,0.0,0.0
TOMM5,0.020519342,0.0,0.0
TOMM6,0.04489703,0.0,0.0
TOMM70,0.04681805,0.0,0.0
TONSL,0.18036887,0.0,0.0
TOP1,0.48807222,0.0,1.0
TOP2A,0.50983393,1.0,-1.0
TOP2B,0.53080505,1.0,-1.0
TOP3A,0.2164679,0.0,0.0
TOP3B,0.19036545,0.0,0.0
TOPBP1,0.5222323,1.0,0.0
TOPORS,0.48360458,0.0,-1.0
TOR1A,0.075534254,0.0,-1.0
TOR1AIP1,0.07952369,0.0,0.0
TOR1AIP2,0.13298026,0.0,0.0
TOR1B,0.05135762,0.0,-1.0
TOR2A,0.054532193,0.0,0.0
TOR4A,0.044204693,0.0,0.0
TOX,0.2610209,0.0,-1.0
TOX2,0.011057645,0.0,0.0
TOX4,0.34044382,0.0,0.0
TP53,0.9773861,1.0,1.0
TP53AIP1,0.039012954,0.0,-1.0
TP53BP1,0.6804093,1.0,1.0
TP53BP2,0.39776838,0.0,-1.0
TP53I3,0.12844594,0.0,0.0
TP53INP1,0.15048282,0.0,-1.0
TP53INP2,0.07636891,0.0,0.0
TP53RK,0.2970468,0.0,-1.0
TP63,0.75488764,1.0,1.0
TP73,0.87612915,1.0,-1.0
TPBG,0.058577284,0.0,-1.0
TPCN1,0.0633998,0.0,0.0
TPCN2,0.019353816,0.0,0.0
TPD52,0.035515655,0.0,-1.0
TPD52L1,0.03962274,0.0,0.0
TPD52L2,0.04808998,0.0,0.0
TPD52L3,0.056827307,0.0,0.0
TPGS1,0.024976883,0.0,0.0
TPGS2,0.015213404,0.0,0.0
TPH1,0.063336946,0.0,0.0
TPH2,0.05674083,0.0,0.0
TPI1,0.27304676,0.0,0.0
TPI1P2,0.023059314,0.0,0.0
TPK1,0.08730724,0.0,-1.0
TPM1,0.16081657,0.0,-1.0
TPM2,0.082235016,0.0,-1.0
TPM3,0.08497873,0.0,1.0
TPM4,0.10601866,0.0,1.0
TPO,0.034068484,0.0,-1.0
TPP1,0.061009295,0.0,-1.0
TPP2,0.041622344,0.0,0.0
TPPP,0.041083124,0.0,0.0
TPR,0.38337946,0.0,1.0
TPRA1,0.031345,0.0,0.0
TPRG1L,0.00345731,0.0,-1.0
TPRKB,0.039531227,0.0,0.0
TPRN,0.027700558,0.0,0.0
TPSAB1,0.052546002,0.0,-1.0
TPSD1,0.09097066,0.0,0.0
TPST1,0.06139081,0.0,0.0
TPT1,0.070482835,0.0,0.0
TPTEP1,0.048529394,0.0,0.0
TPX2,0.15005413,0.0,-1.0
TRA,0.22252353,0.0,1.0
TRA2A,0.049078424,0.0,0.0
TRA2B,0.11628134,0.0,0.0
TRABD,0.16887546,0.0,0.0
TRADD,0.37859073,0.0,0.0
TRAF1,0.57122004,1.0,-1.0
TRAF2,0.54777604,1.0,-1.0
TRAF3,0.4081721,0.0,1.0
TRAF3IP1,0.10278338,0.0,0.0
TRAF3IP2,0.17443143,0.0,-1.0
TRAF3IP3,0.34417933,0.0,-1.0
TRAF4,0.22664367,0.0,-1.0
TRAF5,0.18859378,0.0,1.0
TRAF6,0.6898092,1.0,-1.0
TRAF7,0.07886959,0.0,1.0
TRAFD1,0.06757123,0.0,0.0
TRAIP,0.23319462,0.0,-1.0
TRAK1,0.06623883,0.0,-1.0
TRAK2,0.034070473,0.0,0.0
TRAM1,0.030168813,0.0,0.0
TRAM2,0.03196307,0.0,0.0
TRANK1,0.024915393,0.0,0.0
TRAP1,0.22609858,0.0,-1.0
TRAPPC1,0.0038930508,0.0,0.0
TRAPPC10,0.027403032,0.0,0.0
TRAPPC11,0.14347066,0.0,0.0
TRAPPC12,0.0069137453,0.0,0.0
TRAPPC13,0.003887511,0.0,0.0
TRAPPC14,0.0050956826,0.0,0.0
TRAPPC2,0.047314562,0.0,-1.0
TRAPPC2B,0.029448522,0.0,0.0
TRAPPC2L,0.007210751,0.0,-1.0
TRAPPC3,0.0073616784,0.0,0.0
TRAPPC4,0.035335194,0.0,0.0
TRAPPC5,0.030170634,0.0,0.0
TRAPPC6A,0.06961721,0.0,0.0
TRAPPC6B,0.075463645,0.0,0.0
TRAPPC8,0.0053529353,0.0,0.0
TRAPPC9,0.059177745,0.0,-1.0
TRAT1,0.25386223,0.0,-1.0
TRB,0.118067004,0.0,1.0
TRBV2,0.0385359,0.0,0.0
TRDMT1,0.10861676,0.0,0.0
TRDN,0.00078552816,0.0,0.0
TREH,0.03684538,0.0,0.0
TREM1,0.00035734108,0.0,0.0
TREML1,0.12266525,0.0,0.0
TRERF1,0.20376694,0.0,-1.0
TREX1,0.1820101,0.0,-1.0
TREX2,0.025877768,0.0,0.0
TRIAP1,0.03314385,0.0,-1.0
TRIB1,0.09372749,0.0,-1.0
TRIB2,0.1528317,0.0,-1.0
TRIB3,0.46147683,0.0,0.0
TRIL,0.03104764,0.0,0.0
TRIM10,0.08080589,0.0,0.0
TRIM11,0.06935284,0.0,0.0
TRIM13,0.17383814,0.0,0.0
TRIM14,0.09813853,0.0,0.0
TRIM15,0.20379151,0.0,0.0
TRIM16,0.09556442,0.0,0.0
TRIM17,0.14011258,0.0,0.0
TRIM2,0.13393772,0.0,0.0
TRIM21,0.49730185,0.0,0.0
TRIM22,0.13626012,0.0,0.0
TRIM23,0.19592567,0.0,-1.0
TRIM24,0.4366256,0.0,1.0
TRIM25,0.22121993,0.0,0.0
TRIM26,0.24478507,0.0,0.0
TRIM27,0.47339392,0.0,1.0
TRIM28,0.62519515,1.0,-1.0
TRIM29,0.22388056,0.0,0.0
TRIM3,0.027092507,0.0,0.0
TRIM31,0.14202712,0.0,0.0
TRIM32,0.19225669,0.0,-1.0
TRIM33,0.36951563,0.0,1.0
TRIM34,0.06328039,0.0,0.0
TRIM35,0.088676244,0.0,0.0
TRIM36,0.09333594,0.0,0.0
TRIM37,0.22672829,0.0,-1.0
TRIM38,0.04850276,0.0,0.0
TRIM39,0.10017904,0.0,0.0
TRIM40,0.10554702,0.0,0.0
TRIM41,0.13058704,0.0,0.0
TRIM43,0.052735932,0.0,0.0
TRIM44,0.078558914,0.0,0.0
TRIM46,0.066347845,0.0,0.0
TRIM47,0.029022122,0.0,0.0
TRIM48,0.12880433,0.0,-1.0
TRIM5,0.2074755,0.0,0.0
TRIM51,0.039355103,0.0,-1.0
TRIM52,0.056846313,0.0,0.0
TRIM54,0.10358345,0.0,0.0
TRIM55,0.14481589,0.0,0.0
TRIM56,0.0351313,0.0,0.0
TRIM58,0.021334602,0.0,-1.0
TRIM59,0.043460533,0.0,0.0
TRIM6,0.05982191,0.0,0.0
TRIM6-TRIM34,0.020625452,0.0,0.0
TRIM61,0.0045279805,0.0,0.0
TRIM62,0.034743164,0.0,-1.0
TRIM63,0.1718974,0.0,0.0
TRIM65,8.539975e-05,0.0,0.0
TRIM67,0.08499251,0.0,0.0
TRIM68,0.059139933,0.0,0.0
TRIM69,0.2813592,0.0,0.0
TRIM7,0.088562384,0.0,0.0
TRIM71,0.02905568,0.0,-1.0
TRIM72,0.017382463,0.0,0.0
TRIM74,0.02651442,0.0,0.0
TRIM8,0.08207562,0.0,0.0
TRIM9,0.15868902,0.0,0.0
TRIML2,0.041803632,0.0,0.0
TRIO,0.33988357,0.0,-1.0
TRIOBP,0.15179525,0.0,-1.0
TRIP10,0.36353132,0.0,0.0
TRIP11,0.24011992,0.0,1.0
TRIP12,0.2018286,0.0,-1.0
TRIP13,0.08339097,0.0,1.0
TRIP4,0.39264888,0.0,0.0
TRIP6,0.20406292,0.0,0.0
TRIR,0.11169645,0.0,0.0
TRIT1,0.06698045,0.0,0.0
TRMO,0.08024805,0.0,0.0
TRMT1,0.06734185,0.0,0.0
TRMT10B,0.015952429,0.0,-1.0
TRMT10C,0.016705047,0.0,-1.0
TRMT11,0.015263579,0.0,0.0
TRMT112,0.036930785,0.0,0.0
TRMT12,0.016708449,0.0,0.0
TRMT13,0.016603064,0.0,0.0
TRMT1L,0.061898574,0.0,0.0
TRMT2A,0.12262932,0.0,0.0
TRMT6,0.026381453,0.0,0.0
TRMT61A,0.025142504,0.0,0.0
TRMT61B,0.057380263,0.0,0.0
TRMU,0.0024435811,0.0,0.0
TRN-GTT2-1,0.023863453,0.0,0.0
TRNAG1,0.02268068,0.0,0.0
TRNAU1AP,0.04196864,0.0,0.0
TRNP1,0.033791717,0.0,0.0
TRNT1,0.014017961,0.0,0.0
TRO,0.075534634,0.0,-1.0
TROAP,0.10614205,0.0,0.0
TRPA1,0.48252425,0.0,-1.0
TRPC1,0.28494343,0.0,0.0
TRPC2,0.07719873,0.0,0.0
TRPC3,0.08124042,0.0,0.0
TRPC4,0.22797215,0.0,0.0
TRPC4AP,0.2408004,0.0,0.0
TRPC5,0.35221326,0.0,0.0
TRPC6,0.11593283,0.0,-1.0
TRPC7,0.04426753,0.0,-1.0
TRPM2,0.0507789,0.0,-1.0
TRPM5,0.051566117,0.0,0.0
TRPM7,0.13570833,0.0,-1.0
TRPT1,0.020934656,0.0,0.0
TRPV1,0.07314702,0.0,-1.0
TRPV2,0.04002177,0.0,-1.0
TRPV3,0.13503008,0.0,0.0
TRPV4,0.30618927,0.0,-1.0
TRPV5,0.13967542,0.0,-1.0
TRPV6,0.026282117,0.0,-1.0
TRRAP,0.5505644,1.0,1.0
TRS-AGA2-3,0.016466638,0.0,0.0
TRUB1,0.0063795554,0.0,0.0
TRUB2,0.033982314,0.0,0.0
TSACC,0.02393356,0.0,0.0
TSBP1,0.009577168,0.0,0.0
TSC1,0.621206,1.0,1.0
TSC2,0.5535904,1.0,1.0
TSC22D1,0.18831608,0.0,-1.0
TSC22D3,0.34424996,0.0,0.0
TSC22D4,0.1826552,0.0,0.0
TSEN15,0.007078097,0.0,0.0
TSEN2,0.0059879934,0.0,0.0
TSEN34,0.010655215,0.0,0.0
TSEN54,0.0086348755,0.0,0.0
TSFM,0.04429107,0.0,0.0
TSG101,0.21418893,0.0,-1.0
TSGA10,0.07602716,0.0,0.0
TSHR,0.527511,1.0,1.0
TSHZ1,0.03112833,0.0,0.0
TSHZ2,0.20272374,0.0,-1.0
TSHZ3,0.2864492,0.0,-1.0
TSKS,0.020998301,0.0,0.0
TSLP,0.27309927,0.0,0.0
TSN,0.07255779,0.0,-1.0
TSNAX,0.02977054,0.0,0.0
TSNAX-DISC1,0.009934773,0.0,0.0
TSNAXIP1,0.03855175,0.0,0.0
TSPAN12,0.0356618,0.0,0.0
TSPAN17,0.00027627117,0.0,0.0
TSPAN2,0.029924564,0.0,0.0
TSPAN3,0.033304676,0.0,0.0
TSPAN31,0.042320937,0.0,0.0
TSPAN32,0.11823028,0.0,0.0
TSPAN4,0.19071859,0.0,0.0
TSPAN6,0.04209399,0.0,0.0
TSPAN7,0.045848664,0.0,-1.0
TSPAN8,0.016530037,0.0,-1.0
TSPEAR,0.05958517,0.0,-1.0
TSPEAR-AS2,0.011559878,0.0,0.0
TSPO,0.001861388,0.0,0.0
TSPO2,0.02153974,0.0,0.0
TSPOAP1,0.12674397,0.0,-1.0
TSPY1,0.062776946,0.0,-1.0
TSPY26P,0.09752699,0.0,0.0
TSPYL1,0.08413161,0.0,-1.0
TSPYL2,0.1940916,0.0,-1.0
TSPYL4,0.13786232,0.0,-1.0
TSPYL5,0.100377426,0.0,0.0
TSPYL6,0.029787242,0.0,0.0
TSR1,0.03282763,0.0,0.0
TSR2,0.030639362,0.0,0.0
TSR3,0.029928515,0.0,0.0
TSSC4,0.15453659,0.0,0.0
TSSK1B,0.24552447,0.0,0.0
TSSK2,0.12887236,0.0,0.0
TSSK3,0.33211565,0.0,0.0
TSSK4,0.024090566,0.0,0.0
TSSK6,0.4543285,0.0,0.0
TST,0.050440703,0.0,0.0
TSTD1,0.026955118,0.0,0.0
TTBK1,0.22399527,0.0,0.0
TTBK2,0.44785812,0.0,-1.0
TTC1,0.26642227,0.0,0.0
TTC12,0.021669904,0.0,0.0
TTC13,0.011632682,0.0,0.0
TTC14,0.038818635,0.0,-1.0
TTC16,0.029559534,0.0,0.0
TTC17,0.13927856,0.0,0.0
TTC19,0.06075822,0.0,0.0
TTC21A,0.06696399,0.0,0.0
TTC22,0.02280609,0.0,0.0
TTC23L,0.0035959082,0.0,0.0
TTC24,0.074283116,0.0,0.0
TTC27,0.09728779,0.0,0.0
TTC28,0.08899863,0.0,0.0
TTC3,0.10052905,0.0,0.0
TTC30A,0.04204682,0.0,0.0
TTC31,0.034474116,0.0,0.0
TTC32,0.057114277,0.0,0.0
TTC33,0.05103791,0.0,0.0
TTC37,0.076865874,0.0,0.0
TTC39B,0.09245446,0.0,-1.0
TTC4,0.009997082,0.0,-1.0
TTC5,0.0050407965,0.0,0.0
TTC9B,0.06534148,0.0,0.0
TTC9C,0.03992192,0.0,0.0
TTF1,0.08157729,0.0,0.0
TTF2,0.23471135,0.0,0.0
TTI1,0.19622833,0.0,0.0
TTI2,0.23020662,0.0,0.0
TTK,0.5596884,1.0,-1.0
TTLL1,0.002360204,0.0,0.0
TTLL11,0.03507666,0.0,0.0
TTLL12,0.036316283,0.0,0.0
TTLL5,0.20993789,0.0,-1.0
TTN,0.7797821,1.0,-1.0
TTPA,0.02995641,0.0,-1.0
TTPAL,0.00028892554,0.0,0.0
TTR,0.16116025,0.0,-1.0
TTYH2,0.071833014,0.0,0.0
TTYH3,0.1145156,0.0,0.0
TUB,0.14147297,0.0,0.0
TUBA1A,0.56115663,1.0,-1.0
TUBA1B,0.3127121,0.0,0.0
TUBA1C,0.17069077,0.0,-1.0
TUBA3C,0.21618609,0.0,-1.0
TUBA3E,0.0905112,0.0,0.0
TUBA4A,0.17968926,0.0,-1.0
TUBA8,0.08357619,0.0,-1.0
TUBB,0.4102922,0.0,0.0
TUBB1,0.1629648,0.0,-1.0
TUBB2A,0.3624569,0.0,0.0
TUBB2B,0.23158915,0.0,-1.0
TUBB3,0.06919879,0.0,0.0
TUBB4A,0.21778725,0.0,0.0
TUBB4B,0.23800294,0.0,0.0
TUBB6,0.2191769,0.0,0.0
TUBB7P,0.016854944,0.0,0.0
TUBB8,0.14212616,0.0,0.0
TUBBP5,0.006494032,0.0,0.0
TUBD1,0.048866592,0.0,0.0
TUBG1,0.37934926,0.0,0.0
TUBG2,0.026347524,0.0,0.0
TUBGCP2,0.16201517,0.0,0.0
TUBGCP3,0.25624686,0.0,0.0
TUBGCP4,0.14489709,0.0,0.0
TUBGCP5,0.09200421,0.0,0.0
TUFM,0.06583152,0.0,0.0
TUFT1,0.07360533,0.0,0.0
TUG1,0.037780285,0.0,0.0
TULP1,0.06994881,0.0,-1.0
TULP2,0.106902584,0.0,0.0
TULP3,0.036723018,0.0,0.0
TULP4,0.02854714,0.0,0.0
TUSC1,0.03195366,0.0,0.0
TUSC2,0.035202,0.0,0.0
TUSC3,0.0060028387,0.0,-1.0
TUT1,0.124924876,0.0,0.0
TUT4,0.04948256,0.0,0.0
TVP23B,0.012281701,0.0,0.0
TVP23C,0.010825856,0.0,0.0
TWF2,0.010743177,0.0,0.0
TWIST1,0.21121325,0.0,-1.0
TWIST2,0.08894241,0.0,-1.0
TWNK,0.029425243,0.0,-1.0
TWSG1,0.038988497,0.0,0.0
TXK,0.17916453,0.0,0.0
TXLNA,0.055602044,0.0,0.0
TXLNB,0.0631663,0.0,0.0
TXLNG,0.021230228,0.0,0.0
TXLNGY,0.017436545,0.0,0.0
TXN,0.41669753,0.0,-1.0
TXN2,0.0017802066,0.0,0.0
TXNDC11,0.10931927,0.0,0.0
TXNDC12,0.0151172625,0.0,0.0
TXNDC15,0.011954298,0.0,0.0
TXNDC16,0.01939815,0.0,0.0
TXNDC17,0.00606073,0.0,0.0
TXNDC2,0.030376552,0.0,0.0
TXNDC5,0.019863771,0.0,0.0
TXNDC9,0.107363105,0.0,0.0
TXNIP,0.2067834,0.0,-1.0
TXNL1,0.033465184,0.0,0.0
TXNL4A,0.04874716,0.0,0.0
TXNL4B,0.0345399,0.0,0.0
TXNRD1,0.24960643,0.0,-1.0
TXNRD2,0.20956975,0.0,-1.0
TYK2,0.6120417,1.0,1.0
TYMP,0.18678404,0.0,-1.0
TYMS,0.042030152,0.0,-1.0
TYMSOS,0.012010372,0.0,0.0
TYR,0.054286744,0.0,-1.0
TYRO3,0.47537458,0.0,-1.0
TYROBP,0.0053846342,0.0,-1.0
TYRP1,0.00080454047,0.0,-1.0
TYSND1,0.06562058,0.0,-1.0
TYW1,0.11142214,0.0,0.0
TYW3,0.06518077,0.0,0.0
TYW5,0.017495036,0.0,0.0
U2AF1,0.06166025,0.0,1.0
U2AF1L4,0.09191924,0.0,0.0
U2AF2,0.20222883,0.0,-1.0
U2SURP,0.04126222,0.0,-1.0
UACA,0.13419238,0.0,-1.0
UAP1,0.058557857,0.0,-1.0
UBA1,0.23126665,0.0,0.0
UBA2,0.24405931,0.0,-1.0
UBA3,0.06467925,0.0,0.0
UBA5,0.20832005,0.0,0.0
UBA52,0.0933628,0.0,-1.0
UBA6,0.059598207,0.0,-1.0
UBA7,0.024067415,0.0,-1.0
UBAC1,0.09365634,0.0,-1.0
UBAC2,0.04649294,0.0,-1.0
UBALD1,0.05418201,0.0,0.0
UBALD2,0.16608152,0.0,0.0
UBAP2,0.07583131,0.0,0.0
UBAP2L,0.16599771,0.0,0.0
UBASH3A,0.29051858,0.0,0.0
UBASH3B,0.27238685,0.0,0.0
UBB,0.16009755,0.0,-1.0
UBC,0.9926862,1.0,-1.0
UBD,0.26079166,0.0,-1.0
UBE2A,0.25051078,0.0,-1.0
UBE2B,0.21826908,0.0,0.0
UBE2C,0.28601807,0.0,-1.0
UBE2D1,0.19617815,0.0,-1.0
UBE2D2,0.17610125,0.0,-1.0
UBE2D3,0.1945729,0.0,0.0
UBE2D4,0.10975145,0.0,0.0
UBE2DNL,0.022854876,0.0,0.0
UBE2E1,0.09888973,0.0,0.0
UBE2E2,0.1627909,0.0,0.0
UBE2E3,0.08575426,0.0,0.0
UBE2F,0.050288647,0.0,0.0
UBE2G1,0.1353599,0.0,0.0
UBE2G2,0.028231895,0.0,0.0
UBE2H,0.05292565,0.0,0.0
UBE2I,0.67615336,1.0,-1.0
UBE2J1,0.15146914,0.0,0.0
UBE2J2,0.026510052,0.0,-1.0
UBE2K,0.09390633,0.0,0.0
UBE2L1,0.00790196,0.0,0.0
UBE2L3,0.48127463,0.0,0.0
UBE2L6,0.2235483,0.0,0.0
UBE2M,0.08404726,0.0,0.0
UBE2N,0.24641053,0.0,0.0
UBE2NL,0.016202424,0.0,0.0
UBE2O,0.03695969,0.0,0.0
UBE2Q1,0.039026666,0.0,0.0
UBE2Q2,0.054729752,0.0,0.0
UBE2Q2P1,0.015698684,0.0,0.0
UBE2R2,0.080560766,0.0,0.0
UBE2S,0.08256984,0.0,0.0
UBE2T,0.17590797,0.0,-1.0
UBE2U,0.03367837,0.0,0.0
UBE2V1,0.09006978,0.0,0.0
UBE2V2,0.19905981,0.0,0.0
UBE2W,0.07098534,0.0,0.0
UBE2Z,0.09413398,0.0,0.0
UBE3A,0.5318586,1.0,-1.0
UBE3B,0.031031325,0.0,0.0
UBE3C,0.07127741,0.0,0.0
UBE3D,0.014583004,0.0,0.0
UBE4A,0.114582516,0.0,0.0
UBE4B,0.27446988,0.0,0.0
UBFD1,0.066208355,0.0,0.0
UBIAD1,0.006729291,0.0,-1.0
UBL4A,0.17302859,0.0,0.0
UBL4B,0.062685914,0.0,0.0
UBL5,0.038167227,0.0,0.0
UBL7,0.0430439,0.0,-1.0
UBLCP1,0.007895163,0.0,0.0
UBN2,0.018882297,0.0,0.0
UBOX5,0.11872296,0.0,0.0
UBP1,0.024512198,0.0,0.0
UBQLN1,0.08363837,0.0,0.0
UBQLN2,0.17090702,0.0,-1.0
UBQLN4,0.15349764,0.0,0.0
UBR1,0.579426,1.0,-1.0
UBR2,0.16501029,0.0,-1.0
UBR3,0.11467698,0.0,-1.0
UBR4,0.22561839,0.0,0.0
UBR5,0.5785774,1.0,1.0
UBR7,0.032340363,0.0,0.0
UBTD1,0.012974422,0.0,0.0
UBTD2,0.060163904,0.0,0.0
UBTF,0.46444508,0.0,0.0
UBXN1,0.45414057,0.0,0.0
UBXN10,0.028944293,0.0,0.0
UBXN11,0.19539917,0.0,0.0
UBXN2A,0.023712879,0.0,0.0
UBXN2B,0.032098453,0.0,0.0
UBXN4,0.041107398,0.0,0.0
UBXN6,0.07312449,0.0,0.0
UBXN7,0.3219352,0.0,-1.0
UBXN8,0.04399051,0.0,0.0
UCA1,0.01010346,0.0,0.0
UCHL1,0.4156931,0.0,-1.0
UCHL3,0.066378035,0.0,0.0
UCHL5,0.16455269,0.0,-1.0
UCK1,0.0333496,0.0,0.0
UCK2,0.042944606,0.0,0.0
UCKL1,0.047493324,0.0,0.0
UCN,0.00043935663,0.0,0.0
UCN3,0.009303439,0.0,0.0
UCP1,0.08316887,0.0,0.0
UCP2,0.12589706,0.0,0.0
UCP3,0.21241292,0.0,-1.0
UEVLD,0.05109152,0.0,0.0
UFC1,0.03467723,0.0,0.0
UFD1,0.13995856,0.0,0.0
UFL1,0.017636051,0.0,0.0
UFM1,0.07136226,0.0,0.0
UFSP1,0.005817163,0.0,0.0
UFSP2,0.042338774,0.0,0.0
UGCG,0.18499333,0.0,0.0
UGDH,0.020751083,0.0,0.0
UGGT1,0.04220758,0.0,0.0
UGGT2,0.122712374,0.0,0.0
UGP2,0.1427978,0.0,0.0
UGT1A1,0.001521139,0.0,-1.0
UGT1A10,0.0012378927,0.0,0.0
UGT1A4,0.0012378927,0.0,-1.0
UGT1A5,0.0012378927,0.0,0.0
UGT1A7,0.0012378927,0.0,0.0
UGT1A8,0.0012378927,0.0,0.0
UGT1A9,0.0012378927,0.0,0.0
UGT2A1,0.0012378927,0.0,-1.0
UGT2A3,0.0012378927,0.0,-1.0
UGT2B10,0.00171436,0.0,-1.0
UGT2B15,0.0012378927,0.0,0.0
UGT2B17,0.0012378927,0.0,0.0
UGT2B28,0.0012378927,0.0,0.0
UGT2B4,0.0013532006,0.0,0.0
UGT2B7,0.0016343421,0.0,0.0
UGT8,0.12665778,0.0,0.0
UHMK1,0.32739618,0.0,-1.0
UHRF1,0.18183821,0.0,0.0
UHRF1BP1,0.039335873,0.0,0.0
UHRF2,0.5566489,1.0,-1.0
UIMC1,0.3380728,0.0,0.0
ULBP2,0.15462615,0.0,0.0
ULK1,0.2743059,0.0,-1.0
ULK2,0.22077015,0.0,-1.0
ULK3,0.182661,0.0,0.0
ULK4,0.14739718,0.0,0.0
UMOD,0.0017705491,0.0,-1.0
UMODL1,0.06318152,0.0,0.0
UMPS,0.049421784,0.0,-1.0
UNC119,0.642972,1.0,-1.0
UNC13A,0.07232422,0.0,0.0
UNC13B,0.24139908,0.0,0.0
UNC13D,0.02745542,0.0,-1.0
UNC45A,0.08012112,0.0,0.0
UNC45B,0.22688441,0.0,0.0
UNC50,0.013320183,0.0,0.0
UNC5A,0.023080919,0.0,0.0
UNC5B,0.18443294,0.0,0.0
UNC5CL,0.090415396,0.0,0.0
UNC79,0.033068538,0.0,-1.0
UNC80,0.023301804,0.0,-1.0
UNC93A,0.043876633,0.0,0.0
UNC93B1,0.035615947,0.0,-1.0
UNCX,0.18015,0.0,-1.0
UNG,0.11459143,0.0,-1.0
UNK,0.062140815,0.0,0.0
UNKL,0.11393961,0.0,0.0
UPB1,0.123833194,0.0,0.0
UPF1,0.32544836,0.0,-1.0
UPF2,0.39750537,0.0,0.0
UPF3A,0.28990707,0.0,0.0
UPF3B,0.16694099,0.0,-1.0
UPK1A,0.0009336851,0.0,0.0
UPK1B,0.020083953,0.0,0.0
UPK2,0.0017438859,0.0,0.0
UPK3A,0.1265649,0.0,-1.0
UPP1,0.05743863,0.0,0.0
UPP2,0.050239272,0.0,0.0
UPRT,0.046429206,0.0,0.0
UQCC1,0.066683486,0.0,0.0
UQCC2,0.014583004,0.0,0.0
UQCC3,0.007180205,0.0,0.0
UQCR10,0.01952618,0.0,0.0
UQCRB,0.062490303,0.0,0.0
UQCRC1,0.10854621,0.0,0.0
UQCRC2,0.14184062,0.0,-1.0
UQCRH,0.07495388,0.0,0.0
UQCRHL,0.013916696,0.0,0.0
UQCRQ,0.012438046,0.0,0.0
URB1,0.062516205,0.0,-1.0
URB1-AS1,0.011840995,0.0,0.0
URB2,0.028359497,0.0,-1.0
URGCP,0.015674703,0.0,0.0
URI1,0.1564935,0.0,0.0
URM1,0.012485219,0.0,0.0
UROC1,0.114278644,0.0,0.0
UROD,0.14560427,0.0,-1.0
UROS,0.09573866,0.0,-1.0
USE1,0.03930887,0.0,0.0
USF1,0.1705899,0.0,-1.0
USF2,0.31811738,0.0,0.0
USF3,0.021992292,0.0,0.0
USH1C,0.15738066,0.0,-1.0
USHBP1,0.3367767,0.0,0.0
USO1,0.03806804,0.0,0.0
USP1,0.46111888,0.0,-1.0
USP10,0.17717853,0.0,-1.0
USP11,0.29602328,0.0,0.0
USP12,0.1381609,0.0,0.0
USP12P1,0.009397276,0.0,0.0
USP13,0.2970341,0.0,-1.0
USP14,0.15280765,0.0,0.0
USP15,0.31475785,0.0,-1.0
USP16,0.20440665,0.0,-1.0
USP17L2,0.055200644,0.0,0.0
USP17L7,0.04973572,0.0,0.0
USP17L9P,0.0029363767,0.0,0.0
USP18,0.03604321,0.0,0.0
USP19,0.3793778,0.0,0.0
USP2,0.19906093,0.0,0.0
USP20,0.22853585,0.0,0.0
USP21,0.40674695,0.0,0.0
USP22,0.3349393,0.0,0.0
USP25,0.22141849,0.0,-1.0
USP26,0.11727599,0.0,0.0
USP27X,0.02709408,0.0,0.0
USP28,0.5359116,1.0,-1.0
USP29,0.22578323,0.0,-1.0
USP3,0.16641536,0.0,-1.0
USP30,0.05767271,0.0,0.0
USP31,0.068210475,0.0,-1.0
USP32,0.37622157,0.0,-1.0
USP33,0.23712766,0.0,0.0
USP34,0.37927485,0.0,0.0
USP35,0.015171727,0.0,0.0
USP36,0.07474419,0.0,0.0
USP37,0.09184807,0.0,0.0
USP38,0.09651463,0.0,-1.0
USP39,0.04615727,0.0,-1.0
USP4,0.23421682,0.0,-1.0
USP41,0.0021093588,0.0,0.0
USP42,0.22511211,0.0,0.0
USP43,0.043174006,0.0,0.0
USP44,0.16378017,0.0,1.0
USP45,0.22870713,0.0,0.0
USP46,0.114064604,0.0,0.0
USP47,0.10633895,0.0,0.0
USP48,0.07264753,0.0,0.0
USP49,0.32806343,0.0,0.0
USP5,0.17397666,0.0,-1.0
USP50,0.33636618,0.0,0.0
USP53,0.17013572,0.0,0.0
USP6,0.5096715,1.0,1.0
USP6NL,0.16915034,0.0,0.0
USP7,0.43734878,0.0,-1.0
USP8,0.40504044,0.0,1.0
USP9X,0.52686054,1.0,-1.0
USP9Y,0.15022245,0.0,-1.0
USPL1,0.093003295,0.0,0.0
UTF1,0.01954351,0.0,0.0
UTP11,0.039286327,0.0,0.0
UTP14A,0.32246056,0.0,0.0
UTP14C,0.050015848,0.0,0.0
UTP18,0.20978996,0.0,0.0
UTP20,0.06221146,0.0,-1.0
UTP23,0.0069013047,0.0,0.0
UTP25,0.049951993,0.0,0.0
UTP3,0.079376034,0.0,-1.0
UTP4,0.007083002,0.0,0.0
UTP6,0.09390591,0.0,0.0
UTRN,0.32497165,0.0,0.0
UTS2B,1.0897985e-05,0.0,0.0
UTS2R,1.5726137e-06,0.0,0.0
UTY,0.2584021,0.0,0.0
UVRAG,0.118172035,0.0,-1.0
UVSSA,0.01188302,0.0,0.0
UXS1,0.0030086283,0.0,0.0
UXT,0.12272239,0.0,0.0
VAC14,0.17750977,0.0,-1.0
VAMP1,0.13889527,0.0,0.0
VAMP2,0.18722808,0.0,0.0
VAMP3,0.19287169,0.0,0.0
VAMP4,0.17994754,0.0,-1.0
VAMP5,0.09634885,0.0,0.0
VAMP7,0.08973462,0.0,0.0
VAMP8,0.067078196,0.0,-1.0
VANGL1,0.028212802,0.0,-1.0
VANGL2,0.08411143,0.0,0.0
VAPA,0.14870623,0.0,0.0
VAPB,0.17291552,0.0,-1.0
VARS1,0.28724983,0.0,0.0
VARS2,0.03445153,0.0,-1.0
VASH1,0.019643208,0.0,0.0
VASN,0.07281782,0.0,0.0
VASP,0.24964155,0.0,0.0
VAT1,0.023720305,0.0,0.0
VAV1,0.84899056,1.0,1.0
VAV2,0.23642367,0.0,1.0
VAV3,0.47949192,0.0,-1.0
VAX1,0.2084035,0.0,0.0
VAX2,0.17590134,0.0,0.0
VBP1,0.183407,0.0,0.0
VCAM1,0.1755588,0.0,0.0
VCAN,0.16029255,0.0,-1.0
VCL,0.317416,0.0,-1.0
VCP,0.39346546,0.0,-1.0
VCPIP1,0.03790134,0.0,-1.0
VCX3A,0.038810767,0.0,0.0
VCY,0.013140654,0.0,0.0
VDAC1,0.41553771,0.0,-1.0
VDAC2,0.106159605,0.0,0.0
VDAC3,0.06339506,0.0,0.0
VDR,0.7513842,1.0,-1.0
VEGFA,0.401395,0.0,1.0
VEGFB,0.19159189,0.0,-1.0
VEGFC,0.059055757,0.0,-1.0
VEGFD,0.01634669,0.0,-1.0
VENTX,0.27177334,0.0,0.0
VEPH1,0.005850516,0.0,-1.0
VEZF1,0.013907257,0.0,-1.0
VEZT,0.19696072,0.0,0.0
VGF,0.073135465,0.0,-1.0
VGLL1,0.055375516,0.0,0.0
VGLL2,0.047082316,0.0,0.0
VGLL3,0.032139,0.0,0.0
VGLL4,0.07363802,0.0,0.0
VHL,0.750372,1.0,1.0
VHLL,0.066713795,0.0,0.0
VIL1,0.12552577,0.0,0.0
VILL,0.1615744,0.0,-1.0
VIM,0.7449384,1.0,-1.0
VIP,0.082703985,0.0,-1.0
VIPAS39,0.011886773,0.0,-1.0
VIPR1,0.27708155,0.0,0.0
VIRMA,0.10115815,0.0,-1.0
VKORC1,0.01967416,0.0,0.0
VLDLR,0.46070334,0.0,0.0
VMAC,0.021666454,0.0,0.0
VMP1,0.065671116,0.0,-1.0
VNN1,0.06634313,0.0,0.0
VNN2,0.09033305,0.0,0.0
VNN3P,0.107164845,0.0,0.0
VPS11,0.06487056,0.0,0.0
VPS13A,0.07464237,0.0,-1.0
VPS13B,0.101905495,0.0,-1.0
VPS13C,0.13518018,0.0,0.0
VPS13D,0.12086717,0.0,0.0
VPS16,0.032467302,0.0,0.0
VPS18,0.10297793,0.0,0.0
VPS25,0.013584841,0.0,0.0
VPS26A,0.10234661,0.0,0.0
VPS26B,0.0053984397,0.0,0.0
VPS26C,0.03482143,0.0,0.0
VPS28,0.024991523,0.0,0.0
VPS29,0.037699558,0.0,0.0
VPS33A,0.041706517,0.0,0.0
VPS33B,0.012119211,0.0,0.0
VPS35,0.13134181,0.0,-1.0
VPS35L,0.009159469,0.0,0.0
VPS36,0.022919431,0.0,0.0
VPS37A,0.02251599,0.0,0.0
VPS37B,0.037504707,0.0,0.0
VPS37C,0.068137996,0.0,0.0
VPS37D,0.032129653,0.0,0.0
VPS39,0.066109695,0.0,0.0
VPS41,0.019903375,0.0,0.0
VPS45,0.1276202,0.0,-1.0
VPS4A,0.070960954,0.0,0.0
VPS4B,0.025287291,0.0,0.0
VPS50,0.021963224,0.0,0.0
VPS51,0.014565733,0.0,-1.0
VPS52,0.063355915,0.0,0.0
VPS53,0.0014983589,0.0,-1.0
VPS54,0.07570949,0.0,0.0
VPS72,0.10178401,0.0,0.0
VPS8,0.024199417,0.0,0.0
VPS9D1,0.0226005,0.0,0.0
VRK1,0.10943186,0.0,-1.0
VRK2,0.35651696,0.0,-1.0
VRK3,0.4505339,0.0,0.0
VSIG2,0.03541026,0.0,0.0
VSIG8,0.08970232,0.0,0.0
VSIR,0.030856285,0.0,0.0
VSNL1,0.03872613,0.0,0.0
VSTM2B,0.037090298,0.0,0.0
VSTM2L,0.0048045423,0.0,-1.0
VSX1,0.005801151,0.0,-1.0
VSX2,0.1869836,0.0,-1.0
VTA1,0.14520092,0.0,0.0
VTI1A,0.028129883,0.0,-1.0
VTI1B,0.026456956,0.0,0.0
VTN,0.2672202,0.0,-1.0
VTRNA1-1,0.15542924,0.0,0.0
VTRNA1-2,0.117526844,0.0,0.0
VTRNA1-3,0.087742984,0.0,0.0
VWA3B,0.030130075,0.0,0.0
VWA5A,0.19977078,0.0,0.0
VWA5B2,0.013957273,0.0,0.0
VWA7,0.051492803,0.0,-1.0
VWA8,0.03360282,0.0,0.0
VWC2L,0.010297599,0.0,0.0
VWF,0.47363302,0.0,-1.0
WAC,0.1162158,0.0,-1.0
WAPL,0.16217487,0.0,-1.0
WARS1,0.07708148,0.0,0.0
WARS2,0.014554977,0.0,0.0
WAS,0.5352393,1.0,1.0
WASF1,0.1575903,0.0,-1.0
WASF2,0.20000307,0.0,-1.0
WASF3,0.11758649,0.0,-1.0
WASH2P,0.044578727,0.0,0.0
WASHC1,0.00028042292,0.0,0.0
WASHC2A,0.036225818,0.0,0.0
WASHC2C,0.009880508,0.0,0.0
WASHC3,0.20728424,0.0,0.0
WASHC4,0.0006774186,0.0,0.0
WASHC5,0.0010862258,0.0,-1.0
WASL,0.35770476,0.0,0.0
WBP1,0.21455154,0.0,0.0
WBP11,0.122583136,0.0,-1.0
WBP1L,0.03407234,0.0,0.0
WBP2,0.14275332,0.0,0.0
WBP4,0.23020263,0.0,-1.0
WDCP,0.101929754,0.0,1.0
WDFY4,0.24138066,0.0,0.0
WDHD1,0.11702139,0.0,0.0
WDPCP,0.022768099,0.0,-1.0
WDR1,0.021757297,0.0,0.0
WDR11,0.06554701,0.0,-1.0
WDR12,0.027681233,0.0,-1.0
WDR13,0.028408172,0.0,0.0
WDR17,0.025851054,0.0,0.0
WDR18,0.057820573,0.0,0.0
WDR20,0.11508699,0.0,0.0
WDR24,0.056346115,0.0,-1.0
WDR25,0.0898483,0.0,0.0
WDR26,0.239307,0.0,0.0
WDR27,0.008402665,0.0,0.0
WDR3,0.031857938,0.0,0.0
WDR33,0.20555751,0.0,0.0
WDR35,0.08754289,0.0,-1.0
WDR36,0.06532181,0.0,-1.0
WDR37,0.07714219,0.0,0.0
WDR38,0.049615957,0.0,0.0
WDR4,0.021451766,0.0,0.0
WDR41,0.0033958745,0.0,0.0
WDR43,0.03437062,0.0,0.0
WDR44,0.04410406,0.0,0.0
WDR45,0.12949753,0.0,-1.0
WDR45B,0.3779235,0.0,0.0
WDR46,0.028675336,0.0,0.0
WDR47,0.01597304,0.0,0.0
WDR48,0.42077348,0.0,-1.0
WDR5,0.47000125,0.0,0.0
WDR53,0.02762464,0.0,0.0
WDR55,0.0039098696,0.0,0.0
WDR59,0.09602636,0.0,0.0
WDR5B,0.0642512,0.0,0.0
WDR6,0.020299943,0.0,0.0
WDR61,0.32145584,0.0,0.0
WDR62,0.109861486,0.0,-1.0
WDR7,0.12302558,0.0,-1.0
WDR70,0.072918825,0.0,0.0
WDR73,0.036420602,0.0,0.0
WDR74,0.3454612,0.0,-1.0
WDR75,0.047909085,0.0,-1.0
WDR76,0.08171097,0.0,0.0
WDR77,0.23866935,0.0,-1.0
WDR81,0.05391221,0.0,0.0
WDR82,0.38728398,0.0,-1.0
WDR82P1,0.06981369,0.0,0.0
WDR83,0.072756894,0.0,0.0
WDR83OS,0.008140633,0.0,0.0
WDR87,0.041695,0.0,0.0
WDR88,0.07278495,0.0,0.0
WDR89,0.051058684,0.0,0.0
WDR90,0.081314415,0.0,-1.0
WDR91,0.009164581,0.0,0.0
WDR97,0.2622175,0.0,0.0
WDTC1,0.16203567,0.0,-1.0
WEE1,0.46940222,0.0,-1.0
WFDC10A,0.0135243535,0.0,0.0
WFDC2,0.0030442686,0.0,0.0
WFDC21P,0.018654522,0.0,0.0
WFDC3,0.010689248,0.0,0.0
WFDC5,0.14673443,0.0,0.0
WFS1,0.101419844,0.0,-1.0
WHAMM,0.032274254,0.0,0.0
WIF1,0.4504604,0.0,1.0
WIPF1,0.33308864,0.0,0.0
WIPF2,0.14683624,0.0,-1.0
WIPF3,0.14604078,0.0,0.0
WIPI1,0.016523302,0.0,0.0
WIPI2,0.05523564,0.0,0.0
WIZ,0.18302375,0.0,0.0
WNK1,0.51308024,1.0,-1.0
WNK2,0.27567226,0.0,1.0
WNK4,0.37415212,0.0,-1.0
WNT1,0.47497126,0.0,-1.0
WNT10A,0.040832717,0.0,-1.0
WNT10B,0.17200875,0.0,-1.0
WNT11,0.017625736,0.0,-1.0
WNT16,0.05562697,0.0,-1.0
WNT2,0.35643134,0.0,-1.0
WNT2B,0.006980511,0.0,-1.0
WNT3A,0.010978946,0.0,-1.0
WNT4,0.545254,1.0,-1.0
WNT5A,0.051484626,0.0,-1.0
WNT5B,0.019142417,0.0,-1.0
WNT6,0.032321118,0.0,-1.0
WNT7A,0.047680087,0.0,-1.0
WNT7B,0.024800979,0.0,-1.0
WNT8A,0.17356779,0.0,-1.0
WNT9A,0.031166155,0.0,-1.0
WNT9B,0.002949564,0.0,-1.0
WRAP53,0.05588581,0.0,-1.0
WRAP73,0.16500747,0.0,-1.0
WRN,0.552434,1.0,1.0
WRNIP1,0.22886813,0.0,0.0
WSB1,0.17280892,0.0,0.0
WSB2,0.13604516,0.0,0.0
WT1,0.4418978,0.0,1.0
WT1-AS,0.11872298,0.0,0.0
WTAP,0.14320514,0.0,0.0
WTIP,0.10529118,0.0,-1.0
WWC1,0.26864484,0.0,-1.0
WWC2,0.014783761,0.0,0.0
WWOX,0.16761297,0.0,-1.0
WWP1,0.44356292,0.0,1.0
WWP2,0.2827093,0.0,0.0
WWTR1,0.14921242,0.0,1.0
XAB2,0.12429877,0.0,0.0
XAF1,0.06278252,0.0,-1.0
XAGE2,0.003510289,0.0,0.0
XBP1,0.27202642,0.0,1.0
XDH,0.065049894,0.0,-1.0
XG,0.072829604,0.0,0.0
XIAP,0.5675113,1.0,1.0
XIRP2,0.43972495,0.0,-1.0
XIST,0.14615549,0.0,0.0
XK,0.23249304,0.0,-1.0
XKR4,0.040038314,0.0,0.0
XKR7,0.03489444,0.0,0.0
XKR8,0.036819708,0.0,0.0
XKR9,0.027879147,0.0,0.0
XKRY,0.011925783,0.0,0.0
XPA,0.25350744,0.0,1.0
XPC,0.32707617,0.0,1.0
XPNPEP1,0.042577527,0.0,0.0
XPNPEP3,0.04991972,0.0,0.0
XPO1,0.49701798,0.0,1.0
XPO4,0.07707114,0.0,-1.0
XPO5,0.15248893,0.0,0.0
XPO6,0.12775956,0.0,0.0
XPO7,0.09754247,0.0,0.0
XPOT,0.08589499,0.0,0.0
XPR1,0.06408862,0.0,0.0
XRCC1,0.27820364,0.0,0.0
XRCC2,0.11198498,0.0,1.0
XRCC3,0.15789267,0.0,-1.0
XRCC4,0.44983885,0.0,0.0
XRCC5,0.6659901,1.0,-1.0
XRCC6,0.69941705,1.0,-1.0
XRN1,0.35466018,0.0,-1.0
XRN2,0.081459865,0.0,0.0
XXYLT1,0.014583004,0.0,-1.0
XYLB,0.057708997,0.0,0.0
YAE1,0.0836635,0.0,-1.0
YAF2,0.060632184,0.0,0.0
YAP1,0.58357733,1.0,1.0
YARS1,0.110487185,0.0,-1.0
YARS2,0.081200175,0.0,0.0
YBEY,0.008140633,0.0,0.0
YBX1,0.30243835,0.0,-1.0
YBX2,0.01688166,0.0,0.0
YBX3,0.19825949,0.0,-1.0
YDJC,0.18457563,0.0,0.0
YEATS4,0.21893254,0.0,-1.0
YES1,0.5152819,1.0,1.0
YIF1A,0.038244866,0.0,0.0
YIF1B,0.00873315,0.0,0.0
YIPF1,0.034932274,0.0,0.0
YIPF2,0.014018395,0.0,0.0
YIPF3,0.06014517,0.0,0.0
YIPF4,0.059039716,0.0,0.0
YIPF5,0.012035452,0.0,0.0
YIPF6,0.014904256,0.0,0.0
YJU2,0.045607463,0.0,0.0
YJU2B,0.15523264,0.0,0.0
YKT6,0.048971336,0.0,0.0
YLPM1,0.33241424,0.0,0.0
YME1L1,0.052216414,0.0,0.0
YOD1,0.094229236,0.0,0.0
YPEL1,0.14514603,0.0,0.0
YPEL3,0.04902347,0.0,-1.0
YPEL4,0.08698992,0.0,0.0
YRDC,0.029544102,0.0,0.0
YTHDC1,0.3342783,0.0,0.0
YTHDC2,0.06721474,0.0,0.0
YTHDF1,0.08973678,0.0,0.0
YTHDF2,0.07638208,0.0,-1.0
YTHDF3,0.103511214,0.0,0.0
YWHAB,0.5110539,1.0,0.0
YWHAE,0.40905094,0.0,1.0
YWHAG,0.5802287,1.0,0.0
YWHAH,0.4820102,0.0,0.0
YWHAQ,0.7740645,1.0,0.0
YWHAZ,0.6016517,1.0,0.0
YY1,0.32215187,0.0,1.0
YY1AP1,0.111516,0.0,-1.0
ZAP70,0.6431827,1.0,-1.0
ZBBX,0.06873568,0.0,0.0
ZBED1,0.19749372,0.0,0.0
ZBED2,0.04452048,0.0,0.0
ZBED3,0.006880115,0.0,0.0
ZBED5,0.090758584,0.0,0.0
ZBED9,0.05402078,0.0,0.0
ZBP1,0.14910349,0.0,0.0
ZBTB1,0.09164295,0.0,0.0
ZBTB11,0.11212753,0.0,0.0
ZBTB12,0.07320625,0.0,0.0
ZBTB14,0.029737676,0.0,0.0
ZBTB16,0.77433705,1.0,1.0
ZBTB17,0.050341275,0.0,-1.0
ZBTB18,0.14335884,0.0,0.0
ZBTB2,0.31595623,0.0,0.0
ZBTB20,0.09997985,0.0,1.0
ZBTB21,0.08778643,0.0,0.0
ZBTB22,0.09365098,0.0,0.0
ZBTB24,0.056159254,0.0,0.0
ZBTB25,0.12176702,0.0,0.0
ZBTB26,0.022657853,0.0,0.0
ZBTB3,0.5177481,1.0,0.0
ZBTB32,0.26497865,0.0,0.0
ZBTB33,0.4492341,0.0,-1.0
ZBTB34,0.042056326,0.0,0.0
ZBTB37,0.068942726,0.0,0.0
ZBTB38,0.044547584,0.0,0.0
ZBTB39,0.08764068,0.0,0.0
ZBTB4,0.1582835,0.0,0.0
ZBTB40,0.039876796,0.0,-1.0
ZBTB42,0.009016887,0.0,0.0
ZBTB43,0.09298428,0.0,0.0
ZBTB44,0.16617788,0.0,0.0
ZBTB45,0.03188194,0.0,0.0
ZBTB46,0.05595385,0.0,0.0
ZBTB47,0.20533253,0.0,0.0
ZBTB48,0.005009673,0.0,-1.0
ZBTB5,0.1024266,0.0,-1.0
ZBTB6,0.027994784,0.0,0.0
ZBTB7A,0.42749918,0.0,-1.0
ZBTB7B,0.2573223,0.0,-1.0
ZBTB8A,0.12709807,0.0,0.0
ZBTB8OS,0.02482409,0.0,0.0
ZBTB9,0.20379117,0.0,0.0
ZC2HC1A,0.015092179,0.0,0.0
ZC2HC1C,0.08004237,0.0,0.0
ZC3H10,0.09642724,0.0,0.0
ZC3H11A,0.06751372,0.0,-1.0
ZC3H12A,0.071031034,0.0,-1.0
ZC3H12C,0.0040966477,0.0,0.0
ZC3H12D,0.043554146,0.0,0.0
ZC3H13,0.30941454,0.0,-1.0
ZC3H14,0.024520176,0.0,0.0
ZC3H18,0.0463007,0.0,-1.0
ZC3H3,0.0843972,0.0,0.0
ZC3H4,0.07017122,0.0,-1.0
ZC3H6,0.06706046,0.0,0.0
ZC3H7A,0.20617111,0.0,0.0
ZC3H8,0.031439435,0.0,-1.0
ZC3HAV1,0.16920468,0.0,0.0
ZC3HAV1L,0.01658201,0.0,0.0
ZC3HC1,0.08315638,0.0,-1.0
ZC4H2,0.031276092,0.0,-1.0
ZCCHC10,0.17985159,0.0,0.0
ZCCHC12,0.089049906,0.0,-1.0
ZCCHC14,0.15347409,0.0,0.0
ZCCHC17,0.05342316,0.0,0.0
ZCCHC2,0.050018307,0.0,-1.0
ZCCHC3,0.03276791,0.0,0.0
ZCCHC4,0.044889435,0.0,0.0
ZCCHC7,0.01680527,0.0,0.0
ZCCHC8,0.26297337,0.0,-1.0
ZCCHC9,0.08659966,0.0,0.0
ZCRB1,0.065054215,0.0,-1.0
ZCWPW1,0.04028502,0.0,0.0
ZDHHC1,0.070165634,0.0,0.0
ZDHHC11,0.21156935,0.0,0.0
ZDHHC12,0.017495167,0.0,0.0
ZDHHC14,0.016546307,0.0,-1.0
ZDHHC16,0.06722993,0.0,0.0
ZDHHC17,0.12518634,0.0,0.0
ZDHHC19,0.020083336,0.0,0.0
ZDHHC2,0.02936176,0.0,-1.0
ZDHHC21,0.059451785,0.0,0.0
ZDHHC23,0.14605416,0.0,0.0
ZDHHC3,0.02027518,0.0,-1.0
ZDHHC4,0.016508825,0.0,-1.0
ZDHHC5,0.1640111,0.0,0.0
ZDHHC6,0.0057407864,0.0,0.0
ZDHHC7,0.0009597597,0.0,-1.0
ZDHHC8,0.028351434,0.0,0.0
ZEB1,0.7306764,1.0,1.0
ZEB2,0.28860778,0.0,-1.0
ZFAND2A,0.06588346,0.0,0.0
ZFAND2B,0.029059352,0.0,0.0
ZFAND3,0.061307095,0.0,0.0
ZFAND4,0.01768819,0.0,0.0
ZFAND5,0.09635106,0.0,0.0
ZFAND6,0.013087897,0.0,0.0
ZFAS1,0.14186089,0.0,0.0
ZFAT-AS1,0.021652998,0.0,0.0
ZFC3H1,0.06806864,0.0,0.0
ZFHX3,0.3524903,0.0,1.0
ZFP2,0.0035344767,0.0,0.0
ZFP3,0.034766167,0.0,0.0
ZFP30,0.07720683,0.0,0.0
ZFP36,0.3465068,0.0,-1.0
ZFP36L1,0.1936454,0.0,1.0
ZFP36L2,0.07837177,0.0,-1.0
ZFP37,0.083387814,0.0,0.0
ZFP42,0.0048498884,0.0,0.0
ZFP62,0.0007264554,0.0,0.0
ZFP64,0.24977727,0.0,-1.0
ZFP69,0.014065347,0.0,0.0
ZFP69B,0.015289849,0.0,0.0
ZFP90,0.057189964,0.0,-1.0
ZFP91,0.075020395,0.0,-1.0
ZFP91-CNTF,0.029371185,0.0,0.0
ZFP92,0.008407844,0.0,0.0
ZFPL1,0.023293074,0.0,0.0
ZFPM1,0.15992688,0.0,-1.0
ZFPM2,0.43082482,0.0,-1.0
ZFR,0.13679625,0.0,0.0
ZFTA,0.010006558,0.0,0.0
ZFY,0.026803218,0.0,0.0
ZFYVE1,0.053057287,0.0,0.0
ZFYVE16,0.024015117,0.0,0.0
ZFYVE19,0.0039157853,0.0,-1.0
ZFYVE21,0.0648775,0.0,0.0
ZFYVE26,0.13120113,0.0,-1.0
ZFYVE27,0.029279713,0.0,-1.0
ZFYVE28,0.030967407,0.0,0.0
ZFYVE9,0.16440316,0.0,0.0
ZG16B,0.011377682,0.0,0.0
ZGPAT,0.055030815,0.0,0.0
ZGRF1,0.054999437,0.0,0.0
ZHX1,0.41995987,0.0,0.0
ZHX2,0.18770143,0.0,-1.0
ZHX3,0.13898468,0.0,0.0
ZIC1,0.33607888,0.0,-1.0
ZIC2,0.09818458,0.0,-1.0
ZIC3,0.095232025,0.0,-1.0
ZIC4,0.28152105,0.0,-1.0
ZIK1,0.004703582,0.0,0.0
ZIM2,0.023240946,0.0,-1.0
ZKSCAN1,0.034837194,0.0,0.0
ZKSCAN3,0.06659529,0.0,-1.0
ZKSCAN4,0.033859443,0.0,0.0
ZKSCAN5,0.1304276,0.0,0.0
ZKSCAN7,0.04744155,0.0,0.0
ZKSCAN8,0.025735147,0.0,0.0
ZKSCAN8P1,0.043044146,0.0,0.0
ZMAT2,0.056568693,0.0,0.0
ZMAT3,0.095353544,0.0,-1.0
ZMAT4,0.0057823923,0.0,0.0
ZMAT5,0.024723707,0.0,0.0
ZMIZ1,0.20233215,0.0,-1.0
ZMIZ2,0.40447497,0.0,0.0
ZMPSTE24,0.045528013,0.0,0.0
ZMYM2,0.5139263,1.0,1.0
ZMYM3,0.18878414,0.0,1.0
ZMYM4,0.19454105,0.0,0.0
ZMYM5,0.1581239,0.0,0.0
ZMYM6,0.27218634,0.0,0.0
ZMYND10,0.0019518074,0.0,-1.0
ZMYND11,0.30897418,0.0,0.0
ZMYND19,0.021365901,0.0,0.0
ZMYND8,0.1981746,0.0,-1.0
ZNF10,0.079546586,0.0,0.0
ZNF101,0.059506148,0.0,0.0
ZNF106,0.1543852,0.0,0.0
ZNF107,0.028430348,0.0,0.0
ZNF112,0.007919309,0.0,0.0
ZNF114,0.015202878,0.0,0.0
ZNF117,0.1088805,0.0,0.0
ZNF12,0.022173937,0.0,0.0
ZNF121,0.045443285,0.0,0.0
ZNF131,0.074705474,0.0,-1.0
ZNF133,0.020339174,0.0,-1.0
ZNF134,0.0027674064,0.0,0.0
ZNF136,0.09355253,0.0,0.0
ZNF137P,0.02680175,0.0,0.0
ZNF138,0.0610563,0.0,0.0
ZNF140,0.019485718,0.0,0.0
ZNF141,0.002948053,0.0,0.0
ZNF142,0.07349298,0.0,0.0
ZNF143,0.13606128,0.0,-1.0
ZNF148,0.27858606,0.0,0.0
ZNF155,0.03165158,0.0,0.0
ZNF16,0.022599438,0.0,0.0
ZNF160,0.06700306,0.0,0.0
ZNF165,0.10510319,0.0,-1.0
ZNF169,0.020703861,0.0,0.0
ZNF174,0.036544286,0.0,0.0
ZNF175,0.07954858,0.0,0.0
ZNF177,0.05411651,0.0,0.0
ZNF180,0.013311093,0.0,-1.0
ZNF184,0.11817431,0.0,0.0
ZNF185,0.006144813,0.0,0.0
ZNF189,0.055536117,0.0,0.0
ZNF195,0.026135175,0.0,0.0
ZNF197,0.1294111,0.0,0.0
ZNF20,0.060613286,0.0,0.0
ZNF200,0.056559224,0.0,0.0
ZNF202,0.06915471,0.0,0.0
ZNF205,0.044233907,0.0,0.0
ZNF207,0.11444532,0.0,-1.0
ZNF212,0.055527255,0.0,0.0
ZNF213,0.07859296,0.0,0.0
ZNF217,0.29460475,0.0,-1.0
ZNF219,0.054812636,0.0,0.0
ZNF22,0.023144333,0.0,0.0
ZNF22-AS1,0.009048159,0.0,0.0
ZNF221,0.10512364,0.0,0.0
ZNF223,0.2193993,0.0,0.0
ZNF224,0.041394465,0.0,0.0
ZNF225,0.021523857,0.0,0.0
ZNF226,0.048482288,0.0,-1.0
ZNF227,0.07287791,0.0,-1.0
ZNF23,0.11314948,0.0,0.0
ZNF230,0.024043517,0.0,0.0
ZNF232,0.0363511,0.0,0.0
ZNF233,0.007016578,0.0,0.0
ZNF235,0.023538426,0.0,0.0
ZNF239,0.07304241,0.0,-1.0
ZNF24,0.17476644,0.0,-1.0
ZNF248,0.047033764,0.0,0.0
ZNF25,0.110691205,0.0,0.0
ZNF250,0.11522687,0.0,0.0
ZNF251,0.04105893,0.0,0.0
ZNF252P,0.012649098,0.0,0.0
ZNF252P-AS1,0.012649098,0.0,0.0
ZNF253,0.059113186,0.0,-1.0
ZNF26,0.010344991,0.0,0.0
ZNF260,0.03318598,0.0,0.0
ZNF263,0.55972224,1.0,0.0
ZNF266,0.042633336,0.0,0.0
ZNF267,0.09926504,0.0,0.0
ZNF271P,0.007180205,0.0,0.0
ZNF273,0.08119049,0.0,0.0
ZNF274,0.015037022,0.0,0.0
ZNF276,0.023267249,0.0,0.0
ZNF277,0.023740057,0.0,0.0
ZNF28,0.120646626,0.0,-1.0
ZNF280A,0.1604739,0.0,0.0
ZNF280B,0.16722178,0.0,0.0
ZNF280C,0.020662323,0.0,0.0
ZNF280D,0.10784673,0.0,0.0
ZNF281,0.3186946,0.0,-1.0
ZNF286A,0.053307172,0.0,0.0
ZNF292,0.050815556,0.0,-1.0
ZNF296,0.06490583,0.0,-1.0
ZNF3,0.04529291,0.0,0.0
ZNF300,0.08453511,0.0,0.0
ZNF302,0.064769596,0.0,0.0
ZNF317,0.03406863,0.0,0.0
ZNF318,0.2162467,0.0,-1.0
ZNF319,0.010293459,0.0,-1.0
ZNF32,0.06738847,0.0,0.0
ZNF321P,0.007826767,0.0,0.0
ZNF326,0.060622163,0.0,0.0
ZNF331,0.051824752,0.0,1.0
ZNF333,0.14158726,0.0,0.0
ZNF334,0.098479405,0.0,0.0
ZNF335,0.1622051,0.0,0.0
ZNF337,0.042932574,0.0,0.0
ZNF33A,0.059392396,0.0,-1.0
ZNF33B,0.058549814,0.0,0.0
ZNF34,0.10602159,0.0,0.0
ZNF341,0.07650078,0.0,0.0
ZNF343,0.04151437,0.0,0.0
ZNF345,0.022543661,0.0,0.0
ZNF346,0.0263582,0.0,0.0
ZNF347,0.045901135,0.0,0.0
ZNF35,0.070200615,0.0,-1.0
ZNF350,0.0695906,0.0,0.0
ZNF354A,0.027784273,0.0,0.0
ZNF354B,0.0053189117,0.0,0.0
ZNF354C,0.007612149,0.0,0.0
ZNF358,0.054703675,0.0,0.0
ZNF365,0.17064725,0.0,0.0
ZNF367,0.034289856,0.0,0.0
ZNF37A,0.022756493,0.0,0.0
ZNF37BP,0.013294314,0.0,0.0
ZNF382,0.021968551,0.0,0.0
ZNF383,0.05286377,0.0,0.0
ZNF384,0.051910527,0.0,1.0
ZNF385A,0.053536426,0.0,0.0
ZNF385B,0.051283922,0.0,0.0
ZNF394,0.015554013,0.0,0.0
ZNF395,0.19228521,0.0,0.0
ZNF396,0.12828696,0.0,0.0
ZNF397,0.08459347,0.0,0.0
ZNF398,0.07820239,0.0,0.0
ZNF407,0.25558734,0.0,0.0
ZNF408,0.16505392,0.0,0.0
ZNF41,0.029614333,0.0,-1.0
ZNF410,0.12878408,0.0,0.0
ZNF414,0.13998152,0.0,0.0
ZNF416,0.02941797,0.0,0.0
ZNF417,0.111781225,0.0,0.0
ZNF418,0.021879645,0.0,0.0
ZNF419,0.017131664,0.0,0.0
ZNF420,0.09327191,0.0,0.0
ZNF423,0.27955645,0.0,-1.0
ZNF425,0.046450846,0.0,0.0
ZNF426,0.17499727,0.0,0.0
ZNF428,0.22539206,0.0,0.0
ZNF429,0.27702418,0.0,1.0
ZNF43,0.020789575,0.0,0.0
ZNF430,0.03751376,0.0,0.0
ZNF431,0.017683128,0.0,0.0
ZNF432,0.0483231,0.0,0.0
ZNF433,0.18592559,0.0,0.0
ZNF436,0.06447036,0.0,0.0
ZNF436-AS1,0.027980935,0.0,0.0
ZNF438,0.06693306,0.0,0.0
ZNF439,0.06571218,0.0,0.0
ZNF440,0.14133929,0.0,0.0
ZNF441,0.08752134,0.0,0.0
ZNF443,0.19167073,0.0,0.0
ZNF444,0.01740491,0.0,0.0
ZNF445,0.04401526,0.0,0.0
ZNF446,0.056451187,0.0,0.0
ZNF45,0.057966787,0.0,0.0
ZNF451,0.28375754,0.0,-1.0
ZNF454,0.00864274,0.0,0.0
ZNF460,0.091175914,0.0,0.0
ZNF461,0.08647825,0.0,0.0
ZNF462,0.36763272,0.0,-1.0
ZNF467,0.013143878,0.0,0.0
ZNF468,0.08197162,0.0,0.0
ZNF471,0.04439383,0.0,-1.0
ZNF473,0.064796135,0.0,0.0
ZNF48,0.015474133,0.0,0.0
ZNF483,0.096885204,0.0,-1.0
ZNF484,0.06380093,0.0,0.0
ZNF485,0.14351594,0.0,0.0
ZNF490,0.21866079,0.0,0.0
ZNF491,0.076733194,0.0,0.0
ZNF493,0.048081566,0.0,0.0
ZNF496,0.27714866,0.0,0.0
ZNF497,0.0130214095,0.0,-1.0
ZNF500,0.022956766,0.0,0.0
ZNF501,0.09122373,0.0,0.0
ZNF502,0.12459263,0.0,0.0
ZNF503,0.24107431,0.0,-1.0
ZNF503-AS2,0.075033195,0.0,0.0
ZNF506,0.03335533,0.0,0.0
ZNF507,0.040847797,0.0,0.0
ZNF511,0.049855627,0.0,0.0
ZNF512B,0.119316764,0.0,0.0
ZNF513,0.10142295,0.0,-1.0
ZNF514,0.03577765,0.0,0.0
ZNF516,0.036618613,0.0,0.0
ZNF519,0.14667484,0.0,0.0
ZNF521,0.2158857,0.0,1.0
ZNF524,0.03392527,0.0,0.0
ZNF526,0.050301448,0.0,0.0
ZNF527,0.082561046,0.0,0.0
ZNF529,0.022626985,0.0,0.0
ZNF542P,0.0023735238,0.0,0.0
ZNF543,0.010876669,0.0,0.0
ZNF546,0.058275804,0.0,0.0
ZNF547,0.010140008,0.0,0.0
ZNF548,0.043468483,0.0,0.0
ZNF549,0.0039178054,0.0,0.0
ZNF551,0.026811501,0.0,0.0
ZNF554,0.042214353,0.0,0.0
ZNF555,0.067817405,0.0,0.0
ZNF556,0.10787403,0.0,0.0
ZNF559,0.086559124,0.0,0.0
ZNF560,0.0043448363,0.0,0.0
ZNF562,0.06125673,0.0,0.0
ZNF563,0.060674325,0.0,0.0
ZNF564,0.07233208,0.0,0.0
ZNF565,0.04621058,0.0,0.0
ZNF566,0.068411,0.0,0.0
ZNF567,0.06598962,0.0,0.0
ZNF569,0.008154726,0.0,-1.0
ZNF57,0.010871806,0.0,0.0
ZNF572,0.042161074,0.0,-1.0
ZNF574,0.028472245,0.0,0.0
ZNF576,0.029893968,0.0,0.0
ZNF577,0.034223672,0.0,0.0
ZNF579,0.039528865,0.0,0.0
ZNF580,0.13486925,0.0,0.0
ZNF581,0.092121236,0.0,0.0
ZNF582,0.097648546,0.0,0.0
ZNF584,0.028548656,0.0,0.0
ZNF585A,0.032387447,0.0,0.0
ZNF585B,0.10578112,0.0,0.0
ZNF587,0.041582666,0.0,0.0
ZNF592,0.028613921,0.0,-1.0
ZNF593,0.07453705,0.0,0.0
ZNF594,0.066286415,0.0,0.0
ZNF595,0.24640964,0.0,-1.0
ZNF596,0.060287647,0.0,0.0
ZNF597,0.14721651,0.0,0.0
ZNF598,0.023556212,0.0,0.0
ZNF599,0.042628095,0.0,0.0
ZNF600,0.09626878,0.0,0.0
ZNF605,0.0345219,0.0,-1.0
ZNF606,0.17958039,0.0,0.0
ZNF607,0.07037366,0.0,0.0
ZNF610,0.091077976,0.0,0.0
ZNF611,0.12713116,0.0,0.0
ZNF613,0.059109766,0.0,0.0
ZNF614,0.068415254,0.0,0.0
ZNF615,0.05871727,0.0,0.0
ZNF620,0.070650496,0.0,-1.0
ZNF621,0.068179004,0.0,0.0
ZNF622,0.036201727,0.0,0.0
ZNF623,0.089545965,0.0,0.0
ZNF624,0.017770693,0.0,-1.0
ZNF626,0.055731453,0.0,0.0
ZNF628,0.02783242,0.0,0.0
ZNF630,0.05940958,0.0,0.0
ZNF638,0.2505479,0.0,-1.0
ZNF639,0.10302855,0.0,0.0
ZNF641,0.059883572,0.0,0.0
ZNF644,0.057505235,0.0,-1.0
ZNF646,0.100184426,0.0,0.0
ZNF649,0.02921699,0.0,0.0
ZNF652,0.007659638,0.0,0.0
ZNF653,0.08411493,0.0,0.0
ZNF655,0.16155608,0.0,-1.0
ZNF658,0.10699055,0.0,-1.0
ZNF658B,0.03388203,0.0,0.0
ZNF668,0.07506741,0.0,-1.0
ZNF669,0.030371573,0.0,0.0
ZNF670,0.00047540522,0.0,0.0
ZNF671,0.04329382,0.0,0.0
ZNF672,0.010436042,0.0,0.0
ZNF675,0.11402614,0.0,0.0
ZNF679,0.059981495,0.0,0.0
ZNF683,0.015015616,0.0,0.0
ZNF684,0.08320406,0.0,0.0
ZNF687,0.057340957,0.0,-1.0
ZNF688,0.06245609,0.0,0.0
ZNF689,0.043030214,0.0,0.0
ZNF69,0.080504924,0.0,0.0
ZNF691,0.06398006,0.0,0.0
ZNF692,0.059335902,0.0,0.0
ZNF695,0.058715835,0.0,0.0
ZNF696,0.025272422,0.0,0.0
ZNF699,0.038453087,0.0,0.0
ZNF7,0.038888272,0.0,0.0
ZNF70,0.12212167,0.0,0.0
ZNF701,0.052755322,0.0,0.0
ZNF703,0.13343583,0.0,-1.0
ZNF707,0.017429456,0.0,0.0
ZNF71,0.024307506,0.0,0.0
ZNF711,0.07209193,0.0,-1.0
ZNF714,0.08227644,0.0,0.0
ZNF718,0.2462694,0.0,0.0
ZNF738,0.11848138,0.0,0.0
ZNF74,0.06510204,0.0,0.0
ZNF740,0.02939842,0.0,0.0
ZNF746,0.09862201,0.0,0.0
ZNF747,0.035512358,0.0,0.0
ZNF749,0.020073045,0.0,0.0
ZNF75A,0.047329698,0.0,0.0
ZNF76,0.08324446,0.0,0.0
ZNF764,0.07390298,0.0,0.0
ZNF765,0.17422129,0.0,-1.0
ZNF766,0.020365076,0.0,0.0
ZNF767P,0.032217883,0.0,0.0
ZNF768,0.04359217,0.0,0.0
ZNF77,0.075360365,0.0,0.0
ZNF770,0.03583607,0.0,-1.0
ZNF772,0.006714957,0.0,0.0
ZNF773,0.04439652,0.0,0.0
ZNF774,0.04417309,0.0,0.0
ZNF775,0.04192037,0.0,0.0
ZNF784,0.12767427,0.0,0.0
ZNF785,0.030759526,0.0,0.0
ZNF786,0.031409692,0.0,0.0
ZNF787,0.1079685,0.0,0.0
ZNF789,0.049338598,0.0,0.0
ZNF79,0.040614363,0.0,0.0
ZNF791,0.08145384,0.0,0.0
ZNF792,0.09053195,0.0,0.0
ZNF793,0.002775151,0.0,0.0
ZNF8,0.06480371,0.0,0.0
ZNF800,0.07840829,0.0,0.0
ZNF81,0.09080305,0.0,-1.0
ZNF815P,0.011935305,0.0,0.0
ZNF821,0.035111424,0.0,0.0
ZNF823,0.056113098,0.0,-1.0
ZNF826P,0.01272777,0.0,0.0
ZNF827,0.09643659,0.0,0.0
ZNF83,0.028022112,0.0,0.0
ZNF830,0.073263474,0.0,-1.0
ZNF837,0.021274695,0.0,0.0
ZNF839,0.0782799,0.0,0.0
ZNF84,0.03458238,0.0,0.0
ZNF843,0.01989543,0.0,0.0
ZNF845,0.05443043,0.0,0.0
ZNF846,0.043326568,0.0,0.0
ZNF875,0.039573953,0.0,-1.0
ZNF879,0.0029276256,0.0,0.0
ZNF92,0.0917368,0.0,0.0
ZNF93,0.04071837,0.0,0.0
ZNFX1,0.10778659,0.0,0.0
ZNHIT2,0.03324855,0.0,0.0
ZNHIT3,0.17400713,0.0,0.0
ZNRD1ASP,0.028389674,0.0,-1.0
ZNRD2,0.11420671,0.0,0.0
ZNRF1,0.15448375,0.0,0.0
ZNRF2,0.0709277,0.0,0.0
ZNRF3,0.10128482,0.0,1.0
ZNRF4,0.11850679,0.0,0.0
ZPBP,0.003731265,0.0,0.0
ZPBP2,0.14268893,0.0,-1.0
ZPR1,0.040934246,0.0,-1.0
ZRANB1,0.2944176,0.0,0.0
ZRANB2,0.1724386,0.0,0.0
ZRANB3,0.03063366,0.0,-1.0
ZSCAN1,0.49973375,0.0,0.0
ZSCAN12,0.032975975,0.0,0.0
ZSCAN12P1,0.0070210113,0.0,0.0
ZSCAN16,0.037506014,0.0,0.0
ZSCAN18,0.17013305,0.0,0.0
ZSCAN20,0.21774772,0.0,0.0
ZSCAN21,0.08937955,0.0,0.0
ZSCAN22,0.029791104,0.0,-1.0
ZSCAN25,0.01617692,0.0,0.0
ZSCAN26,0.06633647,0.0,0.0
ZSCAN30,0.007180205,0.0,0.0
ZSCAN31,0.14788267,0.0,-1.0
ZSCAN32,0.07013014,0.0,0.0
ZSCAN9,0.048822947,0.0,0.0
ZSWIM1,0.052137617,0.0,0.0
ZSWIM2,0.07718311,0.0,0.0
ZSWIM3,0.05144794,0.0,-1.0
ZSWIM4,0.06887886,0.0,0.0
ZSWIM6,0.04973712,0.0,-1.0
ZSWIM7,0.024740683,0.0,-1.0
ZUP1,0.056727115,0.0,0.0
ZW10,0.11310751,0.0,0.0
ZWILCH,0.058056552,0.0,-1.0
ZWINT,0.45613408,0.0,-1.0
ZXDB,0.038957927,0.0,0.0
ZXDC,0.059320364,0.0,0.0
ZYG11B,0.020420322,0.0,0.0
ZYX,0.3116232,0.0,0.0
ZZEF1,0.23946822,0.0,-1.0
ZZZ3,0.12695627,0.0,0.0
