gene,percent,binary,true
A1BG,0.19008246,0.0,0.0
A1CF,0.2002188,0.0,1.0
A2M,0.34758916,0.0,0.0
A2ML1,0.22543511,0.0,-1.0
A4GALT,0.19087023,0.0,0.0
A4GNT,0.07910196,0.0,0.0
AAAS,0.4012084,0.0,-1.0
AACS,0.15092319,0.0,0.0
AADAC,0.10057578,0.0,0.0
AADACL2,0.17162119,0.0,0.0
AADACL3,0.13663101,0.0,0.0
AADACL4,0.119692594,0.0,-1.0
AADAT,0.1217908,0.0,0.0
AAGAB,0.15925413,0.0,0.0
AAK1,0.4241945,0.0,0.0
AAMDC,0.14045006,0.0,0.0
AAMP,0.13324888,0.0,-1.0
AANAT,0.22432917,0.0,-1.0
AAR2,0.13392206,0.0,0.0
AARD,0.18787898,0.0,0.0
AARS1,0.21621524,0.0,-1.0
AARS2,0.19136363,0.0,-1.0
AASDH,0.2996334,0.0,0.0
AASDHPPT,0.28253075,0.0,0.0
AASS,0.16212794,0.0,-1.0
AATK,0.19675171,0.0,0.0
ABAT,0.1571263,0.0,0.0
ABCA1,0.3837672,0.0,-1.0
ABCA10,0.23726413,0.0,-1.0
ABCA12,0.28384903,0.0,-1.0
ABCA13,0.23022024,0.0,-1.0
ABCA2,0.2804647,0.0,0.0
ABCA3,0.2863746,0.0,-1.0
ABCA4,0.3505222,0.0,-1.0
ABCA5,0.24571036,0.0,0.0
ABCA6,0.23696958,0.0,0.0
ABCA7,0.27778506,0.0,-1.0
ABCA8,0.22838394,0.0,0.0
ABCA9,0.2572585,0.0,0.0
ABCB1,0.3399293,0.0,-1.0
ABCB10,0.20755687,0.0,-1.0
ABCB11,0.20287676,0.0,-1.0
ABCB4,0.24291535,0.0,-1.0
ABCB5,0.26977265,0.0,-1.0
ABCB6,0.3199838,0.0,0.0
ABCB7,0.29993314,0.0,-1.0
ABCB8,0.19159073,0.0,-1.0
ABCB9,0.20132111,0.0,0.0
ABCC1,0.23947422,0.0,-1.0
ABCC10,0.19624132,0.0,-1.0
ABCC11,0.20696642,0.0,-1.0
ABCC12,0.20622584,0.0,0.0
ABCC2,0.21317264,0.0,-1.0
ABCC3,0.19682333,0.0,-1.0
ABCC4,0.1845657,0.0,0.0
ABCC5,0.19585869,0.0,-1.0
ABCC6,0.2582483,0.0,-1.0
ABCC8,0.34887782,0.0,-1.0
ABCC9,0.23300304,0.0,-1.0
ABCD1,0.35627705,0.0,-1.0
ABCD2,0.2954518,0.0,0.0
ABCD3,0.2328011,0.0,0.0
ABCD4,0.2564469,0.0,0.0
ABCE1,0.4066734,0.0,0.0
ABCF1,0.15547366,0.0,-1.0
ABCF2,0.15839015,0.0,-1.0
ABCF3,0.13201916,0.0,0.0
ABCG1,0.4018036,0.0,0.0
ABCG2,0.4525753,0.0,-1.0
ABCG5,0.2436235,0.0,0.0
ABCG8,0.26070997,0.0,-1.0
ABHD1,0.17597035,0.0,0.0
ABHD10,0.13792334,0.0,0.0
ABHD11,0.12632558,0.0,0.0
ABHD12,0.15858789,0.0,0.0
ABHD12B,0.14697506,0.0,0.0
ABHD13,0.24479705,0.0,0.0
ABHD14A,0.13306037,0.0,0.0
ABHD14A-ACY1,0.1726554,0.0,0.0
ABHD14B,0.13243897,0.0,0.0
ABHD15,0.090017505,0.0,-1.0
ABHD16A,0.18256928,0.0,0.0
ABHD16B,0.06341472,0.0,0.0
ABHD17A,0.13459376,0.0,0.0
ABHD17B,0.14828493,0.0,0.0
ABHD17C,0.18204659,0.0,0.0
ABHD18,0.23805694,0.0,0.0
ABHD2,0.18984458,0.0,-1.0
ABHD3,0.2876141,0.0,0.0
ABHD4,0.1228933,0.0,0.0
ABHD5,0.14162841,0.0,0.0
ABHD6,0.14257036,0.0,0.0
ABHD8,0.080250405,0.0,0.0
ABI1,0.4278986,0.0,1.0
ABI2,0.44255975,0.0,0.0
ABI3,0.33411786,0.0,-1.0
ABI3BP,0.18995894,0.0,0.0
ABITRAM,0.18277861,0.0,0.0
ABL1,0.7295469,1.0,1.0
ABL2,0.41172838,0.0,1.0
ABLIM2,0.08158154,0.0,-1.0
ABLIM3,0.20810327,0.0,0.0
ABR,0.39911094,0.0,-1.0
ABRA,0.28282142,0.0,0.0
ABRACL,0.18846278,0.0,0.0
ABRAXAS1,0.37660882,0.0,1.0
ABRAXAS2,0.22798741,0.0,0.0
ABT1,0.11876886,0.0,0.0
ABTB1,0.30834907,0.0,0.0
ABTB2,0.18135439,0.0,-1.0
ACAA1,0.12722038,0.0,0.0
ACAA2,0.112656094,0.0,0.0
ACACB,0.21425545,0.0,0.0
ACAD10,0.12060492,0.0,0.0
ACAD11,0.113840945,0.0,0.0
ACAD8,0.14494391,0.0,-1.0
ACAD9,0.10982249,0.0,-1.0
ACADL,0.12026724,0.0,0.0
ACADM,0.16988671,0.0,-1.0
ACADS,0.1392317,0.0,-1.0
ACADSB,0.13503781,0.0,-1.0
ACADVL,0.13511641,0.0,-1.0
ACAN,0.4093561,0.0,-1.0
ACAP1,0.34271234,0.0,-1.0
ACAP2,0.48475134,0.0,0.0
ACAP3,0.3139247,0.0,0.0
ACAT1,0.14295584,0.0,0.0
ACAT2,0.1425694,0.0,0.0
ACBD3,0.23602563,0.0,0.0
ACBD4,0.17345898,0.0,0.0
ACBD5,0.16771589,0.0,0.0
ACBD6,0.14749259,0.0,0.0
ACBD7,0.1868115,0.0,0.0
ACCS,0.13315812,0.0,-1.0
ACCSL,0.12968658,0.0,0.0
ACD,0.38715148,0.0,-1.0
ACE,0.5093037,1.0,-1.0
ACE2,0.35756686,0.0,0.0
ACER1,0.20669763,0.0,0.0
ACER2,0.14951445,0.0,0.0
ACER3,0.19517697,0.0,0.0
ACHE,0.49583107,0.0,-1.0
ACIN1,0.32665828,0.0,0.0
ACKR1,0.38840297,0.0,0.0
ACKR3,0.26366678,0.0,1.0
ACKR4,0.26018,0.0,0.0
ACLY,0.17422579,0.0,-1.0
ACMSD,0.11363778,0.0,0.0
ACO1,0.21579646,0.0,-1.0
ACO2,0.2070366,0.0,-1.0
ACOT1,0.19505772,0.0,0.0
ACOT11,0.3186665,0.0,0.0
ACOT12,0.10954406,0.0,0.0
ACOT13,0.14062642,0.0,0.0
ACOT2,0.1612729,0.0,0.0
ACOT4,0.12810339,0.0,0.0
ACOT6,0.1198923,0.0,0.0
ACOT7,0.2932515,0.0,0.0
ACOT8,0.31724858,0.0,0.0
ACOT9,0.29493156,0.0,0.0
ACOX1,0.14923893,0.0,-1.0
ACOX2,0.122522965,0.0,0.0
ACOX3,0.12952417,0.0,0.0
ACOXL,0.11034105,0.0,-1.0
ACP1,0.3660921,0.0,0.0
ACP2,0.2552012,0.0,0.0
ACP3,0.30804396,0.0,0.0
ACP4,0.22444272,0.0,0.0
ACP5,0.529269,1.0,0.0
ACP7,0.23224145,0.0,0.0
ACR,0.19030647,0.0,0.0
ACRBP,0.19256407,0.0,0.0
ACRV1,0.18476243,0.0,0.0
ACSBG1,0.24903625,0.0,0.0
ACSF2,0.15621999,0.0,0.0
ACSF3,0.16365784,0.0,0.0
ACSL1,0.21887128,0.0,0.0
ACSL3,0.18105237,0.0,1.0
ACSL4,0.2537359,0.0,-1.0
ACSL5,0.17728387,0.0,-1.0
ACSL6,0.17998485,0.0,-1.0
ACSM1,0.24553333,0.0,-1.0
ACSM2A,0.13312037,0.0,-1.0
ACSM2B,0.09750951,0.0,0.0
ACSM3,0.15508218,0.0,0.0
ACSM4,0.123462275,0.0,-1.0
ACSM5,0.084354684,0.0,0.0
ACSM6,0.14721413,0.0,0.0
ACSS1,0.12425159,0.0,0.0
ACSS2,0.13546042,0.0,0.0
ACSS3,0.12664735,0.0,0.0
ACTA1,0.5967768,1.0,-1.0
ACTA2,0.61977404,1.0,-1.0
ACTB,0.7098135,1.0,-1.0
ACTBL2,0.36028934,0.0,0.0
ACTC1,0.46590933,0.0,-1.0
ACTG1,0.47536728,0.0,1.0
ACTG2,0.43331385,0.0,0.0
ACTL10,0.33387184,0.0,0.0
ACTL6A,0.4914479,0.0,-1.0
ACTL6B,0.44716698,0.0,-1.0
ACTL7A,0.3273144,0.0,0.0
ACTL7B,0.32974413,0.0,-1.0
ACTL8,0.35517222,0.0,0.0
ACTL9,0.33416438,0.0,-1.0
ACTN1,0.48496053,0.0,0.0
ACTN2,0.4700326,0.0,-1.0
ACTN4,0.50090784,1.0,-1.0
ACTR10,0.3765879,0.0,0.0
ACTR1A,0.3981167,0.0,0.0
ACTR1B,0.3818585,0.0,0.0
ACTR2,0.4353375,0.0,0.0
ACTR3,0.4205333,0.0,0.0
ACTR3B,0.3403099,0.0,0.0
ACTR3C,0.34730402,0.0,0.0
ACTR5,0.2971566,0.0,0.0
ACTR6,0.20305157,0.0,0.0
ACTR8,0.33188143,0.0,0.0
ACTRT1,0.344014,0.0,0.0
ACTRT2,0.32692564,0.0,0.0
ACTRT3,0.33740446,0.0,0.0
ACVR1,0.56389135,1.0,1.0
ACVR1B,0.56816953,1.0,1.0
ACVR1C,0.4330941,0.0,0.0
ACVR2A,0.5083415,1.0,1.0
ACVR2B,0.47941625,0.0,-1.0
ACVRL1,0.5464349,1.0,-1.0
ACY1,0.12009496,0.0,-1.0
ACY3,0.13646789,0.0,0.0
ACYP1,0.15884763,0.0,0.0
ACYP2,0.15221564,0.0,0.0
ADA,0.5069492,1.0,0.0
ADA2,0.28859496,0.0,0.0
ADAD1,0.21001112,0.0,0.0
ADAD2,0.20795181,0.0,0.0
ADAL,0.20761806,0.0,0.0
ADAM10,0.612262,1.0,-1.0
ADAM11,0.2375045,0.0,0.0
ADAM12,0.4355821,0.0,-1.0
ADAM15,0.35968614,0.0,0.0
ADAM17,0.61006063,1.0,-1.0
ADAM18,0.22846085,0.0,0.0
ADAM19,0.3426504,0.0,0.0
ADAM2,0.27887774,0.0,-1.0
ADAM20,0.18122694,0.0,0.0
ADAM22,0.30318215,0.0,-1.0
ADAM23,0.27001342,0.0,-1.0
ADAM28,0.26662633,0.0,0.0
ADAM29,0.177313,0.0,-1.0
ADAM30,0.18155082,0.0,0.0
ADAM32,0.22200824,0.0,0.0
ADAM33,0.21518195,0.0,-1.0
ADAM7,0.00082039594,0.0,-1.0
ADAM8,0.36418325,0.0,0.0
ADAM9,0.46444437,0.0,-1.0
ADAMDEC1,0.1308346,0.0,0.0
ADAMTS1,0.411588,0.0,-1.0
ADAMTS10,0.27110675,0.0,-1.0
ADAMTS12,0.26507962,0.0,-1.0
ADAMTS13,0.41534248,0.0,-1.0
ADAMTS14,0.20877124,0.0,0.0
ADAMTS15,0.2230871,0.0,-1.0
ADAMTS16,0.2207491,0.0,0.0
ADAMTS17,0.2285402,0.0,-1.0
ADAMTS18,0.2804535,0.0,-1.0
ADAMTS19,0.25847927,0.0,-1.0
ADAMTS2,0.37918437,0.0,-1.0
ADAMTS20,0.2272093,0.0,-1.0
ADAMTS3,0.25403383,0.0,-1.0
ADAMTS4,0.32940158,0.0,0.0
ADAMTS5,0.42860374,0.0,-1.0
ADAMTS6,0.26742208,0.0,-1.0
ADAMTS7,0.24634947,0.0,0.0
ADAMTS8,0.30311233,0.0,0.0
ADAMTS9,0.2801454,0.0,-1.0
ADAMTSL1,0.25767466,0.0,0.0
ADAMTSL2,0.20963551,0.0,0.0
ADAMTSL3,0.3433337,0.0,-1.0
ADAMTSL4,0.20815921,0.0,-1.0
ADAMTSL5,0.18905891,0.0,0.0
ADAP1,0.3233858,0.0,0.0
ADAP2,0.32527685,0.0,0.0
ADAR,0.52193123,1.0,0.0
ADARB1,0.29669896,0.0,0.0
ADARB2,0.26942718,0.0,-1.0
ADAT1,0.25353685,0.0,0.0
ADAT2,0.1843558,0.0,0.0
ADAT3,0.15123494,0.0,0.0
ADCK1,0.2553776,0.0,-1.0
ADCK2,0.2519165,0.0,0.0
ADCK5,0.26818922,0.0,0.0
ADCY1,0.31630546,0.0,-1.0
ADCY10,0.54062223,1.0,0.0
ADCY2,0.34441552,0.0,-1.0
ADCY3,0.36313748,0.0,-1.0
ADCY4,0.31226957,0.0,-1.0
ADCY5,0.32212028,0.0,-1.0
ADCY6,0.32428223,0.0,-1.0
ADCY7,0.31711185,0.0,-1.0
ADCY8,0.3322999,0.0,-1.0
ADCY9,0.31091955,0.0,-1.0
ADCYAP1,0.36432955,0.0,-1.0
ADCYAP1R1,0.22188082,0.0,0.0
ADD1,0.36563754,0.0,0.0
ADD2,0.21340075,0.0,-1.0
ADD3,0.34006438,0.0,-1.0
ADGB,0.21144825,0.0,-1.0
ADGRA1,0.35735568,0.0,-1.0
ADGRA2,0.3399948,0.0,-1.0
ADGRA3,0.36935398,0.0,0.0
ADGRB1,0.30708042,0.0,0.0
ADGRB2,0.17099987,0.0,0.0
ADGRB3,0.3026371,0.0,-1.0
ADGRD1,0.25125602,0.0,-1.0
ADGRD2,0.1336681,0.0,0.0
ADGRE1,0.33480024,0.0,0.0
ADGRE2,0.3125999,0.0,0.0
ADGRE3,0.1803278,0.0,0.0
ADGRE5,0.3313658,0.0,-1.0
ADGRF1,0.07895227,0.0,0.0
ADGRF2,0.189567,0.0,-1.0
ADGRF3,0.13081418,0.0,0.0
ADGRF4,0.17741789,0.0,0.0
ADGRF5,0.19041508,0.0,0.0
ADGRG2,0.117786646,0.0,0.0
ADGRG3,0.1273334,0.0,0.0
ADGRG4,0.30775088,0.0,-1.0
ADGRG5,0.116461754,0.0,0.0
ADGRG6,0.35738716,0.0,-1.0
ADGRG7,0.19517265,0.0,0.0
ADGRL1,0.17411388,0.0,-1.0
ADGRL2,0.1925868,0.0,-1.0
ADGRL3,0.37963688,0.0,-1.0
ADGRL4,0.35783643,0.0,0.0
ADGRV1,0.27807894,0.0,-1.0
ADH1A,0.11720942,0.0,0.0
ADH1B,0.14739585,0.0,-1.0
ADH4,0.07940637,0.0,0.0
ADH5,0.1798478,0.0,-1.0
ADH6,0.06775754,0.0,0.0
ADH7,0.14943129,0.0,0.0
ADHFE1,0.23385133,0.0,0.0
ADI1,0.4420903,0.0,0.0
ADIG,0.17581283,0.0,-1.0
ADIPOQ,0.45615202,0.0,-1.0
ADIPOR1,0.30427957,0.0,-1.0
ADIPOR2,0.2590252,0.0,0.0
ADIRF,0.27259293,0.0,0.0
ADK,0.20060164,0.0,0.0
ADM,0.47742498,0.0,0.0
ADM2,0.2786602,0.0,0.0
ADM5,0.25362816,0.0,0.0
ADNP,0.31422248,0.0,-1.0
ADNP2,0.06101667,0.0,0.0
ADO,0.2745287,0.0,0.0
ADORA1,0.26748705,0.0,0.0
ADORA2A,0.35185143,0.0,0.0
ADORA2B,0.25601262,0.0,0.0
ADPGK,0.21875937,0.0,0.0
ADPRH,0.21669388,0.0,0.0
ADPRHL1,0.16793014,0.0,0.0
ADPRM,0.16561057,0.0,0.0
ADPRS,0.20268495,0.0,0.0
ADRA1A,0.18054801,0.0,-1.0
ADRA1B,0.24488145,0.0,-1.0
ADRA1D,0.23029357,0.0,0.0
ADRA2A,0.17155747,0.0,0.0
ADRA2C,0.16722772,0.0,0.0
ADRB1,0.3432586,0.0,0.0
ADRB2,0.41896835,0.0,-1.0
ADRB3,0.23783362,0.0,-1.0
ADRM1,0.25195926,0.0,0.0
ADSL,0.18248649,0.0,0.0
ADSS1,0.14880285,0.0,0.0
ADSS2,0.16167851,0.0,0.0
ADTRP,0.20268619,0.0,0.0
AEBP1,0.31050634,0.0,0.0
AEBP2,0.29121724,0.0,0.0
AEN,0.33654702,0.0,0.0
AFAP1,0.31947428,0.0,0.0
AFAP1L1,0.22406934,0.0,0.0
AFAP1L2,0.2486556,0.0,-1.0
AFDN,0.5026473,1.0,1.0
AFF1,0.5388777,1.0,1.0
AFF2,0.44049832,0.0,-1.0
AFF4,0.42817876,0.0,1.0
AFG1L,0.26155734,0.0,0.0
AFG3L2,0.2071843,0.0,-1.0
AFM,0.085088104,0.0,-1.0
AFMID,0.14406274,0.0,-1.0
AFP,0.4728891,0.0,-1.0
AFTPH,0.25586352,0.0,0.0
AGA,0.37685466,0.0,-1.0
AGAP1,0.33850333,0.0,0.0
AGAP2,0.3486036,0.0,-1.0
AGAP3,0.32999194,0.0,0.0
AGAP4,0.31934923,0.0,0.0
AGAP5,0.3340375,0.0,0.0
AGBL1,0.2082354,0.0,0.0
AGBL3,0.1922817,0.0,-1.0
AGBL4,0.17550112,0.0,0.0
AGBL5,0.18341249,0.0,-1.0
AGER,0.3879216,0.0,-1.0
AGFG1,0.5486295,1.0,0.0
AGFG2,0.2388782,0.0,0.0
AGGF1,0.34446818,0.0,-1.0
AGK,0.19412631,0.0,0.0
AGL,0.3716133,0.0,-1.0
AGMAT,0.06873581,0.0,0.0
AGMO,0.08881458,0.0,0.0
AGO1,0.48419833,0.0,1.0
AGO2,0.5948809,1.0,-1.0
AGO3,0.4029672,0.0,0.0
AGO4,0.4260248,0.0,-1.0
AGPAT1,0.13571498,0.0,0.0
AGPAT2,0.1460073,0.0,-1.0
AGPAT3,0.118511,0.0,0.0
AGPAT4,0.10694474,0.0,0.0
AGPAT5,0.120939724,0.0,0.0
AGPS,0.25037783,0.0,-1.0
AGR2,0.2490214,0.0,0.0
AGR3,0.19484098,0.0,0.0
AGRN,0.47020125,0.0,0.0
AGRP,0.34535632,0.0,-1.0
AGT,0.31595346,0.0,-1.0
AGTPBP1,0.3619494,0.0,0.0
AGTR1,0.44935548,0.0,-1.0
AGTR2,0.3540553,0.0,-1.0
AGTRAP,0.22210951,0.0,0.0
AGXT,0.19307561,0.0,-1.0
AGXT2,0.07580964,0.0,0.0
AHCTF1,0.32935607,0.0,-1.0
AHCY,0.21980266,0.0,0.0
AHCYL1,0.20760474,0.0,0.0
AHCYL2,0.14194259,0.0,-1.0
AHDC1,0.12344807,0.0,0.0
AHI1,0.37129125,0.0,-1.0
AHNAK,0.34427956,0.0,-1.0
AHNAK2,0.22566095,0.0,-1.0
AHR,0.45940554,0.0,-1.0
AHRR,0.23937404,0.0,0.0
AHSA1,0.21366428,0.0,-1.0
AHSA2P,0.22126944,0.0,0.0
AHSG,0.14446665,0.0,0.0
AHSP,0.24943085,0.0,0.0
AICDA,0.4891854,0.0,-1.0
AIDA,0.14676566,0.0,0.0
AIF1,0.5022451,1.0,0.0
AIF1L,0.16525944,0.0,0.0
AIFM1,0.22802947,0.0,-1.0
AIFM2,0.19026819,0.0,-1.0
AIFM3,0.13312343,0.0,0.0
AIG1,0.20044336,0.0,0.0
AIM2,0.35713878,0.0,0.0
AIMP1,0.17821422,0.0,0.0
AIMP2,0.19527633,0.0,0.0
AIP,0.39014,0.0,-1.0
AIPL1,0.22679964,0.0,-1.0
AIRE,0.52215064,1.0,-1.0
AJAP1,0.104541995,0.0,-1.0
AJM1,0.2435528,0.0,0.0
AJUBA,0.41860566,0.0,1.0
AK1,0.22142892,0.0,-1.0
AK2,0.26537672,0.0,-1.0
AK3,0.21724704,0.0,0.0
AK4,0.21645252,0.0,0.0
AK5,0.20107415,0.0,0.0
AK7,0.18812,0.0,0.0
AK8,0.19957075,0.0,-1.0
AK9,0.23512441,0.0,0.0
AKAP1,0.419828,0.0,0.0
AKAP10,0.37367734,0.0,-1.0
AKAP11,0.32359806,0.0,-1.0
AKAP12,0.3794574,0.0,-1.0
AKAP13,0.51886547,1.0,-1.0
AKAP14,0.279478,0.0,0.0
AKAP17A,0.374293,0.0,0.0
AKAP3,0.19283214,0.0,0.0
AKAP4,0.20495573,0.0,0.0
AKAP5,0.41066507,0.0,0.0
AKAP6,0.36368215,0.0,-1.0
AKAP7,0.354087,0.0,0.0
AKAP8,0.3242606,0.0,-1.0
AKAP8L,0.2547701,0.0,0.0
AKAP9,0.48607948,0.0,-1.0
AKIP1,0.2101842,0.0,0.0
AKIRIN1,0.16909952,0.0,0.0
AKIRIN2,0.16142248,0.0,0.0
AKNA,0.23450631,0.0,0.0
AKNAD1,0.19569376,0.0,0.0
AKR1A1,0.14564684,0.0,0.0
AKR1B1,0.33728972,0.0,0.0
AKR1B10,0.2554816,0.0,-1.0
AKR1B15,0.12858169,0.0,0.0
AKR1C1,0.17348842,0.0,0.0
AKR1C2,0.21065576,0.0,-1.0
AKR1C3,0.2084297,0.0,-1.0
AKR1C4,0.08150956,0.0,0.0
AKR1D1,0.10147072,0.0,-1.0
AKR1E2,0.15062353,0.0,0.0
AKR7A2,0.22155721,0.0,0.0
AKR7A3,0.14398333,0.0,0.0
AKT1,0.71795356,1.0,1.0
AKT1S1,0.3988872,0.0,-1.0
AKT2,0.57152295,1.0,1.0
AKT3,0.48908746,0.0,1.0
AKTIP,0.4563617,0.0,0.0
ALAD,0.23920439,0.0,-1.0
ALAS1,0.19282354,0.0,0.0
ALAS2,0.20381412,0.0,-1.0
ALB,0.50746053,1.0,-1.0
ALCAM,0.5389224,1.0,-1.0
ALDH16A1,0.108505495,0.0,0.0
ALDH18A1,0.14954007,0.0,0.0
ALDH1A1,0.18959318,0.0,-1.0
ALDH1A2,0.24075213,0.0,0.0
ALDH1A3,0.12883006,0.0,0.0
ALDH1B1,0.106394306,0.0,0.0
ALDH1L1,0.11426173,0.0,-1.0
ALDH1L2,0.10996149,0.0,0.0
ALDH2,0.14858134,0.0,-1.0
ALDH3A1,0.105843246,0.0,0.0
ALDH3A2,0.1684236,0.0,-1.0
ALDH3B2,0.099215545,0.0,0.0
ALDH4A1,0.09128298,0.0,0.0
ALDH5A1,0.11096901,0.0,-1.0
ALDH6A1,0.07278294,0.0,0.0
ALDH7A1,0.2406023,0.0,0.0
ALDH8A1,0.09535731,0.0,0.0
ALDH9A1,0.09906462,0.0,0.0
ALDOA,0.27050638,0.0,-1.0
ALDOB,0.19523089,0.0,-1.0
ALDOC,0.23170267,0.0,0.0
ALG1,0.19370434,0.0,-1.0
ALG10,0.17494734,0.0,0.0
ALG10B,0.1727096,0.0,0.0
ALG11,0.26273498,0.0,-1.0
ALG12,0.08731008,0.0,-1.0
ALG13,0.3599179,0.0,0.0
ALG14,0.108073905,0.0,-1.0
ALG1L,0.19925824,0.0,0.0
ALG2,0.19466907,0.0,-1.0
ALG3,0.2729616,0.0,-1.0
ALG5,0.17549017,0.0,0.0
ALG6,0.14233916,0.0,-1.0
ALG8,0.12821315,0.0,-1.0
ALG9,0.10545892,0.0,-1.0
ALK,0.6015988,1.0,1.0
ALKAL1,0.18336608,0.0,0.0
ALKAL2,0.13433558,0.0,0.0
ALKBH1,0.2913085,0.0,0.0
ALKBH2,0.23164119,0.0,0.0
ALKBH3,0.26729408,0.0,0.0
ALKBH4,0.2022179,0.0,0.0
ALKBH5,0.2149321,0.0,0.0
ALKBH6,0.12125941,0.0,-1.0
ALKBH7,0.1468811,0.0,0.0
ALKBH8,0.15587887,0.0,0.0
ALLC,0.32095593,0.0,-1.0
ALOX12,0.25439876,0.0,-1.0
ALOX12B,0.18775763,0.0,1.0
ALOX15,0.29710728,0.0,-1.0
ALOX15B,0.116201974,0.0,0.0
ALOX5,0.37088478,0.0,-1.0
ALOX5AP,0.2774575,0.0,-1.0
ALOXE3,0.29886523,0.0,-1.0
ALPG,0.32900196,0.0,0.0
ALPI,0.3509833,0.0,0.0
ALPK1,0.33798966,0.0,-1.0
ALPK2,0.30158368,0.0,-1.0
ALPK3,0.2365415,0.0,0.0
ALPL,0.41783416,0.0,-1.0
ALPP,0.38518578,0.0,0.0
ALS2,0.39795995,0.0,-1.0
ALS2CL,0.248332,0.0,-1.0
ALX1,0.34371778,0.0,0.0
ALX3,0.44716945,0.0,0.0
ALX4,0.4872894,0.0,-1.0
ALYREF,0.5402419,1.0,-1.0
AMACR,0.24129102,0.0,0.0
AMBN,0.18386842,0.0,-1.0
AMBP,0.29483235,0.0,0.0
AMBRA1,0.30278865,0.0,-1.0
AMD1,0.27470633,0.0,0.0
AMDHD1,0.1277402,0.0,0.0
AMDHD2,0.14785951,0.0,0.0
AMELX,0.34849364,0.0,-1.0
AMELY,0.35359076,0.0,0.0
AMER1,0.35162959,0.0,1.0
AMER2,0.13598676,0.0,0.0
AMER3,0.13067597,0.0,0.0
AMFR,0.35856685,0.0,-1.0
AMH,0.5455887,1.0,-1.0
AMHR2,0.37960517,0.0,-1.0
AMIGO1,0.28505242,0.0,0.0
AMIGO2,0.17981003,0.0,0.0
AMIGO3,0.11862863,0.0,0.0
AMMECR1,0.31073818,0.0,0.0
AMMECR1L,0.138609,0.0,0.0
AMN,0.15175083,0.0,-1.0
AMN1,0.10881644,0.0,0.0
AMOT,0.36203197,0.0,-1.0
AMOTL1,0.24299444,0.0,-1.0
AMOTL2,0.25238615,0.0,0.0
AMPD1,0.28247592,0.0,0.0
AMPD2,0.23253138,0.0,0.0
AMPD3,0.22140224,0.0,0.0
AMPH,0.46540543,0.0,-1.0
AMT,0.17799173,0.0,-1.0
AMTN,0.10467352,0.0,0.0
AMY1A,0.13956442,0.0,0.0
AMY1B,0.14570843,0.0,0.0
AMY1C,0.15329888,0.0,0.0
AMY2A,0.2509081,0.0,0.0
AMY2B,0.20585953,0.0,-1.0
AMZ1,0.12985358,0.0,0.0
AMZ2,0.13504805,0.0,0.0
ANAPC1,0.34294418,0.0,0.0
ANAPC10,0.32898784,0.0,0.0
ANAPC11,0.24740277,0.0,0.0
ANAPC13,0.22752678,0.0,0.0
ANAPC15,0.2910559,0.0,0.0
ANAPC16,0.2776904,0.0,0.0
ANAPC2,0.3146955,0.0,0.0
ANAPC4,0.34987006,0.0,0.0
ANAPC5,0.3741913,0.0,0.0
ANAPC7,0.28880376,0.0,0.0
ANG,0.30912718,0.0,-1.0
ANGEL1,0.32439914,0.0,0.0
ANGEL2,0.32076156,0.0,0.0
ANGPT1,0.5416134,1.0,-1.0
ANGPT2,0.51794016,1.0,0.0
ANGPT4,0.28489214,0.0,0.0
ANGPTL1,0.26765242,0.0,0.0
ANGPTL2,0.30412596,0.0,0.0
ANGPTL3,0.103684135,0.0,-1.0
ANGPTL4,0.34205937,0.0,0.0
ANGPTL5,0.25172165,0.0,0.0
ANGPTL6,0.31838486,0.0,0.0
ANGPTL7,0.22165585,0.0,0.0
ANGPTL8,0.062065504,0.0,0.0
ANHX,0.19517015,0.0,0.0
ANK1,0.41931203,0.0,1.0
ANK2,0.4142375,0.0,-1.0
ANK3,0.4506146,0.0,-1.0
ANKAR,0.20840138,0.0,0.0
ANKDD1B,0.2992412,0.0,0.0
ANKEF1,0.31796184,0.0,0.0
ANKFN1,0.18364033,0.0,0.0
ANKFY1,0.41918227,0.0,0.0
ANKH,0.41406342,0.0,-1.0
ANKHD1,0.45594314,0.0,-1.0
ANKHD1-EIF4EBP3,0.32498333,0.0,0.0
ANKIB1,0.30955282,0.0,0.0
ANKK1,0.30744532,0.0,0.0
ANKLE1,0.1478769,0.0,0.0
ANKLE2,0.2168303,0.0,-1.0
ANKMY1,0.050007,0.0,0.0
ANKMY2,0.16333708,0.0,0.0
ANKRA2,0.31679097,0.0,0.0
ANKRD1,0.35554725,0.0,-1.0
ANKRD10,0.31548846,0.0,0.0
ANKRD11,0.37540057,0.0,1.0
ANKRD12,0.33993667,0.0,-1.0
ANKRD13A,0.30714592,0.0,-1.0
ANKRD13B,0.19086517,0.0,0.0
ANKRD13C,0.2654852,0.0,0.0
ANKRD13D,0.14472516,0.0,0.0
ANKRD16,0.29866868,0.0,-1.0
ANKRD17,0.42906034,0.0,-1.0
ANKRD18A,0.30763787,0.0,-1.0
ANKRD18B,0.3119741,0.0,0.0
ANKRD2,0.34440833,0.0,0.0
ANKRD20A2P,0.3048608,0.0,0.0
ANKRD20A4P,0.30189925,0.0,0.0
ANKRD22,0.31041846,0.0,0.0
ANKRD23,0.3293663,0.0,0.0
ANKRD24,0.2900805,0.0,-1.0
ANKRD26,0.3389609,0.0,-1.0
ANKRD27,0.31731096,0.0,0.0
ANKRD28,0.34595695,0.0,0.0
ANKRD29,0.30976292,0.0,0.0
ANKRD30A,0.33172637,0.0,0.0
ANKRD30B,0.31246218,0.0,0.0
ANKRD30BL,0.30328494,0.0,-1.0
ANKRD31,0.19953123,0.0,0.0
ANKRD33,0.10297588,0.0,0.0
ANKRD33B,0.06333566,0.0,0.0
ANKRD34B,0.1737347,0.0,0.0
ANKRD34C,0.22857986,0.0,0.0
ANKRD35,0.3491557,0.0,0.0
ANKRD36,0.38448736,0.0,-1.0
ANKRD36C,0.39485934,0.0,-1.0
ANKRD37,0.3185504,0.0,0.0
ANKRD39,0.3086939,0.0,0.0
ANKRD40,0.11619783,0.0,0.0
ANKRD42,0.33402303,0.0,0.0
ANKRD44,0.40483707,0.0,-1.0
ANKRD45,0.2387928,0.0,0.0
ANKRD46,0.30923137,0.0,0.0
ANKRD49,0.3246673,0.0,0.0
ANKRD50,0.31079197,0.0,-1.0
ANKRD52,0.32009518,0.0,0.0
ANKRD53,0.31645066,0.0,0.0
ANKRD54,0.322698,0.0,0.0
ANKRD55,0.3208136,0.0,0.0
ANKRD6,0.35204652,0.0,0.0
ANKRD60,0.30070934,0.0,0.0
ANKRD61,0.30562627,0.0,0.0
ANKRD63,0.30658543,0.0,0.0
ANKRD65,0.29896203,0.0,0.0
ANKRD66,0.3144669,0.0,0.0
ANKRD7,0.2997337,0.0,-1.0
ANKRD9,0.3102118,0.0,0.0
ANKS1A,0.33967245,0.0,0.0
ANKS1B,0.3554734,0.0,0.0
ANKS3,0.30831558,0.0,0.0
ANKS4B,0.30734536,0.0,0.0
ANKS6,0.3244615,0.0,0.0
ANKUB1,0.27084976,0.0,0.0
ANKZF1,0.1635275,0.0,0.0
ANLN,0.4345174,0.0,-1.0
ANO1,0.16536176,0.0,0.0
ANO10,0.09229071,0.0,-1.0
ANO2,0.11140872,0.0,0.0
ANO3,0.1261818,0.0,0.0
ANO4,0.14732374,0.0,-1.0
ANO5,0.17567587,0.0,-1.0
ANO6,0.09727289,0.0,-1.0
ANO7,0.08062878,0.0,0.0
ANO8,0.102469705,0.0,0.0
ANO9,0.09313075,0.0,0.0
ANOS1,0.370298,0.0,-1.0
ANP32A,0.36793727,0.0,-1.0
ANP32B,0.23312211,0.0,-1.0
ANP32D,0.23212926,0.0,0.0
ANPEP,0.45732856,0.0,-1.0
ANTKMT,0.11345565,0.0,0.0
ANTXR1,0.35633427,0.0,-1.0
ANTXR2,0.43521976,0.0,-1.0
ANXA1,0.39201853,0.0,-1.0
ANXA10,0.15842946,0.0,0.0
ANXA11,0.29836848,0.0,0.0
ANXA13,0.33709994,0.0,0.0
ANXA2,0.5839968,1.0,-1.0
ANXA2R,0.10811991,0.0,0.0
ANXA3,0.36576807,0.0,0.0
ANXA4,0.33301428,0.0,0.0
ANXA5,0.6554057,1.0,-1.0
ANXA6,0.3307893,0.0,0.0
ANXA7,0.41185987,0.0,0.0
ANXA9,0.23421943,0.0,0.0
AOC1,0.2548261,0.0,0.0
AOC2,0.3236364,0.0,0.0
AOC3,0.36444137,0.0,0.0
AOPEP,0.22502385,0.0,0.0
AOX1,0.16705453,0.0,-1.0
AP1AR,0.1926522,0.0,0.0
AP1B1,0.33957782,0.0,-1.0
AP1G1,0.40044624,0.0,0.0
AP1G2,0.25783223,0.0,0.0
AP1M1,0.34176686,0.0,0.0
AP1M2,0.34432942,0.0,0.0
AP1S1,0.30640143,0.0,-1.0
AP1S2,0.36090738,0.0,-1.0
AP1S3,0.2783176,0.0,0.0
AP2A1,0.40831855,0.0,-1.0
AP2A2,0.35872072,0.0,0.0
AP2M1,0.4520369,0.0,0.0
AP2S1,0.3331109,0.0,0.0
AP3B1,0.48956293,0.0,-1.0
AP3B2,0.3366693,0.0,0.0
AP3D1,0.28539047,0.0,-1.0
AP3M1,0.24484242,0.0,0.0
AP3M2,0.2613456,0.0,-1.0
AP3S1,0.31770906,0.0,0.0
AP3S2,0.2792187,0.0,0.0
AP4B1,0.34133095,0.0,0.0
AP4E1,0.34653094,0.0,-1.0
AP4M1,0.32411373,0.0,-1.0
AP4S1,0.2350523,0.0,0.0
AP5B1,0.41011572,0.0,0.0
AP5M1,0.47967935,0.0,0.0
AP5S1,0.17979169,0.0,0.0
AP5Z1,0.19770215,0.0,-1.0
APAF1,0.6060564,1.0,-1.0
APBA1,0.3430405,0.0,0.0
APBA2,0.3418642,0.0,0.0
APBA3,0.28875345,0.0,0.0
APBB1,0.5054523,1.0,0.0
APBB1IP,0.3647078,0.0,0.0
APBB2,0.32346666,0.0,0.0
APBB3,0.24792437,0.0,0.0
APC,0.581717,1.0,1.0
APC2,0.4387033,0.0,-1.0
APCDD1,0.46246964,0.0,-1.0
APCDD1L,0.021406235,0.0,0.0
APCS,0.22125773,0.0,0.0
APEH,0.4389669,0.0,-1.0
APEX1,0.46838093,0.0,0.0
APEX2,0.2978868,0.0,0.0
APH1A,0.3826472,0.0,-1.0
APH1B,0.22162288,0.0,-1.0
API5,0.2700061,0.0,-1.0
APIP,0.14401276,0.0,0.0
APLF,0.30499843,0.0,0.0
APLNR,0.31832477,0.0,1.0
APLP1,0.3475108,0.0,0.0
APLP2,0.4088346,0.0,0.0
APMAP,0.14366171,0.0,-1.0
APOA1,0.25368834,0.0,-1.0
APOA2,0.13982113,0.0,0.0
APOA4,0.1903887,0.0,0.0
APOA5,0.090974174,0.0,-1.0
APOB,0.33301577,0.0,-1.0
APOBEC1,0.28712368,0.0,0.0
APOBEC2,0.21925163,0.0,-1.0
APOBEC3A,0.30917645,0.0,0.0
APOBEC3B,0.24122879,0.0,1.0
APOBEC3C,0.26882902,0.0,0.0
APOBEC3D,0.19531599,0.0,0.0
APOBEC3F,0.25877294,0.0,0.0
APOBEC3G,0.3806486,0.0,0.0
APOBEC3H,0.18001837,0.0,0.0
APOBEC4,0.19009778,0.0,0.0
APOBR,0.184197,0.0,-1.0
APOC2,0.17643669,0.0,-1.0
APOC3,0.16216506,0.0,0.0
APOC4,0.03887947,0.0,0.0
APOD,0.22945094,0.0,0.0
APOE,0.5278508,1.0,-1.0
APOF,0.12296224,0.0,0.0
APOH,0.16003686,0.0,0.0
APOL1,0.26217893,0.0,-1.0
APOL2,0.21868894,0.0,-1.0
APOL3,0.23301598,0.0,0.0
APOL4,0.24571788,0.0,0.0
APOL5,0.17247589,0.0,0.0
APOL6,0.2534278,0.0,0.0
APOLD1,0.21068555,0.0,0.0
APOM,0.19833834,0.0,0.0
APOO,0.16462363,0.0,0.0
APOOL,0.27240497,0.0,0.0
APP,0.5439945,1.0,-1.0
APPBP2,0.28125542,0.0,0.0
APPL1,0.51252395,1.0,-1.0
APPL2,0.33020332,0.0,0.0
APRT,0.23909119,0.0,0.0
APTX,0.40738177,0.0,-1.0
AQP1,0.2647368,0.0,0.0
AQP10,0.19247633,0.0,0.0
AQP11,0.17940544,0.0,0.0
AQP12A,0.12092178,0.0,-1.0
AQP12B,0.04709108,0.0,-1.0
AQP2,0.20292062,0.0,-1.0
AQP3,0.34342498,0.0,0.0
AQP4,0.29378393,0.0,-1.0
AQP5,0.2686989,0.0,0.0
AQP6,0.18738274,0.0,0.0
AQP7,0.15756854,0.0,-1.0
AQP8,0.17775801,0.0,0.0
AQP9,0.24268597,0.0,0.0
AQR,0.31789106,0.0,0.0
AR,0.6845469,1.0,1.0
ARAF,0.5584682,1.0,1.0
ARAP1,0.40380636,0.0,0.0
ARAP2,0.40250066,0.0,-1.0
ARAP3,0.3455447,0.0,0.0
ARC,0.37758666,0.0,0.0
ARCN1,0.34190443,0.0,0.0
AREL1,0.39198646,0.0,0.0
ARF1,0.43461534,0.0,-1.0
ARF3,0.5046225,1.0,0.0
ARF4,0.36644906,0.0,0.0
ARF5,0.36661753,0.0,0.0
ARF6,0.50678533,1.0,-1.0
ARFGAP1,0.37805116,0.0,0.0
ARFGAP2,0.3548969,0.0,0.0
ARFGAP3,0.35105407,0.0,0.0
ARFGEF1,0.4134662,0.0,0.0
ARFGEF2,0.37350854,0.0,-1.0
ARFGEF3,0.13222992,0.0,0.0
ARFIP1,0.2723998,0.0,0.0
ARFIP2,0.35143298,0.0,0.0
ARG1,0.3435753,0.0,-1.0
ARG2,0.22157681,0.0,0.0
ARGFX,0.24581578,0.0,0.0
ARGLU1,0.15568429,0.0,0.0
ARHGAP1,0.4873235,0.0,0.0
ARHGAP10,0.3116687,0.0,0.0
ARHGAP11A,0.41147983,0.0,0.0
ARHGAP11B,0.32902747,0.0,0.0
ARHGAP12,0.27175212,0.0,0.0
ARHGAP15,0.38970688,0.0,0.0
ARHGAP17,0.3444458,0.0,0.0
ARHGAP19,0.24674015,0.0,0.0
ARHGAP20,0.2556945,0.0,-1.0
ARHGAP21,0.3363137,0.0,-1.0
ARHGAP22,0.27423587,0.0,0.0
ARHGAP24,0.34414527,0.0,-1.0
ARHGAP25,0.411754,0.0,-1.0
ARHGAP26,0.4554213,0.0,1.0
ARHGAP27,0.22760415,0.0,0.0
ARHGAP28,0.21634327,0.0,-1.0
ARHGAP29,0.32978418,0.0,0.0
ARHGAP30,0.256123,0.0,0.0
ARHGAP31,0.34775475,0.0,-1.0
ARHGAP32,0.3746015,0.0,-1.0
ARHGAP33,0.29342827,0.0,0.0
ARHGAP35,0.51790524,1.0,1.0
ARHGAP36,0.362154,0.0,0.0
ARHGAP39,0.25221294,0.0,0.0
ARHGAP4,0.28809103,0.0,-1.0
ARHGAP40,0.20726618,0.0,0.0
ARHGAP42,0.24015585,0.0,0.0
ARHGAP44,0.26407808,0.0,0.0
ARHGAP45,0.26031503,0.0,0.0
ARHGAP5,0.37351102,0.0,1.0
ARHGAP6,0.3690665,0.0,0.0
ARHGAP9,0.29264018,0.0,-1.0
ARHGDIA,0.49864185,0.0,0.0
ARHGDIB,0.33355618,0.0,0.0
ARHGDIG,0.26696387,0.0,0.0
ARHGEF1,0.49089223,0.0,-1.0
ARHGEF10,0.24449423,0.0,1.0
ARHGEF10L,0.32411912,0.0,1.0
ARHGEF11,0.4446407,0.0,-1.0
ARHGEF12,0.46247005,0.0,1.0
ARHGEF15,0.3184904,0.0,0.0
ARHGEF16,0.39166227,0.0,0.0
ARHGEF17,0.24519803,0.0,0.0
ARHGEF18,0.2659153,0.0,-1.0
ARHGEF19,0.33365643,0.0,0.0
ARHGEF2,0.39321262,0.0,-1.0
ARHGEF25,0.23803493,0.0,-1.0
ARHGEF26,0.3270749,0.0,0.0
ARHGEF28,0.4368365,0.0,1.0
ARHGEF3,0.39469343,0.0,-1.0
ARHGEF33,0.26568422,0.0,0.0
ARHGEF35,0.31503153,0.0,0.0
ARHGEF37,0.2467383,0.0,0.0
ARHGEF38,0.24969047,0.0,0.0
ARHGEF39,0.27152178,0.0,0.0
ARHGEF4,0.42635065,0.0,-1.0
ARHGEF40,0.19684473,0.0,0.0
ARHGEF5,0.36987612,0.0,0.0
ARHGEF6,0.38422295,0.0,-1.0
ARHGEF7,0.53986007,1.0,0.0
ARHGEF9,0.33382374,0.0,0.0
ARID1A,0.57726634,1.0,1.0
ARID1B,0.4556033,0.0,1.0
ARID2,0.3946357,0.0,1.0
ARID3A,0.36309168,0.0,1.0
ARID3B,0.31731817,0.0,1.0
ARID3C,0.2811647,0.0,-1.0
ARID4A,0.45701396,0.0,1.0
ARID4B,0.47350934,0.0,1.0
ARID5A,0.30619118,0.0,-1.0
ARID5B,0.3206371,0.0,1.0
ARIH1,0.345193,0.0,-1.0
ARIH2,0.24260524,0.0,0.0
ARL1,0.32779354,0.0,0.0
ARL10,0.31240255,0.0,0.0
ARL11,0.37147674,0.0,-1.0
ARL13A,0.23007111,0.0,0.0
ARL13B,0.2907505,0.0,0.0
ARL14,0.30674732,0.0,0.0
ARL14EP,0.2568465,0.0,0.0
ARL14EPL,0.24835265,0.0,0.0
ARL15,0.28196067,0.0,0.0
ARL16,0.3104082,0.0,0.0
ARL17A,0.32531276,0.0,0.0
ARL17B,0.32243654,0.0,0.0
ARL2,0.25125724,0.0,0.0
ARL2BP,0.21812421,0.0,0.0
ARL3,0.30077285,0.0,0.0
ARL4A,0.34149736,0.0,0.0
ARL4C,0.3470864,0.0,0.0
ARL4D,0.34302893,0.0,0.0
ARL5A,0.3322168,0.0,0.0
ARL5B,0.32251638,0.0,0.0
ARL5C,0.31741518,0.0,0.0
ARL6,0.3731807,0.0,-1.0
ARL6IP1,0.23029701,0.0,0.0
ARL6IP4,0.102907985,0.0,0.0
ARL6IP5,0.23945674,0.0,0.0
ARL6IP6,0.16881554,0.0,0.0
ARL8A,0.1573643,0.0,0.0
ARL8B,0.19532359,0.0,0.0
ARL9,0.32379353,0.0,0.0
ARMC1,0.18861668,0.0,0.0
ARMC10,0.06110119,0.0,0.0
ARMC12,0.1672392,0.0,0.0
ARMC2,0.21141748,0.0,0.0
ARMC3,0.17929007,0.0,0.0
ARMC5,0.256052,0.0,0.0
ARMC6,0.21026526,0.0,0.0
ARMC7,0.112357594,0.0,0.0
ARMC8,0.2920551,0.0,0.0
ARMC9,0.1459891,0.0,0.0
ARMCX1,0.19350639,0.0,-1.0
ARMCX2,0.13326979,0.0,-1.0
ARMCX3,0.13003834,0.0,-1.0
ARMCX4,0.10890788,0.0,0.0
ARMCX5,0.2808628,0.0,0.0
ARMCX6,0.18422282,0.0,0.0
ARMH1,0.15185331,0.0,0.0
ARMH3,0.19826686,0.0,-1.0
ARMH4,0.18199943,0.0,0.0
ARMS2,0.2545887,0.0,-1.0
ARMT1,0.1456804,0.0,0.0
ARNT,0.49731612,0.0,1.0
ARNT2,0.27153686,0.0,-1.0
ARNTL,0.5758325,1.0,-1.0
ARNTL2,0.31489214,0.0,0.0
ARPC1A,0.5693639,1.0,0.0
ARPC1B,0.37415794,0.0,-1.0
ARPC2,0.4069835,0.0,0.0
ARPC3,0.3925157,0.0,0.0
ARPC4,0.3608727,0.0,0.0
ARPC4-TTLL3,0.25054982,0.0,0.0
ARPC5,0.38465858,0.0,0.0
ARPC5L,0.30974075,0.0,0.0
ARPIN,0.23310019,0.0,0.0
ARPIN-AP3S2,0.23056355,0.0,0.0
ARPP19,0.25637394,0.0,0.0
ARPP21,0.38132277,0.0,0.0
ARR3,0.29237515,0.0,0.0
ARRB1,0.24600516,0.0,0.0
ARRB2,0.23010957,0.0,0.0
ARRDC1,0.26897275,0.0,0.0
ARRDC2,0.23866996,0.0,0.0
ARRDC3,0.30102572,0.0,0.0
ARRDC4,0.28484124,0.0,0.0
ARRDC5,0.33119667,0.0,-1.0
ARSA,0.19372177,0.0,-1.0
ARSB,0.21857178,0.0,-1.0
ARSD,0.267039,0.0,-1.0
ARSF,0.2559088,0.0,0.0
ARSG,0.16690136,0.0,0.0
ARSH,0.20813477,0.0,0.0
ARSI,0.2055361,0.0,0.0
ARSJ,0.17001198,0.0,0.0
ARSK,0.145976,0.0,0.0
ARSL,0.35997808,0.0,-1.0
ART1,0.22729221,0.0,0.0
ART3,0.1971623,0.0,0.0
ART4,0.16722183,0.0,0.0
ART5,0.18429394,0.0,0.0
ARTN,0.352546,0.0,0.0
ARV1,0.11104134,0.0,0.0
ARVCF,0.4305014,0.0,0.0
ARX,0.4292623,0.0,-1.0
AS3MT,0.15199909,0.0,0.0
ASAH1,0.21723272,0.0,-1.0
ASAH2,0.17014368,0.0,0.0
ASAH2B,0.14932299,0.0,0.0
ASAP1,0.4297276,0.0,-1.0
ASAP2,0.35146147,0.0,-1.0
ASAP3,0.33466253,0.0,0.0
ASB1,0.31641954,0.0,0.0
ASB10,0.3356693,0.0,0.0
ASB11,0.37234655,0.0,0.0
ASB12,0.33742964,0.0,0.0
ASB13,0.31348038,0.0,0.0
ASB14,0.32560733,0.0,0.0
ASB15,0.3148102,0.0,-1.0
ASB16,0.30947828,0.0,0.0
ASB17,0.1932315,0.0,0.0
ASB18,0.3283511,0.0,0.0
ASB2,0.32568094,0.0,0.0
ASB4,0.3400858,0.0,0.0
ASB5,0.31656885,0.0,0.0
ASB6,0.32899752,0.0,0.0
ASB7,0.34263158,0.0,0.0
ASB8,0.31451333,0.0,0.0
ASB9,0.32341257,0.0,-1.0
ASCC1,0.26163003,0.0,-1.0
ASCC2,0.13718493,0.0,-1.0
ASCC3,0.3230799,0.0,-1.0
ASCL1,0.5386702,1.0,-1.0
ASCL2,0.40563112,0.0,0.0
ASCL4,0.19605504,0.0,0.0
ASCL5,0.19914134,0.0,0.0
ASF1A,0.5003665,1.0,0.0
ASF1B,0.4412202,0.0,0.0
ASGR1,0.10001545,0.0,0.0
ASGR2,0.07053258,0.0,0.0
ASH1L,0.56783444,1.0,-1.0
ASH2L,0.50308394,1.0,-1.0
ASIC1,0.28990516,0.0,0.0
ASIC2,0.27302444,0.0,0.0
ASIC3,0.22604847,0.0,0.0
ASIC4,0.12565508,0.0,0.0
ASIC5,0.32882163,0.0,0.0
ASIP,0.17917234,0.0,0.0
ASL,0.22995004,0.0,-1.0
ASMT,0.20587724,0.0,0.0
ASMTL,0.14654188,0.0,-1.0
ASNS,0.25759873,0.0,-1.0
ASNSD1,0.19427167,0.0,0.0
ASPA,0.20622961,0.0,-1.0
ASPDH,0.13229182,0.0,0.0
ASPG,0.28189382,0.0,0.0
ASPH,0.3920617,0.0,0.0
ASPHD1,0.09769953,0.0,-1.0
ASPHD2,0.13239032,0.0,0.0
ASPM,0.45520252,0.0,-1.0
ASPN,0.48312896,0.0,-1.0
ASPRV1,0.44693807,0.0,0.0
ASPSCR1,0.42438343,0.0,1.0
ASRGL1,0.23644124,0.0,0.0
ASS1,0.26122886,0.0,-1.0
ASTE1,0.25375828,0.0,0.0
ASTL,0.20965403,0.0,0.0
ASTN1,0.2708732,0.0,-1.0
ASTN2,0.24890897,0.0,-1.0
ASXL1,0.44309506,0.0,1.0
ASXL2,0.3562068,0.0,1.0
ASXL3,0.31049472,0.0,-1.0
ASZ1,0.33217332,0.0,-1.0
ATAD1,0.33520702,0.0,0.0
ATAD2,0.47558093,0.0,-1.0
ATAD2B,0.5431599,1.0,0.0
ATAD3A,0.1420726,0.0,0.0
ATAD3B,0.1667873,0.0,-1.0
ATAD3C,0.1767626,0.0,0.0
ATAD5,0.44571167,0.0,0.0
ATAT1,0.24901223,0.0,0.0
ATCAY,0.184707,0.0,-1.0
ATE1,0.28008682,0.0,0.0
ATF1,0.44310248,0.0,1.0
ATF2,0.5513864,1.0,-1.0
ATF3,0.62720037,1.0,-1.0
ATF4,0.5343535,1.0,-1.0
ATF5,0.36018848,0.0,-1.0
ATF6,0.49146622,0.0,0.0
ATF6B,0.3468573,0.0,0.0
ATF7IP,0.37828383,0.0,-1.0
ATF7IP2,0.2430487,0.0,0.0
ATG10,0.2823828,0.0,-1.0
ATG101,0.24203327,0.0,0.0
ATG12,0.38087544,0.0,-1.0
ATG13,0.35348862,0.0,-1.0
ATG14,0.33346143,0.0,-1.0
ATG16L1,0.49729916,0.0,-1.0
ATG16L2,0.12953462,0.0,0.0
ATG2A,0.30207855,0.0,-1.0
ATG2B,0.3391759,0.0,-1.0
ATG3,0.37563542,0.0,-1.0
ATG4A,0.32501885,0.0,0.0
ATG4B,0.29691887,0.0,-1.0
ATG4C,0.32691178,0.0,0.0
ATG4D,0.24769603,0.0,0.0
ATG5,0.44675326,0.0,-1.0
ATG7,0.4514304,0.0,-1.0
ATG9A,0.26224467,0.0,0.0
ATIC,0.34600705,0.0,1.0
ATL1,0.258237,0.0,-1.0
ATL2,0.22229463,0.0,0.0
ATL3,0.19504356,0.0,0.0
ATM,0.78422046,1.0,1.0
ATMIN,0.24425857,0.0,-1.0
ATN1,0.52364564,1.0,-1.0
ATOH1,0.4570366,0.0,0.0
ATOH7,0.53138685,1.0,-1.0
ATOH8,0.27753615,0.0,0.0
ATOX1,0.15377499,0.0,0.0
ATP10A,0.3219097,0.0,-1.0
ATP10B,0.12652221,0.0,-1.0
ATP10D,0.22330384,0.0,-1.0
ATP11B,0.39104256,0.0,0.0
ATP11C,0.3669633,0.0,0.0
ATP12A,0.41594866,0.0,0.0
ATP13A1,0.35366303,0.0,0.0
ATP13A2,0.37100473,0.0,-1.0
ATP13A3,0.27125484,0.0,0.0
ATP13A4,0.22186409,0.0,-1.0
ATP13A5,0.23711522,0.0,0.0
ATP1A1,0.3269061,0.0,1.0
ATP1A2,0.34108344,0.0,-1.0
ATP1A3,0.32313055,0.0,-1.0
ATP1A4,0.32276976,0.0,0.0
ATP1B1,0.19536442,0.0,0.0
ATP1B2,0.14334552,0.0,0.0
ATP1B3,0.18846886,0.0,0.0
ATP1B4,0.3174431,0.0,0.0
ATP23,0.15054753,0.0,0.0
ATP2A1,0.36871642,0.0,0.0
ATP2A2,0.43199965,0.0,-1.0
ATP2A3,0.34577104,0.0,0.0
ATP2B1,0.3762334,0.0,0.0
ATP2B2,0.31841686,0.0,0.0
ATP2B3,0.35182607,0.0,1.0
ATP2B4,0.33022654,0.0,-1.0
ATP2C2,0.2932914,0.0,-1.0
ATP4A,0.4144905,0.0,-1.0
ATP4B,0.19041273,0.0,0.0
ATP5F1A,0.2626251,0.0,0.0
ATP5F1B,0.20941918,0.0,-1.0
ATP5F1C,0.1143978,0.0,0.0
ATP5F1D,0.09481598,0.0,0.0
ATP5F1E,0.062352177,0.0,0.0
ATP5F1EP2,0.068634234,0.0,0.0
ATP5IF1,0.11872923,0.0,0.0
ATP5MC1,0.09999816,0.0,0.0
ATP5MC2,0.115358725,0.0,0.0
ATP5MC3,0.10984855,0.0,0.0
ATP5ME,0.060393915,0.0,0.0
ATP5MF,0.074023105,0.0,0.0
ATP5MF-PTCD1,0.09301454,0.0,0.0
ATP5MG,0.07608051,0.0,0.0
ATP5MGL,0.06730758,0.0,0.0
ATP5MJ,0.062118314,0.0,-1.0
ATP5MK,0.051630765,0.0,0.0
ATP5PB,0.08808173,0.0,0.0
ATP5PD,0.092037,0.0,-1.0
ATP5PF,0.12923363,0.0,0.0
ATP5PO,0.10574115,0.0,0.0
ATP6AP1,0.1588341,0.0,-1.0
ATP6AP1L,0.11429243,0.0,0.0
ATP6AP2,0.36675617,0.0,-1.0
ATP6V0A1,0.3113326,0.0,0.0
ATP6V0A2,0.3754525,0.0,-1.0
ATP6V0A4,0.2270987,0.0,-1.0
ATP6V0B,0.1412294,0.0,-1.0
ATP6V0C,0.17393586,0.0,0.0
ATP6V0D1,0.17628027,0.0,0.0
ATP6V0D2,0.1383657,0.0,0.0
ATP6V0E1,0.11606251,0.0,-1.0
ATP6V0E2,0.1284753,0.0,0.0
ATP6V1A,0.27002168,0.0,0.0
ATP6V1B1,0.21603113,0.0,-1.0
ATP6V1B2,0.2660132,0.0,1.0
ATP6V1C1,0.20428379,0.0,0.0
ATP6V1C2,0.17838548,0.0,0.0
ATP6V1D,0.1488159,0.0,0.0
ATP6V1E1,0.19133471,0.0,0.0
ATP6V1E2,0.17978793,0.0,0.0
ATP6V1F,0.14215744,0.0,0.0
ATP6V1G1,0.119435355,0.0,0.0
ATP6V1G2,0.15110202,0.0,-1.0
ATP6V1G3,0.031722147,0.0,0.0
ATP6V1H,0.18899515,0.0,0.0
ATP7A,0.48583013,0.0,-1.0
ATP7B,0.32461032,0.0,-1.0
ATP8A1,0.24905685,0.0,0.0
ATP8A2,0.25526053,0.0,0.0
ATP8B1,0.30180678,0.0,-1.0
ATP8B2,0.30456126,0.0,-1.0
ATP8B3,0.23103034,0.0,0.0
ATP8B4,0.29863122,0.0,0.0
ATP9A,0.24812603,0.0,0.0
ATP9B,0.34040785,0.0,0.0
ATPAF1,0.09621627,0.0,0.0
ATPAF2,0.08556664,0.0,0.0
ATPSCKMT,0.17316392,0.0,0.0
ATR,0.6004361,1.0,1.0
ATRAID,0.15417978,0.0,0.0
ATRIP,0.45603102,0.0,0.0
ATRN,0.2655424,0.0,0.0
ATRNL1,0.17178069,0.0,0.0
ATRX,0.64391315,1.0,1.0
ATXN1,0.48938787,0.0,-1.0
ATXN10,0.2835608,0.0,-1.0
ATXN1L,0.30731782,0.0,0.0
ATXN2,0.4639905,0.0,1.0
ATXN2L,0.30188915,0.0,0.0
ATXN3,0.511043,1.0,-1.0
ATXN3L,0.20229547,0.0,-1.0
ATXN7L1,0.25437665,0.0,0.0
ATXN7L2,0.27439564,0.0,0.0
ATXN7L3,0.34807208,0.0,0.0
ATXN7L3B,0.07038543,0.0,0.0
AUH,0.13661718,0.0,-1.0
AUNIP,0.32040808,0.0,0.0
AUP1,0.19782484,0.0,0.0
AURKA,0.6357569,1.0,1.0
AURKAIP1,0.063792296,0.0,0.0
AURKB,0.6052026,1.0,1.0
AURKC,0.3510379,0.0,0.0
AUTS2,0.34178442,0.0,-1.0
AVEN,0.3274412,0.0,-1.0
AVIL,0.39748448,0.0,0.0
AVL9,0.21824332,0.0,-1.0
AVP,0.40969947,0.0,-1.0
AVPI1,0.230019,0.0,-1.0
AVPR1A,0.22573094,0.0,0.0
AVPR1B,0.20891747,0.0,0.0
AVPR2,0.48176348,0.0,-1.0
AWAT1,0.12731475,0.0,0.0
AWAT2,0.14240466,0.0,0.0
AXDND1,0.18259756,0.0,0.0
AXIN1,0.6533784,1.0,1.0
AXIN2,0.6109444,1.0,1.0
AXL,0.42427552,0.0,1.0
AZGP1,0.24992818,0.0,-1.0
AZI2,0.29108652,0.0,-1.0
AZIN1,0.14709008,0.0,-1.0
AZIN2,0.16866252,0.0,0.0
AZU1,0.26073822,0.0,0.0
B2M,0.5232807,1.0,1.0
B3GALNT1,0.29396972,0.0,0.0
B3GALNT2,0.106691025,0.0,0.0
B3GALT2,0.08998739,0.0,0.0
B3GALT4,0.09574009,0.0,0.0
B3GALT5,0.0855735,0.0,0.0
B3GALT6,0.08599955,0.0,-1.0
B3GAT1,0.351399,0.0,0.0
B3GAT2,0.13755284,0.0,0.0
B3GAT3,0.123272695,0.0,0.0
B3GLCT,0.13693665,0.0,-1.0
B3GNT2,0.066972435,0.0,-1.0
B3GNT3,0.11580753,0.0,0.0
B3GNT4,0.100525215,0.0,0.0
B3GNT5,0.05422489,0.0,0.0
B3GNT7,0.10495583,0.0,0.0
B3GNT8,0.17971355,0.0,0.0
B3GNT9,0.07313314,0.0,0.0
B3GNTL1,0.16419661,0.0,0.0
B4GALNT1,0.118612826,0.0,0.0
B4GALNT2,0.3174526,0.0,0.0
B4GALNT3,0.030290017,0.0,0.0
B4GALNT4,0.043121543,0.0,0.0
B4GALT1,0.14585866,0.0,-1.0
B4GALT2,0.08836248,0.0,0.0
B4GALT3,0.11943106,0.0,-1.0
B4GALT4,0.05639704,0.0,0.0
B4GALT5,0.19005586,0.0,-1.0
B4GALT6,0.14377214,0.0,0.0
B4GALT7,0.09516659,0.0,-1.0
B4GAT1,0.2729171,0.0,0.0
B9D1,0.25953346,0.0,0.0
B9D2,0.2885512,0.0,0.0
BAALC,0.20861918,0.0,-1.0
BAAT,0.19541532,0.0,0.0
BABAM1,0.3466033,0.0,-1.0
BABAM2,0.4479333,0.0,-1.0
BACE1,0.51876825,1.0,0.0
BACE2,0.27274624,0.0,0.0
BACH1,0.40566397,0.0,-1.0
BACH2,0.3729451,0.0,1.0
BAD,0.37896404,0.0,-1.0
BAG2,0.3040783,0.0,0.0
BAG3,0.49333033,0.0,-1.0
BAG4,0.41952676,0.0,-1.0
BAG5,0.21972297,0.0,0.0
BAG6,0.30295143,0.0,0.0
BAHCC1,0.24150103,0.0,0.0
BAHD1,0.28157446,0.0,0.0
BAIAP2,0.42402607,0.0,0.0
BAIAP2L1,0.29827744,0.0,0.0
BAIAP2L2,0.03791568,0.0,0.0
BAIAP3,0.21592948,0.0,-1.0
BAK1,0.6313254,1.0,-1.0
BAMBI,0.4261805,0.0,0.0
BANF1,0.55917686,1.0,0.0
BANF2,0.20035745,0.0,-1.0
BANK1,0.30893695,0.0,-1.0
BANP,0.3294607,0.0,0.0
BAP1,0.35404167,0.0,1.0
BARD1,0.47005057,0.0,1.0
BARHL1,0.28545827,0.0,0.0
BARHL2,0.27451897,0.0,0.0
BARX1,0.37849852,0.0,0.0
BARX2,0.25230333,0.0,0.0
BASP1,0.3318073,0.0,0.0
BATF,0.44692612,0.0,-1.0
BATF2,0.36294696,0.0,-1.0
BATF3,0.41604975,0.0,-1.0
BAX,0.6705691,1.0,1.0
BAZ1A,0.4439319,0.0,1.0
BAZ1B,0.4068161,0.0,0.0
BAZ2A,0.44288054,0.0,-1.0
BAZ2B,0.45717123,0.0,-1.0
BBC3,0.5796181,1.0,1.0
BBIP1,0.24620585,0.0,0.0
BBLN,0.10232205,0.0,0.0
BBOF1,0.19271833,0.0,0.0
BBOX1,0.25834307,0.0,0.0
BBS1,0.3582939,0.0,-1.0
BBS10,0.24181262,0.0,-1.0
BBS12,0.26085055,0.0,-1.0
BBS2,0.38072518,0.0,-1.0
BBS4,0.36516583,0.0,-1.0
BBS5,0.25817066,0.0,-1.0
BBS7,0.31953594,0.0,-1.0
BBS9,0.32735452,0.0,-1.0
BBX,0.17068164,0.0,-1.0
BCAM,0.29349282,0.0,0.0
BCAN,0.28504103,0.0,0.0
BCAP29,0.20035666,0.0,0.0
BCAP31,0.28829634,0.0,0.0
BCAR1,0.60629946,1.0,-1.0
BCAR3,0.2980692,0.0,0.0
BCAS1,0.23556942,0.0,0.0
BCAS2,0.29009748,0.0,0.0
BCAS3,0.31603062,0.0,-1.0
BCAS4,0.13967158,0.0,-1.0
BCAT1,0.16248661,0.0,0.0
BCAT2,0.16226922,0.0,0.0
BCCIP,0.15060341,0.0,0.0
BCDIN3D,0.24669373,0.0,0.0
BCHE,0.3122474,0.0,0.0
BCKDHA,0.2432436,0.0,-1.0
BCKDHB,0.20127223,0.0,-1.0
BCKDK,0.25785172,0.0,0.0
BCL11A,0.3495276,0.0,1.0
BCL11B,0.41532415,0.0,1.0
BCL2,0.6893305,1.0,1.0
BCL2A1,0.47645363,0.0,-1.0
BCL2L1,0.69247556,1.0,-1.0
BCL2L10,0.47157213,0.0,-1.0
BCL2L11,0.64966154,1.0,1.0
BCL2L12,0.29325485,0.0,1.0
BCL2L13,0.18620268,0.0,0.0
BCL2L14,0.26417363,0.0,-1.0
BCL2L15,0.07829999,0.0,-1.0
BCL2L2,0.46540934,0.0,-1.0
BCL2L2-PABPN1,0.45287967,0.0,0.0
BCL3,0.45931637,0.0,1.0
BCL6,0.6626369,1.0,1.0
BCL6B,0.26322037,0.0,0.0
BCL7A,0.34915075,0.0,1.0
BCL7B,0.303453,0.0,-1.0
BCL7C,0.24371326,0.0,0.0
BCL9,0.38968563,0.0,1.0
BCL9L,0.3706536,0.0,1.0
BCLAF1,0.31323582,0.0,1.0
BCLAF3,0.4299666,0.0,0.0
BCO1,0.22116753,0.0,-1.0
BCO2,0.15324251,0.0,0.0
BCOR,0.29991284,0.0,1.0
BCORL1,0.35610667,0.0,1.0
BCR,0.6512506,1.0,1.0
BCS1L,0.24625798,0.0,0.0
BDH1,0.14491487,0.0,0.0
BDH2,0.12550956,0.0,0.0
BDKRB1,0.167686,0.0,-1.0
BDNF,0.5657491,1.0,-1.0
BDP1,0.42436132,0.0,0.0
BEAN1,0.29373622,0.0,-1.0
BECN1,0.53600115,1.0,-1.0
BEGAIN,0.20802563,0.0,0.0
BEND2,0.21462536,0.0,0.0
BEND3,0.25468552,0.0,0.0
BEND4,0.13194755,0.0,0.0
BEND5,0.19580136,0.0,0.0
BEND6,0.16221821,0.0,0.0
BEND7,0.19172907,0.0,0.0
BEST1,0.31696403,0.0,-1.0
BEST2,0.057189375,0.0,0.0
BEST3,0.032259285,0.0,0.0
BEST4,0.05745957,0.0,0.0
BET1,0.31291154,0.0,0.0
BET1L,0.2902046,0.0,0.0
BEX1,0.2575999,0.0,-1.0
BEX2,0.24142158,0.0,-1.0
BEX4,0.10545083,0.0,0.0
BEX5,0.16527075,0.0,0.0
BFAR,0.24269052,0.0,0.0
BFSP1,0.24023041,0.0,0.0
BFSP2,0.22783548,0.0,-1.0
BGLAP,0.5752896,1.0,0.0
BGN,0.5615349,1.0,-1.0
BHLHA15,0.31594276,0.0,0.0
BHLHA9,0.3202014,0.0,0.0
BHLHB9,0.28640026,0.0,0.0
BHLHE22,0.39663553,0.0,0.0
BHLHE23,0.23312563,0.0,0.0
BHLHE40,0.31871796,0.0,0.0
BHLHE41,0.3506135,0.0,-1.0
BHMT,0.093126245,0.0,0.0
BHMT2,0.10517338,0.0,-1.0
BICC1,0.2463232,0.0,0.0
BICD1,0.27914324,0.0,0.0
BICD2,0.27368882,0.0,0.0
BICDL1,0.162981,0.0,0.0
BICDL2,0.15563494,0.0,0.0
BICRA,0.30647835,0.0,-1.0
BICRAL,0.28742218,0.0,0.0
BID,0.36927593,0.0,-1.0
BIK,0.38978463,0.0,0.0
BIN1,0.40115547,0.0,-1.0
BIN3,0.25394306,0.0,0.0
BIRC2,0.5734173,1.0,-1.0
BIRC3,0.5533852,1.0,1.0
BIRC5,0.7037541,1.0,-1.0
BIRC6,0.4898093,0.0,1.0
BIRC7,0.33256695,0.0,-1.0
BIRC8,0.24970002,0.0,-1.0
BIVM,0.06684111,0.0,0.0
BLCAP,0.2285438,0.0,-1.0
BLID,0.1928538,0.0,0.0
BLK,0.4010746,0.0,-1.0
BLM,0.5750907,1.0,1.0
BLMH,0.29043952,0.0,0.0
BLNK,0.3888169,0.0,-1.0
BLOC1S1,0.19151157,0.0,0.0
BLOC1S2,0.24142171,0.0,0.0
BLOC1S3,0.26614758,0.0,-1.0
BLOC1S4,0.36386493,0.0,0.0
BLOC1S5,0.19903366,0.0,0.0
BLOC1S6,0.3822549,0.0,-1.0
BLVRA,0.21588016,0.0,-1.0
BLVRB,0.24266967,0.0,0.0
BLZF1,0.2228885,0.0,0.0
BMERB1,0.30688447,0.0,0.0
BMF,0.3591862,0.0,-1.0
BMI1,0.69847447,1.0,-1.0
BMP1,0.50181884,1.0,0.0
BMP10,0.49181637,0.0,0.0
BMP15,0.43778908,0.0,-1.0
BMP2,0.5988876,1.0,-1.0
BMP2K,0.35307825,0.0,-1.0
BMP3,0.45784876,0.0,0.0
BMP4,0.60183996,1.0,-1.0
BMP5,0.5032972,1.0,1.0
BMP6,0.5582715,1.0,0.0
BMP7,0.5840136,1.0,-1.0
BMP8A,0.3104436,0.0,0.0
BMP8B,0.41766483,0.0,0.0
BMPER,0.3362712,0.0,0.0
BMPR1B,0.5492289,1.0,0.0
BMPR2,0.51963305,1.0,-1.0
BMS1,0.12688877,0.0,0.0
BMT2,0.1797202,0.0,0.0
BMX,0.38979024,0.0,0.0
BNC1,0.21150348,0.0,0.0
BNC2,0.2869775,0.0,-1.0
BNIP1,0.26069075,0.0,0.0
BNIP2,0.32901394,0.0,0.0
BNIP3,0.45411345,0.0,-1.0
BNIP3L,0.4417817,0.0,-1.0
BNIP5,0.14038157,0.0,0.0
BNIPL,0.28320405,0.0,0.0
BOC,0.3256211,0.0,-1.0
BOD1,0.1788916,0.0,-1.0
BOD1L1,0.3502756,0.0,0.0
BOD1L2,0.17630807,0.0,0.0
BOK,0.2985986,0.0,-1.0
BOLA1,0.13853088,0.0,0.0
BOLA2,0.31873363,0.0,0.0
BOLA2B,0.31163642,0.0,0.0
BOLA3,0.12789497,0.0,0.0
BOLL,0.3166359,0.0,0.0
BORA,0.42585343,0.0,-1.0
BORCS5,0.13493498,0.0,0.0
BORCS6,0.109317034,0.0,0.0
BORCS8,0.15408933,0.0,0.0
BORCS8-MEF2B,0.14348501,0.0,-1.0
BPGM,0.21866174,0.0,0.0
BPHL,0.10977107,0.0,0.0
BPI,0.22220954,0.0,0.0
BPIFA1,0.10082388,0.0,0.0
BPIFA2,0.022322759,0.0,0.0
BPIFA3,0.1518186,0.0,0.0
BPIFB1,0.049592014,0.0,-1.0
BPIFB2,0.038153682,0.0,0.0
BPIFB3,0.048180718,0.0,0.0
BPIFB4,0.029386409,0.0,0.0
BPIFB6,0.02194693,0.0,0.0
BPIFC,0.3613934,0.0,0.0
BPNT1,0.2290692,0.0,0.0
BPNT2,0.13365708,0.0,0.0
BPTF,0.53351027,1.0,-1.0
BPY2,0.27235144,0.0,0.0
BPY2B,0.21255103,0.0,0.0
BPY2C,0.21255103,0.0,0.0
BRAF,0.5785851,1.0,1.0
BRAP,0.35572827,0.0,0.0
BRAT1,0.1012854,0.0,-1.0
BRCA1,0.7147372,1.0,1.0
BRCA2,0.6892328,1.0,1.0
BRCC3,0.37967414,0.0,-1.0
BRD1,0.41304702,0.0,0.0
BRD2,0.6323758,1.0,-1.0
BRD3,0.3712619,0.0,1.0
BRD4,0.46453658,0.0,1.0
BRD7,0.38245958,0.0,-1.0
BRD8,0.32781723,0.0,-1.0
BRD9,0.37359598,0.0,0.0
BRDT,0.3344574,0.0,-1.0
BRF2,0.2907554,0.0,0.0
BRI3,0.23692733,0.0,0.0
BRI3BP,0.14454886,0.0,0.0
BRICD5,0.08864585,0.0,0.0
BRINP1,0.21382557,0.0,0.0
BRINP2,0.21649864,0.0,0.0
BRINP3,0.18262047,0.0,-1.0
BRIP1,0.43769336,0.0,1.0
BRIX1,0.17991632,0.0,-1.0
BRK1,0.4052533,0.0,0.0
BRME1,0.10453779,0.0,0.0
BRMS1,0.44603038,0.0,-1.0
BRMS1L,0.44459987,0.0,0.0
BROX,0.20493607,0.0,0.0
BRPF1,0.37955654,0.0,-1.0
BRPF3,0.39637166,0.0,-1.0
BRS3,0.21566275,0.0,0.0
BRSK1,0.3226103,0.0,-1.0
BRSK2,0.3101432,0.0,0.0
BRWD1,0.39287034,0.0,0.0
BRWD3,0.48868802,0.0,-1.0
BSCL2,0.28999108,0.0,-1.0
BSDC1,0.093635984,0.0,0.0
BSG,0.51148176,1.0,0.0
BSN,0.41787153,0.0,-1.0
BSND,0.09765353,0.0,-1.0
BSPH1,0.0003760961,0.0,0.0
BSPRY,0.12903957,0.0,-1.0
BST1,0.24229178,0.0,0.0
BST2,0.35327035,0.0,0.0
BSX,0.23578493,0.0,0.0
BTAF1,0.41259924,0.0,0.0
BTBD1,0.2088475,0.0,0.0
BTBD10,0.23643824,0.0,0.0
BTBD11,0.19538628,0.0,-1.0
BTBD16,0.154261,0.0,0.0
BTBD17,0.20869733,0.0,0.0
BTBD18,0.24982788,0.0,0.0
BTBD19,0.19226806,0.0,-1.0
BTBD2,0.20436512,0.0,0.0
BTBD3,0.21950208,0.0,0.0
BTBD6,0.21160935,0.0,0.0
BTBD7,0.22308722,0.0,0.0
BTBD8,0.16084625,0.0,0.0
BTBD9,0.32222673,0.0,-1.0
BTC,0.46824756,0.0,-1.0
BTD,0.14449638,0.0,-1.0
BTF3,0.15975702,0.0,0.0
BTF3L4,0.16610469,0.0,0.0
BTG1,0.32089064,0.0,1.0
BTG2,0.47406414,0.0,-1.0
BTG3,0.3644574,0.0,0.0
BTG4,0.18587843,0.0,0.0
BTK,0.532424,1.0,1.0
BTLA,0.37359914,0.0,-1.0
BTN1A1,0.29539993,0.0,0.0
BTN2A1,0.26031846,0.0,0.0
BTN2A2,0.19502087,0.0,0.0
BTN3A1,0.37215355,0.0,0.0
BTN3A2,0.28839266,0.0,-1.0
BTN3A3,0.34445918,0.0,0.0
BTNL3,0.041892238,0.0,-1.0
BTNL8,0.038613606,0.0,0.0
BTNL9,0.09370556,0.0,0.0
BTRC,0.57624567,1.0,-1.0
BUB1,0.53158003,1.0,-1.0
BUB1B,0.57636994,1.0,1.0
BUB3,0.48029268,0.0,0.0
BUD13,0.26150852,0.0,-1.0
BUD23,0.13904837,0.0,-1.0
BUD31,0.24637009,0.0,0.0
BVES,0.20351416,0.0,0.0
BYSL,0.15178831,0.0,-1.0
BZW1,0.25714538,0.0,0.0
BZW2,0.21414737,0.0,0.0
C10orf120,0.1810226,0.0,0.0
C10orf53,0.18084343,0.0,0.0
C10orf62,0.17534661,0.0,0.0
C10orf67,0.18997985,0.0,0.0
C10orf71,0.19231161,0.0,0.0
C10orf82,0.18529151,0.0,0.0
C10orf88,0.15080886,0.0,0.0
C10orf90,0.32935897,0.0,-1.0
C10orf99,0.0648613,0.0,0.0
C11orf1,0.13625333,0.0,0.0
C11orf16,0.08576757,0.0,0.0
C11orf21,0.14678353,0.0,0.0
C11orf24,0.13721083,0.0,0.0
C11orf40,0.28671902,0.0,0.0
C11orf42,0.1957721,0.0,0.0
C11orf49,0.10343683,0.0,-1.0
C11orf52,0.073127,0.0,0.0
C11orf53,0.15704516,0.0,0.0
C11orf54,0.16847584,0.0,0.0
C11orf58,0.20860603,0.0,0.0
C11orf65,0.1850865,0.0,0.0
C11orf68,0.1419934,0.0,0.0
C11orf71,0.189461,0.0,0.0
C11orf80,0.16028197,0.0,0.0
C11orf86,0.12197917,0.0,0.0
C11orf87,0.22275484,0.0,0.0
C11orf91,0.13209933,0.0,0.0
C11orf94,0.18303268,0.0,0.0
C11orf96,0.20592162,0.0,0.0
C12orf29,0.16107215,0.0,0.0
C12orf4,0.13233219,0.0,0.0
C12orf40,0.17755425,0.0,0.0
C12orf42,0.16628951,0.0,0.0
C12orf43,0.118315294,0.0,0.0
C12orf50,0.16092217,0.0,0.0
C12orf54,0.18746895,0.0,0.0
C12orf56,0.19867943,0.0,0.0
C12orf57,0.32261142,0.0,0.0
C12orf60,0.22291723,0.0,0.0
C12orf71,0.17926873,0.0,0.0
C12orf73,0.13318664,0.0,0.0
C12orf75,0.14331576,0.0,0.0
C12orf76,0.101051934,0.0,0.0
C14orf119,0.1350208,0.0,0.0
C14orf178,0.10447983,0.0,0.0
C14orf180,0.0071955663,0.0,0.0
C14orf28,0.17944947,0.0,0.0
C14orf39,0.19497116,0.0,0.0
C14orf93,0.13925393,0.0,0.0
C15orf39,0.12607747,0.0,0.0
C15orf40,0.086450025,0.0,0.0
C15orf48,0.072156996,0.0,-1.0
C15orf61,0.012628196,0.0,0.0
C15orf65,0.13586433,0.0,-1.0
C16orf46,0.1468329,0.0,0.0
C16orf54,0.09360089,0.0,0.0
C16orf72,0.26141208,0.0,0.0
C16orf74,0.18017678,0.0,0.0
C16orf78,0.18408906,0.0,0.0
C16orf87,0.24251331,0.0,0.0
C16orf89,0.038983803,0.0,0.0
C16orf92,0.17875588,0.0,0.0
C16orf95,0.19271319,0.0,0.0
C16orf96,0.1750458,0.0,0.0
C17orf49,0.18156704,0.0,0.0
C17orf58,0.14279233,0.0,0.0
C17orf64,0.33590364,0.0,0.0
C17orf75,0.15007165,0.0,0.0
C17orf80,0.1117651,0.0,0.0
C17orf97,0.19308391,0.0,0.0
C17orf99,0.0017201884,0.0,0.0
C18orf21,0.21360907,0.0,0.0
C18orf32,0.17467211,0.0,0.0
C18orf54,0.31224233,0.0,0.0
C19orf12,0.05216221,0.0,0.0
C19orf18,0.20990562,0.0,0.0
C19orf25,0.18104024,0.0,0.0
C19orf33,0.14275406,0.0,0.0
C19orf38,0.17373954,0.0,0.0
C19orf47,0.1789229,0.0,0.0
C19orf48,0.20983705,0.0,0.0
C19orf53,0.068295576,0.0,-1.0
C19orf54,0.16450132,0.0,0.0
C19orf67,0.19651969,0.0,0.0
C19orf71,0.12429957,0.0,0.0
C19orf84,0.18345216,0.0,0.0
C1D,0.1378879,0.0,0.0
C1GALT1,0.21919654,0.0,0.0
C1GALT1C1,0.15930629,0.0,0.0
C1QA,0.25177115,0.0,0.0
C1QB,0.22663456,0.0,0.0
C1QBP,0.39896774,0.0,0.0
C1QC,0.22699973,0.0,0.0
C1QL1,0.14966664,0.0,0.0
C1QL2,0.113247566,0.0,-1.0
C1QL3,0.21696568,0.0,0.0
C1QL4,0.14481734,0.0,0.0
C1QTNF1,0.07974474,0.0,-1.0
C1QTNF12,0.10563505,0.0,0.0
C1QTNF2,0.22076926,0.0,0.0
C1QTNF3,0.20778912,0.0,0.0
C1QTNF4,0.104661286,0.0,0.0
C1QTNF5,0.3372156,0.0,-1.0
C1QTNF6,0.18174873,0.0,0.0
C1QTNF7,0.098644644,0.0,0.0
C1QTNF8,0.07366724,0.0,0.0
C1QTNF9,0.1320955,0.0,0.0
C1QTNF9B,0.08408974,0.0,0.0
C1RL,0.12169627,0.0,0.0
C1S,0.21978866,0.0,0.0
C1orf100,0.17194667,0.0,-1.0
C1orf105,0.0779088,0.0,0.0
C1orf109,0.12822942,0.0,0.0
C1orf112,0.35373622,0.0,0.0
C1orf115,0.07713469,0.0,0.0
C1orf116,0.21930078,0.0,0.0
C1orf122,0.121511236,0.0,0.0
C1orf127,0.072560936,0.0,-1.0
C1orf131,0.054341916,0.0,0.0
C1orf159,0.14485455,0.0,-1.0
C1orf162,0.16164564,0.0,0.0
C1orf167,0.19825983,0.0,0.0
C1orf174,0.07753839,0.0,0.0
C1orf198,0.106408566,0.0,0.0
C1orf21,0.11380776,0.0,0.0
C1orf210,0.41707453,0.0,0.0
C1orf216,0.15703654,0.0,0.0
C1orf226,0.19661921,0.0,0.0
C1orf35,0.1304303,0.0,0.0
C1orf43,0.061528657,0.0,0.0
C1orf50,0.12595537,0.0,0.0
C1orf52,0.10276332,0.0,0.0
C1orf53,0.08310193,0.0,0.0
C1orf54,0.09604801,0.0,0.0
C1orf56,0.468782,0.0,0.0
C1orf74,0.113332726,0.0,0.0
C1orf87,0.29192957,0.0,0.0
C1orf94,0.19185795,0.0,0.0
C2,0.18675528,0.0,0.0
C20orf141,0.17661634,0.0,0.0
C20orf144,0.17626007,0.0,0.0
C20orf173,0.17341591,0.0,0.0
C20orf27,0.070112504,0.0,0.0
C20orf85,0.22240691,0.0,0.0
C20orf96,0.17271844,0.0,0.0
C21orf58,0.088781975,0.0,0.0
C21orf62,0.18049763,0.0,0.0
C21orf91,0.1916896,0.0,0.0
C22orf15,0.20322333,0.0,0.0
C22orf23,0.19460806,0.0,0.0
C22orf31,0.17415556,0.0,0.0
C22orf39,0.12259341,0.0,0.0
C2CD2,0.15327676,0.0,0.0
C2CD2L,0.07244225,0.0,0.0
C2CD3,0.366979,0.0,-1.0
C2CD4A,0.15324691,0.0,0.0
C2CD4B,0.19538774,0.0,0.0
C2CD4C,0.08955792,0.0,-1.0
C2CD4D,0.081811585,0.0,0.0
C2CD5,0.2976949,0.0,-1.0
C2CD6,0.17452021,0.0,-1.0
C2orf16,0.19164662,0.0,-1.0
C2orf42,0.20929001,0.0,0.0
C2orf49,0.33284605,0.0,0.0
C2orf50,0.17221788,0.0,0.0
C2orf66,0.14841332,0.0,0.0
C2orf68,0.07116161,0.0,0.0
C2orf69,0.1809037,0.0,0.0
C2orf72,0.053505868,0.0,0.0
C2orf73,0.1753685,0.0,0.0
C2orf74,0.09106929,0.0,0.0
C2orf76,0.17142068,0.0,0.0
C2orf78,0.181748,0.0,0.0
C2orf80,0.19134943,0.0,0.0
C2orf81,0.14460409,0.0,0.0
C2orf83,0.15299699,0.0,0.0
C2orf88,0.12273359,0.0,0.0
C3,0.30265337,0.0,-1.0
C3AR1,0.224207,0.0,-1.0
C3orf14,0.12479534,0.0,0.0
C3orf18,0.25814617,0.0,0.0
C3orf20,0.17980859,0.0,0.0
C3orf22,0.18185027,0.0,0.0
C3orf33,0.1374641,0.0,0.0
C3orf38,0.15014735,0.0,0.0
C3orf49,0.20560713,0.0,0.0
C3orf52,0.113316305,0.0,0.0
C3orf62,0.2884924,0.0,-1.0
C3orf70,0.13559583,0.0,0.0
C4A,0.23389086,0.0,-1.0
C4B,0.26600066,0.0,-1.0
C4BPA,0.12790355,0.0,0.0
C4BPB,0.17748955,0.0,0.0
C4orf17,0.17418326,0.0,0.0
C4orf19,0.15760073,0.0,0.0
C4orf3,0.058579575,0.0,0.0
C4orf33,0.18232758,0.0,0.0
C4orf45,0.17959933,0.0,0.0
C4orf46,0.17221779,0.0,0.0
C4orf47,0.21127322,0.0,0.0
C4orf48,0.19081888,0.0,0.0
C4orf51,0.1403077,0.0,0.0
C4orf54,0.00036306222,0.0,0.0
C5,0.13689014,0.0,0.0
C5AR1,0.25126818,0.0,0.0
C5orf15,0.01986153,0.0,0.0
C5orf22,0.19754712,0.0,0.0
C5orf24,0.16190921,0.0,0.0
C5orf34,0.22708543,0.0,0.0
C5orf38,0.3538509,0.0,0.0
C5orf46,0.124900945,0.0,0.0
C5orf47,0.18812402,0.0,0.0
C5orf49,0.11985284,0.0,0.0
C5orf52,0.1860704,0.0,0.0
C5orf63,0.122343995,0.0,0.0
C6,0.07805486,0.0,0.0
C6orf118,0.14053777,0.0,-1.0
C6orf120,0.13775529,0.0,0.0
C6orf132,0.22657636,0.0,0.0
C6orf136,0.13375042,0.0,-1.0
C6orf141,0.059483156,0.0,0.0
C6orf15,0.32020015,0.0,-1.0
C6orf201,0.17263962,0.0,0.0
C6orf223,0.015599163,0.0,-1.0
C6orf226,0.00010116466,0.0,0.0
C6orf47,0.11954015,0.0,0.0
C6orf52,0.18399975,0.0,0.0
C6orf58,0.2719593,0.0,0.0
C6orf62,0.14254934,0.0,-1.0
C6orf89,0.15803401,0.0,0.0
C7,0.12096782,0.0,-1.0
C7orf25,0.22151738,0.0,0.0
C7orf26,0.1651315,0.0,0.0
C7orf31,0.18188566,0.0,-1.0
C7orf50,0.091405444,0.0,0.0
C7orf57,0.18628795,0.0,0.0
C7orf61,0.18492706,0.0,0.0
C8A,0.048819613,0.0,0.0
C8B,0.10089248,0.0,0.0
C8G,0.05979842,0.0,0.0
C8orf33,0.17398681,0.0,0.0
C8orf34,0.26413283,0.0,0.0
C8orf44,0.15221825,0.0,0.0
C8orf48,0.18140784,0.0,0.0
C8orf58,0.10231339,0.0,0.0
C8orf74,0.17678352,0.0,0.0
C8orf76,0.12263383,0.0,0.0
C8orf82,0.0005864607,0.0,0.0
C8orf86,0.20375475,0.0,0.0
C9,0.08338815,0.0,0.0
C9orf116,0.10035656,0.0,0.0
C9orf131,0.10522236,0.0,0.0
C9orf152,0.020729775,0.0,0.0
C9orf153,0.19592428,0.0,0.0
C9orf24,0.11879487,0.0,0.0
C9orf40,0.22594866,0.0,0.0
C9orf43,0.16647449,0.0,0.0
C9orf50,0.18592742,0.0,0.0
C9orf57,0.1868139,0.0,0.0
C9orf64,0.11710235,0.0,0.0
C9orf72,0.37763423,0.0,-1.0
C9orf78,0.16481288,0.0,-1.0
C9orf85,0.13422523,0.0,-1.0
CA10,0.23598592,0.0,-1.0
CA11,0.13278432,0.0,0.0
CA12,0.25813174,0.0,0.0
CA13,0.2265243,0.0,0.0
CA14,0.17697786,0.0,0.0
CA2,0.5500223,1.0,-1.0
CA3,0.4627844,0.0,0.0
CA4,0.32247669,0.0,-1.0
CA5A,0.20994243,0.0,0.0
CA5B,0.30877715,0.0,0.0
CA6,0.10907297,0.0,0.0
CA7,0.21514887,0.0,0.0
CA8,0.4033137,0.0,0.0
CA9,0.5234133,1.0,0.0
CAAP1,0.19341864,0.0,0.0
CAB39,0.3936673,0.0,0.0
CAB39L,0.23923226,0.0,0.0
CABCOCO1,0.17681795,0.0,0.0
CABIN1,0.4943084,0.0,-1.0
CABLES1,0.27092528,0.0,-1.0
CABLES2,0.15005206,0.0,0.0
CABP1,0.37350184,0.0,0.0
CABP2,0.33383945,0.0,0.0
CABP4,0.3404225,0.0,0.0
CABP5,0.34175706,0.0,0.0
CABP7,0.3291395,0.0,0.0
CABS1,0.22010885,0.0,0.0
CABYR,0.17181948,0.0,0.0
CACFD1,0.4151867,0.0,0.0
CACHD1,0.22894989,0.0,-1.0
CACNA1A,0.48342216,0.0,-1.0
CACNA1B,0.5035362,1.0,-1.0
CACNA1C,0.4549877,0.0,-1.0
CACNA1D,0.40554053,0.0,1.0
CACNA1E,0.31410313,0.0,-1.0
CACNA1F,0.35677904,0.0,-1.0
CACNA1G,0.37649745,0.0,0.0
CACNA1H,0.3547097,0.0,-1.0
CACNA1I,0.32880855,0.0,0.0
CACNA1S,0.34245288,0.0,-1.0
CACNA2D1,0.30622774,0.0,-1.0
CACNA2D2,0.28952217,0.0,0.0
CACNA2D3,0.25228155,0.0,-1.0
CACNA2D4,0.27615544,0.0,-1.0
CACNB1,0.28196788,0.0,0.0
CACNB2,0.28975064,0.0,-1.0
CACNB3,0.26578134,0.0,0.0
CACNB4,0.26171207,0.0,-1.0
CACNG1,0.25472474,0.0,0.0
CACNG2,0.25251672,0.0,-1.0
CACNG3,0.2076889,0.0,0.0
CACNG4,0.20176579,0.0,0.0
CACNG5,0.21856931,0.0,0.0
CACNG6,0.16941674,0.0,-1.0
CACNG7,0.21240398,0.0,0.0
CACNG8,0.22426467,0.0,0.0
CACTIN,0.37662283,0.0,0.0
CACUL1,0.4154125,0.0,0.0
CACYBP,0.2115286,0.0,-1.0
CAD,0.24390067,0.0,-1.0
CADM1,0.50873274,1.0,0.0
CADM2,0.16870095,0.0,-1.0
CADM3,0.16548254,0.0,0.0
CADM4,0.21141699,0.0,-1.0
CADPS,0.2795218,0.0,0.0
CADPS2,0.28905612,0.0,-1.0
CAGE1,0.3102056,0.0,-1.0
CALB1,0.5154373,1.0,0.0
CALB2,0.5170609,1.0,-1.0
CALCA,0.453333,0.0,-1.0
CALCB,0.19322911,0.0,-1.0
CALCOCO1,0.31493196,0.0,-1.0
CALCOCO2,0.35341832,0.0,0.0
CALCR,0.44423687,0.0,-1.0
CALCRL,0.24851722,0.0,0.0
CALD1,0.5599965,1.0,-1.0
CALHM1,0.16171896,0.0,0.0
CALHM2,0.089250125,0.0,0.0
CALHM3,0.10719005,0.0,0.0
CALHM4,0.06999379,0.0,0.0
CALHM5,0.06467448,0.0,0.0
CALHM6,0.18444672,0.0,-1.0
CALM1,0.6981639,1.0,-1.0
CALM2,0.70034105,1.0,-1.0
CALM3,0.6966272,1.0,-1.0
CALML3,0.3607788,0.0,-1.0
CALML4,0.32695886,0.0,-1.0
CALML5,0.35804203,0.0,-1.0
CALML6,0.3301352,0.0,-1.0
CALN1,0.34151214,0.0,0.0
CALR,0.5789783,1.0,1.0
CALR3,0.1918955,0.0,-1.0
CALU,0.41888815,0.0,0.0
CALY,0.22701438,0.0,0.0
CAMK1,0.3818986,0.0,0.0
CAMK1G,0.33079112,0.0,0.0
CAMK2A,0.40722802,0.0,-1.0
CAMK2B,0.44436115,0.0,-1.0
CAMK2D,0.4079033,0.0,-1.0
CAMK2G,0.593135,1.0,-1.0
CAMK2N1,0.077936254,0.0,0.0
CAMK2N2,0.20859951,0.0,0.0
CAMK4,0.42262954,0.0,-1.0
CAMKK1,0.31324556,0.0,0.0
CAMKK2,0.45853075,0.0,-1.0
CAMKMT,0.31109256,0.0,0.0
CAMKV,0.3315451,0.0,0.0
CAMLG,0.3542718,0.0,0.0
CAMSAP1,0.16271722,0.0,0.0
CAMSAP2,0.12909678,0.0,0.0
CAMSAP3,0.30064332,0.0,0.0
CAMTA1,0.222232,0.0,1.0
CAMTA2,0.18050447,0.0,0.0
CAND2,0.35369378,0.0,0.0
CANT1,0.25983807,0.0,1.0
CANX,0.470029,0.0,-1.0
CAP1,0.2976729,0.0,0.0
CAP2,0.2664326,0.0,-1.0
CAPG,0.28890935,0.0,-1.0
CAPN1,0.3266808,0.0,0.0
CAPN10,0.26409188,0.0,-1.0
CAPN11,0.22423668,0.0,0.0
CAPN12,0.22136027,0.0,0.0
CAPN13,0.2438681,0.0,0.0
CAPN14,0.24599054,0.0,0.0
CAPN15,0.2544512,0.0,0.0
CAPN2,0.26518384,0.0,0.0
CAPN3,0.32429525,0.0,-1.0
CAPN5,0.23065588,0.0,0.0
CAPN6,0.22902173,0.0,0.0
CAPN7,0.26395234,0.0,0.0
CAPN8,0.23727536,0.0,0.0
CAPN9,0.23036362,0.0,0.0
CAPNS1,0.35859573,0.0,0.0
CAPNS2,0.16471674,0.0,0.0
CAPRIN1,0.28582984,0.0,0.0
CAPRIN2,0.21460254,0.0,0.0
CAPS2,0.29021436,0.0,0.0
CAPSL,0.27668563,0.0,0.0
CAPZA1,0.3306619,0.0,0.0
CAPZA2,0.34952185,0.0,0.0
CAPZA3,0.2108414,0.0,0.0
CAPZB,0.41554746,0.0,0.0
CARD10,0.26803848,0.0,-1.0
CARD11,0.40879303,0.0,1.0
CARD14,0.26634833,0.0,-1.0
CARD16,0.34999472,0.0,0.0
CARD17,0.32064426,0.0,0.0
CARD18,0.34158376,0.0,0.0
CARD19,0.12517095,0.0,0.0
CARD6,0.31134844,0.0,-1.0
CARD8,0.3705868,0.0,-1.0
CARD9,0.35518816,0.0,-1.0
CARF,0.28319734,0.0,-1.0
CARHSP1,0.19796692,0.0,0.0
CARM1,0.5101152,1.0,-1.0
CARMIL1,0.19917306,0.0,0.0
CARMIL2,0.12404814,0.0,0.0
CARMIL3,0.1602287,0.0,0.0
CARNMT1,0.21233602,0.0,0.0
CARNS1,0.15755232,0.0,-1.0
CARS1,0.27385288,0.0,1.0
CARS2,0.14863922,0.0,0.0
CARTPT,0.3819731,0.0,-1.0
CASC3,0.26667526,0.0,-1.0
CASD1,0.15003991,0.0,0.0
CASK,0.4555751,0.0,-1.0
CASKIN1,0.304229,0.0,-1.0
CASKIN2,0.3039689,0.0,0.0
CASP1,0.5832831,1.0,-1.0
CASP10,0.4273235,0.0,-1.0
CASP12,0.3794834,0.0,0.0
CASP2,0.50470704,1.0,0.0
CASP3,0.7015295,1.0,1.0
CASP4,0.45107087,0.0,0.0
CASP5,0.3894654,0.0,0.0
CASP6,0.43674773,0.0,0.0
CASP7,0.52009827,1.0,-1.0
CASP8,0.73180866,1.0,1.0
CASP9,0.6527793,1.0,1.0
CASQ1,0.31253377,0.0,0.0
CASQ2,0.27324536,0.0,0.0
CASR,0.30785996,0.0,-1.0
CASS4,0.29210684,0.0,0.0
CAST,0.38434544,0.0,-1.0
CASTOR1,0.1339089,0.0,0.0
CASTOR3,0.20874834,0.0,-1.0
CASZ1,0.2711859,0.0,-1.0
CAT,0.4551631,0.0,-1.0
CATIP,0.17658904,0.0,-1.0
CATSPER1,0.27202365,0.0,-1.0
CATSPER3,0.18184973,0.0,0.0
CATSPER4,0.23590842,0.0,0.0
CATSPERB,0.1932994,0.0,0.0
CATSPERD,0.18874742,0.0,0.0
CATSPERE,0.18911143,0.0,0.0
CATSPERG,0.2324753,0.0,0.0
CAV1,0.59601045,1.0,-1.0
CAV2,0.4702433,0.0,-1.0
CAV3,0.4631562,0.0,-1.0
CAVIN1,0.35218248,0.0,-1.0
CAVIN2,0.34568453,0.0,0.0
CAVIN3,0.20151111,0.0,-1.0
CAVIN4,0.21270534,0.0,-1.0
CBARP,0.30330324,0.0,-1.0
CBFA2T2,0.4052404,0.0,0.0
CBFA2T3,0.38688037,0.0,1.0
CBFB,0.35446647,0.0,1.0
CBL,0.6400572,1.0,1.0
CBLB,0.39986622,0.0,1.0
CBLC,0.3758863,0.0,1.0
CBLIF,0.3806303,0.0,0.0
CBLL1,0.29931003,0.0,0.0
CBLL2,0.19823356,0.0,0.0
CBLN1,0.17241633,0.0,0.0
CBLN2,0.14763363,0.0,0.0
CBLN3,0.084852874,0.0,0.0
CBLN4,0.14141409,0.0,0.0
CBR1,0.15556596,0.0,0.0
CBR3,0.13727638,0.0,0.0
CBR4,0.15238477,0.0,0.0
CBS,0.33572462,0.0,-1.0
CBWD1,0.19013311,0.0,0.0
CBWD2,0.15193912,0.0,0.0
CBWD3,0.1608639,0.0,-1.0
CBWD5,0.14223851,0.0,0.0
CBWD6,0.18206705,0.0,0.0
CBX1,0.45863628,0.0,0.0
CBX2,0.3995042,0.0,-1.0
CBX3,0.5164489,1.0,0.0
CBX4,0.40651655,0.0,-1.0
CBX5,0.52049834,1.0,0.0
CBX6,0.4526335,0.0,-1.0
CBX7,0.327612,0.0,-1.0
CBX8,0.415488,0.0,0.0
CBY1,0.36618,0.0,0.0
CBY2,0.16352856,0.0,0.0
CBY3,0.13283691,0.0,0.0
CC2D1A,0.26992488,0.0,-1.0
CC2D1B,0.23651351,0.0,0.0
CCAR1,0.51714146,1.0,-1.0
CCAR2,0.28667793,0.0,-1.0
CCBE1,0.2542124,0.0,0.0
CCDC102A,0.09899615,0.0,-1.0
CCDC103,0.18920328,0.0,0.0
CCDC105,0.18158257,0.0,0.0
CCDC106,0.06996269,0.0,0.0
CCDC107,0.11308203,0.0,-1.0
CCDC110,0.16519298,0.0,0.0
CCDC112,0.19310601,0.0,0.0
CCDC113,0.17764209,0.0,0.0
CCDC115,0.17649624,0.0,0.0
CCDC116,0.17257845,0.0,0.0
CCDC117,0.18468766,0.0,0.0
CCDC12,0.16367021,0.0,0.0
CCDC121,0.20202218,0.0,-1.0
CCDC122,0.24020822,0.0,-1.0
CCDC124,0.14703406,0.0,-1.0
CCDC125,0.12404092,0.0,0.0
CCDC126,0.16313364,0.0,0.0
CCDC127,0.13726342,0.0,0.0
CCDC13,0.20341642,0.0,0.0
CCDC134,0.1422368,0.0,0.0
CCDC136,0.1910693,0.0,0.0
CCDC137,0.13984068,0.0,0.0
CCDC138,0.16863854,0.0,0.0
CCDC14,0.20660217,0.0,0.0
CCDC140,0.20299841,0.0,0.0
CCDC142,0.15692388,0.0,0.0
CCDC144A,0.1175178,0.0,0.0
CCDC144NL,0.08490903,0.0,0.0
CCDC146,0.2023681,0.0,0.0
CCDC148,0.19924754,0.0,0.0
CCDC149,0.18607804,0.0,0.0
CCDC15,0.123527855,0.0,0.0
CCDC150,0.14895593,0.0,0.0
CCDC153,0.12148041,0.0,0.0
CCDC154,0.15064214,0.0,0.0
CCDC157,0.15441626,0.0,0.0
CCDC158,0.17846972,0.0,0.0
CCDC160,0.18544783,0.0,0.0
CCDC167,0.15628815,0.0,0.0
CCDC168,0.19250946,0.0,-1.0
CCDC169,0.18836735,0.0,0.0
CCDC169-SOHLH2,0.18216704,0.0,0.0
CCDC17,0.14591593,0.0,0.0
CCDC170,0.30835214,0.0,0.0
CCDC171,0.2076204,0.0,0.0
CCDC172,0.19231729,0.0,0.0
CCDC174,0.132263,0.0,0.0
CCDC175,0.11054866,0.0,0.0
CCDC177,0.14385241,0.0,0.0
CCDC179,0.18643197,0.0,0.0
CCDC18,0.25212446,0.0,0.0
CCDC181,0.19787893,0.0,0.0
CCDC183,0.17555538,0.0,0.0
CCDC184,0.21944933,0.0,0.0
CCDC185,0.1917188,0.0,0.0
CCDC186,0.25104955,0.0,0.0
CCDC190,0.13657597,0.0,0.0
CCDC191,0.112492986,0.0,0.0
CCDC198,0.17095055,0.0,0.0
CCDC22,0.18692459,0.0,0.0
CCDC24,0.11114677,0.0,0.0
CCDC25,0.11673011,0.0,0.0
CCDC27,0.17987245,0.0,0.0
CCDC28A,0.15669464,0.0,-1.0
CCDC28B,0.2522937,0.0,0.0
CCDC3,0.15185992,0.0,0.0
CCDC30,0.12695864,0.0,0.0
CCDC32,0.19914944,0.0,0.0
CCDC33,0.17940857,0.0,0.0
CCDC34,0.22957972,0.0,0.0
CCDC38,0.19146495,0.0,-1.0
CCDC39,0.25919452,0.0,-1.0
CCDC40,0.2219585,0.0,-1.0
CCDC42,0.18114483,0.0,0.0
CCDC43,0.20256113,0.0,0.0
CCDC47,0.16812754,0.0,0.0
CCDC50,0.28685725,0.0,0.0
CCDC51,0.19691172,0.0,0.0
CCDC54,0.1767209,0.0,0.0
CCDC57,0.1512581,0.0,0.0
CCDC59,0.20144975,0.0,0.0
CCDC6,0.3692973,0.0,1.0
CCDC60,0.17541035,0.0,0.0
CCDC62,0.17618087,0.0,0.0
CCDC63,0.185775,0.0,-1.0
CCDC65,0.23990855,0.0,0.0
CCDC66,0.30862588,0.0,-1.0
CCDC68,0.14303535,0.0,0.0
CCDC69,0.07396751,0.0,0.0
CCDC7,0.18438974,0.0,0.0
CCDC70,0.17181246,0.0,0.0
CCDC71,0.13578553,0.0,0.0
CCDC71L,0.1106522,0.0,0.0
CCDC73,0.2049033,0.0,0.0
CCDC74A,0.17063189,0.0,0.0
CCDC74B,0.20425804,0.0,0.0
CCDC77,0.31409073,0.0,-1.0
CCDC78,0.13466902,0.0,0.0
CCDC8,0.032007918,0.0,0.0
CCDC80,0.31690732,0.0,0.0
CCDC81,0.21484244,0.0,-1.0
CCDC82,0.19105665,0.0,0.0
CCDC83,0.17831893,0.0,0.0
CCDC85A,0.2619061,0.0,0.0
CCDC85B,0.2971762,0.0,0.0
CCDC85C,0.081652045,0.0,0.0
CCDC86,0.13465048,0.0,0.0
CCDC87,0.1845875,0.0,0.0
CCDC88A,0.38186002,0.0,-1.0
CCDC88B,0.30961704,0.0,0.0
CCDC88C,0.35375005,0.0,0.0
CCDC89,0.17372312,0.0,0.0
CCDC9,0.09910478,0.0,-1.0
CCDC90B,0.1275116,0.0,0.0
CCDC91,0.17306522,0.0,0.0
CCDC92,0.14192085,0.0,0.0
CCDC93,0.26495185,0.0,0.0
CCDC96,0.16758218,0.0,0.0
CCDC97,0.13650738,0.0,0.0
CCDC9B,0.13840051,0.0,0.0
CCER1,0.1444244,0.0,-1.0
CCHCR1,0.15659912,0.0,-1.0
CCIN,0.19966091,0.0,0.0
CCK,0.32894135,0.0,-1.0
CCKAR,0.23298657,0.0,0.0
CCKBR,0.254498,0.0,-1.0
CCL1,0.493179,0.0,0.0
CCL11,0.46296558,0.0,0.0
CCL13,0.40872765,0.0,0.0
CCL17,0.43984988,0.0,0.0
CCL19,0.41797444,0.0,0.0
CCL2,0.5117068,1.0,0.0
CCL20,0.37732264,0.0,0.0
CCL21,0.44672474,0.0,0.0
CCL22,0.453848,0.0,0.0
CCL24,0.36379278,0.0,0.0
CCL25,0.23848169,0.0,0.0
CCL26,0.38271338,0.0,-1.0
CCL27,0.32780728,0.0,0.0
CCL28,0.3338481,0.0,0.0
CCL7,0.5457561,1.0,-1.0
CCL8,0.4302834,0.0,0.0
CCM2,0.41089818,0.0,-1.0
CCM2L,0.15784559,0.0,0.0
CCN1,0.56886274,1.0,-1.0
CCN2,0.59115505,1.0,-1.0
CCN3,0.4274371,0.0,-1.0
CCN4,0.5015777,1.0,0.0
CCN5,0.42888433,0.0,-1.0
CCN6,0.38704154,0.0,-1.0
CCNA1,0.49150434,0.0,-1.0
CCNA2,0.6113274,1.0,-1.0
CCNB1,0.65521556,1.0,-1.0
CCNB1IP1,0.24200599,0.0,1.0
CCNB2,0.5509558,1.0,-1.0
CCNB3,0.38333264,0.0,1.0
CCNC,0.4417506,0.0,1.0
CCND1,0.71883565,1.0,1.0
CCND2,0.66532606,1.0,1.0
CCND3,0.58322924,1.0,1.0
CCNDBP1,0.2556302,0.0,0.0
CCNE1,0.6068379,1.0,1.0
CCNE2,0.5111105,1.0,-1.0
CCNF,0.42285013,0.0,-1.0
CCNG1,0.44999376,0.0,-1.0
CCNG2,0.40583757,0.0,0.0
CCNH,0.53214496,1.0,-1.0
CCNI,0.38706183,0.0,-1.0
CCNI2,0.35680538,0.0,0.0
CCNJL,0.10995995,0.0,0.0
CCNK,0.41948918,0.0,0.0
CCNL1,0.3454042,0.0,-1.0
CCNL2,0.3721447,0.0,0.0
CCNO,0.3699466,0.0,0.0
CCNP,0.36934555,0.0,0.0
CCNT1,0.4720521,0.0,-1.0
CCNT2,0.4262242,0.0,-1.0
CCNY,0.32482284,0.0,-1.0
CCNYL1,0.1757838,0.0,0.0
CCP110,0.3591686,0.0,-1.0
CCPG1,0.21491067,0.0,0.0
CCR1,0.3606331,0.0,-1.0
CCR10,0.15689652,0.0,0.0
CCR2,0.46911028,0.0,-1.0
CCR3,0.3394683,0.0,0.0
CCR4,0.3582688,0.0,1.0
CCR5,0.40885618,0.0,-1.0
CCR6,0.17246518,0.0,0.0
CCR7,0.4312932,0.0,1.0
CCR8,0.27842063,0.0,0.0
CCR9,0.29729864,0.0,-1.0
CCRL2,0.27816898,0.0,0.0
CCS,0.285214,0.0,0.0
CCSAP,0.10741884,0.0,0.0
CCSER2,0.17941764,0.0,0.0
CCT2,0.22170614,0.0,0.0
CCT3,0.3138967,0.0,0.0
CCT4,0.2872159,0.0,0.0
CCT5,0.26023656,0.0,-1.0
CCT6A,0.24705146,0.0,0.0
CCT6B,0.21065779,0.0,-1.0
CCT7,0.22679348,0.0,0.0
CCT8,0.2773788,0.0,0.0
CCT8L2,0.23294748,0.0,-1.0
CCZ1,0.21315652,0.0,0.0
CCZ1B,0.2616098,0.0,0.0
CD101,0.20591846,0.0,0.0
CD109,0.2647243,0.0,-1.0
CD14,0.3637726,0.0,-1.0
CD151,0.3981988,0.0,-1.0
CD160,0.32971048,0.0,0.0
CD163,0.40703523,0.0,0.0
CD163L1,0.113170944,0.0,-1.0
CD164,0.31409216,0.0,0.0
CD164L2,0.11641571,0.0,0.0
CD180,0.3568496,0.0,0.0
CD19,0.53915596,1.0,-1.0
CD1A,0.42198423,0.0,-1.0
CD1B,0.4281984,0.0,-1.0
CD1C,0.46670637,0.0,0.0
CD1D,0.41875455,0.0,-1.0
CD1E,0.29760104,0.0,0.0
CD2,0.49167812,0.0,-1.0
CD200,0.49186397,0.0,-1.0
CD200R1,0.3308176,0.0,0.0
CD200R1L,0.14128885,0.0,0.0
CD207,0.43737972,0.0,0.0
CD209,0.46371412,0.0,1.0
CD22,0.43014014,0.0,-1.0
CD226,0.37509042,0.0,0.0
CD244,0.39333412,0.0,0.0
CD247,0.41858253,0.0,-1.0
CD248,0.34729454,0.0,-1.0
CD27,0.48456112,0.0,0.0
CD274,0.5126201,1.0,1.0
CD276,0.48362154,0.0,1.0
CD28,0.4127147,0.0,1.0
CD2AP,0.5712763,1.0,-1.0
CD2BP2,0.4769486,0.0,-1.0
CD300A,0.17130776,0.0,0.0
CD300C,0.27960366,0.0,0.0
CD300LB,0.103706025,0.0,0.0
CD300LD,0.08108115,0.0,0.0
CD300LF,0.12071055,0.0,0.0
CD300LG,0.10593756,0.0,0.0
CD302,0.24850868,0.0,0.0
CD320,0.2692724,0.0,0.0
CD33,0.46408722,0.0,0.0
CD34,0.596359,1.0,0.0
CD36,0.47840658,0.0,-1.0
CD37,0.2758846,0.0,0.0
CD38,0.5535379,1.0,-1.0
CD3D,0.44145253,0.0,-1.0
CD3E,0.47533762,0.0,-1.0
CD3G,0.48186472,0.0,-1.0
CD4,0.53002787,1.0,-1.0
CD40,0.5671067,1.0,-1.0
CD40LG,0.5862504,1.0,-1.0
CD44,0.6018189,1.0,-1.0
CD46,0.42665756,0.0,-1.0
CD47,0.53830403,1.0,0.0
CD48,0.60140353,1.0,-1.0
CD5,0.543749,1.0,0.0
CD52,0.2618714,0.0,-1.0
CD53,0.29011723,0.0,-1.0
CD55,0.518974,1.0,-1.0
CD58,0.46842274,0.0,1.0
CD59,0.5266932,1.0,-1.0
CD5L,0.267405,0.0,0.0
CD6,0.46067053,0.0,-1.0
CD63,0.4611528,0.0,-1.0
CD68,0.50664485,1.0,0.0
CD69,0.504309,1.0,-1.0
CD7,0.45462945,0.0,0.0
CD70,0.44356453,0.0,-1.0
CD72,0.33825195,0.0,0.0
CD74,0.38734818,0.0,1.0
CD79A,0.51505864,1.0,1.0
CD79B,0.42832232,0.0,1.0
CD80,0.53482306,1.0,-1.0
CD81,0.47155583,0.0,-1.0
CD82,0.5675082,1.0,-1.0
CD83,0.47853926,0.0,-1.0
CD84,0.3214604,0.0,0.0
CD86,0.5058639,1.0,-1.0
CD8A,0.5208781,1.0,-1.0
CD8B,0.40375564,0.0,-1.0
CD9,0.49949,0.0,-1.0
CD93,0.37776023,0.0,0.0
CD96,0.2768191,0.0,0.0
CD99,0.36174303,0.0,0.0
CD99L2,0.20717175,0.0,0.0
CDA,0.30686563,0.0,-1.0
CDADC1,0.26500016,0.0,0.0
CDAN1,0.30513477,0.0,-1.0
CDC123,0.5673425,1.0,0.0
CDC14A,0.47772366,0.0,0.0
CDC14B,0.36707735,0.0,0.0
CDC16,0.4115128,0.0,0.0
CDC20,0.4994959,0.0,-1.0
CDC20B,0.29967278,0.0,0.0
CDC23,0.38179535,0.0,-1.0
CDC25A,0.5969873,1.0,-1.0
CDC25B,0.5017045,1.0,-1.0
CDC25C,0.57798034,1.0,-1.0
CDC26,0.26142025,0.0,0.0
CDC27,0.38007593,0.0,-1.0
CDC34,0.4853635,0.0,-1.0
CDC37,0.33204862,0.0,-1.0
CDC37L1,0.2672916,0.0,-1.0
CDC40,0.26872572,0.0,0.0
CDC42,0.75588053,1.0,1.0
CDC42BPA,0.4163989,0.0,0.0
CDC42BPB,0.3570148,0.0,-1.0
CDC42BPG,0.3004879,0.0,-1.0
CDC42EP1,0.21934265,0.0,-1.0
CDC42EP2,0.17945205,0.0,0.0
CDC42EP3,0.21047491,0.0,0.0
CDC42EP4,0.18832767,0.0,0.0
CDC42EP5,0.20208289,0.0,0.0
CDC42SE1,0.26439402,0.0,0.0
CDC42SE2,0.23651974,0.0,0.0
CDC45,0.5365861,1.0,-1.0
CDC5L,0.4307564,0.0,-1.0
CDC6,0.51808494,1.0,-1.0
CDC7,0.5336902,1.0,-1.0
CDC73,0.4290914,0.0,1.0
CDCA2,0.3835399,0.0,0.0
CDCA3,0.35076347,0.0,0.0
CDCA4,0.16927738,0.0,0.0
CDCA5,0.40936556,0.0,-1.0
CDCA7,0.37616122,0.0,0.0
CDCA7L,0.29021102,0.0,0.0
CDCA8,0.46539202,0.0,0.0
CDCP1,0.17114629,0.0,-1.0
CDCP2,0.16948183,0.0,0.0
CDH1,0.6207632,1.0,1.0
CDH10,0.35135674,0.0,1.0
CDH11,0.5213849,1.0,1.0
CDH12,0.38741797,0.0,-1.0
CDH13,0.5326345,1.0,-1.0
CDH15,0.39851114,0.0,-1.0
CDH16,0.15300815,0.0,0.0
CDH17,0.558388,1.0,1.0
CDH18,0.32752407,0.0,-1.0
CDH19,0.31376177,0.0,-1.0
CDH2,0.60662663,1.0,-1.0
CDH20,0.29846957,0.0,-1.0
CDH22,0.25257322,0.0,0.0
CDH23,0.34534198,0.0,-1.0
CDH24,0.31263033,0.0,-1.0
CDH26,0.2695426,0.0,0.0
CDH3,0.3982659,0.0,-1.0
CDH5,0.5811053,1.0,0.0
CDH6,0.48685065,0.0,-1.0
CDH7,0.35122663,0.0,0.0
CDH8,0.447732,0.0,-1.0
CDH9,0.34208778,0.0,-1.0
CDHR1,0.3103785,0.0,-1.0
CDHR2,0.12042292,0.0,-1.0
CDHR3,0.31374678,0.0,-1.0
CDHR4,0.09778512,0.0,-1.0
CDHR5,0.058109593,0.0,0.0
CDIN1,0.16870987,0.0,0.0
CDIP1,0.16789253,0.0,0.0
CDIPT,0.30469227,0.0,0.0
CDK1,0.65980303,1.0,-1.0
CDK10,0.28570512,0.0,0.0
CDK11A,0.38718098,0.0,-1.0
CDK11B,0.3686076,0.0,-1.0
CDK12,0.39531323,0.0,1.0
CDK13,0.45565817,0.0,-1.0
CDK14,0.3978516,0.0,-1.0
CDK15,0.3579166,0.0,0.0
CDK16,0.50770336,1.0,-1.0
CDK17,0.45098945,0.0,0.0
CDK18,0.36775964,0.0,-1.0
CDK19,0.34861767,0.0,0.0
CDK2,0.7250879,1.0,-1.0
CDK20,0.3376616,0.0,-1.0
CDK2AP1,0.25099552,0.0,-1.0
CDK2AP2,0.15748312,0.0,0.0
CDK3,0.41603073,0.0,0.0
CDK4,0.67753315,1.0,1.0
CDK5,0.5634547,1.0,-1.0
CDK5R1,0.41599455,0.0,-1.0
CDK5R2,0.23904358,0.0,0.0
CDK5RAP1,0.15244693,0.0,0.0
CDK5RAP2,0.31017926,0.0,0.0
CDK5RAP3,0.2458053,0.0,0.0
CDK6,0.55036855,1.0,1.0
CDK7,0.50069845,1.0,-1.0
CDK8,0.50184417,1.0,1.0
CDK9,0.612848,1.0,-1.0
CDKAL1,0.2758137,0.0,-1.0
CDKL1,0.26941484,0.0,0.0
CDKL2,0.2350373,0.0,-1.0
CDKL3,0.2526961,0.0,0.0
CDKL4,0.24289209,0.0,0.0
CDKL5,0.41217232,0.0,-1.0
CDKN1A,0.7172399,1.0,1.0
CDKN1B,0.6857852,1.0,1.0
CDKN1C,0.616286,1.0,-1.0
CDKN2AIP,0.20578094,0.0,-1.0
CDKN2AIPNL,0.12275091,0.0,0.0
CDKN2B,0.51583594,1.0,1.0
CDKN2C,0.39911175,0.0,1.0
CDKN2D,0.36740652,0.0,-1.0
CDKN3,0.7011886,1.0,-1.0
CDNF,0.1588515,0.0,0.0
CDO1,0.1498604,0.0,0.0
CDON,0.35983583,0.0,-1.0
CDPF1,4.2863255e-07,0.0,0.0
CDR1,0.35210386,0.0,0.0
CDR2,0.37208554,0.0,0.0
CDR2L,0.21849082,0.0,0.0
CDRT15,0.07500227,0.0,0.0
CDRT15L2,0.17042696,0.0,0.0
CDS1,0.12902193,0.0,0.0
CDS2,0.15205681,0.0,0.0
CDSN,0.3321728,0.0,-1.0
CDT1,0.502425,1.0,-1.0
CDV3,0.18604161,0.0,0.0
CDX1,0.3688316,0.0,0.0
CDX2,0.5250062,1.0,1.0
CDX4,0.45264173,0.0,-1.0
CDY1,0.1998702,0.0,0.0
CDY1B,0.19142385,0.0,0.0
CDY2A,0.19095372,0.0,0.0
CDY2B,0.2104938,0.0,0.0
CDYL,0.22198421,0.0,-1.0
CEACAM1,0.39217487,0.0,-1.0
CEACAM16,0.14105356,0.0,0.0
CEACAM19,0.1166686,0.0,0.0
CEACAM21,0.14363463,0.0,-1.0
CEACAM3,0.19014806,0.0,0.0
CEACAM4,0.16667333,0.0,0.0
CEACAM5,0.5052451,1.0,-1.0
CEACAM6,0.28550813,0.0,0.0
CEACAM7,0.05764223,0.0,-1.0
CEACAM8,0.3644824,0.0,0.0
CEBPA,0.5961004,1.0,1.0
CEBPB,0.5838549,1.0,-1.0
CEBPD,0.49882352,0.0,0.0
CEBPE,0.34417197,0.0,-1.0
CEBPG,0.3752824,0.0,0.0
CEBPZ,0.2604427,0.0,-1.0
CECR2,0.38832003,0.0,0.0
CEL,0.5401811,1.0,-1.0
CELA1,0.2056249,0.0,-1.0
CELA2A,0.10698948,0.0,0.0
CELA2B,0.132969,0.0,0.0
CELA3A,0.11214041,0.0,0.0
CELA3B,0.14742647,0.0,0.0
CELF1,0.42694515,0.0,-1.0
CELF3,0.29668835,0.0,0.0
CELF4,0.32945564,0.0,-1.0
CELF5,0.2598568,0.0,0.0
CELF6,0.27139306,0.0,0.0
CELSR1,0.35063204,0.0,0.0
CELSR2,0.2967486,0.0,0.0
CELSR3,0.31583723,0.0,0.0
CEMIP,0.09286233,0.0,-1.0
CEMIP2,0.20130336,0.0,0.0
CENATAC,0.21081176,0.0,0.0
CEND1,0.17989004,0.0,0.0
CENPA,0.47516486,0.0,-1.0
CENPB,0.3440891,0.0,0.0
CENPBD1P,0.16195264,0.0,0.0
CENPC,0.45596147,0.0,-1.0
CENPE,0.5092373,1.0,0.0
CENPF,0.48747784,0.0,-1.0
CENPH,0.43322384,0.0,0.0
CENPI,0.42926425,0.0,0.0
CENPJ,0.42698452,0.0,-1.0
CENPK,0.42734972,0.0,0.0
CENPL,0.33536097,0.0,0.0
CENPM,0.32493013,0.0,0.0
CENPN,0.384751,0.0,0.0
CENPO,0.30760318,0.0,0.0
CENPP,0.3482385,0.0,0.0
CENPQ,0.33624953,0.0,0.0
CENPS,0.44495717,0.0,0.0
CENPS-CORT,0.2926907,0.0,0.0
CENPU,0.3912996,0.0,0.0
CENPV,0.3556263,0.0,0.0
CENPW,0.2898482,0.0,-1.0
CENPX,0.2753826,0.0,0.0
CEP104,0.20887122,0.0,0.0
CEP112,0.12484658,0.0,0.0
CEP120,0.36110565,0.0,0.0
CEP126,0.14142863,0.0,0.0
CEP128,0.22660668,0.0,0.0
CEP131,0.2811213,0.0,0.0
CEP135,0.34996134,0.0,0.0
CEP152,0.4431194,0.0,-1.0
CEP162,0.2651771,0.0,0.0
CEP164,0.3140035,0.0,0.0
CEP170,0.3218433,0.0,-1.0
CEP170B,0.21385683,0.0,0.0
CEP19,0.25787762,0.0,-1.0
CEP192,0.27506137,0.0,-1.0
CEP20,0.20582394,0.0,0.0
CEP250,0.38365605,0.0,0.0
CEP290,0.3973692,0.0,-1.0
CEP295,0.28182536,0.0,0.0
CEP295NL,0.0967024,0.0,0.0
CEP350,0.31200713,0.0,0.0
CEP41,0.22011341,0.0,0.0
CEP43,0.31389132,0.0,1.0
CEP44,0.20188403,0.0,0.0
CEP55,0.42528692,0.0,0.0
CEP57,0.2918762,0.0,-1.0
CEP57L1,0.23582356,0.0,0.0
CEP63,0.3724319,0.0,0.0
CEP68,0.27376205,0.0,0.0
CEP70,0.39269602,0.0,0.0
CEP72,0.22228383,0.0,-1.0
CEP76,0.22986242,0.0,-1.0
CEP78,0.27774277,0.0,0.0
CEP83,0.2392972,0.0,-1.0
CEP85,0.13083656,0.0,0.0
CEP85L,0.30265704,0.0,0.0
CEP89,0.2550338,0.0,-1.0
CEP95,0.22372991,0.0,0.0
CEP97,0.3899009,0.0,0.0
CEPT1,0.12110841,0.0,0.0
CER1,0.4699499,0.0,-1.0
CERCAM,0.19523682,0.0,0.0
CERK,0.27653977,0.0,-1.0
CERKL,0.21002315,0.0,-1.0
CERS2,0.17948142,0.0,0.0
CERS3,0.21263571,0.0,-1.0
CERS4,0.20147364,0.0,0.0
CERS5,0.20854048,0.0,0.0
CERS6,0.21066359,0.0,0.0
CERT1,0.30912215,0.0,0.0
CES1,0.40725544,0.0,0.0
CES2,0.25262526,0.0,0.0
CES3,0.20535715,0.0,0.0
CES4A,0.20486711,0.0,0.0
CES5A,0.16277707,0.0,0.0
CETN1,0.34787974,0.0,0.0
CETN2,0.4510226,0.0,0.0
CETN3,0.4376108,0.0,-1.0
CETP,0.22978984,0.0,-1.0
CFAP100,0.20885418,0.0,0.0
CFAP119,0.21682858,0.0,0.0
CFAP126,0.20845848,0.0,-1.0
CFAP141,0.19690128,0.0,0.0
CFAP157,0.16575494,0.0,0.0
CFAP161,0.19741957,0.0,0.0
CFAP20,0.3764074,0.0,-1.0
CFAP206,0.14470899,0.0,0.0
CFAP20DC,0.21671051,0.0,0.0
CFAP210,0.1789453,0.0,0.0
CFAP251,0.14988413,0.0,0.0
CFAP276,0.2004646,0.0,-1.0
CFAP298,0.27201167,0.0,0.0
CFAP299,0.16891724,0.0,0.0
CFAP300,0.18705802,0.0,0.0
CFAP36,0.17201398,0.0,0.0
CFAP410,0.13340628,0.0,0.0
CFAP418,0.21139243,0.0,0.0
CFAP43,0.21296132,0.0,0.0
CFAP44,0.19735065,0.0,0.0
CFAP45,0.18832524,0.0,-1.0
CFAP46,0.1621127,0.0,0.0
CFAP47,0.33525816,0.0,-1.0
CFAP52,0.34364036,0.0,0.0
CFAP53,0.18850026,0.0,0.0
CFAP54,0.23369336,0.0,-1.0
CFAP57,0.19258186,0.0,0.0
CFAP58,0.17661647,0.0,0.0
CFAP61,0.16386712,0.0,0.0
CFAP65,0.18750605,0.0,0.0
CFAP69,0.18400386,0.0,0.0
CFAP70,0.13375239,0.0,-1.0
CFAP73,0.17537484,0.0,0.0
CFAP74,0.1516256,0.0,-1.0
CFAP77,0.15459308,0.0,0.0
CFAP91,0.16250694,0.0,0.0
CFAP92,0.18367988,0.0,0.0
CFAP95,0.09484817,0.0,0.0
CFAP97,0.4150568,0.0,0.0
CFAP97D1,0.1766559,0.0,0.0
CFB,0.25861117,0.0,-1.0
CFC1,0.4056968,0.0,-1.0
CFC1B,0.22067882,0.0,0.0
CFD,0.2345383,0.0,-1.0
CFDP1,0.28727284,0.0,0.0
CFH,0.38692945,0.0,-1.0
CFHR1,0.11141356,0.0,0.0
CFHR2,0.055919655,0.0,-1.0
CFHR3,0.06786794,0.0,0.0
CFHR4,0.076370545,0.0,0.0
CFHR5,0.065242976,0.0,-1.0
CFI,0.19590324,0.0,-1.0
CFL1,0.57098246,1.0,0.0
CFL2,0.35572872,0.0,-1.0
CFLAR,0.6034133,1.0,-1.0
CFP,0.34119087,0.0,-1.0
CFTR,0.38241544,0.0,-1.0
CGA,0.22109793,0.0,0.0
CGAS,0.25436115,0.0,0.0
CGB1,0.077915885,0.0,0.0
CGB2,0.10427625,0.0,-1.0
CGB3,0.28803456,0.0,0.0
CGB5,0.10610992,0.0,-1.0
CGB7,0.34131864,0.0,0.0
CGB8,0.28594863,0.0,0.0
CGGBP1,0.20792808,0.0,0.0
CGN,0.31260806,0.0,0.0
CGNL1,0.30599722,0.0,-1.0
CGREF1,0.1234916,0.0,0.0
CGRRF1,0.15274592,0.0,0.0
CH25H,0.16265407,0.0,0.0
CHAC1,0.16959204,0.0,0.0
CHAC2,0.15373632,0.0,0.0
CHAD,0.36201206,0.0,0.0
CHADL,0.3127735,0.0,0.0
CHAF1A,0.45663688,0.0,0.0
CHAF1B,0.4342006,0.0,-1.0
CHAMP1,0.20365848,0.0,0.0
CHAT,0.4361109,0.0,-1.0
CHCHD1,0.06514894,0.0,0.0
CHCHD10,0.097942784,0.0,0.0
CHCHD2,0.08409251,0.0,0.0
CHCHD3,0.124639444,0.0,0.0
CHCHD4,0.10542064,0.0,0.0
CHCHD5,0.09739098,0.0,0.0
CHCHD6,0.10243436,0.0,0.0
CHCHD7,0.2891704,0.0,1.0
CHD1,0.51274717,1.0,-1.0
CHD1L,0.44306868,0.0,0.0
CHD2,0.50484,1.0,1.0
CHD3,0.46070534,0.0,-1.0
CHD4,0.5616362,1.0,1.0
CHD5,0.42356524,0.0,-1.0
CHD6,0.46152088,0.0,-1.0
CHD7,0.62400496,1.0,-1.0
CHD8,0.49729958,0.0,-1.0
CHD9,0.48971856,0.0,-1.0
CHDH,0.12916318,0.0,-1.0
CHEK1,0.65719503,1.0,1.0
CHEK2,0.6739864,1.0,1.0
CHERP,0.23156342,0.0,0.0
CHFR,0.42226645,0.0,-1.0
CHGA,0.4884483,0.0,-1.0
CHGB,0.34643263,0.0,0.0
CHI3L1,0.36921796,0.0,0.0
CHI3L2,0.23364852,0.0,0.0
CHIA,0.38761958,0.0,0.0
CHIC1,0.32235372,0.0,0.0
CHIC2,0.30861446,0.0,-1.0
CHIT1,0.2889396,0.0,0.0
CHKA,0.39915916,0.0,-1.0
CHKB,0.25749296,0.0,-1.0
CHKB-CPT1B,0.21716045,0.0,0.0
CHL1,0.5619667,1.0,-1.0
CHM,0.41785887,0.0,-1.0
CHML,0.36066985,0.0,0.0
CHMP1A,0.24210016,0.0,0.0
CHMP1B,0.24839392,0.0,0.0
CHMP2A,0.3174869,0.0,0.0
CHMP2B,0.23160656,0.0,-1.0
CHMP4A,0.19926333,0.0,0.0
CHMP4B,0.2445353,0.0,0.0
CHMP4C,0.24779359,0.0,0.0
CHMP5,0.2109481,0.0,0.0
CHMP6,0.2438038,0.0,0.0
CHMP7,0.3144782,0.0,0.0
CHN1,0.4070622,0.0,-1.0
CHN2,0.3486843,0.0,0.0
CHODL,0.22337459,0.0,0.0
CHORDC1,0.22070734,0.0,0.0
CHP1,0.35012612,0.0,0.0
CHP2,0.33295202,0.0,0.0
CHPF,0.09205297,0.0,0.0
CHPF2,0.11204674,0.0,-1.0
CHPT1,0.11647978,0.0,-1.0
CHRAC1,0.3570289,0.0,0.0
CHRD,0.5297363,1.0,0.0
CHRDL1,0.3214008,0.0,0.0
CHRDL2,0.22505978,0.0,0.0
CHRFAM7A,0.23681323,0.0,0.0
CHRM1,0.2958427,0.0,0.0
CHRM2,0.24717472,0.0,0.0
CHRM3,0.25548565,0.0,0.0
CHRM4,0.21829507,0.0,0.0
CHRM5,0.21396077,0.0,-1.0
CHRNA1,0.32041305,0.0,-1.0
CHRNA10,0.13476439,0.0,0.0
CHRNA2,0.18201041,0.0,-1.0
CHRNA3,0.26299018,0.0,0.0
CHRNA4,0.39784142,0.0,-1.0
CHRNA5,0.2466686,0.0,0.0
CHRNA6,0.13845088,0.0,0.0
CHRNA7,0.25255832,0.0,0.0
CHRNA9,0.18418415,0.0,0.0
CHRNB1,0.2250981,0.0,-1.0
CHRNB2,0.23741762,0.0,-1.0
CHRNB3,0.2040136,0.0,0.0
CHRNB4,0.23226063,0.0,-1.0
CHRND,0.18312179,0.0,-1.0
CHRNE,0.1692024,0.0,-1.0
CHRNG,0.25197536,0.0,0.0
CHST1,0.086658105,0.0,-1.0
CHST10,0.06289708,0.0,-1.0
CHST11,0.100238904,0.0,1.0
CHST12,0.10804501,0.0,0.0
CHST13,0.08741934,0.0,0.0
CHST14,0.20894095,0.0,-1.0
CHST15,0.24961388,0.0,0.0
CHST2,0.1031494,0.0,0.0
CHST3,0.17187272,0.0,-1.0
CHST4,0.09230317,0.0,0.0
CHST5,0.051059213,0.0,0.0
CHST6,0.12396169,0.0,-1.0
CHST7,0.09292432,0.0,0.0
CHST8,0.027576834,0.0,0.0
CHSY1,0.18563095,0.0,0.0
CHSY3,0.07891645,0.0,0.0
CHTF18,0.4356702,0.0,-1.0
CHTF8,0.20618905,0.0,-1.0
CHTOP,0.16500586,0.0,0.0
CHUK,0.61740786,1.0,-1.0
CHURC1,0.14748608,0.0,0.0
CIAO1,0.23678707,0.0,0.0
CIAO2A,0.12889124,0.0,-1.0
CIAO2B,0.105098456,0.0,0.0
CIAO3,0.3106,0.0,0.0
CIAPIN1,0.20586845,0.0,0.0
CIART,0.31488267,0.0,0.0
CIB1,0.41165784,0.0,0.0
CIB2,0.3365391,0.0,0.0
CIB3,0.3517926,0.0,0.0
CIB4,0.31589895,0.0,0.0
CIBAR1,0.1596587,0.0,0.0
CIBAR2,0.23739862,0.0,-1.0
CIC,0.3832565,0.0,1.0
CIDEA,0.19399987,0.0,0.0
CIDEB,0.2938895,0.0,0.0
CIDEC,0.15310879,0.0,0.0
CIITA,0.4808231,0.0,1.0
CILK1,0.43915054,0.0,-1.0
CILP,0.27268133,0.0,-1.0
CILP2,0.19510497,0.0,-1.0
CINP,0.33746067,0.0,0.0
CIP2A,0.34196568,0.0,-1.0
CIPC,0.19372065,0.0,-1.0
CIR1,0.31514454,0.0,0.0
CIRBP,0.2822102,0.0,-1.0
CISD1,0.118982345,0.0,0.0
CISD2,0.21765614,0.0,-1.0
CISH,0.56528175,1.0,0.0
CIT,0.41579905,0.0,0.0
CITED1,0.41758782,0.0,0.0
CITED2,0.41898435,0.0,-1.0
CITED4,0.20859073,0.0,-1.0
CIZ1,0.15087853,0.0,-1.0
CKAP2,0.40244424,0.0,0.0
CKAP2L,0.34636453,0.0,0.0
CKAP4,0.19952187,0.0,0.0
CKAP5,0.53528243,1.0,0.0
CKB,0.27480483,0.0,0.0
CKLF,0.3020732,0.0,0.0
CKLF-CMTM1,0.08853693,0.0,0.0
CKM,0.39031792,0.0,0.0
CKMT1A,0.22767425,0.0,0.0
CKMT1B,0.22583859,0.0,0.0
CKMT2,0.22231373,0.0,0.0
CKS1B,0.40909326,0.0,-1.0
CKS2,0.3921956,0.0,-1.0
CLASP1,0.4368126,0.0,-1.0
CLASP2,0.42466843,0.0,-1.0
CLASRP,0.32122865,0.0,0.0
CLBA1,0.019639492,0.0,0.0
CLC,0.32399824,0.0,0.0
CLCA1,0.20692416,0.0,0.0
CLCA2,0.26596236,0.0,0.0
CLCA4,0.2244857,0.0,0.0
CLCC1,0.08238883,0.0,0.0
CLCF1,0.26892155,0.0,0.0
CLCN1,0.21288624,0.0,-1.0
CLCN2,0.1764557,0.0,-1.0
CLCN3,0.23156652,0.0,0.0
CLCN4,0.27602458,0.0,-1.0
CLCN5,0.2853497,0.0,-1.0
CLCN6,0.19296205,0.0,0.0
CLCN7,0.204563,0.0,-1.0
CLCNKA,0.09398001,0.0,-1.0
CLCNKB,0.069122374,0.0,-1.0
CLDN1,0.29264736,0.0,-1.0
CLDN10,0.052372452,0.0,-1.0
CLDN11,0.34621936,0.0,-1.0
CLDN12,0.10529797,0.0,-1.0
CLDN14,0.09699917,0.0,-1.0
CLDN15,0.10333414,0.0,-1.0
CLDN16,0.10954306,0.0,-1.0
CLDN17,0.13298975,0.0,-1.0
CLDN18,0.11316346,0.0,-1.0
CLDN19,0.0844764,0.0,-1.0
CLDN2,0.26500073,0.0,-1.0
CLDN20,0.29019573,0.0,-1.0
CLDN22,0.057200275,0.0,-1.0
CLDN23,0.07127936,0.0,-1.0
CLDN24,0.11057965,0.0,-1.0
CLDN25,0.10079049,0.0,0.0
CLDN3,0.27047378,0.0,-1.0
CLDN4,0.3201819,0.0,-1.0
CLDN5,0.34593558,0.0,-1.0
CLDN6,0.17819068,0.0,-1.0
CLDN7,0.21541335,0.0,-1.0
CLDN9,0.09703766,0.0,-1.0
CLDND2,0.12324679,0.0,0.0
CLEC10A,0.24574196,0.0,0.0
CLEC11A,0.3481709,0.0,0.0
CLEC12A,0.21531253,0.0,0.0
CLEC12B,0.22058508,0.0,0.0
CLEC14A,0.24612553,0.0,0.0
CLEC16A,0.41534108,0.0,0.0
CLEC17A,0.16774963,0.0,0.0
CLEC18A,0.27820158,0.0,0.0
CLEC18B,0.12803608,0.0,0.0
CLEC18C,0.21994989,0.0,0.0
CLEC19A,0.28499284,0.0,-1.0
CLEC1A,0.22089791,0.0,0.0
CLEC1B,0.28279358,0.0,-1.0
CLEC2A,0.45362866,0.0,0.0
CLEC2B,0.29796797,0.0,0.0
CLEC2D,0.25878203,0.0,0.0
CLEC2L,0.2227837,0.0,0.0
CLEC3B,0.36838502,0.0,0.0
CLEC4A,0.35527003,0.0,0.0
CLEC4C,0.41294286,0.0,0.0
CLEC4D,0.19800365,0.0,0.0
CLEC4E,0.29364875,0.0,0.0
CLEC4F,0.1145922,0.0,0.0
CLEC4G,0.2117561,0.0,-1.0
CLEC4M,0.34759048,0.0,0.0
CLEC5A,0.21247235,0.0,0.0
CLEC6A,0.29227167,0.0,0.0
CLEC7A,0.5036906,1.0,-1.0
CLEC9A,0.32985827,0.0,0.0
CLECL1,0.19559765,0.0,0.0
CLGN,0.24136175,0.0,0.0
CLHC1,0.35303298,0.0,0.0
CLIC1,0.3040227,0.0,-1.0
CLIC2,0.18382381,0.0,0.0
CLIC3,0.07125768,0.0,0.0
CLIC4,0.228838,0.0,-1.0
CLIC5,0.1482219,0.0,-1.0
CLIC6,0.117192835,0.0,0.0
CLINT1,0.4249824,0.0,0.0
CLIP1,0.46879405,0.0,1.0
CLIP2,0.33245298,0.0,-1.0
CLIP3,0.31711644,0.0,0.0
CLIP4,0.29024976,0.0,0.0
CLK1,0.39390033,0.0,0.0
CLK2,0.33277225,0.0,0.0
CLK3,0.31361002,0.0,-1.0
CLK4,0.39147085,0.0,-1.0
CLLU1,0.21045056,0.0,0.0
CLMN,0.30786142,0.0,0.0
CLMP,0.3588809,0.0,0.0
CLN3,0.27673492,0.0,-1.0
CLN5,0.1940762,0.0,-1.0
CLN6,0.2059469,0.0,-1.0
CLN8,0.20212293,0.0,-1.0
CLNK,0.2628155,0.0,0.0
CLNS1A,0.17771885,0.0,0.0
CLOCK,0.3771183,0.0,0.0
CLP1,0.4223229,0.0,-1.0
CLPB,0.23095874,0.0,0.0
CLPP,0.16057515,0.0,0.0
CLPS,0.38960052,0.0,0.0
CLPSL1,0.1718506,0.0,0.0
CLPTM1,0.16112176,0.0,0.0
CLPTM1L,0.3086986,0.0,0.0
CLPX,0.2783094,0.0,0.0
CLRN1,0.14384308,0.0,-1.0
CLRN2,0.055980783,0.0,0.0
CLRN3,0.023081739,0.0,0.0
CLSPN,0.4617925,0.0,-1.0
CLSTN1,0.3114905,0.0,0.0
CLSTN2,0.33201152,0.0,-1.0
CLSTN3,0.27907714,0.0,0.0
CLTA,0.36311433,0.0,0.0
CLTB,0.3390276,0.0,0.0
CLTC,0.48392883,0.0,1.0
CLTRN,0.04155814,0.0,0.0
CLU,0.5001291,1.0,-1.0
CLUAP1,0.0524267,0.0,-1.0
CLUH,0.18543899,0.0,0.0
CLUL1,0.18296538,0.0,0.0
CLVS1,0.24540111,0.0,0.0
CLVS2,0.28090364,0.0,0.0
CLYBL,0.23188423,0.0,0.0
CMA1,0.3605402,0.0,0.0
CMAS,0.30380377,0.0,0.0
CMBL,0.18490961,0.0,0.0
CMC1,0.101364076,0.0,0.0
CMC2,0.11593713,0.0,0.0
CMC4,0.121899776,0.0,-1.0
CMIP,0.22192468,0.0,0.0
CMKLR1,0.35541913,0.0,-1.0
CMKLR2,0.15226868,0.0,0.0
CMPK1,0.24602106,0.0,0.0
CMPK2,0.3413541,0.0,0.0
CMSS1,0.15249161,0.0,0.0
CMTM1,0.10846876,0.0,0.0
CMTM2,0.13962236,0.0,0.0
CMTM3,0.08702904,0.0,0.0
CMTM4,0.07967609,0.0,0.0
CMTM5,0.060894523,0.0,0.0
CMTM6,0.2924431,0.0,0.0
CMTM7,0.037330657,0.0,-1.0
CMTM8,0.06719225,0.0,0.0
CMTR1,0.19006042,0.0,-1.0
CMTR2,0.3497034,0.0,1.0
CMYA5,0.2379612,0.0,0.0
CNBD1,0.20170945,0.0,1.0
CNBD2,0.2762233,0.0,0.0
CNBP,0.27286676,0.0,1.0
CNDP1,0.17730844,0.0,0.0
CNDP2,0.19399555,0.0,-1.0
CNEP1R1,0.18444619,0.0,0.0
CNFN,0.13732556,0.0,0.0
CNGA1,0.2223456,0.0,-1.0
CNGA2,0.113945805,0.0,0.0
CNGA3,0.22063854,0.0,-1.0
CNGA4,0.13875537,0.0,-1.0
CNGB1,0.24052632,0.0,-1.0
CNGB3,0.21181086,0.0,-1.0
CNIH1,0.15773675,0.0,0.0
CNIH2,0.2050241,0.0,0.0
CNIH3,0.10999696,0.0,0.0
CNIH4,0.13018171,0.0,0.0
CNKSR1,0.2831477,0.0,-1.0
CNKSR2,0.35241932,0.0,0.0
CNMD,0.26963708,0.0,0.0
CNN1,0.48736465,0.0,0.0
CNN2,0.31813636,0.0,0.0
CNN3,0.32370967,0.0,0.0
CNNM1,0.1944546,0.0,0.0
CNNM2,0.1885437,0.0,0.0
CNNM3,0.19334868,0.0,0.0
CNNM4,0.2023837,0.0,-1.0
CNOT1,0.45367822,0.0,-1.0
CNOT10,0.20089568,0.0,0.0
CNOT11,0.30647612,0.0,0.0
CNOT2,0.531235,1.0,0.0
CNOT3,0.40216878,0.0,1.0
CNOT4,0.3873072,0.0,0.0
CNOT6,0.39244977,0.0,0.0
CNOT7,0.3011941,0.0,0.0
CNOT8,0.40567756,0.0,0.0
CNOT9,0.31117812,0.0,-1.0
CNP,0.25145352,0.0,0.0
CNPPD1,0.26912874,0.0,0.0
CNPY1,0.05460472,0.0,0.0
CNPY2,0.13131703,0.0,0.0
CNPY3,0.21172558,0.0,0.0
CNPY4,0.18169576,0.0,0.0
CNR1,0.4080399,0.0,0.0
CNR2,0.20997827,0.0,-1.0
CNRIP1,0.12700751,0.0,0.0
CNST,0.23967394,0.0,0.0
CNTD1,0.17500836,0.0,0.0
CNTF,0.555537,1.0,0.0
CNTFR,0.4056995,0.0,0.0
CNTLN,0.43599677,0.0,-1.0
CNTN1,0.41678688,0.0,-1.0
CNTN2,0.44712818,0.0,0.0
CNTN3,0.45899603,0.0,0.0
CNTN4,0.25500968,0.0,-1.0
CNTN5,0.38799286,0.0,0.0
CNTN6,0.3818594,0.0,-1.0
CNTNAP1,0.41566005,0.0,-1.0
CNTNAP2,0.29987288,0.0,-1.0
CNTNAP3,0.22267485,0.0,-1.0
CNTNAP4,0.24490714,0.0,0.0
CNTNAP5,0.21638812,0.0,-1.0
CNTRL,0.34184566,0.0,1.0
CNTROB,0.2575889,0.0,0.0
COA1,0.1164963,0.0,-1.0
COA3,0.07365667,0.0,0.0
COA4,0.059623845,0.0,0.0
COA5,0.083178505,0.0,-1.0
COA6,0.061574277,0.0,0.0
COA7,0.3103357,0.0,0.0
COA8,0.3371158,0.0,0.0
COASY,0.19658655,0.0,0.0
COBL,0.26468006,0.0,0.0
COBLL1,0.13483813,0.0,0.0
COCH,0.22811367,0.0,0.0
COG1,0.2868561,0.0,-1.0
COG2,0.34875482,0.0,0.0
COG3,0.25232217,0.0,0.0
COG4,0.22445245,0.0,-1.0
COG5,0.32495597,0.0,-1.0
COG6,0.25414363,0.0,-1.0
COG7,0.19577737,0.0,-1.0
COG8,0.20836627,0.0,-1.0
COIL,0.34874803,0.0,-1.0
COL10A1,0.45541054,0.0,-1.0
COL11A1,0.37566742,0.0,-1.0
COL11A2,0.37725466,0.0,-1.0
COL12A1,0.34325445,0.0,-1.0
COL13A1,0.2384317,0.0,0.0
COL14A1,0.37740505,0.0,-1.0
COL15A1,0.34859458,0.0,0.0
COL16A1,0.29121682,0.0,-1.0
COL17A1,0.53005594,1.0,-1.0
COL18A1,0.52780986,1.0,-1.0
COL1A1,0.5423549,1.0,1.0
COL1A2,0.5073945,1.0,-1.0
COL20A1,0.18106261,0.0,0.0
COL21A1,0.24118337,0.0,-1.0
COL22A1,0.2078257,0.0,-1.0
COL23A1,0.14777324,0.0,0.0
COL24A1,0.2697627,0.0,0.0
COL25A1,0.2339711,0.0,-1.0
COL27A1,0.32847112,0.0,0.0
COL28A1,0.21667188,0.0,-1.0
COL2A1,0.5241125,1.0,1.0
COL3A1,0.47389108,0.0,-1.0
COL4A1,0.51928556,1.0,-1.0
COL4A2,0.46257564,0.0,-1.0
COL4A3,0.35262874,0.0,-1.0
COL4A4,0.32950565,0.0,-1.0
COL4A5,0.48660704,0.0,-1.0
COL4A6,0.32916442,0.0,-1.0
COL5A1,0.47645417,0.0,-1.0
COL5A2,0.39785776,0.0,-1.0
COL5A3,0.35267398,0.0,-1.0
COL6A1,0.41661018,0.0,-1.0
COL6A2,0.37534964,0.0,-1.0
COL6A3,0.38302377,0.0,-1.0
COL6A5,0.29022488,0.0,-1.0
COL6A6,0.27448356,0.0,-1.0
COL7A1,0.35382593,0.0,-1.0
COL8A1,0.29842165,0.0,0.0
COL8A2,0.26652247,0.0,-1.0
COL9A1,0.35523653,0.0,-1.0
COL9A2,0.29222593,0.0,-1.0
COL9A3,0.30468088,0.0,-1.0
COLCA2,0.17877501,0.0,0.0
COLEC10,0.08182725,0.0,0.0
COLEC11,0.1219782,0.0,0.0
COLEC12,0.27407306,0.0,0.0
COLGALT1,0.20308326,0.0,0.0
COLGALT2,0.16009256,0.0,0.0
COLQ,0.38756412,0.0,-1.0
COMMD1,0.35908088,0.0,0.0
COMMD10,0.17553477,0.0,0.0
COMMD2,0.10614353,0.0,0.0
COMMD3,0.2759191,0.0,0.0
COMMD4,0.139014,0.0,0.0
COMMD5,0.054639902,0.0,0.0
COMMD6,0.13662226,0.0,0.0
COMMD7,0.18085296,0.0,0.0
COMMD8,0.16253434,0.0,0.0
COMMD9,0.10641338,0.0,0.0
COMP,0.48257273,0.0,-1.0
COMT,0.32576573,0.0,0.0
COMTD1,0.13552338,0.0,0.0
COP1,0.41746834,0.0,1.0
COPA,0.33820522,0.0,0.0
COPB1,0.41257805,0.0,0.0
COPB2,0.31760165,0.0,-1.0
COPE,0.3376921,0.0,0.0
COPG1,0.32186177,0.0,0.0
COPRS,0.16558407,0.0,0.0
COPS2,0.39620525,0.0,-1.0
COPS3,0.20963268,0.0,0.0
COPS4,0.19267172,0.0,0.0
COPS5,0.4463745,0.0,0.0
COPS6,0.28720838,0.0,0.0
COPS7A,0.19690602,0.0,0.0
COPS7B,0.15745161,0.0,0.0
COPS8,0.32889387,0.0,0.0
COPS9,0.06516693,0.0,0.0
COPZ1,0.2856472,0.0,0.0
COQ10A,0.11732289,0.0,0.0
COQ10B,0.16647372,0.0,-1.0
COQ2,0.14218794,0.0,0.0
COQ3,0.11261094,0.0,0.0
COQ4,0.1253834,0.0,0.0
COQ5,0.12839113,0.0,0.0
COQ6,0.12406293,0.0,0.0
COQ7,0.21547374,0.0,0.0
COQ8A,0.25313148,0.0,-1.0
COQ8B,0.22773021,0.0,0.0
COQ9,0.09087268,0.0,0.0
CORIN,0.23330982,0.0,0.0
CORO1A,0.39687327,0.0,-1.0
CORO1B,0.3626677,0.0,0.0
CORO1C,0.3736845,0.0,-1.0
CORO2A,0.36179256,0.0,-1.0
CORO2B,0.3445113,0.0,-1.0
CORO6,0.33788547,0.0,0.0
CORO7,0.2558524,0.0,0.0
CORO7-PAM16,0.15297544,0.0,0.0
CORT,0.31793118,0.0,0.0
COTL1,0.28443575,0.0,-1.0
COX10,0.13676076,0.0,-1.0
COX11,0.26532003,0.0,0.0
COX14,0.06123533,0.0,0.0
COX15,0.1368446,0.0,-1.0
COX16,0.08599429,0.0,0.0
COX17,0.08912788,0.0,0.0
COX18,0.14440612,0.0,0.0
COX19,0.09926803,0.0,-1.0
COX20,0.1207795,0.0,0.0
COX4I1,0.23768033,0.0,0.0
COX4I2,0.13914426,0.0,-1.0
COX5A,0.42621988,0.0,0.0
COX5B,0.08792874,0.0,0.0
COX6A1,0.07139711,0.0,0.0
COX6A2,0.13373217,0.0,0.0
COX6B1,0.17661402,0.0,-1.0
COX6B2,0.16885483,0.0,0.0
COX6C,0.09672081,0.0,-1.0
COX7A1,0.19945316,0.0,0.0
COX7A2,0.070388705,0.0,0.0
COX7A2L,0.08630577,0.0,0.0
COX7B,0.057489794,0.0,0.0
COX7C,0.08304991,0.0,-1.0
COX8A,0.22156236,0.0,0.0
COX8C,0.17119052,0.0,0.0
CP,0.22606125,0.0,0.0
CPA1,0.30813268,0.0,0.0
CPA2,0.21259058,0.0,0.0
CPA3,0.23691395,0.0,0.0
CPA4,0.21583995,0.0,0.0
CPA6,0.20795403,0.0,-1.0
CPAMD8,0.18096764,0.0,0.0
CPB1,0.3124639,0.0,0.0
CPB2,0.13729931,0.0,0.0
CPD,0.3236202,0.0,0.0
CPE,0.43433353,0.0,0.0
CPEB2,0.19373561,0.0,-1.0
CPEB3,0.29160705,0.0,1.0
CPEB4,0.3141847,0.0,-1.0
CPED1,0.1297223,0.0,0.0
CPLANE1,0.47050905,0.0,0.0
CPLANE2,0.34633386,0.0,0.0
CPLX1,0.25201875,0.0,0.0
CPLX2,0.22690053,0.0,-1.0
CPLX3,0.21946754,0.0,0.0
CPLX4,0.16488095,0.0,0.0
CPM,0.3236677,0.0,-1.0
CPN1,0.20022923,0.0,0.0
CPN2,0.29912972,0.0,0.0
CPNE1,0.10985718,0.0,-1.0
CPNE2,0.09798326,0.0,0.0
CPNE4,0.1053088,0.0,0.0
CPNE5,0.16286215,0.0,-1.0
CPNE7,0.09214465,0.0,0.0
CPNE8,0.17614233,0.0,0.0
CPNE9,0.0818606,0.0,0.0
CPO,0.14923082,0.0,0.0
CPOX,0.22930498,0.0,-1.0
CPPED1,0.24714224,0.0,0.0
CPQ,0.2514573,0.0,-1.0
CPS1,0.1731408,0.0,-1.0
CPSF2,0.31808507,0.0,0.0
CPSF3,0.3279519,0.0,0.0
CPSF4,0.4622089,0.0,0.0
CPSF4L,0.24872015,0.0,0.0
CPSF6,0.35719565,0.0,0.0
CPSF7,0.26242468,0.0,0.0
CPT1A,0.1736801,0.0,0.0
CPT1B,0.18420446,0.0,0.0
CPT1C,0.16061266,0.0,0.0
CPT2,0.1569076,0.0,0.0
CPTP,0.22053118,0.0,0.0
CPVL,0.28312317,0.0,0.0
CPXCR1,0.22350253,0.0,0.0
CPXM1,0.21974199,0.0,0.0
CPXM2,0.24518678,0.0,-1.0
CPZ,0.26126897,0.0,0.0
CR1,0.4993543,0.0,-1.0
CR1L,0.22350016,0.0,-1.0
CR2,0.47934285,0.0,-1.0
CRABP1,0.40168405,0.0,-1.0
CRABP2,0.3455029,0.0,-1.0
CRACD,0.13616718,0.0,-1.0
CRACDL,0.20824805,0.0,0.0
CRACR2A,0.21702847,0.0,0.0
CRACR2B,0.123240165,0.0,0.0
CRADD,0.3435264,0.0,-1.0
CRAMP1,0.07232746,0.0,0.0
CRAT,0.18359512,0.0,0.0
CRB1,0.23854432,0.0,-1.0
CRB2,0.2748305,0.0,-1.0
CRB3,0.23036896,0.0,-1.0
CRBN,0.28285772,0.0,1.0
CRCP,0.22383262,0.0,0.0
CRCT1,0.014467094,0.0,0.0
CREB1,0.7357253,1.0,1.0
CREB3,0.37467763,0.0,-1.0
CREB3L2,0.35758248,0.0,1.0
CREB3L3,0.27936655,0.0,-1.0
CREB3L4,0.39511332,0.0,-1.0
CREB5,0.39160138,0.0,-1.0
CREBBP,0.7709858,1.0,1.0
CREBL2,0.14759393,0.0,0.0
CREBRF,0.33749264,0.0,0.0
CREBZF,0.20728539,0.0,-1.0
CREG1,0.2703657,0.0,-1.0
CREG2,0.25660214,0.0,0.0
CRELD1,0.28565064,0.0,-1.0
CRELD2,0.093698815,0.0,-1.0
CREM,0.58492476,1.0,0.0
CRH,0.3864951,0.0,0.0
CRHBP,0.26781496,0.0,0.0
CRHR1,0.34200117,0.0,0.0
CRHR2,0.24029027,0.0,0.0
CRIM1,0.23430249,0.0,0.0
CRIP1,0.1861737,0.0,0.0
CRIP2,0.19654879,0.0,-1.0
CRIP3,0.16985503,0.0,0.0
CRIPAK,0.15782012,0.0,0.0
CRIPT,0.34153363,0.0,0.0
CRISP1,0.0019809974,0.0,0.0
CRISP2,0.17248374,0.0,0.0
CRISP3,0.13408524,0.0,0.0
CRISPLD1,0.2621283,0.0,-1.0
CRISPLD2,0.28380388,0.0,0.0
CRK,0.6293068,1.0,-1.0
CRKL,0.56922394,1.0,1.0
CRLF1,0.32467312,0.0,0.0
CRLF2,0.3831997,0.0,1.0
CRLF3,0.32562485,0.0,0.0
CRLS1,0.17862818,0.0,0.0
CRMP1,0.25299522,0.0,0.0
CRNKL1,0.28563923,0.0,1.0
CRNN,0.08892665,0.0,0.0
CROCC,0.36972928,0.0,0.0
CROT,0.26662356,0.0,0.0
CRP,0.4648932,0.0,-1.0
CRPPA,0.17862412,0.0,0.0
CRTAC1,0.15945289,0.0,0.0
CRTAM,0.2682303,0.0,-1.0
CRTAP,0.2638718,0.0,-1.0
CRTC1,0.5031182,1.0,1.0
CRTC2,0.47146183,0.0,-1.0
CRTC3,0.3910615,0.0,1.0
CRX,0.31787392,0.0,-1.0
CRY1,0.34892407,0.0,0.0
CRY2,0.2976826,0.0,0.0
CRYAA,0.11947042,0.0,-1.0
CRYAB,0.3577008,0.0,-1.0
CRYBA1,0.36604047,0.0,0.0
CRYBA2,0.14237571,0.0,0.0
CRYBA4,0.18429776,0.0,0.0
CRYBB1,0.23941623,0.0,0.0
CRYBB2,0.30794483,0.0,0.0
CRYBB3,0.1744085,0.0,0.0
CRYBG1,0.25407043,0.0,0.0
CRYBG2,0.13234138,0.0,0.0
CRYGA,0.23619334,0.0,0.0
CRYGB,0.20639986,0.0,0.0
CRYGC,0.25951594,0.0,-1.0
CRYGD,0.37102553,0.0,-1.0
CRYGN,0.078379095,0.0,0.0
CRYGS,0.22961384,0.0,0.0
CRYL1,0.16281088,0.0,0.0
CRYM,0.21853662,0.0,0.0
CRYZ,0.20245938,0.0,0.0
CRYZL1,0.16859286,0.0,0.0
CS,0.19954789,0.0,-1.0
CSAD,0.19073318,0.0,0.0
CSAG1,0.2094837,0.0,0.0
CSDC2,0.21366651,0.0,0.0
CSDE1,0.25444478,0.0,-1.0
CSE1L,0.38254896,0.0,-1.0
CSF1,0.5913206,1.0,-1.0
CSF1R,0.5790512,1.0,1.0
CSF2,0.5744576,1.0,-1.0
CSF2RA,0.44168147,0.0,-1.0
CSF2RB,0.3477312,0.0,-1.0
CSF3,0.57116944,1.0,0.0
CSF3R,0.4480335,0.0,1.0
CSGALNACT2,0.11525869,0.0,0.0
CSH1,0.42345002,0.0,-1.0
CSH2,0.41657096,0.0,0.0
CSHL1,0.26362026,0.0,0.0
CSK,0.48953843,0.0,0.0
CSKMT,0.056091495,0.0,0.0
CSMD1,0.28998834,0.0,0.0
CSMD2,0.26337257,0.0,-1.0
CSMD3,0.27850994,0.0,-1.0
CSN1S1,0.3344292,0.0,0.0
CSN2,0.36556327,0.0,0.0
CSN3,0.3710896,0.0,0.0
CSNK1A1,0.43068498,0.0,-1.0
CSNK1A1L,0.32358512,0.0,-1.0
CSNK1D,0.40919203,0.0,-1.0
CSNK1E,0.38953856,0.0,-1.0
CSNK1G1,0.32863134,0.0,0.0
CSNK1G2,0.32510626,0.0,0.0
CSNK1G3,0.34872124,0.0,0.0
CSNK2A1,0.5719547,1.0,-1.0
CSNK2A2,0.49840885,0.0,-1.0
CSNK2B,0.41981763,0.0,-1.0
CSPG4,0.36546072,0.0,-1.0
CSPG5,0.3333069,0.0,0.0
CSPP1,0.24252337,0.0,0.0
CSRNP1,0.2991703,0.0,0.0
CSRNP2,0.18594357,0.0,0.0
CSRNP3,0.12839238,0.0,0.0
CSRP1,0.3056559,0.0,0.0
CSRP2,0.3501929,0.0,0.0
CSRP3,0.33649853,0.0,-1.0
CST1,0.040353708,0.0,0.0
CST11,0.00012313023,0.0,0.0
CST2,0.036352355,0.0,0.0
CST3,0.35912168,0.0,-1.0
CST4,0.08603661,0.0,0.0
CST5,0.02242343,0.0,0.0
CST6,0.25507608,0.0,-1.0
CST7,0.14062048,0.0,0.0
CST8,0.20738816,0.0,0.0
CST9,0.05926182,0.0,0.0
CST9L,0.124383666,0.0,0.0
CSTA,0.24582292,0.0,-1.0
CSTB,0.39246872,0.0,-1.0
CSTF1,0.29225463,0.0,0.0
CSTF2,0.3476579,0.0,0.0
CSTF2T,0.23860236,0.0,0.0
CSTF3,0.32803378,0.0,0.0
CSTL1,0.0938891,0.0,0.0
CT47A11,0.18596223,0.0,0.0
CT47A5,0.13842474,0.0,0.0
CT47B1,0.21759593,0.0,0.0
CT55,0.19843857,0.0,0.0
CT62,0.18921225,0.0,0.0
CT83,0.1595211,0.0,0.0
CTAG1B,0.355903,0.0,0.0
CTAG2,0.33971432,0.0,0.0
CTAGE1,0.1787089,0.0,0.0
CTAGE8,0.07480185,0.0,0.0
CTAGE9,0.19339004,0.0,0.0
CTBP1,0.43424907,0.0,-1.0
CTBP2,0.35539043,0.0,-1.0
CTBS,0.22946283,0.0,0.0
CTC1,0.26419312,0.0,0.0
CTCF,0.49202657,0.0,1.0
CTCFL,0.3656123,0.0,-1.0
CTDNEP1,0.23348255,0.0,-1.0
CTDP1,0.3386845,0.0,-1.0
CTDSP1,0.28795734,0.0,-1.0
CTDSP2,0.31487042,0.0,0.0
CTDSPL,0.30321637,0.0,-1.0
CTDSPL2,0.2446439,0.0,0.0
CTF1,0.50890654,1.0,0.0
CTH,0.18924019,0.0,0.0
CTHRC1,0.35336956,0.0,-1.0
CTIF,0.1406841,0.0,-1.0
CTLA4,0.5238854,1.0,1.0
CTNNA1,0.5732694,1.0,-1.0
CTNNA2,0.42654982,0.0,1.0
CTNNAL1,0.35034454,0.0,0.0
CTNNB1,0.70466083,1.0,1.0
CTNNBIP1,0.42645052,0.0,-1.0
CTNNBL1,0.4655237,0.0,0.0
CTNND1,0.57886946,1.0,1.0
CTNND2,0.46207842,0.0,1.0
CTNS,0.21909389,0.0,-1.0
CTPS1,0.18391956,0.0,0.0
CTPS2,0.21601555,0.0,0.0
CTR9,0.35748976,0.0,1.0
CTRB1,0.16758147,0.0,0.0
CTRB2,0.11902487,0.0,0.0
CTRC,0.16908845,0.0,0.0
CTRL,0.44936427,0.0,0.0
CTSA,0.36520562,0.0,-1.0
CTSB,0.53708076,1.0,-1.0
CTSC,0.5209506,1.0,-1.0
CTSD,0.49611405,0.0,-1.0
CTSE,0.350543,0.0,0.0
CTSF,0.3093568,0.0,0.0
CTSG,0.38049203,0.0,0.0
CTSH,0.33277923,0.0,-1.0
CTSK,0.5501405,1.0,-1.0
CTSL,0.55010724,1.0,-1.0
CTSO,0.34933203,0.0,0.0
CTSS,0.56112903,1.0,-1.0
CTSV,0.3320698,0.0,0.0
CTSW,0.28762254,0.0,0.0
CTSZ,0.31045228,0.0,0.0
CTTN,0.5827555,1.0,-1.0
CTTNBP2,0.340558,0.0,0.0
CTTNBP2NL,0.19038,0.0,0.0
CTU1,0.13034181,0.0,0.0
CTU2,0.13380693,0.0,-1.0
CTXN1,0.10874049,0.0,0.0
CTXN2,0.1181552,0.0,0.0
CTXN3,0.08600533,0.0,0.0
CUBN,0.21282624,0.0,-1.0
CUEDC1,0.12356097,0.0,-1.0
CUEDC2,0.17198329,0.0,0.0
CUL1,0.5881297,1.0,-1.0
CUL2,0.4496567,0.0,-1.0
CUL3,0.48683438,0.0,1.0
CUL4A,0.50673044,1.0,-1.0
CUL4B,0.49105877,0.0,-1.0
CUL5,0.42046583,0.0,-1.0
CUL7,0.3284396,0.0,-1.0
CUL9,0.22120357,0.0,-1.0
CUTA,0.15938033,0.0,0.0
CUTC,0.117848486,0.0,0.0
CUX1,0.54997486,1.0,1.0
CUX2,0.40840518,0.0,0.0
CUZD1,0.09376557,0.0,0.0
CWC22,0.4507304,0.0,-1.0
CWC27,0.2616649,0.0,0.0
CWF19L1,0.21719284,0.0,0.0
CWF19L2,0.3866633,0.0,0.0
CWH43,0.068194546,0.0,-1.0
CX3CL1,0.49899194,0.0,-1.0
CX3CR1,0.4684156,0.0,-1.0
CXADR,0.33242676,0.0,-1.0
CXCL1,0.45897684,0.0,-1.0
CXCL10,0.4427133,0.0,-1.0
CXCL11,0.36229637,0.0,0.0
CXCL12,0.5281365,1.0,-1.0
CXCL13,0.36431158,0.0,0.0
CXCL14,0.42040172,0.0,-1.0
CXCL16,0.28210473,0.0,0.0
CXCL17,0.15423195,0.0,-1.0
CXCL2,0.38948932,0.0,-1.0
CXCL3,0.29232946,0.0,-1.0
CXCL5,0.35825652,0.0,-1.0
CXCL6,0.25812984,0.0,0.0
CXCL8,0.5187444,1.0,-1.0
CXCL9,0.42983058,0.0,0.0
CXCR1,0.32180494,0.0,-1.0
CXCR2,0.3812531,0.0,-1.0
CXCR3,0.41133732,0.0,-1.0
CXCR4,0.54546946,1.0,1.0
CXCR5,0.33165887,0.0,0.0
CXCR6,0.26485157,0.0,0.0
CXXC1,0.4769825,0.0,0.0
CXXC5,0.36062688,0.0,-1.0
CXorf38,0.28948736,0.0,0.0
CXorf58,0.31562254,0.0,0.0
CXorf66,0.19552955,0.0,0.0
CYB561,0.14831123,0.0,0.0
CYB561A3,0.14907329,0.0,0.0
CYB561D1,0.14782533,0.0,0.0
CYB561D2,0.13688742,0.0,0.0
CYB5A,0.24147101,0.0,-1.0
CYB5B,0.22304638,0.0,0.0
CYB5D1,0.14706594,0.0,0.0
CYB5D2,0.14675099,0.0,0.0
CYB5R1,0.21051878,0.0,0.0
CYB5R2,0.20130758,0.0,0.0
CYB5R3,0.20114465,0.0,-1.0
CYB5R4,0.28273338,0.0,-1.0
CYBA,0.4548607,0.0,0.0
CYBB,0.56530243,1.0,-1.0
CYBC1,0.08381271,0.0,0.0
CYBRD1,0.263716,0.0,0.0
CYC1,0.16140543,0.0,0.0
CYCS,0.6459118,1.0,-1.0
CYGB,0.32831693,0.0,0.0
CYHR1,0.27143407,0.0,0.0
CYLC1,0.25426668,0.0,-1.0
CYLC2,0.17510664,0.0,0.0
CYLD,0.5831924,1.0,1.0
CYP11A1,0.37369573,0.0,0.0
CYP11B1,0.3097496,0.0,-1.0
CYP11B2,0.28029063,0.0,-1.0
CYP17A1,0.3456007,0.0,-1.0
CYP1A1,0.35888714,0.0,-1.0
CYP1A2,0.18944138,0.0,0.0
CYP20A1,0.21780714,0.0,0.0
CYP21A2,0.27513713,0.0,-1.0
CYP24A1,0.2396602,0.0,-1.0
CYP26A1,0.26573384,0.0,0.0
CYP26B1,0.19572543,0.0,0.0
CYP26C1,0.17442109,0.0,0.0
CYP27A1,0.24650487,0.0,-1.0
CYP27B1,0.27152327,0.0,-1.0
CYP27C1,0.17914365,0.0,-1.0
CYP2A13,0.18798253,0.0,0.0
CYP2A6,0.1402142,0.0,-1.0
CYP2A7,0.15962113,0.0,-1.0
CYP2B6,0.22487119,0.0,0.0
CYP2C18,0.16055204,0.0,-1.0
CYP2C19,0.17165941,0.0,0.0
CYP2C8,0.096818164,0.0,1.0
CYP2C9,0.121016756,0.0,-1.0
CYP2D6,0.25059703,0.0,-1.0
CYP2E1,0.14565565,0.0,-1.0
CYP2F1,0.1871136,0.0,0.0
CYP2J2,0.17424561,0.0,0.0
CYP2R1,0.19396487,0.0,-1.0
CYP2S1,0.16396022,0.0,0.0
CYP2U1,0.14801273,0.0,0.0
CYP2W1,0.17915948,0.0,-1.0
CYP39A1,0.17195073,0.0,0.0
CYP3A4,0.24178872,0.0,0.0
CYP3A43,0.17482018,0.0,0.0
CYP3A5,0.18986869,0.0,0.0
CYP3A7,0.18095122,0.0,0.0
CYP46A1,0.2174208,0.0,0.0
CYP4A11,0.124685995,0.0,-1.0
CYP4A22,0.117308035,0.0,0.0
CYP4B1,0.1550158,0.0,-1.0
CYP4F11,0.16755867,0.0,0.0
CYP4F12,0.17866154,0.0,0.0
CYP4F2,0.13011876,0.0,0.0
CYP4F22,0.19317725,0.0,-1.0
CYP4F3,0.14795794,0.0,0.0
CYP4V2,0.23220062,0.0,0.0
CYP4X1,0.1561856,0.0,0.0
CYP4Z1,0.16143176,0.0,-1.0
CYP51A1,0.26277575,0.0,0.0
CYP7A1,0.19590986,0.0,-1.0
CYP7B1,0.20965981,0.0,-1.0
CYP8B1,0.10824238,0.0,0.0
CYREN,0.37350476,0.0,0.0
CYRIB,0.35107365,0.0,0.0
CYS1,0.2860828,0.0,-1.0
CYSLTR1,0.35801172,0.0,0.0
CYSLTR2,0.2248745,0.0,1.0
CYSTM1,0.11246993,0.0,0.0
CYTH1,0.49207583,0.0,0.0
CYTH2,0.327483,0.0,0.0
CYTH3,0.35616136,0.0,0.0
CYTH4,0.36842495,0.0,0.0
CYTIP,0.33409333,0.0,0.0
CYTL1,0.30509257,0.0,0.0
CYYR1,0.14496192,0.0,0.0
CZIB,0.061908543,0.0,0.0
D2HGDH,0.1299865,0.0,0.0
DAAM2,0.30111098,0.0,0.0
DAB2,0.43132204,0.0,-1.0
DAB2IP,0.40525717,0.0,-1.0
DACH2,0.41144133,0.0,-1.0
DACT1,0.39751238,0.0,0.0
DACT2,0.23824354,0.0,0.0
DACT3,0.2348603,0.0,0.0
DAD1,0.16684145,0.0,0.0
DAG1,0.51319075,1.0,-1.0
DAGLA,0.19837418,0.0,-1.0
DAGLB,0.19375879,0.0,0.0
DALRD3,0.15093449,0.0,0.0
DAND5,0.40476212,0.0,0.0
DAO,0.16291538,0.0,-1.0
DAOA,0.25196064,0.0,0.0
DAP,0.43348593,0.0,-1.0
DAP3,0.12110109,0.0,0.0
DAPK1,0.41159254,0.0,-1.0
DAPK2,0.2980754,0.0,-1.0
DAPK3,0.31409627,0.0,-1.0
DAPL1,0.21888456,0.0,0.0
DAPP1,0.3384546,0.0,0.0
DARS1,0.2032113,0.0,0.0
DARS2,0.19044161,0.0,0.0
DAW1,0.2512544,0.0,0.0
DAXX,0.54363024,1.0,1.0
DAZ1,0.33637017,0.0,-1.0
DAZ2,0.26443323,0.0,-1.0
DAZ3,0.27415857,0.0,-1.0
DAZ4,0.31399325,0.0,-1.0
DAZAP1,0.26284218,0.0,-1.0
DAZAP2,0.26710153,0.0,0.0
DAZL,0.33470982,0.0,0.0
DBF4,0.44575208,0.0,0.0
DBF4B,0.32817164,0.0,0.0
DBH,0.3632138,0.0,0.0
DBI,0.23556836,0.0,-1.0
DBN1,0.36809194,0.0,-1.0
DBNDD1,0.06989629,0.0,0.0
DBNDD2,0.14702731,0.0,0.0
DBNL,0.38032725,0.0,0.0
DBP,0.27960867,0.0,0.0
DBR1,0.20427766,0.0,-1.0
DBT,0.22360606,0.0,-1.0
DBX2,0.2859028,0.0,0.0
DCAF1,0.28675097,0.0,-1.0
DCAF10,0.14395079,0.0,0.0
DCAF11,0.13535938,0.0,0.0
DCAF12,0.19457926,0.0,0.0
DCAF12L1,0.32455105,0.0,0.0
DCAF12L2,0.20367402,0.0,1.0
DCAF13,0.13018686,0.0,0.0
DCAF15,0.18793945,0.0,-1.0
DCAF16,0.20292117,0.0,0.0
DCAF17,0.20157035,0.0,0.0
DCAF4,0.18978526,0.0,0.0
DCAF4L1,0.19827625,0.0,0.0
DCAF4L2,0.19627886,0.0,-1.0
DCAF5,0.13865495,0.0,0.0
DCAF6,0.41709846,0.0,0.0
DCAF8,0.23847236,0.0,0.0
DCAF8L1,0.22200151,0.0,0.0
DCAF8L2,0.21920975,0.0,0.0
DCAKD,0.1689145,0.0,0.0
DCANP1,0.07276232,0.0,0.0
DCBLD1,0.15214746,0.0,0.0
DCBLD2,0.2690154,0.0,0.0
DCC,0.3947963,0.0,1.0
DCD,0.25365812,0.0,0.0
DCDC1,0.27577597,0.0,0.0
DCDC2,0.25944886,0.0,-1.0
DCDC2B,0.22127716,0.0,0.0
DCHS1,0.35072005,0.0,-1.0
DCHS2,0.39318028,0.0,0.0
DCK,0.51523995,1.0,-1.0
DCLK1,0.48291746,0.0,-1.0
DCLK2,0.42296666,0.0,0.0
DCLK3,0.45764762,0.0,0.0
DCLRE1A,0.37042433,0.0,-1.0
DCLRE1B,0.3668076,0.0,0.0
DCLRE1C,0.43018734,0.0,-1.0
DCN,0.581857,1.0,-1.0
DCP1B,0.28372633,0.0,0.0
DCP2,0.33927017,0.0,0.0
DCPS,0.24729538,0.0,0.0
DCST1,0.21620312,0.0,0.0
DCST2,0.21057123,0.0,0.0
DCSTAMP,0.35163328,0.0,-1.0
DCT,0.48955107,0.0,0.0
DCTD,0.2960176,0.0,-1.0
DCTN1,0.44807363,0.0,1.0
DCTN2,0.43686342,0.0,0.0
DCTN3,0.26930192,0.0,0.0
DCTN4,0.31243536,0.0,0.0
DCTN5,0.29802436,0.0,0.0
DCTN6,0.25019208,0.0,0.0
DCTPP1,0.17492571,0.0,0.0
DCUN1D1,0.29775807,0.0,1.0
DCUN1D2,0.14208381,0.0,0.0
DCUN1D3,0.18674429,0.0,0.0
DCUN1D4,0.18248187,0.0,0.0
DCUN1D5,0.18879706,0.0,0.0
DCXR,0.34626845,0.0,0.0
DDA1,0.16281702,0.0,0.0
DDAH1,0.24702902,0.0,0.0
DDAH2,0.37648353,0.0,0.0
DDB1,0.52596587,1.0,0.0
DDB2,0.4074827,0.0,1.0
DDC,0.24941878,0.0,-1.0
DDHD1,0.3014672,0.0,0.0
DDHD2,0.21323195,0.0,0.0
DDI1,0.2194355,0.0,0.0
DDI2,0.27799025,0.0,0.0
DDIT3,0.51770014,1.0,1.0
DDIT4,0.4127083,0.0,-1.0
DDIT4L,0.20737879,0.0,0.0
DDN,0.32724446,0.0,0.0
DDO,0.23061924,0.0,0.0
DDOST,0.15277368,0.0,0.0
DDR1,0.43562815,0.0,-1.0
DDR2,0.44081864,0.0,1.0
DDRGK1,0.13190547,0.0,0.0
DDT,0.46779907,0.0,0.0
DDTL,0.09038761,0.0,0.0
DDX1,0.2359828,0.0,-1.0
DDX10,0.25544533,0.0,1.0
DDX17,0.33000654,0.0,-1.0
DDX18,0.26255295,0.0,-1.0
DDX19A,0.18839718,0.0,0.0
DDX19B,0.21999244,0.0,0.0
DDX20,0.34827462,0.0,-1.0
DDX21,0.35397762,0.0,0.0
DDX23,0.25062317,0.0,-1.0
DDX24,0.13358484,0.0,0.0
DDX25,0.1990411,0.0,-1.0
DDX27,0.21018592,0.0,-1.0
DDX28,0.11156031,0.0,0.0
DDX31,0.13235778,0.0,0.0
DDX39A,0.2902096,0.0,0.0
DDX39B,0.27956322,0.0,0.0
DDX3X,0.403999,0.0,1.0
DDX3Y,0.41876173,0.0,-1.0
DDX4,0.40183678,0.0,1.0
DDX41,0.6110301,1.0,1.0
DDX42,0.29395437,0.0,0.0
DDX43,0.34232038,0.0,-1.0
DDX46,0.29391226,0.0,0.0
DDX47,0.12196906,0.0,0.0
DDX49,0.11059457,0.0,0.0
DDX5,0.43458456,0.0,1.0
DDX50,0.2258804,0.0,-1.0
DDX51,0.11372965,0.0,-1.0
DDX53,0.37456542,0.0,0.0
DDX54,0.15579772,0.0,-1.0
DDX55,0.13091224,0.0,-1.0
DDX56,0.13586572,0.0,0.0
DDX58,0.57663345,1.0,-1.0
DDX59,0.20541966,0.0,0.0
DDX60,0.24885187,0.0,0.0
DDX60L,0.25890708,0.0,-1.0
DEAF1,0.2773765,0.0,0.0
DECR1,0.48788068,0.0,0.0
DECR2,0.1492142,0.0,0.0
DEDD,0.3559534,0.0,0.0
DEDD2,0.21427444,0.0,0.0
DEF6,0.32955632,0.0,0.0
DEF8,0.08962351,0.0,0.0
DEFA1,0.07816969,0.0,-1.0
DEFA1B,0.07700331,0.0,-1.0
DEFA3,0.0020370958,0.0,-1.0
DEFA4,9.722159e-05,0.0,-1.0
DEFA5,0.0015190019,0.0,-1.0
DEFA6,0.008002468,0.0,-1.0
DEFB1,0.0018213254,0.0,-1.0
DEFB103A,0.012828543,0.0,0.0
DEFB103B,0.011660097,0.0,0.0
DEFB104A,2.0914455e-05,0.0,0.0
DEFB104B,1.977731e-05,0.0,0.0
DEFB105A,6.44085e-06,0.0,0.0
DEFB105B,1.9240118e-05,0.0,0.0
DEFB106A,8.797123e-06,0.0,0.0
DEFB106B,2.1950982e-06,0.0,0.0
DEFB107A,9.730008e-06,0.0,0.0
DEFB107B,7.6002984e-06,0.0,0.0
DEFB108B,2.9644925e-06,0.0,0.0
DEFB110,1.2811894e-06,0.0,0.0
DEFB112,3.0704668e-06,0.0,0.0
DEFB113,1.9641378e-05,0.0,0.0
DEFB114,4.53017e-06,0.0,0.0
DEFB115,2.7156543e-06,0.0,-1.0
DEFB116,1.24957005e-05,0.0,0.0
DEFB118,2.9215512e-06,0.0,0.0
DEFB119,9.766083e-05,0.0,0.0
DEFB121,8.82667e-06,0.0,0.0
DEFB123,0.008479348,0.0,0.0
DEFB124,4.6717592e-05,0.0,0.0
DEFB125,2.138796e-06,0.0,0.0
DEFB126,2.319191e-06,0.0,0.0
DEFB127,2.3352259e-06,0.0,0.0
DEFB128,1.1324307e-06,0.0,0.0
DEFB129,4.4905796e-06,0.0,-1.0
DEFB130B,2.8590592e-05,0.0,0.0
DEFB131A,8.406208e-07,0.0,0.0
DEFB132,4.029034e-06,0.0,0.0
DEFB134,0.0101827895,0.0,0.0
DEFB135,1.6496997e-06,0.0,0.0
DEFB136,5.0497492e-06,0.0,0.0
DEFB4A,0.026060527,0.0,0.0
DEFB4B,0.03691305,0.0,0.0
DEGS1,0.3091345,0.0,0.0
DEGS2,0.2159724,0.0,0.0
DEK,0.5153324,1.0,1.0
DELE1,0.42081615,0.0,0.0
DENND10,0.1583386,0.0,0.0
DENND11,0.097002655,0.0,-1.0
DENND1A,0.20691131,0.0,0.0
DENND1B,0.36099678,0.0,0.0
DENND1C,0.2438538,0.0,0.0
DENND2A,0.17308372,0.0,0.0
DENND2B,0.22048329,0.0,-1.0
DENND2C,0.15676253,0.0,0.0
DENND2D,0.21636489,0.0,0.0
DENND3,0.31432915,0.0,0.0
DENND4A,0.38432565,0.0,0.0
DENND4B,0.16464491,0.0,-1.0
DENND5A,0.22882769,0.0,0.0
DENND5B,0.16126652,0.0,0.0
DENND6A,0.25748917,0.0,0.0
DENND6B,0.13533328,0.0,0.0
DENR,0.20759712,0.0,-1.0
DEPDC1,0.37530637,0.0,0.0
DEPDC1B,0.32003704,0.0,0.0
DEPDC4,0.17749992,0.0,-1.0
DEPDC5,0.29885802,0.0,-1.0
DEPDC7,0.26587966,0.0,0.0
DEPP1,0.3093292,0.0,0.0
DEPTOR,0.36694032,0.0,0.0
DERA,0.25207776,0.0,0.0
DERL1,0.3258317,0.0,-1.0
DERL2,0.29988462,0.0,0.0
DERL3,0.29825976,0.0,0.0
DES,0.5802744,1.0,-1.0
DESI1,0.12658074,0.0,0.0
DESI2,0.31970724,0.0,0.0
DET1,0.2609913,0.0,0.0
DEUP1,0.19292144,0.0,0.0
DEXI,0.10054079,0.0,0.0
DFFA,0.3650814,0.0,0.0
DFFB,0.33426487,0.0,0.0
DGAT1,0.14397903,0.0,0.0
DGAT2,0.122495614,0.0,0.0
DGAT2L6,0.1493237,0.0,-1.0
DGCR2,0.25773343,0.0,0.0
DGCR6,0.20451312,0.0,0.0
DGCR6L,0.2058176,0.0,0.0
DGCR8,0.49084803,0.0,1.0
DGKA,0.36663455,0.0,-1.0
DGKB,0.21754916,0.0,-1.0
DGKD,0.1845302,0.0,-1.0
DGKE,0.21442293,0.0,-1.0
DGKG,0.18266688,0.0,-1.0
DGKH,0.18115038,0.0,-1.0
DGKI,0.16429886,0.0,-1.0
DGKQ,0.21394593,0.0,-1.0
DGKZ,0.2076255,0.0,-1.0
DGLUCY,0.14142556,0.0,0.0
DGUOK,0.41797662,0.0,0.0
DHCR24,0.26023614,0.0,0.0
DHCR7,0.3621316,0.0,-1.0
DHDDS,0.3116854,0.0,-1.0
DHDH,0.21839269,0.0,0.0
DHFR,0.5011394,1.0,-1.0
DHFR2,0.28012115,0.0,0.0
DHH,0.5120372,1.0,-1.0
DHODH,0.16428877,0.0,-1.0
DHPS,0.16738337,0.0,0.0
DHRS1,0.131025,0.0,-1.0
DHRS12,0.14636828,0.0,0.0
DHRS13,0.14237753,0.0,0.0
DHRS2,0.12547132,0.0,0.0
DHRS4,0.074931964,0.0,0.0
DHRS4L2,0.1324537,0.0,0.0
DHRS7,0.14713007,0.0,0.0
DHRS7B,0.13994254,0.0,0.0
DHRS7C,0.13011262,0.0,0.0
DHRSX,0.14616859,0.0,0.0
DHTKD1,0.16269888,0.0,-1.0
DHX15,0.25135943,0.0,-1.0
DHX16,0.24295989,0.0,-1.0
DHX29,0.23411572,0.0,0.0
DHX30,0.21911228,0.0,-1.0
DHX32,0.19670078,0.0,0.0
DHX33,0.2091496,0.0,0.0
DHX34,0.21037775,0.0,0.0
DHX35,0.19843327,0.0,-1.0
DHX36,0.31842804,0.0,-1.0
DHX37,0.19247532,0.0,0.0
DHX38,0.24290642,0.0,0.0
DHX40,0.20675007,0.0,0.0
DHX58,0.46202812,0.0,-1.0
DHX8,0.33585277,0.0,0.0
DHX9,0.46534604,0.0,-1.0
DIABLO,0.5005476,1.0,-1.0
DIAPH1,0.49254572,0.0,-1.0
DIAPH2,0.47802523,0.0,-1.0
DIAPH3,0.44264343,0.0,0.0
DICER1,0.6485825,1.0,1.0
DIDO1,0.3591123,0.0,0.0
DIMT1,0.114496104,0.0,0.0
DIO1,0.2521436,0.0,0.0
DIO2,0.2893233,0.0,-1.0
DIO3,0.26672593,0.0,0.0
DIP2A,0.28480646,0.0,0.0
DIP2B,0.32959932,0.0,0.0
DIP2C,0.16728742,0.0,-1.0
DIPK1A,0.16744885,0.0,0.0
DIPK1B,0.09501305,0.0,0.0
DIPK1C,0.14854595,0.0,0.0
DIPK2A,0.23113185,0.0,0.0
DIPK2B,0.32403803,0.0,0.0
DIRAS1,0.3429632,0.0,0.0
DIRAS2,0.38156134,0.0,0.0
DIRAS3,0.3581168,0.0,-1.0
DIRC1,0.21678422,0.0,-1.0
DIRC3,0.25441438,0.0,-1.0
DIS3,0.36166155,0.0,1.0
DIS3L,0.25707352,0.0,0.0
DIS3L2,0.32884076,0.0,-1.0
DISC1,0.4167914,0.0,0.0
DISP1,0.3360582,0.0,-1.0
DISP2,0.1012541,0.0,-1.0
DISP3,0.133283,0.0,-1.0
DIXDC1,0.25194544,0.0,0.0
DKC1,0.23857763,0.0,-1.0
DKK1,0.58824253,1.0,-1.0
DKK2,0.39762297,0.0,-1.0
DKK3,0.4646011,0.0,-1.0
DKK4,0.39229345,0.0,-1.0
DKKL1,0.19505262,0.0,0.0
DLAT,0.15369952,0.0,-1.0
DLC1,0.2809675,0.0,-1.0
DLD,0.16674478,0.0,-1.0
DLEC1,0.49753943,0.0,-1.0
DLEU1,0.28410527,0.0,-1.0
DLG1,0.4583944,0.0,-1.0
DLG2,0.3613762,0.0,-1.0
DLG3,0.37837017,0.0,-1.0
DLG5,0.35613465,0.0,0.0
DLGAP1,0.36277416,0.0,-1.0
DLGAP2,0.27251732,0.0,0.0
DLGAP3,0.24568231,0.0,0.0
DLGAP4,0.22261448,0.0,0.0
DLGAP5,0.4111682,0.0,-1.0
DLK1,0.41801947,0.0,-1.0
DLK2,0.26585707,0.0,0.0
DLL1,0.5683118,1.0,-1.0
DLL3,0.3746405,0.0,-1.0
DLL4,0.49137336,0.0,-1.0
DLST,0.12873285,0.0,-1.0
DLX1,0.5278686,1.0,0.0
DLX2,0.52553904,1.0,-1.0
DLX3,0.47824222,0.0,-1.0
DLX4,0.4473128,0.0,-1.0
DLX5,0.5638517,1.0,-1.0
DLX6,0.506476,1.0,-1.0
DMAC1,0.10005619,0.0,0.0
DMAC2,0.10275237,0.0,0.0
DMAC2L,0.15076353,0.0,0.0
DMAP1,0.4695361,0.0,0.0
DMBT1,0.25076106,0.0,-1.0
DMBX1,0.359909,0.0,0.0
DMC1,0.30240327,0.0,0.0
DMD,0.59169316,1.0,-1.0
DMGDH,0.09738291,0.0,0.0
DMKN,0.10526419,0.0,0.0
DMP1,0.26679656,0.0,-1.0
DMPK,0.40356067,0.0,-1.0
DMRT1,0.23467846,0.0,0.0
DMRT2,0.21573302,0.0,0.0
DMRT3,0.26888576,0.0,0.0
DMRTA1,0.33789486,0.0,0.0
DMRTA2,0.22571746,0.0,0.0
DMRTB1,0.15435709,0.0,0.0
DMRTC1B,0.00034026842,0.0,0.0
DMRTC2,0.14488733,0.0,0.0
DMTF1,0.35747603,0.0,-1.0
DMTN,0.3004364,0.0,0.0
DMWD,0.2973329,0.0,0.0
DMXL1,0.4300805,0.0,-1.0
DMXL2,0.3497972,0.0,-1.0
DNA2,0.4636812,0.0,0.0
DNAAF1,0.22787832,0.0,-1.0
DNAAF10,0.18364714,0.0,0.0
DNAAF11,0.32859457,0.0,0.0
DNAAF2,0.29235026,0.0,-1.0
DNAAF4,0.2982414,0.0,-1.0
DNAAF5,0.22726905,0.0,-1.0
DNAAF6,0.24909662,0.0,0.0
DNAAF8,0.17662904,0.0,0.0
DNAAF9,0.21545118,0.0,0.0
DNAH1,0.35127598,0.0,-1.0
DNAH10,0.3417861,0.0,0.0
DNAH11,0.44107527,0.0,-1.0
DNAH12,0.3481536,0.0,-1.0
DNAH14,0.25958046,0.0,-1.0
DNAH17,0.2897178,0.0,0.0
DNAH2,0.3187286,0.0,-1.0
DNAH3,0.31501046,0.0,-1.0
DNAH5,0.35213754,0.0,-1.0
DNAH6,0.35745195,0.0,0.0
DNAH7,0.35891923,0.0,-1.0
DNAH8,0.6216128,1.0,-1.0
DNAH9,0.36478066,0.0,-1.0
DNAI1,0.33801314,0.0,-1.0
DNAI2,0.2058684,0.0,-1.0
DNAI3,0.18978304,0.0,0.0
DNAI4,0.22069412,0.0,0.0
DNAI7,0.20545748,0.0,0.0
DNAJA1,0.32918915,0.0,0.0
DNAJA2,0.2656001,0.0,0.0
DNAJA3,0.26559842,0.0,-1.0
DNAJA4,0.24155964,0.0,0.0
DNAJB1,0.3981011,0.0,1.0
DNAJB11,0.25840074,0.0,0.0
DNAJB12,0.23753203,0.0,0.0
DNAJB13,0.22507834,0.0,0.0
DNAJB14,0.29282624,0.0,0.0
DNAJB2,0.2648079,0.0,-1.0
DNAJB4,0.23050609,0.0,0.0
DNAJB5,0.22510901,0.0,0.0
DNAJB6,0.27708504,0.0,0.0
DNAJB7,0.278967,0.0,0.0
DNAJB8,0.21332954,0.0,0.0
DNAJB9,0.24954891,0.0,-1.0
DNAJC1,0.20326757,0.0,0.0
DNAJC10,0.23907316,0.0,0.0
DNAJC11,0.23241165,0.0,0.0
DNAJC12,0.21050654,0.0,0.0
DNAJC13,0.35700274,0.0,0.0
DNAJC14,0.31448016,0.0,0.0
DNAJC15,0.19852619,0.0,0.0
DNAJC16,0.24062711,0.0,0.0
DNAJC17,0.21235153,0.0,0.0
DNAJC18,0.22625393,0.0,0.0
DNAJC19,0.1400924,0.0,-1.0
DNAJC2,0.2042205,0.0,0.0
DNAJC21,0.22361939,0.0,0.0
DNAJC22,0.238633,0.0,0.0
DNAJC24,0.24881406,0.0,-1.0
DNAJC25,0.23770414,0.0,0.0
DNAJC25-GNG10,0.25504452,0.0,0.0
DNAJC27,0.32759672,0.0,0.0
DNAJC28,0.17455673,0.0,-1.0
DNAJC3,0.25926465,0.0,0.0
DNAJC30,0.24386092,0.0,0.0
DNAJC4,0.23431754,0.0,0.0
DNAJC5,0.285989,0.0,-1.0
DNAJC5B,0.20592858,0.0,0.0
DNAJC5G,0.20509481,0.0,0.0
DNAJC6,0.4552715,0.0,-1.0
DNAJC7,0.27884892,0.0,0.0
DNAJC8,0.21890706,0.0,0.0
DNAJC9,0.28965533,0.0,-1.0
DNAL1,0.32974777,0.0,-1.0
DNAL4,0.26266432,0.0,-1.0
DNALI1,0.21123567,0.0,0.0
DNASE1,0.45260915,0.0,-1.0
DNASE1L1,0.21193483,0.0,0.0
DNASE1L2,0.23783678,0.0,0.0
DNASE2,0.3050061,0.0,0.0
DNASE2B,0.12484676,0.0,0.0
DND1,0.31841958,0.0,-1.0
DNER,0.34027004,0.0,-1.0
DNHD1,0.33260283,0.0,0.0
DNLZ,0.1753324,0.0,0.0
DNM1,0.51360685,1.0,0.0
DNM1L,0.48671362,0.0,0.0
DNM2,0.68669444,1.0,1.0
DNMBP,0.31788895,0.0,-1.0
DNMT1,0.6864234,1.0,1.0
DNMT3A,0.58345616,1.0,1.0
DNMT3B,0.60368776,1.0,1.0
DNMT3L,0.3993148,0.0,0.0
DNPEP,0.18559776,0.0,0.0
DNPH1,0.33264792,0.0,0.0
DNTT,0.6424817,1.0,0.0
DNTTIP1,0.3005171,0.0,0.0
DNTTIP2,0.17044508,0.0,0.0
DOC2A,0.12125346,0.0,0.0
DOCK1,0.46507424,0.0,-1.0
DOCK10,0.3804516,0.0,0.0
DOCK11,0.4758521,0.0,0.0
DOCK2,0.41484448,0.0,-1.0
DOCK3,0.33293384,0.0,0.0
DOCK4,0.34282893,0.0,-1.0
DOCK5,0.44357073,0.0,0.0
DOCK6,0.28805354,0.0,0.0
DOCK7,0.2660396,0.0,0.0
DOCK8,0.42763144,0.0,-1.0
DOCK8-AS1,0.022293886,0.0,0.0
DOCK9,0.32366332,0.0,0.0
DOHH,0.13538957,0.0,0.0
DOK1,0.391169,0.0,0.0
DOK2,0.3184111,0.0,0.0
DOK3,0.31086904,0.0,0.0
DOK4,0.2722552,0.0,0.0
DOK5,0.23637292,0.0,0.0
DOK6,0.14881688,0.0,-1.0
DOK7,0.24314447,0.0,-1.0
DOLK,0.13871406,0.0,-1.0
DOLPP1,0.11956648,0.0,0.0
DONSON,0.40252757,0.0,0.0
DOP1A,0.322984,0.0,0.0
DOP1B,0.24051258,0.0,-1.0
DOT1L,0.49763,0.0,1.0
DPAGT1,0.24521674,0.0,-1.0
DPCD,0.19715127,0.0,0.0
DPEP1,0.22160879,0.0,0.0
DPEP2,0.16158003,0.0,0.0
DPEP3,0.20229839,0.0,0.0
DPF1,0.3057055,0.0,0.0
DPF2,0.3652775,0.0,0.0
DPF3,0.2974806,0.0,0.0
DPH1,0.136119,0.0,-1.0
DPH2,0.115401186,0.0,0.0
DPH3,0.15754357,0.0,-1.0
DPH5,0.10332467,0.0,0.0
DPH6,0.15858285,0.0,0.0
DPH7,0.12997352,0.0,0.0
DPM1,0.21496733,0.0,-1.0
DPM2,0.119158894,0.0,0.0
DPM3,0.07723809,0.0,0.0
DPP10,0.21152672,0.0,-1.0
DPP4,0.4543369,0.0,-1.0
DPP6,0.256214,0.0,-1.0
DPP7,0.25993308,0.0,-1.0
DPP8,0.4181068,0.0,0.0
DPP9,0.24186441,0.0,0.0
DPPA2,0.27656895,0.0,0.0
DPPA3,0.32319227,0.0,0.0
DPPA4,0.25848848,0.0,-1.0
DPPA5,0.25566152,0.0,0.0
DPRX,0.31339702,0.0,0.0
DPT,0.39538187,0.0,-1.0
DPY19L1,0.24800122,0.0,0.0
DPY19L2,0.25994548,0.0,0.0
DPY19L3,0.20730968,0.0,-1.0
DPY19L4,0.16222072,0.0,0.0
DPY30,0.28104678,0.0,0.0
DPYD,0.26358,0.0,-1.0
DPYS,0.17067723,0.0,-1.0
DPYSL2,0.33455968,0.0,0.0
DPYSL3,0.26208788,0.0,0.0
DPYSL4,0.18898095,0.0,0.0
DPYSL5,0.21095315,0.0,0.0
DQX1,0.17466915,0.0,0.0
DR1,0.4889108,0.0,0.0
DRAM1,0.3336417,0.0,-1.0
DRAM2,0.20009439,0.0,0.0
DRAP1,0.290835,0.0,0.0
DRAXIN,0.15343007,0.0,0.0
DRC1,0.23089035,0.0,0.0
DRC3,0.3293983,0.0,0.0
DRC7,0.15890579,0.0,0.0
DRD2,0.33512682,0.0,-1.0
DRD3,0.22706808,0.0,-1.0
DRD4,0.20526394,0.0,0.0
DRD5,0.23880318,0.0,-1.0
DRG1,0.13260423,0.0,0.0
DRG2,0.13375252,0.0,0.0
DRGX,0.3724534,0.0,0.0
DRICH1,0.17470735,0.0,0.0
DROSHA,0.5556768,1.0,1.0
DRP2,0.3201133,0.0,0.0
DSC1,0.3724407,0.0,-1.0
DSC2,0.44470096,0.0,-1.0
DSC3,0.48041087,0.0,-1.0
DSCAM,0.3080858,0.0,0.0
DSCAML1,0.21650232,0.0,0.0
DSCC1,0.41221017,0.0,-1.0
DSCR4,0.27112684,0.0,0.0
DSCR8,0.20278788,0.0,0.0
DSE,0.36707094,0.0,-1.0
DSEL,0.28483218,0.0,-1.0
DSG1,0.4270121,0.0,-1.0
DSG2,0.47424346,0.0,-1.0
DSG3,0.41132098,0.0,0.0
DSG4,0.3868876,0.0,-1.0
DSP,0.5215997,1.0,-1.0
DSPP,0.3164539,0.0,-1.0
DST,0.43855512,0.0,-1.0
DSTN,0.41577083,0.0,0.0
DSTYK,0.3519828,0.0,0.0
DTD1,0.120500825,0.0,0.0
DTD2,0.12847711,0.0,0.0
DTHD1,0.21403229,0.0,-1.0
DTL,0.444062,0.0,-1.0
DTNA,0.3654231,0.0,-1.0
DTNB,0.33005133,0.0,0.0
DTNBP1,0.33947775,0.0,-1.0
DTWD1,0.18673916,0.0,0.0
DTWD2,0.20286517,0.0,-1.0
DTX1,0.39585736,0.0,1.0
DTX2,0.30145898,0.0,-1.0
DTX3,0.25449216,0.0,-1.0
DTX3L,0.25008538,0.0,0.0
DTX4,0.24206576,0.0,-1.0
DTYMK,0.33160383,0.0,0.0
DUOX1,0.41935307,0.0,0.0
DUOX2,0.3961237,0.0,-1.0
DUOXA1,0.3980743,0.0,0.0
DUOXA2,0.18995713,0.0,-1.0
DUS1L,0.09653602,0.0,0.0
DUS2,0.12464821,0.0,0.0
DUS3L,0.11346313,0.0,0.0
DUS4L,0.16185363,0.0,0.0
DUSP1,0.5983014,1.0,-1.0
DUSP10,0.3686074,0.0,-1.0
DUSP11,0.2510516,0.0,0.0
DUSP12,0.43473217,0.0,0.0
DUSP13,0.35082114,0.0,0.0
DUSP15,0.3453301,0.0,0.0
DUSP16,0.3917955,0.0,-1.0
DUSP18,0.32897905,0.0,0.0
DUSP19,0.35787034,0.0,0.0
DUSP2,0.37541118,0.0,-1.0
DUSP21,0.35445535,0.0,0.0
DUSP22,0.35703614,0.0,1.0
DUSP23,0.36202472,0.0,0.0
DUSP26,0.3633578,0.0,-1.0
DUSP28,0.3303449,0.0,0.0
DUSP29,0.35852242,0.0,0.0
DUSP3,0.37905258,0.0,0.0
DUSP4,0.53295493,1.0,1.0
DUSP5,0.47837543,0.0,0.0
DUSP6,0.5246605,1.0,-1.0
DUSP7,0.37548152,0.0,-1.0
DUSP8,0.38185808,0.0,0.0
DUSP9,0.37639824,0.0,-1.0
DUT,0.46027192,0.0,0.0
DUXA,0.27689606,0.0,-1.0
DVL1,0.5804229,1.0,-1.0
DVL2,0.5568448,1.0,-1.0
DVL3,0.5275498,1.0,-1.0
DXO,0.21321203,0.0,0.0
DYDC1,0.18155958,0.0,0.0
DYDC2,0.1580393,0.0,0.0
DYM,0.46877342,0.0,-1.0
DYNAP,0.16599499,0.0,0.0
DYNC1H1,0.4644829,0.0,-1.0
DYNC1I1,0.33027497,0.0,-1.0
DYNC1I2,0.39687458,0.0,0.0
DYNC1LI1,0.29851043,0.0,0.0
DYNC1LI2,0.27602926,0.0,0.0
DYNC2H1,0.41288197,0.0,-1.0
DYNC2I1,0.22882369,0.0,0.0
DYNC2I2,0.2078326,0.0,0.0
DYNC2LI1,0.26989487,0.0,0.0
DYNLL1,0.4913477,0.0,-1.0
DYNLRB1,0.27496487,0.0,0.0
DYNLRB2,0.17991991,0.0,0.0
DYNLT1,0.34445053,0.0,0.0
DYNLT2,0.21031125,0.0,0.0
DYNLT2B,0.08997797,0.0,0.0
DYNLT3,0.27592462,0.0,0.0
DYNLT4,0.25090513,0.0,0.0
DYNLT5,0.16120397,0.0,0.0
DYRK1A,0.4811161,0.0,-1.0
DYRK1B,0.3130195,0.0,-1.0
DYRK2,0.40844566,0.0,0.0
DYRK3,0.2835681,0.0,0.0
DYRK4,0.2835532,0.0,0.0
DYSF,0.39686337,0.0,-1.0
DZANK1,0.10286159,0.0,0.0
DZIP1,0.24555318,0.0,0.0
DZIP1L,0.15990284,0.0,0.0
DZIP3,0.22319762,0.0,0.0
E2F1,0.5582075,1.0,-1.0
E2F2,0.5156198,1.0,-1.0
E2F3,0.53933275,1.0,1.0
E2F4,0.53755474,1.0,-1.0
E2F5,0.4464589,0.0,0.0
E2F6,0.4646585,0.0,-1.0
E2F7,0.39295352,0.0,-1.0
E2F8,0.3808753,0.0,0.0
E4F1,0.32750627,0.0,0.0
EAF1,0.24313562,0.0,0.0
EAF2,0.42245448,0.0,-1.0
EAPP,0.3401846,0.0,0.0
EBAG9,0.25504896,0.0,-1.0
EBF1,0.52379435,1.0,1.0
EBF2,0.31764415,0.0,0.0
EBF3,0.26200712,0.0,0.0
EBF4,0.25614896,0.0,0.0
EBI3,0.39075187,0.0,0.0
EBLN2,0.2521712,0.0,0.0
EBNA1BP2,0.1439536,0.0,0.0
EBP,0.30176157,0.0,-1.0
EBPL,0.1830407,0.0,0.0
ECD,0.2869789,0.0,0.0
ECE1,0.46993425,0.0,0.0
ECE2,0.25816774,0.0,0.0
ECEL1,0.35344112,0.0,0.0
ECH1,0.09384618,0.0,0.0
ECHDC1,0.14542496,0.0,0.0
ECHDC2,0.13103612,0.0,0.0
ECHDC3,0.11831678,0.0,0.0
ECHS1,0.13385369,0.0,0.0
ECI1,0.22100632,0.0,0.0
ECI2,0.19866948,0.0,0.0
ECM1,0.3701197,0.0,-1.0
ECM2,0.34344482,0.0,0.0
ECPAS,0.26232657,0.0,0.0
ECRG4,0.06535774,0.0,0.0
ECSIT,0.13876602,0.0,0.0
ECT2,0.44762045,0.0,-1.0
ECT2L,0.16567363,0.0,1.0
EDA,0.5625421,1.0,-1.0
EDA2R,0.38087592,0.0,0.0
EDAR,0.5099891,1.0,-1.0
EDARADD,0.3771439,0.0,-1.0
EDC3,0.23819636,0.0,0.0
EDC4,0.21986234,0.0,-1.0
EDDM3A,6.478147e-05,0.0,0.0
EDDM3B,0.10327129,0.0,0.0
EDEM1,0.34273857,0.0,-1.0
EDEM2,0.21698657,0.0,0.0
EDEM3,0.28799763,0.0,0.0
EDF1,0.14843804,0.0,0.0
EDIL3,0.34641138,0.0,-1.0
EDN1,0.54628044,1.0,-1.0
EDN2,0.343162,0.0,0.0
EDN3,0.37003133,0.0,-1.0
EDNRA,0.46576005,0.0,-1.0
EDNRB,0.5024499,1.0,-1.0
EDRF1,0.21890229,0.0,-1.0
EEA1,0.52795756,1.0,0.0
EED,0.5115406,1.0,1.0
EEF1A1,0.43076742,0.0,-1.0
EEF1A2,0.3936734,0.0,-1.0
EEF1AKMT1,0.23598562,0.0,0.0
EEF1AKMT2,0.19375284,0.0,0.0
EEF1AKMT3,0.042085256,0.0,0.0
EEF1B2,0.14876568,0.0,0.0
EEF1D,0.23093383,0.0,-1.0
EEF1E1,0.24889366,0.0,0.0
EEF1E1-BLOC1S5,0.242751,0.0,0.0
EEF1G,0.27071628,0.0,0.0
EEF2,0.3990411,0.0,-1.0
EEF2K,0.34105188,0.0,-1.0
EEF2KMT,0.13639349,0.0,0.0
EEFSEC,0.12752101,0.0,0.0
EEPD1,0.13705374,0.0,0.0
EFCAB1,0.33815244,0.0,0.0
EFCAB10,0.20642911,0.0,0.0
EFCAB11,0.32414415,0.0,0.0
EFCAB13,0.3377072,0.0,0.0
EFCAB14,0.1814214,0.0,0.0
EFCAB2,0.33173776,0.0,0.0
EFCAB3,0.3175512,0.0,0.0
EFCAB5,0.19295366,0.0,0.0
EFCAB6,0.31041473,0.0,0.0
EFCAB7,0.3373549,0.0,0.0
EFCAB9,0.30741674,0.0,0.0
EFEMP1,0.32552698,0.0,-1.0
EFEMP2,0.3447641,0.0,-1.0
EFHB,0.16577959,0.0,0.0
EFHC1,0.21831779,0.0,-1.0
EFHD1,0.24843065,0.0,-1.0
EFHD2,0.24032988,0.0,-1.0
EFL1,0.2353821,0.0,0.0
EFNA1,0.4537758,0.0,-1.0
EFNA2,0.42368785,0.0,-1.0
EFNA3,0.38786787,0.0,-1.0
EFNA4,0.3457863,0.0,-1.0
EFNA5,0.5136453,1.0,-1.0
EFNB1,0.531073,1.0,0.0
EFNB2,0.57928556,1.0,0.0
EFNB3,0.3801041,0.0,0.0
EFR3A,0.19173577,0.0,0.0
EFR3B,0.02895973,0.0,0.0
EFS,0.39024037,0.0,0.0
EFTUD2,0.2664044,0.0,-1.0
EGF,0.57160974,1.0,-1.0
EGFL6,0.1887575,0.0,-1.0
EGFL7,0.2629685,0.0,1.0
EGFL8,0.17141417,0.0,0.0
EGFLAM,0.29130322,0.0,0.0
EGFR,0.6766528,1.0,1.0
EGLN1,0.5040341,1.0,-1.0
EGLN2,0.44621179,0.0,-1.0
EGLN3,0.38948953,0.0,-1.0
EGR1,0.7071325,1.0,1.0
EGR2,0.6147099,1.0,-1.0
EGR3,0.36625266,0.0,-1.0
EGR4,0.2636316,0.0,0.0
EHBP1,0.39491016,0.0,-1.0
EHBP1L1,0.3527387,0.0,0.0
EHD1,0.41865057,0.0,0.0
EHD2,0.28852296,0.0,0.0
EHD3,0.28126472,0.0,0.0
EHD4,0.2853673,0.0,0.0
EHF,0.3091927,0.0,-1.0
EHHADH,0.09914577,0.0,0.0
EHMT1,0.49221763,0.0,-1.0
EHMT2,0.5546682,1.0,-1.0
EI24,0.18591651,0.0,-1.0
EID1,0.30583587,0.0,0.0
EID2,0.27493343,0.0,0.0
EID2B,0.18647563,0.0,0.0
EID3,0.30351913,0.0,0.0
EIF1,0.19783825,0.0,0.0
EIF1AD,0.14569789,0.0,0.0
EIF1AX,0.20488726,0.0,1.0
EIF1AY,0.16376072,0.0,0.0
EIF1B,0.16562866,0.0,-1.0
EIF2A,0.22342852,0.0,0.0
EIF2AK1,0.37895033,0.0,-1.0
EIF2AK2,0.41151583,0.0,-1.0
EIF2AK3,0.63678926,1.0,-1.0
EIF2AK4,0.29608253,0.0,-1.0
EIF2B1,0.2222685,0.0,-1.0
EIF2B2,0.30055737,0.0,-1.0
EIF2B3,0.20899853,0.0,-1.0
EIF2B4,0.18352878,0.0,-1.0
EIF2B5,0.1792307,0.0,-1.0
EIF2D,0.16860917,0.0,0.0
EIF2S1,0.4005824,0.0,0.0
EIF2S2,0.27650705,0.0,-1.0
EIF2S3,0.30631104,0.0,0.0
EIF3A,0.39184904,0.0,-1.0
EIF3B,0.22325967,0.0,0.0
EIF3C,0.17110337,0.0,-1.0
EIF3CL,0.1492903,0.0,0.0
EIF3D,0.16563231,0.0,0.0
EIF3E,0.20401448,0.0,1.0
EIF3F,0.23907007,0.0,-1.0
EIF3G,0.13357326,0.0,-1.0
EIF3H,0.15089756,0.0,0.0
EIF3I,0.15745005,0.0,-1.0
EIF3J,0.14618972,0.0,0.0
EIF3K,0.15125027,0.0,0.0
EIF3L,0.14687623,0.0,0.0
EIF3M,0.13165316,0.0,0.0
EIF4A1,0.33691764,0.0,-1.0
EIF4A2,0.35287464,0.0,1.0
EIF4A3,0.28301328,0.0,0.0
EIF4B,0.30864623,0.0,-1.0
EIF4E,0.5605094,1.0,1.0
EIF4E1B,0.28010693,0.0,0.0
EIF4E2,0.22333476,0.0,0.0
EIF4E3,0.30571043,0.0,0.0
EIF4EBP1,0.588553,1.0,-1.0
EIF4EBP2,0.39931023,0.0,0.0
EIF4EBP3,0.3367444,0.0,0.0
EIF4ENIF1,0.35611647,0.0,0.0
EIF4G1,0.4883543,0.0,-1.0
EIF4G2,0.3727083,0.0,0.0
EIF4H,0.28173113,0.0,0.0
EIF5,0.21570307,0.0,0.0
EIF5A,0.19054233,0.0,-1.0
EIF5A2,0.17333618,0.0,-1.0
EIF5AL1,0.18051603,0.0,0.0
EIF5B,0.37407735,0.0,0.0
EIF6,0.1682731,0.0,0.0
EIPR1,0.13379171,0.0,0.0
ELAC1,0.14169435,0.0,0.0
ELAC2,0.16813871,0.0,-1.0
ELANE,0.4439671,0.0,-1.0
ELAPOR1,0.18533722,0.0,0.0
ELAPOR2,0.18768649,0.0,0.0
ELAVL1,0.6907153,1.0,-1.0
ELAVL2,0.5492906,1.0,-1.0
ELAVL3,0.50445974,1.0,-1.0
ELAVL4,0.48911816,0.0,-1.0
ELF1,0.33878067,0.0,-1.0
ELF3,0.46375677,0.0,1.0
ELF4,0.35329044,0.0,1.0
ELF5,0.39806363,0.0,-1.0
ELFN1,0.17535871,0.0,0.0
ELK1,0.34708053,0.0,-1.0
ELK3,0.3362237,0.0,-1.0
ELK4,0.34387144,0.0,1.0
ELL,0.52656513,1.0,1.0
ELL2,0.3147936,0.0,0.0
ELL3,0.27128845,0.0,0.0
ELMO1,0.39864925,0.0,-1.0
ELMO2,0.36369655,0.0,0.0
ELMO3,0.27197614,0.0,-1.0
ELMOD1,0.15236521,0.0,0.0
ELMOD2,0.27956477,0.0,0.0
ELMOD3,0.19201346,0.0,0.0
ELN,0.5565938,1.0,-1.0
ELOA,0.31711268,0.0,0.0
ELOA2,0.18756616,0.0,0.0
ELOA3P,0.18263255,0.0,0.0
ELOB,0.2978924,0.0,-1.0
ELOC,0.33023152,0.0,-1.0
ELOF1,0.18427129,0.0,-1.0
ELOVL1,0.14022213,0.0,0.0
ELOVL2,0.14544249,0.0,0.0
ELOVL3,0.17172138,0.0,-1.0
ELOVL4,0.16693793,0.0,-1.0
ELOVL6,0.22392568,0.0,0.0
ELOVL7,0.14640518,0.0,0.0
ELP1,0.44037822,0.0,-1.0
ELP2,0.1629228,0.0,-1.0
ELP3,0.25389767,0.0,0.0
ELP4,0.3307905,0.0,0.0
ELP5,0.11311968,0.0,0.0
ELP6,0.19372392,0.0,0.0
ELSPBP1,0.04423657,0.0,0.0
EMB,0.3434104,0.0,0.0
EMC1,0.17137662,0.0,0.0
EMC10,0.21012488,0.0,0.0
EMC2,0.16889651,0.0,0.0
EMC3,0.2260004,0.0,0.0
EMC4,0.08828978,0.0,0.0
EMC6,0.077555,0.0,0.0
EMC7,0.107365824,0.0,0.0
EMC8,0.14611797,0.0,0.0
EMC9,0.11033092,0.0,0.0
EMCN,0.21944751,0.0,0.0
EMD,0.43946838,0.0,-1.0
EME1,0.42387584,0.0,0.0
EMID1,0.19989397,0.0,0.0
EMILIN1,0.4089283,0.0,0.0
EMILIN2,0.21427497,0.0,0.0
EMILIN3,0.18527885,0.0,0.0
EML1,0.22354896,0.0,0.0
EML2,0.17760275,0.0,0.0
EML3,0.1531868,0.0,0.0
EML4,0.3902126,0.0,1.0
EML5,0.18556812,0.0,-1.0
EML6,0.2604126,0.0,0.0
EMP1,0.33291355,0.0,-1.0
EMP2,0.26044974,0.0,0.0
EMP3,0.36677083,0.0,-1.0
EMSY,0.37739962,0.0,-1.0
EMX1,0.48383683,0.0,0.0
EN1,0.53641737,1.0,-1.0
EN2,0.49902928,0.0,-1.0
ENAH,0.49107203,0.0,-1.0
ENAM,0.2968019,0.0,-1.0
ENC1,0.23937827,0.0,-1.0
ENDOD1,0.15621936,0.0,0.0
ENDOG,0.36792797,0.0,0.0
ENDOU,0.26380622,0.0,0.0
ENDOV,0.3386364,0.0,0.0
ENG,0.59462535,1.0,-1.0
ENGASE,0.1768612,0.0,0.0
ENHO,0.23774822,0.0,0.0
ENKD1,0.14513123,0.0,0.0
ENKUR,0.19959825,0.0,0.0
ENO1,0.35696563,0.0,-1.0
ENO2,0.42297402,0.0,0.0
ENO3,0.25922906,0.0,0.0
ENO4,0.17235042,0.0,0.0
ENOPH1,0.1856089,0.0,0.0
ENOSF1,0.13103393,0.0,0.0
ENOX1,0.22264327,0.0,0.0
ENOX2,0.33515427,0.0,-1.0
ENPEP,0.3102342,0.0,0.0
ENPP1,0.2747018,0.0,-1.0
ENPP2,0.19748266,0.0,-1.0
ENPP3,0.26736897,0.0,0.0
ENPP4,0.14198865,0.0,0.0
ENPP5,0.13046682,0.0,0.0
ENPP6,0.084773414,0.0,0.0
ENPP7,0.1010209,0.0,-1.0
ENSA,0.2493506,0.0,0.0
ENTHD1,0.20776558,0.0,0.0
ENTPD1,0.3721753,0.0,0.0
ENTPD2,0.24090543,0.0,0.0
ENTPD3,0.20322776,0.0,0.0
ENTPD4,0.26624686,0.0,0.0
ENTPD5,0.20200576,0.0,0.0
ENTPD6,0.18822868,0.0,-1.0
ENTPD7,0.1918217,0.0,0.0
ENTPD8,0.15465204,0.0,0.0
ENTR1,0.1884636,0.0,0.0
ENY2,0.18123043,0.0,0.0
EOGT,0.21618706,0.0,0.0
EOLA1,0.19911595,0.0,0.0
EOLA2,0.13531314,0.0,0.0
EOMES,0.5739605,1.0,-1.0
EP300,0.79655415,1.0,1.0
EP400,0.45641693,0.0,1.0
EPAS1,0.48287892,0.0,1.0
EPB41,0.458062,0.0,-1.0
EPB41L1,0.2867199,0.0,-1.0
EPB41L2,0.30849296,0.0,0.0
EPB41L3,0.2973801,0.0,-1.0
EPB41L4A,0.1729204,0.0,0.0
EPB41L4B,0.12890805,0.0,0.0
EPB41L5,0.27141693,0.0,0.0
EPB42,0.3488873,0.0,-1.0
EPC1,0.3705327,0.0,-1.0
EPC2,0.49344715,0.0,0.0
EPCAM,0.51866704,1.0,1.0
EPG5,0.23017684,0.0,-1.0
EPGN,0.3181313,0.0,-1.0
EPHA1,0.59487194,1.0,-1.0
EPHA10,0.34794155,0.0,0.0
EPHA2,0.5302882,1.0,-1.0
EPHA3,0.54459,1.0,1.0
EPHA4,0.52028215,1.0,-1.0
EPHA5,0.4490441,0.0,-1.0
EPHA6,0.35807493,0.0,-1.0
EPHA7,0.41792655,0.0,1.0
EPHA8,0.43117258,0.0,0.0
EPHB1,0.46660185,0.0,1.0
EPHB2,0.5483404,1.0,-1.0
EPHB3,0.4643125,0.0,-1.0
EPHB4,0.464874,0.0,-1.0
EPHX1,0.20796783,0.0,0.0
EPHX2,0.34564367,0.0,0.0
EPHX3,0.1346447,0.0,0.0
EPHX4,0.07841565,0.0,0.0
EPM2A,0.5068127,1.0,-1.0
EPM2AIP1,0.10565055,0.0,0.0
EPN1,0.37338528,0.0,0.0
EPN2,0.37439546,0.0,0.0
EPN3,0.30361536,0.0,0.0
EPO,0.60188365,1.0,-1.0
EPOR,0.54674256,1.0,1.0
EPPIN-WFDC6,0.05059774,0.0,0.0
EPRS1,0.36237514,0.0,-1.0
EPS15,0.54370284,1.0,1.0
EPS15L1,0.38515037,0.0,-1.0
EPS8,0.40191996,0.0,-1.0
EPS8L1,0.1466279,0.0,-1.0
EPS8L2,0.2339025,0.0,0.0
EPS8L3,0.02836489,0.0,0.0
EPSTI1,0.23032276,0.0,0.0
EPX,0.41128424,0.0,0.0
EPYC,0.34315205,0.0,-1.0
EQTN,0.18250373,0.0,0.0
ERAL1,0.27184722,0.0,-1.0
ERAP1,0.30556324,0.0,-1.0
ERAP2,0.24748437,0.0,0.0
ERAS,0.42101863,0.0,-1.0
ERBB2,0.68883866,1.0,1.0
ERBB3,0.6595511,1.0,1.0
ERBB4,0.65470165,1.0,1.0
ERBIN,0.4339082,0.0,-1.0
ERC1,0.5538624,1.0,1.0
ERC2,0.28203192,0.0,-1.0
ERCC1,0.5436513,1.0,-1.0
ERCC2,0.5157366,1.0,1.0
ERCC3,0.47733355,0.0,1.0
ERCC4,0.50009316,1.0,1.0
ERCC5,0.4548403,0.0,1.0
ERCC6,0.49813572,0.0,-1.0
ERCC6L,0.46251097,0.0,0.0
ERCC6L2,0.36524457,0.0,-1.0
ERCC8,0.26299357,0.0,-1.0
EREG,0.4692593,0.0,-1.0
ERF,0.40701637,0.0,1.0
ERFE,0.22679237,0.0,0.0
ERG,0.32306287,0.0,1.0
ERG28,0.18339157,0.0,0.0
ERGIC1,0.13604757,0.0,0.0
ERGIC2,0.1733154,0.0,0.0
ERGIC3,0.13622035,0.0,-1.0
ERH,0.38952076,0.0,0.0
ERI1,0.21763892,0.0,-1.0
ERI2,0.16011964,0.0,0.0
ERI3,0.17342316,0.0,0.0
ERICH1,0.27483884,0.0,-1.0
ERICH2,0.18385279,0.0,0.0
ERICH3,0.19154401,0.0,0.0
ERICH5,0.11641647,0.0,0.0
ERICH6,0.1776374,0.0,0.0
ERICH6B,0.12512693,0.0,0.0
ERLEC1,0.35329956,0.0,0.0
ERLIN1,0.16862942,0.0,0.0
ERLIN2,0.26743263,0.0,0.0
ERMAP,0.21059637,0.0,0.0
ERMARD,0.14848833,0.0,0.0
ERMN,0.32345906,0.0,0.0
ERMP1,0.12552738,0.0,0.0
ERN1,0.48374942,0.0,-1.0
ERN2,0.3332695,0.0,-1.0
ERO1A,0.30220872,0.0,0.0
ERO1B,0.20284727,0.0,0.0
ERP27,0.23316264,0.0,0.0
ERP29,0.22566684,0.0,0.0
ERP44,0.24485753,0.0,0.0
ERRFI1,0.33283463,0.0,1.0
ERV3-1,0.18909235,0.0,0.0
ERVFRD-1,0.16834193,0.0,0.0
ERVMER34-1,0.17489776,0.0,0.0
ERVV-1,0.1785082,0.0,0.0
ERVV-2,0.15845537,0.0,0.0
ERVW-1,0.57248783,1.0,-1.0
ESAM,0.47182733,0.0,0.0
ESCO1,0.41150585,0.0,0.0
ESCO2,0.47775483,0.0,1.0
ESD,0.3683724,0.0,0.0
ESF1,0.13594519,0.0,0.0
ESM1,0.32460713,0.0,-1.0
ESPL1,0.53359324,1.0,-1.0
ESPN,0.35856068,0.0,0.0
ESPNL,0.31677383,0.0,0.0
ESR1,0.65506434,1.0,1.0
ESR2,0.6220777,1.0,-1.0
ESRP1,0.30097142,0.0,0.0
ESRP2,0.28780958,0.0,0.0
ESRRA,0.4236377,0.0,-1.0
ESRRB,0.42102104,0.0,0.0
ESRRG,0.3439184,0.0,-1.0
ESS2,0.32641158,0.0,0.0
ESX1,0.37654608,0.0,0.0
ESYT1,0.12485053,0.0,0.0
ESYT2,0.0495067,0.0,0.0
ESYT3,0.15009715,0.0,0.0
ETAA1,0.15631998,0.0,1.0
ETF1,0.16207117,0.0,0.0
ETFA,0.117371745,0.0,-1.0
ETFB,0.118859455,0.0,-1.0
ETFBKMT,0.1560462,0.0,0.0
ETFDH,0.12912181,0.0,-1.0
ETFRF1,0.16370851,0.0,0.0
ETHE1,0.17456564,0.0,0.0
ETNK1,0.3672023,0.0,1.0
ETNK2,0.18245946,0.0,0.0
ETNPPL,0.11896374,0.0,0.0
ETS1,0.6742982,1.0,-1.0
ETS2,0.5951005,1.0,-1.0
ETV1,0.6095513,1.0,1.0
ETV2,0.30115843,0.0,0.0
ETV3,0.42881602,0.0,-1.0
ETV3L,0.23104888,0.0,0.0
ETV4,0.55148935,1.0,1.0
ETV5,0.47099105,0.0,1.0
ETV6,0.634067,1.0,1.0
ETV7,0.32058084,0.0,-1.0
EVA1A,0.1449327,0.0,0.0
EVA1B,0.20647313,0.0,0.0
EVA1C,0.16135475,0.0,0.0
EVC,0.34080198,0.0,-1.0
EVC2,0.3345582,0.0,-1.0
EVI2A,0.28498563,0.0,-1.0
EVI2B,0.24421594,0.0,0.0
EVI5,0.40674832,0.0,0.0
EVI5L,0.24843584,0.0,0.0
EVL,0.33234152,0.0,-1.0
EVPL,0.48080468,0.0,-1.0
EVPLL,0.15998884,0.0,0.0
EVX1,0.5003235,1.0,0.0
EVX2,0.49255982,0.0,0.0
EWSR1,0.58434325,1.0,1.0
EXD1,0.19735378,0.0,0.0
EXD2,0.1760304,0.0,0.0
EXD3,0.2468948,0.0,0.0
EXO1,0.43700778,0.0,0.0
EXO5,0.22997728,0.0,0.0
EXOC1,0.4284899,0.0,0.0
EXOC2,0.3599301,0.0,-1.0
EXOC3,0.38250774,0.0,0.0
EXOC3L1,0.3245013,0.0,0.0
EXOC3L2,0.29375133,0.0,0.0
EXOC3L4,0.3092398,0.0,0.0
EXOC4,0.4743334,0.0,-1.0
EXOC5,0.3373673,0.0,0.0
EXOC6,0.3732175,0.0,0.0
EXOC6B,0.3041825,0.0,0.0
EXOC7,0.38304278,0.0,-1.0
EXOG,0.3780929,0.0,0.0
EXOSC1,0.17589824,0.0,0.0
EXOSC10,0.21077068,0.0,0.0
EXOSC2,0.13126628,0.0,0.0
EXOSC3,0.127074,0.0,0.0
EXOSC4,0.20345841,0.0,0.0
EXOSC5,0.14057809,0.0,0.0
EXOSC6,0.1480767,0.0,-1.0
EXOSC7,0.12556095,0.0,0.0
EXOSC8,0.18521357,0.0,0.0
EXOSC9,0.15878585,0.0,0.0
EXPH5,0.21360229,0.0,-1.0
EXT1,0.5031222,1.0,1.0
EXT2,0.20076622,0.0,1.0
EXTL1,0.10624311,0.0,0.0
EXTL2,0.10446653,0.0,0.0
EXTL3,0.33646834,0.0,0.0
EYA1,0.5446097,1.0,-1.0
EYA2,0.43314505,0.0,-1.0
EYA3,0.31993505,0.0,0.0
EYA4,0.33056915,0.0,-1.0
EYS,0.42913017,0.0,-1.0
EZH1,0.43232408,0.0,1.0
EZH2,0.72568387,1.0,1.0
EZHIP,0.2164825,0.0,1.0
EZR,0.57323086,1.0,1.0
F10,0.3569026,0.0,-1.0
F11,0.11324488,0.0,-1.0
F12,0.26761362,0.0,-1.0
F13A1,0.29149583,0.0,-1.0
F13B,0.07831641,0.0,-1.0
F2,0.4758271,0.0,-1.0
F2R,0.47313157,0.0,-1.0
F2RL1,0.28316212,0.0,0.0
F2RL2,0.18589623,0.0,-1.0
F2RL3,0.20679255,0.0,-1.0
F3,0.5269441,1.0,-1.0
F5,0.30691773,0.0,-1.0
F7,0.23473382,0.0,-1.0
F8,0.38585225,0.0,-1.0
F8A2,0.2995325,0.0,0.0
F9,0.21626908,0.0,-1.0
FA2H,0.15887909,0.0,-1.0
FAAH,0.2294215,0.0,0.0
FAAH2,0.1886636,0.0,-1.0
FAAP100,0.2768706,0.0,0.0
FAAP20,0.26167998,0.0,0.0
FAAP24,0.3463909,0.0,0.0
FABP1,0.1857725,0.0,0.0
FABP12,0.17308643,0.0,0.0
FABP2,0.15784192,0.0,0.0
FABP3,0.22784033,0.0,-1.0
FABP4,0.3356291,0.0,-1.0
FABP5,0.2702604,0.0,-1.0
FABP6,0.1382443,0.0,0.0
FABP7,0.449901,0.0,-1.0
FABP9,0.42387757,0.0,0.0
FADD,0.5822327,1.0,-1.0
FADS1,0.1487714,0.0,0.0
FADS2,0.13104485,0.0,0.0
FADS3,0.1211831,0.0,0.0
FAF1,0.2901816,0.0,-1.0
FAF2,0.24440233,0.0,0.0
FAH,0.18045485,0.0,-1.0
FAHD1,0.14846684,0.0,0.0
FAHD2A,0.1545462,0.0,0.0
FAHD2B,0.15635447,0.0,-1.0
FAIM,0.23394641,0.0,-1.0
FAIM2,0.25384766,0.0,0.0
FAM102A,0.127721,0.0,0.0
FAM102B,0.16955742,0.0,0.0
FAM104A,0.22357404,0.0,0.0
FAM104B,0.27224317,0.0,0.0
FAM107A,0.19240606,0.0,-1.0
FAM107B,0.12189397,0.0,-1.0
FAM110A,0.069007486,0.0,0.0
FAM110B,0.14683901,0.0,0.0
FAM110C,0.08624742,0.0,0.0
FAM110D,0.1902355,0.0,0.0
FAM111A,0.094515935,0.0,-1.0
FAM111B,0.19001436,0.0,-1.0
FAM114A1,0.18052377,0.0,0.0
FAM114A2,0.1453886,0.0,0.0
FAM117A,0.073649615,0.0,-1.0
FAM117B,0.25699332,0.0,-1.0
FAM118A,0.091500476,0.0,0.0
FAM118B,0.09537649,0.0,-1.0
FAM120A,0.1699373,0.0,0.0
FAM120AOS,0.10369193,0.0,0.0
FAM120B,0.3315247,0.0,0.0
FAM120C,0.15513657,0.0,0.0
FAM124A,0.14452985,0.0,0.0
FAM124B,0.103530526,0.0,0.0
FAM126A,0.27602437,0.0,0.0
FAM126B,0.30583823,0.0,-1.0
FAM131A,0.07127623,0.0,0.0
FAM131B,0.16610278,0.0,-1.0
FAM131C,0.14544462,0.0,0.0
FAM133A,0.29375938,0.0,-1.0
FAM133B,0.20283248,0.0,0.0
FAM135A,0.16775115,0.0,0.0
FAM135B,0.22381409,0.0,1.0
FAM136A,0.109162636,0.0,0.0
FAM13A,0.27301937,0.0,0.0
FAM13B,0.3602392,0.0,0.0
FAM149A,0.11826005,0.0,0.0
FAM149B1,0.117870644,0.0,0.0
FAM151A,0.061289314,0.0,0.0
FAM151B,0.24441484,0.0,0.0
FAM153A,0.07489007,0.0,0.0
FAM153B,0.1486282,0.0,0.0
FAM153CP,0.15195589,0.0,0.0
FAM161A,0.22511457,0.0,-1.0
FAM161B,0.15072526,0.0,0.0
FAM162A,0.12360092,0.0,0.0
FAM162B,0.122971825,0.0,0.0
FAM163A,0.29413188,0.0,0.0
FAM163B,0.15091826,0.0,0.0
FAM166A,0.18017952,0.0,-1.0
FAM166B,0.091257304,0.0,0.0
FAM166C,0.17545848,0.0,0.0
FAM167A,0.25700468,0.0,-1.0
FAM167B,0.06175667,0.0,0.0
FAM168A,0.18899187,0.0,0.0
FAM168B,0.3928219,0.0,0.0
FAM169A,0.1504145,0.0,0.0
FAM170A,0.20191957,0.0,0.0
FAM170B,0.18705413,0.0,0.0
FAM171A1,0.1557655,0.0,-1.0
FAM171A2,0.18915501,0.0,0.0
FAM171B,0.1568904,0.0,-1.0
FAM172A,0.31785515,0.0,0.0
FAM174A,0.08379698,0.0,0.0
FAM174B,0.121474855,0.0,0.0
FAM174C,0.12769362,0.0,0.0
FAM177A1,0.098476134,0.0,0.0
FAM178B,0.16635661,0.0,0.0
FAM180A,0.13618928,0.0,0.0
FAM181A,0.18550919,0.0,0.0
FAM181B,0.14711902,0.0,0.0
FAM182B,0.18895163,0.0,0.0
FAM183A,0.11476929,0.0,0.0
FAM184A,0.07277588,0.0,0.0
FAM184B,0.09825977,0.0,0.0
FAM185A,0.19813414,0.0,0.0
FAM186A,0.19749765,0.0,0.0
FAM186B,0.18293099,0.0,0.0
FAM187B,0.17822815,0.0,0.0
FAM189A1,0.06071434,0.0,0.0
FAM189A2,0.11673878,0.0,0.0
FAM189B,0.08450819,0.0,0.0
FAM193A,0.21424858,0.0,0.0
FAM193B,0.055431336,0.0,0.0
FAM199X,0.15595877,0.0,0.0
FAM200A,0.011015524,0.0,0.0
FAM204A,0.20275714,0.0,0.0
FAM205A,0.17601006,0.0,0.0
FAM209A,0.18801142,0.0,0.0
FAM209B,0.17997363,0.0,0.0
FAM20A,0.13438363,0.0,0.0
FAM20B,0.12113092,0.0,0.0
FAM20C,0.31197575,0.0,0.0
FAM210A,0.12445396,0.0,0.0
FAM210B,0.25774035,0.0,0.0
FAM214A,0.23135471,0.0,0.0
FAM214B,0.2280491,0.0,0.0
FAM216A,0.27405083,0.0,0.0
FAM216B,0.16438675,0.0,0.0
FAM217A,0.08264141,0.0,0.0
FAM217B,0.19516645,0.0,0.0
FAM218A,0.12556227,0.0,0.0
FAM219A,0.16630252,0.0,0.0
FAM219B,0.1551656,0.0,0.0
FAM220A,0.24105743,0.0,0.0
FAM221A,0.11743087,0.0,0.0
FAM221B,0.13710077,0.0,-1.0
FAM222A,0.13340677,0.0,0.0
FAM222B,0.13818553,0.0,0.0
FAM228A,0.17937225,0.0,0.0
FAM229B,0.1949896,0.0,0.0
FAM234A,0.124994546,0.0,-1.0
FAM234B,0.088055015,0.0,0.0
FAM241A,0.28933236,0.0,-1.0
FAM241B,0.19845806,0.0,0.0
FAM24A,0.17940436,0.0,0.0
FAM24B,0.13616666,0.0,0.0
FAM25A,0.26233536,0.0,0.0
FAM32A,0.13933806,0.0,0.0
FAM3A,0.14374353,0.0,0.0
FAM3B,0.20604508,0.0,0.0
FAM3C,0.21905555,0.0,0.0
FAM3D,0.064776815,0.0,0.0
FAM43A,0.13376945,0.0,0.0
FAM43B,0.04558302,0.0,0.0
FAM47A,0.18274789,0.0,0.0
FAM47B,0.18029793,0.0,0.0
FAM50A,0.15729848,0.0,-1.0
FAM50B,0.15355927,0.0,0.0
FAM53A,0.1088613,0.0,0.0
FAM53B,0.1895215,0.0,0.0
FAM53C,0.16000529,0.0,0.0
FAM72A,0.1949103,0.0,0.0
FAM72B,0.18861109,0.0,0.0
FAM72D,0.16906577,0.0,-1.0
FAM76A,0.22613263,0.0,0.0
FAM76B,0.24902917,0.0,0.0
FAM78A,0.10952566,0.0,0.0
FAM78B,0.16315387,0.0,-1.0
FAM81A,0.11551712,0.0,0.0
FAM81B,0.18082012,0.0,0.0
FAM83B,0.09796178,0.0,-1.0
FAM83C,0.20883705,0.0,0.0
FAM83E,0.034004655,0.0,0.0
FAM83F,0.111599475,0.0,0.0
FAM83G,0.13327928,0.0,0.0
FAM83H,0.16477685,0.0,-1.0
FAM86B1,0.04517691,0.0,0.0
FAM86B2,0.05656139,0.0,0.0
FAM86C1P,0.14816561,0.0,0.0
FAM89A,0.08794467,0.0,0.0
FAM89B,0.084317885,0.0,0.0
FAM8A1,0.19047673,0.0,0.0
FAM90A1,0.0028487432,0.0,0.0
FAM91A1,0.17025746,0.0,-1.0
FAM98A,0.17686938,0.0,0.0
FAM98B,0.15014824,0.0,0.0
FAM98C,0.076896384,0.0,0.0
FAM9A,0.24167512,0.0,0.0
FAM9B,0.16134983,0.0,0.0
FAM9C,0.11372586,0.0,0.0
FAN1,0.39752573,0.0,0.0
FANCA,0.45535085,0.0,1.0
FANCB,0.43411306,0.0,-1.0
FANCC,0.5158554,1.0,1.0
FANCD2,0.55030125,1.0,1.0
FANCD2OS,0.17674577,0.0,0.0
FANCE,0.39428517,0.0,1.0
FANCF,0.567829,1.0,1.0
FANCG,0.45277318,0.0,1.0
FANCI,0.48134187,0.0,-1.0
FANCL,0.41009328,0.0,1.0
FANCM,0.57558453,1.0,-1.0
FANK1,0.31424558,0.0,-1.0
FAP,0.3077106,0.0,0.0
FAR1,0.2639443,0.0,0.0
FAR2,0.15416524,0.0,0.0
FARP1,0.19210006,0.0,0.0
FARP2,0.15534018,0.0,0.0
FARS2,0.13069467,0.0,0.0
FARSA,0.13525514,0.0,0.0
FARSB,0.15438844,0.0,0.0
FAS,0.6309042,1.0,1.0
FASLG,0.6172416,1.0,-1.0
FASN,0.30008882,0.0,-1.0
FASTK,0.29698923,0.0,0.0
FASTKD1,0.14008394,0.0,0.0
FASTKD2,0.10107471,0.0,0.0
FASTKD3,0.14358672,0.0,0.0
FASTKD5,0.12902637,0.0,0.0
FAT1,0.40427923,0.0,1.0
FAT2,0.37695715,0.0,-1.0
FAT4,0.44850886,0.0,1.0
FATE1,0.2286817,0.0,0.0
FAU,0.42380992,0.0,-1.0
FAXC,0.16216059,0.0,0.0
FAXDC2,0.15253364,0.0,0.0
FBF1,0.2489559,0.0,-1.0
FBH1,0.31821284,0.0,-1.0
FBL,0.4474141,0.0,0.0
FBLIM1,0.29340124,0.0,0.0
FBLN1,0.41430658,0.0,-1.0
FBLN2,0.40281364,0.0,1.0
FBLN5,0.4185021,0.0,-1.0
FBLN7,0.2180383,0.0,0.0
FBN1,0.5274085,1.0,-1.0
FBN2,0.42331082,0.0,-1.0
FBN3,0.3097019,0.0,-1.0
FBP1,0.21385857,0.0,-1.0
FBP2,0.22310273,0.0,0.0
FBRS,0.19800565,0.0,0.0
FBRSL1,0.16048221,0.0,-1.0
FBXL12,0.21115096,0.0,0.0
FBXL13,0.19031414,0.0,0.0
FBXL14,0.20229326,0.0,0.0
FBXL15,0.21943124,0.0,0.0
FBXL16,0.20544983,0.0,0.0
FBXL17,0.27527243,0.0,-1.0
FBXL18,0.19558448,0.0,0.0
FBXL19,0.30422106,0.0,0.0
FBXL2,0.32738453,0.0,0.0
FBXL20,0.30818596,0.0,0.0
FBXL22,0.18818702,0.0,0.0
FBXL3,0.22491169,0.0,0.0
FBXL4,0.3095392,0.0,0.0
FBXL5,0.3064871,0.0,0.0
FBXL6,0.26523906,0.0,0.0
FBXL7,0.17758663,0.0,-1.0
FBXL8,0.19967245,0.0,0.0
FBXO10,0.17537853,0.0,0.0
FBXO11,0.32696822,0.0,1.0
FBXO15,0.33326557,0.0,-1.0
FBXO16,0.15028593,0.0,0.0
FBXO17,0.19005327,0.0,0.0
FBXO2,0.20640472,0.0,0.0
FBXO21,0.1879076,0.0,0.0
FBXO22,0.17789243,0.0,0.0
FBXO24,0.18439522,0.0,0.0
FBXO25,0.2817627,0.0,-1.0
FBXO27,0.12883532,0.0,0.0
FBXO28,0.14812216,0.0,-1.0
FBXO3,0.27800685,0.0,0.0
FBXO30,0.22121613,0.0,0.0
FBXO31,0.19900198,0.0,-1.0
FBXO32,0.40451562,0.0,-1.0
FBXO33,0.20157795,0.0,0.0
FBXO34,0.19828282,0.0,0.0
FBXO36,0.17257209,0.0,0.0
FBXO38,0.30220726,0.0,0.0
FBXO39,0.18022595,0.0,0.0
FBXO4,0.21565996,0.0,0.0
FBXO40,0.24546167,0.0,-1.0
FBXO41,0.19755082,0.0,0.0
FBXO42,0.3349389,0.0,0.0
FBXO43,0.32687783,0.0,0.0
FBXO44,0.19779657,0.0,0.0
FBXO45,0.26591277,0.0,0.0
FBXO46,0.08319869,0.0,0.0
FBXO47,0.19733079,0.0,0.0
FBXO48,0.23046483,0.0,0.0
FBXO5,0.4497049,0.0,-1.0
FBXO6,0.19396037,0.0,0.0
FBXO7,0.28832796,0.0,-1.0
FBXO8,0.3570834,0.0,0.0
FBXO9,0.21974672,0.0,-1.0
FBXW10B,0.20610297,0.0,0.0
FBXW11,0.39359692,0.0,0.0
FBXW12,0.19193584,0.0,0.0
FBXW5,0.24660535,0.0,-1.0
FBXW7,0.54230714,1.0,1.0
FBXW8,0.24797139,0.0,0.0
FBXW9,0.19309947,0.0,0.0
FCAMR,0.20391786,0.0,0.0
FCAR,0.3051673,0.0,0.0
FCER1A,0.30133682,0.0,-1.0
FCER1G,0.28726944,0.0,0.0
FCER2,0.405222,0.0,-1.0
FCF1,0.13305527,0.0,-1.0
FCGR1A,0.49601924,0.0,-1.0
FCGR1BP,0.33586663,0.0,0.0
FCGR2A,0.48601675,0.0,-1.0
FCGR2B,0.4687737,0.0,1.0
FCGR3A,0.44703886,0.0,-1.0
FCGR3B,0.48196614,0.0,0.0
FCGRT,0.3478263,0.0,0.0
FCHO1,0.32550058,0.0,0.0
FCHO2,0.40477878,0.0,0.0
FCHSD1,0.30337268,0.0,0.0
FCHSD2,0.2723318,0.0,0.0
FCMR,0.2991136,0.0,0.0
FCN1,0.2571605,0.0,0.0
FCN2,0.19640958,0.0,0.0
FCN3,0.2125675,0.0,0.0
FCRL1,0.23118329,0.0,-1.0
FCRL2,0.22890165,0.0,0.0
FCRL3,0.2802992,0.0,-1.0
FCRL4,0.29232576,0.0,1.0
FCRL5,0.25423867,0.0,-1.0
FCRL6,0.2636839,0.0,0.0
FCRLA,0.35944712,0.0,0.0
FCRLB,0.18523888,0.0,0.0
FCSK,0.213409,0.0,-1.0
FDCSP,0.10568667,0.0,0.0
FDFT1,0.18619454,0.0,0.0
FDPS,0.2695168,0.0,0.0
FDX1,0.24061675,0.0,-1.0
FDX2,0.16726242,0.0,0.0
FDXACB1,0.17096177,0.0,0.0
FDXR,0.21849844,0.0,-1.0
FECH,0.27234378,0.0,-1.0
FEM1A,0.30602217,0.0,-1.0
FEM1B,0.31778377,0.0,0.0
FEM1C,0.31942463,0.0,0.0
FEN1,0.4633039,0.0,1.0
FER,0.48599297,0.0,0.0
FERD3L,0.17633997,0.0,-1.0
FERMT1,0.31865287,0.0,0.0
FERMT2,0.3346381,0.0,0.0
FERMT3,0.29391265,0.0,-1.0
FES,0.43524006,0.0,1.0
FETUB,0.07405092,0.0,0.0
FEV,0.32195118,0.0,1.0
FEZ1,0.29314348,0.0,0.0
FEZ2,0.24086349,0.0,0.0
FEZF1,0.34515634,0.0,0.0
FEZF2,0.35724074,0.0,0.0
FFAR1,0.16377155,0.0,0.0
FFAR2,0.19324714,0.0,0.0
FFAR3,0.15954441,0.0,0.0
FFAR4,0.1985342,0.0,0.0
FGA,0.21666597,0.0,-1.0
FGB,0.20674294,0.0,-1.0
FGD1,0.38191628,0.0,-1.0
FGD2,0.10094821,0.0,0.0
FGD3,0.20149598,0.0,0.0
FGD4,0.35348856,0.0,-1.0
FGD5,0.15200338,0.0,0.0
FGD6,0.24501698,0.0,0.0
FGF1,0.62658924,1.0,-1.0
FGF10,0.6037079,1.0,-1.0
FGF11,0.38020635,0.0,-1.0
FGF12,0.43262923,0.0,-1.0
FGF14,0.42597836,0.0,-1.0
FGF16,0.40020853,0.0,-1.0
FGF17,0.5644037,1.0,-1.0
FGF18,0.5514583,1.0,-1.0
FGF19,0.5004863,1.0,1.0
FGF2,0.63854253,1.0,-1.0
FGF20,0.5378626,1.0,-1.0
FGF21,0.36494973,0.0,-1.0
FGF22,0.38669595,0.0,-1.0
FGF23,0.4338136,0.0,-1.0
FGF3,0.58131564,1.0,1.0
FGF4,0.6226285,1.0,1.0
FGF5,0.5450974,1.0,-1.0
FGF6,0.5435149,1.0,-1.0
FGF7,0.61752146,1.0,-1.0
FGF8,0.6144966,1.0,-1.0
FGF9,0.6201193,1.0,-1.0
FGFBP2,0.06882997,0.0,0.0
FGFBP3,0.07894786,0.0,0.0
FGFR1,0.6725504,1.0,1.0
FGFR1OP2,0.36078268,0.0,-1.0
FGFR2,0.666625,1.0,1.0
FGFR3,0.60758,1.0,1.0
FGFR4,0.4780228,0.0,1.0
FGFRL1,0.33749115,0.0,0.0
FGG,0.2144108,0.0,-1.0
FGGY,0.22776955,0.0,-1.0
FGL2,0.32671955,0.0,0.0
FGR,0.5255636,1.0,-1.0
FH,0.18789011,0.0,1.0
FHDC1,0.3528255,0.0,0.0
FHIP1A,0.14114182,0.0,0.0
FHIP1B,0.24384919,0.0,0.0
FHIP2A,0.16397227,0.0,0.0
FHIP2B,0.19232567,0.0,0.0
FHIT,0.42313993,0.0,1.0
FHL1,0.35438967,0.0,-1.0
FHL2,0.45609155,0.0,-1.0
FHL3,0.38647157,0.0,0.0
FHL5,0.34082153,0.0,0.0
FHOD1,0.32024273,0.0,-1.0
FHOD3,0.30374783,0.0,0.0
FIBCD1,0.24441206,0.0,0.0
FIBIN,0.17730562,0.0,0.0
FIBP,0.1883661,0.0,0.0
FICD,0.38579434,0.0,0.0
FIG4,0.4816352,0.0,-1.0
FIGLA,0.33636943,0.0,-1.0
FIGN,0.3527685,0.0,0.0
FIGNL1,0.3900522,0.0,-1.0
FILIP1,0.28498578,0.0,0.0
FILIP1L,0.1565772,0.0,-1.0
FIP1L1,0.44814345,0.0,1.0
FIS1,0.25291356,0.0,0.0
FITM1,0.13088986,0.0,0.0
FITM2,0.15045631,0.0,0.0
FIZ1,0.24031958,0.0,-1.0
FJX1,0.26957017,0.0,0.0
FKBP10,0.30883405,0.0,-1.0
FKBP11,0.29058596,0.0,0.0
FKBP14,0.29520732,0.0,0.0
FKBP15,0.28015533,0.0,0.0
FKBP1A,0.4620897,0.0,0.0
FKBP1B,0.34387073,0.0,0.0
FKBP1C,0.390375,0.0,0.0
FKBP2,0.36777171,0.0,0.0
FKBP3,0.2677244,0.0,0.0
FKBP4,0.38583222,0.0,0.0
FKBP6,0.29830444,0.0,0.0
FKBP7,0.3128666,0.0,0.0
FKBP8,0.35839176,0.0,-1.0
FKBP9,0.2947416,0.0,1.0
FKBPL,0.27472258,0.0,0.0
FKRP,0.23676945,0.0,-1.0
FKTN,0.25886035,0.0,-1.0
FLACC1,0.2586353,0.0,0.0
FLAD1,0.15585293,0.0,0.0
FLCN,0.3404367,0.0,1.0
FLG,0.3740062,0.0,-1.0
FLG2,0.23547292,0.0,0.0
FLI1,0.36267155,0.0,1.0
FLII,0.43751276,0.0,-1.0
FLNA,0.6362172,1.0,1.0
FLNB,0.51238406,1.0,-1.0
FLNC,0.47034603,0.0,-1.0
FLOT1,0.34512985,0.0,0.0
FLOT2,0.3492931,0.0,0.0
FLRT1,0.30115253,0.0,0.0
FLRT2,0.24862769,0.0,-1.0
FLRT3,0.33937138,0.0,0.0
FLT1,0.64005727,1.0,1.0
FLT3,0.5989998,1.0,1.0
FLT3LG,0.5282347,1.0,-1.0
FLT4,0.52539694,1.0,1.0
FLVCR1,0.34398076,0.0,0.0
FLVCR2,0.28164616,0.0,-1.0
FLYWCH1,0.10217844,0.0,-1.0
FLYWCH2,0.15494436,0.0,0.0
FMC1,0.07440661,0.0,0.0
FMN1,0.5532193,1.0,0.0
FMN2,0.3100018,0.0,-1.0
FMNL1,0.41150355,0.0,-1.0
FMNL2,0.35237226,0.0,-1.0
FMNL3,0.3643409,0.0,-1.0
FMO1,0.07338409,0.0,0.0
FMO2,0.16789737,0.0,0.0
FMO3,0.09367387,0.0,0.0
FMO4,0.16877292,0.0,0.0
FMO5,0.15664534,0.0,0.0
FMOD,0.46589348,0.0,-1.0
FMR1,0.6448842,1.0,-1.0
FMR1NB,0.18676813,0.0,0.0
FN1,0.5671749,1.0,-1.0
FN3K,0.15350215,0.0,0.0
FN3KRP,0.14647451,0.0,-1.0
FNBP1,0.40018824,0.0,-1.0
FNBP1L,0.341282,0.0,-1.0
FNBP4,0.27530554,0.0,-1.0
FNDC1,0.23935887,0.0,0.0
FNDC11,0.17684819,0.0,0.0
FNDC3A,0.33260933,0.0,0.0
FNDC3B,0.31220362,0.0,0.0
FNDC4,0.30165485,0.0,0.0
FNDC5,0.22537813,0.0,0.0
FNDC8,0.18079855,0.0,0.0
FNDC9,0.26753148,0.0,0.0
FNIP1,0.33954117,0.0,-1.0
FNIP2,0.18845493,0.0,0.0
FNTA,0.28179646,0.0,0.0
FNTB,0.2940808,0.0,0.0
FOCAD,0.16868034,0.0,0.0
FOLH1,0.40652686,0.0,-1.0
FOLR1,0.23998585,0.0,0.0
FOLR2,0.19044375,0.0,0.0
FOS,0.6593503,1.0,-1.0
FOSB,0.6007325,1.0,-1.0
FOSL1,0.6129379,1.0,-1.0
FOSL2,0.5461575,1.0,-1.0
FOXA1,0.54514295,1.0,1.0
FOXA3,0.35479954,0.0,0.0
FOXB1,0.30064604,0.0,0.0
FOXB2,0.26725635,0.0,-1.0
FOXC1,0.49388474,0.0,-1.0
FOXC2,0.49923724,0.0,-1.0
FOXD2,0.27913854,0.0,0.0
FOXD3,0.5052889,1.0,0.0
FOXD4,0.29424405,0.0,0.0
FOXD4L1,0.28961518,0.0,0.0
FOXD4L3,0.28886175,0.0,0.0
FOXD4L4,0.29272464,0.0,0.0
FOXD4L5,0.28035444,0.0,0.0
FOXE1,0.41901228,0.0,-1.0
FOXE3,0.3073174,0.0,-1.0
FOXF1,0.39796644,0.0,1.0
FOXF2,0.3574516,0.0,0.0
FOXG1,0.5521841,1.0,-1.0
FOXH1,0.41709977,0.0,0.0
FOXI1,0.2974691,0.0,0.0
FOXI2,0.27404097,0.0,0.0
FOXJ1,0.38760796,0.0,-1.0
FOXJ2,0.27853164,0.0,0.0
FOXJ3,0.3305215,0.0,0.0
FOXK1,0.4044212,0.0,-1.0
FOXK2,0.30547318,0.0,-1.0
FOXL1,0.33005142,0.0,-1.0
FOXL2,0.41920286,0.0,1.0
FOXL2NB,0.10581692,0.0,0.0
FOXM1,0.6468557,1.0,-1.0
FOXN1,0.4056729,0.0,0.0
FOXN2,0.3234292,0.0,0.0
FOXN3,0.2975387,0.0,0.0
FOXN4,0.32994273,0.0,0.0
FOXO1,0.60643804,1.0,1.0
FOXO3,0.6175133,1.0,1.0
FOXO4,0.4392643,0.0,1.0
FOXO6,0.28541723,0.0,-1.0
FOXP1,0.52170193,1.0,1.0
FOXP2,0.46946472,0.0,-1.0
FOXP3,0.61372393,1.0,-1.0
FOXP4,0.28387964,0.0,0.0
FOXQ1,0.2916435,0.0,-1.0
FOXR1,0.26863503,0.0,1.0
FOXR2,0.25338694,0.0,-1.0
FOXRED1,0.108925514,0.0,0.0
FOXRED2,0.15731226,0.0,0.0
FOXS1,0.25831136,0.0,0.0
FPGS,0.22912432,0.0,0.0
FPGT,0.1329105,0.0,0.0
FPGT-TNNI3K,0.31952634,0.0,0.0
FPR1,0.295246,0.0,-1.0
FPR2,0.21555477,0.0,0.0
FPR3,0.1549424,0.0,0.0
FRA10AC1,0.17341542,0.0,-1.0
FRAT1,0.3265609,0.0,-1.0
FRAT2,0.32528308,0.0,-1.0
FREM1,0.23866296,0.0,0.0
FREM2,0.25249165,0.0,-1.0
FREM3,0.20697339,0.0,0.0
FRG1,0.26018107,0.0,-1.0
FRG2,0.24416362,0.0,0.0
FRG2C,0.20632683,0.0,0.0
FRMD1,0.20962343,0.0,0.0
FRMD3,0.15026405,0.0,0.0
FRMD4A,0.2989534,0.0,0.0
FRMD4B,0.27364954,0.0,0.0
FRMD5,0.1750333,0.0,0.0
FRMD6,0.348516,0.0,0.0
FRMD7,0.2934062,0.0,-1.0
FRMD8,0.19940601,0.0,-1.0
FRMPD1,0.24027242,0.0,0.0
FRMPD2,0.2875373,0.0,-1.0
FRMPD3,0.20944078,0.0,0.0
FRMPD4,0.2594009,0.0,-1.0
FRRS1,0.18195114,0.0,0.0
FRS3,0.32688496,0.0,0.0
FRY,0.3422884,0.0,0.0
FRYL,0.41770813,0.0,-1.0
FRZB,0.56933445,1.0,-1.0
FSBP,0.22162828,0.0,0.0
FSCB,0.18445195,0.0,-1.0
FSCN1,0.54122245,1.0,-1.0
FSCN2,0.22927672,0.0,-1.0
FSCN3,0.2574772,0.0,0.0
FSD1,0.5405515,1.0,0.0
FSD1L,0.53263736,1.0,0.0
FSD2,0.21434113,0.0,0.0
FSHB,0.37099373,0.0,0.0
FSHR,0.35159463,0.0,-1.0
FSIP1,0.19148052,0.0,-1.0
FST,0.5532572,1.0,-1.0
FSTL1,0.44401738,0.0,0.0
FSTL3,0.3643436,0.0,1.0
FSTL4,0.24615319,0.0,0.0
FSTL5,0.21102795,0.0,-1.0
FTCD,0.10360313,0.0,-1.0
FTH1,0.42747056,0.0,-1.0
FTHL17,0.21511829,0.0,0.0
FTL,0.31995836,0.0,-1.0
FTMT,0.18812537,0.0,0.0
FTO,0.3911404,0.0,-1.0
FTSJ1,0.14356232,0.0,-1.0
FTSJ3,0.1282644,0.0,0.0
FUBP1,0.2827745,0.0,1.0
FUBP3,0.2511913,0.0,-1.0
FUCA1,0.15449128,0.0,-1.0
FUCA2,0.11137849,0.0,0.0
FUNDC1,0.30400702,0.0,0.0
FUNDC2,0.12784238,0.0,0.0
FUOM,0.11173754,0.0,0.0
FURIN,0.51915693,1.0,1.0
FUS,0.5950132,1.0,1.0
FUT1,0.2332004,0.0,0.0
FUT10,0.11465859,0.0,0.0
FUT11,0.055910204,0.0,0.0
FUT2,0.277039,0.0,0.0
FUT3,0.34153694,0.0,0.0
FUT4,0.52825195,1.0,0.0
FUT5,0.1009903,0.0,0.0
FUT6,0.1337765,0.0,0.0
FUT7,0.16250469,0.0,0.0
FUT8,0.07185231,0.0,-1.0
FUT9,0.118405595,0.0,0.0
FUZ,0.3908478,0.0,0.0
FXN,0.380101,0.0,-1.0
FXR1,0.41415724,0.0,-1.0
FXR2,0.351411,0.0,0.0
FXYD1,0.26840565,0.0,0.0
FXYD2,0.069365494,0.0,0.0
FXYD3,0.08465279,0.0,-1.0
FXYD5,0.38822606,0.0,-1.0
FXYD6,0.13905928,0.0,0.0
FXYD7,0.19295077,0.0,0.0
FYB1,0.5046902,1.0,0.0
FYB2,0.12490752,0.0,-1.0
FYCO1,0.21127993,0.0,0.0
FYN,0.7070125,1.0,1.0
FYTTD1,0.24024883,0.0,0.0
FZD1,0.58951575,1.0,-1.0
FZD10,0.41900975,0.0,-1.0
FZD2,0.5259976,1.0,-1.0
FZD3,0.4751969,0.0,-1.0
FZD4,0.52132976,1.0,-1.0
FZD5,0.488787,0.0,-1.0
FZD6,0.4597045,0.0,-1.0
FZD7,0.5306931,1.0,-1.0
FZD8,0.46217805,0.0,-1.0
FZD9,0.4990462,0.0,-1.0
FZR1,0.36158738,0.0,0.0
G0S2,0.18000627,0.0,0.0
G2E3,0.28631884,0.0,-1.0
G3BP1,0.37832034,0.0,-1.0
G3BP2,0.32507423,0.0,-1.0
G6PC1,0.2595814,0.0,-1.0
G6PC2,0.25552145,0.0,0.0
G6PC3,0.19623116,0.0,-1.0
G6PD,0.17994443,0.0,-1.0
GAA,0.31996349,0.0,-1.0
GAB1,0.48522085,0.0,1.0
GAB2,0.49968415,0.0,1.0
GAB3,0.38638118,0.0,-1.0
GAB4,0.23064569,0.0,0.0
GABARAP,0.36374778,0.0,-1.0
GABARAPL1,0.37897396,0.0,-1.0
GABARAPL2,0.39123592,0.0,-1.0
GABBR1,0.18237896,0.0,0.0
GABBR2,0.20344894,0.0,0.0
GABPA,0.39606845,0.0,0.0
GABPB1,0.33028588,0.0,-1.0
GABPB2,0.35539034,0.0,0.0
GABRA1,0.18524756,0.0,-1.0
GABRA2,0.16256106,0.0,-1.0
GABRA4,0.15450715,0.0,0.0
GABRA5,0.15218228,0.0,0.0
GABRA6,0.122460365,0.0,-1.0
GABRB1,0.130992,0.0,0.0
GABRB2,0.15114412,0.0,-1.0
GABRB3,0.2414449,0.0,-1.0
GABRD,0.17486885,0.0,-1.0
GABRE,0.20380402,0.0,0.0
GABRG1,0.122165255,0.0,-1.0
GABRG2,0.21891443,0.0,-1.0
GABRG3,0.12633672,0.0,0.0
GABRP,0.10321539,0.0,0.0
GABRR1,0.11966295,0.0,0.0
GABRR2,0.11742795,0.0,0.0
GAD1,0.40404552,0.0,-1.0
GAD2,0.38383606,0.0,0.0
GADD45A,0.6467773,1.0,-1.0
GADD45B,0.52246547,1.0,-1.0
GADD45G,0.3836999,0.0,-1.0
GADD45GIP1,0.10351285,0.0,-1.0
GADL1,0.16315304,0.0,0.0
GAGE1,0.22418964,0.0,0.0
GAGE12C,0.18501039,0.0,0.0
GAGE12D,0.17327051,0.0,0.0
GAGE12E,0.124254465,0.0,0.0
GAGE12F,0.13059026,0.0,0.0
GAGE12G,0.29243094,0.0,0.0
GAGE2A,0.20494777,0.0,0.0
GAK,0.48037928,0.0,-1.0
GAL,0.29550344,0.0,0.0
GAL3ST1,0.09997416,0.0,-1.0
GAL3ST2,0.011605663,0.0,0.0
GAL3ST3,0.021273825,0.0,0.0
GAL3ST4,0.06484088,0.0,0.0
GALC,0.32018477,0.0,-1.0
GALE,0.23704445,0.0,-1.0
GALK1,0.31661752,0.0,-1.0
GALK2,0.32871154,0.0,0.0
GALM,0.18394566,0.0,0.0
GALNS,0.2045619,0.0,-1.0
GALNT1,0.1342157,0.0,0.0
GALNT10,0.05043752,0.0,0.0
GALNT12,0.16614653,0.0,-1.0
GALNT13,0.12389258,0.0,-1.0
GALNT14,0.11897026,0.0,0.0
GALNT15,0.10447927,0.0,0.0
GALNT16,0.05890759,0.0,0.0
GALNT17,0.12954116,0.0,0.0
GALNT18,0.11194038,0.0,0.0
GALNT2,0.13727172,0.0,0.0
GALNT3,0.1492283,0.0,-1.0
GALNT4,0.07869033,0.0,0.0
GALNT5,0.11467028,0.0,-1.0
GALNT6,0.08580835,0.0,-1.0
GALNT7,0.11373449,0.0,0.0
GALNT8,0.15227737,0.0,0.0
GALNT9,0.11466154,0.0,0.0
GALNTL5,0.1474966,0.0,-1.0
GALNTL6,0.091788955,0.0,-1.0
GALP,0.24763924,0.0,0.0
GALR1,0.17728911,0.0,0.0
GALR2,0.16457546,0.0,0.0
GALR3,0.16699842,0.0,0.0
GALT,0.15673655,0.0,-1.0
GAMT,0.27489495,0.0,0.0
GANAB,0.22394574,0.0,0.0
GANC,0.27161312,0.0,0.0
GAP43,0.5071013,1.0,0.0
GAPDH,0.6334605,1.0,-1.0
GAPDHS,0.21784464,0.0,0.0
GAPT,0.19220018,0.0,0.0
GAPVD1,0.3912671,0.0,0.0
GAR1,0.1436351,0.0,0.0
GAREM1,0.19703376,0.0,0.0
GAREM2,0.07699448,0.0,0.0
GARIN1B,0.17504963,0.0,0.0
GARIN2,0.18733633,0.0,0.0
GARIN3,0.16016,0.0,0.0
GARIN4,0.17235498,0.0,0.0
GARIN5B,0.16923556,0.0,0.0
GARIN6,0.17845029,0.0,0.0
GARNL3,0.2345732,0.0,0.0
GARRE1,0.17893843,0.0,0.0
GARS1,0.22856711,0.0,-1.0
GART,0.276262,0.0,-1.0
GAS1,0.44109648,0.0,-1.0
GAS2,0.2926012,0.0,0.0
GAS2L3,0.19971742,0.0,0.0
GAS6,0.37681642,0.0,-1.0
GAS7,0.42134398,0.0,1.0
GAS8,0.19428563,0.0,0.0
GASK1A,0.15657723,0.0,0.0
GASK1B,0.31337664,0.0,0.0
GAST,0.41346,0.0,-1.0
GATA1,0.6161568,1.0,1.0
GATA2,0.61180264,1.0,1.0
GATA3,0.6665349,1.0,1.0
GATA4,0.6360573,1.0,-1.0
GATA5,0.38508454,0.0,0.0
GATA6,0.5349249,1.0,-1.0
GATAD1,0.26827267,0.0,-1.0
GATAD2A,0.3597092,0.0,0.0
GATAD2B,0.3306148,0.0,0.0
GATB,0.1395465,0.0,0.0
GATC,0.18900463,0.0,0.0
GATD1,0.16380885,0.0,0.0
GATD3,0.29955912,0.0,-1.0
GATM,0.18775694,0.0,-1.0
GBA,0.40909296,0.0,-1.0
GBA2,0.19675767,0.0,0.0
GBE1,0.21088387,0.0,-1.0
GBF1,0.3837724,0.0,0.0
GBGT1,0.09079666,0.0,0.0
GBP1,0.3675854,0.0,-1.0
GBP2,0.3948863,0.0,0.0
GBP3,0.2972965,0.0,0.0
GBP4,0.23465012,0.0,0.0
GBP6,0.2862876,0.0,0.0
GBP7,0.11613852,0.0,0.0
GBX1,0.38389924,0.0,0.0
GBX2,0.5201403,1.0,0.0
GC,0.15748394,0.0,0.0
GCA,0.37673628,0.0,0.0
GCAT,0.17969133,0.0,0.0
GCC1,0.18341279,0.0,0.0
GCC2,0.3274857,0.0,-1.0
GCDH,0.122999236,0.0,-1.0
GCFC2,0.24753574,0.0,-1.0
GCG,0.4369301,0.0,0.0
GCGR,0.26543668,0.0,0.0
GCH1,0.28497747,0.0,-1.0
GCHFR,0.14085738,0.0,0.0
GCK,0.34926268,0.0,-1.0
GCKR,0.17098323,0.0,-1.0
GCLC,0.24952133,0.0,-1.0
GCLM,0.21568191,0.0,0.0
GCM1,0.26382247,0.0,0.0
GCM2,0.2553569,0.0,-1.0
GCN1,0.22396682,0.0,0.0
GCNA,0.3327578,0.0,0.0
GCNT1,0.06489396,0.0,0.0
GCNT2,0.07333148,0.0,0.0
GCNT3,0.04204824,0.0,-1.0
GCNT4,0.07287562,0.0,0.0
GCNT7,0.29834253,0.0,0.0
GCOM1,0.28390104,0.0,0.0
GCSAM,0.3673032,0.0,0.0
GCSH,0.19063656,0.0,-1.0
GDA,0.17953315,0.0,0.0
GDAP1,0.28236747,0.0,-1.0
GDAP1L1,0.16247009,0.0,0.0
GDAP2,0.30249065,0.0,0.0
GDE1,0.4356346,0.0,0.0
GDF1,0.4364963,0.0,-1.0
GDF11,0.51268375,1.0,0.0
GDF15,0.52076924,1.0,-1.0
GDF3,0.43837118,0.0,0.0
GDF5,0.52016526,1.0,-1.0
GDF6,0.47041374,0.0,-1.0
GDF7,0.4759699,0.0,0.0
GDF9,0.37267703,0.0,0.0
GDI1,0.33743632,0.0,-1.0
GDI2,0.3463371,0.0,0.0
GDNF,0.565772,1.0,-1.0
GDPD1,0.13872904,0.0,0.0
GDPD2,0.15038984,0.0,0.0
GDPD3,0.12140174,0.0,0.0
GDPD4,0.15940456,0.0,0.0
GDPD5,0.11722897,0.0,0.0
GDPGP1,0.14141083,0.0,0.0
GEM,0.33854386,0.0,0.0
GEMIN2,0.33914432,0.0,0.0
GEMIN4,0.2963521,0.0,0.0
GEMIN5,0.3356163,0.0,0.0
GEMIN6,0.28355548,0.0,0.0
GEMIN7,0.24397253,0.0,0.0
GEMIN8,0.30188847,0.0,0.0
GEN1,0.44687393,0.0,-1.0
GET1,0.2558518,0.0,0.0
GET3,0.25917155,0.0,0.0
GET4,0.34630814,0.0,0.0
GFAP,0.5474391,1.0,-1.0
GFER,0.404118,0.0,-1.0
GFI1,0.37125003,0.0,-1.0
GFI1B,0.2890786,0.0,-1.0
GFM1,0.25034723,0.0,-1.0
GFM2,0.19889247,0.0,0.0
GFOD1,0.14251201,0.0,0.0
GFOD2,0.12963746,0.0,0.0
GFPT1,0.2921163,0.0,0.0
GFPT2,0.25565624,0.0,0.0
GFRA1,0.42643735,0.0,-1.0
GFRA2,0.2806639,0.0,0.0
GFRA3,0.27885488,0.0,0.0
GFRA4,0.07685515,0.0,0.0
GFRAL,0.25961882,0.0,-1.0
GFUS,0.12060672,0.0,0.0
GGA1,0.3805677,0.0,-1.0
GGA2,0.36039898,0.0,0.0
GGACT,0.20175257,0.0,0.0
GGCT,0.35769647,0.0,-1.0
GGCX,0.24458845,0.0,-1.0
GGH,0.30181015,0.0,-1.0
GGN,0.21376023,0.0,0.0
GGPS1,0.19026433,0.0,0.0
GGT1,0.5773513,1.0,0.0
GGT2,0.5817728,1.0,0.0
GGT5,0.2040893,0.0,0.0
GGT6,0.15225509,0.0,0.0
GGT7,0.107098155,0.0,0.0
GGTLC1,0.17970644,0.0,0.0
GGTLC2,0.10011361,0.0,0.0
GH1,0.49947363,0.0,-1.0
GH2,0.35901156,0.0,0.0
GHDC,0.2202088,0.0,0.0
GHITM,0.18627347,0.0,0.0
GHR,0.52704805,1.0,-1.0
GHRH,0.39144027,0.0,-1.0
GHRHR,0.26376945,0.0,-1.0
GHRL,0.33059168,0.0,-1.0
GHSR,0.23051266,0.0,-1.0
GID4,0.20872538,0.0,-1.0
GID8,0.02659178,0.0,0.0
GIGYF1,0.33870828,0.0,0.0
GIGYF2,0.37014458,0.0,-1.0
GIMAP1,0.3098013,0.0,0.0
GIMAP2,0.310924,0.0,0.0
GIMAP4,0.36034575,0.0,-1.0
GIMAP5,0.23269574,0.0,0.0
GIMAP6,0.20800468,0.0,0.0
GIMAP7,0.28679127,0.0,-1.0
GIMAP8,0.40804407,0.0,0.0
GIN1,0.30892354,0.0,0.0
GINM1,0.1053247,0.0,0.0
GINS1,0.3902478,0.0,-1.0
GINS2,0.40309346,0.0,0.0
GINS3,0.34170228,0.0,0.0
GINS4,0.34797558,0.0,0.0
GIP,0.29271063,0.0,-1.0
GIPC1,0.3879168,0.0,0.0
GIPC2,0.2386764,0.0,0.0
GIPC3,0.24902353,0.0,0.0
GIPR,0.22345918,0.0,0.0
GIT1,0.4480712,0.0,0.0
GIT2,0.42565516,0.0,0.0
GJA1,0.5705231,1.0,-1.0
GJA10,0.17643848,0.0,0.0
GJA3,0.2509525,0.0,-1.0
GJA4,0.27231094,0.0,0.0
GJA9,0.007782878,0.0,0.0
GJB1,0.40728924,0.0,-1.0
GJB2,0.3648113,0.0,-1.0
GJB3,0.304852,0.0,-1.0
GJB4,0.31217736,0.0,-1.0
GJB5,0.23698771,0.0,0.0
GJB6,0.38882023,0.0,-1.0
GJC1,0.36836743,0.0,0.0
GJC2,0.25752062,0.0,-1.0
GJC3,0.2138546,0.0,0.0
GJD2,0.25825372,0.0,0.0
GJD4,0.14658283,0.0,0.0
GJE1,0.16142358,0.0,0.0
GK,0.26352552,0.0,0.0
GK2,0.15534864,0.0,0.0
GK5,0.2064903,0.0,0.0
GKAP1,0.18365122,0.0,0.0
GKN1,0.21265657,0.0,0.0
GKN2,0.34297115,0.0,0.0
GLA,0.30446082,0.0,-1.0
GLB1,0.47763187,0.0,-1.0
GLB1L,0.1843138,0.0,0.0
GLB1L2,0.10110518,0.0,0.0
GLB1L3,0.02856735,0.0,0.0
GLCCI1,0.18732516,0.0,0.0
GLCE,0.2439198,0.0,0.0
GLDC,0.12953098,0.0,-1.0
GLDN,0.24476033,0.0,0.0
GLE1,0.3391293,0.0,-1.0
GLG1,0.37334916,0.0,0.0
GLI1,0.6660525,1.0,1.0
GLI2,0.6390861,1.0,-1.0
GLI3,0.7084326,1.0,-1.0
GLI4,0.2457279,0.0,-1.0
GLIPR1,0.31259662,0.0,0.0
GLIPR1L1,0.24558793,0.0,0.0
GLIPR1L2,0.184518,0.0,-1.0
GLIPR2,0.2222028,0.0,-1.0
GLIS1,0.2618822,0.0,0.0
GLIS2,0.319166,0.0,-1.0
GLIS3,0.27331513,0.0,-1.0
GLMN,0.3180209,0.0,-1.0
GLMP,0.0681789,0.0,0.0
GLO1,0.29173565,0.0,0.0
GLOD4,0.16796193,0.0,0.0
GLOD5,0.18448009,0.0,0.0
GLP1R,0.26825348,0.0,0.0
GLP2R,0.18191715,0.0,0.0
GLRA1,0.28085616,0.0,-1.0
GLRA2,0.19887878,0.0,0.0
GLRA3,0.09271284,0.0,-1.0
GLRA4,0.09260078,0.0,0.0
GLRB,0.11496621,0.0,-1.0
GLRX,0.28199318,0.0,0.0
GLRX2,0.18951176,0.0,0.0
GLRX3,0.19502096,0.0,0.0
GLRX5,0.17095876,0.0,0.0
GLS,0.51542705,1.0,-1.0
GLS2,0.30336124,0.0,-1.0
GLT1D1,0.23888806,0.0,0.0
GLT6D1,0.13790315,0.0,0.0
GLT8D1,0.11066445,0.0,0.0
GLT8D2,0.105295524,0.0,-1.0
GLTP,0.21375124,0.0,0.0
GLTPD2,0.08060386,0.0,0.0
GLUD1,0.17033911,0.0,-1.0
GLUD2,0.16602868,0.0,0.0
GLUL,0.3233602,0.0,0.0
GLYAT,0.26319805,0.0,-1.0
GLYATL1,0.24681355,0.0,0.0
GLYATL2,0.16507697,0.0,0.0
GLYATL3,0.02444201,0.0,0.0
GLYCTK,0.19711068,0.0,0.0
GLYR1,0.26833472,0.0,-1.0
GM2A,0.24620885,0.0,-1.0
GMCL1,0.22103538,0.0,0.0
GMDS,0.20400505,0.0,0.0
GMEB1,0.26943216,0.0,0.0
GMEB2,0.18694386,0.0,0.0
GMFB,0.3138849,0.0,-1.0
GMFG,0.23454675,0.0,0.0
GMIP,0.23783338,0.0,0.0
GML,0.33177197,0.0,-1.0
GMNC,0.16543552,0.0,0.0
GMNN,0.44057086,0.0,0.0
GMPPA,0.13617435,0.0,0.0
GMPPB,0.16176789,0.0,0.0
GMPR,0.15843217,0.0,0.0
GMPR2,0.17166394,0.0,0.0
GMPS,0.24355544,0.0,-1.0
GNA11,0.39003798,0.0,1.0
GNA12,0.29001337,0.0,1.0
GNA13,0.29814526,0.0,1.0
GNA14,0.23952499,0.0,-1.0
GNA15,0.40496448,0.0,-1.0
GNAI1,0.30223703,0.0,-1.0
GNAI2,0.29411623,0.0,-1.0
GNAI3,0.39069963,0.0,-1.0
GNAL,0.024156695,0.0,0.0
GNAO1,0.3530109,0.0,0.0
GNAQ,0.3296841,0.0,1.0
GNAS,0.47718892,0.0,1.0
GNAT1,0.26421025,0.0,-1.0
GNAT2,0.27511874,0.0,-1.0
GNAT3,0.2540537,0.0,0.0
GNB1L,0.31524202,0.0,0.0
GNB2,0.28272888,0.0,-1.0
GNB3,0.25978822,0.0,-1.0
GNB4,0.26506028,0.0,-1.0
GNB5,0.18951851,0.0,-1.0
GNE,0.2198896,0.0,-1.0
GNG10,0.17189932,0.0,-1.0
GNG11,0.18337737,0.0,-1.0
GNG12,0.18109968,0.0,-1.0
GNG13,0.08160726,0.0,-1.0
GNG2,0.20743491,0.0,-1.0
GNG3,0.18364611,0.0,-1.0
GNG4,0.16127904,0.0,-1.0
GNG5,0.184172,0.0,-1.0
GNG7,0.08742705,0.0,-1.0
GNG8,0.18134189,0.0,-1.0
GNGT1,0.0675189,0.0,-1.0
GNGT2,0.17186688,0.0,-1.0
GNL1,0.12675695,0.0,0.0
GNL2,0.12931198,0.0,0.0
GNL3,0.17761984,0.0,0.0
GNL3L,0.17680575,0.0,0.0
GNLY,0.36420563,0.0,0.0
GNMT,0.23270026,0.0,0.0
GNPAT,0.13889648,0.0,-1.0
GNPDA1,0.23605369,0.0,0.0
GNPDA2,0.20070319,0.0,0.0
GNPNAT1,0.18942833,0.0,0.0
GNPTAB,0.33029714,0.0,-1.0
GNPTG,0.15140623,0.0,-1.0
GNRH1,0.5464047,1.0,0.0
GNRH2,0.27925056,0.0,0.0
GNRHR,0.39542374,0.0,-1.0
GNS,0.26327208,0.0,-1.0
GOLGA1,0.29048017,0.0,0.0
GOLGA2,0.40499875,0.0,-1.0
GOLGA3,0.2329144,0.0,0.0
GOLGA4,0.41574758,0.0,0.0
GOLGA5,0.3264518,0.0,1.0
GOLGA6A,0.18381053,0.0,0.0
GOLGA6B,0.1872108,0.0,0.0
GOLGA6L2,0.18266259,0.0,0.0
GOLGA7,0.22482714,0.0,0.0
GOLGA7B,0.28757843,0.0,0.0
GOLGA8A,0.11287997,0.0,0.0
GOLGA8F,0.18208528,0.0,0.0
GOLGA8G,0.15196899,0.0,0.0
GOLGA8H,0.03779218,0.0,0.0
GOLGA8J,0.10199556,0.0,0.0
GOLGA8R,0.08556441,0.0,0.0
GOLGB1,0.44478574,0.0,-1.0
GOLIM4,0.18172224,0.0,0.0
GOLM1,0.18713316,0.0,0.0
GOLM2,0.088787965,0.0,0.0
GOLPH3,0.5368955,1.0,0.0
GOLPH3L,0.14648372,0.0,0.0
GOLT1A,0.17766744,0.0,0.0
GOLT1B,0.17429247,0.0,0.0
GON4L,0.32139894,0.0,0.0
GON7,0.14860442,0.0,0.0
GOPC,0.40876627,0.0,1.0
GORAB,0.24063967,0.0,0.0
GORASP1,0.25423834,0.0,-1.0
GORASP2,0.21167652,0.0,0.0
GOSR1,0.28362104,0.0,0.0
GOSR2,0.29533863,0.0,-1.0
GOT1,0.17417733,0.0,-1.0
GOT1L1,0.16596968,0.0,0.0
GOT2,0.25541767,0.0,-1.0
GP1BA,0.40897968,0.0,0.0
GP1BB,0.3672263,0.0,-1.0
GP2,0.3612481,0.0,0.0
GP6,0.3998221,0.0,0.0
GP9,0.39734176,0.0,-1.0
GPA33,0.14223206,0.0,-1.0
GPAA1,0.18120632,0.0,0.0
GPALPP1,0.18195358,0.0,0.0
GPAM,0.1316301,0.0,-1.0
GPANK1,0.18914516,0.0,0.0
GPAT2,0.10410692,0.0,0.0
GPAT3,0.15488063,0.0,0.0
GPAT4,0.13190387,0.0,-1.0
GPATCH1,0.29872864,0.0,0.0
GPATCH11,0.18473631,0.0,0.0
GPATCH2,0.21480803,0.0,0.0
GPATCH2L,0.16067477,0.0,0.0
GPATCH3,0.1397539,0.0,0.0
GPATCH4,0.19524091,0.0,-1.0
GPATCH8,0.25438783,0.0,-1.0
GPBAR1,0.17936526,0.0,0.0
GPBP1,0.27342594,0.0,0.0
GPBP1L1,0.21257982,0.0,0.0
GPC1,0.45715,0.0,-1.0
GPC2,0.31429884,0.0,0.0
GPC3,0.4739477,0.0,1.0
GPC4,0.3495835,0.0,0.0
GPC5,0.3490362,0.0,1.0
GPC6,0.30512485,0.0,-1.0
GPCPD1,0.33242905,0.0,-1.0
GPD1,0.14875822,0.0,0.0
GPD1L,0.16448972,0.0,-1.0
GPD2,0.2224097,0.0,0.0
GPER1,0.3224492,0.0,-1.0
GPHA2,0.21577471,0.0,0.0
GPHN,0.30246457,0.0,1.0
GPI,0.25270686,0.0,-1.0
GPKOW,0.23420614,0.0,0.0
GPLD1,0.22848722,0.0,0.0
GPM6A,0.19403085,0.0,0.0
GPM6B,0.22086369,0.0,0.0
GPN1,0.1958212,0.0,-1.0
GPN2,0.14793693,0.0,0.0
GPN3,0.15354612,0.0,0.0
GPNMB,0.5529214,1.0,-1.0
GPR101,0.11315632,0.0,0.0
GPR107,0.07608309,0.0,-1.0
GPR108,0.0914629,0.0,0.0
GPR119,0.13431898,0.0,0.0
GPR12,0.12463777,0.0,-1.0
GPR132,0.35490057,0.0,0.0
GPR135,0.10802526,0.0,0.0
GPR137,0.060765922,0.0,0.0
GPR137B,0.10897081,0.0,0.0
GPR137C,0.06662079,0.0,0.0
GPR139,0.060461886,0.0,0.0
GPR141,0.113431,0.0,-1.0
GPR142,0.0672064,0.0,0.0
GPR143,0.32780147,0.0,-1.0
GPR148,0.2400472,0.0,0.0
GPR149,0.2057295,0.0,0.0
GPR15,0.18321171,0.0,0.0
GPR150,0.108588256,0.0,0.0
GPR151,0.09490577,0.0,0.0
GPR152,0.1102779,0.0,0.0
GPR153,0.13014062,0.0,0.0
GPR155,0.24328054,0.0,0.0
GPR156,0.1588703,0.0,0.0
GPR157,0.06457685,0.0,0.0
GPR158,0.13884756,0.0,0.0
GPR160,0.098427355,0.0,0.0
GPR161,0.3529398,0.0,-1.0
GPR162,0.053787537,0.0,0.0
GPR17,0.18957669,0.0,0.0
GPR171,0.2216016,0.0,0.0
GPR173,0.18506975,0.0,0.0
GPR174,0.29347742,0.0,-1.0
GPR176,0.263047,0.0,-1.0
GPR18,0.25747386,0.0,0.0
GPR180,0.38764912,0.0,0.0
GPR182,0.31273624,0.0,0.0
GPR183,0.25024515,0.0,-1.0
GPR19,0.12479058,0.0,0.0
GPR20,0.12595214,0.0,0.0
GPR21,0.092723,0.0,0.0
GPR22,0.14901006,0.0,0.0
GPR25,0.14037631,0.0,0.0
GPR26,0.1083581,0.0,0.0
GPR27,0.12949912,0.0,0.0
GPR3,0.15201978,0.0,0.0
GPR31,0.33714792,0.0,0.0
GPR32,0.17029914,0.0,-1.0
GPR34,0.17430656,0.0,0.0
GPR35,0.07075729,0.0,-1.0
GPR37,0.2556751,0.0,0.0
GPR37L1,0.14778507,0.0,0.0
GPR39,0.18660909,0.0,0.0
GPR4,0.17069289,0.0,0.0
GPR42,0.06941973,0.0,0.0
GPR45,0.17435893,0.0,0.0
GPR50,0.21311986,0.0,-1.0
GPR52,0.29195577,0.0,0.0
GPR55,0.15244369,0.0,0.0
GPR6,0.16446227,0.0,0.0
GPR61,0.1014243,0.0,0.0
GPR62,0.12750581,0.0,0.0
GPR63,0.07945423,0.0,0.0
GPR65,0.25276452,0.0,0.0
GPR68,0.1757836,0.0,-1.0
GPR75,0.07481504,0.0,0.0
GPR78,0.14685176,0.0,0.0
GPR82,0.090282604,0.0,0.0
GPR83,0.27552778,0.0,0.0
GPR84,0.14241189,0.0,0.0
GPR85,0.15068811,0.0,0.0
GPR87,0.15351945,0.0,0.0
GPR88,0.13597967,0.0,0.0
GPR89A,0.24814737,0.0,0.0
GPR89B,0.25665963,0.0,0.0
GPRASP1,0.20907873,0.0,0.0
GPRASP2,0.30883533,0.0,0.0
GPRC5A,0.15181515,0.0,-1.0
GPRC5B,0.17925462,0.0,0.0
GPRC5C,0.064236104,0.0,0.0
GPRC5D,0.0664134,0.0,0.0
GPRC6A,0.13803788,0.0,0.0
GPRIN1,0.2516513,0.0,-1.0
GPRIN2,0.22326802,0.0,-1.0
GPRIN3,0.31610018,0.0,0.0
GPS2,0.24640155,0.0,1.0
GPSM1,0.20469965,0.0,0.0
GPSM2,0.3732705,0.0,0.0
GPSM3,0.2790653,0.0,0.0
GPT,0.12868823,0.0,0.0
GPT2,0.13321303,0.0,0.0
GPX1,0.3076545,0.0,-1.0
GPX2,0.21909827,0.0,0.0
GPX3,0.24054205,0.0,-1.0
GPX4,0.21820742,0.0,0.0
GPX5,0.084042616,0.0,-1.0
GPX6,0.18644543,0.0,0.0
GPX7,0.20704895,0.0,0.0
GPX8,0.20765606,0.0,0.0
GRAMD1A,0.17495662,0.0,0.0
GRAMD1B,0.07159577,0.0,-1.0
GRAMD1C,0.06965661,0.0,0.0
GRAMD2A,0.17676955,0.0,0.0
GRAMD2B,0.09397867,0.0,0.0
GRAMD4,0.29452273,0.0,0.0
GRAP,0.45902082,0.0,0.0
GRAP2,0.52798986,1.0,0.0
GRAPL,0.34813258,0.0,0.0
GRB10,0.4061093,0.0,-1.0
GRB14,0.320509,0.0,0.0
GRB2,0.65293014,1.0,-1.0
GRB7,0.4315828,0.0,0.0
GREB1,0.29939172,0.0,-1.0
GREB1L,0.18491173,0.0,0.0
GREM1,0.56504214,1.0,1.0
GREM2,0.3604505,0.0,0.0
GRHL1,0.28360423,0.0,0.0
GRHL2,0.32978696,0.0,-1.0
GRHL3,0.33452186,0.0,0.0
GRHPR,0.17334752,0.0,-1.0
GRIA1,0.43504575,0.0,0.0
GRIA2,0.35899714,0.0,-1.0
GRIA4,0.3547908,0.0,0.0
GRID1,0.21438316,0.0,-1.0
GRID2,0.2538799,0.0,0.0
GRID2IP,0.349933,0.0,0.0
GRIK1,0.34203976,0.0,0.0
GRIK2,0.36259964,0.0,-1.0
GRIK3,0.15881816,0.0,-1.0
GRIK4,0.23082215,0.0,0.0
GRIK5,0.23761013,0.0,-1.0
GRIN1,0.3782477,0.0,-1.0
GRIN2A,0.47331595,0.0,1.0
GRIN2C,0.35305798,0.0,0.0
GRIN2D,0.33511433,0.0,-1.0
GRIN3A,0.31271473,0.0,0.0
GRIN3B,0.26265252,0.0,0.0
GRINA,0.20502807,0.0,0.0
GRIP1,0.47977793,0.0,0.0
GRK1,0.20588382,0.0,0.0
GRK2,0.26998925,0.0,0.0
GRK3,0.050812364,0.0,0.0
GRK4,0.18069343,0.0,0.0
GRK5,0.24121797,0.0,0.0
GRK6,0.1941324,0.0,0.0
GRK7,0.17933214,0.0,0.0
GRM1,0.32274577,0.0,-1.0
GRM2,0.23367073,0.0,0.0
GRM3,0.22861889,0.0,1.0
GRM4,0.21168366,0.0,0.0
GRM5,0.3384701,0.0,-1.0
GRM6,0.21890132,0.0,0.0
GRM7,0.24007396,0.0,0.0
GRM8,0.31566978,0.0,-1.0
GRN,0.41290012,0.0,-1.0
GRP,0.38772452,0.0,-1.0
GRPEL1,0.17286521,0.0,0.0
GRPEL2,0.14401461,0.0,0.0
GRPR,0.2910684,0.0,-1.0
GRSF1,0.13666356,0.0,-1.0
GRTP1,0.32832348,0.0,0.0
GRWD1,0.13482969,0.0,0.0
GRXCR1,0.17590077,0.0,0.0
GSAP,0.31965244,0.0,0.0
GSC,0.5412011,1.0,0.0
GSC2,0.31188866,0.0,0.0
GSDMA,0.046043728,0.0,-1.0
GSDMB,0.034766037,0.0,-1.0
GSDMC,0.10184289,0.0,-1.0
GSDMD,0.020940617,0.0,0.0
GSDME,0.2093983,0.0,-1.0
GSE1,0.20752785,0.0,-1.0
GSG1,0.13111223,0.0,0.0
GSG1L,0.1182761,0.0,0.0
GSK3A,0.48407972,0.0,-1.0
GSK3B,0.6764881,1.0,1.0
GSKIP,0.14246155,0.0,-1.0
GSN,0.58162063,1.0,-1.0
GSPT1,0.21485117,0.0,-1.0
GSPT2,0.20108642,0.0,0.0
GSR,0.249545,0.0,0.0
GSS,0.24883266,0.0,0.0
GSTA1,0.22739387,0.0,-1.0
GSTA2,0.22176905,0.0,-1.0
GSTA3,0.24518849,0.0,-1.0
GSTA4,0.18617071,0.0,-1.0
GSTA5,0.16324972,0.0,-1.0
GSTCD,0.1926979,0.0,0.0
GSTK1,0.15532295,0.0,0.0
GSTM1,0.35714608,0.0,-1.0
GSTM2,0.17250387,0.0,-1.0
GSTM3,0.18998958,0.0,-1.0
GSTM4,0.1531547,0.0,-1.0
GSTM5,0.15556711,0.0,-1.0
GSTO1,0.21986055,0.0,-1.0
GSTO2,0.21453665,0.0,-1.0
GSTP1,0.379255,0.0,-1.0
GSTT2B,0.20841804,0.0,-1.0
GSTZ1,0.33212692,0.0,0.0
GSX1,0.413111,0.0,0.0
GSX2,0.44663367,0.0,0.0
GTDC1,0.22773698,0.0,0.0
GTF2A1,0.33272257,0.0,-1.0
GTF2A1L,0.18313178,0.0,0.0
GTF2A2,0.1891635,0.0,0.0
GTF2B,0.50783193,1.0,-1.0
GTF2E1,0.3662828,0.0,0.0
GTF2E2,0.3071513,0.0,0.0
GTF2F1,0.4032763,0.0,0.0
GTF2F2,0.35310093,0.0,0.0
GTF2H1,0.38689575,0.0,-1.0
GTF2H2,0.39825636,0.0,0.0
GTF2H2C,0.2240252,0.0,0.0
GTF2H3,0.31757498,0.0,0.0
GTF2H4,0.3059373,0.0,0.0
GTF2IRD1,0.36245903,0.0,0.0
GTF3A,0.33465806,0.0,0.0
GTF3C1,0.37465468,0.0,0.0
GTF3C2,0.22649501,0.0,0.0
GTF3C3,0.2985175,0.0,0.0
GTF3C4,0.21345012,0.0,0.0
GTF3C5,0.21567829,0.0,0.0
GTF3C6,0.096439816,0.0,0.0
GTPBP1,0.41321757,0.0,0.0
GTPBP10,0.12517576,0.0,0.0
GTPBP2,0.3479359,0.0,0.0
GTPBP3,0.14131187,0.0,0.0
GTPBP4,0.40491572,0.0,0.0
GTPBP6,0.18361565,0.0,0.0
GTPBP8,0.09568928,0.0,0.0
GTSE1,0.38092905,0.0,-1.0
GTSF1,0.18544109,0.0,0.0
GTSF1L,0.18307883,0.0,0.0
GUCA1A,0.33071014,0.0,-1.0
GUCA1B,0.34555933,0.0,-1.0
GUCA1C,0.33077776,0.0,0.0
GUCA2A,0.10496106,0.0,0.0
GUCA2B,0.053203218,0.0,0.0
GUCD1,0.111543916,0.0,0.0
GUCY1A1,0.3023929,0.0,0.0
GUCY1A2,0.27964777,0.0,-1.0
GUCY1B1,0.2683371,0.0,0.0
GUCY2C,0.2678467,0.0,-1.0
GUCY2D,0.29442382,0.0,-1.0
GUCY2F,0.34575123,0.0,0.0
GUF1,0.167533,0.0,0.0
GUK1,0.37597054,0.0,0.0
GULP1,0.3780755,0.0,0.0
GUSB,0.29563767,0.0,-1.0
GXYLT1,0.12082592,0.0,-1.0
GXYLT2,0.06927112,0.0,0.0
GYG1,0.23830995,0.0,0.0
GYG2,0.16421783,0.0,0.0
GYPA,0.49216568,0.0,0.0
GYPB,0.2446739,0.0,0.0
GYPC,0.3857577,0.0,-1.0
GYPE,0.29474857,0.0,0.0
GYS1,0.25817862,0.0,-1.0
GYS2,0.1283707,0.0,-1.0
GZF1,0.22970764,0.0,0.0
GZMA,0.33564568,0.0,-1.0
GZMB,0.416399,0.0,-1.0
GZMH,0.17638122,0.0,0.0
GZMK,0.16427861,0.0,0.0
GZMM,0.26172805,0.0,0.0
H1-0,0.6088489,1.0,0.0
H1-1,0.3775843,0.0,0.0
H1-10,0.32602668,0.0,0.0
H1-2,0.37506145,0.0,-1.0
H1-3,0.33931133,0.0,1.0
H1-4,0.35700163,0.0,1.0
H1-5,0.43436733,0.0,1.0
H1-6,0.3484536,0.0,0.0
H1-7,0.18791926,0.0,0.0
H1-8,0.22351117,0.0,-1.0
H2AB2,0.34806192,0.0,0.0
H2AC1,0.37161654,0.0,0.0
H2AC11,0.36052823,0.0,-1.0
H2AC12,0.3979656,0.0,0.0
H2AC13,0.36558554,0.0,0.0
H2AC14,0.5194922,1.0,0.0
H2AC17,0.36079583,0.0,1.0
H2AC18,0.36563972,0.0,0.0
H2AC20,0.67170036,1.0,-1.0
H2AC21,0.4139033,0.0,0.0
H2AC6,0.51164293,1.0,-1.0
H2AC7,0.5168301,1.0,-1.0
H2AC8,0.36191916,0.0,0.0
H2AJ,0.49977532,0.0,0.0
H2AP,0.18504466,0.0,0.0
H2AW,0.39346594,0.0,0.0
H2AX,0.70388925,1.0,-1.0
H2AZ1,0.56059194,1.0,-1.0
H2AZ2,0.53783417,1.0,-1.0
H2BC1,0.3768581,0.0,0.0
H2BC10,0.42723638,0.0,0.0
H2BC11,0.57271916,1.0,-1.0
H2BC12,0.57268286,1.0,-1.0
H2BC13,0.55609953,1.0,0.0
H2BC15,0.5858032,1.0,0.0
H2BC18,0.43778592,0.0,0.0
H2BC21,0.73660713,1.0,0.0
H2BC4,0.42471954,0.0,-1.0
H2BC5,0.5833873,1.0,-1.0
H2BC7,0.41421312,0.0,-1.0
H2BW1,0.42037308,0.0,0.0
H2BW2,0.4142233,0.0,0.0
H3-3A,0.39769912,0.0,1.0
H3-3B,0.39309946,0.0,1.0
H3-4,0.42880198,0.0,-1.0
H3-5,0.3537189,0.0,-1.0
H3C10,0.36246252,0.0,-1.0
H3C12,0.39835665,0.0,-1.0
H3C13,0.37545556,0.0,-1.0
H3C14,0.35997593,0.0,-1.0
H3C15,0.4801655,0.0,-1.0
H3C4,0.36609122,0.0,-1.0
H4-16,0.6117436,1.0,-1.0
H4C11,0.6049112,1.0,-1.0
H4C2,0.6066939,1.0,-1.0
H4C3,0.60447276,1.0,0.0
H4C6,0.31369,0.0,0.0
H6PD,0.17771617,0.0,0.0
HAAO,0.3471306,0.0,0.0
HABP2,0.080858,0.0,0.0
HABP4,0.2147944,0.0,0.0
HACD1,0.18624909,0.0,0.0
HACD2,0.18938513,0.0,0.0
HACD3,0.21433657,0.0,0.0
HACD4,0.22362001,0.0,0.0
HACE1,0.44207093,0.0,-1.0
HACL1,0.115470916,0.0,0.0
HADH,0.31518582,0.0,0.0
HADHA,0.15937175,0.0,-1.0
HADHB,0.12087387,0.0,0.0
HAGH,0.1842554,0.0,0.0
HAGHL,0.14247353,0.0,0.0
HAL,0.30580544,0.0,0.0
HAMP,0.3596475,0.0,-1.0
HAND1,0.4217958,0.0,0.0
HAND2,0.5941973,1.0,0.0
HAO1,0.09427558,0.0,0.0
HAO2,0.11886286,0.0,0.0
HAP1,0.32998303,0.0,0.0
HAPLN1,0.36519226,0.0,-1.0
HAPLN2,0.22561401,0.0,0.0
HAPLN3,0.2020137,0.0,0.0
HAPLN4,0.17980862,0.0,0.0
HARBI1,0.18727034,0.0,0.0
HARS1,0.268004,0.0,0.0
HARS2,0.28022698,0.0,0.0
HAS1,0.44677696,0.0,0.0
HAS2,0.44006467,0.0,-1.0
HAS3,0.30484205,0.0,0.0
HASPIN,0.37878126,0.0,0.0
HAT1,0.34844545,0.0,0.0
HAUS1,0.3378914,0.0,0.0
HAUS2,0.12332176,0.0,0.0
HAUS3,0.37151048,0.0,0.0
HAUS4,0.2517867,0.0,0.0
HAUS5,0.24788697,0.0,0.0
HAUS6,0.3734507,0.0,0.0
HAUS8,0.26930568,0.0,0.0
HAVCR1,0.3851436,0.0,-1.0
HAVCR2,0.34063238,0.0,0.0
HAX1,0.30834928,0.0,-1.0
HBA1,0.59177697,1.0,-1.0
HBA2,0.3175662,0.0,-1.0
HBB,0.42381307,0.0,-1.0
HBD,0.13007456,0.0,0.0
HBE1,0.3128898,0.0,0.0
HBEGF,0.5429603,1.0,-1.0
HBG1,0.23403434,0.0,0.0
HBG2,0.23005055,0.0,-1.0
HBM,0.19567034,0.0,0.0
HBP1,0.25913864,0.0,-1.0
HBQ1,0.18305579,0.0,0.0
HBS1L,0.31015638,0.0,0.0
HBZ,0.26536617,0.0,0.0
HCAR2,0.15350105,0.0,0.0
HCAR3,0.15547298,0.0,0.0
HCCS,0.48065612,0.0,0.0
HCFC1,0.4532969,0.0,0.0
HCFC1R1,0.09813907,0.0,0.0
HCFC2,0.336307,0.0,-1.0
HCK,0.50808024,1.0,-1.0
HCLS1,0.29832911,0.0,-1.0
HCN1,0.2622415,0.0,-1.0
HCN2,0.27924874,0.0,0.0
HCN3,0.28128517,0.0,0.0
HCN4,0.3975272,0.0,-1.0
HCRT,0.31355643,0.0,-1.0
HCRTR1,0.24310732,0.0,0.0
HCRTR2,0.19028658,0.0,0.0
HCST,0.21917622,0.0,0.0
HDAC1,0.70068765,1.0,1.0
HDAC10,0.36296815,0.0,-1.0
HDAC11,0.33659613,0.0,-1.0
HDAC2,0.6346751,1.0,-1.0
HDAC3,0.5863025,1.0,-1.0
HDAC4,0.51336765,1.0,1.0
HDAC5,0.44319493,0.0,-1.0
HDAC6,0.46098506,0.0,-1.0
HDAC7,0.4285337,0.0,1.0
HDAC8,0.39737034,0.0,-1.0
HDAC9,0.7013165,1.0,-1.0
HDC,0.23674834,0.0,0.0
HDDC2,0.10949646,0.0,0.0
HDDC3,0.16175754,0.0,0.0
HDGF,0.2921213,0.0,0.0
HDGFL3,0.14618875,0.0,0.0
HDHD2,0.14645144,0.0,0.0
HDHD3,0.16204691,0.0,0.0
HDHD5,0.13412298,0.0,-1.0
HDLBP,0.30848074,0.0,-1.0
HDX,0.30800825,0.0,0.0
HEATR1,0.14204983,0.0,-1.0
HEATR3,0.18565637,0.0,0.0
HEATR4,0.16104336,0.0,0.0
HEATR5A,0.35219648,0.0,0.0
HEATR5B,0.3473316,0.0,0.0
HEATR6,0.40249643,0.0,0.0
HEBP1,0.16656373,0.0,0.0
HECA,0.4552986,0.0,0.0
HECTD1,0.40652487,0.0,-1.0
HECTD2,0.36979067,0.0,0.0
HECTD3,0.35728443,0.0,0.0
HECTD4,0.24107717,0.0,0.0
HECW1,0.40331253,0.0,-1.0
HECW2,0.39597517,0.0,-1.0
HEG1,0.39882395,0.0,0.0
HELB,0.41714823,0.0,0.0
HELLS,0.5226182,1.0,-1.0
HELQ,0.3259044,0.0,0.0
HELT,0.37792724,0.0,0.0
HELZ,0.40936348,0.0,0.0
HELZ2,0.34682903,0.0,-1.0
HEMGN,0.39196587,0.0,0.0
HEMK1,0.14272584,0.0,0.0
HENMT1,0.1989591,0.0,0.0
HEPACAM,0.16606289,0.0,0.0
HEPACAM2,0.1708854,0.0,-1.0
HEPH,0.27574834,0.0,0.0
HEPHL1,0.1766167,0.0,0.0
HEPN1,0.14950281,0.0,0.0
HERC1,0.49999043,0.0,-1.0
HERC2,0.45829257,0.0,-1.0
HERC3,0.44861585,0.0,0.0
HERC4,0.51220965,1.0,0.0
HERC5,0.4191894,0.0,0.0
HERC6,0.40568233,0.0,0.0
HERPUD1,0.31166533,0.0,1.0
HERPUD2,0.2116901,0.0,0.0
HES1,0.41765243,0.0,-1.0
HES2,0.24422713,0.0,0.0
HES3,0.3530992,0.0,0.0
HES4,0.23277761,0.0,0.0
HES5,0.51739085,1.0,-1.0
HES6,0.3279461,0.0,0.0
HES7,0.2039795,0.0,0.0
HESX1,0.47050157,0.0,-1.0
HEXA,0.4151271,0.0,-1.0
HEXB,0.30206904,0.0,-1.0
HEXD,0.13725848,0.0,0.0
HEXIM1,0.33141124,0.0,-1.0
HEXIM2,0.2731372,0.0,0.0
HEY1,0.57098925,1.0,1.0
HEY2,0.5256111,1.0,-1.0
HEYL,0.40929356,0.0,-1.0
HFE,0.42021605,0.0,-1.0
HFM1,0.33364415,0.0,0.0
HGD,0.22534661,0.0,-1.0
HGF,0.5429665,1.0,1.0
HGFAC,0.09816262,0.0,0.0
HGH1,0.117156945,0.0,0.0
HGS,0.48549053,0.0,0.0
HGSNAT,0.14774784,0.0,-1.0
HHAT,0.3750908,0.0,-1.0
HHATL,0.14015178,0.0,0.0
HHEX,0.5033949,1.0,-1.0
HHIP,0.43389016,0.0,-1.0
HHIPL1,0.14645243,0.0,0.0
HHIPL2,0.20460413,0.0,0.0
HHLA1,0.15579882,0.0,0.0
HHLA2,0.0223051,0.0,-1.0
HHLA3,0.041174814,0.0,0.0
HIBADH,0.14894307,0.0,0.0
HIBCH,0.11838617,0.0,0.0
HIC1,0.34173402,0.0,-1.0
HIC2,0.24559058,0.0,0.0
HID1,0.18405394,0.0,0.0
HIF1A,0.65455025,1.0,1.0
HIF1AN,0.35979217,0.0,-1.0
HIF3A,0.38429666,0.0,0.0
HIGD1A,0.116670914,0.0,0.0
HIGD1B,0.13489284,0.0,0.0
HIGD1C,0.13169494,0.0,0.0
HIGD2A,0.07039517,0.0,0.0
HIGD2B,0.17852566,0.0,0.0
HIKESHI,0.15722722,0.0,-1.0
HILPDA,0.20956573,0.0,0.0
HINFP,0.35841838,0.0,-1.0
HINT1,0.31317088,0.0,0.0
HINT2,0.13224897,0.0,0.0
HINT3,0.11471311,0.0,0.0
HIP1,0.3440206,0.0,1.0
HIP1R,0.36321148,0.0,0.0
HIPK1,0.3365903,0.0,0.0
HIPK2,0.39361897,0.0,-1.0
HIPK3,0.35559127,0.0,0.0
HIPK4,0.27395838,0.0,0.0
HIRA,0.45373046,0.0,-1.0
HIRIP3,0.23434368,0.0,0.0
HIVEP1,0.33177868,0.0,-1.0
HIVEP2,0.2949976,0.0,0.0
HJURP,0.35800293,0.0,0.0
HJV,0.31312534,0.0,-1.0
HK2,0.3309425,0.0,-1.0
HK3,0.23655704,0.0,-1.0
HKDC1,0.20849754,0.0,-1.0
HLA-A,0.48274463,0.0,1.0
HLA-B,0.4117155,0.0,1.0
HLA-C,0.39720836,0.0,1.0
HLA-DMA,0.39470905,0.0,0.0
HLA-DMB,0.35083953,0.0,0.0
HLA-DOA,0.28516898,0.0,0.0
HLA-DOB,0.31791738,0.0,0.0
HLA-DPA1,0.32523295,0.0,0.0
HLA-DPB1,0.39223635,0.0,0.0
HLA-DQA1,0.34167248,0.0,-1.0
HLA-DQA2,0.35629573,0.0,-1.0
HLA-DQB1,0.4558027,0.0,-1.0
HLA-DQB2,0.3965813,0.0,0.0
HLA-DRA,0.40983337,0.0,-1.0
HLA-DRB1,0.42069876,0.0,-1.0
HLA-DRB5,0.38464794,0.0,-1.0
HLA-E,0.4004218,0.0,0.0
HLA-F,0.25952837,0.0,-1.0
HLA-G,0.41903877,0.0,-1.0
HLCS,0.18203995,0.0,-1.0
HLF,0.31923604,0.0,1.0
HLTF,0.4183373,0.0,-1.0
HLX,0.30732682,0.0,0.0
HM13,0.2596558,0.0,-1.0
HMBOX1,0.24471964,0.0,0.0
HMBS,0.33499995,0.0,-1.0
HMCES,0.1848121,0.0,0.0
HMCN1,0.26012096,0.0,-1.0
HMCN2,0.25173447,0.0,0.0
HMG20A,0.28963473,0.0,0.0
HMG20B,0.27558854,0.0,0.0
HMGA1,0.38775116,0.0,1.0
HMGA2,0.5634284,1.0,1.0
HMGB1,0.5627114,1.0,-1.0
HMGB2,0.44966748,0.0,-1.0
HMGB3,0.28125936,0.0,0.0
HMGB4,0.24052206,0.0,0.0
HMGCL,0.13405928,0.0,0.0
HMGCLL1,0.1269101,0.0,0.0
HMGCR,0.3565318,0.0,-1.0
HMGCS1,0.18743433,0.0,0.0
HMGCS2,0.1397886,0.0,0.0
HMGN1,0.36715347,0.0,0.0
HMGN2,0.2942845,0.0,0.0
HMGN3,0.23472066,0.0,0.0
HMGN5,0.30640352,0.0,-1.0
HMGXB3,0.18888183,0.0,0.0
HMGXB4,0.27273613,0.0,0.0
HMHB1,0.0757518,0.0,0.0
HMMR,0.5060394,1.0,0.0
HMOX1,0.5715498,1.0,-1.0
HMOX2,0.4891311,0.0,0.0
HMSD,0.2099437,0.0,0.0
HMX1,0.39128774,0.0,0.0
HMX2,0.32984522,0.0,0.0
HMX3,0.3989006,0.0,0.0
HNF1A,0.46729538,0.0,1.0
HNF4A,0.5878151,1.0,-1.0
HNF4G,0.11614276,0.0,0.0
HNMT,0.37604052,0.0,0.0
HNRNPA0,0.24245332,0.0,0.0
HNRNPA1,0.47039503,0.0,0.0
HNRNPA2B1,0.43278143,0.0,1.0
HNRNPA3,0.3173733,0.0,-1.0
HNRNPAB,0.29104573,0.0,0.0
HNRNPCL1,0.26427066,0.0,-1.0
HNRNPD,0.43494773,0.0,-1.0
HNRNPDL,0.2551645,0.0,-1.0
HNRNPF,0.366117,0.0,0.0
HNRNPH1,0.39938265,0.0,0.0
HNRNPH2,0.38394633,0.0,0.0
HNRNPH3,0.32427225,0.0,-1.0
HNRNPK,0.52339596,1.0,-1.0
HNRNPL,0.49771672,0.0,-1.0
HNRNPLL,0.26833415,0.0,0.0
HNRNPM,0.42840794,0.0,0.0
HNRNPR,0.2905319,0.0,0.0
HNRNPU,0.5426752,1.0,-1.0
HNRNPUL1,0.39716372,0.0,0.0
HNRNPUL2,0.19114783,0.0,0.0
HOATZ,0.12509966,0.0,0.0
HOGA1,0.12168193,0.0,-1.0
HOMER1,0.42132345,0.0,0.0
HOMER2,0.3642911,0.0,0.0
HOMER3,0.33263686,0.0,0.0
HOMEZ,0.2355523,0.0,0.0
HOOK1,0.28513712,0.0,0.0
HOOK2,0.29124498,0.0,0.0
HOOK3,0.32864588,0.0,1.0
HOPX,0.5322527,1.0,0.0
HORMAD1,0.20026983,0.0,-1.0
HORMAD2,0.20940606,0.0,0.0
HOXA1,0.42552194,0.0,-1.0
HOXA10,0.5779425,1.0,-1.0
HOXA11,0.5577688,1.0,1.0
HOXA13,0.5567512,1.0,1.0
HOXA2,0.5694852,1.0,0.0
HOXA3,0.5374799,1.0,-1.0
HOXA4,0.52678394,1.0,0.0
HOXA5,0.5999097,1.0,0.0
HOXA6,0.4525065,0.0,0.0
HOXA7,0.5700505,1.0,-1.0
HOXA9,0.6194804,1.0,1.0
HOXB1,0.56246245,1.0,0.0
HOXB13,0.48369622,0.0,1.0
HOXB2,0.54878104,1.0,0.0
HOXB3,0.55919915,1.0,0.0
HOXB4,0.6019339,1.0,0.0
HOXB5,0.54117745,1.0,0.0
HOXB6,0.55002046,1.0,0.0
HOXB7,0.5596199,1.0,0.0
HOXB8,0.52521425,1.0,-1.0
HOXB9,0.54095894,1.0,0.0
HOXC10,0.4920585,0.0,0.0
HOXC11,0.49547777,0.0,1.0
HOXC12,0.23261002,0.0,0.0
HOXC13,0.36787084,0.0,1.0
HOXC4,0.47917014,0.0,0.0
HOXC5,0.467991,0.0,0.0
HOXC6,0.51255,1.0,-1.0
HOXC8,0.55151385,1.0,-1.0
HOXC9,0.480772,0.0,0.0
HOXD1,0.45049858,0.0,0.0
HOXD10,0.5379121,1.0,-1.0
HOXD11,0.5319144,1.0,1.0
HOXD12,0.5285138,1.0,0.0
HOXD13,0.5726254,1.0,1.0
HOXD3,0.53297627,1.0,0.0
HOXD4,0.5241553,1.0,0.0
HOXD8,0.48719144,0.0,0.0
HOXD9,0.51292664,1.0,0.0
HP,0.25586277,0.0,0.0
HP1BP3,0.35762048,0.0,0.0
HPCA,0.39860326,0.0,0.0
HPCAL1,0.347647,0.0,0.0
HPCAL4,0.363951,0.0,0.0
HPD,0.07605244,0.0,-1.0
HPDL,0.14850394,0.0,0.0
HPF1,0.21239185,0.0,0.0
HPGD,0.15647814,0.0,-1.0
HPGDS,0.6435678,1.0,0.0
HPN,0.21417318,0.0,0.0
HPR,0.17239022,0.0,-1.0
HPRT1,0.6250037,1.0,-1.0
HPS1,0.35598627,0.0,-1.0
HPS3,0.30378145,0.0,-1.0
HPS4,0.29298738,0.0,-1.0
HPS5,0.27578905,0.0,-1.0
HPS6,0.24054666,0.0,-1.0
HPSE,0.48343912,0.0,-1.0
HPSE2,0.28648892,0.0,-1.0
HPX,0.2069114,0.0,0.0
HR,0.4194111,0.0,-1.0
HRAS,0.7065771,1.0,1.0
HRC,0.35922563,0.0,0.0
HRCT1,0.100866556,0.0,0.0
HRG,0.108660236,0.0,-1.0
HRH1,0.2891268,0.0,0.0
HRH2,0.25409225,0.0,0.0
HRH3,0.205089,0.0,0.0
HRH4,0.18441688,0.0,-1.0
HRK,0.36267588,0.0,-1.0
HRNR,0.16969286,0.0,-1.0
HROB,0.3524492,0.0,0.0
HS1BP3,0.13994928,0.0,-1.0
HS2ST1,0.14002995,0.0,-1.0
HS3ST1,0.116769694,0.0,0.0
HS3ST2,0.13037561,0.0,0.0
HS3ST3A1,0.110541806,0.0,0.0
HS3ST3B1,0.09888461,0.0,0.0
HS3ST4,0.12001008,0.0,0.0
HS3ST5,0.12213482,0.0,0.0
HS6ST1,0.18542887,0.0,0.0
HS6ST2,0.14427796,0.0,0.0
HS6ST3,0.08050026,0.0,0.0
HSBP1,0.15217043,0.0,-1.0
HSCB,0.21068451,0.0,0.0
HSD11B1,0.16774581,0.0,0.0
HSD11B1L,0.13430253,0.0,0.0
HSD11B2,0.40463203,0.0,-1.0
HSD17B1,0.1598371,0.0,0.0
HSD17B10,0.2258742,0.0,-1.0
HSD17B11,0.12907723,0.0,0.0
HSD17B12,0.2712804,0.0,0.0
HSD17B13,0.077438824,0.0,0.0
HSD17B14,0.13583633,0.0,0.0
HSD17B2,0.1730975,0.0,0.0
HSD17B3,0.19903176,0.0,-1.0
HSD17B4,0.14544433,0.0,-1.0
HSD17B6,0.35480976,0.0,0.0
HSD17B7,0.16147044,0.0,0.0
HSD17B8,0.14951563,0.0,0.0
HSD3B1,0.21171042,0.0,-1.0
HSD3B2,0.1940619,0.0,-1.0
HSD3B7,0.1222641,0.0,0.0
HSDL1,0.14302996,0.0,0.0
HSDL2,0.13249017,0.0,0.0
HSF1,0.32138008,0.0,-1.0
HSF2,0.26658142,0.0,0.0
HSF2BP,0.19742917,0.0,0.0
HSF5,0.20688957,0.0,0.0
HSFX1,0.23667388,0.0,0.0
HSFY1,0.25477198,0.0,0.0
HSFY2,0.25386268,0.0,0.0
HSP90AA1,0.64360946,1.0,1.0
HSP90AB1,0.40561482,0.0,1.0
HSP90B1,0.45542768,0.0,-1.0
HSPA12A,0.2562885,0.0,0.0
HSPA12B,0.25326818,0.0,0.0
HSPA13,0.2758365,0.0,0.0
HSPA14,0.27045053,0.0,0.0
HSPA1A,0.4215252,0.0,0.0
HSPA1B,0.2785056,0.0,0.0
HSPA1L,0.29932815,0.0,-1.0
HSPA2,0.31440312,0.0,0.0
HSPA4,0.58882844,1.0,-1.0
HSPA4L,0.28296322,0.0,0.0
HSPA5,0.4666804,0.0,-1.0
HSPA6,0.30497655,0.0,0.0
HSPA8,0.47783482,0.0,-1.0
HSPA9,0.3753985,0.0,-1.0
HSPB1,0.5786345,1.0,-1.0
HSPB11,0.22319198,0.0,0.0
HSPB2,0.22991663,0.0,-1.0
HSPB3,0.5814318,1.0,-1.0
HSPB6,0.31966445,0.0,0.0
HSPB7,0.20434356,0.0,0.0
HSPB8,0.34416232,0.0,-1.0
HSPBAP1,0.35524338,0.0,-1.0
HSPBP1,0.26811236,0.0,0.0
HSPD1,0.4007348,0.0,-1.0
HSPE1,0.1691227,0.0,0.0
HSPG2,0.5259175,1.0,-1.0
HSPH1,0.28187394,0.0,-1.0
HTATIP2,0.13453735,0.0,-1.0
HTATSF1,0.27673012,0.0,0.0
HTN1,0.024197567,0.0,0.0
HTN3,0.26092327,0.0,0.0
HTR1A,0.2720956,0.0,0.0
HTR1B,0.25286204,0.0,0.0
HTR1E,0.16068079,0.0,-1.0
HTR1F,0.18610789,0.0,0.0
HTR2A,0.29273567,0.0,0.0
HTR2B,0.23603186,0.0,0.0
HTR2C,0.27141732,0.0,0.0
HTR3A,0.31347886,0.0,0.0
HTR3B,0.14907533,0.0,0.0
HTR3C,0.12839407,0.0,-1.0
HTR3D,0.12685192,0.0,0.0
HTR3E,0.13206851,0.0,0.0
HTR4,0.23611613,0.0,0.0
HTR5A,0.17798914,0.0,0.0
HTR6,0.23477942,0.0,0.0
HTR7,0.3875367,0.0,-1.0
HTRA1,0.34333986,0.0,-1.0
HTRA2,0.39671817,0.0,-1.0
HTRA3,0.22733861,0.0,-1.0
HTRA4,0.22831774,0.0,0.0
HTT,0.6120138,1.0,-1.0
HUNK,0.32832244,0.0,0.0
HUS1,0.39787003,0.0,-1.0
HUS1B,0.31941918,0.0,0.0
HUWE1,0.53562677,1.0,-1.0
HVCN1,0.24158776,0.0,-1.0
HYAL1,0.26392502,0.0,-1.0
HYAL2,0.3128719,0.0,-1.0
HYAL3,0.19246559,0.0,0.0
HYAL4,0.23326337,0.0,0.0
HYDIN,0.22920634,0.0,-1.0
HYI,0.2560933,0.0,0.0
HYKK,0.18253013,0.0,0.0
HYLS1,0.3029239,0.0,0.0
HYPK,0.13827103,0.0,0.0
IAH1,0.15921941,0.0,0.0
IAPP,0.3557546,0.0,0.0
IARS1,0.40575653,0.0,0.0
IBA57,0.12890975,0.0,0.0
IBSP,0.5500964,1.0,0.0
IBTK,0.30881777,0.0,0.0
ICA1,0.2552108,0.0,0.0
ICA1L,0.1861547,0.0,0.0
ICAM1,0.5541304,1.0,-1.0
ICAM2,0.51065207,1.0,0.0
ICAM3,0.47927186,0.0,-1.0
ICAM4,0.33036608,0.0,-1.0
ICAM5,0.39021116,0.0,-1.0
ICE1,0.31508267,0.0,0.0
ICE2,0.3695789,0.0,0.0
ICMT,0.32241216,0.0,0.0
ICOS,0.37395003,0.0,-1.0
ICOSLG,0.4465627,0.0,1.0
ID1,0.59109265,1.0,-1.0
ID2,0.60114735,1.0,-1.0
ID3,0.54692227,1.0,1.0
ID4,0.4984781,0.0,-1.0
IDE,0.5039956,1.0,0.0
IDH1,0.34581184,0.0,1.0
IDH2,0.28250197,0.0,1.0
IDH3A,0.15927869,0.0,-1.0
IDH3B,0.14781256,0.0,-1.0
IDH3G,0.1458824,0.0,-1.0
IDI1,0.16465995,0.0,0.0
IDI2,0.15968879,0.0,0.0
IDNK,0.13163678,0.0,-1.0
IDO1,0.5066339,1.0,-1.0
IDO2,0.15202388,0.0,-1.0
IDS,0.30647105,0.0,-1.0
IDUA,0.2943641,0.0,-1.0
IER2,0.3101092,0.0,-1.0
IER3,0.3652868,0.0,-1.0
IER3IP1,0.30496076,0.0,0.0
IER5,0.19451305,0.0,0.0
IER5L,0.14295942,0.0,0.0
IFFO1,0.11362887,0.0,0.0
IFFO2,0.0963825,0.0,0.0
IFI16,0.4050993,0.0,-1.0
IFI27L1,0.041104402,0.0,0.0
IFI27L2,0.07292996,0.0,0.0
IFI30,0.3009127,0.0,-1.0
IFI35,0.34061638,0.0,0.0
IFI44,0.268299,0.0,0.0
IFI44L,0.24703465,0.0,-1.0
IFI6,0.24121839,0.0,0.0
IFIH1,0.5277595,1.0,-1.0
IFIT1,0.39002544,0.0,0.0
IFIT1B,0.2777285,0.0,0.0
IFIT2,0.3607215,0.0,0.0
IFIT3,0.37441468,0.0,-1.0
IFIT5,0.27992114,0.0,0.0
IFITM1,0.33028188,0.0,0.0
IFITM10,0.114589676,0.0,0.0
IFITM2,0.21881105,0.0,-1.0
IFITM3,0.29283866,0.0,-1.0
IFITM5,0.18216929,0.0,0.0
IFNA1,0.52998364,1.0,-1.0
IFNA10,0.22905612,0.0,-1.0
IFNA13,0.362872,0.0,-1.0
IFNA14,0.25274312,0.0,-1.0
IFNA16,0.239366,0.0,-1.0
IFNA17,0.5764088,1.0,-1.0
IFNA2,0.5795976,1.0,-1.0
IFNA21,0.16986841,0.0,-1.0
IFNA4,0.31390098,0.0,-1.0
IFNA6,0.23093489,0.0,-1.0
IFNA7,0.25333443,0.0,-1.0
IFNA8,0.19908156,0.0,-1.0
IFNAR1,0.5146967,1.0,-1.0
IFNAR2,0.41399866,0.0,-1.0
IFNB1,0.58742374,1.0,-1.0
IFNE,0.27303588,0.0,0.0
IFNG,0.55107385,1.0,-1.0
IFNGR1,0.4697466,0.0,1.0
IFNGR2,0.39251152,0.0,-1.0
IFNK,0.36518016,0.0,0.0
IFNL1,0.3517377,0.0,0.0
IFNL2,0.31199718,0.0,0.0
IFNL3,0.3059639,0.0,0.0
IFNLR1,0.25038218,0.0,0.0
IFNW1,0.24009132,0.0,0.0
IFRD1,0.2884707,0.0,0.0
IFT122,0.37872154,0.0,0.0
IFT140,0.23252459,0.0,-1.0
IFT172,0.3370899,0.0,0.0
IFT20,0.082429126,0.0,0.0
IFT22,0.04593084,0.0,0.0
IFT27,0.22249933,0.0,0.0
IFT43,0.4832396,0.0,0.0
IFT46,0.044494428,0.0,0.0
IFT52,0.11586416,0.0,0.0
IFT57,0.33640674,0.0,0.0
IFT74,0.07301874,0.0,0.0
IFT80,0.18466753,0.0,0.0
IFT81,0.26130745,0.0,0.0
IFT88,0.40037885,0.0,0.0
IFTAP,0.13244349,0.0,0.0
IGBP1,0.46411577,0.0,-1.0
IGDCC3,0.3118076,0.0,0.0
IGDCC4,0.2917157,0.0,-1.0
IGF1,0.5979457,1.0,1.0
IGF1R,0.6587905,1.0,1.0
IGF2,0.56736326,1.0,1.0
IGF2BP1,0.46698654,0.0,-1.0
IGF2BP2,0.33620843,0.0,1.0
IGF2BP3,0.47798586,0.0,-1.0
IGF2R,0.57682043,1.0,-1.0
IGFALS,0.33504233,0.0,-1.0
IGFBP1,0.48991844,0.0,-1.0
IGFBP2,0.52027845,1.0,-1.0
IGFBP3,0.5563789,1.0,-1.0
IGFBP4,0.51786137,1.0,0.0
IGFBP5,0.5609794,1.0,-1.0
IGFBP6,0.44014814,0.0,-1.0
IGFBP7,0.53716326,1.0,-1.0
IGFBPL1,0.16498812,0.0,0.0
IGFL1,0.06588023,0.0,0.0
IGFL2,0.0492114,0.0,0.0
IGFL3,0.16231915,0.0,0.0
IGFLR1,0.04187806,0.0,0.0
IGFN1,0.24833891,0.0,-1.0
IGHMBP2,0.3283457,0.0,-1.0
IGIP,0.1160264,0.0,0.0
IGKV3D-7,0.297614,0.0,0.0
IGLL1,0.35665965,0.0,-1.0
IGLL5,0.44377717,0.0,-1.0
IGLON5,0.17285682,0.0,0.0
IGSF1,0.3252773,0.0,0.0
IGSF10,0.2807901,0.0,-1.0
IGSF11,0.18357052,0.0,0.0
IGSF21,0.035657573,0.0,0.0
IGSF22,0.24258722,0.0,0.0
IGSF23,0.114037044,0.0,0.0
IGSF3,0.14271496,0.0,0.0
IGSF5,0.19590318,0.0,0.0
IGSF6,0.27057543,0.0,0.0
IGSF8,0.20246845,0.0,-1.0
IGSF9,0.20018446,0.0,0.0
IGSF9B,0.2606296,0.0,0.0
IHH,0.5822086,1.0,-1.0
IHO1,0.1846684,0.0,0.0
IK,0.42309043,0.0,0.0
IKBIP,0.2083648,0.0,0.0
IKBKB,0.6662362,1.0,1.0
IKZF1,0.53318346,1.0,1.0
IKZF2,0.24991295,0.0,-1.0
IKZF3,0.34341633,0.0,1.0
IKZF4,0.23570648,0.0,0.0
IKZF5,0.2770814,0.0,0.0
IL10,0.5321677,1.0,-1.0
IL10RA,0.36229962,0.0,-1.0
IL10RB,0.34436208,0.0,-1.0
IL11,0.5620002,1.0,0.0
IL11RA,0.24571711,0.0,0.0
IL12A,0.40877607,0.0,-1.0
IL12B,0.44480214,0.0,-1.0
IL12RB1,0.41982314,0.0,-1.0
IL12RB2,0.4086791,0.0,-1.0
IL13,0.49336222,0.0,-1.0
IL13RA1,0.3782732,0.0,-1.0
IL13RA2,0.30475214,0.0,0.0
IL15,0.54193413,1.0,-1.0
IL15RA,0.35928753,0.0,-1.0
IL16,0.5089897,1.0,-1.0
IL17A,0.51163137,1.0,-1.0
IL17B,0.35023427,0.0,0.0
IL17C,0.30591786,0.0,0.0
IL17D,0.35009605,0.0,0.0
IL17F,0.4749212,0.0,-1.0
IL17RA,0.38741305,0.0,-1.0
IL17RB,0.3451061,0.0,-1.0
IL17RC,0.35425657,0.0,0.0
IL17RD,0.34984624,0.0,0.0
IL17REL,0.2504497,0.0,-1.0
IL18,0.50005704,1.0,0.0
IL18BP,0.35350427,0.0,0.0
IL18R1,0.34333125,0.0,0.0
IL18RAP,0.3317662,0.0,-1.0
IL19,0.3805942,0.0,0.0
IL1A,0.55688477,1.0,-1.0
IL1B,0.5001385,1.0,-1.0
IL1F10,0.3738762,0.0,0.0
IL1R2,0.42235282,0.0,-1.0
IL1RAP,0.41580155,0.0,0.0
IL1RAPL1,0.3706212,0.0,-1.0
IL1RAPL2,0.24076395,0.0,0.0
IL1RL1,0.3462107,0.0,-1.0
IL1RL2,0.27961478,0.0,0.0
IL1RN,0.45281208,0.0,-1.0
IL2,0.586363,1.0,1.0
IL20,0.24733356,0.0,0.0
IL20RA,0.29865795,0.0,0.0
IL20RB,0.32951403,0.0,0.0
IL21,0.4202433,0.0,0.0
IL21R,0.43207857,0.0,1.0
IL22,0.41185352,0.0,-1.0
IL22RA1,0.31141502,0.0,-1.0
IL22RA2,0.27201408,0.0,0.0
IL23A,0.49226376,0.0,-1.0
IL23R,0.43845537,0.0,-1.0
IL24,0.40586078,0.0,-1.0
IL25,0.34924424,0.0,0.0
IL26,0.35217598,0.0,0.0
IL27,0.3896343,0.0,0.0
IL27RA,0.40830758,0.0,0.0
IL2RA,0.54631215,1.0,-1.0
IL2RB,0.46464455,0.0,-1.0
IL2RG,0.49459022,0.0,-1.0
IL3,0.5923845,1.0,1.0
IL31,0.36388642,0.0,0.0
IL31RA,0.45988753,0.0,0.0
IL32,0.42537776,0.0,0.0
IL33,0.45253557,0.0,0.0
IL34,0.29380897,0.0,0.0
IL36A,0.23627748,0.0,-1.0
IL36B,0.30923057,0.0,0.0
IL36G,0.20700108,0.0,0.0
IL36RN,0.33486265,0.0,0.0
IL37,0.42958733,0.0,0.0
IL3RA,0.48236704,0.0,-1.0
IL4,0.54492605,1.0,-1.0
IL4I1,0.3615226,0.0,0.0
IL4R,0.47969154,0.0,-1.0
IL5,0.5217774,1.0,-1.0
IL5RA,0.42179582,0.0,-1.0
IL6,0.5403022,1.0,-1.0
IL6R,0.5622508,1.0,-1.0
IL6ST,0.49437198,0.0,1.0
IL7,0.5636443,1.0,-1.0
IL7R,0.5932112,1.0,1.0
IL9,0.4927304,0.0,-1.0
IL9R,0.31624624,0.0,0.0
ILDR1,0.097193405,0.0,0.0
ILDR2,0.09611228,0.0,0.0
ILF2,0.25412965,0.0,0.0
ILF3,0.30194947,0.0,0.0
ILK,0.5613701,1.0,-1.0
ILKAP,0.2940523,0.0,0.0
ILRUN,0.14090396,0.0,0.0
ILVBL,0.13164726,0.0,0.0
IMMP1L,0.22729363,0.0,0.0
IMMP2L,0.21400417,0.0,-1.0
IMMT,0.2855976,0.0,0.0
IMP3,0.1034945,0.0,0.0
IMP4,0.10988381,0.0,-1.0
IMPA1,0.28334895,0.0,-1.0
IMPA2,0.18115965,0.0,0.0
IMPACT,0.38401008,0.0,0.0
IMPDH1,0.23519172,0.0,-1.0
IMPDH2,0.20816377,0.0,0.0
IMPG1,0.20021133,0.0,0.0
IMPG2,0.1830428,0.0,-1.0
INA,0.37585047,0.0,0.0
INAFM1,0.0575746,0.0,0.0
INAVA,0.18282223,0.0,-1.0
INCENP,0.50010073,1.0,0.0
INF2,0.3860525,0.0,-1.0
ING1,0.40951556,0.0,-1.0
ING2,0.4478076,0.0,-1.0
ING3,0.4731135,0.0,-1.0
ING4,0.36963168,0.0,-1.0
ING5,0.3450574,0.0,0.0
INHA,0.42663687,0.0,1.0
INHBA,0.5324246,1.0,1.0
INHBB,0.49526346,0.0,0.0
INHBC,0.18897454,0.0,0.0
INHBE,0.5748725,1.0,-1.0
INIP,0.2511995,0.0,0.0
INKA1,0.17688462,0.0,0.0
INKA2,0.17359106,0.0,-1.0
INMT,0.26633883,0.0,0.0
INO80,0.49820578,0.0,-1.0
INO80B,0.16338047,0.0,0.0
INO80C,0.22258084,0.0,0.0
INO80D,0.29943293,0.0,-1.0
INO80E,0.1784947,0.0,0.0
INPP1,0.20735402,0.0,0.0
INPP4A,0.34261715,0.0,-1.0
INPP4B,0.30492547,0.0,1.0
INPP5A,0.26060656,0.0,0.0
INPP5B,0.4454899,0.0,0.0
INPP5D,0.4973983,0.0,-1.0
INPP5E,0.40513906,0.0,0.0
INPP5F,0.3076762,0.0,0.0
INPP5J,0.4027956,0.0,-1.0
INPP5K,0.36931017,0.0,-1.0
INPPL1,0.47917435,0.0,1.0
INS,0.540985,1.0,-1.0
INS-IGF2,0.36663935,0.0,0.0
INSC,0.27907187,0.0,0.0
INSIG1,0.32206905,0.0,0.0
INSIG2,0.2583671,0.0,0.0
INSL3,0.21481718,0.0,-1.0
INSL4,0.25776586,0.0,0.0
INSL5,0.16889842,0.0,0.0
INSL6,0.2877926,0.0,0.0
INSM1,0.31036642,0.0,0.0
INSM2,0.3107863,0.0,0.0
INSR,0.62350833,1.0,1.0
INSRR,0.4623459,0.0,-1.0
INSYN2A,0.16584027,0.0,0.0
INSYN2B,0.33222753,0.0,-1.0
INTS1,0.35099283,0.0,0.0
INTS10,0.36595082,0.0,0.0
INTS11,0.34964535,0.0,0.0
INTS12,0.43465233,0.0,-1.0
INTS13,0.28325838,0.0,0.0
INTS14,0.2334401,0.0,0.0
INTS2,0.1700835,0.0,0.0
INTS3,0.30058905,0.0,0.0
INTS4,0.25840813,0.0,-1.0
INTS5,0.25476614,0.0,0.0
INTS6,0.37621284,0.0,-1.0
INTS6L,0.28072602,0.0,-1.0
INTS7,0.33148715,0.0,-1.0
INTS8,0.34317484,0.0,0.0
INTS9,0.33789083,0.0,0.0
INTU,0.36595348,0.0,0.0
INVS,0.4031555,0.0,0.0
IP6K1,0.21270221,0.0,0.0
IP6K2,0.32329622,0.0,0.0
IP6K3,0.21251146,0.0,0.0
IPCEF1,0.19954029,0.0,0.0
IPMK,0.27800286,0.0,0.0
IPO11,0.27684575,0.0,0.0
IPO13,0.25594565,0.0,0.0
IPO4,0.19270593,0.0,-1.0
IPO5,0.25830224,0.0,-1.0
IPO7,0.3622651,0.0,-1.0
IPO8,0.353745,0.0,0.0
IPO9,0.286409,0.0,0.0
IPP,0.3437611,0.0,0.0
IPPK,0.150682,0.0,0.0
IQCA1,0.3307623,0.0,0.0
IQCB1,0.42062938,0.0,-1.0
IQCC,0.1562119,0.0,0.0
IQCD,0.18171328,0.0,0.0
IQCE,0.12583187,0.0,-1.0
IQCF1,0.18051834,0.0,0.0
IQCF2,0.18490422,0.0,0.0
IQCF3,0.1801128,0.0,0.0
IQCF5,0.17305137,0.0,0.0
IQCF6,0.17876843,0.0,0.0
IQCG,0.21325992,0.0,-1.0
IQCH,0.22855756,0.0,0.0
IQCJ,0.22018068,0.0,0.0
IQCK,0.100903235,0.0,0.0
IQCN,0.10487832,0.0,0.0
IQGAP1,0.56667805,1.0,-1.0
IQGAP2,0.36847815,0.0,-1.0
IQGAP3,0.32852754,0.0,0.0
IQSEC1,0.3314011,0.0,0.0
IQSEC2,0.34420824,0.0,-1.0
IQUB,0.17407905,0.0,0.0
IRAG1,0.335001,0.0,-1.0
IRAG2,0.21035483,0.0,-1.0
IRAK1,0.48759496,0.0,0.0
IRAK1BP1,0.23453262,0.0,0.0
IRAK2,0.37452298,0.0,-1.0
IRAK3,0.40401277,0.0,0.0
IRAK4,0.47193876,0.0,-1.0
IREB2,0.3381314,0.0,0.0
IRF1,0.59382206,1.0,1.0
IRF1-AS1,0.3097322,0.0,0.0
IRF2,0.48178178,0.0,-1.0
IRF2BP1,0.16423626,0.0,0.0
IRF2BP2,0.23660676,0.0,-1.0
IRF2BPL,0.16695017,0.0,0.0
IRF3,0.53694034,1.0,0.0
IRF4,0.4986564,0.0,1.0
IRF5,0.37655407,0.0,-1.0
IRF6,0.5375566,1.0,-1.0
IRF7,0.5148742,1.0,-1.0
IRF8,0.4775066,0.0,1.0
IRF9,0.42260617,0.0,0.0
IRGC,0.18928257,0.0,0.0
IRGM,0.35476506,0.0,-1.0
IRGQ,0.14960411,0.0,0.0
IRS1,0.59958,1.0,1.0
IRS2,0.51609623,1.0,1.0
IRS4,0.39858332,0.0,1.0
IRX1,0.44732237,0.0,0.0
IRX2,0.40796736,0.0,0.0
IRX3,0.48637784,0.0,0.0
IRX4,0.45008135,0.0,0.0
IRX5,0.42724055,0.0,0.0
IRX6,0.49470603,0.0,-1.0
ISCA1,0.17188193,0.0,0.0
ISCA2,0.14603539,0.0,-1.0
ISCU,0.2517608,0.0,-1.0
ISG15,0.5120873,1.0,0.0
ISG20,0.3873873,0.0,0.0
ISG20L2,0.16209023,0.0,0.0
ISL1,0.5978875,1.0,0.0
ISL2,0.3853121,0.0,0.0
ISLR,0.38141036,0.0,0.0
ISLR2,0.32288033,0.0,0.0
ISM1,0.32284597,0.0,0.0
ISM2,0.098154895,0.0,0.0
ISOC1,0.27559608,0.0,0.0
ISOC2,0.12864879,0.0,-1.0
IST1,0.19855447,0.0,0.0
ISX,0.3298579,0.0,1.0
ISY1,0.23681928,0.0,0.0
ISY1-RAB43,0.2108155,0.0,0.0
ISYNA1,0.29404953,0.0,0.0
ITCH,0.5436366,1.0,-1.0
ITFG1,0.2408257,0.0,0.0
ITFG2,0.17900904,0.0,0.0
ITGA1,0.5486801,1.0,-1.0
ITGA10,0.34133893,0.0,0.0
ITGA11,0.40481138,0.0,-1.0
ITGA2,0.56831455,1.0,-1.0
ITGA2B,0.5696786,1.0,-1.0
ITGA3,0.5023472,1.0,-1.0
ITGA4,0.6144895,1.0,-1.0
ITGA5,0.5603568,1.0,-1.0
ITGA6,0.5562103,1.0,-1.0
ITGA7,0.43907687,0.0,-1.0
ITGA8,0.44550532,0.0,0.0
ITGA9,0.44572434,0.0,-1.0
ITGAD,0.35803065,0.0,0.0
ITGAE,0.5269817,1.0,-1.0
ITGAL,0.563576,1.0,0.0
ITGAM,0.5066218,1.0,-1.0
ITGAV,0.5539543,1.0,1.0
ITGAX,0.46097338,0.0,-1.0
ITGB1,0.59386325,1.0,-1.0
ITGB1BP1,0.34771279,0.0,0.0
ITGB1BP2,0.2654635,0.0,0.0
ITGB2,0.5284871,1.0,-1.0
ITGB3BP,0.3780042,0.0,0.0
ITGB4,0.5699782,1.0,-1.0
ITGB5,0.5425786,1.0,-1.0
ITGB6,0.5443499,1.0,0.0
ITGB7,0.5031007,1.0,-1.0
ITGB8,0.4655933,0.0,0.0
ITGBL1,0.35584003,0.0,0.0
ITIH1,0.11227889,0.0,-1.0
ITIH2,0.12001729,0.0,0.0
ITIH3,0.12352615,0.0,0.0
ITIH4,0.31487948,0.0,0.0
ITIH6,0.267849,0.0,0.0
ITK,0.510489,1.0,1.0
ITLN1,0.32887805,0.0,-1.0
ITLN2,0.11483839,0.0,0.0
ITM2A,0.22956273,0.0,0.0
ITM2B,0.4094933,0.0,-1.0
ITM2C,0.29105464,0.0,0.0
ITPA,0.3455185,0.0,0.0
ITPK1,0.1208551,0.0,0.0
ITPKA,0.27803323,0.0,0.0
ITPKB,0.28422177,0.0,-1.0
ITPKC,0.29933044,0.0,-1.0
ITPR1,0.5304625,1.0,-1.0
ITPR2,0.47452572,0.0,-1.0
ITPR3,0.4658856,0.0,-1.0
ITPRID1,0.048394274,0.0,-1.0
ITPRID2,0.1819944,0.0,0.0
ITPRIP,0.19957334,0.0,0.0
ITPRIPL1,0.088048294,0.0,0.0
ITPRIPL2,0.05928406,0.0,0.0
ITSN1,0.48122326,0.0,0.0
ITSN2,0.56044537,1.0,0.0
IVD,0.26209086,0.0,0.0
IVL,0.39048404,0.0,0.0
IVNS1ABP,0.2081869,0.0,0.0
IWS1,0.31042796,0.0,-1.0
IYD,0.18907176,0.0,-1.0
IZUMO1,0.1834074,0.0,0.0
IZUMO1R,0.26718035,0.0,0.0
IZUMO2,0.1290582,0.0,0.0
IZUMO3,0.17887945,0.0,0.0
IZUMO4,0.22398244,0.0,0.0
JADE1,0.3318667,0.0,0.0
JADE2,0.33923033,0.0,0.0
JAG1,0.61526906,1.0,-1.0
JAG2,0.53821653,1.0,-1.0
JAGN1,0.11700939,0.0,0.0
JAK1,0.6149114,1.0,1.0
JAK2,0.708811,1.0,1.0
JAK3,0.52946156,1.0,1.0
JAKMIP1,0.13421382,0.0,-1.0
JAKMIP2,0.12334504,0.0,-1.0
JAKMIP3,0.14299703,0.0,0.0
JAM2,0.33475766,0.0,0.0
JAM3,0.3429011,0.0,0.0
JAML,0.35473442,0.0,0.0
JARID2,0.44265884,0.0,1.0
JAZF1,0.3364677,0.0,-1.0
JCAD,0.15363291,0.0,0.0
JCHAIN,0.36781362,0.0,0.0
JDP2,0.39024514,0.0,-1.0
JHY,0.20533575,0.0,0.0
JKAMP,0.16581862,0.0,0.0
JMJD1C,0.34011707,0.0,-1.0
JMJD4,0.14840356,0.0,0.0
JMJD6,0.4878645,0.0,0.0
JMJD7,0.106850974,0.0,0.0
JMJD7-PLA2G4B,0.10596903,0.0,-1.0
JMJD8,0.14737758,0.0,0.0
JMY,0.2940516,0.0,0.0
JOSD1,0.21065126,0.0,0.0
JPH1,0.30449566,0.0,0.0
JPH2,0.30745763,0.0,-1.0
JPH3,0.36548793,0.0,0.0
JPH4,0.20985843,0.0,0.0
JPT1,0.26991498,0.0,0.0
JPT2,0.09013331,0.0,0.0
JRKL,0.21956602,0.0,0.0
JSRP1,0.14803796,0.0,0.0
JTB,0.18890794,0.0,0.0
JUN,0.70097935,1.0,1.0
JUNB,0.56824815,1.0,-1.0
JUND,0.6432356,1.0,-1.0
JUP,0.5130196,1.0,-1.0
KAAG1,0.2368211,0.0,0.0
KALRN,0.39666384,0.0,-1.0
KANK1,0.3167169,0.0,-1.0
KANK3,0.31626612,0.0,0.0
KANK4,0.3141583,0.0,0.0
KANSL1,0.29379028,0.0,-1.0
KANSL1L,0.18065053,0.0,0.0
KANSL2,0.19948052,0.0,0.0
KANSL3,0.32665056,0.0,0.0
KARS1,0.24451447,0.0,-1.0
KASH5,0.19094846,0.0,-1.0
KAT2A,0.5105178,1.0,-1.0
KAT2B,0.6833077,1.0,-1.0
KAT5,0.5932757,1.0,-1.0
KAT6A,0.55613714,1.0,1.0
KAT6B,0.37025172,0.0,1.0
KAT7,0.34051985,0.0,1.0
KAT8,0.48540932,0.0,0.0
KATNA1,0.30911183,0.0,0.0
KATNAL1,0.2711051,0.0,0.0
KATNAL2,0.2759196,0.0,0.0
KATNB1,0.2660184,0.0,-1.0
KATNBL1,0.21275759,0.0,0.0
KATNIP,0.06268849,0.0,0.0
KAZALD1,0.15065354,0.0,0.0
KAZN,0.32148826,0.0,0.0
KBTBD11,0.2559941,0.0,-1.0
KBTBD12,0.17810528,0.0,0.0
KBTBD13,0.20865391,0.0,-1.0
KBTBD2,0.2873797,0.0,0.0
KBTBD3,0.19920526,0.0,0.0
KBTBD4,0.18463005,0.0,-1.0
KBTBD6,0.19231851,0.0,0.0
KBTBD7,0.1957374,0.0,0.0
KBTBD8,0.15621364,0.0,-1.0
KCMF1,0.27992103,0.0,-1.0
KCNA1,0.4264509,0.0,-1.0
KCNA10,0.26848722,0.0,0.0
KCNA2,0.3647158,0.0,0.0
KCNA3,0.41733974,0.0,0.0
KCNA4,0.36986163,0.0,-1.0
KCNA5,0.40182534,0.0,-1.0
KCNA7,0.34210542,0.0,0.0
KCNAB1,0.17591493,0.0,-1.0
KCNAB2,0.18727113,0.0,0.0
KCNAB3,0.15849575,0.0,0.0
KCNB1,0.38124382,0.0,0.0
KCNB2,0.31686696,0.0,-1.0
KCNC1,0.37173742,0.0,0.0
KCNC2,0.3188844,0.0,0.0
KCNC3,0.30803767,0.0,-1.0
KCNC4,0.3286072,0.0,0.0
KCND1,0.33139187,0.0,0.0
KCND2,0.4390236,0.0,-1.0
KCND3,0.36563838,0.0,0.0
KCNE1,0.3925508,0.0,-1.0
KCNE2,0.30724895,0.0,-1.0
KCNE3,0.26711395,0.0,-1.0
KCNE4,0.2469977,0.0,0.0
KCNE5,0.21372643,0.0,0.0
KCNF1,0.3648027,0.0,0.0
KCNG1,0.38885188,0.0,0.0
KCNG2,0.28309065,0.0,0.0
KCNG3,0.25356525,0.0,0.0
KCNG4,0.2662982,0.0,0.0
KCNH1,0.37598908,0.0,-1.0
KCNH2,0.38239956,0.0,-1.0
KCNH3,0.14151996,0.0,0.0
KCNH4,0.1257178,0.0,0.0
KCNH5,0.28314874,0.0,-1.0
KCNH6,0.2970887,0.0,0.0
KCNH7,0.30600414,0.0,0.0
KCNH8,0.31527627,0.0,0.0
KCNIP1,0.34130037,0.0,0.0
KCNIP2,0.3558728,0.0,0.0
KCNIP3,0.35960165,0.0,0.0
KCNIP4,0.37188607,0.0,0.0
KCNJ1,0.14666577,0.0,-1.0
KCNJ10,0.24434476,0.0,0.0
KCNJ11,0.4624312,0.0,0.0
KCNJ12,0.2321593,0.0,0.0
KCNJ13,0.17797096,0.0,-1.0
KCNJ14,0.23002703,0.0,0.0
KCNJ15,0.24015275,0.0,0.0
KCNJ16,0.1331174,0.0,0.0
KCNJ2,0.3897919,0.0,-1.0
KCNJ3,0.29176533,0.0,0.0
KCNJ4,0.276044,0.0,0.0
KCNJ5,0.27972692,0.0,1.0
KCNJ5-AS1,0.12977682,0.0,0.0
KCNJ8,0.26684642,0.0,-1.0
KCNJ9,0.2534861,0.0,-1.0
KCNK1,0.31119224,0.0,-1.0
KCNK10,0.26633418,0.0,-1.0
KCNK12,0.10124576,0.0,0.0
KCNK13,0.19313598,0.0,0.0
KCNK15,0.19117713,0.0,0.0
KCNK16,0.22005944,0.0,0.0
KCNK17,0.2689579,0.0,0.0
KCNK18,0.25895452,0.0,-1.0
KCNK2,0.35516238,0.0,0.0
KCNK3,0.3044785,0.0,0.0
KCNK4,0.35095486,0.0,0.0
KCNK5,0.3027345,0.0,-1.0
KCNK6,0.34651604,0.0,0.0
KCNK7,0.25271645,0.0,0.0
KCNK9,0.2580946,0.0,0.0
KCNMA1,0.48621908,0.0,-1.0
KCNMB1,0.23125115,0.0,0.0
KCNMB2,0.11765047,0.0,0.0
KCNMB3,0.14206262,0.0,0.0
KCNMB4,0.184489,0.0,0.0
KCNN2,0.27996424,0.0,-1.0
KCNN3,0.38934812,0.0,-1.0
KCNN4,0.35597974,0.0,0.0
KCNQ1,0.39827007,0.0,-1.0
KCNQ2,0.35549235,0.0,-1.0
KCNQ3,0.3103948,0.0,-1.0
KCNQ4,0.2832105,0.0,0.0
KCNQ5,0.3129261,0.0,-1.0
KCNRG,0.38092154,0.0,0.0
KCNS1,0.31356725,0.0,0.0
KCNS2,0.27102864,0.0,0.0
KCNS3,0.32053274,0.0,0.0
KCNT1,0.30142513,0.0,0.0
KCNT2,0.17244893,0.0,-1.0
KCNU1,0.23117076,0.0,-1.0
KCNV1,0.33170798,0.0,0.0
KCNV2,0.28042626,0.0,-1.0
KCTD1,0.431597,0.0,0.0
KCTD10,0.11817855,0.0,0.0
KCTD11,0.22104514,0.0,0.0
KCTD13,0.18370561,0.0,0.0
KCTD14,0.15785307,0.0,0.0
KCTD15,0.25083604,0.0,0.0
KCTD16,0.1953479,0.0,0.0
KCTD17,0.20122153,0.0,0.0
KCTD18,0.17818187,0.0,0.0
KCTD19,0.26068243,0.0,0.0
KCTD2,0.21603575,0.0,-1.0
KCTD20,0.14749557,0.0,0.0
KCTD21,0.13204972,0.0,0.0
KCTD3,0.19335605,0.0,0.0
KCTD4,0.117558435,0.0,0.0
KCTD5,0.2001826,0.0,0.0
KCTD6,0.18639097,0.0,0.0
KCTD8,0.20668067,0.0,-1.0
KCTD9,0.23885594,0.0,0.0
KDELR1,0.32116276,0.0,-1.0
KDELR2,0.2640512,0.0,0.0
KDELR3,0.2845219,0.0,0.0
KDF1,0.071818456,0.0,0.0
KDM1A,0.6033339,1.0,-1.0
KDM1B,0.35503864,0.0,-1.0
KDM2A,0.40725237,0.0,-1.0
KDM2B,0.35837433,0.0,-1.0
KDM3A,0.45313168,0.0,-1.0
KDM3B,0.34804943,0.0,0.0
KDM4A,0.47976705,0.0,0.0
KDM4B,0.3755634,0.0,0.0
KDM4C,0.4898481,0.0,-1.0
KDM4D,0.22876815,0.0,0.0
KDM5A,0.5480268,1.0,1.0
KDM5B,0.4061004,0.0,0.0
KDM5C,0.438544,0.0,1.0
KDM5D,0.38397372,0.0,0.0
KDM6A,0.47363135,0.0,1.0
KDM6B,0.4702548,0.0,0.0
KDM7A,0.36194295,0.0,0.0
KDM8,0.20351705,0.0,-1.0
KDR,0.70233095,1.0,1.0
KDSR,0.16734171,0.0,1.0
KEAP1,0.39304784,0.0,1.0
KEL,0.37866825,0.0,-1.0
KERA,0.34780696,0.0,0.0
KHDC1,0.08613485,0.0,0.0
KHDC1L,0.15410785,0.0,0.0
KHDC3L,0.25647292,0.0,-1.0
KHDC4,0.21166304,0.0,0.0
KHDRBS1,0.4677347,0.0,0.0
KHDRBS2,0.30389276,0.0,-1.0
KHDRBS3,0.38352117,0.0,0.0
KHK,0.20828521,0.0,0.0
KHNYN,0.19640717,0.0,0.0
KHSRP,0.4019377,0.0,-1.0
KIAA0040,0.08464773,0.0,0.0
KIAA0232,0.2388014,0.0,0.0
KIAA0319,0.3350905,0.0,-1.0
KIAA0319L,0.25497895,0.0,0.0
KIAA0408,0.26503873,0.0,0.0
KIAA0513,0.29378033,0.0,0.0
KIAA0586,0.325506,0.0,0.0
KIAA0753,0.34312832,0.0,0.0
KIAA0825,0.26471183,0.0,0.0
KIAA0895,0.06430823,0.0,0.0
KIAA0895L,0.0013649281,0.0,-1.0
KIAA0930,0.10762188,0.0,0.0
KIAA1107,0.24352062,0.0,0.0
KIAA1109,0.4824205,0.0,0.0
KIAA1143,0.23908497,0.0,0.0
KIAA1191,0.15981638,0.0,0.0
KIAA1210,0.27818787,0.0,0.0
KIAA1217,0.23996106,0.0,0.0
KIAA1328,0.261331,0.0,0.0
KIAA1522,0.1609124,0.0,0.0
KIAA1549,0.3985979,0.0,-1.0
KIAA1549L,0.17373562,0.0,0.0
KIAA1586,0.11898426,0.0,0.0
KIAA1614,0.056177836,0.0,0.0
KIAA1671,0.15214746,0.0,0.0
KIAA1958,0.1351908,0.0,0.0
KIAA2013,0.055051073,0.0,0.0
KIAA2026,0.33574432,0.0,0.0
KICS2,0.21324986,0.0,0.0
KIDINS220,0.4246791,0.0,-1.0
KIF11,0.5632257,1.0,0.0
KIF12,0.30743086,0.0,0.0
KIF13A,0.36814395,0.0,-1.0
KIF13B,0.3699521,0.0,0.0
KIF14,0.42754397,0.0,-1.0
KIF15,0.4448944,0.0,-1.0
KIF16B,0.3710337,0.0,-1.0
KIF17,0.4330483,0.0,0.0
KIF18A,0.45600542,0.0,0.0
KIF19,0.37440708,0.0,0.0
KIF1A,0.3910365,0.0,-1.0
KIF1B,0.458889,0.0,-1.0
KIF1C,0.37337103,0.0,0.0
KIF20A,0.46582088,0.0,0.0
KIF20B,0.4460737,0.0,-1.0
KIF21A,0.40678883,0.0,-1.0
KIF21B,0.4103085,0.0,-1.0
KIF22,0.41217503,0.0,0.0
KIF23,0.51456183,1.0,-1.0
KIF25,0.36371237,0.0,0.0
KIF26A,0.32954615,0.0,0.0
KIF26B,0.33898506,0.0,0.0
KIF27,0.4510752,0.0,-1.0
KIF2A,0.4263472,0.0,0.0
KIF2B,0.30229202,0.0,-1.0
KIF2C,0.48449084,0.0,0.0
KIF3A,0.49730077,0.0,0.0
KIF3B,0.43776518,0.0,0.0
KIF3C,0.43524453,0.0,0.0
KIF4A,0.4898224,0.0,-1.0
KIF4B,0.35629374,0.0,0.0
KIF5A,0.43863958,0.0,-1.0
KIF5B,0.46776748,0.0,1.0
KIF5C,0.41746235,0.0,-1.0
KIF6,0.32839414,0.0,0.0
KIF7,0.48814073,0.0,-1.0
KIF9,0.33246717,0.0,0.0
KIFAP3,0.30668965,0.0,0.0
KIFBP,0.31788093,0.0,0.0
KIFC1,0.40888223,0.0,0.0
KIFC2,0.37506828,0.0,0.0
KIFC3,0.40640718,0.0,-1.0
KIN,0.3998399,0.0,-1.0
KIR2DL1,0.3394378,0.0,0.0
KIR2DL3,0.36516207,0.0,0.0
KIR2DL4,0.31827426,0.0,0.0
KIR3DL1,0.35009933,0.0,-1.0
KIR3DL2,0.22799686,0.0,0.0
KIR3DL3,0.2954094,0.0,0.0
KIRREL1,0.26133308,0.0,0.0
KIRREL2,0.24497488,0.0,0.0
KIRREL3,0.32075807,0.0,-1.0
KISS1,0.22459866,0.0,0.0
KISS1R,0.24202727,0.0,-1.0
KIT,0.7227249,1.0,1.0
KITLG,0.6534741,1.0,-1.0
KL,0.2457481,0.0,-1.0
KLB,0.29560184,0.0,-1.0
KLC1,0.36876768,0.0,0.0
KLC2,0.31102678,0.0,0.0
KLC3,0.29885828,0.0,0.0
KLC4,0.28269386,0.0,0.0
KLF1,0.37220684,0.0,-1.0
KLF10,0.30795047,0.0,0.0
KLF11,0.26249418,0.0,-1.0
KLF13,0.25421268,0.0,0.0
KLF15,0.2597628,0.0,0.0
KLF16,0.23672196,0.0,0.0
KLF17,0.2417264,0.0,0.0
KLF2,0.46456906,0.0,1.0
KLF3,0.29306847,0.0,1.0
KLF4,0.65377903,1.0,1.0
KLF5,0.38861442,0.0,1.0
KLF6,0.39644906,0.0,1.0
KLF7,0.29447398,0.0,0.0
KLF8,0.28871834,0.0,0.0
KLF9,0.31155977,0.0,0.0
KLHDC1,0.33619574,0.0,0.0
KLHDC10,0.2946557,0.0,0.0
KLHDC2,0.37343454,0.0,0.0
KLHDC3,0.37655243,0.0,0.0
KLHDC4,0.14895666,0.0,-1.0
KLHDC7A,0.098879054,0.0,0.0
KLHDC7B,0.12721843,0.0,0.0
KLHDC8A,0.14101712,0.0,0.0
KLHDC8B,0.1994813,0.0,-1.0
KLHDC9,0.31103435,0.0,0.0
KLHL1,0.25942153,0.0,0.0
KLHL10,0.16105989,0.0,-1.0
KLHL11,0.18498081,0.0,-1.0
KLHL12,0.21985371,0.0,0.0
KLHL14,0.1351614,0.0,0.0
KLHL15,0.21496437,0.0,0.0
KLHL17,0.20679832,0.0,-1.0
KLHL18,0.19628309,0.0,0.0
KLHL2,0.31085035,0.0,0.0
KLHL20,0.20678234,0.0,0.0
KLHL21,0.1704867,0.0,0.0
KLHL22,0.1885309,0.0,0.0
KLHL23,0.17212832,0.0,0.0
KLHL24,0.2782364,0.0,0.0
KLHL25,0.19346543,0.0,0.0
KLHL26,0.1738773,0.0,0.0
KLHL28,0.2601425,0.0,0.0
KLHL29,0.18346578,0.0,0.0
KLHL3,0.18309563,0.0,0.0
KLHL30,0.16670127,0.0,0.0
KLHL31,0.1638822,0.0,0.0
KLHL32,0.22994646,0.0,0.0
KLHL33,0.15868993,0.0,0.0
KLHL34,0.20030394,0.0,0.0
KLHL35,0.13877696,0.0,0.0
KLHL36,0.1860997,0.0,0.0
KLHL38,0.20001823,0.0,0.0
KLHL4,0.2801712,0.0,0.0
KLHL40,0.1671518,0.0,0.0
KLHL41,0.20130737,0.0,0.0
KLHL42,0.15129834,0.0,0.0
KLHL5,0.218515,0.0,-1.0
KLHL6,0.14891657,0.0,-1.0
KLHL7,0.15860583,0.0,-1.0
KLHL8,0.28994793,0.0,-1.0
KLHL9,0.19740991,0.0,0.0
KLK1,0.2041787,0.0,-1.0
KLK10,0.17998634,0.0,-1.0
KLK11,0.18571196,0.0,-1.0
KLK12,0.1177246,0.0,-1.0
KLK13,0.13142753,0.0,-1.0
KLK14,0.11591932,0.0,-1.0
KLK15,0.24191843,0.0,0.0
KLK2,0.18753713,0.0,1.0
KLK3,0.4459393,0.0,-1.0
KLK4,0.27955604,0.0,-1.0
KLK5,0.1515892,0.0,-1.0
KLK6,0.21183176,0.0,-1.0
KLK7,0.15813075,0.0,-1.0
KLK8,0.13439216,0.0,-1.0
KLKB1,0.18334985,0.0,0.0
KLLN,0.22532414,0.0,-1.0
KLRB1,0.3553704,0.0,0.0
KLRC1,0.3905477,0.0,0.0
KLRC2,0.31134456,0.0,0.0
KLRC3,0.2272205,0.0,0.0
KLRC4,0.31072018,0.0,0.0
KLRC4-KLRK1,0.2848821,0.0,0.0
KLRD1,0.4661195,0.0,0.0
KLRF2,0.25487405,0.0,0.0
KLRG1,0.42728,0.0,0.0
KLRG2,0.21180183,0.0,0.0
KLRK1,0.3793135,0.0,-1.0
KMO,0.120756425,0.0,-1.0
KMT2A,0.72622734,1.0,1.0
KMT2C,0.50998956,1.0,1.0
KMT2D,0.5065877,1.0,1.0
KMT2E,0.509164,1.0,-1.0
KMT5A,0.36979648,0.0,-1.0
KMT5B,0.3326908,0.0,0.0
KMT5C,0.21561004,0.0,0.0
KNCN,0.23065183,0.0,0.0
KNDC1,0.18116155,0.0,-1.0
KNG1,0.27335817,0.0,-1.0
KNL1,0.45547694,0.0,1.0
KNOP1,0.2571521,0.0,0.0
KNSTRN,0.34561834,0.0,1.0
KNTC1,0.52013505,1.0,0.0
KPNA1,0.34797344,0.0,0.0
KPNA2,0.40705836,0.0,0.0
KPNA3,0.335911,0.0,0.0
KPNA4,0.31284752,0.0,0.0
KPNA5,0.3368298,0.0,-1.0
KPNA6,0.29435757,0.0,0.0
KPNA7,0.29112023,0.0,-1.0
KPNB1,0.4723377,0.0,-1.0
KPTN,0.3117312,0.0,0.0
KRAS,0.77236676,1.0,1.0
KRBA2,0.23190174,0.0,0.0
KRBOX4,0.29544154,0.0,0.0
KRBOX5,0.22325282,0.0,0.0
KRCC1,0.1449032,0.0,-1.0
KREMEN1,0.35997075,0.0,-1.0
KREMEN2,0.30709013,0.0,0.0
KRI1,0.129501,0.0,0.0
KRIT1,0.4662526,0.0,-1.0
KRR1,0.14099915,0.0,0.0
KRT1,0.43547058,0.0,-1.0
KRT10,0.49233663,0.0,-1.0
KRT10-AS1,0.21877712,0.0,0.0
KRT12,0.3030551,0.0,-1.0
KRT13,0.31496906,0.0,-1.0
KRT14,0.5020815,1.0,-1.0
KRT15,0.44577017,0.0,-1.0
KRT16,0.40799218,0.0,-1.0
KRT17,0.44330028,0.0,-1.0
KRT18,0.5665892,1.0,-1.0
KRT19,0.5342388,1.0,0.0
KRT2,0.2109388,0.0,-1.0
KRT20,0.19586514,0.0,0.0
KRT222,0.012562771,0.0,-1.0
KRT23,0.14489056,0.0,0.0
KRT24,0.053672858,0.0,0.0
KRT25,0.075866655,0.0,0.0
KRT26,0.04956843,0.0,-1.0
KRT27,0.020806132,0.0,0.0
KRT28,0.25163567,0.0,0.0
KRT3,0.3079716,0.0,-1.0
KRT31,0.24093282,0.0,0.0
KRT32,0.21980019,0.0,0.0
KRT33A,0.014526641,0.0,0.0
KRT33B,0.14252457,0.0,0.0
KRT34,0.08412858,0.0,0.0
KRT35,0.15590635,0.0,0.0
KRT36,0.19153532,0.0,0.0
KRT37,0.24140854,0.0,0.0
KRT38,0.013179948,0.0,0.0
KRT39,0.013972268,0.0,0.0
KRT4,0.32701802,0.0,0.0
KRT40,0.09127442,0.0,0.0
KRT5,0.52754575,1.0,-1.0
KRT6A,0.34559736,0.0,-1.0
KRT6B,0.3133991,0.0,-1.0
KRT6C,0.10354425,0.0,0.0
KRT7,0.49555132,0.0,0.0
KRT71,0.3078431,0.0,0.0
KRT72,0.051195584,0.0,0.0
KRT73,0.24672583,0.0,-1.0
KRT74,0.34372023,0.0,-1.0
KRT75,0.32433194,0.0,-1.0
KRT76,0.062321912,0.0,0.0
KRT77,0.046295695,0.0,0.0
KRT78,0.026152352,0.0,0.0
KRT79,0.06839874,0.0,0.0
KRT8,0.57216114,1.0,-1.0
KRT80,0.013200461,0.0,0.0
KRT81,0.06146694,0.0,-1.0
KRT82,0.06403302,0.0,0.0
KRT83,0.22304575,0.0,-1.0
KRT84,0.1211672,0.0,-1.0
KRT85,0.045492522,0.0,0.0
KRT86,0.2581803,0.0,-1.0
KRT9,0.34353042,0.0,-1.0
KRTAP1-1,0.052170515,0.0,0.0
KRTAP1-3,0.12512895,0.0,0.0
KRTAP1-4,0.009672016,0.0,0.0
KRTAP1-5,0.013399215,0.0,0.0
KRTAP10-1,0.012396446,0.0,0.0
KRTAP10-10,0.10143436,0.0,0.0
KRTAP10-11,0.1391694,0.0,0.0
KRTAP10-3,0.011398661,0.0,0.0
KRTAP10-4,0.012794061,0.0,0.0
KRTAP10-5,0.011099836,0.0,0.0
KRTAP10-6,0.013904184,0.0,0.0
KRTAP10-8,0.011192508,0.0,0.0
KRTAP10-9,0.0115607865,0.0,0.0
KRTAP11-1,0.010513901,0.0,0.0
KRTAP12-1,0.009447648,0.0,-1.0
KRTAP12-2,0.011411198,0.0,0.0
KRTAP12-3,0.011490404,0.0,0.0
KRTAP12-4,0.010195418,0.0,0.0
KRTAP13-1,0.025081705,0.0,0.0
KRTAP13-2,0.009088877,0.0,0.0
KRTAP13-3,0.02795396,0.0,-1.0
KRTAP13-4,0.009339596,0.0,0.0
KRTAP15-1,0.010483392,0.0,0.0
KRTAP16-1,0.014315772,0.0,0.0
KRTAP17-1,0.009050851,0.0,0.0
KRTAP19-1,0.008407979,0.0,0.0
KRTAP19-2,0.041827932,0.0,0.0
KRTAP19-3,0.010067641,0.0,0.0
KRTAP19-4,0.007408861,0.0,0.0
KRTAP19-5,0.0053891945,0.0,0.0
KRTAP19-6,0.00788489,0.0,0.0
KRTAP19-7,0.0075372728,0.0,0.0
KRTAP19-8,0.008824899,0.0,0.0
KRTAP2-2,0.009872279,0.0,0.0
KRTAP2-3,0.009439357,0.0,0.0
KRTAP2-4,0.008959413,0.0,0.0
KRTAP20-1,0.007408861,0.0,0.0
KRTAP20-2,0.009383326,0.0,-1.0
KRTAP20-3,0.008824899,0.0,0.0
KRTAP21-2,0.009787156,0.0,0.0
KRTAP22-1,0.007408861,0.0,0.0
KRTAP23-1,0.009611187,0.0,0.0
KRTAP24-1,0.008345836,0.0,0.0
KRTAP25-1,0.009439884,0.0,0.0
KRTAP26-1,0.0106198555,0.0,0.0
KRTAP27-1,0.010072081,0.0,0.0
KRTAP29-1,0.011523652,0.0,0.0
KRTAP3-1,0.011188176,0.0,0.0
KRTAP3-2,0.009131098,0.0,0.0
KRTAP3-3,0.045219526,0.0,0.0
KRTAP4-1,0.015655644,0.0,0.0
KRTAP4-11,0.014893066,0.0,0.0
KRTAP4-12,0.012037011,0.0,0.0
KRTAP4-2,0.11445213,0.0,0.0
KRTAP4-3,0.014401361,0.0,-1.0
KRTAP4-4,0.011989296,0.0,0.0
KRTAP4-5,0.010527298,0.0,-1.0
KRTAP4-6,0.015816344,0.0,0.0
KRTAP4-7,0.011999263,0.0,0.0
KRTAP4-8,0.012694733,0.0,0.0
KRTAP4-9,0.012994008,0.0,0.0
KRTAP5-1,0.12414925,0.0,0.0
KRTAP5-11,0.008843752,0.0,-1.0
KRTAP5-4,0.010855773,0.0,0.0
KRTAP5-5,0.08105719,0.0,-1.0
KRTAP5-6,0.19870201,0.0,0.0
KRTAP5-7,0.007420316,0.0,0.0
KRTAP5-8,0.07898404,0.0,0.0
KRTAP5-9,0.027312128,0.0,0.0
KRTAP6-1,0.0076498734,0.0,0.0
KRTAP6-2,0.0048844204,0.0,0.0
KRTAP6-3,0.009439143,0.0,0.0
KRTAP8-1,0.008013829,0.0,0.0
KRTAP9-1,0.016631894,0.0,0.0
KRTAP9-2,0.04591366,0.0,0.0
KRTAP9-3,0.011908882,0.0,0.0
KRTAP9-4,0.013636118,0.0,0.0
KRTAP9-7,0.010659539,0.0,0.0
KRTAP9-8,0.011816484,0.0,0.0
KRTAP9-9,0.011177899,0.0,0.0
KRTCAP2,0.025283957,0.0,0.0
KRTCAP3,0.013177523,0.0,0.0
KRTDAP,0.02004723,0.0,0.0
KSR2,0.3437079,0.0,1.0
KTI12,0.21242268,0.0,0.0
KTN1,0.2758798,0.0,1.0
KXD1,0.23142812,0.0,0.0
KY,0.3186205,0.0,0.0
KYAT1,0.13003162,0.0,0.0
KYAT3,0.12696698,0.0,0.0
KYNU,0.15853564,0.0,0.0
L1TD1,0.20592438,0.0,0.0
L2HGDH,0.15344578,0.0,0.0
L3HYPDH,0.16005522,0.0,0.0
L3MBTL1,0.37549588,0.0,0.0
L3MBTL2,0.29220197,0.0,0.0
L3MBTL3,0.28200147,0.0,0.0
LACC1,0.2031643,0.0,-1.0
LACRT,0.07043139,0.0,0.0
LACTB,0.2849845,0.0,-1.0
LACTB2,0.13653702,0.0,0.0
LAD1,0.2746884,0.0,0.0
LAG3,0.39470783,0.0,0.0
LAGE3,0.09577526,0.0,0.0
LAIR1,0.1866532,0.0,0.0
LAIR2,0.09680163,0.0,0.0
LALBA,0.14025831,0.0,0.0
LAMA1,0.52687293,1.0,-1.0
LAMA2,0.5203702,1.0,-1.0
LAMA3,0.4442655,0.0,-1.0
LAMA4,0.41589826,0.0,-1.0
LAMA5,0.34803936,0.0,-1.0
LAMB1,0.4745443,0.0,-1.0
LAMB2,0.5589378,1.0,-1.0
LAMB3,0.47677788,0.0,-1.0
LAMB4,0.36301535,0.0,-1.0
LAMC1,0.48713097,0.0,-1.0
LAMC2,0.45242238,0.0,-1.0
LAMC3,0.3681464,0.0,-1.0
LAMP1,0.52662826,1.0,-1.0
LAMP2,0.46767128,0.0,-1.0
LAMP3,0.39710528,0.0,0.0
LAMP5,0.24280669,0.0,0.0
LAMTOR1,0.19398953,0.0,0.0
LAMTOR2,0.11942037,0.0,-1.0
LAMTOR3,0.18212722,0.0,0.0
LAMTOR4,0.16617131,0.0,0.0
LAMTOR5,0.22208504,0.0,0.0
LANCL1,0.21914552,0.0,0.0
LANCL2,0.15468654,0.0,0.0
LAP3,0.31307727,0.0,0.0
LAPTM4A,0.31387296,0.0,-1.0
LAPTM4B,0.39901775,0.0,-1.0
LAPTM5,0.19949798,0.0,-1.0
LARGE1,0.43885416,0.0,-1.0
LARGE2,0.2553408,0.0,0.0
LARP1,0.1767,0.0,-1.0
LARP1B,0.16843177,0.0,0.0
LARP4,0.2694574,0.0,0.0
LARP4B,0.1842637,0.0,1.0
LARP6,0.4033196,0.0,0.0
LARP7,0.16379938,0.0,-1.0
LARS1,0.34540874,0.0,0.0
LARS2,0.17704155,0.0,0.0
LAS1L,0.17823912,0.0,0.0
LASP1,0.36381796,0.0,1.0
LAT,0.43252072,0.0,-1.0
LAT2,0.45767897,0.0,0.0
LATS1,0.44033507,0.0,1.0
LATS2,0.4417577,0.0,1.0
LAX1,0.36764407,0.0,0.0
LAYN,0.19036938,0.0,0.0
LBH,0.12785393,0.0,0.0
LBHD1,0.11889689,0.0,0.0
LBP,0.21524686,0.0,-1.0
LBR,0.48424333,0.0,-1.0
LBX1,0.5385991,1.0,0.0
LBX2,0.1853197,0.0,0.0
LCA5,0.1353505,0.0,-1.0
LCA5L,0.18079251,0.0,0.0
LCAT,0.2240432,0.0,-1.0
LCE1A,0.06444845,0.0,0.0
LCE1B,0.09399856,0.0,0.0
LCE1D,0.035807643,0.0,-1.0
LCE1E,0.11253681,0.0,0.0
LCE1F,0.025606455,0.0,0.0
LCE2A,0.023911847,0.0,0.0
LCE2B,0.09311146,0.0,0.0
LCE2C,0.060253616,0.0,0.0
LCE2D,0.0932335,0.0,0.0
LCE3A,0.021533813,0.0,0.0
LCE3B,0.02551403,0.0,0.0
LCE3C,0.031565696,0.0,0.0
LCE3D,0.030020755,0.0,0.0
LCE3E,0.026316762,0.0,0.0
LCE4A,0.191205,0.0,-1.0
LCE5A,0.053255726,0.0,0.0
LCE6A,0.2082578,0.0,0.0
LCK,0.6041932,1.0,1.0
LCLAT1,0.15603733,0.0,0.0
LCMT1,0.20907854,0.0,0.0
LCMT2,0.12465369,0.0,0.0
LCN1,0.18606085,0.0,0.0
LCN10,0.0055161337,0.0,0.0
LCN12,0.048416514,0.0,0.0
LCN15,0.041353595,0.0,0.0
LCN2,0.4010722,0.0,0.0
LCN6,0.00017792234,0.0,0.0
LCN8,0.0018592392,0.0,0.0
LCN9,0.0014612699,0.0,0.0
LCNL1,0.131954,0.0,0.0
LCOR,0.38737118,0.0,0.0
LCORL,0.27073076,0.0,0.0
LCP1,0.44945306,0.0,-1.0
LCP2,0.5032791,1.0,0.0
LCT,0.41571006,0.0,0.0
LCTL,0.25270742,0.0,-1.0
LDAF1,0.15398103,0.0,0.0
LDAH,0.14536276,0.0,0.0
LDB1,0.4332364,0.0,-1.0
LDB2,0.41297418,0.0,0.0
LDB3,0.4065662,0.0,-1.0
LDHA,0.26527354,0.0,-1.0
LDHAL6A,0.13739075,0.0,-1.0
LDHAL6B,0.1381061,0.0,-1.0
LDHB,0.18311441,0.0,-1.0
LDHC,0.15897098,0.0,-1.0
LDHD,0.15219542,0.0,0.0
LDLR,0.49983254,0.0,-1.0
LDLRAD1,0.12716423,0.0,-1.0
LDLRAD3,0.11069005,0.0,0.0
LDLRAD4,0.29241544,0.0,0.0
LDLRAP1,0.3958722,0.0,-1.0
LDOC1,0.21309726,0.0,-1.0
LEAP2,0.013897216,0.0,0.0
LECT2,0.06261472,0.0,0.0
LEF1,0.7202038,1.0,1.0
LEFTY1,0.47055778,0.0,0.0
LEFTY2,0.45310712,0.0,0.0
LEKR1,0.22723232,0.0,0.0
LELP1,0.15210544,0.0,0.0
LEMD1,0.16342935,0.0,0.0
LEMD2,0.2533397,0.0,-1.0
LEMD3,0.33571306,0.0,-1.0
LENEP,0.1808927,0.0,0.0
LENG1,0.118844226,0.0,0.0
LENG8,0.17604426,0.0,0.0
LEO1,0.44107452,0.0,0.0
LEP,0.4951901,0.0,-1.0
LEPR,0.51349837,1.0,-1.0
LEPROT,0.24266614,0.0,0.0
LEPROTL1,0.289555,0.0,1.0
LETM1,0.17906688,0.0,-1.0
LETM2,0.18672194,0.0,0.0
LETMD1,0.17162193,0.0,0.0
LEUTX,0.28911442,0.0,0.0
LEXM,0.4747422,0.0,0.0
LFNG,0.44481862,0.0,-1.0
LGALS1,0.5540994,1.0,-1.0
LGALS12,0.17009994,0.0,0.0
LGALS13,0.21713963,0.0,0.0
LGALS14,0.17372477,0.0,0.0
LGALS16,0.1268045,0.0,0.0
LGALS2,0.15741141,0.0,0.0
LGALS3,0.53126353,1.0,-1.0
LGALS3BP,0.29466084,0.0,-1.0
LGALS4,0.6736459,1.0,0.0
LGALS7,0.18081039,0.0,0.0
LGALS7B,0.14993995,0.0,0.0
LGALS8,0.36360985,0.0,0.0
LGALS9,0.3340205,0.0,0.0
LGALS9B,0.093607806,0.0,0.0
LGALS9C,0.058404617,0.0,0.0
LGALSL,0.14591298,0.0,0.0
LGI1,0.40962368,0.0,-1.0
LGI2,0.15696165,0.0,0.0
LGI3,0.1545536,0.0,0.0
LGI4,0.16989599,0.0,0.0
LGMN,0.2645264,0.0,0.0
LGR4,0.3641508,0.0,0.0
LGR5,0.44963,0.0,0.0
LGR6,0.34396905,0.0,-1.0
LGSN,0.16715531,0.0,-1.0
LHB,0.37783453,0.0,0.0
LHCGR,0.39493242,0.0,-1.0
LHFPL1,0.31842932,0.0,0.0
LHFPL2,0.16517685,0.0,0.0
LHFPL4,0.14527473,0.0,0.0
LHFPL5,0.17310105,0.0,0.0
LHFPL6,0.29009363,0.0,-1.0
LHPP,0.12041532,0.0,0.0
LHX2,0.5321476,1.0,0.0
LHX3,0.49625033,0.0,-1.0
LHX4,0.3887972,0.0,-1.0
LHX5,0.41435942,0.0,0.0
LHX6,0.45083565,0.0,0.0
LHX8,0.4288847,0.0,0.0
LHX9,0.4587484,0.0,0.0
LIAS,0.38317817,0.0,0.0
LIF,0.5938567,1.0,0.0
LIFR,0.51012766,1.0,1.0
LIG1,0.49680743,0.0,0.0
LIG3,0.5695456,1.0,0.0
LIG4,0.4939393,0.0,-1.0
LILRA1,0.19496232,0.0,0.0
LILRA2,0.26407692,0.0,0.0
LILRA4,0.29079503,0.0,0.0
LILRA6,0.26411226,0.0,0.0
LILRB1,0.4255599,0.0,-1.0
LILRB2,0.27416775,0.0,-1.0
LILRB3,0.26592174,0.0,0.0
LILRB4,0.37122628,0.0,0.0
LILRB5,0.23852013,0.0,0.0
LIM2,0.3321966,0.0,0.0
LIMA1,0.35003105,0.0,0.0
LIMCH1,0.09041379,0.0,-1.0
LIMD1,0.2848734,0.0,-1.0
LIMD2,0.09878372,0.0,-1.0
LIME1,0.2863512,0.0,0.0
LIMK1,0.44740084,0.0,-1.0
LIMK2,0.36892122,0.0,0.0
LIMS1,0.33272216,0.0,0.0
LIMS2,0.30058905,0.0,0.0
LIMS3,0.07835485,0.0,0.0
LIMS4,0.12361094,0.0,0.0
LIN28A,0.46679762,0.0,0.0
LIN28B,0.2977539,0.0,-1.0
LIN37,0.25167465,0.0,0.0
LIN52,0.2698326,0.0,0.0
LIN54,0.4072423,0.0,0.0
LIN7A,0.38849124,0.0,-1.0
LIN7B,0.2784228,0.0,0.0
LIN7C,0.33164942,0.0,0.0
LIN9,0.41628522,0.0,-1.0
LINC02914,0.1734568,0.0,0.0
LINGO1,0.35805744,0.0,0.0
LINGO2,0.29960132,0.0,0.0
LINGO4,0.3137263,0.0,0.0
LINS1,0.5638934,1.0,0.0
LIPA,0.3019,0.0,-1.0
LIPC,0.08718611,0.0,-1.0
LIPE,0.2442072,0.0,-1.0
LIPF,0.16419603,0.0,0.0
LIPG,0.3216971,0.0,0.0
LIPH,0.26033604,0.0,-1.0
LIPJ,0.13630065,0.0,0.0
LIPK,0.21465825,0.0,0.0
LIPM,0.15894663,0.0,0.0
LIPN,0.17314526,0.0,-1.0
LIPT2,0.07330476,0.0,0.0
LITAF,0.34469578,0.0,-1.0
LIX1,0.3238154,0.0,0.0
LKAAEAR1,0.006487821,0.0,0.0
LLCFC1,0.20919892,0.0,0.0
LLGL1,0.37360683,0.0,-1.0
LLGL2,0.24122986,0.0,-1.0
LLPH,0.13145071,0.0,0.0
LMAN1,0.29682764,0.0,-1.0
LMAN1L,0.22560976,0.0,0.0
LMAN2,0.20966782,0.0,0.0
LMAN2L,0.16804808,0.0,0.0
LMBR1,0.28950036,0.0,-1.0
LMBR1L,0.2900047,0.0,0.0
LMBRD1,0.34053758,0.0,0.0
LMBRD2,0.23691641,0.0,0.0
LMCD1,0.21538517,0.0,-1.0
LMF1,0.23174806,0.0,-1.0
LMF2,0.11225316,0.0,0.0
LMLN,0.27969447,0.0,0.0
LMNA,0.5544192,1.0,1.0
LMNB1,0.53674865,1.0,0.0
LMNTD1,0.13941789,0.0,0.0
LMNTD2,0.25310406,0.0,-1.0
LMO1,0.45623216,0.0,1.0
LMO2,0.5897023,1.0,1.0
LMO3,0.38827315,0.0,-1.0
LMO4,0.35723734,0.0,0.0
LMO7,0.36999813,0.0,-1.0
LMOD1,0.36019346,0.0,0.0
LMOD2,0.19224817,0.0,0.0
LMOD3,0.22431228,0.0,0.0
LMTK2,0.35566735,0.0,0.0
LMTK3,0.19679916,0.0,0.0
LMX1A,0.48665345,0.0,-1.0
LMX1B,0.46509892,0.0,-1.0
LNP1,0.21230675,0.0,-1.0
LNPEP,0.42823133,0.0,-1.0
LNPK,0.23320213,0.0,0.0
LNX1,0.33454773,0.0,0.0
LNX2,0.18769422,0.0,0.0
LONP1,0.3072705,0.0,0.0
LONP2,0.18642946,0.0,0.0
LONRF1,0.1269548,0.0,-1.0
LONRF2,0.20840204,0.0,0.0
LONRF3,0.2716808,0.0,-1.0
LOX,0.584049,1.0,-1.0
LOXHD1,0.16068183,0.0,-1.0
LOXL1,0.44231167,0.0,-1.0
LOXL2,0.42450443,0.0,-1.0
LOXL3,0.24706446,0.0,-1.0
LOXL4,0.2602287,0.0,-1.0
LPA,0.1875352,0.0,0.0
LPAR1,0.22531083,0.0,-1.0
LPAR2,0.19832863,0.0,-1.0
LPAR3,0.19814642,0.0,-1.0
LPAR5,0.14822935,0.0,-1.0
LPAR6,0.18976188,0.0,-1.0
LPCAT1,0.0836913,0.0,0.0
LPCAT2,0.06963049,0.0,0.0
LPCAT3,0.12711397,0.0,0.0
LPCAT4,0.044820983,0.0,0.0
LPGAT1,0.17753619,0.0,0.0
LPIN1,0.23516893,0.0,-1.0
LPIN2,0.31445223,0.0,0.0
LPIN3,0.22917834,0.0,0.0
LPL,0.32672083,0.0,-1.0
LPO,0.39282665,0.0,0.0
LPXN,0.32825264,0.0,0.0
LRAT,0.20364049,0.0,-1.0
LRATD1,0.18918023,0.0,0.0
LRATD2,0.075876154,0.0,-1.0
LRBA,0.55005264,1.0,-1.0
LRCH1,0.34131074,0.0,0.0
LRCH2,0.31525955,0.0,0.0
LRCH3,0.36974034,0.0,0.0
LRCH4,0.33353093,0.0,0.0
LRFN1,0.33050632,0.0,0.0
LRFN2,0.32844302,0.0,-1.0
LRFN3,0.33268276,0.0,0.0
LRFN4,0.3288307,0.0,0.0
LRFN5,0.32941964,0.0,-1.0
LRG1,0.33357045,0.0,0.0
LRGUK,0.3302788,0.0,-1.0
LRIF1,0.17255214,0.0,0.0
LRIG1,0.34476838,0.0,-1.0
LRIG2,0.38414058,0.0,-1.0
LRIG3,0.353649,0.0,1.0
LRIT1,0.2437188,0.0,0.0
LRIT2,0.31868824,0.0,0.0
LRMDA,0.33235788,0.0,-1.0
LRP1,0.50332534,1.0,-1.0
LRP10,0.25783044,0.0,0.0
LRP11,0.19464922,0.0,0.0
LRP12,0.25896508,0.0,0.0
LRP1B,0.4222208,0.0,1.0
LRP2,0.38768986,0.0,-1.0
LRP2BP,0.2964296,0.0,0.0
LRP3,0.22762316,0.0,0.0
LRP4,0.32400978,0.0,0.0
LRP5,0.55670524,1.0,1.0
LRP5L,0.13479015,0.0,0.0
LRP6,0.5271094,1.0,1.0
LRP8,0.4726716,0.0,-1.0
LRPAP1,0.45742908,0.0,0.0
LRPPRC,0.17275237,0.0,-1.0
LRR1,0.3990408,0.0,0.0
LRRC1,0.35504338,0.0,0.0
LRRC10,0.32131156,0.0,0.0
LRRC10B,0.3128534,0.0,0.0
LRRC14,0.13795783,0.0,0.0
LRRC17,0.34193355,0.0,-1.0
LRRC18,0.32801774,0.0,-1.0
LRRC19,0.3044029,0.0,0.0
LRRC2,0.32563332,0.0,0.0
LRRC20,0.09876417,0.0,0.0
LRRC23,0.32853034,0.0,0.0
LRRC24,0.31951642,0.0,0.0
LRRC25,0.268103,0.0,-1.0
LRRC26,0.32158005,0.0,0.0
LRRC27,0.19861718,0.0,0.0
LRRC28,0.3184086,0.0,0.0
LRRC3,0.31951818,0.0,0.0
LRRC30,0.32049522,0.0,0.0
LRRC31,0.11319931,0.0,0.0
LRRC32,0.34109783,0.0,-1.0
LRRC34,0.20957056,0.0,0.0
LRRC36,0.09472443,0.0,0.0
LRRC37A,0.1803457,0.0,0.0
LRRC37A2,0.25499833,0.0,0.0
LRRC37A3,0.1450659,0.0,-1.0
LRRC37B,0.24288705,0.0,0.0
LRRC38,0.32205606,0.0,0.0
LRRC39,0.31903103,0.0,0.0
LRRC3B,0.33746877,0.0,0.0
LRRC3C,0.32459596,0.0,0.0
LRRC4,0.3335694,0.0,0.0
LRRC40,0.34699845,0.0,0.0
LRRC41,0.2027289,0.0,0.0
LRRC42,0.09826129,0.0,0.0
LRRC43,0.32534343,0.0,0.0
LRRC45,0.16031532,0.0,-1.0
LRRC46,0.31722602,0.0,0.0
LRRC47,0.30956692,0.0,-1.0
LRRC49,0.32683045,0.0,0.0
LRRC4B,0.34713262,0.0,0.0
LRRC4C,0.37478495,0.0,-1.0
LRRC52,0.30893293,0.0,0.0
LRRC53,0.31204352,0.0,0.0
LRRC55,0.3192418,0.0,-1.0
LRRC56,0.3101348,0.0,0.0
LRRC57,0.32701832,0.0,0.0
LRRC58,0.3241744,0.0,0.0
LRRC59,0.14867844,0.0,0.0
LRRC61,0.30604738,0.0,0.0
LRRC63,0.31251627,0.0,0.0
LRRC66,0.3085246,0.0,-1.0
LRRC69,0.33781365,0.0,0.0
LRRC7,0.36650598,0.0,-1.0
LRRC70,0.3201404,0.0,0.0
LRRC71,0.17290372,0.0,0.0
LRRC72,0.17359209,0.0,0.0
LRRC73,0.17060725,0.0,0.0
LRRC74A,0.177656,0.0,0.0
LRRC75A,0.12662345,0.0,0.0
LRRC75B,0.17318025,0.0,-1.0
LRRC8A,0.31982082,0.0,-1.0
LRRC8B,0.33569002,0.0,0.0
LRRC8C,0.35444397,0.0,0.0
LRRC8D,0.33375606,0.0,0.0
LRRC8E,0.3198727,0.0,0.0
LRRC9,0.32423076,0.0,0.0
LRRCC1,0.3238948,0.0,0.0
LRRD1,0.3011595,0.0,0.0
LRRFIP1,0.3575173,0.0,-1.0
LRRFIP2,0.22203654,0.0,0.0
LRRIQ1,0.33557937,0.0,-1.0
LRRIQ3,0.31293425,0.0,-1.0
LRRIQ4,0.3079298,0.0,0.0
LRRK1,0.36393085,0.0,-1.0
LRRK2,0.60512835,1.0,-1.0
LRRN1,0.34669912,0.0,0.0
LRRN2,0.32412973,0.0,0.0
LRRN3,0.32741082,0.0,-1.0
LRRN4,0.3159219,0.0,0.0
LRRN4CL,0.21742068,0.0,0.0
LRRTM1,0.3449198,0.0,-1.0
LRRTM2,0.35916752,0.0,0.0
LRRTM3,0.33006933,0.0,0.0
LRRTM4,0.33859533,0.0,-1.0
LRSAM1,0.36893028,0.0,0.0
LRTM1,0.31139833,0.0,-1.0
LRTM2,0.36571246,0.0,0.0
LRTOMT,0.18109794,0.0,0.0
LRWD1,0.32100442,0.0,-1.0
LSAMP,0.228656,0.0,-1.0
LSG1,0.11624019,0.0,0.0
LSM1,0.37232128,0.0,0.0
LSM10,0.2362617,0.0,0.0
LSM11,0.2507029,0.0,0.0
LSM12,0.20380178,0.0,0.0
LSM14A,0.27217478,0.0,-1.0
LSM14B,0.23314089,0.0,0.0
LSM2,0.4342589,0.0,0.0
LSM3,0.14525329,0.0,0.0
LSM4,0.25728875,0.0,0.0
LSM5,0.43026382,0.0,0.0
LSM6,0.22509156,0.0,0.0
LSM7,0.19803327,0.0,0.0
LSM8,0.19642939,0.0,0.0
LSMEM1,0.23773292,0.0,0.0
LSMEM2,0.13252117,0.0,0.0
LSP1,0.33911568,0.0,-1.0
LSR,0.27804106,0.0,0.0
LSS,0.29295844,0.0,0.0
LST1,0.117012136,0.0,0.0
LTA,0.51574224,1.0,-1.0
LTA4H,0.3219838,0.0,-1.0
LTB,0.4043749,0.0,1.0
LTB4R,0.35437378,0.0,0.0
LTB4R2,0.20757452,0.0,0.0
LTBP1,0.37549117,0.0,0.0
LTBP2,0.31487998,0.0,-1.0
LTBP3,0.43963662,0.0,-1.0
LTBP4,0.3507976,0.0,-1.0
LTBR,0.44538173,0.0,-1.0
LTC4S,0.28929055,0.0,0.0
LTF,0.28886724,0.0,0.0
LTK,0.4124381,0.0,-1.0
LTN1,0.30123276,0.0,0.0
LTO1,0.17285563,0.0,-1.0
LTV1,0.15709086,0.0,0.0
LUC7L,0.26695657,0.0,-1.0
LUC7L2,0.25914928,0.0,-1.0
LUC7L3,0.37063,0.0,0.0
LUM,0.540907,1.0,-1.0
LURAP1,0.16895787,0.0,0.0
LURAP1L,0.14067589,0.0,0.0
LUZP1,0.20968764,0.0,-1.0
LUZP2,0.16540785,0.0,-1.0
LUZP4,0.24181023,0.0,0.0
LVRN,0.21476965,0.0,0.0
LXN,0.3771673,0.0,0.0
LY6D,0.23202989,0.0,0.0
LY6E,0.3010125,0.0,-1.0
LY6G5B,0.09023824,0.0,0.0
LY6G5C,0.11422627,0.0,0.0
LY6G6C,0.23824848,0.0,0.0
LY6G6D,0.10475664,0.0,0.0
LY6G6E,0.088283285,0.0,0.0
LY6G6F,0.1560667,0.0,0.0
LY6H,0.17349555,0.0,0.0
LY75-CD302,0.34423503,0.0,0.0
LY86,0.29054233,0.0,0.0
LY96,0.4368257,0.0,0.0
LYAR,0.13583085,0.0,0.0
LYG1,0.19879183,0.0,0.0
LYG2,0.040497478,0.0,0.0
LYL1,0.41191298,0.0,1.0
LYN,0.63057345,1.0,1.0
LYPD1,0.11007424,0.0,0.0
LYPD2,0.09530616,0.0,0.0
LYPD3,0.23847261,0.0,-1.0
LYPD5,0.09479717,0.0,0.0
LYPD6,0.10790578,0.0,0.0
LYPD6B,0.48872986,0.0,0.0
LYPLA1,0.1325918,0.0,-1.0
LYPLA2,0.16411826,0.0,0.0
LYPLAL1,0.1527087,0.0,0.0
LYRM1,0.1168931,0.0,0.0
LYRM2,0.104166016,0.0,0.0
LYRM4,0.12165166,0.0,0.0
LYRM7,0.09570626,0.0,0.0
LYRM9,0.15136571,0.0,-1.0
LYSMD1,0.12844974,0.0,0.0
LYSMD2,0.04970552,0.0,0.0
LYSMD3,0.2427264,0.0,0.0
LYSMD4,0.011383776,0.0,0.0
LYST,0.6577508,1.0,-1.0
LYVE1,0.47995353,0.0,0.0
LYZ,0.4828748,0.0,-1.0
LYZL1,0.15022294,0.0,0.0
LYZL2,0.1388622,0.0,0.0
LYZL4,0.13742028,0.0,0.0
LZIC,0.069003336,0.0,0.0
LZTFL1,0.21273872,0.0,0.0
LZTR1,0.20763212,0.0,1.0
LZTS1,0.2728455,0.0,-1.0
LZTS2,0.26979214,0.0,0.0
LZTS3,0.15040977,0.0,0.0
M1AP,0.11619846,0.0,-1.0
M6PR,0.40302902,0.0,0.0
MAB21L1,0.22581391,0.0,0.0
MAB21L2,0.25145638,0.0,0.0
MAB21L3,0.09067028,0.0,0.0
MAB21L4,0.19406247,0.0,0.0
MACC1,0.2654283,0.0,1.0
MACF1,0.49617082,0.0,-1.0
MACIR,0.15617955,0.0,0.0
MACO1,0.11180648,0.0,0.0
MACROD1,0.2828151,0.0,-1.0
MACROD2,0.26491886,0.0,-1.0
MACROH2A1,0.42503893,0.0,-1.0
MACROH2A2,0.3834926,0.0,-1.0
MAD1L1,0.40726542,0.0,-1.0
MAD2L1,0.53211266,1.0,-1.0
MAD2L1BP,0.16312025,0.0,0.0
MAD2L2,0.4559153,0.0,1.0
MADCAM1,0.4031397,0.0,0.0
MADD,0.3221332,0.0,-1.0
MAEA,0.43753403,0.0,0.0
MAEL,0.17831022,0.0,0.0
MAF,0.57409495,1.0,1.0
MAF1,0.29928184,0.0,0.0
MAFA,0.36056468,0.0,-1.0
MAFB,0.4543378,0.0,1.0
MAFF,0.33882114,0.0,0.0
MAFG,0.30612147,0.0,-1.0
MAFK,0.32751343,0.0,-1.0
MAG,0.46216387,0.0,0.0
MAGEA1,0.4158257,0.0,-1.0
MAGEA10,0.32510364,0.0,0.0
MAGEA11,0.28752542,0.0,0.0
MAGEA12,0.29546958,0.0,0.0
MAGEA2B,0.29776737,0.0,0.0
MAGEA3,0.4157665,0.0,-1.0
MAGEA4,0.32889318,0.0,0.0
MAGEA6,0.33206162,0.0,-1.0
MAGEA8,0.20506033,0.0,0.0
MAGEA9,0.010754996,0.0,0.0
MAGEB1,0.26763308,0.0,0.0
MAGEB10,0.21427795,0.0,0.0
MAGEB16,0.22758783,0.0,0.0
MAGEB17,0.25922787,0.0,0.0
MAGEB18,0.26237375,0.0,0.0
MAGEB2,0.3078198,0.0,0.0
MAGEB3,0.2277818,0.0,0.0
MAGEB4,0.21929787,0.0,0.0
MAGEB6,0.2468703,0.0,0.0
MAGEC1,0.2572452,0.0,-1.0
MAGEC2,0.2682123,0.0,-1.0
MAGEC3,0.32691887,0.0,-1.0
MAGED1,0.3502294,0.0,-1.0
MAGED2,0.29235253,0.0,0.0
MAGED4,0.35851076,0.0,0.0
MAGEE1,0.384343,0.0,-1.0
MAGEE2,0.18063903,0.0,0.0
MAGEF1,0.24407853,0.0,0.0
MAGEH1,0.36984864,0.0,0.0
MAGEL2,0.28288457,0.0,0.0
MAGI1,0.41634983,0.0,0.0
MAGI2,0.4215779,0.0,-1.0
MAGI3,0.439918,0.0,0.0
MAGOH,0.23723248,0.0,0.0
MAGOHB,0.28747615,0.0,0.0
MAGT1,0.11507223,0.0,-1.0
MAIP1,0.13319527,0.0,0.0
MAJIN,0.18356012,0.0,0.0
MAK,0.28698874,0.0,-1.0
MAK16,0.13102265,0.0,0.0
MAL,0.26894504,0.0,-1.0
MALL,0.41417223,0.0,0.0
MALSU1,0.1025868,0.0,-1.0
MALT1,0.4394688,0.0,1.0
MAMDC2,0.14050217,0.0,0.0
MAMDC4,0.12973523,0.0,-1.0
MAML1,0.39086652,0.0,-1.0
MAML3,0.27779907,0.0,-1.0
MAMLD1,0.34389618,0.0,-1.0
MAMSTR,0.23419449,0.0,-1.0
MAN1A1,0.14623092,0.0,0.0
MAN1A2,0.23441973,0.0,-1.0
MAN1B1,0.15806223,0.0,-1.0
MAN1C1,0.21557757,0.0,0.0
MAN2A1,0.29777452,0.0,-1.0
MAN2A2,0.12709951,0.0,0.0
MAN2B1,0.24844201,0.0,-1.0
MAN2B2,0.025427414,0.0,0.0
MAN2C1,0.35392177,0.0,0.0
MANBA,0.31443226,0.0,-1.0
MANBAL,0.101504095,0.0,0.0
MANEA,0.32332423,0.0,0.0
MANEAL,0.09160184,0.0,0.0
MANF,0.32389018,0.0,-1.0
MANSC1,0.08134819,0.0,0.0
MAOA,0.39887497,0.0,0.0
MAOB,0.39111137,0.0,0.0
MAP10,0.12768562,0.0,0.0
MAP1A,0.36018437,0.0,0.0
MAP1B,0.49479574,0.0,0.0
MAP1LC3A,0.39331633,0.0,-1.0
MAP1LC3B,0.45240474,0.0,-1.0
MAP1LC3C,0.32697764,0.0,-1.0
MAP1S,0.2502715,0.0,-1.0
MAP2,0.5257044,1.0,-1.0
MAP2K1,0.71229666,1.0,1.0
MAP2K2,0.5623317,1.0,1.0
MAP2K3,0.53684086,1.0,-1.0
MAP2K4,0.5862404,1.0,1.0
MAP2K5,0.41566277,0.0,-1.0
MAP2K6,0.5026662,1.0,-1.0
MAP2K7,0.67239916,1.0,-1.0
MAP3K1,0.5320261,1.0,1.0
MAP3K10,0.35729316,0.0,0.0
MAP3K11,0.4298657,0.0,0.0
MAP3K12,0.3816686,0.0,-1.0
MAP3K13,0.40236357,0.0,1.0
MAP3K15,0.3151818,0.0,0.0
MAP3K19,0.32036817,0.0,-1.0
MAP3K2,0.4214024,0.0,0.0
MAP3K20,0.34654254,0.0,0.0
MAP3K21,0.34637877,0.0,-1.0
MAP3K3,0.4018792,0.0,-1.0
MAP3K4,0.41097552,0.0,-1.0
MAP3K5,0.4788225,0.0,-1.0
MAP3K6,0.31063974,0.0,-1.0
MAP3K7,0.44658965,0.0,-1.0
MAP3K7CL,0.27343953,0.0,0.0
MAP3K8,0.47867903,0.0,-1.0
MAP3K9,0.33887452,0.0,-1.0
MAP4,0.32946637,0.0,-1.0
MAP4K1,0.33010927,0.0,0.0
MAP4K2,0.33009946,0.0,-1.0
MAP4K3,0.32222876,0.0,-1.0
MAP4K4,0.5304763,1.0,0.0
MAP4K5,0.32795757,0.0,0.0
MAP6,0.3491813,0.0,0.0
MAP6D1,0.061017856,0.0,0.0
MAP7,0.25674644,0.0,-1.0
MAP7D1,0.17345779,0.0,0.0
MAP7D2,0.14304656,0.0,0.0
MAP7D3,0.333997,0.0,0.0
MAP9,0.28737584,0.0,0.0
MAPK1,0.7628122,1.0,1.0
MAPK10,0.55642843,1.0,-1.0
MAPK11,0.47752708,0.0,-1.0
MAPK12,0.4197266,0.0,-1.0
MAPK13,0.40645003,0.0,-1.0
MAPK14,0.72613484,1.0,-1.0
MAPK15,0.35020113,0.0,0.0
MAPK1IP1L,0.30816814,0.0,0.0
MAPK3,0.7334465,1.0,1.0
MAPK4,0.3416153,0.0,-1.0
MAPK6,0.39790288,0.0,-1.0
MAPK7,0.46908584,0.0,-1.0
MAPK8,0.682007,1.0,-1.0
MAPK8IP1,0.3515488,0.0,-1.0
MAPK8IP2,0.26301017,0.0,0.0
MAPK8IP3,0.34124127,0.0,0.0
MAPK9,0.68283427,1.0,-1.0
MAPKAP1,0.3358227,0.0,-1.0
MAPKAPK2,0.46869949,0.0,-1.0
MAPKAPK3,0.36752862,0.0,0.0
MAPKBP1,0.19916043,0.0,0.0
MAPRE1,0.4880654,0.0,-1.0
MAPRE2,0.41843876,0.0,0.0
MAPRE3,0.44334504,0.0,-1.0
MAPT,0.5829709,1.0,-1.0
MARCHF1,0.42489386,0.0,0.0
MARCHF10,0.21429272,0.0,0.0
MARCHF11,0.2232657,0.0,-1.0
MARCHF2,0.36915717,0.0,0.0
MARCHF3,0.2929327,0.0,-1.0
MARCHF4,0.29604372,0.0,0.0
MARCHF5,0.18948203,0.0,0.0
MARCHF6,0.32899055,0.0,0.0
MARCHF7,0.5851678,1.0,0.0
MARCHF8,0.36001042,0.0,0.0
MARCHF9,0.25896844,0.0,0.0
MARCKSL1,0.31063005,0.0,0.0
MARCO,0.31177434,0.0,0.0
MARF1,0.34649387,0.0,0.0
MARK1,0.36388192,0.0,0.0
MARK2,0.4655791,0.0,-1.0
MARK3,0.4012086,0.0,-1.0
MARK4,0.3299503,0.0,-1.0
MARS1,0.1996786,0.0,-1.0
MARS2,0.16747625,0.0,0.0
MARVELD1,0.17391078,0.0,0.0
MARVELD2,0.32922578,0.0,0.0
MARVELD3,0.1468107,0.0,0.0
MAS1,0.3796598,0.0,-1.0
MAS1L,0.14829917,0.0,-1.0
MASP1,0.14630589,0.0,0.0
MASP2,0.07135873,0.0,0.0
MAST1,0.33699834,0.0,-1.0
MAST2,0.34123594,0.0,0.0
MAST3,0.33336136,0.0,-1.0
MAST4,0.28999197,0.0,-1.0
MASTL,0.4019487,0.0,-1.0
MAT2A,0.22647007,0.0,0.0
MAT2B,0.17068563,0.0,0.0
MATK,0.5092305,1.0,-1.0
MATN1,0.3483852,0.0,0.0
MATN2,0.30997494,0.0,0.0
MATN3,0.37671655,0.0,-1.0
MATR3,0.2820786,0.0,-1.0
MAVS,0.40672028,0.0,0.0
MAX,0.4983975,0.0,1.0
MAZ,0.40238652,0.0,-1.0
MB,0.38632894,0.0,0.0
MB21D2,0.12384023,0.0,-1.0
MBD1,0.33593708,0.0,-1.0
MBD2,0.41189528,0.0,-1.0
MBD3,0.34721264,0.0,0.0
MBD3L1,0.21639799,0.0,0.0
MBD3L2,0.27311906,0.0,0.0
MBD3L3,0.22728509,0.0,0.0
MBD4,0.43928266,0.0,-1.0
MBD5,0.352335,0.0,-1.0
MBD6,0.22703972,0.0,1.0
MBIP,0.23356903,0.0,0.0
MBL2,0.1962192,0.0,0.0
MBLAC1,0.16002578,0.0,0.0
MBLAC2,0.16245276,0.0,0.0
MBNL1,0.6136573,1.0,-1.0
MBNL2,0.2995085,0.0,-1.0
MBNL3,0.37743592,0.0,0.0
MBOAT1,0.112586826,0.0,0.0
MBOAT2,0.2208124,0.0,-1.0
MBOAT4,0.5743446,1.0,0.0
MBOAT7,0.12232644,0.0,0.0
MBP,0.58407354,1.0,0.0
MBTD1,0.2832917,0.0,0.0
MBTPS1,0.42125806,0.0,0.0
MBTPS2,0.31873736,0.0,0.0
MC1R,0.29110965,0.0,-1.0
MC2R,0.24544618,0.0,-1.0
MC3R,0.2345443,0.0,0.0
MC4R,0.28105772,0.0,-1.0
MC5R,0.24182211,0.0,0.0
MCAM,0.5471904,1.0,-1.0
MCAT,0.2027257,0.0,0.0
MCC,0.35872015,0.0,-1.0
MCCC1,0.13693039,0.0,0.0
MCCC2,0.19798371,0.0,0.0
MCCD1,0.027400605,0.0,0.0
MCEE,0.124934465,0.0,0.0
MCEMP1,0.06459688,0.0,0.0
MCF2,0.5486658,1.0,-1.0
MCF2L,0.2371491,0.0,0.0
MCF2L2,0.27750936,0.0,-1.0
MCFD2,0.17278087,0.0,-1.0
MCHR1,0.16405569,0.0,-1.0
MCHR2,0.20774229,0.0,-1.0
MCIDAS,0.36801434,0.0,0.0
MCL1,0.626707,1.0,1.0
MCM2,0.50688416,1.0,-1.0
MCM3,0.51250696,1.0,-1.0
MCM3AP,0.38191685,0.0,0.0
MCM4,0.4134781,0.0,-1.0
MCM5,0.4290656,0.0,-1.0
MCM6,0.49957398,0.0,-1.0
MCM7,0.46616003,0.0,-1.0
MCM8,0.45558947,0.0,0.0
MCM9,0.40797272,0.0,0.0
MCMBP,0.33729082,0.0,-1.0
MCMDC2,0.33740765,0.0,0.0
MCOLN1,0.3024667,0.0,-1.0
MCOLN2,0.20219666,0.0,0.0
MCPH1,0.40445292,0.0,-1.0
MCRIP1,0.0798392,0.0,0.0
MCRIP2,0.098627225,0.0,0.0
MCRS1,0.3466907,0.0,-1.0
MCTP1,0.15999435,0.0,0.0
MCTP2,0.28679782,0.0,0.0
MCTS1,0.20268326,0.0,0.0
MCU,0.35016572,0.0,0.0
MCUB,0.26594713,0.0,0.0
MCUR1,0.18643978,0.0,0.0
MDC1,0.54158235,1.0,-1.0
MDFI,0.28586027,0.0,0.0
MDFIC,0.4586369,0.0,-1.0
MDGA1,0.17230979,0.0,0.0
MDGA2,0.19734174,0.0,0.0
MDH1,0.166839,0.0,0.0
MDH1B,0.15656185,0.0,0.0
MDH2,0.16940162,0.0,-1.0
MDK,0.51303273,1.0,-1.0
MDM1,0.3141027,0.0,0.0
MDM4,0.5308138,1.0,1.0
MDN1,0.17794292,0.0,0.0
MDP1,0.16947836,0.0,0.0
MDS2,0.24083059,0.0,-1.0
ME1,0.17749628,0.0,-1.0
ME2,0.2476919,0.0,0.0
MEA1,0.36752117,0.0,0.0
MEAF6,0.39529973,0.0,0.0
MEAK7,0.16214398,0.0,0.0
MECOM,0.32680762,0.0,1.0
MECP2,0.662326,1.0,-1.0
MECR,0.11404731,0.0,0.0
MED1,0.44984743,0.0,-1.0
MED10,0.3233931,0.0,0.0
MED11,0.31058067,0.0,0.0
MED12,0.45724583,0.0,1.0
MED12L,0.3170024,0.0,-1.0
MED13,0.37839508,0.0,-1.0
MED13L,0.35644567,0.0,-1.0
MED14,0.34460467,0.0,0.0
MED15,0.3207404,0.0,0.0
MED16,0.34214988,0.0,-1.0
MED17,0.45781812,0.0,0.0
MED18,0.32451445,0.0,0.0
MED19,0.4391774,0.0,0.0
MED20,0.32266992,0.0,0.0
MED21,0.49264193,0.0,0.0
MED22,0.43113175,0.0,0.0
MED23,0.5219511,1.0,-1.0
MED24,0.3560683,0.0,0.0
MED25,0.31190068,0.0,-1.0
MED26,0.4512835,0.0,0.0
MED27,0.4552199,0.0,0.0
MED28,0.494493,0.0,-1.0
MED29,0.5784378,1.0,0.0
MED30,0.42960036,0.0,0.0
MED31,0.4736704,0.0,-1.0
MED4,0.24616238,0.0,0.0
MED6,0.38544446,0.0,0.0
MED7,0.34196463,0.0,0.0
MED8,0.347438,0.0,0.0
MED9,0.2626712,0.0,0.0
MEDAG,0.16987005,0.0,0.0
MEF2A,0.60411763,1.0,-1.0
MEF2C,0.5557588,1.0,-1.0
MEF2D,0.393554,0.0,1.0
MEFV,0.44907603,0.0,-1.0
MEGF10,0.31175542,0.0,0.0
MEGF11,0.31441095,0.0,0.0
MEGF6,0.30322233,0.0,0.0
MEGF8,0.22229964,0.0,0.0
MEGF9,0.37352195,0.0,0.0
MEI1,0.25470883,0.0,0.0
MEIG1,0.19125661,0.0,0.0
MEIOB,0.18946792,0.0,0.0
MEIOC,0.16930778,0.0,0.0
MEIOSIN,0.18833794,0.0,0.0
MEIS1,0.5758398,1.0,-1.0
MEIS2,0.5210666,1.0,0.0
MEIS3,0.4155908,0.0,0.0
MELK,0.42431077,0.0,-1.0
MELTF,0.2450334,0.0,0.0
MEMO1,0.31421873,0.0,0.0
MEN1,0.51190025,1.0,1.0
MEOX1,0.4367776,0.0,0.0
MEOX2,0.47309905,0.0,0.0
MEP1A,0.0786401,0.0,-1.0
MEP1B,0.12621884,0.0,0.0
MEPCE,0.2883287,0.0,0.0
MEPE,0.24985392,0.0,0.0
MERTK,0.36755374,0.0,-1.0
MESD,0.29210082,0.0,0.0
MESP1,0.39903086,0.0,0.0
MESP2,0.4290619,0.0,0.0
MEST,0.3594491,0.0,0.0
MET,0.6447905,1.0,1.0
METAP1,0.13314551,0.0,0.0
METAP1D,0.12908007,0.0,0.0
METAP2,0.1873615,0.0,-1.0
METRN,0.19682607,0.0,0.0
METRNL,0.03808754,0.0,0.0
METTL1,0.17646526,0.0,0.0
METTL13,0.33854935,0.0,0.0
METTL14,0.28609768,0.0,-1.0
METTL15,0.14943743,0.0,0.0
METTL16,0.12586173,0.0,0.0
METTL17,0.09711484,0.0,0.0
METTL18,0.10621594,0.0,0.0
METTL21A,0.15564145,0.0,-1.0
METTL21C,0.112000264,0.0,0.0
METTL22,0.11759297,0.0,0.0
METTL23,0.11033893,0.0,-1.0
METTL25,0.21250208,0.0,0.0
METTL25B,0.1399163,0.0,0.0
METTL26,0.06948348,0.0,-1.0
METTL27,0.12457062,0.0,0.0
METTL2A,0.13121776,0.0,0.0
METTL2B,0.17996223,0.0,0.0
METTL3,0.24461518,0.0,-1.0
METTL4,0.24523373,0.0,0.0
METTL5,0.12126871,0.0,0.0
METTL6,0.095231794,0.0,0.0
METTL7A,0.09556583,0.0,-1.0
METTL7B,0.28550348,0.0,0.0
METTL8,0.13966426,0.0,0.0
METTL9,0.25123617,0.0,0.0
MEX3A,0.20224486,0.0,0.0
MEX3B,0.18761796,0.0,0.0
MEX3C,0.25095162,0.0,-1.0
MFAP1,0.3038984,0.0,0.0
MFAP2,0.29524624,0.0,0.0
MFAP3,0.22575015,0.0,0.0
MFAP3L,0.104023404,0.0,0.0
MFAP4,0.34444323,0.0,-1.0
MFAP5,0.31129435,0.0,-1.0
MFF,0.24104515,0.0,0.0
MFGE8,0.39786467,0.0,0.0
MFHAS1,0.3108244,0.0,-1.0
MFN1,0.41281727,0.0,0.0
MFN2,0.45386884,0.0,-1.0
MFNG,0.24705842,0.0,0.0
MFRP,0.31584814,0.0,-1.0
MFSD1,0.14920333,0.0,0.0
MFSD10,0.15904841,0.0,-1.0
MFSD11,0.20577797,0.0,0.0
MFSD12,0.15740901,0.0,0.0
MFSD13A,0.17439607,0.0,0.0
MFSD14A,0.16426429,0.0,0.0
MFSD14B,0.12192715,0.0,0.0
MFSD2A,0.12642507,0.0,0.0
MFSD2B,0.16874938,0.0,0.0
MFSD3,0.1740957,0.0,0.0
MFSD4A,0.11418335,0.0,0.0
MFSD4B,0.2639465,0.0,0.0
MFSD5,0.18475915,0.0,0.0
MFSD6,0.16015553,0.0,0.0
MFSD6L,0.20164104,0.0,0.0
MFSD8,0.23564929,0.0,-1.0
MFSD9,0.19474812,0.0,0.0
MGA,0.4460959,0.0,1.0
MGAM,0.5531093,1.0,1.0
MGAM2,0.21012436,0.0,0.0
MGARP,0.23351625,0.0,0.0
MGAT1,0.10309869,0.0,0.0
MGAT2,0.10831989,0.0,-1.0
MGAT3,0.19278806,0.0,-1.0
MGAT4A,0.19573677,0.0,0.0
MGAT4B,0.053923406,0.0,0.0
MGAT4D,0.17987852,0.0,0.0
MGAT5,0.1866132,0.0,0.0
MGAT5B,0.062031336,0.0,-1.0
MGLL,0.16625899,0.0,0.0
MGME1,0.22641897,0.0,0.0
MGMT,0.51346236,1.0,1.0
MGP,0.5451936,1.0,0.0
MGRN1,0.21817923,0.0,0.0
MGST1,0.2907214,0.0,-1.0
MGST2,0.16023034,0.0,-1.0
MGST3,0.123031475,0.0,-1.0
MIA,0.33512983,0.0,0.0
MIA2,0.23470986,0.0,-1.0
MIA3,0.21945533,0.0,0.0
MIB1,0.4186417,0.0,-1.0
MIB2,0.3572655,0.0,-1.0
MICAL1,0.47277394,0.0,0.0
MICAL2,0.3574935,0.0,-1.0
MICAL3,0.3215753,0.0,0.0
MICALL1,0.33025727,0.0,0.0
MICALL2,0.32520294,0.0,0.0
MICB,0.38216215,0.0,-1.0
MICOS10,0.09992235,0.0,0.0
MICOS13,0.13187778,0.0,0.0
MICU1,0.47957826,0.0,0.0
MICU2,0.2710112,0.0,0.0
MICU3,0.22742182,0.0,-1.0
MID1,0.38327834,0.0,-1.0
MID1IP1,0.13570628,0.0,0.0
MID2,0.34072617,0.0,0.0
MIDEAS,0.34442288,0.0,1.0
MIDN,0.22024377,0.0,0.0
MIEF1,0.15926734,0.0,0.0
MIEF2,0.13499168,0.0,0.0
MIEN1,0.18518107,0.0,-1.0
MIER1,0.4012863,0.0,-1.0
MIER2,0.2621875,0.0,0.0
MIER3,0.17906529,0.0,-1.0
MIF,0.49217126,0.0,-1.0
MIF4GD,0.18682872,0.0,0.0
MIGA1,0.18910952,0.0,0.0
MIGA2,0.11359716,0.0,0.0
MIIP,0.23362009,0.0,0.0
MINAR1,0.082526475,0.0,-1.0
MINDY1,0.16391416,0.0,0.0
MINDY2,0.18633233,0.0,0.0
MINDY3,0.2427777,0.0,0.0
MINDY4,0.1402861,0.0,0.0
MINK1,0.38620204,0.0,0.0
MINPP1,0.25313497,0.0,0.0
MIOS,0.2806128,0.0,-1.0
MIOX,0.08622023,0.0,0.0
MIP,0.2130685,0.0,-1.0
MIPEP,0.1889983,0.0,0.0
MIPOL1,0.34659973,0.0,0.0
MIR1915HG,0.11551022,0.0,0.0
MIR9-1HG,0.16800752,0.0,0.0
MIS12,0.39628854,0.0,0.0
MIS18A,0.38699362,0.0,0.0
MIS18BP1,0.3097404,0.0,0.0
MISP,0.073264055,0.0,0.0
MITD1,0.11379161,0.0,0.0
MITF,0.6488728,1.0,1.0
MIX23,0.13092068,0.0,0.0
MIXL1,0.51576185,1.0,-1.0
MKI67,0.58152235,1.0,-1.0
MKKS,0.3196336,0.0,-1.0
MKLN1,0.36693525,0.0,0.0
MKNK1,0.39302188,0.0,-1.0
MKNK2,0.3279198,0.0,0.0
MKRN1,0.24094878,0.0,-1.0
MKRN2,0.2452507,0.0,0.0
MKRN3,0.28796402,0.0,-1.0
MKS1,0.32700315,0.0,-1.0
MKX,0.337422,0.0,0.0
MLANA,0.43155074,0.0,0.0
MLC1,0.3519026,0.0,-1.0
MLEC,0.3238155,0.0,0.0
MLF1,0.21982417,0.0,1.0
MLF2,0.20272547,0.0,0.0
MLH1,0.5692785,1.0,1.0
MLH3,0.45174775,0.0,-1.0
MLIP,0.27697754,0.0,0.0
MLKL,0.3564428,0.0,0.0
MLLT1,0.5542244,1.0,1.0
MLLT10,0.49010405,0.0,1.0
MLLT11,0.21397187,0.0,1.0
MLLT3,0.47594523,0.0,1.0
MLN,0.34923533,0.0,0.0
MLNR,0.20157763,0.0,0.0
MLPH,0.27557668,0.0,-1.0
MLST8,0.4089119,0.0,-1.0
MLX,0.53652066,1.0,0.0
MLXIP,0.20009792,0.0,0.0
MLXIPL,0.23874621,0.0,-1.0
MLYCD,0.19303563,0.0,0.0
MMAA,0.19140612,0.0,0.0
MMAB,0.18946156,0.0,-1.0
MMACHC,0.20600615,0.0,-1.0
MMADHC,0.16555911,0.0,0.0
MMD,0.4475582,0.0,0.0
MMD2,0.19756827,0.0,0.0
MME,0.5483568,1.0,-1.0
MMEL1,0.30366063,0.0,-1.0
MMGT1,0.08347705,0.0,0.0
MMP1,0.5618372,1.0,-1.0
MMP10,0.52265555,1.0,0.0
MMP11,0.5388118,1.0,-1.0
MMP13,0.555311,1.0,-1.0
MMP14,0.55867463,1.0,-1.0
MMP15,0.44479972,0.0,-1.0
MMP16,0.41648814,0.0,-1.0
MMP17,0.33368742,0.0,0.0
MMP19,0.41017818,0.0,-1.0
MMP2,0.57142776,1.0,-1.0
MMP20,0.20394686,0.0,-1.0
MMP21,0.23760825,0.0,0.0
MMP23B,0.26893607,0.0,0.0
MMP24,0.38807085,0.0,-1.0
MMP25,0.22027193,0.0,0.0
MMP26,0.30638435,0.0,-1.0
MMP27,0.12790443,0.0,0.0
MMP3,0.557456,1.0,-1.0
MMP7,0.5243329,1.0,0.0
MMP8,0.55654895,1.0,-1.0
MMP9,0.55448765,1.0,-1.0
MMRN1,0.31689796,0.0,0.0
MMRN2,0.20811987,0.0,0.0
MMS19,0.25597712,0.0,0.0
MMS22L,0.21091403,0.0,-1.0
MMUT,0.28844038,0.0,0.0
MN1,0.38392,0.0,1.0
MNAT1,0.37580976,0.0,-1.0
MND1,0.43888354,0.0,0.0
MNDA,0.34609234,0.0,0.0
MNS1,0.1775958,0.0,0.0
MNT,0.41973445,0.0,0.0
MNX1,0.430308,0.0,-1.0
MOAP1,0.29348832,0.0,-1.0
MOB1A,0.2537692,0.0,0.0
MOB1B,0.25325143,0.0,-1.0
MOB2,0.23138207,0.0,0.0
MOB3A,0.15817797,0.0,0.0
MOB3B,0.16714406,0.0,1.0
MOB3C,0.12305106,0.0,0.0
MOB4,0.19448112,0.0,0.0
MOBP,0.17726688,0.0,0.0
MOCOS,0.17509717,0.0,0.0
MOCS1,0.16138269,0.0,0.0
MOCS2,0.2557826,0.0,0.0
MOCS3,0.2033083,0.0,-1.0
MOG,0.48705497,0.0,-1.0
MOGAT1,0.10723014,0.0,0.0
MOGAT2,0.053484693,0.0,0.0
MOGAT3,0.07415977,0.0,0.0
MOGS,0.23918422,0.0,-1.0
MOK,0.30369782,0.0,0.0
MON1A,0.28427956,0.0,0.0
MON1B,0.24268529,0.0,0.0
MORC1,0.21739574,0.0,0.0
MORC2,0.21686451,0.0,0.0
MORC3,0.3231548,0.0,0.0
MORC4,0.35141784,0.0,-1.0
MORF4L1,0.47849014,0.0,0.0
MORF4L2,0.3445161,0.0,0.0
MORN1,0.24212782,0.0,-1.0
MORN2,0.18958634,0.0,0.0
MORN3,0.19775876,0.0,0.0
MORN4,0.22939865,0.0,0.0
MORN5,0.2303853,0.0,0.0
MOS,0.3500241,0.0,-1.0
MOSMO,0.16967419,0.0,0.0
MOSPD1,0.2948463,0.0,0.0
MOSPD2,0.34903872,0.0,0.0
MOSPD3,0.21112801,0.0,0.0
MOV10,0.34566557,0.0,-1.0
MOV10L1,0.24488373,0.0,0.0
MOXD1,0.23040707,0.0,0.0
MPC1,0.17674206,0.0,-1.0
MPC2,0.07982655,0.0,0.0
MPDU1,0.24368733,0.0,-1.0
MPDZ,0.31306046,0.0,-1.0
MPEG1,0.25896528,0.0,-1.0
MPG,0.3486937,0.0,0.0
MPHOSPH10,0.1326571,0.0,0.0
MPHOSPH6,0.10753944,0.0,0.0
MPHOSPH8,0.42419893,0.0,0.0
MPHOSPH9,0.28721878,0.0,0.0
MPI,0.20399185,0.0,-1.0
MPIG6B,0.17826942,0.0,0.0
MPL,0.49430966,0.0,1.0
MPLKIP,0.2761369,0.0,-1.0
MPND,0.26977235,0.0,0.0
MPO,0.5287025,1.0,-1.0
MPP1,0.30731413,0.0,-1.0
MPP2,0.27852118,0.0,0.0
MPP3,0.27861243,0.0,0.0
MPP4,0.25538886,0.0,0.0
MPP7,0.2850513,0.0,0.0
MPPE1,0.3333076,0.0,-1.0
MPPED1,0.24663919,0.0,0.0
MPPED2,0.28710106,0.0,-1.0
MPRIP,0.25649434,0.0,0.0
MPV17,0.36838087,0.0,0.0
MPV17L,0.1350647,0.0,0.0
MPZ,0.3976619,0.0,-1.0
MPZL1,0.29496834,0.0,0.0
MPZL2,0.17095104,0.0,0.0
MPZL3,0.2723336,0.0,0.0
MR1,0.20563948,0.0,0.0
MRAP,0.57375634,1.0,0.0
MRAP2,0.1652443,0.0,0.0
MRAS,0.37651968,0.0,-1.0
MRC2,0.3137014,0.0,0.0
MRE11,0.58081573,1.0,1.0
MREG,0.34125933,0.0,-1.0
MRFAP1,0.11508611,0.0,0.0
MRFAP1L1,0.12417889,0.0,0.0
MRGBP,0.29123053,0.0,0.0
MRGPRD,0.14210282,0.0,0.0
MRGPRE,0.07537785,0.0,0.0
MRGPRF,0.05533518,0.0,0.0
MRGPRG,0.17033544,0.0,0.0
MRGPRX1,0.06958994,0.0,0.0
MRGPRX2,0.14934358,0.0,0.0
MRGPRX3,0.06229624,0.0,0.0
MRGPRX4,0.11231704,0.0,0.0
MRI1,0.16646735,0.0,0.0
MRM2,0.112028904,0.0,0.0
MRM3,0.09455265,0.0,0.0
MRNIP,0.20138349,0.0,0.0
MRO,0.34772846,0.0,0.0
MROH1,0.22044149,0.0,-1.0
MROH2A,0.12048761,0.0,-1.0
MROH2B,0.17423911,0.0,0.0
MROH6,0.06697185,0.0,0.0
MROH7,0.19898447,0.0,0.0
MROH8,0.20019959,0.0,0.0
MROH9,0.26552826,0.0,0.0
MRPL1,0.1130937,0.0,0.0
MRPL10,0.08978015,0.0,0.0
MRPL11,0.10567558,0.0,0.0
MRPL12,0.08928422,0.0,-1.0
MRPL13,0.08212408,0.0,0.0
MRPL14,0.05291854,0.0,0.0
MRPL15,0.093983844,0.0,0.0
MRPL16,0.123576805,0.0,0.0
MRPL17,0.08874317,0.0,0.0
MRPL18,0.091117814,0.0,-1.0
MRPL19,0.120081194,0.0,0.0
MRPL2,0.11550842,0.0,0.0
MRPL20,0.087729074,0.0,-1.0
MRPL21,0.061503235,0.0,-1.0
MRPL22,0.09434327,0.0,0.0
MRPL23,0.10493693,0.0,0.0
MRPL24,0.08998185,0.0,0.0
MRPL27,0.086423874,0.0,0.0
MRPL28,0.081516184,0.0,0.0
MRPL3,0.12523833,0.0,0.0
MRPL30,0.09945655,0.0,0.0
MRPL32,0.08229513,0.0,0.0
MRPL33,0.07394045,0.0,0.0
MRPL34,0.090634,0.0,0.0
MRPL35,0.06150691,0.0,0.0
MRPL36,0.097577184,0.0,-1.0
MRPL37,0.11890076,0.0,0.0
MRPL38,0.1492196,0.0,0.0
MRPL39,0.1197262,0.0,0.0
MRPL4,0.10450584,0.0,0.0
MRPL40,0.07950442,0.0,0.0
MRPL41,0.06875071,0.0,0.0
MRPL42,0.10999607,0.0,0.0
MRPL43,0.08314396,0.0,0.0
MRPL44,0.101608224,0.0,0.0
MRPL46,0.08224157,0.0,0.0
MRPL47,0.08804385,0.0,0.0
MRPL48,0.08912606,0.0,0.0
MRPL49,0.42827195,0.0,0.0
MRPL50,0.084749825,0.0,0.0
MRPL51,0.08345347,0.0,0.0
MRPL52,0.06077055,0.0,0.0
MRPL53,0.0931325,0.0,0.0
MRPL54,0.053667475,0.0,0.0
MRPL55,0.054517828,0.0,0.0
MRPL57,0.07275043,0.0,0.0
MRPL58,0.1242656,0.0,0.0
MRPL9,0.08426987,0.0,0.0
MRPS10,0.11218642,0.0,0.0
MRPS11,0.09026341,0.0,0.0
MRPS12,0.11607184,0.0,0.0
MRPS14,0.10455665,0.0,-1.0
MRPS15,0.086495094,0.0,0.0
MRPS16,0.08207251,0.0,-1.0
MRPS17,0.080912225,0.0,0.0
MRPS18A,0.08199843,0.0,0.0
MRPS18B,0.0879341,0.0,0.0
MRPS18C,0.098281175,0.0,0.0
MRPS2,0.1477778,0.0,0.0
MRPS22,0.12757395,0.0,-1.0
MRPS23,0.066435814,0.0,0.0
MRPS24,0.06294255,0.0,0.0
MRPS25,0.0867746,0.0,0.0
MRPS26,0.095040165,0.0,0.0
MRPS27,0.08584543,0.0,0.0
MRPS28,0.06993886,0.0,0.0
MRPS30,0.1094122,0.0,0.0
MRPS31,0.08763172,0.0,-1.0
MRPS33,0.046717733,0.0,-1.0
MRPS34,0.06494885,0.0,0.0
MRPS35,0.097962804,0.0,0.0
MRPS36,0.07230032,0.0,0.0
MRPS5,0.110450305,0.0,0.0
MRPS6,0.12853974,0.0,0.0
MRPS7,0.13479263,0.0,0.0
MRPS9,0.11451512,0.0,0.0
MRRF,0.19724679,0.0,0.0
MRS2,0.2945101,0.0,0.0
MRTFA,0.3972652,0.0,1.0
MRTFB,0.31938663,0.0,0.0
MRTO4,0.13213018,0.0,0.0
MS4A1,0.32102528,0.0,0.0
MS4A10,0.065576814,0.0,0.0
MS4A12,0.008671943,0.0,0.0
MS4A13,0.26470175,0.0,0.0
MS4A14,0.15526453,0.0,0.0
MS4A15,0.19833264,0.0,0.0
MS4A18,0.055583075,0.0,0.0
MS4A2,0.39274517,0.0,0.0
MS4A3,0.12246206,0.0,0.0
MS4A4A,0.17221822,0.0,0.0
MS4A5,0.16401511,0.0,0.0
MS4A6E,0.16385323,0.0,-1.0
MS4A7,0.20513201,0.0,0.0
MS4A8,0.09378814,0.0,0.0
MSANTD1,0.17347085,0.0,0.0
MSANTD2,0.13508114,0.0,0.0
MSANTD3,0.18239361,0.0,0.0
MSANTD3-TMEFF1,0.22120224,0.0,0.0
MSANTD4,0.12508343,0.0,0.0
MSC,0.3419542,0.0,0.0
MSGN1,0.24516857,0.0,0.0
MSH2,0.63323146,1.0,1.0
MSH3,0.4841916,0.0,1.0
MSH4,0.28815207,0.0,0.0
MSH5,0.3074828,0.0,-1.0
MSH5-SAPCD1,0.30568868,0.0,0.0
MSH6,0.5478991,1.0,1.0
MSI1,0.3505631,0.0,1.0
MSI2,0.31017134,0.0,1.0
MSL1,0.25287458,0.0,0.0
MSL2,0.29918316,0.0,0.0
MSL3,0.43198246,0.0,0.0
MSLN,0.37820962,0.0,-1.0
MSMO1,0.16973895,0.0,0.0
MSMP,0.1438748,0.0,-1.0
MSN,0.57087165,1.0,1.0
MSR1,0.38877454,0.0,-1.0
MSRA,0.2261953,0.0,0.0
MSRB1,0.3034146,0.0,0.0
MSRB2,0.22671975,0.0,0.0
MSRB3,0.2119104,0.0,0.0
MSS51,0.11212809,0.0,0.0
MST1,0.21586134,0.0,1.0
MST1R,0.4485271,0.0,1.0
MSTN,0.5797826,1.0,-1.0
MSTO1,0.23488882,0.0,0.0
MSX1,0.5683928,1.0,-1.0
MSX2,0.5662293,1.0,-1.0
MT-ATP6,0.21953444,0.0,-1.0
MT-ATP8,0.09314944,0.0,0.0
MT-CO2,0.2726412,0.0,-1.0
MT-CO3,0.22146173,0.0,-1.0
MT-CYB,0.3510604,0.0,-1.0
MT-ND1,0.31328747,0.0,-1.0
MT-ND2,0.3325242,0.0,-1.0
MT-ND3,0.2939472,0.0,-1.0
MT-ND4,0.30858713,0.0,-1.0
MT-ND4L,0.117978856,0.0,-1.0
MT-ND5,0.31095186,0.0,-1.0
MT-ND6,0.3115045,0.0,-1.0
MT1A,0.16416502,0.0,0.0
MT1B,0.075910814,0.0,0.0
MT1E,0.20801911,0.0,0.0
MT1F,0.09514558,0.0,0.0
MT1G,0.09624999,0.0,0.0
MT1H,0.0754885,0.0,-1.0
MT1M,0.078379445,0.0,0.0
MT1X,0.112266585,0.0,0.0
MT2A,0.2952645,0.0,0.0
MT3,0.56331056,1.0,0.0
MT4,0.12842312,0.0,0.0
MTA1,0.50082135,1.0,-1.0
MTA2,0.53705615,1.0,0.0
MTA3,0.3796444,0.0,-1.0
MTAP,0.22303501,0.0,1.0
MTARC1,0.108368285,0.0,0.0
MTARC2,0.08954149,0.0,0.0
MTBP,0.28813836,0.0,0.0
MTCH1,0.14600335,0.0,0.0
MTCH2,0.23286411,0.0,0.0
MTCL1,0.15674022,0.0,0.0
MTCP1,0.27132893,0.0,1.0
MTDH,0.40315503,0.0,-1.0
MTERF1,0.16631237,0.0,0.0
MTERF2,0.17598839,0.0,0.0
MTERF3,0.14494374,0.0,-1.0
MTERF4,0.079137824,0.0,0.0
MTF1,0.28989467,0.0,0.0
MTF2,0.47567472,0.0,0.0
MTFMT,0.23544751,0.0,0.0
MTFP1,0.17714909,0.0,0.0
MTFR1,0.23749933,0.0,0.0
MTFR1L,0.10515637,0.0,-1.0
MTFR2,0.32289866,0.0,0.0
MTG1,0.09543803,0.0,0.0
MTG2,0.12315176,0.0,-1.0
MTHFD1,0.18432257,0.0,-1.0
MTHFD1L,0.16875345,0.0,0.0
MTHFD2,0.19730829,0.0,-1.0
MTHFD2L,0.18057284,0.0,0.0
MTHFR,0.3225625,0.0,-1.0
MTHFS,0.19417344,0.0,0.0
MTHFSD,0.18614195,0.0,0.0
MTIF2,0.13177983,0.0,0.0
MTIF3,0.12582445,0.0,0.0
MTM1,0.5026132,1.0,-1.0
MTMR1,0.4043915,0.0,0.0
MTMR10,0.32783017,0.0,0.0
MTMR11,0.16125187,0.0,0.0
MTMR12,0.2805454,0.0,0.0
MTMR14,0.3711961,0.0,-1.0
MTMR2,0.41929105,0.0,-1.0
MTMR3,0.333056,0.0,-1.0
MTMR4,0.2582732,0.0,0.0
MTMR6,0.2874493,0.0,0.0
MTMR7,0.26895967,0.0,0.0
MTMR8,0.38944185,0.0,-1.0
MTMR9,0.28928918,0.0,0.0
MTNR1A,0.15923482,0.0,0.0
MTNR1B,0.16744104,0.0,-1.0
MTO1,0.24203925,0.0,0.0
MTOR,0.79989344,1.0,1.0
MTPAP,0.239809,0.0,0.0
MTPN,0.27171344,0.0,0.0
MTR,0.2669666,0.0,-1.0
MTREX,0.22756624,0.0,-1.0
MTRF1,0.13416651,0.0,-1.0
MTRF1L,0.11806075,0.0,0.0
MTRFR,0.13382666,0.0,0.0
MTRNR2L1,0.11016197,0.0,0.0
MTRNR2L2,0.107740514,0.0,0.0
MTRNR2L3,0.22769894,0.0,0.0
MTRNR2L4,0.17419223,0.0,0.0
MTRNR2L8,0.12807466,0.0,0.0
MTRR,0.26856738,0.0,-1.0
MTSS1,0.43016136,0.0,0.0
MTSS2,0.19599472,0.0,0.0
MTTP,0.16777255,0.0,-1.0
MTURN,0.24091794,0.0,0.0
MTUS1,0.20301619,0.0,-1.0
MTX1,0.16625668,0.0,0.0
MTX2,0.15804958,0.0,0.0
MTX3,0.1544394,0.0,0.0
MUC12,0.16661587,0.0,-1.0
MUC15,0.01968205,0.0,0.0
MUC16,0.204097,0.0,-1.0
MUC17,0.08961868,0.0,-1.0
MUC20,0.16726169,0.0,0.0
MUC21,0.124589175,0.0,0.0
MUC4,0.25359675,0.0,-1.0
MUC5B,0.22843459,0.0,0.0
MUC6,0.22547871,0.0,-1.0
MUC7,0.07946493,0.0,-1.0
MUCL1,0.09479809,0.0,0.0
MUCL3,0.1855686,0.0,0.0
MUL1,0.2559543,0.0,0.0
MUS81,0.4376404,0.0,0.0
MUSK,0.38983503,0.0,-1.0
MUSTN1,0.23231605,0.0,0.0
MUTYH,0.62660396,1.0,1.0
MVB12A,0.18853207,0.0,0.0
MVB12B,0.18458971,0.0,0.0
MVD,0.30609328,0.0,0.0
MVK,0.22623439,0.0,-1.0
MVP,0.35543317,0.0,-1.0
MX1,0.5704579,1.0,0.0
MX2,0.48191556,0.0,0.0
MXD1,0.3682705,0.0,-1.0
MXD3,0.21533465,0.0,0.0
MXD4,0.27338728,0.0,0.0
MXI1,0.41033423,0.0,-1.0
MXRA5,0.3438828,0.0,-1.0
MXRA7,0.14640677,0.0,0.0
MXRA8,0.27667472,0.0,0.0
MYADM,0.14704207,0.0,0.0
MYB,0.67124605,1.0,1.0
MYBBP1A,0.166296,0.0,-1.0
MYBL1,0.33354133,0.0,-1.0
MYBL2,0.3838802,0.0,-1.0
MYBPC1,0.23002185,0.0,0.0
MYBPC2,0.31872222,0.0,0.0
MYBPC3,0.33232823,0.0,-1.0
MYBPH,0.2670909,0.0,0.0
MYBPHL,0.18342018,0.0,0.0
MYC,0.7283502,1.0,1.0
MYCBP,0.23019299,0.0,-1.0
MYCBPAP,0.17838508,0.0,0.0
MYCL,0.46104088,0.0,1.0
MYCN,0.64330435,1.0,1.0
MYCT1,0.15033004,0.0,0.0
MYD88,0.54601336,1.0,1.0
MYDGF,0.25818092,0.0,0.0
MYEF2,0.22085616,0.0,0.0
MYEOV,0.22209275,0.0,-1.0
MYF5,0.58574945,1.0,0.0
MYF6,0.5129162,1.0,-1.0
MYG1,0.15038969,0.0,0.0
MYH1,0.4907467,0.0,-1.0
MYH10,0.45780656,0.0,0.0
MYH11,0.61730903,1.0,1.0
MYH13,0.37979406,0.0,0.0
MYH14,0.7081207,1.0,0.0
MYH15,0.37852913,0.0,0.0
MYH2,0.47593462,0.0,-1.0
MYH4,0.4340234,0.0,-1.0
MYH6,0.5585572,1.0,-1.0
MYH7,0.51468927,1.0,-1.0
MYH7B,0.4381639,0.0,0.0
MYH8,0.5016113,1.0,-1.0
MYH9,0.5926878,1.0,1.0
MYL1,0.3651049,0.0,0.0
MYL10,0.3377586,0.0,0.0
MYL12A,0.37555844,0.0,-1.0
MYL12B,0.38770488,0.0,0.0
MYL2,0.42502826,0.0,-1.0
MYL3,0.3700808,0.0,-1.0
MYL4,0.34911913,0.0,0.0
MYL5,0.34931463,0.0,0.0
MYL6,0.3562815,0.0,0.0
MYL7,0.3584347,0.0,0.0
MYL9,0.43552905,0.0,0.0
MYLIP,0.26724374,0.0,0.0
MYLK,0.5921901,1.0,-1.0
MYLK2,0.32368937,0.0,-1.0
MYLK3,0.33822381,0.0,0.0
MYLK4,0.29492658,0.0,0.0
MYLPF,0.36462623,0.0,0.0
MYMK,0.20471713,0.0,0.0
MYNN,0.23929751,0.0,0.0
MYO10,0.4143799,0.0,0.0
MYO15A,0.34056216,0.0,0.0
MYO16,0.32271615,0.0,0.0
MYO18A,0.434209,0.0,-1.0
MYO18B,0.38407007,0.0,-1.0
MYO1A,0.31957537,0.0,-1.0
MYO1B,0.36443144,0.0,-1.0
MYO1C,0.46573415,0.0,0.0
MYO1D,0.37142867,0.0,0.0
MYO1E,0.42441142,0.0,-1.0
MYO1F,0.3866935,0.0,0.0
MYO1G,0.38951606,0.0,-1.0
MYO1H,0.34353432,0.0,-1.0
MYO3A,0.39506346,0.0,0.0
MYO3B,0.39073193,0.0,0.0
MYO5A,0.5153325,1.0,1.0
MYO5B,0.4934732,0.0,-1.0
MYO5C,0.47011143,0.0,0.0
MYO6,0.47290313,0.0,-1.0
MYO7A,0.41322958,0.0,-1.0
MYO7B,0.319843,0.0,0.0
MYO9A,0.43542305,0.0,-1.0
MYO9B,0.48103017,0.0,-1.0
MYOC,0.38538933,0.0,-1.0
MYOCD,0.5491898,1.0,-1.0
MYOD1,0.6449239,1.0,1.0
MYOF,0.3456884,0.0,0.0
MYOG,0.6067992,1.0,0.0
MYOM1,0.22114938,0.0,0.0
MYOM2,0.46219876,0.0,-1.0
MYOM3,0.09985323,0.0,-1.0
MYORG,0.17218053,0.0,0.0
MYOT,0.2956771,0.0,-1.0
MYOZ1,0.25299588,0.0,0.0
MYOZ2,0.2734281,0.0,-1.0
MYOZ3,0.21209812,0.0,-1.0
MYPN,0.27784404,0.0,0.0
MYPOP,0.190015,0.0,0.0
MYRF,0.407216,0.0,0.0
MYRIP,0.23195364,0.0,-1.0
MYSM1,0.45744824,0.0,0.0
MYT1,0.24974388,0.0,-1.0
MYT1L,0.2929038,0.0,-1.0
MYZAP,0.29399776,0.0,0.0
MZB1,0.22745161,0.0,0.0
MZF1,0.31293824,0.0,0.0
MZT1,0.2106877,0.0,0.0
MZT2A,0.13793403,0.0,0.0
MZT2B,0.14828175,0.0,0.0
N4BP1,0.15247881,0.0,-1.0
N4BP2,0.26645327,0.0,1.0
N4BP2L1,0.18487377,0.0,0.0
N4BP2L2,0.3483118,0.0,0.0
N4BP3,0.16650055,0.0,-1.0
N6AMT1,0.12990344,0.0,0.0
NAA10,0.26688486,0.0,-1.0
NAA11,0.17138241,0.0,0.0
NAA15,0.30536586,0.0,0.0
NAA16,0.26802278,0.0,0.0
NAA20,0.16688657,0.0,0.0
NAA25,0.33508483,0.0,0.0
NAA30,0.18372992,0.0,0.0
NAA35,0.19464065,0.0,0.0
NAA38,0.11865738,0.0,0.0
NAA40,0.16922274,0.0,0.0
NAA50,0.4074609,0.0,0.0
NAA60,0.16545548,0.0,0.0
NAA80,0.1133786,0.0,0.0
NAAA,0.3185356,0.0,0.0
NAALAD2,0.20289534,0.0,0.0
NAALADL1,0.2991522,0.0,0.0
NAALADL2,0.22619838,0.0,0.0
NAB1,0.25989738,0.0,0.0
NAB2,0.36380184,0.0,1.0
NABP1,0.35070533,0.0,-1.0
NABP2,0.23296297,0.0,0.0
NACA,0.34726587,0.0,-1.0
NACA2,0.23989573,0.0,0.0
NACAD,0.28970107,0.0,0.0
NACC1,0.25740469,0.0,-1.0
NACC2,0.28288308,0.0,0.0
NADK2,0.17479192,0.0,0.0
NADSYN1,0.1524039,0.0,0.0
NAE1,0.28860667,0.0,0.0
NAF1,0.1383382,0.0,0.0
NAGA,0.1573275,0.0,-1.0
NAGK,0.17611107,0.0,0.0
NAGLU,0.1730439,0.0,-1.0
NAGPA,0.4241794,0.0,0.0
NAGS,0.21767437,0.0,0.0
NAIF1,0.17546877,0.0,0.0
NAIP,0.42099696,0.0,0.0
NALCN,0.29699126,0.0,-1.0
NALF1,0.11813826,0.0,0.0
NALF2,0.43227398,0.0,0.0
NAMPT,0.39601445,0.0,-1.0
NANOG,0.62277055,1.0,-1.0
NANOGNB,0.2045033,0.0,0.0
NANOS1,0.27825227,0.0,-1.0
NANOS2,0.26088804,0.0,0.0
NANOS3,0.2865769,0.0,0.0
NANP,0.23070732,0.0,-1.0
NANS,0.13389683,0.0,0.0
NAP1L1,0.35385728,0.0,-1.0
NAP1L2,0.3822035,0.0,-1.0
NAP1L3,0.34998763,0.0,0.0
NAP1L4,0.3621991,0.0,0.0
NAP1L5,0.36603647,0.0,0.0
NAP1L6P,0.31497303,0.0,0.0
NAPA,0.31956747,0.0,-1.0
NAPB,0.31954038,0.0,0.0
NAPEPLD,0.19880961,0.0,0.0
NAPG,0.20731133,0.0,0.0
NAPRT,0.17681667,0.0,0.0
NAPSA,0.26057443,0.0,0.0
NARF,0.19744572,0.0,0.0
NARS1,0.1960904,0.0,0.0
NARS2,0.184426,0.0,0.0
NASP,0.4191675,0.0,0.0
NAT1,0.3331691,0.0,-1.0
NAT10,0.14309023,0.0,-1.0
NAT14,0.10651412,0.0,0.0
NAT16,0.14954552,0.0,0.0
NAT2,0.19426082,0.0,-1.0
NAT8,0.10063062,0.0,0.0
NAT8L,0.1862419,0.0,-1.0
NAT9,0.5594203,1.0,0.0
NAV1,0.3055466,0.0,-1.0
NAV2,0.23702767,0.0,0.0
NAV3,0.26790875,0.0,-1.0
NAXD,0.17915036,0.0,0.0
NAXE,0.17048456,0.0,0.0
NBAS,0.3928336,0.0,0.0
NBEA,0.3256096,0.0,1.0
NBEAL1,0.33246398,0.0,0.0
NBEAL2,0.35185942,0.0,-1.0
NBL1,0.30849022,0.0,-1.0
NBN,0.5973044,1.0,1.0
NBPF3,0.19224076,0.0,0.0
NBR1,0.4166683,0.0,-1.0
NCALD,0.35715553,0.0,0.0
NCAM1,0.5460215,1.0,0.0
NCAM2,0.26919207,0.0,-1.0
NCAN,0.40131715,0.0,0.0
NCAPD2,0.47550985,0.0,-1.0
NCAPD3,0.3946402,0.0,-1.0
NCAPG,0.48044872,0.0,-1.0
NCAPG2,0.4470139,0.0,-1.0
NCAPH,0.5210893,1.0,0.0
NCAPH2,0.3577781,0.0,-1.0
NCBP1,0.36479318,0.0,-1.0
NCBP2,0.24610133,0.0,0.0
NCBP3,0.35516372,0.0,0.0
NCCRP1,0.19352123,0.0,0.0
NCDN,0.21217135,0.0,0.0
NCEH1,0.13912073,0.0,0.0
NCF1,0.5323832,1.0,-1.0
NCF2,0.4606893,0.0,-1.0
NCF4,0.4031627,0.0,-1.0
NCK1,0.6056607,1.0,-1.0
NCK2,0.45801312,0.0,0.0
NCKAP1,0.4144296,0.0,0.0
NCKAP1L,0.30202827,0.0,0.0
NCKAP5,0.30334678,0.0,0.0
NCKAP5L,0.20668337,0.0,0.0
NCKIPSD,0.34160846,0.0,-1.0
NCL,0.5399666,1.0,0.0
NCLN,0.16286926,0.0,0.0
NCOA1,0.59625477,1.0,1.0
NCOA2,0.5844962,1.0,1.0
NCOA3,0.57983536,1.0,1.0
NCOA5,0.33719692,0.0,0.0
NCOA6,0.44595838,0.0,-1.0
NCOA7,0.22233789,0.0,0.0
NCOR1,0.73311347,1.0,1.0
NCOR2,0.65159786,1.0,1.0
NCR1,0.40714586,0.0,0.0
NCR2,0.3477883,0.0,-1.0
NCR3,0.4415551,0.0,0.0
NCR3LG1,0.22881751,0.0,0.0
NCS1,0.4726343,0.0,0.0
NCSTN,0.42604294,0.0,1.0
NDC1,0.37090215,0.0,0.0
NDC80,0.61378133,1.0,-1.0
NDEL1,0.5147981,1.0,-1.0
NDFIP1,0.25316048,0.0,0.0
NDFIP2,0.2442136,0.0,0.0
NDN,0.4280065,0.0,0.0
NDNF,0.32085383,0.0,0.0
NDOR1,0.18097062,0.0,0.0
NDP,0.40358487,0.0,0.0
NDRG1,0.34809494,0.0,1.0
NDRG2,0.24273528,0.0,-1.0
NDRG3,0.19328985,0.0,0.0
NDRG4,0.18417813,0.0,0.0
NDST1,0.19972211,0.0,0.0
NDST2,0.21162747,0.0,0.0
NDST3,0.1656791,0.0,0.0
NDST4,0.16792127,0.0,-1.0
NDUFA1,0.12717392,0.0,0.0
NDUFA10,0.08744408,0.0,0.0
NDUFA11,0.051641766,0.0,0.0
NDUFA12,0.05906889,0.0,0.0
NDUFA13,0.17228782,0.0,-1.0
NDUFA2,0.07183754,0.0,0.0
NDUFA3,0.0512134,0.0,0.0
NDUFA4,0.06549531,0.0,0.0
NDUFA4L2,0.08769647,0.0,0.0
NDUFA5,0.32396466,0.0,-1.0
NDUFA6,0.20708027,0.0,0.0
NDUFA7,0.051194947,0.0,0.0
NDUFA8,0.05362795,0.0,0.0
NDUFA9,0.10449359,0.0,0.0
NDUFAB1,0.10175227,0.0,0.0
NDUFAF1,0.07913946,0.0,0.0
NDUFAF2,0.08633455,0.0,0.0
NDUFAF3,0.25813088,0.0,0.0
NDUFAF4,0.07839397,0.0,0.0
NDUFAF5,0.09524326,0.0,0.0
NDUFAF6,0.11980027,0.0,0.0
NDUFAF7,0.12571575,0.0,0.0
NDUFAF8,0.10680176,0.0,-1.0
NDUFB1,0.064173855,0.0,0.0
NDUFB10,0.09221958,0.0,0.0
NDUFB11,0.12659943,0.0,0.0
NDUFB2,0.10713154,0.0,-1.0
NDUFB3,0.060794216,0.0,0.0
NDUFB4,0.0861907,0.0,0.0
NDUFB5,0.0684456,0.0,0.0
NDUFB6,0.06977183,0.0,0.0
NDUFB7,0.04717671,0.0,0.0
NDUFB8,0.09775257,0.0,0.0
NDUFB9,0.14398777,0.0,-1.0
NDUFC2,0.07013019,0.0,0.0
NDUFC2-KCTD14,0.0823583,0.0,0.0
NDUFS1,0.141929,0.0,0.0
NDUFS2,0.07980724,0.0,0.0
NDUFS3,0.09063522,0.0,0.0
NDUFS4,0.095510274,0.0,0.0
NDUFS5,0.06251236,0.0,0.0
NDUFS6,0.0790223,0.0,0.0
NDUFS7,0.09931587,0.0,-1.0
NDUFS8,0.08122178,0.0,-1.0
NDUFV1,0.17581557,0.0,-1.0
NDUFV2,0.08940707,0.0,-1.0
NDUFV3,0.1402757,0.0,0.0
NEB,0.40771192,0.0,-1.0
NEBL,0.28803155,0.0,-1.0
NECAB1,0.099523336,0.0,0.0
NECAB2,0.13800855,0.0,0.0
NECAB3,0.08449895,0.0,0.0
NECAP1,0.29807633,0.0,0.0
NECAP2,0.18218413,0.0,0.0
NECTIN1,0.5088698,1.0,-1.0
NECTIN2,0.28946605,0.0,0.0
NECTIN3,0.29909986,0.0,0.0
NECTIN4,0.23525514,0.0,-1.0
NEDD1,0.32965398,0.0,0.0
NEDD4,0.54224885,1.0,-1.0
NEDD4L,0.4665338,0.0,0.0
NEDD8,0.41997647,0.0,0.0
NEDD8-MDP1,0.140581,0.0,0.0
NEDD9,0.48740736,0.0,0.0
NEFH,0.44361755,0.0,-1.0
NEFM,0.4053747,0.0,0.0
NEGR1,0.31360477,0.0,-1.0
NEIL1,0.36871177,0.0,-1.0
NEIL2,0.2656242,0.0,0.0
NEIL3,0.39831477,0.0,0.0
NEK1,0.35479328,0.0,-1.0
NEK10,0.36971468,0.0,0.0
NEK11,0.28248554,0.0,0.0
NEK2,0.43538907,0.0,-1.0
NEK4,0.29264125,0.0,0.0
NEK5,0.21918117,0.0,0.0
NEK6,0.31532708,0.0,0.0
NEK7,0.30009302,0.0,0.0
NEK8,0.3472603,0.0,0.0
NEK9,0.3843645,0.0,0.0
NELFA,0.47233325,0.0,0.0
NELFB,0.38273004,0.0,0.0
NELFE,0.23814444,0.0,-1.0
NELL1,0.25186834,0.0,0.0
NELL2,0.24051335,0.0,0.0
NEMF,0.36383995,0.0,0.0
NEMP1,0.23691697,0.0,0.0
NEMP2,0.22676148,0.0,0.0
NENF,0.20244783,0.0,0.0
NEO1,0.40557113,0.0,0.0
NEPRO,0.31062227,0.0,0.0
NES,0.61276096,1.0,-1.0
NET1,0.34543914,0.0,-1.0
NETO1,0.20454022,0.0,-1.0
NETO2,0.13784868,0.0,-1.0
NEU1,0.18171167,0.0,-1.0
NEU2,0.28552914,0.0,0.0
NEU3,0.17524661,0.0,-1.0
NEU4,0.06902962,0.0,0.0
NEURL1,0.34591067,0.0,-1.0
NEURL1B,0.29800302,0.0,-1.0
NEURL2,0.2091198,0.0,0.0
NEURL4,0.18775159,0.0,-1.0
NEUROD1,0.53159887,1.0,-1.0
NEUROD2,0.36933312,0.0,0.0
NEUROD4,0.36016017,0.0,0.0
NEUROD6,0.28865525,0.0,0.0
NEUROG1,0.5116204,1.0,0.0
NEUROG2,0.49945387,0.0,-1.0
NEUROG3,0.43318462,0.0,-1.0
NEXMIF,0.2562757,0.0,0.0
NEXN,0.4325571,0.0,-1.0
NF1,0.668537,1.0,1.0
NF2,0.56878966,1.0,1.0
NFAM1,0.15833893,0.0,0.0
NFASC,0.38467985,0.0,0.0
NFATC1,0.5973428,1.0,-1.0
NFATC2,0.58857226,1.0,1.0
NFATC2IP,0.35974693,0.0,0.0
NFATC3,0.5155204,1.0,-1.0
NFATC4,0.4811515,0.0,-1.0
NFE2,0.41022596,0.0,1.0
NFE2L1,0.4228565,0.0,0.0
NFE2L2,0.45251873,0.0,1.0
NFE2L3,0.3964356,0.0,-1.0
NFIA,0.3969374,0.0,0.0
NFIB,0.3648807,0.0,1.0
NFIC,0.4332987,0.0,-1.0
NFIL3,0.42114997,0.0,0.0
NFIX,0.36887497,0.0,-1.0
NFKB1,0.73202515,1.0,-1.0
NFKB2,0.500745,1.0,1.0
NFKBIA,0.6290378,1.0,1.0
NFKBIB,0.40566102,0.0,-1.0
NFKBID,0.3101077,0.0,0.0
NFKBIE,0.35367382,0.0,1.0
NFKBIL1,0.33309534,0.0,-1.0
NFKBIZ,0.40172347,0.0,-1.0
NFRKB,0.30727744,0.0,0.0
NFS1,0.22158404,0.0,0.0
NFU1,0.25227883,0.0,0.0
NFX1,0.21087748,0.0,0.0
NFXL1,0.18662263,0.0,0.0
NFYA,0.3168628,0.0,0.0
NFYB,0.38536316,0.0,0.0
NFYC,0.37001804,0.0,0.0
NGB,0.24228422,0.0,0.0
NGDN,0.36476517,0.0,0.0
NGEF,0.39384523,0.0,-1.0
NGF,0.59944534,1.0,-1.0
NGFR,0.58506715,1.0,-1.0
NGLY1,0.22256017,0.0,0.0
NGRN,0.12273287,0.0,0.0
NHEJ1,0.38465574,0.0,-1.0
NHLH1,0.36796722,0.0,0.0
NHLH2,0.2836608,0.0,0.0
NHLRC1,0.34020826,0.0,-1.0
NHLRC2,0.20086898,0.0,0.0
NHLRC3,0.15000361,0.0,0.0
NHLRC4,0.20913045,0.0,0.0
NHP2,0.12735137,0.0,-1.0
NHS,0.38340405,0.0,0.0
NHSL1,0.12821072,0.0,0.0
NIBAN1,0.24190411,0.0,0.0
NIBAN2,0.36070308,0.0,0.0
NIBAN3,0.1742683,0.0,0.0
NICN1,0.08027339,0.0,0.0
NID1,0.5357917,1.0,-1.0
NID2,0.42160875,0.0,0.0
NIF3L1,0.18177591,0.0,0.0
NIFK,0.15441325,0.0,0.0
NIM1K,0.33259502,0.0,0.0
NIN,0.5579637,1.0,1.0
NINJ1,0.124143705,0.0,0.0
NINJ2,0.16000946,0.0,0.0
NINL,0.36435556,0.0,0.0
NIP7,0.10565429,0.0,0.0
NIPA1,0.17948511,0.0,-1.0
NIPA2,0.13385138,0.0,-1.0
NIPAL1,0.1282765,0.0,0.0
NIPAL2,0.13238181,0.0,0.0
NIPAL3,0.07416936,0.0,0.0
NIPAL4,0.31186098,0.0,0.0
NIPBL,0.53872764,1.0,-1.0
NIPSNAP1,0.17443378,0.0,0.0
NIPSNAP2,0.12470723,0.0,0.0
NIPSNAP3A,0.09198908,0.0,0.0
NIPSNAP3B,0.13611095,0.0,0.0
NISCH,0.37900487,0.0,0.0
NIT1,0.18373846,0.0,0.0
NIT2,0.1539734,0.0,0.0
NKAIN1,0.05581651,0.0,0.0
NKAIN2,0.19353269,0.0,-1.0
NKAIN4,0.06270554,0.0,0.0
NKAP,0.33853942,0.0,0.0
NKAPD1,0.20818987,0.0,0.0
NKAPL,0.20139152,0.0,0.0
NKD1,0.3749718,0.0,-1.0
NKD2,0.33463946,0.0,-1.0
NKG7,0.24526109,0.0,0.0
NKIRAS1,0.16610901,0.0,0.0
NKIRAS2,0.18751259,0.0,0.0
NKPD1,0.33246756,0.0,0.0
NKRF,0.45552614,0.0,0.0
NKTR,0.3393849,0.0,-1.0
NKX1-1,0.22599259,0.0,0.0
NKX2-1,0.56764686,1.0,1.0
NKX2-2,0.51572853,1.0,-1.0
NKX2-3,0.3309437,0.0,-1.0
NKX2-4,0.26201764,0.0,0.0
NKX2-5,0.5912502,1.0,-1.0
NKX2-6,0.49417466,0.0,-1.0
NKX2-8,0.261329,0.0,0.0
NKX3-1,0.40791962,0.0,1.0
NKX3-2,0.47536322,0.0,0.0
NKX6-1,0.44179603,0.0,0.0
NKX6-2,0.44925198,0.0,0.0
NKX6-3,0.23788168,0.0,0.0
NLE1,0.43087557,0.0,-1.0
NLGN1,0.2999742,0.0,0.0
NLGN2,0.27395397,0.0,0.0
NLGN3,0.34136322,0.0,0.0
NLGN4X,0.3095474,0.0,-1.0
NLGN4Y,0.23457949,0.0,0.0
NLK,0.409638,0.0,-1.0
NLN,0.31720796,0.0,-1.0
NLRC4,0.39970896,0.0,-1.0
NLRC5,0.34420353,0.0,-1.0
NLRP1,0.3410649,0.0,-1.0
NLRP10,0.20690241,0.0,0.0
NLRP12,0.3738959,0.0,-1.0
NLRP13,0.1307045,0.0,0.0
NLRP14,0.26032397,0.0,0.0
NLRP2,0.33792287,0.0,-1.0
NLRP3,0.51424617,1.0,-1.0
NLRP4,0.27027938,0.0,0.0
NLRP5,0.2620247,0.0,-1.0
NLRP6,0.2993339,0.0,0.0
NLRP7,0.18374397,0.0,-1.0
NLRP8,0.17470683,0.0,-1.0
NLRP9,0.17759492,0.0,0.0
NLRX1,0.27740917,0.0,0.0
NMB,0.22575445,0.0,0.0
NMBR,0.2042504,0.0,-1.0
NMD3,0.16425148,0.0,0.0
NME1,0.40266472,0.0,-1.0
NME1-NME2,0.38771704,0.0,0.0
NME2,0.32807392,0.0,0.0
NME3,0.24157992,0.0,-1.0
NME4,0.23501419,0.0,0.0
NME5,0.21903457,0.0,0.0
NME6,0.21800333,0.0,0.0
NME7,0.23531686,0.0,0.0
NME8,0.2605946,0.0,-1.0
NME9,0.11638941,0.0,0.0
NMI,0.32427663,0.0,0.0
NMNAT1,0.24046691,0.0,0.0
NMNAT2,0.19982193,0.0,0.0
NMNAT3,0.19798695,0.0,0.0
NMRAL1,0.11964707,0.0,0.0
NMRK1,0.23111077,0.0,0.0
NMRK2,0.21595104,0.0,-1.0
NMS,0.19077016,0.0,0.0
NMT1,0.3666293,0.0,-1.0
NMT2,0.24281728,0.0,0.0
NMU,0.2543553,0.0,0.0
NMUR1,0.15965225,0.0,0.0
NMUR2,0.23198128,0.0,-1.0
NNAT,0.26090428,0.0,0.0
NNMT,0.3175328,0.0,-1.0
NNT,0.28083962,0.0,0.0
NOA1,0.09953845,0.0,0.0
NOB1,0.11745264,0.0,0.0
NOBOX,0.34578794,0.0,-1.0
NOC2L,0.35455352,0.0,-1.0
NOC3L,0.16792631,0.0,0.0
NOC4L,0.10416648,0.0,0.0
NOCT,0.4427688,0.0,0.0
NOD1,0.3944917,0.0,-1.0
NOD2,0.38748205,0.0,-1.0
NODAL,0.46886423,0.0,-1.0
NOG,0.5728372,1.0,-1.0
NOL10,0.14920704,0.0,0.0
NOL11,0.1686527,0.0,0.0
NOL12,0.11306482,0.0,0.0
NOL3,0.4015313,0.0,-1.0
NOL4,0.14308856,0.0,0.0
NOL4L,0.15238829,0.0,0.0
NOL6,0.11713029,0.0,0.0
NOL7,0.12006276,0.0,0.0
NOL8,0.22633761,0.0,0.0
NOL9,0.13863161,0.0,-1.0
NOLC1,0.2581328,0.0,0.0
NOM1,0.10775765,0.0,0.0
NOMO1,0.36513224,0.0,0.0
NOMO2,0.36540815,0.0,0.0
NOMO3,0.3465511,0.0,0.0
NONO,0.53741854,1.0,1.0
NOP10,0.10343683,0.0,-1.0
NOP14,0.14119388,0.0,0.0
NOP2,0.19024417,0.0,0.0
NOP53,0.21342716,0.0,-1.0
NOP56,0.17090693,0.0,-1.0
NOP58,0.15557583,0.0,-1.0
NOP9,0.12039898,0.0,0.0
NOPCHAP1,0.12096812,0.0,0.0
NOS1,0.4830383,0.0,-1.0
NOS1AP,0.2860136,0.0,0.0
NOS2,0.5225324,1.0,-1.0
NOS3,0.587195,1.0,0.0
NOSTRIN,0.28597954,0.0,0.0
NOTCH1,0.75064516,1.0,1.0
NOTCH2,0.6454764,1.0,1.0
NOTCH2NLA,0.24831517,0.0,0.0
NOTCH3,0.57803196,1.0,1.0
NOTCH4,0.58987135,1.0,1.0
NOTO,0.34631982,0.0,0.0
NOTUM,0.35279682,0.0,-1.0
NOVA1,0.3612081,0.0,-1.0
NOVA2,0.4467071,0.0,0.0
NOX1,0.4712263,0.0,0.0
NOX3,0.415973,0.0,0.0
NOX4,0.31572258,0.0,-1.0
NOX5,0.3712615,0.0,0.0
NOXA1,0.3456681,0.0,-1.0
NOXO1,0.29747066,0.0,0.0
NOXRED1,0.17989492,0.0,0.0
NPAP1,0.1940365,0.0,-1.0
NPAS1,0.26793185,0.0,0.0
NPAS2,0.33354,0.0,0.0
NPAS3,0.2537253,0.0,-1.0
NPAS4,0.32157904,0.0,0.0
NPAT,0.5099191,1.0,-1.0
NPB,0.17581815,0.0,0.0
NPBWR1,0.1068238,0.0,0.0
NPBWR2,0.0966339,0.0,0.0
NPC1,0.42266625,0.0,-1.0
NPC1L1,0.22757733,0.0,0.0
NPC2,0.13387312,0.0,-1.0
NPDC1,0.22853051,0.0,0.0
NPEPL1,0.15183808,0.0,0.0
NPEPPS,0.32335863,0.0,0.0
NPFF,0.14874123,0.0,0.0
NPFFR1,0.0795507,0.0,0.0
NPFFR2,0.15166327,0.0,0.0
NPHP1,0.3420048,0.0,-1.0
NPHP3,0.301378,0.0,0.0
NPHP4,0.25071028,0.0,0.0
NPHS1,0.44066527,0.0,-1.0
NPHS2,0.22776489,0.0,-1.0
NPIPA1,0.31424248,0.0,0.0
NPIPA2,0.3052048,0.0,0.0
NPIPA7,0.30520475,0.0,0.0
NPIPA8,0.30520585,0.0,0.0
NPIPB13,0.36608183,0.0,0.0
NPIPB15,0.015997592,0.0,0.0
NPIPB2,0.32393166,0.0,0.0
NPIPB4,0.40856174,0.0,0.0
NPIPB5,0.39909798,0.0,0.0
NPIPB9,0.22795482,0.0,0.0
NPL,0.40705392,0.0,0.0
NPLOC4,0.28007197,0.0,0.0
NPM1,0.6942312,1.0,1.0
NPM2,0.27652273,0.0,0.0
NPM3,0.19648881,0.0,0.0
NPNT,0.31117746,0.0,-1.0
NPPA,0.51250273,1.0,-1.0
NPPB,0.46651426,0.0,0.0
NPPC,0.44183916,0.0,0.0
NPR1,0.32066283,0.0,0.0
NPR2,0.29084635,0.0,0.0
NPR3,0.29191312,0.0,-1.0
NPRL2,0.19397064,0.0,0.0
NPRL3,0.32009244,0.0,0.0
NPS,0.3672058,0.0,0.0
NPSR1,0.22197153,0.0,0.0
NPTN,0.34672543,0.0,0.0
NPTX1,0.20205915,0.0,0.0
NPTX2,0.27747142,0.0,0.0
NPTXR,0.35476634,0.0,0.0
NPVF,0.1668442,0.0,0.0
NPW,0.13097543,0.0,0.0
NPY,0.35011756,0.0,-1.0
NPY1R,0.2021029,0.0,-1.0
NPY2R,0.16212006,0.0,0.0
NPY4R,0.16547701,0.0,0.0
NPY5R,0.1695595,0.0,0.0
NQO1,0.3818772,0.0,-1.0
NQO2,0.3571763,0.0,0.0
NR0B1,0.5344536,1.0,-1.0
NR0B2,0.429704,0.0,-1.0
NR1D1,0.32252204,0.0,0.0
NR1D2,0.29620236,0.0,-1.0
NR1H2,0.45927164,0.0,0.0
NR1H3,0.36633554,0.0,0.0
NR1H4,0.27257332,0.0,-1.0
NR1I2,0.3055585,0.0,-1.0
NR1I3,0.23476852,0.0,0.0
NR2C1,0.31142586,0.0,0.0
NR2C2,0.4316523,0.0,-1.0
NR2C2AP,0.106660515,0.0,0.0
NR2E1,0.34677854,0.0,0.0
NR2F1,0.5064047,1.0,-1.0
NR2F2,0.55331415,1.0,0.0
NR2F6,0.36491513,0.0,-1.0
NR3C1,0.6801325,1.0,-1.0
NR3C2,0.5279894,1.0,-1.0
NR4A1,0.55492324,1.0,-1.0
NR4A2,0.5063264,1.0,-1.0
NR4A3,0.44462124,0.0,1.0
NR5A1,0.5814864,1.0,-1.0
NR5A2,0.3820451,0.0,0.0
NR6A1,0.4035569,0.0,0.0
NRAP,0.23043862,0.0,0.0
NRARP,0.35430422,0.0,0.0
NRAS,0.60994667,1.0,1.0
NRBF2,0.3252437,0.0,0.0
NRBP1,0.20508046,0.0,0.0
NRBP2,0.14762993,0.0,0.0
NRCAM,0.44871235,0.0,-1.0
NRDC,0.29484424,0.0,0.0
NRDE2,0.22974533,0.0,0.0
NREP,0.32000446,0.0,0.0
NRF1,0.36508247,0.0,-1.0
NRG1,0.5240706,1.0,1.0
NRG2,0.39508128,0.0,-1.0
NRG3,0.34629837,0.0,-1.0
NRG4,0.35592705,0.0,-1.0
NRGN,0.3119189,0.0,0.0
NRIP1,0.44960722,0.0,-1.0
NRIP2,0.23937646,0.0,0.0
NRIP3,0.22708894,0.0,0.0
NRK,0.22628339,0.0,-1.0
NRL,0.37715396,0.0,-1.0
NRM,0.3202582,0.0,0.0
NRN1,0.34053552,0.0,0.0
NRN1L,0.16009106,0.0,0.0
NRP1,0.5775754,1.0,-1.0
NRP2,0.42149797,0.0,-1.0
NRROS,0.31996953,0.0,0.0
NRSN1,0.23874927,0.0,0.0
NRSN2,0.1456617,0.0,0.0
NRTN,0.38161182,0.0,0.0
NRXN1,0.26186946,0.0,0.0
NRXN2,0.2810298,0.0,-1.0
NRXN3,0.24025501,0.0,-1.0
NSA2,0.09381478,0.0,0.0
NSD1,0.66235363,1.0,1.0
NSD2,0.57372683,1.0,1.0
NSD3,0.5419482,1.0,1.0
NSDHL,0.124141194,0.0,0.0
NSF,0.5044897,1.0,0.0
NSFL1C,0.22069979,0.0,0.0
NSG1,0.14858845,0.0,0.0
NSG2,0.2503388,0.0,0.0
NSL1,0.3360747,0.0,0.0
NSMAF,0.36555958,0.0,-1.0
NSMCE1,0.26622295,0.0,0.0
NSMCE2,0.33441463,0.0,-1.0
NSMCE3,0.27693713,0.0,0.0
NSMCE4A,0.30869225,0.0,0.0
NSMF,0.3568176,0.0,-1.0
NSRP1,0.11322793,0.0,-1.0
NSUN2,0.25036672,0.0,0.0
NSUN3,0.20806952,0.0,0.0
NSUN4,0.17595503,0.0,0.0
NSUN5,0.19958474,0.0,0.0
NSUN6,0.18134087,0.0,-1.0
NSUN7,0.190099,0.0,0.0
NT5C,0.40639958,0.0,0.0
NT5C1A,0.33288553,0.0,0.0
NT5C1B,0.17754105,0.0,0.0
NT5C1B-RDH14,0.18062952,0.0,0.0
NT5C2,0.3153894,0.0,1.0
NT5C3A,0.24923204,0.0,-1.0
NT5C3B,0.17799523,0.0,0.0
NT5DC1,0.06821293,0.0,0.0
NT5DC2,0.15692806,0.0,0.0
NT5DC3,0.2569519,0.0,0.0
NT5DC4,0.14631702,0.0,0.0
NT5E,0.52276516,1.0,-1.0
NT5M,0.26981935,0.0,0.0
NTAN1,0.3028327,0.0,0.0
NTAQ1,0.09548257,0.0,0.0
NTF3,0.5531839,1.0,0.0
NTHL1,0.32464394,0.0,1.0
NTM,0.3795504,0.0,0.0
NTMT1,0.20918441,0.0,0.0
NTMT2,0.1887765,0.0,0.0
NTN1,0.53458416,1.0,-1.0
NTN3,0.2357646,0.0,0.0
NTN4,0.2877518,0.0,-1.0
NTN5,0.18871452,0.0,0.0
NTNG1,0.29277232,0.0,0.0
NTNG2,0.25808412,0.0,0.0
NTPCR,0.2746745,0.0,0.0
NTRK1,0.5593687,1.0,1.0
NTRK2,0.5356282,1.0,1.0
NTRK3,0.5296649,1.0,1.0
NTS,0.4421827,0.0,0.0
NTSR1,0.4171786,0.0,-1.0
NTSR2,0.16662596,0.0,0.0
NUAK1,0.26194054,0.0,-1.0
NUAK2,0.31897524,0.0,0.0
NUBP1,0.25863084,0.0,-1.0
NUBP2,0.26345986,0.0,0.0
NUBPL,0.21628582,0.0,-1.0
NUCB2,0.25580254,0.0,0.0
NUCKS1,0.1666261,0.0,0.0
NUDC,0.2663641,0.0,0.0
NUDCD1,0.19042967,0.0,0.0
NUDCD2,0.17347473,0.0,0.0
NUDCD3,0.17242934,0.0,0.0
NUDT1,0.25944605,0.0,0.0
NUDT10,0.19942,0.0,-1.0
NUDT11,0.17828687,0.0,-1.0
NUDT12,0.2615953,0.0,0.0
NUDT13,0.30929974,0.0,0.0
NUDT14,0.16546215,0.0,-1.0
NUDT15,0.18920495,0.0,0.0
NUDT16,0.16884528,0.0,0.0
NUDT16L1,0.29882863,0.0,-1.0
NUDT17,0.17489895,0.0,0.0
NUDT19,0.11052518,0.0,0.0
NUDT21,0.30184546,0.0,0.0
NUDT22,0.20098968,0.0,0.0
NUDT4,0.17664646,0.0,0.0
NUDT5,0.20873062,0.0,0.0
NUDT6,0.2503807,0.0,-1.0
NUDT7,0.12605235,0.0,0.0
NUDT8,0.1572886,0.0,0.0
NUDT9,0.2429391,0.0,0.0
NUF2,0.47164372,0.0,1.0
NUFIP1,0.31441548,0.0,0.0
NUFIP2,0.24370188,0.0,0.0
NUGGC,0.14426728,0.0,0.0
NUMA1,0.44445953,0.0,1.0
NUMB,0.605751,1.0,-1.0
NUMBL,0.45767263,0.0,0.0
NUP107,0.41834834,0.0,-1.0
NUP133,0.36617044,0.0,-1.0
NUP153,0.46745276,0.0,0.0
NUP155,0.40996656,0.0,0.0
NUP160,0.36572447,0.0,0.0
NUP188,0.26511812,0.0,0.0
NUP205,0.3484805,0.0,0.0
NUP210,0.32103336,0.0,0.0
NUP210L,0.23411812,0.0,-1.0
NUP214,0.5038144,1.0,1.0
NUP35,0.27040952,0.0,0.0
NUP37,0.25994715,0.0,0.0
NUP42,0.20329504,0.0,0.0
NUP43,0.29137167,0.0,0.0
NUP50,0.36012483,0.0,-1.0
NUP54,0.29154873,0.0,-1.0
NUP58,0.23875341,0.0,0.0
NUP62,0.32023525,0.0,-1.0
NUP62CL,0.33939716,0.0,0.0
NUP85,0.37895143,0.0,-1.0
NUP88,0.27111298,0.0,0.0
NUP93,0.32249388,0.0,-1.0
NUP98,0.58993185,1.0,1.0
NUPR1,0.3127299,0.0,-1.0
NUPR2,0.21470815,0.0,0.0
NUS1,0.14200377,0.0,0.0
NUSAP1,0.4007536,0.0,0.0
NUTF2,0.34443298,0.0,0.0
NUTM1,0.2779555,0.0,1.0
NUTM2A,0.20602737,0.0,-1.0
NUTM2B,0.17315763,0.0,1.0
NUTM2F,0.1402788,0.0,0.0
NVL,0.38847724,0.0,0.0
NWD1,0.25782576,0.0,0.0
NWD2,0.20356628,0.0,0.0
NXF1,0.425077,0.0,-1.0
NXF3,0.3261277,0.0,0.0
NXF5,0.37439275,0.0,-1.0
NXN,0.25775993,0.0,0.0
NXNL1,0.19391298,0.0,0.0
NXNL2,0.20684712,0.0,0.0
NXPE1,0.062455907,0.0,-1.0
NXPE2,0.15729542,0.0,0.0
NXPE3,0.11677137,0.0,0.0
NXPE4,0.008767606,0.0,0.0
NXPH1,0.15458037,0.0,0.0
NXPH2,0.32978904,0.0,0.0
NXPH3,0.15251978,0.0,0.0
NXPH4,0.24021606,0.0,0.0
NXT1,0.24345157,0.0,0.0
NXT2,0.32641327,0.0,0.0
NYAP1,0.07498901,0.0,0.0
NYAP2,0.18338796,0.0,0.0
NYNRIN,0.24485865,0.0,0.0
NYX,0.37358782,0.0,-1.0
OAF,0.2950897,0.0,0.0
OARD1,0.096929036,0.0,0.0
OAS1,0.46897852,0.0,0.0
OAS2,0.44122583,0.0,0.0
OAS3,0.4221901,0.0,0.0
OASL,0.4342174,0.0,0.0
OAT,0.26894045,0.0,-1.0
OAZ2,0.2031002,0.0,0.0
OAZ3,0.17805989,0.0,0.0
OBI1,0.19909187,0.0,-1.0
OBP2A,0.010540105,0.0,0.0
OBP2B,0.010756184,0.0,0.0
OBSCN,0.36003044,0.0,-1.0
OBSL1,0.13364656,0.0,0.0
OC90,0.15880434,0.0,0.0
OCA2,0.4628676,0.0,-1.0
OCEL1,0.10496669,0.0,0.0
OCIAD1,0.27335215,0.0,0.0
OCIAD2,0.10293814,0.0,0.0
OCLM,0.29194614,0.0,0.0
OCLN,0.5068012,1.0,-1.0
OCM,0.37226012,0.0,0.0
OCM2,0.36084205,0.0,0.0
OCRL,0.4709676,0.0,-1.0
OCSTAMP,0.24716546,0.0,0.0
ODAD1,0.20773879,0.0,0.0
ODAD2,0.22124316,0.0,0.0
ODAD3,0.23251544,0.0,0.0
ODAM,0.17931907,0.0,-1.0
ODAPH,0.11320211,0.0,0.0
ODC1,0.3696179,0.0,-1.0
ODF1,0.19426687,0.0,0.0
ODF2L,0.19469368,0.0,0.0
ODF3,0.17397846,0.0,0.0
ODF3B,0.11884692,0.0,0.0
ODF3L1,0.20147352,0.0,0.0
ODF3L2,0.17507163,0.0,-1.0
ODF4,0.15996821,0.0,-1.0
ODR4,0.19927414,0.0,0.0
OFD1,0.4319658,0.0,-1.0
OGA,0.5617507,1.0,0.0
OGDH,0.2433832,0.0,-1.0
OGDHL,0.076899305,0.0,0.0
OGFOD1,0.17973688,0.0,0.0
OGFOD2,0.23035944,0.0,0.0
OGFOD3,0.11242324,0.0,0.0
OGFR,0.153944,0.0,0.0
OGFRL1,0.2760691,0.0,0.0
OGG1,0.49805984,0.0,-1.0
OGN,0.49101347,0.0,0.0
OGT,0.5281217,1.0,0.0
OIP5,0.35141718,0.0,0.0
OIT3,0.056912716,0.0,0.0
OLA1,0.16724773,0.0,0.0
OLAH,0.18838894,0.0,0.0
OLFM1,0.24079834,0.0,-1.0
OLFM2,0.16478643,0.0,0.0
OLFM3,0.16833076,0.0,-1.0
OLFM4,0.13246018,0.0,-1.0
OLFML1,0.1600332,0.0,0.0
OLFML2A,0.18749331,0.0,0.0
OLFML2B,0.265254,0.0,0.0
OLFML3,0.24570484,0.0,0.0
OLIG1,0.4458353,0.0,-1.0
OLIG2,0.5167708,1.0,1.0
OLIG3,0.32977453,0.0,-1.0
OLR1,0.4547596,0.0,-1.0
OMA1,0.47698322,0.0,-1.0
OMD,0.44374204,0.0,-1.0
OMG,0.4012051,0.0,0.0
OMP,0.434121,0.0,0.0
ONECUT1,0.4731383,0.0,0.0
ONECUT3,0.2864407,0.0,0.0
OOEP,0.1828471,0.0,0.0
OOSP2,0.18959005,0.0,-1.0
OPA1,0.49682894,0.0,-1.0
OPA3,0.1844196,0.0,-1.0
OPALIN,0.17418337,0.0,-1.0
OPCML,0.27106452,0.0,-1.0
OPHN1,0.41682816,0.0,-1.0
OPN1LW,0.37354282,0.0,-1.0
OPN1MW2,0.17882006,0.0,-1.0
OPN1SW,0.29488066,0.0,-1.0
OPN3,0.36589593,0.0,0.0
OPN4,0.22102486,0.0,0.0
OPN5,0.17901252,0.0,0.0
OPRD1,0.22548464,0.0,-1.0
OPRK1,0.2285441,0.0,-1.0
OPRL1,0.29050812,0.0,0.0
OPRM1,0.35174975,0.0,0.0
OPRPN,0.09977717,0.0,0.0
OPTC,0.32165793,0.0,0.0
OPTN,0.44747493,0.0,-1.0
OR10A2,0.097296566,0.0,0.0
OR10A3,0.11758008,0.0,0.0
OR10A4,0.20525622,0.0,0.0
OR10A5,0.1119156,0.0,0.0
OR10A7,0.22036259,0.0,-1.0
OR10AD1,0.20347896,0.0,0.0
OR10AG1,0.065122746,0.0,0.0
OR10C1,0.06774594,0.0,0.0
OR10D3,0.056843884,0.0,0.0
OR10G2,0.11682715,0.0,0.0
OR10G3,0.120826125,0.0,0.0
OR10G4,0.08294648,0.0,0.0
OR10G7,0.05111853,0.0,-1.0
OR10G8,0.04102881,0.0,0.0
OR10G9,0.11094762,0.0,0.0
OR10H1,0.069709025,0.0,0.0
OR10H2,0.1056872,0.0,-1.0
OR10H3,0.06746156,0.0,0.0
OR10H4,0.009196909,0.0,0.0
OR10H5,0.09000116,0.0,0.0
OR10J1,0.1571891,0.0,0.0
OR10J3,0.15774564,0.0,0.0
OR10J5,0.14952323,0.0,0.0
OR10K1,0.12467218,0.0,0.0
OR10K2,0.10478408,0.0,0.0
OR10P1,0.12186412,0.0,0.0
OR10Q1,0.06498288,0.0,0.0
OR10R2,0.11322451,0.0,-1.0
OR10S1,0.11409496,0.0,0.0
OR10T2,0.025073832,0.0,0.0
OR10V1,0.11139258,0.0,0.0
OR10W1,0.07396895,0.0,0.0
OR10Z1,0.12507308,0.0,0.0
OR11A1,0.06801266,0.0,0.0
OR11G2,0.091147,0.0,0.0
OR11H1,0.06295972,0.0,0.0
OR11H12,0.08852853,0.0,0.0
OR11H4,0.10423514,0.0,0.0
OR11H6,0.11599115,0.0,0.0
OR11L1,0.08049293,0.0,0.0
OR13A1,0.057996996,0.0,0.0
OR13C2,0.068148084,0.0,0.0
OR13C3,0.106335886,0.0,0.0
OR13C4,0.049820308,0.0,-1.0
OR13C5,0.046141505,0.0,0.0
OR13C8,0.09023362,0.0,0.0
OR13C9,0.06640664,0.0,0.0
OR13D1,0.11928119,0.0,0.0
OR13F1,0.0788364,0.0,0.0
OR13G1,0.05665653,0.0,0.0
OR13H1,0.14198485,0.0,0.0
OR13J1,0.07364528,0.0,0.0
OR14A16,0.052056648,0.0,0.0
OR14A2,0.08644503,0.0,0.0
OR14C36,0.12826478,0.0,0.0
OR14I1,0.07451536,0.0,0.0
OR14J1,0.11959313,0.0,0.0
OR14K1,0.017083148,0.0,0.0
OR1A1,0.056324102,0.0,0.0
OR1A2,0.043611147,0.0,0.0
OR1C1,0.04371316,0.0,0.0
OR1D2,0.06433271,0.0,0.0
OR1D5,0.056425378,0.0,0.0
OR1E1,0.0865698,0.0,0.0
OR1E2,0.075254045,0.0,0.0
OR1F1,0.086031325,0.0,0.0
OR1G1,0.02716521,0.0,0.0
OR1I1,0.09174177,0.0,0.0
OR1J1,0.06632969,0.0,0.0
OR1J2,0.10748104,0.0,-1.0
OR1J4,0.09210847,0.0,0.0
OR1K1,0.14059126,0.0,0.0
OR1L1,0.1078567,0.0,-1.0
OR1L3,0.06864911,0.0,0.0
OR1L4,0.070127435,0.0,0.0
OR1L6,0.09144266,0.0,0.0
OR1L8,0.09260521,0.0,0.0
OR1M1,0.0795282,0.0,-1.0
OR1N1,0.09152077,0.0,0.0
OR1N2,0.06728123,0.0,0.0
OR1Q1,0.0835157,0.0,0.0
OR1S2,0.02823915,0.0,0.0
OR2A1,0.014695809,0.0,0.0
OR2A12,0.13050377,0.0,0.0
OR2A14,0.12093409,0.0,0.0
OR2A2,0.11277427,0.0,-1.0
OR2A25,0.07614111,0.0,0.0
OR2A4,0.019975446,0.0,0.0
OR2A42,0.008355522,0.0,-1.0
OR2A5,0.056986876,0.0,0.0
OR2A7,0.021868626,0.0,0.0
OR2AE1,0.106407955,0.0,0.0
OR2AG1,0.10510908,0.0,0.0
OR2AG2,0.08184841,0.0,0.0
OR2AJ1,0.0010023429,0.0,0.0
OR2AK2,0.038172074,0.0,0.0
OR2AP1,0.101246804,0.0,0.0
OR2AT4,0.11393644,0.0,0.0
OR2B11,0.06758273,0.0,0.0
OR2B2,0.08040752,0.0,0.0
OR2B3,0.0785057,0.0,0.0
OR2B6,0.1301494,0.0,0.0
OR2C1,0.118774064,0.0,0.0
OR2C3,0.15812862,0.0,0.0
OR2D2,0.08857847,0.0,-1.0
OR2D3,0.16031492,0.0,0.0
OR2F2,0.09607691,0.0,-1.0
OR2G2,0.04042254,0.0,0.0
OR2G3,0.085853286,0.0,0.0
OR2G6,0.07689595,0.0,0.0
OR2H1,0.16433488,0.0,0.0
OR2H2,0.17268895,0.0,0.0
OR2J1,0.07580317,0.0,0.0
OR2J2,0.10084796,0.0,0.0
OR2J3,0.032195237,0.0,0.0
OR2K2,0.025991438,0.0,0.0
OR2L13,0.03308746,0.0,-1.0
OR2L2,0.052307177,0.0,0.0
OR2L3,0.049287543,0.0,0.0
OR2L5,0.04845872,0.0,0.0
OR2M2,0.06608005,0.0,0.0
OR2M3,0.083555244,0.0,0.0
OR2M4,0.043055046,0.0,-1.0
OR2M5,0.066819,0.0,0.0
OR2M7,0.016107764,0.0,0.0
OR2S2,0.11633615,0.0,0.0
OR2T1,0.038868498,0.0,0.0
OR2T10,0.046175845,0.0,0.0
OR2T12,0.083939135,0.0,0.0
OR2T2,0.08302304,0.0,0.0
OR2T27,0.06569497,0.0,0.0
OR2T29,0.10274091,0.0,0.0
OR2T3,0.07065513,0.0,0.0
OR2T33,0.053050075,0.0,0.0
OR2T34,0.059000548,0.0,0.0
OR2T35,0.09582343,0.0,-1.0
OR2T4,0.079031594,0.0,0.0
OR2T5,0.073845915,0.0,0.0
OR2T6,0.035950046,0.0,0.0
OR2T8,0.06293767,0.0,0.0
OR2V1,0.02083711,0.0,0.0
OR2V2,0.07536277,0.0,0.0
OR2W1,0.07308233,0.0,0.0
OR2W3,0.03271115,0.0,-1.0
OR2Y1,0.12692258,0.0,0.0
OR2Z1,0.13737358,0.0,0.0
OR3A1,0.062514775,0.0,0.0
OR3A2,0.11177619,0.0,0.0
OR3A3,0.0629694,0.0,0.0
OR4A15,0.02318879,0.0,0.0
OR4A16,0.115531735,0.0,0.0
OR4A47,0.10360958,0.0,0.0
OR4A5,0.036121424,0.0,0.0
OR4B1,0.112924784,0.0,0.0
OR4C11,0.076049104,0.0,0.0
OR4C12,0.10192444,0.0,0.0
OR4C13,0.119663,0.0,0.0
OR4C15,0.077422984,0.0,-1.0
OR4C3,0.11023962,0.0,0.0
OR4C46,0.09576372,0.0,0.0
OR4C5,0.107636414,0.0,-1.0
OR4C6,0.11811513,0.0,0.0
OR4D1,0.0776374,0.0,0.0
OR4D10,0.09191399,0.0,0.0
OR4D11,0.13241251,0.0,0.0
OR4D2,0.1157659,0.0,0.0
OR4D5,0.0978078,0.0,0.0
OR4D6,0.051206898,0.0,0.0
OR4D9,0.14373878,0.0,0.0
OR4E2,0.14043418,0.0,0.0
OR4F15,0.11038661,0.0,0.0
OR4F16,0.015254666,0.0,0.0
OR4F17,0.084772095,0.0,0.0
OR4F21,0.029761693,0.0,0.0
OR4F29,0.025875717,0.0,0.0
OR4F3,0.020839656,0.0,0.0
OR4F4,0.05443102,0.0,0.0
OR4F5,0.03852846,0.0,0.0
OR4F6,0.06869214,0.0,0.0
OR4K1,0.04973936,0.0,0.0
OR4K13,0.12317747,0.0,0.0
OR4K14,0.13674028,0.0,-1.0
OR4K15,0.12057785,0.0,0.0
OR4K17,0.08792557,0.0,-1.0
OR4K2,0.06334135,0.0,0.0
OR4K5,0.053020626,0.0,0.0
OR4L1,0.09450108,0.0,-1.0
OR4M1,0.026076823,0.0,0.0
OR4N2,0.14492598,0.0,0.0
OR4N4,0.0728685,0.0,0.0
OR4N5,0.14116208,0.0,0.0
OR4P4,0.12316125,0.0,0.0
OR4Q3,0.0774748,0.0,0.0
OR4S1,0.07171716,0.0,0.0
OR4S2,0.04510805,0.0,0.0
OR4X1,0.042275157,0.0,0.0
OR51A2,0.035226714,0.0,0.0
OR51A4,0.017666288,0.0,0.0
OR51A7,0.11205461,0.0,0.0
OR51B4,0.13980247,0.0,0.0
OR51B5,0.11364214,0.0,0.0
OR51B6,0.14108583,0.0,0.0
OR51D1,0.07558106,0.0,0.0
OR51E1,0.07651675,0.0,0.0
OR51E2,0.0632584,0.0,0.0
OR51F2,0.11679276,0.0,-1.0
OR51G2,0.11383202,0.0,0.0
OR51H1,0.03272838,0.0,0.0
OR51I1,0.112756215,0.0,0.0
OR51I2,0.05043107,0.0,-1.0
OR51J1,0.073402025,0.0,0.0
OR51L1,0.017717436,0.0,0.0
OR51M1,0.102224946,0.0,0.0
OR51Q1,0.07642824,0.0,0.0
OR51S1,0.11030562,0.0,0.0
OR51T1,0.032625366,0.0,0.0
OR51V1,0.10462004,0.0,0.0
OR52A1,0.06358515,0.0,0.0
OR52A5,0.03421353,0.0,0.0
OR52B2,0.057222832,0.0,0.0
OR52B6,0.04078066,0.0,0.0
OR52D1,0.07476721,0.0,0.0
OR52E2,0.09117282,0.0,0.0
OR52E4,0.13293687,0.0,0.0
OR52E6,0.095659606,0.0,0.0
OR52E8,0.038152862,0.0,-1.0
OR52H1,0.03910577,0.0,0.0
OR52I1,0.103870936,0.0,0.0
OR52I2,0.15200321,0.0,-1.0
OR52J3,0.10518022,0.0,0.0
OR52K1,0.024561685,0.0,0.0
OR52K2,0.18985821,0.0,0.0
OR52L1,0.052705344,0.0,0.0
OR52M1,0.09458595,0.0,0.0
OR52N1,0.121462196,0.0,-1.0
OR52N2,0.09717765,0.0,0.0
OR52N4,0.067812175,0.0,0.0
OR52N5,0.1265172,0.0,0.0
OR52W1,0.15974411,0.0,0.0
OR56A1,0.024947427,0.0,0.0
OR56A3,0.06942825,0.0,0.0
OR56A4,0.09831803,0.0,0.0
OR56B1,0.18593524,0.0,0.0
OR56B4,0.123831615,0.0,0.0
OR5A1,0.10755148,0.0,0.0
OR5A2,0.028834164,0.0,0.0
OR5AC2,0.07191174,0.0,0.0
OR5AK2,0.13523076,0.0,0.0
OR5AN1,0.043472208,0.0,0.0
OR5AP2,0.11622867,0.0,0.0
OR5AS1,0.1733435,0.0,0.0
OR5AU1,0.102133214,0.0,0.0
OR5B12,0.07509583,0.0,0.0
OR5B17,0.072927594,0.0,-1.0
OR5B2,0.112568274,0.0,0.0
OR5B21,0.095591225,0.0,0.0
OR5B3,0.039316952,0.0,0.0
OR5C1,0.10516918,0.0,0.0
OR5D14,0.051675156,0.0,0.0
OR5D16,0.06517943,0.0,0.0
OR5D18,0.13689964,0.0,0.0
OR5F1,0.16487077,0.0,0.0
OR5H1,0.023381025,0.0,0.0
OR5H14,0.03248551,0.0,0.0
OR5H15,0.04344214,0.0,0.0
OR5H2,0.10520888,0.0,0.0
OR5I1,0.05384548,0.0,0.0
OR5J2,0.11586196,0.0,0.0
OR5K1,0.092088215,0.0,0.0
OR5K2,0.094528444,0.0,0.0
OR5K3,0.13101637,0.0,0.0
OR5K4,0.14972247,0.0,0.0
OR5L2,0.14564893,0.0,0.0
OR5M1,0.0734273,0.0,0.0
OR5M10,0.1136685,0.0,0.0
OR5M11,0.09173334,0.0,0.0
OR5M3,0.10465625,0.0,0.0
OR5M8,0.0176392,0.0,0.0
OR5M9,0.08576307,0.0,0.0
OR5P2,0.100408,0.0,0.0
OR5P3,0.05815616,0.0,0.0
OR5T1,0.059896525,0.0,0.0
OR5T2,0.11195271,0.0,0.0
OR5T3,0.11551698,0.0,0.0
OR5W2,0.12628655,0.0,0.0
OR6A2,0.11830325,0.0,-1.0
OR6B1,0.053234138,0.0,0.0
OR6B2,0.04807891,0.0,0.0
OR6B3,0.03179229,0.0,0.0
OR6C1,0.11825022,0.0,0.0
OR6C2,0.08419655,0.0,0.0
OR6C3,0.10464671,0.0,0.0
OR6C4,0.09598249,0.0,0.0
OR6C6,0.10110378,0.0,0.0
OR6C65,0.031440314,0.0,0.0
OR6C68,0.08983499,0.0,0.0
OR6C70,0.10520843,0.0,0.0
OR6C74,0.0485144,0.0,0.0
OR6C75,0.061667323,0.0,0.0
OR6C76,0.18278266,0.0,0.0
OR6F1,0.02554403,0.0,0.0
OR6J1,0.06767019,0.0,0.0
OR6K2,0.032187387,0.0,0.0
OR6K3,0.14170614,0.0,0.0
OR6K6,0.082708485,0.0,0.0
OR6M1,0.08165074,0.0,0.0
OR6N1,0.14621095,0.0,0.0
OR6N2,0.13565016,0.0,0.0
OR6P1,0.08459343,0.0,0.0
OR6Q1,0.020361628,0.0,0.0
OR6S1,0.09580802,0.0,0.0
OR6T1,0.05747398,0.0,0.0
OR6V1,0.106423706,0.0,0.0
OR6X1,0.13591337,0.0,0.0
OR6Y1,0.034273013,0.0,0.0
OR7A10,0.09609207,0.0,0.0
OR7A17,0.10353732,0.0,0.0
OR7A5,0.12265965,0.0,0.0
OR7C1,0.048346084,0.0,0.0
OR7C2,0.14733127,0.0,0.0
OR7D2,0.0669979,0.0,0.0
OR7D4,0.060275722,0.0,0.0
OR7E24,0.16053562,0.0,0.0
OR7G1,0.044010244,0.0,0.0
OR7G2,0.16165702,0.0,0.0
OR7G3,0.09910625,0.0,-1.0
OR8A1,0.10678088,0.0,0.0
OR8B12,0.0785677,0.0,0.0
OR8B2,0.0858779,0.0,0.0
OR8B3,0.10222714,0.0,0.0
OR8B4,0.09509789,0.0,0.0
OR8B8,0.091956384,0.0,0.0
OR8D1,0.1655457,0.0,0.0
OR8D4,0.08023827,0.0,0.0
OR8H1,0.07442185,0.0,0.0
OR8H2,0.029161418,0.0,0.0
OR8H3,0.023407886,0.0,0.0
OR8I2,0.12854597,0.0,0.0
OR8J1,0.1370681,0.0,0.0
OR8J3,0.09952456,0.0,0.0
OR8K1,0.12523529,0.0,-1.0
OR8K5,0.1341046,0.0,-1.0
OR8S1,0.037045177,0.0,0.0
OR8U1,0.14000201,0.0,0.0
OR9A2,0.07961869,0.0,0.0
OR9A4,0.03543095,0.0,0.0
OR9G1,0.03354794,0.0,-1.0
OR9G4,0.037921034,0.0,0.0
OR9I1,0.086989045,0.0,0.0
OR9K2,0.0893579,0.0,-1.0
OR9Q1,0.09519361,0.0,0.0
OR9Q2,0.13276076,0.0,0.0
ORAI2,0.27068335,0.0,-1.0
ORAI3,0.27526468,0.0,-1.0
ORC1,0.42819545,0.0,-1.0
ORC2,0.40812823,0.0,0.0
ORC3,0.3904068,0.0,0.0
ORC4,0.40367788,0.0,0.0
ORC5,0.3645884,0.0,0.0
ORC6,0.39668664,0.0,0.0
ORM1,0.1422544,0.0,0.0
ORM2,0.09502828,0.0,0.0
ORMDL1,0.1158427,0.0,0.0
ORMDL2,0.11594007,0.0,0.0
ORMDL3,0.22937524,0.0,-1.0
OS9,0.3108338,0.0,-1.0
OSBP,0.30245388,0.0,0.0
OSBP2,0.23418005,0.0,-1.0
OSBPL10,0.21269448,0.0,0.0
OSBPL11,0.34309107,0.0,0.0
OSBPL1A,0.26846784,0.0,0.0
OSBPL2,0.29892257,0.0,0.0
OSBPL3,0.23681334,0.0,-1.0
OSBPL5,0.26508006,0.0,0.0
OSBPL6,0.20062654,0.0,0.0
OSBPL7,0.23508753,0.0,0.0
OSBPL8,0.362898,0.0,-1.0
OSBPL9,0.23431183,0.0,0.0
OSCAR,0.2593308,0.0,0.0
OSCP1,0.23192188,0.0,0.0
OSER1,0.16130348,0.0,0.0
OSGEP,0.16958383,0.0,0.0
OSGEPL1,0.14580616,0.0,0.0
OSGIN1,0.22542214,0.0,-1.0
OSGIN2,0.21992154,0.0,-1.0
OSM,0.5416565,1.0,0.0
OSMR,0.42400852,0.0,-1.0
OSR1,0.2616697,0.0,0.0
OSR2,0.33756754,0.0,-1.0
OST4,0.19064517,0.0,0.0
OSTC,0.26440734,0.0,0.0
OSTF1,0.3180379,0.0,0.0
OSTM1,0.20673071,0.0,-1.0
OSTN,0.24732482,0.0,0.0
OTC,0.2011724,0.0,-1.0
OTOA,0.19850288,0.0,0.0
OTOF,0.26411697,0.0,-1.0
OTOG,0.19808635,0.0,0.0
OTOGL,0.20790893,0.0,-1.0
OTOL1,0.1308035,0.0,0.0
OTOP1,0.07875331,0.0,-1.0
OTOP2,0.10369202,0.0,0.0
OTOP3,0.17212449,0.0,0.0
OTOR,0.33873433,0.0,0.0
OTOS,0.25391567,0.0,0.0
OTP,0.4082367,0.0,0.0
OTUB1,0.29718953,0.0,0.0
OTUB2,0.22371764,0.0,0.0
OTUD1,0.14228415,0.0,0.0
OTUD3,0.14494775,0.0,-1.0
OTUD4,0.26073575,0.0,0.0
OTUD5,0.29124966,0.0,-1.0
OTUD6A,0.24615769,0.0,0.0
OTUD6B,0.19614473,0.0,0.0
OTUD7A,0.11406169,0.0,-1.0
OTULIN,0.38982955,0.0,0.0
OTULINL,0.13744259,0.0,0.0
OTX1,0.47875893,0.0,0.0
OTX2,0.5164009,1.0,-1.0
OVCA2,0.34282294,0.0,0.0
OVCH1,0.10967304,0.0,-1.0
OVGP1,0.3170289,0.0,0.0
OVOL1,0.24626021,0.0,0.0
OVOL2,0.25742579,0.0,0.0
OXA1L,0.23856148,0.0,-1.0
OXCT1,0.16346665,0.0,0.0
OXCT2,0.16585146,0.0,-1.0
OXER1,0.15444395,0.0,0.0
OXGR1,0.13324115,0.0,0.0
OXLD1,0.16542499,0.0,0.0
OXNAD1,0.32721883,0.0,-1.0
OXR1,0.27336502,0.0,0.0
OXSM,0.14609915,0.0,0.0
OXSR1,0.2522263,0.0,0.0
OXT,0.39416927,0.0,0.0
OXTR,0.3749141,0.0,0.0
P2RX1,0.28784078,0.0,0.0
P2RX2,0.24819168,0.0,0.0
P2RX3,0.20704027,0.0,0.0
P2RX4,0.2751671,0.0,0.0
P2RX5,0.16486517,0.0,0.0
P2RX5-TAX1BP3,0.18021624,0.0,0.0
P2RX6,0.16984984,0.0,0.0
P2RY1,0.27316582,0.0,0.0
P2RY10,0.18283896,0.0,0.0
P2RY11,0.18138061,0.0,0.0
P2RY12,0.242502,0.0,0.0
P2RY13,0.16930749,0.0,0.0
P2RY14,0.15712596,0.0,-1.0
P2RY2,0.2692736,0.0,0.0
P2RY4,0.20707831,0.0,0.0
P2RY6,0.26508245,0.0,0.0
P2RY8,0.29001397,0.0,1.0
P3H1,0.26759902,0.0,-1.0
P3H2,0.29625285,0.0,0.0
P3H4,0.1954686,0.0,0.0
P4HA1,0.39612955,0.0,0.0
P4HA2,0.29146796,0.0,0.0
P4HA3,0.24151325,0.0,0.0
P4HB,0.4269294,0.0,0.0
P4HTM,0.3657495,0.0,-1.0
PA2G4,0.16864571,0.0,-1.0
PAAF1,0.28021613,0.0,-1.0
PABIR1,0.16240793,0.0,0.0
PABIR2,0.299794,0.0,0.0
PABIR3,0.31174117,0.0,0.0
PABPC1,0.3861439,0.0,1.0
PABPC1L,0.2551785,0.0,-1.0
PABPC1L2A,0.2396533,0.0,0.0
PABPC1L2B,0.24066652,0.0,0.0
PABPC3,0.24048321,0.0,0.0
PABPC4,0.25946358,0.0,-1.0
PABPC5,0.32080653,0.0,0.0
PABPN1,0.45989853,0.0,-1.0
PABPN1L,0.23092012,0.0,0.0
PACC1,0.029631656,0.0,0.0
PACRG,0.24368107,0.0,0.0
PACRGL,0.18413624,0.0,0.0
PACS1,0.35786045,0.0,0.0
PACS2,0.22396919,0.0,-1.0
PACSIN1,0.31726322,0.0,-1.0
PACSIN2,0.35538653,0.0,-1.0
PACSIN3,0.31625634,0.0,0.0
PADI1,0.19999743,0.0,0.0
PADI2,0.2442476,0.0,-1.0
PADI3,0.19182429,0.0,0.0
PADI4,0.29926738,0.0,-1.0
PAEP,0.48550847,0.0,-1.0
PAF1,0.37333906,0.0,-1.0
PAFAH1B1,0.46327594,0.0,-1.0
PAFAH1B2,0.20997526,0.0,1.0
PAFAH1B3,0.108147696,0.0,0.0
PAFAH2,0.074102625,0.0,0.0
PAG1,0.42883137,0.0,-1.0
PAGE1,0.2391373,0.0,0.0
PAGE2,0.22251964,0.0,0.0
PAGE2B,0.23737727,0.0,0.0
PAGE3,0.20395003,0.0,0.0
PAGE4,0.1582963,0.0,0.0
PAGE5,0.2685932,0.0,0.0
PAGR1,0.46979728,0.0,0.0
PAH,0.23570535,0.0,-1.0
PAICS,0.3216287,0.0,-1.0
PAIP1,0.28955674,0.0,-1.0
PAIP2,0.37951383,0.0,0.0
PAIP2B,0.1867039,0.0,0.0
PAK1,0.5291668,1.0,1.0
PAK1IP1,0.12004234,0.0,0.0
PAK2,0.5259595,1.0,-1.0
PAK3,0.47300804,0.0,-1.0
PAK4,0.5090494,1.0,-1.0
PAK5,0.41836566,0.0,1.0
PAK6,0.38915953,0.0,-1.0
PALB2,0.4746778,0.0,1.0
PALD1,0.19649774,0.0,0.0
PALLD,0.3364839,0.0,-1.0
PALM,0.21890134,0.0,0.0
PALM2,0.12600058,0.0,0.0
PALM2AKAP2,0.19023867,0.0,0.0
PALM3,0.10502591,0.0,0.0
PALMD,0.23626149,0.0,0.0
PALS1,0.31778663,0.0,-1.0
PALS2,0.3045954,0.0,0.0
PAM,0.37567914,0.0,0.0
PAM16,0.108849004,0.0,0.0
PAN2,0.23599635,0.0,0.0
PAN3,0.2669132,0.0,-1.0
PANK1,0.23293145,0.0,0.0
PANK2,0.30186245,0.0,-1.0
PANK3,0.1779396,0.0,0.0
PANK4,0.18575759,0.0,0.0
PANX1,0.18818136,0.0,0.0
PANX2,0.15477629,0.0,0.0
PANX3,0.17698106,0.0,0.0
PAOX,0.23115833,0.0,0.0
PAPLN,0.24791338,0.0,-1.0
PAPOLA,0.34698403,0.0,0.0
PAPOLB,0.2929113,0.0,-1.0
PAPOLG,0.35385403,0.0,0.0
PAPPA,0.37863275,0.0,0.0
PAPPA2,0.2697309,0.0,-1.0
PAPSS1,0.21806009,0.0,0.0
PAPSS2,0.16463482,0.0,0.0
PAQR3,0.11881666,0.0,0.0
PAQR4,0.06454138,0.0,0.0
PAQR5,0.11186496,0.0,0.0
PAQR6,0.10066893,0.0,0.0
PAQR7,0.18332307,0.0,0.0
PAQR8,0.14628838,0.0,0.0
PAQR9,0.14794448,0.0,0.0
PARD3,0.44121107,0.0,-1.0
PARD3B,0.30389568,0.0,-1.0
PARD6A,0.5055048,1.0,0.0
PARD6B,0.315088,0.0,-1.0
PARD6G,0.2467175,0.0,0.0
PARG,0.4171883,0.0,0.0
PARK7,0.33773145,0.0,-1.0
PARL,0.344949,0.0,0.0
PARM1,0.09533355,0.0,0.0
PARN,0.3299304,0.0,0.0
PARP1,0.72194016,1.0,1.0
PARP10,0.258093,0.0,0.0
PARP11,0.24928023,0.0,0.0
PARP12,0.2707061,0.0,0.0
PARP14,0.30650306,0.0,0.0
PARP15,0.31313974,0.0,0.0
PARP16,0.19141908,0.0,0.0
PARP2,0.5305965,1.0,-1.0
PARP3,0.40182212,0.0,-1.0
PARP4,0.4057981,0.0,-1.0
PARP6,0.1631854,0.0,0.0
PARP8,0.35954952,0.0,0.0
PARP9,0.32977188,0.0,0.0
PARS2,0.1479198,0.0,0.0
PARVA,0.34525317,0.0,0.0
PARVB,0.2854527,0.0,-1.0
PARVG,0.21145089,0.0,-1.0
PASD1,0.2639994,0.0,-1.0
PASK,0.3432632,0.0,-1.0
PATE1,0.37219894,0.0,0.0
PATE3,8.222557e-05,0.0,0.0
PATJ,0.33848268,0.0,-1.0
PATL1,0.23186746,0.0,0.0
PATL2,0.30637264,0.0,0.0
PATZ1,0.26361308,0.0,1.0
PAWR,0.30835772,0.0,-1.0
PAX1,0.5116941,1.0,0.0
PAX2,0.5674912,1.0,-1.0
PAX3,0.61389846,1.0,1.0
PAX4,0.4785377,0.0,-1.0
PAX5,0.5821362,1.0,1.0
PAX6,0.5952711,1.0,-1.0
PAX7,0.607981,1.0,1.0
PAX8,0.52038735,1.0,1.0
PAX9,0.48177812,0.0,-1.0
PAXBP1,0.25124508,0.0,0.0
PAXIP1,0.49366045,0.0,0.0
PAXX,0.20657316,0.0,0.0
PBDC1,0.15201195,0.0,0.0
PBK,0.46841165,0.0,0.0
PBLD,0.13134895,0.0,0.0
PBOV1,0.13439327,0.0,0.0
PBRM1,0.4756667,0.0,1.0
PBX1,0.59330064,1.0,1.0
PBX2,0.51983565,1.0,-1.0
PBX3,0.49209803,0.0,-1.0
PBX4,0.40227783,0.0,0.0
PBXIP1,0.15569133,0.0,0.0
PC,0.19202338,0.0,-1.0
PCARE,0.20975678,0.0,-1.0
PCBD1,0.1480952,0.0,-1.0
PCBD2,0.1416406,0.0,0.0
PCBP1,0.40123945,0.0,1.0
PCBP2,0.42237663,0.0,-1.0
PCBP3,0.28152385,0.0,-1.0
PCBP4,0.29084882,0.0,0.0
PCCA,0.14970188,0.0,-1.0
PCCB,0.17590979,0.0,-1.0
PCDH1,0.22155996,0.0,0.0
PCDH10,0.33026955,0.0,-1.0
PCDH11X,0.5123869,1.0,-1.0
PCDH11Y,0.31565404,0.0,0.0
PCDH12,0.2927418,0.0,0.0
PCDH15,0.29510808,0.0,-1.0
PCDH17,0.30624503,0.0,-1.0
PCDH18,0.33795172,0.0,-1.0
PCDH19,0.3876652,0.0,0.0
PCDH20,0.18671755,0.0,0.0
PCDH7,0.28920588,0.0,0.0
PCDH8,0.3723601,0.0,0.0
PCDH9,0.32052043,0.0,-1.0
PCDHA1,0.27029872,0.0,0.0
PCDHA10,0.29321578,0.0,-1.0
PCDHA11,0.3127542,0.0,-1.0
PCDHA12,0.2848895,0.0,0.0
PCDHA13,0.28545144,0.0,-1.0
PCDHA2,0.3051217,0.0,0.0
PCDHA3,0.31380326,0.0,0.0
PCDHA4,0.2620578,0.0,0.0
PCDHA5,0.22292101,0.0,0.0
PCDHA6,0.3349835,0.0,0.0
PCDHA7,0.31494302,0.0,0.0
PCDHA8,0.29653382,0.0,0.0
PCDHA9,0.29186288,0.0,0.0
PCDHAC1,0.16307053,0.0,0.0
PCDHAC2,0.30271122,0.0,-1.0
PCDHB1,0.2172384,0.0,-1.0
PCDHB10,0.26865846,0.0,0.0
PCDHB11,0.14378273,0.0,0.0
PCDHB12,0.25090647,0.0,0.0
PCDHB13,0.2492919,0.0,0.0
PCDHB14,0.2736287,0.0,0.0
PCDHB15,0.25616223,0.0,-1.0
PCDHB2,0.25055844,0.0,0.0
PCDHB3,0.24106814,0.0,0.0
PCDHB4,0.18384822,0.0,0.0
PCDHB5,0.26802963,0.0,0.0
PCDHB6,0.2606002,0.0,-1.0
PCDHB7,0.2289674,0.0,-1.0
PCDHB8,0.24847735,0.0,-1.0
PCDHGA1,0.20685686,0.0,0.0
PCDHGA10,0.16588037,0.0,0.0
PCDHGA11,0.22414082,0.0,0.0
PCDHGA12,0.26538652,0.0,0.0
PCDHGA2,0.20594643,0.0,0.0
PCDHGA3,0.19554776,0.0,0.0
PCDHGA4,0.21515635,0.0,0.0
PCDHGA5,0.15041389,0.0,0.0
PCDHGA6,0.22881182,0.0,0.0
PCDHGA7,0.16107833,0.0,0.0
PCDHGA8,0.21412534,0.0,-1.0
PCDHGA9,0.16921696,0.0,0.0
PCDHGB1,0.19207586,0.0,-1.0
PCDHGB2,0.16381145,0.0,0.0
PCDHGB3,0.22012001,0.0,0.0
PCDHGB4,0.25665233,0.0,0.0
PCDHGB6,0.2154125,0.0,0.0
PCDHGB7,0.30158028,0.0,0.0
PCDHGC3,0.238929,0.0,0.0
PCDHGC4,0.25089973,0.0,0.0
PCDHGC5,0.2578726,0.0,-1.0
PCED1A,0.2143351,0.0,0.0
PCED1B,0.0842998,0.0,-1.0
PCF11,0.36334276,0.0,-1.0
PCGF1,0.38950258,0.0,0.0
PCGF3,0.3905386,0.0,0.0
PCGF5,0.3658018,0.0,0.0
PCGF6,0.36130545,0.0,0.0
PCID2,0.25001854,0.0,0.0
PCIF1,0.19801085,0.0,0.0
PCK1,0.25726148,0.0,0.0
PCK2,0.3117548,0.0,0.0
PCLAF,0.5692394,1.0,-1.0
PCLO,0.37021303,0.0,-1.0
PCM1,0.38382715,0.0,1.0
PCMT1,0.16434935,0.0,0.0
PCMTD1,0.27648163,0.0,-1.0
PCMTD2,0.24610552,0.0,0.0
PCNA,0.7464394,1.0,-1.0
PCNP,0.17347243,0.0,0.0
PCNT,0.58106995,1.0,0.0
PCNX1,0.37275165,0.0,0.0
PCNX2,0.20817284,0.0,0.0
PCNX3,0.23594218,0.0,0.0
PCNX4,0.10731847,0.0,-1.0
PCOLCE,0.38990796,0.0,0.0
PCOLCE2,0.1937935,0.0,0.0
PCP2,0.19608277,0.0,0.0
PCP4,0.22488287,0.0,0.0
PCP4L1,0.10070452,0.0,0.0
PCSK1,0.3330114,0.0,-1.0
PCSK1N,0.24163067,0.0,0.0
PCSK2,0.32358313,0.0,0.0
PCSK4,0.28139523,0.0,-1.0
PCSK5,0.4133116,0.0,-1.0
PCSK7,0.38086006,0.0,-1.0
PCSK9,0.35770977,0.0,-1.0
PCTP,0.14361034,0.0,0.0
PCYOX1,0.18758292,0.0,0.0
PCYOX1L,0.22785886,0.0,0.0
PCYT1A,0.31090042,0.0,-1.0
PCYT1B,0.21370192,0.0,-1.0
PCYT2,0.15840635,0.0,0.0
PDAP1,0.17763364,0.0,-1.0
PDCD1,0.38828042,0.0,1.0
PDCD10,0.31742004,0.0,-1.0
PDCD11,0.14411037,0.0,-1.0
PDCD1LG2,0.43854782,0.0,1.0
PDCD2,0.30583042,0.0,-1.0
PDCD2L,0.10961671,0.0,-1.0
PDCD4,0.5415825,1.0,-1.0
PDCD5,0.13179657,0.0,-1.0
PDCD6,0.26260728,0.0,-1.0
PDCD6IP,0.3028047,0.0,0.0
PDCD7,0.21856858,0.0,0.0
PDCL,0.25245276,0.0,0.0
PDCL2,0.19056624,0.0,0.0
PDCL3,0.24930646,0.0,0.0
PDE10A,0.3588079,0.0,0.0
PDE11A,0.2633495,0.0,-1.0
PDE12,0.24737751,0.0,0.0
PDE1B,0.2357277,0.0,0.0
PDE1C,0.25963822,0.0,0.0
PDE2A,0.2901263,0.0,0.0
PDE3A,0.3051114,0.0,0.0
PDE3B,0.41588044,0.0,0.0
PDE4B,0.37049127,0.0,0.0
PDE4C,0.30623153,0.0,0.0
PDE4D,0.34405607,0.0,-1.0
PDE4DIP,0.26982683,0.0,1.0
PDE5A,0.39044958,0.0,0.0
PDE6A,0.2848419,0.0,-1.0
PDE6B,0.45850733,0.0,-1.0
PDE6C,0.28565013,0.0,-1.0
PDE6D,0.22775598,0.0,0.0
PDE6G,0.2145252,0.0,-1.0
PDE6H,0.22139516,0.0,-1.0
PDE7A,0.29535347,0.0,0.0
PDE7B,0.27478558,0.0,-1.0
PDE8A,0.21302941,0.0,0.0
PDE8B,0.3147026,0.0,-1.0
PDE9A,0.29615647,0.0,0.0
PDF,0.21259718,0.0,0.0
PDGFA,0.5945128,1.0,-1.0
PDGFB,0.5858364,1.0,1.0
PDGFC,0.5150798,1.0,-1.0
PDGFD,0.45524526,0.0,-1.0
PDGFRA,0.6174829,1.0,1.0
PDGFRB,0.6811867,1.0,1.0
PDGFRL,0.3440736,0.0,-1.0
PDHA1,0.17987955,0.0,-1.0
PDHA2,0.14291266,0.0,-1.0
PDHB,0.118172005,0.0,-1.0
PDHX,0.267586,0.0,0.0
PDIA2,0.25366965,0.0,0.0
PDIA3,0.30176193,0.0,0.0
PDIA4,0.27775759,0.0,-1.0
PDIA5,0.23690782,0.0,0.0
PDIA6,0.26841965,0.0,0.0
PDIK1L,0.30683267,0.0,0.0
PDILT,0.23948562,0.0,0.0
PDK1,0.27248436,0.0,-1.0
PDK2,0.31199387,0.0,-1.0
PDK3,0.284784,0.0,0.0
PDK4,0.26994035,0.0,0.0
PDLIM1,0.36195287,0.0,0.0
PDLIM2,0.2904917,0.0,0.0
PDLIM3,0.31449008,0.0,0.0
PDLIM4,0.4008264,0.0,0.0
PDLIM5,0.5130328,1.0,-1.0
PDLIM7,0.35760576,0.0,0.0
PDP1,0.29990163,0.0,0.0
PDP2,0.26508957,0.0,-1.0
PDPK1,0.5122653,1.0,-1.0
PDPN,0.49366727,0.0,0.0
PDPR,0.10534742,0.0,0.0
PDRG1,0.13774851,0.0,0.0
PDS5A,0.41940033,0.0,-1.0
PDS5B,0.434111,0.0,1.0
PDSS1,0.2090486,0.0,0.0
PDSS2,0.16298729,0.0,-1.0
PDX1,0.49755302,0.0,-1.0
PDXDC1,0.08171193,0.0,-1.0
PDXK,0.4050967,0.0,-1.0
PDXP,0.4130629,0.0,0.0
PDYN,0.2983079,0.0,-1.0
PDZD11,0.2772552,0.0,0.0
PDZD3,0.0771794,0.0,0.0
PDZD4,0.36084023,0.0,0.0
PDZD7,0.17234774,0.0,-1.0
PDZD8,0.16252677,0.0,0.0
PDZD9,0.16882043,0.0,0.0
PDZK1,0.120635286,0.0,0.0
PDZK1IP1,0.17603894,0.0,-1.0
PDZRN3,0.27437523,0.0,-1.0
PDZRN4,0.25465694,0.0,-1.0
PEA15,0.27818206,0.0,-1.0
PEAK1,0.25534654,0.0,0.0
PEAR1,0.302218,0.0,-1.0
PEBP1,0.2531666,0.0,-1.0
PEBP4,0.14235085,0.0,0.0
PECR,0.20323645,0.0,0.0
PEDS1-UBE2V1,0.24683279,0.0,0.0
PEF1,0.28482938,0.0,0.0
PEG10,0.4026842,0.0,-1.0
PEG3,0.3287964,0.0,-1.0
PELI1,0.28040645,0.0,0.0
PELI2,0.29581872,0.0,0.0
PELI3,0.19237481,0.0,-1.0
PELO,0.3195805,0.0,0.0
PELP1,0.33129683,0.0,0.0
PEMT,0.1168407,0.0,0.0
PENK,0.27544978,0.0,0.0
PEPD,0.28703526,0.0,-1.0
PER1,0.38747606,0.0,1.0
PER2,0.3971244,0.0,-1.0
PER3,0.31596395,0.0,-1.0
PERM1,0.13983361,0.0,-1.0
PERP,0.41033354,0.0,-1.0
PES1,0.32308587,0.0,-1.0
PET100,0.09843671,0.0,0.0
PET117,0.09526596,0.0,0.0
PEX1,0.33921245,0.0,-1.0
PEX10,0.19143301,0.0,-1.0
PEX11A,0.18722694,0.0,0.0
PEX11B,0.19377933,0.0,0.0
PEX11G,0.18115982,0.0,0.0
PEX12,0.20211542,0.0,-1.0
PEX13,0.21445125,0.0,-1.0
PEX14,0.18805104,0.0,-1.0
PEX16,0.15234429,0.0,-1.0
PEX19,0.19228816,0.0,-1.0
PEX2,0.22486429,0.0,-1.0
PEX26,0.17666683,0.0,-1.0
PEX3,0.19975156,0.0,-1.0
PEX5,0.21619229,0.0,-1.0
PEX5L,0.19716333,0.0,0.0
PEX6,0.20264794,0.0,-1.0
PEX7,0.101843365,0.0,-1.0
PF4,0.35113737,0.0,-1.0
PF4V1,0.24941097,0.0,-1.0
PFAS,0.16349061,0.0,-1.0
PFDN1,0.18200213,0.0,0.0
PFDN2,0.1756831,0.0,0.0
PFDN4,0.22331685,0.0,0.0
PFDN5,0.1142504,0.0,0.0
PFDN6,0.21258198,0.0,0.0
PFKFB1,0.20438763,0.0,0.0
PFKFB2,0.19274215,0.0,-1.0
PFKFB3,0.23904873,0.0,-1.0
PFKFB4,0.20301323,0.0,-1.0
PFKL,0.19350196,0.0,-1.0
PFKM,0.19398582,0.0,-1.0
PFKP,0.18104045,0.0,-1.0
PFN1,0.4129569,0.0,-1.0
PFN2,0.46170262,0.0,0.0
PFN3,0.144156,0.0,0.0
PFN4,0.27344942,0.0,0.0
PGA3,0.23960513,0.0,0.0
PGA4,0.24381761,0.0,0.0
PGA5,0.28887427,0.0,0.0
PGAM1,0.22388409,0.0,-1.0
PGAM2,0.18975164,0.0,-1.0
PGAM4,0.18723312,0.0,-1.0
PGAM5,0.24022187,0.0,0.0
PGAP1,0.18695669,0.0,0.0
PGAP2,0.13438895,0.0,-1.0
PGAP3,0.09163823,0.0,0.0
PGAP4,0.1187285,0.0,0.0
PGAP6,0.12882078,0.0,0.0
PGBD1,0.16175736,0.0,0.0
PGBD2,0.18104543,0.0,0.0
PGBD4,0.10772649,0.0,0.0
PGC,0.27833074,0.0,0.0
PGD,0.19575767,0.0,-1.0
PGF,0.5486448,1.0,-1.0
PGGHG,0.093008116,0.0,-1.0
PGGT1B,0.36293602,0.0,0.0
PGK1,0.35011393,0.0,-1.0
PGK2,0.18074581,0.0,0.0
PGLS,0.19733678,0.0,0.0
PGLYRP1,0.21857466,0.0,0.0
PGLYRP2,0.09170452,0.0,0.0
PGLYRP3,0.18032345,0.0,0.0
PGLYRP4,0.12023382,0.0,0.0
PGM1,0.25146127,0.0,-1.0
PGM2,0.19427769,0.0,0.0
PGM2L1,0.18008782,0.0,0.0
PGM3,0.24171178,0.0,0.0
PGM5,0.17826293,0.0,0.0
PGP,0.3291387,0.0,0.0
PGPEP1,0.27188924,0.0,0.0
PGR,0.65142506,1.0,1.0
PGRMC1,0.35846835,0.0,0.0
PGRMC2,0.24099244,0.0,0.0
PGS1,0.20050831,0.0,0.0
PHACTR1,0.22075689,0.0,0.0
PHACTR2,0.270687,0.0,0.0
PHACTR3,0.18033409,0.0,0.0
PHACTR4,0.055515192,0.0,0.0
PHAF1,0.21306877,0.0,0.0
PHAX,0.2968347,0.0,-1.0
PHB1,0.31491864,0.0,-1.0
PHB2,0.4923216,0.0,0.0
PHC2,0.41107035,0.0,-1.0
PHC3,0.5336391,1.0,0.0
PHETA1,0.22466297,0.0,0.0
PHETA2,0.057046536,0.0,0.0
PHEX,0.48408276,0.0,-1.0
PHF1,0.47298247,0.0,-1.0
PHF10,0.22286487,0.0,0.0
PHF11,0.4441593,0.0,0.0
PHF12,0.46282294,0.0,0.0
PHF13,0.10163556,0.0,0.0
PHF14,0.33604422,0.0,0.0
PHF19,0.44398028,0.0,0.0
PHF2,0.26870975,0.0,0.0
PHF20,0.3414837,0.0,-1.0
PHF20L1,0.39636913,0.0,0.0
PHF21A,0.43484977,0.0,-1.0
PHF21B,0.12150097,0.0,0.0
PHF23,0.30896854,0.0,-1.0
PHF24,0.23959376,0.0,0.0
PHF3,0.3254055,0.0,-1.0
PHF5A,0.46787888,0.0,-1.0
PHF6,0.3610838,0.0,1.0
PHF7,0.33488554,0.0,0.0
PHF8,0.3441099,0.0,-1.0
PHGDH,0.52083206,1.0,-1.0
PHGR1,0.09839108,0.0,0.0
PHIP,0.40178594,0.0,-1.0
PHKA1,0.28721753,0.0,-1.0
PHKA2,0.34871465,0.0,-1.0
PHKB,0.25882992,0.0,-1.0
PHKG1,0.25780946,0.0,0.0
PHKG2,0.28857565,0.0,-1.0
PHLDA1,0.31991884,0.0,-1.0
PHLDA2,0.36423296,0.0,0.0
PHLDA3,0.24196264,0.0,0.0
PHLDB1,0.12051368,0.0,0.0
PHLDB2,0.2504775,0.0,0.0
PHLDB3,0.16193005,0.0,0.0
PHLPP1,0.44763264,0.0,-1.0
PHOSPHO1,0.15651123,0.0,0.0
PHOSPHO2,0.1659338,0.0,0.0
PHOX2A,0.33075,0.0,0.0
PHOX2B,0.3711631,0.0,1.0
PHPT1,0.11202231,0.0,0.0
PHRF1,0.33848727,0.0,0.0
PHTF1,0.17606671,0.0,0.0
PHTF2,0.23837437,0.0,0.0
PHYH,0.23486418,0.0,-1.0
PHYHD1,0.06806898,0.0,-1.0
PHYHIP,0.29764304,0.0,0.0
PHYHIPL,0.16330703,0.0,0.0
PHYKPL,0.13491781,0.0,0.0
PI15,0.21773797,0.0,0.0
PI16,0.24536258,0.0,0.0
PI3,0.6276871,1.0,0.0
PI4K2A,0.3726916,0.0,0.0
PI4K2B,0.2593876,0.0,0.0
PIANP,0.25235012,0.0,0.0
PIAS1,0.5972737,1.0,-1.0
PIAS2,0.45014054,0.0,0.0
PIAS3,0.5066783,1.0,-1.0
PIAS4,0.51197344,1.0,0.0
PIBF1,0.23407969,0.0,0.0
PICALM,0.46166298,0.0,1.0
PICK1,0.34038356,0.0,-1.0
PID1,0.21283825,0.0,0.0
PIDD1,0.38040134,0.0,0.0
PIEZO1,0.1580733,0.0,0.0
PIEZO2,0.29309377,0.0,-1.0
PIF1,0.33868647,0.0,0.0
PIFO,0.22860304,0.0,0.0
PIGA,0.2528613,0.0,1.0
PIGB,0.23126432,0.0,0.0
PIGF,0.32430273,0.0,0.0
PIGG,0.22383155,0.0,0.0
PIGH,0.09776372,0.0,0.0
PIGK,0.18139821,0.0,0.0
PIGL,0.20557214,0.0,0.0
PIGM,0.13807252,0.0,0.0
PIGN,0.30781737,0.0,0.0
PIGP,0.13128266,0.0,0.0
PIGQ,0.20563683,0.0,0.0
PIGR,0.26871446,0.0,-1.0
PIGS,0.54143524,1.0,0.0
PIGT,0.2884555,0.0,-1.0
PIGU,0.15469153,0.0,0.0
PIGV,0.15548569,0.0,-1.0
PIGX,0.057995826,0.0,0.0
PIGY,0.10962662,0.0,-1.0
PIGZ,0.114210755,0.0,0.0
PIH1D1,0.2970637,0.0,0.0
PIH1D2,0.19658324,0.0,0.0
PIK3AP1,0.32508653,0.0,-1.0
PIK3C2A,0.5666609,1.0,-1.0
PIK3C2B,0.42723936,0.0,-1.0
PIK3C2G,0.41627347,0.0,-1.0
PIK3C3,0.6074717,1.0,-1.0
PIK3CA,0.81139773,1.0,1.0
PIK3CB,0.79450107,1.0,1.0
PIK3CD,0.76778895,1.0,1.0
PIK3CG,0.80585873,1.0,1.0
PIK3IP1,0.12893066,0.0,-1.0
PIK3R2,0.495002,0.0,1.0
PIK3R3,0.44119936,0.0,1.0
PIK3R4,0.3675392,0.0,-1.0
PIK3R5,0.41690916,0.0,-1.0
PIKFYVE,0.4638545,0.0,-1.0
PILRA,0.12564251,0.0,0.0
PIM1,0.4324725,0.0,1.0
PIM2,0.3830149,0.0,-1.0
PIM3,0.340266,0.0,-1.0
PIMREG,0.46607843,0.0,-1.0
PIN1,0.45983058,0.0,0.0
PIN4,0.30540743,0.0,0.0
PINK1,0.4049479,0.0,-1.0
PINLYP,0.2362599,0.0,0.0
PINX1,0.15316443,0.0,0.0
PIP,0.1504735,0.0,0.0
PIP4K2A,0.4551411,0.0,-1.0
PIP4K2C,0.431225,0.0,0.0
PIP4P1,0.21603006,0.0,0.0
PIP4P2,0.20615037,0.0,0.0
PIP5K1A,0.41753462,0.0,-1.0
PIP5K1B,0.3828481,0.0,-1.0
PIP5K1C,0.41170165,0.0,-1.0
PIP5KL1,0.37874585,0.0,0.0
PIPOX,0.21678145,0.0,0.0
PIR,0.32105684,0.0,0.0
PIRT,0.22737019,0.0,0.0
PISD,0.13156389,0.0,0.0
PITHD1,0.206354,0.0,0.0
PITPNA,0.25029415,0.0,0.0
PITPNB,0.23569557,0.0,0.0
PITPNM1,0.25164178,0.0,0.0
PITPNM2,0.23972431,0.0,-1.0
PITPNM3,0.24064614,0.0,-1.0
PITRM1,0.23986967,0.0,0.0
PITX1,0.47547683,0.0,-1.0
PITX2,0.52581817,1.0,0.0
PITX3,0.3983376,0.0,-1.0
PIWIL1,0.41274992,0.0,-1.0
PIWIL2,0.28465906,0.0,-1.0
PIWIL3,0.28242397,0.0,0.0
PIWIL4,0.43556407,0.0,0.0
PJA1,0.30744198,0.0,0.0
PJA2,0.27298984,0.0,0.0
PJVK,0.16318794,0.0,0.0
PKD1,0.43917027,0.0,-1.0
PKD1L1,0.2342299,0.0,-1.0
PKD2,0.42401853,0.0,-1.0
PKD2L1,0.16834557,0.0,0.0
PKD2L2,0.17468028,0.0,0.0
PKDCC,0.33780664,0.0,-1.0
PKDREJ,0.50739586,1.0,-1.0
PKHD1,0.31178263,0.0,-1.0
PKHD1L1,0.21599513,0.0,-1.0
PKIA,0.22217089,0.0,0.0
PKIB,0.15248424,0.0,0.0
PKIG,0.115280055,0.0,-1.0
PKLR,0.21007535,0.0,0.0
PKM,0.2924163,0.0,-1.0
PKMYT1,0.47036713,0.0,0.0
PKN1,0.43228188,0.0,-1.0
PKN2,0.4700845,0.0,0.0
PKN3,0.34805635,0.0,0.0
PKNOX1,0.45696226,0.0,-1.0
PKNOX2,0.30620566,0.0,0.0
PKP1,0.45199034,0.0,-1.0
PKP2,0.48831302,0.0,-1.0
PKP3,0.36115187,0.0,0.0
PKP4,0.4486733,0.0,-1.0
PLA1A,0.28723118,0.0,-1.0
PLA2G10,0.1639452,0.0,0.0
PLA2G12A,0.06615063,0.0,0.0
PLA2G12B,0.067447186,0.0,0.0
PLA2G15,0.15286219,0.0,0.0
PLA2G1B,0.39109674,0.0,0.0
PLA2G2A,0.22143649,0.0,-1.0
PLA2G2C,0.17174587,0.0,0.0
PLA2G2D,0.1898799,0.0,0.0
PLA2G2E,0.080514625,0.0,0.0
PLA2G2F,0.06952581,0.0,0.0
PLA2G3,0.04987702,0.0,0.0
PLA2G4A,0.37159443,0.0,-1.0
PLA2G4B,0.10292249,0.0,-1.0
PLA2G4D,0.11392804,0.0,-1.0
PLA2G4E,0.15617749,0.0,-1.0
PLA2G5,0.08644225,0.0,0.0
PLA2G6,0.35427836,0.0,-1.0
PLA2G7,0.22734353,0.0,-1.0
PLA2R1,0.17066844,0.0,-1.0
PLAA,0.32719332,0.0,0.0
PLAAT1,0.17920752,0.0,0.0
PLAAT2,0.09276516,0.0,0.0
PLAAT3,0.06987117,0.0,0.0
PLAAT4,0.24912001,0.0,-1.0
PLAAT5,0.30852997,0.0,0.0
PLAC1,0.26976258,0.0,0.0
PLAC8,0.22121169,0.0,-1.0
PLAC8L1,0.16682287,0.0,0.0
PLAC9,0.105102696,0.0,0.0
PLAG1,0.26999417,0.0,1.0
PLAGL1,0.30013603,0.0,-1.0
PLAGL2,0.24995266,0.0,-1.0
PLAT,0.47949755,0.0,-1.0
PLAU,0.504591,1.0,-1.0
PLAUR,0.54388136,1.0,-1.0
PLB1,0.08562578,0.0,-1.0
PLBD1,0.20016885,0.0,0.0
PLBD2,0.17332432,0.0,0.0
PLCB1,0.38934025,0.0,-1.0
PLCB2,0.3318209,0.0,-1.0
PLCB3,0.3206658,0.0,-1.0
PLCD1,0.36007664,0.0,-1.0
PLCD4,0.310541,0.0,0.0
PLCG1,0.6014279,1.0,1.0
PLCG2,0.48442274,0.0,1.0
PLCH1,0.26032764,0.0,0.0
PLCH2,0.29701698,0.0,-1.0
PLCL1,0.29251128,0.0,-1.0
PLCXD1,0.1568999,0.0,0.0
PLCXD2,0.08304178,0.0,0.0
PLCXD3,0.11391673,0.0,0.0
PLCZ1,0.22731084,0.0,0.0
PLD1,0.19011383,0.0,-1.0
PLD2,0.26303944,0.0,-1.0
PLD3,0.08759771,0.0,0.0
PLD4,0.044713326,0.0,0.0
PLD5,0.10593076,0.0,0.0
PLD6,0.1934559,0.0,0.0
PLEC,0.4792259,0.0,-1.0
PLEK,0.5992013,1.0,0.0
PLEK2,0.066781215,0.0,-1.0
PLEKHA1,0.2622692,0.0,0.0
PLEKHA3,0.2623987,0.0,0.0
PLEKHA4,0.18026921,0.0,0.0
PLEKHA6,0.21112743,0.0,0.0
PLEKHA7,0.30314556,0.0,0.0
PLEKHA8,0.20914793,0.0,-1.0
PLEKHB1,0.18060112,0.0,-1.0
PLEKHB2,0.1592005,0.0,0.0
PLEKHD1,0.104541995,0.0,0.0
PLEKHF1,0.11841297,0.0,0.0
PLEKHF2,0.21537183,0.0,0.0
PLEKHG1,0.23300764,0.0,0.0
PLEKHG3,0.25276247,0.0,0.0
PLEKHG4,0.28818685,0.0,0.0
PLEKHG4B,0.2634216,0.0,0.0
PLEKHG5,0.34786168,0.0,-1.0
PLEKHG6,0.13150153,0.0,0.0
PLEKHG7,0.21577281,0.0,0.0
PLEKHH1,0.11293988,0.0,0.0
PLEKHH2,0.2922091,0.0,0.0
PLEKHH3,0.046176948,0.0,0.0
PLEKHJ1,0.12953457,0.0,0.0
PLEKHM1,0.2590288,0.0,-1.0
PLEKHM2,0.21562155,0.0,0.0
PLEKHM3,0.3553173,0.0,-1.0
PLEKHN1,0.13004403,0.0,0.0
PLEKHO1,0.19820914,0.0,0.0
PLEKHO2,0.18676731,0.0,0.0
PLEKHS1,0.08109185,0.0,-1.0
PLET1,0.2661025,0.0,0.0
PLG,0.42913362,0.0,-1.0
PLGLB1,0.23652199,0.0,0.0
PLGLB2,0.11064147,0.0,0.0
PLGRKT,0.22987781,0.0,0.0
PLIN1,0.36863375,0.0,-1.0
PLIN2,0.22852352,0.0,0.0
PLIN3,0.24486692,0.0,0.0
PLIN4,0.14632417,0.0,0.0
PLIN5,0.14272578,0.0,0.0
PLK1,0.66546255,1.0,-1.0
PLK2,0.44115457,0.0,-1.0
PLK3,0.39289853,0.0,-1.0
PLK4,0.45910892,0.0,-1.0
PLK5,0.32809493,0.0,0.0
PLLP,0.048585292,0.0,0.0
PLN,0.42781913,0.0,-1.0
PLOD1,0.37806922,0.0,-1.0
PLOD2,0.3590853,0.0,-1.0
PLOD3,0.28520715,0.0,0.0
PLP2,0.24643803,0.0,0.0
PLPBP,0.17969555,0.0,0.0
PLPP1,0.117480785,0.0,-1.0
PLPP2,0.11546382,0.0,-1.0
PLPP3,0.13034351,0.0,-1.0
PLPP4,0.12332615,0.0,0.0
PLPP5,0.17051321,0.0,0.0
PLPP6,0.098314054,0.0,0.0
PLPP7,0.062539995,0.0,0.0
PLPPR2,0.10402027,0.0,0.0
PLPPR3,0.10162332,0.0,0.0
PLPPR4,0.2404311,0.0,0.0
PLPPR5,0.2387743,0.0,0.0
PLRG1,0.25612888,0.0,-1.0
PLS1,0.33433843,0.0,0.0
PLS3,0.42882854,0.0,0.0
PLSCR1,0.32294106,0.0,0.0
PLSCR2,0.23078124,0.0,-1.0
PLSCR3,0.27770337,0.0,0.0
PLSCR4,0.27223775,0.0,-1.0
PLTP,0.19049394,0.0,0.0
PLVAP,0.32932115,0.0,0.0
PLXDC1,0.27783978,0.0,-1.0
PLXDC2,0.26806664,0.0,0.0
PLXNA1,0.3655931,0.0,0.0
PLXNA2,0.34989458,0.0,-1.0
PLXNA3,0.37368935,0.0,-1.0
PLXNA4,0.3097422,0.0,0.0
PLXNB1,0.37202713,0.0,-1.0
PLXNB2,0.23516119,0.0,-1.0
PLXNB3,0.2574288,0.0,0.0
PLXNC1,0.3700813,0.0,0.0
PLXND1,0.27829444,0.0,-1.0
PM20D1,0.15393423,0.0,-1.0
PM20D2,0.21037565,0.0,0.0
PMAIP1,0.53162414,1.0,1.0
PMCH,0.26386386,0.0,0.0
PMEL,0.4514953,0.0,-1.0
PMEPA1,0.2741989,0.0,-1.0
PMF1-BGLAP,0.27115223,0.0,0.0
PMFBP1,0.18770297,0.0,0.0
PML,0.577434,1.0,1.0
PMM1,0.19105865,0.0,0.0
PMM2,0.19248335,0.0,-1.0
PMP2,0.2030077,0.0,0.0
PMP22,0.31149504,0.0,-1.0
PMPCA,0.12500474,0.0,-1.0
PMPCB,0.13107952,0.0,0.0
PMS1,0.48556823,0.0,1.0
PMS2,0.45460927,0.0,1.0
PMVK,0.2102226,0.0,0.0
PNCK,0.31644046,0.0,0.0
PNISR,0.30814272,0.0,0.0
PNKD,0.18811437,0.0,-1.0
PNKP,0.32861194,0.0,0.0
PNLDC1,0.11135888,0.0,0.0
PNLIP,0.26137397,0.0,0.0
PNLIPRP1,0.1451988,0.0,0.0
PNLIPRP3,0.07122824,0.0,-1.0
PNMA1,0.32777324,0.0,-1.0
PNMA2,0.42380923,0.0,0.0
PNMA5,0.16227719,0.0,0.0
PNMA6A,0.25548393,0.0,0.0
PNMA8A,0.10808513,0.0,0.0
PNMA8B,0.23178668,0.0,0.0
PNMT,0.34686938,0.0,0.0
PNN,0.4965295,0.0,-1.0
PNO1,0.10146296,0.0,0.0
PNOC,0.17939693,0.0,0.0
PNP,0.22368446,0.0,0.0
PNPLA1,0.15354723,0.0,0.0
PNPLA2,0.19331637,0.0,-1.0
PNPLA3,0.1533372,0.0,0.0
PNPLA4,0.20454106,0.0,0.0
PNPLA5,0.14468132,0.0,0.0
PNPLA6,0.27109337,0.0,-1.0
PNPLA7,0.25716472,0.0,-1.0
PNPLA8,0.23865074,0.0,-1.0
PNPO,0.17650802,0.0,0.0
PNPT1,0.21010311,0.0,0.0
PNRC1,0.3489991,0.0,-1.0
PNRC2,0.22267008,0.0,0.0
POC1A,0.4113451,0.0,0.0
POC1B,0.3196029,0.0,0.0
POC1B-GALNT4,0.14081277,0.0,0.0
POC5,0.24515371,0.0,-1.0
PODN,0.357211,0.0,0.0
PODNL1,0.31638843,0.0,-1.0
PODXL,0.37545064,0.0,0.0
PODXL2,0.16657756,0.0,0.0
POF1B,0.22607873,0.0,-1.0
POFUT1,0.20282802,0.0,0.0
POFUT2,0.1267194,0.0,0.0
POGK,0.15531395,0.0,0.0
POGLUT1,0.314022,0.0,-1.0
POGLUT2,0.13191058,0.0,0.0
POGLUT3,0.1863669,0.0,0.0
POGZ,0.3344355,0.0,0.0
POLA1,0.5517507,1.0,-1.0
POLA2,0.43890858,0.0,0.0
POLB,0.4413874,0.0,0.0
POLD1,0.49114212,0.0,1.0
POLD2,0.363918,0.0,0.0
POLD3,0.3940456,0.0,-1.0
POLD4,0.32452765,0.0,0.0
POLDIP3,0.29608408,0.0,-1.0
POLE,0.503607,1.0,1.0
POLE2,0.47056466,0.0,-1.0
POLE3,0.3428913,0.0,0.0
POLE4,0.33356392,0.0,0.0
POLG,0.27481568,0.0,1.0
POLG2,0.14908911,0.0,-1.0
POLH,0.38545394,0.0,-1.0
POLI,0.5203789,1.0,0.0
POLK,0.47095406,0.0,-1.0
POLL,0.3900904,0.0,0.0
POLM,0.56202126,1.0,-1.0
POLN,0.22755542,0.0,0.0
POLQ,0.36145362,0.0,1.0
POLR1A,0.22157228,0.0,0.0
POLR1B,0.23716524,0.0,0.0
POLR1C,0.28872117,0.0,-1.0
POLR1D,0.14757273,0.0,-1.0
POLR1E,0.15063863,0.0,0.0
POLR1F,0.17718004,0.0,0.0
POLR1G,0.21770246,0.0,-1.0
POLR1H,0.23338215,0.0,0.0
POLR2B,0.39038783,0.0,0.0
POLR2C,0.29439646,0.0,0.0
POLR2D,0.40618825,0.0,-1.0
POLR2E,0.315327,0.0,0.0
POLR2F,0.3023149,0.0,0.0
POLR2G,0.34485313,0.0,0.0
POLR2I,0.2844733,0.0,0.0
POLR2J,0.26866892,0.0,0.0
POLR2J2,0.11072395,0.0,0.0
POLR2J3,0.11367528,0.0,0.0
POLR2K,0.30654418,0.0,0.0
POLR2L,0.30854672,0.0,0.0
POLR2M,0.20297146,0.0,0.0
POLR3A,0.27740872,0.0,0.0
POLR3B,0.24269782,0.0,0.0
POLR3C,0.15246627,0.0,0.0
POLR3D,0.21545126,0.0,0.0
POLR3E,0.19675,0.0,-1.0
POLR3F,0.14364429,0.0,0.0
POLR3G,0.23537965,0.0,0.0
POLR3GL,0.22186804,0.0,0.0
POLR3H,0.19597502,0.0,0.0
POLR3K,0.19960462,0.0,0.0
POM121L12,0.18909347,0.0,0.0
POM121L2,0.17130612,0.0,0.0
POMC,0.46716854,0.0,-1.0
POMGNT1,0.3174985,0.0,-1.0
POMGNT2,0.18992242,0.0,0.0
POMK,0.17607605,0.0,0.0
POMP,0.16230097,0.0,0.0
POMT1,0.20316708,0.0,-1.0
POMT2,0.2675323,0.0,-1.0
POMZP3,0.16714266,0.0,0.0
PON1,0.28446835,0.0,-1.0
PON2,0.29389647,0.0,0.0
PON3,0.08983535,0.0,0.0
POP1,0.1724194,0.0,0.0
POP4,0.13558519,0.0,0.0
POP5,0.11766539,0.0,0.0
POP7,0.14756152,0.0,0.0
POPDC2,0.13950968,0.0,0.0
POPDC3,0.13155352,0.0,0.0
POR,0.30628672,0.0,-1.0
PORCN,0.3451025,0.0,-1.0
POSTN,0.5326319,1.0,0.0
POT1,0.41320333,0.0,1.0
POTEB,0.27287692,0.0,0.0
POTEB2,0.28457838,0.0,0.0
POTEC,0.27648863,0.0,-1.0
POTED,0.39876473,0.0,0.0
POTEE,0.42715576,0.0,0.0
POTEH,0.31121382,0.0,0.0
POTEI,0.4238851,0.0,0.0
POTEJ,0.42622432,0.0,0.0
POU1F1,0.3703529,0.0,-1.0
POU2AF1,0.36353284,0.0,1.0
POU2F1,0.5379155,1.0,-1.0
POU2F2,0.44751325,0.0,-1.0
POU2F3,0.36551467,0.0,0.0
POU3F1,0.48228583,0.0,0.0
POU3F2,0.4946965,0.0,-1.0
POU3F3,0.49666846,0.0,-1.0
POU3F4,0.43762535,0.0,-1.0
POU4F1,0.47310203,0.0,-1.0
POU4F2,0.46524385,0.0,0.0
POU4F3,0.3646933,0.0,0.0
POU5F1,0.6468227,1.0,1.0
POU6F1,0.30210394,0.0,0.0
POU6F2,0.31665233,0.0,-1.0
PP2D1,0.27951822,0.0,0.0
PPA1,0.27638268,0.0,0.0
PPA2,0.22642587,0.0,0.0
PPAN-P2RY11,0.1457113,0.0,0.0
PPARA,0.42539462,0.0,0.0
PPARD,0.45779815,0.0,-1.0
PPARG,0.59657323,1.0,1.0
PPARGC1A,0.4774498,0.0,0.0
PPARGC1B,0.3905702,0.0,0.0
PPAT,0.25165835,0.0,-1.0
PPBP,0.32099426,0.0,0.0
PPCDC,0.2619551,0.0,0.0
PPCS,0.253846,0.0,0.0
PPDPF,0.12370477,0.0,0.0
PPDPFL,0.15877691,0.0,0.0
PPEF1,0.32272968,0.0,0.0
PPEF2,0.28716633,0.0,0.0
PPFIA1,0.4650259,0.0,0.0
PPFIA2,0.32179675,0.0,0.0
PPFIA3,0.3422585,0.0,0.0
PPFIA4,0.3006447,0.0,0.0
PPFIBP1,0.22130919,0.0,1.0
PPFIBP2,0.25273603,0.0,0.0
PPHLN1,0.21477155,0.0,0.0
PPIA,0.48694438,0.0,0.0
PPIAL4D,0.23883845,0.0,0.0
PPIAL4G,0.28659144,0.0,-1.0
PPIB,0.35143465,0.0,-1.0
PPIC,0.26428944,0.0,0.0
PPID,0.28692862,0.0,0.0
PPIE,0.3064975,0.0,0.0
PPIF,0.3466604,0.0,0.0
PPIG,0.3763159,0.0,-1.0
PPIH,0.24615583,0.0,0.0
PPIL1,0.24685647,0.0,-1.0
PPIL3,0.24554677,0.0,0.0
PPIL4,0.26251078,0.0,-1.0
PPIL6,0.24436833,0.0,0.0
PPIP5K1,0.33496863,0.0,0.0
PPIP5K2,0.36702463,0.0,0.0
PPL,0.4788146,0.0,0.0
PPM1A,0.35845602,0.0,0.0
PPM1B,0.37540817,0.0,0.0
PPM1D,0.379867,0.0,1.0
PPM1E,0.29237887,0.0,-1.0
PPM1F,0.30263323,0.0,-1.0
PPM1H,0.12612371,0.0,0.0
PPM1J,0.19890013,0.0,-1.0
PPM1K,0.2924974,0.0,0.0
PPM1L,0.31420666,0.0,-1.0
PPM1M,0.24325193,0.0,0.0
PPM1N,0.27770996,0.0,0.0
PPME1,0.1803133,0.0,0.0
PPOX,0.31079286,0.0,-1.0
PPP1CA,0.49135652,0.0,-1.0
PPP1CB,0.4546524,0.0,-1.0
PPP1CC,0.5221389,1.0,-1.0
PPP1R10,0.2856644,0.0,0.0
PPP1R11,0.24738182,0.0,0.0
PPP1R12A,0.54765046,1.0,-1.0
PPP1R12C,0.33092684,0.0,-1.0
PPP1R13B,0.2971814,0.0,0.0
PPP1R13L,0.32032588,0.0,-1.0
PPP1R14A,0.37760818,0.0,0.0
PPP1R14B,0.2463835,0.0,-1.0
PPP1R14C,0.17196268,0.0,0.0
PPP1R14D,0.036927495,0.0,0.0
PPP1R15A,0.44039348,0.0,-1.0
PPP1R15B,0.2817818,0.0,0.0
PPP1R16A,0.32203978,0.0,0.0
PPP1R16B,0.32352197,0.0,-1.0
PPP1R17,0.3165554,0.0,0.0
PPP1R18,0.22286656,0.0,0.0
PPP1R1A,0.31401622,0.0,-1.0
PPP1R1B,0.46359974,0.0,-1.0
PPP1R1C,0.22310704,0.0,0.0
PPP1R21,0.23135352,0.0,0.0
PPP1R26,0.2956801,0.0,0.0
PPP1R27,0.29801154,0.0,0.0
PPP1R32,0.20218219,0.0,0.0
PPP1R35,0.09013874,0.0,0.0
PPP1R36,0.17933732,0.0,0.0
PPP1R37,0.17139982,0.0,0.0
PPP1R3A,0.30693078,0.0,-1.0
PPP1R3B,0.33622307,0.0,-1.0
PPP1R3C,0.32628477,0.0,0.0
PPP1R3D,0.2338925,0.0,0.0
PPP1R3E,0.20078306,0.0,0.0
PPP1R3F,0.196844,0.0,0.0
PPP1R3G,0.13737328,0.0,0.0
PPP1R42,0.26733696,0.0,0.0
PPP1R7,0.33175033,0.0,0.0
PPP1R8,0.25919476,0.0,-1.0
PPP1R9A,0.30409038,0.0,-1.0
PPP2CA,0.48652327,0.0,-1.0
PPP2CB,0.39843896,0.0,0.0
PPP2R1A,0.48570305,0.0,1.0
PPP2R1B,0.4196484,0.0,0.0
PPP2R2A,0.3552185,0.0,1.0
PPP2R2B,0.35422313,0.0,-1.0
PPP2R2C,0.35213685,0.0,0.0
PPP2R2D,0.34305447,0.0,0.0
PPP2R3A,0.37843952,0.0,-1.0
PPP2R3B,0.33685967,0.0,0.0
PPP2R3C,0.38215593,0.0,0.0
PPP2R5A,0.42309192,0.0,-1.0
PPP2R5B,0.39847174,0.0,0.0
PPP2R5C,0.46099246,0.0,-1.0
PPP2R5D,0.43395543,0.0,0.0
PPP2R5E,0.43198058,0.0,0.0
PPP3CA,0.49108762,0.0,-1.0
PPP3CB,0.3460899,0.0,-1.0
PPP3CC,0.36377814,0.0,-1.0
PPP3R1,0.46413904,0.0,-1.0
PPP3R2,0.32935545,0.0,-1.0
PPP4C,0.32537082,0.0,-1.0
PPP4R1,0.36056903,0.0,0.0
PPP4R2,0.29474995,0.0,-1.0
PPP4R4,0.16860636,0.0,0.0
PPP5C,0.34506667,0.0,0.0
PPP5D1P,0.31021196,0.0,0.0
PPP6C,0.39616475,0.0,1.0
PPP6R1,0.27484,0.0,0.0
PPP6R2,0.23565847,0.0,-1.0
PPP6R3,0.37788096,0.0,0.0
PPRC1,0.51989436,1.0,0.0
PPT1,0.33925697,0.0,-1.0
PPT2,0.18889461,0.0,0.0
PPTC7,0.30085173,0.0,-1.0
PPWD1,0.29005134,0.0,0.0
PPY,0.302647,0.0,0.0
PQBP1,0.3298834,0.0,-1.0
PRAC1,0.3512588,0.0,0.0
PRADC1,0.19333006,0.0,0.0
PRAM1,0.5243369,1.0,0.0
PRAME,0.37761414,0.0,-1.0
PRAMEF1,0.12825172,0.0,0.0
PRAMEF10,0.100871705,0.0,0.0
PRAMEF12,0.03201046,0.0,0.0
PRAMEF2,0.1368144,0.0,0.0
PRAMEF4,0.09396616,0.0,-1.0
PRAMEF8,0.1579661,0.0,0.0
PRAP1,0.04470529,0.0,0.0
PRB1,0.26787484,0.0,0.0
PRB2,0.07782832,0.0,-1.0
PRB4,0.048910122,0.0,-1.0
PRC1,0.6304815,1.0,0.0
PRCC,0.43164977,0.0,1.0
PRCD,0.24201365,0.0,-1.0
PRCP,0.24297966,0.0,0.0
PRDM1,0.5069332,1.0,1.0
PRDM10,0.6499082,1.0,0.0
PRDM12,0.17562717,0.0,0.0
PRDM13,0.24884284,0.0,0.0
PRDM14,0.2922192,0.0,-1.0
PRDM15,0.22574976,0.0,0.0
PRDM16,0.34585738,0.0,1.0
PRDM2,0.48999363,0.0,1.0
PRDM4,0.24966516,0.0,0.0
PRDM5,0.24208872,0.0,0.0
PRDM6,0.22095348,0.0,0.0
PRDM7,0.13189727,0.0,0.0
PRDM8,0.2478915,0.0,0.0
PRDM9,0.254557,0.0,-1.0
PRDX1,0.2723052,0.0,-1.0
PRDX2,0.3469851,0.0,0.0
PRDX3,0.28002304,0.0,0.0
PRDX4,0.22544469,0.0,-1.0
PRDX5,0.31356528,0.0,0.0
PRDX6,0.24967912,0.0,0.0
PREB,0.4773655,0.0,0.0
PRELID1,0.30441773,0.0,0.0
PRELID2,0.07506771,0.0,0.0
PRELID3A,0.14208673,0.0,0.0
PRELID3B,0.12112286,0.0,0.0
PRELP,0.3847604,0.0,0.0
PREP,0.24541417,0.0,0.0
PREPL,0.18590802,0.0,0.0
PREX1,0.3241795,0.0,-1.0
PREX2,0.3070295,0.0,1.0
PRG2,0.24078313,0.0,0.0
PRG3,0.16899115,0.0,0.0
PRG4,0.15316764,0.0,-1.0
PRH1,0.06748323,0.0,0.0
PRH2,0.06797351,0.0,0.0
PRICKLE1,0.37873065,0.0,-1.0
PRICKLE2,0.36122072,0.0,-1.0
PRICKLE3,0.28614387,0.0,0.0
PRIM1,0.45621386,0.0,-1.0
PRIMA1,0.27182657,0.0,0.0
PRIMPOL,0.16204788,0.0,0.0
PRKAA1,0.41994953,0.0,0.0
PRKAA2,0.38445422,0.0,0.0
PRKAB1,0.34957856,0.0,-1.0
PRKAB2,0.3755319,0.0,-1.0
PRKACA,0.64601463,1.0,1.0
PRKACB,0.634889,1.0,-1.0
PRKACG,0.57487166,1.0,-1.0
PRKAG1,0.25751567,0.0,-1.0
PRKAG2,0.27351248,0.0,-1.0
PRKAG3,0.25611854,0.0,0.0
PRKAR1A,0.41250187,0.0,1.0
PRKAR1B,0.35834017,0.0,-1.0
PRKAR2A,0.3532509,0.0,-1.0
PRKAR2B,0.40164146,0.0,-1.0
PRKCA,0.60448223,1.0,-1.0
PRKCB,0.5430004,1.0,1.0
PRKCD,0.47939175,0.0,-1.0
PRKCE,0.50875807,1.0,-1.0
PRKCG,0.4766126,0.0,-1.0
PRKCH,0.45872226,0.0,-1.0
PRKCI,0.37584114,0.0,1.0
PRKCQ,0.42974368,0.0,-1.0
PRKCZ,0.51981205,1.0,-1.0
PRKD1,0.5109243,1.0,-1.0
PRKD2,0.24212168,0.0,-1.0
PRKD3,0.3712227,0.0,0.0
PRKDC,0.6058622,1.0,-1.0
PRKG1,0.64965194,1.0,-1.0
PRKG2,0.3873105,0.0,-1.0
PRKN,0.46318376,0.0,1.0
PRKRA,0.30445054,0.0,-1.0
PRKRIP1,0.093472056,0.0,0.0
PRKX,0.36895055,0.0,-1.0
PRL,0.54544586,1.0,0.0
PRLH,0.21883035,0.0,0.0
PRLHR,0.18200377,0.0,0.0
PRM1,0.19541751,0.0,0.0
PRM2,0.2082001,0.0,0.0
PRM3,0.1743164,0.0,0.0
PRMT1,0.42028,0.0,0.0
PRMT2,0.17883751,0.0,-1.0
PRMT3,0.18069707,0.0,0.0
PRMT5,0.37582105,0.0,-1.0
PRMT6,0.21051383,0.0,0.0
PRMT7,0.16134822,0.0,0.0
PRMT8,0.26096848,0.0,0.0
PRMT9,0.2047754,0.0,0.0
PRND,0.2671446,0.0,-1.0
PRNP,0.46704188,0.0,-1.0
PRNT,0.21632516,0.0,0.0
PROC,0.17097342,0.0,-1.0
PROCA1,0.17750871,0.0,0.0
PROCR,0.4159596,0.0,0.0
PRODH,0.21885857,0.0,0.0
PRODH2,0.066693254,0.0,0.0
PROK1,0.23327176,0.0,0.0
PROK2,0.28511906,0.0,-1.0
PROKR1,0.18001038,0.0,0.0
PROKR2,0.26683682,0.0,-1.0
PROM1,0.5810768,1.0,-1.0
PROM2,0.15628245,0.0,0.0
PROP1,0.39300025,0.0,-1.0
PRORP,0.14947762,0.0,0.0
PROS1,0.50518054,1.0,-1.0
PROSER1,0.102347635,0.0,-1.0
PROSER3,0.11840939,0.0,0.0
PROX1,0.5129532,1.0,-1.0
PROZ,0.08424851,0.0,-1.0
PRPF18,0.285698,0.0,0.0
PRPF19,0.30948338,0.0,0.0
PRPF3,0.3906769,0.0,-1.0
PRPF31,0.36959523,0.0,-1.0
PRPF38A,0.24131839,0.0,0.0
PRPF38B,0.2361096,0.0,-1.0
PRPF39,0.27387834,0.0,-1.0
PRPF4,0.2861927,0.0,0.0
PRPF40A,0.38501376,0.0,0.0
PRPF40B,0.3327019,0.0,1.0
PRPF4B,0.27640995,0.0,-1.0
PRPF6,0.46786922,0.0,-1.0
PRPF8,0.37943885,0.0,-1.0
PRPH,0.3770084,0.0,0.0
PRPH2,0.23938319,0.0,-1.0
PRPS1,0.2571535,0.0,-1.0
PRPS1L1,0.19055152,0.0,0.0
PRPS2,0.2307003,0.0,0.0
PRPSAP1,0.20361811,0.0,0.0
PRPSAP2,0.20206659,0.0,0.0
PRR11,0.2670291,0.0,0.0
PRR12,0.1258097,0.0,0.0
PRR13,0.2722018,0.0,0.0
PRR14,0.13912629,0.0,0.0
PRR14L,0.31855896,0.0,0.0
PRR15,0.20987396,0.0,0.0
PRR15L,0.13007343,0.0,0.0
PRR16,0.39667216,0.0,0.0
PRR18,0.08470526,0.0,0.0
PRR19,0.17178166,0.0,0.0
PRR20A,0.052059337,0.0,0.0
PRR20B,0.000660978,0.0,0.0
PRR20C,0.02236097,0.0,0.0
PRR20D,0.0037900803,0.0,0.0
PRR20E,0.020711696,0.0,0.0
PRR22,0.1719515,0.0,0.0
PRR23A,0.18185857,0.0,0.0
PRR23B,0.19791114,0.0,0.0
PRR23D1,0.1964851,0.0,0.0
PRR23D2,0.1964851,0.0,0.0
PRR29,0.057120632,0.0,0.0
PRR3,0.1506496,0.0,0.0
PRR30,0.1668513,0.0,0.0
PRR35,0.11893056,0.0,0.0
PRR4,0.046662133,0.0,0.0
PRR5,0.25205955,0.0,-1.0
PRR5-ARHGAP8,0.12790573,0.0,0.0
PRR5L,0.14633268,0.0,0.0
PRR7,0.034019228,0.0,0.0
PRR9,0.02896047,0.0,0.0
PRRC1,0.12682737,0.0,0.0
PRRC2A,0.19627284,0.0,0.0
PRRC2B,0.1625469,0.0,-1.0
PRRC2C,0.25475466,0.0,0.0
PRRG1,0.1463765,0.0,-1.0
PRRG2,0.2878076,0.0,0.0
PRRG3,0.27029347,0.0,0.0
PRRG4,0.19482195,0.0,0.0
PRRT1,0.15101318,0.0,-1.0
PRRT2,0.35285306,0.0,-1.0
PRRT3,0.12778912,0.0,-1.0
PRRT4,0.06882658,0.0,0.0
PRRX1,0.51965433,1.0,1.0
PRRX2,0.35642037,0.0,-1.0
PRSS1,0.25201604,0.0,-1.0
PRSS12,0.13524975,0.0,-1.0
PRSS16,0.20223615,0.0,0.0
PRSS21,0.19759893,0.0,0.0
PRSS22,0.092259295,0.0,0.0
PRSS23,0.24953307,0.0,0.0
PRSS27,0.10988301,0.0,0.0
PRSS3,0.3092201,0.0,-1.0
PRSS33,0.10395392,0.0,0.0
PRSS35,0.18225133,0.0,0.0
PRSS36,0.108648114,0.0,0.0
PRSS37,0.14266776,0.0,0.0
PRSS38,0.14716454,0.0,-1.0
PRSS40A,0.107621245,0.0,0.0
PRSS42P,0.12796637,0.0,0.0
PRSS45P,0.13082653,0.0,0.0
PRSS46P,0.15821043,0.0,0.0
PRSS48,0.13571958,0.0,0.0
PRSS50,0.17194787,0.0,0.0
PRSS53,0.096830636,0.0,0.0
PRSS54,0.115261875,0.0,0.0
PRSS55,0.14620769,0.0,0.0
PRSS57,0.14390916,0.0,0.0
PRSS58,0.18913005,0.0,0.0
PRSS8,0.14655396,0.0,-1.0
PRTFDC1,0.17236683,0.0,0.0
PRTG,0.2009996,0.0,0.0
PRTN3,0.31293973,0.0,0.0
PRUNE1,0.15380359,0.0,-1.0
PRUNE2,0.16988796,0.0,-1.0
PRX,0.29702684,0.0,-1.0
PRXL2A,0.282897,0.0,0.0
PRXL2B,0.10241738,0.0,-1.0
PRXL2C,0.10810937,0.0,0.0
PRY,0.2447849,0.0,0.0
PRY2,0.24433373,0.0,0.0
PSAP,0.30285555,0.0,-1.0
PSAPL1,0.09563573,0.0,0.0
PSAT1,0.2702182,0.0,-1.0
PSCA,0.33914745,0.0,-1.0
PSD,0.3727855,0.0,0.0
PSD2,0.26774666,0.0,0.0
PSD3,0.27782488,0.0,0.0
PSD4,0.29685208,0.0,0.0
PSEN1,0.7067593,1.0,-1.0
PSEN2,0.5367555,1.0,-1.0
PSENEN,0.34691116,0.0,-1.0
PSG1,0.1514924,0.0,0.0
PSG11,0.14698677,0.0,0.0
PSG2,0.14225854,0.0,0.0
PSG3,0.17247714,0.0,0.0
PSG4,0.1820346,0.0,0.0
PSG5,0.254298,0.0,0.0
PSG6,0.15396129,0.0,0.0
PSG8,0.15782373,0.0,0.0
PSG9,0.16822958,0.0,0.0
PSIP1,0.48010916,0.0,1.0
PSKH1,0.29696065,0.0,0.0
PSKH2,0.29003116,0.0,0.0
PSMA1,0.28301054,0.0,0.0
PSMA2,0.19798388,0.0,0.0
PSMA3,0.2866735,0.0,0.0
PSMA4,0.28720918,0.0,0.0
PSMA5,0.27200663,0.0,-1.0
PSMA6,0.32881835,0.0,0.0
PSMA7,0.4429502,0.0,0.0
PSMA8,0.28797233,0.0,0.0
PSMB1,0.24913448,0.0,0.0
PSMB10,0.34324947,0.0,0.0
PSMB11,0.37270907,0.0,0.0
PSMB2,0.28449163,0.0,0.0
PSMB4,0.20397666,0.0,0.0
PSMB5,0.32111874,0.0,0.0
PSMB6,0.19738793,0.0,0.0
PSMB7,0.26185712,0.0,0.0
PSMB8,0.44465005,0.0,0.0
PSMB9,0.44535565,0.0,0.0
PSMC1,0.33590612,0.0,0.0
PSMC2,0.3063911,0.0,0.0
PSMC3,0.36489537,0.0,-1.0
PSMC3IP,0.34542555,0.0,0.0
PSMC4,0.35877222,0.0,0.0
PSMC5,0.38649592,0.0,0.0
PSMC6,0.602949,1.0,0.0
PSMD1,0.33858958,0.0,0.0
PSMD10,0.387676,0.0,0.0
PSMD11,0.33900797,0.0,0.0
PSMD12,0.33832344,0.0,0.0
PSMD13,0.33861294,0.0,0.0
PSMD14,0.30810887,0.0,0.0
PSMD2,0.38064435,0.0,-1.0
PSMD3,0.346231,0.0,0.0
PSMD4,0.5394489,1.0,0.0
PSMD5,0.41917995,0.0,0.0
PSMD6,0.3277195,0.0,0.0
PSMD7,0.40100107,0.0,0.0
PSMD8,0.31733072,0.0,-1.0
PSMD9,0.30973125,0.0,0.0
PSME1,0.3462187,0.0,0.0
PSME2,0.3296354,0.0,0.0
PSME3,0.32236052,0.0,0.0
PSME3IP1,0.15636712,0.0,0.0
PSME4,0.35672972,0.0,0.0
PSMF1,0.33878514,0.0,-1.0
PSMG1,0.24291937,0.0,0.0
PSMG2,0.16648681,0.0,0.0
PSMG3,0.17928138,0.0,0.0
PSMG4,0.19056639,0.0,-1.0
PSORS1C1,0.20444739,0.0,-1.0
PSORS1C2,0.05601388,0.0,-1.0
PSPC1,0.4079391,0.0,0.0
PSPH,0.20394365,0.0,-1.0
PSPN,0.3218924,0.0,0.0
PSRC1,0.2749932,0.0,0.0
PSTK,0.12669875,0.0,0.0
PSTPIP1,0.4240997,0.0,0.0
PSTPIP2,0.34092316,0.0,0.0
PTAFR,0.30566287,0.0,0.0
PTAR1,0.22859365,0.0,0.0
PTBP1,0.51783186,1.0,-1.0
PTBP2,0.36176917,0.0,0.0
PTBP3,0.33877498,0.0,0.0
PTCD2,0.11939256,0.0,0.0
PTCD3,0.10166576,0.0,0.0
PTCH1,0.5921341,1.0,1.0
PTCH2,0.50576,1.0,-1.0
PTCHD1,0.20412439,0.0,0.0
PTCHD3,0.24872194,0.0,0.0
PTCHD4,0.14730227,0.0,-1.0
PTCRA,0.49010906,0.0,-1.0
PTDSS1,0.09246622,0.0,-1.0
PTDSS2,0.10093978,0.0,0.0
PTEN,0.8044913,1.0,1.0
PTER,0.3622106,0.0,0.0
PTF1A,0.5232236,1.0,-1.0
PTGDR,0.35301265,0.0,0.0
PTGDR2,0.2524567,0.0,-1.0
PTGDS,0.266008,0.0,0.0
PTGER1,0.28726405,0.0,-1.0
PTGER2,0.30927935,0.0,-1.0
PTGER3,0.32176062,0.0,-1.0
PTGER4,0.43429112,0.0,-1.0
PTGES,0.38567328,0.0,0.0
PTGES2,0.19865242,0.0,0.0
PTGES3,0.31248757,0.0,0.0
PTGES3L-AARSD1,0.21633403,0.0,0.0
PTGFR,0.2268243,0.0,-1.0
PTGFRN,0.17085151,0.0,-1.0
PTGIR,0.2920545,0.0,0.0
PTGIS,0.2814063,0.0,-1.0
PTGR1,0.1559446,0.0,0.0
PTGR2,0.14990081,0.0,-1.0
PTGS1,0.4154128,0.0,-1.0
PTGS2,0.5667416,1.0,-1.0
PTH,0.47126442,0.0,-1.0
PTH1R,0.22350888,0.0,-1.0
PTH2,0.20251864,0.0,0.0
PTH2R,0.17064841,0.0,0.0
PTHLH,0.49498996,0.0,-1.0
PTK2,0.63110876,1.0,-1.0
PTK2B,0.60373783,1.0,-1.0
PTK6,0.37489548,0.0,1.0
PTK7,0.4379052,0.0,-1.0
PTMA,0.31609488,0.0,-1.0
PTMS,0.3317168,0.0,0.0
PTN,0.5442852,1.0,-1.0
PTOV1,0.47704962,0.0,0.0
PTP4A1,0.254559,0.0,-1.0
PTP4A3,0.2382773,0.0,-1.0
PTPA,0.5922665,1.0,-1.0
PTPDC1,0.38469565,0.0,-1.0
PTPMT1,0.12304022,0.0,0.0
PTPN1,0.5946553,1.0,1.0
PTPN11,0.6281516,1.0,1.0
PTPN12,0.54841506,1.0,-1.0
PTPN13,0.5245588,1.0,1.0
PTPN14,0.46182692,0.0,-1.0
PTPN18,0.44862872,0.0,0.0
PTPN2,0.6010567,1.0,1.0
PTPN20,0.4364279,0.0,0.0
PTPN21,0.45190692,0.0,-1.0
PTPN22,0.5085241,1.0,-1.0
PTPN23,0.40139166,0.0,0.0
PTPN3,0.46636,0.0,0.0
PTPN4,0.5384819,1.0,0.0
PTPN5,0.4733914,0.0,0.0
PTPN6,0.5424797,1.0,1.0
PTPN7,0.45524737,0.0,-1.0
PTPN9,0.415585,0.0,-1.0
PTPRA,0.49875078,0.0,-1.0
PTPRB,0.45629722,0.0,1.0
PTPRCAP,0.23224686,0.0,0.0
PTPRD,0.5072268,1.0,1.0
PTPRE,0.48254573,0.0,-1.0
PTPRF,0.57071245,1.0,0.0
PTPRG,0.47941515,0.0,-1.0
PTPRH,0.3361591,0.0,-1.0
PTPRJ,0.5714618,1.0,-1.0
PTPRK,0.4582059,0.0,1.0
PTPRM,0.45537704,0.0,0.0
PTPRN,0.4490056,0.0,0.0
PTPRN2,0.46161783,0.0,0.0
PTPRO,0.46874878,0.0,-1.0
PTPRR,0.4745615,0.0,-1.0
PTPRT,0.42528313,0.0,1.0
PTPRU,0.46698108,0.0,-1.0
PTPRZ1,0.5331725,1.0,0.0
PTRH1,0.19252156,0.0,0.0
PTRH2,0.18348688,0.0,0.0
PTRHD1,0.1087311,0.0,0.0
PTS,0.5220434,1.0,0.0
PTTG1,0.53010005,1.0,-1.0
PTTG1IP,0.21830522,0.0,-1.0
PTTG2,0.31640223,0.0,0.0
PTX3,0.24979241,0.0,-1.0
PTX4,0.20198418,0.0,0.0
PUDP,0.2604901,0.0,0.0
PUF60,0.26159465,0.0,0.0
PUM1,0.35844085,0.0,0.0
PUM2,0.4166072,0.0,0.0
PUM3,0.15000951,0.0,0.0
PURA,0.38285103,0.0,0.0
PURB,0.32796162,0.0,0.0
PURG,0.2909886,0.0,0.0
PUS1,0.11586194,0.0,-1.0
PUS10,0.16671821,0.0,-1.0
PUS3,0.11352276,0.0,0.0
PUS7,0.13983543,0.0,0.0
PUS7L,0.15691923,0.0,0.0
PUSL1,0.10084204,0.0,0.0
PVALB,0.4809282,0.0,0.0
PVR,0.39546695,0.0,0.0
PVRIG,0.09691155,0.0,-1.0
PWP1,0.13296576,0.0,0.0
PWP2,0.1583158,0.0,0.0
PWWP2A,0.24525627,0.0,-1.0
PWWP2B,0.09322274,0.0,0.0
PWWP3B,0.23269796,0.0,0.0
PXDC1,0.12308581,0.0,0.0
PXDN,0.2904117,0.0,-1.0
PXDNL,0.25232396,0.0,-1.0
PXK,0.26403162,0.0,0.0
PXMP2,0.15333305,0.0,0.0
PXMP4,0.13430122,0.0,-1.0
PXN,0.6297017,1.0,-1.0
PXT1,0.2162864,0.0,0.0
PXYLP1,0.2234215,0.0,0.0
PYCARD,0.381699,0.0,-1.0
PYCR1,0.38263184,0.0,-1.0
PYCR2,0.17367782,0.0,-1.0
PYCR3,0.1122854,0.0,0.0
PYDC1,0.4192225,0.0,0.0
PYGB,0.21282387,0.0,0.0
PYGL,0.22169049,0.0,-1.0
PYGM,0.26754194,0.0,-1.0
PYGO1,0.34860834,0.0,0.0
PYGO2,0.33061346,0.0,0.0
PYHIN1,0.30956006,0.0,0.0
PYM1,0.21213238,0.0,0.0
PYROXD1,0.1589358,0.0,0.0
PYROXD2,0.13375849,0.0,0.0
PYURF,0.33118477,0.0,0.0
PYY,0.20980485,0.0,-1.0
PZP,0.27448887,0.0,-1.0
QDPR,0.31524035,0.0,-1.0
QKI,0.41140807,0.0,1.0
QPCT,0.4453536,0.0,0.0
QPCTL,0.2155711,0.0,0.0
QPRT,0.14991392,0.0,-1.0
QRFP,0.17889197,0.0,0.0
QRFPR,0.16354316,0.0,0.0
QRICH1,0.2267809,0.0,0.0
QRICH2,0.14865468,0.0,0.0
QRSL1,0.24231066,0.0,0.0
QSER1,0.24607943,0.0,0.0
QSOX1,0.23956835,0.0,0.0
QSOX2,0.1535598,0.0,0.0
QTRT1,0.14285243,0.0,0.0
QTRT2,0.16882013,0.0,0.0
R3HCC1,0.15840505,0.0,0.0
R3HCC1L,0.36704388,0.0,0.0
R3HDM1,0.28542548,0.0,0.0
R3HDM2,0.24991433,0.0,0.0
R3HDM4,0.15574975,0.0,-1.0
R3HDML,0.21809746,0.0,0.0
RAB10,0.38092452,0.0,0.0
RAB11A,0.5093855,1.0,-1.0
RAB11B,0.35168117,0.0,0.0
RAB11FIP1,0.28342062,0.0,0.0
RAB11FIP2,0.31490892,0.0,0.0
RAB11FIP3,0.21453454,0.0,0.0
RAB11FIP5,0.2579876,0.0,0.0
RAB12,0.35150602,0.0,0.0
RAB13,0.347568,0.0,0.0
RAB14,0.35894668,0.0,-1.0
RAB15,0.32160738,0.0,0.0
RAB17,0.2795963,0.0,0.0
RAB18,0.245468,0.0,0.0
RAB19,0.29833552,0.0,0.0
RAB1A,0.4066333,0.0,-1.0
RAB1B,0.3564004,0.0,0.0
RAB20,0.27217522,0.0,0.0
RAB21,0.24857606,0.0,0.0
RAB22A,0.29970002,0.0,0.0
RAB23,0.24274154,0.0,0.0
RAB24,0.27892894,0.0,0.0
RAB25,0.37105486,0.0,0.0
RAB26,0.1448838,0.0,0.0
RAB27A,0.3891625,0.0,-1.0
RAB27B,0.2265015,0.0,-1.0
RAB28,0.320612,0.0,0.0
RAB29,0.21173659,0.0,0.0
RAB2A,0.40861404,0.0,0.0
RAB2B,0.35855716,0.0,0.0
RAB30,0.14224957,0.0,0.0
RAB32,0.25504315,0.0,0.0
RAB33A,0.30043054,0.0,0.0
RAB33B,0.35605726,0.0,0.0
RAB35,0.25336745,0.0,1.0
RAB36,0.27865475,0.0,0.0
RAB37,0.1654615,0.0,0.0
RAB38,0.23755398,0.0,0.0
RAB39A,0.18644889,0.0,0.0
RAB39B,0.15006527,0.0,-1.0
RAB3A,0.33976126,0.0,0.0
RAB3B,0.27979544,0.0,0.0
RAB3C,0.24371962,0.0,0.0
RAB3D,0.3451469,0.0,0.0
RAB3GAP1,0.32511923,0.0,0.0
RAB3GAP2,0.23794061,0.0,0.0
RAB3IL1,0.2980348,0.0,0.0
RAB3IP,0.3659667,0.0,0.0
RAB40A,0.32770097,0.0,-1.0
RAB40AL,0.3753065,0.0,0.0
RAB40B,0.31806928,0.0,0.0
RAB40C,0.3105139,0.0,0.0
RAB41,0.27691752,0.0,0.0
RAB42,0.15867941,0.0,-1.0
RAB43,0.3034294,0.0,0.0
RAB44,0.32784665,0.0,0.0
RAB4A,0.35717016,0.0,0.0
RAB4B,0.19908755,0.0,0.0
RAB4B-EGLN2,0.1901796,0.0,0.0
RAB5A,0.5519628,1.0,0.0
RAB5B,0.33773866,0.0,0.0
RAB5C,0.3861003,0.0,-1.0
RAB5IF,0.09949303,0.0,0.0
RAB6A,0.387002,0.0,0.0
RAB6B,0.31827384,0.0,0.0
RAB6C,0.28496495,0.0,0.0
RAB7A,0.46862832,0.0,-1.0
RAB8A,0.47946382,0.0,-1.0
RAB8B,0.36660415,0.0,0.0
RAB9A,0.35243702,0.0,0.0
RAB9B,0.24716523,0.0,0.0
RABAC1,0.26128343,0.0,0.0
RABEP2,0.15784885,0.0,0.0
RABEPK,0.3205637,0.0,-1.0
RABGAP1,0.32094792,0.0,0.0
RABGAP1L,0.3695535,0.0,-1.0
RABGEF1,0.4098053,0.0,-1.0
RABGGTA,0.26951057,0.0,0.0
RABGGTB,0.22174284,0.0,-1.0
RABIF,0.25001845,0.0,-1.0
RABL2A,0.34309027,0.0,0.0
RABL2B,0.34683174,0.0,0.0
RABL3,0.124572374,0.0,0.0
RABL6,0.2964339,0.0,0.0
RAC1,0.53217286,1.0,1.0
RAC2,0.6257766,1.0,1.0
RAC3,0.43789712,0.0,-1.0
RACGAP1,0.5430388,1.0,-1.0
RACK1,0.45451644,0.0,-1.0
RAD1,0.38983715,0.0,-1.0
RAD17,0.40954223,0.0,1.0
RAD18,0.47993872,0.0,0.0
RAD21,0.5335876,1.0,1.0
RAD21L1,0.3176089,0.0,0.0
RAD23A,0.41428402,0.0,-1.0
RAD23B,0.4428869,0.0,-1.0
RAD51,0.5485771,1.0,1.0
RAD51AP1,0.41915014,0.0,0.0
RAD51AP2,0.18733731,0.0,0.0
RAD51B,0.37125418,0.0,1.0
RAD51C,0.36218932,0.0,1.0
RAD51D,0.3206736,0.0,1.0
RAD52,0.46782902,0.0,-1.0
RAD54B,0.38375196,0.0,0.0
RAD54L,0.3893999,0.0,-1.0
RAD54L2,0.4233441,0.0,0.0
RAD9A,0.4783993,0.0,-1.0
RAD9B,0.30259538,0.0,0.0
RADIL,0.21449493,0.0,-1.0
RADX,0.2875683,0.0,0.0
RAE1,0.37739703,0.0,0.0
RAET1E,0.35507375,0.0,0.0
RAET1G,0.22746366,0.0,0.0
RAET1L,0.2208859,0.0,0.0
RAF1,0.69618803,1.0,1.0
RAG1,0.5496755,1.0,-1.0
RAG2,0.5706344,1.0,-1.0
RAI1,0.19439305,0.0,-1.0
RAI14,0.31774873,0.0,0.0
RAI2,0.2559146,0.0,0.0
RALA,0.50895786,1.0,-1.0
RALB,0.39467037,0.0,-1.0
RALBP1,0.40652353,0.0,-1.0
RALGAPA1,0.41688964,0.0,-1.0
RALGAPA2,0.3485686,0.0,0.0
RALGAPB,0.34911746,0.0,0.0
RALGDS,0.5303081,1.0,-1.0
RALGPS1,0.15102296,0.0,0.0
RALGPS2,0.20642035,0.0,-1.0
RALY,0.29525006,0.0,-1.0
RALYL,0.322562,0.0,-1.0
RAMAC,0.22834054,0.0,0.0
RAMP1,0.19656344,0.0,-1.0
RAMP2,0.23365472,0.0,0.0
RAMP3,0.21900027,0.0,0.0
RAN,0.5214746,1.0,-1.0
RANBP1,0.37903085,0.0,0.0
RANBP10,0.28426072,0.0,-1.0
RANBP17,0.23581609,0.0,-1.0
RANBP2,0.4822598,0.0,1.0
RANBP3,0.3111821,0.0,0.0
RANBP3L,0.19370833,0.0,0.0
RANBP6,0.19394013,0.0,-1.0
RANBP9,0.38097745,0.0,-1.0
RANGAP1,0.429832,0.0,0.0
RANGRF,0.2602651,0.0,0.0
RAP1A,0.49279648,0.0,-1.0
RAP1B,0.49524474,0.0,-1.0
RAP1GAP,0.40295056,0.0,-1.0
RAP1GAP2,0.25404915,0.0,0.0
RAP1GDS1,0.3127597,0.0,1.0
RAP2A,0.41263086,0.0,-1.0
RAP2B,0.522401,1.0,-1.0
RAP2C,0.3767082,0.0,0.0
RAPGEF1,0.4387624,0.0,-1.0
RAPGEF2,0.44131583,0.0,0.0
RAPGEF3,0.49281195,0.0,-1.0
RAPGEF4,0.4829908,0.0,0.0
RAPGEF5,0.32878768,0.0,-1.0
RAPGEF6,0.39781937,0.0,0.0
RAPGEFL1,0.18992214,0.0,0.0
RAPH1,0.32783037,0.0,-1.0
RAPSN,0.38327807,0.0,-1.0
RARA,0.6289728,1.0,1.0
RARB,0.5081335,1.0,-1.0
RARG,0.45361742,0.0,-1.0
RARRES1,0.111523226,0.0,-1.0
RARRES2,0.23316771,0.0,-1.0
RARS1,0.41621095,0.0,0.0
RARS2,0.16425775,0.0,0.0
RASA1,0.57611567,1.0,1.0
RASA2,0.51522744,1.0,-1.0
RASA3,0.46662858,0.0,-1.0
RASA4,0.41961694,0.0,0.0
RASA4B,0.2939795,0.0,0.0
RASAL1,0.41294542,0.0,-1.0
RASAL2,0.32999244,0.0,-1.0
RASAL3,0.17848957,0.0,0.0
RASD1,0.40599644,0.0,0.0
RASD2,0.3890902,0.0,0.0
RASEF,0.3166417,0.0,0.0
RASGEF1A,0.150883,0.0,-1.0
RASGEF1B,0.30832657,0.0,-1.0
RASGEF1C,0.16303287,0.0,-1.0
RASGRF1,0.35240933,0.0,-1.0
RASGRF2,0.34018266,0.0,-1.0
RASGRP1,0.4480153,0.0,-1.0
RASGRP2,0.3447065,0.0,-1.0
RASGRP3,0.295348,0.0,-1.0
RASGRP4,0.29813606,0.0,-1.0
RASIP1,0.44432065,0.0,0.0
RASL10A,0.32711726,0.0,0.0
RASL11A,0.33716688,0.0,0.0
RASL11B,0.33733898,0.0,-1.0
RASL12,0.41667813,0.0,0.0
RASSF1,0.50764114,1.0,-1.0
RASSF2,0.36305952,0.0,-1.0
RASSF3,0.30238658,0.0,0.0
RASSF4,0.16454794,0.0,0.0
RASSF6,0.22991887,0.0,-1.0
RASSF8,0.2665521,0.0,-1.0
RASSF9,0.18357977,0.0,0.0
RAVER1,0.20924388,0.0,-1.0
RAVER2,0.19190826,0.0,0.0
RAX,0.33433837,0.0,0.0
RAX2,0.34332985,0.0,-1.0
RB1,0.7632826,1.0,1.0
RB1CC1,0.51296717,1.0,-1.0
RBAK,0.28226802,0.0,0.0
RBBP4,0.6228492,1.0,-1.0
RBBP5,0.45635366,0.0,-1.0
RBBP6,0.27222928,0.0,-1.0
RBBP7,0.6279055,1.0,-1.0
RBBP8,0.5390336,1.0,-1.0
RBBP8NL,0.06005609,0.0,0.0
RBBP9,0.28275722,0.0,0.0
RBCK1,0.25791913,0.0,0.0
RBFA,0.0368087,0.0,0.0
RBFOX1,0.39847222,0.0,-1.0
RBFOX2,0.30180842,0.0,0.0
RBKS,0.14745903,0.0,0.0
RBL1,0.53609735,1.0,-1.0
RBL2,0.5014545,1.0,-1.0
RBM10,0.38307685,0.0,1.0
RBM11,0.23189093,0.0,0.0
RBM12,0.28422746,0.0,-1.0
RBM12B,0.34806243,0.0,0.0
RBM14,0.4190856,0.0,0.0
RBM15,0.40910712,0.0,1.0
RBM17,0.34683686,0.0,0.0
RBM18,0.13989875,0.0,0.0
RBM19,0.17818592,0.0,0.0
RBM20,0.27759337,0.0,-1.0
RBM22,0.251436,0.0,0.0
RBM23,0.43223202,0.0,0.0
RBM24,0.19317244,0.0,0.0
RBM25,0.3128042,0.0,-1.0
RBM26,0.25968978,0.0,-1.0
RBM27,0.22378097,0.0,-1.0
RBM28,0.2482109,0.0,0.0
RBM3,0.33067897,0.0,0.0
RBM33,0.23615506,0.0,0.0
RBM34,0.24251811,0.0,-1.0
RBM38,0.20780064,0.0,0.0
RBM39,0.29829526,0.0,-1.0
RBM4,0.3478738,0.0,0.0
RBM41,0.37053776,0.0,0.0
RBM42,0.16912952,0.0,0.0
RBM43,0.27766865,0.0,0.0
RBM44,0.18908378,0.0,0.0
RBM45,0.34535885,0.0,0.0
RBM46,0.19341692,0.0,0.0
RBM47,0.176464,0.0,0.0
RBM48,0.17869213,0.0,0.0
RBM4B,0.25967756,0.0,0.0
RBM5,0.36157042,0.0,-1.0
RBM6,0.25018454,0.0,0.0
RBM7,0.18678229,0.0,-1.0
RBMS1,0.38813666,0.0,0.0
RBMS2,0.23119372,0.0,0.0
RBMS3,0.20968325,0.0,0.0
RBMX,0.37040925,0.0,-1.0
RBMX2,0.28858426,0.0,-1.0
RBMXL1,0.18290338,0.0,0.0
RBMXL2,0.20351937,0.0,0.0
RBMXL3,0.1904229,0.0,-1.0
RBMY1A1,0.19887052,0.0,0.0
RBMY1B,0.003635163,0.0,0.0
RBMY1E,0.17626646,0.0,0.0
RBMY1F,0.11995812,0.0,0.0
RBMY1J,0.18176042,0.0,0.0
RBP1,0.37609747,0.0,-1.0
RBP2,0.27556413,0.0,0.0
RBP4,0.09769098,0.0,0.0
RBP5,0.11258909,0.0,0.0
RBP7,0.120214626,0.0,0.0
RBPJ,0.67112964,1.0,-1.0
RBPJL,0.46804598,0.0,0.0
RBPMS,0.34611508,0.0,0.0
RBPMS2,0.13939834,0.0,0.0
RBSN,0.33289582,0.0,0.0
RBX1,0.3531771,0.0,-1.0
RC3H1,0.43969005,0.0,0.0
RC3H2,0.28434652,0.0,0.0
RCAN1,0.4300916,0.0,0.0
RCAN2,0.2564479,0.0,-1.0
RCAN3,0.2642868,0.0,0.0
RCBTB1,0.40850815,0.0,0.0
RCBTB2,0.30852395,0.0,0.0
RCC1,0.49613187,0.0,-1.0
RCC2,0.36847633,0.0,-1.0
RCCD1,0.31096235,0.0,0.0
RCE1,0.28248367,0.0,0.0
RCHY1,0.3374764,0.0,-1.0
RCL1,0.16550118,0.0,-1.0
RCN1,0.35716653,0.0,0.0
RCN2,0.26724243,0.0,0.0
RCN3,0.26442665,0.0,0.0
RCOR2,0.23934796,0.0,0.0
RCOR3,0.2950978,0.0,0.0
RCSD1,0.22759125,0.0,0.0
RCVRN,0.40558073,0.0,0.0
RD3,0.24774161,0.0,-1.0
RD3L,0.022039982,0.0,0.0
RDH10,0.134261,0.0,0.0
RDH11,0.13261718,0.0,0.0
RDH12,0.13462625,0.0,-1.0
RDH13,0.118141256,0.0,0.0
RDH14,0.1326586,0.0,0.0
RDH16,0.058315173,0.0,0.0
RDH5,0.22418734,0.0,0.0
RDX,0.47750908,0.0,-1.0
REC114,0.18997036,0.0,0.0
RECK,0.42012408,0.0,-1.0
RECQL,0.44562557,0.0,1.0
RECQL5,0.41724277,0.0,-1.0
REEP1,0.088978134,0.0,-1.0
REEP2,0.101259366,0.0,0.0
REEP3,0.1324233,0.0,0.0
REEP4,0.15968867,0.0,0.0
REEP5,0.35067213,0.0,-1.0
REEP6,0.1548509,0.0,0.0
REG1A,0.33876735,0.0,-1.0
REG1B,0.2557475,0.0,0.0
REG3A,0.2584649,0.0,-1.0
REG3G,0.2799539,0.0,0.0
REG4,0.19942123,0.0,-1.0
REL,0.7308995,1.0,1.0
RELA,0.69370544,1.0,-1.0
RELB,0.57585144,1.0,-1.0
RELCH,0.29978457,0.0,0.0
RELL1,0.23233108,0.0,0.0
RELL2,0.1513497,0.0,0.0
RELN,0.5472283,1.0,-1.0
RELT,0.2747432,0.0,0.0
REM1,0.59806365,1.0,-1.0
REM2,0.3395561,0.0,0.0
REN,0.5122977,1.0,-1.0
RENBP,0.22278593,0.0,0.0
REP15,0.23746094,0.0,0.0
REPIN1,0.24273284,0.0,0.0
REPS1,0.32027975,0.0,0.0
REPS2,0.31812227,0.0,-1.0
RER1,0.16101503,0.0,0.0
RERE,0.4970419,0.0,-1.0
RERG,0.33449194,0.0,0.0
RERGL,0.32287535,0.0,0.0
RESF1,0.30605838,0.0,-1.0
RESP18,0.18083338,0.0,-1.0
REST,0.49019223,0.0,1.0
RET,0.6019509,1.0,1.0
RETN,0.42854998,0.0,0.0
RETNLB,0.3209954,0.0,0.0
RETREG1,0.21375425,0.0,0.0
RETREG2,0.1222305,0.0,0.0
RETREG3,0.11734691,0.0,0.0
RETSAT,0.1554176,0.0,0.0
REV1,0.44546613,0.0,0.0
REV3L,0.58018357,1.0,-1.0
REX1BD,0.24185836,0.0,0.0
REXO1,0.16941118,0.0,0.0
REXO2,0.18499668,0.0,0.0
REXO4,0.1761476,0.0,0.0
REXO5,0.21293314,0.0,0.0
RFC1,0.45880646,0.0,-1.0
RFC2,0.4219771,0.0,0.0
RFC3,0.38525206,0.0,-1.0
RFC4,0.44664848,0.0,-1.0
RFC5,0.41533816,0.0,-1.0
RFESD,0.2360301,0.0,0.0
RFFL,0.26984122,0.0,0.0
RFK,0.20067626,0.0,0.0
RFLNA,0.12400672,0.0,-1.0
RFLNB,0.11840441,0.0,-1.0
RFNG,0.20552057,0.0,0.0
RFPL1,0.23856507,0.0,0.0
RFPL2,0.21973981,0.0,0.0
RFPL3,0.18982573,0.0,0.0
RFPL3S,0.18395986,0.0,0.0
RFPL4A,0.20357141,0.0,0.0
RFPL4AL1,0.20732641,0.0,0.0
RFPL4B,0.22078982,0.0,0.0
RFT1,0.18113656,0.0,-1.0
RFTN1,0.19149609,0.0,-1.0
RFTN2,0.10769704,0.0,0.0
RFWD3,0.27271828,0.0,1.0
RFX1,0.4072817,0.0,0.0
RFX2,0.31246966,0.0,-1.0
RFX3,0.3246015,0.0,0.0
RFX4,0.24920245,0.0,0.0
RFX5,0.35522297,0.0,-1.0
RFX6,0.26170465,0.0,-1.0
RFX8,0.26102412,0.0,0.0
RFXANK,0.37378442,0.0,-1.0
RFXAP,0.3049031,0.0,-1.0
RGCC,0.48730302,0.0,-1.0
RGL1,0.33286488,0.0,-1.0
RGL2,0.2852236,0.0,0.0
RGL3,0.23177615,0.0,0.0
RGL4,0.22520445,0.0,0.0
RGMA,0.46009883,0.0,0.0
RGMB,0.31903154,0.0,0.0
RGN,0.2483608,0.0,0.0
RGP1,0.17118825,0.0,0.0
RGPD1,0.28379256,0.0,0.0
RGPD2,0.31314412,0.0,0.0
RGPD3,0.26674446,0.0,1.0
RGPD4,0.2613578,0.0,0.0
RGPD5,0.27233547,0.0,0.0
RGPD6,0.26618308,0.0,0.0
RGPD8,0.28412592,0.0,0.0
RGR,0.18139654,0.0,-1.0
RGS1,0.3692954,0.0,-1.0
RGS10,0.286187,0.0,0.0
RGS11,0.23931637,0.0,0.0
RGS12,0.26778126,0.0,-1.0
RGS13,0.27375275,0.0,0.0
RGS14,0.22997116,0.0,0.0
RGS16,0.30393416,0.0,0.0
RGS17,0.2228771,0.0,-1.0
RGS18,0.3573942,0.0,-1.0
RGS19,0.30521613,0.0,-1.0
RGS2,0.44340113,0.0,-1.0
RGS20,0.26294917,0.0,0.0
RGS21,0.11686846,0.0,0.0
RGS22,0.14661056,0.0,0.0
RGS3,0.342598,0.0,-1.0
RGS4,0.37457103,0.0,0.0
RGS5,0.3868707,0.0,0.0
RGS6,0.23563208,0.0,0.0
RGS7,0.24831438,0.0,1.0
RGS7BP,0.17298834,0.0,0.0
RGS8,0.25495395,0.0,0.0
RGS9,0.2022433,0.0,0.0
RGS9BP,0.23150758,0.0,0.0
RGSL1,0.19483133,0.0,0.0
RHAG,0.3848067,0.0,0.0
RHBDD1,0.24633107,0.0,0.0
RHBDD2,0.13447312,0.0,0.0
RHBDD3,0.16671543,0.0,0.0
RHBDF1,0.27207363,0.0,0.0
RHBDF2,0.49377927,0.0,-1.0
RHBDL1,0.28573936,0.0,0.0
RHBDL2,0.26029345,0.0,0.0
RHBDL3,0.347175,0.0,0.0
RHCE,0.33498818,0.0,0.0
RHCG,0.21962048,0.0,-1.0
RHD,0.35240796,0.0,0.0
RHEB,0.453865,0.0,1.0
RHEBL1,0.33661932,0.0,0.0
RHEX,0.18146521,0.0,0.0
RHNO1,0.36425912,0.0,0.0
RHO,0.41013107,0.0,-1.0
RHOA,0.74342376,1.0,1.0
RHOB,0.5093152,1.0,-1.0
RHOBTB1,0.3780647,0.0,-1.0
RHOBTB2,0.373361,0.0,-1.0
RHOBTB3,0.3495671,0.0,-1.0
RHOC,0.50900894,1.0,-1.0
RHOD,0.4296368,0.0,0.0
RHOF,0.37798724,0.0,-1.0
RHOG,0.46435547,0.0,-1.0
RHOH,0.42683563,0.0,1.0
RHOJ,0.53274435,1.0,0.0
RHOQ,0.40238735,0.0,0.0
RHOT1,0.32985005,0.0,0.0
RHOT2,0.31931636,0.0,0.0
RHOU,0.4140484,0.0,0.0
RHOV,0.3903281,0.0,0.0
RHOXF1,0.3394116,0.0,0.0
RHOXF2,0.31945443,0.0,0.0
RHPN1,0.2820086,0.0,0.0
RHPN2,0.25596136,0.0,-1.0
RIBC1,0.19866304,0.0,0.0
RIC1,0.38516766,0.0,0.0
RIC3,0.22342119,0.0,0.0
RIC8A,0.22624116,0.0,0.0
RIC8B,0.10142579,0.0,0.0
RICTOR,0.48578638,0.0,1.0
RIDA,0.16918887,0.0,0.0
RIF1,0.3381741,0.0,0.0
RIIAD1,0.06340062,0.0,0.0
RILP,0.24011452,0.0,0.0
RILPL1,0.26572216,0.0,0.0
RILPL2,0.1764785,0.0,0.0
RIMBP2,0.21903136,0.0,-1.0
RIMBP3C,0.18821557,0.0,0.0
RIMKLA,0.19101326,0.0,0.0
RIMKLB,0.17016505,0.0,0.0
RIMOC1,0.2002856,0.0,0.0
RIMS1,0.33231753,0.0,-1.0
RIMS3,0.24478187,0.0,0.0
RIMS4,0.18582775,0.0,0.0
RIN1,0.39623863,0.0,0.0
RIN2,0.31783694,0.0,0.0
RIN3,0.27653944,0.0,0.0
RING1,0.5191997,1.0,0.0
RINT1,0.24404491,0.0,0.0
RIOK1,0.13629842,0.0,0.0
RIOK2,0.15836759,0.0,-1.0
RIOK3,0.17960995,0.0,0.0
RIOX2,0.5203107,1.0,-1.0
RIPK1,0.4134359,0.0,-1.0
RIPK2,0.39874578,0.0,-1.0
RIPK3,0.34598404,0.0,0.0
RIPK4,0.48682424,0.0,0.0
RIPOR1,0.12039312,0.0,-1.0
RIPOR2,0.35030982,0.0,-1.0
RIPOR3,0.16229592,0.0,0.0
RIPPLY1,0.17972654,0.0,0.0
RIPPLY2,0.16398393,0.0,0.0
RIPPLY3,0.075912215,0.0,0.0
RIT1,0.5328266,1.0,1.0
RIT2,0.52626723,1.0,-1.0
RLBP1,0.30209038,0.0,-1.0
RLF,0.2335608,0.0,-1.0
RLIM,0.403608,0.0,-1.0
RLN1,0.17475542,0.0,0.0
RLN2,0.19021413,0.0,-1.0
RLN3,0.15843646,0.0,0.0
RMC1,0.16642946,0.0,0.0
RMDN1,0.1870296,0.0,-1.0
RMDN2,0.20061524,0.0,0.0
RMDN3,0.16121452,0.0,0.0
RMI1,0.42281428,0.0,0.0
RMI2,0.4187365,0.0,1.0
RMND1,0.11925678,0.0,0.0
RMND5A,0.087059446,0.0,0.0
RMND5B,0.16584611,0.0,-1.0
RNASE1,0.45744514,0.0,0.0
RNASE10,0.0013899914,0.0,-1.0
RNASE12,0.013313041,0.0,0.0
RNASE13,0.036303356,0.0,0.0
RNASE2,0.41872323,0.0,0.0
RNASE3,0.38999084,0.0,0.0
RNASE4,0.035302367,0.0,-1.0
RNASE6,0.16542087,0.0,0.0
RNASE7,0.06203411,0.0,0.0
RNASE8,0.07187795,0.0,0.0
RNASE9,0.0002186382,0.0,0.0
RNASEH1,0.25239334,0.0,0.0
RNASEH2A,0.34201995,0.0,0.0
RNASEH2B,0.2683116,0.0,0.0
RNASEH2C,0.21752875,0.0,0.0
RNASEK,0.13932334,0.0,0.0
RNASEK-C17orf49,0.03539329,0.0,0.0
RNASEL,0.50804454,1.0,-1.0
RNASET2,0.19288863,0.0,-1.0
RND1,0.3976725,0.0,0.0
RND2,0.37708706,0.0,0.0
RND3,0.48579383,0.0,-1.0
RNF10,0.23057412,0.0,0.0
RNF103,0.24136488,0.0,-1.0
RNF103-CHMP3,0.32460478,0.0,0.0
RNF11,0.35081825,0.0,-1.0
RNF111,0.36964068,0.0,-1.0
RNF112,0.2865259,0.0,0.0
RNF113A,0.26291066,0.0,0.0
RNF113B,0.20025337,0.0,0.0
RNF114,0.24106622,0.0,0.0
RNF121,0.1486212,0.0,0.0
RNF122,0.2618668,0.0,0.0
RNF123,0.30145222,0.0,0.0
RNF125,0.27689,0.0,0.0
RNF126,0.21741436,0.0,0.0
RNF128,0.46580002,0.0,0.0
RNF13,0.2694391,0.0,0.0
RNF130,0.25621665,0.0,0.0
RNF133,0.17093569,0.0,0.0
RNF135,0.2444055,0.0,0.0
RNF138,0.21612564,0.0,0.0
RNF139,0.36727187,0.0,-1.0
RNF14,0.3268141,0.0,0.0
RNF141,0.13250253,0.0,0.0
RNF144A,0.18537316,0.0,0.0
RNF144B,0.19479382,0.0,-1.0
RNF145,0.30618536,0.0,0.0
RNF146,0.26444867,0.0,-1.0
RNF148,0.1651524,0.0,0.0
RNF149,0.37625718,0.0,0.0
RNF150,0.2499002,0.0,0.0
RNF151,0.18278329,0.0,0.0
RNF152,0.040052895,0.0,0.0
RNF157,0.14849862,0.0,-1.0
RNF165,0.27549595,0.0,0.0
RNF166,0.14870839,0.0,0.0
RNF167,0.16217713,0.0,0.0
RNF168,0.41466725,0.0,-1.0
RNF169,0.32491255,0.0,0.0
RNF17,0.1836222,0.0,0.0
RNF170,0.26638287,0.0,0.0
RNF175,0.19852526,0.0,0.0
RNF180,0.17634739,0.0,0.0
RNF181,0.24468435,0.0,0.0
RNF182,0.16691823,0.0,0.0
RNF183,0.07684828,0.0,0.0
RNF185,0.1471151,0.0,-1.0
RNF186,0.081258185,0.0,-1.0
RNF187,0.11528639,0.0,0.0
RNF19A,0.31165943,0.0,0.0
RNF19B,0.19083132,0.0,0.0
RNF2,0.5753491,1.0,0.0
RNF20,0.43508908,0.0,-1.0
RNF207,0.12018723,0.0,-1.0
RNF208,0.13583215,0.0,0.0
RNF212,0.13111833,0.0,0.0
RNF213,0.33618575,0.0,1.0
RNF214,0.08806855,0.0,0.0
RNF215,0.27301648,0.0,0.0
RNF216,0.30716938,0.0,-1.0
RNF217,0.2559861,0.0,-1.0
RNF220,0.16411193,0.0,-1.0
RNF222,0.2634798,0.0,0.0
RNF24,0.31227967,0.0,0.0
RNF25,0.25019255,0.0,0.0
RNF26,0.115083665,0.0,-1.0
RNF31,0.2673161,0.0,0.0
RNF32,0.21406071,0.0,0.0
RNF34,0.3208714,0.0,0.0
RNF38,0.27109373,0.0,0.0
RNF39,0.19579706,0.0,0.0
RNF4,0.37581378,0.0,-1.0
RNF40,0.37919945,0.0,-1.0
RNF41,0.22203253,0.0,0.0
RNF43,0.31669036,0.0,1.0
RNF44,0.24298902,0.0,0.0
RNF5,0.27290505,0.0,0.0
RNF6,0.30928826,0.0,-1.0
RNF7,0.2593011,0.0,-1.0
RNF8,0.46103728,0.0,0.0
RNFT1,0.21618111,0.0,-1.0
RNFT2,0.20271266,0.0,0.0
RNGTT,0.38440236,0.0,0.0
RNH1,0.4989416,0.0,0.0
RNLS,0.18437098,0.0,0.0
RNMT,0.3336318,0.0,0.0
RNPC3,0.4302333,0.0,0.0
RNPEP,0.3414478,0.0,0.0
RNPEPL1,0.19723503,0.0,0.0
RNPS1,0.22576445,0.0,0.0
RO60,0.35482982,0.0,-1.0
ROBO1,0.35812536,0.0,1.0
ROBO2,0.37198094,0.0,1.0
ROBO3,0.33000082,0.0,-1.0
ROBO4,0.32082224,0.0,0.0
ROCK1,0.6584099,1.0,-1.0
ROCK2,0.5483676,1.0,-1.0
ROGDI,0.1134227,0.0,0.0
ROM1,0.33640945,0.0,-1.0
ROMO1,0.07186411,0.0,0.0
ROPN1,0.17893471,0.0,0.0
ROPN1B,0.1786641,0.0,0.0
ROPN1L,0.16643234,0.0,0.0
ROR1,0.35390234,0.0,-1.0
ROR2,0.38923168,0.0,-1.0
RORA,0.46540475,0.0,0.0
RORB,0.31285125,0.0,0.0
RORC,0.48086846,0.0,-1.0
ROS1,0.36821178,0.0,1.0
RP1,0.24721181,0.0,-1.0
RP1L1,0.20412856,0.0,-1.0
RP2,0.29487714,0.0,-1.0
RP9,0.22548284,0.0,-1.0
RPA1,0.5984465,1.0,-1.0
RPA2,0.45001844,0.0,-1.0
RPA3,0.31011546,0.0,-1.0
RPA4,0.40269902,0.0,0.0
RPAIN,0.19424044,0.0,-1.0
RPAP1,0.2549627,0.0,0.0
RPAP3,0.19641571,0.0,0.0
RPE,0.34676784,0.0,-1.0
RPE65,0.3739152,0.0,-1.0
RPF1,0.12990871,0.0,0.0
RPF2,0.12159679,0.0,0.0
RPGR,0.4315097,0.0,-1.0
RPGRIP1,0.20886154,0.0,-1.0
RPGRIP1L,0.39815307,0.0,-1.0
RPH3A,0.26793668,0.0,-1.0
RPH3AL,0.19437836,0.0,-1.0
RPIA,0.25977862,0.0,-1.0
RPL10,0.16995275,0.0,1.0
RPL10A,0.12953492,0.0,0.0
RPL10L,0.20105213,0.0,0.0
RPL11,0.18973303,0.0,-1.0
RPL12,0.11660367,0.0,0.0
RPL13,0.15021248,0.0,0.0
RPL13A,0.24462733,0.0,-1.0
RPL14,0.19883393,0.0,0.0
RPL15,0.17288616,0.0,0.0
RPL17,0.1346322,0.0,0.0
RPL18,0.13865441,0.0,0.0
RPL18A,0.14421995,0.0,-1.0
RPL19,0.29029217,0.0,0.0
RPL21,0.24463382,0.0,0.0
RPL22,0.34978378,0.0,1.0
RPL22L1,0.13594966,0.0,0.0
RPL23,0.1800387,0.0,0.0
RPL23A,0.15292788,0.0,0.0
RPL24,0.18275122,0.0,0.0
RPL26,0.120655105,0.0,-1.0
RPL26L1,0.0963475,0.0,0.0
RPL27,0.21172208,0.0,0.0
RPL27A,0.16314787,0.0,0.0
RPL29,0.11209452,0.0,-1.0
RPL3,0.14261457,0.0,0.0
RPL30,0.17531243,0.0,0.0
RPL31,0.119986065,0.0,-1.0
RPL32,0.24148092,0.0,0.0
RPL34,0.1605715,0.0,-1.0
RPL35,0.13165498,0.0,0.0
RPL35A,0.12527047,0.0,-1.0
RPL36,0.17302945,0.0,0.0
RPL36A,0.11081622,0.0,0.0
RPL36A-HNRNPH2,0.12823224,0.0,0.0
RPL36AL,0.10471741,0.0,0.0
RPL37,0.15306275,0.0,0.0
RPL37A,0.14066234,0.0,0.0
RPL38,0.1445811,0.0,0.0
RPL39,0.1268614,0.0,0.0
RPL39L,0.12525648,0.0,0.0
RPL3L,0.12492385,0.0,0.0
RPL4,0.14952663,0.0,0.0
RPL41,0.13324925,0.0,0.0
RPL5,0.2789327,0.0,1.0
RPL6,0.2185441,0.0,0.0
RPL7,0.18196943,0.0,0.0
RPL7A,0.20317361,0.0,0.0
RPL7L1,0.14692767,0.0,0.0
RPL8,0.121419385,0.0,0.0
RPL9,0.12371293,0.0,0.0
RPLP0,0.2498697,0.0,0.0
RPLP1,0.18458353,0.0,0.0
RPLP2,0.2250746,0.0,0.0
RPN1,0.17403041,0.0,1.0
RPN2,0.15919589,0.0,0.0
RPP14,0.11924004,0.0,0.0
RPP21,0.12563618,0.0,0.0
RPP25,0.14665848,0.0,0.0
RPP25L,0.18295322,0.0,0.0
RPP30,0.1206455,0.0,0.0
RPP38,0.1384606,0.0,-1.0
RPP40,0.11733765,0.0,0.0
RPRD1A,0.25057006,0.0,0.0
RPRD1B,0.2647468,0.0,-1.0
RPRD2,0.26383272,0.0,0.0
RPRM,0.28457174,0.0,-1.0
RPRML,0.13023838,0.0,0.0
RPS10,0.12784031,0.0,-1.0
RPS11,0.12290187,0.0,0.0
RPS12,0.1475087,0.0,0.0
RPS13,0.16086628,0.0,-1.0
RPS14,0.13403375,0.0,0.0
RPS15,0.14516762,0.0,-1.0
RPS15A,0.10966904,0.0,0.0
RPS16,0.14678101,0.0,0.0
RPS17,0.15467276,0.0,-1.0
RPS18,0.15134197,0.0,0.0
RPS19,0.2671703,0.0,-1.0
RPS19BP1,0.3077639,0.0,0.0
RPS2,0.13863654,0.0,-1.0
RPS20,0.18461588,0.0,0.0
RPS21,0.09885654,0.0,0.0
RPS23,0.12891369,0.0,0.0
RPS24,0.1361789,0.0,-1.0
RPS25,0.12492644,0.0,0.0
RPS26,0.1528007,0.0,-1.0
RPS27,0.17808844,0.0,-1.0
RPS27A,0.55848426,1.0,-1.0
RPS27L,0.103259794,0.0,0.0
RPS28,0.12085282,0.0,0.0
RPS29,0.11345547,0.0,0.0
RPS3,0.16514222,0.0,0.0
RPS3A,0.43394598,0.0,-1.0
RPS4X,0.29774114,0.0,0.0
RPS4Y1,0.17458728,0.0,0.0
RPS5,0.20645736,0.0,0.0
RPS6,0.47524327,0.0,-1.0
RPS6KA1,0.56768,1.0,-1.0
RPS6KA2,0.5010511,1.0,0.0
RPS6KA3,0.6335357,1.0,-1.0
RPS6KA4,0.34855434,0.0,1.0
RPS6KA6,0.39064333,0.0,-1.0
RPS6KB1,0.62134475,1.0,-1.0
RPS6KB2,0.37537715,0.0,1.0
RPS6KC1,0.2506376,0.0,0.0
RPS7,0.12713127,0.0,-1.0
RPS8,0.11796908,0.0,0.0
RPS9,0.11428746,0.0,0.0
RPSA,0.3753296,0.0,0.0
RPTN,0.26462787,0.0,0.0
RPTOR,0.46515194,0.0,1.0
RPUSD1,0.17621282,0.0,0.0
RPUSD2,0.18521862,0.0,0.0
RPUSD3,0.16880792,0.0,0.0
RPUSD4,0.18232311,0.0,0.0
RRAD,0.48482704,0.0,-1.0
RRAGA,0.36007065,0.0,0.0
RRAGB,0.39078212,0.0,0.0
RRAGC,0.36657152,0.0,1.0
RRAGD,0.3782294,0.0,0.0
RRAS,0.44074395,0.0,1.0
RRAS2,0.3820738,0.0,1.0
RRBP1,0.4461743,0.0,0.0
RREB1,0.26917055,0.0,-1.0
RRH,0.2669342,0.0,0.0
RRM1,0.4721849,0.0,-1.0
RRM2,0.44679484,0.0,-1.0
RRM2B,0.35060325,0.0,-1.0
RRN3,0.31721145,0.0,0.0
RRP1,0.13214813,0.0,0.0
RRP12,0.13501021,0.0,0.0
RRP15,0.102172405,0.0,0.0
RRP1B,0.13779654,0.0,0.0
RRP36,0.10869605,0.0,0.0
RRP7A,0.105048865,0.0,0.0
RRP8,0.34853384,0.0,0.0
RRP9,0.12719011,0.0,-1.0
RRS1,0.30310085,0.0,-1.0
RS1,0.29483458,0.0,-1.0
RSAD1,0.1666701,0.0,0.0
RSAD2,0.3146977,0.0,0.0
RSBN1,0.24309815,0.0,-1.0
RSBN1L,0.3423345,0.0,-1.0
RSC1A1,0.10355512,0.0,0.0
RSF1,0.36464304,0.0,-1.0
RSKR,0.32532364,0.0,0.0
RSL1D1,0.11876388,0.0,-1.0
RSL24D1,0.15433335,0.0,0.0
RSPH1,0.21294992,0.0,-1.0
RSPH10B,0.23180577,0.0,0.0
RSPH10B2,0.23037168,0.0,0.0
RSPH14,0.24108715,0.0,-1.0
RSPH3,0.21182251,0.0,0.0
RSPH4A,0.19505902,0.0,-1.0
RSPH6A,0.1694402,0.0,0.0
RSPH9,0.2004089,0.0,-1.0
RSPO1,0.3951323,0.0,-1.0
RSPO2,0.3630563,0.0,1.0
RSPO3,0.31800726,0.0,1.0
RSPO4,0.28771475,0.0,0.0
RSPRY1,0.17579322,0.0,0.0
RSRC1,0.1685029,0.0,0.0
RSRC2,0.18961975,0.0,0.0
RSRP1,0.2650479,0.0,-1.0
RSU1,0.32123795,0.0,0.0
RTBDN,0.10367475,0.0,0.0
RTCA,0.14722493,0.0,-1.0
RTCB,0.29206383,0.0,0.0
RTEL1,0.433401,0.0,1.0
RTEL1-TNFRSF6B,0.40887326,0.0,0.0
RTF1,0.3215222,0.0,0.0
RTF2,0.18789949,0.0,-1.0
RTKN,0.48610178,0.0,0.0
RTKN2,0.14040866,0.0,0.0
RTL1,0.25989074,0.0,0.0
RTL10,0.46760878,0.0,0.0
RTL3,0.14293419,0.0,0.0
RTL4,0.24925782,0.0,0.0
RTL5,0.16887257,0.0,0.0
RTL6,0.17313263,0.0,-1.0
RTL8A,0.13443905,0.0,0.0
RTL8B,0.20203047,0.0,0.0
RTL8C,0.054114204,0.0,0.0
RTL9,0.33339328,0.0,-1.0
RTN1,0.27433023,0.0,0.0
RTN2,0.2514633,0.0,0.0
RTN3,0.26799405,0.0,0.0
RTN4,0.48115805,0.0,-1.0
RTN4IP1,0.19530864,0.0,-1.0
RTN4R,0.50449467,1.0,0.0
RTN4RL1,0.33901876,0.0,0.0
RTN4RL2,0.33649385,0.0,0.0
RTP1,0.013809255,0.0,0.0
RTP2,0.094115496,0.0,0.0
RTP3,0.03688687,0.0,0.0
RTP4,0.18967931,0.0,0.0
RTP5,0.13402504,0.0,0.0
RTRAF,0.17411678,0.0,0.0
RTTN,0.24372248,0.0,-1.0
RUBCN,0.30388507,0.0,0.0
RUBCNL,0.04709045,0.0,0.0
RUFY1,0.32439134,0.0,-1.0
RUFY2,0.31056482,0.0,0.0
RUFY3,0.17385657,0.0,0.0
RUFY4,0.22632322,0.0,0.0
RUNDC1,0.14107078,0.0,0.0
RUNDC3A,0.23296367,0.0,0.0
RUNDC3B,0.12714887,0.0,0.0
RUNX1,0.63155943,1.0,1.0
RUNX1T1,0.46696913,0.0,1.0
RUNX2,0.6190118,1.0,-1.0
RUNX3,0.5591663,1.0,-1.0
RUSC1,0.1761586,0.0,0.0
RUSC2,0.20009536,0.0,-1.0
RUSF1,0.33400494,0.0,0.0
RUVBL1,0.3803369,0.0,-1.0
RUVBL2,0.42194194,0.0,-1.0
RWDD1,0.12280475,0.0,0.0
RWDD2A,0.16235282,0.0,0.0
RWDD2B,0.08026482,0.0,0.0
RWDD3,0.2260392,0.0,0.0
RWDD4,0.14731872,0.0,0.0
RXFP1,0.3796467,0.0,0.0
RXFP2,0.40993354,0.0,-1.0
RXFP3,0.16707131,0.0,-1.0
RXFP4,0.14064907,0.0,0.0
RXRA,0.49913147,0.0,-1.0
RXRB,0.40198225,0.0,-1.0
RXRG,0.39078763,0.0,-1.0
RXYLT1,0.11836676,0.0,0.0
RYBP,0.3790145,0.0,1.0
RYR1,0.56294817,1.0,-1.0
RYR2,0.49166462,0.0,-1.0
RYR3,0.40517017,0.0,-1.0
S100A1,0.31804693,0.0,-1.0
S100A10,0.36498547,0.0,-1.0
S100A11,0.38708076,0.0,0.0
S100A12,0.32223856,0.0,0.0
S100A13,0.15144193,0.0,-1.0
S100A14,0.18759808,0.0,-1.0
S100A16,0.14973696,0.0,0.0
S100A2,0.21602859,0.0,-1.0
S100A3,0.079333626,0.0,0.0
S100A4,0.55323935,1.0,-1.0
S100A5,0.085003875,0.0,0.0
S100A6,0.4558191,0.0,-1.0
S100A7,0.16709782,0.0,1.0
S100A7A,0.030329635,0.0,-1.0
S100A8,0.47403163,0.0,-1.0
S100A9,0.39493507,0.0,-1.0
S100B,0.59875816,1.0,-1.0
S100G,0.22117741,0.0,0.0
S100P,0.23342262,0.0,-1.0
S100PBP,0.21339293,0.0,-1.0
S100Z,0.09504307,0.0,0.0
S1PR1,0.3083414,0.0,-1.0
S1PR2,0.28547555,0.0,-1.0
S1PR3,0.24802983,0.0,0.0
S1PR4,0.192073,0.0,-1.0
S1PR5,0.20779498,0.0,0.0
SAA1,0.27025658,0.0,-1.0
SAA2,0.20101993,0.0,-1.0
SAA4,0.09657962,0.0,0.0
SAAL1,0.29867506,0.0,0.0
SAC3D1,0.36482704,0.0,0.0
SACM1L,0.47948635,0.0,0.0
SACS,0.2735163,0.0,-1.0
SAE1,0.32460073,0.0,0.0
SAFB,0.37561303,0.0,0.0
SAFB2,0.32783803,0.0,0.0
SAG,0.39915892,0.0,-1.0
SAGE1,0.30725336,0.0,-1.0
SALL1,0.47443876,0.0,-1.0
SALL3,0.2913646,0.0,-1.0
SALL4,0.43665627,0.0,1.0
SAMD1,0.13430585,0.0,0.0
SAMD10,0.14015853,0.0,0.0
SAMD11,0.13636947,0.0,0.0
SAMD12,0.15976651,0.0,0.0
SAMD13,0.18153219,0.0,0.0
SAMD14,0.1048721,0.0,0.0
SAMD15,0.19847615,0.0,0.0
SAMD3,0.32002303,0.0,0.0
SAMD4B,0.15324745,0.0,0.0
SAMD5,0.14965288,0.0,0.0
SAMD7,0.09542739,0.0,0.0
SAMD8,0.22132516,0.0,0.0
SAMD9,0.25544652,0.0,0.0
SAMD9L,0.30195677,0.0,-1.0
SAMHD1,0.6120831,1.0,1.0
SAMM50,0.1456615,0.0,-1.0
SAMSN1,0.26037645,0.0,0.0
SANBR,0.24057315,0.0,0.0
SAP130,0.3764761,0.0,0.0
SAP18,0.4394702,0.0,0.0
SAP25,0.2417823,0.0,0.0
SAP30,0.46079624,0.0,-1.0
SAP30BP,0.27890742,0.0,0.0
SAP30L,0.24760634,0.0,0.0
SAPCD1,0.15053451,0.0,0.0
SAPCD2,0.2649303,0.0,0.0
SAR1A,0.31258106,0.0,0.0
SAR1B,0.27212095,0.0,-1.0
SARAF,0.12545952,0.0,0.0
SARDH,0.15646632,0.0,0.0
SARNP,0.2981951,0.0,-1.0
SARS2,0.32729313,0.0,0.0
SART1,0.29778504,0.0,0.0
SART3,0.28410035,0.0,-1.0
SASH1,0.18284713,0.0,-1.0
SASH3,0.33792245,0.0,0.0
SASS6,0.36439207,0.0,0.0
SAT1,0.36549437,0.0,0.0
SAT2,0.10250918,0.0,0.0
SATB1,0.3974697,0.0,-1.0
SATB2,0.5328085,1.0,-1.0
SATL1,0.20371749,0.0,0.0
SAV1,0.36504173,0.0,-1.0
SAXO1,0.1787928,0.0,0.0
SAYSD1,0.1712471,0.0,0.0
SBDS,0.3263021,0.0,1.0
SBF1,0.35499674,0.0,0.0
SBF2,0.3908014,0.0,-1.0
SBK1,0.19208086,0.0,0.0
SBK2,0.1532228,0.0,0.0
SBNO1,0.29085812,0.0,-1.0
SBNO2,0.26290584,0.0,0.0
SBSN,0.2718575,0.0,-1.0
SBSPON,0.16144584,0.0,0.0
SC5D,0.23785871,0.0,0.0
SCAF1,0.18534645,0.0,-1.0
SCAF11,0.38735992,0.0,0.0
SCAF4,0.23844093,0.0,-1.0
SCAF8,0.26578084,0.0,0.0
SCAI,0.29716653,0.0,0.0
SCAMP2,0.19167402,0.0,0.0
SCAMP3,0.18174927,0.0,0.0
SCAMP4,0.17232688,0.0,-1.0
SCAMP5,0.23768747,0.0,0.0
SCAND1,0.23703444,0.0,0.0
SCAP,0.3104543,0.0,0.0
SCAPER,0.2929528,0.0,-1.0
SCARA3,0.32897386,0.0,0.0
SCARA5,0.26200697,0.0,0.0
SCARB1,0.45307928,0.0,-1.0
SCARB2,0.48476556,0.0,-1.0
SCARF1,0.35633355,0.0,0.0
SCCPDH,0.18292874,0.0,0.0
SCD,0.23827247,0.0,-1.0
SCD5,0.22022286,0.0,0.0
SCEL,0.30718005,0.0,0.0
SCFD1,0.31258184,0.0,0.0
SCFD2,0.15913133,0.0,0.0
SCG2,0.36669222,0.0,0.0
SCG3,0.20194508,0.0,0.0
SCG5,0.3189721,0.0,1.0
SCGB1A1,0.38932663,0.0,0.0
SCGB1C1,0.01520375,0.0,0.0
SCGB1D1,0.2573269,0.0,0.0
SCGB1D2,0.12999195,0.0,0.0
SCGB1D4,0.41016546,0.0,0.0
SCGB2A1,0.17205888,0.0,0.0
SCGB2A2,0.15128785,0.0,0.0
SCGB2B2,0.22070213,0.0,0.0
SCGB3A1,0.17235996,0.0,0.0
SCGB3A2,0.14175728,0.0,0.0
SCGN,0.36862472,0.0,0.0
SCHIP1,0.17120926,0.0,0.0
SCIMP,0.083078764,0.0,0.0
SCIN,0.32338992,0.0,-1.0
SCLT1,0.37024793,0.0,-1.0
SCLY,0.17052472,0.0,0.0
SCMH1,0.4211306,0.0,0.0
SCML1,0.26488215,0.0,0.0
SCML2,0.42036632,0.0,0.0
SCML4,0.32434916,0.0,0.0
SCN10A,0.46293017,0.0,-1.0
SCN11A,0.42984462,0.0,-1.0
SCN1A,0.39935476,0.0,-1.0
SCN1B,0.27683502,0.0,-1.0
SCN2A,0.44700864,0.0,-1.0
SCN2B,0.256801,0.0,0.0
SCN3A,0.35464838,0.0,-1.0
SCN3B,0.29371038,0.0,-1.0
SCN4A,0.3933002,0.0,-1.0
SCN4B,0.21457896,0.0,-1.0
SCN5A,0.4685841,0.0,-1.0
SCN7A,0.1995538,0.0,0.0
SCN8A,0.46895638,0.0,0.0
SCN9A,0.42916274,0.0,-1.0
SCNM1,0.19787998,0.0,0.0
SCNN1A,0.22073731,0.0,-1.0
SCNN1B,0.2498143,0.0,-1.0
SCNN1D,0.12577707,0.0,0.0
SCNN1G,0.2626057,0.0,-1.0
SCO1,0.16782749,0.0,-1.0
SCO2,0.26383758,0.0,-1.0
SCOC,0.18144971,0.0,0.0
SCP2,0.19153006,0.0,0.0
SCP2D1,0.17165728,0.0,0.0
SCPEP1,0.30015752,0.0,0.0
SCRG1,0.09082403,0.0,0.0
SCRIB,0.45411682,0.0,0.0
SCRN1,0.17835805,0.0,0.0
SCRN2,0.11544391,0.0,0.0
SCRN3,0.21300621,0.0,0.0
SCRT2,0.19887011,0.0,0.0
SCT,0.27003163,0.0,0.0
SCTR,0.21988375,0.0,0.0
SCUBE1,0.14182155,0.0,0.0
SCUBE2,0.22441562,0.0,0.0
SCUBE3,0.2104651,0.0,-1.0
SCYL1,0.27059028,0.0,-1.0
SCYL2,0.27699175,0.0,-1.0
SCYL3,0.29810953,0.0,0.0
SDAD1,0.13523504,0.0,0.0
SDC1,0.5330498,1.0,-1.0
SDC2,0.4305701,0.0,-1.0
SDC3,0.2980565,0.0,-1.0
SDC4,0.44062704,0.0,1.0
SDCBP,0.38315544,0.0,-1.0
SDCBP2,0.11353285,0.0,0.0
SDCCAG8,0.26214257,0.0,-1.0
SDE2,0.2923714,0.0,-1.0
SDF2,0.1411945,0.0,0.0
SDF2L1,0.103957765,0.0,0.0
SDF4,0.4712917,0.0,-1.0
SDHA,0.19867672,0.0,1.0
SDHAF1,0.0936457,0.0,0.0
SDHAF2,0.3141721,0.0,1.0
SDHAF3,0.17225772,0.0,0.0
SDHAF4,0.15469484,0.0,0.0
SDHB,0.33687413,0.0,1.0
SDHC,0.6068098,1.0,1.0
SDHD,0.46741518,0.0,1.0
SDK1,0.25156808,0.0,-1.0
SDK2,0.14493969,0.0,-1.0
SDR16C5,0.12887971,0.0,0.0
SDR39U1,0.13407049,0.0,0.0
SDR42E1,0.14125983,0.0,0.0
SDR9C7,0.24018493,0.0,0.0
SDS,0.08965767,0.0,0.0
SDSL,0.25267503,0.0,0.0
SEC11A,0.1832537,0.0,0.0
SEC11C,0.18034384,0.0,0.0
SEC13,0.38689908,0.0,0.0
SEC14L1,0.33850247,0.0,-1.0
SEC14L3,0.097042665,0.0,0.0
SEC14L4,0.24117908,0.0,0.0
SEC14L5,0.28270656,0.0,0.0
SEC14L6,0.25061178,0.0,0.0
SEC16A,0.21886997,0.0,-1.0
SEC16B,0.19601598,0.0,0.0
SEC22A,0.2851847,0.0,0.0
SEC22C,0.27845585,0.0,0.0
SEC23A,0.33718428,0.0,0.0
SEC23B,0.3096366,0.0,-1.0
SEC23IP,0.21425344,0.0,0.0
SEC24A,0.30696654,0.0,0.0
SEC24B,0.37397712,0.0,0.0
SEC24C,0.30109674,0.0,0.0
SEC24D,0.26694688,0.0,0.0
SEC31A,0.28207684,0.0,-1.0
SEC31B,0.22533697,0.0,0.0
SEC61A1,0.24037085,0.0,0.0
SEC61A2,0.16798992,0.0,0.0
SEC61B,0.15369663,0.0,0.0
SEC61G,0.10504843,0.0,-1.0
SEC62,0.24389854,0.0,0.0
SEC63,0.30741444,0.0,-1.0
SECISBP2,0.250728,0.0,0.0
SECISBP2L,0.2526834,0.0,0.0
SECTM1,0.080519326,0.0,0.0
SEH1L,0.24393459,0.0,0.0
SEL1L,0.36732337,0.0,-1.0
SEL1L2,0.266645,0.0,0.0
SEL1L3,0.28858575,0.0,0.0
SELE,0.52833956,1.0,-1.0
SELENBP1,0.21563089,0.0,0.0
SELENOF,0.17982239,0.0,-1.0
SELENOH,0.18935157,0.0,0.0
SELENOI,0.17056851,0.0,0.0
SELENOK,0.16579525,0.0,0.0
SELENOM,0.17192118,0.0,0.0
SELENON,0.27714857,0.0,-1.0
SELENOO,0.27203786,0.0,0.0
SELENOP,0.23715095,0.0,-1.0
SELENOS,0.43845978,0.0,0.0
SELENOT,0.16901004,0.0,0.0
SELENOV,0.3079513,0.0,0.0
SELENOW,0.17073345,0.0,0.0
SELL,0.4937225,0.0,0.0
SELP,0.49614045,0.0,-1.0
SELPLG,0.45616335,0.0,0.0
SEM1,0.37604192,0.0,0.0
SEMA3A,0.49528193,0.0,-1.0
SEMA3C,0.36784407,0.0,-1.0
SEMA3D,0.30781755,0.0,0.0
SEMA3E,0.33255398,0.0,-1.0
SEMA3F,0.38923088,0.0,-1.0
SEMA3G,0.26551,0.0,0.0
SEMA4A,0.31648746,0.0,-1.0
SEMA4B,0.27847287,0.0,-1.0
SEMA4C,0.2545349,0.0,0.0
SEMA4D,0.45395252,0.0,-1.0
SEMA4F,0.36681813,0.0,0.0
SEMA4G,0.22818966,0.0,0.0
SEMA5A,0.33439568,0.0,-1.0
SEMA5B,0.23614126,0.0,-1.0
SEMA6A,0.42254335,0.0,-1.0
SEMA6C,0.28660598,0.0,0.0
SEMA6D,0.2925275,0.0,-1.0
SEMA7A,0.3784465,0.0,0.0
SEMG1,0.28837034,0.0,-1.0
SEMG2,0.18336047,0.0,-1.0
SENP1,0.4116242,0.0,0.0
SENP2,0.28358668,0.0,-1.0
SENP3,0.25904086,0.0,0.0
SENP5,0.28792298,0.0,0.0
SENP6,0.3984921,0.0,0.0
SENP7,0.3137074,0.0,0.0
SENP8,0.26247942,0.0,0.0
SEPHS1,0.25410792,0.0,0.0
SEPSECS,0.2340904,0.0,0.0
SEPTIN10,0.3168106,0.0,0.0
SEPTIN11,0.363872,0.0,-1.0
SEPTIN12,0.23193236,0.0,-1.0
SEPTIN14,0.31747058,0.0,0.0
SEPTIN2,0.4639931,0.0,-1.0
SEPTIN3,0.30325544,0.0,0.0
SEPTIN4,0.32462716,0.0,0.0
SEPTIN5,0.43359867,0.0,-1.0
SEPTIN6,0.4310838,0.0,-1.0
SEPTIN7,0.46235588,0.0,-1.0
SEPTIN8,0.34544608,0.0,0.0
SEPTIN9,0.39069405,0.0,-1.0
SERAC1,0.15191177,0.0,0.0
SERBP1,0.21821022,0.0,-1.0
SERF1A,0.29347095,0.0,0.0
SERF1B,0.29174584,0.0,0.0
SERF2,0.17983676,0.0,0.0
SERGEF,0.26521137,0.0,0.0
SERHL2,0.14323439,0.0,-1.0
SERINC1,0.21645966,0.0,0.0
SERINC2,0.10456567,0.0,0.0
SERINC3,0.38133883,0.0,-1.0
SERP1,0.14616103,0.0,0.0
SERP2,0.09996799,0.0,-1.0
SERPINA1,0.379111,0.0,-1.0
SERPINA10,0.115144126,0.0,0.0
SERPINA11,0.09760968,0.0,0.0
SERPINA12,0.26625896,0.0,-1.0
SERPINA3,0.32367125,0.0,0.0
SERPINA4,0.3225808,0.0,-1.0
SERPINA5,0.4522693,0.0,0.0
SERPINA6,0.25829417,0.0,0.0
SERPINA7,0.1527035,0.0,0.0
SERPINA9,0.24884443,0.0,0.0
SERPINB1,0.43242684,0.0,-1.0
SERPINB10,0.25594252,0.0,0.0
SERPINB12,0.23532775,0.0,0.0
SERPINB13,0.28146985,0.0,-1.0
SERPINB2,0.48015347,0.0,-1.0
SERPINB3,0.32665932,0.0,1.0
SERPINB4,0.31576023,0.0,-1.0
SERPINB5,0.5016773,1.0,-1.0
SERPINB6,0.4308903,0.0,0.0
SERPINB7,0.34521636,0.0,-1.0
SERPINB8,0.3261647,0.0,0.0
SERPINB9,0.35230124,0.0,0.0
SERPINC1,0.2524914,0.0,-1.0
SERPIND1,0.12289284,0.0,0.0
SERPINE1,0.5319502,1.0,-1.0
SERPINE2,0.4443761,0.0,0.0
SERPINE3,0.22663355,0.0,0.0
SERPINF1,0.3514997,0.0,-1.0
SERPINF2,0.271064,0.0,0.0
SERPING1,0.24945219,0.0,-1.0
SERPINH1,0.44939435,0.0,-1.0
SERPINI1,0.28277296,0.0,0.0
SERPINI2,0.21264605,0.0,0.0
SERTAD1,0.1843899,0.0,0.0
SERTAD2,0.19200747,0.0,0.0
SERTAD3,0.21254855,0.0,0.0
SERTAD4,0.09666388,0.0,0.0
SERTM1,0.18289134,0.0,0.0
SESN1,0.31969744,0.0,1.0
SESN2,0.34030572,0.0,1.0
SESN3,0.28606823,0.0,1.0
SESTD1,0.24097063,0.0,0.0
SET,0.47108388,0.0,1.0
SETBP1,0.5100027,1.0,1.0
SETD1A,0.5663981,1.0,1.0
SETD1B,0.48692596,0.0,1.0
SETD2,0.6959138,1.0,1.0
SETD3,0.124018654,0.0,-1.0
SETD4,0.15688567,0.0,-1.0
SETD5,0.17403348,0.0,-1.0
SETD6,0.1569621,0.0,-1.0
SETD7,0.4750038,0.0,-1.0
SETD9,0.16266151,0.0,0.0
SETDB1,0.51872706,1.0,1.0
SETDB2,0.36553636,0.0,1.0
SETMAR,0.45708713,0.0,0.0
SETX,0.47517323,0.0,-1.0
SEZ6,0.10466814,0.0,0.0
SEZ6L,0.10067873,0.0,0.0
SEZ6L2,0.2026143,0.0,0.0
SF1,0.40441054,0.0,-1.0
SF3A1,0.3053299,0.0,0.0
SF3A2,0.30506337,0.0,0.0
SF3A3,0.29837605,0.0,0.0
SF3B1,0.36135793,0.0,1.0
SF3B2,0.28882226,0.0,-1.0
SF3B3,0.29229185,0.0,-1.0
SF3B4,0.29391384,0.0,0.0
SF3B5,0.13645057,0.0,0.0
SF3B6,0.20630316,0.0,0.0
SFI1,0.3585287,0.0,0.0
SFMBT2,0.18227428,0.0,-1.0
SFN,0.43385193,0.0,0.0
SFPQ,0.4297916,0.0,1.0
SFR1,0.13979982,0.0,0.0
SFRP1,0.5799002,1.0,1.0
SFRP2,0.5654467,1.0,1.0
SFRP4,0.47587222,0.0,1.0
SFRP5,0.4529509,0.0,-1.0
SFSWAP,0.2612959,0.0,0.0
SFT2D1,0.1629466,0.0,0.0
SFT2D2,0.25707987,0.0,0.0
SFT2D3,0.16573338,0.0,0.0
SFTA2,0.11766081,0.0,0.0
SFTA3,0.29756597,0.0,0.0
SFTPA1,0.29258877,0.0,-1.0
SFTPA2,0.32082847,0.0,-1.0
SFTPB,0.4209718,0.0,-1.0
SFTPC,0.44938177,0.0,-1.0
SFTPD,0.2186571,0.0,0.0
SFXN1,0.27557313,0.0,0.0
SFXN2,0.11612169,0.0,0.0
SFXN3,0.14147486,0.0,0.0
SFXN4,0.1894998,0.0,-1.0
SFXN5,0.14285344,0.0,0.0
SGCA,0.36192486,0.0,-1.0
SGCB,0.39205077,0.0,-1.0
SGCD,0.34490788,0.0,-1.0
SGCE,0.29030356,0.0,-1.0
SGCG,0.4003322,0.0,-1.0
SGCZ,0.20306171,0.0,-1.0
SGF29,0.39630497,0.0,0.0
SGIP1,0.31400153,0.0,0.0
SGK1,0.5399766,1.0,1.0
SGK2,0.33942077,0.0,0.0
SGMS1,0.36712375,0.0,-1.0
SGMS2,0.111288555,0.0,0.0
SGO1,0.49918875,0.0,-1.0
SGO2,0.3974742,0.0,0.0
SGPL1,0.23586373,0.0,0.0
SGPP1,0.13850784,0.0,0.0
SGPP2,0.13447762,0.0,0.0
SGSH,0.14054434,0.0,-1.0
SGSM1,0.31480974,0.0,0.0
SGSM2,0.32764426,0.0,0.0
SGSM3,0.39274117,0.0,0.0
SGTA,0.3801267,0.0,0.0
SGTB,0.32466066,0.0,0.0
SH2B1,0.37274837,0.0,0.0
SH2B2,0.31677023,0.0,-1.0
SH2B3,0.3540438,0.0,1.0
SH2D1A,0.4537945,0.0,1.0
SH2D1B,0.373236,0.0,0.0
SH2D2A,0.35093194,0.0,0.0
SH2D3A,0.36796156,0.0,0.0
SH2D3C,0.3389856,0.0,0.0
SH2D4A,0.07807216,0.0,0.0
SH2D4B,0.1700422,0.0,0.0
SH2D5,0.097643405,0.0,0.0
SH3BGR,0.06585359,0.0,0.0
SH3BGRL,0.28054774,0.0,0.0
SH3BGRL2,0.12193323,0.0,-1.0
SH3BGRL3,0.23840684,0.0,0.0
SH3BP1,0.22045602,0.0,0.0
SH3BP2,0.34857363,0.0,-1.0
SH3BP4,0.19186829,0.0,0.0
SH3BP5,0.48410684,0.0,0.0
SH3BP5L,0.113487504,0.0,0.0
SH3D19,0.36727595,0.0,0.0
SH3D21,0.14030777,0.0,0.0
SH3GL1,0.5314082,1.0,1.0
SH3GL2,0.406437,0.0,-1.0
SH3GL3,0.33275497,0.0,0.0
SH3GLB1,0.2792833,0.0,-1.0
SH3GLB2,0.24590763,0.0,0.0
SH3KBP1,0.4617014,0.0,0.0
SH3PXD2A,0.38029855,0.0,-1.0
SH3PXD2B,0.35758588,0.0,0.0
SH3RF1,0.24199946,0.0,0.0
SH3RF2,0.22565013,0.0,0.0
SH3RF3,0.14822868,0.0,0.0
SH3TC1,0.12739618,0.0,0.0
SH3TC2,0.2657885,0.0,-1.0
SH3YL1,0.1636324,0.0,0.0
SHANK1,0.40300617,0.0,-1.0
SHANK2,0.416877,0.0,-1.0
SHARPIN,0.281457,0.0,0.0
SHB,0.3991627,0.0,0.0
SHBG,0.3996081,0.0,-1.0
SHC1,0.6291825,1.0,-1.0
SHC2,0.4532898,0.0,-1.0
SHC3,0.3982147,0.0,-1.0
SHC4,0.39354688,0.0,-1.0
SHCBP1,0.3724439,0.0,0.0
SHCBP1L,0.19910166,0.0,0.0
SHD,0.25835794,0.0,0.0
SHE,0.34865412,0.0,-1.0
SHF,0.2727783,0.0,-1.0
SHFL,0.122245446,0.0,0.0
SHH,0.60538435,1.0,-1.0
SHISA2,0.069475345,0.0,0.0
SHISA3,0.16326334,0.0,0.0
SHISA4,0.0963787,0.0,-1.0
SHISA5,0.17376117,0.0,-1.0
SHISA6,0.18135136,0.0,0.0
SHISA7,0.18655501,0.0,0.0
SHISA9,0.19746633,0.0,0.0
SHISAL1,0.13505282,0.0,0.0
SHISAL2A,0.27507827,0.0,0.0
SHKBP1,0.31102952,0.0,-1.0
SHLD1,0.06385398,0.0,0.0
SHLD2,0.13785191,0.0,0.0
SHLD3,0.0016629448,0.0,0.0
SHMT1,0.16363372,0.0,0.0
SHMT2,0.17913267,0.0,-1.0
SHOC1,0.06994702,0.0,0.0
SHOC2,0.44265217,0.0,1.0
SHOX,0.37013522,0.0,0.0
SHOX2,0.4166813,0.0,0.0
SHPK,0.18644555,0.0,0.0
SHPRH,0.45561373,0.0,-1.0
SHQ1,0.17857493,0.0,1.0
SHROOM1,0.19461216,0.0,0.0
SHROOM2,0.27863607,0.0,0.0
SHROOM3,0.20457047,0.0,-1.0
SHROOM4,0.30147836,0.0,-1.0
SHTN1,0.15227096,0.0,-1.0
SI,0.16875598,0.0,-1.0
SIAE,0.35877335,0.0,-1.0
SIAH1,0.4202772,0.0,-1.0
SIAH2,0.3649471,0.0,-1.0
SIAH3,0.2599204,0.0,0.0
SIDT1,0.22659585,0.0,0.0
SIDT2,0.11171817,0.0,0.0
SIGIRR,0.32968095,0.0,0.0
SIGLEC1,0.27313802,0.0,0.0
SIGLEC10,0.2021185,0.0,0.0
SIGLEC11,0.15769082,0.0,0.0
SIGLEC12,0.31154668,0.0,0.0
SIGLEC14,0.115806736,0.0,0.0
SIGLEC15,0.11540029,0.0,0.0
SIGLEC6,0.14379,0.0,0.0
SIGLEC7,0.16663131,0.0,0.0
SIGLEC8,0.16840439,0.0,-1.0
SIGLEC9,0.1647823,0.0,0.0
SIGLECL1,0.17467596,0.0,0.0
SIGMAR1,0.21735069,0.0,0.0
SIK1,0.34568334,0.0,-1.0
SIK2,0.2965938,0.0,0.0
SIKE1,0.23874876,0.0,0.0
SIL1,0.4201113,0.0,-1.0
SIM1,0.4231109,0.0,0.0
SIM2,0.37024605,0.0,0.0
SIMC1,0.18324773,0.0,0.0
SIN3A,0.47267827,0.0,-1.0
SIN3B,0.35507563,0.0,-1.0
SINHCAF,0.30845585,0.0,0.0
SIPA1,0.2961171,0.0,-1.0
SIPA1L1,0.3528468,0.0,0.0
SIPA1L2,0.2768705,0.0,0.0
SIPA1L3,0.29376093,0.0,0.0
SIRPA,0.47210225,0.0,1.0
SIRPB1,0.17023623,0.0,-1.0
SIRPB2,0.12970795,0.0,-1.0
SIRPD,0.114136174,0.0,-1.0
SIRPG,0.19220464,0.0,-1.0
SIRT1,0.68447584,1.0,-1.0
SIRT2,0.49628457,0.0,0.0
SIRT3,0.36113733,0.0,-1.0
SIRT4,0.34324083,0.0,-1.0
SIRT5,0.36584538,0.0,0.0
SIRT6,0.39539504,0.0,-1.0
SIRT7,0.43007687,0.0,0.0
SIT1,0.25715116,0.0,0.0
SIVA1,0.28034785,0.0,-1.0
SIX1,0.5597483,1.0,1.0
SIX2,0.5008727,1.0,1.0
SIX3,0.49534202,0.0,-1.0
SIX4,0.38957042,0.0,-1.0
SIX5,0.38985398,0.0,-1.0
SIX6,0.41877052,0.0,-1.0
SKA1,0.40954402,0.0,0.0
SKA2,0.29376477,0.0,0.0
SKA3,0.36226436,0.0,0.0
SKAP1,0.2941065,0.0,0.0
SKAP2,0.36413276,0.0,0.0
SKI,0.3512745,0.0,1.0
SKIDA1,0.14073546,0.0,0.0
SKIL,0.5089593,1.0,-1.0
SKIV2L,0.20646441,0.0,0.0
SKOR1,0.24648261,0.0,0.0
SKOR2,0.2810907,0.0,0.0
SKP1,0.5717863,1.0,-1.0
SKP2,0.56409043,1.0,-1.0
SLA,0.37930843,0.0,0.0
SLA2,0.2907644,0.0,0.0
SLAIN1,0.16042769,0.0,0.0
SLAIN2,0.2224287,0.0,0.0
SLAMF1,0.4920183,0.0,-1.0
SLAMF6,0.3663606,0.0,-1.0
SLAMF7,0.31659475,0.0,0.0
SLAMF8,0.17721164,0.0,0.0
SLAMF9,0.17943037,0.0,0.0
SLBP,0.45002094,0.0,0.0
SLC10A1,0.13018489,0.0,0.0
SLC10A2,0.13507895,0.0,0.0
SLC10A3,0.13993451,0.0,-1.0
SLC10A4,0.11957528,0.0,0.0
SLC10A5,0.035921384,0.0,0.0
SLC10A6,0.077067114,0.0,0.0
SLC10A7,0.09460947,0.0,0.0
SLC11A1,0.51908123,1.0,0.0
SLC11A2,0.295575,0.0,-1.0
SLC12A1,0.14496003,0.0,-1.0
SLC12A2,0.22396295,0.0,0.0
SLC12A3,0.11215757,0.0,-1.0
SLC12A4,0.13087638,0.0,0.0
SLC12A5,0.2020482,0.0,-1.0
SLC12A6,0.28108993,0.0,-1.0
SLC12A7,0.10673617,0.0,0.0
SLC12A8,0.13494112,0.0,0.0
SLC12A9,0.12700224,0.0,0.0
SLC13A1,0.07837648,0.0,-1.0
SLC13A2,0.1511476,0.0,0.0
SLC13A3,0.06722055,0.0,0.0
SLC13A4,0.1724638,0.0,0.0
SLC13A5,0.115137525,0.0,0.0
SLC14A1,0.3864054,0.0,0.0
SLC14A2,0.26809108,0.0,0.0
SLC15A1,0.073365964,0.0,-1.0
SLC15A2,0.10497609,0.0,-1.0
SLC15A3,0.19697458,0.0,0.0
SLC15A4,0.181329,0.0,0.0
SLC15A5,0.19952433,0.0,0.0
SLC16A1,0.17172608,0.0,-1.0
SLC16A10,0.15500328,0.0,0.0
SLC16A11,0.17555228,0.0,0.0
SLC16A12,0.11423573,0.0,0.0
SLC16A13,0.11935261,0.0,0.0
SLC16A14,0.12522836,0.0,0.0
SLC16A3,0.1460866,0.0,-1.0
SLC16A4,0.10348933,0.0,-1.0
SLC16A5,0.14047337,0.0,0.0
SLC16A6,0.15548086,0.0,0.0
SLC16A7,0.22730488,0.0,0.0
SLC16A8,0.17037483,0.0,0.0
SLC16A9,0.08159965,0.0,0.0
SLC17A1,0.088380374,0.0,0.0
SLC17A2,0.064952806,0.0,0.0
SLC17A3,0.09229498,0.0,0.0
SLC17A4,0.1120716,0.0,0.0
SLC17A5,0.4545154,0.0,-1.0
SLC17A6,0.35152772,0.0,0.0
SLC17A7,0.35730416,0.0,0.0
SLC17A8,0.21642001,0.0,0.0
SLC17A9,0.16371872,0.0,0.0
SLC18A1,0.2252825,0.0,0.0
SLC18A2,0.30857524,0.0,0.0
SLC18A3,0.32763258,0.0,0.0
SLC18B1,0.14969566,0.0,0.0
SLC19A1,0.15381868,0.0,-1.0
SLC19A2,0.14900436,0.0,-1.0
SLC19A3,0.09109898,0.0,-1.0
SLC1A1,0.19309138,0.0,0.0
SLC1A2,0.27395862,0.0,-1.0
SLC1A3,0.33437607,0.0,-1.0
SLC1A4,0.20455484,0.0,-1.0
SLC1A5,0.23589198,0.0,-1.0
SLC1A6,0.16067418,0.0,-1.0
SLC1A7,0.16998146,0.0,0.0
SLC20A1,0.25634527,0.0,0.0
SLC20A2,0.21036261,0.0,0.0
SLC22A1,0.08303796,0.0,-1.0
SLC22A10,0.08922457,0.0,0.0
SLC22A11,0.11175128,0.0,-1.0
SLC22A12,0.21096371,0.0,0.0
SLC22A13,0.027707824,0.0,0.0
SLC22A14,0.16943657,0.0,0.0
SLC22A15,0.191639,0.0,0.0
SLC22A16,0.10711126,0.0,0.0
SLC22A17,0.22528641,0.0,0.0
SLC22A18,0.41421434,0.0,-1.0
SLC22A2,0.07779928,0.0,-1.0
SLC22A23,0.118260734,0.0,-1.0
SLC22A24,0.09265098,0.0,0.0
SLC22A25,0.089112855,0.0,0.0
SLC22A3,0.15976128,0.0,-1.0
SLC22A4,0.39080858,0.0,-1.0
SLC22A5,0.11897033,0.0,-1.0
SLC22A6,0.08662324,0.0,0.0
SLC22A7,0.11765809,0.0,0.0
SLC22A8,0.06711403,0.0,-1.0
SLC22A9,0.06433437,0.0,0.0
SLC23A1,0.08614256,0.0,0.0
SLC23A2,0.11185511,0.0,0.0
SLC23A3,0.118088804,0.0,0.0
SLC24A1,0.21992159,0.0,0.0
SLC24A2,0.18986425,0.0,0.0
SLC24A3,0.181079,0.0,0.0
SLC24A4,0.23290525,0.0,0.0
SLC24A5,0.28224173,0.0,-1.0
SLC25A1,0.57704496,1.0,0.0
SLC25A10,0.36569327,0.0,0.0
SLC25A11,0.12412458,0.0,0.0
SLC25A12,0.20437714,0.0,0.0
SLC25A13,0.17166209,0.0,-1.0
SLC25A14,0.32213688,0.0,0.0
SLC25A15,0.22913155,0.0,0.0
SLC25A17,0.18069187,0.0,-1.0
SLC25A18,0.17848042,0.0,0.0
SLC25A19,0.29853868,0.0,0.0
SLC25A2,0.18313289,0.0,0.0
SLC25A20,0.18032554,0.0,0.0
SLC25A21,0.14701824,0.0,0.0
SLC25A22,0.14194816,0.0,0.0
SLC25A23,0.13446456,0.0,0.0
SLC25A24,0.16240211,0.0,0.0
SLC25A25,0.2075533,0.0,0.0
SLC25A26,0.23741205,0.0,0.0
SLC25A27,0.22932106,0.0,0.0
SLC25A28,0.16163814,0.0,0.0
SLC25A29,0.1533773,0.0,0.0
SLC25A3,0.17639543,0.0,0.0
SLC25A30,0.12094472,0.0,0.0
SLC25A31,0.20792678,0.0,0.0
SLC25A32,0.19216643,0.0,0.0
SLC25A33,0.07864269,0.0,0.0
SLC25A34,0.09637624,0.0,0.0
SLC25A35,0.027048437,0.0,0.0
SLC25A36,0.10505669,0.0,0.0
SLC25A37,0.21894857,0.0,0.0
SLC25A38,0.15590642,0.0,0.0
SLC25A39,0.15323788,0.0,0.0
SLC25A4,0.19707464,0.0,-1.0
SLC25A40,0.149338,0.0,0.0
SLC25A41,0.1465302,0.0,0.0
SLC25A42,0.11989694,0.0,0.0
SLC25A43,0.28637668,0.0,0.0
SLC25A44,0.12105651,0.0,0.0
SLC25A45,0.112831496,0.0,-1.0
SLC25A46,0.2541291,0.0,0.0
SLC25A47,0.063203216,0.0,0.0
SLC25A48,0.039189607,0.0,0.0
SLC25A5,0.182779,0.0,0.0
SLC25A51,0.12053767,0.0,0.0
SLC25A6,0.2319136,0.0,0.0
SLC26A1,0.11240608,0.0,0.0
SLC26A10,0.1825789,0.0,0.0
SLC26A11,0.1299672,0.0,-1.0
SLC26A2,0.10138469,0.0,-1.0
SLC26A3,0.30928087,0.0,-1.0
SLC26A4,0.15504892,0.0,-1.0
SLC26A5,0.37238497,0.0,0.0
SLC26A6,0.09859372,0.0,0.0
SLC26A7,0.12901449,0.0,0.0
SLC26A8,0.174773,0.0,0.0
SLC26A9,0.13017547,0.0,0.0
SLC27A1,0.17978142,0.0,-1.0
SLC27A2,0.13797615,0.0,0.0
SLC27A3,0.12489936,0.0,0.0
SLC27A4,0.1551741,0.0,0.0
SLC27A5,0.080623746,0.0,0.0
SLC27A6,0.17479306,0.0,0.0
SLC28A1,0.112034105,0.0,0.0
SLC28A2,0.09008163,0.0,0.0
SLC28A3,0.11852792,0.0,0.0
SLC29A1,0.23830593,0.0,-1.0
SLC29A2,0.22540455,0.0,-1.0
SLC29A3,0.22441337,0.0,-1.0
SLC29A4,0.13909926,0.0,0.0
SLC2A1,0.41703683,0.0,-1.0
SLC2A10,0.12302994,0.0,0.0
SLC2A11,0.13663107,0.0,0.0
SLC2A12,0.13830918,0.0,0.0
SLC2A13,0.1257082,0.0,-1.0
SLC2A14,0.19502181,0.0,0.0
SLC2A2,0.1616132,0.0,-1.0
SLC2A3,0.23649725,0.0,0.0
SLC2A4,0.38237646,0.0,-1.0
SLC2A4RG,0.33752596,0.0,0.0
SLC2A5,0.14818972,0.0,0.0
SLC2A6,0.11748986,0.0,0.0
SLC2A7,0.15280174,0.0,0.0
SLC2A8,0.17435469,0.0,0.0
SLC2A9,0.14687927,0.0,-1.0
SLC30A1,0.15789913,0.0,0.0
SLC30A10,0.18371373,0.0,0.0
SLC30A2,0.15520449,0.0,0.0
SLC30A3,0.22341028,0.0,0.0
SLC30A4,0.16974276,0.0,0.0
SLC30A5,0.16226831,0.0,-1.0
SLC30A6,0.17453045,0.0,-1.0
SLC30A7,0.28651103,0.0,0.0
SLC30A8,0.24015188,0.0,0.0
SLC30A9,0.26051942,0.0,0.0
SLC31A1,0.16749966,0.0,0.0
SLC31A2,0.24414471,0.0,0.0
SLC32A1,0.34010148,0.0,0.0
SLC33A1,0.18291941,0.0,-1.0
SLC34A1,0.057811614,0.0,-1.0
SLC34A2,0.16322179,0.0,1.0
SLC34A3,0.09533308,0.0,-1.0
SLC35A1,0.12695503,0.0,-1.0
SLC35A2,0.15038878,0.0,0.0
SLC35A3,0.15371896,0.0,0.0
SLC35A4,0.15750043,0.0,0.0
SLC35A5,0.13739431,0.0,-1.0
SLC35B1,0.113269284,0.0,0.0
SLC35B2,0.27775267,0.0,0.0
SLC35B3,0.12838174,0.0,0.0
SLC35B4,0.19222726,0.0,0.0
SLC35C1,0.09609996,0.0,-1.0
SLC35C2,0.16072975,0.0,0.0
SLC35D1,0.14424706,0.0,0.0
SLC35D2,0.14672744,0.0,0.0
SLC35D3,0.10621312,0.0,0.0
SLC35E1,0.075690426,0.0,0.0
SLC35E2A,0.10642915,0.0,0.0
SLC35E3,0.1710114,0.0,0.0
SLC35E4,0.17770785,0.0,0.0
SLC35F1,0.10216645,0.0,-1.0
SLC35F3,0.1010682,0.0,0.0
SLC35F4,0.11594699,0.0,0.0
SLC35F5,0.11644782,0.0,0.0
SLC35F6,0.1631115,0.0,0.0
SLC35G1,0.29287282,0.0,-1.0
SLC35G2,0.07272155,0.0,-1.0
SLC35G3,0.19659592,0.0,0.0
SLC35G5,0.38986453,0.0,0.0
SLC35G6,0.083967745,0.0,0.0
SLC36A1,0.18095529,0.0,0.0
SLC36A2,0.038005393,0.0,0.0
SLC36A3,0.16090143,0.0,0.0
SLC36A4,0.2356111,0.0,0.0
SLC37A1,0.1268135,0.0,0.0
SLC37A2,0.14004374,0.0,0.0
SLC37A3,0.17461339,0.0,0.0
SLC38A1,0.20211908,0.0,-1.0
SLC38A10,0.16843314,0.0,0.0
SLC38A11,0.1832984,0.0,0.0
SLC38A2,0.22999142,0.0,-1.0
SLC38A4,0.09796046,0.0,0.0
SLC38A6,0.17548437,0.0,0.0
SLC38A7,0.17653824,0.0,0.0
SLC38A8,0.06263188,0.0,-1.0
SLC38A9,0.16587195,0.0,0.0
SLC39A1,0.29134816,0.0,-1.0
SLC39A10,0.1707219,0.0,0.0
SLC39A11,0.11982531,0.0,0.0
SLC39A12,0.12396826,0.0,-1.0
SLC39A13,0.1476204,0.0,0.0
SLC39A14,0.25335017,0.0,0.0
SLC39A2,0.27705768,0.0,-1.0
SLC39A3,0.21760358,0.0,-1.0
SLC39A4,0.1824116,0.0,-1.0
SLC39A5,0.1186884,0.0,0.0
SLC39A6,0.27053547,0.0,-1.0
SLC39A7,0.26260516,0.0,0.0
SLC39A8,0.13433498,0.0,0.0
SLC39A9,0.09642352,0.0,0.0
SLC3A1,0.091973804,0.0,-1.0
SLC3A2,0.3735115,0.0,0.0
SLC40A1,0.30304667,0.0,-1.0
SLC41A1,0.074292436,0.0,0.0
SLC41A2,0.066718556,0.0,0.0
SLC41A3,0.06962368,0.0,0.0
SLC43A1,0.16158617,0.0,-1.0
SLC43A2,0.16439568,0.0,0.0
SLC43A3,0.13346559,0.0,0.0
SLC44A1,0.19752882,0.0,-1.0
SLC44A2,0.17322035,0.0,-1.0
SLC44A3,0.12941134,0.0,-1.0
SLC44A4,0.19036782,0.0,-1.0
SLC44A5,0.089582294,0.0,-1.0
SLC45A1,0.06462877,0.0,0.0
SLC45A2,0.34609973,0.0,-1.0
SLC45A3,0.25012124,0.0,1.0
SLC45A4,0.13897163,0.0,0.0
SLC46A2,0.1154305,0.0,0.0
SLC46A3,0.1517546,0.0,0.0
SLC47A1,0.15228635,0.0,0.0
SLC47A2,0.1222126,0.0,0.0
SLC48A1,0.14061521,0.0,0.0
SLC49A3,0.20446593,0.0,0.0
SLC49A4,0.3310509,0.0,-1.0
SLC4A1,0.29310486,0.0,-1.0
SLC4A10,0.19737324,0.0,-1.0
SLC4A11,0.16630396,0.0,-1.0
SLC4A1AP,0.24776793,0.0,0.0
SLC4A2,0.1561512,0.0,-1.0
SLC4A3,0.39670476,0.0,0.0
SLC4A4,0.22407624,0.0,-1.0
SLC4A7,0.3962727,0.0,0.0
SLC4A8,0.22105715,0.0,0.0
SLC4A9,0.104422234,0.0,0.0
SLC50A1,0.2744349,0.0,0.0
SLC51A,0.22002004,0.0,0.0
SLC51B,0.04965193,0.0,0.0
SLC52A1,0.086870745,0.0,-1.0
SLC52A2,0.10228719,0.0,0.0
SLC52A3,0.18274502,0.0,-1.0
SLC5A1,0.1570753,0.0,0.0
SLC5A10,0.051849313,0.0,0.0
SLC5A11,0.085112706,0.0,0.0
SLC5A12,0.0612137,0.0,0.0
SLC5A2,0.102028966,0.0,-1.0
SLC5A3,0.27486846,0.0,-1.0
SLC5A4,0.20073941,0.0,0.0
SLC5A5,0.3648025,0.0,-1.0
SLC5A6,0.090802684,0.0,0.0
SLC5A7,0.2475629,0.0,-1.0
SLC5A8,0.18490434,0.0,-1.0
SLC5A9,0.071183994,0.0,0.0
SLC66A1,0.20506443,0.0,0.0
SLC66A1L,0.17538917,0.0,-1.0
SLC66A2,0.23319742,0.0,0.0
SLC66A3,0.12139667,0.0,0.0
SLC6A1,0.34128544,0.0,0.0
SLC6A11,0.32218543,0.0,-1.0
SLC6A12,0.1999472,0.0,0.0
SLC6A13,0.1519106,0.0,0.0
SLC6A15,0.17008452,0.0,-1.0
SLC6A16,0.15044756,0.0,0.0
SLC6A17,0.14956173,0.0,0.0
SLC6A18,0.037771057,0.0,0.0
SLC6A19,0.20139912,0.0,-1.0
SLC6A2,0.25340164,0.0,-1.0
SLC6A20,0.18112633,0.0,0.0
SLC6A3,0.47907552,0.0,-1.0
SLC6A4,0.405271,0.0,0.0
SLC6A5,0.23403852,0.0,0.0
SLC6A7,0.4002836,0.0,0.0
SLC6A8,0.24952702,0.0,-1.0
SLC6A9,0.20363231,0.0,-1.0
SLC7A1,0.3143354,0.0,-1.0
SLC7A10,0.11750047,0.0,0.0
SLC7A11,0.23159789,0.0,0.0
SLC7A13,0.05930508,0.0,-1.0
SLC7A14,0.11613064,0.0,0.0
SLC7A2,0.13996395,0.0,0.0
SLC7A3,0.21953988,0.0,0.0
SLC7A4,0.15881713,0.0,0.0
SLC7A5,0.24787363,0.0,-1.0
SLC7A6,0.14340298,0.0,-1.0
SLC7A6OS,0.2204755,0.0,-1.0
SLC7A7,0.20779058,0.0,-1.0
SLC7A8,0.099315636,0.0,0.0
SLC7A9,0.10304168,0.0,-1.0
SLC8A1,0.38795412,0.0,0.0
SLC8A2,0.328688,0.0,0.0
SLC8A3,0.31370947,0.0,0.0
SLC8B1,0.27495167,0.0,0.0
SLC9A1,0.34523198,0.0,-1.0
SLC9A2,0.2776048,0.0,-1.0
SLC9A3,0.2809278,0.0,-1.0
SLC9A3R1,0.31501326,0.0,-1.0
SLC9A3R2,0.29629967,0.0,0.0
SLC9A4,0.30122668,0.0,0.0
SLC9A5,0.30384585,0.0,0.0
SLC9A6,0.35347342,0.0,-1.0
SLC9A7,0.3651765,0.0,0.0
SLC9A8,0.31679228,0.0,0.0
SLC9A9,0.42843395,0.0,-1.0
SLC9B1,0.2327978,0.0,0.0
SLC9B2,0.31045982,0.0,0.0
SLC9C1,0.350277,0.0,-1.0
SLC9C2,0.22143164,0.0,-1.0
SLCO1A2,0.15148728,0.0,0.0
SLCO1B1,0.07120908,0.0,-1.0
SLCO1B3,0.11661813,0.0,0.0
SLCO1B7,0.11202179,0.0,0.0
SLCO2A1,0.20230836,0.0,0.0
SLCO2B1,0.12052141,0.0,0.0
SLCO3A1,0.12836774,0.0,0.0
SLCO4A1,0.11529905,0.0,0.0
SLCO4C1,0.06285505,0.0,0.0
SLCO5A1,0.14388286,0.0,0.0
SLCO6A1,0.15385252,0.0,0.0
SLF1,0.5354445,1.0,0.0
SLF2,0.26983464,0.0,0.0
SLFN11,0.21611114,0.0,1.0
SLFN12,0.203607,0.0,0.0
SLFN12L,0.2935349,0.0,0.0
SLFN13,0.06699379,0.0,-1.0
SLFN14,0.26760435,0.0,0.0
SLFN5,0.20785752,0.0,0.0
SLFNL1,0.17183238,0.0,0.0
SLIRP,0.20529899,0.0,-1.0
SLIT1,0.4504652,0.0,0.0
SLIT2,0.44001386,0.0,-1.0
SLIT3,0.5314771,1.0,-1.0
SLITRK1,0.3995854,0.0,-1.0
SLITRK2,0.1813953,0.0,-1.0
SLITRK3,0.20079231,0.0,-1.0
SLITRK4,0.18401952,0.0,0.0
SLITRK5,0.27503908,0.0,-1.0
SLITRK6,0.20772538,0.0,-1.0
SLK,0.46799818,0.0,0.0
SLMAP,0.3320929,0.0,0.0
SLN,0.3057632,0.0,0.0
SLPI,0.35383946,0.0,-1.0
SLTM,0.31561956,0.0,0.0
SLU7,0.27555883,0.0,0.0
SLURP1,0.24746001,0.0,-1.0
SLX1A,0.35872295,0.0,0.0
SLX1B,0.35431415,0.0,0.0
SLX4,0.36169434,0.0,1.0
SLX4IP,0.20340332,0.0,0.0
SLX9,0.11895766,0.0,0.0
SMAD1,0.48940176,0.0,-1.0
SMAD2,0.71893144,1.0,1.0
SMAD3,0.672805,1.0,1.0
SMAD4,0.7698718,1.0,1.0
SMAD5,0.61566997,1.0,0.0
SMAD6,0.5734695,1.0,-1.0
SMAD7,0.6265988,1.0,-1.0
SMAD9,0.56719625,1.0,-1.0
SMAGP,0.14464568,0.0,0.0
SMAP1,0.3166891,0.0,-1.0
SMAP2,0.2756234,0.0,0.0
SMARCA1,0.6157322,1.0,-1.0
SMARCA2,0.6406992,1.0,1.0
SMARCA5,0.58689225,1.0,0.0
SMARCAD1,0.4230743,0.0,0.0
SMARCAL1,0.38690034,0.0,0.0
SMARCB1,0.6032154,1.0,1.0
SMARCC1,0.46649942,0.0,0.0
SMARCC2,0.46171564,0.0,0.0
SMARCD1,0.44306755,0.0,1.0
SMARCD2,0.40799502,0.0,0.0
SMARCD3,0.47991356,0.0,0.0
SMARCE1,0.44351542,0.0,1.0
SMC1A,0.5308561,1.0,1.0
SMC1B,0.3799518,0.0,-1.0
SMC2,0.5027236,1.0,-1.0
SMC3,0.54762536,1.0,1.0
SMC4,0.5191694,1.0,-1.0
SMC5,0.47479808,0.0,0.0
SMC6,0.4732293,0.0,0.0
SMCHD1,0.39953882,0.0,0.0
SMCO1,0.19347697,0.0,0.0
SMCO2,0.16160525,0.0,0.0
SMCO3,0.10322143,0.0,0.0
SMCO4,0.14271444,0.0,0.0
SMCP,0.16282672,0.0,0.0
SMCR8,0.19585045,0.0,0.0
SMDT1,0.26453334,0.0,0.0
SMG1,0.58501005,1.0,1.0
SMG5,0.20052649,0.0,-1.0
SMG6,0.19649966,0.0,-1.0
SMG7,0.20109905,0.0,-1.0
SMG8,0.17627583,0.0,-1.0
SMG9,0.15071608,0.0,0.0
SMIM1,0.3678834,0.0,0.0
SMIM11,0.15442675,0.0,0.0
SMIM12,0.15325688,0.0,0.0
SMIM14,0.11375192,0.0,0.0
SMIM15,0.15445083,0.0,0.0
SMIM19,0.22844687,0.0,0.0
SMIM2,0.1792675,0.0,0.0
SMIM20,0.106108285,0.0,0.0
SMIM21,0.18431473,0.0,0.0
SMIM23,0.18936896,0.0,0.0
SMIM24,0.19494943,0.0,0.0
SMIM29,0.08508039,0.0,0.0
SMIM3,0.1813692,0.0,0.0
SMIM4,0.17080167,0.0,0.0
SMIM5,0.018141575,0.0,0.0
SMIM7,0.12261281,0.0,0.0
SMIM8,0.19687888,0.0,0.0
SMKR1,0.17941314,0.0,0.0
SMLR1,0.06818482,0.0,0.0
SMN1,0.610354,1.0,-1.0
SMN2,0.40914062,0.0,-1.0
SMNDC1,0.25416958,0.0,0.0
SMO,0.48458466,0.0,1.0
SMOC1,0.3917612,0.0,-1.0
SMOC2,0.21716893,0.0,-1.0
SMOX,0.30742773,0.0,0.0
SMPD1,0.39254865,0.0,-1.0
SMPD2,0.34498098,0.0,0.0
SMPD3,0.20722346,0.0,0.0
SMPD4,0.14174245,0.0,0.0
SMPDL3A,0.17046173,0.0,0.0
SMPDL3B,0.16735023,0.0,0.0
SMPX,0.19753511,0.0,0.0
SMR3A,0.033158377,0.0,0.0
SMR3B,0.019980082,0.0,0.0
SMS,0.3294422,0.0,-1.0
SMTN,0.38245,0.0,-1.0
SMTNL2,0.32415333,0.0,0.0
SMU1,0.22729711,0.0,-1.0
SMUG1,0.5387782,1.0,-1.0
SMURF1,0.55053747,1.0,-1.0
SMURF2,0.50083673,1.0,-1.0
SMYD1,0.37993017,0.0,0.0
SMYD2,0.42001963,0.0,-1.0
SMYD4,0.32807449,0.0,0.0
SMYD5,0.3412812,0.0,0.0
SNAI1,0.61766684,1.0,-1.0
SNAI2,0.6005632,1.0,-1.0
SNAI3,0.19309255,0.0,0.0
SNAP23,0.41616014,0.0,0.0
SNAP25,0.36671293,0.0,0.0
SNAP29,0.23966448,0.0,0.0
SNAP47,0.18882053,0.0,0.0
SNAP91,0.36664626,0.0,0.0
SNAPC1,0.23669235,0.0,0.0
SNAPC2,0.24162516,0.0,0.0
SNAPC3,0.25917095,0.0,-1.0
SNAPC4,0.2993375,0.0,0.0
SNAPC5,0.19611059,0.0,0.0
SNAPIN,0.3041517,0.0,0.0
SNCA,0.54380846,1.0,-1.0
SNCAIP,0.35585958,0.0,-1.0
SNCB,0.25981328,0.0,0.0
SNCG,0.26712427,0.0,-1.0
SND1,0.25306067,0.0,1.0
SNED1,0.17002332,0.0,-1.0
SNF8,0.16661403,0.0,0.0
SNHG32,0.15004443,0.0,0.0
SNIP1,0.2965314,0.0,0.0
SNN,0.31693622,0.0,0.0
SNORC,0.20606877,0.0,0.0
SNPH,0.2491423,0.0,0.0
SNRK,0.39082184,0.0,-1.0
SNRNP200,0.3487574,0.0,-1.0
SNRNP25,0.14220558,0.0,0.0
SNRNP27,0.2120136,0.0,0.0
SNRNP35,0.2620855,0.0,-1.0
SNRNP40,0.2717073,0.0,0.0
SNRNP48,0.18828978,0.0,-1.0
SNRNP70,0.45738402,0.0,0.0
SNRPA,0.67400336,1.0,-1.0
SNRPA1,0.4050159,0.0,0.0
SNRPB,0.45042473,0.0,0.0
SNRPB2,0.22330987,0.0,0.0
SNRPC,0.28544915,0.0,0.0
SNRPD1,0.27066693,0.0,0.0
SNRPD2,0.21603431,0.0,-1.0
SNRPD3,0.27126497,0.0,-1.0
SNRPE,0.42776793,0.0,0.0
SNRPF,0.19872195,0.0,0.0
SNRPG,0.16300823,0.0,0.0
SNRPN,0.282015,0.0,-1.0
SNTA1,0.36107105,0.0,-1.0
SNTB1,0.23959123,0.0,-1.0
SNTB2,0.24462637,0.0,-1.0
SNTG1,0.29175577,0.0,0.0
SNTG2,0.25063345,0.0,0.0
SNTN,0.24716063,0.0,0.0
SNU13,0.1385856,0.0,0.0
SNUPN,0.2976108,0.0,0.0
SNW1,0.42412823,0.0,-1.0
SNX1,0.32630917,0.0,0.0
SNX10,0.21777801,0.0,0.0
SNX11,0.22109823,0.0,0.0
SNX12,0.30695942,0.0,0.0
SNX13,0.33960372,0.0,0.0
SNX14,0.18748318,0.0,0.0
SNX15,0.33409435,0.0,0.0
SNX16,0.2018048,0.0,-1.0
SNX17,0.309083,0.0,0.0
SNX18,0.35469833,0.0,0.0
SNX19,0.19497845,0.0,-1.0
SNX2,0.3207928,0.0,0.0
SNX20,0.2543787,0.0,-1.0
SNX21,0.1078418,0.0,0.0
SNX22,0.17915148,0.0,0.0
SNX24,0.11485705,0.0,0.0
SNX25,0.24136825,0.0,-1.0
SNX27,0.34565967,0.0,0.0
SNX3,0.2728705,0.0,0.0
SNX30,0.25195348,0.0,0.0
SNX31,0.21019098,0.0,-1.0
SNX32,0.19067179,0.0,0.0
SNX33,0.27144232,0.0,0.0
SNX4,0.2794538,0.0,0.0
SNX5,0.3137947,0.0,-1.0
SNX6,0.3364513,0.0,0.0
SNX7,0.22751991,0.0,-1.0
SNX8,0.23797177,0.0,-1.0
SNX9,0.40858987,0.0,0.0
SOAT1,0.23368716,0.0,-1.0
SOAT2,0.17090245,0.0,0.0
SOBP,0.16972652,0.0,0.0
SOCS1,0.56115574,1.0,1.0
SOCS2,0.51123226,1.0,-1.0
SOCS3,0.5519991,1.0,1.0
SOCS4,0.39638305,0.0,0.0
SOCS5,0.36606306,0.0,0.0
SOCS6,0.3113509,0.0,-1.0
SOD1,0.51433927,1.0,-1.0
SOD2,0.34825048,0.0,-1.0
SOD3,0.40847677,0.0,0.0
SOGA1,0.25421375,0.0,0.0
SOGA3,0.20018426,0.0,0.0
SOHLH1,0.21296747,0.0,0.0
SON,0.5296794,1.0,-1.0
SORBS1,0.4139717,0.0,0.0
SORBS2,0.32339016,0.0,-1.0
SORBS3,0.39078566,0.0,0.0
SORCS1,0.2063141,0.0,-1.0
SORCS2,0.21011645,0.0,-1.0
SORCS3,0.22237828,0.0,0.0
SORD,0.15485096,0.0,0.0
SORL1,0.43048903,0.0,-1.0
SORT1,0.331565,0.0,-1.0
SOS1,0.581687,1.0,1.0
SOS2,0.43620887,0.0,-1.0
SOST,0.32380012,0.0,-1.0
SOSTDC1,0.3509616,0.0,0.0
SOWAHA,0.067737274,0.0,0.0
SOWAHC,0.3090827,0.0,0.0
SOWAHD,0.12162877,0.0,0.0
SOX1,0.49835247,0.0,0.0
SOX10,0.560335,1.0,-1.0
SOX11,0.32481366,0.0,-1.0
SOX12,0.23509423,0.0,0.0
SOX13,0.36497,0.0,0.0
SOX14,0.27319714,0.0,0.0
SOX15,0.29787242,0.0,0.0
SOX17,0.5200303,1.0,1.0
SOX18,0.3413708,0.0,0.0
SOX2,0.6309989,1.0,1.0
SOX21,0.21590365,0.0,1.0
SOX3,0.51014596,1.0,-1.0
SOX30,0.14871228,0.0,0.0
SOX4,0.5046457,1.0,-1.0
SOX5,0.4448353,0.0,-1.0
SOX6,0.5116846,1.0,0.0
SOX7,0.40690175,0.0,0.0
SOX8,0.3000279,0.0,-1.0
SOX9,0.59755373,1.0,1.0
SP1,0.6426494,1.0,-1.0
SP100,0.46532837,0.0,0.0
SP110,0.39793244,0.0,-1.0
SP140,0.23716982,0.0,1.0
SP140L,0.27350423,0.0,0.0
SP2,0.31837714,0.0,0.0
SP3,0.49907407,0.0,0.0
SP4,0.339528,0.0,0.0
SP5,0.2422967,0.0,0.0
SP6,0.30103716,0.0,0.0
SP7,0.49654847,0.0,-1.0
SP8,0.32683417,0.0,-1.0
SP9,0.25231937,0.0,0.0
SPA17,0.20169385,0.0,-1.0
SPACA1,0.16141036,0.0,0.0
SPACA3,0.13825387,0.0,0.0
SPACA4,0.15048626,0.0,0.0
SPACA5,0.20934427,0.0,0.0
SPACA5B,0.19343653,0.0,0.0
SPACA7,0.17040779,0.0,0.0
SPACA9,0.1832473,0.0,0.0
SPAG1,0.273504,0.0,0.0
SPAG11A,1.7314826e-05,0.0,0.0
SPAG11B,1.9810495e-06,0.0,0.0
SPAG16,0.24446821,0.0,0.0
SPAG17,0.26497775,0.0,-1.0
SPAG4,0.20064117,0.0,0.0
SPAG5,0.38896465,0.0,0.0
SPAG6,0.2992198,0.0,0.0
SPAG7,0.1368444,0.0,0.0
SPAG8,0.25735414,0.0,0.0
SPAG9,0.4161696,0.0,0.0
SPAM1,0.195202,0.0,-1.0
SPANXA1,0.1947353,0.0,0.0
SPANXA2,0.20493644,0.0,0.0
SPANXB1,0.1203348,0.0,0.0
SPANXC,0.22945859,0.0,0.0
SPANXD,0.21664122,0.0,0.0
SPANXN3,0.20691086,0.0,0.0
SPANXN4,0.15480326,0.0,-1.0
SPARC,0.5222282,1.0,-1.0
SPARCL1,0.26528645,0.0,0.0
SPART,0.29015762,0.0,-1.0
SPAST,0.5457659,1.0,-1.0
SPATA12,0.17472495,0.0,0.0
SPATA13,0.35910496,0.0,0.0
SPATA16,0.16866194,0.0,0.0
SPATA17,0.16937196,0.0,0.0
SPATA18,0.17533976,0.0,-1.0
SPATA19,0.16440687,0.0,-1.0
SPATA2,0.225964,0.0,0.0
SPATA20,0.23357183,0.0,0.0
SPATA21,0.32823804,0.0,0.0
SPATA22,0.17995648,0.0,0.0
SPATA24,0.18557009,0.0,0.0
SPATA25,0.16375813,0.0,0.0
SPATA2L,0.11383348,0.0,0.0
SPATA3,0.12613481,0.0,0.0
SPATA31D1,0.1515349,0.0,0.0
SPATA31E1,0.18660322,0.0,0.0
SPATA32,0.18529563,0.0,0.0
SPATA33,0.1797392,0.0,0.0
SPATA4,0.16183962,0.0,0.0
SPATA46,0.17609057,0.0,0.0
SPATA5,0.40200067,0.0,0.0
SPATA5L1,0.32640383,0.0,-1.0
SPATA6,0.1961944,0.0,-1.0
SPATA6L,0.14928225,0.0,0.0
SPATA7,0.17224273,0.0,-1.0
SPATA8,0.16885962,0.0,0.0
SPATA9,0.14290915,0.0,0.0
SPATC1,0.1493125,0.0,0.0
SPATC1L,0.09984655,0.0,-1.0
SPATS1,0.177904,0.0,0.0
SPATS2,0.12121881,0.0,0.0
SPATS2L,0.13173303,0.0,0.0
SPC24,0.39480808,0.0,0.0
SPC25,0.3776474,0.0,0.0
SPCS1,0.086206324,0.0,0.0
SPCS2,0.14131328,0.0,0.0
SPCS3,0.16144264,0.0,0.0
SPDEF,0.3766673,0.0,0.0
SPDL1,0.37020695,0.0,0.0
SPDYA,0.15168384,0.0,0.0
SPDYC,0.12347831,0.0,0.0
SPDYE1,0.11519161,0.0,0.0
SPDYE2,0.18460876,0.0,0.0
SPDYE2B,4.056277e-05,0.0,0.0
SPDYE3,0.21139896,0.0,0.0
SPDYE4,0.19634973,0.0,0.0
SPECC1,0.37990347,0.0,-1.0
SPECC1L,0.3741239,0.0,0.0
SPEF1,0.041655283,0.0,0.0
SPEF2,0.18719225,0.0,0.0
SPEG,0.3236894,0.0,-1.0
SPEM1,0.18314572,0.0,0.0
SPEM2,0.1764264,0.0,0.0
SPEN,0.48875567,0.0,1.0
SPESP1,0.28819042,0.0,0.0
SPG11,0.41990557,0.0,-1.0
SPG21,0.1824477,0.0,-1.0
SPG7,0.3310767,0.0,-1.0
SPHAR,0.121369235,0.0,0.0
SPHK1,0.34829488,0.0,-1.0
SPHK2,0.303789,0.0,0.0
SPHKAP,0.1814582,0.0,-1.0
SPI1,0.5708929,1.0,-1.0
SPIB,0.5032303,1.0,-1.0
SPICE1,0.4620786,0.0,0.0
SPIDR,0.14531064,0.0,0.0
SPIN1,0.37487724,0.0,0.0
SPIN2A,0.1155915,0.0,0.0
SPIN2B,0.08874835,0.0,0.0
SPIN3,0.33746412,0.0,0.0
SPINDOC,0.07753789,0.0,0.0
SPINK1,0.4170947,0.0,-1.0
SPINK13,0.102849685,0.0,0.0
SPINK14,0.00108947,0.0,0.0
SPINK2,0.0064514084,0.0,0.0
SPINK4,0.07345994,0.0,0.0
SPINK5,0.3065789,0.0,-1.0
SPINK6,0.090957254,0.0,0.0
SPINK7,0.1985631,0.0,-1.0
SPINK8,0.023424197,0.0,0.0
SPINK9,0.35797608,0.0,0.0
SPINT1,0.21939379,0.0,-1.0
SPINT2,0.25008816,0.0,-1.0
SPINT3,0.012867538,0.0,0.0
SPINT4,0.012422639,0.0,0.0
SPIRE1,0.22637862,0.0,0.0
SPIRE2,0.17265508,0.0,0.0
SPN,0.47990596,0.0,-1.0
SPNS1,0.3282902,0.0,0.0
SPNS2,0.1908482,0.0,0.0
SPNS3,0.19948275,0.0,0.0
SPO11,0.36066926,0.0,0.0
SPOCD1,0.21645243,0.0,0.0
SPOCK1,0.26405528,0.0,0.0
SPOCK2,0.19911332,0.0,0.0
SPOCK3,0.110011265,0.0,0.0
SPON2,0.24112265,0.0,0.0
SPOP,0.34099525,0.0,1.0
SPOPL,0.3519455,0.0,0.0
SPOUT1,0.0934938,0.0,0.0
SPP1,0.5760887,1.0,-1.0
SPP2,0.15711364,0.0,0.0
SPPL2A,0.20423564,0.0,0.0
SPPL2C,0.13565134,0.0,0.0
SPPL3,0.1783262,0.0,-1.0
SPR,0.20296012,0.0,0.0
SPRED1,0.39981076,0.0,1.0
SPRED2,0.33221176,0.0,0.0
SPRED3,0.32439646,0.0,0.0
SPRING1,0.11227893,0.0,0.0
SPRN,0.33959278,0.0,0.0
SPRR1B,0.14535543,0.0,0.0
SPRR2A,0.18884346,0.0,0.0
SPRR2D,0.06910483,0.0,0.0
SPRR2E,0.08271941,0.0,0.0
SPRR2F,0.052618146,0.0,0.0
SPRR2G,0.06912052,0.0,0.0
SPRR3,0.11282344,0.0,0.0
SPRR4,0.06582188,0.0,0.0
SPRTN,0.34159598,0.0,1.0
SPRY1,0.4969594,0.0,-1.0
SPRY2,0.5339894,1.0,-1.0
SPRY3,0.4143511,0.0,-1.0
SPRY4,0.38287523,0.0,0.0
SPRYD3,0.26711857,0.0,0.0
SPRYD4,0.17127362,0.0,0.0
SPRYD7,0.225937,0.0,0.0
SPSB1,0.2401961,0.0,0.0
SPSB2,0.21847565,0.0,0.0
SPSB3,0.1710261,0.0,0.0
SPSB4,0.23195922,0.0,0.0
SPTAN1,0.633127,1.0,-1.0
SPTB,0.5148057,1.0,-1.0
SPTBN1,0.5723136,1.0,0.0
SPTBN2,0.4624168,0.0,-1.0
SPTBN4,0.41623425,0.0,-1.0
SPTBN5,0.42817506,0.0,-1.0
SPTLC1,0.1760344,0.0,-1.0
SPTLC2,0.18790558,0.0,-1.0
SPTLC3,0.15794621,0.0,0.0
SPTSSA,0.15979709,0.0,0.0
SPTSSB,0.20726371,0.0,0.0
SPTY2D1,0.17901091,0.0,0.0
SPX,0.21851707,0.0,0.0
SPZ1,0.18756427,0.0,0.0
SQLE,0.1333783,0.0,0.0
SQOR,0.14208546,0.0,-1.0
SQSTM1,0.52099085,1.0,-1.0
SRA1,0.3420479,0.0,0.0
SRARP,0.059222918,0.0,-1.0
SRBD1,0.3869994,0.0,0.0
SRC,0.7474882,1.0,1.0
SRCAP,0.43689752,0.0,-1.0
SRD5A1,0.17946796,0.0,0.0
SRD5A3,0.138874,0.0,0.0
SREBF1,0.36884436,0.0,0.0
SREBF2,0.3291084,0.0,0.0
SREK1,0.26327395,0.0,0.0
SREK1IP1,0.21022366,0.0,0.0
SRF,0.5995136,1.0,0.0
SRFBP1,0.25165728,0.0,0.0
SRGAP1,0.2813662,0.0,0.0
SRGAP3,0.3277988,0.0,-1.0
SRGN,0.30205113,0.0,0.0
SRI,0.41143385,0.0,-1.0
SRL,0.30653113,0.0,0.0
SRM,0.14677754,0.0,0.0
SRMS,0.33298087,0.0,0.0
SRP14,0.1421568,0.0,0.0
SRP19,0.11943128,0.0,0.0
SRP54,0.20269723,0.0,0.0
SRP68,0.16959813,0.0,0.0
SRP72,0.18746002,0.0,0.0
SRP9,0.1695364,0.0,0.0
SRPK1,0.37040353,0.0,0.0
SRPK2,0.37573525,0.0,-1.0
SRPK3,0.3006903,0.0,0.0
SRPRA,0.24524574,0.0,0.0
SRPRB,0.11312448,0.0,0.0
SRPX,0.21715237,0.0,-1.0
SRPX2,0.36608747,0.0,-1.0
SRR,0.22636761,0.0,0.0
SRRD,0.11230732,0.0,0.0
SRRM1,0.5738065,1.0,0.0
SRRM2,0.44056305,0.0,0.0
SRRM4,0.2141302,0.0,0.0
SRRM5,0.17630835,0.0,0.0
SRSF1,0.5297532,1.0,-1.0
SRSF10,0.30765095,0.0,0.0
SRSF11,0.2698326,0.0,0.0
SRSF12,0.21828987,0.0,0.0
SRSF2,0.51046705,1.0,1.0
SRSF3,0.3400603,0.0,1.0
SRSF4,0.31513023,0.0,0.0
SRSF5,0.34191722,0.0,-1.0
SRSF6,0.3649559,0.0,-1.0
SRSF7,0.3954727,0.0,0.0
SRSF9,0.3285496,0.0,-1.0
SRXN1,0.19861619,0.0,-1.0
SRY,0.61847216,1.0,-1.0
SS18,0.382388,0.0,1.0
SS18L1,0.31082413,0.0,1.0
SS18L2,0.15417495,0.0,0.0
SSB,0.3936607,0.0,-1.0
SSBP1,0.17331165,0.0,-1.0
SSBP2,0.30498406,0.0,-1.0
SSBP3,0.26219058,0.0,-1.0
SSBP4,0.2082781,0.0,-1.0
SSC4D,0.20268638,0.0,0.0
SSC5D,0.196825,0.0,0.0
SSH1,0.36127117,0.0,-1.0
SSH2,0.44412684,0.0,0.0
SSH3,0.36322296,0.0,-1.0
SSMEM1,0.1753457,0.0,0.0
SSNA1,0.2813867,0.0,0.0
SSPN,0.29241243,0.0,-1.0
SSR1,0.15649705,0.0,0.0
SSR2,0.14748737,0.0,0.0
SSR3,0.11273129,0.0,0.0
SSR4,0.17955415,0.0,0.0
SSRP1,0.5054254,1.0,0.0
SST,0.45260733,0.0,0.0
SSTR1,0.22038457,0.0,0.0
SSTR2,0.2559088,0.0,-1.0
SSTR4,0.18148674,0.0,0.0
SSTR5,0.27049267,0.0,0.0
SSU72,0.2648737,0.0,0.0
SSUH2,0.2076207,0.0,0.0
SSX1,0.28295264,0.0,1.0
SSX2,0.21021794,0.0,1.0
SSX2IP,0.29413134,0.0,-1.0
SSX3,0.20536709,0.0,0.0
SSX5,0.27338025,0.0,0.0
SSX7,0.22562118,0.0,0.0
ST13,0.33898106,0.0,-1.0
ST14,0.23432131,0.0,-1.0
ST18,0.22678374,0.0,0.0
ST20,0.25080812,0.0,0.0
ST20-MTHFS,0.21494591,0.0,0.0
ST3GAL2,0.07912917,0.0,0.0
ST3GAL3,0.07512326,0.0,-1.0
ST3GAL4,0.0676586,0.0,0.0
ST3GAL5,0.19571038,0.0,0.0
ST3GAL6,0.07809736,0.0,-1.0
ST6GAL1,0.07162079,0.0,-1.0
ST6GAL2,0.054440938,0.0,-1.0
ST6GALNAC1,0.1258993,0.0,-1.0
ST6GALNAC2,0.08539933,0.0,0.0
ST6GALNAC3,0.07322544,0.0,-1.0
ST6GALNAC4,0.06519191,0.0,0.0
ST6GALNAC5,0.11396513,0.0,0.0
ST6GALNAC6,0.07392282,0.0,0.0
ST7,0.27457532,0.0,0.0
ST7L,0.19924891,0.0,0.0
ST8SIA1,0.14178692,0.0,0.0
ST8SIA2,0.24959297,0.0,0.0
ST8SIA3,0.06298617,0.0,0.0
ST8SIA4,0.35102767,0.0,-1.0
ST8SIA5,0.06558778,0.0,0.0
ST8SIA6,0.06979684,0.0,0.0
STAB1,0.27451804,0.0,-1.0
STAB2,0.33670276,0.0,0.0
STAC,0.24850267,0.0,0.0
STAC2,0.045454048,0.0,0.0
STAC3,0.4979621,0.0,0.0
STAG1,0.5021793,1.0,1.0
STAG2,0.53631866,1.0,1.0
STAG3,0.4115289,0.0,-1.0
STAM,0.3488275,0.0,0.0
STAM2,0.33670068,0.0,-1.0
STAMBP,0.37875164,0.0,0.0
STAMBPL1,0.3085318,0.0,0.0
STAP1,0.21360412,0.0,0.0
STAR,0.41093412,0.0,-1.0
STARD10,0.17677404,0.0,-1.0
STARD13,0.43151295,0.0,-1.0
STARD3,0.25258505,0.0,-1.0
STARD3NL,0.2040453,0.0,0.0
STARD4,0.19910191,0.0,0.0
STARD5,0.3126845,0.0,0.0
STARD6,0.18652147,0.0,-1.0
STARD7,0.118922815,0.0,0.0
STARD8,0.39431223,0.0,-1.0
STARD9,0.34978962,0.0,0.0
STAT1,0.6443202,1.0,-1.0
STAT2,0.5934776,1.0,-1.0
STAT3,0.65938884,1.0,1.0
STAT4,0.6098448,1.0,-1.0
STAT5A,0.64474946,1.0,1.0
STAT5B,0.6779073,1.0,1.0
STAT6,0.594365,1.0,1.0
STATH,0.2919759,0.0,0.0
STAU1,0.4613038,0.0,0.0
STAU2,0.26900393,0.0,0.0
STBD1,0.1474852,0.0,0.0
STC1,0.3729154,0.0,-1.0
STC2,0.21275917,0.0,0.0
STEAP1,0.22411583,0.0,-1.0
STEAP1B,0.19739896,0.0,0.0
STEAP2,0.187447,0.0,-1.0
STEAP3,0.1703835,0.0,0.0
STEAP4,0.245594,0.0,0.0
STH,0.3804741,0.0,0.0
STIL,0.39967924,0.0,1.0
STIM1,0.428521,0.0,-1.0
STIM2,0.33302215,0.0,-1.0
STIMATE,0.32697007,0.0,0.0
STING1,0.41522345,0.0,0.0
STIP1,0.31170776,0.0,0.0
STK10,0.33724123,0.0,-1.0
STK11,0.54149914,1.0,1.0
STK16,0.2687503,0.0,0.0
STK17A,0.32946062,0.0,0.0
STK17B,0.34530386,0.0,0.0
STK19,0.24464618,0.0,1.0
STK24,0.37557796,0.0,0.0
STK25,0.37361795,0.0,0.0
STK26,0.36718374,0.0,-1.0
STK3,0.3953517,0.0,0.0
STK31,0.1835125,0.0,-1.0
STK32A,0.30729696,0.0,0.0
STK32B,0.32878727,0.0,0.0
STK32C,0.30525407,0.0,0.0
STK33,0.29416484,0.0,0.0
STK35,0.22674105,0.0,0.0
STK36,0.3566268,0.0,0.0
STK38,0.39181167,0.0,0.0
STK38L,0.29615253,0.0,-1.0
STK39,0.2356679,0.0,0.0
STK4,0.47271279,0.0,-1.0
STK40,0.34983677,0.0,-1.0
STKLD1,0.24752519,0.0,0.0
STMN1,0.52393615,1.0,-1.0
STMN2,0.37802374,0.0,0.0
STMN3,0.18719272,0.0,0.0
STMN4,0.25557926,0.0,0.0
STMP1,0.12917507,0.0,0.0
STN1,0.41510808,0.0,0.0
STOM,0.33637637,0.0,0.0
STOML1,0.2600456,0.0,0.0
STOML2,0.19006243,0.0,-1.0
STOML3,0.3272832,0.0,0.0
STON2,0.28888795,0.0,0.0
STOX1,0.21903887,0.0,-1.0
STOX2,0.07733764,0.0,0.0
STPG1,0.23554438,0.0,0.0
STPG2,0.2746958,0.0,0.0
STPG3,0.17880297,0.0,0.0
STPG4,0.023977105,0.0,0.0
STRA6,0.24403445,0.0,0.0
STRA8,0.3235398,0.0,0.0
STRADA,0.4598707,0.0,-1.0
STRADB,0.31273824,0.0,0.0
STRAP,0.23738508,0.0,-1.0
STRBP,0.19756566,0.0,0.0
STRC,0.15681556,0.0,-1.0
STRIP1,0.29429296,0.0,0.0
STRIP2,0.27453887,0.0,0.0
STRN,0.3684092,0.0,1.0
STRN3,0.32892537,0.0,0.0
STRN4,0.23972009,0.0,0.0
STS,0.46757138,0.0,-1.0
STT3A,0.23870547,0.0,0.0
STT3B,0.17783895,0.0,0.0
STUB1,0.49862427,0.0,-1.0
STUM,0.28542507,0.0,0.0
STX10,0.24762416,0.0,0.0
STX11,0.3444988,0.0,-1.0
STX12,0.2667558,0.0,0.0
STX16,0.39318347,0.0,-1.0
STX16-NPEPL1,0.28723663,0.0,0.0
STX17,0.37856552,0.0,0.0
STX18,0.3048609,0.0,0.0
STX19,0.29131934,0.0,0.0
STX1A,0.4193426,0.0,0.0
STX1B,0.33035496,0.0,0.0
STX2,0.3971531,0.0,-1.0
STX3,0.42277187,0.0,0.0
STX4,0.37370354,0.0,-1.0
STX5,0.30028832,0.0,0.0
STX6,0.35085902,0.0,0.0
STX7,0.3285016,0.0,0.0
STX8,0.34617475,0.0,0.0
STXBP1,0.36598068,0.0,-1.0
STXBP2,0.30024448,0.0,-1.0
STXBP3,0.4544053,0.0,0.0
STXBP4,0.17084211,0.0,0.0
STXBP5,0.24446891,0.0,0.0
STXBP5L,0.22069854,0.0,0.0
STXBP6,0.19621429,0.0,0.0
STYK1,0.3647659,0.0,-1.0
STYX,0.35849074,0.0,0.0
STYXL1,0.35202295,0.0,0.0
SUB1,0.34873918,0.0,0.0
SUCLA2,0.13406253,0.0,0.0
SUCLG1,0.23048642,0.0,-1.0
SUCLG2,0.21357454,0.0,-1.0
SUCNR1,0.15150285,0.0,0.0
SUCO,0.34964126,0.0,0.0
SUDS3,0.36914697,0.0,0.0
SUFU,0.42296147,0.0,1.0
SUGP1,0.25795692,0.0,0.0
SUGP2,0.18268856,0.0,0.0
SUGT1,0.31133646,0.0,0.0
SULF1,0.30705196,0.0,-1.0
SULF2,0.17894053,0.0,-1.0
SULT1A1,0.19121717,0.0,0.0
SULT1A2,0.10687142,0.0,0.0
SULT1A3,0.3475105,0.0,0.0
SULT1B1,0.2869461,0.0,-1.0
SULT1C2,0.12833995,0.0,0.0
SULT1C3,0.1272629,0.0,0.0
SULT1C4,0.14266242,0.0,0.0
SULT1E1,0.3763459,0.0,0.0
SULT2A1,0.20765229,0.0,0.0
SULT2B1,0.37365526,0.0,-1.0
SULT4A1,0.41749495,0.0,0.0
SUMF1,0.3186844,0.0,-1.0
SUMF2,0.39514253,0.0,0.0
SUMO1,0.6502745,1.0,0.0
SUMO2,0.53563654,1.0,0.0
SUMO3,0.5222766,1.0,0.0
SUMO4,0.43114403,0.0,0.0
SUN1,0.3912793,0.0,0.0
SUN2,0.34827527,0.0,0.0
SUN3,0.21066928,0.0,0.0
SUN5,0.1878134,0.0,0.0
SUOX,0.22153588,0.0,0.0
SUPT16H,0.50268275,1.0,0.0
SUPT20H,0.34210354,0.0,0.0
SUPT3H,0.31691733,0.0,-1.0
SUPT4H1,0.34724018,0.0,0.0
SUPT5H,0.4241076,0.0,0.0
SUPT6H,0.45168048,0.0,0.0
SUPT7L,0.2937028,0.0,-1.0
SUPV3L1,0.13163343,0.0,0.0
SURF1,0.09135463,0.0,-1.0
SURF2,0.127914,0.0,0.0
SURF4,0.21378238,0.0,0.0
SURF6,0.12973592,0.0,0.0
SUSD1,0.1864901,0.0,0.0
SUSD2,0.11515593,0.0,0.0
SUSD3,0.071709566,0.0,-1.0
SUSD4,0.0990699,0.0,0.0
SUSD5,0.09717503,0.0,0.0
SUSD6,0.11879569,0.0,0.0
SUV39H1,0.56897974,1.0,-1.0
SUV39H2,0.45936376,0.0,0.0
SUZ12,0.6470976,1.0,1.0
SV2A,0.4167326,0.0,0.0
SV2B,0.18825878,0.0,0.0
SV2C,0.23827991,0.0,0.0
SVBP,0.103714935,0.0,0.0
SVEP1,0.24076,0.0,0.0
SVIL,0.39506516,0.0,0.0
SVIP,0.122251675,0.0,0.0
SVOPL,0.037365578,0.0,0.0
SWAP70,0.33172104,0.0,-1.0
SWI5,0.31026757,0.0,0.0
SWSAP1,0.24428526,0.0,0.0
SWT1,0.21569511,0.0,0.0
SYAP1,0.26405954,0.0,0.0
SYBU,0.2707497,0.0,0.0
SYCE1,0.19595537,0.0,0.0
SYCE1L,0.1108399,0.0,0.0
SYCE2,0.25633177,0.0,0.0
SYCE3,0.20053768,0.0,0.0
SYCN,0.23920766,0.0,0.0
SYCP1,0.26542756,0.0,0.0
SYCP2,0.29288974,0.0,0.0
SYCP2L,0.14336383,0.0,0.0
SYCP3,0.25099546,0.0,0.0
SYDE1,0.13943377,0.0,-1.0
SYDE2,0.26291713,0.0,0.0
SYF2,0.24601388,0.0,-1.0
SYK,0.55978554,1.0,1.0
SYMPK,0.46103245,0.0,0.0
SYN1,0.4810276,0.0,0.0
SYN3,0.28339732,0.0,0.0
SYNC,0.29281205,0.0,0.0
SYNCRIP,0.31658494,0.0,-1.0
SYNDIG1,0.0908267,0.0,0.0
SYNDIG1L,0.0714,0.0,0.0
SYNE1,0.4945877,0.0,-1.0
SYNE2,0.5259956,1.0,-1.0
SYNE3,0.33776835,0.0,-1.0
SYNE4,0.20732524,0.0,0.0
SYNGAP1,0.4982499,0.0,-1.0
SYNGR1,0.19198385,0.0,0.0
SYNGR2,0.17768241,0.0,-1.0
SYNGR3,0.20590581,0.0,0.0
SYNGR4,0.1856576,0.0,0.0
SYNJ1,0.5297411,1.0,0.0
SYNJ2,0.4617068,0.0,0.0
SYNJ2BP,0.18203895,0.0,0.0
SYNM,0.36000797,0.0,0.0
SYNPO,0.43859616,0.0,0.0
SYNPO2,0.21737209,0.0,-1.0
SYNPO2L,0.16614744,0.0,0.0
SYNPR,0.24048452,0.0,0.0
SYP,0.5246631,1.0,-1.0
SYPL1,0.11961871,0.0,0.0
SYPL2,0.23738465,0.0,0.0
SYS1,0.1760663,0.0,0.0
SYT1,0.35420132,0.0,0.0
SYT10,0.18882807,0.0,-1.0
SYT11,0.2914818,0.0,0.0
SYT12,0.2355357,0.0,0.0
SYT13,0.25551787,0.0,0.0
SYT15,0.18784991,0.0,0.0
SYT16,0.13584305,0.0,0.0
SYT17,0.15999256,0.0,0.0
SYT2,0.287934,0.0,0.0
SYT3,0.20778064,0.0,0.0
SYT4,0.27918276,0.0,-1.0
SYT5,0.20096004,0.0,0.0
SYT7,0.24560359,0.0,0.0
SYT8,0.22565547,0.0,0.0
SYT9,0.2515238,0.0,0.0
SYTL1,0.18867175,0.0,-1.0
SYTL3,0.18126315,0.0,-1.0
SYTL4,0.26526403,0.0,-1.0
SYTL5,0.27691543,0.0,-1.0
SYVN1,0.35322407,0.0,0.0
SZRD1,0.16327588,0.0,0.0
SZT2,0.33753127,0.0,0.0
TAAR1,0.18779285,0.0,0.0
TAAR2,0.1391931,0.0,0.0
TAAR5,0.1494467,0.0,0.0
TAAR6,0.17930041,0.0,0.0
TAAR8,0.14232133,0.0,0.0
TAB1,0.41034046,0.0,0.0
TAB3,0.41293958,0.0,-1.0
TAC1,0.43314528,0.0,-1.0
TAC3,0.2994206,0.0,0.0
TAC4,0.15167294,0.0,0.0
TACC1,0.38360476,0.0,-1.0
TACC2,0.32036948,0.0,-1.0
TACC3,0.42206985,0.0,-1.0
TACO1,0.083058566,0.0,-1.0
TACR1,0.2974022,0.0,0.0
TACR2,0.2585501,0.0,0.0
TACR3,0.21655944,0.0,0.0
TACSTD2,0.33529803,0.0,-1.0
TADA1,0.21651335,0.0,0.0
TADA2B,0.31996384,0.0,0.0
TADA3,0.48420593,0.0,0.0
TAF1,0.66185224,1.0,-1.0
TAF10,0.3243785,0.0,0.0
TAF11,0.3248849,0.0,-1.0
TAF12,0.3446926,0.0,0.0
TAF13,0.2853146,0.0,0.0
TAF1A,0.28538713,0.0,0.0
TAF1B,0.2911137,0.0,0.0
TAF1D,0.24836901,0.0,0.0
TAF1L,0.41475937,0.0,-1.0
TAF2,0.38474733,0.0,0.0
TAF3,0.4423734,0.0,0.0
TAF4,0.51237935,1.0,-1.0
TAF4B,0.29115972,0.0,0.0
TAF5,0.403996,0.0,0.0
TAF5L,0.3304908,0.0,0.0
TAF6,0.3838864,0.0,0.0
TAF6L,0.3660718,0.0,0.0
TAF7,0.38741472,0.0,0.0
TAF7L,0.31349352,0.0,0.0
TAF8,0.3103279,0.0,0.0
TAF9,0.5789532,1.0,0.0
TAF9B,0.30516228,0.0,0.0
TAFA1,0.14245848,0.0,0.0
TAFA2,0.13672781,0.0,0.0
TAFA3,0.17646773,0.0,0.0
TAFA4,0.1471306,0.0,0.0
TAFA5,0.11241057,0.0,0.0
TAGAP,0.22179863,0.0,0.0
TAGLN,0.6137359,1.0,-1.0
TAGLN2,0.2826299,0.0,0.0
TAGLN3,0.28077036,0.0,0.0
TAL1,0.5531755,1.0,1.0
TAL2,0.27634948,0.0,1.0
TALDO1,0.18139641,0.0,-1.0
TAMALIN,0.3554669,0.0,0.0
TAMM41,0.111223616,0.0,-1.0
TANC1,0.43010575,0.0,0.0
TANC2,0.3730428,0.0,0.0
TANGO2,0.13249007,0.0,0.0
TANGO6,0.22000317,0.0,0.0
TANK,0.4862584,0.0,0.0
TAOK1,0.4762126,0.0,0.0
TAOK2,0.25272217,0.0,0.0
TAOK3,0.44335827,0.0,0.0
TAP1,0.24862064,0.0,-1.0
TAP2,0.215555,0.0,-1.0
TAPBP,0.3533692,0.0,0.0
TAPBPL,0.18535395,0.0,0.0
TAPT1,0.18271624,0.0,0.0
TARBP1,0.12804924,0.0,0.0
TARBP2,0.32488135,0.0,0.0
TARDBP,0.42316598,0.0,-1.0
TARM1,0.10892183,0.0,0.0
TARS1,0.19479792,0.0,0.0
TARS2,0.13814102,0.0,0.0
TARS3,0.15100822,0.0,0.0
TAS1R1,0.12551637,0.0,0.0
TAS1R2,0.10245745,0.0,0.0
TAS1R3,0.12264306,0.0,0.0
TAS2R1,0.1596876,0.0,0.0
TAS2R10,0.118258074,0.0,0.0
TAS2R13,0.25764206,0.0,0.0
TAS2R14,0.14926244,0.0,0.0
TAS2R16,0.08533651,0.0,0.0
TAS2R19,0.16129278,0.0,0.0
TAS2R20,0.14821395,0.0,0.0
TAS2R3,0.242182,0.0,0.0
TAS2R30,0.14797749,0.0,0.0
TAS2R31,0.15840106,0.0,0.0
TAS2R38,0.17856082,0.0,0.0
TAS2R39,0.14248434,0.0,0.0
TAS2R4,0.33714053,0.0,0.0
TAS2R40,0.11767192,0.0,0.0
TAS2R41,0.14038992,0.0,0.0
TAS2R42,0.13605729,0.0,0.0
TAS2R43,0.14709254,0.0,-1.0
TAS2R46,0.15862325,0.0,-1.0
TAS2R5,0.15153609,0.0,0.0
TAS2R50,0.17362803,0.0,0.0
TAS2R60,0.123461075,0.0,-1.0
TAS2R7,0.17109749,0.0,0.0
TAS2R8,0.1649259,0.0,0.0
TAS2R9,0.14391226,0.0,0.0
TASL,0.27915135,0.0,0.0
TASOR,0.23286268,0.0,0.0
TASOR2,0.26521164,0.0,0.0
TASP1,0.17169337,0.0,0.0
TAT,0.1301469,0.0,-1.0
TATDN1,0.28620842,0.0,0.0
TATDN2,0.21843563,0.0,0.0
TATDN3,0.2172391,0.0,0.0
TAX1BP1,0.38554743,0.0,0.0
TAX1BP3,0.2060482,0.0,0.0
TBATA,0.22060677,0.0,0.0
TBC1D1,0.41300184,0.0,0.0
TBC1D10A,0.23235196,0.0,-1.0
TBC1D10B,0.2535622,0.0,0.0
TBC1D10C,0.25666076,0.0,0.0
TBC1D12,0.2916015,0.0,-1.0
TBC1D13,0.29640695,0.0,-1.0
TBC1D14,0.3464466,0.0,0.0
TBC1D15,0.3561402,0.0,0.0
TBC1D16,0.28270698,0.0,0.0
TBC1D17,0.30125764,0.0,0.0
TBC1D19,0.20219582,0.0,0.0
TBC1D2,0.3309144,0.0,0.0
TBC1D20,0.22741003,0.0,0.0
TBC1D21,0.24619119,0.0,0.0
TBC1D22A,0.18611027,0.0,-1.0
TBC1D22B,0.19935064,0.0,0.0
TBC1D23,0.29768878,0.0,0.0
TBC1D24,0.26275072,0.0,-1.0
TBC1D25,0.31827766,0.0,0.0
TBC1D26,0.27016446,0.0,0.0
TBC1D28,0.24331294,0.0,0.0
TBC1D29P,0.26830533,0.0,-1.0
TBC1D2B,0.34374747,0.0,0.0
TBC1D30,0.3170473,0.0,0.0
TBC1D31,0.39850846,0.0,0.0
TBC1D32,0.051102363,0.0,-1.0
TBC1D4,0.41217458,0.0,0.0
TBC1D5,0.27476656,0.0,0.0
TBC1D7,0.2641266,0.0,-1.0
TBC1D8,0.30304813,0.0,0.0
TBC1D8B,0.3646165,0.0,0.0
TBC1D9,0.33176187,0.0,0.0
TBC1D9B,0.34772104,0.0,0.0
TBCA,0.11481771,0.0,0.0
TBCB,0.22537035,0.0,0.0
TBCCD1,0.13503389,0.0,0.0
TBCD,0.32959005,0.0,-1.0
TBCE,0.3622465,0.0,0.0
TBCEL,0.23317093,0.0,0.0
TBCK,0.28448212,0.0,0.0
TBK1,0.5352812,1.0,-1.0
TBKBP1,0.21876414,0.0,-1.0
TBL1X,0.4969121,0.0,-1.0
TBL1XR1,0.4181091,0.0,1.0
TBL1Y,0.4439507,0.0,0.0
TBL2,0.2766354,0.0,-1.0
TBL3,0.1201001,0.0,0.0
TBP,0.6329513,1.0,-1.0
TBPL1,0.30500677,0.0,0.0
TBPL2,0.298504,0.0,0.0
TBR1,0.51721793,1.0,-1.0
TBRG1,0.25384477,0.0,0.0
TBRG4,0.12996429,0.0,0.0
TBX1,0.48991057,0.0,-1.0
TBX10,0.321869,0.0,0.0
TBX15,0.3340468,0.0,0.0
TBX18,0.44866034,0.0,-1.0
TBX19,0.47464603,0.0,0.0
TBX2,0.57090163,1.0,-1.0
TBX20,0.42929786,0.0,-1.0
TBX21,0.55050296,1.0,-1.0
TBX22,0.27273163,0.0,-1.0
TBX3,0.5649451,1.0,1.0
TBX4,0.48907357,0.0,-1.0
TBX5,0.5871699,1.0,0.0
TBX6,0.4663027,0.0,0.0
TBXA2R,0.27951187,0.0,0.0
TBXAS1,0.2816495,0.0,0.0
TBXT,0.529342,1.0,-1.0
TC2N,0.27628362,0.0,0.0
TCAF1,0.063099936,0.0,-1.0
TCAF2,0.12240593,0.0,0.0
TCAIM,0.1362672,0.0,0.0
TCAP,0.34175435,0.0,-1.0
TCEA1,0.4859548,0.0,1.0
TCEA2,0.304262,0.0,0.0
TCEA3,0.30368066,0.0,0.0
TCEAL1,0.34249136,0.0,0.0
TCEAL2,0.08770224,0.0,0.0
TCEAL3,0.16871604,0.0,0.0
TCEAL4,0.1771831,0.0,0.0
TCEAL5,0.14312136,0.0,0.0
TCEAL6,0.15900254,0.0,-1.0
TCEAL7,0.19451994,0.0,0.0
TCEAL8,0.15911475,0.0,0.0
TCEAL9,0.24168606,0.0,0.0
TCEANC2,0.24287458,0.0,0.0
TCERG1,0.40388045,0.0,-1.0
TCERG1L,0.13944101,0.0,0.0
TCF12,0.5277512,1.0,1.0
TCF15,0.43477878,0.0,0.0
TCF19,0.29189223,0.0,0.0
TCF20,0.41517228,0.0,0.0
TCF21,0.38733795,0.0,-1.0
TCF23,0.41862488,0.0,0.0
TCF24,0.23404056,0.0,0.0
TCF25,0.16227594,0.0,0.0
TCF3,0.5982051,1.0,1.0
TCF4,0.52377087,1.0,-1.0
TCF7,0.6076287,1.0,-1.0
TCF7L1,0.51955575,1.0,-1.0
TCF7L2,0.58299595,1.0,1.0
TCFL5,0.38612077,0.0,0.0
TCHH,0.43439195,0.0,-1.0
TCHHL1,0.088252336,0.0,0.0
TCHP,0.47150645,0.0,0.0
TCIM,0.33525047,0.0,0.0
TCIRG1,0.3207197,0.0,-1.0
TCL1A,0.2694144,0.0,1.0
TCL1B,0.19915059,0.0,1.0
TCN1,0.18927203,0.0,0.0
TCN2,0.24074697,0.0,0.0
TCOF1,0.62971455,1.0,-1.0
TCP1,0.31259483,0.0,0.0
TCP10L,0.17721495,0.0,0.0
TCP10L2,0.18972176,0.0,0.0
TCP10L3,0.19391295,0.0,0.0
TCP11,0.17685804,0.0,-1.0
TCP11L1,0.26959392,0.0,0.0
TCP11L2,0.28530893,0.0,-1.0
TCP11X2,0.24880362,0.0,0.0
TCTA,0.24464472,0.0,-1.0
TCTE1,0.32013467,0.0,0.0
TCTN1,0.2602652,0.0,0.0
TCTN2,0.19309886,0.0,0.0
TCTN3,0.24850166,0.0,0.0
TDG,0.42936406,0.0,-1.0
TDGF1,0.40430555,0.0,-1.0
TDO2,0.103033416,0.0,0.0
TDP1,0.37067053,0.0,-1.0
TDP2,0.30670616,0.0,0.0
TDRD1,0.2815845,0.0,-1.0
TDRD10,0.19017379,0.0,-1.0
TDRD12,0.24348341,0.0,0.0
TDRD15,0.23439123,0.0,0.0
TDRD3,0.3652325,0.0,0.0
TDRD5,0.16624793,0.0,-1.0
TDRD6,0.21157487,0.0,0.0
TDRD7,0.2470723,0.0,0.0
TDRD9,0.22848916,0.0,0.0
TDRKH,0.18997242,0.0,0.0
TDRP,0.106591694,0.0,0.0
TEAD2,0.38200828,0.0,0.0
TEAD3,0.29285744,0.0,0.0
TEAD4,0.32627654,0.0,0.0
TEC,0.3458381,0.0,1.0
TECPR1,0.18783894,0.0,0.0
TECPR2,0.30464467,0.0,0.0
TECR,0.3924219,0.0,-1.0
TECRL,0.24914844,0.0,0.0
TECTA,0.29358727,0.0,-1.0
TECTB,0.1222701,0.0,0.0
TEDC1,0.10985684,0.0,0.0
TEDC2,0.31899586,0.0,-1.0
TEDDM1,0.0016264066,0.0,0.0
TEF,0.4032844,0.0,0.0
TEFM,0.11620677,0.0,0.0
TEK,0.62683535,1.0,-1.0
TEKT1,0.19434379,0.0,0.0
TEKT2,0.21377942,0.0,0.0
TEKT3,0.13265981,0.0,0.0
TEKT4,0.1841448,0.0,0.0
TEKT5,0.17690355,0.0,0.0
TELO2,0.34416005,0.0,0.0
TEN1,0.2558065,0.0,0.0
TENM1,0.35055768,0.0,0.0
TENM2,0.22388662,0.0,-1.0
TENM4,0.26323107,0.0,0.0
TENT2,0.35939822,0.0,0.0
TENT4A,0.36291483,0.0,0.0
TENT4B,0.32586625,0.0,-1.0
TENT5A,0.1302095,0.0,0.0
TENT5B,0.103904024,0.0,0.0
TENT5C,0.17729604,0.0,1.0
TENT5D,0.24647197,0.0,-1.0
TEP1,0.32744607,0.0,-1.0
TEPP,0.20340234,0.0,0.0
TEPSIN,0.13728479,0.0,0.0
TERB1,0.1667149,0.0,0.0
TERB2,0.1772972,0.0,0.0
TERF1,0.45405203,0.0,0.0
TERF2,0.42497665,0.0,-1.0
TERF2IP,0.2958111,0.0,0.0
TERT,0.67421055,1.0,1.0
TES,0.4632027,0.0,0.0
TESC,0.36986864,0.0,-1.0
TESK1,0.33427247,0.0,0.0
TESK2,0.32802543,0.0,0.0
TESMIN,0.33335733,0.0,0.0
TESPA1,0.1036439,0.0,0.0
TET1,0.39522478,0.0,1.0
TET2,0.59232885,1.0,1.0
TET3,0.3256856,0.0,1.0
TEX10,0.12668076,0.0,0.0
TEX11,0.26580536,0.0,0.0
TEX12,0.19986472,0.0,0.0
TEX13B,0.2618007,0.0,0.0
TEX14,0.1678103,0.0,-1.0
TEX15,0.24406862,0.0,-1.0
TEX19,0.13331439,0.0,0.0
TEX2,0.1176014,0.0,0.0
TEX26,0.17734796,0.0,0.0
TEX261,0.13534597,0.0,0.0
TEX264,0.18039969,0.0,0.0
TEX29,0.18133079,0.0,0.0
TEX30,0.19851358,0.0,0.0
TEX33,0.1718086,0.0,0.0
TEX35,0.18141253,0.0,0.0
TEX36,0.18527322,0.0,0.0
TEX37,0.18333533,0.0,0.0
TEX43,0.17755644,0.0,0.0
TEX44,0.17951512,0.0,-1.0
TEX45,0.18092266,0.0,0.0
TEX47,0.18591493,0.0,0.0
TEX55,0.17228967,0.0,0.0
TEX9,0.15708561,0.0,0.0
TF,0.48268273,0.0,0.0
TFAM,0.35907882,0.0,0.0
TFAP2B,0.34808776,0.0,-1.0
TFAP2C,0.36786994,0.0,-1.0
TFAP2D,0.21505755,0.0,-1.0
TFAP2E,0.22384997,0.0,0.0
TFAP4,0.31885266,0.0,-1.0
TFB1M,0.11043125,0.0,0.0
TFB2M,0.10535988,0.0,0.0
TFCP2,0.42139187,0.0,0.0
TFCP2L1,0.26978335,0.0,0.0
TFDP1,0.49484825,0.0,-1.0
TFDP2,0.38928086,0.0,-1.0
TFDP3,0.30106914,0.0,0.0
TFE3,0.45557407,0.0,1.0
TFEB,0.38033244,0.0,1.0
TFEC,0.27010795,0.0,0.0
TFF1,0.36709914,0.0,-1.0
TFF2,0.28391734,0.0,-1.0
TFF3,0.41048077,0.0,-1.0
TFG,0.39468962,0.0,1.0
TFIP11,0.30381083,0.0,0.0
TFPI,0.46790978,0.0,-1.0
TFPI2,0.2896567,0.0,0.0
TFPT,0.26621926,0.0,-1.0
TFR2,0.31317306,0.0,-1.0
TFRC,0.60876024,1.0,-1.0
TG,0.52103424,1.0,-1.0
TGDS,0.11690518,0.0,-1.0
TGFA,0.55021924,1.0,-1.0
TGFB1,0.5960029,1.0,-1.0
TGFB1I1,0.37269074,0.0,0.0
TGFB2,0.5601277,1.0,-1.0
TGFB3,0.5418266,1.0,-1.0
TGFBI,0.47049433,0.0,-1.0
TGFBR1,0.6863006,1.0,1.0
TGFBR2,0.58581346,1.0,1.0
TGFBR3,0.49549547,0.0,-1.0
TGFBRAP1,0.31829578,0.0,-1.0
TGIF1,0.36578423,0.0,-1.0
TGIF2,0.33175576,0.0,0.0
TGIF2LX,0.22431463,0.0,0.0
TGIF2LY,0.20257573,0.0,0.0
TGM1,0.40281266,0.0,-1.0
TGM2,0.5846703,1.0,-1.0
TGM3,0.37049022,0.0,0.0
TGM4,0.20228937,0.0,0.0
TGM5,0.34137025,0.0,0.0
TGM6,0.30792832,0.0,-1.0
TGM7,0.18295155,0.0,0.0
TGOLN2,0.4420455,0.0,0.0
TGS1,0.26352477,0.0,-1.0
TH,0.51641905,1.0,-1.0
THADA,0.3380996,0.0,-1.0
THAP1,0.18368734,0.0,-1.0
THAP10,0.1257374,0.0,0.0
THAP11,0.16099836,0.0,0.0
THAP12,0.18077683,0.0,-1.0
THAP2,0.16116968,0.0,0.0
THAP3,0.111657076,0.0,0.0
THAP4,0.101298206,0.0,0.0
THAP5,0.14193378,0.0,-1.0
THAP6,0.07668742,0.0,0.0
THAP7,0.128053,0.0,0.0
THAP8,0.13806258,0.0,0.0
THAP9,0.1637671,0.0,0.0
THBD,0.47469753,0.0,-1.0
THBS1,0.55245924,1.0,-1.0
THBS2,0.4937322,0.0,-1.0
THBS3,0.39873853,0.0,-1.0
THBS4,0.4207371,0.0,0.0
THEG,0.26219633,0.0,0.0
THEGL,0.2805637,0.0,0.0
THEM4,0.31754455,0.0,0.0
THEM5,0.2422313,0.0,0.0
THEM6,0.17699789,0.0,0.0
THEMIS2,0.21381564,0.0,0.0
THG1L,0.17453021,0.0,0.0
THNSL1,0.1300646,0.0,0.0
THNSL2,0.17538723,0.0,0.0
THOC1,0.3040996,0.0,0.0
THOC2,0.48021153,0.0,0.0
THOC3,0.24094026,0.0,0.0
THOC5,0.35412183,0.0,-1.0
THOC6,0.25599328,0.0,-1.0
THOC7,0.21021116,0.0,-1.0
THOP1,0.27903518,0.0,0.0
THPO,0.5626409,1.0,-1.0
THRA,0.5548276,1.0,-1.0
THRAP3,0.3003206,0.0,-1.0
THRB,0.46131918,0.0,-1.0
THRSP,0.2840657,0.0,-1.0
THSD1,0.20454603,0.0,0.0
THSD4,0.21059464,0.0,0.0
THSD7A,0.14086384,0.0,-1.0
THSD7B,0.19490348,0.0,-1.0
THTPA,0.08314716,0.0,0.0
THUMPD1,0.28186962,0.0,0.0
THUMPD2,0.12577052,0.0,0.0
THUMPD3,0.15878844,0.0,0.0
THY1,0.5804819,1.0,-1.0
THYN1,0.1949153,0.0,0.0
TIA1,0.49222937,0.0,-1.0
TIAF1,0.35320747,0.0,0.0
TIAL1,0.3827646,0.0,-1.0
TIAM1,0.5308305,1.0,-1.0
TIAM2,0.3110621,0.0,0.0
TICAM1,0.37149414,0.0,-1.0
TICRR,0.36807242,0.0,0.0
TIE1,0.5209737,1.0,-1.0
TIFA,0.24492866,0.0,0.0
TIFAB,0.12733728,0.0,0.0
TIGAR,0.23641363,0.0,-1.0
TIGD1,0.2302712,0.0,0.0
TIGD2,0.1740234,0.0,0.0
TIGD3,0.20382804,0.0,-1.0
TIGD4,0.26047662,0.0,0.0
TIGD5,0.0857857,0.0,0.0
TIGD6,0.20581236,0.0,0.0
TIGIT,0.23452494,0.0,-1.0
TIMD4,0.2371398,0.0,0.0
TIMELESS,0.50127625,1.0,0.0
TIMM10,0.09686104,0.0,0.0
TIMM10B,0.086047865,0.0,0.0
TIMM13,0.11845596,0.0,0.0
TIMM17A,0.12315596,0.0,-1.0
TIMM17B,0.1286031,0.0,0.0
TIMM21,0.10667873,0.0,0.0
TIMM22,0.1327767,0.0,0.0
TIMM23B,0.107206136,0.0,0.0
TIMM29,0.10728636,0.0,0.0
TIMM44,0.15732144,0.0,0.0
TIMM50,0.15780601,0.0,0.0
TIMM8A,0.25975114,0.0,0.0
TIMM8B,0.0839282,0.0,0.0
TIMM9,0.08004667,0.0,0.0
TIMMDC1,0.081636295,0.0,0.0
TIMP1,0.54996663,1.0,-1.0
TIMP2,0.5301326,1.0,-1.0
TIMP3,0.50189686,1.0,-1.0
TIMP4,0.32477897,0.0,0.0
TINAG,0.06960363,0.0,0.0
TINAGL1,0.22597587,0.0,0.0
TINF2,0.38511297,0.0,-1.0
TIPARP,0.31575587,0.0,-1.0
TIPIN,0.43137228,0.0,-1.0
TIPRL,0.2306421,0.0,0.0
TIRAP,0.43064103,0.0,-1.0
TJAP1,0.2559556,0.0,0.0
TJP1,0.5536849,1.0,-1.0
TJP2,0.3928046,0.0,-1.0
TK1,0.41818476,0.0,-1.0
TK2,0.54552066,1.0,0.0
TKFC,0.3056644,0.0,0.0
TKT,0.18946369,0.0,-1.0
TKTL1,0.17068557,0.0,0.0
TKTL2,0.14737512,0.0,-1.0
TLCD1,0.12903963,0.0,0.0
TLCD2,0.108648434,0.0,-1.0
TLCD3A,0.12812151,0.0,-1.0
TLCD3B,0.17269775,0.0,-1.0
TLCD4,0.096856646,0.0,0.0
TLCD5,0.120059915,0.0,0.0
TLDC2,0.34020156,0.0,0.0
TLE1,0.48104802,0.0,-1.0
TLE2,0.4164848,0.0,-1.0
TLE3,0.41165945,0.0,-1.0
TLE4,0.48817217,0.0,-1.0
TLE5,0.41929716,0.0,0.0
TLE6,0.31822592,0.0,0.0
TLK1,0.32307434,0.0,0.0
TLK2,0.31582186,0.0,0.0
TLL1,0.36862323,0.0,-1.0
TLL2,0.279367,0.0,-1.0
TLN1,0.5104424,1.0,0.0
TLNRD1,0.30689695,0.0,0.0
TLR1,0.5913388,1.0,0.0
TLR10,0.3924155,0.0,0.0
TLR2,0.57028,1.0,-1.0
TLR3,0.5632734,1.0,-1.0
TLR4,0.62865883,1.0,-1.0
TLR6,0.47334644,0.0,-1.0
TLR7,0.54958487,1.0,-1.0
TLR8,0.48728895,0.0,0.0
TLR9,0.56862444,1.0,-1.0
TLX1,0.483152,0.0,1.0
TLX2,0.3128899,0.0,0.0
TLX3,0.33650213,0.0,1.0
TM2D1,0.14171636,0.0,0.0
TM2D2,0.24276163,0.0,0.0
TM2D3,0.29414624,0.0,0.0
TM4SF1,0.2161565,0.0,-1.0
TM4SF18,0.05287223,0.0,-1.0
TM4SF19,0.038609497,0.0,0.0
TM4SF20,0.060364697,0.0,0.0
TM4SF4,0.066556364,0.0,0.0
TM4SF5,0.14501297,0.0,0.0
TM6SF1,0.20987321,0.0,0.0
TM6SF2,0.06278563,0.0,0.0
TM7SF2,0.18874963,0.0,0.0
TM7SF3,0.085072204,0.0,0.0
TM9SF1,0.13708505,0.0,-1.0
TM9SF2,0.13751802,0.0,0.0
TM9SF3,0.15518625,0.0,0.0
TM9SF4,0.12610458,0.0,0.0
TMA16,0.10881102,0.0,0.0
TMA7,0.08771284,0.0,0.0
TMBIM1,0.21276827,0.0,0.0
TMBIM4,0.30883172,0.0,0.0
TMBIM6,0.31276667,0.0,-1.0
TMC1,0.18602431,0.0,0.0
TMC2,0.11347258,0.0,0.0
TMC3,0.11090767,0.0,-1.0
TMC5,0.06548708,0.0,0.0
TMC6,0.19558401,0.0,-1.0
TMC7,0.09505489,0.0,0.0
TMC8,0.1861758,0.0,-1.0
TMCC1,0.28858683,0.0,0.0
TMCC2,0.21012054,0.0,0.0
TMCC3,0.11730806,0.0,0.0
TMCO1,0.105240084,0.0,0.0
TMCO2,0.18410432,0.0,0.0
TMCO3,0.1999636,0.0,0.0
TMCO4,0.2767282,0.0,0.0
TMCO5A,0.17547134,0.0,0.0
TMCO6,0.13915457,0.0,0.0
TMED1,0.24463877,0.0,0.0
TMED10,0.27764368,0.0,0.0
TMED2,0.23255703,0.0,0.0
TMED3,0.32179418,0.0,0.0
TMED4,0.08831921,0.0,0.0
TMED5,0.21930668,0.0,0.0
TMED6,0.12188845,0.0,0.0
TMED7,0.41440576,0.0,0.0
TMED7-TICAM2,0.19438602,0.0,0.0
TMED8,0.08849724,0.0,0.0
TMED9,0.15156206,0.0,0.0
TMEFF1,0.2635395,0.0,0.0
TMEFF2,0.23165706,0.0,0.0
TMEM100,0.025069509,0.0,0.0
TMEM101,0.11347586,0.0,0.0
TMEM102,0.10353559,0.0,0.0
TMEM104,0.09139376,0.0,-1.0
TMEM106B,0.15710542,0.0,-1.0
TMEM106C,0.26997575,0.0,0.0
TMEM107,0.14197621,0.0,0.0
TMEM108,0.18149315,0.0,0.0
TMEM109,0.11195194,0.0,0.0
TMEM11,0.31368095,0.0,0.0
TMEM114,0.12471277,0.0,0.0
TMEM115,0.28866923,0.0,0.0
TMEM116,0.049551707,0.0,-1.0
TMEM117,0.12179655,0.0,0.0
TMEM119,0.13029341,0.0,0.0
TMEM120B,0.10643921,0.0,0.0
TMEM121,0.30915675,0.0,0.0
TMEM121B,0.10686018,0.0,-1.0
TMEM123,0.17123452,0.0,0.0
TMEM125,0.08103963,0.0,0.0
TMEM126A,0.08436721,0.0,-1.0
TMEM126B,0.09633434,0.0,0.0
TMEM127,0.24286826,0.0,1.0
TMEM128,0.06836364,0.0,-1.0
TMEM129,0.105451256,0.0,0.0
TMEM130,0.120870836,0.0,0.0
TMEM131,0.32968697,0.0,0.0
TMEM131L,0.2374865,0.0,0.0
TMEM132A,0.12346954,0.0,0.0
TMEM132B,0.18362172,0.0,-1.0
TMEM132C,0.142144,0.0,-1.0
TMEM132D,0.379862,0.0,-1.0
TMEM132E,0.14806591,0.0,0.0
TMEM134,0.09236791,0.0,0.0
TMEM135,0.09069404,0.0,0.0
TMEM138,0.15287945,0.0,0.0
TMEM139,0.118650444,0.0,0.0
TMEM140,0.20263083,0.0,0.0
TMEM141,0.0029449768,0.0,0.0
TMEM143,0.09348257,0.0,0.0
TMEM144,0.1153286,0.0,0.0
TMEM145,0.116169594,0.0,0.0
TMEM147,0.0734558,0.0,-1.0
TMEM14A,0.043807965,0.0,0.0
TMEM14B,0.10964829,0.0,0.0
TMEM14C,0.11992939,0.0,0.0
TMEM150A,0.13635994,0.0,0.0
TMEM150B,0.16059183,0.0,0.0
TMEM150C,0.124336734,0.0,0.0
TMEM151A,0.22600861,0.0,0.0
TMEM151B,0.16323043,0.0,0.0
TMEM154,0.27910346,0.0,0.0
TMEM155,0.0019061727,0.0,0.0
TMEM156,0.16369744,0.0,0.0
TMEM158,0.24983557,0.0,0.0
TMEM160,0.09862188,0.0,-1.0
TMEM161A,0.13066065,0.0,0.0
TMEM161B,0.24115218,0.0,0.0
TMEM163,0.13812658,0.0,0.0
TMEM164,0.2939679,0.0,0.0
TMEM165,0.2212236,0.0,-1.0
TMEM167A,0.11426758,0.0,-1.0
TMEM167B,0.17223886,0.0,0.0
TMEM168,0.13544923,0.0,0.0
TMEM169,0.113229595,0.0,0.0
TMEM17,0.14977878,0.0,-1.0
TMEM170A,0.13151328,0.0,0.0
TMEM170B,0.17801546,0.0,0.0
TMEM171,0.1715093,0.0,0.0
TMEM174,0.020758985,0.0,0.0
TMEM175,0.14210403,0.0,0.0
TMEM176A,0.13307548,0.0,0.0
TMEM176B,0.19953711,0.0,0.0
TMEM177,0.13164048,0.0,0.0
TMEM178A,0.09077865,0.0,0.0
TMEM178B,0.16703147,0.0,0.0
TMEM179,0.07974551,0.0,-1.0
TMEM179B,0.068778224,0.0,0.0
TMEM18,0.23173751,0.0,0.0
TMEM181,0.07837729,0.0,0.0
TMEM182,0.22417092,0.0,0.0
TMEM183A,0.122964054,0.0,0.0
TMEM184A,0.22046784,0.0,0.0
TMEM184B,0.25297236,0.0,0.0
TMEM184C,0.24694099,0.0,0.0
TMEM185B,0.040638633,0.0,0.0
TMEM186,0.09079001,0.0,0.0
TMEM187,0.13988921,0.0,0.0
TMEM19,0.14872324,0.0,0.0
TMEM190,0.08506278,0.0,0.0
TMEM192,0.10484099,0.0,0.0
TMEM196,0.17572922,0.0,0.0
TMEM198,0.23299952,0.0,0.0
TMEM199,0.1235685,0.0,-1.0
TMEM200A,0.15260075,0.0,0.0
TMEM200B,0.064962246,0.0,0.0
TMEM201,0.2698706,0.0,-1.0
TMEM202,0.17574851,0.0,0.0
TMEM203,0.043891728,0.0,0.0
TMEM204,0.20676471,0.0,0.0
TMEM205,0.07261404,0.0,0.0
TMEM207,0.015756568,0.0,0.0
TMEM208,0.09244846,0.0,-1.0
TMEM209,0.1449858,0.0,0.0
TMEM212,0.23991059,0.0,0.0
TMEM213,0.006012147,0.0,0.0
TMEM214,0.11276203,0.0,0.0
TMEM216,0.32048854,0.0,-1.0
TMEM217,0.09192542,0.0,0.0
TMEM218,0.17584649,0.0,0.0
TMEM219,0.18013594,0.0,0.0
TMEM220,0.07116726,0.0,-1.0
TMEM222,0.10607211,0.0,0.0
TMEM223,0.1263055,0.0,0.0
TMEM225,0.18743868,0.0,0.0
TMEM229B,0.10561798,0.0,0.0
TMEM230,0.13555482,0.0,0.0
TMEM232,0.21273492,0.0,0.0
TMEM233,0.1146165,0.0,0.0
TMEM234,0.14221914,0.0,0.0
TMEM235,0.15022816,0.0,0.0
TMEM237,0.20307446,0.0,0.0
TMEM239,0.17328262,0.0,0.0
TMEM240,0.20214334,0.0,0.0
TMEM241,0.1356695,0.0,0.0
TMEM242,0.20366223,0.0,0.0
TMEM243,0.12925924,0.0,-1.0
TMEM245,0.14617682,0.0,0.0
TMEM247,0.17042696,0.0,0.0
TMEM248,0.16171902,0.0,0.0
TMEM25,0.08016718,0.0,0.0
TMEM250,0.30279937,0.0,0.0
TMEM251,0.14132199,0.0,0.0
TMEM252,0.13619065,0.0,0.0
TMEM253,0.050633248,0.0,-1.0
TMEM254,0.12026124,0.0,0.0
TMEM255A,0.12491488,0.0,0.0
TMEM255B,0.13220169,0.0,0.0
TMEM256,0.10414021,0.0,0.0
TMEM258,0.08514283,0.0,0.0
TMEM259,0.055104416,0.0,0.0
TMEM26,0.14547887,0.0,0.0
TMEM260,0.2807252,0.0,0.0
TMEM263,0.093061745,0.0,0.0
TMEM266,0.13969779,0.0,0.0
TMEM267,0.1391947,0.0,0.0
TMEM268,0.13849224,0.0,0.0
TMEM270,0.17681412,0.0,0.0
TMEM273,0.22277309,0.0,0.0
TMEM30A,0.2553861,0.0,-1.0
TMEM31,0.17696187,0.0,0.0
TMEM33,0.16721977,0.0,0.0
TMEM35A,0.29740995,0.0,0.0
TMEM37,0.26624542,0.0,0.0
TMEM38A,0.19249597,0.0,0.0
TMEM38B,0.20583585,0.0,0.0
TMEM39A,0.07825219,0.0,0.0
TMEM39B,0.13092004,0.0,0.0
TMEM40,0.14347622,0.0,-1.0
TMEM41A,0.113034524,0.0,0.0
TMEM41B,0.030444121,0.0,0.0
TMEM42,0.006374552,0.0,0.0
TMEM43,0.312839,0.0,-1.0
TMEM44,0.08738152,0.0,0.0
TMEM45A,0.10736536,0.0,0.0
TMEM45B,0.031182794,0.0,0.0
TMEM47,0.18444999,0.0,0.0
TMEM50A,0.086446084,0.0,0.0
TMEM50B,0.13489816,0.0,0.0
TMEM51,0.073286265,0.0,0.0
TMEM52,0.1050614,0.0,0.0
TMEM52B,0.028294377,0.0,0.0
TMEM53,0.10192552,0.0,0.0
TMEM54,0.1284487,0.0,0.0
TMEM59,0.12754776,0.0,0.0
TMEM59L,0.14602248,0.0,0.0
TMEM60,0.08633429,0.0,0.0
TMEM61,0.06751111,0.0,0.0
TMEM62,0.0886278,0.0,0.0
TMEM63A,0.18391313,0.0,-1.0
TMEM63B,0.13032205,0.0,0.0
TMEM63C,0.31414425,0.0,0.0
TMEM64,0.13986304,0.0,0.0
TMEM65,0.18696304,0.0,0.0
TMEM67,0.3454325,0.0,-1.0
TMEM68,0.1500717,0.0,0.0
TMEM69,0.13933097,0.0,0.0
TMEM70,0.05869439,0.0,0.0
TMEM71,0.17918162,0.0,-1.0
TMEM72,0.013319395,0.0,0.0
TMEM74,0.2091374,0.0,-1.0
TMEM74B,0.17922819,0.0,0.0
TMEM79,0.21803638,0.0,0.0
TMEM80,0.1253938,0.0,0.0
TMEM86A,0.1322362,0.0,-1.0
TMEM86B,0.043949828,0.0,0.0
TMEM87A,0.09278914,0.0,0.0
TMEM87B,0.10746766,0.0,0.0
TMEM88,0.09632155,0.0,0.0
TMEM89,0.18772693,0.0,0.0
TMEM8B,0.20838709,0.0,0.0
TMEM91,0.09580778,0.0,0.0
TMEM92,0.13489628,0.0,0.0
TMEM94,0.20949656,0.0,0.0
TMEM95,0.17797175,0.0,0.0
TMEM97,0.24639058,0.0,0.0
TMEM98,0.12826666,0.0,0.0
TMEM9B,0.103037044,0.0,0.0
TMF1,0.30699757,0.0,0.0
TMIE,0.16306503,0.0,0.0
TMIGD1,0.059757072,0.0,0.0
TMIGD2,0.24083014,0.0,0.0
TMIGD3,0.26923177,0.0,0.0
TMLHE,0.2708234,0.0,0.0
TMOD1,0.27239898,0.0,0.0
TMOD2,0.2624128,0.0,0.0
TMOD3,0.3201234,0.0,0.0
TMOD4,0.31108612,0.0,0.0
TMPO,0.4343961,0.0,-1.0
TMPPE,0.2509133,0.0,0.0
TMPRSS11A,0.13538776,0.0,-1.0
TMPRSS11B,0.13276163,0.0,0.0
TMPRSS11D,0.45351112,0.0,-1.0
TMPRSS11E,0.11454568,0.0,0.0
TMPRSS11F,0.13445546,0.0,0.0
TMPRSS12,0.14929724,0.0,0.0
TMPRSS13,0.14305353,0.0,-1.0
TMPRSS15,0.16093418,0.0,0.0
TMPRSS2,0.24043101,0.0,1.0
TMPRSS3,0.13165976,0.0,-1.0
TMPRSS4,0.11693217,0.0,-1.0
TMPRSS5,0.12028851,0.0,-1.0
TMPRSS6,0.12186579,0.0,-1.0
TMPRSS7,0.12623976,0.0,0.0
TMPRSS9,0.09850226,0.0,0.0
TMSB10,0.3178904,0.0,-1.0
TMSB4X,0.28611708,0.0,-1.0
TMSB4Y,0.21715851,0.0,0.0
TMTC1,0.35432974,0.0,0.0
TMTC2,0.21161684,0.0,-1.0
TMTC3,0.28533655,0.0,-1.0
TMTC4,0.16049027,0.0,0.0
TMUB1,0.16543782,0.0,0.0
TMUB2,0.044458915,0.0,0.0
TMX1,0.22241966,0.0,0.0
TMX2,0.09616849,0.0,0.0
TMX3,0.32562423,0.0,-1.0
TMX4,0.16857122,0.0,0.0
TNC,0.5459009,1.0,1.0
TNF,0.5511831,1.0,-1.0
TNFAIP1,0.2104703,0.0,-1.0
TNFAIP2,0.36400643,0.0,0.0
TNFAIP3,0.42988157,0.0,1.0
TNFAIP6,0.46148768,0.0,-1.0
TNFAIP8,0.3760213,0.0,-1.0
TNFAIP8L1,0.057672445,0.0,0.0
TNFAIP8L2,0.18760449,0.0,0.0
TNFAIP8L3,0.18516634,0.0,-1.0
TNFRSF10A,0.5512767,1.0,-1.0
TNFRSF10B,0.5636737,1.0,-1.0
TNFRSF10C,0.4394403,0.0,0.0
TNFRSF10D,0.41692317,0.0,0.0
TNFRSF11A,0.45247826,0.0,-1.0
TNFRSF11B,0.55666983,1.0,-1.0
TNFRSF12A,0.36706245,0.0,0.0
TNFRSF13B,0.42986226,0.0,-1.0
TNFRSF13C,0.52551335,1.0,-1.0
TNFRSF14,0.36769658,0.0,1.0
TNFRSF17,0.44846416,0.0,1.0
TNFRSF18,0.42191437,0.0,0.0
TNFRSF19,0.42824036,0.0,0.0
TNFRSF1A,0.59582573,1.0,-1.0
TNFRSF1B,0.544399,1.0,-1.0
TNFRSF21,0.3781169,0.0,-1.0
TNFRSF25,0.4924252,0.0,0.0
TNFRSF4,0.48360106,0.0,0.0
TNFRSF6B,0.35179788,0.0,-1.0
TNFRSF8,0.54171246,1.0,-1.0
TNFRSF9,0.49861073,0.0,0.0
TNFSF10,0.6177834,1.0,-1.0
TNFSF11,0.57954895,1.0,-1.0
TNFSF12-TNFSF13,0.17035235,0.0,0.0
TNFSF13,0.32371062,0.0,0.0
TNFSF13B,0.5355637,1.0,-1.0
TNFSF14,0.4057331,0.0,0.0
TNFSF15,0.37650058,0.0,-1.0
TNFSF18,0.32922974,0.0,-1.0
TNFSF4,0.47990736,0.0,-1.0
TNFSF8,0.40542907,0.0,-1.0
TNFSF9,0.40865177,0.0,0.0
TNIK,0.28906772,0.0,0.0
TNIP1,0.38888928,0.0,0.0
TNIP2,0.35701445,0.0,0.0
TNIP3,0.44771767,0.0,0.0
TNK2,0.3612938,0.0,0.0
TNKS,0.40825075,0.0,-1.0
TNKS1BP1,0.26932746,0.0,0.0
TNKS2,0.38779625,0.0,-1.0
TNMD,0.3735373,0.0,0.0
TNN,0.34655842,0.0,-1.0
TNNC1,0.3545423,0.0,-1.0
TNNC2,0.34222046,0.0,0.0
TNNI1,0.2996936,0.0,0.0
TNNI2,0.25994712,0.0,0.0
TNNI3,0.47493798,0.0,-1.0
TNNT1,0.6368837,1.0,-1.0
TNNT2,0.44965968,0.0,-1.0
TNNT3,0.32113072,0.0,0.0
TNP1,0.19449352,0.0,0.0
TNP2,0.20881301,0.0,0.0
TNPO1,0.41073936,0.0,-1.0
TNPO2,0.30797437,0.0,-1.0
TNPO3,0.34450835,0.0,0.0
TNR,0.38006318,0.0,-1.0
TNRC18,0.22589493,0.0,-1.0
TNRC6A,0.39876723,0.0,-1.0
TNRC6B,0.42935318,0.0,-1.0
TNRC6C,0.35297304,0.0,0.0
TNS1,0.64768964,1.0,0.0
TNS2,0.37957573,0.0,0.0
TNS3,0.4219312,0.0,0.0
TNS4,0.25888172,0.0,-1.0
TNXB,0.41713804,0.0,-1.0
TOB1,0.42772004,0.0,-1.0
TOB2,0.33982593,0.0,-1.0
TOE1,0.2173964,0.0,0.0
TOGARAM1,0.19876823,0.0,0.0
TOLLIP,0.3542014,0.0,0.0
TOM1,0.38977164,0.0,0.0
TOM1L1,0.31595385,0.0,0.0
TOM1L2,0.27981544,0.0,0.0
TOMM20,0.18152195,0.0,0.0
TOMM20L,0.17001724,0.0,0.0
TOMM22,0.14584295,0.0,0.0
TOMM34,0.2733306,0.0,0.0
TOMM40,0.11852394,0.0,0.0
TOMM40L,0.114428475,0.0,0.0
TOMM5,0.13428839,0.0,0.0
TOMM6,0.10075547,0.0,0.0
TOMM7,0.0836323,0.0,0.0
TOMM70,0.22230566,0.0,0.0
TONSL,0.34695908,0.0,0.0
TOP1,0.6649139,1.0,1.0
TOP1MT,0.3153971,0.0,0.0
TOP2A,0.47167715,0.0,-1.0
TOP2B,0.4149131,0.0,-1.0
TOP3A,0.36518934,0.0,0.0
TOP3B,0.21414411,0.0,0.0
TOPAZ1,0.19284277,0.0,0.0
TOPBP1,0.5671957,1.0,0.0
TOPORS,0.4991509,0.0,-1.0
TOR1A,0.3351922,0.0,-1.0
TOR1AIP1,0.1553859,0.0,0.0
TOR1AIP2,0.12265264,0.0,0.0
TOR1B,0.3163991,0.0,-1.0
TOR2A,0.13687043,0.0,0.0
TOR3A,0.30235738,0.0,0.0
TOR4A,0.22935887,0.0,0.0
TOX,0.38492197,0.0,-1.0
TOX2,0.25843894,0.0,0.0
TOX3,0.31834206,0.0,-1.0
TP53,0.7285149,1.0,1.0
TP53AIP1,0.39918107,0.0,-1.0
TP53BP1,0.599655,1.0,1.0
TP53BP2,0.41223484,0.0,-1.0
TP53I11,0.13025098,0.0,0.0
TP53I13,0.09827961,0.0,0.0
TP53I3,0.13728923,0.0,0.0
TP53INP1,0.42183515,0.0,-1.0
TP53INP2,0.29969454,0.0,0.0
TP53RK,0.19422722,0.0,-1.0
TP53TG3,0.20157813,0.0,0.0
TP53TG3B,0.20392016,0.0,0.0
TP53TG3C,0.18753767,0.0,0.0
TP53TG5,0.14092784,0.0,0.0
TP63,0.5823129,1.0,1.0
TP73,0.4769256,0.0,-1.0
TPBG,0.34448907,0.0,-1.0
TPCN1,0.37073404,0.0,0.0
TPCN2,0.24661872,0.0,0.0
TPD52,0.25547957,0.0,-1.0
TPD52L1,0.2746049,0.0,0.0
TPD52L2,0.23826389,0.0,0.0
TPD52L3,0.17818858,0.0,0.0
TPGS1,0.13944365,0.0,0.0
TPGS2,0.111280054,0.0,0.0
TPH1,0.36840728,0.0,0.0
TPH2,0.26360318,0.0,0.0
TPI1,0.22889097,0.0,0.0
TPK1,0.28493804,0.0,-1.0
TPM1,0.5080724,1.0,-1.0
TPM2,0.47792795,0.0,-1.0
TPM3,0.44623923,0.0,1.0
TPM4,0.41996926,0.0,1.0
TPMT,0.21352448,0.0,0.0
TPO,0.3891011,0.0,-1.0
TPP1,0.3068592,0.0,-1.0
TPP2,0.3211184,0.0,0.0
TPPP,0.28642017,0.0,0.0
TPPP2,0.19163531,0.0,0.0
TPPP3,0.08336171,0.0,0.0
TPR,0.5679196,1.0,1.0
TPRA1,0.122537404,0.0,0.0
TPRG1,0.110423505,0.0,-1.0
TPRG1L,0.30820453,0.0,-1.0
TPRKB,0.169216,0.0,0.0
TPRN,0.20612428,0.0,0.0
TPRX1,0.15271719,0.0,0.0
TPSAB1,0.16519038,0.0,-1.0
TPSD1,0.09770571,0.0,0.0
TPSG1,0.17014699,0.0,0.0
TPST1,0.16899568,0.0,0.0
TPST2,0.24623224,0.0,0.0
TPT1,0.37243134,0.0,0.0
TPX2,0.47282478,0.0,-1.0
TRA2A,0.23673257,0.0,0.0
TRA2B,0.3188681,0.0,0.0
TRABD,0.11759746,0.0,0.0
TRABD2A,0.30801928,0.0,0.0
TRADD,0.5183964,1.0,0.0
TRAF1,0.4685138,0.0,-1.0
TRAF2,0.43402505,0.0,-1.0
TRAF3,0.48832393,0.0,1.0
TRAF3IP1,0.12271493,0.0,0.0
TRAF3IP2,0.40390113,0.0,-1.0
TRAF3IP3,0.31132585,0.0,-1.0
TRAF4,0.33097553,0.0,-1.0
TRAF5,0.39872026,0.0,1.0
TRAF6,0.629734,1.0,-1.0
TRAF7,0.29079196,0.0,1.0
TRAFD1,0.28829795,0.0,0.0
TRAIP,0.30502024,0.0,-1.0
TRAK1,0.2804998,0.0,-1.0
TRAK2,0.28847665,0.0,0.0
TRAM1,0.13885827,0.0,0.0
TRAM1L1,0.12532987,0.0,0.0
TRAM2,0.19949861,0.0,0.0
TRANK1,0.34497678,0.0,0.0
TRAP1,0.31363523,0.0,-1.0
TRAPPC1,0.15698914,0.0,0.0
TRAPPC10,0.3997567,0.0,0.0
TRAPPC11,0.36285135,0.0,0.0
TRAPPC12,0.13981129,0.0,0.0
TRAPPC13,0.21184176,0.0,0.0
TRAPPC14,0.18659006,0.0,0.0
TRAPPC2,0.38807017,0.0,-1.0
TRAPPC2L,0.13147119,0.0,-1.0
TRAPPC3,0.20335935,0.0,0.0
TRAPPC3L,0.21960291,0.0,0.0
TRAPPC4,0.23556258,0.0,0.0
TRAPPC5,0.19273427,0.0,0.0
TRAPPC6A,0.19150385,0.0,0.0
TRAPPC6B,0.2595696,0.0,0.0
TRAPPC8,0.39366567,0.0,0.0
TRAPPC9,0.3340774,0.0,-1.0
TRARG1,0.28559777,0.0,0.0
TRAT1,0.47524938,0.0,-1.0
TRDMT1,0.3666735,0.0,0.0
TREH,0.17065293,0.0,0.0
TREM1,0.2713577,0.0,0.0
TREM2,0.25129408,0.0,-1.0
TREML1,0.13435721,0.0,0.0
TREML2,0.16875318,0.0,0.0
TREML4,0.15529244,0.0,0.0
TRERF1,0.5032588,1.0,-1.0
TREX2,0.28494012,0.0,0.0
TRH,0.34443656,0.0,0.0
TRHDE,0.19889027,0.0,-1.0
TRHR,0.18622768,0.0,-1.0
TRIAP1,0.27880907,0.0,-1.0
TRIB1,0.369007,0.0,-1.0
TRIB2,0.34324053,0.0,-1.0
TRIB3,0.35726064,0.0,0.0
TRIM10,0.2746965,0.0,0.0
TRIM11,0.20638767,0.0,0.0
TRIM14,0.26903483,0.0,0.0
TRIM15,0.27985334,0.0,0.0
TRIM16,0.18778777,0.0,0.0
TRIM16L,0.19640423,0.0,0.0
TRIM17,0.35563374,0.0,0.0
TRIM2,0.25551584,0.0,0.0
TRIM21,0.33687958,0.0,0.0
TRIM22,0.33026752,0.0,0.0
TRIM23,0.36191314,0.0,-1.0
TRIM24,0.45250896,0.0,1.0
TRIM25,0.40089336,0.0,0.0
TRIM26,0.31221527,0.0,0.0
TRIM27,0.4122571,0.0,1.0
TRIM28,0.36679018,0.0,-1.0
TRIM29,0.3252226,0.0,0.0
TRIM3,0.28446785,0.0,0.0
TRIM31,0.2950654,0.0,0.0
TRIM32,0.30549783,0.0,-1.0
TRIM33,0.545171,1.0,1.0
TRIM34,0.25070328,0.0,0.0
TRIM35,0.23402543,0.0,0.0
TRIM36,0.22338133,0.0,0.0
TRIM37,0.4284303,0.0,-1.0
TRIM39,0.21418415,0.0,0.0
TRIM4,0.22180644,0.0,0.0
TRIM40,0.21709664,0.0,0.0
TRIM41,0.20260857,0.0,0.0
TRIM42,0.1723296,0.0,0.0
TRIM43,0.19691886,0.0,0.0
TRIM44,0.23073679,0.0,0.0
TRIM45,0.249666,0.0,0.0
TRIM46,0.2668045,0.0,0.0
TRIM47,0.25547165,0.0,0.0
TRIM48,0.22506446,0.0,-1.0
TRIM49,0.2130055,0.0,0.0
TRIM49B,0.21086153,0.0,0.0
TRIM49C,0.21377045,0.0,0.0
TRIM5,0.31858712,0.0,0.0
TRIM50,0.22876911,0.0,0.0
TRIM51,0.22846495,0.0,-1.0
TRIM54,0.23637515,0.0,0.0
TRIM55,0.21481168,0.0,0.0
TRIM56,0.17263663,0.0,0.0
TRIM58,0.14453878,0.0,-1.0
TRIM59,0.1457991,0.0,0.0
TRIM6,0.2281278,0.0,0.0
TRIM6-TRIM34,0.22526643,0.0,0.0
TRIM60,0.1956486,0.0,0.0
TRIM61,0.21588145,0.0,0.0
TRIM62,0.24202667,0.0,-1.0
TRIM63,0.37111247,0.0,0.0
TRIM64B,0.22018667,0.0,0.0
TRIM65,0.1537334,0.0,0.0
TRIM66,0.19931544,0.0,0.0
TRIM67,0.32063553,0.0,0.0
TRIM68,0.23629102,0.0,0.0
TRIM69,0.2143963,0.0,0.0
TRIM7,0.21293195,0.0,0.0
TRIM71,0.25447375,0.0,-1.0
TRIM72,0.2921531,0.0,0.0
TRIM73,0.21375862,0.0,0.0
TRIM74,0.20604625,0.0,0.0
TRIM8,0.28359497,0.0,0.0
TRIM9,0.29571527,0.0,0.0
TRIML1,0.17341071,0.0,0.0
TRIML2,0.17507932,0.0,0.0
TRIO,0.3536595,0.0,-1.0
TRIOBP,0.23838967,0.0,-1.0
TRIP10,0.39713404,0.0,0.0
TRIP11,0.33496863,0.0,1.0
TRIP12,0.5700176,1.0,-1.0
TRIP13,0.43488172,0.0,1.0
TRIP4,0.30260637,0.0,0.0
TRIP6,0.35211092,0.0,0.0
TRIQK,0.24137495,0.0,0.0
TRIR,0.20695652,0.0,0.0
TRIT1,0.30127656,0.0,0.0
TRMO,0.3798183,0.0,0.0
TRMT1,0.12812889,0.0,0.0
TRMT10A,0.10503246,0.0,-1.0
TRMT10B,0.12872113,0.0,-1.0
TRMT10C,0.10522453,0.0,-1.0
TRMT11,0.11186751,0.0,0.0
TRMT112,0.08488415,0.0,0.0
TRMT12,0.10193791,0.0,0.0
TRMT13,0.1823254,0.0,0.0
TRMT1L,0.12442764,0.0,0.0
TRMT2A,0.12012263,0.0,0.0
TRMT2B,0.18229923,0.0,0.0
TRMT44,0.11721643,0.0,-1.0
TRMT5,0.09130244,0.0,0.0
TRMT6,0.10652135,0.0,0.0
TRMT61A,0.11315343,0.0,0.0
TRMT61B,0.117599316,0.0,0.0
TRMT9B,0.112415366,0.0,0.0
TRMU,0.16389951,0.0,0.0
TRNAU1AP,0.3549077,0.0,0.0
TRNP1,0.12926449,0.0,0.0
TRNT1,0.22206269,0.0,0.0
TRO,0.47754395,0.0,-1.0
TROAP,0.3546677,0.0,0.0
TRPA1,0.3589648,0.0,-1.0
TRPC1,0.4148995,0.0,0.0
TRPC3,0.37242627,0.0,0.0
TRPC4AP,0.18311897,0.0,0.0
TRPC5,0.36871773,0.0,0.0
TRPC6,0.3912583,0.0,-1.0
TRPC7,0.24408305,0.0,-1.0
TRPM1,0.19986975,0.0,-1.0
TRPM2,0.26711875,0.0,-1.0
TRPM3,0.21867964,0.0,-1.0
TRPM4,0.30079955,0.0,0.0
TRPM5,0.15815577,0.0,0.0
TRPM6,0.3416287,0.0,-1.0
TRPM7,0.4009991,0.0,-1.0
TRPM8,0.24244471,0.0,-1.0
TRPS1,0.30102405,0.0,-1.0
TRPT1,0.13427386,0.0,0.0
TRPV1,0.3293965,0.0,-1.0
TRPV2,0.30139133,0.0,-1.0
TRPV3,0.190914,0.0,0.0
TRPV4,0.3797596,0.0,-1.0
TRPV5,0.17631951,0.0,-1.0
TRPV6,0.18820907,0.0,-1.0
TRRAP,0.504492,1.0,1.0
TRUB1,0.13341698,0.0,0.0
TRUB2,0.082336016,0.0,0.0
TSACC,0.18270864,0.0,0.0
TSBP1,0.1940351,0.0,0.0
TSC1,0.57352185,1.0,1.0
TSC2,0.5871992,1.0,1.0
TSC22D1,0.35894194,0.0,-1.0
TSC22D2,0.1495359,0.0,0.0
TSC22D3,0.38260493,0.0,0.0
TSC22D4,0.24221055,0.0,0.0
TSEN15,0.097305134,0.0,0.0
TSEN2,0.14350289,0.0,0.0
TSEN34,0.14189276,0.0,0.0
TSEN54,0.1528997,0.0,0.0
TSFM,0.13807946,0.0,0.0
TSG101,0.42347997,0.0,-1.0
TSGA10,0.21308547,0.0,0.0
TSGA13,0.16916798,0.0,0.0
TSHB,0.2920812,0.0,0.0
TSHR,0.33178484,0.0,1.0
TSHZ1,0.4176094,0.0,0.0
TSHZ2,0.36288118,0.0,-1.0
TSHZ3,0.24011596,0.0,-1.0
TSKS,0.17392018,0.0,0.0
TSKU,0.3634526,0.0,0.0
TSLP,0.45175767,0.0,0.0
TSN,0.31397182,0.0,-1.0
TSNARE1,0.21577644,0.0,0.0
TSNAX,0.2463833,0.0,0.0
TSNAXIP1,0.1920376,0.0,0.0
TSPAN1,0.0857024,0.0,-1.0
TSPAN11,0.08408684,0.0,0.0
TSPAN12,0.17924437,0.0,0.0
TSPAN13,0.09376532,0.0,0.0
TSPAN14,0.12153472,0.0,0.0
TSPAN15,0.15322223,0.0,0.0
TSPAN16,0.15972301,0.0,0.0
TSPAN17,0.097134106,0.0,0.0
TSPAN18,0.1047386,0.0,-1.0
TSPAN19,0.05870627,0.0,0.0
TSPAN2,0.113489635,0.0,0.0
TSPAN3,0.22631809,0.0,0.0
TSPAN31,0.17548735,0.0,0.0
TSPAN32,0.29714078,0.0,0.0
TSPAN4,0.19409464,0.0,0.0
TSPAN5,0.19345056,0.0,0.0
TSPAN6,0.19334896,0.0,0.0
TSPAN7,0.24631204,0.0,-1.0
TSPAN8,0.18100576,0.0,-1.0
TSPAN9,0.14279102,0.0,0.0
TSPEAR,0.10562681,0.0,-1.0
TSPO,0.4160953,0.0,0.0
TSPO2,0.097184576,0.0,0.0
TSPOAP1,0.22423446,0.0,-1.0
TSPY1,0.26136532,0.0,-1.0
TSPY10,0.24786104,0.0,0.0
TSPY2,0.23100941,0.0,0.0
TSPY3,0.23021144,0.0,0.0
TSPY4,0.236294,0.0,0.0
TSPYL1,0.24133794,0.0,-1.0
TSPYL2,0.2488698,0.0,-1.0
TSPYL4,0.22282714,0.0,-1.0
TSPYL5,0.20987302,0.0,0.0
TSPYL6,0.21755135,0.0,0.0
TSR1,0.15906972,0.0,0.0
TSR2,0.16968207,0.0,0.0
TSR3,0.2250971,0.0,0.0
TSSC4,0.2862345,0.0,0.0
TSSK1B,0.32473722,0.0,0.0
TSSK2,0.32050803,0.0,0.0
TSSK3,0.3292439,0.0,0.0
TSSK4,0.3503808,0.0,0.0
TST,0.3521687,0.0,0.0
TSTD1,0.18335465,0.0,0.0
TSTD2,0.12799472,0.0,0.0
TTBK1,0.34446803,0.0,0.0
TTBK2,0.34485626,0.0,-1.0
TTC1,0.21855149,0.0,0.0
TTC12,0.25208482,0.0,0.0
TTC13,0.34383062,0.0,0.0
TTC14,0.29815766,0.0,-1.0
TTC16,0.27265787,0.0,0.0
TTC17,0.26446387,0.0,0.0
TTC19,0.27593237,0.0,0.0
TTC21A,0.22594109,0.0,0.0
TTC21B,0.34887728,0.0,-1.0
TTC22,0.08909661,0.0,0.0
TTC23,0.15507948,0.0,0.0
TTC23L,0.19099414,0.0,0.0
TTC24,0.2615449,0.0,0.0
TTC26,0.19872911,0.0,0.0
TTC27,0.13513857,0.0,0.0
TTC28,0.29138678,0.0,0.0
TTC29,0.19656357,0.0,0.0
TTC3,0.36749908,0.0,0.0
TTC30A,0.21087795,0.0,0.0
TTC30B,0.043427262,0.0,0.0
TTC31,0.255675,0.0,0.0
TTC32,0.27373695,0.0,0.0
TTC33,0.25003383,0.0,0.0
TTC34,0.18286565,0.0,0.0
TTC36,0.08973361,0.0,0.0
TTC37,0.56142443,1.0,0.0
TTC38,0.16597836,0.0,0.0
TTC39A,0.16172718,0.0,0.0
TTC39B,0.2162268,0.0,-1.0
TTC39C,0.24409665,0.0,0.0
TTC4,0.2624529,0.0,-1.0
TTC5,0.2409219,0.0,0.0
TTC6,0.2645977,0.0,0.0
TTC7A,0.35323098,0.0,0.0
TTC7B,0.14347628,0.0,0.0
TTC8,0.30368122,0.0,-1.0
TTC9,0.13088329,0.0,0.0
TTC9B,0.15995333,0.0,0.0
TTC9C,0.11172851,0.0,0.0
TTF1,0.28933868,0.0,0.0
TTF2,0.48465303,0.0,0.0
TTI1,0.3180163,0.0,0.0
TTI2,0.2194115,0.0,0.0
TTK,0.5780209,1.0,-1.0
TTL,0.33228293,0.0,-1.0
TTLL1,0.18236458,0.0,0.0
TTLL10,0.1541696,0.0,0.0
TTLL11,0.17000327,0.0,0.0
TTLL12,0.120307915,0.0,0.0
TTLL2,0.16815364,0.0,0.0
TTLL3,0.15764578,0.0,-1.0
TTLL4,0.19092305,0.0,0.0
TTLL5,0.23087522,0.0,-1.0
TTLL6,0.18860102,0.0,0.0
TTLL7,0.1987578,0.0,0.0
TTLL8,0.17342299,0.0,0.0
TTLL9,0.1772341,0.0,-1.0
TTN,0.52141196,1.0,-1.0
TTPA,0.139708,0.0,-1.0
TTPAL,0.2705295,0.0,0.0
TTR,0.47129798,0.0,-1.0
TTYH1,0.11368359,0.0,0.0
TTYH2,0.07170283,0.0,0.0
TTYH3,0.09061622,0.0,0.0
TUB,0.42530483,0.0,0.0
TUBA1A,0.44883054,0.0,-1.0
TUBA1B,0.41182876,0.0,0.0
TUBA1C,0.39601544,0.0,-1.0
TUBA3C,0.29461753,0.0,-1.0
TUBA3D,0.39372852,0.0,-1.0
TUBA3E,0.32098684,0.0,0.0
TUBA4A,0.41256362,0.0,-1.0
TUBA8,0.32309085,0.0,-1.0
TUBAL3,0.31052405,0.0,0.0
TUBB,0.49282908,0.0,0.0
TUBB1,0.3615116,0.0,-1.0
TUBB2A,0.43712634,0.0,0.0
TUBB2B,0.348716,0.0,-1.0
TUBB3,0.4516535,0.0,0.0
TUBB4A,0.50324214,1.0,0.0
TUBB4B,0.38342294,0.0,0.0
TUBB6,0.33841023,0.0,0.0
TUBD1,0.3424885,0.0,0.0
TUBE1,0.37740186,0.0,0.0
TUBG1,0.43628934,0.0,0.0
TUBG2,0.35872635,0.0,0.0
TUBGCP2,0.38099974,0.0,0.0
TUBGCP3,0.441598,0.0,0.0
TUBGCP4,0.30664238,0.0,0.0
TUBGCP6,0.342512,0.0,-1.0
TUFM,0.1308389,0.0,0.0
TUFT1,0.13323264,0.0,0.0
TULP1,0.30222204,0.0,-1.0
TULP2,0.20782715,0.0,0.0
TULP3,0.2810481,0.0,0.0
TULP4,0.29256186,0.0,0.0
TUSC1,0.14846733,0.0,0.0
TUSC2,0.23505886,0.0,0.0
TUT1,0.30902,0.0,0.0
TUT4,0.33764774,0.0,0.0
TUT7,0.38633573,0.0,0.0
TVP23A,0.175035,0.0,0.0
TVP23B,0.1522323,0.0,0.0
TVP23C,0.16167657,0.0,0.0
TVP23C-CDRT4,0.14212874,0.0,0.0
TWF1,0.29098934,0.0,0.0
TWF2,0.25243646,0.0,0.0
TWIST1,0.62751913,1.0,-1.0
TWIST2,0.5409054,1.0,-1.0
TWNK,0.3027709,0.0,-1.0
TWSG1,0.38083956,0.0,0.0
TXK,0.4557214,0.0,0.0
TXLNA,0.26621246,0.0,0.0
TXLNB,0.22021721,0.0,0.0
TXLNG,0.3086212,0.0,0.0
TXN,0.41011083,0.0,-1.0
TXN2,0.25385904,0.0,0.0
TXNDC11,0.25734976,0.0,0.0
TXNDC12,0.19792353,0.0,0.0
TXNDC15,0.14608152,0.0,0.0
TXNDC16,0.23500521,0.0,0.0
TXNDC17,0.18480851,0.0,0.0
TXNDC2,0.20909812,0.0,0.0
TXNDC5,0.24043734,0.0,0.0
TXNDC8,0.2076363,0.0,-1.0
TXNDC9,0.3407968,0.0,0.0
TXNL1,0.33622524,0.0,0.0
TXNL4A,0.25410402,0.0,0.0
TXNL4B,0.26090965,0.0,0.0
TXNRD1,0.19793272,0.0,-1.0
TXNRD2,0.18576086,0.0,-1.0
TXNRD3,0.14667597,0.0,-1.0
TYK2,0.5341723,1.0,1.0
TYMP,0.39820296,0.0,-1.0
TYMS,0.4505203,0.0,-1.0
TYR,0.5094024,1.0,-1.0
TYRO3,0.55546933,1.0,-1.0
TYROBP,0.23735543,0.0,-1.0
TYRP1,0.4502514,0.0,-1.0
TYSND1,0.22776678,0.0,-1.0
TYW1,0.18472853,0.0,0.0
TYW3,0.12481771,0.0,0.0
TYW5,0.22587089,0.0,0.0
U2AF1,0.42893642,0.0,1.0
U2AF1L4,0.24175678,0.0,0.0
U2AF2,0.40982327,0.0,-1.0
UACA,0.31386194,0.0,-1.0
UAP1,0.2811444,0.0,-1.0
UAP1L1,0.2196872,0.0,0.0
UBA1,0.394058,0.0,0.0
UBA2,0.31176716,0.0,-1.0
UBA3,0.28850278,0.0,0.0
UBA5,0.2086893,0.0,0.0
UBA52,0.55078876,1.0,-1.0
UBA6,0.27675474,0.0,-1.0
UBA7,0.27501935,0.0,-1.0
UBAC1,0.23349623,0.0,-1.0
UBAC2,0.18229799,0.0,-1.0
UBALD1,0.13387652,0.0,0.0
UBALD2,0.15918575,0.0,0.0
UBAP2,0.18810725,0.0,0.0
UBAP2L,0.15491085,0.0,0.0
UBASH3A,0.28696266,0.0,0.0
UBASH3B,0.31372738,0.0,0.0
UBB,0.6137845,1.0,-1.0
UBC,0.6742996,1.0,-1.0
UBD,0.43154433,0.0,-1.0
UBE2A,0.50277835,1.0,-1.0
UBE2B,0.46868375,0.0,0.0
UBE2C,0.40512726,0.0,-1.0
UBE2D1,0.55671144,1.0,-1.0
UBE2D2,0.53821164,1.0,-1.0
UBE2D3,0.49495608,0.0,0.0
UBE2D4,0.3792117,0.0,0.0
UBE2E1,0.43795463,0.0,0.0
UBE2E2,0.4279071,0.0,0.0
UBE2E3,0.4811189,0.0,0.0
UBE2F,0.2199678,0.0,0.0
UBE2F-SCLY,0.23793295,0.0,0.0
UBE2G1,0.38186848,0.0,0.0
UBE2G2,0.21507514,0.0,0.0
UBE2H,0.30376267,0.0,0.0
UBE2I,0.6451014,1.0,-1.0
UBE2J1,0.42176262,0.0,0.0
UBE2J2,0.19521004,0.0,-1.0
UBE2K,0.52526015,1.0,0.0
UBE2L3,0.5126812,1.0,0.0
UBE2L6,0.45496112,0.0,0.0
UBE2M,0.23675483,0.0,0.0
UBE2N,0.5297328,1.0,0.0
UBE2O,0.21091636,0.0,0.0
UBE2Q1,0.191611,0.0,0.0
UBE2Q2,0.11922527,0.0,0.0
UBE2Q2L,0.17662235,0.0,0.0
UBE2QL1,0.14923146,0.0,0.0
UBE2R2,0.40223852,0.0,0.0
UBE2S,0.6096115,1.0,0.0
UBE2T,0.48965967,0.0,-1.0
UBE2U,0.36940774,0.0,0.0
UBE2V1,0.3619975,0.0,0.0
UBE2V2,0.3025124,0.0,0.0
UBE2W,0.42435652,0.0,0.0
UBE2Z,0.36665186,0.0,0.0
UBE3A,0.6105415,1.0,-1.0
UBE3B,0.5022163,1.0,0.0
UBE3C,0.4099375,0.0,0.0
UBE3D,0.15263261,0.0,0.0
UBE4A,0.33339018,0.0,0.0
UBE4B,0.3708009,0.0,0.0
UBFD1,0.26839525,0.0,0.0
UBIAD1,0.13001248,0.0,-1.0
UBL3,0.13783903,0.0,-1.0
UBL4A,0.43108052,0.0,0.0
UBL4B,0.34152701,0.0,0.0
UBL5,0.09860206,0.0,0.0
UBL7,0.13027638,0.0,-1.0
UBLCP1,0.23509122,0.0,0.0
UBN1,0.38715306,0.0,0.0
UBN2,0.27033088,0.0,0.0
UBOX5,0.27815878,0.0,0.0
UBP1,0.35639563,0.0,0.0
UBQLN1,0.43853295,0.0,0.0
UBQLN2,0.43653116,0.0,-1.0
UBQLN3,0.1651424,0.0,0.0
UBQLN4,0.37838063,0.0,0.0
UBQLNL,0.3229632,0.0,0.0
UBR1,0.45025557,0.0,-1.0
UBR2,0.43067062,0.0,-1.0
UBR3,0.31846073,0.0,-1.0
UBR4,0.31705052,0.0,0.0
UBR5,0.5602324,1.0,1.0
UBR7,0.22656114,0.0,0.0
UBTD1,0.17237836,0.0,0.0
UBTD2,0.078988984,0.0,0.0
UBTF,0.39899895,0.0,0.0
UBXN1,0.18149444,0.0,0.0
UBXN10,0.13363582,0.0,0.0
UBXN11,0.3962468,0.0,0.0
UBXN2A,0.17694852,0.0,0.0
UBXN2B,0.30075532,0.0,0.0
UBXN4,0.2062038,0.0,0.0
UBXN6,0.14389947,0.0,0.0
UBXN7,0.39323607,0.0,-1.0
UCHL1,0.5048666,1.0,-1.0
UCHL3,0.2144592,0.0,0.0
UCHL5,0.30520353,0.0,-1.0
UCK1,0.164076,0.0,0.0
UCK2,0.21593033,0.0,0.0
UCKL1,0.3004441,0.0,0.0
UCMA,0.20730951,0.0,0.0
UCN,0.32972443,0.0,0.0
UCN2,0.31645146,0.0,0.0
UCN3,0.21962914,0.0,0.0
UCP1,0.36495048,0.0,0.0
UCP2,0.32817718,0.0,0.0
UCP3,0.2940682,0.0,-1.0
UEVLD,0.15701486,0.0,0.0
UFC1,0.11905173,0.0,0.0
UFD1,0.35175306,0.0,0.0
UFL1,0.23661497,0.0,0.0
UFM1,0.16645452,0.0,0.0
UFSP1,0.12704337,0.0,0.0
UFSP2,0.12811263,0.0,0.0
UGCG,0.25186944,0.0,0.0
UGDH,0.23710805,0.0,0.0
UGGT1,0.324578,0.0,0.0
UGGT2,0.1554998,0.0,0.0
UGP2,0.26314116,0.0,0.0
UGT1A1,0.101213224,0.0,-1.0
UGT1A10,0.14228335,0.0,0.0
UGT1A3,0.11268573,0.0,0.0
UGT1A4,0.0633047,0.0,-1.0
UGT1A5,0.14801337,0.0,0.0
UGT1A6,0.15577576,0.0,0.0
UGT1A7,0.1574072,0.0,0.0
UGT1A8,0.13578199,0.0,0.0
UGT1A9,0.09153663,0.0,0.0
UGT2A3,0.096078694,0.0,-1.0
UGT2B10,0.07829681,0.0,-1.0
UGT2B11,0.13174881,0.0,0.0
UGT2B15,0.1383852,0.0,0.0
UGT2B17,0.14431205,0.0,0.0
UGT2B28,0.17122003,0.0,0.0
UGT2B4,0.077981964,0.0,0.0
UGT2B7,0.10809902,0.0,0.0
UGT3A1,0.09209681,0.0,0.0
UGT3A2,0.13191938,0.0,0.0
UGT8,0.21619137,0.0,0.0
UHMK1,0.38016686,0.0,-1.0
UHRF1BP1,0.36982012,0.0,0.0
UHRF1BP1L,0.34348452,0.0,0.0
UHRF2,0.4073497,0.0,-1.0
UIMC1,0.40564418,0.0,0.0
ULBP1,0.2992626,0.0,0.0
ULBP2,0.30634898,0.0,0.0
ULBP3,0.28856638,0.0,0.0
ULK1,0.40520883,0.0,-1.0
ULK2,0.28669855,0.0,-1.0
ULK3,0.30824828,0.0,0.0
ULK4,0.3995939,0.0,0.0
UMOD,0.14831264,0.0,-1.0
UMODL1,0.16463664,0.0,0.0
UMPS,0.26134738,0.0,-1.0
UNC119,0.2774459,0.0,-1.0
UNC119B,0.18412307,0.0,0.0
UNC13A,0.3253873,0.0,0.0
UNC13B,0.34132597,0.0,0.0
UNC13C,0.26954,0.0,-1.0
UNC13D,0.2663591,0.0,-1.0
UNC45A,0.2677798,0.0,0.0
UNC45B,0.2942498,0.0,0.0
UNC50,0.2369854,0.0,0.0
UNC5A,0.2845733,0.0,0.0
UNC5B,0.3461428,0.0,0.0
UNC5C,0.31078157,0.0,-1.0
UNC5CL,0.20708436,0.0,0.0
UNC5D,0.27455306,0.0,-1.0
UNC79,0.18824992,0.0,-1.0
UNC80,0.22879705,0.0,-1.0
UNC93A,0.1140142,0.0,0.0
UNC93B1,0.25663024,0.0,-1.0
UNCX,0.29733592,0.0,-1.0
UNG,0.5395721,1.0,-1.0
UNKL,0.2302337,0.0,0.0
UPB1,0.118475676,0.0,0.0
UPF1,0.36531585,0.0,-1.0
UPF2,0.3383967,0.0,0.0
UPF3A,0.23249246,0.0,0.0
UPF3B,0.30323222,0.0,-1.0
UPK1A,0.07803726,0.0,0.0
UPK1B,0.1514408,0.0,0.0
UPK2,0.10918107,0.0,0.0
UPK3A,0.16032955,0.0,-1.0
UPK3B,0.04479711,0.0,0.0
UPK3BL1,0.01141461,0.0,0.0
UPP1,0.21676812,0.0,0.0
UPRT,0.40855834,0.0,0.0
UQCC1,0.1667006,0.0,0.0
UQCC2,0.09163034,0.0,0.0
UQCC3,0.18455999,0.0,0.0
UQCR10,0.07477346,0.0,0.0
UQCR11,0.052460227,0.0,0.0
UQCRB,0.07934474,0.0,0.0
UQCRC1,0.14314887,0.0,0.0
UQCRC2,0.19224054,0.0,-1.0
UQCRFS1,0.13425675,0.0,0.0
UQCRH,0.07518494,0.0,0.0
UQCRQ,0.05839878,0.0,0.0
URAD,0.111913666,0.0,0.0
URB1,0.11603121,0.0,-1.0
URB2,0.14008532,0.0,-1.0
URGCP,0.15502682,0.0,0.0
URM1,0.1786758,0.0,0.0
UROC1,0.07113338,0.0,0.0
UROD,0.20531744,0.0,-1.0
UROS,0.25702938,0.0,-1.0
USB1,0.19969343,0.0,-1.0
USE1,0.37673295,0.0,0.0
USF1,0.5373469,1.0,-1.0
USF2,0.43805727,0.0,0.0
USF3,0.26436743,0.0,0.0
USH1C,0.24292208,0.0,-1.0
USH2A,0.31541336,0.0,-1.0
USHBP1,0.18045218,0.0,0.0
USP1,0.4915903,0.0,-1.0
USP10,0.3833391,0.0,-1.0
USP11,0.3738477,0.0,0.0
USP12,0.34680182,0.0,0.0
USP13,0.2580681,0.0,-1.0
USP14,0.29764304,0.0,0.0
USP15,0.4199847,0.0,-1.0
USP16,0.3237551,0.0,-1.0
USP17L10,0.1263142,0.0,0.0
USP17L11,0.1263142,0.0,0.0
USP17L12,0.1263142,0.0,0.0
USP17L15,0.1263142,0.0,0.0
USP17L17,0.13267453,0.0,0.0
USP17L18,0.1263142,0.0,0.0
USP17L19,0.1263142,0.0,0.0
USP17L2,0.13596824,0.0,0.0
USP17L20,0.1263142,0.0,0.0
USP17L21,0.1263142,0.0,0.0
USP17L22,0.1263142,0.0,0.0
USP17L23,0.16759168,0.0,0.0
USP17L24,0.12677218,0.0,0.0
USP17L25,0.12669808,0.0,0.0
USP17L26,0.12669808,0.0,0.0
USP17L27,0.12676872,0.0,0.0
USP17L28,0.12676872,0.0,0.0
USP17L29,0.12676872,0.0,0.0
USP17L30,0.12676872,0.0,0.0
USP17L5,0.12932432,0.0,0.0
USP18,0.37199843,0.0,0.0
USP19,0.27594674,0.0,0.0
USP2,0.3605913,0.0,0.0
USP20,0.2762858,0.0,0.0
USP21,0.38329276,0.0,0.0
USP22,0.30964637,0.0,0.0
USP24,0.3780351,0.0,-1.0
USP25,0.40375698,0.0,-1.0
USP26,0.1979026,0.0,0.0
USP28,0.34282732,0.0,-1.0
USP29,0.2734558,0.0,-1.0
USP3,0.39686182,0.0,-1.0
USP30,0.28259984,0.0,0.0
USP31,0.25845426,0.0,-1.0
USP32,0.37967774,0.0,-1.0
USP33,0.34073028,0.0,0.0
USP34,0.39851895,0.0,0.0
USP35,0.31911254,0.0,0.0
USP36,0.13578337,0.0,0.0
USP37,0.3283622,0.0,0.0
USP38,0.32005122,0.0,-1.0
USP39,0.25694486,0.0,-1.0
USP4,0.54311496,1.0,-1.0
USP40,0.2846736,0.0,0.0
USP41,0.2603917,0.0,0.0
USP42,0.08904536,0.0,0.0
USP43,0.3407543,0.0,0.0
USP44,0.33043623,0.0,1.0
USP45,0.32324168,0.0,0.0
USP46,0.2810657,0.0,0.0
USP47,0.3562565,0.0,0.0
USP48,0.34121132,0.0,0.0
USP5,0.44305435,0.0,-1.0
USP50,0.29930267,0.0,0.0
USP51,0.28542176,0.0,-1.0
USP53,0.22008069,0.0,0.0
USP54,0.16410169,0.0,0.0
USP6,0.40370062,0.0,1.0
USP6NL,0.3594074,0.0,0.0
USP7,0.5744427,1.0,-1.0
USP8,0.39933854,0.0,1.0
USP9X,0.4983372,0.0,-1.0
USP9Y,0.33176756,0.0,-1.0
USPL1,0.20805196,0.0,0.0
UST,0.32885054,0.0,0.0
UTF1,0.34089884,0.0,0.0
UTP11,0.118827276,0.0,0.0
UTP14A,0.19645016,0.0,0.0
UTP14C,0.12771954,0.0,0.0
UTP15,0.14122511,0.0,0.0
UTP18,0.1422421,0.0,0.0
UTP20,0.136767,0.0,-1.0
UTP23,0.15821902,0.0,0.0
UTP25,0.4039821,0.0,0.0
UTP3,0.13582161,0.0,-1.0
UTP4,0.13517317,0.0,0.0
UTP6,0.13656595,0.0,0.0
UTRN,0.6009293,1.0,0.0
UTS2,0.24358276,0.0,-1.0
UTS2B,0.19407605,0.0,0.0
UTS2R,0.23853384,0.0,0.0
UTY,0.35593057,0.0,0.0
UVRAG,0.3932256,0.0,-1.0
UVSSA,0.29499194,0.0,0.0
UXS1,0.1461479,0.0,0.0
UXT,0.22526643,0.0,0.0
VAC14,0.2929449,0.0,-1.0
VAMP1,0.31493267,0.0,0.0
VAMP2,0.40784785,0.0,0.0
VAMP3,0.392004,0.0,0.0
VAMP4,0.33053225,0.0,-1.0
VAMP5,0.2803225,0.0,0.0
VAMP7,0.40621263,0.0,0.0
VAMP8,0.35140893,0.0,-1.0
VANGL1,0.4461269,0.0,-1.0
VANGL2,0.5208811,1.0,0.0
VAPA,0.33561647,0.0,0.0
VAPB,0.32139307,0.0,-1.0
VARS1,0.22592102,0.0,0.0
VARS2,0.17024133,0.0,-1.0
VASH1,0.25843197,0.0,0.0
VASH2,0.1308353,0.0,0.0
VASN,0.35016507,0.0,0.0
VASP,0.5753131,1.0,0.0
VAT1,0.17353038,0.0,0.0
VAT1L,0.12286802,0.0,0.0
VAV1,0.6336865,1.0,1.0
VAV2,0.4971705,0.0,1.0
VAV3,0.4427882,0.0,-1.0
VAX1,0.304561,0.0,0.0
VAX2,0.2962264,0.0,0.0
VBP1,0.19989884,0.0,0.0
VCAM1,0.5519086,1.0,0.0
VCAN,0.48362726,0.0,-1.0
VCL,0.63220125,1.0,-1.0
VCP,0.4692574,0.0,-1.0
VCPIP1,0.33307666,0.0,-1.0
VCPKMT,0.19426818,0.0,0.0
VCX,0.20191813,0.0,0.0
VCX2,0.08742431,0.0,0.0
VCX3A,0.21092464,0.0,0.0
VCX3B,0.19825314,0.0,-1.0
VCY,0.22849068,0.0,0.0
VCY1B,0.23241983,0.0,0.0
VDAC1,0.37988144,0.0,-1.0
VDAC2,0.23462337,0.0,0.0
VDAC3,0.20743342,0.0,0.0
VDR,0.5828096,1.0,-1.0
VEGFA,0.60149443,1.0,1.0
VEGFB,0.4530716,0.0,-1.0
VEGFD,0.46302837,0.0,-1.0
VENTX,0.26303044,0.0,0.0
VEPH1,0.18830127,0.0,-1.0
VEZF1,0.26625168,0.0,-1.0
VEZT,0.2864572,0.0,0.0
VGF,0.28970313,0.0,-1.0
VGLL1,0.32168657,0.0,0.0
VGLL2,0.3079033,0.0,0.0
VGLL3,0.15096147,0.0,0.0
VGLL4,0.14685667,0.0,0.0
VHL,0.5159967,1.0,1.0
VHLL,0.21474434,0.0,0.0
VIL1,0.1928814,0.0,0.0
VILL,0.26970276,0.0,-1.0
VIM,0.62876403,1.0,-1.0
VIP,0.36661813,0.0,-1.0
VIPAS39,0.18000045,0.0,-1.0
VIPR1,0.29350767,0.0,0.0
VIPR2,0.25134197,0.0,0.0
VIRMA,0.20865339,0.0,-1.0
VIT,0.34071848,0.0,-1.0
VKORC1,0.23966075,0.0,0.0
VKORC1L1,0.16556016,0.0,0.0
VLDLR,0.3495269,0.0,0.0
VMA21,0.25287503,0.0,-1.0
VMAC,0.17973912,0.0,0.0
VMO1,0.029825833,0.0,0.0
VMP1,0.6623354,1.0,-1.0
VN1R1,0.04706898,0.0,0.0
VN1R2,0.17341965,0.0,-1.0
VN1R4,0.07535555,0.0,-1.0
VNN1,0.16745275,0.0,0.0
VNN2,0.20437431,0.0,0.0
VOPP1,0.18340369,0.0,0.0
VPREB1,0.37392384,0.0,0.0
VPREB3,0.18444066,0.0,0.0
VPS13A,0.38745904,0.0,-1.0
VPS13B,0.47598067,0.0,-1.0
VPS13C,0.4167272,0.0,0.0
VPS16,0.23596968,0.0,0.0
VPS18,0.33420923,0.0,0.0
VPS25,0.25588232,0.0,0.0
VPS26A,0.30859447,0.0,0.0
VPS26B,0.26145706,0.0,0.0
VPS26C,0.2727717,0.0,0.0
VPS28,0.22671606,0.0,0.0
VPS33A,0.30237785,0.0,0.0
VPS33B,0.27731967,0.0,0.0
VPS35,0.37617525,0.0,-1.0
VPS35L,0.17796867,0.0,0.0
VPS36,0.2727186,0.0,0.0
VPS37A,0.18111713,0.0,0.0
VPS37B,0.1843521,0.0,0.0
VPS37C,0.19188714,0.0,0.0
VPS37D,0.18416996,0.0,0.0
VPS39,0.41230357,0.0,0.0
VPS41,0.388494,0.0,0.0
VPS45,0.2871762,0.0,-1.0
VPS4A,0.36007866,0.0,0.0
VPS4B,0.36222592,0.0,0.0
VPS50,0.32629627,0.0,0.0
VPS51,0.3246721,0.0,-1.0
VPS52,0.305662,0.0,0.0
VPS53,0.35272798,0.0,-1.0
VPS54,0.27398276,0.0,0.0
VPS72,0.36027366,0.0,0.0
VPS9D1,0.1171097,0.0,0.0
VRK1,0.40144804,0.0,-1.0
VRK2,0.30301237,0.0,-1.0
VRK3,0.3026665,0.0,0.0
VRTN,0.1783467,0.0,0.0
VSIG1,0.25211167,0.0,0.0
VSIG10,0.19803739,0.0,0.0
VSIG10L,0.18110749,0.0,0.0
VSIG2,0.09568677,0.0,0.0
VSIG4,0.26133895,0.0,0.0
VSIG8,0.14198625,0.0,0.0
VSIR,0.4530201,0.0,0.0
VSNL1,0.39232144,0.0,0.0
VSTM1,0.11741721,0.0,0.0
VSTM2A,0.12053299,0.0,0.0
VSTM2B,0.14023323,0.0,0.0
VSTM2L,0.13415647,0.0,-1.0
VSTM4,0.19949116,0.0,0.0
VSX1,0.24079211,0.0,-1.0
VSX2,0.49749234,0.0,-1.0
VTA1,0.19377871,0.0,0.0
VTCN1,0.36089963,0.0,-1.0
VTI1A,0.34725025,0.0,-1.0
VTI1B,0.29828426,0.0,0.0
VTN,0.5383164,1.0,-1.0
VWA1,0.24714926,0.0,0.0
VWA3A,0.18532678,0.0,0.0
VWA3B,0.17342319,0.0,0.0
VWA5A,0.25875667,0.0,0.0
VWA5B1,0.2823647,0.0,0.0
VWA5B2,0.29242185,0.0,0.0
VWA7,0.20368408,0.0,-1.0
VWA8,0.15927473,0.0,0.0
VWC2,0.1696292,0.0,0.0
VWC2L,0.1951024,0.0,0.0
VWCE,0.2534792,0.0,0.0
VWDE,0.21876262,0.0,0.0
VWF,0.50324905,1.0,-1.0
VXN,0.115761936,0.0,-1.0
WAC,0.32528603,0.0,-1.0
WAPL,0.5136248,1.0,-1.0
WARS1,0.2508654,0.0,0.0
WARS2,0.17903927,0.0,0.0
WAS,0.58853525,1.0,1.0
WASF1,0.50007266,1.0,-1.0
WASF3,0.35688853,0.0,-1.0
WASHC2A,0.1871828,0.0,0.0
WASHC2C,0.28068566,0.0,0.0
WASHC3,0.1806293,0.0,0.0
WASHC4,0.33978406,0.0,0.0
WASHC5,0.16672401,0.0,-1.0
WASL,0.56472605,1.0,0.0
WBP1,0.17470933,0.0,0.0
WBP11,0.24151205,0.0,-1.0
WBP1L,0.13047387,0.0,0.0
WBP2,0.22305548,0.0,0.0
WBP2NL,0.1751069,0.0,0.0
WBP4,0.2320146,0.0,-1.0
WDCP,0.17845975,0.0,1.0
WDFY1,0.2802757,0.0,0.0
WDFY2,0.67768985,1.0,0.0
WDFY3,0.52075344,1.0,-1.0
WDFY4,0.38190898,0.0,0.0
WDHD1,0.49254832,0.0,0.0
WDPCP,0.2780796,0.0,-1.0
WDR1,0.29989147,0.0,0.0
WDR11,0.3594177,0.0,-1.0
WDR12,0.14759696,0.0,-1.0
WDR13,0.27515584,0.0,0.0
WDR17,0.08122381,0.0,0.0
WDR18,0.22917463,0.0,0.0
WDR19,0.2002005,0.0,0.0
WDR20,0.43954375,0.0,0.0
WDR24,0.2080658,0.0,-1.0
WDR25,0.11124343,0.0,0.0
WDR26,0.3373094,0.0,0.0
WDR27,0.07392094,0.0,0.0
WDR3,0.13745072,0.0,0.0
WDR31,0.24730787,0.0,0.0
WDR33,0.2975638,0.0,0.0
WDR35,0.3188876,0.0,-1.0
WDR36,0.17709883,0.0,-1.0
WDR37,0.30122155,0.0,0.0
WDR38,0.40170437,0.0,0.0
WDR4,0.16085877,0.0,0.0
WDR41,0.1149277,0.0,0.0
WDR43,0.12742183,0.0,0.0
WDR44,0.37985063,0.0,0.0
WDR45,0.2061388,0.0,-1.0
WDR45B,0.22311485,0.0,0.0
WDR46,0.13034947,0.0,0.0
WDR47,0.14931066,0.0,0.0
WDR48,0.4643719,0.0,-1.0
WDR49,0.19010095,0.0,0.0
WDR5,0.48666027,0.0,0.0
WDR53,0.15847833,0.0,0.0
WDR54,0.1600823,0.0,0.0
WDR55,0.13883904,0.0,0.0
WDR59,0.41906226,0.0,0.0
WDR5B,0.36146438,0.0,0.0
WDR6,0.15242305,0.0,0.0
WDR61,0.2075859,0.0,0.0
WDR62,0.23089072,0.0,-1.0
WDR64,0.22763714,0.0,-1.0
WDR7,0.40494883,0.0,-1.0
WDR70,0.29727238,0.0,0.0
WDR72,0.12791017,0.0,0.0
WDR73,0.4364153,0.0,0.0
WDR74,0.110009305,0.0,-1.0
WDR75,0.14151523,0.0,-1.0
WDR76,0.34193623,0.0,0.0
WDR77,0.29610354,0.0,-1.0
WDR81,0.24980663,0.0,0.0
WDR82,0.28450704,0.0,-1.0
WDR83OS,0.08463537,0.0,0.0
WDR86,0.18481737,0.0,-1.0
WDR87,0.18121132,0.0,0.0
WDR88,0.32368514,0.0,0.0
WDR89,0.093991786,0.0,0.0
WDR90,0.3300823,0.0,-1.0
WDR91,0.17056347,0.0,0.0
WDR93,0.18330194,0.0,-1.0
WDR97,0.20420904,0.0,0.0
WDSUB1,0.19803908,0.0,0.0
WDTC1,0.6443309,1.0,-1.0
WEE1,0.52283823,1.0,-1.0
WEE2,0.41214877,0.0,0.0
WFDC1,0.33731636,0.0,-1.0
WFDC10A,0.000105493025,0.0,0.0
WFDC10B,0.15337697,0.0,0.0
WFDC11,0.14276968,0.0,0.0
WFDC12,0.11398781,0.0,0.0
WFDC13,0.00022474614,0.0,0.0
WFDC2,0.03994476,0.0,0.0
WFDC3,0.09148894,0.0,0.0
WFDC5,0.333795,0.0,0.0
WFDC6,0.20389129,0.0,0.0
WFDC8,0.06903354,0.0,0.0
WFDC9,0.0010198988,0.0,0.0
WFIKKN1,0.260806,0.0,0.0
WFIKKN2,0.19366238,0.0,0.0
WFS1,0.2720834,0.0,-1.0
WHAMM,0.2847309,0.0,0.0
WHRN,0.25693372,0.0,-1.0
WIF1,0.48776788,0.0,1.0
WIPF1,0.4289572,0.0,0.0
WIPF2,0.44463497,0.0,-1.0
WIPF3,0.23924096,0.0,0.0
WIPI1,0.27020925,0.0,0.0
WIPI2,0.22068666,0.0,0.0
WIZ,0.25077972,0.0,0.0
WLS,0.43133155,0.0,-1.0
WNK1,0.2932731,0.0,-1.0
WNK2,0.1765717,0.0,1.0
WNK3,0.18020369,0.0,0.0
WNK4,0.18244478,0.0,-1.0
WNT1,0.618688,1.0,-1.0
WNT10A,0.48504502,0.0,-1.0
WNT10B,0.5425307,1.0,-1.0
WNT11,0.5597748,1.0,-1.0
WNT16,0.5416505,1.0,-1.0
WNT2,0.5902322,1.0,-1.0
WNT2B,0.5611748,1.0,-1.0
WNT3,0.5836658,1.0,-1.0
WNT3A,0.6130502,1.0,-1.0
WNT4,0.58934844,1.0,-1.0
WNT5A,0.60992754,1.0,-1.0
WNT5B,0.55638266,1.0,-1.0
WNT6,0.5096688,1.0,-1.0
WNT7A,0.5843237,1.0,-1.0
WNT7B,0.5828634,1.0,-1.0
WNT8A,0.42740795,0.0,-1.0
WNT8B,0.4651775,0.0,-1.0
WNT9A,0.5327919,1.0,-1.0
WNT9B,0.51036125,1.0,-1.0
WRAP53,0.214191,0.0,-1.0
WRAP73,0.23025489,0.0,-1.0
WRN,0.60629576,1.0,1.0
WRNIP1,0.29177806,0.0,0.0
WSB1,0.27633813,0.0,0.0
WSB2,0.35209596,0.0,0.0
WSCD1,0.10676265,0.0,-1.0
WSCD2,0.22864076,0.0,-1.0
WT1,0.69216025,1.0,1.0
WTAP,0.32325563,0.0,0.0
WWC1,0.387286,0.0,-1.0
WWC2,0.3717155,0.0,0.0
WWC3,0.31610492,0.0,0.0
WWOX,0.6358046,1.0,-1.0
WWP1,0.4522556,0.0,1.0
WWP2,0.48044473,0.0,0.0
WWTR1,0.3524528,0.0,1.0
XAB2,0.32936648,0.0,0.0
XAF1,0.27997506,0.0,-1.0
XAGE1B,0.0835871,0.0,0.0
XAGE2,0.09377254,0.0,0.0
XAGE3,0.17201947,0.0,0.0
XBP1,0.4968033,0.0,1.0
XCL1,0.3856848,0.0,0.0
XCL2,0.18428047,0.0,-1.0
XCR1,0.25048497,0.0,0.0
XDH,0.25306472,0.0,-1.0
XG,0.24901158,0.0,0.0
XIAP,0.653588,1.0,1.0
XIRP1,0.3520797,0.0,-1.0
XIRP2,0.097244754,0.0,-1.0
XK,0.23913419,0.0,-1.0
XKR3,0.13063173,0.0,0.0
XKR4,0.20567787,0.0,0.0
XKR6,0.21920142,0.0,0.0
XKR8,0.12723728,0.0,0.0
XKR9,0.18117048,0.0,0.0
XKRX,0.1524509,0.0,0.0
XPA,0.5316286,1.0,1.0
XPC,0.49733377,0.0,1.0
XPNPEP1,0.24745566,0.0,0.0
XPNPEP2,0.18517226,0.0,-1.0
XPNPEP3,0.18117808,0.0,0.0
XPO1,0.6471643,1.0,1.0
XPO4,0.30169645,0.0,-1.0
XPO5,0.40493727,0.0,0.0
XPO6,0.35683838,0.0,0.0
XPO7,0.26051605,0.0,0.0
XPOT,0.22164658,0.0,0.0
XPR1,0.25396037,0.0,0.0
XRCC1,0.489165,0.0,0.0
XRCC2,0.4905352,0.0,1.0
XRCC3,0.33734074,0.0,-1.0
XRCC4,0.47883505,0.0,0.0
XRCC5,0.5996423,1.0,-1.0
XRCC6,0.62290597,1.0,-1.0
XRN1,0.39653978,0.0,-1.0
XRN2,0.2860288,0.0,0.0
XRRA1,0.34481096,0.0,0.0
XXYLT1,0.21902664,0.0,-1.0
XYLB,0.13097036,0.0,0.0
XYLT1,0.1377587,0.0,0.0
XYLT2,0.3209755,0.0,0.0
YAE1,0.19209999,0.0,-1.0
YAP1,0.53176934,1.0,1.0
YARS1,0.28700602,0.0,-1.0
YARS2,0.14137983,0.0,0.0
YBEY,0.1146018,0.0,0.0
YBX1,0.4860593,0.0,-1.0
YBX2,0.20138451,0.0,0.0
YBX3,0.28095576,0.0,-1.0
YDJC,0.100642376,0.0,0.0
YEATS2,0.36800894,0.0,0.0
YEATS4,0.4449743,0.0,-1.0
YES1,0.54487854,1.0,1.0
YIF1A,0.118048064,0.0,0.0
YIF1B,0.17572252,0.0,0.0
YIPF1,0.3571364,0.0,0.0
YIPF2,0.20704433,0.0,0.0
YIPF3,0.33002737,0.0,0.0
YIPF4,0.256492,0.0,0.0
YIPF5,0.21996512,0.0,0.0
YIPF6,0.35973406,0.0,0.0
YIPF7,0.25982845,0.0,0.0
YJEFN3,0.19387025,0.0,0.0
YJU2,0.2363045,0.0,0.0
YJU2B,0.26300964,0.0,0.0
YKT6,0.34039313,0.0,0.0
YLPM1,0.30145973,0.0,0.0
YME1L1,0.20403707,0.0,0.0
YOD1,0.23006186,0.0,0.0
YPEL1,0.23282309,0.0,0.0
YPEL2,0.18475772,0.0,0.0
YPEL3,0.17705226,0.0,-1.0
YPEL4,0.21056183,0.0,0.0
YPEL5,0.20982474,0.0,-1.0
YRDC,0.12865023,0.0,0.0
YTHDC1,0.27195978,0.0,0.0
YTHDC2,0.3942739,0.0,0.0
YTHDF1,0.20975348,0.0,0.0
YTHDF2,0.3246558,0.0,-1.0
YWHAB,0.40897763,0.0,0.0
YWHAE,0.43541265,0.0,1.0
YWHAG,0.38844255,0.0,0.0
YWHAH,0.37118745,0.0,0.0
YWHAQ,0.4317882,0.0,0.0
YWHAZ,0.5022419,1.0,0.0
YY1,0.59804106,1.0,1.0
YY1AP1,0.2280573,0.0,-1.0
YY2,0.2662043,0.0,0.0
ZACN,0.058503494,0.0,0.0
ZADH2,0.12676007,0.0,0.0
ZAP70,0.5405637,1.0,-1.0
ZAR1,0.20468512,0.0,0.0
ZAR1L,0.21365765,0.0,0.0
ZBBX,0.19828083,0.0,0.0
ZBED1,0.30613753,0.0,0.0
ZBED10P,0.05114561,0.0,0.0
ZBED2,0.1531667,0.0,0.0
ZBED3,0.19870524,0.0,0.0
ZBED4,0.038523287,0.0,0.0
ZBED5,0.14856763,0.0,0.0
ZBED6,0.28219995,0.0,0.0
ZBED8,0.14926456,0.0,0.0
ZBED9,0.23830952,0.0,0.0
ZBP1,0.39761648,0.0,0.0
ZBTB10,0.25802374,0.0,0.0
ZBTB11,0.3471897,0.0,0.0
ZBTB12,0.236795,0.0,0.0
ZBTB14,0.3267964,0.0,0.0
ZBTB16,0.47814095,0.0,1.0
ZBTB17,0.2812159,0.0,-1.0
ZBTB18,0.28397325,0.0,0.0
ZBTB2,0.244042,0.0,0.0
ZBTB20,0.40528426,0.0,1.0
ZBTB21,0.24898462,0.0,0.0
ZBTB22,0.33083746,0.0,0.0
ZBTB24,0.24927826,0.0,0.0
ZBTB26,0.2295153,0.0,0.0
ZBTB3,0.2386038,0.0,0.0
ZBTB32,0.4517178,0.0,0.0
ZBTB33,0.32204902,0.0,-1.0
ZBTB34,0.28461823,0.0,0.0
ZBTB37,0.36688545,0.0,0.0
ZBTB38,0.25927666,0.0,0.0
ZBTB39,0.23185012,0.0,0.0
ZBTB4,0.24720192,0.0,0.0
ZBTB40,0.29243487,0.0,-1.0
ZBTB41,0.23893918,0.0,0.0
ZBTB42,0.22896159,0.0,0.0
ZBTB43,0.2355128,0.0,0.0
ZBTB44,0.28417376,0.0,0.0
ZBTB45,0.23608685,0.0,0.0
ZBTB46,0.23380937,0.0,0.0
ZBTB47,0.2348347,0.0,0.0
ZBTB48,0.25265646,0.0,-1.0
ZBTB49,0.27198344,0.0,0.0
ZBTB5,0.23901857,0.0,-1.0
ZBTB6,0.25114504,0.0,0.0
ZBTB7A,0.28363794,0.0,-1.0
ZBTB7B,0.26810855,0.0,-1.0
ZBTB8A,0.22976947,0.0,0.0
ZBTB8OS,0.39224854,0.0,0.0
ZBTB9,0.25169235,0.0,0.0
ZC2HC1A,0.1156192,0.0,0.0
ZC2HC1B,0.18517607,0.0,0.0
ZC2HC1C,0.1823299,0.0,0.0
ZC3H10,0.24655154,0.0,0.0
ZC3H11A,0.26940203,0.0,-1.0
ZC3H12B,0.27603543,0.0,0.0
ZC3H12C,0.1435312,0.0,0.0
ZC3H13,0.36716852,0.0,-1.0
ZC3H14,0.27026835,0.0,0.0
ZC3H15,0.17309023,0.0,0.0
ZC3H18,0.20107242,0.0,-1.0
ZC3H3,0.23332955,0.0,0.0
ZC3H4,0.20823462,0.0,-1.0
ZC3H6,0.3071396,0.0,0.0
ZC3H7A,0.22647126,0.0,0.0
ZC3H8,0.27299312,0.0,-1.0
ZC3HAV1,0.33133927,0.0,0.0
ZC3HAV1L,0.12406499,0.0,0.0
ZC3HC1,0.14486197,0.0,-1.0
ZC4H2,0.3036813,0.0,-1.0
ZCCHC10,0.15291207,0.0,0.0
ZCCHC12,0.1916437,0.0,-1.0
ZCCHC13,0.1916526,0.0,0.0
ZCCHC14,0.20464559,0.0,0.0
ZCCHC17,0.19050062,0.0,0.0
ZCCHC2,0.24709955,0.0,-1.0
ZCCHC24,0.1929605,0.0,-1.0
ZCCHC4,0.1895179,0.0,0.0
ZCCHC7,0.21417466,0.0,0.0
ZCCHC9,0.181486,0.0,0.0
ZCRB1,0.17665389,0.0,-1.0
ZCWPW1,0.11624522,0.0,0.0
ZCWPW2,0.20292793,0.0,-1.0
ZDBF2,0.20731285,0.0,-1.0
ZDHHC1,0.20657557,0.0,0.0
ZDHHC11,0.21433309,0.0,0.0
ZDHHC11B,0.23174483,0.0,0.0
ZDHHC12,0.21896236,0.0,0.0
ZDHHC13,0.35663602,0.0,0.0
ZDHHC14,0.24298166,0.0,-1.0
ZDHHC15,0.32693732,0.0,-1.0
ZDHHC16,0.2390414,0.0,0.0
ZDHHC17,0.48207623,0.0,0.0
ZDHHC18,0.21901678,0.0,-1.0
ZDHHC19,0.17976043,0.0,0.0
ZDHHC2,0.37363002,0.0,-1.0
ZDHHC20,0.3051434,0.0,0.0
ZDHHC21,0.22401315,0.0,0.0
ZDHHC22,0.14899682,0.0,0.0
ZDHHC23,0.23226926,0.0,0.0
ZDHHC24,0.23664582,0.0,0.0
ZDHHC3,0.2866875,0.0,-1.0
ZDHHC4,0.2844324,0.0,-1.0
ZDHHC5,0.25187406,0.0,0.0
ZDHHC6,0.24552456,0.0,0.0
ZDHHC7,0.29279992,0.0,-1.0
ZDHHC8,0.24455729,0.0,0.0
ZDHHC9,0.25722468,0.0,-1.0
ZEB1,0.587523,1.0,1.0
ZEB2,0.6118804,1.0,-1.0
ZER1,0.26997042,0.0,0.0
ZFAND1,0.1413433,0.0,0.0
ZFAND2A,0.30274135,0.0,0.0
ZFAND2B,0.2924134,0.0,0.0
ZFAND3,0.21522361,0.0,0.0
ZFAND4,0.4306991,0.0,0.0
ZFAND5,0.24100171,0.0,0.0
ZFAND6,0.27651018,0.0,0.0
ZFAT,0.26792797,0.0,0.0
ZFC3H1,0.38165167,0.0,0.0
ZFHX2,0.23402129,0.0,0.0
ZFHX3,0.3957937,0.0,1.0
ZFHX4,0.27301615,0.0,-1.0
ZFP1,0.2427067,0.0,0.0
ZFP14,0.29563385,0.0,-1.0
ZFP2,0.2302906,0.0,0.0
ZFP28,0.22937003,0.0,0.0
ZFP3,0.22729975,0.0,0.0
ZFP30,0.24023016,0.0,0.0
ZFP36L1,0.3474702,0.0,1.0
ZFP36L2,0.32059914,0.0,-1.0
ZFP37,0.23509683,0.0,0.0
ZFP41,0.23315467,0.0,0.0
ZFP42,0.30874225,0.0,0.0
ZFP57,0.27591679,0.0,-1.0
ZFP62,0.30494502,0.0,0.0
ZFP64,0.28477547,0.0,-1.0
ZFP69,0.23718968,0.0,0.0
ZFP69B,0.22325698,0.0,0.0
ZFP82,0.24581221,0.0,0.0
ZFP90,0.24288173,0.0,-1.0
ZFP91,0.24026883,0.0,-1.0
ZFP91-CNTF,0.23312497,0.0,0.0
ZFP92,0.2303133,0.0,0.0
ZFPL1,0.23760533,0.0,0.0
ZFPM1,0.33295932,0.0,-1.0
ZFPM2,0.5590104,1.0,-1.0
ZFR,0.3207862,0.0,0.0
ZFR2,0.21619438,0.0,-1.0
ZFX,0.37777823,0.0,-1.0
ZFY,0.25788197,0.0,0.0
ZFYVE1,0.30505678,0.0,0.0
ZFYVE16,0.35628095,0.0,0.0
ZFYVE19,0.28387162,0.0,-1.0
ZFYVE21,0.24202448,0.0,0.0
ZFYVE26,0.3289506,0.0,-1.0
ZFYVE28,0.15804957,0.0,0.0
ZFYVE9,0.42130676,0.0,0.0
ZG16,0.032613777,0.0,-1.0
ZG16B,0.20093821,0.0,0.0
ZGLP1,0.2290951,0.0,0.0
ZGPAT,0.16182345,0.0,0.0
ZGRF1,0.09166082,0.0,0.0
ZHX1,0.26150876,0.0,0.0
ZHX2,0.2804961,0.0,-1.0
ZIC1,0.46687537,0.0,-1.0
ZIC2,0.42712516,0.0,-1.0
ZIC3,0.38213947,0.0,-1.0
ZIC4,0.2894477,0.0,-1.0
ZIC5,0.28156632,0.0,-1.0
ZIK1,0.2242352,0.0,0.0
ZIM3,0.23288898,0.0,0.0
ZKSCAN1,0.24728207,0.0,0.0
ZKSCAN2,0.23180795,0.0,0.0
ZKSCAN3,0.24435128,0.0,-1.0
ZKSCAN4,0.2361753,0.0,0.0
ZKSCAN5,0.22546738,0.0,0.0
ZKSCAN7,0.26303864,0.0,0.0
ZKSCAN8,0.2302602,0.0,0.0
ZMAT1,0.30420712,0.0,0.0
ZMAT2,0.26399386,0.0,0.0
ZMAT3,0.23619851,0.0,-1.0
ZMAT4,0.12451305,0.0,0.0
ZMAT5,0.22234,0.0,0.0
ZMIZ1,0.45719498,0.0,-1.0
ZMIZ2,0.39920244,0.0,0.0
ZMPSTE24,0.28138718,0.0,0.0
ZMYM1,0.17372477,0.0,0.0
ZMYM3,0.37296945,0.0,1.0
ZMYM4,0.31063563,0.0,0.0
ZMYM5,0.1763222,0.0,0.0
ZMYM6,0.2522372,0.0,0.0
ZMYND10,0.25090134,0.0,-1.0
ZMYND11,0.2855729,0.0,0.0
ZMYND12,0.18882905,0.0,0.0
ZMYND15,0.15576933,0.0,0.0
ZMYND19,0.17640269,0.0,0.0
ZMYND8,0.24022222,0.0,-1.0
ZNF10,0.22999735,0.0,0.0
ZNF100,0.23170795,0.0,0.0
ZNF101,0.2639536,0.0,0.0
ZNF106,0.26793206,0.0,0.0
ZNF107,0.24008633,0.0,0.0
ZNF112,0.23433904,0.0,0.0
ZNF114,0.23780537,0.0,0.0
ZNF117,0.25411266,0.0,0.0
ZNF12,0.24617521,0.0,0.0
ZNF121,0.22753172,0.0,0.0
ZNF124,0.23947723,0.0,0.0
ZNF131,0.3346114,0.0,-1.0
ZNF132,0.24087352,0.0,0.0
ZNF133,0.22257297,0.0,-1.0
ZNF134,0.22572859,0.0,0.0
ZNF135,0.2625055,0.0,0.0
ZNF136,0.30966932,0.0,0.0
ZNF138,0.21593663,0.0,0.0
ZNF14,0.24281918,0.0,0.0
ZNF140,0.22834377,0.0,0.0
ZNF141,0.27887443,0.0,0.0
ZNF142,0.23429297,0.0,0.0
ZNF143,0.3771595,0.0,-1.0
ZNF146,0.23192595,0.0,-1.0
ZNF148,0.41421688,0.0,0.0
ZNF154,0.23397267,0.0,0.0
ZNF155,0.23184387,0.0,0.0
ZNF157,0.2915098,0.0,0.0
ZNF16,0.23826633,0.0,0.0
ZNF160,0.3042386,0.0,0.0
ZNF165,0.23736511,0.0,-1.0
ZNF169,0.23207134,0.0,0.0
ZNF17,0.24237847,0.0,0.0
ZNF174,0.22914869,0.0,0.0
ZNF175,0.22596028,0.0,0.0
ZNF18,0.25057867,0.0,0.0
ZNF180,0.24036103,0.0,-1.0
ZNF181,0.22520095,0.0,-1.0
ZNF184,0.24726723,0.0,0.0
ZNF185,0.38504988,0.0,0.0
ZNF189,0.24866372,0.0,0.0
ZNF19,0.21778914,0.0,0.0
ZNF195,0.2321935,0.0,0.0
ZNF197,0.23140374,0.0,0.0
ZNF20,0.22444907,0.0,0.0
ZNF200,0.25837687,0.0,0.0
ZNF202,0.24898702,0.0,0.0
ZNF205,0.23307255,0.0,0.0
ZNF207,0.30989015,0.0,-1.0
ZNF208,0.2316647,0.0,-1.0
ZNF211,0.2622315,0.0,0.0
ZNF212,0.22152178,0.0,0.0
ZNF213,0.21867917,0.0,0.0
ZNF214,0.2530839,0.0,0.0
ZNF215,0.25678137,0.0,-1.0
ZNF217,0.3363971,0.0,-1.0
ZNF219,0.24809517,0.0,0.0
ZNF22,0.23068914,0.0,0.0
ZNF221,0.22318235,0.0,0.0
ZNF222,0.22894302,0.0,0.0
ZNF223,0.23147413,0.0,0.0
ZNF224,0.2811536,0.0,0.0
ZNF225,0.24354783,0.0,0.0
ZNF226,0.23970471,0.0,-1.0
ZNF227,0.23151934,0.0,-1.0
ZNF23,0.22203407,0.0,0.0
ZNF230,0.3024713,0.0,0.0
ZNF232,0.23104578,0.0,0.0
ZNF233,0.22436276,0.0,0.0
ZNF234,0.22845854,0.0,0.0
ZNF235,0.26482624,0.0,0.0
ZNF236,0.32632166,0.0,0.0
ZNF239,0.23810232,0.0,-1.0
ZNF24,0.29388577,0.0,-1.0
ZNF248,0.23578823,0.0,0.0
ZNF25,0.24471703,0.0,0.0
ZNF250,0.2251275,0.0,0.0
ZNF251,0.24005613,0.0,0.0
ZNF253,0.22145067,0.0,-1.0
ZNF254,0.2501887,0.0,0.0
ZNF256,0.22192958,0.0,0.0
ZNF257,0.23486683,0.0,0.0
ZNF26,0.23003057,0.0,0.0
ZNF260,0.23885085,0.0,0.0
ZNF263,0.23591031,0.0,0.0
ZNF264,0.28757203,0.0,0.0
ZNF267,0.27116606,0.0,0.0
ZNF268,0.23514566,0.0,0.0
ZNF273,0.24307811,0.0,0.0
ZNF274,0.28105447,0.0,0.0
ZNF276,0.26699388,0.0,0.0
ZNF277,0.13789882,0.0,0.0
ZNF28,0.2245914,0.0,-1.0
ZNF280A,0.2652895,0.0,0.0
ZNF280C,0.31232107,0.0,0.0
ZNF280D,0.28793338,0.0,0.0
ZNF281,0.24065301,0.0,-1.0
ZNF283,0.22397907,0.0,0.0
ZNF284,0.21831018,0.0,0.0
ZNF286A,0.22607823,0.0,0.0
ZNF286B,0.21954247,0.0,0.0
ZNF287,0.24093223,0.0,0.0
ZNF292,0.35124248,0.0,-1.0
ZNF296,0.23768498,0.0,-1.0
ZNF3,0.2601994,0.0,0.0
ZNF30,0.22698198,0.0,0.0
ZNF300,0.23022647,0.0,0.0
ZNF302,0.23375404,0.0,0.0
ZNF304,0.23514864,0.0,0.0
ZNF311,0.2451849,0.0,0.0
ZNF317,0.22311704,0.0,0.0
ZNF318,0.19887784,0.0,-1.0
ZNF319,0.22637616,0.0,-1.0
ZNF32,0.22029284,0.0,0.0
ZNF320,0.22395948,0.0,-1.0
ZNF322,0.23806882,0.0,0.0
ZNF324,0.22118983,0.0,-1.0
ZNF324B,0.23485918,0.0,0.0
ZNF326,0.20073226,0.0,0.0
ZNF329,0.24086131,0.0,0.0
ZNF330,0.15069349,0.0,0.0
ZNF331,0.23737115,0.0,1.0
ZNF333,0.257715,0.0,0.0
ZNF334,0.22359115,0.0,0.0
ZNF335,0.25322875,0.0,0.0
ZNF337,0.22342047,0.0,0.0
ZNF33A,0.36348167,0.0,-1.0
ZNF33B,0.24155724,0.0,0.0
ZNF34,0.22694257,0.0,0.0
ZNF341,0.22292875,0.0,0.0
ZNF343,0.22854696,0.0,0.0
ZNF345,0.2428552,0.0,0.0
ZNF346,0.22109951,0.0,0.0
ZNF347,0.26220256,0.0,0.0
ZNF35,0.23032102,0.0,-1.0
ZNF350,0.29200447,0.0,0.0
ZNF354A,0.22880647,0.0,0.0
ZNF354B,0.22268298,0.0,0.0
ZNF354C,0.23216365,0.0,0.0
ZNF362,0.26816887,0.0,-1.0
ZNF365,0.35163876,0.0,0.0
ZNF366,0.29163316,0.0,0.0
ZNF367,0.25912675,0.0,0.0
ZNF37A,0.24211545,0.0,0.0
ZNF382,0.22764303,0.0,0.0
ZNF383,0.22689588,0.0,0.0
ZNF384,0.33052048,0.0,1.0
ZNF385A,0.18118137,0.0,0.0
ZNF385B,0.15003248,0.0,0.0
ZNF385C,0.15323536,0.0,0.0
ZNF385D,0.14435622,0.0,0.0
ZNF391,0.23088534,0.0,0.0
ZNF394,0.23754421,0.0,0.0
ZNF395,0.28606242,0.0,0.0
ZNF396,0.23771065,0.0,0.0
ZNF397,0.33192632,0.0,0.0
ZNF398,0.23662923,0.0,0.0
ZNF404,0.22345936,0.0,0.0
ZNF407,0.38712707,0.0,0.0
ZNF408,0.23297617,0.0,0.0
ZNF41,0.3432208,0.0,-1.0
ZNF410,0.26760045,0.0,0.0
ZNF414,0.24065025,0.0,0.0
ZNF415,0.24742289,0.0,0.0
ZNF416,0.2273602,0.0,0.0
ZNF417,0.30853638,0.0,0.0
ZNF418,0.22902726,0.0,0.0
ZNF419,0.23378082,0.0,0.0
ZNF420,0.23664561,0.0,0.0
ZNF423,0.31320232,0.0,-1.0
ZNF425,0.22504026,0.0,0.0
ZNF426,0.21736468,0.0,0.0
ZNF428,0.11120197,0.0,0.0
ZNF429,0.26105124,0.0,1.0
ZNF43,0.23142432,0.0,0.0
ZNF430,0.27356452,0.0,0.0
ZNF431,0.23934369,0.0,0.0
ZNF432,0.23472942,0.0,0.0
ZNF433,0.2269277,0.0,0.0
ZNF436,0.29206836,0.0,0.0
ZNF438,0.25895903,0.0,0.0
ZNF439,0.23593739,0.0,0.0
ZNF44,0.40456703,0.0,0.0
ZNF440,0.267699,0.0,0.0
ZNF441,0.25326192,0.0,0.0
ZNF442,0.22383696,0.0,-1.0
ZNF443,0.22515656,0.0,0.0
ZNF444,0.23893312,0.0,0.0
ZNF445,0.24582268,0.0,0.0
ZNF446,0.22894172,0.0,0.0
ZNF449,0.24692813,0.0,0.0
ZNF45,0.22219373,0.0,0.0
ZNF451,0.26509282,0.0,-1.0
ZNF454,0.22017787,0.0,0.0
ZNF460,0.2834819,0.0,0.0
ZNF461,0.23286794,0.0,0.0
ZNF462,0.25148934,0.0,-1.0
ZNF467,0.24381697,0.0,0.0
ZNF468,0.22630638,0.0,0.0
ZNF469,0.23845586,0.0,-1.0
ZNF470,0.22599013,0.0,0.0
ZNF471,0.25132287,0.0,-1.0
ZNF473,0.2523734,0.0,0.0
ZNF474,0.19315752,0.0,0.0
ZNF479,0.23319478,0.0,1.0
ZNF48,0.2192684,0.0,0.0
ZNF480,0.23400933,0.0,0.0
ZNF483,0.23242082,0.0,-1.0
ZNF484,0.31592274,0.0,0.0
ZNF485,0.21776222,0.0,0.0
ZNF486,0.21788469,0.0,0.0
ZNF490,0.287599,0.0,0.0
ZNF491,0.21829776,0.0,0.0
ZNF492,0.22337107,0.0,0.0
ZNF493,0.3266662,0.0,0.0
ZNF496,0.23988712,0.0,0.0
ZNF497,0.22414753,0.0,-1.0
ZNF500,0.23347387,0.0,0.0
ZNF501,0.28702077,0.0,0.0
ZNF502,0.24112283,0.0,0.0
ZNF503,0.23871265,0.0,-1.0
ZNF506,0.3044111,0.0,0.0
ZNF507,0.33372992,0.0,0.0
ZNF510,0.2555379,0.0,0.0
ZNF511,0.16841519,0.0,0.0
ZNF512,0.25821358,0.0,-1.0
ZNF513,0.24398276,0.0,-1.0
ZNF514,0.2413316,0.0,0.0
ZNF516,0.26515967,0.0,0.0
ZNF517,0.2250762,0.0,0.0
ZNF518B,0.27763456,0.0,0.0
ZNF519,0.23727226,0.0,0.0
ZNF521,0.25899857,0.0,1.0
ZNF524,0.25026375,0.0,0.0
ZNF525,0.22652058,0.0,0.0
ZNF526,0.24813806,0.0,0.0
ZNF527,0.23372678,0.0,0.0
ZNF528,0.23033445,0.0,0.0
ZNF529,0.22364455,0.0,0.0
ZNF530,0.23618402,0.0,0.0
ZNF532,0.24648696,0.0,0.0
ZNF534,0.22744462,0.0,0.0
ZNF536,0.26024964,0.0,-1.0
ZNF540,0.23595548,0.0,0.0
ZNF541,0.22742268,0.0,0.0
ZNF543,0.23840906,0.0,0.0
ZNF544,0.23293488,0.0,0.0
ZNF546,0.24638014,0.0,0.0
ZNF547,0.21837315,0.0,0.0
ZNF548,0.231515,0.0,0.0
ZNF549,0.28488836,0.0,0.0
ZNF550,0.2327444,0.0,0.0
ZNF551,0.23673736,0.0,0.0
ZNF552,0.24365719,0.0,0.0
ZNF554,0.23189865,0.0,0.0
ZNF555,0.2254131,0.0,0.0
ZNF556,0.22450794,0.0,0.0
ZNF557,0.23831698,0.0,0.0
ZNF558,0.24542932,0.0,-1.0
ZNF559,0.27186477,0.0,0.0
ZNF559-ZNF177,0.2201757,0.0,0.0
ZNF560,0.2368265,0.0,0.0
ZNF561,0.23714814,0.0,0.0
ZNF562,0.23407842,0.0,0.0
ZNF563,0.22026584,0.0,0.0
ZNF564,0.32846457,0.0,0.0
ZNF565,0.23492998,0.0,0.0
ZNF566,0.23060596,0.0,0.0
ZNF567,0.24168096,0.0,0.0
ZNF568,0.23386936,0.0,0.0
ZNF569,0.32073644,0.0,-1.0
ZNF57,0.24333149,0.0,0.0
ZNF570,0.22501354,0.0,0.0
ZNF571,0.23688996,0.0,0.0
ZNF572,0.22490342,0.0,-1.0
ZNF573,0.22853523,0.0,0.0
ZNF574,0.23097093,0.0,0.0
ZNF575,0.22940193,0.0,0.0
ZNF576,0.22739127,0.0,0.0
ZNF577,0.25196245,0.0,0.0
ZNF578,0.22545545,0.0,-1.0
ZNF579,0.236588,0.0,0.0
ZNF580,0.22629265,0.0,0.0
ZNF581,0.223505,0.0,0.0
ZNF582,0.23566934,0.0,0.0
ZNF583,0.2296985,0.0,0.0
ZNF584,0.24021357,0.0,0.0
ZNF585A,0.2349403,0.0,0.0
ZNF585B,0.2273132,0.0,0.0
ZNF586,0.28483918,0.0,0.0
ZNF587,0.24162258,0.0,0.0
ZNF587B,0.23264764,0.0,0.0
ZNF589,0.22788613,0.0,0.0
ZNF592,0.26482373,0.0,-1.0
ZNF593,0.09707306,0.0,0.0
ZNF594,0.26019448,0.0,0.0
ZNF596,0.2261451,0.0,0.0
ZNF597,0.23881717,0.0,0.0
ZNF599,0.22964665,0.0,0.0
ZNF600,0.22396484,0.0,0.0
ZNF605,0.25990573,0.0,-1.0
ZNF606,0.22616683,0.0,0.0
ZNF607,0.2312541,0.0,0.0
ZNF608,0.20768102,0.0,-1.0
ZNF609,0.23034704,0.0,0.0
ZNF610,0.25197843,0.0,0.0
ZNF611,0.29044288,0.0,0.0
ZNF613,0.21772866,0.0,0.0
ZNF614,0.22669852,0.0,0.0
ZNF615,0.24081372,0.0,0.0
ZNF616,0.24243948,0.0,0.0
ZNF618,0.15371443,0.0,0.0
ZNF619,0.23048508,0.0,0.0
ZNF620,0.22087857,0.0,-1.0
ZNF621,0.23030035,0.0,0.0
ZNF622,0.1473263,0.0,0.0
ZNF624,0.2674618,0.0,-1.0
ZNF625,0.22330663,0.0,0.0
ZNF626,0.22877985,0.0,0.0
ZNF627,0.22581588,0.0,0.0
ZNF628,0.2254028,0.0,0.0
ZNF629,0.29808712,0.0,0.0
ZNF630,0.25207958,0.0,0.0
ZNF638,0.3909774,0.0,-1.0
ZNF639,0.246878,0.0,0.0
ZNF641,0.259984,0.0,0.0
ZNF644,0.36312196,0.0,-1.0
ZNF646,0.24123348,0.0,0.0
ZNF648,0.23498058,0.0,0.0
ZNF649,0.22925667,0.0,0.0
ZNF652,0.28939086,0.0,0.0
ZNF653,0.2253921,0.0,0.0
ZNF654,0.3100097,0.0,0.0
ZNF655,0.25711906,0.0,-1.0
ZNF66,0.2398191,0.0,0.0
ZNF660,0.22380772,0.0,0.0
ZNF662,0.2246972,0.0,0.0
ZNF664,0.24253958,0.0,0.0
ZNF665,0.23870382,0.0,0.0
ZNF667,0.20711502,0.0,0.0
ZNF668,0.22340786,0.0,-1.0
ZNF669,0.2316507,0.0,0.0
ZNF670,0.22001927,0.0,0.0
ZNF671,0.23074031,0.0,0.0
ZNF672,0.24963647,0.0,0.0
ZNF674,0.2499022,0.0,-1.0
ZNF675,0.2513,0.0,0.0
ZNF676,0.23552845,0.0,0.0
ZNF677,0.22591855,0.0,-1.0
ZNF678,0.23420969,0.0,0.0
ZNF679,0.23474444,0.0,0.0
ZNF680,0.24715057,0.0,0.0
ZNF681,0.22464143,0.0,0.0
ZNF682,0.22620247,0.0,0.0
ZNF683,0.18849072,0.0,0.0
ZNF684,0.21933475,0.0,0.0
ZNF687,0.26010713,0.0,-1.0
ZNF688,0.22143829,0.0,0.0
ZNF689,0.24040172,0.0,0.0
ZNF69,0.22162916,0.0,0.0
ZNF692,0.2382845,0.0,0.0
ZNF695,0.2327482,0.0,0.0
ZNF696,0.22623606,0.0,0.0
ZNF697,0.22004673,0.0,-1.0
ZNF699,0.44019747,0.0,0.0
ZNF70,0.22235973,0.0,0.0
ZNF700,0.33822405,0.0,0.0
ZNF701,0.32364374,0.0,0.0
ZNF703,0.2066343,0.0,-1.0
ZNF704,0.1686193,0.0,0.0
ZNF705A,0.25298944,0.0,0.0
ZNF705D,0.2538615,0.0,0.0
ZNF705G,0.24925636,0.0,0.0
ZNF706,0.15191087,0.0,0.0
ZNF707,0.23998429,0.0,0.0
ZNF708,0.24008669,0.0,0.0
ZNF709,0.22371377,0.0,0.0
ZNF71,0.22637479,0.0,0.0
ZNF710,0.27159265,0.0,0.0
ZNF711,0.2701099,0.0,-1.0
ZNF713,0.2229894,0.0,0.0
ZNF716,0.2361041,0.0,0.0
ZNF721,0.24658874,0.0,0.0
ZNF724,0.22586893,0.0,0.0
ZNF726,0.2220016,0.0,0.0
ZNF728,0.22814518,0.0,-1.0
ZNF729,0.24595565,0.0,0.0
ZNF732,0.23756857,0.0,0.0
ZNF736,0.24606441,0.0,0.0
ZNF737,0.24941245,0.0,0.0
ZNF738,0.2217122,0.0,0.0
ZNF740,0.23125531,0.0,0.0
ZNF746,0.23029849,0.0,0.0
ZNF747,0.23463151,0.0,0.0
ZNF749,0.22232227,0.0,0.0
ZNF750,0.19728793,0.0,1.0
ZNF75A,0.23754127,0.0,0.0
ZNF75D,0.2428206,0.0,0.0
ZNF76,0.23627025,0.0,0.0
ZNF763,0.30467623,0.0,0.0
ZNF764,0.2311918,0.0,0.0
ZNF765,0.24162991,0.0,-1.0
ZNF766,0.22322612,0.0,0.0
ZNF768,0.2359516,0.0,0.0
ZNF77,0.24936664,0.0,0.0
ZNF770,0.22292788,0.0,-1.0
ZNF771,0.22649553,0.0,0.0
ZNF772,0.21766736,0.0,0.0
ZNF773,0.23119886,0.0,0.0
ZNF774,0.22020847,0.0,0.0
ZNF775,0.21956232,0.0,0.0
ZNF776,0.22588733,0.0,0.0
ZNF777,0.22932206,0.0,0.0
ZNF778,0.27215305,0.0,-1.0
ZNF780A,0.28908274,0.0,0.0
ZNF780B,0.3142256,0.0,0.0
ZNF781,0.22214353,0.0,0.0
ZNF782,0.28955722,0.0,0.0
ZNF783,0.22866079,0.0,0.0
ZNF784,0.21968015,0.0,0.0
ZNF785,0.22414361,0.0,0.0
ZNF786,0.24026504,0.0,0.0
ZNF789,0.22658662,0.0,0.0
ZNF79,0.2739127,0.0,0.0
ZNF790,0.22412868,0.0,0.0
ZNF791,0.27760267,0.0,0.0
ZNF792,0.23049998,0.0,0.0
ZNF793,0.23679514,0.0,0.0
ZNF799,0.24590361,0.0,0.0
ZNF80,0.24606365,0.0,0.0
ZNF800,0.27246615,0.0,0.0
ZNF804A,0.24272735,0.0,-1.0
ZNF804B,0.2679398,0.0,-1.0
ZNF805,0.28973383,0.0,0.0
ZNF808,0.2921835,0.0,0.0
ZNF81,0.2772716,0.0,-1.0
ZNF813,0.2273787,0.0,0.0
ZNF814,0.24114041,0.0,-1.0
ZNF816,0.23005988,0.0,0.0
ZNF816-ZNF321P,0.22359344,0.0,0.0
ZNF821,0.14502728,0.0,0.0
ZNF823,0.21950825,0.0,-1.0
ZNF827,0.24574108,0.0,0.0
ZNF829,0.22767346,0.0,0.0
ZNF83,0.23907274,0.0,0.0
ZNF830,0.18922374,0.0,-1.0
ZNF831,0.2983997,0.0,-1.0
ZNF835,0.22450772,0.0,0.0
ZNF836,0.266569,0.0,0.0
ZNF837,0.22182636,0.0,0.0
ZNF839,0.0012108186,0.0,0.0
ZNF84,0.24978188,0.0,0.0
ZNF841,0.29567266,0.0,0.0
ZNF843,0.21785532,0.0,0.0
ZNF844,0.22583637,0.0,-1.0
ZNF845,0.2868107,0.0,0.0
ZNF846,0.22640039,0.0,0.0
ZNF85,0.23098968,0.0,0.0
ZNF850,0.23022804,0.0,0.0
ZNF852,0.26474702,0.0,0.0
ZNF853,0.23017529,0.0,0.0
ZNF860,0.23699851,0.0,0.0
ZNF862,0.25938684,0.0,0.0
ZNF865,0.23228061,0.0,0.0
ZNF875,0.2410269,0.0,-1.0
ZNF878,0.21777765,0.0,0.0
ZNF879,0.24229088,0.0,0.0
ZNF880,0.22247057,0.0,0.0
ZNF90,0.22594273,0.0,0.0
ZNF91,0.27612785,0.0,0.0
ZNF92,0.2350234,0.0,0.0
ZNF93,0.23051777,0.0,0.0
ZNF98,0.2546779,0.0,0.0
ZNF99,0.23214519,0.0,-1.0
ZNFX1,0.28908893,0.0,0.0
ZNHIT1,0.18996935,0.0,0.0
ZNHIT2,0.3058844,0.0,0.0
ZNHIT6,0.13319305,0.0,0.0
ZNRD2,0.16104478,0.0,0.0
ZNRF1,0.17676704,0.0,0.0
ZNRF2,0.2272607,0.0,0.0
ZNRF3,0.3346915,0.0,1.0
ZNRF4,0.17433974,0.0,0.0
ZP1,0.18872157,0.0,0.0
ZP3,0.27065548,0.0,0.0
ZP4,0.23347221,0.0,0.0
ZPBP,0.16844518,0.0,0.0
ZPBP2,0.16571254,0.0,-1.0
ZPLD1,0.20208338,0.0,0.0
ZPR1,0.23694111,0.0,-1.0
ZRANB1,0.2970059,0.0,0.0
ZRANB2,0.29852742,0.0,0.0
ZRANB3,0.36795938,0.0,-1.0
ZRSR2,0.39784586,0.0,1.0
ZRSR2P1,0.2891694,0.0,0.0
ZSCAN1,0.29853904,0.0,0.0
ZSCAN10,0.24666448,0.0,0.0
ZSCAN12,0.22517483,0.0,0.0
ZSCAN16,0.24514015,0.0,0.0
ZSCAN18,0.22534706,0.0,0.0
ZSCAN2,0.23356688,0.0,0.0
ZSCAN21,0.23712152,0.0,0.0
ZSCAN22,0.23341085,0.0,-1.0
ZSCAN23,0.22864355,0.0,0.0
ZSCAN25,0.26108104,0.0,0.0
ZSCAN29,0.23428169,0.0,0.0
ZSCAN30,0.22999375,0.0,0.0
ZSCAN31,0.22260968,0.0,-1.0
ZSCAN32,0.25203994,0.0,0.0
ZSCAN4,0.2431499,0.0,-1.0
ZSCAN5A,0.22864528,0.0,0.0
ZSCAN5B,0.23567235,0.0,0.0
ZSCAN9,0.22944026,0.0,0.0
ZSWIM1,0.21461472,0.0,0.0
ZSWIM2,0.23329291,0.0,0.0
ZSWIM3,0.0823121,0.0,-1.0
ZSWIM4,0.122670256,0.0,0.0
ZSWIM5,0.15287574,0.0,0.0
ZSWIM6,0.30248815,0.0,-1.0
ZSWIM7,0.2675268,0.0,-1.0
ZSWIM8,0.17044209,0.0,0.0
ZSWIM9,0.18205577,0.0,0.0
ZUP1,0.15149991,0.0,0.0
ZW10,0.31259593,0.0,0.0
ZWILCH,0.40932322,0.0,-1.0
ZWINT,0.37792403,0.0,-1.0
ZXDA,0.24454643,0.0,0.0
ZXDB,0.2515991,0.0,0.0
ZXDC,0.2571909,0.0,0.0
ZYG11A,0.18381885,0.0,0.0
ZYG11B,0.17772603,0.0,0.0
ZYX,0.48067343,0.0,0.0
ZZEF1,0.35986075,0.0,-1.0
ZZZ3,0.2541215,0.0,0.0
