gene,percent,binary,true
A1BG,0.3154168,0.0,0.0
A1CF,0.22753593,0.0,1.0
A2M,0.508506,1.0,0.0
A2ML1,0.23502654,0.0,-1.0
A3GALT2,0.0021396575,0.0,0.0
A4GALT,0.2164676,0.0,0.0
A4GNT,0.116549075,0.0,0.0
AAAS,0.3361828,0.0,-1.0
AACS,0.24765094,0.0,0.0
AADAC,0.18827233,0.0,0.0
AADACL2,0.15019599,0.0,0.0
AADACL3,0.20274703,0.0,0.0
AADACL4,0.18683292,0.0,-1.0
AADAT,0.19743736,0.0,0.0
AAGAB,0.16936836,0.0,0.0
AAK1,0.47688094,0.0,0.0
AAMDC,0.12357076,0.0,0.0
AAMP,0.18892665,0.0,-1.0
AANAT,0.3689923,0.0,-1.0
AAR2,0.16569743,0.0,0.0
AARD,0.16467305,0.0,0.0
AARS1,0.30972618,0.0,-1.0
AARS2,0.27188993,0.0,-1.0
AARSD1,0.1625876,0.0,0.0
AASDH,0.26969162,0.0,0.0
AASDHPPT,0.35566315,0.0,0.0
AASS,0.22884995,0.0,-1.0
AATF,0.23302692,0.0,-1.0
AATK,0.23188734,0.0,0.0
ABAT,0.2557223,0.0,0.0
ABCA1,0.5047438,1.0,-1.0
ABCA10,0.25941828,0.0,-1.0
ABCA11P,0.01685647,0.0,0.0
ABCA12,0.31406265,0.0,-1.0
ABCA13,0.24117771,0.0,-1.0
ABCA17P,0.17380938,0.0,0.0
ABCA2,0.37243232,0.0,0.0
ABCA3,0.32473,0.0,-1.0
ABCA4,0.38823524,0.0,-1.0
ABCA5,0.3179868,0.0,0.0
ABCA6,0.31220642,0.0,0.0
ABCA7,0.36103237,0.0,-1.0
ABCA8,0.32247776,0.0,0.0
ABCA9,0.2806934,0.0,0.0
ABCB1,0.46796012,0.0,-1.0
ABCB10,0.30618778,0.0,-1.0
ABCB11,0.32193986,0.0,-1.0
ABCB4,0.36544493,0.0,-1.0
ABCB5,0.34182537,0.0,-1.0
ABCB6,0.34968296,0.0,0.0
ABCB7,0.26731297,0.0,-1.0
ABCB8,0.26993322,0.0,-1.0
ABCB9,0.27745754,0.0,0.0
ABCC1,0.39591888,0.0,-1.0
ABCC10,0.26423144,0.0,-1.0
ABCC11,0.271765,0.0,-1.0
ABCC12,0.25373915,0.0,0.0
ABCC2,0.35679618,0.0,-1.0
ABCC3,0.3400683,0.0,-1.0
ABCC4,0.29919466,0.0,0.0
ABCC5,0.35815758,0.0,-1.0
ABCC6,0.35327902,0.0,-1.0
ABCC8,0.48532042,0.0,-1.0
ABCC9,0.31127754,0.0,-1.0
ABCD1,0.40230542,0.0,-1.0
ABCD2,0.2997368,0.0,0.0
ABCD3,0.38038528,0.0,0.0
ABCD4,0.2633708,0.0,0.0
ABCE1,0.5157204,1.0,0.0
ABCF1,0.3093117,0.0,-1.0
ABCF2,0.3111465,0.0,-1.0
ABCF3,0.25353596,0.0,0.0
ABCG1,0.48220122,0.0,0.0
ABCG2,0.52722514,1.0,-1.0
ABCG4,0.26180467,0.0,0.0
ABCG5,0.34703815,0.0,0.0
ABCG8,0.35055697,0.0,-1.0
ABHD1,0.089447886,0.0,0.0
ABHD10,0.26932016,0.0,0.0
ABHD11,0.21797,0.0,0.0
ABHD11-AS1,0.14011158,0.0,0.0
ABHD12,0.17411256,0.0,0.0
ABHD12B,0.14884327,0.0,0.0
ABHD13,0.25722477,0.0,0.0
ABHD14A,0.20547903,0.0,0.0
ABHD14A-ACY1,0.22334814,0.0,0.0
ABHD14B,0.22951575,0.0,0.0
ABHD15,0.13415444,0.0,-1.0
ABHD16A,0.21461536,0.0,0.0
ABHD16B,0.10859635,0.0,0.0
ABHD17A,0.19674434,0.0,0.0
ABHD17B,0.18938398,0.0,0.0
ABHD17C,0.18447965,0.0,0.0
ABHD18,0.28321275,0.0,0.0
ABHD2,0.20820236,0.0,-1.0
ABHD3,0.26797578,0.0,0.0
ABHD4,0.21651956,0.0,0.0
ABHD5,0.24611235,0.0,0.0
ABHD6,0.14860377,0.0,0.0
ABHD8,0.11777663,0.0,0.0
ABI1,0.38515082,0.0,1.0
ABI2,0.43613112,0.0,0.0
ABI3,0.31911662,0.0,-1.0
ABI3BP,0.27707627,0.0,0.0
ABITRAM,0.19770958,0.0,0.0
ABL1,0.66171324,1.0,1.0
ABL2,0.45918354,0.0,1.0
ABLIM1,0.4418685,0.0,0.0
ABLIM2,0.11565102,0.0,-1.0
ABLIM3,0.30060124,0.0,0.0
ABO,0.13730603,0.0,-1.0
ABR,0.4265712,0.0,-1.0
ABRA,0.25404334,0.0,0.0
ABRACL,0.27029663,0.0,0.0
ABRAXAS1,0.27223122,0.0,1.0
ABRAXAS2,0.25418997,0.0,0.0
ABT1,0.17476682,0.0,0.0
ABTB1,0.32920873,0.0,0.0
ABTB2,0.18477744,0.0,-1.0
ACAA1,0.31896132,0.0,0.0
ACAA2,0.24791461,0.0,0.0
ACACA,0.34746867,0.0,0.0
ACACB,0.33709443,0.0,0.0
ACAD10,0.1733763,0.0,0.0
ACAD11,0.2870268,0.0,0.0
ACAD8,0.2535098,0.0,-1.0
ACAD9,0.21089548,0.0,-1.0
ACADL,0.20467573,0.0,0.0
ACADM,0.35040385,0.0,-1.0
ACADS,0.2580189,0.0,-1.0
ACADSB,0.2655116,0.0,-1.0
ACADVL,0.2761463,0.0,-1.0
ACAN,0.4943084,0.0,-1.0
ACAP1,0.35336027,0.0,-1.0
ACAP2,0.4724259,0.0,0.0
ACAP3,0.3089471,0.0,0.0
ACAT1,0.28348613,0.0,0.0
ACAT2,0.28622794,0.0,0.0
ACBD3,0.32047698,0.0,0.0
ACBD4,0.18214841,0.0,0.0
ACBD5,0.24522564,0.0,0.0
ACBD6,0.16843098,0.0,0.0
ACBD7,0.18021356,0.0,0.0
ACCS,0.19900435,0.0,-1.0
ACCSL,0.19894677,0.0,0.0
ACD,0.3288962,0.0,-1.0
ACE,0.61004007,1.0,-1.0
ACE2,0.35818323,0.0,0.0
ACER1,0.120021075,0.0,0.0
ACER2,0.156681,0.0,0.0
ACER3,0.22074455,0.0,0.0
ACHE,0.5290948,1.0,-1.0
ACIN1,0.31230947,0.0,0.0
ACKR1,0.48558992,0.0,0.0
ACKR2,0.3125561,0.0,0.0
ACKR3,0.42988947,0.0,1.0
ACKR4,0.24672973,0.0,0.0
ACLY,0.35789606,0.0,-1.0
ACMSD,0.16871804,0.0,0.0
ACO1,0.2996597,0.0,-1.0
ACO2,0.31376338,0.0,-1.0
ACOT1,0.24671304,0.0,0.0
ACOT11,0.3261783,0.0,0.0
ACOT12,0.20796098,0.0,0.0
ACOT13,0.12846169,0.0,0.0
ACOT2,0.20124559,0.0,0.0
ACOT4,0.14838941,0.0,0.0
ACOT6,0.14013128,0.0,0.0
ACOT7,0.35136604,0.0,0.0
ACOT8,0.3926845,0.0,0.0
ACOT9,0.28117386,0.0,0.0
ACOX1,0.28142837,0.0,-1.0
ACOX2,0.22512436,0.0,0.0
ACOX3,0.22893405,0.0,0.0
ACOXL,0.19521886,0.0,-1.0
ACP1,0.3876785,0.0,0.0
ACP2,0.26812387,0.0,0.0
ACP3,0.32994148,0.0,0.0
ACP4,0.20778401,0.0,0.0
ACP5,0.5095222,1.0,0.0
ACP6,0.17743337,0.0,0.0
ACP7,0.2049804,0.0,0.0
ACR,0.21104455,0.0,0.0
ACRBP,0.087696046,0.0,0.0
ACRV1,0.14594856,0.0,0.0
ACSBG1,0.33967596,0.0,0.0
ACSBG2,0.18964162,0.0,0.0
ACSF2,0.2410889,0.0,0.0
ACSF3,0.24096239,0.0,0.0
ACSL1,0.3698602,0.0,0.0
ACSL3,0.38919637,0.0,1.0
ACSL4,0.38154495,0.0,-1.0
ACSL5,0.31046054,0.0,-1.0
ACSL6,0.3115561,0.0,-1.0
ACSM1,0.3735208,0.0,-1.0
ACSM2A,0.25719085,0.0,-1.0
ACSM2B,0.21848425,0.0,0.0
ACSM3,0.2738246,0.0,0.0
ACSM4,0.20710537,0.0,-1.0
ACSM5,0.21860264,0.0,0.0
ACSM6,0.21320347,0.0,0.0
ACSS1,0.21779484,0.0,0.0
ACSS2,0.26010078,0.0,0.0
ACSS3,0.22882356,0.0,0.0
ACTA1,0.5710443,1.0,-1.0
ACTA2,0.6179978,1.0,-1.0
ACTB,0.6870397,1.0,-1.0
ACTBL2,0.42739528,0.0,0.0
ACTC1,0.48388916,0.0,-1.0
ACTG1,0.5424824,1.0,1.0
ACTG2,0.49575776,0.0,0.0
ACTL10,0.2819854,0.0,0.0
ACTL6A,0.53289527,1.0,-1.0
ACTL6B,0.44845542,0.0,-1.0
ACTL7A,0.27895957,0.0,0.0
ACTL7B,0.27337873,0.0,-1.0
ACTL8,0.41850805,0.0,0.0
ACTL9,0.27755028,0.0,-1.0
ACTN1,0.53832567,1.0,0.0
ACTN2,0.5099846,1.0,-1.0
ACTN3,0.3307707,0.0,0.0
ACTN4,0.5529626,1.0,-1.0
ACTR10,0.4112247,0.0,0.0
ACTR1A,0.43594334,0.0,0.0
ACTR1B,0.411639,0.0,0.0
ACTR2,0.5115144,1.0,0.0
ACTR3,0.4791719,0.0,0.0
ACTR3B,0.37882468,0.0,0.0
ACTR3C,0.367611,0.0,0.0
ACTR5,0.23912519,0.0,0.0
ACTR6,0.23774868,0.0,0.0
ACTR8,0.38527697,0.0,0.0
ACTRT1,0.2976016,0.0,0.0
ACTRT2,0.27427077,0.0,0.0
ACTRT3,0.2739222,0.0,0.0
ACVR1,0.50938916,1.0,1.0
ACVR1B,0.50408965,1.0,1.0
ACVR1C,0.3580087,0.0,0.0
ACVR2A,0.42688194,0.0,1.0
ACVR2B,0.36100024,0.0,-1.0
ACVRL1,0.5204501,1.0,-1.0
ACY1,0.22696452,0.0,-1.0
ACY3,0.17273408,0.0,0.0
ACYP1,0.265345,0.0,0.0
ACYP2,0.16502297,0.0,0.0
ADA,0.56607854,1.0,0.0
ADA2,0.36907664,0.0,0.0
ADAD1,0.124837235,0.0,0.0
ADAD2,0.09626151,0.0,0.0
ADAL,0.23744267,0.0,0.0
ADAM10,0.544984,1.0,-1.0
ADAM11,0.27417532,0.0,0.0
ADAM12,0.36881408,0.0,-1.0
ADAM15,0.3401944,0.0,0.0
ADAM17,0.5675471,1.0,-1.0
ADAM18,0.19709378,0.0,0.0
ADAM19,0.33217382,0.0,0.0
ADAM1A,0.016168915,0.0,0.0
ADAM2,0.15109947,0.0,-1.0
ADAM20,0.22109239,0.0,0.0
ADAM21,0.20024343,0.0,0.0
ADAM22,0.30579758,0.0,-1.0
ADAM23,0.27178904,0.0,-1.0
ADAM28,0.29137787,0.0,0.0
ADAM29,0.095404096,0.0,-1.0
ADAM30,0.09949223,0.0,0.0
ADAM32,0.1756563,0.0,0.0
ADAM33,0.21583414,0.0,-1.0
ADAM7,0.003389421,0.0,-1.0
ADAM8,0.40096042,0.0,0.0
ADAM9,0.42648518,0.0,-1.0
ADAMDEC1,0.2677911,0.0,0.0
ADAMTS1,0.497145,0.0,-1.0
ADAMTS10,0.25299117,0.0,-1.0
ADAMTS12,0.2403747,0.0,-1.0
ADAMTS13,0.41500923,0.0,-1.0
ADAMTS14,0.2156196,0.0,0.0
ADAMTS15,0.21787147,0.0,-1.0
ADAMTS16,0.18964818,0.0,0.0
ADAMTS17,0.21625258,0.0,-1.0
ADAMTS18,0.27428305,0.0,-1.0
ADAMTS19,0.21957736,0.0,-1.0
ADAMTS2,0.4477529,0.0,-1.0
ADAMTS20,0.21809198,0.0,-1.0
ADAMTS3,0.24892007,0.0,-1.0
ADAMTS4,0.30425128,0.0,0.0
ADAMTS5,0.45215642,0.0,-1.0
ADAMTS6,0.24640997,0.0,-1.0
ADAMTS7,0.27015555,0.0,0.0
ADAMTS8,0.2949401,0.0,0.0
ADAMTS9,0.30546245,0.0,-1.0
ADAMTSL1,0.22496761,0.0,0.0
ADAMTSL2,0.34673437,0.0,0.0
ADAMTSL3,0.28857645,0.0,-1.0
ADAMTSL4,0.105874255,0.0,-1.0
ADAMTSL5,0.19559969,0.0,0.0
ADAP1,0.31094098,0.0,0.0
ADAP2,0.37647408,0.0,0.0
ADAR,0.50185484,1.0,0.0
ADARB1,0.26300737,0.0,0.0
ADARB2,0.2756295,0.0,-1.0
ADAT1,0.2020251,0.0,0.0
ADAT2,0.20714925,0.0,0.0
ADAT3,0.18054125,0.0,0.0
ADCK1,0.2771285,0.0,-1.0
ADCK2,0.32120353,0.0,0.0
ADCK5,0.25328746,0.0,0.0
ADCY1,0.34894052,0.0,-1.0
ADCY10,0.47382316,0.0,0.0
ADCY2,0.3649487,0.0,-1.0
ADCY3,0.3889001,0.0,-1.0
ADCY4,0.35039657,0.0,-1.0
ADCY5,0.34026632,0.0,-1.0
ADCY6,0.35709065,0.0,-1.0
ADCY7,0.3744683,0.0,-1.0
ADCY8,0.37195104,0.0,-1.0
ADCY9,0.37088454,0.0,-1.0
ADCYAP1,0.4329011,0.0,-1.0
ADCYAP1R1,0.27887625,0.0,0.0
ADD1,0.4275638,0.0,0.0
ADD2,0.24615933,0.0,-1.0
ADD3,0.47283942,0.0,-1.0
ADGB,0.12602313,0.0,-1.0
ADGRA1,0.339304,0.0,-1.0
ADGRA2,0.44815925,0.0,-1.0
ADGRA3,0.3828641,0.0,0.0
ADGRB1,0.2894359,0.0,0.0
ADGRB2,0.23403038,0.0,0.0
ADGRB3,0.29792112,0.0,-1.0
ADGRD1,0.22422877,0.0,-1.0
ADGRD2,0.14608358,0.0,0.0
ADGRE1,0.3676335,0.0,0.0
ADGRE2,0.35705245,0.0,0.0
ADGRE3,0.2066851,0.0,0.0
ADGRE5,0.38330504,0.0,-1.0
ADGRF1,0.14310417,0.0,0.0
ADGRF2,0.17417128,0.0,-1.0
ADGRF3,0.10710903,0.0,0.0
ADGRF4,0.1529948,0.0,0.0
ADGRF5,0.384868,0.0,0.0
ADGRG1,0.24284826,0.0,-1.0
ADGRG2,0.13645634,0.0,0.0
ADGRG3,0.15109082,0.0,0.0
ADGRG4,0.22869639,0.0,-1.0
ADGRG5,0.16808291,0.0,0.0
ADGRG6,0.36613995,0.0,-1.0
ADGRG7,0.15855539,0.0,0.0
ADGRL1,0.25706187,0.0,-1.0
ADGRL2,0.343478,0.0,-1.0
ADGRL3,0.4013557,0.0,-1.0
ADGRL4,0.47538534,0.0,0.0
ADGRV1,0.2701768,0.0,-1.0
ADH1A,0.23675303,0.0,0.0
ADH1B,0.2825628,0.0,-1.0
ADH1C,0.14015687,0.0,0.0
ADH4,0.17944203,0.0,0.0
ADH5,0.2930212,0.0,-1.0
ADH6,0.18170114,0.0,0.0
ADH7,0.26228645,0.0,0.0
ADHFE1,0.34669915,0.0,0.0
ADI1,0.454446,0.0,0.0
ADIG,0.080730766,0.0,-1.0
ADIPOQ,0.52897394,1.0,-1.0
ADIPOR1,0.3803814,0.0,-1.0
ADIPOR2,0.29369223,0.0,0.0
ADIRF,0.31511086,0.0,0.0
ADK,0.28975102,0.0,0.0
ADM,0.5495051,1.0,0.0
ADM2,0.3408466,0.0,0.0
ADM5,0.24015528,0.0,0.0
ADNP,0.45569628,0.0,-1.0
ADNP2,0.18605451,0.0,0.0
ADO,0.2904311,0.0,0.0
ADORA1,0.44027033,0.0,0.0
ADORA2A,0.4740613,0.0,0.0
ADORA2A-AS1,0.025996635,0.0,0.0
ADORA2B,0.42006254,0.0,0.0
ADORA3,0.23377827,0.0,0.0
ADPGK,0.21300659,0.0,0.0
ADPRH,0.24648675,0.0,0.0
ADPRHL1,0.12370498,0.0,0.0
ADPRM,0.17810078,0.0,0.0
ADPRS,0.1816347,0.0,0.0
ADRA1A,0.27762875,0.0,-1.0
ADRA1B,0.3474303,0.0,-1.0
ADRA1D,0.3466951,0.0,0.0
ADRA2A,0.2818494,0.0,0.0
ADRA2B,0.22049773,0.0,0.0
ADRA2C,0.25749305,0.0,0.0
ADRB1,0.4203638,0.0,0.0
ADRB2,0.48611563,0.0,-1.0
ADRB3,0.31089506,0.0,-1.0
ADRM1,0.30455112,0.0,0.0
ADSL,0.34851012,0.0,0.0
ADSS1,0.2101607,0.0,0.0
ADSS2,0.2966934,0.0,0.0
ADTRP,0.22306964,0.0,0.0
AEBP1,0.49321005,0.0,0.0
AEBP2,0.34016672,0.0,0.0
AEN,0.34951827,0.0,0.0
AFAP1,0.36880043,0.0,0.0
AFAP1L1,0.2171545,0.0,0.0
AFAP1L2,0.25920737,0.0,-1.0
AFDN,0.44512004,0.0,1.0
AFF1,0.4689465,0.0,1.0
AFF2,0.32983667,0.0,-1.0
AFF3,0.2821633,0.0,1.0
AFF4,0.34732473,0.0,1.0
AFG1L,0.21857423,0.0,0.0
AFG3L1P,0.08711442,0.0,0.0
AFG3L2,0.3539166,0.0,-1.0
AFM,0.22203003,0.0,-1.0
AFMID,0.21607189,0.0,-1.0
AFP,0.50134695,1.0,-1.0
AFTPH,0.22274183,0.0,0.0
AGA,0.37913242,0.0,-1.0
AGAP1,0.3428158,0.0,0.0
AGAP11,0.028769061,0.0,0.0
AGAP2,0.35302913,0.0,-1.0
AGAP2-AS1,0.022639474,0.0,0.0
AGAP3,0.3660571,0.0,0.0
AGAP4,0.30275908,0.0,0.0
AGAP5,0.2815241,0.0,0.0
AGAP7P,0.17742746,0.0,0.0
AGAP9,0.00029841842,0.0,0.0
AGBL1,0.19433758,0.0,0.0
AGBL2,0.19393171,0.0,-1.0
AGBL3,0.19778031,0.0,-1.0
AGBL4,0.18282734,0.0,0.0
AGBL5,0.099372186,0.0,-1.0
AGER,0.3965271,0.0,-1.0
AGFG1,0.5370798,1.0,0.0
AGFG2,0.25236148,0.0,0.0
AGGF1,0.33528724,0.0,-1.0
AGK,0.2994919,0.0,0.0
AGL,0.4407892,0.0,-1.0
AGMAT,0.1831322,0.0,0.0
AGMO,0.17716183,0.0,0.0
AGO1,0.39185014,0.0,1.0
AGO2,0.53012544,1.0,-1.0
AGO3,0.39983582,0.0,0.0
AGO4,0.36124033,0.0,-1.0
AGPAT1,0.2744942,0.0,0.0
AGPAT2,0.26191783,0.0,-1.0
AGPAT3,0.20683332,0.0,0.0
AGPAT4,0.18272719,0.0,0.0
AGPAT5,0.24926944,0.0,0.0
AGPS,0.41578135,0.0,-1.0
AGR2,0.24642171,0.0,0.0
AGR3,0.19184744,0.0,0.0
AGRN,0.4905078,0.0,0.0
AGRP,0.40012237,0.0,-1.0
AGT,0.5367658,1.0,-1.0
AGTPBP1,0.3810749,0.0,0.0
AGTR1,0.5720393,1.0,-1.0
AGTR2,0.49581823,0.0,-1.0
AGTRAP,0.19345804,0.0,0.0
AGXT,0.34771764,0.0,-1.0
AGXT2,0.16232902,0.0,0.0
AHCTF1,0.35458484,0.0,-1.0
AHCY,0.36266565,0.0,0.0
AHCYL1,0.41376278,0.0,0.0
AHCYL2,0.28237423,0.0,-1.0
AHDC1,0.24395075,0.0,0.0
AHI1,0.3476961,0.0,-1.0
AHI1-DT,0.0020462682,0.0,0.0
AHNAK,0.4195353,0.0,-1.0
AHNAK2,0.25161484,0.0,-1.0
AHR,0.5358487,1.0,-1.0
AHRR,0.20012233,0.0,0.0
AHSA1,0.354585,0.0,-1.0
AHSA2P,0.22618769,0.0,0.0
AHSG,0.33247885,0.0,0.0
AHSP,0.22241552,0.0,0.0
AICDA,0.4347702,0.0,-1.0
AIDA,0.21029447,0.0,0.0
AIF1,0.50201184,1.0,0.0
AIF1L,0.22117272,0.0,0.0
AIFM1,0.40100893,0.0,-1.0
AIFM2,0.23568504,0.0,-1.0
AIFM3,0.2397645,0.0,0.0
AIG1,0.15464431,0.0,0.0
AIM2,0.3271336,0.0,0.0
AIMP1,0.30597922,0.0,0.0
AIMP2,0.2986693,0.0,0.0
AIP,0.3796985,0.0,-1.0
AIPL1,0.25315112,0.0,-1.0
AIRE,0.48861516,0.0,-1.0
AJAP1,0.19969633,0.0,-1.0
AJM1,0.20807183,0.0,0.0
AJUBA,0.34652975,0.0,1.0
AK1,0.3106714,0.0,-1.0
AK2,0.38889614,0.0,-1.0
AK3,0.28490815,0.0,0.0
AK4,0.30134133,0.0,0.0
AK5,0.26455596,0.0,0.0
AK6,0.17703408,0.0,0.0
AK7,0.23260355,0.0,0.0
AK8,0.1852015,0.0,-1.0
AK9,0.2807676,0.0,0.0
AKAP1,0.32137808,0.0,0.0
AKAP10,0.37890503,0.0,-1.0
AKAP11,0.3290759,0.0,-1.0
AKAP12,0.42354146,0.0,-1.0
AKAP13,0.4926387,0.0,-1.0
AKAP14,0.19847053,0.0,0.0
AKAP17A,0.35301855,0.0,0.0
AKAP2,0.28196764,0.0,0.0
AKAP3,0.12098658,0.0,0.0
AKAP4,0.07851488,0.0,0.0
AKAP5,0.38233745,0.0,0.0
AKAP6,0.30590248,0.0,-1.0
AKAP7,0.26670784,0.0,0.0
AKAP8,0.37246177,0.0,-1.0
AKAP8L,0.30104446,0.0,0.0
AKAP9,0.4936129,0.0,-1.0
AKIP1,0.24108964,0.0,0.0
AKIRIN1,0.19355665,0.0,0.0
AKIRIN2,0.17941919,0.0,0.0
AKNA,0.19579072,0.0,0.0
AKNAD1,0.1026325,0.0,0.0
AKR1A1,0.22936225,0.0,0.0
AKR1B1,0.4553699,0.0,0.0
AKR1B10,0.3813763,0.0,-1.0
AKR1B15,0.1876792,0.0,0.0
AKR1C1,0.24587286,0.0,0.0
AKR1C2,0.3060378,0.0,-1.0
AKR1C3,0.29303873,0.0,-1.0
AKR1C4,0.18476875,0.0,0.0
AKR1D1,0.22514659,0.0,-1.0
AKR1E2,0.2087049,0.0,0.0
AKR7A2,0.31559777,0.0,0.0
AKR7A3,0.1943371,0.0,0.0
AKR7L,0.12885518,0.0,0.0
AKT1,0.74747694,1.0,1.0
AKT1S1,0.34250966,0.0,-1.0
AKT2,0.5657375,1.0,1.0
AKT3,0.5564689,1.0,1.0
AKTIP,0.4412397,0.0,0.0
ALAD,0.26420307,0.0,-1.0
ALAS1,0.31614274,0.0,0.0
ALAS2,0.28196096,0.0,-1.0
ALB,0.7064753,1.0,-1.0
ALCAM,0.49319974,0.0,-1.0
ALDH16A1,0.23272997,0.0,0.0
ALDH18A1,0.33229288,0.0,0.0
ALDH1A1,0.3427337,0.0,-1.0
ALDH1A2,0.360823,0.0,0.0
ALDH1A3,0.29146683,0.0,0.0
ALDH1B1,0.31351486,0.0,0.0
ALDH1L1,0.24646124,0.0,-1.0
ALDH1L2,0.2273457,0.0,0.0
ALDH2,0.34047577,0.0,-1.0
ALDH3A1,0.25292993,0.0,0.0
ALDH3A2,0.42213273,0.0,-1.0
ALDH3B1,0.21009928,0.0,0.0
ALDH3B2,0.25111845,0.0,0.0
ALDH4A1,0.22359142,0.0,0.0
ALDH5A1,0.25517988,0.0,-1.0
ALDH6A1,0.16936417,0.0,0.0
ALDH7A1,0.425946,0.0,0.0
ALDH8A1,0.23031755,0.0,0.0
ALDH9A1,0.2387923,0.0,0.0
ALDOA,0.40371028,0.0,-1.0
ALDOB,0.25416663,0.0,-1.0
ALDOC,0.29003364,0.0,0.0
ALG1,0.2646619,0.0,-1.0
ALG10,0.17994899,0.0,0.0
ALG10B,0.16703811,0.0,0.0
ALG11,0.3120499,0.0,-1.0
ALG12,0.1335202,0.0,-1.0
ALG13,0.270003,0.0,0.0
ALG14,0.111034065,0.0,-1.0
ALG1L,0.2501396,0.0,0.0
ALG1L2,0.00013272795,0.0,0.0
ALG2,0.26867193,0.0,-1.0
ALG3,0.24276666,0.0,-1.0
ALG5,0.23684494,0.0,0.0
ALG6,0.19684093,0.0,-1.0
ALG8,0.17854393,0.0,-1.0
ALG9,0.2229649,0.0,-1.0
ALK,0.5850013,1.0,1.0
ALKAL1,0.1441065,0.0,0.0
ALKAL2,0.14069402,0.0,0.0
ALKBH1,0.27535534,0.0,0.0
ALKBH2,0.19871469,0.0,0.0
ALKBH3,0.21500799,0.0,0.0
ALKBH4,0.15598048,0.0,0.0
ALKBH5,0.16800049,0.0,0.0
ALKBH6,0.15998727,0.0,-1.0
ALKBH7,0.1489809,0.0,0.0
ALKBH8,0.24662817,0.0,0.0
ALLC,0.26863682,0.0,-1.0
ALMS1,0.3586871,0.0,-1.0
ALOX12,0.33534274,0.0,-1.0
ALOX12B,0.20353547,0.0,1.0
ALOX15,0.3707675,0.0,-1.0
ALOX15B,0.20437983,0.0,0.0
ALOX5,0.39362133,0.0,-1.0
ALOX5AP,0.41476288,0.0,-1.0
ALOXE3,0.16775247,0.0,-1.0
ALPG,0.36694747,0.0,0.0
ALPI,0.4124028,0.0,0.0
ALPK1,0.3337577,0.0,-1.0
ALPK2,0.2736908,0.0,-1.0
ALPK3,0.24934636,0.0,0.0
ALPL,0.4392052,0.0,-1.0
ALPP,0.40342197,0.0,0.0
ALS2,0.34760562,0.0,-1.0
ALS2CL,0.28191105,0.0,-1.0
ALX1,0.30410665,0.0,0.0
ALX3,0.43702117,0.0,0.0
ALX4,0.41847578,0.0,-1.0
ALYREF,0.5443931,1.0,-1.0
AMACR,0.30886033,0.0,0.0
AMBN,0.21741477,0.0,-1.0
AMBP,0.44555134,0.0,0.0
AMBRA1,0.23230009,0.0,-1.0
AMD1,0.34036925,0.0,0.0
AMDHD1,0.13964182,0.0,0.0
AMDHD2,0.1718537,0.0,0.0
AMELX,0.34818682,0.0,-1.0
AMELY,0.31015375,0.0,0.0
AMER1,0.3504731,0.0,1.0
AMER2,0.13294831,0.0,0.0
AMER3,0.13785848,0.0,0.0
AMFR,0.3179464,0.0,-1.0
AMH,0.52265954,1.0,-1.0
AMHR2,0.3409966,0.0,-1.0
AMIGO1,0.23615791,0.0,0.0
AMIGO2,0.28945342,0.0,0.0
AMIGO3,0.12871678,0.0,0.0
AMMECR1,0.26926085,0.0,0.0
AMMECR1L,0.17174381,0.0,0.0
AMN,0.24198154,0.0,-1.0
AMN1,0.10503925,0.0,0.0
AMOT,0.42189318,0.0,-1.0
AMOTL1,0.26386684,0.0,-1.0
AMOTL2,0.32261255,0.0,0.0
AMPD1,0.2746562,0.0,0.0
AMPD2,0.29485252,0.0,0.0
AMPD3,0.3075893,0.0,0.0
AMPH,0.40746763,0.0,-1.0
AMT,0.24145752,0.0,-1.0
AMTN,0.121954314,0.0,0.0
AMY1A,0.20712405,0.0,0.0
AMY1B,0.2169392,0.0,0.0
AMY1C,0.20902085,0.0,0.0
AMY2A,0.31783748,0.0,0.0
AMY2B,0.2673008,0.0,-1.0
AMZ1,0.120094724,0.0,0.0
AMZ2,0.13904217,0.0,0.0
AMZ2P1,0.062256087,0.0,0.0
ANAPC1,0.39141074,0.0,0.0
ANAPC10,0.3145462,0.0,0.0
ANAPC11,0.21543592,0.0,0.0
ANAPC13,0.20198415,0.0,0.0
ANAPC15,0.19935605,0.0,0.0
ANAPC16,0.23654124,0.0,0.0
ANAPC2,0.32195777,0.0,0.0
ANAPC4,0.38697457,0.0,0.0
ANAPC5,0.353205,0.0,0.0
ANAPC7,0.3056228,0.0,0.0
ANG,0.39063758,0.0,-1.0
ANGEL1,0.25155595,0.0,0.0
ANGEL2,0.35868886,0.0,0.0
ANGPT1,0.59053653,1.0,-1.0
ANGPT2,0.563491,1.0,0.0
ANGPT4,0.3154027,0.0,0.0
ANGPTL1,0.2857988,0.0,0.0
ANGPTL2,0.48400578,0.0,0.0
ANGPTL3,0.25297335,0.0,-1.0
ANGPTL4,0.41131356,0.0,0.0
ANGPTL5,0.2705196,0.0,0.0
ANGPTL6,0.32161897,0.0,0.0
ANGPTL7,0.27443206,0.0,0.0
ANGPTL8,0.15964366,0.0,0.0
ANHX,0.08292914,0.0,0.0
ANK1,0.43943578,0.0,1.0
ANK2,0.4552884,0.0,-1.0
ANK3,0.47688198,0.0,-1.0
ANKAR,0.23561418,0.0,0.0
ANKDD1A,0.23810278,0.0,0.0
ANKDD1B,0.3468206,0.0,0.0
ANKEF1,0.34650832,0.0,0.0
ANKFN1,0.12580028,0.0,0.0
ANKFY1,0.4555906,0.0,0.0
ANKH,0.43396947,0.0,-1.0
ANKHD1,0.46508855,0.0,-1.0
ANKHD1-EIF4EBP3,0.39870286,0.0,0.0
ANKIB1,0.32655555,0.0,0.0
ANKK1,0.34272256,0.0,0.0
ANKLE1,0.14367048,0.0,0.0
ANKLE2,0.2938839,0.0,-1.0
ANKMY1,0.087875515,0.0,0.0
ANKMY2,0.22026311,0.0,0.0
ANKRA2,0.4047088,0.0,0.0
ANKRD1,0.38275313,0.0,-1.0
ANKRD10,0.37099478,0.0,0.0
ANKRD11,0.34175575,0.0,1.0
ANKRD12,0.39162225,0.0,-1.0
ANKRD13A,0.2964,0.0,-1.0
ANKRD13B,0.24360844,0.0,0.0
ANKRD13C,0.2808529,0.0,0.0
ANKRD13D,0.16466643,0.0,0.0
ANKRD16,0.33504122,0.0,-1.0
ANKRD17,0.49226674,0.0,-1.0
ANKRD18A,0.34210634,0.0,-1.0
ANKRD18B,0.32623282,0.0,0.0
ANKRD2,0.35487518,0.0,0.0
ANKRD20A1,2.4099077e-06,0.0,0.0
ANKRD20A2P,0.33117428,0.0,0.0
ANKRD20A4P,0.33657566,0.0,0.0
ANKRD22,0.33797234,0.0,0.0
ANKRD23,0.3507482,0.0,0.0
ANKRD24,0.341825,0.0,-1.0
ANKRD26,0.42330447,0.0,-1.0
ANKRD26P1,0.0101602785,0.0,0.0
ANKRD27,0.3967421,0.0,0.0
ANKRD28,0.45445275,0.0,0.0
ANKRD29,0.34248802,0.0,0.0
ANKRD30A,0.3357323,0.0,0.0
ANKRD30B,0.33953577,0.0,0.0
ANKRD30BL,0.3534472,0.0,-1.0
ANKRD31,0.09402939,0.0,0.0
ANKRD33,0.113481805,0.0,0.0
ANKRD33B,0.13307314,0.0,0.0
ANKRD34A,0.20623447,0.0,0.0
ANKRD34B,0.13828948,0.0,0.0
ANKRD34C,0.23411977,0.0,0.0
ANKRD35,0.30467042,0.0,0.0
ANKRD36,0.41860318,0.0,-1.0
ANKRD36B,0.17841333,0.0,0.0
ANKRD36BP1,0.18517752,0.0,0.0
ANKRD36C,0.43994376,0.0,-1.0
ANKRD37,0.33770418,0.0,0.0
ANKRD39,0.34093407,0.0,0.0
ANKRD40,0.17592423,0.0,0.0
ANKRD42,0.3801862,0.0,0.0
ANKRD44,0.4296605,0.0,-1.0
ANKRD45,0.30360153,0.0,0.0
ANKRD46,0.3784073,0.0,0.0
ANKRD49,0.37041226,0.0,0.0
ANKRD50,0.34502608,0.0,-1.0
ANKRD52,0.37901184,0.0,0.0
ANKRD53,0.34085554,0.0,0.0
ANKRD54,0.35489392,0.0,0.0
ANKRD55,0.3580145,0.0,0.0
ANKRD6,0.37165946,0.0,0.0
ANKRD60,0.2798702,0.0,0.0
ANKRD61,0.3509673,0.0,0.0
ANKRD63,0.33674926,0.0,0.0
ANKRD65,0.34313315,0.0,0.0
ANKRD66,0.3190112,0.0,0.0
ANKRD7,0.23478961,0.0,-1.0
ANKRD9,0.33576936,0.0,0.0
ANKS1A,0.40732682,0.0,0.0
ANKS1B,0.35802212,0.0,0.0
ANKS3,0.3390229,0.0,0.0
ANKS4B,0.33229274,0.0,0.0
ANKS6,0.36858717,0.0,0.0
ANKUB1,0.25031325,0.0,0.0
ANKZF1,0.1948652,0.0,0.0
ANLN,0.473167,0.0,-1.0
ANO1,0.24408744,0.0,0.0
ANO10,0.11267302,0.0,-1.0
ANO2,0.14723629,0.0,0.0
ANO3,0.15886898,0.0,0.0
ANO4,0.09312282,0.0,-1.0
ANO5,0.19895221,0.0,-1.0
ANO6,0.2461618,0.0,-1.0
ANO7,0.06479931,0.0,0.0
ANO8,0.07244403,0.0,0.0
ANO9,0.088553004,0.0,0.0
ANOS1,0.33578524,0.0,-1.0
ANP32A,0.36378306,0.0,-1.0
ANP32B,0.3340317,0.0,-1.0
ANP32C,0.22872613,0.0,0.0
ANP32D,0.22423334,0.0,0.0
ANP32E,0.2690716,0.0,0.0
ANPEP,0.5101658,1.0,-1.0
ANTKMT,0.14501996,0.0,0.0
ANTXR1,0.44775978,0.0,-1.0
ANTXR2,0.48795834,0.0,-1.0
ANXA1,0.57399184,1.0,-1.0
ANXA10,0.17052184,0.0,0.0
ANXA11,0.31440783,0.0,0.0
ANXA13,0.33721265,0.0,0.0
ANXA2,0.5691354,1.0,-1.0
ANXA2P2,0.2102802,0.0,0.0
ANXA2R,0.16905017,0.0,0.0
ANXA3,0.33977813,0.0,0.0
ANXA4,0.3485989,0.0,0.0
ANXA5,0.64287037,1.0,-1.0
ANXA6,0.36624506,0.0,0.0
ANXA7,0.40597558,0.0,0.0
ANXA8,0.056012288,0.0,0.0
ANXA8L1,0.026728813,0.0,-1.0
ANXA9,0.24054672,0.0,0.0
AOAH,0.32006207,0.0,0.0
AOC1,0.27964416,0.0,0.0
AOC2,0.40145954,0.0,0.0
AOC3,0.44695288,0.0,0.0
AOPEP,0.28763726,0.0,0.0
AOX1,0.26861355,0.0,-1.0
AP1AR,0.24160066,0.0,0.0
AP1B1,0.3852677,0.0,-1.0
AP1G1,0.39614633,0.0,0.0
AP1G2,0.28020158,0.0,0.0
AP1M1,0.36043337,0.0,0.0
AP1M2,0.30718708,0.0,0.0
AP1S1,0.28398266,0.0,-1.0
AP1S2,0.38524294,0.0,-1.0
AP1S3,0.25145555,0.0,0.0
AP2A1,0.47419178,0.0,-1.0
AP2A2,0.38595313,0.0,0.0
AP2B1,0.44134513,0.0,0.0
AP2M1,0.47819096,0.0,0.0
AP2S1,0.42246053,0.0,0.0
AP3B1,0.45313755,0.0,-1.0
AP3B2,0.32882252,0.0,0.0
AP3D1,0.32249323,0.0,-1.0
AP3M1,0.39308453,0.0,0.0
AP3M2,0.20741495,0.0,-1.0
AP3S1,0.2945794,0.0,0.0
AP3S2,0.23594627,0.0,0.0
AP4B1,0.3470738,0.0,0.0
AP4E1,0.39513502,0.0,-1.0
AP4M1,0.32059118,0.0,-1.0
AP4S1,0.24723494,0.0,0.0
AP5B1,0.37118772,0.0,0.0
AP5M1,0.45708305,0.0,0.0
AP5S1,0.16654521,0.0,0.0
AP5Z1,0.18756619,0.0,-1.0
APAF1,0.5276272,1.0,-1.0
APBA1,0.3503735,0.0,0.0
APBA2,0.3078321,0.0,0.0
APBA3,0.33786684,0.0,0.0
APBB1,0.5479567,1.0,0.0
APBB1IP,0.34940404,0.0,0.0
APBB2,0.31892955,0.0,0.0
APBB3,0.27908972,0.0,0.0
APC,0.6104953,1.0,1.0
APC2,0.3779571,0.0,-1.0
APCDD1,0.48246926,0.0,-1.0
APCDD1L,0.035833925,0.0,0.0
APCS,0.33753568,0.0,0.0
APEH,0.4497762,0.0,-1.0
APEX1,0.46024734,0.0,0.0
APEX2,0.292242,0.0,0.0
APH1A,0.32831562,0.0,-1.0
APH1B,0.1147238,0.0,-1.0
API5,0.3016589,0.0,-1.0
APIP,0.19968271,0.0,0.0
APLF,0.24776025,0.0,0.0
APLN,0.21802104,0.0,0.0
APLNR,0.40547147,0.0,1.0
APLP1,0.36249506,0.0,0.0
APLP2,0.41333988,0.0,0.0
APMAP,0.23740971,0.0,-1.0
APOA1,0.4256951,0.0,-1.0
APOA2,0.31063417,0.0,0.0
APOA4,0.30123556,0.0,0.0
APOA5,0.1867883,0.0,-1.0
APOB,0.5122745,1.0,-1.0
APOBEC1,0.38026312,0.0,0.0
APOBEC2,0.23063534,0.0,-1.0
APOBEC3A,0.2767967,0.0,0.0
APOBEC3B,0.33085623,0.0,1.0
APOBEC3C,0.25264177,0.0,0.0
APOBEC3D,0.21712877,0.0,0.0
APOBEC3F,0.22722931,0.0,0.0
APOBEC3G,0.37862122,0.0,0.0
APOBEC3H,0.17523812,0.0,0.0
APOBEC4,0.1054814,0.0,0.0
APOBR,0.20932114,0.0,-1.0
APOC1,0.33848977,0.0,0.0
APOC1P1,0.13347591,0.0,0.0
APOC2,0.29176396,0.0,-1.0
APOC3,0.36432868,0.0,0.0
APOC4,0.11617957,0.0,0.0
APOD,0.31368616,0.0,0.0
APOE,0.6335566,1.0,-1.0
APOF,0.24595286,0.0,0.0
APOH,0.32631657,0.0,0.0
APOL1,0.33301222,0.0,-1.0
APOL2,0.25482705,0.0,-1.0
APOL3,0.29417804,0.0,0.0
APOL4,0.23368874,0.0,0.0
APOL5,0.22824039,0.0,0.0
APOL6,0.24901557,0.0,0.0
APOLD1,0.25354612,0.0,0.0
APOM,0.26055306,0.0,0.0
APOO,0.12324554,0.0,0.0
APOOL,0.2485164,0.0,0.0
APP,0.75504595,1.0,-1.0
APPBP2,0.3668015,0.0,0.0
APPL1,0.55177706,1.0,-1.0
APPL2,0.33007476,0.0,0.0
APRT,0.30707705,0.0,0.0
APTX,0.34942582,0.0,-1.0
AQP1,0.351971,0.0,0.0
AQP10,0.22952619,0.0,0.0
AQP11,0.17799342,0.0,0.0
AQP12A,0.12402727,0.0,-1.0
AQP12B,0.055988163,0.0,-1.0
AQP2,0.35826883,0.0,-1.0
AQP3,0.44323075,0.0,0.0
AQP4,0.36892122,0.0,-1.0
AQP4-AS1,0.013421031,0.0,0.0
AQP5,0.3855278,0.0,0.0
AQP6,0.27974153,0.0,0.0
AQP7,0.25963217,0.0,-1.0
AQP8,0.2637338,0.0,0.0
AQP9,0.3392325,0.0,0.0
AQR,0.3185479,0.0,0.0
AR,0.65964186,1.0,1.0
ARAF,0.5623015,1.0,1.0
ARAP1,0.38245094,0.0,0.0
ARAP2,0.40919453,0.0,-1.0
ARAP3,0.35053632,0.0,0.0
ARC,0.3328964,0.0,0.0
ARCN1,0.39280406,0.0,0.0
AREG,0.45896736,0.0,-1.0
AREL1,0.38916624,0.0,0.0
ARF1,0.4435387,0.0,-1.0
ARF3,0.48876533,0.0,0.0
ARF4,0.42800704,0.0,0.0
ARF5,0.37989494,0.0,0.0
ARF6,0.46987814,0.0,-1.0
ARFGAP1,0.37367585,0.0,0.0
ARFGAP2,0.38071075,0.0,0.0
ARFGAP3,0.47373822,0.0,0.0
ARFGEF1,0.4318784,0.0,0.0
ARFGEF2,0.33956784,0.0,-1.0
ARFGEF3,0.2196293,0.0,0.0
ARFIP1,0.3347669,0.0,0.0
ARFIP2,0.35144347,0.0,0.0
ARFRP1,0.17570643,0.0,-1.0
ARG1,0.4220979,0.0,-1.0
ARG2,0.2912667,0.0,0.0
ARGFX,0.18803705,0.0,0.0
ARGLU1,0.30186522,0.0,0.0
ARHGAP1,0.42559305,0.0,0.0
ARHGAP10,0.26194623,0.0,0.0
ARHGAP11A,0.45295054,0.0,0.0
ARHGAP11B,0.29183483,0.0,0.0
ARHGAP12,0.28840896,0.0,0.0
ARHGAP15,0.38111222,0.0,0.0
ARHGAP17,0.27324802,0.0,0.0
ARHGAP18,0.23872302,0.0,0.0
ARHGAP19,0.34484622,0.0,0.0
ARHGAP20,0.21895257,0.0,-1.0
ARHGAP21,0.45462036,0.0,-1.0
ARHGAP22,0.26219225,0.0,0.0
ARHGAP23,0.24383278,0.0,0.0
ARHGAP24,0.29435998,0.0,-1.0
ARHGAP25,0.40630376,0.0,-1.0
ARHGAP26,0.41633838,0.0,1.0
ARHGAP27,0.21436782,0.0,0.0
ARHGAP28,0.11345209,0.0,-1.0
ARHGAP29,0.38832217,0.0,0.0
ARHGAP30,0.28179857,0.0,0.0
ARHGAP31,0.28663322,0.0,-1.0
ARHGAP32,0.41735587,0.0,-1.0
ARHGAP33,0.2611037,0.0,0.0
ARHGAP35,0.43123776,0.0,1.0
ARHGAP36,0.29120287,0.0,0.0
ARHGAP39,0.33269557,0.0,0.0
ARHGAP4,0.22667946,0.0,-1.0
ARHGAP40,0.16590293,0.0,0.0
ARHGAP42,0.26894745,0.0,0.0
ARHGAP44,0.22798912,0.0,0.0
ARHGAP45,0.28225783,0.0,0.0
ARHGAP5,0.3711773,0.0,1.0
ARHGAP5-AS1,0.09893262,0.0,0.0
ARHGAP6,0.3217375,0.0,0.0
ARHGAP8,0.24148764,0.0,-1.0
ARHGAP9,0.33088538,0.0,-1.0
ARHGDIA,0.42937228,0.0,0.0
ARHGDIB,0.36478212,0.0,0.0
ARHGDIG,0.27057245,0.0,0.0
ARHGEF1,0.45586354,0.0,-1.0
ARHGEF10,0.2695647,0.0,1.0
ARHGEF10L,0.29178637,0.0,1.0
ARHGEF11,0.38452142,0.0,-1.0
ARHGEF12,0.41022447,0.0,1.0
ARHGEF15,0.30037957,0.0,0.0
ARHGEF16,0.40463126,0.0,0.0
ARHGEF17,0.33686918,0.0,0.0
ARHGEF18,0.2415379,0.0,-1.0
ARHGEF19,0.28504005,0.0,0.0
ARHGEF2,0.41310823,0.0,-1.0
ARHGEF25,0.25217688,0.0,-1.0
ARHGEF26,0.28281456,0.0,0.0
ARHGEF28,0.35570163,0.0,1.0
ARHGEF3,0.37775072,0.0,-1.0
ARHGEF33,0.15663321,0.0,0.0
ARHGEF35,0.26220432,0.0,0.0
ARHGEF37,0.20604426,0.0,0.0
ARHGEF38,0.20963115,0.0,0.0
ARHGEF39,0.29482442,0.0,0.0
ARHGEF4,0.38487202,0.0,-1.0
ARHGEF40,0.30040205,0.0,0.0
ARHGEF5,0.37231874,0.0,0.0
ARHGEF6,0.33643293,0.0,-1.0
ARHGEF7,0.47961375,0.0,0.0
ARHGEF9,0.26479378,0.0,0.0
ARID1A,0.5320645,1.0,1.0
ARID1B,0.39911446,0.0,1.0
ARID2,0.3739586,0.0,1.0
ARID3A,0.31701452,0.0,1.0
ARID3B,0.31507427,0.0,1.0
ARID3C,0.22760022,0.0,-1.0
ARID4A,0.46330354,0.0,1.0
ARID4B,0.46068177,0.0,1.0
ARID5A,0.26456612,0.0,-1.0
ARID5B,0.36600786,0.0,1.0
ARIH1,0.38224447,0.0,-1.0
ARIH2,0.24899743,0.0,0.0
ARL1,0.39754692,0.0,0.0
ARL10,0.33125845,0.0,0.0
ARL11,0.3742452,0.0,-1.0
ARL13A,0.16263779,0.0,0.0
ARL13B,0.23546913,0.0,0.0
ARL14,0.32769254,0.0,0.0
ARL14EP,0.20641132,0.0,0.0
ARL14EPL,0.20388278,0.0,0.0
ARL15,0.25310263,0.0,0.0
ARL16,0.33721337,0.0,0.0
ARL17A,0.34388697,0.0,0.0
ARL17B,0.3361786,0.0,0.0
ARL2,0.23181967,0.0,0.0
ARL2BP,0.19928515,0.0,0.0
ARL3,0.2642611,0.0,0.0
ARL4A,0.36112344,0.0,0.0
ARL4C,0.3978876,0.0,0.0
ARL4D,0.36867493,0.0,0.0
ARL5A,0.3617478,0.0,0.0
ARL5B,0.34749657,0.0,0.0
ARL5C,0.33022112,0.0,0.0
ARL6,0.36329943,0.0,-1.0
ARL6IP1,0.2714922,0.0,0.0
ARL6IP4,0.14956227,0.0,0.0
ARL6IP5,0.30908263,0.0,0.0
ARL6IP6,0.22507438,0.0,0.0
ARL8A,0.17456464,0.0,0.0
ARL8B,0.26286128,0.0,0.0
ARL9,0.32604045,0.0,0.0
ARMC1,0.2928989,0.0,0.0
ARMC10,0.10044884,0.0,0.0
ARMC12,0.0793445,0.0,0.0
ARMC2,0.18741931,0.0,0.0
ARMC3,0.09331006,0.0,0.0
ARMC5,0.22233303,0.0,0.0
ARMC6,0.23764637,0.0,0.0
ARMC7,0.19421186,0.0,0.0
ARMC8,0.3806168,0.0,0.0
ARMC9,0.18448426,0.0,0.0
ARMCX1,0.16446316,0.0,-1.0
ARMCX2,0.14335129,0.0,-1.0
ARMCX3,0.17326139,0.0,-1.0
ARMCX4,0.0746919,0.0,0.0
ARMCX5,0.20524046,0.0,0.0
ARMCX6,0.13181569,0.0,0.0
ARMH1,0.17429566,0.0,0.0
ARMH3,0.15252319,0.0,-1.0
ARMH4,0.19674629,0.0,0.0
ARMS2,0.2541531,0.0,-1.0
ARMT1,0.2196064,0.0,0.0
ARNT,0.48767763,0.0,1.0
ARNT2,0.26281852,0.0,-1.0
ARNTL,0.5126115,1.0,-1.0
ARNTL2,0.27707413,0.0,0.0
ARPC1A,0.48429236,0.0,0.0
ARPC1B,0.37392968,0.0,-1.0
ARPC2,0.40893832,0.0,0.0
ARPC3,0.41313475,0.0,0.0
ARPC3P1,0.01999257,0.0,0.0
ARPC4,0.38349324,0.0,0.0
ARPC4-TTLL3,0.22023515,0.0,0.0
ARPC5,0.40703514,0.0,0.0
ARPC5L,0.3376977,0.0,0.0
ARPIN,0.21294665,0.0,0.0
ARPIN-AP3S2,0.2049141,0.0,0.0
ARPP19,0.25803238,0.0,0.0
ARPP21,0.4018935,0.0,0.0
ARR3,0.39704782,0.0,0.0
ARRB1,0.5618708,1.0,0.0
ARRB2,0.5969269,1.0,0.0
ARRDC1,0.26202995,0.0,0.0
ARRDC1-AS1,0.16586849,0.0,0.0
ARRDC2,0.25155696,0.0,0.0
ARRDC3,0.2896619,0.0,0.0
ARRDC4,0.2709088,0.0,0.0
ARRDC5,0.31030852,0.0,-1.0
ARSA,0.22267249,0.0,-1.0
ARSB,0.2628115,0.0,-1.0
ARSD,0.24349162,0.0,-1.0
ARSF,0.20453502,0.0,0.0
ARSG,0.1625615,0.0,0.0
ARSH,0.2582566,0.0,0.0
ARSI,0.19170484,0.0,0.0
ARSJ,0.2736085,0.0,0.0
ARSK,0.16661179,0.0,0.0
ARSL,0.36239475,0.0,-1.0
ART1,0.2860891,0.0,0.0
ART3,0.1879136,0.0,0.0
ART4,0.27262592,0.0,0.0
ART5,0.12165004,0.0,0.0
ARTN,0.3906063,0.0,0.0
ARV1,0.1669468,0.0,0.0
ARVCF,0.44117275,0.0,0.0
ARX,0.34044135,0.0,-1.0
AS3MT,0.17456758,0.0,0.0
ASAH1,0.28244516,0.0,-1.0
ASAH2,0.17284761,0.0,0.0
ASAH2B,0.14514187,0.0,0.0
ASAP1,0.42022535,0.0,-1.0
ASAP2,0.3477106,0.0,-1.0
ASAP3,0.34357053,0.0,0.0
ASB1,0.34346354,0.0,0.0
ASB10,0.3553834,0.0,0.0
ASB11,0.3503996,0.0,0.0
ASB12,0.34604636,0.0,0.0
ASB13,0.3512455,0.0,0.0
ASB14,0.36519495,0.0,0.0
ASB15,0.35742927,0.0,-1.0
ASB16,0.33026513,0.0,0.0
ASB16-AS1,0.048627105,0.0,0.0
ASB17,0.102307156,0.0,0.0
ASB18,0.34910065,0.0,0.0
ASB2,0.36506107,0.0,0.0
ASB3,0.1973366,0.0,0.0
ASB4,0.37757933,0.0,0.0
ASB5,0.34161,0.0,0.0
ASB6,0.36322656,0.0,0.0
ASB7,0.38606223,0.0,0.0
ASB8,0.3498271,0.0,0.0
ASB9,0.3559211,0.0,-1.0
ASCC1,0.26969716,0.0,-1.0
ASCC2,0.31561002,0.0,-1.0
ASCC3,0.38308373,0.0,-1.0
ASCL1,0.46715742,0.0,-1.0
ASCL2,0.33581948,0.0,0.0
ASCL3,0.20776562,0.0,0.0
ASCL4,0.20006742,0.0,0.0
ASCL5,0.19741835,0.0,0.0
ASF1A,0.44398674,0.0,0.0
ASF1B,0.4542059,0.0,0.0
ASGR1,0.2042321,0.0,0.0
ASGR2,0.16758382,0.0,0.0
ASH1L,0.5271196,1.0,-1.0
ASH2L,0.38392183,0.0,-1.0
ASIC1,0.28583032,0.0,0.0
ASIC2,0.34655413,0.0,0.0
ASIC3,0.26737732,0.0,0.0
ASIC4,0.1771246,0.0,0.0
ASIC5,0.30662754,0.0,0.0
ASIP,0.20966774,0.0,0.0
ASL,0.2858954,0.0,-1.0
ASMT,0.22551544,0.0,0.0
ASMTL,0.17967843,0.0,-1.0
ASMTL-AS1,0.042422883,0.0,0.0
ASNS,0.35972366,0.0,-1.0
ASNSD1,0.2798631,0.0,0.0
ASPA,0.27024338,0.0,-1.0
ASPDH,0.14640887,0.0,0.0
ASPG,0.3426257,0.0,0.0
ASPH,0.3520497,0.0,0.0
ASPHD1,0.1793412,0.0,-1.0
ASPHD2,0.13466457,0.0,0.0
ASPM,0.45348656,0.0,-1.0
ASPN,0.50713867,1.0,-1.0
ASPRV1,0.3739736,0.0,0.0
ASPSCR1,0.34794053,0.0,1.0
ASRGL1,0.23388702,0.0,0.0
ASS1,0.432127,0.0,-1.0
ASTE1,0.29150724,0.0,0.0
ASTL,0.17976151,0.0,0.0
ASTN1,0.26702732,0.0,-1.0
ASTN2,0.22054836,0.0,-1.0
ASXL1,0.36241388,0.0,1.0
ASXL2,0.34109876,0.0,1.0
ASXL3,0.2184352,0.0,-1.0
ASZ1,0.2512591,0.0,-1.0
ATAD1,0.3398657,0.0,0.0
ATAD2,0.51230234,1.0,-1.0
ATAD2B,0.52426326,1.0,0.0
ATAD3A,0.36708128,0.0,0.0
ATAD3B,0.33065248,0.0,-1.0
ATAD3C,0.20753217,0.0,0.0
ATAD5,0.41381115,0.0,0.0
ATAT1,0.22938922,0.0,0.0
ATCAY,0.19073738,0.0,-1.0
ATE1,0.2849556,0.0,0.0
ATF1,0.41036823,0.0,1.0
ATF2,0.59290177,1.0,-1.0
ATF3,0.6255334,1.0,-1.0
ATF4,0.45426032,0.0,-1.0
ATF5,0.30868945,0.0,-1.0
ATF6,0.39123166,0.0,0.0
ATF6B,0.30454534,0.0,0.0
ATF7,0.31250232,0.0,0.0
ATF7IP,0.4207165,0.0,-1.0
ATF7IP2,0.17925636,0.0,0.0
ATG10,0.24405384,0.0,-1.0
ATG101,0.19782725,0.0,0.0
ATG12,0.33234924,0.0,-1.0
ATG13,0.2629507,0.0,-1.0
ATG14,0.3072716,0.0,-1.0
ATG16L1,0.4145176,0.0,-1.0
ATG16L2,0.121810816,0.0,0.0
ATG2A,0.27730364,0.0,-1.0
ATG2B,0.3791168,0.0,-1.0
ATG3,0.3502772,0.0,-1.0
ATG4A,0.28956145,0.0,0.0
ATG4B,0.28637835,0.0,-1.0
ATG4C,0.3619742,0.0,0.0
ATG4D,0.22672358,0.0,0.0
ATG5,0.38696602,0.0,-1.0
ATG7,0.4410209,0.0,-1.0
ATG9A,0.26556155,0.0,0.0
ATG9B,0.054221783,0.0,0.0
ATIC,0.42949593,0.0,1.0
ATL1,0.21636209,0.0,-1.0
ATL2,0.21860407,0.0,0.0
ATL3,0.22801815,0.0,0.0
ATM,0.6945166,1.0,1.0
ATMIN,0.30805266,0.0,-1.0
ATN1,0.47552553,0.0,-1.0
ATOH1,0.40837455,0.0,0.0
ATOH7,0.4288102,0.0,-1.0
ATOH8,0.23373023,0.0,0.0
ATOX1,0.1488499,0.0,0.0
ATP10A,0.35595304,0.0,-1.0
ATP10B,0.2405431,0.0,-1.0
ATP10D,0.28244835,0.0,-1.0
ATP11A,0.21522468,0.0,0.0
ATP11B,0.44417074,0.0,0.0
ATP11C,0.38318056,0.0,0.0
ATP12A,0.5022141,1.0,0.0
ATP13A1,0.36013302,0.0,0.0
ATP13A2,0.37211892,0.0,-1.0
ATP13A3,0.30280656,0.0,0.0
ATP13A4,0.20222731,0.0,-1.0
ATP13A5,0.2285961,0.0,0.0
ATP1A1,0.45687598,0.0,1.0
ATP1A2,0.38698667,0.0,-1.0
ATP1A3,0.34322318,0.0,-1.0
ATP1A4,0.3543502,0.0,0.0
ATP1B1,0.2932876,0.0,0.0
ATP1B2,0.27193785,0.0,0.0
ATP1B3,0.25625,0.0,0.0
ATP1B4,0.2337572,0.0,0.0
ATP23,0.18053523,0.0,0.0
ATP2A1,0.40532818,0.0,0.0
ATP2A2,0.5018073,1.0,-1.0
ATP2A3,0.4013572,0.0,0.0
ATP2B1,0.47141463,0.0,0.0
ATP2B2,0.36966807,0.0,0.0
ATP2B3,0.34129423,0.0,1.0
ATP2B4,0.42757747,0.0,-1.0
ATP2C1,0.33080792,0.0,-1.0
ATP2C2,0.34077212,0.0,-1.0
ATP4A,0.51905847,1.0,-1.0
ATP4B,0.27093363,0.0,0.0
ATP5F1A,0.45312893,0.0,0.0
ATP5F1B,0.37782502,0.0,-1.0
ATP5F1C,0.30136633,0.0,0.0
ATP5F1D,0.17534816,0.0,0.0
ATP5F1E,0.12785931,0.0,0.0
ATP5F1EP2,0.15191494,0.0,0.0
ATP5IF1,0.20471908,0.0,0.0
ATP5MC1,0.15160179,0.0,0.0
ATP5MC2,0.1789482,0.0,0.0
ATP5MC3,0.1791442,0.0,0.0
ATP5ME,0.15239173,0.0,0.0
ATP5MF,0.16150452,0.0,0.0
ATP5MF-PTCD1,0.14432082,0.0,0.0
ATP5MG,0.1707658,0.0,0.0
ATP5MGL,0.10435925,0.0,0.0
ATP5MJ,0.10496072,0.0,-1.0
ATP5MK,0.23440208,0.0,0.0
ATP5PB,0.2702501,0.0,0.0
ATP5PD,0.17551968,0.0,-1.0
ATP5PF,0.23838621,0.0,0.0
ATP5PO,0.30462423,0.0,0.0
ATP6AP1,0.28261355,0.0,-1.0
ATP6AP1L,0.14061789,0.0,0.0
ATP6AP2,0.3694908,0.0,-1.0
ATP6V0A1,0.36776227,0.0,0.0
ATP6V0A2,0.37560034,0.0,-1.0
ATP6V0A4,0.2948589,0.0,-1.0
ATP6V0B,0.19064757,0.0,-1.0
ATP6V0C,0.27268922,0.0,0.0
ATP6V0D1,0.30788538,0.0,0.0
ATP6V0D2,0.20534717,0.0,0.0
ATP6V0E1,0.13383874,0.0,-1.0
ATP6V0E2,0.14922523,0.0,0.0
ATP6V1A,0.3544666,0.0,0.0
ATP6V1B1,0.32400295,0.0,-1.0
ATP6V1B2,0.37759697,0.0,1.0
ATP6V1C1,0.253238,0.0,0.0
ATP6V1C2,0.1977674,0.0,0.0
ATP6V1D,0.23700087,0.0,0.0
ATP6V1E1,0.29165414,0.0,0.0
ATP6V1E2,0.19262865,0.0,0.0
ATP6V1F,0.24897103,0.0,0.0
ATP6V1G1,0.22311307,0.0,0.0
ATP6V1G2,0.23724006,0.0,-1.0
ATP6V1G3,0.0946558,0.0,0.0
ATP6V1H,0.21693325,0.0,0.0
ATP7A,0.51074266,1.0,-1.0
ATP7B,0.41776115,0.0,-1.0
ATP8A1,0.24553384,0.0,0.0
ATP8A2,0.25437403,0.0,0.0
ATP8B1,0.32528293,0.0,-1.0
ATP8B2,0.31462598,0.0,-1.0
ATP8B3,0.20122148,0.0,0.0
ATP8B4,0.32189515,0.0,0.0
ATP9A,0.26094967,0.0,0.0
ATP9B,0.31813237,0.0,0.0
ATPAF1,0.1185271,0.0,0.0
ATPAF2,0.12215705,0.0,0.0
ATPSCKMT,0.20310116,0.0,0.0
ATR,0.58481836,1.0,1.0
ATRAID,0.11557208,0.0,0.0
ATRIP,0.35852802,0.0,0.0
ATRN,0.27917978,0.0,0.0
ATRNL1,0.17771555,0.0,0.0
ATRX,0.5832502,1.0,1.0
ATXN1,0.5099871,1.0,-1.0
ATXN10,0.35135162,0.0,-1.0
ATXN1L,0.24125135,0.0,0.0
ATXN2,0.4241005,0.0,1.0
ATXN2L,0.31648216,0.0,0.0
ATXN3,0.45094562,0.0,-1.0
ATXN3L,0.098214515,0.0,-1.0
ATXN7,0.28025404,0.0,1.0
ATXN7L1,0.24175382,0.0,0.0
ATXN7L2,0.22734098,0.0,0.0
ATXN7L3,0.24519414,0.0,0.0
ATXN7L3B,0.1693528,0.0,0.0
AUH,0.23574756,0.0,-1.0
AUNIP,0.36017632,0.0,0.0
AUP1,0.29434195,0.0,0.0
AURKA,0.58866954,1.0,1.0
AURKAIP1,0.108856186,0.0,0.0
AURKB,0.579239,1.0,1.0
AURKC,0.28881228,0.0,0.0
AUTS2,0.29274273,0.0,-1.0
AVEN,0.27130124,0.0,-1.0
AVIL,0.35270256,0.0,0.0
AVL9,0.26330546,0.0,-1.0
AVP,0.5694401,1.0,-1.0
AVPI1,0.21336943,0.0,-1.0
AVPR1A,0.29842925,0.0,0.0
AVPR1B,0.24588001,0.0,0.0
AVPR2,0.54980206,1.0,-1.0
AWAT1,0.20054448,0.0,0.0
AWAT2,0.1803027,0.0,0.0
AXDND1,0.08005094,0.0,0.0
AXIN1,0.6050534,1.0,1.0
AXIN2,0.49244517,0.0,1.0
AXL,0.53144366,1.0,1.0
AZGP1,0.33271506,0.0,-1.0
AZI2,0.35113484,0.0,-1.0
AZIN1,0.2657382,0.0,-1.0
AZIN2,0.20797683,0.0,0.0
AZU1,0.3732899,0.0,0.0
B2M,0.599106,1.0,1.0
B3GALNT1,0.30987078,0.0,0.0
B3GALNT2,0.1537778,0.0,0.0
B3GALT1,0.17272797,0.0,0.0
B3GALT2,0.13842875,0.0,0.0
B3GALT4,0.11519884,0.0,0.0
B3GALT5,0.22214076,0.0,0.0
B3GALT6,0.14628416,0.0,-1.0
B3GAT1,0.3906643,0.0,0.0
B3GAT2,0.21637988,0.0,0.0
B3GAT3,0.20212354,0.0,0.0
B3GLCT,0.22316037,0.0,-1.0
B3GNT2,0.19188446,0.0,-1.0
B3GNT3,0.15565506,0.0,0.0
B3GNT4,0.18630442,0.0,0.0
B3GNT5,0.10697487,0.0,0.0
B3GNT6,0.10640861,0.0,-1.0
B3GNT7,0.135125,0.0,0.0
B3GNT8,0.1421968,0.0,0.0
B3GNT9,0.14300989,0.0,0.0
B3GNTL1,0.2205084,0.0,0.0
B4GALNT1,0.22785519,0.0,0.0
B4GALNT2,0.31123596,0.0,0.0
B4GALNT3,0.06662874,0.0,0.0
B4GALNT4,0.07937509,0.0,0.0
B4GALT1,0.2398249,0.0,-1.0
B4GALT2,0.16042507,0.0,0.0
B4GALT3,0.17658044,0.0,-1.0
B4GALT4,0.1351582,0.0,0.0
B4GALT5,0.18999723,0.0,-1.0
B4GALT6,0.18855625,0.0,0.0
B4GALT7,0.2190275,0.0,-1.0
B4GAT1,0.3207563,0.0,0.0
B9D1,0.31869403,0.0,0.0
B9D2,0.299249,0.0,0.0
BAALC,0.22501072,0.0,-1.0
BAAT,0.3164377,0.0,0.0
BABAM1,0.22814772,0.0,-1.0
BABAM2,0.43204948,0.0,-1.0
BACE1,0.5221978,1.0,0.0
BACE2,0.27880347,0.0,0.0
BACH1,0.42416623,0.0,-1.0
BACH2,0.3662327,0.0,1.0
BAD,0.33814704,0.0,-1.0
BAG1,0.25490013,0.0,-1.0
BAG2,0.43326187,0.0,0.0
BAG3,0.46862835,0.0,-1.0
BAG4,0.33729386,0.0,-1.0
BAG5,0.21504842,0.0,0.0
BAG6,0.44814923,0.0,0.0
BAGE,0.24797833,0.0,0.0
BAGE2,0.22708645,0.0,-1.0
BAGE3,0.26391882,0.0,0.0
BAGE4,0.25705138,0.0,0.0
BAGE5,0.2514071,0.0,0.0
BAHCC1,0.22878154,0.0,0.0
BAHD1,0.17880994,0.0,0.0
BAIAP2,0.41903335,0.0,0.0
BAIAP2L1,0.37618124,0.0,0.0
BAIAP2L2,0.11621495,0.0,0.0
BAIAP3,0.24859641,0.0,-1.0
BAK1,0.5590112,1.0,-1.0
BAMBI,0.3931625,0.0,0.0
BANF1,0.47401732,0.0,0.0
BANF2,0.09962131,0.0,-1.0
BANK1,0.32272705,0.0,-1.0
BANP,0.32372484,0.0,0.0
BAP1,0.32672915,0.0,1.0
BARD1,0.50405717,1.0,1.0
BARHL1,0.24147972,0.0,0.0
BARHL2,0.22322774,0.0,0.0
BARX1,0.36594212,0.0,0.0
BARX2,0.26902616,0.0,0.0
BASP1,0.4003792,0.0,0.0
BASP1-AS1,0.022325275,0.0,0.0
BATF,0.4731333,0.0,-1.0
BATF2,0.31782705,0.0,-1.0
BATF3,0.36854795,0.0,-1.0
BAX,0.6441963,1.0,1.0
BAZ1A,0.4653469,0.0,1.0
BAZ1B,0.3990235,0.0,0.0
BAZ2A,0.4255444,0.0,-1.0
BAZ2B,0.43907854,0.0,-1.0
BBC3,0.49282813,0.0,1.0
BBIP1,0.22448404,0.0,0.0
BBLN,0.16979846,0.0,0.0
BBOF1,0.21431364,0.0,0.0
BBOX1,0.2837393,0.0,0.0
BBS1,0.2964538,0.0,-1.0
BBS10,0.33439732,0.0,-1.0
BBS12,0.21963382,0.0,-1.0
BBS2,0.37071538,0.0,-1.0
BBS4,0.3697464,0.0,-1.0
BBS5,0.17583491,0.0,-1.0
BBS7,0.30322856,0.0,-1.0
BBS9,0.28591818,0.0,-1.0
BBX,0.33673465,0.0,-1.0
BCAM,0.34368706,0.0,0.0
BCAN,0.29184335,0.0,0.0
BCAP29,0.19810638,0.0,0.0
BCAP31,0.35025847,0.0,0.0
BCAR1,0.54132783,1.0,-1.0
BCAR3,0.3202545,0.0,0.0
BCAS1,0.21381712,0.0,0.0
BCAS2,0.32530794,0.0,0.0
BCAS3,0.36664134,0.0,-1.0
BCAS4,0.33040136,0.0,-1.0
BCAT1,0.27951565,0.0,0.0
BCAT2,0.25965717,0.0,0.0
BCCIP,0.20599778,0.0,0.0
BCDIN3D,0.18049139,0.0,0.0
BCHE,0.4245647,0.0,0.0
BCKDHA,0.33569866,0.0,-1.0
BCKDHB,0.27116257,0.0,-1.0
BCKDK,0.3574968,0.0,0.0
BCL10,0.30207995,0.0,1.0
BCL11A,0.538695,1.0,1.0
BCL11B,0.4349769,0.0,1.0
BCL2,0.6913301,1.0,1.0
BCL2A1,0.50072086,1.0,-1.0
BCL2L1,0.6292434,1.0,-1.0
BCL2L10,0.4210445,0.0,-1.0
BCL2L11,0.6009691,1.0,1.0
BCL2L12,0.25833362,0.0,1.0
BCL2L13,0.14894837,0.0,0.0
BCL2L14,0.21276398,0.0,-1.0
BCL2L15,0.11612775,0.0,-1.0
BCL2L2,0.3472838,0.0,-1.0
BCL2L2-PABPN1,0.32809532,0.0,0.0
BCL3,0.7347035,1.0,1.0
BCL6,0.58200234,1.0,1.0
BCL6B,0.29580414,0.0,0.0
BCL7A,0.29734504,0.0,1.0
BCL7B,0.2588594,0.0,-1.0
BCL7C,0.20378289,0.0,0.0
BCL9,0.2841006,0.0,1.0
BCL9L,0.33064315,0.0,1.0
BCLAF1,0.62913865,1.0,1.0
BCLAF3,0.32923216,0.0,0.0
BCO1,0.22895634,0.0,-1.0
BCO2,0.15159371,0.0,0.0
BCOR,0.36918288,0.0,1.0
BCORL1,0.2761127,0.0,1.0
BCR,0.6586746,1.0,1.0
BCS1L,0.29903552,0.0,0.0
BDH1,0.23198348,0.0,0.0
BDH2,0.24447265,0.0,0.0
BDKRB1,0.27618754,0.0,-1.0
BDKRB2,0.25543162,0.0,-1.0
BDNF,0.62407625,1.0,-1.0
BDNF-AS,0.07893324,0.0,0.0
BDP1,0.49589756,0.0,0.0
BEAN1,0.24952629,0.0,-1.0
BECN1,0.42860532,0.0,-1.0
BECN2,0.17096564,0.0,0.0
BEGAIN,0.26277313,0.0,0.0
BEND2,0.0985379,0.0,0.0
BEND3,0.28735387,0.0,0.0
BEND4,0.106513254,0.0,0.0
BEND5,0.1411976,0.0,0.0
BEND6,0.06241556,0.0,0.0
BEND7,0.15689005,0.0,0.0
BEST1,0.38321257,0.0,-1.0
BEST2,0.12502377,0.0,0.0
BEST3,0.054176174,0.0,0.0
BEST4,0.10501892,0.0,0.0
BET1,0.30570677,0.0,0.0
BET1L,0.31207216,0.0,0.0
BEX1,0.25270262,0.0,-1.0
BEX2,0.20596051,0.0,-1.0
BEX3,0.20896892,0.0,-1.0
BEX4,0.1467593,0.0,0.0
BEX5,0.11222216,0.0,0.0
BFAR,0.2723369,0.0,0.0
BFSP1,0.21572001,0.0,0.0
BFSP2,0.19413096,0.0,-1.0
BGLAP,0.58705044,1.0,0.0
BGN,0.5385895,1.0,-1.0
BHLHA15,0.2826686,0.0,0.0
BHLHA9,0.2388515,0.0,0.0
BHLHB9,0.22037488,0.0,0.0
BHLHE22,0.3457612,0.0,0.0
BHLHE23,0.20533653,0.0,0.0
BHLHE40,0.34488714,0.0,0.0
BHLHE41,0.35530105,0.0,-1.0
BHMT,0.20428483,0.0,0.0
BHMT2,0.1643419,0.0,-1.0
BICC1,0.23297259,0.0,0.0
BICD1,0.3066123,0.0,0.0
BICD2,0.30234337,0.0,0.0
BICDL1,0.20513734,0.0,0.0
BICDL2,0.16886522,0.0,0.0
BICRA,0.2840306,0.0,-1.0
BICRAL,0.33457908,0.0,0.0
BID,0.32164988,0.0,-1.0
BIK,0.27798873,0.0,0.0
BIN1,0.36268193,0.0,-1.0
BIN2,0.30900893,0.0,0.0
BIN3,0.27663627,0.0,0.0
BIRC2,0.52249765,1.0,-1.0
BIRC3,0.5115053,1.0,1.0
BIRC5,0.64223164,1.0,-1.0
BIRC6,0.45093012,0.0,1.0
BIRC7,0.29487285,0.0,-1.0
BIRC8,0.14500237,0.0,-1.0
BIVM,0.14821021,0.0,0.0
BIVM-ERCC5,5.425583e-05,0.0,0.0
BLCAP,0.18971108,0.0,-1.0
BLID,0.15319227,0.0,0.0
BLK,0.45016822,0.0,-1.0
BLM,0.5273941,1.0,1.0
BLMH,0.40462834,0.0,0.0
BLNK,0.38005745,0.0,-1.0
BLOC1S1,0.15216005,0.0,0.0
BLOC1S2,0.17541698,0.0,0.0
BLOC1S3,0.19868195,0.0,-1.0
BLOC1S4,0.39873,0.0,0.0
BLOC1S5,0.20107196,0.0,0.0
BLOC1S6,0.35222998,0.0,-1.0
BLVRA,0.20471245,0.0,-1.0
BLVRB,0.25631437,0.0,0.0
BLZF1,0.3266824,0.0,0.0
BMERB1,0.2905094,0.0,0.0
BMF,0.29631895,0.0,-1.0
BMI1,0.5566471,1.0,-1.0
BMP1,0.53186667,1.0,0.0
BMP10,0.46516135,0.0,0.0
BMP15,0.4709435,0.0,-1.0
BMP2,0.62845457,1.0,-1.0
BMP2K,0.44982544,0.0,-1.0
BMP3,0.4787561,0.0,0.0
BMP4,0.6309429,1.0,-1.0
BMP5,0.49308404,0.0,1.0
BMP6,0.5602397,1.0,0.0
BMP7,0.57864386,1.0,-1.0
BMP8A,0.24909236,0.0,0.0
BMP8B,0.45650718,0.0,0.0
BMPER,0.30728304,0.0,0.0
BMPR1A,0.35330293,0.0,1.0
BMPR1B,0.46135503,0.0,0.0
BMPR2,0.5204706,1.0,-1.0
BMS1,0.19554241,0.0,0.0
BMS1P1,0.17148903,0.0,0.0
BMS1P4,0.0013175608,0.0,0.0
BMT2,0.16902825,0.0,0.0
BMX,0.53606033,1.0,0.0
BNC1,0.13154805,0.0,0.0
BNC2,0.35712928,0.0,-1.0
BNIP1,0.23920093,0.0,0.0
BNIP2,0.32157275,0.0,0.0
BNIP3,0.36917257,0.0,-1.0
BNIP3L,0.37538868,0.0,-1.0
BNIP5,0.14187889,0.0,0.0
BNIPL,0.21885672,0.0,0.0
BOC,0.32141465,0.0,-1.0
BOD1,0.18050738,0.0,-1.0
BOD1L1,0.35504737,0.0,0.0
BOD1L2,0.07632829,0.0,0.0
BOK,0.28601056,0.0,-1.0
BOK-AS1,0.028867403,0.0,0.0
BOLA1,0.13440509,0.0,0.0
BOLA2,0.29180562,0.0,0.0
BOLA2B,0.27303964,0.0,0.0
BOLA3,0.13621269,0.0,0.0
BOLL,0.2017557,0.0,0.0
BOP1,0.25026092,0.0,-1.0
BORA,0.48040393,0.0,-1.0
BORCS5,0.14823802,0.0,0.0
BORCS6,0.17564785,0.0,0.0
BORCS7,0.12684995,0.0,0.0
BORCS8,0.1542139,0.0,0.0
BORCS8-MEF2B,0.18649356,0.0,-1.0
BPGM,0.275426,0.0,0.0
BPHL,0.15341619,0.0,0.0
BPI,0.20484503,0.0,0.0
BPIFA1,0.13658671,0.0,0.0
BPIFA2,0.027272454,0.0,0.0
BPIFA3,0.057082523,0.0,0.0
BPIFB1,0.028538387,0.0,-1.0
BPIFB2,0.043202262,0.0,0.0
BPIFB3,0.0409918,0.0,0.0
BPIFB4,0.024292406,0.0,0.0
BPIFB6,0.02354486,0.0,0.0
BPIFC,0.114793226,0.0,0.0
BPNT1,0.25719187,0.0,0.0
BPNT2,0.2016638,0.0,0.0
BPTF,0.46804923,0.0,-1.0
BPY2,0.21676214,0.0,0.0
BPY2B,0.09858174,0.0,0.0
BPY2C,0.09858174,0.0,0.0
BRAF,0.5405815,1.0,1.0
BRAP,0.30747518,0.0,0.0
BRAT1,0.112600766,0.0,-1.0
BRCA1,0.7178826,1.0,1.0
BRCA2,0.61849916,1.0,1.0
BRCC3,0.31838948,0.0,-1.0
BRD1,0.41637933,0.0,0.0
BRD2,0.61368763,1.0,-1.0
BRD3,0.38117582,0.0,1.0
BRD3OS,0.08441956,0.0,0.0
BRD4,0.44389328,0.0,1.0
BRD7,0.29283187,0.0,-1.0
BRD8,0.3410733,0.0,-1.0
BRD9,0.26406235,0.0,0.0
BRDT,0.21048552,0.0,-1.0
BRF1,0.31371188,0.0,0.0
BRF2,0.29927334,0.0,0.0
BRI3,0.19479798,0.0,0.0
BRI3BP,0.20288825,0.0,0.0
BRICD5,0.1183149,0.0,0.0
BRINP1,0.29943314,0.0,0.0
BRINP2,0.24520698,0.0,0.0
BRINP3,0.18680942,0.0,-1.0
BRIP1,0.38597736,0.0,1.0
BRIX1,0.3531668,0.0,-1.0
BRK1,0.32196182,0.0,0.0
BRME1,0.22346595,0.0,0.0
BRMS1,0.31122476,0.0,-1.0
BRMS1L,0.33139735,0.0,0.0
BROX,0.22987477,0.0,0.0
BRPF1,0.31809497,0.0,-1.0
BRPF3,0.350772,0.0,-1.0
BRS3,0.26347917,0.0,0.0
BRSK1,0.3200745,0.0,-1.0
BRSK2,0.35073522,0.0,0.0
BRWD1,0.4436311,0.0,0.0
BRWD3,0.42010525,0.0,-1.0
BSCL2,0.25624126,0.0,-1.0
BSDC1,0.22025855,0.0,0.0
BSG,0.4848706,0.0,0.0
BSN,0.42585838,0.0,-1.0
BSND,0.16812307,0.0,-1.0
BSPH1,0.00019901304,0.0,0.0
BSPRY,0.20209001,0.0,-1.0
BST1,0.30233324,0.0,0.0
BST2,0.31608713,0.0,0.0
BSX,0.19083355,0.0,0.0
BTAF1,0.42878935,0.0,0.0
BTBD1,0.21276228,0.0,0.0
BTBD10,0.21743701,0.0,0.0
BTBD11,0.13909052,0.0,-1.0
BTBD16,0.12672056,0.0,0.0
BTBD17,0.15314294,0.0,0.0
BTBD18,0.26705828,0.0,0.0
BTBD19,0.19403653,0.0,-1.0
BTBD2,0.22873831,0.0,0.0
BTBD3,0.28973648,0.0,0.0
BTBD6,0.19839227,0.0,0.0
BTBD7,0.19429478,0.0,0.0
BTBD8,0.15631476,0.0,0.0
BTBD9,0.3224149,0.0,-1.0
BTC,0.5071605,1.0,-1.0
BTD,0.20730324,0.0,-1.0
BTF3,0.37367085,0.0,0.0
BTF3L4,0.23620152,0.0,0.0
BTG1,0.3384891,0.0,1.0
BTG2,0.41784585,0.0,-1.0
BTG3,0.34785533,0.0,0.0
BTG4,0.09327812,0.0,0.0
BTK,0.5715485,1.0,1.0
BTLA,0.34602162,0.0,-1.0
BTN1A1,0.32717067,0.0,0.0
BTN2A1,0.2560041,0.0,0.0
BTN2A2,0.21223155,0.0,0.0
BTN2A3P,0.19561464,0.0,0.0
BTN3A1,0.37116274,0.0,0.0
BTN3A2,0.28554294,0.0,-1.0
BTN3A3,0.325643,0.0,0.0
BTNL2,0.2014837,0.0,-1.0
BTNL3,0.19527495,0.0,-1.0
BTNL8,0.14168355,0.0,0.0
BTNL9,0.09827541,0.0,0.0
BTRC,0.4871942,0.0,-1.0
BUB1,0.52500236,1.0,-1.0
BUB1B,0.5138398,1.0,1.0
BUB3,0.44389078,0.0,0.0
BUD13,0.28442997,0.0,-1.0
BUD23,0.19201861,0.0,-1.0
BUD31,0.21896699,0.0,0.0
BVES,0.16990893,0.0,0.0
BYSL,0.30351567,0.0,-1.0
BZW1,0.29346257,0.0,0.0
BZW1P2,3.488283e-07,0.0,0.0
BZW2,0.20842583,0.0,0.0
C10orf120,0.0801228,0.0,0.0
C10orf53,0.083057046,0.0,0.0
C10orf55,0.16444694,0.0,0.0
C10orf62,0.076387495,0.0,0.0
C10orf67,0.08291423,0.0,0.0
C10orf71,0.10596672,0.0,0.0
C10orf82,0.0951711,0.0,0.0
C10orf88,0.27921596,0.0,0.0
C10orf90,0.30529487,0.0,-1.0
C10orf95,0.21887298,0.0,0.0
C10orf99,0.06635747,0.0,0.0
C11orf1,0.14514738,0.0,0.0
C11orf16,0.18631674,0.0,0.0
C11orf21,0.14762169,0.0,0.0
C11orf24,0.17289934,0.0,0.0
C11orf40,0.23377858,0.0,0.0
C11orf42,0.11969987,0.0,0.0
C11orf49,0.20960799,0.0,-1.0
C11orf52,0.09903388,0.0,0.0
C11orf53,0.117588684,0.0,0.0
C11orf54,0.18762071,0.0,0.0
C11orf58,0.2348043,0.0,0.0
C11orf65,0.14917329,0.0,0.0
C11orf68,0.16551147,0.0,0.0
C11orf71,0.102517314,0.0,0.0
C11orf80,0.10495494,0.0,0.0
C11orf86,0.17366983,0.0,0.0
C11orf87,0.15498802,0.0,0.0
C11orf91,0.18616626,0.0,0.0
C11orf94,0.085400276,0.0,0.0
C11orf96,0.15225348,0.0,0.0
C11orf98,0.27435076,0.0,0.0
C12orf29,0.18547639,0.0,0.0
C12orf4,0.17668054,0.0,0.0
C12orf40,0.07722027,0.0,0.0
C12orf42,0.13990861,0.0,0.0
C12orf43,0.16970822,0.0,0.0
C12orf50,0.14597863,0.0,0.0
C12orf54,0.098536655,0.0,0.0
C12orf56,0.108962126,0.0,0.0
C12orf57,0.34721255,0.0,0.0
C12orf60,0.18323535,0.0,0.0
C12orf71,0.15819913,0.0,0.0
C12orf73,0.12765881,0.0,0.0
C12orf75,0.16708744,0.0,0.0
C12orf76,0.1582543,0.0,0.0
C14orf119,0.14577077,0.0,0.0
C14orf132,0.20858005,0.0,0.0
C14orf178,0.13647845,0.0,0.0
C14orf180,0.07280081,0.0,0.0
C14orf181,0.18655531,0.0,0.0
C14orf28,0.154754,0.0,0.0
C14orf39,0.09247166,0.0,0.0
C14orf93,0.118514806,0.0,0.0
C15orf39,0.2489503,0.0,0.0
C15orf40,0.11870984,0.0,0.0
C15orf48,0.15220775,0.0,-1.0
C15orf61,0.016862556,0.0,0.0
C15orf62,0.11847356,0.0,0.0
C15orf65,0.057179432,0.0,-1.0
C16orf46,0.07363868,0.0,0.0
C16orf54,0.13410741,0.0,0.0
C16orf72,0.2877023,0.0,0.0
C16orf74,0.20996667,0.0,0.0
C16orf78,0.09937477,0.0,0.0
C16orf86,0.0023937898,0.0,0.0
C16orf87,0.22107176,0.0,0.0
C16orf89,0.08088101,0.0,0.0
C16orf91,0.007240852,0.0,-1.0
C16orf92,0.07889428,0.0,0.0
C16orf95,0.08711902,0.0,0.0
C16orf96,0.07593033,0.0,0.0
C17orf49,0.28936446,0.0,0.0
C17orf50,0.06574568,0.0,0.0
C17orf58,0.13400626,0.0,0.0
C17orf64,0.21544456,0.0,0.0
C17orf67,6.6175335e-06,0.0,0.0
C17orf75,0.18836732,0.0,0.0
C17orf78,0.022639474,0.0,0.0
C17orf80,0.13491836,0.0,0.0
C17orf97,0.09719905,0.0,0.0
C17orf99,0.0059253504,0.0,0.0
C18orf21,0.21035947,0.0,0.0
C18orf25,0.29996076,0.0,0.0
C18orf32,0.15756367,0.0,0.0
C18orf54,0.27818063,0.0,0.0
C18orf63,7.842005e-06,0.0,0.0
C19orf12,0.07405637,0.0,0.0
C19orf18,0.16123289,0.0,0.0
C19orf25,0.2542428,0.0,0.0
C19orf33,0.17379929,0.0,0.0
C19orf38,0.20199491,0.0,0.0
C19orf44,0.19221008,0.0,0.0
C19orf47,0.19681449,0.0,0.0
C19orf48,0.25252816,0.0,0.0
C19orf53,0.08939655,0.0,-1.0
C19orf54,0.1712857,0.0,0.0
C19orf67,0.10727539,0.0,0.0
C19orf71,0.12766355,0.0,0.0
C19orf73,0.2150041,0.0,0.0
C19orf84,0.11840834,0.0,0.0
C1D,0.18170458,0.0,0.0
C1GALT1,0.24926072,0.0,0.0
C1GALT1C1,0.18341732,0.0,0.0
C1QA,0.39045653,0.0,0.0
C1QB,0.3768738,0.0,0.0
C1QBP,0.49454644,0.0,0.0
C1QC,0.33877102,0.0,0.0
C1QL1,0.23818289,0.0,0.0
C1QL2,0.12751995,0.0,-1.0
C1QL3,0.18867305,0.0,0.0
C1QL4,0.14764744,0.0,0.0
C1QTNF1,0.23066227,0.0,-1.0
C1QTNF12,0.1050204,0.0,0.0
C1QTNF2,0.23197518,0.0,0.0
C1QTNF3,0.22054829,0.0,0.0
C1QTNF4,0.097676836,0.0,0.0
C1QTNF5,0.27982095,0.0,-1.0
C1QTNF6,0.21678475,0.0,0.0
C1QTNF7,0.08634294,0.0,0.0
C1QTNF8,0.083964184,0.0,0.0
C1QTNF9,0.12271658,0.0,0.0
C1QTNF9B,0.11423925,0.0,0.0
C1R,0.48036355,0.0,0.0
C1RL,0.24627756,0.0,0.0
C1S,0.41022548,0.0,0.0
C1orf100,0.08862952,0.0,-1.0
C1orf105,0.19234559,0.0,0.0
C1orf109,0.23866048,0.0,0.0
C1orf112,0.3989071,0.0,0.0
C1orf115,0.10448116,0.0,0.0
C1orf116,0.28181508,0.0,0.0
C1orf122,0.13018717,0.0,0.0
C1orf127,0.08817189,0.0,-1.0
C1orf131,0.14111248,0.0,0.0
C1orf159,0.13684483,0.0,-1.0
C1orf162,0.26938602,0.0,0.0
C1orf167,0.09800502,0.0,0.0
C1orf174,0.1766956,0.0,0.0
C1orf198,0.24706525,0.0,0.0
C1orf21,0.1783269,0.0,0.0
C1orf210,0.45653766,0.0,0.0
C1orf216,0.19583504,0.0,0.0
C1orf220,0.24198015,0.0,0.0
C1orf226,0.20081379,0.0,0.0
C1orf35,0.33129698,0.0,0.0
C1orf43,0.10264308,0.0,0.0
C1orf50,0.125977,0.0,0.0
C1orf52,0.23047698,0.0,0.0
C1orf53,0.120930314,0.0,0.0
C1orf54,0.114750125,0.0,0.0
C1orf56,0.4661388,0.0,0.0
C1orf68,0.23092093,0.0,0.0
C1orf74,0.1848672,0.0,0.0
C1orf87,0.24847165,0.0,0.0
C1orf94,0.09685506,0.0,0.0
C2,0.38414624,0.0,0.0
C20orf141,0.07987911,0.0,0.0
C20orf144,0.07720846,0.0,0.0
C20orf173,0.07771174,0.0,0.0
C20orf203,0.061060708,0.0,0.0
C20orf204,0.03615762,0.0,0.0
C20orf27,0.1794609,0.0,0.0
C20orf85,0.14646098,0.0,0.0
C20orf96,0.1523521,0.0,0.0
C21orf58,0.1326381,0.0,0.0
C21orf62,0.19382337,0.0,0.0
C21orf62-AS1,0.21632898,0.0,0.0
C21orf91,0.18934399,0.0,0.0
C22orf15,0.071874164,0.0,0.0
C22orf23,0.09261072,0.0,0.0
C22orf31,0.11562595,0.0,0.0
C22orf39,0.16063099,0.0,0.0
C22orf46,0.08466822,0.0,0.0
C2CD2,0.1275428,0.0,0.0
C2CD2L,0.11798042,0.0,0.0
C2CD3,0.42714614,0.0,-1.0
C2CD4A,0.16264781,0.0,0.0
C2CD4B,0.14973202,0.0,0.0
C2CD4C,0.091874026,0.0,-1.0
C2CD4D,0.06642088,0.0,0.0
C2CD5,0.4191414,0.0,-1.0
C2CD6,0.081657,0.0,-1.0
C2orf15,0.095637605,0.0,0.0
C2orf16,0.08777335,0.0,-1.0
C2orf27A,0.23247619,0.0,0.0
C2orf42,0.13285844,0.0,0.0
C2orf49,0.2723467,0.0,0.0
C2orf50,0.19821511,0.0,0.0
C2orf66,0.09661178,0.0,0.0
C2orf68,0.08969461,0.0,0.0
C2orf69,0.2816206,0.0,0.0
C2orf72,0.115421854,0.0,0.0
C2orf73,0.0775187,0.0,0.0
C2orf74,0.11309686,0.0,0.0
C2orf76,0.19812594,0.0,0.0
C2orf78,0.07933905,0.0,0.0
C2orf80,0.1626268,0.0,0.0
C2orf81,0.2398613,0.0,0.0
C2orf83,0.116146155,0.0,0.0
C2orf88,0.114214405,0.0,0.0
C3,0.4656569,0.0,-1.0
C3AR1,0.37219745,0.0,-1.0
C3orf14,0.21028228,0.0,0.0
C3orf18,0.21447106,0.0,0.0
C3orf20,0.08768484,0.0,0.0
C3orf22,0.084738456,0.0,0.0
C3orf33,0.14063889,0.0,0.0
C3orf36,0.23589797,0.0,0.0
C3orf38,0.15271226,0.0,0.0
C3orf49,0.22256352,0.0,0.0
C3orf52,0.20325035,0.0,0.0
C3orf62,0.25179458,0.0,-1.0
C3orf70,0.07442756,0.0,0.0
C3orf80,1.5174346e-05,0.0,0.0
C4A,0.32754973,0.0,-1.0
C4B,0.3434261,0.0,-1.0
C4BPA,0.272731,0.0,0.0
C4BPB,0.20900887,0.0,0.0
C4B_2,0.08164291,0.0,-1.0
C4orf17,0.07620856,0.0,0.0
C4orf19,0.25965115,0.0,0.0
C4orf3,0.15303838,0.0,0.0
C4orf33,0.17508954,0.0,0.0
C4orf45,0.08675171,0.0,0.0
C4orf46,0.21549618,0.0,0.0
C4orf47,0.13254029,0.0,0.0
C4orf48,0.16096641,0.0,0.0
C4orf51,0.13543637,0.0,0.0
C4orf54,0.056334723,0.0,0.0
C5,0.27397478,0.0,0.0
C5AR1,0.4050959,0.0,0.0
C5AR2,0.19398417,0.0,0.0
C5orf15,0.022443026,0.0,0.0
C5orf22,0.2190742,0.0,0.0
C5orf24,0.28785586,0.0,0.0
C5orf34,0.28108484,0.0,0.0
C5orf38,0.41299355,0.0,0.0
C5orf46,0.1457911,0.0,0.0
C5orf47,0.0788432,0.0,0.0
C5orf49,0.07798321,0.0,0.0
C5orf52,0.080101654,0.0,0.0
C5orf60,0.087440215,0.0,0.0
C5orf63,0.14151402,0.0,0.0
C5orf64,2.1957403e-09,0.0,0.0
C6,0.20769925,0.0,0.0
C6orf118,0.06717463,0.0,-1.0
C6orf120,0.20657468,0.0,0.0
C6orf132,0.20240271,0.0,0.0
C6orf136,0.18851052,0.0,-1.0
C6orf141,0.1305275,0.0,0.0
C6orf15,0.23425971,0.0,-1.0
C6orf201,0.07464275,0.0,0.0
C6orf223,0.12828094,0.0,-1.0
C6orf226,0.1375378,0.0,0.0
C6orf47,0.15913624,0.0,0.0
C6orf52,0.19008845,0.0,0.0
C6orf58,0.21129653,0.0,0.0
C6orf62,0.2142246,0.0,-1.0
C6orf89,0.19361493,0.0,0.0
C7,0.32324016,0.0,-1.0
C7orf25,0.17479216,0.0,0.0
C7orf26,0.16321515,0.0,0.0
C7orf31,0.08038834,0.0,-1.0
C7orf50,0.27657175,0.0,0.0
C7orf57,0.12655082,0.0,0.0
C7orf61,0.08140981,0.0,0.0
C8A,0.15889676,0.0,0.0
C8B,0.22620352,0.0,0.0
C8G,0.17428164,0.0,0.0
C8orf33,0.20782208,0.0,0.0
C8orf34,0.17532091,0.0,0.0
C8orf44,0.13781758,0.0,0.0
C8orf44-SGK3,0.18373851,0.0,-1.0
C8orf48,0.13632861,0.0,0.0
C8orf58,0.13688424,0.0,0.0
C8orf74,0.07987937,0.0,0.0
C8orf76,0.15294184,0.0,0.0
C8orf82,0.13310352,0.0,0.0
C8orf86,0.12568018,0.0,0.0
C8orf88,5.568092e-05,0.0,0.0
C9,0.19004282,0.0,0.0
C9orf116,0.1614736,0.0,0.0
C9orf131,0.13602248,0.0,0.0
C9orf152,0.07549954,0.0,0.0
C9orf153,0.101125814,0.0,0.0
C9orf163,0.11552045,0.0,0.0
C9orf24,0.08861474,0.0,0.0
C9orf40,0.2898228,0.0,0.0
C9orf43,0.077539414,0.0,0.0
C9orf50,0.101647176,0.0,0.0
C9orf57,0.08278615,0.0,0.0
C9orf64,0.1580944,0.0,0.0
C9orf72,0.30619997,0.0,-1.0
C9orf78,0.14584744,0.0,-1.0
C9orf85,0.13180725,0.0,-1.0
CA1,0.25673178,0.0,0.0
CA10,0.24221034,0.0,-1.0
CA11,0.19420728,0.0,0.0
CA12,0.33033913,0.0,0.0
CA13,0.23266518,0.0,0.0
CA14,0.19794738,0.0,0.0
CA2,0.6240989,1.0,-1.0
CA3,0.47320867,0.0,0.0
CA4,0.38965634,0.0,-1.0
CA5A,0.275426,0.0,0.0
CA5B,0.2274314,0.0,0.0
CA6,0.24211554,0.0,0.0
CA7,0.28129482,0.0,0.0
CA8,0.43562314,0.0,0.0
CA9,0.5198894,1.0,0.0
CAAP1,0.21948746,0.0,0.0
CAB39,0.38513643,0.0,0.0
CAB39L,0.23265398,0.0,0.0
CABCOCO1,0.123115316,0.0,0.0
CABIN1,0.48096222,0.0,-1.0
CABLES1,0.27754822,0.0,-1.0
CABLES2,0.17174575,0.0,0.0
CABP1,0.3977792,0.0,0.0
CABP2,0.34741405,0.0,0.0
CABP4,0.345448,0.0,0.0
CABP5,0.357355,0.0,0.0
CABP7,0.3412453,0.0,0.0
CABS1,0.11067621,0.0,0.0
CABYR,0.08649279,0.0,0.0
CACFD1,0.3841613,0.0,0.0
CACHD1,0.29181933,0.0,-1.0
CACNA1A,0.49114302,0.0,-1.0
CACNA1B,0.44006273,0.0,-1.0
CACNA1C,0.42674112,0.0,-1.0
CACNA1D,0.37685013,0.0,1.0
CACNA1E,0.35664406,0.0,-1.0
CACNA1F,0.30332735,0.0,-1.0
CACNA1G,0.34470648,0.0,0.0
CACNA1H,0.3385655,0.0,-1.0
CACNA1I,0.34961984,0.0,0.0
CACNA1S,0.33989087,0.0,-1.0
CACNA2D1,0.33715773,0.0,-1.0
CACNA2D2,0.270851,0.0,0.0
CACNA2D3,0.22357999,0.0,-1.0
CACNA2D4,0.2258662,0.0,-1.0
CACNB1,0.31553575,0.0,0.0
CACNB2,0.29813525,0.0,-1.0
CACNB3,0.2631656,0.0,0.0
CACNB4,0.2801581,0.0,-1.0
CACNG1,0.19059502,0.0,0.0
CACNG2,0.26885775,0.0,-1.0
CACNG3,0.2590879,0.0,0.0
CACNG4,0.21376954,0.0,0.0
CACNG5,0.22066009,0.0,0.0
CACNG6,0.17253196,0.0,-1.0
CACNG7,0.16989544,0.0,0.0
CACNG8,0.167183,0.0,0.0
CACTIN,0.32827267,0.0,0.0
CACUL1,0.42145598,0.0,0.0
CACYBP,0.37466976,0.0,-1.0
CAD,0.44070888,0.0,-1.0
CADM1,0.5087264,1.0,0.0
CADM2,0.15335476,0.0,-1.0
CADM3,0.28018317,0.0,0.0
CADM4,0.2551212,0.0,-1.0
CADPS,0.15341757,0.0,0.0
CADPS2,0.25361603,0.0,-1.0
CAGE1,0.1850148,0.0,-1.0
CALB1,0.47870648,0.0,0.0
CALB2,0.48488575,0.0,-1.0
CALCA,0.5327458,1.0,-1.0
CALCB,0.38884592,0.0,-1.0
CALCOCO1,0.3077305,0.0,-1.0
CALCOCO2,0.31761965,0.0,0.0
CALCR,0.46120262,0.0,-1.0
CALCRL,0.37311924,0.0,0.0
CALD1,0.54129845,1.0,-1.0
CALHM1,0.13104425,0.0,0.0
CALHM2,0.2818423,0.0,0.0
CALHM3,0.1025917,0.0,0.0
CALHM4,0.06707971,0.0,0.0
CALHM5,0.10326825,0.0,0.0
CALHM6,0.18719114,0.0,-1.0
CALM1,0.66632366,1.0,-1.0
CALM2,0.65593576,1.0,-1.0
CALM3,0.65139353,1.0,-1.0
CALML3,0.4022026,0.0,-1.0
CALML4,0.34260285,0.0,-1.0
CALML5,0.37754637,0.0,-1.0
CALML6,0.33373603,0.0,-1.0
CALN1,0.3488561,0.0,0.0
CALR,0.52901703,1.0,1.0
CALR3,0.09691367,0.0,-1.0
CALU,0.46707967,0.0,0.0
CALY,0.20707723,0.0,0.0
CAMK1,0.298644,0.0,0.0
CAMK1D,0.25112632,0.0,0.0
CAMK1G,0.35468304,0.0,0.0
CAMK2A,0.41637337,0.0,-1.0
CAMK2B,0.45729408,0.0,-1.0
CAMK2D,0.4777706,0.0,-1.0
CAMK2G,0.5558102,1.0,-1.0
CAMK2N1,0.17504126,0.0,0.0
CAMK2N2,0.19844374,0.0,0.0
CAMK4,0.4242697,0.0,-1.0
CAMKK1,0.39840803,0.0,0.0
CAMKK2,0.44318193,0.0,-1.0
CAMKMT,0.33199078,0.0,0.0
CAMKV,0.36968094,0.0,0.0
CAMLG,0.32557696,0.0,0.0
CAMP,0.21886003,0.0,0.0
CAMSAP1,0.41972193,0.0,0.0
CAMSAP2,0.40195346,0.0,0.0
CAMSAP3,0.32751948,0.0,0.0
CAMTA1,0.2908595,0.0,1.0
CAMTA2,0.2205463,0.0,0.0
CAND1,0.40063182,0.0,0.0
CAND2,0.3010468,0.0,0.0
CANT1,0.23385961,0.0,1.0
CANX,0.5084028,1.0,-1.0
CAP1,0.35962367,0.0,0.0
CAP2,0.27816194,0.0,-1.0
CAPG,0.30568305,0.0,-1.0
CAPN1,0.3375225,0.0,0.0
CAPN10,0.23634149,0.0,-1.0
CAPN11,0.17956683,0.0,0.0
CAPN12,0.20596689,0.0,0.0
CAPN13,0.22435743,0.0,0.0
CAPN14,0.20730476,0.0,0.0
CAPN15,0.251725,0.0,0.0
CAPN2,0.27563706,0.0,0.0
CAPN3,0.28016433,0.0,-1.0
CAPN5,0.22860053,0.0,0.0
CAPN6,0.23345213,0.0,0.0
CAPN7,0.29786855,0.0,0.0
CAPN8,0.21636394,0.0,0.0
CAPN9,0.22066444,0.0,0.0
CAPNS1,0.34051466,0.0,0.0
CAPNS2,0.18230474,0.0,0.0
CAPRIN1,0.36708596,0.0,0.0
CAPRIN2,0.19133192,0.0,0.0
CAPS,0.14100194,0.0,0.0
CAPS2,0.3038848,0.0,0.0
CAPSL,0.2716633,0.0,0.0
CAPZA1,0.4136391,0.0,0.0
CAPZA2,0.36357117,0.0,0.0
CAPZA3,0.1331207,0.0,0.0
CAPZB,0.4844918,0.0,0.0
CARD10,0.34478244,0.0,-1.0
CARD11,0.41799617,0.0,1.0
CARD14,0.2982675,0.0,-1.0
CARD16,0.36777133,0.0,0.0
CARD17,0.3188998,0.0,0.0
CARD18,0.22917394,0.0,0.0
CARD19,0.122524224,0.0,0.0
CARD6,0.24034162,0.0,-1.0
CARD8,0.36208457,0.0,-1.0
CARD9,0.31929776,0.0,-1.0
CARF,0.2538941,0.0,-1.0
CARHSP1,0.26099896,0.0,0.0
CARM1,0.44490597,0.0,-1.0
CARMIL1,0.29662448,0.0,0.0
CARMIL2,0.30452105,0.0,0.0
CARMIL3,0.12756789,0.0,0.0
CARNMT1,0.23419155,0.0,0.0
CARNS1,0.248052,0.0,-1.0
CARS1,0.31125697,0.0,1.0
CARS2,0.2207491,0.0,0.0
CARTPT,0.40359148,0.0,-1.0
CASC2,0.08600133,0.0,0.0
CASC3,0.2979263,0.0,-1.0
CASD1,0.19648899,0.0,0.0
CASK,0.5186826,1.0,-1.0
CASKIN1,0.33834606,0.0,-1.0
CASKIN2,0.34713653,0.0,0.0
CASP1,0.5310401,1.0,-1.0
CASP10,0.43043864,0.0,-1.0
CASP12,0.34116128,0.0,0.0
CASP14,0.15535992,0.0,0.0
CASP2,0.44980392,0.0,0.0
CASP3,0.69155765,1.0,1.0
CASP4,0.43200943,0.0,0.0
CASP5,0.34557492,0.0,0.0
CASP6,0.3914795,0.0,0.0
CASP7,0.45845306,0.0,-1.0
CASP8,0.6370222,1.0,1.0
CASP8AP2,0.23138404,0.0,-1.0
CASP9,0.56179863,1.0,1.0
CASQ1,0.26434857,0.0,0.0
CASQ2,0.25692302,0.0,0.0
CASR,0.44437373,0.0,-1.0
CASS4,0.294106,0.0,0.0
CAST,0.37897396,0.0,-1.0
CASTOR1,0.14003745,0.0,0.0
CASTOR2,0.16031319,0.0,0.0
CASTOR3,0.19733165,0.0,-1.0
CASZ1,0.27302822,0.0,-1.0
CAT,0.57012385,1.0,-1.0
CATIP,0.14182454,0.0,-1.0
CATSPER1,0.11472211,0.0,-1.0
CATSPER2,0.15928558,0.0,-1.0
CATSPER2P1,2.520842e-05,0.0,0.0
CATSPER3,0.08857921,0.0,0.0
CATSPER4,0.13506582,0.0,0.0
CATSPERB,0.18542148,0.0,0.0
CATSPERD,0.10573129,0.0,0.0
CATSPERE,0.08932952,0.0,0.0
CATSPERG,0.20917548,0.0,0.0
CATSPERZ,0.26391175,0.0,0.0
CAV1,0.66406316,1.0,-1.0
CAV2,0.50879276,1.0,-1.0
CAV3,0.4419386,0.0,-1.0
CAVIN1,0.4963495,0.0,-1.0
CAVIN2,0.42761144,0.0,0.0
CAVIN3,0.3777954,0.0,-1.0
CAVIN4,0.18231334,0.0,-1.0
CBARP,0.389057,0.0,-1.0
CBFA2T2,0.4223039,0.0,0.0
CBFA2T3,0.33212024,0.0,1.0
CBFB,0.39122546,0.0,1.0
CBL,0.5941283,1.0,1.0
CBLB,0.39865622,0.0,1.0
CBLC,0.2876532,0.0,1.0
CBLIF,0.45098308,0.0,0.0
CBLL1,0.32308614,0.0,0.0
CBLL2,0.09547091,0.0,0.0
CBLN1,0.22184066,0.0,0.0
CBLN2,0.13080458,0.0,0.0
CBLN3,0.11010316,0.0,0.0
CBLN4,0.14151597,0.0,0.0
CBR1,0.33224016,0.0,0.0
CBR3,0.2353159,0.0,0.0
CBR4,0.28401014,0.0,0.0
CBS,0.4233999,0.0,-1.0
CBSL,0.19852625,0.0,0.0
CBWD1,0.19163653,0.0,0.0
CBWD2,0.18346073,0.0,0.0
CBWD3,0.19425052,0.0,-1.0
CBWD5,0.17660739,0.0,0.0
CBWD6,0.17881383,0.0,0.0
CBX1,0.42587906,0.0,0.0
CBX2,0.2217986,0.0,-1.0
CBX3,0.5144601,1.0,0.0
CBX4,0.34494686,0.0,-1.0
CBX5,0.47363237,0.0,0.0
CBX6,0.31624296,0.0,-1.0
CBX7,0.2902331,0.0,-1.0
CBX8,0.35704476,0.0,0.0
CBY1,0.31642884,0.0,0.0
CBY2,0.08384639,0.0,0.0
CBY3,0.09761126,0.0,0.0
CC2D1A,0.39480025,0.0,-1.0
CC2D1B,0.18895195,0.0,0.0
CC2D2A,0.23235686,0.0,0.0
CC2D2B,0.29384804,0.0,0.0
CCAR1,0.48638847,0.0,-1.0
CCAR2,0.3461499,0.0,-1.0
CCBE1,0.26334476,0.0,0.0
CCDC102A,0.28253767,0.0,-1.0
CCDC102B,0.21592845,0.0,-1.0
CCDC103,0.0929196,0.0,0.0
CCDC105,0.07942648,0.0,0.0
CCDC106,0.110188834,0.0,0.0
CCDC107,0.14981222,0.0,-1.0
CCDC110,0.07760066,0.0,0.0
CCDC112,0.28183028,0.0,0.0
CCDC113,0.14674008,0.0,0.0
CCDC115,0.26930216,0.0,0.0
CCDC116,0.08721652,0.0,0.0
CCDC117,0.20066205,0.0,0.0
CCDC12,0.13810202,0.0,0.0
CCDC120,0.1882474,0.0,-1.0
CCDC121,0.11256578,0.0,-1.0
CCDC122,0.14447424,0.0,-1.0
CCDC124,0.25939897,0.0,-1.0
CCDC125,0.14925203,0.0,0.0
CCDC126,0.1676375,0.0,0.0
CCDC127,0.208074,0.0,0.0
CCDC13,0.17749271,0.0,0.0
CCDC134,0.18685094,0.0,0.0
CCDC136,0.09489516,0.0,0.0
CCDC137,0.17121217,0.0,0.0
CCDC138,0.36940545,0.0,0.0
CCDC14,0.3320629,0.0,0.0
CCDC140,0.175245,0.0,0.0
CCDC141,0.037910074,0.0,0.0
CCDC142,0.14628364,0.0,0.0
CCDC144A,0.14401528,0.0,0.0
CCDC144B,0.023572007,0.0,0.0
CCDC144CP,0.0033605192,0.0,0.0
CCDC144NL,0.13223319,0.0,0.0
CCDC146,0.18162362,0.0,0.0
CCDC148,0.1834327,0.0,0.0
CCDC149,0.17992237,0.0,0.0
CCDC15,0.21977924,0.0,0.0
CCDC150,0.15955679,0.0,0.0
CCDC153,0.10281019,0.0,0.0
CCDC154,0.111762024,0.0,0.0
CCDC157,0.13535683,0.0,0.0
CCDC158,0.08535746,0.0,0.0
CCDC159,0.07779412,0.0,0.0
CCDC160,0.16188665,0.0,0.0
CCDC163,0.23255128,0.0,0.0
CCDC167,0.14409348,0.0,0.0
CCDC168,0.097948134,0.0,-1.0
CCDC169,0.08844494,0.0,0.0
CCDC169-SOHLH2,0.081804685,0.0,0.0
CCDC17,0.07286187,0.0,0.0
CCDC170,0.251232,0.0,0.0
CCDC171,0.17464378,0.0,0.0
CCDC172,0.08945192,0.0,0.0
CCDC174,0.18743552,0.0,0.0
CCDC175,0.12517826,0.0,0.0
CCDC177,0.115700826,0.0,0.0
CCDC179,0.08499174,0.0,0.0
CCDC18,0.3332203,0.0,0.0
CCDC181,0.18667848,0.0,0.0
CCDC183,0.17726427,0.0,0.0
CCDC184,0.17717147,0.0,0.0
CCDC185,0.08385967,0.0,0.0
CCDC186,0.30773425,0.0,0.0
CCDC187,0.16824947,0.0,0.0
CCDC190,0.040078025,0.0,0.0
CCDC191,0.19035861,0.0,0.0
CCDC196,0.10354478,0.0,0.0
CCDC197,0.064490065,0.0,0.0
CCDC198,0.19571376,0.0,0.0
CCDC22,0.31879595,0.0,0.0
CCDC24,0.10546966,0.0,0.0
CCDC25,0.24900949,0.0,0.0
CCDC26,0.17904143,0.0,0.0
CCDC27,0.081962794,0.0,0.0
CCDC28A,0.1764862,0.0,-1.0
CCDC28B,0.21194857,0.0,0.0
CCDC3,0.15949015,0.0,0.0
CCDC30,0.16811283,0.0,0.0
CCDC32,0.16000266,0.0,0.0
CCDC33,0.11707075,0.0,0.0
CCDC34,0.22962587,0.0,0.0
CCDC38,0.08906337,0.0,-1.0
CCDC39,0.18520573,0.0,-1.0
CCDC40,0.21327288,0.0,-1.0
CCDC42,0.081606306,0.0,0.0
CCDC43,0.16640182,0.0,0.0
CCDC47,0.34056506,0.0,0.0
CCDC50,0.31168708,0.0,0.0
CCDC51,0.1760488,0.0,0.0
CCDC54,0.07557812,0.0,0.0
CCDC57,0.28476647,0.0,0.0
CCDC59,0.21547471,0.0,0.0
CCDC6,0.41933554,0.0,1.0
CCDC60,0.12364113,0.0,0.0
CCDC61,0.25017583,0.0,-1.0
CCDC62,0.07560243,0.0,0.0
CCDC63,0.089778915,0.0,-1.0
CCDC65,0.18468508,0.0,0.0
CCDC66,0.41985363,0.0,-1.0
CCDC68,0.18215513,0.0,0.0
CCDC69,0.17555435,0.0,0.0
CCDC7,0.121163845,0.0,0.0
CCDC70,0.08901879,0.0,0.0
CCDC71,0.18406367,0.0,0.0
CCDC71L,0.18655191,0.0,0.0
CCDC73,0.14508526,0.0,0.0
CCDC74A,0.15919173,0.0,0.0
CCDC74B,0.15842997,0.0,0.0
CCDC77,0.38174605,0.0,-1.0
CCDC78,0.115482025,0.0,0.0
CCDC8,0.07549903,0.0,0.0
CCDC80,0.42168146,0.0,0.0
CCDC81,0.113430165,0.0,-1.0
CCDC82,0.23629472,0.0,0.0
CCDC83,0.08567829,0.0,0.0
CCDC85A,0.22177257,0.0,0.0
CCDC85B,0.32409155,0.0,0.0
CCDC85C,0.31528115,0.0,0.0
CCDC86,0.20865911,0.0,0.0
CCDC87,0.10561807,0.0,0.0
CCDC88A,0.41418123,0.0,-1.0
CCDC88B,0.27638018,0.0,0.0
CCDC88C,0.2787098,0.0,0.0
CCDC89,0.08005354,0.0,0.0
CCDC9,0.33638862,0.0,-1.0
CCDC90B,0.16413124,0.0,0.0
CCDC91,0.15867399,0.0,0.0
CCDC92,0.21926868,0.0,0.0
CCDC93,0.31860512,0.0,0.0
CCDC96,0.07869529,0.0,0.0
CCDC97,0.18196924,0.0,0.0
CCDC9B,0.16719389,0.0,0.0
CCER1,0.061483048,0.0,-1.0
CCHCR1,0.25141212,0.0,-1.0
CCIN,0.14018476,0.0,0.0
CCK,0.4899952,0.0,-1.0
CCKAR,0.331293,0.0,0.0
CCKBR,0.3111111,0.0,-1.0
CCL1,0.45381418,0.0,0.0
CCL11,0.5140647,1.0,0.0
CCL13,0.39698106,0.0,0.0
CCL14,0.20128138,0.0,0.0
CCL15,0.106823646,0.0,0.0
CCL16,0.23174775,0.0,0.0
CCL17,0.42969614,0.0,0.0
CCL18,0.301696,0.0,0.0
CCL19,0.5029194,1.0,0.0
CCL2,0.6238566,1.0,0.0
CCL20,0.41268343,0.0,0.0
CCL21,0.5299335,1.0,0.0
CCL22,0.44945043,0.0,0.0
CCL23,0.24689537,0.0,0.0
CCL24,0.37092704,0.0,0.0
CCL25,0.3218424,0.0,0.0
CCL26,0.40323067,0.0,-1.0
CCL27,0.33256137,0.0,0.0
CCL28,0.4147302,0.0,0.0
CCL3,0.2831283,0.0,-1.0
CCL3L1,0.22759065,0.0,0.0
CCL3L3,0.15776496,0.0,0.0
CCL4,0.26841244,0.0,0.0
CCL4L1,0.23168252,0.0,0.0
CCL4L2,0.1852541,0.0,0.0
CCL5,0.36808434,0.0,0.0
CCL7,0.58237153,1.0,-1.0
CCL8,0.45241696,0.0,0.0
CCM2,0.33350194,0.0,-1.0
CCM2L,0.27639988,0.0,0.0
CCN1,0.5715745,1.0,-1.0
CCN2,0.6307011,1.0,-1.0
CCN3,0.37656277,0.0,-1.0
CCN4,0.44746426,0.0,0.0
CCN5,0.43707886,0.0,-1.0
CCN6,0.3478314,0.0,-1.0
CCNA1,0.46375805,0.0,-1.0
CCNA2,0.58871484,1.0,-1.0
CCNB1,0.61201465,1.0,-1.0
CCNB1IP1,0.19635364,0.0,1.0
CCNB2,0.5546136,1.0,-1.0
CCNB3,0.36996475,0.0,1.0
CCNC,0.38105834,0.0,1.0
CCND1,0.68518776,1.0,1.0
CCND2,0.5837701,1.0,1.0
CCND3,0.50133723,1.0,1.0
CCNDBP1,0.23332377,0.0,0.0
CCNE1,0.522501,1.0,1.0
CCNE2,0.4854265,0.0,-1.0
CCNF,0.43017113,0.0,-1.0
CCNG1,0.44549584,0.0,-1.0
CCNG2,0.44772407,0.0,0.0
CCNH,0.45392376,0.0,-1.0
CCNI,0.4117443,0.0,-1.0
CCNI2,0.36293274,0.0,0.0
CCNJ,0.22744718,0.0,0.0
CCNJL,0.14792828,0.0,0.0
CCNK,0.3214827,0.0,0.0
CCNL1,0.33054957,0.0,-1.0
CCNL2,0.3397352,0.0,0.0
CCNO,0.3637291,0.0,0.0
CCNP,0.397059,0.0,0.0
CCNQ,0.22804613,0.0,1.0
CCNT1,0.3868643,0.0,-1.0
CCNT2,0.41669816,0.0,-1.0
CCNY,0.28328258,0.0,-1.0
CCNYL1,0.22706974,0.0,0.0
CCP110,0.45127597,0.0,-1.0
CCPG1,0.22396015,0.0,0.0
CCR1,0.50273,1.0,-1.0
CCR10,0.23499154,0.0,0.0
CCR2,0.5124393,1.0,-1.0
CCR3,0.4489566,0.0,0.0
CCR4,0.4134473,0.0,1.0
CCR5,0.53576833,1.0,-1.0
CCR6,0.23561303,0.0,0.0
CCR7,0.49424416,0.0,1.0
CCR8,0.3618655,0.0,0.0
CCR9,0.35288227,0.0,-1.0
CCRL2,0.33859566,0.0,0.0
CCS,0.28692636,0.0,0.0
CCSAP,0.111294344,0.0,0.0
CCSER1,0.00037119217,0.0,-1.0
CCSER2,0.3571402,0.0,0.0
CCT2,0.4549219,0.0,0.0
CCT3,0.5117454,1.0,0.0
CCT4,0.47460267,0.0,0.0
CCT5,0.4702464,0.0,-1.0
CCT6A,0.43806782,0.0,0.0
CCT6B,0.13014011,0.0,-1.0
CCT6P1,0.022707729,0.0,0.0
CCT7,0.4242638,0.0,0.0
CCT8,0.45147672,0.0,0.0
CCT8L2,0.1370329,0.0,-1.0
CCZ1,0.26954418,0.0,0.0
CCZ1B,0.23067415,0.0,0.0
CD101,0.23171954,0.0,0.0
CD109,0.29401124,0.0,-1.0
CD14,0.48599404,0.0,-1.0
CD151,0.41397667,0.0,-1.0
CD160,0.29405823,0.0,0.0
CD163,0.4982799,0.0,0.0
CD163L1,0.15660158,0.0,-1.0
CD164,0.3135552,0.0,0.0
CD164L2,0.13707261,0.0,0.0
CD177,0.11348414,0.0,0.0
CD180,0.4105572,0.0,0.0
CD19,0.5466365,1.0,-1.0
CD1A,0.33559543,0.0,-1.0
CD1B,0.37632126,0.0,-1.0
CD1C,0.4263196,0.0,0.0
CD1D,0.46089464,0.0,-1.0
CD1E,0.2511424,0.0,0.0
CD2,0.5315554,1.0,-1.0
CD200,0.47344765,0.0,-1.0
CD200R1,0.31631085,0.0,0.0
CD200R1L,0.1037565,0.0,0.0
CD207,0.34890312,0.0,0.0
CD209,0.46380484,0.0,1.0
CD22,0.40410703,0.0,-1.0
CD226,0.35114512,0.0,0.0
CD24,0.27466592,0.0,-1.0
CD244,0.37892294,0.0,0.0
CD247,0.46229324,0.0,-1.0
CD248,0.43708578,0.0,-1.0
CD27,0.47098875,0.0,0.0
CD274,0.47648174,0.0,1.0
CD276,0.48992327,0.0,1.0
CD28,0.40323296,0.0,1.0
CD2AP,0.53928924,1.0,-1.0
CD2BP2,0.3533941,0.0,-1.0
CD300A,0.2543214,0.0,0.0
CD300C,0.332553,0.0,0.0
CD300E,0.0031187152,0.0,-1.0
CD300LB,0.11056405,0.0,0.0
CD300LD,0.0653196,0.0,0.0
CD300LD-AS1,0.033428892,0.0,0.0
CD300LF,0.14562044,0.0,0.0
CD300LG,0.08607205,0.0,0.0
CD302,0.31820747,0.0,0.0
CD320,0.25435916,0.0,0.0
CD33,0.48089513,0.0,0.0
CD34,0.6699139,1.0,0.0
CD36,0.5709025,1.0,-1.0
CD37,0.36352313,0.0,0.0
CD38,0.5456397,1.0,-1.0
CD3D,0.48215482,0.0,-1.0
CD3E,0.50178695,1.0,-1.0
CD3G,0.468685,0.0,-1.0
CD4,0.5200608,1.0,-1.0
CD40,0.57019913,1.0,-1.0
CD40LG,0.6559652,1.0,-1.0
CD44,0.6846209,1.0,-1.0
CD46,0.43152335,0.0,-1.0
CD47,0.5050258,1.0,0.0
CD48,0.63203555,1.0,-1.0
CD5,0.5225648,1.0,0.0
CD52,0.34550756,0.0,-1.0
CD53,0.38361394,0.0,-1.0
CD55,0.555041,1.0,-1.0
CD58,0.45917383,0.0,1.0
CD59,0.5664958,1.0,-1.0
CD5L,0.27820557,0.0,0.0
CD6,0.45327726,0.0,-1.0
CD63,0.45483932,0.0,-1.0
CD68,0.58875734,1.0,0.0
CD69,0.5042946,1.0,-1.0
CD7,0.4415173,0.0,0.0
CD70,0.39661458,0.0,-1.0
CD72,0.31506327,0.0,0.0
CD74,0.43321237,0.0,1.0
CD79A,0.5977558,1.0,1.0
CD79B,0.40541172,0.0,1.0
CD80,0.5584346,1.0,-1.0
CD81,0.4808323,0.0,-1.0
CD82,0.5262166,1.0,-1.0
CD83,0.49152774,0.0,-1.0
CD84,0.3537222,0.0,0.0
CD86,0.59002817,1.0,-1.0
CD8A,0.52091354,1.0,-1.0
CD8B,0.42198548,0.0,-1.0
CD9,0.4917602,0.0,-1.0
CD93,0.49399972,0.0,0.0
CD96,0.30561742,0.0,0.0
CD99,0.41829264,0.0,0.0
CD99L2,0.32887685,0.0,0.0
CDA,0.3471836,0.0,-1.0
CDADC1,0.21013299,0.0,0.0
CDAN1,0.333723,0.0,-1.0
CDC123,0.5045126,1.0,0.0
CDC14A,0.502252,1.0,0.0
CDC14B,0.39959794,0.0,0.0
CDC16,0.39717883,0.0,0.0
CDC20,0.5061395,1.0,-1.0
CDC20B,0.31718,0.0,0.0
CDC23,0.32243362,0.0,-1.0
CDC25A,0.57833576,1.0,-1.0
CDC25B,0.5070629,1.0,-1.0
CDC25C,0.5920903,1.0,-1.0
CDC26,0.2582515,0.0,0.0
CDC27,0.4663842,0.0,-1.0
CDC34,0.38314652,0.0,-1.0
CDC37,0.45517796,0.0,-1.0
CDC37L1,0.29414785,0.0,-1.0
CDC40,0.32436007,0.0,0.0
CDC42,0.67412317,1.0,1.0
CDC42BPA,0.40745616,0.0,0.0
CDC42BPB,0.42141676,0.0,-1.0
CDC42BPG,0.2777346,0.0,-1.0
CDC42EP1,0.3169164,0.0,-1.0
CDC42EP2,0.2480477,0.0,0.0
CDC42EP3,0.2932158,0.0,0.0
CDC42EP4,0.25796553,0.0,0.0
CDC42EP5,0.16052091,0.0,0.0
CDC42SE1,0.23723623,0.0,0.0
CDC42SE2,0.28505972,0.0,0.0
CDC45,0.5175975,1.0,-1.0
CDC5L,0.45164344,0.0,-1.0
CDC6,0.49385145,0.0,-1.0
CDC7,0.48883012,0.0,-1.0
CDC73,0.4179742,0.0,1.0
CDCA2,0.40781477,0.0,0.0
CDCA3,0.39203984,0.0,0.0
CDCA4,0.2473217,0.0,0.0
CDCA5,0.4205487,0.0,-1.0
CDCA7,0.39307526,0.0,0.0
CDCA7L,0.28148097,0.0,0.0
CDCA8,0.4748114,0.0,0.0
CDCP1,0.37379077,0.0,-1.0
CDCP2,0.15623061,0.0,0.0
CDH1,0.68268377,1.0,1.0
CDH10,0.30130652,0.0,1.0
CDH11,0.57429755,1.0,1.0
CDH12,0.33684865,0.0,-1.0
CDH13,0.4987864,0.0,-1.0
CDH15,0.37185478,0.0,-1.0
CDH16,0.3032794,0.0,0.0
CDH17,0.62214017,1.0,1.0
CDH18,0.31591892,0.0,-1.0
CDH19,0.34689322,0.0,-1.0
CDH2,0.6318624,1.0,-1.0
CDH20,0.31204185,0.0,-1.0
CDH22,0.32281342,0.0,0.0
CDH23,0.3574798,0.0,-1.0
CDH24,0.29332188,0.0,-1.0
CDH26,0.27122462,0.0,0.0
CDH3,0.44708902,0.0,-1.0
CDH4,0.34397402,0.0,0.0
CDH5,0.6128964,1.0,0.0
CDH6,0.43009266,0.0,-1.0
CDH7,0.30229622,0.0,0.0
CDH8,0.3965845,0.0,-1.0
CDH9,0.27978796,0.0,-1.0
CDHR1,0.22422905,0.0,-1.0
CDHR2,0.24860142,0.0,-1.0
CDHR3,0.29985747,0.0,-1.0
CDHR4,0.13171151,0.0,-1.0
CDHR5,0.16097859,0.0,0.0
CDIN1,0.16501893,0.0,0.0
CDIP1,0.18922693,0.0,0.0
CDIPT,0.377297,0.0,0.0
CDK1,0.6129242,1.0,-1.0
CDK10,0.28883305,0.0,0.0
CDK11A,0.39493093,0.0,-1.0
CDK11B,0.3213255,0.0,-1.0
CDK12,0.42573363,0.0,1.0
CDK13,0.4935058,0.0,-1.0
CDK14,0.42647317,0.0,-1.0
CDK15,0.41145104,0.0,0.0
CDK16,0.52993816,1.0,-1.0
CDK17,0.48550475,0.0,0.0
CDK18,0.42439324,0.0,-1.0
CDK19,0.3391776,0.0,0.0
CDK2,0.6646216,1.0,-1.0
CDK20,0.2867677,0.0,-1.0
CDK2AP1,0.3052618,0.0,-1.0
CDK2AP2,0.20058747,0.0,0.0
CDK3,0.4771512,0.0,0.0
CDK4,0.6470686,1.0,1.0
CDK5,0.58070874,1.0,-1.0
CDK5R1,0.40180802,0.0,-1.0
CDK5R2,0.26613772,0.0,0.0
CDK5RAP1,0.19164309,0.0,0.0
CDK5RAP2,0.30506673,0.0,0.0
CDK5RAP3,0.24850175,0.0,0.0
CDK6,0.549678,1.0,1.0
CDK7,0.42356277,0.0,-1.0
CDK8,0.44662413,0.0,1.0
CDK9,0.5457343,1.0,-1.0
CDKAL1,0.32533753,0.0,-1.0
CDKL1,0.28842014,0.0,0.0
CDKL2,0.22775885,0.0,-1.0
CDKL3,0.21105972,0.0,0.0
CDKL4,0.2524849,0.0,0.0
CDKL5,0.36486876,0.0,-1.0
CDKN1A,0.67454535,1.0,1.0
CDKN1B,0.6437963,1.0,1.0
CDKN1C,0.5876272,1.0,-1.0
CDKN2A,0.38195613,0.0,1.0
CDKN2A-DT,0.020595381,0.0,0.0
CDKN2AIP,0.25297883,0.0,-1.0
CDKN2AIPNL,0.16261202,0.0,0.0
CDKN2B,0.50090027,1.0,1.0
CDKN2C,0.4625258,0.0,1.0
CDKN2D,0.40220228,0.0,-1.0
CDKN3,0.63148904,1.0,-1.0
CDNF,0.15974076,0.0,0.0
CDO1,0.2693469,0.0,0.0
CDON,0.29937452,0.0,-1.0
CDPF1,0.18454625,0.0,0.0
CDR1,0.31195298,0.0,0.0
CDR2,0.34985948,0.0,0.0
CDR2L,0.21185237,0.0,0.0
CDRT15,0.0859024,0.0,0.0
CDRT15L2,0.07490217,0.0,0.0
CDRT15P3,0.1942203,0.0,0.0
CDRT4,0.21523508,0.0,0.0
CDS1,0.22725648,0.0,0.0
CDS2,0.22849616,0.0,0.0
CDSN,0.26593086,0.0,-1.0
CDT1,0.48139644,0.0,-1.0
CDV3,0.23521549,0.0,0.0
CDX1,0.36602184,0.0,0.0
CDX2,0.4900673,0.0,1.0
CDX4,0.33417207,0.0,-1.0
CDY1,0.19608475,0.0,0.0
CDY1B,0.17271562,0.0,0.0
CDY2A,0.17234503,0.0,0.0
CDY2B,0.27155742,0.0,0.0
CDYL,0.3421893,0.0,-1.0
CDYL2,0.22888786,0.0,0.0
CEACAM1,0.34251314,0.0,-1.0
CEACAM16,0.10655874,0.0,0.0
CEACAM19,0.11597558,0.0,0.0
CEACAM21,0.15900013,0.0,-1.0
CEACAM3,0.24714582,0.0,0.0
CEACAM4,0.048865847,0.0,0.0
CEACAM5,0.49596077,0.0,-1.0
CEACAM6,0.2892552,0.0,0.0
CEACAM7,0.08452986,0.0,-1.0
CEACAM8,0.33265102,0.0,0.0
CEBPA,0.5466121,1.0,1.0
CEBPB,0.625733,1.0,-1.0
CEBPD,0.5237899,1.0,0.0
CEBPE,0.30740345,0.0,-1.0
CEBPG,0.32608813,0.0,0.0
CEBPZ,0.37634584,0.0,-1.0
CECR2,0.34087625,0.0,0.0
CEL,0.5997605,1.0,-1.0
CELA1,0.31481218,0.0,-1.0
CELA2A,0.20068192,0.0,0.0
CELA2B,0.26889244,0.0,0.0
CELA3A,0.23596308,0.0,0.0
CELA3B,0.2490613,0.0,0.0
CELF1,0.39835215,0.0,-1.0
CELF2,0.31560245,0.0,-1.0
CELF3,0.31616825,0.0,0.0
CELF4,0.27730897,0.0,-1.0
CELF5,0.17693228,0.0,0.0
CELF6,0.21666218,0.0,0.0
CELSR1,0.31984347,0.0,0.0
CELSR2,0.33991218,0.0,0.0
CELSR3,0.33423337,0.0,0.0
CEMIP,0.32928246,0.0,-1.0
CEMIP2,0.3082538,0.0,0.0
CEMP1,0.029949844,0.0,0.0
CENATAC,0.21576059,0.0,0.0
CEND1,0.24341737,0.0,0.0
CENPA,0.4678815,0.0,-1.0
CENPB,0.36194026,0.0,0.0
CENPBD1P,0.13998301,0.0,0.0
CENPC,0.47031057,0.0,-1.0
CENPE,0.52906966,1.0,0.0
CENPF,0.5065223,1.0,-1.0
CENPH,0.4623598,0.0,0.0
CENPI,0.39749283,0.0,0.0
CENPJ,0.4739598,0.0,-1.0
CENPK,0.4407191,0.0,0.0
CENPL,0.36872214,0.0,0.0
CENPM,0.39198145,0.0,0.0
CENPN,0.4126815,0.0,0.0
CENPO,0.38056642,0.0,0.0
CENPP,0.33253706,0.0,0.0
CENPQ,0.37181607,0.0,0.0
CENPS,0.39584625,0.0,0.0
CENPS-CORT,0.2581443,0.0,0.0
CENPT,0.31459555,0.0,0.0
CENPU,0.38987133,0.0,0.0
CENPV,0.35895962,0.0,0.0
CENPW,0.36683407,0.0,-1.0
CENPX,0.23001328,0.0,0.0
CEP104,0.23329319,0.0,0.0
CEP112,0.22701995,0.0,0.0
CEP120,0.41979662,0.0,0.0
CEP126,0.19780666,0.0,0.0
CEP128,0.3483673,0.0,0.0
CEP131,0.42738846,0.0,0.0
CEP135,0.4285085,0.0,0.0
CEP152,0.43933624,0.0,-1.0
CEP162,0.43766472,0.0,0.0
CEP164,0.34379223,0.0,0.0
CEP170,0.52301306,1.0,-1.0
CEP170B,0.39209193,0.0,0.0
CEP170P1,0.201889,0.0,0.0
CEP19,0.24707745,0.0,-1.0
CEP192,0.38996133,0.0,-1.0
CEP20,0.32876763,0.0,0.0
CEP250,0.36425033,0.0,0.0
CEP290,0.39734635,0.0,-1.0
CEP295,0.37560385,0.0,0.0
CEP295NL,0.08509838,0.0,0.0
CEP350,0.44746345,0.0,0.0
CEP41,0.26137692,0.0,0.0
CEP43,0.40328708,0.0,1.0
CEP44,0.39061195,0.0,0.0
CEP55,0.47944582,0.0,0.0
CEP57,0.3522418,0.0,-1.0
CEP57L1,0.2612162,0.0,0.0
CEP63,0.3876929,0.0,0.0
CEP68,0.26829982,0.0,0.0
CEP70,0.4258094,0.0,0.0
CEP72,0.38301733,0.0,-1.0
CEP76,0.21343458,0.0,-1.0
CEP78,0.3221494,0.0,0.0
CEP83,0.26056665,0.0,-1.0
CEP85,0.407252,0.0,0.0
CEP85L,0.41738427,0.0,0.0
CEP89,0.31732312,0.0,-1.0
CEP95,0.3152646,0.0,0.0
CEP97,0.5036811,1.0,0.0
CEPT1,0.24942853,0.0,0.0
CER1,0.30260554,0.0,-1.0
CERCAM,0.15278968,0.0,0.0
CERK,0.25296947,0.0,-1.0
CERKL,0.20650478,0.0,-1.0
CERS1,0.18180892,0.0,0.0
CERS2,0.2648042,0.0,0.0
CERS3,0.21031761,0.0,-1.0
CERS4,0.21747811,0.0,0.0
CERS5,0.2122202,0.0,0.0
CERS6,0.23207834,0.0,0.0
CERT1,0.3101414,0.0,0.0
CES1,0.48846686,0.0,0.0
CES1P1,0.20427056,0.0,0.0
CES2,0.30998197,0.0,0.0
CES3,0.25029373,0.0,0.0
CES4A,0.21747412,0.0,0.0
CES5A,0.18341391,0.0,0.0
CETN1,0.27311754,0.0,0.0
CETN2,0.45832577,0.0,0.0
CETN3,0.447126,0.0,-1.0
CETP,0.28834093,0.0,-1.0
CFAP100,0.13687778,0.0,0.0
CFAP107,5.231695e-08,0.0,0.0
CFAP119,0.15473665,0.0,0.0
CFAP126,0.10947399,0.0,-1.0
CFAP141,0.11385521,0.0,0.0
CFAP157,0.06943524,0.0,0.0
CFAP161,0.13624455,0.0,0.0
CFAP20,0.3186114,0.0,-1.0
CFAP206,0.14765431,0.0,0.0
CFAP20DC,0.114203446,0.0,0.0
CFAP210,0.0779706,0.0,0.0
CFAP251,0.11597035,0.0,0.0
CFAP276,0.10761783,0.0,-1.0
CFAP298,0.22442646,0.0,0.0
CFAP298-TCP10L,0.034613732,0.0,0.0
CFAP299,0.080762155,0.0,0.0
CFAP300,0.08403536,0.0,0.0
CFAP36,0.16845967,0.0,0.0
CFAP410,0.36143976,0.0,0.0
CFAP418,0.18705751,0.0,0.0
CFAP43,0.10916623,0.0,0.0
CFAP44,0.20488931,0.0,0.0
CFAP45,0.16952537,0.0,-1.0
CFAP46,0.1328976,0.0,0.0
CFAP47,0.27077588,0.0,-1.0
CFAP52,0.2766097,0.0,0.0
CFAP53,0.08171702,0.0,0.0
CFAP54,0.17302884,0.0,-1.0
CFAP57,0.17294644,0.0,0.0
CFAP58,0.119700074,0.0,0.0
CFAP61,0.123862356,0.0,0.0
CFAP65,0.11517074,0.0,0.0
CFAP69,0.14301027,0.0,0.0
CFAP70,0.116887875,0.0,-1.0
CFAP73,0.2279772,0.0,0.0
CFAP74,0.18294945,0.0,-1.0
CFAP77,0.10910721,0.0,0.0
CFAP91,0.11541047,0.0,0.0
CFAP92,0.11433307,0.0,0.0
CFAP95,0.12122512,0.0,0.0
CFAP97,0.43517935,0.0,0.0
CFAP97D1,0.082403295,0.0,0.0
CFB,0.43387046,0.0,-1.0
CFC1,0.36685407,0.0,-1.0
CFC1B,0.20937876,0.0,0.0
CFD,0.44711372,0.0,-1.0
CFDP1,0.2467732,0.0,0.0
CFH,0.5465674,1.0,-1.0
CFHR1,0.21270153,0.0,0.0
CFHR2,0.16373229,0.0,-1.0
CFHR3,0.13846032,0.0,0.0
CFHR4,0.19683915,0.0,0.0
CFHR5,0.15582977,0.0,-1.0
CFI,0.4085832,0.0,-1.0
CFL1,0.5117113,1.0,0.0
CFL1P1,0.028096775,0.0,0.0
CFL2,0.39825276,0.0,-1.0
CFLAR,0.54807067,1.0,-1.0
CFP,0.40978557,0.0,-1.0
CFTR,0.5599381,1.0,-1.0
CGA,0.38908795,0.0,0.0
CGAS,0.21306102,0.0,0.0
CGB1,0.090101615,0.0,0.0
CGB2,0.112919785,0.0,-1.0
CGB3,0.28379926,0.0,0.0
CGB5,0.13339469,0.0,-1.0
CGB7,0.46711707,0.0,0.0
CGB8,0.30443603,0.0,0.0
CGGBP1,0.27199817,0.0,0.0
CGN,0.38473943,0.0,0.0
CGNL1,0.26633602,0.0,-1.0
CGREF1,0.14851576,0.0,0.0
CGRRF1,0.19724388,0.0,0.0
CH25H,0.2871749,0.0,0.0
CHAC1,0.19467072,0.0,0.0
CHAC2,0.23209144,0.0,0.0
CHAD,0.40340215,0.0,0.0
CHADL,0.3581119,0.0,0.0
CHAF1A,0.45248488,0.0,0.0
CHAF1B,0.44719204,0.0,-1.0
CHAMP1,0.27721208,0.0,0.0
CHAT,0.40945217,0.0,-1.0
CHCHD1,0.088244624,0.0,0.0
CHCHD10,0.10962754,0.0,0.0
CHCHD2,0.12789175,0.0,0.0
CHCHD2P9,0.09139315,0.0,0.0
CHCHD3,0.3152105,0.0,0.0
CHCHD4,0.1283263,0.0,0.0
CHCHD5,0.10552125,0.0,0.0
CHCHD6,0.17493993,0.0,0.0
CHCHD7,0.2581111,0.0,1.0
CHD1,0.49711013,0.0,-1.0
CHD1L,0.440539,0.0,0.0
CHD2,0.58224314,1.0,1.0
CHD3,0.45756,0.0,-1.0
CHD4,0.5473177,1.0,1.0
CHD5,0.33850536,0.0,-1.0
CHD6,0.45805702,0.0,-1.0
CHD7,0.53756005,1.0,-1.0
CHD8,0.5311976,1.0,-1.0
CHD9,0.5178964,1.0,-1.0
CHDH,0.19924673,0.0,-1.0
CHEK1,0.60583663,1.0,1.0
CHEK2,0.6087332,1.0,1.0
CHERP,0.2733921,0.0,0.0
CHFR,0.37971935,0.0,-1.0
CHGA,0.47399318,0.0,-1.0
CHGB,0.40183297,0.0,0.0
CHI3L1,0.44246963,0.0,0.0
CHI3L2,0.315154,0.0,0.0
CHIA,0.36037678,0.0,0.0
CHIC1,0.24092561,0.0,0.0
CHIC2,0.24590735,0.0,-1.0
CHID1,0.16941965,0.0,0.0
CHIT1,0.28976524,0.0,0.0
CHKA,0.38452658,0.0,-1.0
CHKB,0.28922564,0.0,-1.0
CHKB-CPT1B,0.20276926,0.0,0.0
CHL1,0.5781103,1.0,-1.0
CHM,0.39530116,0.0,-1.0
CHML,0.3565494,0.0,0.0
CHMP1A,0.262686,0.0,0.0
CHMP1B,0.2628247,0.0,0.0
CHMP2A,0.24806894,0.0,0.0
CHMP2B,0.2650177,0.0,-1.0
CHMP3,0.21182261,0.0,0.0
CHMP4A,0.1986738,0.0,0.0
CHMP4B,0.3051413,0.0,0.0
CHMP4C,0.24026944,0.0,0.0
CHMP5,0.21673472,0.0,0.0
CHMP6,0.18106958,0.0,0.0
CHMP7,0.24220183,0.0,0.0
CHN1,0.3539385,0.0,-1.0
CHN2,0.3219455,0.0,0.0
CHODL,0.13521138,0.0,0.0
CHORDC1,0.28507945,0.0,0.0
CHP1,0.37717846,0.0,0.0
CHP2,0.3576232,0.0,0.0
CHPF,0.21439342,0.0,0.0
CHPF2,0.21094486,0.0,-1.0
CHPT1,0.19401193,0.0,-1.0
CHRAC1,0.2925911,0.0,0.0
CHRD,0.39876354,0.0,0.0
CHRDL1,0.3687116,0.0,0.0
CHRDL2,0.19721736,0.0,0.0
CHRFAM7A,0.23298326,0.0,0.0
CHRM1,0.312401,0.0,0.0
CHRM2,0.30810347,0.0,0.0
CHRM3,0.27501127,0.0,0.0
CHRM4,0.27081504,0.0,0.0
CHRM5,0.25502834,0.0,-1.0
CHRNA1,0.32181397,0.0,-1.0
CHRNA10,0.16251276,0.0,0.0
CHRNA2,0.25451317,0.0,-1.0
CHRNA3,0.3324972,0.0,0.0
CHRNA4,0.3828254,0.0,-1.0
CHRNA5,0.26488695,0.0,0.0
CHRNA6,0.18192552,0.0,0.0
CHRNA7,0.25596744,0.0,0.0
CHRNA9,0.2064424,0.0,0.0
CHRNB1,0.21113585,0.0,-1.0
CHRNB2,0.30673447,0.0,-1.0
CHRNB3,0.21017481,0.0,0.0
CHRNB4,0.29445544,0.0,-1.0
CHRND,0.26919347,0.0,-1.0
CHRNE,0.25880662,0.0,-1.0
CHRNG,0.23786454,0.0,0.0
CHST1,0.21742098,0.0,-1.0
CHST10,0.13809912,0.0,-1.0
CHST11,0.2164731,0.0,1.0
CHST12,0.19548842,0.0,0.0
CHST13,0.13990723,0.0,0.0
CHST14,0.25135088,0.0,-1.0
CHST15,0.26746947,0.0,0.0
CHST2,0.1513901,0.0,0.0
CHST3,0.3057806,0.0,-1.0
CHST4,0.17168012,0.0,0.0
CHST5,0.11225247,0.0,0.0
CHST6,0.13251358,0.0,-1.0
CHST7,0.13993058,0.0,0.0
CHST8,0.07315449,0.0,0.0
CHST9,0.1663721,0.0,0.0
CHSY1,0.31372175,0.0,0.0
CHSY3,0.14258705,0.0,0.0
CHTF18,0.41138074,0.0,-1.0
CHTF8,0.20650956,0.0,-1.0
CHTOP,0.3507866,0.0,0.0
CHUK,0.5372898,1.0,-1.0
CHURC1,0.18669,0.0,0.0
CHURC1-FNTB,0.16855226,0.0,0.0
CIAO1,0.23413944,0.0,0.0
CIAO2A,0.12566456,0.0,-1.0
CIAO2B,0.1013539,0.0,0.0
CIAO3,0.31475928,0.0,0.0
CIAPIN1,0.2532151,0.0,0.0
CIART,0.29482278,0.0,0.0
CIB1,0.3931614,0.0,0.0
CIB2,0.33972764,0.0,0.0
CIB3,0.3508129,0.0,0.0
CIB4,0.23075669,0.0,0.0
CIBAR1,0.1149735,0.0,0.0
CIBAR1P2,0.0016219645,0.0,0.0
CIBAR2,0.23339792,0.0,-1.0
CIC,0.41976503,0.0,1.0
CIDEA,0.22218783,0.0,0.0
CIDEB,0.25659767,0.0,0.0
CIDEC,0.21488301,0.0,0.0
CIDECP1,0.2716247,0.0,0.0
CIITA,0.45272955,0.0,1.0
CILK1,0.5004359,1.0,-1.0
CILP,0.37863865,0.0,-1.0
CILP2,0.18844977,0.0,-1.0
CINP,0.27129596,0.0,0.0
CIP2A,0.40372747,0.0,-1.0
CIPC,0.17916569,0.0,-1.0
CIR1,0.32459968,0.0,0.0
CIRBP,0.35240796,0.0,-1.0
CIRBP-AS1,0.13576382,0.0,0.0
CISD1,0.13596186,0.0,0.0
CISD2,0.23165447,0.0,-1.0
CISD3,0.15070918,0.0,0.0
CISH,0.5481901,1.0,0.0
CIT,0.41248462,0.0,0.0
CITED1,0.42332762,0.0,0.0
CITED2,0.3984456,0.0,-1.0
CITED4,0.19577202,0.0,-1.0
CIZ1,0.27281335,0.0,-1.0
CKAP2,0.45379934,0.0,0.0
CKAP2L,0.40879828,0.0,0.0
CKAP4,0.3898367,0.0,0.0
CKAP5,0.57021177,1.0,0.0
CKB,0.39758483,0.0,0.0
CKLF,0.29909015,0.0,0.0
CKLF-CMTM1,0.10874532,0.0,0.0
CKM,0.4462298,0.0,0.0
CKMT1A,0.2524163,0.0,0.0
CKMT1B,0.30302787,0.0,0.0
CKMT2,0.26224375,0.0,0.0
CKS1B,0.4294362,0.0,-1.0
CKS1BP7,0.03882226,0.0,-1.0
CKS2,0.41040218,0.0,-1.0
CLASP1,0.51884353,1.0,-1.0
CLASP2,0.45997885,0.0,-1.0
CLASRP,0.27842906,0.0,0.0
CLBA1,0.15033749,0.0,0.0
CLC,0.2518968,0.0,0.0
CLCA1,0.29754725,0.0,0.0
CLCA2,0.33269677,0.0,0.0
CLCA4,0.24373244,0.0,0.0
CLCC1,0.253233,0.0,0.0
CLCF1,0.28014717,0.0,0.0
CLCN1,0.31068116,0.0,-1.0
CLCN2,0.2657272,0.0,-1.0
CLCN3,0.29402855,0.0,0.0
CLCN4,0.24154645,0.0,-1.0
CLCN5,0.3674658,0.0,-1.0
CLCN6,0.23973195,0.0,0.0
CLCN7,0.3150063,0.0,-1.0
CLCNKA,0.19126706,0.0,-1.0
CLCNKB,0.20294757,0.0,-1.0
CLDN1,0.29908374,0.0,-1.0
CLDN10,0.18509223,0.0,-1.0
CLDN11,0.4274328,0.0,-1.0
CLDN12,0.14193028,0.0,-1.0
CLDN14,0.18201317,0.0,-1.0
CLDN15,0.12779446,0.0,-1.0
CLDN16,0.16088013,0.0,-1.0
CLDN17,0.13897185,0.0,-1.0
CLDN18,0.16858895,0.0,-1.0
CLDN19,0.13508697,0.0,-1.0
CLDN2,0.24820186,0.0,-1.0
CLDN20,0.25873387,0.0,-1.0
CLDN22,0.060477592,0.0,-1.0
CLDN23,0.07666999,0.0,-1.0
CLDN24,0.10665125,0.0,-1.0
CLDN25,0.10887193,0.0,0.0
CLDN3,0.29318914,0.0,-1.0
CLDN4,0.32994533,0.0,-1.0
CLDN5,0.43026277,0.0,-1.0
CLDN6,0.19561864,0.0,-1.0
CLDN7,0.28803727,0.0,-1.0
CLDN8,0.18834198,0.0,-1.0
CLDN9,0.24820708,0.0,-1.0
CLDND1,0.22890303,0.0,0.0
CLDND2,0.13049838,0.0,0.0
CLEC10A,0.28844437,0.0,0.0
CLEC11A,0.36933416,0.0,0.0
CLEC12A,0.22135293,0.0,0.0
CLEC12B,0.18274571,0.0,0.0
CLEC14A,0.26877168,0.0,0.0
CLEC16A,0.33227724,0.0,0.0
CLEC17A,0.15145087,0.0,0.0
CLEC18A,0.24888742,0.0,0.0
CLEC18B,0.18572356,0.0,0.0
CLEC18C,0.23061262,0.0,0.0
CLEC19A,0.21692,0.0,-1.0
CLEC1A,0.21928838,0.0,0.0
CLEC1B,0.26500666,0.0,-1.0
CLEC2A,0.34378245,0.0,0.0
CLEC2B,0.38966575,0.0,0.0
CLEC2D,0.2588772,0.0,0.0
CLEC2L,0.18747044,0.0,0.0
CLEC3A,0.12941296,0.0,0.0
CLEC3B,0.4545227,0.0,0.0
CLEC4A,0.37439686,0.0,0.0
CLEC4C,0.3780898,0.0,0.0
CLEC4D,0.19371256,0.0,0.0
CLEC4E,0.30740997,0.0,0.0
CLEC4F,0.031771425,0.0,0.0
CLEC4G,0.20987257,0.0,-1.0
CLEC4M,0.32363883,0.0,0.0
CLEC5A,0.20122239,0.0,0.0
CLEC6A,0.27612996,0.0,0.0
CLEC7A,0.44998264,0.0,-1.0
CLEC9A,0.28522584,0.0,0.0
CLECL1,0.1823534,0.0,0.0
CLGN,0.18878937,0.0,0.0
CLHC1,0.33801797,0.0,0.0
CLIC1,0.43008912,0.0,-1.0
CLIC2,0.22025079,0.0,0.0
CLIC3,0.17404592,0.0,0.0
CLIC4,0.33776218,0.0,-1.0
CLIC5,0.19114691,0.0,-1.0
CLIC6,0.14736769,0.0,0.0
CLINT1,0.5520417,1.0,0.0
CLIP1,0.51658976,1.0,1.0
CLIP2,0.28030974,0.0,-1.0
CLIP3,0.3101122,0.0,0.0
CLIP4,0.25856754,0.0,0.0
CLK1,0.38496158,0.0,0.0
CLK2,0.31905812,0.0,0.0
CLK3,0.30765945,0.0,-1.0
CLK4,0.41421795,0.0,-1.0
CLLU1,0.15355356,0.0,0.0
CLMN,0.30449718,0.0,0.0
CLMP,0.30156106,0.0,0.0
CLN3,0.2712427,0.0,-1.0
CLN5,0.21820427,0.0,-1.0
CLN6,0.2280229,0.0,-1.0
CLN8,0.18067999,0.0,-1.0
CLNK,0.23939273,0.0,0.0
CLNS1A,0.30600753,0.0,0.0
CLOCK,0.37937048,0.0,0.0
CLP1,0.33529484,0.0,-1.0
CLPB,0.24327238,0.0,0.0
CLPP,0.22628355,0.0,0.0
CLPS,0.4018452,0.0,0.0
CLPSL1,0.16671622,0.0,0.0
CLPSL2,8.284504e-06,0.0,0.0
CLPTM1,0.23429035,0.0,0.0
CLPTM1L,0.23178563,0.0,0.0
CLPX,0.33804992,0.0,0.0
CLRN1,0.15646699,0.0,-1.0
CLRN2,0.10854926,0.0,0.0
CLRN3,0.093889825,0.0,0.0
CLSPN,0.4623175,0.0,-1.0
CLSTN1,0.31412315,0.0,0.0
CLSTN2,0.2977578,0.0,-1.0
CLSTN3,0.26473308,0.0,0.0
CLTA,0.4200148,0.0,0.0
CLTB,0.38693026,0.0,0.0
CLTC,0.53061444,1.0,1.0
CLTCL1,0.35318118,0.0,1.0
CLTRN,0.11229921,0.0,0.0
CLU,0.60526955,1.0,-1.0
CLUAP1,0.012085757,0.0,-1.0
CLUH,0.24696426,0.0,0.0
CLUL1,0.2055781,0.0,0.0
CLVS1,0.20787948,0.0,0.0
CLVS2,0.23755063,0.0,0.0
CLYBL,0.25491545,0.0,0.0
CMA1,0.47886083,0.0,0.0
CMAS,0.3981546,0.0,0.0
CMBL,0.25392768,0.0,0.0
CMC1,0.0989584,0.0,0.0
CMC2,0.15083893,0.0,0.0
CMC4,0.14334302,0.0,-1.0
CMIP,0.20809934,0.0,0.0
CMKLR1,0.42006674,0.0,-1.0
CMKLR2,0.17977102,0.0,0.0
CMPK1,0.32089266,0.0,0.0
CMPK2,0.3329304,0.0,0.0
CMSS1,0.32815915,0.0,0.0
CMTM1,0.09029839,0.0,0.0
CMTM2,0.09000362,0.0,0.0
CMTM3,0.16077472,0.0,0.0
CMTM4,0.11872121,0.0,0.0
CMTM5,0.08223484,0.0,0.0
CMTM6,0.3210759,0.0,0.0
CMTM7,0.11904323,0.0,-1.0
CMTM8,0.10793041,0.0,0.0
CMTR1,0.22093694,0.0,-1.0
CMTR2,0.3085047,0.0,1.0
CMYA5,0.18823016,0.0,0.0
CNBD1,0.09304209,0.0,1.0
CNBD2,0.2297544,0.0,0.0
CNBP,0.31145754,0.0,1.0
CNDP1,0.23834571,0.0,0.0
CNDP2,0.2712236,0.0,-1.0
CNEP1R1,0.17502931,0.0,0.0
CNFN,0.11962392,0.0,0.0
CNGA1,0.28719783,0.0,-1.0
CNGA2,0.08114955,0.0,0.0
CNGA3,0.24572496,0.0,-1.0
CNGA4,0.06225928,0.0,-1.0
CNGB1,0.27584058,0.0,-1.0
CNGB3,0.18572031,0.0,-1.0
CNIH1,0.20025909,0.0,0.0
CNIH2,0.19760023,0.0,0.0
CNIH3,0.1276167,0.0,0.0
CNIH4,0.18173058,0.0,0.0
CNKSR1,0.277201,0.0,-1.0
CNKSR2,0.29465392,0.0,0.0
CNKSR3,0.18502904,0.0,0.0
CNMD,0.2722745,0.0,0.0
CNN1,0.48037404,0.0,0.0
CNN2,0.3584391,0.0,0.0
CNN3,0.4293504,0.0,0.0
CNNM1,0.23738426,0.0,0.0
CNNM2,0.33337408,0.0,0.0
CNNM3,0.27897003,0.0,0.0
CNNM4,0.2346315,0.0,-1.0
CNOT1,0.4982989,0.0,-1.0
CNOT10,0.30755728,0.0,0.0
CNOT11,0.33683404,0.0,0.0
CNOT2,0.515016,1.0,0.0
CNOT3,0.3798995,0.0,1.0
CNOT4,0.35452878,0.0,0.0
CNOT6,0.44431338,0.0,0.0
CNOT6L,0.2100537,0.0,0.0
CNOT7,0.35059288,0.0,0.0
CNOT8,0.39566207,0.0,0.0
CNOT9,0.31249982,0.0,-1.0
CNP,0.2757156,0.0,0.0
CNPPD1,0.25374663,0.0,0.0
CNPY1,0.054832343,0.0,0.0
CNPY2,0.12602697,0.0,0.0
CNPY3,0.23966283,0.0,0.0
CNPY4,0.20958838,0.0,0.0
CNR1,0.49465743,0.0,0.0
CNR2,0.31767532,0.0,-1.0
CNRIP1,0.19822206,0.0,0.0
CNST,0.23531349,0.0,0.0
CNTD1,0.075034715,0.0,0.0
CNTF,0.5290773,1.0,0.0
CNTFR,0.39245084,0.0,0.0
CNTLN,0.32835326,0.0,-1.0
CNTN1,0.40916985,0.0,-1.0
CNTN2,0.46478125,0.0,0.0
CNTN3,0.4298909,0.0,0.0
CNTN4,0.25263426,0.0,-1.0
CNTN5,0.3798438,0.0,0.0
CNTN6,0.36942083,0.0,-1.0
CNTNAP1,0.424988,0.0,-1.0
CNTNAP2,0.3145378,0.0,-1.0
CNTNAP3,0.2547334,0.0,-1.0
CNTNAP3B,0.1544521,0.0,0.0
CNTNAP4,0.25976226,0.0,0.0
CNTNAP5,0.23799062,0.0,-1.0
CNTRL,0.46293998,0.0,1.0
CNTROB,0.30041653,0.0,0.0
COA1,0.18683201,0.0,-1.0
COA3,0.11058399,0.0,0.0
COA4,0.09060838,0.0,0.0
COA5,0.11888696,0.0,-1.0
COA6,0.10744824,0.0,0.0
COA7,0.295497,0.0,0.0
COA8,0.30030575,0.0,0.0
COASY,0.30424905,0.0,0.0
COBL,0.3318594,0.0,0.0
COBLL1,0.2764582,0.0,0.0
COCH,0.24477227,0.0,0.0
COG1,0.2851649,0.0,-1.0
COG2,0.41713372,0.0,0.0
COG3,0.31609645,0.0,0.0
COG4,0.256982,0.0,-1.0
COG5,0.39250976,0.0,-1.0
COG6,0.2914747,0.0,-1.0
COG7,0.21442239,0.0,-1.0
COG8,0.19796576,0.0,-1.0
COIL,0.300419,0.0,-1.0
COL10A1,0.45026168,0.0,-1.0
COL11A1,0.44596598,0.0,-1.0
COL11A2,0.40244278,0.0,-1.0
COL12A1,0.42939395,0.0,-1.0
COL13A1,0.32175955,0.0,0.0
COL14A1,0.48993713,0.0,-1.0
COL15A1,0.49148366,0.0,0.0
COL16A1,0.45400313,0.0,-1.0
COL17A1,0.6064256,1.0,-1.0
COL18A1,0.5766118,1.0,-1.0
COL19A1,0.3305139,0.0,-1.0
COL1A1,0.6244446,1.0,1.0
COL1A2,0.607617,1.0,-1.0
COL20A1,0.2577706,0.0,0.0
COL21A1,0.29415277,0.0,-1.0
COL22A1,0.23949327,0.0,-1.0
COL23A1,0.21177119,0.0,0.0
COL24A1,0.2540472,0.0,0.0
COL25A1,0.27178496,0.0,-1.0
COL26A1,0.16868363,0.0,0.0
COL27A1,0.3478614,0.0,0.0
COL28A1,0.2238742,0.0,-1.0
COL2A1,0.53743654,1.0,1.0
COL3A1,0.5606539,1.0,-1.0
COL4A1,0.57841504,1.0,-1.0
COL4A2,0.5306691,1.0,-1.0
COL4A3,0.3762,0.0,-1.0
COL4A4,0.3632855,0.0,-1.0
COL4A5,0.5115118,1.0,-1.0
COL4A6,0.38658538,0.0,-1.0
COL5A1,0.5397238,1.0,-1.0
COL5A2,0.5079108,1.0,-1.0
COL5A3,0.40975222,0.0,-1.0
COL6A1,0.5134656,1.0,-1.0
COL6A2,0.4901939,0.0,-1.0
COL6A3,0.52444595,1.0,-1.0
COL6A4P1,0.14254265,0.0,0.0
COL6A5,0.28137824,0.0,-1.0
COL6A6,0.27715492,0.0,-1.0
COL7A1,0.40952513,0.0,-1.0
COL8A1,0.2737909,0.0,0.0
COL8A2,0.411501,0.0,-1.0
COL9A1,0.36897,0.0,-1.0
COL9A2,0.33157668,0.0,-1.0
COL9A3,0.34708217,0.0,-1.0
COLCA2,0.11292082,0.0,0.0
COLEC10,0.20098938,0.0,0.0
COLEC11,0.15119511,0.0,0.0
COLEC12,0.3019968,0.0,0.0
COLGALT1,0.30096874,0.0,0.0
COLGALT2,0.23552236,0.0,0.0
COLQ,0.4566698,0.0,-1.0
COMMD1,0.29969326,0.0,0.0
COMMD10,0.1640843,0.0,0.0
COMMD2,0.25511515,0.0,0.0
COMMD3,0.20846198,0.0,0.0
COMMD3-BMI1,0.3640674,0.0,-1.0
COMMD4,0.26727414,0.0,0.0
COMMD5,0.06846182,0.0,0.0
COMMD6,0.1783751,0.0,0.0
COMMD7,0.16340595,0.0,0.0
COMMD8,0.17317463,0.0,0.0
COMMD9,0.12199757,0.0,0.0
COMP,0.51574284,1.0,-1.0
COMT,0.4062245,0.0,0.0
COMTD1,0.18107884,0.0,0.0
COP,0.0020781218,0.0,0.0
COP1,0.37282217,0.0,1.0
COPA,0.48965445,0.0,0.0
COPB1,0.42556265,0.0,0.0
COPB2,0.3624444,0.0,-1.0
COPE,0.3568965,0.0,0.0
COPG1,0.38489637,0.0,0.0
COPG2,0.27945292,0.0,0.0
COPRS,0.18240592,0.0,0.0
COPS2,0.3956099,0.0,-1.0
COPS3,0.27415404,0.0,0.0
COPS4,0.29630172,0.0,0.0
COPS5,0.43617857,0.0,0.0
COPS6,0.33664307,0.0,0.0
COPS7A,0.20979773,0.0,0.0
COPS7B,0.20751932,0.0,0.0
COPS8,0.28392482,0.0,0.0
COPS9,0.094041765,0.0,0.0
COPZ1,0.22601607,0.0,0.0
COPZ2,0.31988412,0.0,0.0
COQ10A,0.1381181,0.0,0.0
COQ10B,0.2026934,0.0,-1.0
COQ2,0.2151814,0.0,0.0
COQ3,0.14651972,0.0,0.0
COQ4,0.15150073,0.0,0.0
COQ5,0.16039059,0.0,0.0
COQ6,0.21671222,0.0,0.0
COQ7,0.23497002,0.0,0.0
COQ8A,0.28001577,0.0,-1.0
COQ8B,0.26636282,0.0,0.0
COQ9,0.14010149,0.0,0.0
CORD1,0.020199135,0.0,0.0
CORIN,0.31415236,0.0,0.0
CORO1A,0.42914116,0.0,-1.0
CORO1B,0.3703298,0.0,0.0
CORO1C,0.42560765,0.0,-1.0
CORO2A,0.3635189,0.0,-1.0
CORO2B,0.3060683,0.0,-1.0
CORO6,0.29738513,0.0,0.0
CORO7,0.20055422,0.0,0.0
CORO7-PAM16,0.15351386,0.0,0.0
CORT,0.38253903,0.0,0.0
COTL1,0.29176503,0.0,-1.0
COTL1P1,3.480258e-05,0.0,0.0
COX10,0.21014087,0.0,-1.0
COX11,0.23276782,0.0,0.0
COX14,0.08558347,0.0,0.0
COX15,0.17017376,0.0,-1.0
COX16,0.07917214,0.0,0.0
COX17,0.13802345,0.0,0.0
COX18,0.19398315,0.0,0.0
COX19,0.11944917,0.0,-1.0
COX20,0.13242051,0.0,0.0
COX4I1,0.30105525,0.0,0.0
COX4I2,0.18140472,0.0,-1.0
COX5A,0.4630802,0.0,0.0
COX5B,0.19846906,0.0,0.0
COX6A1,0.14843236,0.0,0.0
COX6A2,0.27196422,0.0,0.0
COX6B1,0.27246568,0.0,-1.0
COX6B2,0.076659665,0.0,0.0
COX6C,0.23480335,0.0,-1.0
COX7A1,0.30520236,0.0,0.0
COX7A2,0.11660448,0.0,0.0
COX7A2L,0.12709759,0.0,0.0
COX7B,0.09658208,0.0,0.0
COX7B2,0.13013904,0.0,0.0
COX7C,0.12327288,0.0,-1.0
COX8A,0.21186176,0.0,0.0
COX8C,0.0747684,0.0,0.0
CP,0.40389773,0.0,0.0
CPA1,0.35722414,0.0,0.0
CPA2,0.30665252,0.0,0.0
CPA3,0.3148919,0.0,0.0
CPA4,0.2709311,0.0,0.0
CPA5,0.18318515,0.0,0.0
CPA6,0.26459116,0.0,-1.0
CPAMD8,0.1690239,0.0,0.0
CPB1,0.3937319,0.0,0.0
CPB2,0.2761406,0.0,0.0
CPD,0.3471285,0.0,0.0
CPE,0.51275605,1.0,0.0
CPEB1,0.21815462,0.0,-1.0
CPEB2,0.16215268,0.0,-1.0
CPEB3,0.3396235,0.0,1.0
CPEB4,0.3682959,0.0,-1.0
CPED1,0.25671902,0.0,0.0
CPLANE1,0.41606188,0.0,0.0
CPLANE2,0.35326633,0.0,0.0
CPLX1,0.2374191,0.0,0.0
CPLX2,0.2761009,0.0,-1.0
CPLX3,0.19864343,0.0,0.0
CPLX4,0.16936323,0.0,0.0
CPM,0.37765396,0.0,-1.0
CPN1,0.31559852,0.0,0.0
CPN2,0.34276384,0.0,0.0
CPNE1,0.2109987,0.0,-1.0
CPNE2,0.281536,0.0,0.0
CPNE3,0.2735509,0.0,0.0
CPNE4,0.12996271,0.0,0.0
CPNE5,0.14866444,0.0,-1.0
CPNE6,0.3556785,0.0,0.0
CPNE7,0.25460625,0.0,0.0
CPNE8,0.2655374,0.0,0.0
CPNE9,0.097153574,0.0,0.0
CPO,0.21122168,0.0,0.0
CPOX,0.32308787,0.0,-1.0
CPPED1,0.24033265,0.0,0.0
CPQ,0.33446667,0.0,-1.0
CPS1,0.31298196,0.0,-1.0
CPSF1,0.27318805,0.0,0.0
CPSF2,0.34788057,0.0,0.0
CPSF3,0.3572679,0.0,0.0
CPSF4,0.46473494,0.0,0.0
CPSF4L,0.21031708,0.0,0.0
CPSF6,0.38384926,0.0,0.0
CPSF7,0.3619407,0.0,0.0
CPT1A,0.33047047,0.0,0.0
CPT1B,0.2518051,0.0,0.0
CPT1C,0.21176894,0.0,0.0
CPT2,0.22958332,0.0,0.0
CPTP,0.22662185,0.0,0.0
CPVL,0.44937047,0.0,0.0
CPXCR1,0.10316155,0.0,0.0
CPXM1,0.22462936,0.0,0.0
CPXM2,0.26618877,0.0,-1.0
CPZ,0.30432424,0.0,0.0
CR1,0.51789236,1.0,-1.0
CR1L,0.20637938,0.0,-1.0
CR2,0.47125444,0.0,-1.0
CRABP1,0.32464623,0.0,-1.0
CRABP2,0.37081775,0.0,-1.0
CRACD,0.26454362,0.0,-1.0
CRACDL,0.25423527,0.0,0.0
CRACR2A,0.18329261,0.0,0.0
CRACR2B,0.14777972,0.0,0.0
CRADD,0.2529546,0.0,-1.0
CRAMP1,0.05983963,0.0,0.0
CRAT,0.2430518,0.0,0.0
CRB1,0.30655214,0.0,-1.0
CRB2,0.25614008,0.0,-1.0
CRB3,0.20898336,0.0,-1.0
CRBN,0.30296126,0.0,1.0
CRCP,0.18211958,0.0,0.0
CRCT1,0.032217167,0.0,0.0
CREB1,0.6948894,1.0,1.0
CREB3,0.27162918,0.0,-1.0
CREB3L1,0.23925443,0.0,1.0
CREB3L2,0.31774107,0.0,1.0
CREB3L3,0.25648525,0.0,-1.0
CREB3L4,0.32775426,0.0,-1.0
CREB5,0.29703563,0.0,-1.0
CREBBP,0.6583334,1.0,1.0
CREBL2,0.27737033,0.0,0.0
CREBRF,0.35295847,0.0,0.0
CREBZF,0.25327644,0.0,-1.0
CREG1,0.25777093,0.0,-1.0
CREG2,0.2167601,0.0,0.0
CRELD1,0.26084527,0.0,-1.0
CRELD2,0.17385067,0.0,-1.0
CREM,0.5409851,1.0,0.0
CRH,0.5021549,1.0,0.0
CRHBP,0.30362067,0.0,0.0
CRHR1,0.37213576,0.0,0.0
CRHR2,0.29642817,0.0,0.0
CRIM1,0.24651396,0.0,0.0
CRIP1,0.21782932,0.0,0.0
CRIP2,0.24899606,0.0,-1.0
CRIP3,0.16420625,0.0,0.0
CRIPAK,0.15365301,0.0,0.0
CRIPT,0.33744654,0.0,0.0
CRISP1,0.004340686,0.0,0.0
CRISP2,0.07704576,0.0,0.0
CRISP3,0.15027192,0.0,0.0
CRISPLD1,0.23603919,0.0,-1.0
CRISPLD2,0.4486852,0.0,0.0
CRK,0.6095807,1.0,-1.0
CRKL,0.5130395,1.0,1.0
CRLF1,0.29619843,0.0,0.0
CRLF2,0.30631873,0.0,1.0
CRLF3,0.42373756,0.0,0.0
CRLS1,0.22249933,0.0,0.0
CRMP1,0.31534475,0.0,0.0
CRNKL1,0.34037983,0.0,1.0
CRNN,0.14612961,0.0,0.0
CROCC,0.34619334,0.0,0.0
CROCCP2,0.22138683,0.0,0.0
CROT,0.3401624,0.0,0.0
CRP,0.55407566,1.0,-1.0
CRPPA,0.206161,0.0,0.0
CRSP5,0.018131103,0.0,0.0
CRTAC1,0.24104352,0.0,0.0
CRTAM,0.25914013,0.0,-1.0
CRTAP,0.336398,0.0,-1.0
CRTC1,0.45537284,0.0,1.0
CRTC2,0.48961133,0.0,-1.0
CRTC3,0.4571516,0.0,1.0
CRX,0.3907746,0.0,-1.0
CRY1,0.41363916,0.0,0.0
CRY2,0.26381406,0.0,0.0
CRYAA,0.22670391,0.0,-1.0
CRYAB,0.34428585,0.0,-1.0
CRYBA1,0.30162778,0.0,0.0
CRYBA2,0.19929399,0.0,0.0
CRYBA4,0.29376355,0.0,0.0
CRYBB1,0.29648924,0.0,0.0
CRYBB2,0.26850453,0.0,0.0
CRYBB2P1,0.022639474,0.0,0.0
CRYBB3,0.29588073,0.0,0.0
CRYBG1,0.2480009,0.0,0.0
CRYBG2,0.13734941,0.0,0.0
CRYBG3,0.2175071,0.0,0.0
CRYGA,0.2335369,0.0,0.0
CRYGB,0.17518,0.0,0.0
CRYGC,0.18680891,0.0,-1.0
CRYGD,0.35268807,0.0,-1.0
CRYGN,0.08131246,0.0,0.0
CRYGS,0.22440806,0.0,0.0
CRYL1,0.26366583,0.0,0.0
CRYM,0.2244438,0.0,0.0
CRYM-AS1,0.0021292889,0.0,0.0
CRYZ,0.31800643,0.0,0.0
CRYZL1,0.26391304,0.0,0.0
CS,0.33971465,0.0,-1.0
CSAD,0.2736792,0.0,0.0
CSAG1,0.07145852,0.0,0.0
CSAG2,0.20663023,0.0,0.0
CSDC2,0.2535555,0.0,0.0
CSDE1,0.33431703,0.0,-1.0
CSE1L,0.42935723,0.0,-1.0
CSF1,0.6038317,1.0,-1.0
CSF1R,0.6097638,1.0,1.0
CSF2,0.633887,1.0,-1.0
CSF2RA,0.45002368,0.0,-1.0
CSF2RB,0.4377681,0.0,-1.0
CSF3,0.61844665,1.0,0.0
CSF3R,0.43418595,0.0,1.0
CSGALNACT1,0.2652922,0.0,0.0
CSGALNACT2,0.23718297,0.0,0.0
CSH1,0.3840353,0.0,-1.0
CSH2,0.4682135,0.0,0.0
CSHL1,0.27049792,0.0,0.0
CSK,0.5418403,1.0,0.0
CSKMT,0.03838652,0.0,0.0
CSMD1,0.22035322,0.0,0.0
CSMD2,0.2529129,0.0,-1.0
CSMD3,0.25245917,0.0,-1.0
CSN1S1,0.3320945,0.0,0.0
CSN2,0.3089668,0.0,0.0
CSN3,0.33647123,0.0,0.0
CSNK1A1,0.5386577,1.0,-1.0
CSNK1A1L,0.36789453,0.0,-1.0
CSNK1D,0.5095189,1.0,-1.0
CSNK1E,0.4565592,0.0,-1.0
CSNK1G1,0.35191622,0.0,0.0
CSNK1G2,0.3806042,0.0,0.0
CSNK1G2-AS1,0.16606267,0.0,0.0
CSNK1G3,0.4034616,0.0,0.0
CSNK2A1,0.4547577,0.0,-1.0
CSNK2A2,0.48814216,0.0,-1.0
CSNK2A3,0.21594442,0.0,-1.0
CSNK2B,0.45299208,0.0,-1.0
CSPG4,0.41808462,0.0,-1.0
CSPG5,0.3887921,0.0,0.0
CSPP1,0.36990225,0.0,0.0
CSRNP1,0.26238045,0.0,0.0
CSRNP2,0.19913656,0.0,0.0
CSRNP3,0.13701546,0.0,0.0
CSRP1,0.30008137,0.0,0.0
CSRP2,0.33001617,0.0,0.0
CSRP3,0.36400124,0.0,-1.0
CST1,0.058673326,0.0,0.0
CST11,0.00017746487,0.0,0.0
CST2,0.07641357,0.0,0.0
CST3,0.4128511,0.0,-1.0
CST4,0.16153327,0.0,0.0
CST5,0.042503715,0.0,0.0
CST6,0.2521271,0.0,-1.0
CST7,0.28581098,0.0,0.0
CST8,0.13470717,0.0,0.0
CST9,0.058853995,0.0,0.0
CST9L,0.05247522,0.0,0.0
CSTA,0.32246277,0.0,-1.0
CSTB,0.43589482,0.0,-1.0
CSTF1,0.27471158,0.0,0.0
CSTF2,0.3237159,0.0,0.0
CSTF2T,0.29109165,0.0,0.0
CSTF3,0.32812244,0.0,0.0
CSTL1,0.08611571,0.0,0.0
CT45A1,0.13811202,0.0,0.0
CT45A10,0.15885225,0.0,0.0
CT45A2,0.15813722,0.0,0.0
CT45A3,0.15063027,0.0,0.0
CT45A5,0.14146215,0.0,0.0
CT45A6,0.15343148,0.0,0.0
CT47A11,0.10921725,0.0,0.0
CT47A5,0.09913395,0.0,0.0
CT47B1,0.09974678,0.0,0.0
CT55,0.0932239,0.0,0.0
CT62,0.092232764,0.0,0.0
CT83,0.13184212,0.0,0.0
CTAG1A,0.16865137,0.0,0.0
CTAG1B,0.2569203,0.0,0.0
CTAG2,0.24792854,0.0,0.0
CTAGE1,0.09045952,0.0,0.0
CTAGE15,0.02302411,0.0,0.0
CTAGE8,0.07386387,0.0,0.0
CTAGE9,0.09614792,0.0,0.0
CTBP1,0.45077172,0.0,-1.0
CTBP1-DT,0.0018717804,0.0,0.0
CTBP2,0.53891087,1.0,-1.0
CTBS,0.2577932,0.0,0.0
CTC1,0.2762364,0.0,0.0
CTCF,0.107142255,0.0,1.0
CTCFL,0.44402757,0.0,-1.0
CTD,0.021836052,0.0,0.0
CTDNEP1,0.24622324,0.0,-1.0
CTDP1,0.29805928,0.0,-1.0
CTDSP1,0.27628922,0.0,-1.0
CTDSP2,0.32506958,0.0,0.0
CTDSPL,0.26013574,0.0,-1.0
CTDSPL2,0.26364753,0.0,0.0
CTF1,0.43375543,0.0,0.0
CTH,0.26905423,0.0,0.0
CTHRC1,0.39716706,0.0,-1.0
CTIF,0.20883864,0.0,-1.0
CTLA4,0.5216208,1.0,1.0
CTNNA1,0.5491458,1.0,-1.0
CTNNA2,0.42976832,0.0,1.0
CTNNA3,0.27745113,0.0,-1.0
CTNNAL1,0.42436147,0.0,0.0
CTNNB1,0.7293917,1.0,1.0
CTNNBIP1,0.42808354,0.0,-1.0
CTNNBL1,0.44288257,0.0,0.0
CTNND1,0.57447684,1.0,1.0
CTNND2,0.39602375,0.0,1.0
CTNS,0.23268372,0.0,-1.0
CTPS1,0.3335731,0.0,0.0
CTPS2,0.24859862,0.0,0.0
CTR9,0.41754568,0.0,1.0
CTRB1,0.26959893,0.0,0.0
CTRB2,0.25977823,0.0,0.0
CTRC,0.3099978,0.0,0.0
CTRL,0.5025835,1.0,0.0
CTSA,0.3905265,0.0,-1.0
CTSB,0.5848374,1.0,-1.0
CTSC,0.601819,1.0,-1.0
CTSD,0.51637715,1.0,-1.0
CTSE,0.37013805,0.0,0.0
CTSF,0.3038244,0.0,0.0
CTSG,0.49123064,0.0,0.0
CTSH,0.3815873,0.0,-1.0
CTSK,0.5954053,1.0,-1.0
CTSL,0.5728931,1.0,-1.0
CTSO,0.4215027,0.0,0.0
CTSS,0.5865794,1.0,-1.0
CTSV,0.39055586,0.0,0.0
CTSW,0.38826042,0.0,0.0
CTSZ,0.29673868,0.0,0.0
CTTN,0.5864514,1.0,-1.0
CTTNBP2,0.37211284,0.0,0.0
CTTNBP2NL,0.29453087,0.0,0.0
CTU1,0.18578692,0.0,0.0
CTU2,0.14483039,0.0,-1.0
CTXN1,0.13068908,0.0,0.0
CTXN2,0.1351287,0.0,0.0
CTXN3,0.13423224,0.0,0.0
CUBN,0.27362826,0.0,-1.0
CUEDC1,0.15242027,0.0,-1.0
CUEDC2,0.124265574,0.0,0.0
CUL1,0.4605002,0.0,-1.0
CUL2,0.47274595,0.0,-1.0
CUL3,0.5248974,1.0,1.0
CUL4A,0.5023669,1.0,-1.0
CUL4B,0.4783415,0.0,-1.0
CUL5,0.4560663,0.0,-1.0
CUL7,0.3892981,0.0,-1.0
CUL9,0.22016932,0.0,-1.0
CUTA,0.16027465,0.0,0.0
CUTC,0.155747,0.0,0.0
CUX1,0.5444785,1.0,1.0
CUX2,0.32226717,0.0,0.0
CUZD1,0.15094896,0.0,0.0
CWC15,0.2553784,0.0,0.0
CWC22,0.39389735,0.0,-1.0
CWC25,0.19721061,0.0,0.0
CWC27,0.2961422,0.0,0.0
CWF19L1,0.28121108,0.0,0.0
CWF19L2,0.3734944,0.0,0.0
CWH43,0.16023757,0.0,-1.0
CX3CL1,0.5711923,1.0,-1.0
CX3CR1,0.49987856,0.0,-1.0
CXADR,0.38740662,0.0,-1.0
CXCL1,0.5360027,1.0,-1.0
CXCL10,0.5134109,1.0,-1.0
CXCL11,0.42606482,0.0,0.0
CXCL12,0.62566066,1.0,-1.0
CXCL13,0.4411703,0.0,0.0
CXCL14,0.43949005,0.0,-1.0
CXCL16,0.34476066,0.0,0.0
CXCL17,0.16746488,0.0,-1.0
CXCL2,0.44515866,0.0,-1.0
CXCL3,0.37254462,0.0,-1.0
CXCL5,0.4200826,0.0,-1.0
CXCL6,0.333627,0.0,0.0
CXCL8,0.63052,1.0,-1.0
CXCL9,0.5066096,1.0,0.0
CXCR1,0.48200777,0.0,-1.0
CXCR2,0.52012247,1.0,-1.0
CXCR3,0.50347006,1.0,-1.0
CXCR4,0.6281367,1.0,1.0
CXCR5,0.41506037,0.0,0.0
CXCR6,0.36903498,0.0,0.0
CXXC1,0.3795478,0.0,0.0
CXXC4,0.22254471,0.0,-1.0
CXXC5,0.36121416,0.0,-1.0
CXorf38,0.20600225,0.0,0.0
CXorf58,0.2192032,0.0,0.0
CXorf66,0.0860046,0.0,0.0
CYB561,0.16574763,0.0,0.0
CYB561A3,0.10937861,0.0,0.0
CYB561D1,0.124439545,0.0,0.0
CYB561D2,0.12607726,0.0,0.0
CYB5A,0.2873935,0.0,-1.0
CYB5B,0.29510337,0.0,0.0
CYB5D1,0.13022159,0.0,0.0
CYB5D2,0.15051475,0.0,0.0
CYB5R1,0.2536064,0.0,0.0
CYB5R2,0.23826468,0.0,0.0
CYB5R3,0.34396383,0.0,-1.0
CYB5R4,0.35026705,0.0,-1.0
CYB5RL,0.0014689742,0.0,0.0
CYBA,0.4425064,0.0,0.0
CYBB,0.53934205,1.0,-1.0
CYBC1,0.11219864,0.0,0.0
CYBRD1,0.39292553,0.0,0.0
CYC1,0.3035567,0.0,0.0
CYCS,0.6625031,1.0,-1.0
CYFIP1,0.3226386,0.0,-1.0
CYFIP2,0.34782922,0.0,0.0
CYGB,0.3697031,0.0,0.0
CYHR1,0.22894122,0.0,0.0
CYLC1,0.14794585,0.0,-1.0
CYLC2,0.13742067,0.0,0.0
CYLD,0.59604007,1.0,1.0
CYP11A1,0.46517977,0.0,0.0
CYP11B1,0.4347031,0.0,-1.0
CYP11B2,0.39006966,0.0,-1.0
CYP17A1,0.4360359,0.0,-1.0
CYP19A1,0.29092905,0.0,1.0
CYP1A1,0.4635938,0.0,-1.0
CYP1A2,0.34646574,0.0,0.0
CYP1B1,0.43661365,0.0,-1.0
CYP20A1,0.2912044,0.0,0.0
CYP21A2,0.34234953,0.0,-1.0
CYP24A1,0.33199972,0.0,-1.0
CYP26A1,0.34699678,0.0,0.0
CYP26B1,0.25805396,0.0,0.0
CYP26C1,0.2480193,0.0,0.0
CYP27A1,0.3962543,0.0,-1.0
CYP27B1,0.37381852,0.0,-1.0
CYP27C1,0.2506504,0.0,-1.0
CYP2A13,0.27529913,0.0,0.0
CYP2A6,0.31880656,0.0,-1.0
CYP2A7,0.30049855,0.0,-1.0
CYP2B6,0.43903443,0.0,0.0
CYP2B7P,0.005438329,0.0,0.0
CYP2C18,0.26491565,0.0,-1.0
CYP2C19,0.30392268,0.0,0.0
CYP2C8,0.24684556,0.0,1.0
CYP2C9,0.3033838,0.0,-1.0
CYP2D6,0.409554,0.0,-1.0
CYP2E1,0.33937398,0.0,-1.0
CYP2F1,0.28172445,0.0,0.0
CYP2J2,0.2885428,0.0,0.0
CYP2R1,0.2664529,0.0,-1.0
CYP2S1,0.2419663,0.0,0.0
CYP2U1,0.23791419,0.0,0.0
CYP2W1,0.2549353,0.0,-1.0
CYP39A1,0.24844578,0.0,0.0
CYP3A4,0.41608116,0.0,0.0
CYP3A43,0.2573911,0.0,0.0
CYP3A5,0.29900423,0.0,0.0
CYP3A7,0.2900332,0.0,0.0
CYP46A1,0.31115568,0.0,0.0
CYP4A11,0.27478513,0.0,-1.0
CYP4A22,0.22206119,0.0,0.0
CYP4B1,0.24869855,0.0,-1.0
CYP4F11,0.2551059,0.0,0.0
CYP4F12,0.29066864,0.0,0.0
CYP4F2,0.2400735,0.0,0.0
CYP4F22,0.2714955,0.0,-1.0
CYP4F3,0.24390803,0.0,0.0
CYP4F8,0.13971964,0.0,0.0
CYP4V2,0.32389867,0.0,0.0
CYP4X1,0.2432876,0.0,0.0
CYP4Z1,0.24196866,0.0,-1.0
CYP4Z2P,0.014570558,0.0,0.0
CYP51A1,0.39866638,0.0,0.0
CYP7A1,0.32231924,0.0,-1.0
CYP7B1,0.32629776,0.0,-1.0
CYP8B1,0.24228534,0.0,0.0
CYREN,0.3793371,0.0,0.0
CYRIA,0.24426015,0.0,-1.0
CYRIB,0.3340979,0.0,0.0
CYS1,0.2572527,0.0,-1.0
CYSLTR1,0.33585948,0.0,0.0
CYSLTR2,0.27016088,0.0,1.0
CYSRT1,0.02588454,0.0,0.0
CYSTM1,0.09353293,0.0,0.0
CYTH1,0.42690527,0.0,0.0
CYTH2,0.302893,0.0,0.0
CYTH3,0.32591558,0.0,0.0
CYTH4,0.37517402,0.0,0.0
CYTIP,0.3714927,0.0,0.0
CYTL1,0.26443052,0.0,0.0
CYTOR,0.030356824,0.0,0.0
CYYR1,0.12469487,0.0,0.0
CZIB,0.094379246,0.0,0.0
D2HGDH,0.21351786,0.0,0.0
DAAM1,0.2736596,0.0,-1.0
DAAM2,0.3205047,0.0,0.0
DAB1,0.27794775,0.0,-1.0
DAB2,0.5435514,1.0,-1.0
DAB2IP,0.33215225,0.0,-1.0
DACH1,0.23606054,0.0,-1.0
DACH2,0.28375572,0.0,-1.0
DACT1,0.48197386,0.0,0.0
DACT2,0.21455893,0.0,0.0
DACT3,0.20608546,0.0,0.0
DAD1,0.20440263,0.0,0.0
DAG1,0.49332672,0.0,-1.0
DAGLA,0.21839264,0.0,-1.0
DAGLB,0.2051934,0.0,0.0
DALRD3,0.2328902,0.0,0.0
DAND5,0.45452577,0.0,0.0
DAO,0.28388476,0.0,-1.0
DAOA,0.23940365,0.0,0.0
DAP,0.3243988,0.0,-1.0
DAP3,0.2640919,0.0,0.0
DAPK1,0.4164959,0.0,-1.0
DAPK2,0.36115363,0.0,-1.0
DAPK3,0.42033628,0.0,-1.0
DAPL1,0.19939716,0.0,0.0
DAPP1,0.23978603,0.0,0.0
DARS1,0.34616345,0.0,0.0
DARS2,0.3067731,0.0,0.0
DAW1,0.12626892,0.0,0.0
DAXX,0.46986315,0.0,1.0
DAZ1,0.29122725,0.0,-1.0
DAZ2,0.25466436,0.0,-1.0
DAZ3,0.2630067,0.0,-1.0
DAZ4,0.28433475,0.0,-1.0
DAZAP1,0.34801456,0.0,-1.0
DAZAP2,0.22662792,0.0,0.0
DAZL,0.21285595,0.0,0.0
DBF4,0.4419224,0.0,0.0
DBF4B,0.28493178,0.0,0.0
DBH,0.32363355,0.0,0.0
DBI,0.38773867,0.0,-1.0
DBIL5P,0.0029577778,0.0,0.0
DBN1,0.41725087,0.0,-1.0
DBNDD1,0.10507509,0.0,0.0
DBNDD2,0.14833513,0.0,0.0
DBNL,0.30180866,0.0,0.0
DBP,0.25106242,0.0,0.0
DBR1,0.25580096,0.0,-1.0
DBT,0.42692924,0.0,-1.0
DBX1,3.795635e-07,0.0,0.0
DBX2,0.23706143,0.0,0.0
DCAF1,0.25191128,0.0,-1.0
DCAF10,0.17935844,0.0,0.0
DCAF11,0.1930472,0.0,0.0
DCAF12,0.15492474,0.0,0.0
DCAF12L1,0.1962036,0.0,0.0
DCAF12L2,0.14410913,0.0,1.0
DCAF13,0.18603382,0.0,0.0
DCAF15,0.21574947,0.0,-1.0
DCAF16,0.1925278,0.0,0.0
DCAF17,0.22082509,0.0,0.0
DCAF4,0.18893176,0.0,0.0
DCAF4L1,0.088294856,0.0,0.0
DCAF4L2,0.08843533,0.0,-1.0
DCAF5,0.15910698,0.0,0.0
DCAF6,0.34415668,0.0,0.0
DCAF7,0.371074,0.0,0.0
DCAF8,0.2286769,0.0,0.0
DCAF8L1,0.10800002,0.0,0.0
DCAF8L2,0.12802145,0.0,0.0
DCAKD,0.20726596,0.0,0.0
DCANP1,0.09461184,0.0,0.0
DCBLD1,0.17374599,0.0,0.0
DCBLD2,0.28522637,0.0,0.0
DCC,0.34702107,0.0,1.0
DCD,0.33731836,0.0,0.0
DCDC1,0.24169591,0.0,0.0
DCDC2,0.24523927,0.0,-1.0
DCDC2B,0.21329187,0.0,0.0
DCHS1,0.4265138,0.0,-1.0
DCHS2,0.35181215,0.0,0.0
DCK,0.4923833,0.0,-1.0
DCLK1,0.48701373,0.0,-1.0
DCLK2,0.38502252,0.0,0.0
DCLK3,0.4466728,0.0,0.0
DCLRE1A,0.30958197,0.0,-1.0
DCLRE1B,0.34372213,0.0,0.0
DCLRE1C,0.4179436,0.0,-1.0
DCN,0.61224204,1.0,-1.0
DCP1A,0.2758967,0.0,0.0
DCP1B,0.28342292,0.0,0.0
DCP2,0.4132342,0.0,0.0
DCPS,0.24624372,0.0,0.0
DCST1,0.1414447,0.0,0.0
DCST2,0.1720872,0.0,0.0
DCSTAMP,0.35483903,0.0,-1.0
DCT,0.46457267,0.0,0.0
DCTD,0.26005694,0.0,-1.0
DCTN1,0.46839726,0.0,1.0
DCTN2,0.4100369,0.0,0.0
DCTN3,0.21631111,0.0,0.0
DCTN4,0.31165674,0.0,0.0
DCTN5,0.26206037,0.0,0.0
DCTN6,0.23662871,0.0,0.0
DCTPP1,0.18998863,0.0,0.0
DCUN1D1,0.113660984,0.0,1.0
DCUN1D2,0.14237563,0.0,0.0
DCUN1D3,0.18566443,0.0,0.0
DCUN1D4,0.23988129,0.0,0.0
DCUN1D5,0.25482348,0.0,0.0
DCX,0.27444923,0.0,-1.0
DCXR,0.34989402,0.0,0.0
DDA1,0.22424214,0.0,0.0
DDAH1,0.24722774,0.0,0.0
DDAH2,0.3494531,0.0,0.0
DDB1,0.49181563,0.0,0.0
DDB2,0.3679716,0.0,1.0
DDC,0.35295177,0.0,-1.0
DDHD1,0.26914245,0.0,0.0
DDHD2,0.23544112,0.0,0.0
DDI1,0.13422804,0.0,0.0
DDI2,0.2586028,0.0,0.0
DDIAS,0.32307193,0.0,0.0
DDIT3,0.46317124,0.0,1.0
DDIT4,0.35673603,0.0,-1.0
DDIT4L,0.19285084,0.0,0.0
DDN,0.3998795,0.0,0.0
DDO,0.287245,0.0,0.0
DDOST,0.32710534,0.0,0.0
DDR1,0.4784964,0.0,-1.0
DDR2,0.46291476,0.0,1.0
DDRGK1,0.30907136,0.0,0.0
DDT,0.36874,0.0,0.0
DDTL,0.15975499,0.0,0.0
DDX1,0.33778238,0.0,-1.0
DDX10,0.33349463,0.0,1.0
DDX11,0.35074005,0.0,0.0
DDX11L2,0.04801568,0.0,0.0
DDX11L8,0.1439713,0.0,0.0
DDX12P,0.019792836,0.0,0.0
DDX17,0.46087548,0.0,-1.0
DDX18,0.3982435,0.0,-1.0
DDX19A,0.19233716,0.0,0.0
DDX19B,0.2431587,0.0,0.0
DDX20,0.34605715,0.0,-1.0
DDX21,0.46403185,0.0,0.0
DDX23,0.31603283,0.0,-1.0
DDX24,0.3042441,0.0,0.0
DDX25,0.09629243,0.0,-1.0
DDX27,0.33971006,0.0,-1.0
DDX28,0.16008759,0.0,0.0
DDX31,0.2881098,0.0,0.0
DDX39A,0.43545994,0.0,0.0
DDX39B,0.39025268,0.0,0.0
DDX3X,0.4635872,0.0,1.0
DDX3Y,0.4320498,0.0,-1.0
DDX4,0.27452528,0.0,1.0
DDX41,0.6085692,1.0,1.0
DDX42,0.32505083,0.0,0.0
DDX43,0.31456622,0.0,-1.0
DDX46,0.350985,0.0,0.0
DDX47,0.29780886,0.0,0.0
DDX49,0.23025435,0.0,0.0
DDX5,0.49960887,0.0,1.0
DDX50,0.35331208,0.0,-1.0
DDX51,0.22295533,0.0,-1.0
DDX52,0.2910422,0.0,0.0
DDX53,0.26855558,0.0,0.0
DDX54,0.35453007,0.0,-1.0
DDX55,0.17547925,0.0,-1.0
DDX56,0.2784355,0.0,0.0
DDX58,0.47503516,0.0,-1.0
DDX59,0.2768512,0.0,0.0
DDX6,0.3553921,0.0,1.0
DDX60,0.29447377,0.0,0.0
DDX60L,0.2688537,0.0,-1.0
DEAF1,0.22356406,0.0,0.0
DECR1,0.6254812,1.0,0.0
DECR2,0.26443285,0.0,0.0
DEDD,0.29051176,0.0,0.0
DEDD2,0.20439719,0.0,0.0
DEF6,0.3251065,0.0,0.0
DEF8,0.1650007,0.0,0.0
DEFA1,0.10550423,0.0,-1.0
DEFA1B,0.07646972,0.0,-1.0
DEFA3,0.0014152748,0.0,-1.0
DEFA4,0.0059994366,0.0,-1.0
DEFA5,0.01587528,0.0,-1.0
DEFA6,0.029877404,0.0,-1.0
DEFB1,0.0058872164,0.0,-1.0
DEFB103A,0.010469808,0.0,0.0
DEFB103B,0.009712002,0.0,0.0
DEFB104A,1.7135413e-05,0.0,0.0
DEFB104B,1.1033777e-05,0.0,0.0
DEFB105A,2.3838652e-06,0.0,0.0
DEFB105B,5.683026e-06,0.0,0.0
DEFB106A,8.2058654e-07,0.0,0.0
DEFB106B,8.3023326e-07,0.0,0.0
DEFB107A,4.600184e-06,0.0,0.0
DEFB107B,3.2621263e-06,0.0,0.0
DEFB108B,1.114028e-06,0.0,0.0
DEFB110,5.527078e-07,0.0,0.0
DEFB112,8.42793e-07,0.0,0.0
DEFB113,2.200231e-06,0.0,0.0
DEFB114,1.0645236e-06,0.0,0.0
DEFB115,1.8265558e-06,0.0,-1.0
DEFB116,4.061432e-06,0.0,0.0
DEFB118,1.456997e-06,0.0,0.0
DEFB119,3.1831107e-05,0.0,0.0
DEFB121,1.3861899e-05,0.0,0.0
DEFB123,0.0019240489,0.0,0.0
DEFB124,3.0974432e-05,0.0,0.0
DEFB125,7.609398e-07,0.0,0.0
DEFB126,5.285811e-06,0.0,0.0
DEFB127,3.071562e-06,0.0,0.0
DEFB128,3.6505887e-07,0.0,0.0
DEFB129,2.2209244e-06,0.0,-1.0
DEFB130B,5.2000223e-06,0.0,0.0
DEFB131A,2.4468494e-07,0.0,0.0
DEFB132,2.4886883e-06,0.0,0.0
DEFB134,0.002237786,0.0,0.0
DEFB135,6.19174e-07,0.0,0.0
DEFB136,1.9451004e-06,0.0,0.0
DEFB4A,0.02227206,0.0,0.0
DEFB4B,0.032982364,0.0,0.0
DEGS1,0.34145176,0.0,0.0
DEGS2,0.23835613,0.0,0.0
DEK,0.4760442,0.0,1.0
DELE1,0.43062198,0.0,0.0
DENND10,0.14792971,0.0,0.0
DENND10P1,0.08561906,0.0,0.0
DENND11,0.0913348,0.0,-1.0
DENND1A,0.31005275,0.0,0.0
DENND1B,0.3023963,0.0,0.0
DENND1C,0.26737866,0.0,0.0
DENND2A,0.22896844,0.0,0.0
DENND2B,0.35148913,0.0,-1.0
DENND2C,0.09765158,0.0,0.0
DENND2D,0.2464078,0.0,0.0
DENND3,0.30898988,0.0,0.0
DENND4A,0.3928423,0.0,0.0
DENND4B,0.19537333,0.0,-1.0
DENND4C,0.28819165,0.0,0.0
DENND5A,0.31220028,0.0,0.0
DENND5B,0.16024685,0.0,0.0
DENND6A,0.31535324,0.0,0.0
DENND6B,0.15956664,0.0,0.0
DENR,0.25128183,0.0,-1.0
DEPDC1,0.42499122,0.0,0.0
DEPDC1B,0.3987057,0.0,0.0
DEPDC4,0.14580394,0.0,-1.0
DEPDC5,0.3192469,0.0,-1.0
DEPDC7,0.24606277,0.0,0.0
DEPP1,0.47288358,0.0,0.0
DEPTOR,0.2897024,0.0,0.0
DERA,0.3301144,0.0,0.0
DERL1,0.3676922,0.0,-1.0
DERL2,0.27177718,0.0,0.0
DERL3,0.2637348,0.0,0.0
DES,0.5893087,1.0,-1.0
DESI1,0.24214363,0.0,0.0
DESI2,0.3762914,0.0,0.0
DET1,0.25132772,0.0,0.0
DEUP1,0.09317933,0.0,0.0
DEXI,0.13387528,0.0,0.0
DFFA,0.31928024,0.0,0.0
DFFB,0.277227,0.0,0.0
DGAT1,0.24729475,0.0,0.0
DGAT2,0.21749793,0.0,0.0
DGAT2L6,0.17020777,0.0,-1.0
DGCR2,0.2332002,0.0,0.0
DGCR6,0.23188849,0.0,0.0
DGCR6L,0.2820585,0.0,0.0
DGCR8,0.4213265,0.0,1.0
DGKA,0.3552915,0.0,-1.0
DGKB,0.24083021,0.0,-1.0
DGKD,0.2230114,0.0,-1.0
DGKE,0.21356544,0.0,-1.0
DGKG,0.26891804,0.0,-1.0
DGKH,0.22605217,0.0,-1.0
DGKI,0.19800134,0.0,-1.0
DGKK,0.22279204,0.0,-1.0
DGKQ,0.26080927,0.0,-1.0
DGKZ,0.29171413,0.0,-1.0
DGLUCY,0.18669926,0.0,0.0
DGUOK,0.35905764,0.0,0.0
DHCR24,0.4060789,0.0,0.0
DHCR7,0.3961381,0.0,-1.0
DHDDS,0.3214095,0.0,-1.0
DHDH,0.28085905,0.0,0.0
DHFR,0.57416594,1.0,-1.0
DHFR2,0.28703383,0.0,0.0
DHH,0.43640438,0.0,-1.0
DHODH,0.24104974,0.0,-1.0
DHPS,0.2122855,0.0,0.0
DHRS1,0.19039905,0.0,-1.0
DHRS11,0.17521074,0.0,0.0
DHRS12,0.24093525,0.0,0.0
DHRS13,0.24726208,0.0,0.0
DHRS2,0.2681806,0.0,0.0
DHRS3,0.26123807,0.0,-1.0
DHRS4,0.1646775,0.0,0.0
DHRS4-AS1,0.0021292889,0.0,0.0
DHRS4L1,0.054966908,0.0,0.0
DHRS4L2,0.23085381,0.0,0.0
DHRS7,0.26180446,0.0,0.0
DHRS7B,0.30522022,0.0,0.0
DHRS7C,0.22763185,0.0,0.0
DHRS9,0.20984653,0.0,0.0
DHRSX,0.2287444,0.0,0.0
DHTKD1,0.2526574,0.0,-1.0
DHX15,0.4033282,0.0,-1.0
DHX16,0.32274044,0.0,-1.0
DHX29,0.3356088,0.0,0.0
DHX30,0.34417,0.0,-1.0
DHX32,0.2259955,0.0,0.0
DHX33,0.28185433,0.0,0.0
DHX34,0.2239297,0.0,0.0
DHX35,0.2980024,0.0,-1.0
DHX36,0.4018634,0.0,-1.0
DHX37,0.28861025,0.0,0.0
DHX38,0.294404,0.0,0.0
DHX40,0.27198568,0.0,0.0
DHX57,0.17767201,0.0,0.0
DHX58,0.3455631,0.0,-1.0
DHX8,0.40290537,0.0,0.0
DHX9,0.4972807,0.0,-1.0
DIABLO,0.4020391,0.0,-1.0
DIAPH1,0.42669457,0.0,-1.0
DIAPH2,0.41609418,0.0,-1.0
DIAPH3,0.4496516,0.0,0.0
DICER1,0.60853994,1.0,1.0
DIDO1,0.3024773,0.0,0.0
DIMT1,0.28249967,0.0,0.0
DIO1,0.25702345,0.0,0.0
DIO2,0.35021898,0.0,-1.0
DIO3,0.2862859,0.0,0.0
DIP2A,0.34582368,0.0,0.0
DIP2B,0.35481104,0.0,0.0
DIP2C,0.24052702,0.0,-1.0
DIPK1A,0.18318705,0.0,0.0
DIPK1B,0.10184864,0.0,0.0
DIPK1C,0.12519495,0.0,0.0
DIPK2A,0.19787095,0.0,0.0
DIPK2B,0.29370824,0.0,0.0
DIRAS1,0.331089,0.0,0.0
DIRAS2,0.360149,0.0,0.0
DIRAS3,0.37826943,0.0,-1.0
DIRC1,0.16852292,0.0,-1.0
DIRC3,0.21521962,0.0,-1.0
DIS3,0.3993688,0.0,1.0
DIS3L,0.30192477,0.0,0.0
DIS3L2,0.35696632,0.0,-1.0
DISC1,0.36213708,0.0,0.0
DISC2,0.01909951,0.0,0.0
DISP1,0.24992515,0.0,-1.0
DISP2,0.11274755,0.0,-1.0
DISP3,0.13020228,0.0,-1.0
DIXDC1,0.28848732,0.0,0.0
DKC1,0.40561283,0.0,-1.0
DKK1,0.55450857,1.0,-1.0
DKK2,0.33706716,0.0,-1.0
DKK3,0.46091884,0.0,-1.0
DKK4,0.3253919,0.0,-1.0
DKKL1,0.109840214,0.0,0.0
DLAT,0.31657383,0.0,-1.0
DLC1,0.33332047,0.0,-1.0
DLD,0.3563705,0.0,-1.0
DLEC1,0.43931267,0.0,-1.0
DLEU1,0.31455806,0.0,-1.0
DLEU2,0.02018092,0.0,-1.0
DLG1,0.48362184,0.0,-1.0
DLG2,0.37789854,0.0,-1.0
DLG3,0.3958615,0.0,-1.0
DLG4,0.36679336,0.0,0.0
DLG5,0.39424884,0.0,0.0
DLGAP1,0.3163203,0.0,-1.0
DLGAP1-AS1,0.2779241,0.0,0.0
DLGAP2,0.2852096,0.0,0.0
DLGAP3,0.23764727,0.0,0.0
DLGAP4,0.21019475,0.0,0.0
DLGAP5,0.4405393,0.0,-1.0
DLK1,0.42914534,0.0,-1.0
DLK2,0.2945429,0.0,0.0
DLL1,0.56335837,1.0,-1.0
DLL3,0.45224333,0.0,-1.0
DLL4,0.5117118,1.0,-1.0
DLST,0.29516703,0.0,-1.0
DLX1,0.4270314,0.0,0.0
DLX2,0.442006,0.0,-1.0
DLX3,0.35811168,0.0,-1.0
DLX4,0.38025954,0.0,-1.0
DLX5,0.5050472,1.0,-1.0
DLX6,0.39696798,0.0,-1.0
DLX6-AS1,0.00035064932,0.0,0.0
DMAC1,0.10672859,0.0,0.0
DMAC2,0.13020916,0.0,0.0
DMAC2L,0.2163505,0.0,0.0
DMAP1,0.38333112,0.0,0.0
DMBT1,0.34200746,0.0,-1.0
DMBX1,0.3087997,0.0,0.0
DMC1,0.35935426,0.0,0.0
DMD,0.57661724,1.0,-1.0
DMGDH,0.21648824,0.0,0.0
DMKN,0.04985243,0.0,0.0
DMP1,0.24046966,0.0,-1.0
DMPK,0.36591762,0.0,-1.0
DMRT1,0.1278478,0.0,0.0
DMRT2,0.22712001,0.0,0.0
DMRT3,0.13145684,0.0,0.0
DMRTA1,0.3681856,0.0,0.0
DMRTA2,0.17158458,0.0,0.0
DMRTB1,0.06248287,0.0,0.0
DMRTC1B,8.3709786e-08,0.0,0.0
DMRTC2,0.053654138,0.0,0.0
DMTF1,0.41041705,0.0,-1.0
DMTN,0.37511235,0.0,0.0
DMWD,0.28930628,0.0,0.0
DMXL1,0.4037452,0.0,-1.0
DMXL2,0.33953398,0.0,-1.0
DNA2,0.43617827,0.0,0.0
DNAAF1,0.13640203,0.0,-1.0
DNAAF10,0.2879762,0.0,0.0
DNAAF11,0.3546711,0.0,0.0
DNAAF2,0.30675516,0.0,-1.0
DNAAF3,0.22489981,0.0,0.0
DNAAF4,0.3097445,0.0,-1.0
DNAAF5,0.24844329,0.0,-1.0
DNAAF6,0.18007368,0.0,0.0
DNAAF8,0.08840397,0.0,0.0
DNAAF9,0.20325224,0.0,0.0
DNAH1,0.28352565,0.0,-1.0
DNAH10,0.26721457,0.0,0.0
DNAH11,0.3632998,0.0,-1.0
DNAH12,0.2686133,0.0,-1.0
DNAH14,0.2180973,0.0,-1.0
DNAH17,0.2550078,0.0,0.0
DNAH2,0.25620016,0.0,-1.0
DNAH3,0.2758544,0.0,-1.0
DNAH5,0.27515477,0.0,-1.0
DNAH6,0.28103966,0.0,0.0
DNAH7,0.3171123,0.0,-1.0
DNAH8,0.6557848,1.0,-1.0
DNAH9,0.28110254,0.0,-1.0
DNAI1,0.362316,0.0,-1.0
DNAI2,0.09985525,0.0,-1.0
DNAI3,0.08671095,0.0,0.0
DNAI4,0.19999911,0.0,0.0
DNAI7,0.09268786,0.0,0.0
DNAJA1,0.49194485,0.0,0.0
DNAJA2,0.43784443,0.0,0.0
DNAJA3,0.39823076,0.0,-1.0
DNAJA4,0.33563626,0.0,0.0
DNAJB1,0.47409067,0.0,1.0
DNAJB11,0.37449723,0.0,0.0
DNAJB12,0.30310926,0.0,0.0
DNAJB13,0.26332507,0.0,0.0
DNAJB14,0.39462042,0.0,0.0
DNAJB2,0.3430936,0.0,-1.0
DNAJB3,0.24616264,0.0,0.0
DNAJB4,0.36306363,0.0,0.0
DNAJB5,0.30481058,0.0,0.0
DNAJB6,0.41384277,0.0,0.0
DNAJB7,0.30308223,0.0,0.0
DNAJB8,0.18434887,0.0,0.0
DNAJB9,0.31608477,0.0,-1.0
DNAJC1,0.23869713,0.0,0.0
DNAJC10,0.3815524,0.0,0.0
DNAJC11,0.30432308,0.0,0.0
DNAJC12,0.21670924,0.0,0.0
DNAJC13,0.39999148,0.0,0.0
DNAJC14,0.21822676,0.0,0.0
DNAJC15,0.20734721,0.0,0.0
DNAJC16,0.31918532,0.0,0.0
DNAJC17,0.20849612,0.0,0.0
DNAJC18,0.19243635,0.0,0.0
DNAJC19,0.14942345,0.0,-1.0
DNAJC2,0.29344413,0.0,0.0
DNAJC21,0.23177274,0.0,0.0
DNAJC22,0.2805173,0.0,0.0
DNAJC24,0.3040586,0.0,-1.0
DNAJC25,0.27677897,0.0,0.0
DNAJC25-GNG10,0.28880832,0.0,0.0
DNAJC27,0.3515674,0.0,0.0
DNAJC28,0.19828199,0.0,-1.0
DNAJC3,0.31302503,0.0,0.0
DNAJC30,0.27859896,0.0,0.0
DNAJC4,0.30239666,0.0,0.0
DNAJC5,0.3295689,0.0,-1.0
DNAJC5B,0.18112312,0.0,0.0
DNAJC5G,0.16724177,0.0,0.0
DNAJC6,0.40521914,0.0,-1.0
DNAJC7,0.42035523,0.0,0.0
DNAJC8,0.20537153,0.0,0.0
DNAJC9,0.40471655,0.0,-1.0
DNAL1,0.35542548,0.0,-1.0
DNAL4,0.2300834,0.0,-1.0
DNALI1,0.2096027,0.0,0.0
DNASE1,0.42608604,0.0,-1.0
DNASE1L1,0.21929413,0.0,0.0
DNASE1L2,0.27666074,0.0,0.0
DNASE1L3,0.2748394,0.0,-1.0
DNASE2,0.28526175,0.0,0.0
DNASE2B,0.14768492,0.0,0.0
DND1,0.25559044,0.0,-1.0
DNER,0.33644095,0.0,-1.0
DNHD1,0.2770221,0.0,0.0
DNLZ,0.18164141,0.0,0.0
DNM1,0.5236342,1.0,0.0
DNM1L,0.47739768,0.0,0.0
DNM2,0.6286944,1.0,1.0
DNM3,0.25611833,0.0,0.0
DNMBP,0.30962148,0.0,-1.0
DNMT1,0.58455765,1.0,1.0
DNMT3A,0.46809584,0.0,1.0
DNMT3B,0.5302327,1.0,1.0
DNMT3L,0.3080469,0.0,0.0
DNPEP,0.19079818,0.0,0.0
DNPH1,0.34497017,0.0,0.0
DNTT,0.65120876,1.0,0.0
DNTTIP1,0.27904463,0.0,0.0
DNTTIP2,0.263539,0.0,0.0
DOC2A,0.20571876,0.0,0.0
DOC2B,0.27850664,0.0,0.0
DOC2GP,0.0038412502,0.0,0.0
DOCK1,0.43722916,0.0,-1.0
DOCK10,0.33971462,0.0,0.0
DOCK11,0.4248462,0.0,0.0
DOCK2,0.34054744,0.0,-1.0
DOCK3,0.27471626,0.0,0.0
DOCK4,0.34484935,0.0,-1.0
DOCK5,0.40910897,0.0,0.0
DOCK6,0.30510905,0.0,0.0
DOCK7,0.40726578,0.0,0.0
DOCK8,0.37419432,0.0,-1.0
DOCK8-AS1,0.0617939,0.0,0.0
DOCK9,0.2891871,0.0,0.0
DOHH,0.21272959,0.0,0.0
DOK1,0.34870464,0.0,0.0
DOK2,0.36535108,0.0,0.0
DOK3,0.31531122,0.0,0.0
DOK4,0.25224796,0.0,0.0
DOK5,0.26551977,0.0,0.0
DOK6,0.20416377,0.0,-1.0
DOK7,0.2166575,0.0,-1.0
DOLK,0.15796943,0.0,-1.0
DOLPP1,0.21385549,0.0,0.0
DONSON,0.39826202,0.0,0.0
DOP1A,0.38362962,0.0,0.0
DOP1B,0.21673048,0.0,-1.0
DOT1L,0.38870484,0.0,1.0
DPAGT1,0.29330826,0.0,-1.0
DPCD,0.21452051,0.0,0.0
DPEP1,0.24013586,0.0,0.0
DPEP2,0.26998916,0.0,0.0
DPEP3,0.20964952,0.0,0.0
DPF1,0.32492903,0.0,0.0
DPF2,0.37839812,0.0,0.0
DPF3,0.24822293,0.0,0.0
DPH1,0.18782744,0.0,-1.0
DPH2,0.16038905,0.0,0.0
DPH3,0.14557885,0.0,-1.0
DPH5,0.15347832,0.0,0.0
DPH6,0.14400499,0.0,0.0
DPH7,0.16268,0.0,0.0
DPM1,0.38866523,0.0,-1.0
DPM2,0.17741178,0.0,0.0
DPM3,0.13253947,0.0,0.0
DPP10,0.22731043,0.0,-1.0
DPP3,0.19441468,0.0,0.0
DPP4,0.50990397,1.0,-1.0
DPP6,0.30779845,0.0,-1.0
DPP7,0.25336075,0.0,-1.0
DPP8,0.4356121,0.0,0.0
DPP9,0.22789997,0.0,0.0
DPPA2,0.235046,0.0,0.0
DPPA3,0.25904778,0.0,0.0
DPPA4,0.27397475,0.0,-1.0
DPPA5,0.1719756,0.0,0.0
DPRX,0.24380706,0.0,0.0
DPT,0.47774452,0.0,-1.0
DPY19L1,0.21806918,0.0,0.0
DPY19L2,0.20245135,0.0,0.0
DPY19L3,0.18224625,0.0,-1.0
DPY19L4,0.21894197,0.0,0.0
DPY30,0.22271244,0.0,0.0
DPYD,0.42369893,0.0,-1.0
DPYS,0.22151923,0.0,-1.0
DPYSL2,0.40070033,0.0,0.0
DPYSL3,0.43559724,0.0,0.0
DPYSL4,0.24053422,0.0,0.0
DPYSL5,0.22232571,0.0,0.0
DQX1,0.20525733,0.0,0.0
DR1,0.4165137,0.0,0.0
DRAM1,0.39410782,0.0,-1.0
DRAM2,0.14944266,0.0,0.0
DRAP1,0.2565076,0.0,0.0
DRAXIN,0.15339775,0.0,0.0
DRC1,0.13810168,0.0,0.0
DRC3,0.37113813,0.0,0.0
DRC7,0.06754555,0.0,0.0
DRD1,0.39218143,0.0,0.0
DRD2,0.4653298,0.0,-1.0
DRD3,0.43366858,0.0,-1.0
DRD4,0.40834966,0.0,0.0
DRD5,0.36902696,0.0,-1.0
DRG1,0.26251832,0.0,0.0
DRG2,0.20643468,0.0,0.0
DRGX,0.2979111,0.0,0.0
DRICH1,0.08261764,0.0,0.0
DROSHA,0.53022975,1.0,1.0
DRP2,0.27500626,0.0,0.0
DSC1,0.27779317,0.0,-1.0
DSC2,0.41549388,0.0,-1.0
DSC3,0.48442715,0.0,-1.0
DSCAM,0.338463,0.0,0.0
DSCAML1,0.20608288,0.0,0.0
DSCC1,0.40923133,0.0,-1.0
DSCR4,0.26654282,0.0,0.0
DSCR8,0.10869948,0.0,0.0
DSE,0.49205294,0.0,-1.0
DSEL,0.26342633,0.0,-1.0
DSG1,0.3420662,0.0,-1.0
DSG2,0.46715623,0.0,-1.0
DSG3,0.38657996,0.0,0.0
DSG4,0.3645465,0.0,-1.0
DSN1,0.4363272,0.0,0.0
DSP,0.54368454,1.0,-1.0
DSPP,0.1656919,0.0,-1.0
DST,0.55572385,1.0,-1.0
DSTN,0.4486258,0.0,0.0
DSTYK,0.41139334,0.0,0.0
DTD1,0.14984098,0.0,0.0
DTD2,0.15086517,0.0,0.0
DTHD1,0.20604505,0.0,-1.0
DTL,0.45478773,0.0,-1.0
DTNA,0.40111724,0.0,-1.0
DTNB,0.3919701,0.0,0.0
DTNBP1,0.32524472,0.0,-1.0
DTWD1,0.17459475,0.0,0.0
DTWD2,0.21998692,0.0,-1.0
DTX1,0.32035732,0.0,1.0
DTX2,0.2300754,0.0,-1.0
DTX3,0.23677477,0.0,-1.0
DTX3L,0.25639042,0.0,0.0
DTX4,0.24507369,0.0,-1.0
DTYMK,0.37706372,0.0,0.0
DUOX1,0.42500848,0.0,0.0
DUOX2,0.390408,0.0,-1.0
DUOXA1,0.4378874,0.0,0.0
DUOXA2,0.2058123,0.0,-1.0
DUS1L,0.13550426,0.0,0.0
DUS2,0.1603311,0.0,0.0
DUS3L,0.16650382,0.0,0.0
DUS4L,0.20592433,0.0,0.0
DUSP1,0.57252985,1.0,-1.0
DUSP10,0.40572065,0.0,-1.0
DUSP11,0.26119062,0.0,0.0
DUSP12,0.44351873,0.0,0.0
DUSP13,0.37144676,0.0,0.0
DUSP14,0.19686754,0.0,0.0
DUSP15,0.32460228,0.0,0.0
DUSP16,0.38587776,0.0,-1.0
DUSP18,0.36413544,0.0,0.0
DUSP19,0.35563132,0.0,0.0
DUSP2,0.41474625,0.0,-1.0
DUSP21,0.37367284,0.0,0.0
DUSP22,0.38077158,0.0,1.0
DUSP23,0.3733435,0.0,0.0
DUSP26,0.38477343,0.0,-1.0
DUSP28,0.3599031,0.0,0.0
DUSP29,0.34860796,0.0,0.0
DUSP3,0.40013367,0.0,0.0
DUSP4,0.5367806,1.0,1.0
DUSP5,0.49983916,0.0,0.0
DUSP6,0.5374142,1.0,-1.0
DUSP7,0.4078145,0.0,-1.0
DUSP8,0.40599898,0.0,0.0
DUSP9,0.41843686,0.0,-1.0
DUT,0.49571732,0.0,0.0
DUX1,0.23150715,0.0,0.0
DUX5,0.0011275364,0.0,0.0
DUXA,0.20243648,0.0,-1.0
DVL1,0.57484186,1.0,-1.0
DVL1P1,0.22620568,0.0,0.0
DVL2,0.5560314,1.0,-1.0
DVL3,0.55419374,1.0,-1.0
DXO,0.17951013,0.0,0.0
DYDC1,0.07956829,0.0,0.0
DYDC2,0.11365412,0.0,0.0
DYM,0.4492619,0.0,-1.0
DYNAP,0.21845837,0.0,0.0
DYNC1H1,0.48629197,0.0,-1.0
DYNC1I1,0.3296787,0.0,-1.0
DYNC1I2,0.41975278,0.0,0.0
DYNC1LI1,0.34842646,0.0,0.0
DYNC1LI2,0.3295919,0.0,0.0
DYNC2H1,0.35540983,0.0,-1.0
DYNC2I1,0.23291387,0.0,0.0
DYNC2I2,0.24609599,0.0,0.0
DYNC2LI1,0.22839324,0.0,0.0
DYNLL1,0.53916746,1.0,-1.0
DYNLL2,0.29050472,0.0,0.0
DYNLRB1,0.2763008,0.0,0.0
DYNLRB2,0.080935255,0.0,0.0
DYNLT1,0.34321308,0.0,0.0
DYNLT2,0.18314251,0.0,0.0
DYNLT2B,0.086653106,0.0,0.0
DYNLT3,0.25940102,0.0,0.0
DYNLT4,0.22290729,0.0,0.0
DYNLT5,0.13676766,0.0,0.0
DYRK1A,0.49045977,0.0,-1.0
DYRK1B,0.3706027,0.0,-1.0
DYRK2,0.4803537,0.0,0.0
DYRK3,0.29897055,0.0,0.0
DYRK4,0.37297338,0.0,0.0
DYSF,0.41868067,0.0,-1.0
DZANK1,0.1158426,0.0,0.0
DZIP1,0.29526424,0.0,0.0
DZIP1L,0.144971,0.0,0.0
DZIP3,0.2581411,0.0,0.0
E2F1,0.6324351,1.0,-1.0
E2F2,0.46191773,0.0,-1.0
E2F3,0.5236813,1.0,1.0
E2F4,0.6261555,1.0,-1.0
E2F5,0.3955583,0.0,0.0
E2F6,0.43097964,0.0,-1.0
E2F7,0.38906363,0.0,-1.0
E2F8,0.40094444,0.0,0.0
E4F1,0.370789,0.0,0.0
EAF1,0.21524929,0.0,0.0
EAF2,0.34062746,0.0,-1.0
EAPP,0.33220577,0.0,0.0
EARS2,0.19964588,0.0,0.0
EBAG9,0.26011977,0.0,-1.0
EBF1,0.44210845,0.0,1.0
EBF2,0.27164572,0.0,0.0
EBF3,0.2794084,0.0,0.0
EBF4,0.22615568,0.0,0.0
EBI3,0.3360514,0.0,0.0
EBLN2,0.2088642,0.0,0.0
EBNA1BP2,0.2979141,0.0,0.0
EBP,0.28444862,0.0,-1.0
EBPL,0.15474977,0.0,0.0
ECD,0.31260735,0.0,0.0
ECE1,0.5388335,1.0,0.0
ECE2,0.32185984,0.0,0.0
ECEL1,0.37996572,0.0,0.0
ECH1,0.34908918,0.0,0.0
ECHDC1,0.26334205,0.0,0.0
ECHDC2,0.2143357,0.0,0.0
ECHDC3,0.13726069,0.0,0.0
ECHS1,0.2500653,0.0,0.0
ECI1,0.3429317,0.0,0.0
ECI2,0.3204243,0.0,0.0
ECM1,0.44556487,0.0,-1.0
ECM2,0.44954953,0.0,0.0
ECPAS,0.35421005,0.0,0.0
ECRG4,0.079387255,0.0,0.0
ECSCR,0.048112787,0.0,0.0
ECSIT,0.20377377,0.0,0.0
ECT2,0.44545946,0.0,-1.0
ECT2L,0.14770538,0.0,1.0
EDA,0.533313,1.0,-1.0
EDA2R,0.2706775,0.0,0.0
EDAR,0.4417152,0.0,-1.0
EDARADD,0.34848025,0.0,-1.0
EDC3,0.38580936,0.0,0.0
EDC4,0.32673118,0.0,-1.0
EDDM3A,0.014754675,0.0,0.0
EDDM3B,0.08833306,0.0,0.0
EDEM1,0.32333162,0.0,-1.0
EDEM2,0.2131244,0.0,0.0
EDEM3,0.32884565,0.0,0.0
EDF1,0.17264284,0.0,0.0
EDIL3,0.36958846,0.0,-1.0
EDN1,0.62930554,1.0,-1.0
EDN2,0.48258537,0.0,0.0
EDN3,0.4861513,0.0,-1.0
EDNRA,0.5823149,1.0,-1.0
EDNRB,0.5764336,1.0,-1.0
EDRF1,0.28822246,0.0,-1.0
EEA1,0.4653414,0.0,0.0
EED,0.55621725,1.0,1.0
EEF1A1,0.5134269,1.0,-1.0
EEF1A1P5,0.009386079,0.0,0.0
EEF1A2,0.45354554,0.0,-1.0
EEF1AKMT1,0.14148788,0.0,0.0
EEF1AKMT2,0.15658413,0.0,0.0
EEF1AKMT3,0.12292307,0.0,0.0
EEF1B2,0.32377455,0.0,0.0
EEF1B2P5,0.022106145,0.0,0.0
EEF1D,0.38944203,0.0,-1.0
EEF1DP3,0.043460283,0.0,0.0
EEF1E1,0.35873035,0.0,0.0
EEF1E1-BLOC1S5,0.2679453,0.0,0.0
EEF1G,0.4166028,0.0,0.0
EEF2,0.4683092,0.0,-1.0
EEF2K,0.32762042,0.0,-1.0
EEF2KMT,0.14010994,0.0,0.0
EEFSEC,0.18866944,0.0,0.0
EEPD1,0.15203202,0.0,0.0
EFCAB1,0.32845876,0.0,0.0
EFCAB10,0.13714235,0.0,0.0
EFCAB11,0.34378183,0.0,0.0
EFCAB12,0.09130798,0.0,0.0
EFCAB13,0.35559297,0.0,0.0
EFCAB14,0.24391383,0.0,0.0
EFCAB2,0.35368434,0.0,0.0
EFCAB3,0.302495,0.0,0.0
EFCAB5,0.08877004,0.0,0.0
EFCAB6,0.24464415,0.0,0.0
EFCAB7,0.35984161,0.0,0.0
EFCAB9,0.24875528,0.0,0.0
EFCC1,0.22596544,0.0,0.0
EFEMP1,0.44749287,0.0,-1.0
EFEMP2,0.43396112,0.0,-1.0
EFHB,0.08021093,0.0,0.0
EFHC1,0.24426426,0.0,-1.0
EFHC2,0.21042684,0.0,0.0
EFHD1,0.26040164,0.0,-1.0
EFHD2,0.2568067,0.0,-1.0
EFL1,0.29328716,0.0,0.0
EFNA1,0.4453261,0.0,-1.0
EFNA2,0.37531528,0.0,-1.0
EFNA3,0.36494341,0.0,-1.0
EFNA4,0.29792395,0.0,-1.0
EFNA5,0.44537905,0.0,-1.0
EFNB1,0.502342,1.0,0.0
EFNB2,0.54910064,1.0,0.0
EFNB3,0.3765003,0.0,0.0
EFR3A,0.28593558,0.0,0.0
EFR3B,0.2344813,0.0,0.0
EFS,0.41473994,0.0,0.0
EFTUD2,0.38882923,0.0,-1.0
EGF,0.69962716,1.0,-1.0
EGFL6,0.2955233,0.0,-1.0
EGFL7,0.31019452,0.0,1.0
EGFL8,0.14514537,0.0,0.0
EGFLAM,0.29692307,0.0,0.0
EGFR,0.7445323,1.0,1.0
EGLN1,0.43310913,0.0,-1.0
EGLN2,0.43876526,0.0,-1.0
EGLN3,0.46381685,0.0,-1.0
EGOT,0.0836111,0.0,0.0
EGR1,0.7032167,1.0,1.0
EGR2,0.5402836,1.0,-1.0
EGR3,0.43603674,0.0,-1.0
EGR4,0.33485603,0.0,0.0
EHBP1,0.43252355,0.0,-1.0
EHBP1L1,0.35880554,0.0,0.0
EHD1,0.41868865,0.0,0.0
EHD2,0.3579119,0.0,0.0
EHD3,0.251166,0.0,0.0
EHD4,0.27959034,0.0,0.0
EHF,0.31719106,0.0,-1.0
EHHADH,0.25425756,0.0,0.0
EHMT1,0.5010875,1.0,-1.0
EHMT2,0.5389705,1.0,-1.0
EI24,0.18586402,0.0,-1.0
EID1,0.23972495,0.0,0.0
EID2,0.21831886,0.0,0.0
EID2B,0.18662587,0.0,0.0
EID3,0.19775015,0.0,0.0
EIF1,0.25479236,0.0,0.0
EIF1AD,0.20155583,0.0,0.0
EIF1AX,0.2557393,0.0,1.0
EIF1AY,0.20498778,0.0,0.0
EIF1B,0.22683626,0.0,-1.0
EIF2A,0.33111572,0.0,0.0
EIF2AK1,0.41754526,0.0,-1.0
EIF2AK2,0.37224725,0.0,-1.0
EIF2AK3,0.57301176,1.0,-1.0
EIF2AK4,0.33711842,0.0,-1.0
EIF2B1,0.32138583,0.0,-1.0
EIF2B2,0.26029137,0.0,-1.0
EIF2B3,0.32366174,0.0,-1.0
EIF2B4,0.27520147,0.0,-1.0
EIF2B5,0.2897936,0.0,-1.0
EIF2D,0.18233891,0.0,0.0
EIF2S1,0.39820614,0.0,0.0
EIF2S2,0.34654436,0.0,-1.0
EIF2S3,0.3606649,0.0,0.0
EIF3A,0.43325704,0.0,-1.0
EIF3B,0.36430857,0.0,0.0
EIF3C,0.30230805,0.0,-1.0
EIF3CL,0.23051704,0.0,0.0
EIF3D,0.29364526,0.0,0.0
EIF3E,0.31241664,0.0,1.0
EIF3F,0.32752398,0.0,-1.0
EIF3FP3,0.0012077879,0.0,0.0
EIF3G,0.17459188,0.0,-1.0
EIF3H,0.20183092,0.0,0.0
EIF3I,0.27209604,0.0,-1.0
EIF3J,0.20533405,0.0,0.0
EIF3K,0.18267478,0.0,0.0
EIF3L,0.2990444,0.0,0.0
EIF3M,0.28261015,0.0,0.0
EIF4A1,0.4225172,0.0,-1.0
EIF4A2,0.4141681,0.0,1.0
EIF4A3,0.39398947,0.0,0.0
EIF4B,0.34250808,0.0,-1.0
EIF4E,0.48631456,0.0,1.0
EIF4E1B,0.25100845,0.0,0.0
EIF4E2,0.26749095,0.0,0.0
EIF4E3,0.29178587,0.0,0.0
EIF4EBP1,0.476189,0.0,-1.0
EIF4EBP2,0.31164008,0.0,0.0
EIF4EBP3,0.2723608,0.0,0.0
EIF4ENIF1,0.3911051,0.0,0.0
EIF4G1,0.4378839,0.0,-1.0
EIF4G2,0.31539378,0.0,0.0
EIF4G3,0.25327653,0.0,0.0
EIF4H,0.32557678,0.0,0.0
EIF5,0.31315228,0.0,0.0
EIF5A,0.32895666,0.0,-1.0
EIF5A2,0.24780792,0.0,-1.0
EIF5AL1,0.23592684,0.0,0.0
EIF5B,0.4459444,0.0,0.0
EIF6,0.29624707,0.0,0.0
EIPR1,0.14545318,0.0,0.0
ELAC1,0.16940641,0.0,0.0
ELAC2,0.22414786,0.0,-1.0
ELANE,0.5747373,1.0,-1.0
ELAPOR1,0.14573666,0.0,0.0
ELAPOR2,0.14199159,0.0,0.0
ELAVL1,0.70049316,1.0,-1.0
ELAVL2,0.50347465,1.0,-1.0
ELAVL3,0.46257278,0.0,-1.0
ELAVL4,0.4437019,0.0,-1.0
ELF1,0.29553342,0.0,-1.0
ELF2,0.31715885,0.0,0.0
ELF3,0.5252635,1.0,1.0
ELF4,0.31167114,0.0,1.0
ELF5,0.2706168,0.0,-1.0
ELFN1,0.1895662,0.0,0.0
ELFN2,0.0030824468,0.0,0.0
ELK1,0.32702354,0.0,-1.0
ELK3,0.41144177,0.0,-1.0
ELK4,0.52282035,1.0,1.0
ELL,0.532459,1.0,1.0
ELL2,0.3201988,0.0,0.0
ELL3,0.2127528,0.0,0.0
ELMO1,0.32980973,0.0,-1.0
ELMO2,0.26085085,0.0,0.0
ELMO3,0.3071076,0.0,-1.0
ELMOD1,0.16681573,0.0,0.0
ELMOD2,0.22294527,0.0,0.0
ELMOD3,0.17640807,0.0,0.0
ELN,0.6231685,1.0,-1.0
ELOA,0.3078723,0.0,0.0
ELOA2,0.10098206,0.0,0.0
ELOA3BP,0.01805542,0.0,0.0
ELOA3DP,0.13736534,0.0,0.0
ELOA3P,0.11586739,0.0,0.0
ELOB,0.35909188,0.0,-1.0
ELOC,0.3737993,0.0,-1.0
ELOF1,0.17461452,0.0,-1.0
ELOVL1,0.19554533,0.0,0.0
ELOVL2,0.20223652,0.0,0.0
ELOVL3,0.22919719,0.0,-1.0
ELOVL4,0.2053164,0.0,-1.0
ELOVL5,0.19026382,0.0,-1.0
ELOVL6,0.28184783,0.0,0.0
ELOVL7,0.15775019,0.0,0.0
ELP1,0.463824,0.0,-1.0
ELP2,0.18083957,0.0,-1.0
ELP3,0.30029893,0.0,0.0
ELP4,0.28883353,0.0,0.0
ELP5,0.16022265,0.0,0.0
ELP6,0.24593212,0.0,0.0
ELSPBP1,0.08440544,0.0,0.0
EMB,0.3118766,0.0,0.0
EMC1,0.27282727,0.0,0.0
EMC10,0.19381982,0.0,0.0
EMC2,0.2894004,0.0,0.0
EMC3,0.31738514,0.0,0.0
EMC4,0.1424307,0.0,0.0
EMC6,0.11254144,0.0,0.0
EMC7,0.20640974,0.0,0.0
EMC8,0.24556509,0.0,0.0
EMC9,0.18750542,0.0,0.0
EMCN,0.33819348,0.0,0.0
EMD,0.4808922,0.0,-1.0
EME1,0.4083915,0.0,0.0
EME2,0.15534246,0.0,0.0
EMG1,0.27714646,0.0,-1.0
EMID1,0.2893845,0.0,0.0
EMILIN1,0.4769373,0.0,0.0
EMILIN2,0.26554203,0.0,0.0
EMILIN3,0.20637606,0.0,0.0
EML1,0.34828702,0.0,0.0
EML2,0.2212239,0.0,0.0
EML3,0.2444448,0.0,0.0
EML4,0.4383474,0.0,1.0
EML5,0.17115213,0.0,-1.0
EML6,0.24740922,0.0,0.0
EMP1,0.41570157,0.0,-1.0
EMP2,0.24613747,0.0,0.0
EMP3,0.45735756,0.0,-1.0
EMSY,0.41739297,0.0,-1.0
EMX1,0.40095067,0.0,0.0
EMX2,0.25948995,0.0,-1.0
EMX2OS,0.12656265,0.0,0.0
EN1,0.45942754,0.0,-1.0
EN2,0.4577167,0.0,-1.0
ENAH,0.5156747,1.0,-1.0
ENAM,0.31706265,0.0,-1.0
ENC1,0.28811386,0.0,-1.0
ENDOD1,0.20787378,0.0,0.0
ENDOG,0.28891382,0.0,0.0
ENDOU,0.24119642,0.0,0.0
ENDOV,0.2793539,0.0,0.0
ENG,0.63257414,1.0,-1.0
ENGASE,0.22569664,0.0,0.0
ENHO,0.23023702,0.0,0.0
ENKD1,0.27017605,0.0,0.0
ENKUR,0.14396244,0.0,0.0
ENO1,0.5336684,1.0,-1.0
ENO2,0.5711258,1.0,0.0
ENO3,0.40169188,0.0,0.0
ENO4,0.26990175,0.0,0.0
ENOPH1,0.2667029,0.0,0.0
ENOSF1,0.19923607,0.0,0.0
ENOX1,0.19859791,0.0,0.0
ENOX2,0.2730942,0.0,-1.0
ENPEP,0.40517896,0.0,0.0
ENPP1,0.37087983,0.0,-1.0
ENPP2,0.36216715,0.0,-1.0
ENPP3,0.305956,0.0,0.0
ENPP4,0.2174023,0.0,0.0
ENPP5,0.1568392,0.0,0.0
ENPP6,0.14311118,0.0,0.0
ENPP7,0.123777814,0.0,-1.0
ENSA,0.2409518,0.0,0.0
ENTHD1,0.111284114,0.0,0.0
ENTPD1,0.4435481,0.0,0.0
ENTPD2,0.28724256,0.0,0.0
ENTPD3,0.23967697,0.0,0.0
ENTPD4,0.25457817,0.0,0.0
ENTPD5,0.2092699,0.0,0.0
ENTPD6,0.23185737,0.0,-1.0
ENTPD7,0.20252532,0.0,0.0
ENTPD8,0.19279812,0.0,0.0
ENTR1,0.4310849,0.0,0.0
ENY2,0.20044947,0.0,0.0
EOGT,0.27108985,0.0,0.0
EOLA1,0.14779589,0.0,0.0
EOLA2,0.10152728,0.0,0.0
EOMES,0.48671535,0.0,-1.0
EP300,0.7872079,1.0,1.0
EP400,0.4631333,0.0,1.0
EP400P1,0.18378927,0.0,0.0
EPAS1,0.524502,1.0,1.0
EPB41,0.41370198,0.0,-1.0
EPB41L1,0.32593322,0.0,-1.0
EPB41L2,0.33446732,0.0,0.0
EPB41L3,0.40670773,0.0,-1.0
EPB41L4A,0.17314188,0.0,0.0
EPB41L4A-AS1,0.16510238,0.0,0.0
EPB41L4B,0.24309257,0.0,0.0
EPB41L5,0.3673408,0.0,0.0
EPB42,0.34532714,0.0,-1.0
EPC1,0.35196817,0.0,-1.0
EPC2,0.46557602,0.0,0.0
EPCAM,0.50284326,1.0,1.0
EPDR1,0.18855958,0.0,0.0
EPG5,0.23648694,0.0,-1.0
EPGN,0.29821736,0.0,-1.0
EPHA1,0.5833418,1.0,-1.0
EPHA10,0.35253575,0.0,0.0
EPHA2,0.5786164,1.0,-1.0
EPHA3,0.5737715,1.0,1.0
EPHA4,0.5489249,1.0,-1.0
EPHA5,0.46879378,0.0,-1.0
EPHA6,0.33601436,0.0,-1.0
EPHA7,0.46850464,0.0,1.0
EPHA8,0.48707366,0.0,0.0
EPHB1,0.49895942,0.0,1.0
EPHB2,0.5730362,1.0,-1.0
EPHB3,0.5155395,1.0,-1.0
EPHB4,0.5355172,1.0,-1.0
EPHB6,0.26362368,0.0,-1.0
EPHX1,0.3564807,0.0,0.0
EPHX2,0.42249104,0.0,0.0
EPHX3,0.21248807,0.0,0.0
EPHX4,0.095843226,0.0,0.0
EPM2A,0.522582,1.0,-1.0
EPM2AIP1,0.27864346,0.0,0.0
EPN1,0.4143623,0.0,0.0
EPN2,0.40101597,0.0,0.0
EPN3,0.30356783,0.0,0.0
EPO,0.62201464,1.0,-1.0
EPOP,0.2128126,0.0,0.0
EPOR,0.55385774,1.0,1.0
EPPIN,0.19132654,0.0,0.0
EPPIN-WFDC6,0.037695225,0.0,0.0
EPPK1,0.37749073,0.0,-1.0
EPR1,0.0027045568,0.0,0.0
EPRS1,0.50078356,1.0,-1.0
EPS15,0.5333645,1.0,1.0
EPS15L1,0.34736744,0.0,-1.0
EPS8,0.46767944,0.0,-1.0
EPS8L1,0.11347112,0.0,-1.0
EPS8L2,0.26438713,0.0,0.0
EPS8L3,0.16630398,0.0,0.0
EPSTI1,0.2179069,0.0,0.0
EPX,0.463843,0.0,0.0
EPYC,0.38140947,0.0,-1.0
EQTN,0.083381176,0.0,0.0
ERAL1,0.33340597,0.0,-1.0
ERAP1,0.31521365,0.0,-1.0
ERAP2,0.27670005,0.0,0.0
ERAS,0.42988855,0.0,-1.0
ERBB2,0.7084855,1.0,1.0
ERBB3,0.5998179,1.0,1.0
ERBB4,0.5934512,1.0,1.0
ERBIN,0.5336709,1.0,-1.0
ERC1,0.5178414,1.0,1.0
ERC2,0.26845434,0.0,-1.0
ERCC1,0.39646825,0.0,-1.0
ERCC2,0.41987354,0.0,1.0
ERCC3,0.40098765,0.0,1.0
ERCC4,0.48074228,0.0,1.0
ERCC5,0.47447908,0.0,1.0
ERCC6,0.41835988,0.0,-1.0
ERCC6L,0.44404373,0.0,0.0
ERCC6L2,0.36676556,0.0,-1.0
ERCC6L2-AS1,0.17127225,0.0,0.0
ERCC8,0.21933956,0.0,-1.0
EREG,0.57926357,1.0,-1.0
ERF,0.38759223,0.0,1.0
ERFE,0.22769035,0.0,0.0
ERG,0.34528857,0.0,1.0
ERG28,0.22663084,0.0,0.0
ERGIC1,0.20140028,0.0,0.0
ERGIC2,0.19235484,0.0,0.0
ERGIC3,0.1798939,0.0,-1.0
ERH,0.4457403,0.0,0.0
ERI1,0.2769993,0.0,-1.0
ERI2,0.15226364,0.0,0.0
ERI3,0.26928815,0.0,0.0
ERICH1,0.30168366,0.0,-1.0
ERICH2,0.08027796,0.0,0.0
ERICH3,0.08509229,0.0,0.0
ERICH5,0.26727146,0.0,0.0
ERICH6,0.07664537,0.0,0.0
ERICH6B,0.13632412,0.0,0.0
ERLEC1,0.34619558,0.0,0.0
ERLIN1,0.31811684,0.0,0.0
ERLIN2,0.3740782,0.0,0.0
ERMAP,0.18652678,0.0,0.0
ERMARD,0.11785975,0.0,0.0
ERMN,0.34491467,0.0,0.0
ERMP1,0.20511982,0.0,0.0
ERN1,0.50667185,1.0,-1.0
ERN2,0.39309752,0.0,-1.0
ERO1A,0.31811193,0.0,0.0
ERO1B,0.19943742,0.0,0.0
ERP27,0.31154484,0.0,0.0
ERP29,0.26387113,0.0,0.0
ERP44,0.354938,0.0,0.0
ERRFI1,0.40990502,0.0,1.0
ERV3-1,0.1518591,0.0,0.0
ERVFRD-1,0.14692262,0.0,0.0
ERVMER34-1,0.16186929,0.0,0.0
ERVV-1,0.18360767,0.0,0.0
ERVV-2,0.1767649,0.0,0.0
ERVW-1,0.56647676,1.0,-1.0
ESAM,0.5014445,1.0,0.0
ESCO1,0.4249084,0.0,0.0
ESCO2,0.45682964,0.0,1.0
ESD,0.3912935,0.0,0.0
ESF1,0.22514461,0.0,0.0
ESM1,0.3134729,0.0,-1.0
ESPL1,0.51777333,1.0,-1.0
ESPN,0.37590253,0.0,0.0
ESPNL,0.34362492,0.0,0.0
ESPNP,0.09410621,0.0,0.0
ESR1,0.74632233,1.0,1.0
ESR2,0.58409005,1.0,-1.0
ESRP1,0.26380447,0.0,0.0
ESRP2,0.27516097,0.0,0.0
ESRRA,0.4602792,0.0,-1.0
ESRRB,0.38674337,0.0,0.0
ESRRG,0.34721464,0.0,-1.0
ESS2,0.3356172,0.0,0.0
ESX1,0.22227894,0.0,0.0
ESYT1,0.29827905,0.0,0.0
ESYT2,0.24350196,0.0,0.0
ESYT3,0.14680015,0.0,0.0
ETAA1,0.19161853,0.0,1.0
ETF1,0.3509621,0.0,0.0
ETFA,0.29918784,0.0,-1.0
ETFB,0.20109074,0.0,-1.0
ETFBKMT,0.15621349,0.0,0.0
ETFDH,0.1871841,0.0,-1.0
ETFRF1,0.11890306,0.0,0.0
ETHE1,0.19919638,0.0,0.0
ETNK1,0.363301,0.0,1.0
ETNK2,0.20710704,0.0,0.0
ETNPPL,0.20345025,0.0,0.0
ETS1,0.707381,1.0,-1.0
ETS2,0.5671733,1.0,-1.0
ETV1,0.5150435,1.0,1.0
ETV2,0.23957501,0.0,0.0
ETV3,0.38816833,0.0,-1.0
ETV3L,0.16727234,0.0,0.0
ETV4,0.46989566,0.0,1.0
ETV5,0.52115524,1.0,1.0
ETV6,0.65461344,1.0,1.0
ETV7,0.29407528,0.0,-1.0
EVA1A,0.21463957,0.0,0.0
EVA1B,0.24068548,0.0,0.0
EVA1C,0.1776427,0.0,0.0
EVC,0.2819864,0.0,-1.0
EVC2,0.3031554,0.0,-1.0
EVI2A,0.34531054,0.0,-1.0
EVI2B,0.367409,0.0,0.0
EVI5,0.37639666,0.0,0.0
EVI5L,0.22824563,0.0,0.0
EVL,0.3814653,0.0,-1.0
EVPL,0.35158658,0.0,-1.0
EVPLL,0.069348946,0.0,0.0
EVX1,0.3826686,0.0,0.0
EVX2,0.34329247,0.0,0.0
EWSR1,0.5816817,1.0,1.0
EXD1,0.08792931,0.0,0.0
EXD2,0.29020455,0.0,0.0
EXD3,0.2758023,0.0,0.0
EXO1,0.51218605,1.0,0.0
EXO5,0.2265693,0.0,0.0
EXOC1,0.42139867,0.0,0.0
EXOC2,0.33320037,0.0,-1.0
EXOC3,0.36863366,0.0,0.0
EXOC3-AS1,0.16064174,0.0,0.0
EXOC3L1,0.26169503,0.0,0.0
EXOC3L2,0.2506338,0.0,0.0
EXOC3L4,0.25848606,0.0,0.0
EXOC4,0.508475,1.0,-1.0
EXOC5,0.3661682,0.0,0.0
EXOC6,0.37204018,0.0,0.0
EXOC6B,0.25079313,0.0,0.0
EXOC7,0.32609338,0.0,-1.0
EXOC8,0.24005727,0.0,-1.0
EXOG,0.33104017,0.0,0.0
EXOSC1,0.2513047,0.0,0.0
EXOSC10,0.34077463,0.0,0.0
EXOSC2,0.31105155,0.0,0.0
EXOSC3,0.30018228,0.0,0.0
EXOSC4,0.29257363,0.0,0.0
EXOSC5,0.2264695,0.0,0.0
EXOSC6,0.28637516,0.0,-1.0
EXOSC7,0.2932683,0.0,0.0
EXOSC8,0.34260982,0.0,0.0
EXOSC9,0.3346295,0.0,0.0
EXPH5,0.22915801,0.0,-1.0
EXT1,0.5635136,1.0,1.0
EXT2,0.28494233,0.0,1.0
EXTL1,0.24828066,0.0,0.0
EXTL2,0.21088848,0.0,0.0
EXTL3,0.4327945,0.0,0.0
EYA1,0.4382291,0.0,-1.0
EYA2,0.34413782,0.0,-1.0
EYA3,0.27183998,0.0,0.0
EYA4,0.30366135,0.0,-1.0
EYS,0.44801268,0.0,-1.0
EZH1,0.4356339,0.0,1.0
EZH2,0.63060385,1.0,1.0
EZHIP,0.10410427,0.0,1.0
EZR,0.54727584,1.0,1.0
F10,0.4458486,0.0,-1.0
F11,0.27892327,0.0,-1.0
F11R,0.26947582,0.0,0.0
F12,0.4300108,0.0,-1.0
F13A1,0.47960111,0.0,-1.0
F13B,0.19309495,0.0,-1.0
F2,0.6316744,1.0,-1.0
F2R,0.5682164,1.0,-1.0
F2RL1,0.3347221,0.0,0.0
F2RL2,0.21080226,0.0,-1.0
F2RL3,0.31783745,0.0,-1.0
F3,0.59821016,1.0,-1.0
F5,0.34441346,0.0,-1.0
F7,0.44762355,0.0,-1.0
F8,0.44551566,0.0,-1.0
F8A1,0.1073743,0.0,0.0
F8A2,0.24897324,0.0,0.0
F8A3,0.16939646,0.0,0.0
F9,0.38761985,0.0,-1.0
FA2H,0.23564366,0.0,-1.0
FAAH,0.28246063,0.0,0.0
FAAH2,0.22072616,0.0,-1.0
FAAP100,0.21764366,0.0,0.0
FAAP20,0.25376135,0.0,0.0
FAAP24,0.28957576,0.0,0.0
FABP1,0.26866838,0.0,0.0
FABP12,0.111743964,0.0,0.0
FABP2,0.24404027,0.0,0.0
FABP3,0.31263107,0.0,-1.0
FABP4,0.43429738,0.0,-1.0
FABP5,0.34335127,0.0,-1.0
FABP5P3,0.0077695115,0.0,0.0
FABP6,0.22934207,0.0,0.0
FABP7,0.40188453,0.0,-1.0
FABP9,0.38225,0.0,0.0
FADD,0.4771321,0.0,-1.0
FADS1,0.28052384,0.0,0.0
FADS2,0.24141371,0.0,0.0
FADS3,0.20529078,0.0,0.0
FADS6,0.09288524,0.0,0.0
FAF1,0.29456782,0.0,-1.0
FAF2,0.33208555,0.0,0.0
FAH,0.2216205,0.0,-1.0
FAHD1,0.2715264,0.0,0.0
FAHD2A,0.17729498,0.0,0.0
FAHD2B,0.18561813,0.0,-1.0
FAIM,0.19934775,0.0,-1.0
FAIM2,0.2611427,0.0,0.0
FAM102A,0.20400517,0.0,0.0
FAM102B,0.17660898,0.0,0.0
FAM104A,0.18611011,0.0,0.0
FAM104B,0.18580492,0.0,0.0
FAM107A,0.2666372,0.0,-1.0
FAM107B,0.1435879,0.0,-1.0
FAM110A,0.15357314,0.0,0.0
FAM110B,0.2245298,0.0,0.0
FAM110C,0.13201319,0.0,0.0
FAM110D,0.21369767,0.0,0.0
FAM111A,0.18264952,0.0,-1.0
FAM111B,0.24559294,0.0,-1.0
FAM114A1,0.329452,0.0,0.0
FAM114A2,0.17496304,0.0,0.0
FAM117A,0.15114415,0.0,-1.0
FAM117B,0.34132868,0.0,-1.0
FAM118A,0.13294421,0.0,0.0
FAM118B,0.20298404,0.0,-1.0
FAM120A,0.30652505,0.0,0.0
FAM120AOS,0.14854255,0.0,0.0
FAM120B,0.36930695,0.0,0.0
FAM120C,0.24465087,0.0,0.0
FAM124A,0.13117465,0.0,0.0
FAM124B,0.14242394,0.0,0.0
FAM126A,0.25625673,0.0,0.0
FAM126B,0.30267352,0.0,-1.0
FAM131A,0.12723483,0.0,0.0
FAM131B,0.22371745,0.0,-1.0
FAM131C,0.17037465,0.0,0.0
FAM133A,0.21426141,0.0,-1.0
FAM133B,0.15319227,0.0,0.0
FAM135A,0.27602884,0.0,0.0
FAM135B,0.18793738,0.0,1.0
FAM136A,0.24880525,0.0,0.0
FAM138B,0.006559276,0.0,0.0
FAM13A,0.29295152,0.0,0.0
FAM13B,0.41552296,0.0,0.0
FAM13C,0.19447097,0.0,0.0
FAM149A,0.11799156,0.0,0.0
FAM149B1,0.12349699,0.0,0.0
FAM151A,0.12344553,0.0,0.0
FAM151B,0.22890937,0.0,0.0
FAM153A,0.20591016,0.0,0.0
FAM153B,0.148753,0.0,0.0
FAM153CP,0.13564761,0.0,0.0
FAM156A,0.094460964,0.0,0.0
FAM156B,0.13891645,0.0,0.0
FAM161A,0.2462272,0.0,-1.0
FAM161B,0.1674118,0.0,0.0
FAM162A,0.1515494,0.0,0.0
FAM162B,0.12911674,0.0,0.0
FAM163A,0.27554184,0.0,0.0
FAM163B,0.18332885,0.0,0.0
FAM166A,0.079370454,0.0,-1.0
FAM166B,0.07945172,0.0,0.0
FAM166C,0.090772435,0.0,0.0
FAM167A,0.22616093,0.0,-1.0
FAM167B,0.08468037,0.0,0.0
FAM168A,0.18922016,0.0,0.0
FAM168B,0.4483433,0.0,0.0
FAM169A,0.22753224,0.0,0.0
FAM170A,0.08060556,0.0,0.0
FAM170B,0.095854655,0.0,0.0
FAM171A1,0.364578,0.0,-1.0
FAM171A2,0.29346067,0.0,0.0
FAM171B,0.2623055,0.0,-1.0
FAM172A,0.34569368,0.0,0.0
FAM174A,0.13007519,0.0,0.0
FAM174B,0.052955557,0.0,0.0
FAM174C,0.13222519,0.0,0.0
FAM177A1,0.11917349,0.0,0.0
FAM178B,0.12951675,0.0,0.0
FAM180A,0.1926454,0.0,0.0
FAM180B,9.372292e-13,0.0,0.0
FAM181A,0.08650256,0.0,0.0
FAM181B,0.11235667,0.0,0.0
FAM182B,0.17308173,0.0,0.0
FAM183A,0.083590545,0.0,0.0
FAM184A,0.2394431,0.0,0.0
FAM184B,0.102224246,0.0,0.0
FAM185A,0.21405359,0.0,0.0
FAM186A,0.10561015,0.0,0.0
FAM186B,0.077995054,0.0,0.0
FAM187B,0.08291463,0.0,0.0
FAM189A1,0.096824676,0.0,0.0
FAM189A2,0.30801776,0.0,0.0
FAM189B,0.19471332,0.0,0.0
FAM193A,0.33520693,0.0,0.0
FAM193B,0.14839521,0.0,0.0
FAM199X,0.3123735,0.0,0.0
FAM200A,0.17566518,0.0,0.0
FAM200B,0.19009314,0.0,0.0
FAM201A,0.022639474,0.0,0.0
FAM204A,0.1959393,0.0,0.0
FAM205A,0.077624284,0.0,0.0
FAM209A,0.08441531,0.0,0.0
FAM209B,0.0807032,0.0,0.0
FAM20A,0.13841861,0.0,0.0
FAM20B,0.18076934,0.0,0.0
FAM20C,0.39393133,0.0,0.0
FAM210A,0.13979024,0.0,0.0
FAM210B,0.20009117,0.0,0.0
FAM214A,0.14692575,0.0,0.0
FAM214B,0.24496348,0.0,0.0
FAM216A,0.24795437,0.0,0.0
FAM216B,0.05145788,0.0,0.0
FAM217A,0.07956294,0.0,0.0
FAM217B,0.18036419,0.0,0.0
FAM218A,0.10964844,0.0,0.0
FAM219A,0.28388825,0.0,0.0
FAM219B,0.14699179,0.0,0.0
FAM220A,0.17818694,0.0,0.0
FAM221A,0.1370736,0.0,0.0
FAM221B,0.08896975,0.0,-1.0
FAM222A,0.19929913,0.0,0.0
FAM222B,0.17901704,0.0,0.0
FAM227B,0.002087842,0.0,-1.0
FAM228A,0.07682194,0.0,0.0
FAM229B,0.09511803,0.0,0.0
FAM234A,0.26592177,0.0,-1.0
FAM234B,0.047286715,0.0,0.0
FAM241A,0.25250265,0.0,-1.0
FAM241B,0.13596755,0.0,0.0
FAM24A,0.07942019,0.0,0.0
FAM24B,0.14655635,0.0,0.0
FAM25A,0.21554443,0.0,0.0
FAM27E3,0.122119755,0.0,0.0
FAM30A,0.20858483,0.0,0.0
FAM32A,0.115848795,0.0,0.0
FAM3A,0.14603545,0.0,0.0
FAM3B,0.22175555,0.0,0.0
FAM3C,0.2878268,0.0,0.0
FAM3D,0.09008557,0.0,0.0
FAM43A,0.14639455,0.0,0.0
FAM43B,0.08775537,0.0,0.0
FAM47A,0.08154952,0.0,0.0
FAM47B,0.07716695,0.0,0.0
FAM50A,0.15227737,0.0,-1.0
FAM50B,0.15626836,0.0,0.0
FAM53A,0.12368706,0.0,0.0
FAM53B,0.22566226,0.0,0.0
FAM53C,0.3490579,0.0,0.0
FAM66B,5.6140325e-06,0.0,0.0
FAM66C,0.04441791,0.0,0.0
FAM72A,0.16055211,0.0,0.0
FAM72B,0.16149302,0.0,0.0
FAM72D,0.13281634,0.0,-1.0
FAM74A1,0.18674095,0.0,0.0
FAM74A4,0.15710874,0.0,0.0
FAM76A,0.18715997,0.0,0.0
FAM76B,0.23715301,0.0,0.0
FAM78A,0.1780788,0.0,0.0
FAM78B,0.13455689,0.0,-1.0
FAM81A,0.12980117,0.0,0.0
FAM81B,0.08954232,0.0,0.0
FAM83A,0.23760484,0.0,0.0
FAM83B,0.35208222,0.0,-1.0
FAM83C,0.20823637,0.0,0.0
FAM83D,0.4080966,0.0,0.0
FAM83E,0.16828322,0.0,0.0
FAM83F,0.11192068,0.0,0.0
FAM83G,0.20482415,0.0,0.0
FAM83H,0.33732748,0.0,-1.0
FAM86B1,0.042379122,0.0,0.0
FAM86B2,0.03780758,0.0,0.0
FAM86C1P,0.13917005,0.0,0.0
FAM89A,0.110252805,0.0,0.0
FAM89B,0.1795299,0.0,0.0
FAM8A1,0.24598521,0.0,0.0
FAM90A1,0.0151613625,0.0,0.0
FAM90A26,2.1874685e-06,0.0,0.0
FAM91A1,0.304072,0.0,-1.0
FAM98A,0.30312636,0.0,0.0
FAM98B,0.2862108,0.0,0.0
FAM98C,0.10316957,0.0,0.0
FAM99B,0.05158947,0.0,0.0
FAM9A,0.16253848,0.0,0.0
FAM9B,0.13238175,0.0,0.0
FAM9C,0.14483798,0.0,0.0
FAN1,0.33520073,0.0,0.0
FANCA,0.42421624,0.0,1.0
FANCB,0.33259207,0.0,-1.0
FANCC,0.50256264,1.0,1.0
FANCD2,0.49357247,0.0,1.0
FANCD2OS,0.079570964,0.0,0.0
FANCE,0.3090107,0.0,1.0
FANCF,0.4653167,0.0,1.0
FANCG,0.42073557,0.0,1.0
FANCI,0.44724816,0.0,-1.0
FANCL,0.39257735,0.0,1.0
FANCM,0.47372162,0.0,-1.0
FANK1,0.28678367,0.0,-1.0
FAP,0.45228106,0.0,0.0
FAR1,0.28663108,0.0,0.0
FAR2,0.17094126,0.0,0.0
FARP1,0.30512485,0.0,0.0
FARP2,0.20084597,0.0,0.0
FARS2,0.25240394,0.0,0.0
FARSA,0.30399847,0.0,0.0
FARSB,0.3030683,0.0,0.0
FAS,0.60456073,1.0,1.0
FASLG,0.6091257,1.0,-1.0
FASN,0.4799493,0.0,-1.0
FASTK,0.32763532,0.0,0.0
FASTKD1,0.16549896,0.0,0.0
FASTKD2,0.19124855,0.0,0.0
FASTKD3,0.17427358,0.0,0.0
FASTKD5,0.22878036,0.0,0.0
FAT1,0.45804417,0.0,1.0
FAT2,0.34913114,0.0,-1.0
FAT3,0.31373605,0.0,1.0
FAT4,0.502467,1.0,1.0
FATE1,0.12703423,0.0,0.0
FAU,0.39458096,0.0,-1.0
FAXC,0.15333506,0.0,0.0
FAXDC2,0.23011401,0.0,0.0
FBF1,0.31981203,0.0,-1.0
FBH1,0.3258639,0.0,-1.0
FBL,0.49636504,0.0,0.0
FBLIM1,0.24843715,0.0,0.0
FBLL1,0.21680027,0.0,0.0
FBLN1,0.47725427,0.0,-1.0
FBLN2,0.46102926,0.0,1.0
FBLN5,0.5046094,1.0,-1.0
FBLN7,0.21672143,0.0,0.0
FBN1,0.59748733,1.0,-1.0
FBN2,0.49505338,0.0,-1.0
FBN3,0.27370748,0.0,-1.0
FBP1,0.29972294,0.0,-1.0
FBP2,0.2994842,0.0,0.0
FBRS,0.24893123,0.0,0.0
FBRSL1,0.19057384,0.0,-1.0
FBXL12,0.21035075,0.0,0.0
FBXL13,0.17877622,0.0,0.0
FBXL14,0.21696274,0.0,0.0
FBXL15,0.18330167,0.0,0.0
FBXL16,0.2087522,0.0,0.0
FBXL17,0.24090528,0.0,-1.0
FBXL18,0.21856692,0.0,0.0
FBXL19,0.27989656,0.0,0.0
FBXL19-AS1,0.16909467,0.0,0.0
FBXL2,0.265711,0.0,0.0
FBXL20,0.2717313,0.0,0.0
FBXL21P,0.16050254,0.0,0.0
FBXL22,0.16334616,0.0,0.0
FBXL3,0.2347933,0.0,0.0
FBXL4,0.3149348,0.0,0.0
FBXL5,0.28261203,0.0,0.0
FBXL6,0.26636434,0.0,0.0
FBXL7,0.32233527,0.0,-1.0
FBXL8,0.19775707,0.0,0.0
FBXO10,0.18036155,0.0,0.0
FBXO11,0.35527173,0.0,1.0
FBXO15,0.28729442,0.0,-1.0
FBXO16,0.09743023,0.0,0.0
FBXO17,0.18498066,0.0,0.0
FBXO2,0.21941817,0.0,0.0
FBXO21,0.22094999,0.0,0.0
FBXO22,0.30724657,0.0,0.0
FBXO24,0.101788245,0.0,0.0
FBXO25,0.26007706,0.0,-1.0
FBXO27,0.14865254,0.0,0.0
FBXO28,0.25038037,0.0,-1.0
FBXO3,0.24057686,0.0,0.0
FBXO30,0.26642823,0.0,0.0
FBXO31,0.22698845,0.0,-1.0
FBXO32,0.36842504,0.0,-1.0
FBXO33,0.18938802,0.0,0.0
FBXO34,0.17738278,0.0,0.0
FBXO36,0.13279586,0.0,0.0
FBXO38,0.34773344,0.0,0.0
FBXO39,0.09529482,0.0,0.0
FBXO4,0.21925981,0.0,0.0
FBXO40,0.2483083,0.0,-1.0
FBXO41,0.19467999,0.0,0.0
FBXO42,0.31242225,0.0,0.0
FBXO43,0.25936237,0.0,0.0
FBXO44,0.19522388,0.0,0.0
FBXO45,0.23672196,0.0,0.0
FBXO46,0.27115935,0.0,0.0
FBXO47,0.08593584,0.0,0.0
FBXO48,0.20772347,0.0,0.0
FBXO5,0.42847604,0.0,-1.0
FBXO6,0.29851213,0.0,0.0
FBXO7,0.27800265,0.0,-1.0
FBXO8,0.33157477,0.0,0.0
FBXO9,0.21881673,0.0,-1.0
FBXW10,0.15896378,0.0,0.0
FBXW10B,0.22506937,0.0,0.0
FBXW11,0.41364148,0.0,0.0
FBXW12,0.18153647,0.0,0.0
FBXW2,0.19706155,0.0,0.0
FBXW4,0.18055962,0.0,-1.0
FBXW4P1,0.21332246,0.0,0.0
FBXW5,0.2370992,0.0,-1.0
FBXW7,0.486434,0.0,1.0
FBXW8,0.26457036,0.0,0.0
FBXW9,0.20356199,0.0,0.0
FCAMR,0.08431337,0.0,0.0
FCAR,0.32084048,0.0,0.0
FCER1A,0.31262374,0.0,-1.0
FCER1G,0.41753715,0.0,0.0
FCER2,0.3432265,0.0,-1.0
FCF1,0.17796731,0.0,-1.0
FCGBP,0.20567326,0.0,0.0
FCGR1A,0.49316368,0.0,-1.0
FCGR1BP,0.26054525,0.0,0.0
FCGR2A,0.518443,1.0,-1.0
FCGR2B,0.50894976,1.0,1.0
FCGR2C,0.082760274,0.0,0.0
FCGR3A,0.5124464,1.0,-1.0
FCGR3B,0.50824386,1.0,0.0
FCGRT,0.39603743,0.0,0.0
FCHO1,0.2744401,0.0,0.0
FCHO2,0.39498085,0.0,0.0
FCHSD1,0.25007403,0.0,0.0
FCHSD2,0.29429984,0.0,0.0
FCMR,0.31695002,0.0,0.0
FCN1,0.37740332,0.0,0.0
FCN2,0.3009324,0.0,0.0
FCN3,0.26623625,0.0,0.0
FCP1,0.0013841103,0.0,0.0
FCRL1,0.15595682,0.0,-1.0
FCRL2,0.2066017,0.0,0.0
FCRL3,0.19936375,0.0,-1.0
FCRL4,0.21255259,0.0,1.0
FCRL5,0.19925304,0.0,-1.0
FCRL6,0.17638992,0.0,0.0
FCRLA,0.28501838,0.0,0.0
FCRLB,0.14840269,0.0,0.0
FCSK,0.20315954,0.0,-1.0
FDCSP,0.13141535,0.0,0.0
FDFT1,0.2606065,0.0,0.0
FDPS,0.36565465,0.0,0.0
FDX1,0.26262462,0.0,-1.0
FDX2,0.20542356,0.0,0.0
FDXACB1,0.13109462,0.0,0.0
FDXR,0.28069836,0.0,-1.0
FECH,0.3399736,0.0,-1.0
FEM1A,0.34393248,0.0,-1.0
FEM1B,0.3763709,0.0,0.0
FEM1C,0.3716755,0.0,0.0
FEN1,0.5159499,1.0,1.0
FER,0.5086473,1.0,0.0
FER1L6,1.31182044e-11,0.0,0.0
FERD3L,0.16859347,0.0,-1.0
FERMT1,0.28013402,0.0,0.0
FERMT2,0.5156384,1.0,0.0
FERMT3,0.3422477,0.0,-1.0
FES,0.44968343,0.0,1.0
FETUB,0.18493864,0.0,0.0
FEV,0.33770552,0.0,1.0
FEZ1,0.31530577,0.0,0.0
FEZ2,0.21501975,0.0,0.0
FEZF1,0.33114502,0.0,0.0
FEZF2,0.35279864,0.0,0.0
FFAR1,0.21616365,0.0,0.0
FFAR2,0.22955394,0.0,0.0
FFAR3,0.20860879,0.0,0.0
FFAR4,0.21548267,0.0,0.0
FGA,0.39457136,0.0,-1.0
FGB,0.35581535,0.0,-1.0
FGD1,0.36076623,0.0,-1.0
FGD2,0.18871498,0.0,0.0
FGD3,0.25122777,0.0,0.0
FGD4,0.29142055,0.0,-1.0
FGD5,0.13704048,0.0,0.0
FGD6,0.24402007,0.0,0.0
FGF1,0.61882967,1.0,-1.0
FGF10,0.56254584,1.0,-1.0
FGF11,0.42951775,0.0,-1.0
FGF12,0.41735286,0.0,-1.0
FGF13,0.45496893,0.0,-1.0
FGF14,0.4769408,0.0,-1.0
FGF16,0.46725222,0.0,-1.0
FGF17,0.51967484,1.0,-1.0
FGF18,0.5354693,1.0,-1.0
FGF19,0.5292019,1.0,1.0
FGF2,0.6845345,1.0,-1.0
FGF20,0.5174352,1.0,-1.0
FGF21,0.47491404,0.0,-1.0
FGF22,0.43225747,0.0,-1.0
FGF23,0.4915931,0.0,-1.0
FGF3,0.5424724,1.0,1.0
FGF4,0.58915716,1.0,1.0
FGF5,0.5240055,1.0,-1.0
FGF6,0.52630293,1.0,-1.0
FGF7,0.61602056,1.0,-1.0
FGF8,0.5770315,1.0,-1.0
FGF9,0.5703255,1.0,-1.0
FGFBP1,0.31965628,0.0,-1.0
FGFBP2,0.10596861,0.0,0.0
FGFBP3,0.095122,0.0,0.0
FGFR1,0.6448849,1.0,1.0
FGFR1OP2,0.36004347,0.0,-1.0
FGFR2,0.62650746,1.0,1.0
FGFR3,0.59197855,1.0,1.0
FGFR4,0.53369963,1.0,1.0
FGFRL1,0.39862177,0.0,0.0
FGG,0.34273878,0.0,-1.0
FGGY,0.19608371,0.0,-1.0
FGL1,0.24194396,0.0,0.0
FGL2,0.44388884,0.0,0.0
FGR,0.6065345,1.0,-1.0
FH,0.31473762,0.0,1.0
FHDC1,0.28916842,0.0,0.0
FHIP1A,0.20314135,0.0,0.0
FHIP1B,0.15696672,0.0,0.0
FHIP2A,0.19890861,0.0,0.0
FHIP2B,0.17996944,0.0,0.0
FHIT,0.41139543,0.0,1.0
FHL1,0.39489025,0.0,-1.0
FHL2,0.5065291,1.0,-1.0
FHL3,0.3579126,0.0,0.0
FHL5,0.24743143,0.0,0.0
FHOD1,0.31505036,0.0,-1.0
FHOD3,0.28176117,0.0,0.0
FIBCD1,0.25612947,0.0,0.0
FIBIN,0.2230641,0.0,0.0
FIBP,0.1732165,0.0,0.0
FICD,0.37572226,0.0,0.0
FIG4,0.41493684,0.0,-1.0
FIGLA,0.27381575,0.0,-1.0
FIGN,0.34184113,0.0,0.0
FIGNL1,0.4191139,0.0,-1.0
FILIP1,0.17038044,0.0,0.0
FILIP1L,0.46352735,0.0,-1.0
FIP1L1,0.4218394,0.0,1.0
FIS1,0.16682065,0.0,0.0
FITM1,0.14646597,0.0,0.0
FITM2,0.15660818,0.0,0.0
FIZ1,0.28561014,0.0,-1.0
FJX1,0.2565998,0.0,0.0
FKBP10,0.30908924,0.0,-1.0
FKBP11,0.2814167,0.0,0.0
FKBP14,0.3034946,0.0,0.0
FKBP15,0.311887,0.0,0.0
FKBP1A,0.46649256,0.0,0.0
FKBP1B,0.33379057,0.0,0.0
FKBP1C,0.37484705,0.0,0.0
FKBP2,0.32917932,0.0,0.0
FKBP3,0.3301239,0.0,0.0
FKBP4,0.44545618,0.0,0.0
FKBP5,0.3492717,0.0,-1.0
FKBP6,0.21069705,0.0,0.0
FKBP7,0.3048797,0.0,0.0
FKBP8,0.4043256,0.0,-1.0
FKBP9,0.3625596,0.0,1.0
FKBPL,0.3118797,0.0,0.0
FKRP,0.23042166,0.0,-1.0
FKTN,0.27416322,0.0,-1.0
FLACC1,0.21963492,0.0,0.0
FLAD1,0.21381216,0.0,0.0
FLCN,0.29028141,0.0,1.0
FLG,0.25520027,0.0,-1.0
FLG2,0.14426835,0.0,0.0
FLI1,0.42855322,0.0,1.0
FLII,0.5204918,1.0,-1.0
FLNA,0.62219477,1.0,1.0
FLNB,0.5664613,1.0,-1.0
FLNC,0.49032846,0.0,-1.0
FLOT1,0.3958442,0.0,0.0
FLOT2,0.41432205,0.0,0.0
FLRT1,0.34637251,0.0,0.0
FLRT2,0.36178538,0.0,-1.0
FLRT3,0.3676762,0.0,0.0
FLT1,0.6407473,1.0,1.0
FLT3,0.56848395,1.0,1.0
FLT3LG,0.47543123,0.0,-1.0
FLT4,0.54042965,1.0,1.0
FLVCR1,0.35583758,0.0,0.0
FLVCR1-DT,0.021760313,0.0,0.0
FLVCR2,0.27227375,0.0,-1.0
FLYWCH1,0.19208983,0.0,-1.0
FLYWCH2,0.23485833,0.0,0.0
FMC1,0.09622127,0.0,0.0
FMN1,0.46319848,0.0,0.0
FMN2,0.26500872,0.0,-1.0
FMNL1,0.35448894,0.0,-1.0
FMNL2,0.27932304,0.0,-1.0
FMNL3,0.26620033,0.0,-1.0
FMO1,0.18539535,0.0,0.0
FMO2,0.3046083,0.0,0.0
FMO3,0.21492913,0.0,0.0
FMO4,0.17079173,0.0,0.0
FMO5,0.21838349,0.0,0.0
FMO6P,1.4443092e-05,0.0,0.0
FMOD,0.5052336,1.0,-1.0
FMR1,0.53930825,1.0,-1.0
FMR1NB,0.07921867,0.0,0.0
FN1,0.6713547,1.0,-1.0
FN3K,0.18145725,0.0,0.0
FN3KRP,0.16166036,0.0,-1.0
FNBP1,0.42833805,0.0,-1.0
FNBP1L,0.34753507,0.0,-1.0
FNBP4,0.33316943,0.0,-1.0
FNDC1,0.27719,0.0,0.0
FNDC11,0.08301478,0.0,0.0
FNDC3A,0.41045573,0.0,0.0
FNDC3B,0.35744792,0.0,0.0
FNDC4,0.2566904,0.0,0.0
FNDC5,0.19362801,0.0,0.0
FNDC8,0.09071505,0.0,0.0
FNDC9,0.26151493,0.0,0.0
FNIP1,0.36057058,0.0,-1.0
FNIP2,0.16538833,0.0,0.0
FNTA,0.24588726,0.0,0.0
FNTB,0.25979856,0.0,0.0
FOCAD,0.17423244,0.0,0.0
FOLH1,0.38332802,0.0,-1.0
FOLR1,0.24372002,0.0,0.0
FOLR2,0.30540812,0.0,0.0
FOLR3,0.171191,0.0,0.0
FOS,0.7728777,1.0,-1.0
FOSB,0.51172423,1.0,-1.0
FOSL1,0.62634575,1.0,-1.0
FOSL2,0.5069393,1.0,-1.0
FOXA1,0.54538035,1.0,1.0
FOXA2,0.47208023,0.0,-1.0
FOXA3,0.3072349,0.0,0.0
FOXB1,0.29830164,0.0,0.0
FOXB2,0.23333235,0.0,-1.0
FOXC1,0.48328188,0.0,-1.0
FOXC2,0.42449167,0.0,-1.0
FOXD1,0.25285468,0.0,0.0
FOXD2,0.265555,0.0,0.0
FOXD2-AS1,0.02596703,0.0,0.0
FOXD3,0.42980382,0.0,0.0
FOXD4,0.25315276,0.0,0.0
FOXD4L1,0.24451591,0.0,0.0
FOXD4L3,0.2478693,0.0,0.0
FOXD4L4,0.25094044,0.0,0.0
FOXD4L5,0.25096533,0.0,0.0
FOXD4L6,0.18142782,0.0,0.0
FOXE1,0.37117434,0.0,-1.0
FOXE3,0.25077665,0.0,-1.0
FOXF1,0.3847888,0.0,1.0
FOXF2,0.38698456,0.0,0.0
FOXG1,0.45663828,0.0,-1.0
FOXH1,0.35897824,0.0,0.0
FOXI1,0.2967978,0.0,0.0
FOXI2,0.23923376,0.0,0.0
FOXJ1,0.33568415,0.0,-1.0
FOXJ2,0.2873475,0.0,0.0
FOXJ3,0.35020232,0.0,0.0
FOXK1,0.42142388,0.0,-1.0
FOXK2,0.34276247,0.0,-1.0
FOXL1,0.31324002,0.0,-1.0
FOXL2,0.36650515,0.0,1.0
FOXL2NB,0.112019226,0.0,0.0
FOXM1,0.6168676,1.0,-1.0
FOXN1,0.2934698,0.0,0.0
FOXN2,0.34020844,0.0,0.0
FOXN3,0.30828056,0.0,0.0
FOXN4,0.3215716,0.0,0.0
FOXO1,0.57229936,1.0,1.0
FOXO3,0.5544937,1.0,1.0
FOXO3B,0.0026247331,0.0,0.0
FOXO4,0.42049223,0.0,1.0
FOXO6,0.272175,0.0,-1.0
FOXP1,0.46032652,0.0,1.0
FOXP2,0.39496464,0.0,-1.0
FOXP3,0.53429973,1.0,-1.0
FOXP4,0.2635489,0.0,0.0
FOXQ1,0.2644967,0.0,-1.0
FOXR1,0.1771643,0.0,1.0
FOXR2,0.15252423,0.0,-1.0
FOXRED1,0.26703492,0.0,0.0
FOXRED2,0.21120027,0.0,0.0
FOXS1,0.2549731,0.0,0.0
FPGS,0.22963066,0.0,0.0
FPGT,0.21068773,0.0,0.0
FPGT-TNNI3K,0.34319332,0.0,0.0
FPR1,0.46354845,0.0,-1.0
FPR2,0.33107743,0.0,0.0
FPR3,0.33354285,0.0,0.0
FRA10AC1,0.15930243,0.0,-1.0
FRA10F,0.021284133,0.0,0.0
FRAS1,0.2425926,0.0,-1.0
FRAT1,0.28104684,0.0,-1.0
FRAT2,0.29996544,0.0,-1.0
FREM1,0.21959803,0.0,0.0
FREM2,0.22615013,0.0,-1.0
FREM3,0.19838549,0.0,0.0
FRG1,0.28839067,0.0,-1.0
FRG1BP,0.21818331,0.0,0.0
FRG2,0.19984357,0.0,0.0
FRG2C,0.16310893,0.0,0.0
FRK,0.29614368,0.0,0.0
FRMD1,0.21674646,0.0,0.0
FRMD3,0.12332795,0.0,0.0
FRMD4A,0.2669891,0.0,0.0
FRMD4B,0.24128607,0.0,0.0
FRMD5,0.17165683,0.0,0.0
FRMD6,0.31878304,0.0,0.0
FRMD7,0.26127744,0.0,-1.0
FRMD8,0.24325638,0.0,-1.0
FRMPD1,0.27054414,0.0,0.0
FRMPD2,0.25629175,0.0,-1.0
FRMPD3,0.15520892,0.0,0.0
FRMPD4,0.23471472,0.0,-1.0
FRRS1,0.15945463,0.0,0.0
FRRS1L,0.0005352086,0.0,0.0
FRS2,0.32915384,0.0,-1.0
FRS3,0.29866526,0.0,0.0
FRY,0.34687185,0.0,0.0
FRYL,0.4393966,0.0,-1.0
FRZB,0.59960395,1.0,-1.0
FSBP,0.17975189,0.0,0.0
FSCB,0.079639316,0.0,-1.0
FSCN1,0.55716664,1.0,-1.0
FSCN2,0.20627503,0.0,-1.0
FSCN3,0.14401482,0.0,0.0
FSD1,0.42899373,0.0,0.0
FSD1L,0.4250525,0.0,0.0
FSD2,0.19982775,0.0,0.0
FSHB,0.47038317,0.0,0.0
FSHR,0.34622392,0.0,-1.0
FSIP1,0.17222159,0.0,-1.0
FSIP2,0.009008663,0.0,-1.0
FST,0.56597334,1.0,-1.0
FSTL1,0.45075753,0.0,0.0
FSTL3,0.392556,0.0,1.0
FSTL4,0.2781668,0.0,0.0
FSTL5,0.22940569,0.0,-1.0
FTCD,0.19185166,0.0,-1.0
FTH1,0.48530966,0.0,-1.0
FTHL17,0.13203847,0.0,0.0
FTL,0.330255,0.0,-1.0
FTMT,0.11438476,0.0,0.0
FTO,0.40018952,0.0,-1.0
FTSJ1,0.2618354,0.0,-1.0
FTSJ3,0.29067573,0.0,0.0
FUBP1,0.3674109,0.0,1.0
FUBP3,0.38175595,0.0,-1.0
FUCA1,0.24469839,0.0,-1.0
FUCA2,0.10626864,0.0,0.0
FUNDC1,0.21069281,0.0,0.0
FUNDC2,0.18752342,0.0,0.0
FUNDC2P2,0.17204937,0.0,0.0
FUOM,0.11637563,0.0,0.0
FURIN,0.5778344,1.0,1.0
FUS,0.57925946,1.0,1.0
FUT1,0.35384542,0.0,0.0
FUT10,0.14224152,0.0,0.0
FUT11,0.12388922,0.0,0.0
FUT2,0.32745335,0.0,0.0
FUT3,0.46293694,0.0,0.0
FUT4,0.5658988,1.0,0.0
FUT5,0.24098934,0.0,0.0
FUT6,0.24322079,0.0,0.0
FUT7,0.27286652,0.0,0.0
FUT8,0.19361454,0.0,-1.0
FUT9,0.22020459,0.0,0.0
FUZ,0.4267646,0.0,0.0
FXN,0.35562107,0.0,-1.0
FXR1,0.42344892,0.0,-1.0
FXR2,0.37756574,0.0,0.0
FXYD1,0.38093886,0.0,0.0
FXYD2,0.19486232,0.0,0.0
FXYD3,0.24619567,0.0,-1.0
FXYD4,0.15302335,0.0,0.0
FXYD5,0.44112724,0.0,-1.0
FXYD6,0.18289359,0.0,0.0
FXYD7,0.24518774,0.0,0.0
FYB1,0.47988343,0.0,0.0
FYB2,0.13643631,0.0,-1.0
FYCO1,0.2235239,0.0,0.0
FYN,0.6827574,1.0,1.0
FYTTD1,0.24376822,0.0,0.0
FZD1,0.5861206,1.0,-1.0
FZD10,0.45690414,0.0,-1.0
FZD2,0.52493703,1.0,-1.0
FZD3,0.47439986,0.0,-1.0
FZD4,0.5592982,1.0,-1.0
FZD5,0.5047682,1.0,-1.0
FZD6,0.5044103,1.0,-1.0
FZD7,0.54662067,1.0,-1.0
FZD8,0.47996986,0.0,-1.0
FZD9,0.4899473,0.0,-1.0
FZR1,0.37059858,0.0,0.0
G0S2,0.3471981,0.0,0.0
G2E3,0.29331434,0.0,-1.0
G3BP1,0.39190543,0.0,-1.0
G3BP2,0.34870878,0.0,-1.0
G6PC1,0.3447997,0.0,-1.0
G6PC2,0.23062018,0.0,0.0
G6PC3,0.15065077,0.0,-1.0
G6PD,0.2597087,0.0,-1.0
GAA,0.32259095,0.0,-1.0
GAB1,0.47229287,0.0,1.0
GAB2,0.45590332,0.0,1.0
GAB3,0.32818416,0.0,-1.0
GAB4,0.11667931,0.0,0.0
GABARAP,0.4098941,0.0,-1.0
GABARAPL1,0.42290643,0.0,-1.0
GABARAPL2,0.3950005,0.0,-1.0
GABARAPL3,0.021712951,0.0,0.0
GABBR1,0.30711666,0.0,0.0
GABBR2,0.30702624,0.0,0.0
GABPA,0.15426148,0.0,0.0
GABPB1,0.37249827,0.0,-1.0
GABPB1-IT1,0.027806288,0.0,0.0
GABPB2,0.4022166,0.0,0.0
GABRA1,0.2840958,0.0,-1.0
GABRA2,0.24273734,0.0,-1.0
GABRA3,0.25340056,0.0,0.0
GABRA4,0.21542281,0.0,0.0
GABRA5,0.21279524,0.0,0.0
GABRA6,0.20965493,0.0,-1.0
GABRB1,0.21800113,0.0,0.0
GABRB2,0.26747212,0.0,-1.0
GABRB3,0.2907096,0.0,-1.0
GABRD,0.27298942,0.0,-1.0
GABRE,0.24867763,0.0,0.0
GABRG1,0.1665307,0.0,-1.0
GABRG2,0.28073025,0.0,-1.0
GABRG3,0.21548992,0.0,0.0
GABRP,0.19863187,0.0,0.0
GABRQ,0.21591593,0.0,0.0
GABRR1,0.20689043,0.0,0.0
GABRR2,0.2161487,0.0,0.0
GABRR3,3.8910367e-10,0.0,0.0
GAD1,0.4897114,0.0,-1.0
GAD2,0.44735834,0.0,0.0
GADD45A,0.56425214,1.0,-1.0
GADD45B,0.49371788,0.0,-1.0
GADD45G,0.36158293,0.0,-1.0
GADD45GIP1,0.22453573,0.0,-1.0
GADL1,0.218508,0.0,0.0
GAGE1,0.103253365,0.0,0.0
GAGE12B,0.00016606254,0.0,0.0
GAGE12C,0.121772975,0.0,0.0
GAGE12D,0.11614043,0.0,0.0
GAGE12E,0.118649945,0.0,0.0
GAGE12F,0.10338106,0.0,0.0
GAGE12G,0.27439258,0.0,0.0
GAGE12I,0.025133869,0.0,0.0
GAGE2A,0.08786835,0.0,0.0
GAGE2B,0.06634599,0.0,0.0
GAGE2C,0.08570969,0.0,0.0
GAGE2E,0.00016606254,0.0,0.0
GAGE4,0.008266898,0.0,0.0
GAGE5,0.026557373,0.0,0.0
GAGE6,0.025939815,0.0,0.0
GAGE7,0.008266898,0.0,0.0
GAGE8,0.00020344192,0.0,0.0
GAK,0.4498169,0.0,-1.0
GAL,0.46443412,0.0,0.0
GAL3ST1,0.21677838,0.0,-1.0
GAL3ST2,0.026944917,0.0,0.0
GAL3ST3,0.036477506,0.0,0.0
GAL3ST4,0.18241224,0.0,0.0
GALC,0.38195673,0.0,-1.0
GALE,0.29621896,0.0,-1.0
GALK1,0.3659481,0.0,-1.0
GALK2,0.34493396,0.0,0.0
GALM,0.19789493,0.0,0.0
GALNS,0.21582136,0.0,-1.0
GALNT1,0.21754521,0.0,0.0
GALNT10,0.13143028,0.0,0.0
GALNT11,0.15614532,0.0,0.0
GALNT12,0.17143697,0.0,-1.0
GALNT13,0.10565542,0.0,-1.0
GALNT14,0.12677652,0.0,0.0
GALNT15,0.12713714,0.0,0.0
GALNT16,0.11993788,0.0,0.0
GALNT17,0.13598223,0.0,0.0
GALNT18,0.13650866,0.0,0.0
GALNT2,0.22870997,0.0,0.0
GALNT3,0.19504082,0.0,-1.0
GALNT4,0.09810383,0.0,0.0
GALNT5,0.11788543,0.0,-1.0
GALNT6,0.15525204,0.0,-1.0
GALNT7,0.18381326,0.0,0.0
GALNT8,0.1606242,0.0,0.0
GALNT9,0.12977238,0.0,0.0
GALNTL5,0.07720442,0.0,-1.0
GALNTL6,0.11733271,0.0,-1.0
GALP,0.24958083,0.0,0.0
GALR1,0.25195417,0.0,0.0
GALR2,0.23876967,0.0,0.0
GALR3,0.22302586,0.0,0.0
GALT,0.21038254,0.0,-1.0
GAMT,0.26063186,0.0,0.0
GAN,0.29864588,0.0,-1.0
GANAB,0.3412764,0.0,0.0
GANC,0.26224905,0.0,0.0
GAP43,0.49653617,0.0,0.0
GAPDH,0.7016278,1.0,-1.0
GAPDHS,0.2565535,0.0,0.0
GAPT,0.19299316,0.0,0.0
GAPVD1,0.4567226,0.0,0.0
GAR1,0.22121634,0.0,0.0
GAREM1,0.23028646,0.0,0.0
GAREM2,0.19283889,0.0,0.0
GARIN1A,0.040204316,0.0,0.0
GARIN1B,0.08223879,0.0,0.0
GARIN2,0.09215669,0.0,0.0
GARIN3,0.074168414,0.0,0.0
GARIN4,0.083501555,0.0,0.0
GARIN5B,0.11012213,0.0,0.0
GARIN6,0.07751895,0.0,0.0
GARNL3,0.20713212,0.0,0.0
GARRE1,0.27905583,0.0,0.0
GARS1,0.29214108,0.0,-1.0
GART,0.44637263,0.0,-1.0
GAS1,0.50984055,1.0,-1.0
GAS2,0.2690529,0.0,0.0
GAS2L1,0.29717502,0.0,0.0
GAS2L2,0.22683479,0.0,0.0
GAS2L3,0.31150657,0.0,0.0
GAS5,0.21304247,0.0,-1.0
GAS6,0.5148061,1.0,-1.0
GAS7,0.38489437,0.0,1.0
GAS8,0.20045519,0.0,0.0
GAS8-AS1,0.23022248,0.0,0.0
GASK1A,0.20011513,0.0,0.0
GASK1B,0.35079506,0.0,0.0
GAST,0.5241148,1.0,-1.0
GATA1,0.45166293,0.0,1.0
GATA2,0.5228774,1.0,1.0
GATA3,0.5749943,1.0,1.0
GATA4,0.5414365,1.0,-1.0
GATA5,0.33386666,0.0,0.0
GATA6,0.501289,1.0,-1.0
GATAD1,0.2531876,0.0,-1.0
GATAD2A,0.32322988,0.0,0.0
GATAD2B,0.33085653,0.0,0.0
GATB,0.17547671,0.0,0.0
GATC,0.18461075,0.0,0.0
GATD1,0.18233712,0.0,0.0
GATD3,0.23893332,0.0,-1.0
GATM,0.2208155,0.0,-1.0
GBA,0.40526307,0.0,-1.0
GBA2,0.2568548,0.0,0.0
GBA3,0.16793874,0.0,0.0
GBAP1,0.24354497,0.0,0.0
GBE1,0.29243618,0.0,-1.0
GBF1,0.39083228,0.0,0.0
GBGT1,0.13303448,0.0,0.0
GBP1,0.38237476,0.0,-1.0
GBP2,0.42191055,0.0,0.0
GBP3,0.23792581,0.0,0.0
GBP4,0.19837607,0.0,0.0
GBP5,0.20987466,0.0,0.0
GBP6,0.2312331,0.0,0.0
GBP7,0.19193669,0.0,0.0
GBX1,0.3141431,0.0,0.0
GBX2,0.4232206,0.0,0.0
GC,0.3114491,0.0,0.0
GCA,0.3448891,0.0,0.0
GCAT,0.24424297,0.0,0.0
GCC1,0.30728948,0.0,0.0
GCC2,0.38688195,0.0,-1.0
GCDH,0.21660808,0.0,-1.0
GCFC2,0.27463433,0.0,-1.0
GCG,0.55076844,1.0,0.0
GCGR,0.36009607,0.0,0.0
GCH1,0.35952693,0.0,-1.0
GCHFR,0.15211743,0.0,0.0
GCK,0.4410021,0.0,-1.0
GCKR,0.24552642,0.0,-1.0
GCLC,0.31454098,0.0,-1.0
GCLM,0.300808,0.0,0.0
GCM1,0.2993522,0.0,0.0
GCM2,0.22700925,0.0,-1.0
GCN1,0.39967632,0.0,0.0
GCNA,0.2734712,0.0,0.0
GCNT1,0.13906832,0.0,0.0
GCNT2,0.15726942,0.0,0.0
GCNT3,0.11893051,0.0,-1.0
GCNT4,0.15167204,0.0,0.0
GCNT7,0.28357217,0.0,0.0
GCOM1,0.25646615,0.0,0.0
GCSAM,0.30926552,0.0,0.0
GCSH,0.23354712,0.0,-1.0
GDA,0.20476726,0.0,0.0
GDAP1,0.22678053,0.0,-1.0
GDAP1L1,0.18170074,0.0,0.0
GDAP2,0.3291207,0.0,0.0
GDE1,0.41685766,0.0,0.0
GDF1,0.34380746,0.0,-1.0
GDF10,0.45040417,0.0,-1.0
GDF11,0.48916358,0.0,0.0
GDF15,0.4593627,0.0,-1.0
GDF2,0.41201034,0.0,0.0
GDF3,0.4863743,0.0,0.0
GDF5,0.5374105,1.0,-1.0
GDF6,0.488725,0.0,-1.0
GDF7,0.49034908,0.0,0.0
GDF9,0.32556257,0.0,0.0
GDI1,0.3368088,0.0,-1.0
GDI2,0.36218214,0.0,0.0
GDI2P1,0.025995215,0.0,0.0
GDNF,0.58259594,1.0,-1.0
GDPD1,0.20915605,0.0,0.0
GDPD2,0.24700129,0.0,0.0
GDPD3,0.1970154,0.0,0.0
GDPD4,0.11515757,0.0,0.0
GDPD5,0.18970239,0.0,0.0
GDPGP1,0.13753536,0.0,0.0
GEM,0.4537369,0.0,0.0
GEMIN2,0.33015057,0.0,0.0
GEMIN4,0.33665884,0.0,0.0
GEMIN5,0.32904094,0.0,0.0
GEMIN6,0.23062688,0.0,0.0
GEMIN7,0.2631588,0.0,0.0
GEMIN8,0.21848568,0.0,0.0
GEMIN8P4,0.07223679,0.0,0.0
GEN1,0.53356254,1.0,-1.0
GET1,0.25903845,0.0,0.0
GET3,0.24131459,0.0,0.0
GET4,0.4207007,0.0,0.0
GFAP,0.5979422,1.0,-1.0
GFER,0.40268868,0.0,-1.0
GFI1,0.39970574,0.0,-1.0
GFI1B,0.3372813,0.0,-1.0
GFM1,0.3177226,0.0,-1.0
GFM2,0.31502587,0.0,0.0
GFOD1,0.21229778,0.0,0.0
GFOD2,0.20031548,0.0,0.0
GFPT1,0.4188157,0.0,0.0
GFPT2,0.44146883,0.0,0.0
GFRA1,0.36486876,0.0,-1.0
GFRA2,0.2979091,0.0,0.0
GFRA3,0.28444216,0.0,0.0
GFRA4,0.17721158,0.0,0.0
GFRAL,0.19886778,0.0,-1.0
GFUS,0.22088711,0.0,0.0
GGA1,0.38875636,0.0,-1.0
GGA2,0.32246065,0.0,0.0
GGA3,0.32994938,0.0,-1.0
GGACT,0.18886922,0.0,0.0
GGCT,0.38803953,0.0,-1.0
GGCX,0.23940928,0.0,-1.0
GGH,0.3473722,0.0,-1.0
GGN,0.10847928,0.0,0.0
GGNBP1,0.076673,0.0,0.0
GGNBP2,0.1958169,0.0,0.0
GGPS1,0.2926895,0.0,0.0
GGT1,0.6135875,1.0,0.0
GGT2,0.6086973,1.0,0.0
GGT3P,7.777745e-06,0.0,0.0
GGT5,0.35193092,0.0,0.0
GGT6,0.18645263,0.0,0.0
GGT7,0.14990579,0.0,0.0
GGTLC1,0.19996114,0.0,0.0
GGTLC2,0.0835434,0.0,0.0
GH1,0.5499673,1.0,-1.0
GH2,0.42632332,0.0,0.0
GHDC,0.21158664,0.0,0.0
GHITM,0.16823749,0.0,0.0
GHR,0.52569175,1.0,-1.0
GHRH,0.5318431,1.0,-1.0
GHRHR,0.3206168,0.0,-1.0
GHRL,0.39852083,0.0,-1.0
GHSR,0.2924336,0.0,-1.0
GID4,0.18097337,0.0,-1.0
GID8,0.032350883,0.0,0.0
GIGYF1,0.30462965,0.0,0.0
GIGYF2,0.38482228,0.0,-1.0
GIMAP1,0.29611614,0.0,0.0
GIMAP1-GIMAP5,0.14037713,0.0,0.0
GIMAP2,0.2717584,0.0,0.0
GIMAP4,0.35933027,0.0,-1.0
GIMAP5,0.35374585,0.0,0.0
GIMAP6,0.30850905,0.0,0.0
GIMAP7,0.28009292,0.0,-1.0
GIMAP8,0.40098327,0.0,0.0
GIN1,0.28629088,0.0,0.0
GINM1,0.18898533,0.0,0.0
GINS1,0.43074435,0.0,-1.0
GINS2,0.43254337,0.0,0.0
GINS3,0.359053,0.0,0.0
GINS4,0.34113955,0.0,0.0
GIP,0.46424717,0.0,-1.0
GIPC1,0.37559447,0.0,0.0
GIPC2,0.23911656,0.0,0.0
GIPC3,0.25277364,0.0,0.0
GIPR,0.29711896,0.0,0.0
GIT1,0.40859008,0.0,0.0
GIT2,0.3987332,0.0,0.0
GJA1,0.60172474,1.0,-1.0
GJA10,0.10083579,0.0,0.0
GJA3,0.26259956,0.0,-1.0
GJA4,0.32930383,0.0,0.0
GJA5,0.27735573,0.0,-1.0
GJA8,0.13696773,0.0,0.0
GJA9,0.011212183,0.0,0.0
GJB1,0.3605864,0.0,-1.0
GJB2,0.3911833,0.0,-1.0
GJB3,0.3579985,0.0,-1.0
GJB4,0.17436841,0.0,-1.0
GJB5,0.3000133,0.0,0.0
GJB6,0.42613903,0.0,-1.0
GJB7,0.14411323,0.0,0.0
GJC1,0.3068213,0.0,0.0
GJC2,0.3113299,0.0,-1.0
GJC3,0.16015998,0.0,0.0
GJD2,0.25747618,0.0,0.0
GJD3,0.089058325,0.0,0.0
GJD4,0.07122436,0.0,0.0
GJE1,0.11047945,0.0,0.0
GK,0.3268132,0.0,0.0
GK2,0.13455017,0.0,0.0
GK3P,0.0012821332,0.0,0.0
GK5,0.25420824,0.0,0.0
GKAP1,0.1279068,0.0,0.0
GKN1,0.18561023,0.0,0.0
GKN2,0.3034266,0.0,0.0
GLA,0.3236026,0.0,-1.0
GLB1,0.46131882,0.0,-1.0
GLB1L,0.09988166,0.0,0.0
GLB1L2,0.121592954,0.0,0.0
GLB1L3,0.030802058,0.0,0.0
GLCCI1,0.232935,0.0,0.0
GLCE,0.29535818,0.0,0.0
GLDC,0.2853372,0.0,-1.0
GLDN,0.19692451,0.0,0.0
GLE1,0.2999671,0.0,-1.0
GLG1,0.36034507,0.0,0.0
GLI1,0.54822713,1.0,1.0
GLI2,0.5646459,1.0,-1.0
GLI3,0.6088173,1.0,-1.0
GLI4,0.27618238,0.0,-1.0
GLIDR,0.092646144,0.0,0.0
GLIPR1,0.3907101,0.0,0.0
GLIPR1L1,0.21119186,0.0,0.0
GLIPR1L2,0.090679675,0.0,-1.0
GLIPR2,0.25996372,0.0,-1.0
GLIS1,0.29200968,0.0,0.0
GLIS2,0.32879317,0.0,-1.0
GLIS3,0.2907372,0.0,-1.0
GLIS3-AS1,0.025996635,0.0,0.0
GLMN,0.31859314,0.0,-1.0
GLMP,0.09075329,0.0,0.0
GLO1,0.31538656,0.0,0.0
GLOD4,0.22077458,0.0,0.0
GLOD5,0.16246194,0.0,0.0
GLP1R,0.33963302,0.0,0.0
GLP2R,0.2170983,0.0,0.0
GLRA1,0.37428144,0.0,-1.0
GLRA2,0.24494037,0.0,0.0
GLRA3,0.14253984,0.0,-1.0
GLRA4,0.124863,0.0,0.0
GLRB,0.21361257,0.0,-1.0
GLRX,0.33717793,0.0,0.0
GLRX2,0.22623466,0.0,0.0
GLRX3,0.20707546,0.0,0.0
GLRX5,0.19065961,0.0,0.0
GLS,0.57747865,1.0,-1.0
GLS2,0.36389726,0.0,-1.0
GLT1D1,0.20952693,0.0,0.0
GLT6D1,0.06806182,0.0,0.0
GLT8D1,0.19541222,0.0,0.0
GLT8D2,0.35201323,0.0,-1.0
GLTP,0.21609463,0.0,0.0
GLTPD2,0.121268414,0.0,0.0
GLUD1,0.3597873,0.0,-1.0
GLUD2,0.3002533,0.0,0.0
GLUL,0.4804155,0.0,0.0
GLYAT,0.3351648,0.0,-1.0
GLYATL1,0.23739618,0.0,0.0
GLYATL2,0.13192418,0.0,0.0
GLYATL3,0.037101626,0.0,0.0
GLYCAM1,2.2026374e-08,0.0,0.0
GLYCTK,0.20032927,0.0,0.0
GLYR1,0.3155875,0.0,-1.0
GM2A,0.3086504,0.0,-1.0
GMCL1,0.061305832,0.0,0.0
GMCL2,0.0003596964,0.0,0.0
GMDS,0.27348655,0.0,0.0
GMEB1,0.23494646,0.0,0.0
GMEB2,0.22740397,0.0,0.0
GMFB,0.33410808,0.0,-1.0
GMFG,0.33729565,0.0,0.0
GMIP,0.23155874,0.0,0.0
GML,0.27399462,0.0,-1.0
GMNC,0.1647732,0.0,0.0
GMNN,0.41221914,0.0,0.0
GMPPA,0.22489779,0.0,0.0
GMPPB,0.24608673,0.0,0.0
GMPR,0.23645613,0.0,0.0
GMPR2,0.21732111,0.0,0.0
GMPS,0.41127044,0.0,-1.0
GNA11,0.48498753,0.0,1.0
GNA12,0.30627584,0.0,1.0
GNA13,0.342965,0.0,1.0
GNA14,0.30055922,0.0,-1.0
GNA15,0.4824891,0.0,-1.0
GNAI1,0.45055306,0.0,-1.0
GNAI2,0.38636196,0.0,-1.0
GNAI3,0.46550208,0.0,-1.0
GNAL,0.055939406,0.0,0.0
GNAO1,0.41614532,0.0,0.0
GNAQ,0.43171236,0.0,1.0
GNAS,0.543445,1.0,1.0
GNAS-AS1,0.020595381,0.0,0.0
GNAT1,0.30068806,0.0,-1.0
GNAT2,0.30928826,0.0,-1.0
GNAT3,0.30069417,0.0,0.0
GNAZ,0.354366,0.0,0.0
GNB1,0.51858836,1.0,1.0
GNB1L,0.33049783,0.0,0.0
GNB2,0.43257666,0.0,-1.0
GNB3,0.38040835,0.0,-1.0
GNB4,0.37854415,0.0,-1.0
GNB5,0.28061593,0.0,-1.0
GNE,0.29463726,0.0,-1.0
GNG10,0.29887205,0.0,-1.0
GNG11,0.38073033,0.0,-1.0
GNG12,0.36422485,0.0,-1.0
GNG13,0.36046007,0.0,-1.0
GNG2,0.4176954,0.0,-1.0
GNG3,0.3250507,0.0,-1.0
GNG4,0.3224296,0.0,-1.0
GNG5,0.2931727,0.0,-1.0
GNG7,0.4291234,0.0,-1.0
GNG8,0.29619974,0.0,-1.0
GNGT1,0.23691224,0.0,-1.0
GNGT2,0.2910699,0.0,-1.0
GNL1,0.19146521,0.0,0.0
GNL2,0.2556129,0.0,0.0
GNL3,0.34273666,0.0,0.0
GNL3L,0.21406257,0.0,0.0
GNLY,0.40475446,0.0,0.0
GNMT,0.24321915,0.0,0.0
GNPAT,0.20239009,0.0,-1.0
GNPDA1,0.30749273,0.0,0.0
GNPDA2,0.25171182,0.0,0.0
GNPNAT1,0.26352012,0.0,0.0
GNPTAB,0.38266656,0.0,-1.0
GNPTG,0.17729047,0.0,-1.0
GNRH1,0.58150566,1.0,0.0
GNRH2,0.31985041,0.0,0.0
GNRHR,0.38955554,0.0,-1.0
GNRHR2,0.17262928,0.0,0.0
GNS,0.38162142,0.0,-1.0
GOLGA1,0.29573372,0.0,0.0
GOLGA2,0.4040178,0.0,-1.0
GOLGA2P10,0.0020045321,0.0,0.0
GOLGA2P11,0.023529066,0.0,0.0
GOLGA3,0.30790192,0.0,0.0
GOLGA4,0.41294652,0.0,0.0
GOLGA5,0.35105485,0.0,1.0
GOLGA6A,0.08901746,0.0,0.0
GOLGA6B,0.08868451,0.0,0.0
GOLGA6L10,0.0113333035,0.0,0.0
GOLGA6L2,0.093895674,0.0,0.0
GOLGA6L5P,0.0006726547,0.0,0.0
GOLGA6L9,0.1872881,0.0,0.0
GOLGA7,0.20021029,0.0,0.0
GOLGA7B,0.23879385,0.0,0.0
GOLGA8A,0.20560323,0.0,0.0
GOLGA8B,0.1574613,0.0,0.0
GOLGA8DP,0.08855774,0.0,0.0
GOLGA8EP,0.17682743,0.0,0.0
GOLGA8F,0.08894374,0.0,0.0
GOLGA8G,0.12820199,0.0,0.0
GOLGA8H,0.03177556,0.0,0.0
GOLGA8J,0.08847126,0.0,0.0
GOLGA8R,0.14742155,0.0,0.0
GOLGB1,0.42007777,0.0,-1.0
GOLIM4,0.27357456,0.0,0.0
GOLM1,0.23688713,0.0,0.0
GOLM2,0.112920254,0.0,0.0
GOLPH3,0.4986067,0.0,0.0
GOLPH3L,0.18461029,0.0,0.0
GOLT1A,0.16315979,0.0,0.0
GOLT1B,0.21962476,0.0,0.0
GON4L,0.32964486,0.0,0.0
GON7,0.12384418,0.0,0.0
GOPC,0.27806458,0.0,1.0
GORAB,0.27965543,0.0,0.0
GORASP1,0.27654618,0.0,-1.0
GORASP2,0.27353126,0.0,0.0
GOSR1,0.33754548,0.0,0.0
GOSR2,0.30729043,0.0,-1.0
GOT1,0.2653986,0.0,-1.0
GOT1L1,0.10603694,0.0,0.0
GOT2,0.40614706,0.0,-1.0
GP1BA,0.45374572,0.0,0.0
GP1BB,0.4319375,0.0,-1.0
GP2,0.33946967,0.0,0.0
GP5,0.23534341,0.0,0.0
GP6,0.39040738,0.0,0.0
GP9,0.41718,0.0,-1.0
GPA33,0.22296312,0.0,-1.0
GPAA1,0.17317073,0.0,0.0
GPALPP1,0.18664657,0.0,0.0
GPAM,0.28648403,0.0,-1.0
GPANK1,0.20070927,0.0,0.0
GPAT2,0.13803633,0.0,0.0
GPAT3,0.272689,0.0,0.0
GPAT4,0.2769343,0.0,-1.0
GPATCH1,0.38160354,0.0,0.0
GPATCH11,0.28446242,0.0,0.0
GPATCH2,0.31568986,0.0,0.0
GPATCH2L,0.16197886,0.0,0.0
GPATCH3,0.16808176,0.0,0.0
GPATCH4,0.22202729,0.0,-1.0
GPATCH8,0.35858405,0.0,-1.0
GPBAR1,0.21709508,0.0,0.0
GPBP1,0.34344676,0.0,0.0
GPBP1L1,0.3108497,0.0,0.0
GPC1,0.4699895,0.0,-1.0
GPC2,0.29121363,0.0,0.0
GPC3,0.49654385,0.0,1.0
GPC4,0.4394998,0.0,0.0
GPC5,0.33581614,0.0,1.0
GPC6,0.32706016,0.0,-1.0
GPCPD1,0.34229302,0.0,-1.0
GPD1,0.25598496,0.0,0.0
GPD1L,0.24927026,0.0,-1.0
GPD2,0.29514718,0.0,0.0
GPER1,0.37667474,0.0,-1.0
GPHA2,0.20593548,0.0,0.0
GPHB5,0.15156314,0.0,0.0
GPHN,0.3649132,0.0,1.0
GPI,0.41344538,0.0,-1.0
GPIHBP1,0.17601094,0.0,0.0
GPKOW,0.19247656,0.0,0.0
GPLD1,0.03084381,0.0,0.0
GPM6A,0.22590038,0.0,0.0
GPM6B,0.30050647,0.0,0.0
GPN1,0.2342404,0.0,-1.0
GPN2,0.14292812,0.0,0.0
GPN3,0.19654864,0.0,0.0
GPNMB,0.5921678,1.0,-1.0
GPR101,0.1157344,0.0,0.0
GPR107,0.24203302,0.0,-1.0
GPR108,0.23637933,0.0,0.0
GPR119,0.17488831,0.0,0.0
GPR12,0.19971086,0.0,-1.0
GPR132,0.38707387,0.0,0.0
GPR135,0.18073343,0.0,0.0
GPR137,0.12224085,0.0,0.0
GPR137B,0.2433737,0.0,0.0
GPR137C,0.08724491,0.0,0.0
GPR139,0.03918058,0.0,0.0
GPR141,0.11966744,0.0,-1.0
GPR142,0.08773374,0.0,0.0
GPR143,0.27815792,0.0,-1.0
GPR146,0.051899098,0.0,0.0
GPR148,0.25170484,0.0,0.0
GPR149,0.26149037,0.0,0.0
GPR15,0.24619323,0.0,0.0
GPR150,0.14353287,0.0,0.0
GPR151,0.14937079,0.0,0.0
GPR152,0.11047275,0.0,0.0
GPR153,0.18839875,0.0,0.0
GPR155,0.20994154,0.0,0.0
GPR156,0.12358421,0.0,0.0
GPR157,0.15306896,0.0,0.0
GPR158,0.1516761,0.0,0.0
GPR160,0.13030498,0.0,0.0
GPR161,0.36229986,0.0,-1.0
GPR162,0.09703517,0.0,0.0
GPR17,0.30065033,0.0,0.0
GPR171,0.2672504,0.0,0.0
GPR173,0.18504617,0.0,0.0
GPR174,0.23081261,0.0,-1.0
GPR176,0.34191725,0.0,-1.0
GPR179,2.7546473e-06,0.0,0.0
GPR18,0.3310766,0.0,0.0
GPR180,0.46563536,0.0,0.0
GPR182,0.28888297,0.0,0.0
GPR183,0.3884316,0.0,-1.0
GPR19,0.16497053,0.0,0.0
GPR20,0.16211675,0.0,0.0
GPR21,0.17701481,0.0,0.0
GPR22,0.21200514,0.0,0.0
GPR25,0.20033596,0.0,0.0
GPR26,0.14977373,0.0,0.0
GPR27,0.19949819,0.0,0.0
GPR3,0.21086252,0.0,0.0
GPR31,0.34032723,0.0,0.0
GPR32,0.20129769,0.0,-1.0
GPR34,0.19539623,0.0,0.0
GPR35,0.2533788,0.0,-1.0
GPR37,0.26274222,0.0,0.0
GPR37L1,0.21694112,0.0,0.0
GPR39,0.23851857,0.0,0.0
GPR4,0.27647892,0.0,0.0
GPR42,0.08567528,0.0,0.0
GPR45,0.22395569,0.0,0.0
GPR50,0.2611601,0.0,-1.0
GPR52,0.2808503,0.0,0.0
GPR55,0.2202592,0.0,0.0
GPR6,0.23207769,0.0,0.0
GPR61,0.14092794,0.0,0.0
GPR62,0.16514273,0.0,0.0
GPR63,0.11810156,0.0,0.0
GPR65,0.3423997,0.0,0.0
GPR68,0.25695586,0.0,-1.0
GPR75,0.12246561,0.0,0.0
GPR75-ASB3,0.19592279,0.0,0.0
GPR78,0.15436786,0.0,0.0
GPR82,0.0845703,0.0,0.0
GPR83,0.2758236,0.0,0.0
GPR84,0.18014812,0.0,0.0
GPR85,0.16607328,0.0,0.0
GPR87,0.22924517,0.0,0.0
GPR88,0.14842041,0.0,0.0
GPR89A,0.25394854,0.0,0.0
GPR89B,0.23773673,0.0,0.0
GPRASP1,0.27325925,0.0,0.0
GPRASP2,0.23312677,0.0,0.0
GPRC5A,0.3839367,0.0,-1.0
GPRC5B,0.26514685,0.0,0.0
GPRC5C,0.15747887,0.0,0.0
GPRC5D,0.19648676,0.0,0.0
GPRC6A,0.20958965,0.0,0.0
GPRIN1,0.28429595,0.0,-1.0
GPRIN2,0.17870359,0.0,-1.0
GPRIN3,0.3417373,0.0,0.0
GPS1,0.21439843,0.0,-1.0
GPS2,0.22334209,0.0,1.0
GPSM1,0.32901597,0.0,0.0
GPSM2,0.44691333,0.0,0.0
GPSM3,0.28886625,0.0,0.0
GPT,0.25632247,0.0,0.0
GPT2,0.23891151,0.0,0.0
GPX1,0.4406064,0.0,-1.0
GPX2,0.32805735,0.0,0.0
GPX3,0.38583496,0.0,-1.0
GPX4,0.33104783,0.0,0.0
GPX5,0.12420329,0.0,-1.0
GPX6,0.24694447,0.0,0.0
GPX7,0.30572292,0.0,0.0
GPX8,0.2890413,0.0,0.0
GRAMD1A,0.19376916,0.0,0.0
GRAMD1B,0.13345562,0.0,-1.0
GRAMD1C,0.10777793,0.0,0.0
GRAMD2A,0.16031103,0.0,0.0
GRAMD2B,0.16830504,0.0,0.0
GRAMD4,0.22105324,0.0,0.0
GRAP,0.46168822,0.0,0.0
GRAP2,0.48258358,0.0,0.0
GRAPL,0.2947671,0.0,0.0
GRB10,0.35737112,0.0,-1.0
GRB14,0.2849766,0.0,0.0
GRB2,0.67295384,1.0,-1.0
GRB7,0.3519937,0.0,0.0
GREB1,0.2565459,0.0,-1.0
GREB1L,0.16802296,0.0,0.0
GREM1,0.56374085,1.0,1.0
GREM2,0.3436318,0.0,0.0
GRHL1,0.26813796,0.0,0.0
GRHL2,0.3419,0.0,-1.0
GRHL3,0.37168086,0.0,0.0
GRHPR,0.2137504,0.0,-1.0
GRIA1,0.41561195,0.0,0.0
GRIA2,0.35542044,0.0,-1.0
GRIA3,0.28998187,0.0,-1.0
GRIA4,0.31656024,0.0,0.0
GRID1,0.16166407,0.0,-1.0
GRID2,0.24210757,0.0,0.0
GRID2IP,0.3001321,0.0,0.0
GRIK1,0.37400308,0.0,0.0
GRIK2,0.325522,0.0,-1.0
GRIK3,0.24677362,0.0,-1.0
GRIK4,0.234812,0.0,0.0
GRIK5,0.21260294,0.0,-1.0
GRIN1,0.39499635,0.0,-1.0
GRIN2A,0.47022253,0.0,1.0
GRIN2B,0.35739613,0.0,-1.0
GRIN2C,0.35838437,0.0,0.0
GRIN2D,0.35656136,0.0,-1.0
GRIN3A,0.2815433,0.0,0.0
GRIN3B,0.24151267,0.0,0.0
GRINA,0.1647032,0.0,0.0
GRIP1,0.47484758,0.0,0.0
GRIP2,0.22392777,0.0,0.0
GRIPAP1,0.19462606,0.0,0.0
GRK1,0.3085808,0.0,0.0
GRK2,0.74292314,1.0,0.0
GRK3,0.22741106,0.0,0.0
GRK4,0.1574208,0.0,0.0
GRK5,0.39763483,0.0,0.0
GRK6,0.31192952,0.0,0.0
GRK7,0.24607606,0.0,0.0
GRM1,0.46337262,0.0,-1.0
GRM2,0.41430995,0.0,0.0
GRM3,0.39192352,0.0,1.0
GRM4,0.4093591,0.0,0.0
GRM5,0.4733136,0.0,-1.0
GRM6,0.38035375,0.0,0.0
GRM7,0.3805849,0.0,0.0
GRM8,0.42991227,0.0,-1.0
GRN,0.42252478,0.0,-1.0
GRP,0.49843186,0.0,-1.0
GRPEL1,0.30922073,0.0,0.0
GRPEL2,0.22415642,0.0,0.0
GRPR,0.2885387,0.0,-1.0
GRSF1,0.21364246,0.0,-1.0
GRTP1,0.32893956,0.0,0.0
GRWD1,0.30504557,0.0,0.0
GRXCR1,0.15583384,0.0,0.0
GSAP,0.34956336,0.0,0.0
GSC,0.44332248,0.0,0.0
GSC2,0.21358147,0.0,0.0
GSDMA,0.0033029593,0.0,-1.0
GSDMB,0.008426637,0.0,-1.0
GSDMC,0.03225043,0.0,-1.0
GSDMD,0.004766906,0.0,0.0
GSDME,0.2573254,0.0,-1.0
GSE1,0.3359449,0.0,-1.0
GSG1,0.07186733,0.0,0.0
GSG1L,0.10102746,0.0,0.0
GSK3A,0.5484629,1.0,-1.0
GSK3B,0.65662223,1.0,1.0
GSKIP,0.15758623,0.0,-1.0
GSN,0.6103364,1.0,-1.0
GSPT1,0.30292955,0.0,-1.0
GSPT2,0.24201263,0.0,0.0
GSR,0.41547117,0.0,0.0
GSS,0.28150597,0.0,0.0
GSTA1,0.26763734,0.0,-1.0
GSTA2,0.27452973,0.0,-1.0
GSTA3,0.29048905,0.0,-1.0
GSTA4,0.2546959,0.0,-1.0
GSTA5,0.20273188,0.0,-1.0
GSTCD,0.19852677,0.0,0.0
GSTK1,0.1993303,0.0,0.0
GSTM1,0.41344187,0.0,-1.0
GSTM2,0.23545006,0.0,-1.0
GSTM3,0.2906716,0.0,-1.0
GSTM4,0.19978651,0.0,-1.0
GSTM5,0.3386444,0.0,-1.0
GSTO1,0.2762875,0.0,-1.0
GSTO2,0.2604039,0.0,-1.0
GSTP1,0.41908216,0.0,-1.0
GSTT1,0.24025862,0.0,-1.0
GSTT2,0.15866056,0.0,-1.0
GSTT2B,0.26073468,0.0,-1.0
GSTT4,0.019058388,0.0,0.0
GSTZ1,0.4230142,0.0,0.0
GSX1,0.28713545,0.0,0.0
GSX2,0.33348832,0.0,0.0
GTDC1,0.2299765,0.0,0.0
GTF2A1,0.1907455,0.0,-1.0
GTF2A1L,0.081885256,0.0,0.0
GTF2A2,0.18507111,0.0,0.0
GTF2B,0.6425318,1.0,-1.0
GTF2E1,0.30132708,0.0,0.0
GTF2E2,0.2479602,0.0,0.0
GTF2F1,0.41977963,0.0,0.0
GTF2F2,0.2875757,0.0,0.0
GTF2H1,0.3418376,0.0,-1.0
GTF2H2,0.29759392,0.0,0.0
GTF2H2C,0.19571319,0.0,0.0
GTF2H2C_2,0.15858795,0.0,0.0
GTF2H3,0.27536297,0.0,0.0
GTF2H4,0.265128,0.0,0.0
GTF2H5,0.17291898,0.0,-1.0
GTF2I,0.36581585,0.0,1.0
GTF2IRD1,0.38016003,0.0,0.0
GTF2IRD2,0.19182903,0.0,0.0
GTF2IRD2B,0.1851983,0.0,0.0
GTF3A,0.3441598,0.0,0.0
GTF3C1,0.3762174,0.0,0.0
GTF3C2,0.31100386,0.0,0.0
GTF3C3,0.344663,0.0,0.0
GTF3C4,0.32685402,0.0,0.0
GTF3C5,0.33516046,0.0,0.0
GTF3C6,0.11513898,0.0,0.0
GTPBP1,0.38796577,0.0,0.0
GTPBP10,0.1910451,0.0,0.0
GTPBP2,0.34131947,0.0,0.0
GTPBP3,0.22215757,0.0,0.0
GTPBP4,0.47452176,0.0,0.0
GTPBP6,0.17130181,0.0,0.0
GTPBP8,0.13172093,0.0,0.0
GTSE1,0.47479108,0.0,-1.0
GTSF1,0.180699,0.0,0.0
GTSF1L,0.080053,0.0,0.0
GUCA1A,0.28808776,0.0,-1.0
GUCA1B,0.3588832,0.0,-1.0
GUCA1C,0.32307264,0.0,0.0
GUCA2A,0.21684562,0.0,0.0
GUCA2B,0.2379091,0.0,0.0
GUCD1,0.054149717,0.0,0.0
GUCY1A1,0.36117417,0.0,0.0
GUCY1A2,0.27916119,0.0,-1.0
GUCY1B1,0.34699288,0.0,0.0
GUCY1B2,0.0017866732,0.0,0.0
GUCY2C,0.2981598,0.0,-1.0
GUCY2D,0.32053635,0.0,-1.0
GUCY2EP,0.0019102222,0.0,0.0
GUCY2F,0.330151,0.0,0.0
GUF1,0.22597685,0.0,0.0
GUK1,0.3977104,0.0,0.0
GULP1,0.39761257,0.0,0.0
GUSB,0.34669226,0.0,-1.0
GUSBP1,0.25506946,0.0,0.0
GUSBP2,0.018138727,0.0,0.0
GUSBP4,0.022639474,0.0,0.0
GXYLT1,0.12180116,0.0,-1.0
GXYLT2,0.13337919,0.0,0.0
GYG1,0.2534871,0.0,0.0
GYG2,0.19242431,0.0,0.0
GYPA,0.45887926,0.0,0.0
GYPB,0.2692753,0.0,0.0
GYPC,0.40893832,0.0,-1.0
GYPE,0.30212125,0.0,0.0
GYS1,0.42161426,0.0,-1.0
GYS2,0.30956352,0.0,-1.0
GZF1,0.26008603,0.0,0.0
GZMA,0.44382557,0.0,-1.0
GZMB,0.5176894,1.0,-1.0
GZMH,0.3202692,0.0,0.0
GZMK,0.32766584,0.0,0.0
GZMM,0.3753439,0.0,0.0
H1-0,0.4792098,0.0,0.0
H1-1,0.38518125,0.0,0.0
H1-10,0.38248727,0.0,0.0
H1-2,0.39735657,0.0,-1.0
H1-3,0.29875928,0.0,1.0
H1-4,0.3587193,0.0,1.0
H1-5,0.3638606,0.0,1.0
H1-6,0.28320947,0.0,0.0
H1-7,0.08323691,0.0,0.0
H1-8,0.1073059,0.0,-1.0
H19,4.671418e-07,0.0,-1.0
H2AB1,0.1959366,0.0,0.0
H2AB2,0.286969,0.0,0.0
H2AB3,0.06181013,0.0,0.0
H2AC1,0.31929976,0.0,0.0
H2AC11,0.3374676,0.0,-1.0
H2AC12,0.35071024,0.0,0.0
H2AC13,0.37147295,0.0,0.0
H2AC14,0.40435293,0.0,0.0
H2AC15,0.2834867,0.0,0.0
H2AC16,0.29180276,0.0,-1.0
H2AC17,0.3356777,0.0,1.0
H2AC18,0.3822279,0.0,0.0
H2AC19,0.2449075,0.0,0.0
H2AC20,0.5402285,1.0,-1.0
H2AC21,0.340026,0.0,0.0
H2AC4,0.308777,0.0,0.0
H2AC6,0.41608313,0.0,-1.0
H2AC7,0.42610067,0.0,-1.0
H2AC8,0.3969521,0.0,0.0
H2AJ,0.40071666,0.0,0.0
H2AP,0.11544012,0.0,0.0
H2AW,0.33229315,0.0,0.0
H2AX,0.54278105,1.0,-1.0
H2AZ1,0.4935914,0.0,-1.0
H2AZ2,0.45728993,0.0,-1.0
H2BC1,0.3103744,0.0,0.0
H2BC10,0.3407565,0.0,0.0
H2BC11,0.43843597,0.0,-1.0
H2BC12,0.4463518,0.0,-1.0
H2BC12L,0.24455123,0.0,0.0
H2BC13,0.41155654,0.0,0.0
H2BC14,0.32327074,0.0,0.0
H2BC15,0.4508975,0.0,0.0
H2BC17,0.32806692,0.0,-1.0
H2BC18,0.32739776,0.0,0.0
H2BC20P,0.02144979,0.0,0.0
H2BC21,0.6179578,1.0,0.0
H2BC3,0.37341526,0.0,-1.0
H2BC4,0.44505095,0.0,-1.0
H2BC5,0.45315427,0.0,-1.0
H2BC6,0.2976011,0.0,0.0
H2BC7,0.3414805,0.0,-1.0
H2BC8,0.31795108,0.0,-1.0
H2BC9,0.3503245,0.0,-1.0
H2BU1,0.31778586,0.0,0.0
H2BW1,0.2924804,0.0,0.0
H2BW2,0.27466515,0.0,0.0
H3-3A,0.45078206,0.0,1.0
H3-3B,0.4053181,0.0,1.0
H3-4,0.4366156,0.0,-1.0
H3-5,0.3320673,0.0,-1.0
H3-7,0.19673494,0.0,0.0
H3C1,0.37607852,0.0,-1.0
H3C10,0.35787106,0.0,-1.0
H3C11,0.28807157,0.0,-1.0
H3C12,0.384421,0.0,-1.0
H3C13,0.34659997,0.0,-1.0
H3C14,0.3626728,0.0,-1.0
H3C15,0.4045815,0.0,-1.0
H3C2,0.3056299,0.0,1.0
H3C3,0.4495634,0.0,-1.0
H3C4,0.36978695,0.0,-1.0
H3C6,0.33650488,0.0,-1.0
H3C7,0.28844714,0.0,-1.0
H3C8,0.28947207,0.0,-1.0
H3P16,0.026266715,0.0,0.0
H4-16,0.5176333,1.0,-1.0
H4C1,0.3964811,0.0,0.0
H4C11,0.5170543,1.0,-1.0
H4C12,0.317122,0.0,0.0
H4C13,0.31978598,0.0,0.0
H4C14,0.3315824,0.0,0.0
H4C15,0.29926524,0.0,0.0
H4C2,0.51410204,1.0,-1.0
H4C3,0.53845507,1.0,0.0
H4C4,0.3342556,0.0,-1.0
H4C5,0.46107957,0.0,-1.0
H4C6,0.33239487,0.0,0.0
H4C7,0.19038637,0.0,0.0
H4C8,0.32959175,0.0,-1.0
H4C9,0.43457693,0.0,1.0
H6PD,0.33055857,0.0,0.0
HAAO,0.40613833,0.0,0.0
HABP2,0.26425907,0.0,0.0
HABP4,0.18880649,0.0,0.0
HACD1,0.18356864,0.0,0.0
HACD2,0.23739932,0.0,0.0
HACD3,0.33814687,0.0,0.0
HACD4,0.20458707,0.0,0.0
HACE1,0.44710624,0.0,-1.0
HACL1,0.19784631,0.0,0.0
HADH,0.47076765,0.0,0.0
HADHA,0.4054418,0.0,-1.0
HADHB,0.36895078,0.0,0.0
HAGH,0.15194637,0.0,0.0
HAGHL,0.20495844,0.0,0.0
HAL,0.40192047,0.0,0.0
HAMP,0.36691394,0.0,-1.0
HAND1,0.3759924,0.0,0.0
HAND2,0.5277062,1.0,0.0
HAND2-AS1,0.09916201,0.0,0.0
HAO1,0.22057629,0.0,0.0
HAO2,0.22896352,0.0,0.0
HAP1,0.3354269,0.0,0.0
HAPLN1,0.3426928,0.0,-1.0
HAPLN2,0.21227323,0.0,0.0
HAPLN3,0.21196233,0.0,0.0
HAPLN4,0.19309798,0.0,0.0
HAR1B,0.0056936974,0.0,0.0
HARBI1,0.14733765,0.0,0.0
HARS1,0.31598026,0.0,0.0
HARS2,0.3241415,0.0,0.0
HAS1,0.49168113,0.0,0.0
HAS2,0.4527346,0.0,-1.0
HAS3,0.26974714,0.0,0.0
HASPIN,0.3345319,0.0,0.0
HAT1,0.38412142,0.0,0.0
HAUS1,0.39829934,0.0,0.0
HAUS2,0.21530806,0.0,0.0
HAUS3,0.45580602,0.0,0.0
HAUS4,0.39357513,0.0,0.0
HAUS5,0.43390447,0.0,0.0
HAUS6,0.43436328,0.0,0.0
HAUS7,0.36078098,0.0,0.0
HAUS8,0.4226107,0.0,0.0
HAVCR1,0.36294776,0.0,-1.0
HAVCR2,0.41065273,0.0,0.0
HAX1,0.332918,0.0,-1.0
HBA1,0.6125775,1.0,-1.0
HBA2,0.37902418,0.0,-1.0
HBB,0.5034242,1.0,-1.0
HBBP1,5.2634675e-14,0.0,0.0
HBD,0.1330981,0.0,0.0
HBE1,0.38017058,0.0,0.0
HBEGF,0.5857869,1.0,-1.0
HBG1,0.25707066,0.0,0.0
HBG2,0.26268017,0.0,-1.0
HBM,0.20174477,0.0,0.0
HBP1,0.312061,0.0,-1.0
HBQ1,0.22049645,0.0,0.0
HBS1L,0.3317202,0.0,0.0
HBZ,0.29958978,0.0,0.0
HCAR1,0.22727403,0.0,0.0
HCAR2,0.22165366,0.0,0.0
HCAR3,0.28306448,0.0,0.0
HCCS,0.46943164,0.0,0.0
HCFC1,0.4055473,0.0,0.0
HCFC1R1,0.1737361,0.0,0.0
HCFC2,0.29663324,0.0,-1.0
HCG11,0.14559375,0.0,0.0
HCG26,0.08565654,0.0,-1.0
HCG27,0.010537729,0.0,-1.0
HCK,0.5433194,1.0,-1.0
HCLS1,0.43146712,0.0,-1.0
HCN1,0.24632777,0.0,-1.0
HCN2,0.25865617,0.0,0.0
HCN3,0.21594755,0.0,0.0
HCN4,0.34710386,0.0,-1.0
HCP5,0.061953064,0.0,-1.0
HCRT,0.41680554,0.0,-1.0
HCRTR1,0.31367058,0.0,0.0
HCRTR2,0.25436142,0.0,0.0
HCST,0.2616668,0.0,0.0
HDAC1,0.6319926,1.0,1.0
HDAC10,0.33302146,0.0,-1.0
HDAC11,0.33797562,0.0,-1.0
HDAC2,0.65602547,1.0,-1.0
HDAC3,0.55525255,1.0,-1.0
HDAC4,0.49956378,0.0,1.0
HDAC5,0.43359518,0.0,-1.0
HDAC6,0.46071965,0.0,-1.0
HDAC7,0.4194062,0.0,1.0
HDAC8,0.3748969,0.0,-1.0
HDAC9,0.59680885,1.0,-1.0
HDC,0.3176367,0.0,0.0
HDDC2,0.13849619,0.0,0.0
HDDC3,0.21147706,0.0,0.0
HDGF,0.3351022,0.0,0.0
HDGFL1,0.18661937,0.0,0.0
HDGFL2,0.2735345,0.0,0.0
HDGFL3,0.14250752,0.0,0.0
HDHD2,0.20429939,0.0,0.0
HDHD3,0.17897205,0.0,0.0
HDHD5,0.17025276,0.0,-1.0
HDHD5-AS1,0.0023108292,0.0,0.0
HDLBP,0.3493475,0.0,-1.0
HDX,0.23528676,0.0,0.0
HEATR1,0.30464944,0.0,-1.0
HEATR3,0.30739567,0.0,0.0
HEATR4,0.10510272,0.0,0.0
HEATR5A,0.31052008,0.0,0.0
HEATR5B,0.3100715,0.0,0.0
HEATR6,0.299236,0.0,0.0
HEATR9,0.0002446423,0.0,0.0
HEBP1,0.23564102,0.0,0.0
HEBP2,0.15254615,0.0,0.0
HECA,0.42735752,0.0,0.0
HECTD1,0.43449932,0.0,-1.0
HECTD2,0.3186427,0.0,0.0
HECTD3,0.34179828,0.0,0.0
HECTD4,0.22520094,0.0,0.0
HECW1,0.3553905,0.0,-1.0
HECW2,0.37913355,0.0,-1.0
HEG1,0.48304173,0.0,0.0
HELB,0.43395197,0.0,0.0
HELLS,0.52987796,1.0,-1.0
HELQ,0.3551281,0.0,0.0
HELT,0.34585267,0.0,0.0
HELZ,0.46122235,0.0,0.0
HELZ2,0.35566232,0.0,-1.0
HEMGN,0.34309658,0.0,0.0
HEMK1,0.09168578,0.0,0.0
HENMT1,0.17239948,0.0,0.0
HEPACAM,0.18147981,0.0,0.0
HEPACAM2,0.16815925,0.0,-1.0
HEPH,0.35291976,0.0,0.0
HEPHL1,0.18579973,0.0,0.0
HEPN1,0.14431134,0.0,0.0
HERC1,0.50849867,1.0,-1.0
HERC2,0.43670815,0.0,-1.0
HERC2P2,0.0142615875,0.0,0.0
HERC3,0.42762622,0.0,0.0
HERC4,0.4831109,0.0,0.0
HERC5,0.41889098,0.0,0.0
HERC6,0.3734088,0.0,0.0
HERPUD1,0.27772754,0.0,1.0
HERPUD2,0.18827064,0.0,0.0
HES1,0.41639948,0.0,-1.0
HES2,0.24928682,0.0,0.0
HES3,0.28554034,0.0,0.0
HES4,0.22293921,0.0,0.0
HES5,0.4402638,0.0,-1.0
HES6,0.28119344,0.0,0.0
HES7,0.19689406,0.0,0.0
HESX1,0.4096433,0.0,-1.0
HEXA,0.4748324,0.0,-1.0
HEXA-AS1,0.20558281,0.0,0.0
HEXB,0.3478825,0.0,-1.0
HEXD,0.1572419,0.0,0.0
HEXIM1,0.3074965,0.0,-1.0
HEXIM2,0.26038447,0.0,0.0
HEY1,0.49952874,0.0,1.0
HEY2,0.37786868,0.0,-1.0
HEYL,0.36223093,0.0,-1.0
HFE,0.45544997,0.0,-1.0
HFM1,0.24653924,0.0,0.0
HGD,0.2607411,0.0,-1.0
HGF,0.63616407,1.0,1.0
HGFAC,0.26524317,0.0,0.0
HGH1,0.2350924,0.0,0.0
HGS,0.5357557,1.0,0.0
HGSNAT,0.11780254,0.0,-1.0
HHAT,0.36346546,0.0,-1.0
HHATL,0.15592484,0.0,0.0
HHEX,0.48138502,0.0,-1.0
HHIP,0.35434666,0.0,-1.0
HHIPL1,0.15483153,0.0,0.0
HHIPL2,0.17461897,0.0,0.0
HHLA1,0.14504793,0.0,0.0
HHLA2,0.09848377,0.0,-1.0
HHLA3,0.06639407,0.0,0.0
HIBADH,0.2088462,0.0,0.0
HIBCH,0.26131296,0.0,0.0
HIC1,0.40002394,0.0,-1.0
HIC2,0.35782853,0.0,0.0
HID1,0.09321504,0.0,0.0
HIF1A,0.6581466,1.0,1.0
HIF1AN,0.35792124,0.0,-1.0
HIF3A,0.36116123,0.0,0.0
HIGD1A,0.1458178,0.0,0.0
HIGD1B,0.14163265,0.0,0.0
HIGD1C,0.13071404,0.0,0.0
HIGD2A,0.08828664,0.0,0.0
HIGD2B,0.07852122,0.0,0.0
HIKESHI,0.13233633,0.0,-1.0
HILPDA,0.22073558,0.0,0.0
HINFP,0.26020217,0.0,-1.0
HINT1,0.35464203,0.0,0.0
HINT2,0.17270944,0.0,0.0
HINT3,0.1914548,0.0,0.0
HIP1,0.35659856,0.0,1.0
HIP1R,0.35593736,0.0,0.0
HIPK1,0.3730522,0.0,0.0
HIPK2,0.38047528,0.0,-1.0
HIPK3,0.3840237,0.0,0.0
HIPK4,0.20967369,0.0,0.0
HIRA,0.40880895,0.0,-1.0
HIRIP3,0.28934592,0.0,0.0
HIST2H3B,0.008843078,0.0,0.0
HIVEP1,0.43217757,0.0,-1.0
HIVEP2,0.36558434,0.0,0.0
HIVEP3,0.22881533,0.0,-1.0
HJURP,0.41075367,0.0,0.0
HJV,0.29174343,0.0,-1.0
HK1,0.32661867,0.0,-1.0
HK2,0.4058773,0.0,-1.0
HK3,0.35530928,0.0,-1.0
HKDC1,0.2421783,0.0,-1.0
HLA-A,0.5466757,1.0,1.0
HLA-B,0.4949951,0.0,1.0
HLA-C,0.44688576,0.0,1.0
HLA-DMA,0.42292053,0.0,0.0
HLA-DMB,0.40928257,0.0,0.0
HLA-DOA,0.3396389,0.0,0.0
HLA-DOB,0.34651378,0.0,0.0
HLA-DPA1,0.41514316,0.0,0.0
HLA-DPB1,0.44192776,0.0,0.0
HLA-DPB2,7.7420665e-08,0.0,0.0
HLA-DQA1,0.43533158,0.0,-1.0
HLA-DQA2,0.34089378,0.0,-1.0
HLA-DQB1,0.4665326,0.0,-1.0
HLA-DQB2,0.41500998,0.0,0.0
HLA-DRA,0.46586743,0.0,-1.0
HLA-DRB1,0.47793198,0.0,-1.0
HLA-DRB3,0.2619174,0.0,0.0
HLA-DRB4,0.267119,0.0,0.0
HLA-DRB5,0.4171976,0.0,-1.0
HLA-E,0.39379743,0.0,0.0
HLA-F,0.3392376,0.0,-1.0
HLA-F-AS1,0.15307261,0.0,0.0
HLA-G,0.42113394,0.0,-1.0
HLA-H,0.21298899,0.0,0.0
HLA-L,5.2425486e-07,0.0,0.0
HLCS,0.24604395,0.0,-1.0
HLF,0.33302125,0.0,1.0
HLTF,0.48965648,0.0,-1.0
HLX,0.31389472,0.0,0.0
HM13,0.2901977,0.0,-1.0
HMBOX1,0.3118016,0.0,0.0
HMBS,0.37438416,0.0,-1.0
HMCES,0.22630861,0.0,0.0
HMCN1,0.26500842,0.0,-1.0
HMCN2,0.2537232,0.0,0.0
HMG20A,0.32844764,0.0,0.0
HMG20B,0.3259041,0.0,0.0
HMGA1,0.45095396,0.0,1.0
HMGA2,0.5535658,1.0,1.0
HMGB1,0.52097416,1.0,-1.0
HMGB1P1,0.0646641,0.0,0.0
HMGB2,0.47376597,0.0,-1.0
HMGB3,0.28317174,0.0,0.0
HMGB3P1,0.071455166,0.0,0.0
HMGB4,0.14815308,0.0,0.0
HMGCL,0.20049956,0.0,0.0
HMGCLL1,0.20118031,0.0,0.0
HMGCR,0.44296488,0.0,-1.0
HMGCS1,0.2716747,0.0,0.0
HMGCS2,0.26819822,0.0,0.0
HMGN1,0.37585002,0.0,0.0
HMGN2,0.29038858,0.0,0.0
HMGN3,0.26611593,0.0,0.0
HMGN4,0.24217892,0.0,0.0
HMGN5,0.24273464,0.0,-1.0
HMGXB3,0.17382227,0.0,0.0
HMGXB4,0.37043297,0.0,0.0
HMHB1,0.2683483,0.0,0.0
HMMR,0.5091829,1.0,0.0
HMOX1,0.5849406,1.0,-1.0
HMOX2,0.4721376,0.0,0.0
HMSD,0.24848002,0.0,0.0
HMX1,0.36423367,0.0,0.0
HMX2,0.26533845,0.0,0.0
HMX3,0.2943621,0.0,0.0
HNF1A,0.44716617,0.0,1.0
HNF1B,0.21972556,0.0,-1.0
HNF4A,0.6693659,1.0,-1.0
HNF4G,0.33080897,0.0,0.0
HNMT,0.4178415,0.0,0.0
HNRNPA0,0.31266418,0.0,0.0
HNRNPA1,0.50431204,1.0,0.0
HNRNPA1L2,0.2888502,0.0,0.0
HNRNPA1P70,0.016249731,0.0,0.0
HNRNPA2B1,0.50180304,1.0,1.0
HNRNPA3,0.4101085,0.0,-1.0
HNRNPA3P1,0.014013131,0.0,0.0
HNRNPAB,0.40829134,0.0,0.0
HNRNPC,0.39299342,0.0,-1.0
HNRNPCL1,0.33880803,0.0,-1.0
HNRNPCL2,0.2124018,0.0,0.0
HNRNPCL3,0.0012956052,0.0,0.0
HNRNPCL4,0.0187221,0.0,0.0
HNRNPD,0.4420195,0.0,-1.0
HNRNPDL,0.33613932,0.0,-1.0
HNRNPF,0.41418582,0.0,0.0
HNRNPH1,0.42612845,0.0,0.0
HNRNPH2,0.36062816,0.0,0.0
HNRNPH3,0.39053267,0.0,-1.0
HNRNPK,0.4863925,0.0,-1.0
HNRNPL,0.43395886,0.0,-1.0
HNRNPLL,0.2297312,0.0,0.0
HNRNPM,0.44885734,0.0,0.0
HNRNPR,0.41104952,0.0,0.0
HNRNPU,0.522857,1.0,-1.0
HNRNPUL1,0.4049515,0.0,0.0
HNRNPUL2,0.35160202,0.0,0.0
HOATZ,0.06130498,0.0,0.0
HOGA1,0.21271043,0.0,-1.0
HOMER1,0.3157195,0.0,0.0
HOMER2,0.307975,0.0,0.0
HOMER3,0.30481586,0.0,0.0
HOMEZ,0.17489257,0.0,0.0
HOOK1,0.21828856,0.0,0.0
HOOK2,0.2915366,0.0,0.0
HOOK3,0.36944348,0.0,1.0
HOPX,0.53545827,1.0,0.0
HORMAD1,0.10092573,0.0,-1.0
HORMAD2,0.09567853,0.0,0.0
HOTAIR,0.13881385,0.0,0.0
HOXA1,0.055831563,0.0,-1.0
HOXA10,0.46695632,0.0,-1.0
HOXA11,0.41206217,0.0,1.0
HOXA11-AS,0.0877132,0.0,0.0
HOXA13,0.38189834,0.0,1.0
HOXA2,0.40319178,0.0,0.0
HOXA3,0.3840058,0.0,-1.0
HOXA4,0.36656874,0.0,0.0
HOXA5,0.45543602,0.0,0.0
HOXA6,0.3151353,0.0,0.0
HOXA7,0.40704018,0.0,-1.0
HOXA9,0.48089674,0.0,1.0
HOXB1,0.411161,0.0,0.0
HOXB13,0.3903911,0.0,1.0
HOXB2,0.34371132,0.0,0.0
HOXB3,0.4090977,0.0,0.0
HOXB4,0.49107125,0.0,0.0
HOXB5,0.3871845,0.0,0.0
HOXB6,0.43148127,0.0,0.0
HOXB7,0.3980731,0.0,0.0
HOXB8,0.38919955,0.0,-1.0
HOXB9,0.33309847,0.0,0.0
HOXC10,0.31948006,0.0,0.0
HOXC11,0.3242711,0.0,1.0
HOXC12,0.10325434,0.0,0.0
HOXC13,0.27754894,0.0,1.0
HOXC4,0.3049872,0.0,0.0
HOXC5,0.3240727,0.0,0.0
HOXC6,0.35036165,0.0,-1.0
HOXC8,0.37724525,0.0,-1.0
HOXC9,0.2895913,0.0,0.0
HOXD1,0.32089832,0.0,0.0
HOXD10,0.4024947,0.0,-1.0
HOXD11,0.38133514,0.0,1.0
HOXD12,0.33312017,0.0,0.0
HOXD13,0.53110296,1.0,1.0
HOXD3,0.38120157,0.0,0.0
HOXD4,0.3726983,0.0,0.0
HOXD8,0.31797498,0.0,0.0
HOXD9,0.3827985,0.0,0.0
HP,0.448001,0.0,0.0
HP1BP3,0.3791971,0.0,0.0
HPCA,0.3888741,0.0,0.0
HPCAL1,0.34594336,0.0,0.0
HPCAL4,0.35771143,0.0,0.0
HPD,0.18226127,0.0,-1.0
HPDL,0.15967177,0.0,0.0
HPF1,0.23965736,0.0,0.0
HPGD,0.28326023,0.0,-1.0
HPGDS,0.6453172,1.0,0.0
HPN,0.31414202,0.0,0.0
HPR,0.37665588,0.0,-1.0
HPRT1,0.61174756,1.0,-1.0
HPS1,0.3036333,0.0,-1.0
HPS3,0.2842072,0.0,-1.0
HPS4,0.2037637,0.0,-1.0
HPS5,0.29091787,0.0,-1.0
HPS6,0.18805738,0.0,-1.0
HPSE,0.4833155,0.0,-1.0
HPSE2,0.28505465,0.0,-1.0
HPX,0.37788215,0.0,0.0
HR,0.3388346,0.0,-1.0
HRAS,0.6634993,1.0,1.0
HRC,0.41286865,0.0,0.0
HRCT1,0.11742867,0.0,0.0
HRG,0.22792795,0.0,-1.0
HRH1,0.35117188,0.0,0.0
HRH2,0.28759247,0.0,0.0
HRH3,0.2614248,0.0,0.0
HRH4,0.22479571,0.0,-1.0
HRK,0.31903693,0.0,-1.0
HRNR,0.14059204,0.0,-1.0
HROB,0.3005617,0.0,0.0
HS1BP3,0.2009465,0.0,-1.0
HS2ST1,0.23024547,0.0,-1.0
HS3ST1,0.17771083,0.0,0.0
HS3ST2,0.22841349,0.0,0.0
HS3ST3A1,0.14971593,0.0,0.0
HS3ST3B1,0.14613782,0.0,0.0
HS3ST4,0.13913375,0.0,0.0
HS3ST5,0.14671658,0.0,0.0
HS3ST6,0.13903895,0.0,0.0
HS6ST1,0.21618022,0.0,0.0
HS6ST2,0.18841936,0.0,0.0
HS6ST3,0.1401336,0.0,0.0
HSBP1,0.19675219,0.0,-1.0
HSBP1L1,1.0198347e-06,0.0,0.0
HSCB,0.20640542,0.0,0.0
HSD11B1,0.33602202,0.0,0.0
HSD11B1L,0.23235694,0.0,0.0
HSD11B2,0.45422226,0.0,-1.0
HSD17B1,0.27938378,0.0,0.0
HSD17B10,0.32340324,0.0,-1.0
HSD17B11,0.31104735,0.0,0.0
HSD17B12,0.31512555,0.0,0.0
HSD17B13,0.20723595,0.0,0.0
HSD17B14,0.2563429,0.0,0.0
HSD17B2,0.23022017,0.0,0.0
HSD17B3,0.24163997,0.0,-1.0
HSD17B4,0.33755353,0.0,-1.0
HSD17B6,0.55440503,1.0,0.0
HSD17B7,0.21663976,0.0,0.0
HSD17B8,0.27294883,0.0,0.0
HSD3B1,0.30617478,0.0,-1.0
HSD3B2,0.3186761,0.0,-1.0
HSD3B7,0.19934554,0.0,0.0
HSDL1,0.15615107,0.0,0.0
HSDL2,0.32397774,0.0,0.0
HSF1,0.3042514,0.0,-1.0
HSF2,0.33361006,0.0,0.0
HSF2BP,0.15744053,0.0,0.0
HSF4,0.29625016,0.0,-1.0
HSF5,0.12006961,0.0,0.0
HSFX1,0.24113739,0.0,0.0
HSFX2,0.15745974,0.0,0.0
HSFY1,0.17111242,0.0,0.0
HSFY2,0.17043105,0.0,0.0
HSH2D,0.18582983,0.0,0.0
HSP90AA1,0.6761791,1.0,1.0
HSP90AA2P,0.19531354,0.0,-1.0
HSP90AA4P,0.15017655,0.0,0.0
HSP90AA5P,0.18254745,0.0,0.0
HSP90AB1,0.59702647,1.0,1.0
HSP90AB2P,0.14555992,0.0,0.0
HSP90AB3P,0.18707713,0.0,0.0
HSP90AB4P,0.17874847,0.0,0.0
HSP90B1,0.49458656,0.0,-1.0
HSP90B3P,0.0032544986,0.0,0.0
HSPA12A,0.34903684,0.0,0.0
HSPA12B,0.31514585,0.0,0.0
HSPA13,0.35400695,0.0,0.0
HSPA14,0.37702048,0.0,0.0
HSPA1A,0.5547437,1.0,0.0
HSPA1B,0.36437818,0.0,0.0
HSPA1L,0.43154368,0.0,-1.0
HSPA2,0.42710263,0.0,0.0
HSPA4,0.6115841,1.0,-1.0
HSPA4L,0.38198176,0.0,0.0
HSPA5,0.5915416,1.0,-1.0
HSPA6,0.4510547,0.0,0.0
HSPA7,0.21794686,0.0,0.0
HSPA8,0.6007219,1.0,-1.0
HSPA9,0.5415853,1.0,-1.0
HSPB1,0.5391409,1.0,-1.0
HSPB11,0.21463604,0.0,0.0
HSPB2,0.24097453,0.0,-1.0
HSPB3,0.5541748,1.0,-1.0
HSPB6,0.26477572,0.0,0.0
HSPB7,0.22611919,0.0,0.0
HSPB8,0.3507607,0.0,-1.0
HSPB9,0.16776557,0.0,0.0
HSPBAP1,0.35755333,0.0,-1.0
HSPBP1,0.27217796,0.0,0.0
HSPD1,0.539769,1.0,-1.0
HSPE1,0.3191235,0.0,0.0
HSPE1-MOB4,0.0033682259,0.0,0.0
HSPG2,0.610673,1.0,-1.0
HSPH1,0.41258806,0.0,-1.0
HTATIP2,0.21436748,0.0,-1.0
HTATSF1,0.3282035,0.0,0.0
HTN1,0.10303884,0.0,0.0
HTN3,0.2970903,0.0,0.0
HTR1A,0.346369,0.0,0.0
HTR1B,0.3274853,0.0,0.0
HTR1D,0.21541299,0.0,0.0
HTR1E,0.27871662,0.0,-1.0
HTR1F,0.2566621,0.0,0.0
HTR2A,0.36523938,0.0,0.0
HTR2B,0.28828427,0.0,0.0
HTR2C,0.3192693,0.0,0.0
HTR3A,0.3099668,0.0,0.0
HTR3B,0.19653262,0.0,0.0
HTR3C,0.14899132,0.0,-1.0
HTR3D,0.13326702,0.0,0.0
HTR3E,0.12555529,0.0,0.0
HTR4,0.29111916,0.0,0.0
HTR5A,0.24516112,0.0,0.0
HTR6,0.28445482,0.0,0.0
HTR7,0.45194057,0.0,-1.0
HTRA1,0.4880316,0.0,-1.0
HTRA2,0.45617083,0.0,-1.0
HTRA3,0.2786536,0.0,-1.0
HTRA4,0.25018272,0.0,0.0
HTT,0.5703247,1.0,-1.0
HUNK,0.4143979,0.0,0.0
HUS1,0.39705968,0.0,-1.0
HUS1B,0.24727736,0.0,0.0
HUWE1,0.4971276,0.0,-1.0
HVCN1,0.28273246,0.0,-1.0
HYAL1,0.2743316,0.0,-1.0
HYAL2,0.3119691,0.0,-1.0
HYAL3,0.1876487,0.0,0.0
HYAL4,0.26484105,0.0,0.0
HYDIN,0.21533932,0.0,-1.0
HYI,0.23965174,0.0,0.0
HYKK,0.17266287,0.0,0.0
HYLS1,0.29091334,0.0,0.0
HYOU1,0.35260344,0.0,0.0
HYPK,0.17761192,0.0,0.0
IAH1,0.17246889,0.0,0.0
IAPP,0.39506024,0.0,0.0
IARS1,0.50554687,1.0,0.0
IARS2,0.28409937,0.0,0.0
IBA57,0.2637168,0.0,0.0
IBSP,0.4727903,0.0,0.0
IBTK,0.3886245,0.0,0.0
ICA1,0.28126293,0.0,0.0
ICA1L,0.16353978,0.0,0.0
ICAM1,0.63350475,1.0,-1.0
ICAM2,0.48606473,0.0,0.0
ICAM3,0.4403855,0.0,-1.0
ICAM4,0.2764824,0.0,-1.0
ICAM5,0.37649825,0.0,-1.0
ICE1,0.30173177,0.0,0.0
ICE2,0.3194489,0.0,0.0
ICMT,0.26260775,0.0,0.0
ICOS,0.37099355,0.0,-1.0
ICOSLG,0.4025464,0.0,1.0
ID1,0.54757476,1.0,-1.0
ID2,0.5642035,1.0,-1.0
ID3,0.50242525,1.0,1.0
ID4,0.4788787,0.0,-1.0
IDE,0.5426023,1.0,0.0
IDH1,0.46751103,0.0,1.0
IDH2,0.41947713,0.0,1.0
IDH3A,0.27743638,0.0,-1.0
IDH3B,0.31003582,0.0,-1.0
IDH3G,0.23348841,0.0,-1.0
IDI1,0.23437569,0.0,0.0
IDI2,0.1861844,0.0,0.0
IDNK,0.15404803,0.0,-1.0
IDO1,0.5335907,1.0,-1.0
IDO2,0.13150066,0.0,-1.0
IDS,0.35750607,0.0,-1.0
IDUA,0.3601314,0.0,-1.0
IER2,0.3209679,0.0,-1.0
IER3,0.40465602,0.0,-1.0
IER3IP1,0.27314612,0.0,0.0
IER5,0.27955315,0.0,0.0
IER5L,0.17026807,0.0,0.0
IFFO1,0.32892844,0.0,0.0
IFFO2,0.21377301,0.0,0.0
IFI16,0.3866319,0.0,-1.0
IFI27,0.2745879,0.0,-1.0
IFI27L1,0.031210734,0.0,0.0
IFI27L2,0.1199867,0.0,0.0
IFI30,0.3568968,0.0,-1.0
IFI35,0.29306754,0.0,0.0
IFI44,0.27580684,0.0,0.0
IFI44L,0.255393,0.0,-1.0
IFI6,0.26151243,0.0,0.0
IFIH1,0.42558986,0.0,-1.0
IFIT1,0.38198784,0.0,0.0
IFIT1B,0.3083601,0.0,0.0
IFIT2,0.36183462,0.0,0.0
IFIT3,0.392925,0.0,-1.0
IFIT5,0.3115444,0.0,0.0
IFITM1,0.397116,0.0,0.0
IFITM10,0.095149346,0.0,0.0
IFITM2,0.34994256,0.0,-1.0
IFITM3,0.358933,0.0,-1.0
IFITM4P,0.0125449505,0.0,-1.0
IFITM5,0.16338667,0.0,0.0
IFNA1,0.54467493,1.0,-1.0
IFNA10,0.39640397,0.0,-1.0
IFNA13,0.3342962,0.0,-1.0
IFNA14,0.34930897,0.0,-1.0
IFNA16,0.34085014,0.0,-1.0
IFNA17,0.50867826,1.0,-1.0
IFNA2,0.5718652,1.0,-1.0
IFNA21,0.372806,0.0,-1.0
IFNA4,0.4100541,0.0,-1.0
IFNA5,0.36584777,0.0,-1.0
IFNA6,0.39100644,0.0,-1.0
IFNA7,0.32696435,0.0,-1.0
IFNA8,0.36241293,0.0,-1.0
IFNAR1,0.45140308,0.0,-1.0
IFNAR2,0.38208124,0.0,-1.0
IFNB1,0.58765846,1.0,-1.0
IFNE,0.23299506,0.0,0.0
IFNG,0.63359284,1.0,-1.0
IFNGR1,0.49251434,0.0,1.0
IFNGR2,0.38015568,0.0,-1.0
IFNK,0.2910267,0.0,0.0
IFNL1,0.2965549,0.0,0.0
IFNL2,0.24606329,0.0,0.0
IFNL3,0.25499272,0.0,0.0
IFNLR1,0.23431589,0.0,0.0
IFNR,0.024211952,0.0,0.0
IFNW1,0.4363224,0.0,0.0
IFRD1,0.31452197,0.0,0.0
IFRD2,0.22293587,0.0,-1.0
IFT122,0.34095123,0.0,0.0
IFT140,0.1968093,0.0,-1.0
IFT172,0.29664713,0.0,0.0
IFT20,0.056666866,0.0,0.0
IFT22,0.05111898,0.0,0.0
IFT27,0.1992278,0.0,0.0
IFT43,0.40868676,0.0,0.0
IFT46,0.027886042,0.0,0.0
IFT52,0.026427077,0.0,0.0
IFT57,0.3488886,0.0,0.0
IFT74,0.080346406,0.0,0.0
IFT80,0.08331803,0.0,0.0
IFT81,0.310603,0.0,0.0
IFT88,0.3444288,0.0,0.0
IFTAP,0.11348851,0.0,0.0
IGBP1,0.42434174,0.0,-1.0
IGDCC3,0.3193956,0.0,0.0
IGDCC4,0.31826136,0.0,-1.0
IGF1,0.6770127,1.0,1.0
IGF1R,0.6236249,1.0,1.0
IGF2,0.62238413,1.0,1.0
IGF2-AS,0.20933273,0.0,0.0
IGF2BP1,0.4134802,0.0,-1.0
IGF2BP2,0.4044733,0.0,1.0
IGF2BP3,0.46317077,0.0,-1.0
IGF2R,0.5294277,1.0,-1.0
IGFALS,0.38731706,0.0,-1.0
IGFBP1,0.5189165,1.0,-1.0
IGFBP2,0.5245596,1.0,-1.0
IGFBP3,0.61148715,1.0,-1.0
IGFBP4,0.5355627,1.0,0.0
IGFBP5,0.5597686,1.0,-1.0
IGFBP6,0.4708377,0.0,-1.0
IGFBP7,0.55091614,1.0,-1.0
IGFBPL1,0.15372522,0.0,0.0
IGFL1,0.060005415,0.0,0.0
IGFL2,0.024706328,0.0,0.0
IGFL3,0.14301582,0.0,0.0
IGFLR1,0.1202098,0.0,0.0
IGFN1,0.2244365,0.0,-1.0
IGHA1,0.2530782,0.0,0.0
IGHA2,0.045926917,0.0,0.0
IGHD,0.06921976,0.0,0.0
IGHE,0.093630955,0.0,0.0
IGHG1,0.3404712,0.0,-1.0
IGHG2,0.14358206,0.0,0.0
IGHG3,0.10943109,0.0,0.0
IGHG4,0.09697327,0.0,0.0
IGHM,0.1702856,0.0,0.0
IGHMBP2,0.33421284,0.0,-1.0
IGHV1-2,0.10352042,0.0,0.0
IGHV1-46,0.10478801,0.0,0.0
IGHV1-69,0.10478801,0.0,0.0
IGHV1OR15-9,0.0012730107,0.0,0.0
IGHV2-5,0.10478801,0.0,0.0
IGHV2-70,0.10478801,0.0,0.0
IGHV3-11,0.10478801,0.0,0.0
IGHV3-13,0.10478801,0.0,0.0
IGHV3-23,0.10709889,0.0,0.0
IGHV3-30,0.10478801,0.0,0.0
IGHV3-33,0.10478801,0.0,0.0
IGHV3-48,0.10501387,0.0,0.0
IGHV3-53,0.10478801,0.0,0.0
IGHV3-7,0.10478801,0.0,0.0
IGHV3-9,0.12246392,0.0,0.0
IGHV3OR15-7,0.15340109,0.0,0.0
IGHV4-31,0.0020048372,0.0,0.0
IGHV4-34,0.10478801,0.0,0.0
IGHV4-39,0.10478801,0.0,0.0
IGHV4-59,0.10478801,0.0,0.0
IGIP,0.21115848,0.0,0.0
IGKC,0.20127812,0.0,0.0
IGKV1-12,0.11670735,0.0,0.0
IGKV1-16,0.11289107,0.0,0.0
IGKV1-17,0.11031978,0.0,0.0
IGKV1-33,0.11031978,0.0,0.0
IGKV1-39,0.11031978,0.0,0.0
IGKV1-5,0.16148663,0.0,0.0
IGKV1D-12,0.11031978,0.0,0.0
IGKV1D-16,0.278529,0.0,0.0
IGKV1D-33,0.09795143,0.0,0.0
IGKV1D-39,0.09795143,0.0,0.0
IGKV2-28,0.15036821,0.0,0.0
IGKV2-30,0.11031978,0.0,0.0
IGKV2-40,0.018328724,0.0,0.0
IGKV2D-28,0.11093634,0.0,0.0
IGKV2D-29,0.012278745,0.0,0.0
IGKV2D-30,0.11517445,0.0,0.0
IGKV2D-40,0.22188932,0.0,0.0
IGKV3-11,0.11031978,0.0,0.0
IGKV3-15,0.11031978,0.0,0.0
IGKV3-20,0.14979763,0.0,0.0
IGKV3D-20,0.11305958,0.0,0.0
IGKV3D-7,0.2620517,0.0,0.0
IGKV4-1,0.12205784,0.0,0.0
IGKV5-2,0.11031978,0.0,0.0
IGL,0.32591942,0.0,1.0
IGLC1,0.13243805,0.0,0.0
IGLC2,0.13256232,0.0,0.0
IGLC3,0.13069677,0.0,0.0
IGLC6,0.12964855,0.0,0.0
IGLC7,0.13069218,0.0,0.0
IGLL1,0.40007964,0.0,-1.0
IGLL3P,0.0022040482,0.0,0.0
IGLL5,0.4380513,0.0,-1.0
IGLON5,0.09284144,0.0,0.0
IGLV1-40,0.10489486,0.0,0.0
IGLV1-44,0.10489486,0.0,0.0
IGLV1-47,0.1566779,0.0,0.0
IGLV1-51,0.10489486,0.0,0.0
IGLV2-11,0.10489486,0.0,0.0
IGLV2-14,0.1054971,0.0,0.0
IGLV2-23,0.10489486,0.0,0.0
IGLV2-8,0.10489486,0.0,0.0
IGLV3-1,0.10489486,0.0,0.0
IGLV3-19,0.10407579,0.0,0.0
IGLV3-21,0.10573803,0.0,0.0
IGLV3-25,0.10543889,0.0,0.0
IGLV3-27,0.10489486,0.0,0.0
IGLV6-57,0.10759758,0.0,0.0
IGLV7-43,0.10489486,0.0,0.0
IGSF1,0.2880158,0.0,0.0
IGSF10,0.27557194,0.0,-1.0
IGSF11,0.10027533,0.0,0.0
IGSF21,0.12215217,0.0,0.0
IGSF22,0.21502511,0.0,0.0
IGSF23,0.050670054,0.0,0.0
IGSF3,0.22482532,0.0,0.0
IGSF5,0.1953484,0.0,0.0
IGSF6,0.3589774,0.0,0.0
IGSF8,0.2095557,0.0,-1.0
IGSF9,0.1976832,0.0,0.0
IGSF9B,0.35466492,0.0,0.0
IHH,0.59374696,1.0,-1.0
IHO1,0.08413397,0.0,0.0
IK,0.46632475,0.0,0.0
IKBIP,0.28772494,0.0,0.0
IKBKB,0.5715773,1.0,1.0
IKBKE,0.37542468,0.0,1.0
IKBKG,0.29328784,0.0,-1.0
IKZF1,0.5147951,1.0,1.0
IKZF2,0.3212541,0.0,-1.0
IKZF3,0.37412155,0.0,1.0
IKZF4,0.29215157,0.0,0.0
IKZF5,0.35174426,0.0,0.0
IL10,0.6288028,1.0,-1.0
IL10RA,0.45639074,0.0,-1.0
IL10RB,0.34668177,0.0,-1.0
IL11,0.5766794,1.0,0.0
IL11RA,0.2984937,0.0,0.0
IL12A,0.49494788,0.0,-1.0
IL12B,0.51389915,1.0,-1.0
IL12RB1,0.4177443,0.0,-1.0
IL12RB2,0.38603318,0.0,-1.0
IL13,0.4866511,0.0,-1.0
IL13RA1,0.40998146,0.0,-1.0
IL13RA2,0.3192165,0.0,0.0
IL15,0.5756854,1.0,-1.0
IL15RA,0.36720046,0.0,-1.0
IL16,0.5409124,1.0,-1.0
IL17A,0.5704767,1.0,-1.0
IL17B,0.2891955,0.0,0.0
IL17C,0.24464856,0.0,0.0
IL17D,0.29889345,0.0,0.0
IL17F,0.4344256,0.0,-1.0
IL17RA,0.39009282,0.0,-1.0
IL17RB,0.27322623,0.0,-1.0
IL17RC,0.25525826,0.0,0.0
IL17RD,0.27490753,0.0,0.0
IL17RE,0.1202287,0.0,0.0
IL17REL,0.2400718,0.0,-1.0
IL18,0.5659956,1.0,0.0
IL18BP,0.32110304,0.0,0.0
IL18R1,0.3486559,0.0,0.0
IL18RAP,0.3641835,0.0,-1.0
IL19,0.31881106,0.0,0.0
IL1A,0.594952,1.0,-1.0
IL1B,0.60226744,1.0,-1.0
IL1F10,0.16092998,0.0,0.0
IL1R1,0.5087669,1.0,-1.0
IL1R2,0.40848362,0.0,-1.0
IL1RAP,0.38814986,0.0,0.0
IL1RAPL1,0.29757178,0.0,-1.0
IL1RAPL2,0.20803659,0.0,0.0
IL1RL1,0.33807606,0.0,-1.0
IL1RL2,0.24784924,0.0,0.0
IL1RN,0.4877487,0.0,-1.0
IL2,0.6383232,1.0,1.0
IL20,0.21414138,0.0,0.0
IL20RA,0.27000913,0.0,0.0
IL20RB,0.1831205,0.0,0.0
IL21,0.3372285,0.0,0.0
IL21R,0.38891286,0.0,1.0
IL22,0.34499064,0.0,-1.0
IL22RA1,0.3270249,0.0,-1.0
IL22RA2,0.23492385,0.0,0.0
IL23A,0.4932392,0.0,-1.0
IL23R,0.408229,0.0,-1.0
IL24,0.35302335,0.0,-1.0
IL25,0.27377576,0.0,0.0
IL26,0.30410647,0.0,0.0
IL27,0.3277708,0.0,0.0
IL27RA,0.3633155,0.0,0.0
IL2RA,0.54519176,1.0,-1.0
IL2RB,0.4753832,0.0,-1.0
IL2RG,0.4889631,0.0,-1.0
IL3,0.607391,1.0,1.0
IL31,0.31486502,0.0,0.0
IL31RA,0.43374926,0.0,0.0
IL32,0.41136768,0.0,0.0
IL33,0.44197518,0.0,0.0
IL34,0.26312417,0.0,0.0
IL36A,0.2362415,0.0,-1.0
IL36B,0.1898769,0.0,0.0
IL36G,0.17890117,0.0,0.0
IL36RN,0.24386893,0.0,0.0
IL37,0.27295738,0.0,0.0
IL3RA,0.46803695,0.0,-1.0
IL4,0.6311854,1.0,-1.0
IL4I1,0.45456597,0.0,0.0
IL4R,0.51299477,1.0,-1.0
IL5,0.5868261,1.0,-1.0
IL5RA,0.37802476,0.0,-1.0
IL6,0.6597939,1.0,-1.0
IL6R,0.5548236,1.0,-1.0
IL6ST,0.494515,0.0,1.0
IL7,0.58797127,1.0,-1.0
IL7R,0.557067,1.0,1.0
IL9,0.53029644,1.0,-1.0
IL9R,0.348878,0.0,0.0
ILDR1,0.09759087,0.0,0.0
ILDR2,0.09250554,0.0,0.0
ILF2,0.3727593,0.0,0.0
ILF3,0.43851694,0.0,0.0
ILK,0.5699242,1.0,-1.0
ILKAP,0.39496532,0.0,0.0
ILRUN,0.17853813,0.0,0.0
ILVBL,0.26070568,0.0,0.0
IMMP1L,0.2580277,0.0,0.0
IMMP2L,0.2413405,0.0,-1.0
IMMT,0.39635947,0.0,0.0
IMP3,0.22937784,0.0,0.0
IMP4,0.15252912,0.0,-1.0
IMPA1,0.35556564,0.0,-1.0
IMPA2,0.21707395,0.0,0.0
IMPACT,0.41685516,0.0,0.0
IMPDH1,0.35699913,0.0,-1.0
IMPDH2,0.39389318,0.0,0.0
IMPG1,0.23097183,0.0,0.0
IMPG2,0.20309429,0.0,-1.0
INA,0.4345703,0.0,0.0
INAFM1,0.1161596,0.0,0.0
INAVA,0.2565124,0.0,-1.0
INCA1,0.22021268,0.0,0.0
INCENP,0.45466822,0.0,0.0
INF2,0.3774122,0.0,-1.0
ING1,0.36290604,0.0,-1.0
ING2,0.36539456,0.0,-1.0
ING3,0.4086535,0.0,-1.0
ING4,0.3132655,0.0,-1.0
ING5,0.31041756,0.0,0.0
INHA,0.48594853,0.0,1.0
INHBA,0.5566788,1.0,1.0
INHBB,0.51482636,1.0,0.0
INHBC,0.39499342,0.0,0.0
INHBE,0.6076083,1.0,-1.0
INIP,0.22991838,0.0,0.0
INKA1,0.19289635,0.0,0.0
INKA2,0.21468082,0.0,-1.0
INMT,0.2696525,0.0,0.0
INO80,0.44567567,0.0,-1.0
INO80B,0.3260715,0.0,0.0
INO80B-WBP1,0.17413083,0.0,0.0
INO80C,0.20358424,0.0,0.0
INO80D,0.33201778,0.0,-1.0
INO80E,0.18307652,0.0,0.0
INPP1,0.23634529,0.0,0.0
INPP4A,0.34996614,0.0,-1.0
INPP4B,0.27565464,0.0,1.0
INPP5A,0.22544326,0.0,0.0
INPP5B,0.38104647,0.0,0.0
INPP5D,0.48989785,0.0,-1.0
INPP5E,0.36413923,0.0,0.0
INPP5F,0.2694686,0.0,0.0
INPP5J,0.35779393,0.0,-1.0
INPP5K,0.31816027,0.0,-1.0
INPPL1,0.41236934,0.0,1.0
INS,0.68475085,1.0,-1.0
INS-IGF2,0.335145,0.0,0.0
INSC,0.23204364,0.0,0.0
INSIG1,0.33245525,0.0,0.0
INSIG2,0.30526868,0.0,0.0
INSL3,0.18345527,0.0,-1.0
INSL4,0.26508224,0.0,0.0
INSL5,0.22981586,0.0,0.0
INSL6,0.2325012,0.0,0.0
INSM1,0.2867495,0.0,0.0
INSM2,0.286242,0.0,0.0
INSR,0.63095224,1.0,1.0
INSRR,0.50585943,1.0,-1.0
INSYN1,0.15626012,0.0,0.0
INSYN2A,0.15673131,0.0,0.0
INSYN2B,0.27645075,0.0,-1.0
INTS1,0.27517048,0.0,0.0
INTS10,0.2946154,0.0,0.0
INTS11,0.29652512,0.0,0.0
INTS12,0.30565733,0.0,-1.0
INTS13,0.26690036,0.0,0.0
INTS14,0.20189203,0.0,0.0
INTS2,0.21308045,0.0,0.0
INTS3,0.32498866,0.0,0.0
INTS4,0.2130639,0.0,-1.0
INTS4P2,0.043461405,0.0,0.0
INTS5,0.2836099,0.0,0.0
INTS6,0.39702258,0.0,-1.0
INTS6L,0.22285788,0.0,-1.0
INTS7,0.34112665,0.0,-1.0
INTS8,0.30700412,0.0,0.0
INTS9,0.29976282,0.0,0.0
INTU,0.41555846,0.0,0.0
INVS,0.4295879,0.0,0.0
IP6K1,0.21621275,0.0,0.0
IP6K2,0.28998405,0.0,0.0
IP6K3,0.1997791,0.0,0.0
IPCEF1,0.22386779,0.0,0.0
IPMK,0.25991747,0.0,0.0
IPO11,0.3109606,0.0,0.0
IPO13,0.20662917,0.0,0.0
IPO4,0.3552716,0.0,-1.0
IPO5,0.40239894,0.0,-1.0
IPO7,0.46397564,0.0,-1.0
IPO8,0.44702822,0.0,0.0
IPO9,0.38801548,0.0,0.0
IPP,0.34465745,0.0,0.0
IPPK,0.15293382,0.0,0.0
IQCA1,0.33448333,0.0,0.0
IQCB1,0.46530622,0.0,-1.0
IQCC,0.16898511,0.0,0.0
IQCD,0.08337975,0.0,0.0
IQCE,0.19063145,0.0,-1.0
IQCF1,0.09116436,0.0,0.0
IQCF2,0.088932,0.0,0.0
IQCF3,0.08557615,0.0,0.0
IQCF5,0.07563176,0.0,0.0
IQCF6,0.08832697,0.0,0.0
IQCG,0.17752783,0.0,-1.0
IQCH,0.18153743,0.0,0.0
IQCJ,0.19400288,0.0,0.0
IQCK,0.13946377,0.0,0.0
IQCN,0.16879232,0.0,0.0
IQGAP1,0.55019313,1.0,-1.0
IQGAP2,0.41262537,0.0,-1.0
IQGAP3,0.32321745,0.0,0.0
IQSEC1,0.33682892,0.0,0.0
IQSEC2,0.2788535,0.0,-1.0
IQSEC3,0.2185097,0.0,0.0
IQUB,0.07628818,0.0,0.0
IRAG1,0.29135904,0.0,-1.0
IRAG2,0.28833526,0.0,-1.0
IRAK1,0.51541066,1.0,0.0
IRAK1BP1,0.19584858,0.0,0.0
IRAK2,0.43438143,0.0,-1.0
IRAK3,0.4692056,0.0,0.0
IRAK4,0.50384843,1.0,-1.0
IREB2,0.36013773,0.0,0.0
IRF1,0.5774415,1.0,1.0
IRF1-AS1,0.28339422,0.0,0.0
IRF2,0.429933,0.0,-1.0
IRF2BP1,0.21473409,0.0,0.0
IRF2BP2,0.24909021,0.0,-1.0
IRF2BPL,0.20800783,0.0,0.0
IRF3,0.6602619,1.0,0.0
IRF4,0.4954659,0.0,1.0
IRF5,0.39038065,0.0,-1.0
IRF6,0.55523986,1.0,-1.0
IRF7,0.45261577,0.0,-1.0
IRF8,0.47545615,0.0,1.0
IRF9,0.3938192,0.0,0.0
IRGC,0.10074534,0.0,0.0
IRGM,0.3166263,0.0,-1.0
IRGQ,0.15085904,0.0,0.0
IRS1,0.6001818,1.0,1.0
IRS2,0.5670929,1.0,1.0
IRS4,0.46940324,0.0,1.0
IRX1,0.30845743,0.0,0.0
IRX2,0.30310476,0.0,0.0
IRX3,0.33351994,0.0,0.0
IRX4,0.3122066,0.0,0.0
IRX5,0.2990453,0.0,0.0
IRX6,0.33324945,0.0,-1.0
ISCA1,0.25555828,0.0,0.0
ISCA2,0.14296338,0.0,-1.0
ISCU,0.2775268,0.0,-1.0
ISG15,0.46228227,0.0,0.0
ISG20,0.3739203,0.0,0.0
ISG20L2,0.29333514,0.0,0.0
ISL1,0.51747876,1.0,0.0
ISL2,0.30788448,0.0,0.0
ISLR,0.49050525,0.0,0.0
ISLR2,0.35957125,0.0,0.0
ISM1,0.3553385,0.0,0.0
ISM2,0.1232412,0.0,0.0
ISOC1,0.32803935,0.0,0.0
ISOC2,0.14844489,0.0,-1.0
IST1,0.26388997,0.0,0.0
ISX,0.25650382,0.0,1.0
ISY1,0.24747378,0.0,0.0
ISY1-RAB43,0.20389566,0.0,0.0
ISYNA1,0.2933898,0.0,0.0
ITCH,0.5133521,1.0,-1.0
ITFG1,0.2082033,0.0,0.0
ITFG2,0.24056987,0.0,0.0
ITGA1,0.49904832,0.0,-1.0
ITGA10,0.33637145,0.0,0.0
ITGA11,0.362695,0.0,-1.0
ITGA2,0.6746248,1.0,-1.0
ITGA2B,0.5681214,1.0,-1.0
ITGA3,0.4821285,0.0,-1.0
ITGA4,0.5768623,1.0,-1.0
ITGA5,0.581838,1.0,-1.0
ITGA6,0.55772203,1.0,-1.0
ITGA7,0.42946392,0.0,-1.0
ITGA8,0.40226668,0.0,0.0
ITGA9,0.43815306,0.0,-1.0
ITGAD,0.36945155,0.0,0.0
ITGAE,0.47464538,0.0,-1.0
ITGAL,0.5337451,1.0,0.0
ITGAM,0.5980976,1.0,-1.0
ITGAV,0.5878438,1.0,1.0
ITGAX,0.543951,1.0,-1.0
ITGB1,0.63541675,1.0,-1.0
ITGB1BP1,0.25482094,0.0,0.0
ITGB1BP2,0.23108603,0.0,0.0
ITGB2,0.5717559,1.0,-1.0
ITGB3,0.4304889,0.0,-1.0
ITGB3BP,0.37513143,0.0,0.0
ITGB4,0.520893,1.0,-1.0
ITGB5,0.51052856,1.0,-1.0
ITGB6,0.48850143,0.0,0.0
ITGB7,0.48846176,0.0,-1.0
ITGB8,0.4604622,0.0,0.0
ITGBL1,0.40802068,0.0,0.0
ITIH1,0.2702977,0.0,-1.0
ITIH2,0.26805198,0.0,0.0
ITIH3,0.2775341,0.0,0.0
ITIH4,0.4582807,0.0,0.0
ITIH5,0.32208312,0.0,0.0
ITIH6,0.22929987,0.0,0.0
ITK,0.5589152,1.0,1.0
ITLN1,0.36603087,0.0,-1.0
ITLN2,0.13911708,0.0,0.0
ITM2A,0.31515926,0.0,0.0
ITM2B,0.43253067,0.0,-1.0
ITM2C,0.353706,0.0,0.0
ITPA,0.3211773,0.0,0.0
ITPK1,0.19844149,0.0,0.0
ITPKA,0.2465289,0.0,0.0
ITPKB,0.24579164,0.0,-1.0
ITPKC,0.30850282,0.0,-1.0
ITPR1,0.4952943,0.0,-1.0
ITPR2,0.40891492,0.0,-1.0
ITPR3,0.4570034,0.0,-1.0
ITPRID1,0.05129214,0.0,-1.0
ITPRID2,0.34051666,0.0,0.0
ITPRIP,0.28132907,0.0,0.0
ITPRIPL1,0.114767015,0.0,0.0
ITPRIPL2,0.1623565,0.0,0.0
ITSN1,0.45576528,0.0,0.0
ITSN2,0.50855297,1.0,0.0
IVD,0.29377618,0.0,0.0
IVL,0.38711897,0.0,0.0
IVNS1ABP,0.28896597,0.0,0.0
IWS1,0.27510217,0.0,-1.0
IYD,0.22145846,0.0,-1.0
IZUMO1,0.08814521,0.0,0.0
IZUMO1R,0.18376979,0.0,0.0
IZUMO2,0.075030066,0.0,0.0
IZUMO3,0.07985418,0.0,0.0
IZUMO4,0.124367826,0.0,0.0
JADE1,0.28889474,0.0,0.0
JADE2,0.2892076,0.0,0.0
JADE3,0.1940444,0.0,0.0
JAG1,0.6236614,1.0,-1.0
JAG2,0.5637052,1.0,-1.0
JAGN1,0.15960936,0.0,0.0
JAK1,0.60236096,1.0,1.0
JAK2,0.6582184,1.0,1.0
JAK3,0.54549485,1.0,1.0
JAKMIP1,0.13240865,0.0,-1.0
JAKMIP2,0.20040411,0.0,-1.0
JAKMIP3,0.116856374,0.0,0.0
JAM2,0.39724493,0.0,0.0
JAM3,0.4298703,0.0,0.0
JAML,0.34011456,0.0,0.0
JARID2,0.39888212,0.0,1.0
JAZF1,0.31242862,0.0,-1.0
JCAD,0.42541426,0.0,0.0
JCHAIN,0.3813996,0.0,0.0
JDP2,0.34132546,0.0,-1.0
JHY,0.10536079,0.0,0.0
JKAMP,0.14726932,0.0,0.0
JMJD1C,0.39433604,0.0,-1.0
JMJD4,0.14099742,0.0,0.0
JMJD6,0.42564824,0.0,0.0
JMJD7,0.10015847,0.0,0.0
JMJD7-PLA2G4B,0.1529149,0.0,-1.0
JMJD8,0.13545269,0.0,0.0
JMY,0.27308652,0.0,0.0
JOSD1,0.189132,0.0,0.0
JOSD2,0.17331585,0.0,0.0
JPH1,0.35466483,0.0,0.0
JPH2,0.29460865,0.0,-1.0
JPH3,0.36672214,0.0,0.0
JPH4,0.21066494,0.0,0.0
JPT1,0.28649378,0.0,0.0
JPT2,0.25355914,0.0,0.0
JPX,0.22172315,0.0,0.0
JRK,0.18712004,0.0,0.0
JRKL,0.2077322,0.0,0.0
JSRP1,0.15153022,0.0,0.0
JTB,0.1265396,0.0,0.0
JUN,0.8016962,1.0,1.0
JUNB,0.51498514,1.0,-1.0
JUND,0.49278915,0.0,-1.0
JUP,0.5622329,1.0,-1.0
KAAG1,0.15836433,0.0,0.0
KALRN,0.45758367,0.0,-1.0
KANK1,0.38234136,0.0,-1.0
KANK2,0.3566984,0.0,0.0
KANK3,0.34286824,0.0,0.0
KANK4,0.34229112,0.0,0.0
KANSL1,0.3145968,0.0,-1.0
KANSL1L,0.170604,0.0,0.0
KANSL2,0.24215907,0.0,0.0
KANSL3,0.3384318,0.0,0.0
KARS1,0.34369025,0.0,-1.0
KASH5,0.07758989,0.0,-1.0
KAT14,0.21667436,0.0,-1.0
KAT2A,0.51276124,1.0,-1.0
KAT2B,0.6125199,1.0,-1.0
KAT5,0.52107304,1.0,-1.0
KAT6A,0.50198203,1.0,1.0
KAT6B,0.37773296,0.0,1.0
KAT7,0.3445768,0.0,1.0
KAT8,0.4333036,0.0,0.0
KATNA1,0.28709382,0.0,0.0
KATNAL1,0.24384983,0.0,0.0
KATNAL2,0.25044093,0.0,0.0
KATNB1,0.26230717,0.0,-1.0
KATNBL1,0.21585609,0.0,0.0
KATNIP,0.027964385,0.0,0.0
KAZALD1,0.18371455,0.0,0.0
KAZN,0.30224758,0.0,0.0
KBTBD11,0.21111333,0.0,-1.0
KBTBD12,0.1751291,0.0,0.0
KBTBD13,0.19656454,0.0,-1.0
KBTBD2,0.34268093,0.0,0.0
KBTBD3,0.20261914,0.0,0.0
KBTBD4,0.21125217,0.0,-1.0
KBTBD6,0.2763074,0.0,0.0
KBTBD7,0.2577551,0.0,0.0
KBTBD8,0.16971911,0.0,-1.0
KCMF1,0.3230642,0.0,-1.0
KCNA1,0.4093218,0.0,-1.0
KCNA10,0.20780338,0.0,0.0
KCNA2,0.3524488,0.0,0.0
KCNA3,0.4074072,0.0,0.0
KCNA4,0.3369869,0.0,-1.0
KCNA5,0.410188,0.0,-1.0
KCNA6,0.14472501,0.0,-1.0
KCNA7,0.29427156,0.0,0.0
KCNAB1,0.24266107,0.0,-1.0
KCNAB2,0.2694188,0.0,0.0
KCNAB3,0.20875303,0.0,0.0
KCNB1,0.37852776,0.0,0.0
KCNB2,0.313121,0.0,-1.0
KCNC1,0.3605827,0.0,0.0
KCNC2,0.30375972,0.0,0.0
KCNC3,0.31039593,0.0,-1.0
KCNC4,0.30507207,0.0,0.0
KCND1,0.30574057,0.0,0.0
KCND2,0.38645163,0.0,-1.0
KCND3,0.3441976,0.0,0.0
KCNE1,0.42289606,0.0,-1.0
KCNE2,0.27859947,0.0,-1.0
KCNE3,0.2656619,0.0,-1.0
KCNE4,0.26278713,0.0,0.0
KCNE5,0.1820919,0.0,0.0
KCNF1,0.33998725,0.0,0.0
KCNG1,0.3670462,0.0,0.0
KCNG2,0.2630679,0.0,0.0
KCNG3,0.23516968,0.0,0.0
KCNG4,0.2445127,0.0,0.0
KCNH1,0.38560146,0.0,-1.0
KCNH2,0.38626578,0.0,-1.0
KCNH3,0.14864872,0.0,0.0
KCNH4,0.15717292,0.0,0.0
KCNH5,0.22148918,0.0,-1.0
KCNH6,0.23550726,0.0,0.0
KCNH7,0.24853924,0.0,0.0
KCNH8,0.26087746,0.0,0.0
KCNIP1,0.35961524,0.0,0.0
KCNIP2,0.3656005,0.0,0.0
KCNIP3,0.35721448,0.0,0.0
KCNIP4,0.37952346,0.0,0.0
KCNJ1,0.24906489,0.0,-1.0
KCNJ10,0.31079963,0.0,0.0
KCNJ11,0.44456008,0.0,0.0
KCNJ12,0.22507036,0.0,0.0
KCNJ13,0.17592429,0.0,-1.0
KCNJ14,0.2285253,0.0,0.0
KCNJ15,0.29185346,0.0,0.0
KCNJ16,0.17712353,0.0,0.0
KCNJ18,0.02338553,0.0,0.0
KCNJ2,0.37719655,0.0,-1.0
KCNJ3,0.28418526,0.0,0.0
KCNJ4,0.35878575,0.0,0.0
KCNJ5,0.29881606,0.0,1.0
KCNJ5-AS1,0.17210153,0.0,0.0
KCNJ6,0.27301276,0.0,0.0
KCNJ8,0.34397927,0.0,-1.0
KCNJ9,0.25165692,0.0,-1.0
KCNK1,0.30465052,0.0,-1.0
KCNK10,0.26905528,0.0,-1.0
KCNK12,0.07481648,0.0,0.0
KCNK13,0.14922954,0.0,0.0
KCNK15,0.17965296,0.0,0.0
KCNK16,0.1830782,0.0,0.0
KCNK17,0.22110498,0.0,0.0
KCNK18,0.22211379,0.0,-1.0
KCNK2,0.3312384,0.0,0.0
KCNK3,0.30867088,0.0,0.0
KCNK4,0.31453598,0.0,0.0
KCNK5,0.2748487,0.0,-1.0
KCNK6,0.31502742,0.0,0.0
KCNK7,0.21829657,0.0,0.0
KCNK9,0.2313244,0.0,0.0
KCNMA1,0.5387229,1.0,-1.0
KCNMB1,0.32419443,0.0,0.0
KCNMB2,0.16668959,0.0,0.0
KCNMB3,0.15494967,0.0,0.0
KCNMB4,0.24901438,0.0,0.0
KCNN1,0.2703996,0.0,0.0
KCNN2,0.22618891,0.0,-1.0
KCNN3,0.3632661,0.0,-1.0
KCNN4,0.3476151,0.0,0.0
KCNQ1,0.4401108,0.0,-1.0
KCNQ1OT1,1.5797876e-05,0.0,0.0
KCNQ2,0.36561376,0.0,-1.0
KCNQ3,0.36781362,0.0,-1.0
KCNQ4,0.29128152,0.0,0.0
KCNQ5,0.26384526,0.0,-1.0
KCNRG,0.34110957,0.0,0.0
KCNS1,0.32012644,0.0,0.0
KCNS2,0.25878382,0.0,0.0
KCNS3,0.30169144,0.0,0.0
KCNT1,0.26284665,0.0,0.0
KCNT2,0.15870965,0.0,-1.0
KCNU1,0.12483931,0.0,-1.0
KCNV1,0.29610828,0.0,0.0
KCNV2,0.24622671,0.0,-1.0
KCTD1,0.40384036,0.0,0.0
KCTD10,0.2581827,0.0,0.0
KCTD11,0.18757306,0.0,0.0
KCTD12,0.4104101,0.0,0.0
KCTD13,0.17849132,0.0,0.0
KCTD14,0.119965136,0.0,0.0
KCTD15,0.24191512,0.0,0.0
KCTD16,0.2115464,0.0,0.0
KCTD17,0.21314962,0.0,0.0
KCTD18,0.15760481,0.0,0.0
KCTD19,0.17075557,0.0,0.0
KCTD2,0.2048255,0.0,-1.0
KCTD20,0.25276566,0.0,0.0
KCTD21,0.1239555,0.0,0.0
KCTD3,0.33213168,0.0,0.0
KCTD4,0.12029607,0.0,0.0
KCTD5,0.22494192,0.0,0.0
KCTD6,0.18815677,0.0,0.0
KCTD7,0.21463992,0.0,-1.0
KCTD8,0.19315067,0.0,-1.0
KCTD9,0.24281268,0.0,0.0
KCTD9P2,0.02761263,0.0,0.0
KDELR1,0.3141682,0.0,-1.0
KDELR2,0.30514315,0.0,0.0
KDELR3,0.30117965,0.0,0.0
KDF1,0.11087348,0.0,0.0
KDM1A,0.52346116,1.0,-1.0
KDM1B,0.29538843,0.0,-1.0
KDM2A,0.38774157,0.0,-1.0
KDM2B,0.30605248,0.0,-1.0
KDM3A,0.38751754,0.0,-1.0
KDM3B,0.36218384,0.0,0.0
KDM4A,0.41108838,0.0,0.0
KDM4B,0.30141744,0.0,0.0
KDM4C,0.42171958,0.0,-1.0
KDM4D,0.112116404,0.0,0.0
KDM5A,0.51743364,1.0,1.0
KDM5B,0.3228754,0.0,0.0
KDM5C,0.32356644,0.0,1.0
KDM5D,0.2610937,0.0,0.0
KDM6A,0.43834302,0.0,1.0
KDM6B,0.38585207,0.0,0.0
KDM7A,0.37240288,0.0,0.0
KDM8,0.20946503,0.0,-1.0
KDR,0.65803576,1.0,1.0
KDSR,0.21604508,0.0,1.0
KEAP1,0.4428916,0.0,1.0
KEL,0.41983607,0.0,-1.0
KERA,0.39230824,0.0,0.0
KHDC1,0.060100697,0.0,0.0
KHDC1L,0.09055888,0.0,0.0
KHDC3L,0.20057787,0.0,-1.0
KHDC4,0.30729702,0.0,0.0
KHDRBS1,0.41246203,0.0,0.0
KHDRBS2,0.32700083,0.0,-1.0
KHDRBS3,0.32966053,0.0,0.0
KHK,0.1846651,0.0,0.0
KHNYN,0.24069746,0.0,0.0
KHSRP,0.39609224,0.0,-1.0
KIAA0040,0.20810471,0.0,0.0
KIAA0087,0.18438889,0.0,0.0
KIAA0100,0.23632129,0.0,0.0
KIAA0232,0.37305787,0.0,0.0
KIAA0319,0.29277298,0.0,-1.0
KIAA0319L,0.3046348,0.0,0.0
KIAA0408,0.22745717,0.0,0.0
KIAA0513,0.27628756,0.0,0.0
KIAA0586,0.3092411,0.0,0.0
KIAA0753,0.46662652,0.0,0.0
KIAA0825,0.29632983,0.0,0.0
KIAA0895,0.18393235,0.0,0.0
KIAA0895L,0.09973141,0.0,-1.0
KIAA0930,0.22760929,0.0,0.0
KIAA1107,0.20691276,0.0,0.0
KIAA1109,0.43725887,0.0,0.0
KIAA1143,0.21093455,0.0,0.0
KIAA1191,0.24918097,0.0,0.0
KIAA1210,0.17934848,0.0,0.0
KIAA1217,0.2852444,0.0,0.0
KIAA1328,0.2637569,0.0,0.0
KIAA1522,0.24357142,0.0,0.0
KIAA1549,0.38086122,0.0,-1.0
KIAA1549L,0.23442164,0.0,0.0
KIAA1586,0.09108055,0.0,0.0
KIAA1614,0.20243661,0.0,0.0
KIAA1671,0.37085015,0.0,0.0
KIAA1958,0.19194807,0.0,0.0
KIAA2013,0.1391783,0.0,0.0
KIAA2026,0.3669012,0.0,0.0
KICS2,0.12342789,0.0,0.0
KIDINS220,0.52456695,1.0,-1.0
KIF11,0.56303424,1.0,0.0
KIF12,0.31393865,0.0,0.0
KIF13A,0.3627104,0.0,-1.0
KIF13B,0.3948473,0.0,0.0
KIF14,0.53733927,1.0,-1.0
KIF15,0.46519238,0.0,-1.0
KIF16B,0.3480776,0.0,-1.0
KIF17,0.38139528,0.0,0.0
KIF18A,0.46486527,0.0,0.0
KIF18B,0.3884444,0.0,0.0
KIF19,0.3429411,0.0,0.0
KIF1A,0.396764,0.0,-1.0
KIF1B,0.46274525,0.0,-1.0
KIF1C,0.38783002,0.0,0.0
KIF20A,0.45638728,0.0,0.0
KIF20B,0.45179445,0.0,-1.0
KIF21A,0.40786406,0.0,-1.0
KIF21B,0.4219484,0.0,-1.0
KIF22,0.46983707,0.0,0.0
KIF23,0.5323278,1.0,-1.0
KIF24,0.24391636,0.0,0.0
KIF25,0.37328726,0.0,0.0
KIF25-AS1,0.0142132165,0.0,0.0
KIF26A,0.30846426,0.0,0.0
KIF26B,0.3117963,0.0,0.0
KIF27,0.4067274,0.0,-1.0
KIF2A,0.49930957,0.0,0.0
KIF2B,0.20456813,0.0,-1.0
KIF2C,0.5184851,1.0,0.0
KIF3A,0.44973657,0.0,0.0
KIF3B,0.4058137,0.0,0.0
KIF3C,0.38894126,0.0,0.0
KIF4A,0.51406544,1.0,-1.0
KIF4B,0.23900941,0.0,0.0
KIF5A,0.43211046,0.0,-1.0
KIF5B,0.49512285,0.0,1.0
KIF5C,0.36750695,0.0,-1.0
KIF6,0.31737912,0.0,0.0
KIF7,0.51610047,1.0,-1.0
KIF9,0.308483,0.0,0.0
KIFAP3,0.33567098,0.0,0.0
KIFBP,0.31950173,0.0,0.0
KIFC1,0.4539287,0.0,0.0
KIFC2,0.3642101,0.0,0.0
KIFC3,0.40747425,0.0,-1.0
KIN,0.4198686,0.0,-1.0
KIR2DL1,0.30384582,0.0,0.0
KIR2DL2,0.15513042,0.0,0.0
KIR2DL3,0.3288969,0.0,0.0
KIR2DL4,0.29063717,0.0,0.0
KIR2DL5A,0.0020329133,0.0,0.0
KIR2DS1,0.19997324,0.0,0.0
KIR2DS2,0.08131203,0.0,0.0
KIR2DS3,0.026215753,0.0,0.0
KIR2DS4,0.15996765,0.0,0.0
KIR2DS5,0.14514028,0.0,0.0
KIR3DL1,0.32186458,0.0,-1.0
KIR3DL2,0.2094078,0.0,0.0
KIR3DL3,0.25591305,0.0,0.0
KIR3DP1,0.012630496,0.0,0.0
KIR3DS1,0.22396077,0.0,0.0
KIR3DX1,4.342588e-05,0.0,0.0
KIRREL1,0.364506,0.0,0.0
KIRREL2,0.23917694,0.0,0.0
KIRREL3,0.3110517,0.0,-1.0
KIRREL3-AS3,0.0014864603,0.0,0.0
KISS1,0.30440876,0.0,0.0
KISS1R,0.27875876,0.0,-1.0
KIT,0.6621878,1.0,1.0
KITLG,0.6571848,1.0,-1.0
KIZ,0.29663986,0.0,-1.0
KL,0.3741777,0.0,-1.0
KLB,0.3272291,0.0,-1.0
KLC1,0.41458094,0.0,0.0
KLC2,0.39832637,0.0,0.0
KLC3,0.33474737,0.0,0.0
KLC4,0.35044444,0.0,0.0
KLF1,0.3983082,0.0,-1.0
KLF10,0.40867567,0.0,0.0
KLF11,0.30867222,0.0,-1.0
KLF12,0.28067923,0.0,0.0
KLF13,0.29781434,0.0,0.0
KLF14,0.20140631,0.0,0.0
KLF15,0.31078413,0.0,0.0
KLF16,0.3448883,0.0,0.0
KLF17,0.18148321,0.0,0.0
KLF2,0.46569946,0.0,1.0
KLF3,0.3632728,0.0,1.0
KLF3-AS1,0.01706779,0.0,0.0
KLF4,0.56740797,1.0,1.0
KLF5,0.44529936,0.0,1.0
KLF6,0.44147956,0.0,1.0
KLF7,0.37777153,0.0,0.0
KLF8,0.3176791,0.0,0.0
KLF9,0.3931388,0.0,0.0
KLHDC1,0.30263907,0.0,0.0
KLHDC10,0.2962194,0.0,0.0
KLHDC2,0.38430056,0.0,0.0
KLHDC3,0.3467214,0.0,0.0
KLHDC4,0.17253141,0.0,-1.0
KLHDC7A,0.088373154,0.0,0.0
KLHDC7B,0.15321137,0.0,0.0
KLHDC8A,0.15224707,0.0,0.0
KLHDC8B,0.1716598,0.0,-1.0
KLHDC9,0.22569026,0.0,0.0
KLHL1,0.2573778,0.0,0.0
KLHL10,0.08205326,0.0,-1.0
KLHL11,0.17142864,0.0,-1.0
KLHL12,0.2537133,0.0,0.0
KLHL13,0.2249256,0.0,0.0
KLHL14,0.13598153,0.0,0.0
KLHL15,0.21501674,0.0,0.0
KLHL17,0.20998767,0.0,-1.0
KLHL18,0.18177544,0.0,0.0
KLHL2,0.31831774,0.0,0.0
KLHL20,0.2363863,0.0,0.0
KLHL21,0.2077246,0.0,0.0
KLHL22,0.24394992,0.0,0.0
KLHL23,0.21004865,0.0,0.0
KLHL24,0.32777,0.0,0.0
KLHL25,0.21718858,0.0,0.0
KLHL26,0.18956542,0.0,0.0
KLHL28,0.304107,0.0,0.0
KLHL29,0.18694301,0.0,0.0
KLHL3,0.21047767,0.0,0.0
KLHL30,0.16809645,0.0,0.0
KLHL30-AS1,0.032866046,0.0,0.0
KLHL31,0.1673983,0.0,0.0
KLHL32,0.22850047,0.0,0.0
KLHL33,0.16114117,0.0,0.0
KLHL34,0.17901012,0.0,0.0
KLHL35,0.23570257,0.0,0.0
KLHL36,0.22248058,0.0,0.0
KLHL38,0.13087249,0.0,0.0
KLHL4,0.23540033,0.0,0.0
KLHL40,0.16941272,0.0,0.0
KLHL41,0.22743198,0.0,0.0
KLHL42,0.16400099,0.0,0.0
KLHL5,0.22532953,0.0,-1.0
KLHL6,0.19180328,0.0,-1.0
KLHL7,0.22147432,0.0,-1.0
KLHL8,0.27727184,0.0,-1.0
KLHL9,0.2313725,0.0,0.0
KLK1,0.3457996,0.0,-1.0
KLK10,0.32713836,0.0,-1.0
KLK11,0.3234446,0.0,-1.0
KLK12,0.24236257,0.0,-1.0
KLK13,0.27389196,0.0,-1.0
KLK14,0.2232844,0.0,-1.0
KLK15,0.32722497,0.0,0.0
KLK2,0.28456873,0.0,1.0
KLK3,0.53874356,1.0,-1.0
KLK4,0.42729872,0.0,-1.0
KLK5,0.29026687,0.0,-1.0
KLK6,0.34493035,0.0,-1.0
KLK7,0.25328162,0.0,-1.0
KLK8,0.23803039,0.0,-1.0
KLK9,0.24452126,0.0,-1.0
KLKB1,0.3314354,0.0,0.0
KLKP1,5.3858315e-07,0.0,0.0
KLLN,0.24379593,0.0,-1.0
KLRA1P,0.09987252,0.0,0.0
KLRB1,0.3837738,0.0,0.0
KLRC1,0.37044775,0.0,0.0
KLRC2,0.29197252,0.0,0.0
KLRC3,0.22739203,0.0,0.0
KLRC4,0.2829061,0.0,0.0
KLRC4-KLRK1,0.27144867,0.0,0.0
KLRD1,0.44378552,0.0,0.0
KLRF1,0.20340091,0.0,0.0
KLRF2,0.21232264,0.0,0.0
KLRG1,0.36920393,0.0,0.0
KLRG2,0.20618793,0.0,0.0
KLRK1,0.38749984,0.0,-1.0
KMO,0.24366757,0.0,-1.0
KMT2A,0.6186995,1.0,1.0
KMT2B,0.29501632,0.0,1.0
KMT2C,0.46504477,0.0,1.0
KMT2D,0.45533866,0.0,1.0
KMT2E,0.44877186,0.0,-1.0
KMT2E-AS1,0.2103158,0.0,0.0
KMT5A,0.36419812,0.0,-1.0
KMT5B,0.3863458,0.0,0.0
KMT5C,0.21913898,0.0,0.0
KNCN,0.15899655,0.0,0.0
KNDC1,0.2230291,0.0,-1.0
KNG1,0.5121057,1.0,-1.0
KNL1,0.42697403,0.0,1.0
KNOP1,0.22807616,0.0,0.0
KNSTRN,0.40846685,0.0,1.0
KNTC1,0.5645118,1.0,0.0
KPNA1,0.3910261,0.0,0.0
KPNA2,0.4395027,0.0,0.0
KPNA3,0.3841852,0.0,0.0
KPNA4,0.37889358,0.0,0.0
KPNA5,0.34877655,0.0,-1.0
KPNA6,0.3650852,0.0,0.0
KPNA7,0.26573348,0.0,-1.0
KPNB1,0.4817667,0.0,-1.0
KPRP,0.09231927,0.0,0.0
KPTN,0.3314921,0.0,0.0
KRAS,0.673149,1.0,1.0
KRBA1,0.18296118,0.0,0.0
KRBA2,0.22417904,0.0,0.0
KRBOX4,0.30927235,0.0,0.0
KRBOX5,0.27279928,0.0,0.0
KRCC1,0.19085157,0.0,-1.0
KREMEN1,0.26457775,0.0,-1.0
KREMEN2,0.26792675,0.0,0.0
KRI1,0.28673413,0.0,0.0
KRIT1,0.4724344,0.0,-1.0
KRR1,0.31073645,0.0,0.0
KRT1,0.3860315,0.0,-1.0
KRT10,0.42152467,0.0,-1.0
KRT10-AS1,0.19043894,0.0,0.0
KRT12,0.23982747,0.0,-1.0
KRT13,0.34992474,0.0,-1.0
KRT14,0.45160234,0.0,-1.0
KRT15,0.36214364,0.0,-1.0
KRT16,0.36970323,0.0,-1.0
KRT17,0.42712054,0.0,-1.0
KRT18,0.528512,1.0,-1.0
KRT19,0.5111539,1.0,0.0
KRT2,0.22437483,0.0,-1.0
KRT20,0.23761302,0.0,0.0
KRT222,0.0005193811,0.0,-1.0
KRT23,0.22830835,0.0,0.0
KRT24,0.045047335,0.0,0.0
KRT25,0.014789881,0.0,0.0
KRT26,0.033551987,0.0,-1.0
KRT27,0.0057071983,0.0,0.0
KRT28,0.16072908,0.0,0.0
KRT3,0.23176254,0.0,-1.0
KRT31,0.26859894,0.0,0.0
KRT32,0.20415014,0.0,0.0
KRT33A,0.04404635,0.0,0.0
KRT33B,0.28607106,0.0,0.0
KRT34,0.16055131,0.0,0.0
KRT35,0.22232549,0.0,0.0
KRT36,0.22154377,0.0,0.0
KRT37,0.23650414,0.0,0.0
KRT38,0.038856223,0.0,0.0
KRT39,0.0026855576,0.0,0.0
KRT4,0.31059262,0.0,0.0
KRT40,0.034178145,0.0,0.0
KRT5,0.4989969,0.0,-1.0
KRT6A,0.34015632,0.0,-1.0
KRT6B,0.26871026,0.0,-1.0
KRT6C,0.034301877,0.0,0.0
KRT7,0.45298886,0.0,0.0
KRT71,0.20844275,0.0,0.0
KRT72,0.052352417,0.0,0.0
KRT73,0.20266114,0.0,-1.0
KRT74,0.19437282,0.0,-1.0
KRT75,0.33775243,0.0,-1.0
KRT76,0.062687926,0.0,0.0
KRT77,0.0064193862,0.0,0.0
KRT78,0.023098871,0.0,0.0
KRT79,0.021479946,0.0,0.0
KRT8,0.50672346,1.0,-1.0
KRT80,0.0038728644,0.0,0.0
KRT81,0.031187866,0.0,-1.0
KRT82,0.012960934,0.0,0.0
KRT83,0.24218047,0.0,-1.0
KRT84,0.11308869,0.0,-1.0
KRT85,0.10250949,0.0,0.0
KRT86,0.22775954,0.0,-1.0
KRT8P12,1.7495599e-05,0.0,0.0
KRT9,0.3768272,0.0,-1.0
KRTAP1-1,0.029978866,0.0,0.0
KRTAP1-3,0.047443595,0.0,0.0
KRTAP1-4,0.00023386476,0.0,0.0
KRTAP1-5,0.0007159966,0.0,0.0
KRTAP10-1,0.0011613934,0.0,0.0
KRTAP10-10,0.02251867,0.0,0.0
KRTAP10-11,0.08821367,0.0,0.0
KRTAP10-3,0.00821625,0.0,0.0
KRTAP10-4,0.0005441023,0.0,0.0
KRTAP10-5,0.0018694185,0.0,0.0
KRTAP10-6,0.0010729594,0.0,0.0
KRTAP10-7,0.08397919,0.0,0.0
KRTAP10-8,0.004658779,0.0,0.0
KRTAP10-9,0.0039181444,0.0,0.0
KRTAP11-1,0.001383574,0.0,0.0
KRTAP12-1,0.0004464545,0.0,-1.0
KRTAP12-2,0.0017398893,0.0,0.0
KRTAP12-3,0.0015018835,0.0,0.0
KRTAP12-4,0.00044330192,0.0,0.0
KRTAP13-1,0.0016152353,0.0,0.0
KRTAP13-2,0.0015280677,0.0,0.0
KRTAP13-3,0.0020621566,0.0,-1.0
KRTAP13-4,0.00058112765,0.0,0.0
KRTAP15-1,0.0011107806,0.0,0.0
KRTAP16-1,0.000924372,0.0,0.0
KRTAP17-1,0.00046404498,0.0,0.0
KRTAP19-1,0.0006881465,0.0,0.0
KRTAP19-2,0.010226405,0.0,0.0
KRTAP19-3,0.00066876767,0.0,0.0
KRTAP19-4,0.00032241349,0.0,0.0
KRTAP19-5,0.0009292681,0.0,0.0
KRTAP19-6,0.00083322555,0.0,0.0
KRTAP19-7,0.00045069953,0.0,0.0
KRTAP19-8,0.0003592851,0.0,0.0
KRTAP2-2,0.0005533857,0.0,0.0
KRTAP2-3,0.0009964677,0.0,0.0
KRTAP2-4,0.00030265324,0.0,0.0
KRTAP20-1,0.00029369385,0.0,0.0
KRTAP20-2,0.0003256509,0.0,-1.0
KRTAP20-3,0.0003592851,0.0,0.0
KRTAP21-2,0.0003261328,0.0,0.0
KRTAP22-1,0.00029369385,0.0,0.0
KRTAP23-1,0.00037231564,0.0,0.0
KRTAP24-1,0.0004526793,0.0,0.0
KRTAP25-1,0.00023368286,0.0,0.0
KRTAP26-1,0.0014759874,0.0,0.0
KRTAP27-1,0.00056783715,0.0,0.0
KRTAP29-1,0.00053770957,0.0,0.0
KRTAP3-1,0.0067971745,0.0,0.0
KRTAP3-2,0.004396417,0.0,0.0
KRTAP3-3,0.01039746,0.0,0.0
KRTAP3-4P,0.01676449,0.0,0.0
KRTAP4-1,0.0009865899,0.0,0.0
KRTAP4-11,0.00081265037,0.0,0.0
KRTAP4-12,0.0019481437,0.0,0.0
KRTAP4-2,0.016651865,0.0,0.0
KRTAP4-3,0.00090795883,0.0,-1.0
KRTAP4-4,0.00042126598,0.0,0.0
KRTAP4-5,0.00034308585,0.0,-1.0
KRTAP4-6,0.0010017038,0.0,0.0
KRTAP4-7,0.0025097427,0.0,0.0
KRTAP4-8,0.0005198626,0.0,0.0
KRTAP4-9,0.00061564083,0.0,0.0
KRTAP5-1,0.02186418,0.0,0.0
KRTAP5-11,0.00028592083,0.0,-1.0
KRTAP5-2,0.007947646,0.0,0.0
KRTAP5-3,0.012153603,0.0,0.0
KRTAP5-4,0.0002335844,0.0,0.0
KRTAP5-5,0.040241368,0.0,-1.0
KRTAP5-6,0.011128119,0.0,0.0
KRTAP5-7,0.0005672097,0.0,0.0
KRTAP5-8,0.18065389,0.0,0.0
KRTAP5-9,0.02323371,0.0,0.0
KRTAP6-1,0.00071651844,0.0,0.0
KRTAP6-2,0.00058629806,0.0,0.0
KRTAP6-3,0.00034379226,0.0,0.0
KRTAP8-1,0.0010453918,0.0,0.0
KRTAP9-1,0.0011937899,0.0,0.0
KRTAP9-2,0.00699535,0.0,0.0
KRTAP9-3,0.00072752923,0.0,0.0
KRTAP9-4,0.00070381246,0.0,0.0
KRTAP9-7,0.0005943564,0.0,0.0
KRTAP9-8,0.00052680884,0.0,0.0
KRTAP9-9,0.0004849989,0.0,0.0
KRTCAP2,0.017854916,0.0,0.0
KRTCAP3,0.0011287067,0.0,0.0
KRTDAP,0.0014722408,0.0,0.0
KSR1,0.37928388,0.0,-1.0
KSR2,0.28302452,0.0,1.0
KTI12,0.1934618,0.0,0.0
KTN1,0.38201582,0.0,1.0
KXD1,0.18081182,0.0,0.0
KY,0.30823895,0.0,0.0
KYAT1,0.21347381,0.0,0.0
KYAT3,0.20820296,0.0,0.0
KYNU,0.2665457,0.0,0.0
L1CAM,0.26084837,0.0,-1.0
L1TD1,0.2247396,0.0,0.0
L2HGDH,0.22981359,0.0,0.0
L3HYPDH,0.16131365,0.0,0.0
L3MBTL1,0.32561013,0.0,0.0
L3MBTL2,0.28962472,0.0,0.0
L3MBTL3,0.37486666,0.0,0.0
L3MBTL4,0.16837817,0.0,0.0
LACC1,0.17432597,0.0,-1.0
LACRT,0.16753441,0.0,0.0
LACTB,0.29914665,0.0,-1.0
LACTB2,0.17192665,0.0,0.0
LAD1,0.37602672,0.0,0.0
LAG3,0.37646452,0.0,0.0
LAGE3,0.23280059,0.0,0.0
LAIR1,0.20001295,0.0,0.0
LAIR2,0.09924347,0.0,0.0
LALBA,0.16277225,0.0,0.0
LAMA1,0.49926892,0.0,-1.0
LAMA2,0.5486362,1.0,-1.0
LAMA3,0.42100105,0.0,-1.0
LAMA4,0.39168653,0.0,-1.0
LAMA5,0.39121044,0.0,-1.0
LAMB1,0.54245895,1.0,-1.0
LAMB2,0.5971554,1.0,-1.0
LAMB3,0.47514006,0.0,-1.0
LAMB4,0.22812532,0.0,-1.0
LAMC1,0.52817404,1.0,-1.0
LAMC2,0.513698,1.0,-1.0
LAMC3,0.38510847,0.0,-1.0
LAMP1,0.47427377,0.0,-1.0
LAMP2,0.413422,0.0,-1.0
LAMP3,0.36258265,0.0,0.0
LAMP5,0.19246438,0.0,0.0
LAMTOR1,0.23195237,0.0,0.0
LAMTOR2,0.13713093,0.0,-1.0
LAMTOR3,0.18476428,0.0,0.0
LAMTOR4,0.15423441,0.0,0.0
LAMTOR5,0.24887012,0.0,0.0
LANCL1,0.32595876,0.0,0.0
LANCL2,0.1852264,0.0,0.0
LAP3,0.4203904,0.0,0.0
LAPTM4A,0.32270035,0.0,-1.0
LAPTM4B,0.3251849,0.0,-1.0
LAPTM5,0.381893,0.0,-1.0
LARGE1,0.4517295,0.0,-1.0
LARGE2,0.24840903,0.0,0.0
LARP1,0.35573718,0.0,-1.0
LARP1B,0.21987696,0.0,0.0
LARP4,0.33640525,0.0,0.0
LARP4B,0.29512984,0.0,1.0
LARP6,0.36285973,0.0,0.0
LARP7,0.3052178,0.0,-1.0
LARS1,0.43665293,0.0,0.0
LARS2,0.26818556,0.0,0.0
LAS1L,0.32811755,0.0,0.0
LASP1,0.34243256,0.0,1.0
LAT,0.44718802,0.0,-1.0
LAT2,0.4738356,0.0,0.0
LATS1,0.46792087,0.0,1.0
LATS2,0.44720358,0.0,1.0
LAX1,0.3712018,0.0,0.0
LAYN,0.17041491,0.0,0.0
LBH,0.28131437,0.0,0.0
LBHD1,0.1311523,0.0,0.0
LBP,0.29772753,0.0,-1.0
LBR,0.56127506,1.0,-1.0
LBX1,0.45113984,0.0,0.0
LBX1-AS1,0.0877132,0.0,0.0
LBX2,0.17303395,0.0,0.0
LCA5,0.11681307,0.0,-1.0
LCA5L,0.073201396,0.0,0.0
LCAT,0.33185115,0.0,-1.0
LCE1A,0.015160175,0.0,0.0
LCE1B,0.0076816007,0.0,0.0
LCE1C,0.0074056704,0.0,0.0
LCE1D,0.011722356,0.0,-1.0
LCE1E,0.010801617,0.0,0.0
LCE1F,0.008793915,0.0,0.0
LCE2A,0.01424934,0.0,0.0
LCE2B,0.024502188,0.0,0.0
LCE2C,0.0094398875,0.0,0.0
LCE2D,0.021971235,0.0,0.0
LCE3A,0.007343359,0.0,0.0
LCE3B,0.010342716,0.0,0.0
LCE3C,0.015703363,0.0,0.0
LCE3D,0.016585672,0.0,0.0
LCE3E,0.0067047365,0.0,0.0
LCE4A,0.021140167,0.0,-1.0
LCE5A,0.014705147,0.0,0.0
LCE6A,0.06742795,0.0,0.0
LCK,0.60766274,1.0,1.0
LCLAT1,0.22206725,0.0,0.0
LCMT1,0.13734116,0.0,0.0
LCMT2,0.15895636,0.0,0.0
LCN1,0.25965506,0.0,0.0
LCN10,0.0077462113,0.0,0.0
LCN12,0.06456185,0.0,0.0
LCN15,0.067982055,0.0,0.0
LCN2,0.45938003,0.0,0.0
LCN6,0.00024572416,0.0,0.0
LCN8,0.005853031,0.0,0.0
LCN9,0.0037458492,0.0,0.0
LCNL1,0.114335984,0.0,0.0
LCOR,0.43249613,0.0,0.0
LCORL,0.24617212,0.0,0.0
LCP1,0.47432613,0.0,-1.0
LCP2,0.4965037,0.0,0.0
LCT,0.47891068,0.0,0.0
LCTL,0.24198346,0.0,-1.0
LDAF1,0.16905636,0.0,0.0
LDAH,0.18661085,0.0,0.0
LDB1,0.49126217,0.0,-1.0
LDB2,0.44466573,0.0,0.0
LDB3,0.39718264,0.0,-1.0
LDHA,0.44968292,0.0,-1.0
LDHAL6A,0.2546408,0.0,-1.0
LDHAL6B,0.1661628,0.0,-1.0
LDHB,0.3732067,0.0,-1.0
LDHC,0.18779233,0.0,-1.0
LDHD,0.19846793,0.0,0.0
LDLR,0.5778009,1.0,-1.0
LDLRAD1,0.11467358,0.0,-1.0
LDLRAD2,0.004206822,0.0,0.0
LDLRAD3,0.12718244,0.0,0.0
LDLRAD4,0.25877842,0.0,0.0
LDLRAP1,0.37544283,0.0,-1.0
LDOC1,0.1959767,0.0,-1.0
LEAP2,0.03195118,0.0,0.0
LECT2,0.20445281,0.0,0.0
LEF1,0.61692107,1.0,1.0
LEFTY1,0.39808685,0.0,0.0
LEFTY2,0.4502694,0.0,0.0
LEKR1,0.18474865,0.0,0.0
LELP1,0.06858011,0.0,0.0
LEMD1,0.12029671,0.0,0.0
LEMD2,0.26772472,0.0,-1.0
LEMD3,0.3642688,0.0,-1.0
LENEP,0.1969029,0.0,0.0
LENG1,0.18576749,0.0,0.0
LENG8,0.22297548,0.0,0.0
LENG9,0.18810493,0.0,0.0
LEO1,0.33461508,0.0,0.0
LEP,0.60376334,1.0,-1.0
LEPR,0.55337405,1.0,-1.0
LEPROT,0.26263836,0.0,0.0
LEPROTL1,0.29500785,0.0,1.0
LETM1,0.29362538,0.0,-1.0
LETM2,0.15030463,0.0,0.0
LETMD1,0.29366273,0.0,0.0
LEUTX,0.1999603,0.0,0.0
LEXM,0.50151134,1.0,0.0
LFNG,0.3352358,0.0,-1.0
LGALS1,0.55397403,1.0,-1.0
LGALS12,0.12963574,0.0,0.0
LGALS13,0.16854675,0.0,0.0
LGALS14,0.21619111,0.0,0.0
LGALS16,0.117137074,0.0,0.0
LGALS2,0.22522484,0.0,0.0
LGALS3,0.5564954,1.0,-1.0
LGALS3BP,0.40885234,0.0,-1.0
LGALS4,0.5677934,1.0,0.0
LGALS7,0.32331854,0.0,0.0
LGALS7B,0.2692512,0.0,0.0
LGALS8,0.3712884,0.0,0.0
LGALS9,0.37427458,0.0,0.0
LGALS9B,0.1252395,0.0,0.0
LGALS9C,0.08916298,0.0,0.0
LGALSL,0.121536456,0.0,0.0
LGI1,0.4799343,0.0,-1.0
LGI2,0.23238221,0.0,0.0
LGI3,0.14985205,0.0,0.0
LGI4,0.17766735,0.0,0.0
LGMN,0.37799913,0.0,0.0
LGR4,0.4176471,0.0,0.0
LGR5,0.46038863,0.0,0.0
LGR6,0.3744685,0.0,-1.0
LGSN,0.25626382,0.0,-1.0
LGTN,0.21855423,0.0,0.0
LHB,0.45980796,0.0,0.0
LHCGR,0.39395338,0.0,-1.0
LHFPL1,0.22458304,0.0,0.0
LHFPL2,0.33455026,0.0,0.0
LHFPL3,4.8133985e-05,0.0,0.0
LHFPL4,0.16012792,0.0,0.0
LHFPL5,0.18845877,0.0,0.0
LHFPL6,0.44174606,0.0,-1.0
LHPP,0.19379768,0.0,0.0
LHX1,0.2502199,0.0,0.0
LHX2,0.41502693,0.0,0.0
LHX3,0.397678,0.0,-1.0
LHX4,0.3794108,0.0,-1.0
LHX5,0.32054117,0.0,0.0
LHX6,0.34582898,0.0,0.0
LHX8,0.31584543,0.0,0.0
LHX9,0.3526363,0.0,0.0
LIAS,0.44054967,0.0,0.0
LIF,0.6182533,1.0,0.0
LIFR,0.44413546,0.0,1.0
LIG1,0.47126904,0.0,0.0
LIG3,0.5235083,1.0,0.0
LIG4,0.46454155,0.0,-1.0
LILRA1,0.18506983,0.0,0.0
LILRA2,0.22106406,0.0,0.0
LILRA3,0.10144792,0.0,0.0
LILRA4,0.24805406,0.0,0.0
LILRA5,0.027039057,0.0,0.0
LILRA6,0.2008859,0.0,0.0
LILRB1,0.40927708,0.0,-1.0
LILRB2,0.38374272,0.0,-1.0
LILRB3,0.2593231,0.0,0.0
LILRB4,0.32806164,0.0,0.0
LILRB5,0.14950624,0.0,0.0
LIM2,0.25828546,0.0,0.0
LIMA1,0.44470793,0.0,0.0
LIMCH1,0.36194238,0.0,-1.0
LIMD1,0.37162912,0.0,-1.0
LIMD2,0.21448578,0.0,-1.0
LIME1,0.23728932,0.0,0.0
LIMK1,0.47642103,0.0,-1.0
LIMK2,0.42736882,0.0,0.0
LIMS1,0.42933702,0.0,0.0
LIMS2,0.35692695,0.0,0.0
LIMS3,0.062174402,0.0,0.0
LIMS4,0.11882747,0.0,0.0
LIN28A,0.41870928,0.0,0.0
LIN28B,0.2962007,0.0,-1.0
LIN37,0.23013228,0.0,0.0
LIN52,0.24296431,0.0,0.0
LIN54,0.40303034,0.0,0.0
LIN7A,0.32430753,0.0,-1.0
LIN7B,0.23068589,0.0,0.0
LIN7C,0.3685261,0.0,0.0
LIN9,0.43135834,0.0,-1.0
LINC00111,0.0061251,0.0,0.0
LINC00115,0.07119323,0.0,0.0
LINC00160,0.018526275,0.0,0.0
LINC00161,4.2993256e-06,0.0,0.0
LINC00235,0.057482377,0.0,0.0
LINC00240,0.023603624,0.0,0.0
LINC00242,0.183235,0.0,0.0
LINC00244,0.028096775,0.0,0.0
LINC00261,0.22280464,0.0,0.0
LINC00265,0.21721217,0.0,0.0
LINC00304,0.042422883,0.0,0.0
LINC00305,0.014563569,0.0,0.0
LINC00312,0.13700429,0.0,0.0
LINC00319,0.022376914,0.0,0.0
LINC00324,0.15466131,0.0,0.0
LINC00336,0.031609483,0.0,0.0
LINC00461,0.17655806,0.0,0.0
LINC00471,0.21376799,0.0,0.0
LINC00473,0.022376914,0.0,0.0
LINC00475,0.022639474,0.0,0.0
LINC00479,0.25109097,0.0,0.0
LINC00482,0.14398247,0.0,0.0
LINC00515,0.21170257,0.0,0.0
LINC00518,0.2166192,0.0,0.0
LINC00520,0.0021874583,0.0,0.0
LINC00526,0.12838629,0.0,0.0
LINC00574,0.15496373,0.0,0.0
LINC00588,0.012503999,0.0,0.0
LINC00589,0.002647253,0.0,0.0
LINC00596,0.21622713,0.0,0.0
LINC00636,0.06801715,0.0,0.0
LINC00652,0.15761793,0.0,0.0
LINC00656,0.00019606392,0.0,0.0
LINC00663,0.0003322243,0.0,0.0
LINC00671,0.009509834,0.0,0.0
LINC00908,6.225066e-06,0.0,0.0
LINC01011,0.22214122,0.0,0.0
LINC01018,0.05557785,0.0,0.0
LINC01194,0.014044354,0.0,0.0
LINC01465,0.20405336,0.0,0.0
LINC01547,0.1523599,0.0,0.0
LINC01554,0.22092848,0.0,0.0
LINC01565,0.26418397,0.0,0.0
LINC01587,0.23630671,0.0,0.0
LINC01588,0.11315442,0.0,0.0
LINC01590,0.021881828,0.0,0.0
LINC01600,0.006487105,0.0,0.0
LINC02145,0.019922495,0.0,0.0
LINC02210-CRHR1,0.18012488,0.0,0.0
LINC02870,0.19590817,0.0,0.0
LINC02875,0.13188238,0.0,0.0
LINC02904,0.025996635,0.0,0.0
LINC02908,0.13106722,0.0,0.0
LINC02909,0.0015203507,0.0,0.0
LINC02910,0.21844606,0.0,0.0
LINC02913,0.10224385,0.0,0.0
LINC02914,0.0999824,0.0,0.0
LINC02915,0.101216994,0.0,0.0
LINGO1,0.37544858,0.0,0.0
LINGO2,0.30386254,0.0,0.0
LINGO4,0.36170268,0.0,0.0
LINS1,0.51249343,1.0,0.0
LIPA,0.4675724,0.0,-1.0
LIPC,0.21843763,0.0,-1.0
LIPE,0.3919773,0.0,-1.0
LIPF,0.24639903,0.0,0.0
LIPG,0.40128076,0.0,0.0
LIPH,0.21933259,0.0,-1.0
LIPJ,0.13266677,0.0,0.0
LIPK,0.24256584,0.0,0.0
LIPM,0.22697783,0.0,0.0
LIPN,0.23285225,0.0,-1.0
LIPT1,0.16265541,0.0,0.0
LIPT2,0.09865236,0.0,0.0
LITAF,0.3978093,0.0,-1.0
LIX1,0.29222915,0.0,0.0
LIX1L,0.17941916,0.0,0.0
LKAAEAR1,0.010417802,0.0,0.0
LLCFC1,0.12628844,0.0,0.0
LLGL1,0.40362996,0.0,-1.0
LLGL2,0.30057272,0.0,-1.0
LLPH,0.17391826,0.0,0.0
LMAN1,0.33691323,0.0,-1.0
LMAN1L,0.23430704,0.0,0.0
LMAN2,0.19464758,0.0,0.0
LMAN2L,0.1629544,0.0,0.0
LMBR1,0.26324627,0.0,-1.0
LMBR1L,0.2306647,0.0,0.0
LMBRD1,0.3319392,0.0,0.0
LMBRD2,0.23752384,0.0,0.0
LMCD1,0.33413616,0.0,-1.0
LMF1,0.22722952,0.0,-1.0
LMF2,0.20199342,0.0,0.0
LMLN,0.24006976,0.0,0.0
LMNA,0.62458575,1.0,1.0
LMNB1,0.563972,1.0,0.0
LMNB2,0.38338414,0.0,-1.0
LMNTD1,0.1350434,0.0,0.0
LMNTD2,0.15406144,0.0,-1.0
LMO1,0.37751612,0.0,1.0
LMO2,0.51126236,1.0,1.0
LMO3,0.36189482,0.0,-1.0
LMO4,0.3036631,0.0,0.0
LMO7,0.45005965,0.0,-1.0
LMOD1,0.40547773,0.0,0.0
LMOD2,0.16676892,0.0,0.0
LMOD3,0.18597135,0.0,0.0
LMTK2,0.30952352,0.0,0.0
LMTK3,0.19548021,0.0,0.0
LMX1A,0.377536,0.0,-1.0
LMX1B,0.38553157,0.0,-1.0
LNP1,0.11227384,0.0,-1.0
LNPEP,0.45698866,0.0,-1.0
LNPK,0.26305166,0.0,0.0
LNX1,0.32232186,0.0,0.0
LNX2,0.20040594,0.0,0.0
LONP1,0.4345596,0.0,0.0
LONP2,0.24832521,0.0,0.0
LONRF1,0.14437987,0.0,-1.0
LONRF2,0.20333353,0.0,0.0
LONRF3,0.23891222,0.0,-1.0
LOX,0.6439931,1.0,-1.0
LOXHD1,0.16659644,0.0,-1.0
LOXL1,0.53584146,1.0,-1.0
LOXL2,0.4462662,0.0,-1.0
LOXL3,0.24112073,0.0,-1.0
LOXL4,0.24165721,0.0,-1.0
LPA,0.34796113,0.0,0.0
LPAL2,0.0066654417,0.0,0.0
LPAR1,0.39298543,0.0,-1.0
LPAR2,0.30920693,0.0,-1.0
LPAR3,0.2848526,0.0,-1.0
LPAR4,0.22957842,0.0,-1.0
LPAR5,0.2350699,0.0,-1.0
LPAR6,0.31191203,0.0,-1.0
LPCAT1,0.2614582,0.0,0.0
LPCAT2,0.14768876,0.0,0.0
LPCAT3,0.19282646,0.0,0.0
LPCAT4,0.112950355,0.0,0.0
LPGAT1,0.3056449,0.0,0.0
LPIN1,0.26062688,0.0,-1.0
LPIN2,0.30787706,0.0,0.0
LPIN3,0.23038578,0.0,0.0
LPL,0.47706154,0.0,-1.0
LPO,0.47504473,0.0,0.0
LPP,0.33142745,0.0,1.0
LPXN,0.3616733,0.0,0.0
LRAT,0.19933152,0.0,-1.0
LRATD1,0.15520729,0.0,0.0
LRATD2,0.14923897,0.0,-1.0
LRBA,0.48019367,0.0,-1.0
LRCH1,0.41105583,0.0,0.0
LRCH2,0.41177243,0.0,0.0
LRCH3,0.4422293,0.0,0.0
LRCH4,0.36481106,0.0,0.0
LRFN1,0.36059058,0.0,0.0
LRFN2,0.35694194,0.0,-1.0
LRFN3,0.36071876,0.0,0.0
LRFN4,0.37128112,0.0,0.0
LRFN5,0.3442791,0.0,-1.0
LRG1,0.37455863,0.0,0.0
LRGUK,0.37850115,0.0,-1.0
LRIF1,0.29863533,0.0,0.0
LRIG1,0.38417578,0.0,-1.0
LRIG2,0.42637286,0.0,-1.0
LRIG3,0.37211412,0.0,1.0
LRIT1,0.18525463,0.0,0.0
LRIT2,0.36292705,0.0,0.0
LRMDA,0.33066702,0.0,-1.0
LRP1,0.51993316,1.0,-1.0
LRP10,0.291748,0.0,0.0
LRP11,0.16613227,0.0,0.0
LRP12,0.25389576,0.0,0.0
LRP1B,0.3441137,0.0,1.0
LRP2,0.45108524,0.0,-1.0
LRP2BP,0.25989002,0.0,0.0
LRP3,0.25694692,0.0,0.0
LRP4,0.2640753,0.0,0.0
LRP5,0.5535351,1.0,1.0
LRP5L,0.07443234,0.0,0.0
LRP6,0.47075358,0.0,1.0
LRP8,0.45524466,0.0,-1.0
LRPAP1,0.43378705,0.0,0.0
LRPPRC,0.36319372,0.0,-1.0
LRR1,0.4535722,0.0,0.0
LRRC1,0.4035891,0.0,0.0
LRRC10,0.35862526,0.0,0.0
LRRC10B,0.3385847,0.0,0.0
LRRC14,0.15543184,0.0,0.0
LRRC15,0.34280205,0.0,0.0
LRRC17,0.4451445,0.0,-1.0
LRRC18,0.361819,0.0,-1.0
LRRC19,0.33955798,0.0,0.0
LRRC2,0.36373317,0.0,0.0
LRRC20,0.14968269,0.0,0.0
LRRC23,0.35638392,0.0,0.0
LRRC24,0.34671873,0.0,0.0
LRRC25,0.30377322,0.0,-1.0
LRRC26,0.35319784,0.0,0.0
LRRC27,0.11683905,0.0,0.0
LRRC28,0.36729485,0.0,0.0
LRRC29,0.14053081,0.0,0.0
LRRC3,0.35120925,0.0,0.0
LRRC30,0.35826406,0.0,0.0
LRRC31,0.13535216,0.0,0.0
LRRC32,0.46942034,0.0,-1.0
LRRC34,0.13709375,0.0,0.0
LRRC36,0.10458016,0.0,0.0
LRRC37A,0.18768829,0.0,0.0
LRRC37A11P,0.19302285,0.0,0.0
LRRC37A2,0.2213441,0.0,0.0
LRRC37A3,0.1704529,0.0,-1.0
LRRC37B,0.24530242,0.0,0.0
LRRC38,0.35887948,0.0,0.0
LRRC39,0.3548641,0.0,0.0
LRRC3B,0.36073416,0.0,0.0
LRRC3C,0.3557521,0.0,0.0
LRRC4,0.3679728,0.0,0.0
LRRC40,0.3838756,0.0,0.0
LRRC41,0.23602831,0.0,0.0
LRRC42,0.16023248,0.0,0.0
LRRC43,0.34476987,0.0,0.0
LRRC45,0.19788964,0.0,-1.0
LRRC46,0.25684172,0.0,0.0
LRRC47,0.4258984,0.0,-1.0
LRRC49,0.43066168,0.0,0.0
LRRC4B,0.35687342,0.0,0.0
LRRC4C,0.38627058,0.0,-1.0
LRRC52,0.2627402,0.0,0.0
LRRC53,0.36006013,0.0,0.0
LRRC55,0.34223366,0.0,-1.0
LRRC56,0.3340293,0.0,0.0
LRRC57,0.36825633,0.0,0.0
LRRC58,0.3688464,0.0,0.0
LRRC59,0.33523655,0.0,0.0
LRRC61,0.34151167,0.0,0.0
LRRC63,0.3557914,0.0,0.0
LRRC66,0.34638366,0.0,-1.0
LRRC69,0.39256153,0.0,0.0
LRRC7,0.38305598,0.0,-1.0
LRRC70,0.36669624,0.0,0.0
LRRC71,0.066559054,0.0,0.0
LRRC72,0.089377426,0.0,0.0
LRRC73,0.08191673,0.0,0.0
LRRC74A,0.0866239,0.0,0.0
LRRC75A,0.111549616,0.0,0.0
LRRC75B,0.19469307,0.0,-1.0
LRRC8A,0.36699462,0.0,-1.0
LRRC8B,0.3592928,0.0,0.0
LRRC8C,0.3982489,0.0,0.0
LRRC8D,0.37622556,0.0,0.0
LRRC8E,0.37075198,0.0,0.0
LRRC9,0.3063399,0.0,0.0
LRRCC1,0.3718317,0.0,0.0
LRRD1,0.26895663,0.0,0.0
LRRFIP1,0.3862054,0.0,-1.0
LRRFIP2,0.32815826,0.0,0.0
LRRIQ1,0.34667617,0.0,-1.0
LRRIQ3,0.25633734,0.0,-1.0
LRRIQ4,0.2948733,0.0,0.0
LRRK1,0.40558416,0.0,-1.0
LRRK2,0.55787694,1.0,-1.0
LRRN1,0.35760307,0.0,0.0
LRRN2,0.37613973,0.0,0.0
LRRN3,0.3811456,0.0,-1.0
LRRN4,0.35461986,0.0,0.0
LRRN4CL,0.23295555,0.0,0.0
LRRTM1,0.34897506,0.0,-1.0
LRRTM2,0.37518764,0.0,0.0
LRRTM3,0.36352944,0.0,0.0
LRRTM4,0.36628345,0.0,-1.0
LRSAM1,0.4008015,0.0,0.0
LRTM1,0.37868717,0.0,-1.0
LRTM2,0.37194628,0.0,0.0
LRTOMT,0.1760876,0.0,0.0
LRWD1,0.2933767,0.0,-1.0
LSAMP,0.26216152,0.0,-1.0
LSG1,0.27169582,0.0,0.0
LSM1,0.26618662,0.0,0.0
LSM10,0.21955115,0.0,0.0
LSM11,0.2520293,0.0,0.0
LSM12,0.2815017,0.0,0.0
LSM14A,0.301206,0.0,-1.0
LSM14B,0.2705106,0.0,0.0
LSM2,0.37037542,0.0,0.0
LSM3,0.2005064,0.0,0.0
LSM4,0.2734628,0.0,0.0
LSM5,0.38720527,0.0,0.0
LSM6,0.26931444,0.0,0.0
LSM7,0.22368793,0.0,0.0
LSM8,0.19295155,0.0,0.0
LSMEM1,0.21438551,0.0,0.0
LSMEM2,0.13076451,0.0,0.0
LSP1,0.35244122,0.0,-1.0
LSP1P3,0.079207055,0.0,0.0
LSR,0.39423162,0.0,0.0
LSS,0.3951046,0.0,0.0
LST1,0.34797373,0.0,0.0
LTA,0.5177526,1.0,-1.0
LTA4H,0.35123715,0.0,-1.0
LTB,0.37571543,0.0,1.0
LTB4R,0.44285092,0.0,0.0
LTB4R2,0.25522143,0.0,0.0
LTBP1,0.49743816,0.0,0.0
LTBP2,0.4647775,0.0,-1.0
LTBP3,0.4294302,0.0,-1.0
LTBP4,0.3611466,0.0,-1.0
LTBR,0.3888292,0.0,-1.0
LTC4S,0.2800626,0.0,0.0
LTF,0.33501202,0.0,0.0
LTK,0.4057266,0.0,-1.0
LTN1,0.36742273,0.0,0.0
LTO1,0.14816599,0.0,-1.0
LTV1,0.32218552,0.0,0.0
LUC7L,0.30349052,0.0,-1.0
LUC7L2,0.35796085,0.0,-1.0
LUC7L3,0.39736834,0.0,0.0
LUM,0.58248204,1.0,-1.0
LURAP1,0.17589283,0.0,0.0
LURAP1L,0.15013033,0.0,0.0
LUZP1,0.4741244,0.0,-1.0
LUZP2,0.20442022,0.0,-1.0
LUZP4,0.11705139,0.0,0.0
LVRN,0.23595463,0.0,0.0
LXN,0.45592606,0.0,0.0
LY6D,0.28176105,0.0,0.0
LY6E,0.27937448,0.0,-1.0
LY6E-DT,0.0015302168,0.0,0.0
LY6G5B,0.07066922,0.0,0.0
LY6G5C,0.19488466,0.0,0.0
LY6G6C,0.13890646,0.0,0.0
LY6G6D,0.1327654,0.0,0.0
LY6G6E,0.056890372,0.0,0.0
LY6G6F,0.104206316,0.0,0.0
LY6H,0.13896073,0.0,0.0
LY6K,0.0006785354,0.0,-1.0
LY75,0.2591638,0.0,0.0
LY75-CD302,0.28121358,0.0,0.0
LY86,0.36701623,0.0,0.0
LY9,0.26901698,0.0,0.0
LY96,0.48471603,0.0,0.0
LYAR,0.2825284,0.0,0.0
LYG1,0.14077781,0.0,0.0
LYG2,0.04729704,0.0,0.0
LYL1,0.35581023,0.0,1.0
LYN,0.6397917,1.0,1.0
LYNX1,0.07394077,0.0,0.0
LYPD1,0.16677347,0.0,0.0
LYPD2,0.1482591,0.0,0.0
LYPD3,0.27442113,0.0,-1.0
LYPD4,0.11911279,0.0,0.0
LYPD5,0.04121611,0.0,0.0
LYPD6,0.08488071,0.0,0.0
LYPD6B,0.40792963,0.0,0.0
LYPD8,2.1482378e-16,0.0,-1.0
LYPLA1,0.2126907,0.0,-1.0
LYPLA2,0.21842282,0.0,0.0
LYPLAL1,0.1871442,0.0,0.0
LYRM1,0.12601802,0.0,0.0
LYRM2,0.10453047,0.0,0.0
LYRM4,0.13766299,0.0,0.0
LYRM7,0.12802584,0.0,0.0
LYRM9,0.16658375,0.0,-1.0
LYSMD1,0.17193723,0.0,0.0
LYSMD2,0.19865945,0.0,0.0
LYSMD3,0.2999245,0.0,0.0
LYSMD4,0.11758717,0.0,0.0
LYST,0.58944106,1.0,-1.0
LYVE1,0.51631826,1.0,0.0
LYZ,0.55996406,1.0,-1.0
LYZL1,0.06766479,0.0,0.0
LYZL2,0.06196828,0.0,0.0
LYZL4,0.057022713,0.0,0.0
LYZL6,0.00021101983,0.0,0.0
LZIC,0.17518818,0.0,0.0
LZTFL1,0.23910773,0.0,0.0
LZTR1,0.29529968,0.0,1.0
LZTS1,0.24721268,0.0,-1.0
LZTS2,0.39258623,0.0,0.0
LZTS3,0.32912385,0.0,0.0
M1AP,0.14317591,0.0,-1.0
M6PR,0.37021694,0.0,0.0
MAB21L1,0.19574861,0.0,0.0
MAB21L2,0.248661,0.0,0.0
MAB21L3,0.112718366,0.0,0.0
MAB21L4,0.24328206,0.0,0.0
MACC1,0.2362443,0.0,1.0
MACF1,0.5152894,1.0,-1.0
MACIR,0.1819643,0.0,0.0
MACO1,0.17483144,0.0,0.0
MACROD1,0.19547924,0.0,-1.0
MACROD2,0.18084624,0.0,-1.0
MACROH2A1,0.430477,0.0,-1.0
MACROH2A2,0.35429713,0.0,-1.0
MAD1L1,0.34838206,0.0,-1.0
MAD2L1,0.48681235,0.0,-1.0
MAD2L1BP,0.19267763,0.0,0.0
MAD2L2,0.40380067,0.0,1.0
MADCAM1,0.37742835,0.0,0.0
MADD,0.3024811,0.0,-1.0
MAEA,0.46198905,0.0,0.0
MAEL,0.07919011,0.0,0.0
MAF,0.5735901,1.0,1.0
MAF1,0.23659812,0.0,0.0
MAFA,0.31769887,0.0,-1.0
MAFB,0.46649852,0.0,1.0
MAFF,0.6008598,1.0,0.0
MAFG,0.3129298,0.0,-1.0
MAFK,0.446766,0.0,-1.0
MAG,0.44960126,0.0,0.0
MAGEA1,0.31962392,0.0,-1.0
MAGEA10,0.29858553,0.0,0.0
MAGEA11,0.16071483,0.0,0.0
MAGEA12,0.23833068,0.0,0.0
MAGEA2,0.22616205,0.0,0.0
MAGEA2B,0.091579005,0.0,0.0
MAGEA3,0.34736136,0.0,-1.0
MAGEA4,0.23300345,0.0,0.0
MAGEA5P,0.0070027537,0.0,0.0
MAGEA6,0.18182407,0.0,-1.0
MAGEA8,0.1479807,0.0,0.0
MAGEA9,0.026085297,0.0,0.0
MAGEA9B,0.1470272,0.0,0.0
MAGEB1,0.1448034,0.0,0.0
MAGEB10,0.14758238,0.0,0.0
MAGEB16,0.105980076,0.0,0.0
MAGEB17,0.18508703,0.0,0.0
MAGEB18,0.17106155,0.0,0.0
MAGEB2,0.24809787,0.0,0.0
MAGEB3,0.13691255,0.0,0.0
MAGEB4,0.10524549,0.0,0.0
MAGEB6,0.13598734,0.0,0.0
MAGEC1,0.15953323,0.0,-1.0
MAGEC2,0.17064571,0.0,-1.0
MAGEC3,0.20621473,0.0,-1.0
MAGED1,0.3778013,0.0,-1.0
MAGED2,0.36072892,0.0,0.0
MAGED4,0.26247802,0.0,0.0
MAGED4B,0.17457658,0.0,0.0
MAGEE1,0.37348107,0.0,-1.0
MAGEE2,0.116280675,0.0,0.0
MAGEF1,0.17256653,0.0,0.0
MAGEH1,0.29316232,0.0,0.0
MAGEL2,0.2615421,0.0,0.0
MAGI1,0.40964672,0.0,0.0
MAGI2,0.36584625,0.0,-1.0
MAGI3,0.37904328,0.0,0.0
MAGIX,0.18855086,0.0,0.0
MAGOH,0.26511943,0.0,0.0
MAGOHB,0.31531978,0.0,0.0
MAGT1,0.27954835,0.0,-1.0
MAIP1,0.21875192,0.0,0.0
MAJIN,0.07929694,0.0,0.0
MAK,0.25891635,0.0,-1.0
MAK16,0.2094422,0.0,0.0
MAL,0.30033448,0.0,-1.0
MAL2,0.25030264,0.0,0.0
MALAT1,0.261093,0.0,-1.0
MALL,0.40127128,0.0,0.0
MALSU1,0.12634096,0.0,-1.0
MALT1,0.38499892,0.0,1.0
MAMDC2,0.12925714,0.0,0.0
MAMDC4,0.12433763,0.0,-1.0
MAML1,0.44942656,0.0,-1.0
MAML2,0.24081127,0.0,1.0
MAML3,0.29248318,0.0,-1.0
MAMLD1,0.27858353,0.0,-1.0
MAMSTR,0.17467374,0.0,-1.0
MAN1A1,0.2676324,0.0,0.0
MAN1A2,0.2582619,0.0,-1.0
MAN1B1,0.17547761,0.0,-1.0
MAN1C1,0.29805827,0.0,0.0
MAN2A1,0.3371012,0.0,-1.0
MAN2A2,0.19540294,0.0,0.0
MAN2B1,0.2939397,0.0,-1.0
MAN2B2,0.040918358,0.0,0.0
MAN2C1,0.36674118,0.0,0.0
MANBA,0.31935552,0.0,-1.0
MANBAL,0.11896632,0.0,0.0
MANEA,0.35023534,0.0,0.0
MANEAL,0.10090849,0.0,0.0
MANF,0.27739385,0.0,-1.0
MANSC1,0.16491579,0.0,0.0
MAOA,0.41779,0.0,0.0
MAOB,0.37898073,0.0,0.0
MAP10,0.12796423,0.0,0.0
MAP1A,0.37105763,0.0,0.0
MAP1B,0.502514,1.0,0.0
MAP1LC3A,0.3882259,0.0,-1.0
MAP1LC3B,0.44700342,0.0,-1.0
MAP1LC3B2,0.20395632,0.0,0.0
MAP1LC3C,0.28207257,0.0,-1.0
MAP1S,0.29027963,0.0,-1.0
MAP2,0.49794972,0.0,-1.0
MAP2K1,0.63661,1.0,1.0
MAP2K2,0.54010427,1.0,1.0
MAP2K3,0.4997668,0.0,-1.0
MAP2K4,0.49784374,0.0,1.0
MAP2K5,0.43629208,0.0,-1.0
MAP2K6,0.41807878,0.0,-1.0
MAP2K7,0.6370995,1.0,-1.0
MAP3K1,0.5543217,1.0,1.0
MAP3K10,0.43267843,0.0,0.0
MAP3K11,0.47839877,0.0,0.0
MAP3K12,0.3208515,0.0,-1.0
MAP3K13,0.3751599,0.0,1.0
MAP3K14,0.28017738,0.0,1.0
MAP3K15,0.33732978,0.0,0.0
MAP3K19,0.34845275,0.0,-1.0
MAP3K2,0.47259462,0.0,0.0
MAP3K20,0.41142955,0.0,0.0
MAP3K21,0.40569934,0.0,-1.0
MAP3K3,0.46046358,0.0,-1.0
MAP3K4,0.46233818,0.0,-1.0
MAP3K5,0.5359174,1.0,-1.0
MAP3K6,0.36666176,0.0,-1.0
MAP3K7,0.5372814,1.0,-1.0
MAP3K7CL,0.25912005,0.0,0.0
MAP3K8,0.5013184,1.0,-1.0
MAP3K9,0.40007955,0.0,-1.0
MAP4,0.35372046,0.0,-1.0
MAP4K1,0.37073818,0.0,0.0
MAP4K2,0.35764453,0.0,-1.0
MAP4K3,0.36010507,0.0,-1.0
MAP4K4,0.49549693,0.0,0.0
MAP4K5,0.3755625,0.0,0.0
MAP6,0.33819902,0.0,0.0
MAP6D1,0.05095221,0.0,0.0
MAP7,0.3435259,0.0,-1.0
MAP7D1,0.3706205,0.0,0.0
MAP7D2,0.28062618,0.0,0.0
MAP7D3,0.41140088,0.0,0.0
MAP9,0.32622838,0.0,0.0
MAPK1,0.6895278,1.0,1.0
MAPK10,0.49768806,0.0,-1.0
MAPK11,0.51352966,1.0,-1.0
MAPK12,0.45644936,0.0,-1.0
MAPK13,0.44855347,0.0,-1.0
MAPK14,0.66017365,1.0,-1.0
MAPK15,0.39715362,0.0,0.0
MAPK1IP1L,0.3238902,0.0,0.0
MAPK3,0.6743385,1.0,1.0
MAPK4,0.37602475,0.0,-1.0
MAPK6,0.47287777,0.0,-1.0
MAPK7,0.4971662,0.0,-1.0
MAPK8,0.68913025,1.0,-1.0
MAPK8IP1,0.3701661,0.0,-1.0
MAPK8IP2,0.34092194,0.0,0.0
MAPK8IP3,0.28952557,0.0,0.0
MAPK9,0.64491683,1.0,-1.0
MAPKAP1,0.429732,0.0,-1.0
MAPKAPK2,0.38789105,0.0,-1.0
MAPKAPK3,0.3170378,0.0,0.0
MAPKAPK5,0.3193469,0.0,-1.0
MAPKBP1,0.13654938,0.0,0.0
MAPRE1,0.47311038,0.0,-1.0
MAPRE2,0.42390433,0.0,0.0
MAPRE3,0.39704528,0.0,-1.0
MAPT,0.5755724,1.0,-1.0
MARCHF1,0.38781425,0.0,0.0
MARCHF10,0.104509585,0.0,0.0
MARCHF11,0.10440708,0.0,-1.0
MARCHF2,0.3053905,0.0,0.0
MARCHF3,0.26063165,0.0,-1.0
MARCHF4,0.24275711,0.0,0.0
MARCHF5,0.18687598,0.0,0.0
MARCHF6,0.33765864,0.0,0.0
MARCHF7,0.47700682,0.0,0.0
MARCHF8,0.29419926,0.0,0.0
MARCHF9,0.21427071,0.0,0.0
MARCKS,0.29378656,0.0,-1.0
MARCKSL1,0.35332134,0.0,0.0
MARCO,0.36413947,0.0,0.0
MARF1,0.3598757,0.0,0.0
MARK1,0.41119894,0.0,0.0
MARK2,0.5234227,1.0,-1.0
MARK3,0.4856327,0.0,-1.0
MARK4,0.35638827,0.0,-1.0
MARS1,0.33011755,0.0,-1.0
MARS2,0.23080249,0.0,0.0
MARVELD1,0.11665147,0.0,0.0
MARVELD2,0.40950474,0.0,0.0
MARVELD3,0.16939136,0.0,0.0
MAS1,0.40972495,0.0,-1.0
MAS1L,0.13116151,0.0,-1.0
MASP1,0.32371235,0.0,0.0
MASP2,0.25204536,0.0,0.0
MAST1,0.32561955,0.0,-1.0
MAST2,0.34331787,0.0,0.0
MAST3,0.33370277,0.0,-1.0
MAST4,0.26469383,0.0,-1.0
MASTL,0.43063417,0.0,-1.0
MAT1A,0.2795322,0.0,0.0
MAT2A,0.339817,0.0,0.0
MAT2B,0.20649417,0.0,0.0
MATK,0.53817177,1.0,-1.0
MATN1,0.3198835,0.0,0.0
MATN2,0.3556962,0.0,0.0
MATN3,0.39116627,0.0,-1.0
MATN4,0.19412002,0.0,0.0
MATR3,0.41173795,0.0,-1.0
MAU2,0.25116634,0.0,0.0
MAVS,0.32565385,0.0,0.0
MAX,0.49458283,0.0,1.0
MAZ,0.47980526,0.0,-1.0
MB,0.46038482,0.0,0.0
MB21D2,0.39483917,0.0,-1.0
MBD1,0.33237943,0.0,-1.0
MBD2,0.35611323,0.0,-1.0
MBD3,0.29940438,0.0,0.0
MBD3L1,0.09036486,0.0,0.0
MBD3L2,0.16704047,0.0,0.0
MBD3L3,0.17263629,0.0,0.0
MBD4,0.37529626,0.0,-1.0
MBD5,0.3455498,0.0,-1.0
MBD6,0.22944544,0.0,1.0
MBIP,0.22918113,0.0,0.0
MBL2,0.32571593,0.0,0.0
MBLAC1,0.21868399,0.0,0.0
MBLAC2,0.1968576,0.0,0.0
MBNL1,0.5715621,1.0,-1.0
MBNL1-AS1,0.01909951,0.0,0.0
MBNL2,0.30202302,0.0,-1.0
MBNL3,0.29535976,0.0,0.0
MBOAT1,0.17507817,0.0,0.0
MBOAT2,0.25611284,0.0,-1.0
MBOAT4,0.7064031,1.0,0.0
MBOAT7,0.18982199,0.0,0.0
MBP,0.57075834,1.0,0.0
MBTD1,0.29238015,0.0,0.0
MBTPS1,0.41422558,0.0,0.0
MBTPS2,0.27596852,0.0,0.0
MC1R,0.35940734,0.0,-1.0
MC2R,0.32453024,0.0,-1.0
MC3R,0.27885255,0.0,0.0
MC4R,0.34708926,0.0,-1.0
MC5R,0.31560493,0.0,0.0
MCAM,0.5585914,1.0,-1.0
MCAT,0.26980045,0.0,0.0
MCC,0.38544127,0.0,-1.0
MCCC1,0.22556041,0.0,0.0
MCCC2,0.34106165,0.0,0.0
MCCD1,0.06887837,0.0,0.0
MCEE,0.19402798,0.0,0.0
MCEMP1,0.085476704,0.0,0.0
MCF2,0.43507016,0.0,-1.0
MCF2L,0.24669501,0.0,0.0
MCF2L2,0.24702413,0.0,-1.0
MCFD2,0.2069842,0.0,-1.0
MCHR1,0.2758924,0.0,-1.0
MCHR2,0.31424966,0.0,-1.0
MCIDAS,0.387916,0.0,0.0
MCL1,0.60869133,1.0,1.0
MCM10,0.4136588,0.0,0.0
MCM2,0.56138855,1.0,-1.0
MCM3,0.5009291,1.0,-1.0
MCM3AP,0.31514722,0.0,0.0
MCM3AP-AS1,0.0028065545,0.0,0.0
MCM4,0.48103473,0.0,-1.0
MCM5,0.48411664,0.0,-1.0
MCM6,0.50595105,1.0,-1.0
MCM7,0.508002,1.0,-1.0
MCM8,0.44109836,0.0,0.0
MCM9,0.42821902,0.0,0.0
MCMBP,0.3406938,0.0,-1.0
MCMDC2,0.20436093,0.0,0.0
MCOLN1,0.27559823,0.0,-1.0
MCOLN2,0.22042441,0.0,0.0
MCOLN3,0.2067206,0.0,0.0
MCPH1,0.30734515,0.0,-1.0
MCRIP1,0.13071576,0.0,0.0
MCRIP2,0.14837033,0.0,0.0
MCRS1,0.2993956,0.0,-1.0
MCTP1,0.16828442,0.0,0.0
MCTP2,0.24447635,0.0,0.0
MCTS1,0.29578847,0.0,0.0
MCTS2,0.042422883,0.0,0.0
MCU,0.30999714,0.0,0.0
MCUB,0.25939748,0.0,0.0
MCUR1,0.17777169,0.0,0.0
MDC1,0.44869587,0.0,-1.0
MDFI,0.2918742,0.0,0.0
MDFIC,0.49625808,0.0,-1.0
MDGA1,0.14118144,0.0,0.0
MDGA2,0.130166,0.0,0.0
MDH1,0.32572746,0.0,0.0
MDH1B,0.17480801,0.0,0.0
MDH2,0.34957153,0.0,-1.0
MDK,0.48953977,0.0,-1.0
MDM1,0.3756458,0.0,0.0
MDM2,0.45732766,0.0,1.0
MDM4,0.5274147,1.0,1.0
MDN1,0.28983182,0.0,0.0
MDP1,0.1505882,0.0,0.0
MDS2,0.20450571,0.0,-1.0
ME1,0.26840475,0.0,-1.0
ME2,0.33824983,0.0,0.0
ME3,0.1852004,0.0,-1.0
MEA1,0.34802717,0.0,0.0
MEAF6,0.27559274,0.0,0.0
MEAK7,0.17588551,0.0,0.0
MECOM,0.41532654,0.0,1.0
MECP2,0.587444,1.0,-1.0
MECR,0.20049337,0.0,0.0
MED1,0.46195525,0.0,-1.0
MED10,0.29162696,0.0,0.0
MED11,0.2748865,0.0,0.0
MED12,0.39982715,0.0,1.0
MED12L,0.23160295,0.0,-1.0
MED13,0.3818743,0.0,-1.0
MED13L,0.39885464,0.0,-1.0
MED14,0.33671,0.0,0.0
MED15,0.3368923,0.0,0.0
MED16,0.30922064,0.0,-1.0
MED17,0.3748475,0.0,0.0
MED18,0.29563674,0.0,0.0
MED19,0.4087351,0.0,0.0
MED20,0.29962146,0.0,0.0
MED21,0.43978593,0.0,0.0
MED22,0.39719504,0.0,0.0
MED23,0.4955955,0.0,-1.0
MED24,0.33506206,0.0,0.0
MED25,0.29484135,0.0,-1.0
MED26,0.38512978,0.0,0.0
MED27,0.3986706,0.0,0.0
MED28,0.44764227,0.0,-1.0
MED29,0.5770128,1.0,0.0
MED30,0.40185666,0.0,0.0
MED31,0.43235108,0.0,-1.0
MED4,0.38627586,0.0,0.0
MED6,0.3237418,0.0,0.0
MED7,0.2736797,0.0,0.0
MED8,0.30061656,0.0,0.0
MED9,0.26482168,0.0,0.0
MEDAG,0.17094903,0.0,0.0
MEF2A,0.59505296,1.0,-1.0
MEF2B,0.23352289,0.0,1.0
MEF2C,0.521414,1.0,-1.0
MEF2D,0.38416433,0.0,1.0
MEFV,0.37471622,0.0,-1.0
MEG3,0.1309718,0.0,-1.0
MEGF10,0.25414154,0.0,0.0
MEGF11,0.25464332,0.0,0.0
MEGF6,0.31369966,0.0,0.0
MEGF8,0.20818733,0.0,0.0
MEGF9,0.30619547,0.0,0.0
MEI1,0.21556067,0.0,0.0
MEI4,5.1156117e-06,0.0,0.0
MEIG1,0.1219258,0.0,0.0
MEIOB,0.08969512,0.0,0.0
MEIOC,0.07509378,0.0,0.0
MEIOSIN,0.082304925,0.0,0.0
MEIS1,0.4777591,0.0,-1.0
MEIS2,0.38225156,0.0,0.0
MEIS3,0.2564043,0.0,0.0
MELK,0.5128302,1.0,-1.0
MELTF,0.2718949,0.0,0.0
MEMO1,0.28593755,0.0,0.0
MEN1,0.4886598,0.0,1.0
MEOX1,0.351784,0.0,0.0
MEOX2,0.33496034,0.0,0.0
MEP1A,0.2025978,0.0,-1.0
MEP1B,0.2297025,0.0,0.0
MEPCE,0.24605316,0.0,0.0
MEPE,0.27224034,0.0,0.0
MERTK,0.4310407,0.0,-1.0
MESD,0.28785548,0.0,0.0
MESP1,0.32066846,0.0,0.0
MESP2,0.3458792,0.0,0.0
MEST,0.33619252,0.0,0.0
MESTIT1,4.4401375e-05,0.0,0.0
MET,0.61444306,1.0,1.0
METAP1,0.26685384,0.0,0.0
METAP1D,0.20678227,0.0,0.0
METAP2,0.29027236,0.0,-1.0
METRN,0.15882783,0.0,0.0
METRNL,0.1179938,0.0,0.0
METTL1,0.23892544,0.0,0.0
METTL13,0.2282758,0.0,0.0
METTL14,0.291903,0.0,-1.0
METTL15,0.19108605,0.0,0.0
METTL16,0.1512283,0.0,0.0
METTL17,0.13734141,0.0,0.0
METTL18,0.12086376,0.0,0.0
METTL21A,0.20007664,0.0,-1.0
METTL21C,0.1799329,0.0,0.0
METTL22,0.14780451,0.0,0.0
METTL23,0.18774348,0.0,-1.0
METTL25,0.2563785,0.0,0.0
METTL25B,0.15474685,0.0,0.0
METTL26,0.119517855,0.0,-1.0
METTL27,0.1873901,0.0,0.0
METTL2A,0.17122139,0.0,0.0
METTL2B,0.2088427,0.0,0.0
METTL3,0.28140545,0.0,-1.0
METTL4,0.23152918,0.0,0.0
METTL5,0.12751333,0.0,0.0
METTL6,0.10943204,0.0,0.0
METTL7A,0.20401429,0.0,-1.0
METTL7B,0.2665705,0.0,0.0
METTL8,0.18062449,0.0,0.0
METTL9,0.19617617,0.0,0.0
MEX3A,0.18043484,0.0,0.0
MEX3B,0.20502901,0.0,0.0
MEX3C,0.280627,0.0,-1.0
MEX3D,0.1958863,0.0,0.0
MFAP1,0.29421318,0.0,0.0
MFAP2,0.38994834,0.0,0.0
MFAP3,0.29991713,0.0,0.0
MFAP3L,0.19616513,0.0,0.0
MFAP4,0.44866726,0.0,-1.0
MFAP5,0.4317105,0.0,-1.0
MFF,0.14727509,0.0,0.0
MFGE8,0.46027538,0.0,0.0
MFHAS1,0.34936348,0.0,-1.0
MFN1,0.37475064,0.0,0.0
MFN2,0.38464865,0.0,-1.0
MFNG,0.27987352,0.0,0.0
MFRP,0.290862,0.0,-1.0
MFSD1,0.24821919,0.0,0.0
MFSD10,0.20782942,0.0,-1.0
MFSD11,0.20661777,0.0,0.0
MFSD12,0.10368781,0.0,0.0
MFSD13A,0.16574915,0.0,0.0
MFSD14A,0.1611622,0.0,0.0
MFSD14B,0.106661804,0.0,0.0
MFSD2A,0.14924634,0.0,0.0
MFSD2B,0.16382894,0.0,0.0
MFSD3,0.24126068,0.0,0.0
MFSD4A,0.12728988,0.0,0.0
MFSD4B,0.26194215,0.0,0.0
MFSD5,0.15336807,0.0,0.0
MFSD6,0.17565435,0.0,0.0
MFSD6L,0.1556262,0.0,0.0
MFSD8,0.20769651,0.0,-1.0
MFSD9,0.16344254,0.0,0.0
MGA,0.47131157,0.0,1.0
MGAM,0.58114046,1.0,1.0
MGAM2,0.20742305,0.0,0.0
MGARP,0.2218586,0.0,0.0
MGAT1,0.27338728,0.0,0.0
MGAT2,0.20245183,0.0,-1.0
MGAT3,0.28250661,0.0,-1.0
MGAT4A,0.22797287,0.0,0.0
MGAT4B,0.14792597,0.0,0.0
MGAT4C,0.19198695,0.0,0.0
MGAT4D,0.08618686,0.0,0.0
MGAT5,0.28762373,0.0,0.0
MGAT5B,0.13081399,0.0,-1.0
MGLL,0.26077086,0.0,0.0
MGME1,0.257827,0.0,0.0
MGMT,0.39748645,0.0,1.0
MGP,0.62184316,1.0,0.0
MGRN1,0.2349102,0.0,0.0
MGST1,0.28191066,0.0,-1.0
MGST2,0.27905384,0.0,-1.0
MGST3,0.22979714,0.0,-1.0
MIA,0.27786058,0.0,0.0
MIA2,0.25239992,0.0,-1.0
MIA3,0.32334682,0.0,0.0
MIB1,0.4833374,0.0,-1.0
MIB2,0.35992506,0.0,-1.0
MICA,0.21433415,0.0,-1.0
MICAL1,0.47110265,0.0,0.0
MICAL2,0.3926523,0.0,-1.0
MICAL3,0.36175975,0.0,0.0
MICALL1,0.3822683,0.0,0.0
MICALL2,0.3447156,0.0,0.0
MICB,0.36035004,0.0,-1.0
MICOS10,0.11654636,0.0,0.0
MICOS10-NBL1,0.17784736,0.0,0.0
MICOS13,0.11331222,0.0,0.0
MICU1,0.42404276,0.0,0.0
MICU2,0.32393935,0.0,0.0
MICU3,0.18475099,0.0,-1.0
MID1,0.36657524,0.0,-1.0
MID1IP1,0.23328671,0.0,0.0
MID2,0.3131396,0.0,0.0
MIDEAS,0.33570793,0.0,1.0
MIDN,0.22287476,0.0,0.0
MIEF1,0.17880249,0.0,0.0
MIEF2,0.14380328,0.0,0.0
MIEN1,0.12604028,0.0,-1.0
MIER1,0.4120898,0.0,-1.0
MIER2,0.25408462,0.0,0.0
MIER3,0.23733398,0.0,-1.0
MIF,0.4738511,0.0,-1.0
MIF4GD,0.16883343,0.0,0.0
MIGA1,0.20851178,0.0,0.0
MIGA2,0.1650635,0.0,0.0
MIIP,0.2640214,0.0,0.0
MILR1,0.22914477,0.0,0.0
MINAR1,0.14565158,0.0,-1.0
MINDY1,0.21314071,0.0,0.0
MINDY2,0.2046983,0.0,0.0
MINDY3,0.23533714,0.0,0.0
MINDY4,0.15726097,0.0,0.0
MINK1,0.35566622,0.0,0.0
MINPP1,0.2556891,0.0,0.0
MIOS,0.37153375,0.0,-1.0
MIOX,0.17729585,0.0,0.0
MIP,0.27391002,0.0,-1.0
MIPEP,0.21508391,0.0,0.0
MIPOL1,0.2589745,0.0,0.0
MIR1915HG,0.14676149,0.0,0.0
MIR22HG,0.24635437,0.0,0.0
MIR3667HG,5.1944688e-05,0.0,-1.0
MIR4435-2HG,0.0543029,0.0,0.0
MIR4453HG,0.0018518728,0.0,0.0
MIR7-3HG,0.0014090945,0.0,0.0
MIR9-1HG,0.2546809,0.0,0.0
MIS12,0.41624925,0.0,0.0
MIS18A,0.4892323,0.0,0.0
MIS18BP1,0.38696334,0.0,0.0
MISP,0.31854853,0.0,0.0
MITD1,0.24844247,0.0,0.0
MITF,0.64183867,1.0,1.0
MIX23,0.14030863,0.0,0.0
MIXL1,0.4553587,0.0,-1.0
MKI67,0.58083147,1.0,-1.0
MKKS,0.3580775,0.0,-1.0
MKLN1,0.28437948,0.0,0.0
MKNK1,0.39041626,0.0,-1.0
MKNK2,0.28588894,0.0,0.0
MKRN1,0.23464459,0.0,-1.0
MKRN2,0.21754926,0.0,0.0
MKRN3,0.25440764,0.0,-1.0
MKRN4P,0.12545061,0.0,0.0
MKS1,0.32462537,0.0,-1.0
MKX,0.2479491,0.0,0.0
MLANA,0.4006077,0.0,0.0
MLC1,0.3881325,0.0,-1.0
MLEC,0.26729324,0.0,0.0
MLF1,0.13186972,0.0,1.0
MLF2,0.28065643,0.0,0.0
MLH1,0.49636364,0.0,1.0
MLH3,0.48552093,0.0,-1.0
MLIP,0.23371784,0.0,0.0
MLKL,0.41558868,0.0,0.0
MLLT1,0.50258315,1.0,1.0
MLLT10,0.39413163,0.0,1.0
MLLT11,0.23217532,0.0,1.0
MLLT3,0.3822786,0.0,1.0
MLLT6,0.2256314,0.0,1.0
MLN,0.47385415,0.0,0.0
MLNR,0.24291672,0.0,0.0
MLPH,0.23273519,0.0,-1.0
MLST8,0.36038578,0.0,-1.0
MLX,0.44753996,0.0,0.0
MLXIP,0.21833435,0.0,0.0
MLXIPL,0.2901985,0.0,-1.0
MLYCD,0.23201092,0.0,0.0
MMAA,0.20046197,0.0,0.0
MMAB,0.21320802,0.0,-1.0
MMACHC,0.19127695,0.0,-1.0
MMADHC,0.17522189,0.0,0.0
MMD,0.45870075,0.0,0.0
MMD2,0.1913051,0.0,0.0
MME,0.62044567,1.0,-1.0
MMEL1,0.27127486,0.0,-1.0
MMGT1,0.24739611,0.0,0.0
MMP1,0.59920406,1.0,-1.0
MMP10,0.49045762,0.0,0.0
MMP11,0.51255214,1.0,-1.0
MMP12,0.35504448,0.0,0.0
MMP13,0.5560294,1.0,-1.0
MMP14,0.59742284,1.0,-1.0
MMP15,0.39822778,0.0,-1.0
MMP16,0.41016933,0.0,-1.0
MMP17,0.29976964,0.0,0.0
MMP19,0.4128901,0.0,-1.0
MMP2,0.6610231,1.0,-1.0
MMP20,0.23358648,0.0,-1.0
MMP21,0.22496828,0.0,0.0
MMP23B,0.22399616,0.0,0.0
MMP24,0.37527147,0.0,-1.0
MMP25,0.26409203,0.0,0.0
MMP26,0.28659222,0.0,-1.0
MMP27,0.2148531,0.0,0.0
MMP28,0.23185124,0.0,0.0
MMP3,0.6032358,1.0,-1.0
MMP7,0.5609154,1.0,0.0
MMP8,0.554419,1.0,-1.0
MMP9,0.65802574,1.0,-1.0
MMRN1,0.4123839,0.0,0.0
MMRN2,0.31327423,0.0,0.0
MMS19,0.31755108,0.0,0.0
MMS22L,0.22857946,0.0,-1.0
MMUT,0.39793956,0.0,0.0
MN1,0.36510608,0.0,1.0
MNAT1,0.3085406,0.0,-1.0
MND1,0.48023543,0.0,0.0
MNDA,0.3795729,0.0,0.0
MNS1,0.1114429,0.0,0.0
MNT,0.4712971,0.0,0.0
MNX1,0.3464894,0.0,-1.0
MOAP1,0.2443347,0.0,-1.0
MOB1A,0.32128462,0.0,0.0
MOB1B,0.26716307,0.0,-1.0
MOB2,0.26454857,0.0,0.0
MOB3A,0.22226591,0.0,0.0
MOB3B,0.16580592,0.0,1.0
MOB3C,0.1661449,0.0,0.0
MOB4,0.33432427,0.0,0.0
MOBP,0.19584896,0.0,0.0
MOCOS,0.20970953,0.0,0.0
MOCS1,0.1526281,0.0,0.0
MOCS2,0.222467,0.0,0.0
MOCS3,0.27096128,0.0,-1.0
MOG,0.5052987,1.0,-1.0
MOGAT1,0.18202566,0.0,0.0
MOGAT2,0.1562723,0.0,0.0
MOGAT3,0.14072047,0.0,0.0
MOGS,0.3330145,0.0,-1.0
MOK,0.2892012,0.0,0.0
MON1A,0.2506379,0.0,0.0
MON1B,0.22830123,0.0,0.0
MON2,0.23628666,0.0,0.0
MORC1,0.102280095,0.0,0.0
MORC2,0.27172202,0.0,0.0
MORC3,0.39480522,0.0,0.0
MORC4,0.26985964,0.0,-1.0
MORF4,0.19226958,0.0,0.0
MORF4L1,0.38888112,0.0,0.0
MORF4L2,0.31222704,0.0,0.0
MORN1,0.27527824,0.0,-1.0
MORN2,0.13933854,0.0,0.0
MORN3,0.12089772,0.0,0.0
MORN4,0.19984011,0.0,0.0
MORN5,0.14995417,0.0,0.0
MOS,0.43846908,0.0,-1.0
MOSMO,0.12003818,0.0,0.0
MOSPD1,0.20390812,0.0,0.0
MOSPD2,0.3565491,0.0,0.0
MOSPD3,0.21123889,0.0,0.0
MOV10,0.44450748,0.0,-1.0
MOV10L1,0.13542964,0.0,0.0
MOXD1,0.26346868,0.0,0.0
MPC1,0.15474854,0.0,-1.0
MPC2,0.10983087,0.0,0.0
MPDU1,0.23207785,0.0,-1.0
MPDZ,0.38915217,0.0,-1.0
MPEG1,0.28677502,0.0,-1.0
MPG,0.33136997,0.0,0.0
MPHOSPH10,0.19883527,0.0,0.0
MPHOSPH6,0.24143353,0.0,0.0
MPHOSPH8,0.4507314,0.0,0.0
MPHOSPH9,0.42842692,0.0,0.0
MPI,0.26851967,0.0,-1.0
MPIG6B,0.17251743,0.0,0.0
MPL,0.50630903,1.0,1.0
MPLKIP,0.18053442,0.0,-1.0
MPND,0.24557085,0.0,0.0
MPO,0.5943058,1.0,-1.0
MPP1,0.3922563,0.0,-1.0
MPP2,0.33941603,0.0,0.0
MPP3,0.3801359,0.0,0.0
MPP4,0.2784128,0.0,0.0
MPP7,0.34990594,0.0,0.0
MPPE1,0.28391588,0.0,-1.0
MPPED1,0.268696,0.0,0.0
MPPED2,0.25163186,0.0,-1.0
MPRIP,0.38264182,0.0,0.0
MPST,0.19233888,0.0,0.0
MPV17,0.29794165,0.0,0.0
MPV17L,0.114904255,0.0,0.0
MPV17L2,0.17824037,0.0,0.0
MPZ,0.35951003,0.0,-1.0
MPZL1,0.36508992,0.0,0.0
MPZL2,0.27437663,0.0,0.0
MPZL3,0.2571256,0.0,0.0
MR1,0.2527446,0.0,0.0
MRAP,0.58501196,1.0,0.0
MRAP2,0.20184591,0.0,0.0
MRAS,0.39098275,0.0,-1.0
MRC1,0.33606556,0.0,-1.0
MRC2,0.4414346,0.0,0.0
MRE11,0.5122379,1.0,1.0
MREG,0.4072516,0.0,-1.0
MRFAP1,0.119837396,0.0,0.0
MRFAP1L1,0.19138452,0.0,0.0
MRGBP,0.2580628,0.0,0.0
MRGPRD,0.0968516,0.0,0.0
MRGPRE,0.035787713,0.0,0.0
MRGPRF,0.059437394,0.0,0.0
MRGPRG,0.0921988,0.0,0.0
MRGPRX1,0.048132274,0.0,0.0
MRGPRX2,0.17137127,0.0,0.0
MRGPRX3,0.052378263,0.0,0.0
MRGPRX4,0.08295728,0.0,0.0
MRI1,0.27227595,0.0,0.0
MRM1,0.25570875,0.0,0.0
MRM2,0.15538065,0.0,0.0
MRM3,0.15183659,0.0,0.0
MRNIP,0.10916338,0.0,0.0
MRO,0.34643838,0.0,0.0
MROH1,0.18270542,0.0,-1.0
MROH2A,0.11767653,0.0,-1.0
MROH2B,0.08097526,0.0,0.0
MROH5,0.013584053,0.0,0.0
MROH6,0.17038864,0.0,0.0
MROH7,0.11165783,0.0,0.0
MROH8,0.09413254,0.0,0.0
MROH9,0.24180293,0.0,0.0
MRPL1,0.2623024,0.0,0.0
MRPL10,0.16526031,0.0,0.0
MRPL11,0.18630362,0.0,0.0
MRPL12,0.19082095,0.0,-1.0
MRPL13,0.1531174,0.0,0.0
MRPL14,0.14523782,0.0,0.0
MRPL15,0.22186655,0.0,0.0
MRPL16,0.19367187,0.0,0.0
MRPL17,0.15733181,0.0,0.0
MRPL18,0.26554093,0.0,-1.0
MRPL19,0.26659465,0.0,0.0
MRPL2,0.2726205,0.0,0.0
MRPL20,0.1821963,0.0,-1.0
MRPL21,0.09646111,0.0,-1.0
MRPL22,0.232739,0.0,0.0
MRPL23,0.16867362,0.0,0.0
MRPL24,0.17209196,0.0,0.0
MRPL27,0.16729087,0.0,0.0
MRPL28,0.14331794,0.0,0.0
MRPL3,0.24072449,0.0,0.0
MRPL30,0.13872004,0.0,0.0
MRPL32,0.138909,0.0,0.0
MRPL33,0.14806321,0.0,0.0
MRPL34,0.121379465,0.0,0.0
MRPL35,0.12093418,0.0,0.0
MRPL36,0.13613236,0.0,-1.0
MRPL37,0.25316966,0.0,0.0
MRPL38,0.3229754,0.0,0.0
MRPL39,0.25214595,0.0,0.0
MRPL4,0.24114667,0.0,0.0
MRPL40,0.2168349,0.0,0.0
MRPL41,0.12238616,0.0,0.0
MRPL42,0.18629555,0.0,0.0
MRPL43,0.17060792,0.0,0.0
MRPL44,0.17188467,0.0,0.0
MRPL45,0.119778275,0.0,0.0
MRPL46,0.21481818,0.0,0.0
MRPL47,0.14096084,0.0,0.0
MRPL48,0.15522872,0.0,0.0
MRPL49,0.425561,0.0,0.0
MRPL50,0.17368634,0.0,0.0
MRPL51,0.14935447,0.0,0.0
MRPL52,0.12395609,0.0,0.0
MRPL53,0.1663624,0.0,0.0
MRPL54,0.1068206,0.0,0.0
MRPL55,0.19857319,0.0,0.0
MRPL57,0.1535664,0.0,0.0
MRPL58,0.25998104,0.0,0.0
MRPL9,0.19211346,0.0,0.0
MRPS10,0.17201415,0.0,0.0
MRPS11,0.23691419,0.0,0.0
MRPS12,0.22376695,0.0,0.0
MRPS14,0.2543226,0.0,-1.0
MRPS15,0.23622385,0.0,0.0
MRPS16,0.1297288,0.0,-1.0
MRPS17,0.15498781,0.0,0.0
MRPS18A,0.25261623,0.0,0.0
MRPS18B,0.23764244,0.0,0.0
MRPS18C,0.16074762,0.0,0.0
MRPS2,0.29112712,0.0,0.0
MRPS21,0.15236434,0.0,-1.0
MRPS22,0.2827174,0.0,-1.0
MRPS23,0.17072363,0.0,0.0
MRPS24,0.09300277,0.0,0.0
MRPS25,0.16376977,0.0,0.0
MRPS26,0.2816465,0.0,0.0
MRPS27,0.2988915,0.0,0.0
MRPS28,0.12207311,0.0,0.0
MRPS30,0.20245923,0.0,0.0
MRPS31,0.29606694,0.0,-1.0
MRPS33,0.19532573,0.0,-1.0
MRPS34,0.24589504,0.0,0.0
MRPS35,0.25700265,0.0,0.0
MRPS36,0.10385832,0.0,0.0
MRPS5,0.25690678,0.0,0.0
MRPS6,0.19887403,0.0,0.0
MRPS7,0.28256646,0.0,0.0
MRPS9,0.27718365,0.0,0.0
MRRF,0.26901388,0.0,0.0
MRRFP1,0.033231184,0.0,0.0
MRS2,0.36838728,0.0,0.0
MRTFA,0.37199873,0.0,1.0
MRTFB,0.27349737,0.0,0.0
MRTO4,0.24815534,0.0,0.0
MS4A1,0.34915635,0.0,0.0
MS4A10,0.10676515,0.0,0.0
MS4A12,0.07178845,0.0,0.0
MS4A13,0.19164039,0.0,0.0
MS4A14,0.08564218,0.0,0.0
MS4A15,0.089696616,0.0,0.0
MS4A18,0.047324054,0.0,0.0
MS4A2,0.35549325,0.0,0.0
MS4A3,0.11839084,0.0,0.0
MS4A4A,0.31345978,0.0,0.0
MS4A5,0.08789744,0.0,0.0
MS4A6A,0.3335228,0.0,0.0
MS4A6E,0.069237314,0.0,-1.0
MS4A7,0.27767998,0.0,0.0
MS4A8,0.0658767,0.0,0.0
MSANTD1,0.15850039,0.0,0.0
MSANTD2,0.25166482,0.0,0.0
MSANTD3,0.21612212,0.0,0.0
MSANTD3-TMEFF1,0.21296503,0.0,0.0
MSANTD4,0.16524707,0.0,0.0
MSC,0.3479027,0.0,0.0
MSGN1,0.21871467,0.0,0.0
MSH2,0.6088598,1.0,1.0
MSH3,0.49730206,0.0,1.0
MSH4,0.21562776,0.0,0.0
MSH5,0.3330507,0.0,-1.0
MSH5-SAPCD1,0.28677696,0.0,0.0
MSH6,0.5687088,1.0,1.0
MSI1,0.35170695,0.0,1.0
MSI2,0.28601852,0.0,1.0
MSL1,0.23352133,0.0,0.0
MSL2,0.3240943,0.0,0.0
MSL3,0.31039116,0.0,0.0
MSL3P1,0.0010555232,0.0,0.0
MSLN,0.32812685,0.0,-1.0
MSLNL,0.0010046493,0.0,0.0
MSMB,0.1713948,0.0,-1.0
MSMO1,0.23833492,0.0,0.0
MSMP,0.14039417,0.0,-1.0
MSN,0.58908695,1.0,1.0
MSR1,0.43248737,0.0,-1.0
MSRA,0.2542014,0.0,0.0
MSRB1,0.3196752,0.0,0.0
MSRB2,0.22998725,0.0,0.0
MSRB3,0.25286365,0.0,0.0
MSS51,0.10580573,0.0,0.0
MST1,0.27532828,0.0,1.0
MST1P2,0.25078303,0.0,0.0
MST1R,0.513416,1.0,1.0
MSTN,0.5528093,1.0,-1.0
MSTO1,0.20397289,0.0,0.0
MSX1,0.53207356,1.0,-1.0
MSX2,0.50621814,1.0,-1.0
MT-ATP6,0.2822871,0.0,-1.0
MT-ATP8,0.17073596,0.0,0.0
MT-CO1,0.2109243,0.0,0.0
MT-CO2,0.35071018,0.0,-1.0
MT-CO3,0.28601238,0.0,-1.0
MT-CYB,0.38197514,0.0,-1.0
MT-ND1,0.32162985,0.0,-1.0
MT-ND2,0.3627644,0.0,-1.0
MT-ND3,0.33902732,0.0,-1.0
MT-ND4,0.3172252,0.0,-1.0
MT-ND4L,0.16247857,0.0,-1.0
MT-ND5,0.32174549,0.0,-1.0
MT-ND6,0.31541064,0.0,-1.0
MT-RNR2,0.24608564,0.0,0.0
MT1A,0.19125223,0.0,0.0
MT1B,0.068793274,0.0,0.0
MT1DP,0.09127294,0.0,0.0
MT1E,0.22892748,0.0,0.0
MT1F,0.13422157,0.0,0.0
MT1G,0.16379069,0.0,0.0
MT1H,0.15624467,0.0,-1.0
MT1HL1,0.08807916,0.0,0.0
MT1L,0.047905818,0.0,0.0
MT1M,0.07251273,0.0,0.0
MT1P3,0.01674728,0.0,0.0
MT1X,0.17734453,0.0,0.0
MT2A,0.33251888,0.0,0.0
MT3,0.59808534,1.0,0.0
MT4,0.118521236,0.0,0.0
MTA1,0.44496188,0.0,-1.0
MTA2,0.5195177,1.0,0.0
MTA3,0.32000408,0.0,-1.0
MTAP,0.3290072,0.0,1.0
MTARC1,0.14236395,0.0,0.0
MTARC2,0.15248324,0.0,0.0
MTBP,0.2788274,0.0,0.0
MTCH1,0.1933436,0.0,0.0
MTCH2,0.23584725,0.0,0.0
MTCL1,0.35716736,0.0,0.0
MTCP1,0.22951756,0.0,1.0
MTDH,0.38184065,0.0,-1.0
MTERF1,0.18720783,0.0,0.0
MTERF2,0.15200675,0.0,0.0
MTERF3,0.20171131,0.0,-1.0
MTERF4,0.11107099,0.0,0.0
MTF1,0.3495322,0.0,0.0
MTF2,0.42469853,0.0,0.0
MTFMT,0.29285935,0.0,0.0
MTFP1,0.16416396,0.0,0.0
MTFR1,0.26907519,0.0,0.0
MTFR1L,0.3025518,0.0,-1.0
MTFR2,0.35986003,0.0,0.0
MTG1,0.14871186,0.0,0.0
MTG2,0.18225588,0.0,-1.0
MTHFD1,0.3821832,0.0,-1.0
MTHFD1L,0.32117125,0.0,0.0
MTHFD2,0.32412878,0.0,-1.0
MTHFD2L,0.24357103,0.0,0.0
MTHFR,0.4284594,0.0,-1.0
MTHFS,0.19898343,0.0,0.0
MTHFSD,0.22383653,0.0,0.0
MTIF2,0.19831,0.0,0.0
MTIF3,0.16528943,0.0,0.0
MTM1,0.43578067,0.0,-1.0
MTMR1,0.3291008,0.0,0.0
MTMR10,0.31654662,0.0,0.0
MTMR11,0.13661806,0.0,0.0
MTMR12,0.27253222,0.0,0.0
MTMR14,0.3509408,0.0,-1.0
MTMR2,0.33858442,0.0,-1.0
MTMR3,0.37306222,0.0,-1.0
MTMR4,0.22791086,0.0,0.0
MTMR6,0.33561563,0.0,0.0
MTMR7,0.22574438,0.0,0.0
MTMR8,0.27163914,0.0,-1.0
MTMR9,0.24432969,0.0,0.0
MTNR1A,0.16951962,0.0,0.0
MTNR1B,0.26996407,0.0,-1.0
MTO1,0.29819772,0.0,0.0
MTOR,0.7036224,1.0,1.0
MTPAP,0.33779043,0.0,0.0
MTPN,0.34785056,0.0,0.0
MTR,0.4420333,0.0,-1.0
MTRES1,0.143356,0.0,0.0
MTREX,0.4009309,0.0,-1.0
MTRF1,0.22473836,0.0,-1.0
MTRF1L,0.20585191,0.0,0.0
MTRFR,0.22028722,0.0,0.0
MTRNR2L1,0.20841174,0.0,0.0
MTRNR2L2,0.1880247,0.0,0.0
MTRNR2L3,0.21558778,0.0,0.0
MTRNR2L4,0.10370023,0.0,0.0
MTRNR2L6,7.5456335e-08,0.0,0.0
MTRNR2L8,0.17840518,0.0,0.0
MTRR,0.30384997,0.0,-1.0
MTSS1,0.39432457,0.0,0.0
MTSS2,0.23802455,0.0,0.0
MTTP,0.3097251,0.0,-1.0
MTURN,0.2025688,0.0,0.0
MTUS1,0.36396652,0.0,-1.0
MTUS2,0.2143744,0.0,-1.0
MTX1,0.1220247,0.0,0.0
MTX2,0.16862452,0.0,0.0
MTX3,0.13282457,0.0,0.0
MUC1,0.22890338,0.0,1.0
MUC12,0.18496294,0.0,-1.0
MUC13,0.18709369,0.0,-1.0
MUC15,0.028847398,0.0,0.0
MUC16,0.24487954,0.0,-1.0
MUC17,0.15169959,0.0,-1.0
MUC19,0.105337985,0.0,0.0
MUC2,0.19296886,0.0,-1.0
MUC20,0.1922205,0.0,0.0
MUC21,0.14131041,0.0,0.0
MUC3A,0.11542078,0.0,-1.0
MUC3B,0.09870525,0.0,0.0
MUC4,0.27225316,0.0,-1.0
MUC5AC,0.17375676,0.0,-1.0
MUC5B,0.26834846,0.0,0.0
MUC6,0.26220948,0.0,-1.0
MUC7,0.1302832,0.0,-1.0
MUCL1,0.10650371,0.0,0.0
MUCL3,0.18906604,0.0,0.0
MUL1,0.22788475,0.0,0.0
MUS81,0.3488553,0.0,0.0
MUSK,0.45117366,0.0,-1.0
MUSTN1,0.19398452,0.0,0.0
MUTYH,0.5466217,1.0,1.0
MVB12A,0.1558373,0.0,0.0
MVB12B,0.14471188,0.0,0.0
MVD,0.31936857,0.0,0.0
MVK,0.33532453,0.0,-1.0
MVP,0.3639506,0.0,-1.0
MX1,0.52531517,1.0,0.0
MX2,0.44849852,0.0,0.0
MXD1,0.329114,0.0,-1.0
MXD3,0.26141906,0.0,0.0
MXD4,0.26371625,0.0,0.0
MXI1,0.50281984,1.0,-1.0
MXRA5,0.43616655,0.0,-1.0
MXRA7,0.30283582,0.0,0.0
MXRA8,0.45940945,0.0,0.0
MYADM,0.30846354,0.0,0.0
MYB,0.55998033,1.0,1.0
MYBBP1A,0.36146188,0.0,-1.0
MYBL1,0.35465053,0.0,-1.0
MYBL2,0.4543062,0.0,-1.0
MYBPC1,0.2448879,0.0,0.0
MYBPC2,0.28622237,0.0,0.0
MYBPC3,0.31060052,0.0,-1.0
MYBPH,0.29532915,0.0,0.0
MYBPHL,0.17227547,0.0,0.0
MYC,0.8337054,1.0,1.0
MYCBP,0.23383403,0.0,-1.0
MYCBP2,0.40336168,0.0,-1.0
MYCBPAP,0.09676054,0.0,0.0
MYCL,0.41210648,0.0,1.0
MYCN,0.6591374,1.0,1.0
MYCT1,0.21251456,0.0,0.0
MYD88,0.52612257,1.0,1.0
MYDGF,0.26908946,0.0,0.0
MYEF2,0.2842949,0.0,0.0
MYEOV,0.21042852,0.0,-1.0
MYF5,0.5003287,1.0,0.0
MYF6,0.42623475,0.0,-1.0
MYG1,0.1530389,0.0,0.0
MYH1,0.459125,0.0,-1.0
MYH10,0.47457898,0.0,0.0
MYH11,0.56299233,1.0,1.0
MYH13,0.37071696,0.0,0.0
MYH14,0.68689513,1.0,0.0
MYH15,0.36389843,0.0,0.0
MYH2,0.4401393,0.0,-1.0
MYH3,0.26864815,0.0,0.0
MYH4,0.40239665,0.0,-1.0
MYH6,0.5161873,1.0,-1.0
MYH7,0.47640625,0.0,-1.0
MYH7B,0.3754221,0.0,0.0
MYH8,0.450001,0.0,-1.0
MYH9,0.5796593,1.0,1.0
MYL1,0.38188395,0.0,0.0
MYL10,0.33756456,0.0,0.0
MYL12A,0.44193816,0.0,-1.0
MYL12B,0.41230133,0.0,0.0
MYL2,0.41290855,0.0,-1.0
MYL3,0.37124303,0.0,-1.0
MYL4,0.40704748,0.0,0.0
MYL5,0.34031603,0.0,0.0
MYL6,0.4493422,0.0,0.0
MYL6B,0.32189918,0.0,0.0
MYL7,0.3872136,0.0,0.0
MYL9,0.49797693,0.0,0.0
MYLIP,0.29069078,0.0,0.0
MYLK,0.55411196,1.0,-1.0
MYLK2,0.38473928,0.0,-1.0
MYLK3,0.35307124,0.0,0.0
MYLK4,0.30424452,0.0,0.0
MYLPF,0.37762302,0.0,0.0
MYMK,0.15145572,0.0,0.0
MYNN,0.2939481,0.0,0.0
MYO10,0.40315154,0.0,0.0
MYO15A,0.2758575,0.0,0.0
MYO15B,0.20777225,0.0,0.0
MYO16,0.33753428,0.0,0.0
MYO18A,0.42118126,0.0,-1.0
MYO18B,0.3282011,0.0,-1.0
MYO19,0.29147542,0.0,0.0
MYO1A,0.3693788,0.0,-1.0
MYO1B,0.47875383,0.0,-1.0
MYO1C,0.5311102,1.0,0.0
MYO1D,0.37596542,0.0,0.0
MYO1E,0.44146985,0.0,-1.0
MYO1F,0.38631546,0.0,0.0
MYO1G,0.3723665,0.0,-1.0
MYO1H,0.31883177,0.0,-1.0
MYO3A,0.37190327,0.0,0.0
MYO3B,0.35499585,0.0,0.0
MYO5A,0.4741127,0.0,1.0
MYO5B,0.43755236,0.0,-1.0
MYO5C,0.4351609,0.0,0.0
MYO6,0.49144995,0.0,-1.0
MYO7A,0.36286664,0.0,-1.0
MYO7B,0.31525382,0.0,0.0
MYO9A,0.4305969,0.0,-1.0
MYO9B,0.43992168,0.0,-1.0
MYOC,0.3669587,0.0,-1.0
MYOCD,0.4658114,0.0,-1.0
MYOD1,0.632845,1.0,1.0
MYOF,0.43653306,0.0,0.0
MYOG,0.5464907,1.0,0.0
MYOM1,0.18044741,0.0,0.0
MYOM2,0.42877802,0.0,-1.0
MYOM3,0.11632415,0.0,-1.0
MYORG,0.18687049,0.0,0.0
MYOT,0.29866043,0.0,-1.0
MYOZ1,0.24403627,0.0,0.0
MYOZ2,0.2595104,0.0,-1.0
MYOZ3,0.2789153,0.0,-1.0
MYPN,0.26583198,0.0,0.0
MYPOP,0.1607404,0.0,0.0
MYRF,0.35386813,0.0,0.0
MYRF-AS1,0.028096775,0.0,0.0
MYRIP,0.20597108,0.0,-1.0
MYSM1,0.40633675,0.0,0.0
MYT1,0.24308985,0.0,-1.0
MYT1L,0.26224625,0.0,-1.0
MYZAP,0.24190398,0.0,0.0
MZB1,0.25269967,0.0,0.0
MZF1,0.3618231,0.0,0.0
MZT1,0.29284376,0.0,0.0
MZT2A,0.18264401,0.0,0.0
MZT2B,0.24217668,0.0,0.0
N4BP1,0.20544471,0.0,-1.0
N4BP2,0.2190873,0.0,1.0
N4BP2L1,0.2670812,0.0,0.0
N4BP2L2,0.41214064,0.0,0.0
N4BP3,0.3302902,0.0,-1.0
N6AMT1,0.16792724,0.0,0.0
NAA10,0.33758822,0.0,-1.0
NAA11,0.2561365,0.0,0.0
NAA15,0.38995013,0.0,0.0
NAA16,0.33318126,0.0,0.0
NAA20,0.21643114,0.0,0.0
NAA25,0.29835105,0.0,0.0
NAA30,0.22041686,0.0,0.0
NAA35,0.21021241,0.0,0.0
NAA38,0.11636049,0.0,0.0
NAA40,0.20830873,0.0,0.0
NAA50,0.4479183,0.0,0.0
NAA60,0.16141938,0.0,0.0
NAA80,0.15406317,0.0,0.0
NAAA,0.29848507,0.0,0.0
NAALAD2,0.1932883,0.0,0.0
NAALADL1,0.29578757,0.0,0.0
NAALADL2,0.19650145,0.0,0.0
NAB1,0.27932468,0.0,0.0
NAB2,0.33700794,0.0,1.0
NABP1,0.28407684,0.0,-1.0
NABP2,0.24191424,0.0,0.0
NACA,0.39777717,0.0,-1.0
NACA2,0.15342192,0.0,0.0
NACA4P,0.009231826,0.0,0.0
NACAD,0.2882135,0.0,0.0
NACC1,0.3298964,0.0,-1.0
NACC2,0.3246997,0.0,0.0
NADK,0.2759242,0.0,1.0
NADK2,0.16659059,0.0,0.0
NADSYN1,0.22570643,0.0,0.0
NAE1,0.3113095,0.0,0.0
NAF1,0.21322049,0.0,0.0
NAGA,0.22255456,0.0,-1.0
NAGK,0.25906107,0.0,0.0
NAGLU,0.19517775,0.0,-1.0
NAGPA,0.4397265,0.0,0.0
NAGS,0.26210335,0.0,0.0
NAIF1,0.1590349,0.0,0.0
NAIP,0.32968116,0.0,0.0
NALCN,0.2681575,0.0,-1.0
NALF1,0.13992639,0.0,0.0
NALF2,0.4679204,0.0,0.0
NAMPT,0.44990206,0.0,-1.0
NAMPTP1,0.015836516,0.0,0.0
NANOG,0.48550498,0.0,-1.0
NANOGNB,0.11263141,0.0,0.0
NANOS1,0.20429769,0.0,-1.0
NANOS2,0.12509006,0.0,0.0
NANOS3,0.1965217,0.0,0.0
NANP,0.23262076,0.0,-1.0
NANS,0.22575326,0.0,0.0
NAP1L1,0.46431378,0.0,-1.0
NAP1L2,0.31416982,0.0,-1.0
NAP1L3,0.32236338,0.0,0.0
NAP1L4,0.43678966,0.0,0.0
NAP1L5,0.3005424,0.0,0.0
NAP1L6P,0.2773602,0.0,0.0
NAPA,0.3121589,0.0,-1.0
NAPB,0.28575274,0.0,0.0
NAPEPLD,0.2157764,0.0,0.0
NAPG,0.23590057,0.0,0.0
NAPRT,0.2226609,0.0,0.0
NAPSA,0.22933735,0.0,0.0
NAPSB,0.0026012384,0.0,0.0
NARF,0.24155687,0.0,0.0
NARS1,0.3484833,0.0,0.0
NARS2,0.24104589,0.0,0.0
NASP,0.42336568,0.0,0.0
NAT1,0.37105024,0.0,-1.0
NAT10,0.3681541,0.0,-1.0
NAT14,0.11959327,0.0,0.0
NAT16,0.115342066,0.0,0.0
NAT2,0.22156818,0.0,-1.0
NAT8,0.20479038,0.0,0.0
NAT8B,0.20026414,0.0,0.0
NAT8L,0.18286633,0.0,-1.0
NAT9,0.5358577,1.0,0.0
NATD1,0.21894935,0.0,0.0
NAV1,0.38932353,0.0,-1.0
NAV2,0.25501853,0.0,0.0
NAV3,0.3196453,0.0,-1.0
NAXD,0.2339763,0.0,0.0
NAXE,0.18101685,0.0,0.0
NBAS,0.34617716,0.0,0.0
NBEA,0.3306075,0.0,1.0
NBEAL1,0.27971813,0.0,0.0
NBEAL2,0.3183252,0.0,-1.0
NBL1,0.41645414,0.0,-1.0
NBN,0.51304257,1.0,1.0
NBPF1,0.24095438,0.0,-1.0
NBPF10,0.0031910846,0.0,0.0
NBPF11,0.0019618203,0.0,0.0
NBPF12,0.00026864777,0.0,0.0
NBPF14,0.00027057488,0.0,0.0
NBPF15,0.018081358,0.0,0.0
NBPF20,0.0003221569,0.0,0.0
NBPF22P,0.14471962,0.0,0.0
NBPF3,0.12212785,0.0,0.0
NBPF7P,0.0006829043,0.0,0.0
NBPF8,0.005033644,0.0,-1.0
NBPF9,0.0009170347,0.0,0.0
NBR1,0.41068602,0.0,-1.0
NBR2,0.10135941,0.0,0.0
NCALD,0.35366303,0.0,0.0
NCAM1,0.6098196,1.0,0.0
NCAM2,0.2655355,0.0,-1.0
NCAN,0.45756698,0.0,0.0
NCAPD2,0.45951512,0.0,-1.0
NCAPD3,0.42144462,0.0,-1.0
NCAPG,0.4817227,0.0,-1.0
NCAPG2,0.44840202,0.0,-1.0
NCAPH,0.48693365,0.0,0.0
NCAPH2,0.3316239,0.0,-1.0
NCBP1,0.416582,0.0,-1.0
NCBP2,0.26951104,0.0,0.0
NCBP2AS2,0.19494216,0.0,0.0
NCBP2L,0.16351774,0.0,0.0
NCBP3,0.32644936,0.0,0.0
NCCRP1,0.24369603,0.0,0.0
NCDN,0.24536727,0.0,0.0
NCEH1,0.23531556,0.0,0.0
NCF1,0.5102639,1.0,-1.0
NCF1B,0.09141538,0.0,0.0
NCF2,0.50203747,1.0,-1.0
NCF4,0.46509832,0.0,-1.0
NCK1,0.53660846,1.0,-1.0
NCK2,0.42206308,0.0,0.0
NCKAP1,0.48017016,0.0,0.0
NCKAP1L,0.34361646,0.0,0.0
NCKAP5,0.26822796,0.0,0.0
NCKAP5L,0.30976602,0.0,0.0
NCKIPSD,0.42841572,0.0,-1.0
NCL,0.4901625,0.0,0.0
NCLN,0.25625208,0.0,0.0
NCOA1,0.5366407,1.0,1.0
NCOA2,0.5278541,1.0,1.0
NCOA3,0.5181023,1.0,1.0
NCOA4,0.3088323,0.0,1.0
NCOA5,0.33600342,0.0,0.0
NCOA6,0.45287588,0.0,-1.0
NCOA7,0.1725788,0.0,0.0
NCOR1,0.6506972,1.0,1.0
NCOR2,0.58738464,1.0,1.0
NCR1,0.386036,0.0,0.0
NCR2,0.32362464,0.0,-1.0
NCR3,0.47274074,0.0,0.0
NCR3LG1,0.20927885,0.0,0.0
NCRUPAR,0.01909951,0.0,0.0
NCS1,0.49101043,0.0,0.0
NCSTN,0.36038232,0.0,1.0
NDC1,0.40658328,0.0,0.0
NDC80,0.6410378,1.0,-1.0
NDE1,0.39781755,0.0,-1.0
NDEL1,0.46091357,0.0,-1.0
NDFIP1,0.21107896,0.0,0.0
NDFIP2,0.24603012,0.0,0.0
NDN,0.4768302,0.0,0.0
NDNF,0.3237288,0.0,0.0
NDOR1,0.22473083,0.0,0.0
NDP,0.5178012,1.0,0.0
NDRG1,0.43621412,0.0,1.0
NDRG2,0.24283749,0.0,-1.0
NDRG3,0.18416822,0.0,0.0
NDRG4,0.22009595,0.0,0.0
NDST1,0.2593228,0.0,0.0
NDST2,0.24046955,0.0,0.0
NDST3,0.20189624,0.0,0.0
NDST4,0.19828618,0.0,-1.0
NDUFA1,0.15009458,0.0,0.0
NDUFA10,0.24950078,0.0,0.0
NDUFA11,0.09408625,0.0,0.0
NDUFA12,0.11894106,0.0,0.0
NDUFA13,0.2450729,0.0,-1.0
NDUFA2,0.13543373,0.0,0.0
NDUFA3,0.102973014,0.0,0.0
NDUFA4,0.17972422,0.0,0.0
NDUFA4L2,0.19035941,0.0,0.0
NDUFA5,0.4016137,0.0,-1.0
NDUFA6,0.31038967,0.0,0.0
NDUFA7,0.14155512,0.0,0.0
NDUFA8,0.12019259,0.0,0.0
NDUFA9,0.288676,0.0,0.0
NDUFAB1,0.18481836,0.0,0.0
NDUFAF1,0.122898266,0.0,0.0
NDUFAF2,0.11936396,0.0,0.0
NDUFAF3,0.22074841,0.0,0.0
NDUFAF4,0.14719278,0.0,0.0
NDUFAF5,0.1587822,0.0,0.0
NDUFAF6,0.17007922,0.0,0.0
NDUFAF7,0.1516454,0.0,0.0
NDUFAF8,0.13579445,0.0,-1.0
NDUFB1,0.11973899,0.0,0.0
NDUFB10,0.13609004,0.0,0.0
NDUFB11,0.1617359,0.0,0.0
NDUFB2,0.12815025,0.0,-1.0
NDUFB3,0.111638464,0.0,0.0
NDUFB4,0.20665058,0.0,0.0
NDUFB5,0.14549322,0.0,0.0
NDUFB6,0.117714286,0.0,0.0
NDUFB7,0.14053942,0.0,0.0
NDUFB8,0.16976848,0.0,0.0
NDUFB9,0.16879807,0.0,-1.0
NDUFC1,0.10622849,0.0,0.0
NDUFC2,0.102896504,0.0,0.0
NDUFC2-KCTD14,0.097902305,0.0,0.0
NDUFS1,0.29775965,0.0,0.0
NDUFS2,0.21140568,0.0,0.0
NDUFS3,0.29267952,0.0,0.0
NDUFS4,0.15868327,0.0,0.0
NDUFS5,0.1469259,0.0,0.0
NDUFS6,0.1622307,0.0,0.0
NDUFS7,0.1428983,0.0,-1.0
NDUFS8,0.28995755,0.0,-1.0
NDUFV1,0.28136268,0.0,-1.0
NDUFV2,0.2548738,0.0,-1.0
NDUFV3,0.19984308,0.0,0.0
NEAT1,0.25068372,0.0,0.0
NEB,0.42921793,0.0,-1.0
NEBL,0.35350835,0.0,-1.0
NECAB1,0.15798515,0.0,0.0
NECAB2,0.18455547,0.0,0.0
NECAB3,0.1875671,0.0,0.0
NECAP1,0.3030261,0.0,0.0
NECAP2,0.30928698,0.0,0.0
NECTIN1,0.4916198,0.0,-1.0
NECTIN2,0.36604717,0.0,0.0
NECTIN3,0.26780927,0.0,0.0
NECTIN4,0.2127668,0.0,-1.0
NEDD1,0.40086544,0.0,0.0
NEDD4,0.46924496,0.0,-1.0
NEDD4L,0.42356926,0.0,0.0
NEDD8,0.41568092,0.0,0.0
NEDD8-MDP1,0.14605238,0.0,0.0
NEDD9,0.45060137,0.0,0.0
NEFH,0.46271515,0.0,-1.0
NEFL,0.2984415,0.0,-1.0
NEFM,0.35413474,0.0,0.0
NEGR1,0.32752877,0.0,-1.0
NEIL1,0.31333643,0.0,-1.0
NEIL2,0.19961753,0.0,0.0
NEIL3,0.40783077,0.0,0.0
NEK1,0.3654833,0.0,-1.0
NEK10,0.38661534,0.0,0.0
NEK11,0.24099146,0.0,0.0
NEK2,0.48630506,0.0,-1.0
NEK3,0.31228578,0.0,0.0
NEK4,0.3451746,0.0,0.0
NEK5,0.18178795,0.0,0.0
NEK6,0.34865522,0.0,0.0
NEK7,0.37237635,0.0,0.0
NEK8,0.29153973,0.0,0.0
NEK9,0.34546965,0.0,0.0
NELFA,0.40102318,0.0,0.0
NELFB,0.3533242,0.0,0.0
NELFCD,0.23047468,0.0,-1.0
NELFE,0.21952486,0.0,-1.0
NELL1,0.3246366,0.0,0.0
NELL2,0.26041868,0.0,0.0
NEMF,0.4292277,0.0,0.0
NEMP1,0.36162078,0.0,0.0
NEMP2,0.17724387,0.0,0.0
NENF,0.23158446,0.0,0.0
NEO1,0.3669985,0.0,0.0
NEPRO,0.29399207,0.0,0.0
NES,0.6316171,1.0,-1.0
NET1,0.32204998,0.0,-1.0
NETO1,0.1736431,0.0,-1.0
NETO2,0.29269943,0.0,-1.0
NEU1,0.21038905,0.0,-1.0
NEU2,0.21559231,0.0,0.0
NEU3,0.23508736,0.0,-1.0
NEU4,0.12293947,0.0,0.0
NEURL1,0.36965224,0.0,-1.0
NEURL1B,0.28072822,0.0,-1.0
NEURL2,0.22066753,0.0,0.0
NEURL3,0.21029574,0.0,-1.0
NEURL4,0.28015387,0.0,-1.0
NEUROD1,0.47010756,0.0,-1.0
NEUROD2,0.36777952,0.0,0.0
NEUROD4,0.2602426,0.0,0.0
NEUROD6,0.27911475,0.0,0.0
NEUROG1,0.4282027,0.0,0.0
NEUROG2,0.41151527,0.0,-1.0
NEUROG3,0.41312754,0.0,-1.0
NEXMIF,0.17509237,0.0,0.0
NEXN,0.4210897,0.0,-1.0
NF1,0.6030392,1.0,1.0
NF2,0.5616229,1.0,1.0
NFAM1,0.18483292,0.0,0.0
NFASC,0.37314448,0.0,0.0
NFAT5,0.29278666,0.0,-1.0
NFATC1,0.5007082,1.0,-1.0
NFATC2,0.518794,1.0,1.0
NFATC2IP,0.3263922,0.0,0.0
NFATC3,0.542806,1.0,-1.0
NFATC4,0.46824297,0.0,-1.0
NFE2,0.4478625,0.0,1.0
NFE2L1,0.312036,0.0,0.0
NFE2L2,0.46077052,0.0,1.0
NFE2L3,0.29760072,0.0,-1.0
NFE4,0.16650148,0.0,0.0
NFIA,0.33802575,0.0,0.0
NFIB,0.38711143,0.0,1.0
NFIC,0.50360966,1.0,-1.0
NFIL3,0.4393296,0.0,0.0
NFIX,0.3486465,0.0,-1.0
NFKB1,0.7106896,1.0,-1.0
NFKB2,0.52115023,1.0,1.0
NFKBIA,0.5914868,1.0,1.0
NFKBIB,0.43029946,0.0,-1.0
NFKBID,0.35370287,0.0,0.0
NFKBIE,0.4298291,0.0,1.0
NFKBIL1,0.31394142,0.0,-1.0
NFKBIZ,0.43816078,0.0,-1.0
NFRKB,0.28732622,0.0,0.0
NFS1,0.29884923,0.0,0.0
NFU1,0.22313857,0.0,0.0
NFX1,0.23723607,0.0,0.0
NFXL1,0.1839796,0.0,0.0
NFYA,0.42538285,0.0,0.0
NFYB,0.4282706,0.0,0.0
NFYC,0.32959083,0.0,0.0
NGB,0.3134485,0.0,0.0
NGDN,0.35431612,0.0,0.0
NGEF,0.34087592,0.0,-1.0
NGF,0.65881735,1.0,-1.0
NGFR,0.5901203,1.0,-1.0
NGLY1,0.24673311,0.0,0.0
NGRN,0.12430362,0.0,0.0
NHEJ1,0.29377088,0.0,-1.0
NHLH1,0.3406615,0.0,0.0
NHLH2,0.26185802,0.0,0.0
NHLRC1,0.31851178,0.0,-1.0
NHLRC2,0.32839468,0.0,0.0
NHLRC3,0.15626138,0.0,0.0
NHLRC4,0.17446029,0.0,0.0
NHP2,0.20739919,0.0,-1.0
NHS,0.43563706,0.0,0.0
NHSL1,0.311437,0.0,0.0
NHSL2,0.19583374,0.0,0.0
NIBAN1,0.27545372,0.0,0.0
NIBAN2,0.38070494,0.0,0.0
NIBAN3,0.15436998,0.0,0.0
NICN1,0.11803863,0.0,0.0
NID1,0.605661,1.0,-1.0
NID2,0.4917231,0.0,0.0
NIF3L1,0.22299218,0.0,0.0
NIFK,0.2986338,0.0,0.0
NIM1K,0.40530035,0.0,0.0
NIN,0.5606343,1.0,1.0
NINJ1,0.2915722,0.0,0.0
NINJ2,0.18140325,0.0,0.0
NINL,0.4278879,0.0,0.0
NIP7,0.20785852,0.0,0.0
NIPA1,0.14065434,0.0,-1.0
NIPA2,0.13949934,0.0,-1.0
NIPAL1,0.12209432,0.0,0.0
NIPAL2,0.19008206,0.0,0.0
NIPAL3,0.10827102,0.0,0.0
NIPAL4,0.25203007,0.0,0.0
NIPBL,0.5005058,1.0,-1.0
NIPSNAP1,0.2246905,0.0,0.0
NIPSNAP2,0.34521687,0.0,0.0
NIPSNAP3A,0.13029145,0.0,0.0
NIPSNAP3B,0.1583556,0.0,0.0
NISCH,0.37973654,0.0,0.0
NIT1,0.21048841,0.0,0.0
NIT2,0.19194198,0.0,0.0
NKAIN1,0.10616329,0.0,0.0
NKAIN2,0.18219215,0.0,-1.0
NKAIN3,0.097821355,0.0,0.0
NKAIN4,0.12678954,0.0,0.0
NKAP,0.2359337,0.0,0.0
NKAPD1,0.23268577,0.0,0.0
NKAPL,0.081508346,0.0,0.0
NKD1,0.28355962,0.0,-1.0
NKD2,0.30513433,0.0,-1.0
NKG7,0.3118979,0.0,0.0
NKIRAS1,0.19434348,0.0,0.0
NKIRAS2,0.19280766,0.0,0.0
NKPD1,0.28483802,0.0,0.0
NKRF,0.48309913,0.0,0.0
NKTR,0.42162564,0.0,-1.0
NKX1-1,0.18343349,0.0,0.0
NKX2-1,0.51835865,1.0,1.0
NKX2-2,0.45769835,0.0,-1.0
NKX2-3,0.31070048,0.0,-1.0
NKX2-4,0.24455181,0.0,0.0
NKX2-5,0.57916665,1.0,-1.0
NKX2-6,0.42173952,0.0,-1.0
NKX2-8,0.30444032,0.0,0.0
NKX3-1,0.37395647,0.0,1.0
NKX3-2,0.36727414,0.0,0.0
NKX6-1,0.3820301,0.0,0.0
NKX6-2,0.37102365,0.0,0.0
NKX6-3,0.16973737,0.0,0.0
NLE1,0.4402796,0.0,-1.0
NLGN1,0.29514417,0.0,0.0
NLGN2,0.2591097,0.0,0.0
NLGN3,0.31461608,0.0,0.0
NLGN4X,0.2439724,0.0,-1.0
NLGN4Y,0.21559778,0.0,0.0
NLK,0.3660459,0.0,-1.0
NLN,0.396332,0.0,-1.0
NLRC3,0.20884137,0.0,0.0
NLRC4,0.41204685,0.0,-1.0
NLRC5,0.28355283,0.0,-1.0
NLRP1,0.31091148,0.0,-1.0
NLRP10,0.1300562,0.0,0.0
NLRP11,0.07319671,0.0,0.0
NLRP12,0.41903558,0.0,-1.0
NLRP13,0.09193126,0.0,0.0
NLRP14,0.18206128,0.0,0.0
NLRP2,0.23202339,0.0,-1.0
NLRP3,0.5580922,1.0,-1.0
NLRP4,0.15881704,0.0,0.0
NLRP5,0.23292153,0.0,-1.0
NLRP6,0.23714939,0.0,0.0
NLRP7,0.09997916,0.0,-1.0
NLRP8,0.111567914,0.0,-1.0
NLRP9,0.1142932,0.0,0.0
NLRX1,0.22576472,0.0,0.0
NMB,0.2618983,0.0,0.0
NMBR,0.26415014,0.0,-1.0
NMD3,0.30931187,0.0,0.0
NME1,0.42092016,0.0,-1.0
NME1-NME2,0.38474387,0.0,0.0
NME2,0.3783407,0.0,0.0
NME2P1,0.13148606,0.0,0.0
NME3,0.27416915,0.0,-1.0
NME4,0.30188552,0.0,0.0
NME5,0.22777662,0.0,0.0
NME6,0.25829417,0.0,0.0
NME7,0.3746448,0.0,0.0
NME8,0.29969323,0.0,-1.0
NME9,0.12984835,0.0,0.0
NMI,0.3349207,0.0,0.0
NMNAT1,0.26196554,0.0,0.0
NMNAT2,0.22824694,0.0,0.0
NMNAT3,0.21491751,0.0,0.0
NMRAL1,0.17210978,0.0,0.0
NMRAL2P,0.12673736,0.0,0.0
NMRK1,0.23986809,0.0,0.0
NMRK2,0.22363417,0.0,-1.0
NMS,0.2841649,0.0,0.0
NMT1,0.4054278,0.0,-1.0
NMT2,0.24231938,0.0,0.0
NMU,0.37629923,0.0,0.0
NMUR1,0.23022035,0.0,0.0
NMUR2,0.28812465,0.0,-1.0
NNAT,0.30670103,0.0,0.0
NNMT,0.46279916,0.0,-1.0
NNT,0.43704173,0.0,0.0
NOA1,0.14709327,0.0,0.0
NOB1,0.20265543,0.0,0.0
NOBOX,0.23880313,0.0,-1.0
NOC2L,0.44864807,0.0,-1.0
NOC3L,0.30136707,0.0,0.0
NOC4L,0.2541491,0.0,0.0
NOCT,0.44901264,0.0,0.0
NOD1,0.38113573,0.0,-1.0
NOD2,0.3894144,0.0,-1.0
NODAL,0.43923685,0.0,-1.0
NOG,0.5554248,1.0,-1.0
NOL10,0.24023566,0.0,0.0
NOL11,0.24916573,0.0,0.0
NOL12,0.13368835,0.0,0.0
NOL3,0.36480236,0.0,-1.0
NOL4,0.20922695,0.0,0.0
NOL4L,0.169,0.0,0.0
NOL6,0.19032502,0.0,0.0
NOL7,0.20990328,0.0,0.0
NOL8,0.28525004,0.0,0.0
NOL9,0.256987,0.0,-1.0
NOLC1,0.41046795,0.0,0.0
NOM1,0.2588287,0.0,0.0
NOMO1,0.34826773,0.0,0.0
NOMO2,0.33071795,0.0,0.0
NOMO3,0.30869108,0.0,0.0
NONO,0.49977568,0.0,1.0
NOP10,0.18519938,0.0,-1.0
NOP14,0.21617466,0.0,0.0
NOP14-AS1,0.028096775,0.0,0.0
NOP16,0.18700549,0.0,0.0
NOP2,0.37579203,0.0,0.0
NOP53,0.2585982,0.0,-1.0
NOP56,0.34942776,0.0,-1.0
NOP58,0.3214855,0.0,-1.0
NOP9,0.27759865,0.0,0.0
NOPCHAP1,0.16116755,0.0,0.0
NOS1,0.5649984,1.0,-1.0
NOS1AP,0.42415687,0.0,0.0
NOS2,0.58786315,1.0,-1.0
NOS3,0.629317,1.0,0.0
NOSIP,0.27909788,0.0,0.0
NOSTRIN,0.24850178,0.0,0.0
NOTCH1,0.6964179,1.0,1.0
NOTCH2,0.60203,1.0,1.0
NOTCH2NLA,0.17784905,0.0,0.0
NOTCH3,0.580112,1.0,1.0
NOTCH4,0.53636336,1.0,1.0
NOTO,0.3460379,0.0,0.0
NOTUM,0.30167684,0.0,-1.0
NOVA1,0.37397876,0.0,-1.0
NOVA2,0.41244313,0.0,0.0
NOX1,0.4227485,0.0,0.0
NOX3,0.36903265,0.0,0.0
NOX4,0.42190924,0.0,-1.0
NOX5,0.3351798,0.0,0.0
NOXA1,0.2899219,0.0,-1.0
NOXO1,0.25741836,0.0,0.0
NOXRED1,0.21134047,0.0,0.0
NPAP1,0.2129656,0.0,-1.0
NPAS1,0.29958153,0.0,0.0
NPAS2,0.31118718,0.0,0.0
NPAS3,0.28771016,0.0,-1.0
NPAS4,0.25235298,0.0,0.0
NPAT,0.5190242,1.0,-1.0
NPB,0.22900607,0.0,0.0
NPBWR1,0.16591744,0.0,0.0
NPBWR2,0.15471381,0.0,0.0
NPC1,0.38709772,0.0,-1.0
NPC1L1,0.24181956,0.0,0.0
NPC2,0.2764778,0.0,-1.0
NPDC1,0.16012993,0.0,0.0
NPEPL1,0.20440593,0.0,0.0
NPEPPS,0.40547925,0.0,0.0
NPFF,0.21858516,0.0,0.0
NPFFR1,0.12623492,0.0,0.0
NPFFR2,0.1906001,0.0,0.0
NPHP1,0.3286966,0.0,-1.0
NPHP3,0.341368,0.0,0.0
NPHP4,0.3185399,0.0,0.0
NPHS1,0.47392035,0.0,-1.0
NPHS2,0.33252198,0.0,-1.0
NPIPA1,0.35899976,0.0,0.0
NPIPA2,0.3135329,0.0,0.0
NPIPA7,0.31344685,0.0,0.0
NPIPA8,0.3135344,0.0,0.0
NPIPB13,0.38275737,0.0,0.0
NPIPB15,0.28961417,0.0,0.0
NPIPB2,0.3463042,0.0,0.0
NPIPB3,0.05674162,0.0,0.0
NPIPB4,0.42264336,0.0,0.0
NPIPB5,0.42441702,0.0,0.0
NPIPB9,0.2407728,0.0,0.0
NPL,0.5468273,1.0,0.0
NPLOC4,0.34791395,0.0,0.0
NPM1,0.62027377,1.0,1.0
NPM2,0.19956997,0.0,0.0
NPM3,0.22756287,0.0,0.0
NPNT,0.26210043,0.0,-1.0
NPPA,0.53195703,1.0,-1.0
NPPB,0.44474635,0.0,0.0
NPPC,0.42812863,0.0,0.0
NPR1,0.39260042,0.0,0.0
NPR2,0.3976522,0.0,0.0
NPR3,0.32594234,0.0,-1.0
NPRL2,0.1882651,0.0,0.0
NPRL3,0.30460024,0.0,0.0
NPS,0.48220408,0.0,0.0
NPSR1,0.25818294,0.0,0.0
NPTN,0.36543167,0.0,0.0
NPTX1,0.24315785,0.0,0.0
NPTX2,0.2820588,0.0,0.0
NPTXR,0.4292548,0.0,0.0
NPVF,0.13046385,0.0,0.0
NPW,0.1847936,0.0,0.0
NPY,0.49975052,0.0,-1.0
NPY1R,0.28036183,0.0,-1.0
NPY2R,0.2669357,0.0,0.0
NPY4R,0.22090566,0.0,0.0
NPY5R,0.23545861,0.0,0.0
NQO1,0.4258624,0.0,-1.0
NQO2,0.2744716,0.0,0.0
NR0B1,0.47770602,0.0,-1.0
NR0B2,0.47693595,0.0,-1.0
NR1D1,0.35488695,0.0,0.0
NR1D2,0.2750409,0.0,-1.0
NR1H2,0.49147183,0.0,0.0
NR1H3,0.38625073,0.0,0.0
NR1H4,0.36394706,0.0,-1.0
NR1I2,0.41465026,0.0,-1.0
NR1I3,0.3032307,0.0,0.0
NR2C1,0.2771745,0.0,0.0
NR2C2,0.45404705,0.0,-1.0
NR2C2AP,0.13586383,0.0,0.0
NR2E1,0.33145398,0.0,0.0
NR2E3,0.23605658,0.0,-1.0
NR2F1,0.47356895,0.0,-1.0
NR2F1-AS1,0.23569012,0.0,0.0
NR2F2,0.5435581,1.0,0.0
NR2F6,0.17554736,0.0,-1.0
NR3C1,0.6292591,1.0,-1.0
NR3C2,0.57402074,1.0,-1.0
NR4A1,0.5196321,1.0,-1.0
NR4A2,0.45929733,0.0,-1.0
NR4A3,0.4731287,0.0,1.0
NR5A1,0.5538088,1.0,-1.0
NR5A2,0.38878602,0.0,0.0
NR6A1,0.45607543,0.0,0.0
NRAP,0.16928361,0.0,0.0
NRARP,0.37086165,0.0,0.0
NRAS,0.56107384,1.0,1.0
NRBF2,0.34688735,0.0,0.0
NRBP1,0.25675794,0.0,0.0
NRBP2,0.21004592,0.0,0.0
NRCAM,0.42597747,0.0,-1.0
NRDC,0.37391552,0.0,0.0
NRDE2,0.23381247,0.0,0.0
NREP,0.36048338,0.0,0.0
NRF1,0.29928708,0.0,-1.0
NRG1,0.5848655,1.0,1.0
NRG2,0.5135505,1.0,-1.0
NRG3,0.44254267,0.0,-1.0
NRG4,0.46324772,0.0,-1.0
NRGN,0.31259212,0.0,0.0
NRIP1,0.40006015,0.0,-1.0
NRIP2,0.22337277,0.0,0.0
NRIP3,0.21810818,0.0,0.0
NRK,0.23006251,0.0,-1.0
NRL,0.42654753,0.0,-1.0
NRM,0.3809135,0.0,0.0
NRN1,0.39220458,0.0,0.0
NRN1L,0.15921947,0.0,0.0
NRP1,0.57772464,1.0,-1.0
NRP2,0.4613688,0.0,-1.0
NRROS,0.36274603,0.0,0.0
NRSN1,0.22019339,0.0,0.0
NRSN2,0.16260205,0.0,0.0
NRTN,0.3309164,0.0,0.0
NRXN1,0.30919203,0.0,0.0
NRXN2,0.26879412,0.0,-1.0
NRXN3,0.32284823,0.0,-1.0
NSA2,0.2458167,0.0,0.0
NSD1,0.6169904,1.0,1.0
NSD2,0.5362116,1.0,1.0
NSD3,0.49975288,0.0,1.0
NSDHL,0.3135571,0.0,0.0
NSF,0.56516314,1.0,0.0
NSFL1C,0.2486055,0.0,0.0
NSG1,0.21874319,0.0,0.0
NSG2,0.2381666,0.0,0.0
NSL1,0.35389838,0.0,0.0
NSMAF,0.3415297,0.0,-1.0
NSMCE1,0.18295313,0.0,0.0
NSMCE2,0.30285725,0.0,-1.0
NSMCE3,0.21701811,0.0,0.0
NSMCE4A,0.25746357,0.0,0.0
NSMF,0.28120446,0.0,-1.0
NSRP1,0.23275194,0.0,-1.0
NSUN2,0.36500877,0.0,0.0
NSUN3,0.27643552,0.0,0.0
NSUN4,0.2612939,0.0,0.0
NSUN5,0.32364213,0.0,0.0
NSUN5P1,0.15621583,0.0,0.0
NSUN5P2,0.17391543,0.0,0.0
NSUN6,0.24630408,0.0,-1.0
NSUN7,0.2533807,0.0,0.0
NT5C,0.44744825,0.0,0.0
NT5C1A,0.3751946,0.0,0.0
NT5C1B,0.08765212,0.0,0.0
NT5C1B-RDH14,0.084399365,0.0,0.0
NT5C2,0.39186963,0.0,1.0
NT5C3A,0.26203635,0.0,-1.0
NT5C3B,0.21036664,0.0,0.0
NT5DC1,0.1238933,0.0,0.0
NT5DC2,0.24510732,0.0,0.0
NT5DC3,0.24700561,0.0,0.0
NT5DC4,0.15496397,0.0,0.0
NT5E,0.5906471,1.0,-1.0
NT5M,0.23741476,0.0,0.0
NTAN1,0.30197027,0.0,0.0
NTAQ1,0.16560815,0.0,0.0
NTF3,0.5621774,1.0,0.0
NTF4,0.44548556,0.0,-1.0
NTHL1,0.28219733,0.0,1.0
NTM,0.4144372,0.0,0.0
NTMT1,0.1665727,0.0,0.0
NTMT2,0.15574183,0.0,0.0
NTN1,0.47159144,0.0,-1.0
NTN3,0.30261165,0.0,0.0
NTN4,0.3269019,0.0,-1.0
NTN5,0.21212627,0.0,0.0
NTNG1,0.27094635,0.0,0.0
NTNG2,0.22147359,0.0,0.0
NTPCR,0.28420293,0.0,0.0
NTRK1,0.6249124,1.0,1.0
NTRK2,0.5482279,1.0,1.0
NTRK3,0.5085187,1.0,1.0
NTS,0.52873945,1.0,0.0
NTSR1,0.49314633,0.0,-1.0
NTSR2,0.31304368,0.0,0.0
NUAK1,0.3843974,0.0,-1.0
NUAK2,0.2988411,0.0,0.0
NUB1,0.21527842,0.0,0.0
NUBP1,0.2529249,0.0,-1.0
NUBP2,0.23435725,0.0,0.0
NUBPL,0.2496366,0.0,-1.0
NUCB1,0.3346725,0.0,0.0
NUCB2,0.23800713,0.0,0.0
NUCKS1,0.26982197,0.0,0.0
NUDC,0.3433051,0.0,0.0
NUDCD1,0.23352236,0.0,0.0
NUDCD2,0.2379162,0.0,0.0
NUDCD3,0.28485182,0.0,0.0
NUDT1,0.341281,0.0,0.0
NUDT10,0.24729808,0.0,-1.0
NUDT11,0.2289852,0.0,-1.0
NUDT12,0.2317613,0.0,0.0
NUDT13,0.26671362,0.0,0.0
NUDT14,0.2088557,0.0,-1.0
NUDT15,0.23874646,0.0,0.0
NUDT16,0.16489443,0.0,0.0
NUDT16L1,0.28158906,0.0,-1.0
NUDT17,0.13855821,0.0,0.0
NUDT18,0.19323517,0.0,0.0
NUDT19,0.17594995,0.0,0.0
NUDT2,0.21254939,0.0,0.0
NUDT21,0.37043417,0.0,0.0
NUDT22,0.17015211,0.0,0.0
NUDT3,0.20678554,0.0,0.0
NUDT4,0.13451518,0.0,0.0
NUDT5,0.27830034,0.0,0.0
NUDT6,0.2042645,0.0,-1.0
NUDT7,0.17943725,0.0,0.0
NUDT8,0.19437258,0.0,0.0
NUDT9,0.2352039,0.0,0.0
NUDT9P1,0.044900417,0.0,0.0
NUF2,0.51293254,1.0,1.0
NUFIP1,0.30189243,0.0,0.0
NUFIP2,0.17480463,0.0,0.0
NUGGC,0.14121574,0.0,0.0
NUMA1,0.4884983,0.0,1.0
NUMB,0.54158694,1.0,-1.0
NUMBL,0.40890408,0.0,0.0
NUP107,0.46590385,0.0,-1.0
NUP133,0.41537791,0.0,-1.0
NUP153,0.42438748,0.0,0.0
NUP155,0.4483092,0.0,0.0
NUP160,0.3903084,0.0,0.0
NUP188,0.31885034,0.0,0.0
NUP205,0.45720965,0.0,0.0
NUP210,0.33999208,0.0,0.0
NUP210L,0.11630203,0.0,-1.0
NUP214,0.48714653,0.0,1.0
NUP35,0.30260894,0.0,0.0
NUP37,0.2742489,0.0,0.0
NUP42,0.23608468,0.0,0.0
NUP43,0.30543602,0.0,0.0
NUP50,0.4413051,0.0,-1.0
NUP54,0.32057512,0.0,-1.0
NUP58,0.27910125,0.0,0.0
NUP62,0.3671201,0.0,-1.0
NUP62CL,0.2398456,0.0,0.0
NUP85,0.3788487,0.0,-1.0
NUP88,0.3210192,0.0,0.0
NUP93,0.39352384,0.0,-1.0
NUP98,0.51974845,1.0,1.0
NUPR1,0.30830118,0.0,-1.0
NUPR2,0.093381286,0.0,0.0
NUS1,0.20338356,0.0,0.0
NUSAP1,0.42687765,0.0,0.0
NUTF2,0.27289438,0.0,0.0
NUTM1,0.22269595,0.0,1.0
NUTM2A,0.16882972,0.0,-1.0
NUTM2B,0.14440887,0.0,1.0
NUTM2F,0.16568002,0.0,0.0
NVL,0.43454355,0.0,0.0
NWD1,0.23528017,0.0,0.0
NWD2,0.17984228,0.0,0.0
NXF1,0.46142557,0.0,-1.0
NXF2,0.20069434,0.0,0.0
NXF2B,0.18407133,0.0,0.0
NXF3,0.22866192,0.0,0.0
NXF5,0.26221094,0.0,-1.0
NXN,0.30872253,0.0,0.0
NXNL1,0.19005229,0.0,0.0
NXNL2,0.19165714,0.0,0.0
NXPE1,0.09680346,0.0,-1.0
NXPE2,0.15100598,0.0,0.0
NXPE3,0.13863543,0.0,0.0
NXPE4,0.15779386,0.0,0.0
NXPH1,0.12177605,0.0,0.0
NXPH2,0.2986728,0.0,0.0
NXPH3,0.25450587,0.0,0.0
NXPH4,0.24369808,0.0,0.0
NXT1,0.20628332,0.0,0.0
NXT2,0.26911324,0.0,0.0
NYAP1,0.11893205,0.0,0.0
NYAP2,0.17071162,0.0,0.0
NYNRIN,0.25858745,0.0,0.0
NYX,0.38729942,0.0,-1.0
OAF,0.3128963,0.0,0.0
OARD1,0.15854956,0.0,0.0
OAS1,0.42915142,0.0,0.0
OAS2,0.4099642,0.0,0.0
OAS3,0.39301676,0.0,0.0
OASL,0.41770238,0.0,0.0
OAT,0.4520323,0.0,-1.0
OAZ1,0.20340292,0.0,0.0
OAZ2,0.19999494,0.0,0.0
OAZ3,0.084674716,0.0,0.0
OBI1,0.34453937,0.0,-1.0
OBP2A,0.10664139,0.0,0.0
OBP2B,0.016385494,0.0,0.0
OBSCN,0.36087877,0.0,-1.0
OBSL1,0.1544695,0.0,0.0
OC90,0.19815333,0.0,0.0
OCA2,0.4518636,0.0,-1.0
OCEL1,0.1249036,0.0,0.0
OCIAD1,0.24368116,0.0,0.0
OCIAD2,0.15622127,0.0,0.0
OCLM,0.24017233,0.0,0.0
OCLN,0.51388645,1.0,-1.0
OCM,0.39745587,0.0,0.0
OCM2,0.38579306,0.0,0.0
OCRL,0.46786672,0.0,-1.0
OCSTAMP,0.20083933,0.0,0.0
ODAD1,0.11053216,0.0,0.0
ODAD2,0.13866672,0.0,0.0
ODAD3,0.17224681,0.0,0.0
ODAD4,0.21732089,0.0,0.0
ODAM,0.24114554,0.0,-1.0
ODAPH,0.1441352,0.0,0.0
ODC1,0.44223928,0.0,-1.0
ODF1,0.18660644,0.0,0.0
ODF2,0.34387887,0.0,0.0
ODF2L,0.32229224,0.0,0.0
ODF3,0.0884244,0.0,0.0
ODF3B,0.17724876,0.0,0.0
ODF3L1,0.09797468,0.0,0.0
ODF3L2,0.078418836,0.0,-1.0
ODF4,0.06771697,0.0,-1.0
ODR4,0.19898014,0.0,0.0
OFCC1,0.21452333,0.0,0.0
OFD1,0.4940113,0.0,-1.0
OGA,0.54277444,1.0,0.0
OGDH,0.3684787,0.0,-1.0
OGDHL,0.15759659,0.0,0.0
OGFOD1,0.2112933,0.0,0.0
OGFOD2,0.1963539,0.0,0.0
OGFOD3,0.14397627,0.0,0.0
OGFR,0.24439326,0.0,0.0
OGFRL1,0.29410717,0.0,0.0
OGG1,0.46567902,0.0,-1.0
OGN,0.52038395,1.0,0.0
OGT,0.5503618,1.0,0.0
OIP5,0.38751984,0.0,0.0
OIT3,0.124574855,0.0,0.0
OLA1,0.30678156,0.0,0.0
OLAH,0.103887975,0.0,0.0
OLFM1,0.2570718,0.0,-1.0
OLFM2,0.1646868,0.0,0.0
OLFM3,0.067731634,0.0,-1.0
OLFM4,0.19275437,0.0,-1.0
OLFML1,0.31548706,0.0,0.0
OLFML2A,0.33251077,0.0,0.0
OLFML2B,0.4376898,0.0,0.0
OLFML3,0.40685913,0.0,0.0
OLIG1,0.3861792,0.0,-1.0
OLIG2,0.4388744,0.0,1.0
OLIG3,0.23327176,0.0,-1.0
OLMALINC,0.2375424,0.0,0.0
OLR1,0.47161055,0.0,-1.0
OMA1,0.5600993,1.0,-1.0
OMD,0.4972496,0.0,-1.0
OMG,0.44158188,0.0,0.0
OMP,0.43600744,0.0,0.0
ONECUT1,0.48479864,0.0,0.0
ONECUT2,0.26562765,0.0,-1.0
ONECUT3,0.22592814,0.0,0.0
OOEP,0.07837874,0.0,0.0
OOSP2,0.08875895,0.0,-1.0
OPA1,0.49455875,0.0,-1.0
OPA3,0.20932588,0.0,-1.0
OPALIN,0.18263233,0.0,-1.0
OPCML,0.26039585,0.0,-1.0
OPHN1,0.32375583,0.0,-1.0
OPLAH,0.18437469,0.0,0.0
OPN1LW,0.39636055,0.0,-1.0
OPN1MW,0.18927605,0.0,-1.0
OPN1MW2,0.15728702,0.0,-1.0
OPN1MW3,0.2264985,0.0,0.0
OPN1SW,0.34315822,0.0,-1.0
OPN3,0.41241628,0.0,0.0
OPN4,0.24769704,0.0,0.0
OPN5,0.08785298,0.0,0.0
OPRD1,0.34688443,0.0,-1.0
OPRK1,0.3159695,0.0,-1.0
OPRL1,0.42160428,0.0,0.0
OPRM1,0.40410691,0.0,0.0
OPRPN,0.22891727,0.0,0.0
OPTC,0.36342537,0.0,0.0
OPTN,0.4314526,0.0,-1.0
OR10A2,0.035061087,0.0,0.0
OR10A3,0.052463047,0.0,0.0
OR10A4,0.11150997,0.0,0.0
OR10A5,0.051461473,0.0,0.0
OR10A6,0.02029539,0.0,0.0
OR10A7,0.093175344,0.0,-1.0
OR10AD1,0.14444122,0.0,0.0
OR10AG1,0.0047509163,0.0,0.0
OR10C1,0.08225933,0.0,0.0
OR10D3,0.07790403,0.0,0.0
OR10G2,0.03822039,0.0,0.0
OR10G3,0.03619616,0.0,0.0
OR10G4,0.02022561,0.0,0.0
OR10G6,0.021338833,0.0,0.0
OR10G7,0.017258678,0.0,-1.0
OR10G8,0.009434743,0.0,0.0
OR10G9,0.033571076,0.0,0.0
OR10H1,0.13438155,0.0,0.0
OR10H2,0.11864645,0.0,-1.0
OR10H3,0.12766741,0.0,0.0
OR10H4,0.0021803728,0.0,0.0
OR10H5,0.034105513,0.0,0.0
OR10J1,0.08479,0.0,0.0
OR10J3,0.054251026,0.0,0.0
OR10J5,0.046468258,0.0,0.0
OR10K1,0.029402861,0.0,0.0
OR10K2,0.026067246,0.0,0.0
OR10P1,0.049901567,0.0,0.0
OR10Q1,0.028543254,0.0,0.0
OR10R2,0.035547372,0.0,-1.0
OR10S1,0.03462836,0.0,0.0
OR10T2,0.0007098666,0.0,0.0
OR10V1,0.04403073,0.0,0.0
OR10W1,0.029459143,0.0,0.0
OR10X1,0.006662575,0.0,0.0
OR10Z1,0.085570015,0.0,0.0
OR11A1,0.11728554,0.0,0.0
OR11G2,0.028466342,0.0,0.0
OR11H1,0.031585146,0.0,0.0
OR11H12,0.082705066,0.0,0.0
OR11H2,0.021338833,0.0,0.0
OR11H4,0.04195673,0.0,0.0
OR11H6,0.026928347,0.0,0.0
OR11H7,0.013783069,0.0,0.0
OR11L1,0.025138471,0.0,0.0
OR12D2,0.18670893,0.0,0.0
OR12D3,0.12805673,0.0,0.0
OR13A1,0.036407053,0.0,0.0
OR13C2,0.037847824,0.0,0.0
OR13C3,0.04855506,0.0,0.0
OR13C4,0.009883793,0.0,-1.0
OR13C5,0.033326775,0.0,0.0
OR13C8,0.041650828,0.0,0.0
OR13C9,0.03587982,0.0,0.0
OR13D1,0.052209668,0.0,0.0
OR13F1,0.03052674,0.0,0.0
OR13G1,0.047010552,0.0,0.0
OR13H1,0.05221156,0.0,0.0
OR13J1,0.031111753,0.0,0.0
OR14A16,0.025531214,0.0,0.0
OR14A2,0.044341642,0.0,0.0
OR14C36,0.04533446,0.0,0.0
OR14I1,0.03079332,0.0,0.0
OR14J1,0.054568935,0.0,0.0
OR14K1,0.036948834,0.0,0.0
OR1A1,0.10858112,0.0,0.0
OR1A2,0.08701387,0.0,0.0
OR1B1,0.0125048645,0.0,0.0
OR1C1,0.032876883,0.0,0.0
OR1D2,0.14942843,0.0,0.0
OR1D5,0.073865764,0.0,0.0
OR1E1,0.09391616,0.0,0.0
OR1E2,0.06551016,0.0,0.0
OR1F1,0.16514666,0.0,0.0
OR1F12P,0.01686451,0.0,0.0
OR1F2P,0.0004604053,0.0,0.0
OR1G1,0.098046236,0.0,0.0
OR1I1,0.03984974,0.0,0.0
OR1J1,0.037776727,0.0,0.0
OR1J2,0.04059775,0.0,-1.0
OR1J4,0.035246775,0.0,0.0
OR1K1,0.044246275,0.0,0.0
OR1L1,0.06701094,0.0,-1.0
OR1L3,0.030234316,0.0,0.0
OR1L4,0.034433972,0.0,0.0
OR1L6,0.03244145,0.0,0.0
OR1L8,0.040873364,0.0,0.0
OR1M1,0.034057785,0.0,-1.0
OR1N1,0.030790783,0.0,0.0
OR1N2,0.033930678,0.0,0.0
OR1Q1,0.039358042,0.0,0.0
OR1S1,0.02218503,0.0,0.0
OR1S2,0.00074402936,0.0,0.0
OR2A1,0.015669223,0.0,0.0
OR2A12,0.05340322,0.0,0.0
OR2A14,0.04656601,0.0,0.0
OR2A2,0.047861964,0.0,-1.0
OR2A25,0.018554153,0.0,0.0
OR2A4,0.018608425,0.0,0.0
OR2A42,0.016417824,0.0,-1.0
OR2A5,0.029887151,0.0,0.0
OR2A7,0.019024141,0.0,0.0
OR2AE1,0.044940647,0.0,0.0
OR2AG1,0.06169154,0.0,0.0
OR2AG2,0.030962763,0.0,0.0
OR2AJ1,0.017319076,0.0,0.0
OR2AK2,0.028746748,0.0,0.0
OR2AP1,0.030800978,0.0,0.0
OR2AT4,0.048105266,0.0,0.0
OR2B11,0.032397732,0.0,0.0
OR2B2,0.14391884,0.0,0.0
OR2B3,0.036719676,0.0,0.0
OR2B6,0.053225234,0.0,0.0
OR2C1,0.14434758,0.0,0.0
OR2C3,0.07030496,0.0,0.0
OR2D2,0.044378612,0.0,-1.0
OR2D3,0.060684975,0.0,0.0
OR2F1,0.117631026,0.0,0.0
OR2F2,0.12708628,0.0,-1.0
OR2G2,0.021040972,0.0,0.0
OR2G3,0.028254446,0.0,0.0
OR2G6,0.03457901,0.0,0.0
OR2H1,0.1354423,0.0,0.0
OR2H2,0.1831654,0.0,0.0
OR2I1P,0.021338833,0.0,0.0
OR2J1,0.04159287,0.0,0.0
OR2J2,0.07659509,0.0,0.0
OR2J3,0.024795646,0.0,0.0
OR2K2,0.025463568,0.0,0.0
OR2L13,0.026881177,0.0,-1.0
OR2L2,0.038160734,0.0,0.0
OR2L3,0.042234402,0.0,0.0
OR2L5,0.040967036,0.0,0.0
OR2L8,0.015469319,0.0,0.0
OR2M2,0.028340632,0.0,0.0
OR2M3,0.03872083,0.0,0.0
OR2M4,0.022973636,0.0,-1.0
OR2M5,0.027444461,0.0,0.0
OR2M7,0.00046307215,0.0,0.0
OR2S2,0.04942361,0.0,0.0
OR2T1,0.026841504,0.0,0.0
OR2T10,0.016305193,0.0,0.0
OR2T11,0.014731451,0.0,0.0
OR2T12,0.03223227,0.0,0.0
OR2T2,0.03155974,0.0,0.0
OR2T27,0.03130664,0.0,0.0
OR2T29,0.044013064,0.0,0.0
OR2T3,0.020305349,0.0,0.0
OR2T33,0.028706815,0.0,0.0
OR2T34,0.015170551,0.0,0.0
OR2T35,0.04333214,0.0,-1.0
OR2T4,0.034356236,0.0,0.0
OR2T5,0.038930345,0.0,0.0
OR2T6,0.09765774,0.0,0.0
OR2T7,0.01624601,0.0,0.0
OR2T8,0.024304507,0.0,0.0
OR2V1,0.02113076,0.0,0.0
OR2V2,0.027087485,0.0,0.0
OR2W1,0.12541837,0.0,0.0
OR2W3,0.021194682,0.0,-1.0
OR2W5P,0.015997853,0.0,0.0
OR2Y1,0.045553483,0.0,0.0
OR2Z1,0.043854456,0.0,0.0
OR3A1,0.15782046,0.0,0.0
OR3A2,0.18828122,0.0,0.0
OR3A3,0.17207924,0.0,0.0
OR3A4P,0.010849073,0.0,0.0
OR4A15,0.00054787763,0.0,0.0
OR4A16,0.040349215,0.0,0.0
OR4A47,0.02319473,0.0,0.0
OR4A4P,0.021338833,0.0,0.0
OR4A5,0.0023635444,0.0,0.0
OR4A8,0.021338833,0.0,0.0
OR4B1,0.036573518,0.0,0.0
OR4C11,0.0065301172,0.0,0.0
OR4C12,0.03204802,0.0,0.0
OR4C13,0.039761484,0.0,0.0
OR4C15,0.0123316925,0.0,-1.0
OR4C16,0.0072040088,0.0,0.0
OR4C3,0.035862505,0.0,0.0
OR4C45,0.021338833,0.0,0.0
OR4C46,0.04114102,0.0,0.0
OR4C5,0.011989308,0.0,-1.0
OR4C6,0.032109525,0.0,0.0
OR4D1,0.036854245,0.0,0.0
OR4D10,0.03314823,0.0,0.0
OR4D11,0.055067018,0.0,0.0
OR4D2,0.04939694,0.0,0.0
OR4D5,0.026060643,0.0,0.0
OR4D6,0.046057675,0.0,0.0
OR4D9,0.05245465,0.0,0.0
OR4E1,0.021338833,0.0,0.0
OR4E2,0.05105692,0.0,0.0
OR4F15,0.035285987,0.0,0.0
OR4F16,0.019512728,0.0,0.0
OR4F17,0.035772026,0.0,0.0
OR4F21,0.012134212,0.0,0.0
OR4F29,0.019488435,0.0,0.0
OR4F3,0.010765163,0.0,0.0
OR4F4,0.030888097,0.0,0.0
OR4F5,0.03141749,0.0,0.0
OR4F6,0.020694,0.0,0.0
OR4K1,0.014016313,0.0,0.0
OR4K13,0.029293574,0.0,0.0
OR4K14,0.035500124,0.0,-1.0
OR4K15,0.012715313,0.0,0.0
OR4K17,0.03804633,0.0,-1.0
OR4K2,0.013928539,0.0,0.0
OR4K3,0.021338833,0.0,0.0
OR4K5,0.0063446728,0.0,0.0
OR4L1,0.03466548,0.0,-1.0
OR4M1,0.019138962,0.0,0.0
OR4M2,0.013714501,0.0,0.0
OR4N2,0.04850542,0.0,0.0
OR4N4,0.029034123,0.0,0.0
OR4N5,0.046201482,0.0,0.0
OR4P4,0.03265341,0.0,0.0
OR4Q2,0.014236899,0.0,0.0
OR4Q3,0.03334758,0.0,0.0
OR4S1,0.021262897,0.0,0.0
OR4S2,0.0036269084,0.0,0.0
OR4X1,0.012850584,0.0,0.0
OR4X2,0.027432797,0.0,0.0
OR51A2,0.004758661,0.0,0.0
OR51A4,0.0005982638,0.0,0.0
OR51A7,0.042765085,0.0,0.0
OR51B2,0.013331638,0.0,0.0
OR51B4,0.051039413,0.0,0.0
OR51B5,0.048777867,0.0,0.0
OR51B6,0.04907097,0.0,0.0
OR51D1,0.028844032,0.0,0.0
OR51E1,0.03778113,0.0,0.0
OR51E2,0.1005543,0.0,0.0
OR51F1,0.006246854,0.0,0.0
OR51F2,0.03757996,0.0,-1.0
OR51G1,0.00744948,0.0,0.0
OR51G2,0.00976677,0.0,0.0
OR51H1,0.018349472,0.0,0.0
OR51I1,0.056589644,0.0,0.0
OR51I2,0.04392326,0.0,-1.0
OR51J1,0.04036433,0.0,0.0
OR51L1,0.017599624,0.0,0.0
OR51M1,0.047741834,0.0,0.0
OR51Q1,0.023236394,0.0,0.0
OR51S1,0.0427325,0.0,0.0
OR51T1,0.0008916117,0.0,0.0
OR51V1,0.022788519,0.0,0.0
OR52A1,0.16739693,0.0,0.0
OR52A5,0.0021456154,0.0,0.0
OR52B2,0.028290916,0.0,0.0
OR52B4,6.7387264e-05,0.0,0.0
OR52B6,0.02409261,0.0,0.0
OR52D1,0.04302436,0.0,0.0
OR52E2,0.012896894,0.0,0.0
OR52E4,0.04410841,0.0,0.0
OR52E5,0.021338833,0.0,0.0
OR52E6,0.026961759,0.0,0.0
OR52E8,0.017987818,0.0,-1.0
OR52H1,0.024980402,0.0,0.0
OR52I1,0.03325741,0.0,0.0
OR52I2,0.04678792,0.0,-1.0
OR52J3,0.05091054,0.0,0.0
OR52K1,0.02401928,0.0,0.0
OR52K2,0.10085585,0.0,0.0
OR52L1,0.028298927,0.0,0.0
OR52M1,0.02836526,0.0,0.0
OR52N1,0.048877638,0.0,-1.0
OR52N2,0.045736726,0.0,0.0
OR52N4,0.035063457,0.0,0.0
OR52N5,0.046752814,0.0,0.0
OR52R1,0.008950755,0.0,0.0
OR52W1,0.05438431,0.0,0.0
OR56A1,0.022864845,0.0,0.0
OR56A3,0.03338612,0.0,0.0
OR56A4,0.015099098,0.0,0.0
OR56A5,0.021290168,0.0,0.0
OR56B1,0.06483921,0.0,0.0
OR56B4,0.03730668,0.0,0.0
OR5A1,0.036921147,0.0,0.0
OR5A2,0.014847265,0.0,0.0
OR5AC2,0.023780666,0.0,0.0
OR5AK2,0.046463884,0.0,0.0
OR5AN1,0.0027431247,0.0,0.0
OR5AP2,0.039923456,0.0,0.0
OR5AR1,0.024945438,0.0,0.0
OR5AS1,0.04211875,0.0,0.0
OR5AU1,0.036460306,0.0,0.0
OR5B12,0.030034596,0.0,0.0
OR5B17,0.008622047,0.0,-1.0
OR5B2,0.04428212,0.0,0.0
OR5B21,0.027613213,0.0,0.0
OR5B3,0.0016455561,0.0,0.0
OR5C1,0.043425888,0.0,0.0
OR5D13,0.013265208,0.0,0.0
OR5D14,0.04241537,0.0,0.0
OR5D16,0.03238096,0.0,0.0
OR5D18,0.046552174,0.0,0.0
OR5F1,0.059403267,0.0,0.0
OR5H1,0.0006050887,0.0,0.0
OR5H14,0.037325297,0.0,0.0
OR5H15,0.04327507,0.0,0.0
OR5H2,0.042026274,0.0,0.0
OR5H6,0.07563975,0.0,0.0
OR5I1,0.14053328,0.0,0.0
OR5J2,0.05776685,0.0,0.0
OR5K1,0.038096983,0.0,0.0
OR5K2,0.027742699,0.0,0.0
OR5K3,0.045652647,0.0,0.0
OR5K4,0.05303218,0.0,0.0
OR5L1,0.02440879,0.0,0.0
OR5L2,0.04185755,0.0,0.0
OR5M1,0.0063356035,0.0,0.0
OR5M10,0.0389645,0.0,0.0
OR5M11,0.03314918,0.0,0.0
OR5M3,0.04905613,0.0,0.0
OR5M8,0.0011813185,0.0,0.0
OR5M9,0.034179717,0.0,0.0
OR5P2,0.05404092,0.0,0.0
OR5P3,0.028157659,0.0,0.0
OR5T1,0.010568889,0.0,0.0
OR5T2,0.042125568,0.0,0.0
OR5T3,0.009911002,0.0,0.0
OR5V1,0.09000947,0.0,0.0
OR5W2,0.009664861,0.0,0.0
OR6A2,0.11721256,0.0,-1.0
OR6B1,0.034051046,0.0,0.0
OR6B2,0.017195774,0.0,0.0
OR6B3,0.023279421,0.0,0.0
OR6C1,0.016898071,0.0,0.0
OR6C2,0.035503767,0.0,0.0
OR6C3,0.024441592,0.0,0.0
OR6C4,0.027207639,0.0,0.0
OR6C6,0.030275887,0.0,0.0
OR6C65,0.00078637677,0.0,0.0
OR6C68,0.027730625,0.0,0.0
OR6C70,0.029889017,0.0,0.0
OR6C74,0.0026430113,0.0,0.0
OR6C75,0.0450353,0.0,0.0
OR6C76,0.08322627,0.0,0.0
OR6F1,0.029468158,0.0,0.0
OR6J1,0.02950022,0.0,0.0
OR6K2,0.0011118922,0.0,0.0
OR6K3,0.038260322,0.0,0.0
OR6K6,0.032448944,0.0,0.0
OR6M1,0.023572778,0.0,0.0
OR6N1,0.05171424,0.0,0.0
OR6N2,0.050858445,0.0,0.0
OR6P1,0.029718556,0.0,0.0
OR6Q1,0.0010144874,0.0,0.0
OR6S1,0.023857951,0.0,0.0
OR6T1,0.04496364,0.0,0.0
OR6V1,0.048795704,0.0,0.0
OR6X1,0.058640976,0.0,0.0
OR6Y1,0.027713723,0.0,0.0
OR7A10,0.05474933,0.0,0.0
OR7A17,0.1046514,0.0,0.0
OR7A5,0.15079445,0.0,0.0
OR7C1,0.02950991,0.0,0.0
OR7C2,0.11497475,0.0,0.0
OR7D2,0.039644647,0.0,0.0
OR7D4,0.0350189,0.0,0.0
OR7E24,0.107262515,0.0,0.0
OR7E91P,0.024176756,0.0,0.0
OR7G1,0.002858583,0.0,0.0
OR7G2,0.049045704,0.0,0.0
OR7G3,0.021188945,0.0,-1.0
OR8A1,0.03411631,0.0,0.0
OR8B12,0.026781153,0.0,0.0
OR8B2,0.029697869,0.0,0.0
OR8B3,0.045455553,0.0,0.0
OR8B4,0.007910329,0.0,0.0
OR8B8,0.037799075,0.0,0.0
OR8D1,0.064699106,0.0,0.0
OR8D2,0.18767346,0.0,0.0
OR8D4,0.0148659125,0.0,0.0
OR8G1,0.023131829,0.0,0.0
OR8G2P,0.023204267,0.0,0.0
OR8G5,0.025220565,0.0,0.0
OR8H1,0.029501515,0.0,0.0
OR8H2,0.007578364,0.0,0.0
OR8H3,0.00047319103,0.0,0.0
OR8I2,0.053298198,0.0,0.0
OR8J1,0.017944206,0.0,0.0
OR8J3,0.031753987,0.0,0.0
OR8K1,0.012634708,0.0,-1.0
OR8K3,0.028295308,0.0,0.0
OR8K5,0.035884343,0.0,-1.0
OR8S1,0.026450083,0.0,0.0
OR8U1,0.05178849,0.0,0.0
OR8U3,0.016476149,0.0,0.0
OR8U8,0.021338833,0.0,0.0
OR8U9,0.0007344626,0.0,0.0
OR9A2,0.029646562,0.0,0.0
OR9A4,0.030707542,0.0,0.0
OR9G1,0.0022114147,0.0,-1.0
OR9G4,0.0023205415,0.0,0.0
OR9I1,0.033680763,0.0,0.0
OR9K2,0.03343366,0.0,-1.0
OR9Q1,0.03205897,0.0,0.0
OR9Q2,0.051268395,0.0,0.0
ORAI1,0.2645229,0.0,0.0
ORAI2,0.23595569,0.0,-1.0
ORAI3,0.23979466,0.0,-1.0
ORC1,0.4260576,0.0,-1.0
ORC2,0.44050243,0.0,0.0
ORC3,0.37428656,0.0,0.0
ORC4,0.39617738,0.0,0.0
ORC5,0.35037088,0.0,0.0
ORC6,0.40158105,0.0,0.0
ORM1,0.24123922,0.0,0.0
ORM2,0.21438767,0.0,0.0
ORMDL1,0.16980882,0.0,0.0
ORMDL2,0.14996044,0.0,0.0
ORMDL3,0.2548957,0.0,-1.0
OS9,0.3564487,0.0,-1.0
OSBP,0.3308796,0.0,0.0
OSBP2,0.23875462,0.0,-1.0
OSBPL10,0.19331558,0.0,0.0
OSBPL11,0.38109168,0.0,0.0
OSBPL1A,0.2602678,0.0,0.0
OSBPL2,0.29728705,0.0,0.0
OSBPL3,0.314422,0.0,-1.0
OSBPL5,0.24083835,0.0,0.0
OSBPL6,0.2810497,0.0,0.0
OSBPL7,0.20482525,0.0,0.0
OSBPL8,0.39164895,0.0,-1.0
OSBPL9,0.22828239,0.0,0.0
OSCAR,0.26416743,0.0,0.0
OSCP1,0.13654584,0.0,0.0
OSER1,0.17789899,0.0,0.0
OSGEP,0.25419813,0.0,0.0
OSGEPL1,0.1972648,0.0,0.0
OSGIN1,0.23238868,0.0,-1.0
OSGIN2,0.20496781,0.0,-1.0
OSM,0.53629273,1.0,0.0
OSMR,0.45838585,0.0,-1.0
OSR1,0.29394653,0.0,0.0
OSR2,0.34536976,0.0,-1.0
OST4,0.17908508,0.0,0.0
OSTC,0.2694056,0.0,0.0
OSTCP1,0.00018428803,0.0,0.0
OSTF1,0.3503856,0.0,0.0
OSTM1,0.24591595,0.0,-1.0
OSTN,0.23932222,0.0,0.0
OTC,0.34168458,0.0,-1.0
OTOA,0.10464001,0.0,0.0
OTOF,0.26184124,0.0,-1.0
OTOG,0.18444331,0.0,0.0
OTOGL,0.22331692,0.0,-1.0
OTOL1,0.11279367,0.0,0.0
OTOP1,0.119458914,0.0,-1.0
OTOP2,0.09039786,0.0,0.0
OTOP3,0.15435557,0.0,0.0
OTOR,0.3455156,0.0,0.0
OTOS,0.27726322,0.0,0.0
OTP,0.37289703,0.0,0.0
OTUB1,0.29292455,0.0,0.0
OTUB2,0.19848672,0.0,0.0
OTUD1,0.13262717,0.0,0.0
OTUD3,0.14437455,0.0,-1.0
OTUD4,0.33138466,0.0,0.0
OTUD4P1,3.9137187e-05,0.0,0.0
OTUD5,0.23526023,0.0,-1.0
OTUD6A,0.17158535,0.0,0.0
OTUD6B,0.21146469,0.0,0.0
OTUD7A,0.09374819,0.0,-1.0
OTUD7B,0.2747962,0.0,0.0
OTULIN,0.34104267,0.0,0.0
OTULINL,0.20261072,0.0,0.0
OTX1,0.15426855,0.0,0.0
OTX2,0.48446453,0.0,-1.0
OTX2-AS1,0.017035414,0.0,0.0
OVCA2,0.27187958,0.0,0.0
OVCH1,0.1822041,0.0,-1.0
OVGP1,0.29526252,0.0,0.0
OVOL1,0.23657352,0.0,0.0
OVOL2,0.26797137,0.0,0.0
OVOL3,1.2110941e-05,0.0,0.0
OXA1L,0.29330245,0.0,-1.0
OXCT1,0.25901866,0.0,0.0
OXCT2,0.17517175,0.0,-1.0
OXER1,0.20189852,0.0,0.0
OXGR1,0.19547786,0.0,0.0
OXLD1,0.11374662,0.0,0.0
OXNAD1,0.33334038,0.0,-1.0
OXR1,0.29620746,0.0,0.0
OXSM,0.19490558,0.0,0.0
OXSR1,0.33018035,0.0,0.0
OXT,0.49197045,0.0,0.0
OXTR,0.47143236,0.0,0.0
P2RX1,0.33403802,0.0,0.0
P2RX2,0.27875948,0.0,0.0
P2RX3,0.2622668,0.0,0.0
P2RX4,0.32021806,0.0,0.0
P2RX5,0.2639286,0.0,0.0
P2RX5-TAX1BP3,0.18401003,0.0,0.0
P2RX6,0.30409774,0.0,0.0
P2RX6P,0.017262723,0.0,0.0
P2RX7,0.24595013,0.0,-1.0
P2RY1,0.33967024,0.0,0.0
P2RY10,0.24617457,0.0,0.0
P2RY11,0.26112935,0.0,0.0
P2RY12,0.3362699,0.0,0.0
P2RY13,0.28655177,0.0,0.0
P2RY14,0.29070374,0.0,-1.0
P2RY2,0.36907396,0.0,0.0
P2RY4,0.25514382,0.0,0.0
P2RY6,0.33139944,0.0,0.0
P2RY8,0.2834204,0.0,1.0
P3H1,0.4072401,0.0,-1.0
P3H2,0.33994105,0.0,0.0
P3H3,0.19512957,0.0,0.0
P3H4,0.18898317,0.0,0.0
P4HA1,0.41099247,0.0,0.0
P4HA2,0.38634706,0.0,0.0
P4HA3,0.252322,0.0,0.0
P4HB,0.55891013,1.0,0.0
P4HTM,0.35002348,0.0,-1.0
PA2G4,0.34157017,0.0,-1.0
PA2G4P4,0.018127173,0.0,0.0
PAAF1,0.2635468,0.0,-1.0
PABIR1,0.21699034,0.0,0.0
PABIR2,0.27385825,0.0,0.0
PABIR3,0.21562535,0.0,0.0
PABPC1,0.4423417,0.0,1.0
PABPC1L,0.2822666,0.0,-1.0
PABPC1L2A,0.23777792,0.0,0.0
PABPC1L2B,0.23679537,0.0,0.0
PABPC1P1,0.026317975,0.0,0.0
PABPC3,0.18279405,0.0,0.0
PABPC4,0.3464672,0.0,-1.0
PABPC4L,0.17496921,0.0,-1.0
PABPC5,0.26051128,0.0,0.0
PABPN1,0.38339978,0.0,-1.0
PABPN1L,0.15394838,0.0,0.0
PACC1,0.23248096,0.0,0.0
PACRG,0.23605359,0.0,0.0
PACRGL,0.15450518,0.0,0.0
PACS1,0.2917667,0.0,0.0
PACS2,0.19563699,0.0,-1.0
PACSIN1,0.33604562,0.0,-1.0
PACSIN2,0.3825522,0.0,-1.0
PACSIN3,0.3464195,0.0,0.0
PADI1,0.2388906,0.0,0.0
PADI2,0.2680804,0.0,-1.0
PADI3,0.17855671,0.0,0.0
PADI4,0.2790482,0.0,-1.0
PADI6,0.15900715,0.0,0.0
PAEP,0.42154944,0.0,-1.0
PAF1,0.28298736,0.0,-1.0
PAFAH1B1,0.4674863,0.0,-1.0
PAFAH1B2,0.20177664,0.0,1.0
PAFAH1B3,0.25007272,0.0,0.0
PAFAH2,0.13875394,0.0,0.0
PAG1,0.3945292,0.0,-1.0
PAGE1,0.13578683,0.0,0.0
PAGE2,0.16453028,0.0,0.0
PAGE2B,0.13995251,0.0,0.0
PAGE3,0.11085122,0.0,0.0
PAGE4,0.23901859,0.0,0.0
PAGE5,0.19267163,0.0,0.0
PAGR1,0.41026145,0.0,0.0
PAH,0.30749425,0.0,-1.0
PAICS,0.42669344,0.0,-1.0
PAIP1,0.22954929,0.0,-1.0
PAIP2,0.31141916,0.0,0.0
PAIP2B,0.15589443,0.0,0.0
PAK1,0.52307814,1.0,1.0
PAK1IP1,0.18596494,0.0,0.0
PAK2,0.52423304,1.0,-1.0
PAK3,0.43257397,0.0,-1.0
PAK4,0.58411837,1.0,-1.0
PAK5,0.3853892,0.0,1.0
PAK6,0.42925644,0.0,-1.0
PALB2,0.37965658,0.0,1.0
PALD1,0.28262627,0.0,0.0
PALLD,0.49160188,0.0,-1.0
PALM,0.35527116,0.0,0.0
PALM2,0.11389121,0.0,0.0
PALM2AKAP2,0.21067122,0.0,0.0
PALM3,0.11668462,0.0,0.0
PALMD,0.29578677,0.0,0.0
PALS1,0.39637634,0.0,-1.0
PALS2,0.35332012,0.0,0.0
PAM,0.42631918,0.0,0.0
PAM16,0.13102229,0.0,0.0
PAMR1,0.34025258,0.0,0.0
PAN2,0.33680916,0.0,0.0
PAN3,0.26135862,0.0,-1.0
PANK1,0.23877345,0.0,0.0
PANK2,0.30302545,0.0,-1.0
PANK3,0.20166336,0.0,0.0
PANK4,0.21563393,0.0,0.0
PANX1,0.31179032,0.0,0.0
PANX2,0.20484363,0.0,0.0
PANX3,0.15256491,0.0,0.0
PAOX,0.22378977,0.0,0.0
PAPLN,0.28856865,0.0,-1.0
PAPOLA,0.40016115,0.0,0.0
PAPOLB,0.137113,0.0,-1.0
PAPOLG,0.35029635,0.0,0.0
PAPPA,0.4291608,0.0,0.0
PAPPA2,0.24377055,0.0,-1.0
PAPSS1,0.31419176,0.0,0.0
PAPSS2,0.26174492,0.0,0.0
PAQR3,0.16910817,0.0,0.0
PAQR4,0.15673196,0.0,0.0
PAQR5,0.12332729,0.0,0.0
PAQR6,0.11964416,0.0,0.0
PAQR7,0.21797666,0.0,0.0
PAQR8,0.14919096,0.0,0.0
PAQR9,0.16138807,0.0,0.0
PARD3,0.46286923,0.0,-1.0
PARD3B,0.29464173,0.0,-1.0
PARD6A,0.46010306,0.0,0.0
PARD6B,0.3108949,0.0,-1.0
PARD6G,0.22902957,0.0,0.0
PARG,0.35591882,0.0,0.0
PARK7,0.37927625,0.0,-1.0
PARL,0.32437846,0.0,0.0
PARM1,0.19548875,0.0,0.0
PARN,0.2711637,0.0,0.0
PARP1,0.65278757,1.0,1.0
PARP10,0.24900472,0.0,0.0
PARP11,0.21443865,0.0,0.0
PARP12,0.27124855,0.0,0.0
PARP14,0.23199748,0.0,0.0
PARP15,0.2271739,0.0,0.0
PARP16,0.19362064,0.0,0.0
PARP2,0.44792652,0.0,-1.0
PARP3,0.27683097,0.0,-1.0
PARP4,0.39609176,0.0,-1.0
PARP6,0.19582926,0.0,0.0
PARP8,0.4072656,0.0,0.0
PARP9,0.26265794,0.0,0.0
PARPBP,0.33656508,0.0,0.0
PARS2,0.2429403,0.0,0.0
PART1,0.029099459,0.0,0.0
PARVA,0.4343688,0.0,0.0
PARVB,0.31275275,0.0,-1.0
PARVG,0.24797994,0.0,-1.0
PASD1,0.1699753,0.0,-1.0
PASK,0.44351387,0.0,-1.0
PATE1,0.34839076,0.0,0.0
PATE3,4.9356753e-05,0.0,0.0
PATJ,0.3796823,0.0,-1.0
PATL1,0.29244566,0.0,0.0
PATL2,0.23265389,0.0,0.0
PATZ1,0.33065742,0.0,1.0
PAWR,0.35776514,0.0,-1.0
PAX1,0.40625367,0.0,0.0
PAX2,0.5484953,1.0,-1.0
PAX3,0.5485138,1.0,1.0
PAX4,0.4343284,0.0,-1.0
PAX5,0.5845002,1.0,1.0
PAX6,0.5792808,1.0,-1.0
PAX7,0.5050826,1.0,1.0
PAX8,0.4434631,0.0,1.0
PAX9,0.44165465,0.0,-1.0
PAXBP1,0.27169746,0.0,0.0
PAXIP1,0.42764646,0.0,0.0
PAXX,0.23754883,0.0,0.0
PBDC1,0.16516991,0.0,0.0
PBK,0.5404563,1.0,0.0
PBLD,0.17987235,0.0,0.0
PBOV1,0.1798772,0.0,0.0
PBRM1,0.44164038,0.0,1.0
PBX1,0.5205268,1.0,1.0
PBX2,0.42778233,0.0,-1.0
PBX3,0.44960135,0.0,-1.0
PBX4,0.2507628,0.0,0.0
PBXIP1,0.25963268,0.0,0.0
PC,0.33677572,0.0,-1.0
PCARE,0.19132817,0.0,-1.0
PCBD1,0.20668218,0.0,-1.0
PCBD2,0.16978306,0.0,0.0
PCBP1,0.42360738,0.0,1.0
PCBP2,0.36399746,0.0,-1.0
PCBP3,0.39081675,0.0,-1.0
PCBP4,0.2726047,0.0,0.0
PCCA,0.23783527,0.0,-1.0
PCCB,0.26412717,0.0,-1.0
PCDH1,0.34385508,0.0,0.0
PCDH10,0.308133,0.0,-1.0
PCDH11X,0.4337064,0.0,-1.0
PCDH11Y,0.3088854,0.0,0.0
PCDH12,0.3408935,0.0,0.0
PCDH15,0.30960342,0.0,-1.0
PCDH17,0.32999212,0.0,-1.0
PCDH18,0.36708727,0.0,-1.0
PCDH19,0.31566444,0.0,0.0
PCDH20,0.116607405,0.0,0.0
PCDH7,0.40041864,0.0,0.0
PCDH8,0.39636928,0.0,0.0
PCDH9,0.3531539,0.0,-1.0
PCDHA1,0.29119042,0.0,0.0
PCDHA10,0.31807408,0.0,-1.0
PCDHA11,0.31983772,0.0,-1.0
PCDHA12,0.31674242,0.0,0.0
PCDHA13,0.29791778,0.0,-1.0
PCDHA2,0.30870458,0.0,0.0
PCDHA3,0.31397364,0.0,0.0
PCDHA4,0.30853555,0.0,0.0
PCDHA5,0.28961307,0.0,0.0
PCDHA6,0.31926703,0.0,0.0
PCDHA7,0.32940635,0.0,0.0
PCDHA8,0.3189344,0.0,0.0
PCDHA9,0.17263678,0.0,0.0
PCDHAC1,0.2146183,0.0,0.0
PCDHAC2,0.30721578,0.0,-1.0
PCDHB1,0.23994449,0.0,-1.0
PCDHB10,0.29652315,0.0,0.0
PCDHB11,0.22774795,0.0,0.0
PCDHB12,0.29440913,0.0,0.0
PCDHB13,0.28459218,0.0,0.0
PCDHB14,0.29506707,0.0,0.0
PCDHB15,0.28270742,0.0,-1.0
PCDHB16,0.2440449,0.0,0.0
PCDHB2,0.31256235,0.0,0.0
PCDHB3,0.28713238,0.0,0.0
PCDHB4,0.24803086,0.0,0.0
PCDHB5,0.3063403,0.0,0.0
PCDHB6,0.3103796,0.0,-1.0
PCDHB7,0.28550428,0.0,-1.0
PCDHB8,0.29415122,0.0,-1.0
PCDHGA1,0.30381572,0.0,0.0
PCDHGA10,0.25292313,0.0,0.0
PCDHGA11,0.3287559,0.0,0.0
PCDHGA12,0.3024051,0.0,0.0
PCDHGA2,0.29256,0.0,0.0
PCDHGA3,0.3124285,0.0,0.0
PCDHGA4,0.2906017,0.0,0.0
PCDHGA5,0.23353466,0.0,0.0
PCDHGA6,0.32782477,0.0,0.0
PCDHGA7,0.2403453,0.0,0.0
PCDHGA8,0.30754927,0.0,-1.0
PCDHGA9,0.23694761,0.0,0.0
PCDHGB1,0.20873806,0.0,-1.0
PCDHGB2,0.24138239,0.0,0.0
PCDHGB3,0.31224513,0.0,0.0
PCDHGB4,0.20394449,0.0,0.0
PCDHGB5,0.004801586,0.0,0.0
PCDHGB6,0.26682466,0.0,0.0
PCDHGB7,0.35286394,0.0,0.0
PCDHGC3,0.33267328,0.0,0.0
PCDHGC4,0.30904302,0.0,0.0
PCDHGC5,0.34237596,0.0,-1.0
PCED1A,0.16887182,0.0,0.0
PCED1B,0.21091373,0.0,-1.0
PCF11,0.3783363,0.0,-1.0
PCGF1,0.30531436,0.0,0.0
PCGF2,0.28057426,0.0,0.0
PCGF3,0.30131716,0.0,0.0
PCGF5,0.2960221,0.0,0.0
PCGF6,0.32331282,0.0,0.0
PCID2,0.27302706,0.0,0.0
PCIF1,0.20343345,0.0,0.0
PCK1,0.31033245,0.0,0.0
PCK2,0.3789028,0.0,0.0
PCLAF,0.57998353,1.0,-1.0
PCLO,0.35789815,0.0,-1.0
PCM1,0.4942539,0.0,1.0
PCMT1,0.33791754,0.0,0.0
PCMTD1,0.36348,0.0,-1.0
PCMTD2,0.35138538,0.0,0.0
PCNA,0.68963677,1.0,-1.0
PCNA-AS1,0.22746639,0.0,0.0
PCNAP1,0.10965402,0.0,0.0
PCNP,0.27902466,0.0,0.0
PCNT,0.5621726,1.0,0.0
PCNX1,0.36862952,0.0,0.0
PCNX2,0.25601053,0.0,0.0
PCNX3,0.18534128,0.0,0.0
PCNX4,0.1748993,0.0,-1.0
PCOLCE,0.48840812,0.0,0.0
PCOLCE2,0.24271947,0.0,0.0
PCOTH,0.19943734,0.0,0.0
PCP2,0.10435416,0.0,0.0
PCP4,0.25962174,0.0,0.0
PCP4L1,0.11045026,0.0,0.0
PCSK1,0.3825283,0.0,-1.0
PCSK1N,0.22086677,0.0,0.0
PCSK2,0.37597942,0.0,0.0
PCSK4,0.24014144,0.0,-1.0
PCSK5,0.43211687,0.0,-1.0
PCSK6,0.2546741,0.0,-1.0
PCSK7,0.40911356,0.0,-1.0
PCSK9,0.39453727,0.0,-1.0
PCTP,0.13010378,0.0,0.0
PCYOX1,0.2203995,0.0,0.0
PCYOX1L,0.26669583,0.0,0.0
PCYT1A,0.35477564,0.0,-1.0
PCYT1B,0.22837313,0.0,-1.0
PCYT2,0.18207288,0.0,0.0
PDAP1,0.2323415,0.0,-1.0
PDC,0.21278983,0.0,0.0
PDCD1,0.42038164,0.0,1.0
PDCD10,0.33047453,0.0,-1.0
PDCD11,0.30498266,0.0,-1.0
PDCD1LG2,0.42317784,0.0,1.0
PDCD2,0.30339608,0.0,-1.0
PDCD2L,0.20155682,0.0,-1.0
PDCD4,0.45734128,0.0,-1.0
PDCD5,0.21100429,0.0,-1.0
PDCD6,0.33020964,0.0,-1.0
PDCD6IP,0.32597548,0.0,0.0
PDCD7,0.21881755,0.0,0.0
PDCL,0.36053613,0.0,0.0
PDCL2,0.09124827,0.0,0.0
PDCL3,0.27144936,0.0,0.0
PDE10A,0.3368888,0.0,0.0
PDE11A,0.26984784,0.0,-1.0
PDE12,0.258538,0.0,0.0
PDE1A,0.264192,0.0,0.0
PDE1B,0.24238475,0.0,0.0
PDE1C,0.27109885,0.0,0.0
PDE2A,0.29068327,0.0,0.0
PDE3A,0.29695523,0.0,0.0
PDE3B,0.37997866,0.0,0.0
PDE4A,0.24494149,0.0,-1.0
PDE4B,0.4066564,0.0,0.0
PDE4C,0.30943027,0.0,0.0
PDE4D,0.31693712,0.0,-1.0
PDE4DIP,0.27851143,0.0,1.0
PDE5A,0.36432746,0.0,0.0
PDE6A,0.27186117,0.0,-1.0
PDE6B,0.40353897,0.0,-1.0
PDE6C,0.25810573,0.0,-1.0
PDE6D,0.19605544,0.0,0.0
PDE6G,0.32461905,0.0,-1.0
PDE6H,0.19703606,0.0,-1.0
PDE7A,0.29246488,0.0,0.0
PDE7B,0.24828327,0.0,-1.0
PDE8A,0.23678432,0.0,0.0
PDE8B,0.30051076,0.0,-1.0
PDE9A,0.2682991,0.0,0.0
PDF,0.30722478,0.0,0.0
PDGFA,0.58794916,1.0,-1.0
PDGFB,0.6430477,1.0,1.0
PDGFC,0.5225634,1.0,-1.0
PDGFD,0.4280914,0.0,-1.0
PDGFRA,0.61833787,1.0,1.0
PDGFRB,0.66006047,1.0,1.0
PDGFRL,0.46172637,0.0,-1.0
PDHA1,0.28392482,0.0,-1.0
PDHA2,0.13942577,0.0,-1.0
PDHB,0.2734327,0.0,-1.0
PDHX,0.3982288,0.0,0.0
PDIA2,0.34624147,0.0,0.0
PDIA3,0.43411717,0.0,0.0
PDIA4,0.37920633,0.0,-1.0
PDIA5,0.3337332,0.0,0.0
PDIA6,0.3942755,0.0,0.0
PDIK1L,0.3007411,0.0,0.0
PDILT,0.30728552,0.0,0.0
PDK1,0.36171746,0.0,-1.0
PDK2,0.380515,0.0,-1.0
PDK3,0.35613889,0.0,0.0
PDK4,0.3807665,0.0,0.0
PDLIM1,0.352245,0.0,0.0
PDLIM2,0.2986173,0.0,0.0
PDLIM3,0.32516614,0.0,0.0
PDLIM4,0.44888353,0.0,0.0
PDLIM5,0.5550747,1.0,-1.0
PDLIM7,0.44436234,0.0,0.0
PDP1,0.36586955,0.0,0.0
PDP2,0.3256925,0.0,-1.0
PDPK1,0.4961346,0.0,-1.0
PDPK2P,0.0012363124,0.0,0.0
PDPN,0.5090164,1.0,0.0
PDPR,0.22666636,0.0,0.0
PDRG1,0.25171486,0.0,0.0
PDS5A,0.48212364,0.0,-1.0
PDS5B,0.42099115,0.0,1.0
PDSS1,0.31661177,0.0,0.0
PDSS2,0.23162068,0.0,-1.0
PDX1,0.4895298,0.0,-1.0
PDXDC1,0.32082453,0.0,-1.0
PDXDC2P,0.077463105,0.0,0.0
PDXK,0.3786315,0.0,-1.0
PDXP,0.48566675,0.0,0.0
PDYN,0.3897626,0.0,-1.0
PDZD11,0.39545166,0.0,0.0
PDZD2,0.28027686,0.0,-1.0
PDZD3,0.16129987,0.0,0.0
PDZD4,0.28832507,0.0,0.0
PDZD7,0.1827153,0.0,-1.0
PDZD8,0.26959178,0.0,0.0
PDZD9,0.08090573,0.0,0.0
PDZK1,0.21256614,0.0,0.0
PDZK1IP1,0.30107495,0.0,-1.0
PDZRN3,0.38800216,0.0,-1.0
PDZRN4,0.28806832,0.0,-1.0
PEA15,0.36893982,0.0,-1.0
PEAK1,0.3547616,0.0,0.0
PEAR1,0.2364255,0.0,-1.0
PEBP1,0.3157888,0.0,-1.0
PEBP4,0.20632267,0.0,0.0
PECAM1,0.4603215,0.0,-1.0
PECR,0.3487075,0.0,0.0
PEDS1,0.17921293,0.0,0.0
PEDS1-UBE2V1,0.18864776,0.0,0.0
PEF1,0.27696753,0.0,0.0
PEG10,0.46129155,0.0,-1.0
PEG3,0.377091,0.0,-1.0
PEG3-AS1,0.017376535,0.0,0.0
PELI1,0.28906733,0.0,0.0
PELI2,0.285833,0.0,0.0
PELI3,0.1937099,0.0,-1.0
PELO,0.35314608,0.0,0.0
PELP1,0.36035368,0.0,0.0
PEMT,0.18088554,0.0,0.0
PENK,0.3557764,0.0,0.0
PEPD,0.34930936,0.0,-1.0
PER1,0.5009843,1.0,1.0
PER2,0.3765886,0.0,-1.0
PER3,0.30670813,0.0,-1.0
PERM1,0.10462496,0.0,-1.0
PERP,0.44271505,0.0,-1.0
PES1,0.4011587,0.0,-1.0
PET100,0.10112416,0.0,0.0
PET117,0.091090135,0.0,0.0
PEX1,0.3864143,0.0,-1.0
PEX10,0.21317223,0.0,-1.0
PEX11A,0.22359556,0.0,0.0
PEX11B,0.21906021,0.0,0.0
PEX11G,0.20034999,0.0,0.0
PEX12,0.19978118,0.0,-1.0
PEX13,0.24660715,0.0,-1.0
PEX14,0.21528882,0.0,-1.0
PEX16,0.16234611,0.0,-1.0
PEX19,0.2564098,0.0,-1.0
PEX2,0.18566181,0.0,-1.0
PEX26,0.16838329,0.0,-1.0
PEX3,0.22545005,0.0,-1.0
PEX5,0.27115837,0.0,-1.0
PEX5L,0.22430852,0.0,0.0
PEX6,0.21365802,0.0,-1.0
PEX7,0.19248673,0.0,-1.0
PF4,0.47804984,0.0,-1.0
PF4V1,0.33914542,0.0,-1.0
PFAS,0.31296754,0.0,-1.0
PFDN1,0.22583763,0.0,0.0
PFDN2,0.29954562,0.0,0.0
PFDN4,0.30943224,0.0,0.0
PFDN5,0.23416439,0.0,0.0
PFDN6,0.2589808,0.0,0.0
PFKFB1,0.24896014,0.0,0.0
PFKFB2,0.2847018,0.0,-1.0
PFKFB3,0.317762,0.0,-1.0
PFKFB4,0.24602765,0.0,-1.0
PFKL,0.32103044,0.0,-1.0
PFKM,0.31160694,0.0,-1.0
PFKP,0.33624908,0.0,-1.0
PFN1,0.39934903,0.0,-1.0
PFN2,0.42239934,0.0,0.0
PFN3,0.16003305,0.0,0.0
PFN4,0.1550144,0.0,0.0
PGA3,0.20960751,0.0,0.0
PGA4,0.21113926,0.0,0.0
PGA5,0.25584885,0.0,0.0
PGAM1,0.3258882,0.0,-1.0
PGAM2,0.2625875,0.0,-1.0
PGAM4,0.22523795,0.0,-1.0
PGAM5,0.354243,0.0,0.0
PGAP1,0.2761499,0.0,0.0
PGAP2,0.1579417,0.0,-1.0
PGAP3,0.116104804,0.0,0.0
PGAP4,0.1775646,0.0,0.0
PGAP6,0.14792453,0.0,0.0
PGBD1,0.16723174,0.0,0.0
PGBD2,0.1735611,0.0,0.0
PGBD3,0.22124591,0.0,0.0
PGBD4,0.10177841,0.0,0.0
PGBD5,0.34393334,0.0,1.0
PGC,0.30100292,0.0,0.0
PGD,0.30789226,0.0,-1.0
PGF,0.5665669,1.0,-1.0
PGGHG,0.1368771,0.0,-1.0
PGGT1B,0.351756,0.0,0.0
PGK1,0.46776223,0.0,-1.0
PGK2,0.18646422,0.0,0.0
PGLS,0.2449326,0.0,0.0
PGLYRP1,0.2639268,0.0,0.0
PGLYRP2,0.19416247,0.0,0.0
PGLYRP3,0.14464867,0.0,0.0
PGLYRP4,0.1927268,0.0,0.0
PGM1,0.31775793,0.0,-1.0
PGM2,0.30364496,0.0,0.0
PGM2L1,0.26806474,0.0,0.0
PGM3,0.32867905,0.0,0.0
PGM5,0.23554364,0.0,0.0
PGP,0.35162714,0.0,0.0
PGPEP1,0.23713155,0.0,0.0
PGR,0.6228657,1.0,1.0
PGRMC1,0.39391956,0.0,0.0
PGRMC2,0.31448397,0.0,0.0
PGS1,0.23043224,0.0,0.0
PHACTR1,0.24164946,0.0,0.0
PHACTR2,0.26171023,0.0,0.0
PHACTR3,0.19026583,0.0,0.0
PHACTR4,0.26946828,0.0,0.0
PHAF1,0.21895064,0.0,0.0
PHAX,0.3242507,0.0,-1.0
PHB1,0.41943747,0.0,-1.0
PHB2,0.56419045,1.0,0.0
PHC1,0.26722395,0.0,0.0
PHC2,0.41076866,0.0,-1.0
PHC3,0.488522,0.0,0.0
PHETA1,0.20506619,0.0,0.0
PHETA2,0.18432961,0.0,0.0
PHEX,0.513317,1.0,-1.0
PHF1,0.37324297,0.0,-1.0
PHF10,0.22146429,0.0,0.0
PHF11,0.37129903,0.0,0.0
PHF12,0.3507985,0.0,0.0
PHF13,0.13719079,0.0,0.0
PHF14,0.36946216,0.0,0.0
PHF19,0.36792427,0.0,0.0
PHF2,0.23026782,0.0,0.0
PHF20,0.35545442,0.0,-1.0
PHF20L1,0.42304194,0.0,0.0
PHF21A,0.4353268,0.0,-1.0
PHF21B,0.14156899,0.0,0.0
PHF23,0.24500473,0.0,-1.0
PHF24,0.25452954,0.0,0.0
PHF3,0.39859357,0.0,-1.0
PHF5A,0.47266158,0.0,-1.0
PHF6,0.31357566,0.0,1.0
PHF7,0.18831809,0.0,0.0
PHF8,0.32918316,0.0,-1.0
PHGDH,0.57096213,1.0,-1.0
PHGR1,0.106221855,0.0,0.0
PHIP,0.46054783,0.0,-1.0
PHKA1,0.25712246,0.0,-1.0
PHKA2,0.31674382,0.0,-1.0
PHKB,0.3275671,0.0,-1.0
PHKG1,0.28258982,0.0,0.0
PHKG2,0.28790414,0.0,-1.0
PHLDA1,0.36612576,0.0,-1.0
PHLDA2,0.41065487,0.0,0.0
PHLDA3,0.2732676,0.0,0.0
PHLDB1,0.31364208,0.0,0.0
PHLDB2,0.41995305,0.0,0.0
PHLDB3,0.2073919,0.0,0.0
PHLPP1,0.49206838,0.0,-1.0
PHLPP2,0.23374543,0.0,-1.0
PHOSPHO1,0.18480897,0.0,0.0
PHOSPHO2,0.11559867,0.0,0.0
PHOX2A,0.33494937,0.0,0.0
PHOX2B,0.37382096,0.0,1.0
PHPT1,0.10646444,0.0,0.0
PHRF1,0.28682715,0.0,0.0
PHTF1,0.1904532,0.0,0.0
PHTF2,0.27248284,0.0,0.0
PHYH,0.22756235,0.0,-1.0
PHYHD1,0.09141875,0.0,-1.0
PHYHIP,0.30389944,0.0,0.0
PHYHIPL,0.1444023,0.0,0.0
PHYKPL,0.19275564,0.0,0.0
PI15,0.25752816,0.0,0.0
PI16,0.20455767,0.0,0.0
PI3,0.62528366,1.0,0.0
PI4K2A,0.35861334,0.0,0.0
PI4K2B,0.24117722,0.0,0.0
PI4KA,0.3475789,0.0,-1.0
PI4KAP1,0.00041940692,0.0,0.0
PI4KAP2,0.00013628096,0.0,0.0
PI4KB,0.28400046,0.0,0.0
PIANP,0.19568768,0.0,0.0
PIAS1,0.5315411,1.0,-1.0
PIAS2,0.33987072,0.0,0.0
PIAS3,0.4114312,0.0,-1.0
PIAS4,0.41367814,0.0,0.0
PIBF1,0.35827437,0.0,0.0
PICALM,0.46618494,0.0,1.0
PICK1,0.43785337,0.0,-1.0
PICSAR,0.016349612,0.0,0.0
PID1,0.23602451,0.0,0.0
PIDD1,0.4208805,0.0,0.0
PIEZO1,0.22143361,0.0,0.0
PIEZO2,0.29183596,0.0,-1.0
PIF1,0.32331315,0.0,0.0
PIFO,0.17861862,0.0,0.0
PIGA,0.33515856,0.0,1.0
PIGB,0.25284958,0.0,0.0
PIGC,0.16189496,0.0,-1.0
PIGF,0.23979856,0.0,0.0
PIGG,0.2356913,0.0,0.0
PIGH,0.12316914,0.0,0.0
PIGK,0.19632384,0.0,0.0
PIGL,0.23917088,0.0,0.0
PIGM,0.18703392,0.0,0.0
PIGN,0.3201898,0.0,0.0
PIGO,0.16464762,0.0,0.0
PIGP,0.10676383,0.0,0.0
PIGQ,0.24310982,0.0,0.0
PIGR,0.33996496,0.0,-1.0
PIGS,0.5468913,1.0,0.0
PIGT,0.2942828,0.0,-1.0
PIGU,0.24876651,0.0,0.0
PIGV,0.14359014,0.0,-1.0
PIGW,0.16147853,0.0,0.0
PIGX,0.055194773,0.0,0.0
PIGY,0.0964402,0.0,-1.0
PIGZ,0.065616176,0.0,0.0
PIH1D1,0.28576186,0.0,0.0
PIH1D2,0.091495104,0.0,0.0
PIK3AP1,0.30713806,0.0,-1.0
PIK3C2A,0.60373473,1.0,-1.0
PIK3C2B,0.42526567,0.0,-1.0
PIK3C2G,0.41128713,0.0,-1.0
PIK3C3,0.5747203,1.0,-1.0
PIK3CA,0.74161255,1.0,1.0
PIK3CB,0.71185344,1.0,1.0
PIK3CD,0.7080628,1.0,1.0
PIK3CD-AS1,0.002713811,0.0,0.0
PIK3CG,0.7217304,1.0,1.0
PIK3IP1,0.27397346,0.0,-1.0
PIK3R1,0.5483408,1.0,1.0
PIK3R2,0.46691778,0.0,1.0
PIK3R3,0.45311812,0.0,1.0
PIK3R4,0.34259284,0.0,-1.0
PIK3R5,0.4059146,0.0,-1.0
PIK3R6,0.27258286,0.0,-1.0
PIKFYVE,0.48984027,0.0,-1.0
PILRA,0.24192834,0.0,0.0
PILRB,0.19335736,0.0,0.0
PIM1,0.50704896,1.0,1.0
PIM2,0.46750194,0.0,-1.0
PIM3,0.4149145,0.0,-1.0
PIMREG,0.51441187,1.0,-1.0
PIN1,0.41734955,0.0,0.0
PIN1P1,0.0084339315,0.0,0.0
PIN4,0.27083617,0.0,0.0
PINK1,0.36607933,0.0,-1.0
PINLYP,0.18351308,0.0,0.0
PINX1,0.26684514,0.0,0.0
PIP,0.28128082,0.0,0.0
PIP4K2A,0.4405096,0.0,-1.0
PIP4K2B,0.31261784,0.0,0.0
PIP4K2C,0.3854158,0.0,0.0
PIP4P1,0.21984343,0.0,0.0
PIP4P2,0.1499204,0.0,0.0
PIP5K1A,0.42668658,0.0,-1.0
PIP5K1B,0.3912495,0.0,-1.0
PIP5K1C,0.40148234,0.0,-1.0
PIP5KL1,0.3098173,0.0,0.0
PIPOX,0.31480128,0.0,0.0
PIPSL,0.059880566,0.0,0.0
PIR,0.3067379,0.0,0.0
PIRT,0.1939107,0.0,0.0
PISD,0.22150825,0.0,0.0
PITHD1,0.18942083,0.0,0.0
PITPNA,0.28781566,0.0,0.0
PITPNB,0.26373577,0.0,0.0
PITPNC1,0.23427653,0.0,0.0
PITPNM1,0.24798869,0.0,0.0
PITPNM2,0.22358641,0.0,-1.0
PITPNM3,0.23069292,0.0,-1.0
PITRM1,0.19448566,0.0,0.0
PITX1,0.3950842,0.0,-1.0
PITX2,0.46288127,0.0,0.0
PITX3,0.35030368,0.0,-1.0
PIWIL1,0.28750923,0.0,-1.0
PIWIL2,0.17245921,0.0,-1.0
PIWIL3,0.22186834,0.0,0.0
PIWIL4,0.3073236,0.0,0.0
PJA1,0.2699453,0.0,0.0
PJA2,0.38134304,0.0,0.0
PJVK,0.11526486,0.0,0.0
PKD1,0.4157877,0.0,-1.0
PKD1L1,0.19735797,0.0,-1.0
PKD1L1-AS1,0.1975972,0.0,-1.0
PKD1L2,0.00020142434,0.0,-1.0
PKD1L3,0.00083517854,0.0,0.0
PKD2,0.43245468,0.0,-1.0
PKD2L1,0.10354806,0.0,0.0
PKD2L2,0.16812415,0.0,0.0
PKDCC,0.38837898,0.0,-1.0
PKDREJ,0.48980677,0.0,-1.0
PKHD1,0.40885386,0.0,-1.0
PKHD1L1,0.21727435,0.0,-1.0
PKIA,0.23505606,0.0,0.0
PKIB,0.16669615,0.0,0.0
PKIG,0.2018127,0.0,-1.0
PKLR,0.3490934,0.0,0.0
PKM,0.4846209,0.0,-1.0
PKMYT1,0.48217344,0.0,0.0
PKN1,0.46184322,0.0,-1.0
PKN2,0.52843577,1.0,0.0
PKN3,0.4348266,0.0,0.0
PKNOX1,0.32584885,0.0,-1.0
PKNOX2,0.26797315,0.0,0.0
PKP1,0.37468627,0.0,-1.0
PKP2,0.4817212,0.0,-1.0
PKP3,0.382881,0.0,0.0
PKP4,0.42971724,0.0,-1.0
PLA1A,0.25706744,0.0,-1.0
PLA2G10,0.29700664,0.0,0.0
PLA2G12A,0.17373109,0.0,0.0
PLA2G12B,0.13561668,0.0,0.0
PLA2G15,0.2140499,0.0,0.0
PLA2G1B,0.5336441,1.0,0.0
PLA2G2A,0.3877019,0.0,-1.0
PLA2G2C,0.28876993,0.0,0.0
PLA2G2D,0.27225855,0.0,0.0
PLA2G2E,0.19331187,0.0,0.0
PLA2G2F,0.13138263,0.0,0.0
PLA2G3,0.107089035,0.0,0.0
PLA2G4A,0.46970245,0.0,-1.0
PLA2G4B,0.16404504,0.0,-1.0
PLA2G4C,0.17730571,0.0,-1.0
PLA2G4D,0.09939462,0.0,-1.0
PLA2G4E,0.10325613,0.0,-1.0
PLA2G4F,0.24135222,0.0,-1.0
PLA2G5,0.25006762,0.0,0.0
PLA2G6,0.40630996,0.0,-1.0
PLA2G7,0.36832565,0.0,-1.0
PLA2R1,0.21744706,0.0,-1.0
PLAA,0.28290084,0.0,0.0
PLAAT1,0.080718175,0.0,0.0
PLAAT2,0.19397873,0.0,0.0
PLAAT3,0.17663266,0.0,0.0
PLAAT4,0.285835,0.0,-1.0
PLAAT5,0.24090296,0.0,0.0
PLAC1,0.21254037,0.0,0.0
PLAC8,0.24960591,0.0,-1.0
PLAC8L1,0.08629215,0.0,0.0
PLAC9,0.12619282,0.0,0.0
PLAG1,0.33032104,0.0,1.0
PLAGL1,0.3556678,0.0,-1.0
PLAGL2,0.29728708,0.0,-1.0
PLAT,0.5971636,1.0,-1.0
PLAU,0.6035646,1.0,-1.0
PLAUR,0.54681665,1.0,-1.0
PLB1,0.13099106,0.0,-1.0
PLBD1,0.22265922,0.0,0.0
PLBD2,0.21531552,0.0,0.0
PLCB1,0.43982604,0.0,-1.0
PLCB2,0.3995834,0.0,-1.0
PLCB3,0.3822454,0.0,-1.0
PLCB4,0.2988226,0.0,-1.0
PLCD1,0.3181713,0.0,-1.0
PLCD3,0.2908948,0.0,0.0
PLCD4,0.2764957,0.0,0.0
PLCE1,0.28690335,0.0,-1.0
PLCG1,0.5307873,1.0,1.0
PLCG2,0.4738032,0.0,1.0
PLCH1,0.26082668,0.0,0.0
PLCH2,0.25676778,0.0,-1.0
PLCL1,0.27447698,0.0,-1.0
PLCL2,0.19560392,0.0,0.0
PLCXD1,0.2001444,0.0,0.0
PLCXD2,0.14723542,0.0,0.0
PLCXD3,0.14109133,0.0,0.0
PLCZ1,0.13279684,0.0,0.0
PLD1,0.28357235,0.0,-1.0
PLD2,0.36323905,0.0,-1.0
PLD3,0.2871935,0.0,0.0
PLD4,0.08755873,0.0,0.0
PLD5,0.101603694,0.0,0.0
PLD6,0.2217728,0.0,0.0
PLEC,0.503137,1.0,-1.0
PLEK,0.5830994,1.0,0.0
PLEK2,0.19513753,0.0,-1.0
PLEKHA1,0.35518044,0.0,0.0
PLEKHA2,0.23099297,0.0,-1.0
PLEKHA3,0.1979463,0.0,0.0
PLEKHA4,0.22309698,0.0,0.0
PLEKHA5,0.41361973,0.0,0.0
PLEKHA6,0.21249399,0.0,0.0
PLEKHA7,0.30266264,0.0,0.0
PLEKHA8,0.22229293,0.0,-1.0
PLEKHA8P1,0.0944385,0.0,0.0
PLEKHB1,0.17435096,0.0,-1.0
PLEKHB2,0.21676224,0.0,0.0
PLEKHD1,0.11239315,0.0,0.0
PLEKHF1,0.121699795,0.0,0.0
PLEKHF2,0.23521256,0.0,0.0
PLEKHG1,0.33374807,0.0,0.0
PLEKHG2,0.23628128,0.0,-1.0
PLEKHG3,0.34398475,0.0,0.0
PLEKHG4,0.2978613,0.0,0.0
PLEKHG4B,0.25126845,0.0,0.0
PLEKHG5,0.38113144,0.0,-1.0
PLEKHG6,0.1942086,0.0,0.0
PLEKHG7,0.16460498,0.0,0.0
PLEKHH1,0.1443289,0.0,0.0
PLEKHH2,0.23225772,0.0,0.0
PLEKHH3,0.22315912,0.0,0.0
PLEKHJ1,0.13294931,0.0,0.0
PLEKHM1,0.21087997,0.0,-1.0
PLEKHM2,0.21284232,0.0,0.0
PLEKHM3,0.33792096,0.0,-1.0
PLEKHN1,0.14628895,0.0,0.0
PLEKHO1,0.20625836,0.0,0.0
PLEKHO2,0.30581966,0.0,0.0
PLEKHS1,0.098938845,0.0,-1.0
PLET1,0.20468023,0.0,0.0
PLG,0.5761387,1.0,-1.0
PLGLA,0.014102896,0.0,0.0
PLGLB1,0.2150656,0.0,0.0
PLGLB2,0.17588687,0.0,0.0
PLGRKT,0.1794891,0.0,0.0
PLIN1,0.44643167,0.0,-1.0
PLIN2,0.34988445,0.0,0.0
PLIN3,0.28973898,0.0,0.0
PLIN4,0.18895084,0.0,0.0
PLIN5,0.20185806,0.0,0.0
PLK1,0.63281965,1.0,-1.0
PLK2,0.46939814,0.0,-1.0
PLK3,0.4212078,0.0,-1.0
PLK4,0.480926,0.0,-1.0
PLK5,0.33674088,0.0,0.0
PLLP,0.14451145,0.0,0.0
PLN,0.41572756,0.0,-1.0
PLOD1,0.43212306,0.0,-1.0
PLOD2,0.4511375,0.0,-1.0
PLOD3,0.34001955,0.0,0.0
PLP1,0.25384754,0.0,-1.0
PLP2,0.23040824,0.0,0.0
PLPBP,0.18831486,0.0,0.0
PLPP1,0.27202198,0.0,-1.0
PLPP2,0.20867561,0.0,-1.0
PLPP3,0.30626416,0.0,-1.0
PLPP4,0.15377581,0.0,0.0
PLPP5,0.18685204,0.0,0.0
PLPP6,0.101469725,0.0,0.0
PLPP7,0.059350163,0.0,0.0
PLPPR1,0.20357212,0.0,0.0
PLPPR2,0.18296869,0.0,0.0
PLPPR3,0.16552591,0.0,0.0
PLPPR4,0.27966318,0.0,0.0
PLPPR5,0.18063448,0.0,0.0
PLRG1,0.32991514,0.0,-1.0
PLS1,0.3907907,0.0,0.0
PLS3,0.42868146,0.0,0.0
PLSCR1,0.30638626,0.0,0.0
PLSCR2,0.19542421,0.0,-1.0
PLSCR3,0.2355324,0.0,0.0
PLSCR4,0.3314421,0.0,-1.0
PLTP,0.30767506,0.0,0.0
PLVAP,0.32820758,0.0,0.0
PLXDC1,0.36419407,0.0,-1.0
PLXDC2,0.2928986,0.0,0.0
PLXNA1,0.33480135,0.0,0.0
PLXNA2,0.39141926,0.0,-1.0
PLXNA3,0.44892046,0.0,-1.0
PLXNA4,0.29696563,0.0,0.0
PLXNB1,0.38938895,0.0,-1.0
PLXNB2,0.26022875,0.0,-1.0
PLXNB3,0.24415211,0.0,0.0
PLXNC1,0.36080158,0.0,0.0
PLXND1,0.384578,0.0,-1.0
PM20D1,0.2067584,0.0,-1.0
PM20D2,0.27068168,0.0,0.0
PMAIP1,0.4587008,0.0,1.0
PMCH,0.3537737,0.0,0.0
PMEL,0.45372912,0.0,-1.0
PMEPA1,0.30672896,0.0,-1.0
PMF1,0.35865113,0.0,0.0
PMF1-BGLAP,0.26256654,0.0,0.0
PMFBP1,0.17712186,0.0,0.0
PML,0.5440439,1.0,1.0
PMM1,0.21891153,0.0,0.0
PMM2,0.26340252,0.0,-1.0
PMP2,0.26854292,0.0,0.0
PMP22,0.4600992,0.0,-1.0
PMPCA,0.21761352,0.0,-1.0
PMPCB,0.29976854,0.0,0.0
PMS1,0.4679105,0.0,1.0
PMS2,0.40965244,0.0,1.0
PMS2P1,0.001834445,0.0,0.0
PMS2P3,0.21427223,0.0,0.0
PMS2P4,0.0013231965,0.0,0.0
PMS2P5,0.17658801,0.0,0.0
PMVK,0.14980865,0.0,0.0
PNCK,0.30237114,0.0,0.0
PNISR,0.35200992,0.0,0.0
PNKD,0.27623498,0.0,-1.0
PNKP,0.2639851,0.0,0.0
PNLDC1,0.11665628,0.0,0.0
PNLIP,0.33596665,0.0,0.0
PNLIPRP1,0.20911315,0.0,0.0
PNLIPRP2,0.17940661,0.0,0.0
PNLIPRP3,0.108792275,0.0,-1.0
PNMA1,0.33827823,0.0,-1.0
PNMA2,0.38771802,0.0,0.0
PNMA3,0.23562767,0.0,0.0
PNMA5,0.15858741,0.0,0.0
PNMA6A,0.17804807,0.0,0.0
PNMA8A,0.14095558,0.0,0.0
PNMA8B,0.31897193,0.0,0.0
PNMT,0.3879892,0.0,0.0
PNN,0.43125564,0.0,-1.0
PNO1,0.2676873,0.0,0.0
PNOC,0.24996778,0.0,0.0
PNP,0.33284825,0.0,0.0
PNPLA1,0.123166576,0.0,0.0
PNPLA2,0.30761638,0.0,-1.0
PNPLA3,0.22603767,0.0,0.0
PNPLA4,0.17817274,0.0,0.0
PNPLA5,0.15287316,0.0,0.0
PNPLA6,0.403945,0.0,-1.0
PNPLA7,0.3278292,0.0,-1.0
PNPLA8,0.27920198,0.0,-1.0
PNPO,0.21655548,0.0,0.0
PNPT1,0.28426147,0.0,0.0
PNRC1,0.3436424,0.0,-1.0
PNRC2,0.22599053,0.0,0.0
POC1A,0.5043491,1.0,0.0
POC1B,0.33094162,0.0,0.0
POC1B-GALNT4,0.1644386,0.0,0.0
POC5,0.26077014,0.0,-1.0
PODN,0.39978683,0.0,0.0
PODNL1,0.3628546,0.0,-1.0
PODXL,0.43004662,0.0,0.0
PODXL2,0.1801078,0.0,0.0
POF1B,0.24666417,0.0,-1.0
POFUT1,0.25802106,0.0,0.0
POFUT2,0.21877526,0.0,0.0
POGK,0.24578215,0.0,0.0
POGLUT1,0.31462035,0.0,-1.0
POGLUT2,0.28072754,0.0,0.0
POGLUT3,0.19058506,0.0,0.0
POGZ,0.41146192,0.0,0.0
POLA1,0.52989167,1.0,-1.0
POLA2,0.40116677,0.0,0.0
POLB,0.3516372,0.0,0.0
POLD1,0.50778836,1.0,1.0
POLD2,0.28536347,0.0,0.0
POLD3,0.3499794,0.0,-1.0
POLD4,0.2601234,0.0,0.0
POLDIP2,0.28456295,0.0,0.0
POLDIP3,0.34189823,0.0,-1.0
POLE,0.5246605,1.0,1.0
POLE2,0.4251988,0.0,-1.0
POLE3,0.3465456,0.0,0.0
POLE4,0.22713749,0.0,0.0
POLG,0.33316782,0.0,1.0
POLG2,0.20041655,0.0,-1.0
POLH,0.3481874,0.0,-1.0
POLI,0.44756556,0.0,0.0
POLK,0.41420656,0.0,-1.0
POLL,0.32790262,0.0,0.0
POLM,0.4798614,0.0,-1.0
POLN,0.26900098,0.0,0.0
POLQ,0.3939906,0.0,1.0
POLR1A,0.31594923,0.0,0.0
POLR1B,0.33757725,0.0,0.0
POLR1C,0.37469962,0.0,-1.0
POLR1D,0.216288,0.0,-1.0
POLR1E,0.23976023,0.0,0.0
POLR1F,0.21586923,0.0,0.0
POLR1G,0.22664222,0.0,-1.0
POLR1H,0.25058064,0.0,0.0
POLR2A,0.46097314,0.0,0.0
POLR2B,0.4740079,0.0,0.0
POLR2C,0.33133274,0.0,0.0
POLR2D,0.3535148,0.0,-1.0
POLR2E,0.3624752,0.0,0.0
POLR2F,0.28893742,0.0,0.0
POLR2G,0.2959692,0.0,0.0
POLR2H,0.25865266,0.0,0.0
POLR2I,0.22911866,0.0,0.0
POLR2J,0.2322769,0.0,0.0
POLR2J2,0.13739277,0.0,0.0
POLR2J3,0.13769041,0.0,0.0
POLR2J4,0.0022632205,0.0,0.0
POLR2K,0.23016575,0.0,0.0
POLR2L,0.25015253,0.0,0.0
POLR2M,0.175665,0.0,0.0
POLR2MP1,0.01378729,0.0,0.0
POLR3A,0.38532954,0.0,0.0
POLR3B,0.32604665,0.0,0.0
POLR3C,0.19287156,0.0,0.0
POLR3D,0.22457506,0.0,0.0
POLR3E,0.20751694,0.0,-1.0
POLR3F,0.22521214,0.0,0.0
POLR3G,0.21581668,0.0,0.0
POLR3GL,0.18284968,0.0,0.0
POLR3H,0.19708946,0.0,0.0
POLR3K,0.21187383,0.0,0.0
POLRMT,0.29588252,0.0,-1.0
POM121,0.27889535,0.0,0.0
POM121C,0.22445665,0.0,0.0
POM121L12,0.0869161,0.0,0.0
POM121L2,0.14673726,0.0,0.0
POM121L4P,0.018818123,0.0,0.0
POM121L8P,0.06398791,0.0,0.0
POM121L9P,0.003133671,0.0,0.0
POMC,0.6026781,1.0,-1.0
POMGNT1,0.31551865,0.0,-1.0
POMGNT2,0.20001836,0.0,0.0
POMK,0.18171687,0.0,0.0
POMP,0.16489194,0.0,0.0
POMT1,0.20662762,0.0,-1.0
POMT2,0.26782674,0.0,-1.0
POMZP3,0.14636935,0.0,0.0
PON1,0.41403824,0.0,-1.0
PON2,0.34853053,0.0,0.0
PON3,0.18698275,0.0,0.0
POP1,0.325989,0.0,0.0
POP4,0.15002538,0.0,0.0
POP5,0.11604074,0.0,0.0
POP7,0.30845174,0.0,0.0
POPDC2,0.16437924,0.0,0.0
POPDC3,0.11627426,0.0,0.0
POR,0.36699167,0.0,-1.0
PORCN,0.28537363,0.0,-1.0
POSTN,0.5667116,1.0,0.0
POT1,0.35826567,0.0,1.0
POTEA,0.031341046,0.0,0.0
POTEB,0.28833365,0.0,0.0
POTEB2,0.325785,0.0,0.0
POTEB3,0.0003558777,0.0,0.0
POTEC,0.21803568,0.0,-1.0
POTED,0.42644337,0.0,0.0
POTEE,0.4429713,0.0,0.0
POTEF,0.26133654,0.0,0.0
POTEG,0.124536835,0.0,0.0
POTEH,0.32706925,0.0,0.0
POTEI,0.42605692,0.0,0.0
POTEJ,0.423791,0.0,0.0
POTEKP,0.17481206,0.0,0.0
POTEM,2.395473e-08,0.0,0.0
POU1F1,0.37237555,0.0,-1.0
POU2AF1,0.30005974,0.0,1.0
POU2F1,0.48496923,0.0,-1.0
POU2F2,0.6048098,1.0,-1.0
POU2F3,0.26554012,0.0,0.0
POU3F1,0.4011959,0.0,0.0
POU3F2,0.41655818,0.0,-1.0
POU3F3,0.39462957,0.0,-1.0
POU3F4,0.38674706,0.0,-1.0
POU4F1,0.39867184,0.0,-1.0
POU4F2,0.34871536,0.0,0.0
POU4F3,0.3089389,0.0,0.0
POU5F1,0.5925096,1.0,1.0
POU5F1B,0.21243583,0.0,0.0
POU5F2,0.17739196,0.0,0.0
POU6F1,0.32450017,0.0,0.0
POU6F2,0.3508857,0.0,-1.0
PP2D1,0.2624999,0.0,0.0
PPA1,0.33568972,0.0,0.0
PPA2,0.2745841,0.0,0.0
PPAN,0.32091656,0.0,0.0
PPAN-P2RY11,0.18082489,0.0,0.0
PPARA,0.53635466,1.0,0.0
PPARD,0.47025594,0.0,-1.0
PPARG,0.62203294,1.0,1.0
PPARGC1A,0.47016138,0.0,0.0
PPARGC1B,0.37786937,0.0,0.0
PPAT,0.3533273,0.0,-1.0
PPBP,0.4483685,0.0,0.0
PPBPP2,0.00012498841,0.0,0.0
PPCDC,0.2733595,0.0,0.0
PPCS,0.24729368,0.0,0.0
PPDPF,0.17536911,0.0,0.0
PPDPFL,0.12588118,0.0,0.0
PPEF1,0.25754613,0.0,0.0
PPEF2,0.31075144,0.0,0.0
PPFIA1,0.43169788,0.0,0.0
PPFIA2,0.31886634,0.0,0.0
PPFIA3,0.32186398,0.0,0.0
PPFIA4,0.30947903,0.0,0.0
PPFIBP1,0.3804774,0.0,1.0
PPFIBP2,0.21352042,0.0,0.0
PPHLN1,0.25604886,0.0,0.0
PPIA,0.5186057,1.0,0.0
PPIAL4A,0.27405408,0.0,0.0
PPIAL4C,0.000606758,0.0,0.0
PPIAL4D,0.2703549,0.0,0.0
PPIAL4E,0.023614703,0.0,0.0
PPIAL4G,0.30949113,0.0,-1.0
PPIB,0.37824032,0.0,-1.0
PPIC,0.36078596,0.0,0.0
PPID,0.3199393,0.0,0.0
PPIE,0.3541868,0.0,0.0
PPIF,0.3984732,0.0,0.0
PPIG,0.4753587,0.0,-1.0
PPIH,0.33774984,0.0,0.0
PPIL1,0.301437,0.0,-1.0
PPIL2,0.24304403,0.0,0.0
PPIL3,0.29036686,0.0,0.0
PPIL4,0.31631228,0.0,-1.0
PPIL6,0.23047431,0.0,0.0
PPIP5K1,0.3003281,0.0,0.0
PPIP5K2,0.34541428,0.0,0.0
PPL,0.47296923,0.0,0.0
PPM1A,0.42375323,0.0,0.0
PPM1B,0.44907662,0.0,0.0
PPM1D,0.428624,0.0,1.0
PPM1E,0.3396182,0.0,-1.0
PPM1F,0.36145505,0.0,-1.0
PPM1G,0.37848404,0.0,0.0
PPM1H,0.2676773,0.0,0.0
PPM1J,0.12008398,0.0,-1.0
PPM1K,0.32698208,0.0,0.0
PPM1L,0.3403353,0.0,-1.0
PPM1M,0.21043806,0.0,0.0
PPM1N,0.32178012,0.0,0.0
PPME1,0.2906602,0.0,0.0
PPOX,0.35478583,0.0,-1.0
PPP1CA,0.49469414,0.0,-1.0
PPP1CB,0.45274132,0.0,-1.0
PPP1CC,0.5119943,1.0,-1.0
PPP1R10,0.3039323,0.0,0.0
PPP1R11,0.23533598,0.0,0.0
PPP1R12A,0.5789546,1.0,-1.0
PPP1R12B,0.33047548,0.0,-1.0
PPP1R12C,0.36459747,0.0,-1.0
PPP1R13B,0.35303423,0.0,0.0
PPP1R13L,0.35319346,0.0,-1.0
PPP1R14A,0.34022915,0.0,0.0
PPP1R14B,0.22877568,0.0,-1.0
PPP1R14C,0.18505138,0.0,0.0
PPP1R14D,0.18387115,0.0,0.0
PPP1R15A,0.39301714,0.0,-1.0
PPP1R15B,0.24555717,0.0,0.0
PPP1R16A,0.3563559,0.0,0.0
PPP1R16B,0.39197296,0.0,-1.0
PPP1R17,0.25048265,0.0,0.0
PPP1R18,0.317391,0.0,0.0
PPP1R1A,0.2816276,0.0,-1.0
PPP1R1B,0.37939996,0.0,-1.0
PPP1R1C,0.13902384,0.0,0.0
PPP1R2,0.24972971,0.0,0.0
PPP1R21,0.24934174,0.0,0.0
PPP1R26,0.27994797,0.0,0.0
PPP1R27,0.33750424,0.0,0.0
PPP1R2B,0.015857577,0.0,0.0
PPP1R2C,0.0011959142,0.0,0.0
PPP1R32,0.10394672,0.0,0.0
PPP1R35,0.16014844,0.0,0.0
PPP1R36,0.077697225,0.0,0.0
PPP1R37,0.19241422,0.0,0.0
PPP1R3A,0.28420442,0.0,-1.0
PPP1R3B,0.305538,0.0,-1.0
PPP1R3C,0.3134139,0.0,0.0
PPP1R3D,0.25729573,0.0,0.0
PPP1R3E,0.19871394,0.0,0.0
PPP1R3F,0.21856692,0.0,0.0
PPP1R3G,0.12832707,0.0,0.0
PPP1R42,0.19303058,0.0,0.0
PPP1R7,0.3614383,0.0,0.0
PPP1R8,0.28864378,0.0,-1.0
PPP1R9A,0.3363509,0.0,-1.0
PPP1R9B,0.3695108,0.0,-1.0
PPP2CA,0.51565105,1.0,-1.0
PPP2CB,0.45030254,0.0,0.0
PPP2R1A,0.4776791,0.0,1.0
PPP2R1B,0.36508593,0.0,0.0
PPP2R2A,0.37814602,0.0,1.0
PPP2R2B,0.40584,0.0,-1.0
PPP2R2C,0.3089591,0.0,0.0
PPP2R2D,0.3294081,0.0,0.0
PPP2R3A,0.35458836,0.0,-1.0
PPP2R3B,0.3051494,0.0,0.0
PPP2R3C,0.35031158,0.0,0.0
PPP2R5A,0.35395867,0.0,-1.0
PPP2R5B,0.3402875,0.0,0.0
PPP2R5C,0.46172637,0.0,-1.0
PPP2R5D,0.40017533,0.0,0.0
PPP2R5E,0.40959165,0.0,0.0
PPP3CA,0.52791226,1.0,-1.0
PPP3CB,0.3994679,0.0,-1.0
PPP3CC,0.3802762,0.0,-1.0
PPP3R1,0.47264022,0.0,-1.0
PPP3R2,0.24307172,0.0,-1.0
PPP4C,0.40026197,0.0,-1.0
PPP4R1,0.3582046,0.0,0.0
PPP4R2,0.25763986,0.0,-1.0
PPP4R3A,0.23723474,0.0,-1.0
PPP4R3B,0.27140424,0.0,-1.0
PPP4R4,0.15948117,0.0,0.0
PPP5C,0.41396654,0.0,0.0
PPP5D1P,0.3427378,0.0,0.0
PPP6C,0.37835613,0.0,1.0
PPP6R1,0.33201182,0.0,0.0
PPP6R2,0.27854604,0.0,-1.0
PPP6R3,0.46550125,0.0,0.0
PPRC1,0.45231718,0.0,0.0
PPT1,0.37466297,0.0,-1.0
PPT2,0.20488673,0.0,0.0
PPTC7,0.32849228,0.0,-1.0
PPWD1,0.33954692,0.0,0.0
PPY,0.4231731,0.0,0.0
PQBP1,0.29009596,0.0,-1.0
PRAC1,0.3452221,0.0,0.0
PRAC2,0.020595381,0.0,0.0
PRADC1,0.12573478,0.0,0.0
PRAF2,0.21082956,0.0,0.0
PRAG1,0.22726288,0.0,0.0
PRAM1,0.4417077,0.0,0.0
PRAME,0.3532885,0.0,-1.0
PRAMEF1,0.1401714,0.0,0.0
PRAMEF10,0.09828255,0.0,0.0
PRAMEF12,0.14561129,0.0,0.0
PRAMEF15,1.5402182e-09,0.0,0.0
PRAMEF17,0.08103842,0.0,0.0
PRAMEF2,0.11448613,0.0,0.0
PRAMEF4,0.0067855637,0.0,-1.0
PRAMEF5,1.212418e-07,0.0,0.0
PRAMEF8,0.15138441,0.0,0.0
PRAP1,0.09846752,0.0,0.0
PRB1,0.31861687,0.0,0.0
PRB2,0.123152606,0.0,-1.0
PRB3,0.18676259,0.0,0.0
PRB4,0.21825048,0.0,-1.0
PRC1,0.5354842,1.0,0.0
PRCC,0.3733401,0.0,1.0
PRCD,0.2073365,0.0,-1.0
PRCP,0.31420287,0.0,0.0
PRDM1,0.49115786,0.0,1.0
PRDM10,0.72266924,1.0,0.0
PRDM10-DT,0.001052572,0.0,0.0
PRDM11,0.20407163,0.0,0.0
PRDM12,0.22071849,0.0,0.0
PRDM13,0.26934677,0.0,0.0
PRDM14,0.3240017,0.0,-1.0
PRDM15,0.28297868,0.0,0.0
PRDM16,0.3706793,0.0,1.0
PRDM2,0.46024176,0.0,1.0
PRDM4,0.29309076,0.0,0.0
PRDM5,0.2929045,0.0,0.0
PRDM6,0.21226604,0.0,0.0
PRDM7,0.12556386,0.0,0.0
PRDM8,0.29479828,0.0,0.0
PRDM9,0.19241406,0.0,-1.0
PRDX1,0.40328902,0.0,-1.0
PRDX2,0.44379747,0.0,0.0
PRDX3,0.39987412,0.0,0.0
PRDX4,0.30048352,0.0,-1.0
PRDX5,0.37153864,0.0,0.0
PRDX6,0.34637225,0.0,0.0
PREB,0.43609017,0.0,0.0
PRECSIT,0.17327191,0.0,0.0
PRELID1,0.29600587,0.0,0.0
PRELID2,0.11261035,0.0,0.0
PRELID3A,0.13896349,0.0,0.0
PRELID3B,0.19313882,0.0,0.0
PRELP,0.46678844,0.0,0.0
PREP,0.2610136,0.0,0.0
PREPL,0.27791378,0.0,0.0
PREX1,0.27168936,0.0,-1.0
PREX2,0.2676538,0.0,1.0
PRF1,0.3287293,0.0,1.0
PRG2,0.24242903,0.0,0.0
PRG3,0.19810942,0.0,0.0
PRG4,0.25438944,0.0,-1.0
PRH1,0.21377893,0.0,0.0
PRH2,0.12699257,0.0,0.0
PRICKLE1,0.33470535,0.0,-1.0
PRICKLE2,0.29451334,0.0,-1.0
PRICKLE3,0.29770988,0.0,0.0
PRICKLE4,0.14510842,0.0,0.0
PRIM1,0.4335373,0.0,-1.0
PRIM2,0.36775637,0.0,0.0
PRIMA1,0.23851757,0.0,0.0
PRIMPOL,0.17017335,0.0,0.0
PRKAA1,0.47958592,0.0,0.0
PRKAA2,0.41554087,0.0,0.0
PRKAB1,0.33494586,0.0,-1.0
PRKAB2,0.27391565,0.0,-1.0
PRKACA,0.7183712,1.0,1.0
PRKACB,0.68376833,1.0,-1.0
PRKACG,0.5893085,1.0,-1.0
PRKAG1,0.31365424,0.0,-1.0
PRKAG2,0.3226499,0.0,-1.0
PRKAG3,0.2920841,0.0,0.0
PRKAR1A,0.50022084,1.0,1.0
PRKAR1B,0.3913276,0.0,-1.0
PRKAR2A,0.43849996,0.0,-1.0
PRKAR2B,0.40887335,0.0,-1.0
PRKCA,0.57190484,1.0,-1.0
PRKCB,0.56133133,1.0,1.0
PRKCD,0.49541056,0.0,-1.0
PRKCE,0.50586253,1.0,-1.0
PRKCG,0.5091225,1.0,-1.0
PRKCH,0.5054542,1.0,-1.0
PRKCI,0.47188437,0.0,1.0
PRKCQ,0.47106984,0.0,-1.0
PRKCSH,0.33439863,0.0,0.0
PRKCZ,0.5336259,1.0,-1.0
PRKD1,0.49999985,0.0,-1.0
PRKD2,0.33605394,0.0,-1.0
PRKD3,0.3788773,0.0,0.0
PRKDC,0.59441626,1.0,-1.0
PRKG1,0.588818,1.0,-1.0
PRKG2,0.38269156,0.0,-1.0
PRKN,0.43034646,0.0,1.0
PRKRA,0.27716273,0.0,-1.0
PRKRIP1,0.1250579,0.0,0.0
PRKX,0.3796204,0.0,-1.0
PRKY,0.28316143,0.0,0.0
PRL,0.60162926,1.0,0.0
PRLH,0.36579812,0.0,0.0
PRLHR,0.19803916,0.0,0.0
PRLR,0.31797922,0.0,-1.0
PRM1,0.12507549,0.0,0.0
PRM2,0.12875369,0.0,0.0
PRM3,0.07754636,0.0,0.0
PRMT1,0.43464383,0.0,0.0
PRMT2,0.22313334,0.0,-1.0
PRMT3,0.31560406,0.0,0.0
PRMT5,0.41613013,0.0,-1.0
PRMT6,0.25889552,0.0,0.0
PRMT7,0.2043182,0.0,0.0
PRMT8,0.28880334,0.0,0.0
PRMT9,0.19645166,0.0,0.0
PRND,0.1947244,0.0,-1.0
PRNP,0.51236683,1.0,-1.0
PRNT,0.15436229,0.0,0.0
PROC,0.35071585,0.0,-1.0
PROCA1,0.0800069,0.0,0.0
PROCR,0.4780003,0.0,0.0
PRODH,0.33203256,0.0,0.0
PRODH2,0.18809624,0.0,0.0
PROK1,0.2686174,0.0,0.0
PROK2,0.3053789,0.0,-1.0
PROKR1,0.22031891,0.0,0.0
PROKR2,0.28205648,0.0,-1.0
PROM1,0.5611981,1.0,-1.0
PROM2,0.15596706,0.0,0.0
PROP1,0.3675613,0.0,-1.0
PRORP,0.19280201,0.0,0.0
PROS1,0.5883652,1.0,-1.0
PROSER1,0.30341357,0.0,-1.0
PROSER2,0.1940705,0.0,0.0
PROSER3,0.28155538,0.0,0.0
PROX1,0.46287522,0.0,-1.0
PROX2,0.10951618,0.0,0.0
PROZ,0.2266464,0.0,-1.0
PRPF18,0.32457277,0.0,0.0
PRPF19,0.35916936,0.0,0.0
PRPF3,0.39359704,0.0,-1.0
PRPF31,0.38691422,0.0,-1.0
PRPF38A,0.22776046,0.0,0.0
PRPF38B,0.24517502,0.0,-1.0
PRPF39,0.2648469,0.0,-1.0
PRPF4,0.34360656,0.0,0.0
PRPF40A,0.3897674,0.0,0.0
PRPF40B,0.28020912,0.0,1.0
PRPF4B,0.3601226,0.0,-1.0
PRPF6,0.46137455,0.0,-1.0
PRPF8,0.4129244,0.0,-1.0
PRPH,0.42246243,0.0,0.0
PRPH2,0.25628027,0.0,-1.0
PRPS1,0.35751337,0.0,-1.0
PRPS1L1,0.16480629,0.0,0.0
PRPS2,0.32353684,0.0,0.0
PRPSAP1,0.3101313,0.0,0.0
PRPSAP2,0.30362216,0.0,0.0
PRR11,0.29233715,0.0,0.0
PRR12,0.15492797,0.0,0.0
PRR13,0.17875703,0.0,0.0
PRR14,0.23909445,0.0,0.0
PRR14L,0.35852703,0.0,0.0
PRR15,0.16457781,0.0,0.0
PRR15L,0.1913948,0.0,0.0
PRR16,0.399556,0.0,0.0
PRR18,0.08766046,0.0,0.0
PRR19,0.12701298,0.0,0.0
PRR20A,0.07364041,0.0,0.0
PRR20B,0.0070855473,0.0,0.0
PRR20C,0.041808844,0.0,0.0
PRR20D,0.044945817,0.0,0.0
PRR20E,0.09863543,0.0,0.0
PRR22,0.13778087,0.0,0.0
PRR23A,0.087800905,0.0,0.0
PRR23B,0.09393348,0.0,0.0
PRR23D1,0.09324158,0.0,0.0
PRR23D2,0.09324158,0.0,0.0
PRR29,0.08917921,0.0,0.0
PRR3,0.24948263,0.0,0.0
PRR30,0.07680195,0.0,0.0
PRR34,0.19551127,0.0,0.0
PRR35,0.09202008,0.0,0.0
PRR36,0.22127996,0.0,0.0
PRR4,0.12556206,0.0,0.0
PRR5,0.25881556,0.0,-1.0
PRR5-ARHGAP8,0.16575639,0.0,0.0
PRR5L,0.13545229,0.0,0.0
PRR7,0.09569425,0.0,0.0
PRR9,0.047056638,0.0,0.0
PRRC1,0.21319006,0.0,0.0
PRRC2A,0.29380152,0.0,0.0
PRRC2B,0.36826333,0.0,-1.0
PRRC2C,0.3037804,0.0,0.0
PRRG1,0.095684804,0.0,-1.0
PRRG2,0.25340563,0.0,0.0
PRRG3,0.23547721,0.0,0.0
PRRG4,0.23964879,0.0,0.0
PRRT1,0.14371806,0.0,-1.0
PRRT2,0.36729532,0.0,-1.0
PRRT3,0.2645292,0.0,-1.0
PRRT4,0.1475215,0.0,0.0
PRRX1,0.48099223,0.0,1.0
PRRX2,0.32333735,0.0,-1.0
PRSS1,0.35687697,0.0,-1.0
PRSS12,0.25454533,0.0,-1.0
PRSS16,0.19757228,0.0,0.0
PRSS2,0.19222096,0.0,0.0
PRSS21,0.31144625,0.0,0.0
PRSS22,0.24831232,0.0,0.0
PRSS23,0.42622915,0.0,0.0
PRSS27,0.21751514,0.0,0.0
PRSS3,0.4439008,0.0,-1.0
PRSS30P,0.0002716499,0.0,0.0
PRSS33,0.19747156,0.0,0.0
PRSS35,0.17881897,0.0,0.0
PRSS36,0.19323844,0.0,0.0
PRSS37,0.09992451,0.0,0.0
PRSS38,0.1356163,0.0,-1.0
PRSS3P2,0.02625864,0.0,0.0
PRSS40A,0.18452172,0.0,0.0
PRSS41,0.005185463,0.0,0.0
PRSS42P,0.22616601,0.0,0.0
PRSS45P,0.22647977,0.0,0.0
PRSS46P,0.114683464,0.0,0.0
PRSS48,0.22717069,0.0,0.0
PRSS50,0.14804667,0.0,0.0
PRSS53,0.20309977,0.0,0.0
PRSS54,0.085325286,0.0,0.0
PRSS55,0.10560427,0.0,0.0
PRSS56,0.16454716,0.0,0.0
PRSS57,0.23806499,0.0,0.0
PRSS58,0.2611691,0.0,0.0
PRSS8,0.31464127,0.0,-1.0
PRTFDC1,0.21076149,0.0,0.0
PRTG,0.18442045,0.0,0.0
PRTN3,0.43612522,0.0,0.0
PRUNE1,0.19136922,0.0,-1.0
PRUNE2,0.17914778,0.0,-1.0
PRX,0.25784642,0.0,-1.0
PRXL2A,0.24408206,0.0,0.0
PRXL2B,0.08644309,0.0,-1.0
PRXL2C,0.13195598,0.0,0.0
PRY,0.19775344,0.0,0.0
PRY2,0.17396785,0.0,0.0
PSAP,0.37265626,0.0,-1.0
PSAPL1,0.099662356,0.0,0.0
PSAT1,0.33021352,0.0,-1.0
PSCA,0.27015102,0.0,-1.0
PSD,0.38649705,0.0,0.0
PSD2,0.23247136,0.0,0.0
PSD3,0.2947145,0.0,0.0
PSD4,0.27447793,0.0,0.0
PSEN1,0.59820884,1.0,-1.0
PSEN2,0.4894087,0.0,-1.0
PSENEN,0.30799335,0.0,-1.0
PSG1,0.31214905,0.0,0.0
PSG10P,0.022376914,0.0,0.0
PSG11,0.13933206,0.0,0.0
PSG2,0.16868874,0.0,0.0
PSG3,0.19525774,0.0,0.0
PSG4,0.1797748,0.0,0.0
PSG5,0.18724784,0.0,0.0
PSG6,0.19674897,0.0,0.0
PSG8,0.15767807,0.0,0.0
PSG9,0.20997408,0.0,0.0
PSIP1,0.4317692,0.0,1.0
PSKH1,0.30183098,0.0,0.0
PSKH2,0.303557,0.0,0.0
PSMA1,0.32847154,0.0,0.0
PSMA2,0.321883,0.0,0.0
PSMA3,0.19722372,0.0,0.0
PSMA3-AS1,0.14483583,0.0,0.0
PSMA4,0.34243384,0.0,0.0
PSMA5,0.32704183,0.0,-1.0
PSMA6,0.35970542,0.0,0.0
PSMA7,0.3749552,0.0,0.0
PSMA8,0.19317007,0.0,0.0
PSMB1,0.32892025,0.0,0.0
PSMB10,0.30433142,0.0,0.0
PSMB11,0.27863404,0.0,0.0
PSMB2,0.3396115,0.0,0.0
PSMB3,0.31761858,0.0,0.0
PSMB4,0.29589936,0.0,0.0
PSMB5,0.32599527,0.0,0.0
PSMB6,0.30872408,0.0,0.0
PSMB7,0.27966553,0.0,0.0
PSMB8,0.37238026,0.0,0.0
PSMB9,0.3974943,0.0,0.0
PSMC1,0.37978142,0.0,0.0
PSMC2,0.37776807,0.0,0.0
PSMC3,0.39459413,0.0,-1.0
PSMC3IP,0.3697525,0.0,0.0
PSMC4,0.3824819,0.0,0.0
PSMC5,0.39632204,0.0,0.0
PSMC6,0.5333076,1.0,0.0
PSMD1,0.3669866,0.0,0.0
PSMD10,0.41396046,0.0,0.0
PSMD11,0.38395336,0.0,0.0
PSMD12,0.36886892,0.0,0.0
PSMD13,0.34607562,0.0,0.0
PSMD14,0.37753,0.0,0.0
PSMD2,0.45135435,0.0,-1.0
PSMD3,0.35162517,0.0,0.0
PSMD4,0.46839792,0.0,0.0
PSMD5,0.36646613,0.0,0.0
PSMD6,0.35051242,0.0,0.0
PSMD7,0.40011188,0.0,0.0
PSMD8,0.27965897,0.0,-1.0
PSMD9,0.3202501,0.0,0.0
PSME1,0.3059743,0.0,0.0
PSME2,0.29416397,0.0,0.0
PSME3,0.3417181,0.0,0.0
PSME3IP1,0.22865306,0.0,0.0
PSME4,0.34985644,0.0,0.0
PSMF1,0.28449702,0.0,-1.0
PSMG1,0.2617074,0.0,0.0
PSMG2,0.17503208,0.0,0.0
PSMG3,0.19207439,0.0,0.0
PSMG3-AS1,0.018231295,0.0,0.0
PSMG4,0.13910443,0.0,-1.0
PSORS1C1,0.10547199,0.0,-1.0
PSORS1C2,0.07210731,0.0,-1.0
PSORS1C3,1.2595125e-06,0.0,-1.0
PSPC1,0.3564368,0.0,0.0
PSPH,0.25122163,0.0,-1.0
PSPN,0.2794768,0.0,0.0
PSRC1,0.3495349,0.0,0.0
PSTK,0.14151032,0.0,0.0
PSTPIP1,0.4100413,0.0,0.0
PSTPIP2,0.33253083,0.0,0.0
PTAFR,0.40646002,0.0,0.0
PTAR1,0.2649198,0.0,0.0
PTBP1,0.45781618,0.0,-1.0
PTBP2,0.34443745,0.0,0.0
PTBP3,0.36986998,0.0,0.0
PTCD1,0.2084103,0.0,0.0
PTCD2,0.17370602,0.0,0.0
PTCD3,0.33218658,0.0,0.0
PTCH1,0.54178286,1.0,1.0
PTCH2,0.3756882,0.0,-1.0
PTCHD1,0.18999854,0.0,0.0
PTCHD3,0.19058496,0.0,0.0
PTCHD4,0.14127934,0.0,-1.0
PTCRA,0.4471632,0.0,-1.0
PTDSS1,0.21299048,0.0,-1.0
PTDSS2,0.18198217,0.0,0.0
PTEN,0.7227823,1.0,1.0
PTER,0.3890192,0.0,0.0
PTF1A,0.45098135,0.0,-1.0
PTGDR,0.3977521,0.0,0.0
PTGDR2,0.33064225,0.0,-1.0
PTGDS,0.3746493,0.0,0.0
PTGER1,0.3260407,0.0,-1.0
PTGER2,0.34887338,0.0,-1.0
PTGER3,0.4287819,0.0,-1.0
PTGER4,0.4938611,0.0,-1.0
PTGES,0.42212906,0.0,0.0
PTGES2,0.23322988,0.0,0.0
PTGES3,0.37824142,0.0,0.0
PTGES3L-AARSD1,0.26384175,0.0,0.0
PTGFR,0.31332564,0.0,-1.0
PTGFRN,0.2052187,0.0,-1.0
PTGIR,0.39075708,0.0,0.0
PTGIS,0.46656463,0.0,-1.0
PTGR1,0.20783089,0.0,0.0
PTGR2,0.1860162,0.0,-1.0
PTGS1,0.553494,1.0,-1.0
PTGS2,0.64060456,1.0,-1.0
PTH,0.5384518,1.0,-1.0
PTH1R,0.36901957,0.0,-1.0
PTH2,0.20298024,0.0,0.0
PTH2R,0.20873445,0.0,0.0
PTHLH,0.5127917,1.0,-1.0
PTK2,0.6449454,1.0,-1.0
PTK2B,0.61187285,1.0,-1.0
PTK6,0.43008384,0.0,1.0
PTK7,0.4965233,0.0,-1.0
PTMA,0.33867738,0.0,-1.0
PTMS,0.38180912,0.0,0.0
PTN,0.5341256,1.0,-1.0
PTOV1,0.40358394,0.0,0.0
PTP4A1,0.3209953,0.0,-1.0
PTP4A2,0.32397124,0.0,0.0
PTP4A3,0.36399785,0.0,-1.0
PTPA,0.4652675,0.0,-1.0
PTPDC1,0.3939653,0.0,-1.0
PTPMT1,0.093501076,0.0,0.0
PTPN1,0.55421805,1.0,1.0
PTPN11,0.59883094,1.0,1.0
PTPN12,0.50554454,1.0,-1.0
PTPN13,0.56873804,1.0,1.0
PTPN14,0.43010122,0.0,-1.0
PTPN18,0.37012273,0.0,0.0
PTPN2,0.5349916,1.0,1.0
PTPN20,0.37938172,0.0,0.0
PTPN21,0.37370512,0.0,-1.0
PTPN22,0.4675449,0.0,-1.0
PTPN23,0.36527148,0.0,0.0
PTPN3,0.38417292,0.0,0.0
PTPN4,0.48861855,0.0,0.0
PTPN5,0.42581397,0.0,0.0
PTPN6,0.510404,1.0,1.0
PTPN7,0.4108888,0.0,-1.0
PTPN9,0.33495334,0.0,-1.0
PTPRA,0.42176607,0.0,-1.0
PTPRB,0.40134323,0.0,1.0
PTPRC,0.3966751,0.0,1.0
PTPRCAP,0.27388334,0.0,0.0
PTPRD,0.4401108,0.0,1.0
PTPRE,0.4483605,0.0,-1.0
PTPRF,0.5698137,1.0,0.0
PTPRG,0.41266412,0.0,-1.0
PTPRH,0.29628164,0.0,-1.0
PTPRJ,0.5088761,1.0,-1.0
PTPRK,0.4366525,0.0,1.0
PTPRM,0.43125919,0.0,0.0
PTPRN,0.44197547,0.0,0.0
PTPRN2,0.4627719,0.0,0.0
PTPRO,0.40904495,0.0,-1.0
PTPRQ,0.14393625,0.0,0.0
PTPRR,0.39921612,0.0,-1.0
PTPRS,0.28935367,0.0,1.0
PTPRT,0.3740585,0.0,1.0
PTPRU,0.42460117,0.0,-1.0
PTPRZ1,0.45930573,0.0,0.0
PTRH1,0.21102768,0.0,0.0
PTRH2,0.21794057,0.0,0.0
PTRHD1,0.14121272,0.0,0.0
PTS,0.43923387,0.0,0.0
PTTG1,0.48909825,0.0,-1.0
PTTG1IP,0.28090104,0.0,-1.0
PTTG2,0.31985348,0.0,0.0
PTX3,0.35770985,0.0,-1.0
PTX4,0.16810244,0.0,0.0
PUDP,0.22310197,0.0,0.0
PUF60,0.32520837,0.0,0.0
PUM1,0.4296154,0.0,0.0
PUM2,0.4328395,0.0,0.0
PUM3,0.27073365,0.0,0.0
PURA,0.36697853,0.0,0.0
PURB,0.27427742,0.0,0.0
PURG,0.25305188,0.0,0.0
PUS1,0.19433135,0.0,-1.0
PUS10,0.18160395,0.0,-1.0
PUS3,0.15533388,0.0,0.0
PUS7,0.2234014,0.0,0.0
PUS7L,0.22111395,0.0,0.0
PUSL1,0.16414148,0.0,0.0
PVALB,0.45287135,0.0,0.0
PVR,0.37766466,0.0,0.0
PVRIG,0.21896774,0.0,-1.0
PVT1,0.045009498,0.0,-1.0
PWP1,0.29155412,0.0,0.0
PWP2,0.31787652,0.0,0.0
PWWP2A,0.28640994,0.0,-1.0
PWWP2B,0.11834776,0.0,0.0
PWWP3B,0.17366835,0.0,0.0
PXDC1,0.2745068,0.0,0.0
PXDN,0.4430939,0.0,-1.0
PXDNL,0.22738601,0.0,-1.0
PXK,0.2546806,0.0,0.0
PXMP2,0.15854304,0.0,0.0
PXMP4,0.1724881,0.0,-1.0
PXN,0.5985136,1.0,-1.0
PXT1,0.18297744,0.0,0.0
PXYLP1,0.17040697,0.0,0.0
PYCARD,0.3043188,0.0,-1.0
PYCR1,0.43848455,0.0,-1.0
PYCR2,0.28969365,0.0,-1.0
PYCR3,0.21110319,0.0,0.0
PYDC1,0.28808677,0.0,0.0
PYDC2,0.02731559,0.0,0.0
PYGB,0.28244057,0.0,0.0
PYGL,0.33986834,0.0,-1.0
PYGM,0.33596468,0.0,-1.0
PYGO1,0.26318306,0.0,0.0
PYGO2,0.22918274,0.0,0.0
PYHIN1,0.27877113,0.0,0.0
PYM1,0.304635,0.0,0.0
PYROXD1,0.19377112,0.0,0.0
PYROXD2,0.14978501,0.0,0.0
PYURF,0.31003693,0.0,0.0
PYY,0.40597928,0.0,-1.0
PZP,0.29897952,0.0,-1.0
QDPR,0.2680859,0.0,-1.0
QKI,0.36181277,0.0,1.0
QPCT,0.42794567,0.0,0.0
QPCTL,0.259823,0.0,0.0
QPRT,0.1902077,0.0,-1.0
QRFP,0.23812811,0.0,0.0
QRFPR,0.20149687,0.0,0.0
QRICH1,0.2659966,0.0,0.0
QRICH2,0.14103878,0.0,0.0
QRSL1,0.27342153,0.0,0.0
QSER1,0.28814527,0.0,0.0
QSOX1,0.35326603,0.0,0.0
QSOX2,0.17467967,0.0,0.0
QTRT1,0.19336691,0.0,0.0
QTRT2,0.31727976,0.0,0.0
R3HCC1,0.13062726,0.0,0.0
R3HCC1L,0.4422307,0.0,0.0
R3HDM1,0.35947558,0.0,0.0
R3HDM2,0.34427768,0.0,0.0
R3HDM4,0.20234206,0.0,-1.0
R3HDML,0.17188074,0.0,0.0
RAB10,0.34800956,0.0,0.0
RAB11A,0.48109362,0.0,-1.0
RAB11B,0.43183008,0.0,0.0
RAB11FIP1,0.35787317,0.0,0.0
RAB11FIP2,0.3669609,0.0,0.0
RAB11FIP3,0.20386256,0.0,0.0
RAB11FIP4,0.20766665,0.0,0.0
RAB11FIP5,0.38832074,0.0,0.0
RAB12,0.29051653,0.0,0.0
RAB13,0.36921126,0.0,0.0
RAB14,0.42880517,0.0,-1.0
RAB15,0.26750916,0.0,0.0
RAB17,0.24381484,0.0,0.0
RAB18,0.32071558,0.0,0.0
RAB19,0.25512126,0.0,0.0
RAB1A,0.41358516,0.0,-1.0
RAB1B,0.3232572,0.0,0.0
RAB1C,0.019001853,0.0,0.0
RAB20,0.25977322,0.0,0.0
RAB21,0.2689069,0.0,0.0
RAB22A,0.2643529,0.0,0.0
RAB23,0.31962812,0.0,0.0
RAB24,0.23922108,0.0,0.0
RAB25,0.38739696,0.0,0.0
RAB26,0.19523904,0.0,0.0
RAB27A,0.37198302,0.0,-1.0
RAB27B,0.21260999,0.0,-1.0
RAB28,0.26052776,0.0,0.0
RAB29,0.24156563,0.0,0.0
RAB2A,0.48889416,0.0,0.0
RAB2B,0.39507928,0.0,0.0
RAB30,0.23989426,0.0,0.0
RAB31,0.38687226,0.0,-1.0
RAB32,0.2923979,0.0,0.0
RAB33A,0.27770147,0.0,0.0
RAB33B,0.36207253,0.0,0.0
RAB34,0.25986537,0.0,0.0
RAB35,0.3074689,0.0,1.0
RAB36,0.25256473,0.0,0.0
RAB37,0.17277554,0.0,0.0
RAB38,0.20835778,0.0,0.0
RAB39A,0.18569478,0.0,0.0
RAB39B,0.15398896,0.0,-1.0
RAB3A,0.3522571,0.0,0.0
RAB3B,0.27295065,0.0,0.0
RAB3C,0.23562087,0.0,0.0
RAB3D,0.3507142,0.0,0.0
RAB3GAP1,0.26216963,0.0,0.0
RAB3GAP2,0.23996016,0.0,0.0
RAB3IL1,0.31027615,0.0,0.0
RAB3IP,0.33781153,0.0,0.0
RAB40A,0.27060017,0.0,-1.0
RAB40AL,0.31701735,0.0,0.0
RAB40B,0.26505786,0.0,0.0
RAB40C,0.28830683,0.0,0.0
RAB41,0.2348277,0.0,0.0
RAB42,0.18408807,0.0,-1.0
RAB43,0.2745903,0.0,0.0
RAB44,0.2658874,0.0,0.0
RAB4A,0.3299617,0.0,0.0
RAB4B,0.19135474,0.0,0.0
RAB4B-EGLN2,0.18003722,0.0,0.0
RAB5A,0.51135004,1.0,0.0
RAB5B,0.3749741,0.0,0.0
RAB5C,0.4211107,0.0,-1.0
RAB5IF,0.16058691,0.0,0.0
RAB6A,0.37714425,0.0,0.0
RAB6B,0.277042,0.0,0.0
RAB6C,0.25115845,0.0,0.0
RAB7A,0.44513237,0.0,-1.0
RAB7B,0.17824644,0.0,0.0
RAB8A,0.45215458,0.0,-1.0
RAB8B,0.3265973,0.0,0.0
RAB9A,0.3136077,0.0,0.0
RAB9B,0.21158837,0.0,0.0
RABAC1,0.23297743,0.0,0.0
RABEP1,0.32514015,0.0,1.0
RABEP2,0.16513218,0.0,0.0
RABEPK,0.27094173,0.0,-1.0
RABGAP1,0.3865508,0.0,0.0
RABGAP1L,0.39450365,0.0,-1.0
RABGEF1,0.36650598,0.0,-1.0
RABGGTA,0.23333472,0.0,0.0
RABGGTB,0.258635,0.0,-1.0
RABIF,0.22660396,0.0,-1.0
RABL2A,0.34720817,0.0,0.0
RABL2B,0.35558832,0.0,0.0
RABL3,0.3015188,0.0,0.0
RABL6,0.37079614,0.0,0.0
RAC1,0.5334304,1.0,1.0
RAC2,0.59144026,1.0,1.0
RAC3,0.43992844,0.0,-1.0
RACGAP1,0.5622953,1.0,-1.0
RACK1,0.50040025,1.0,-1.0
RAD1,0.38076898,0.0,-1.0
RAD17,0.39781785,0.0,1.0
RAD18,0.4086329,0.0,0.0
RAD21,0.40712675,0.0,1.0
RAD21L1,0.18052277,0.0,0.0
RAD23A,0.39072827,0.0,-1.0
RAD23B,0.43704242,0.0,-1.0
RAD50,0.43050018,0.0,1.0
RAD51,0.6126764,1.0,1.0
RAD51AP1,0.43552756,0.0,0.0
RAD51AP2,0.08149034,0.0,0.0
RAD51B,0.40796494,0.0,1.0
RAD51C,0.4242356,0.0,1.0
RAD51D,0.38162538,0.0,1.0
RAD52,0.41671997,0.0,-1.0
RAD54B,0.4163744,0.0,0.0
RAD54L,0.43686146,0.0,-1.0
RAD54L2,0.43951204,0.0,0.0
RAD9A,0.41294262,0.0,-1.0
RAD9B,0.21540225,0.0,0.0
RADIL,0.21152368,0.0,-1.0
RADX,0.22198413,0.0,0.0
RAE1,0.38259062,0.0,0.0
RAET1E,0.34057564,0.0,0.0
RAET1G,0.18310161,0.0,0.0
RAET1K,3.5268985e-07,0.0,0.0
RAET1L,0.18713468,0.0,0.0
RAF1,0.62927246,1.0,1.0
RAG1,0.5191159,1.0,-1.0
RAG2,0.52917963,1.0,-1.0
RAI1,0.2592775,0.0,-1.0
RAI14,0.471719,0.0,0.0
RAI2,0.26801288,0.0,0.0
RALA,0.5292178,1.0,-1.0
RALB,0.40866375,0.0,-1.0
RALBP1,0.3702482,0.0,-1.0
RALGAPA1,0.3996597,0.0,-1.0
RALGAPA2,0.32067358,0.0,0.0
RALGAPB,0.39835855,0.0,0.0
RALGDS,0.44200057,0.0,-1.0
RALGPS1,0.15092407,0.0,0.0
RALGPS2,0.25951356,0.0,-1.0
RALY,0.39542097,0.0,-1.0
RALYL,0.317882,0.0,-1.0
RAMAC,0.16176604,0.0,0.0
RAMP1,0.24185085,0.0,-1.0
RAMP2,0.33887836,0.0,0.0
RAMP3,0.32284,0.0,0.0
RAN,0.55025655,1.0,-1.0
RANBP1,0.3952054,0.0,0.0
RANBP10,0.2463179,0.0,-1.0
RANBP17,0.18644601,0.0,-1.0
RANBP2,0.52669203,1.0,1.0
RANBP3,0.30155224,0.0,0.0
RANBP3L,0.1688213,0.0,0.0
RANBP6,0.25816914,0.0,-1.0
RANBP9,0.40085596,0.0,-1.0
RANGAP1,0.46217477,0.0,0.0
RANGRF,0.19300893,0.0,0.0
RAP1A,0.4735882,0.0,-1.0
RAP1B,0.5066474,1.0,-1.0
RAP1BL,0.060174286,0.0,0.0
RAP1GAP,0.34532785,0.0,-1.0
RAP1GAP2,0.22763854,0.0,0.0
RAP1GDS1,0.31097957,0.0,1.0
RAP2A,0.4162725,0.0,-1.0
RAP2B,0.49296522,0.0,-1.0
RAP2C,0.3748885,0.0,0.0
RAPGEF1,0.35378847,0.0,-1.0
RAPGEF2,0.42843103,0.0,0.0
RAPGEF3,0.4300713,0.0,-1.0
RAPGEF4,0.41452152,0.0,0.0
RAPGEF5,0.33112872,0.0,-1.0
RAPGEF6,0.42118302,0.0,0.0
RAPGEFL1,0.20062234,0.0,0.0
RAPH1,0.28696373,0.0,-1.0
RAPSN,0.34715015,0.0,-1.0
RARA,0.6029712,1.0,1.0
RARB,0.49256614,0.0,-1.0
RARG,0.39954808,0.0,-1.0
RARRES1,0.25269875,0.0,-1.0
RARRES2,0.4115943,0.0,-1.0
RARS1,0.4455666,0.0,0.0
RARS2,0.23701358,0.0,0.0
RASA1,0.49183306,0.0,1.0
RASA2,0.44152772,0.0,-1.0
RASA3,0.3496258,0.0,-1.0
RASA4,0.3288179,0.0,0.0
RASA4B,0.26665834,0.0,0.0
RASAL1,0.30649444,0.0,-1.0
RASAL2,0.42632732,0.0,-1.0
RASAL3,0.18725832,0.0,0.0
RASD1,0.39990786,0.0,0.0
RASD2,0.39260238,0.0,0.0
RASEF,0.2674856,0.0,0.0
RASGEF1A,0.14976193,0.0,-1.0
RASGEF1B,0.25809383,0.0,-1.0
RASGEF1C,0.1554337,0.0,-1.0
RASGRF1,0.32387727,0.0,-1.0
RASGRF2,0.26795453,0.0,-1.0
RASGRP1,0.4054622,0.0,-1.0
RASGRP2,0.38347936,0.0,-1.0
RASGRP3,0.28911057,0.0,-1.0
RASGRP4,0.27393317,0.0,-1.0
RASIP1,0.48542628,0.0,0.0
RASL10A,0.34152392,0.0,0.0
RASL10B,0.22071888,0.0,0.0
RASL11A,0.33978045,0.0,0.0
RASL11B,0.35534742,0.0,-1.0
RASL12,0.45411527,0.0,0.0
RASSF1,0.42240682,0.0,-1.0
RASSF10,0.2243272,0.0,0.0
RASSF2,0.3816403,0.0,-1.0
RASSF3,0.2555734,0.0,0.0
RASSF4,0.21993552,0.0,0.0
RASSF5,0.2270059,0.0,-1.0
RASSF6,0.21268052,0.0,-1.0
RASSF7,0.2942608,0.0,0.0
RASSF8,0.31259444,0.0,-1.0
RASSF9,0.23336622,0.0,0.0
RAVER1,0.25744617,0.0,-1.0
RAVER2,0.22014457,0.0,0.0
RAX,0.28419182,0.0,0.0
RAX2,0.28823587,0.0,-1.0
RB1,0.69184786,1.0,1.0
RB1CC1,0.43546924,0.0,-1.0
RBAK,0.3240564,0.0,0.0
RBBP4,0.52995986,1.0,-1.0
RBBP5,0.37667933,0.0,-1.0
RBBP6,0.30435202,0.0,-1.0
RBBP7,0.53282046,1.0,-1.0
RBBP8,0.42647648,0.0,-1.0
RBBP8NL,0.16363125,0.0,0.0
RBBP9,0.27064255,0.0,0.0
RBCK1,0.2448095,0.0,0.0
RBFA,0.11583089,0.0,0.0
RBFOX1,0.3570427,0.0,-1.0
RBFOX2,0.37038052,0.0,0.0
RBFOX3,0.13007618,0.0,0.0
RBIS,0.15426223,0.0,0.0
RBKS,0.22314428,0.0,0.0
RBL1,0.5103865,1.0,-1.0
RBL2,0.56864953,1.0,-1.0
RBM10,0.36178032,0.0,1.0
RBM11,0.15560712,0.0,0.0
RBM12,0.2819751,0.0,-1.0
RBM12B,0.387157,0.0,0.0
RBM14,0.4303935,0.0,0.0
RBM14-RBM4,0.1905744,0.0,0.0
RBM15,0.49036902,0.0,1.0
RBM15B,0.25890115,0.0,-1.0
RBM17,0.38398865,0.0,0.0
RBM18,0.14678459,0.0,0.0
RBM19,0.23659837,0.0,0.0
RBM20,0.3185366,0.0,-1.0
RBM22,0.29962653,0.0,0.0
RBM23,0.35209438,0.0,0.0
RBM24,0.19706286,0.0,0.0
RBM25,0.35962197,0.0,-1.0
RBM26,0.3111185,0.0,-1.0
RBM27,0.32401463,0.0,-1.0
RBM28,0.3808323,0.0,0.0
RBM3,0.33319288,0.0,0.0
RBM33,0.28773838,0.0,0.0
RBM34,0.34888196,0.0,-1.0
RBM38,0.24996184,0.0,0.0
RBM39,0.4384764,0.0,-1.0
RBM4,0.3953094,0.0,0.0
RBM41,0.27431357,0.0,0.0
RBM42,0.17645524,0.0,0.0
RBM43,0.24158044,0.0,0.0
RBM44,0.08357303,0.0,0.0
RBM45,0.25790593,0.0,0.0
RBM46,0.09882306,0.0,0.0
RBM47,0.25443667,0.0,0.0
RBM48,0.2682519,0.0,0.0
RBM4B,0.30311567,0.0,0.0
RBM5,0.41124275,0.0,-1.0
RBM6,0.26829526,0.0,0.0
RBM7,0.24616782,0.0,-1.0
RBM8A,0.27540195,0.0,-1.0
RBMS1,0.41349107,0.0,0.0
RBMS2,0.24969068,0.0,0.0
RBMS3,0.3875032,0.0,0.0
RBMX,0.4015679,0.0,-1.0
RBMX2,0.19258009,0.0,-1.0
RBMXL1,0.22042441,0.0,0.0
RBMXL2,0.1172723,0.0,0.0
RBMXL3,0.085597925,0.0,-1.0
RBMY1A1,0.10005866,0.0,0.0
RBMY1B,0.033911336,0.0,0.0
RBMY1E,0.09613762,0.0,0.0
RBMY1F,0.11776776,0.0,0.0
RBMY1J,0.081881225,0.0,0.0
RBMY2FP,0.00097376684,0.0,0.0
RBP1,0.42883813,0.0,-1.0
RBP2,0.25306737,0.0,0.0
RBP3,0.2583853,0.0,0.0
RBP4,0.18742973,0.0,0.0
RBP5,0.13343492,0.0,0.0
RBP7,0.14437042,0.0,0.0
RBPJ,0.60045874,1.0,-1.0
RBPJL,0.47010896,0.0,0.0
RBPMS,0.31619307,0.0,0.0
RBPMS2,0.12788005,0.0,0.0
RBSN,0.31945822,0.0,0.0
RBX1,0.3429747,0.0,-1.0
RC3H1,0.45569927,0.0,0.0
RC3H2,0.34541094,0.0,0.0
RCAN1,0.37541443,0.0,0.0
RCAN2,0.27751672,0.0,-1.0
RCAN3,0.23960343,0.0,0.0
RCBTB1,0.33863622,0.0,0.0
RCBTB2,0.30512258,0.0,0.0
RCC1,0.46370324,0.0,-1.0
RCC1L,0.14139217,0.0,0.0
RCC2,0.37883806,0.0,-1.0
RCCD1,0.27717167,0.0,0.0
RCE1,0.21098632,0.0,0.0
RCHY1,0.29693267,0.0,-1.0
RCL1,0.25695315,0.0,-1.0
RCN1,0.47420228,0.0,0.0
RCN2,0.37131518,0.0,0.0
RCN3,0.33825827,0.0,0.0
RCOR1,0.35558426,0.0,0.0
RCOR2,0.23869225,0.0,0.0
RCOR3,0.36818373,0.0,0.0
RCSD1,0.23399983,0.0,0.0
RCVRN,0.4099716,0.0,0.0
RD3,0.21215026,0.0,-1.0
RD3L,0.13890438,0.0,0.0
RDH10,0.24147508,0.0,0.0
RDH11,0.24322866,0.0,0.0
RDH12,0.21739635,0.0,-1.0
RDH13,0.22467043,0.0,0.0
RDH14,0.25017655,0.0,0.0
RDH16,0.16736744,0.0,0.0
RDH5,0.29402226,0.0,0.0
RDH8,0.22361314,0.0,0.0
RDM1,0.0891298,0.0,0.0
RDX,0.4863406,0.0,-1.0
REC114,0.051906373,0.0,0.0
REC8,0.19850823,0.0,0.0
RECK,0.3624067,0.0,-1.0
RECQL,0.44424012,0.0,1.0
RECQL4,0.34583718,0.0,1.0
RECQL5,0.36583734,0.0,-1.0
REEP1,0.026693879,0.0,-1.0
REEP2,0.20585541,0.0,0.0
REEP3,0.1621274,0.0,0.0
REEP4,0.21521756,0.0,0.0
REEP5,0.2675527,0.0,-1.0
REEP6,0.14145528,0.0,0.0
REG1A,0.28149652,0.0,-1.0
REG1B,0.3188949,0.0,0.0
REG3A,0.28797328,0.0,-1.0
REG3G,0.26108676,0.0,0.0
REG4,0.20935087,0.0,-1.0
REL,0.68798083,1.0,1.0
RELA,0.65109766,1.0,-1.0
RELB,0.5299529,1.0,-1.0
RELCH,0.3341242,0.0,0.0
RELL1,0.3099919,0.0,0.0
RELL2,0.1998659,0.0,0.0
RELN,0.5044492,1.0,-1.0
RELT,0.2708988,0.0,0.0
REM1,0.5786417,1.0,-1.0
REM2,0.35272422,0.0,0.0
REN,0.56921697,1.0,-1.0
RENBP,0.19528753,0.0,0.0
REP15,0.22622131,0.0,0.0
REPIN1,0.3264208,0.0,0.0
REPS1,0.30563068,0.0,0.0
REPS2,0.29203165,0.0,-1.0
RER1,0.23354238,0.0,0.0
RERE,0.5140921,1.0,-1.0
RERG,0.34129497,0.0,0.0
RERGL,0.33445528,0.0,0.0
RESF1,0.38139275,0.0,-1.0
RESP18,0.17071922,0.0,-1.0
REST,0.5414574,1.0,1.0
RET,0.7078704,1.0,1.0
RETN,0.47259265,0.0,0.0
RETNLB,0.314809,0.0,0.0
RETREG1,0.21420482,0.0,0.0
RETREG2,0.119138174,0.0,0.0
RETREG3,0.15620674,0.0,0.0
RETSAT,0.18048377,0.0,0.0
REV1,0.4625599,0.0,0.0
REV3L,0.57614636,1.0,-1.0
REX1BD,0.1337173,0.0,0.0
REXO1,0.2147252,0.0,0.0
REXO1L1P,0.16206549,0.0,0.0
REXO1L6P,0.14889467,0.0,0.0
REXO2,0.22729717,0.0,0.0
REXO4,0.24282701,0.0,0.0
REXO5,0.15108156,0.0,0.0
RFC1,0.42905933,0.0,-1.0
RFC2,0.41097948,0.0,0.0
RFC3,0.42892385,0.0,-1.0
RFC4,0.4754739,0.0,-1.0
RFC5,0.45015892,0.0,-1.0
RFESD,0.22746181,0.0,0.0
RFFL,0.21954449,0.0,0.0
RFK,0.24325192,0.0,0.0
RFLNA,0.10823442,0.0,-1.0
RFLNB,0.14374651,0.0,-1.0
RFNG,0.2102973,0.0,0.0
RFPL1,0.21155402,0.0,0.0
RFPL2,0.20830601,0.0,0.0
RFPL3,0.2385547,0.0,0.0
RFPL3S,0.080359586,0.0,0.0
RFPL4A,0.17431313,0.0,0.0
RFPL4AL1,0.18194538,0.0,0.0
RFPL4B,0.20154473,0.0,0.0
RFT1,0.20142923,0.0,-1.0
RFTN1,0.23974326,0.0,-1.0
RFTN2,0.13484012,0.0,0.0
RFWD3,0.35077894,0.0,1.0
RFX1,0.418802,0.0,0.0
RFX2,0.27785978,0.0,-1.0
RFX3,0.2924927,0.0,0.0
RFX4,0.19402991,0.0,0.0
RFX5,0.07034968,0.0,-1.0
RFX6,0.21737294,0.0,-1.0
RFX7,0.23231351,0.0,-1.0
RFX8,0.20935243,0.0,0.0
RFXANK,0.37974522,0.0,-1.0
RFXAP,0.2757773,0.0,-1.0
RGCC,0.4360124,0.0,-1.0
RGL1,0.42812362,0.0,-1.0
RGL2,0.24673472,0.0,0.0
RGL3,0.23953643,0.0,0.0
RGL4,0.23302408,0.0,0.0
RGMA,0.39854905,0.0,0.0
RGMB,0.24465296,0.0,0.0
RGN,0.3558233,0.0,0.0
RGP1,0.17507629,0.0,0.0
RGPD1,0.24459195,0.0,0.0
RGPD2,0.26958278,0.0,0.0
RGPD3,0.15184963,0.0,1.0
RGPD4,0.13248383,0.0,0.0
RGPD5,0.2397981,0.0,0.0
RGPD6,0.22363532,0.0,0.0
RGPD8,0.2548273,0.0,0.0
RGR,0.22878851,0.0,-1.0
RGS1,0.45063326,0.0,-1.0
RGS10,0.31996292,0.0,0.0
RGS11,0.2608845,0.0,0.0
RGS12,0.2514362,0.0,-1.0
RGS13,0.25508547,0.0,0.0
RGS14,0.24757248,0.0,0.0
RGS16,0.35058558,0.0,0.0
RGS17,0.06551216,0.0,-1.0
RGS18,0.3210377,0.0,-1.0
RGS19,0.31346855,0.0,-1.0
RGS2,0.4440213,0.0,-1.0
RGS20,0.11521642,0.0,0.0
RGS21,0.03356236,0.0,0.0
RGS22,0.07963285,0.0,0.0
RGS3,0.32030737,0.0,-1.0
RGS4,0.40421942,0.0,0.0
RGS5,0.4526625,0.0,0.0
RGS6,0.25267312,0.0,0.0
RGS7,0.30406642,0.0,1.0
RGS7BP,0.18837029,0.0,0.0
RGS8,0.2072078,0.0,0.0
RGS9,0.21132073,0.0,0.0
RGS9BP,0.20199366,0.0,0.0
RGSL1,0.09505304,0.0,0.0
RHAG,0.45022652,0.0,0.0
RHBDD1,0.24941146,0.0,0.0
RHBDD2,0.24472974,0.0,0.0
RHBDD3,0.2926799,0.0,0.0
RHBDF1,0.30742854,0.0,0.0
RHBDF2,0.54582,1.0,-1.0
RHBDL1,0.3169109,0.0,0.0
RHBDL2,0.2434109,0.0,0.0
RHBDL3,0.3290022,0.0,0.0
RHBG,0.19502024,0.0,-1.0
RHCE,0.3664916,0.0,0.0
RHCG,0.25698304,0.0,-1.0
RHD,0.31380156,0.0,0.0
RHEB,0.44227645,0.0,1.0
RHEBL1,0.35157025,0.0,0.0
RHEX,0.20813107,0.0,0.0
RHNO1,0.28193352,0.0,0.0
RHO,0.48935762,0.0,-1.0
RHOA,0.66628397,1.0,1.0
RHOB,0.5137731,1.0,-1.0
RHOBTB1,0.39334032,0.0,-1.0
RHOBTB2,0.38067114,0.0,-1.0
RHOBTB3,0.37707016,0.0,-1.0
RHOC,0.5089702,1.0,-1.0
RHOD,0.45037165,0.0,0.0
RHOF,0.39719954,0.0,-1.0
RHOG,0.478649,0.0,-1.0
RHOH,0.460862,0.0,1.0
RHOJ,0.532894,1.0,0.0
RHOQ,0.44408315,0.0,0.0
RHOT1,0.37137038,0.0,0.0
RHOT2,0.35878858,0.0,0.0
RHOU,0.43711963,0.0,0.0
RHOV,0.3944052,0.0,0.0
RHOXF1,0.28262863,0.0,0.0
RHOXF2,0.23972286,0.0,0.0
RHPN1,0.25623488,0.0,0.0
RHPN1-AS1,0.19445573,0.0,0.0
RHPN2,0.23948266,0.0,-1.0
RIBC1,0.1721007,0.0,0.0
RIBC2,0.21339583,0.0,0.0
RIC1,0.32373872,0.0,0.0
RIC3,0.19260064,0.0,0.0
RIC8A,0.17537013,0.0,0.0
RIC8B,0.15180296,0.0,0.0
RICTOR,0.5337485,1.0,1.0
RIDA,0.21472552,0.0,0.0
RIF1,0.4582841,0.0,0.0
RIIAD1,0.08333424,0.0,0.0
RILP,0.25110847,0.0,0.0
RILPL1,0.21264675,0.0,0.0
RILPL2,0.17974733,0.0,0.0
RIMBP2,0.24272612,0.0,-1.0
RIMBP3,0.1607439,0.0,0.0
RIMBP3C,0.08309453,0.0,0.0
RIMKLA,0.20592237,0.0,0.0
RIMKLB,0.1907361,0.0,0.0
RIMOC1,0.23882452,0.0,0.0
RIMS1,0.29657894,0.0,-1.0
RIMS2,0.3139726,0.0,-1.0
RIMS3,0.18260604,0.0,0.0
RIMS4,0.17118989,0.0,0.0
RIN1,0.37396204,0.0,0.0
RIN2,0.34890157,0.0,0.0
RIN3,0.30113217,0.0,0.0
RING1,0.4277634,0.0,0.0
RINL,0.16670258,0.0,-1.0
RINT1,0.31453693,0.0,0.0
RIOK1,0.259392,0.0,0.0
RIOK2,0.23629445,0.0,-1.0
RIOK3,0.29546627,0.0,0.0
RIOX1,0.20022887,0.0,0.0
RIOX2,0.47162458,0.0,-1.0
RIPK1,0.46158418,0.0,-1.0
RIPK2,0.44342062,0.0,-1.0
RIPK3,0.42484167,0.0,0.0
RIPK4,0.50703615,1.0,0.0
RIPOR1,0.22258382,0.0,-1.0
RIPOR2,0.3456893,0.0,-1.0
RIPOR3,0.16568193,0.0,0.0
RIPPLY1,0.16475667,0.0,0.0
RIPPLY2,0.14212677,0.0,0.0
RIPPLY3,0.07728054,0.0,0.0
RIT1,0.5303122,1.0,1.0
RIT2,0.5018152,1.0,-1.0
RITA1,0.19470075,0.0,0.0
RLBP1,0.31985667,0.0,-1.0
RLF,0.380104,0.0,-1.0
RLIM,0.31386817,0.0,-1.0
RLN1,0.20829868,0.0,0.0
RLN2,0.2089697,0.0,-1.0
RLN3,0.22349772,0.0,0.0
RMC1,0.24719532,0.0,0.0
RMDN1,0.2316791,0.0,-1.0
RMDN2,0.21622002,0.0,0.0
RMDN3,0.22906032,0.0,0.0
RMI1,0.4362026,0.0,0.0
RMI2,0.41658768,0.0,1.0
RMND1,0.12857261,0.0,0.0
RMND5A,0.048545536,0.0,0.0
RMND5B,0.18646638,0.0,-1.0
RMRP,0.14736918,0.0,-1.0
RN7SK,0.13301691,0.0,0.0
RNASE1,0.490176,0.0,0.0
RNASE10,0.002939903,0.0,-1.0
RNASE11,0.06450747,0.0,-1.0
RNASE12,0.011967581,0.0,0.0
RNASE13,0.029784376,0.0,0.0
RNASE2,0.44501865,0.0,0.0
RNASE3,0.34769183,0.0,0.0
RNASE4,0.18037316,0.0,-1.0
RNASE6,0.32556397,0.0,0.0
RNASE7,0.039618984,0.0,0.0
RNASE8,0.022638788,0.0,0.0
RNASE9,0.00013914298,0.0,0.0
RNASEH1,0.24912363,0.0,0.0
RNASEH2A,0.3486914,0.0,0.0
RNASEH2B,0.26696423,0.0,0.0
RNASEH2C,0.1985112,0.0,0.0
RNASEK,0.15245269,0.0,0.0
RNASEK-C17orf49,0.121015504,0.0,0.0
RNASEL,0.5002721,1.0,-1.0
RNASET2,0.26023373,0.0,-1.0
RND1,0.39469635,0.0,0.0
RND2,0.3887052,0.0,0.0
RND3,0.52971214,1.0,-1.0
RNF10,0.24366765,0.0,0.0
RNF103,0.24920058,0.0,-1.0
RNF103-CHMP3,0.32190722,0.0,0.0
RNF11,0.34787992,0.0,-1.0
RNF111,0.38875398,0.0,-1.0
RNF112,0.27225903,0.0,0.0
RNF113A,0.21530321,0.0,0.0
RNF113B,0.091861725,0.0,0.0
RNF114,0.24059838,0.0,0.0
RNF115,0.23217222,0.0,0.0
RNF121,0.11667685,0.0,0.0
RNF122,0.23888543,0.0,0.0
RNF123,0.27149633,0.0,0.0
RNF125,0.21222652,0.0,0.0
RNF126,0.23611802,0.0,0.0
RNF128,0.40855736,0.0,0.0
RNF13,0.3022806,0.0,0.0
RNF130,0.25604573,0.0,0.0
RNF133,0.07555138,0.0,0.0
RNF135,0.22279407,0.0,0.0
RNF138,0.29445413,0.0,0.0
RNF139,0.3429457,0.0,-1.0
RNF14,0.2807627,0.0,0.0
RNF141,0.16130035,0.0,0.0
RNF144A,0.18783078,0.0,0.0
RNF144B,0.17500225,0.0,-1.0
RNF145,0.2786265,0.0,0.0
RNF146,0.25098604,0.0,-1.0
RNF148,0.07987685,0.0,0.0
RNF149,0.35635293,0.0,0.0
RNF150,0.2243309,0.0,0.0
RNF151,0.0858073,0.0,0.0
RNF152,0.08320308,0.0,0.0
RNF157,0.11306826,0.0,-1.0
RNF165,0.20778735,0.0,0.0
RNF166,0.16550507,0.0,0.0
RNF167,0.16562428,0.0,0.0
RNF168,0.32152367,0.0,-1.0
RNF169,0.3625966,0.0,0.0
RNF17,0.088042185,0.0,0.0
RNF170,0.2200083,0.0,0.0
RNF175,0.14759113,0.0,0.0
RNF180,0.16742207,0.0,0.0
RNF181,0.22243325,0.0,0.0
RNF182,0.17022936,0.0,0.0
RNF183,0.09039606,0.0,0.0
RNF185,0.1786193,0.0,-1.0
RNF186,0.12523165,0.0,-1.0
RNF187,0.13235283,0.0,0.0
RNF19A,0.3090499,0.0,0.0
RNF19B,0.26313412,0.0,0.0
RNF2,0.54103404,1.0,0.0
RNF20,0.39789912,0.0,-1.0
RNF207,0.14681508,0.0,-1.0
RNF208,0.1657167,0.0,0.0
RNF212,0.1207207,0.0,0.0
RNF213,0.2964307,0.0,1.0
RNF214,0.19073102,0.0,0.0
RNF215,0.2279815,0.0,0.0
RNF216,0.32223517,0.0,-1.0
RNF216P1,0.022639474,0.0,0.0
RNF217,0.24221091,0.0,-1.0
RNF220,0.1778464,0.0,-1.0
RNF222,0.1992151,0.0,0.0
RNF24,0.2654911,0.0,0.0
RNF25,0.24016762,0.0,0.0
RNF26,0.16459091,0.0,-1.0
RNF31,0.22719721,0.0,0.0
RNF32,0.11032996,0.0,0.0
RNF32-DT,0.08591878,0.0,0.0
RNF34,0.28973812,0.0,0.0
RNF38,0.26406574,0.0,0.0
RNF39,0.2025381,0.0,0.0
RNF4,0.29895782,0.0,-1.0
RNF40,0.33266333,0.0,-1.0
RNF41,0.20083714,0.0,0.0
RNF43,0.26543126,0.0,1.0
RNF44,0.23803271,0.0,0.0
RNF5,0.3082332,0.0,0.0
RNF5P1,0.1957644,0.0,0.0
RNF6,0.2895932,0.0,-1.0
RNF7,0.2094161,0.0,-1.0
RNF8,0.33189183,0.0,0.0
RNFT1,0.1944554,0.0,-1.0
RNFT2,0.21655898,0.0,0.0
RNGTT,0.41979122,0.0,0.0
RNH1,0.525776,1.0,0.0
RNLS,0.19192249,0.0,0.0
RNMT,0.3290722,0.0,0.0
RNPC3,0.39221692,0.0,0.0
RNPEP,0.35851693,0.0,0.0
RNPEPL1,0.23096351,0.0,0.0
RNPS1,0.2600513,0.0,0.0
RNU1-4,0.0009961033,0.0,0.0
RNU11,0.21484713,0.0,0.0
RNU12,0.2187462,0.0,0.0
RNU12-2P,0.15030533,0.0,0.0
RNU2-1,0.0009961033,0.0,0.0
RNU4ATAC,0.24259461,0.0,0.0
RNU6ATAC,0.23473966,0.0,0.0
RNU86,0.073753044,0.0,0.0
RO60,0.37314782,0.0,-1.0
ROBO1,0.35099626,0.0,1.0
ROBO2,0.35004127,0.0,1.0
ROBO3,0.3006498,0.0,-1.0
ROBO4,0.3325846,0.0,0.0
ROCK1,0.5745017,1.0,-1.0
ROCK1P1,0.2611669,0.0,0.0
ROCK2,0.49008766,0.0,-1.0
ROGDI,0.116816774,0.0,0.0
ROM1,0.36440575,0.0,-1.0
ROMO1,0.0906648,0.0,0.0
ROPN1,0.07575804,0.0,0.0
ROPN1B,0.07390612,0.0,0.0
ROPN1L,0.068783864,0.0,0.0
ROR1,0.46049732,0.0,-1.0
ROR2,0.38191938,0.0,-1.0
RORA,0.42482984,0.0,0.0
RORB,0.3114914,0.0,0.0
RORC,0.49687973,0.0,-1.0
ROS1,0.47572094,0.0,1.0
RP1,0.22562778,0.0,-1.0
RP1L1,0.19302033,0.0,-1.0
RP2,0.22850941,0.0,-1.0
RP9,0.2381346,0.0,-1.0
RP9P,0.08480443,0.0,0.0
RPA1,0.557812,1.0,-1.0
RPA2,0.44432938,0.0,-1.0
RPA3,0.35037142,0.0,-1.0
RPA4,0.3810071,0.0,0.0
RPAIN,0.22210893,0.0,-1.0
RPAP1,0.22683555,0.0,0.0
RPAP2,0.28091592,0.0,0.0
RPAP3,0.3082887,0.0,0.0
RPE,0.4393908,0.0,-1.0
RPE65,0.3849452,0.0,-1.0
RPEL1,0.0075721047,0.0,0.0
RPF1,0.1580743,0.0,0.0
RPF2,0.33982253,0.0,0.0
RPGR,0.36433527,0.0,-1.0
RPGRIP1,0.14153641,0.0,-1.0
RPGRIP1L,0.41154808,0.0,-1.0
RPH3A,0.26955318,0.0,-1.0
RPH3AL,0.1897146,0.0,-1.0
RPIA,0.35319996,0.0,-1.0
RPL10,0.3792766,0.0,1.0
RPL10A,0.33611977,0.0,0.0
RPL10L,0.19626795,0.0,0.0
RPL11,0.37641212,0.0,-1.0
RPL12,0.35941947,0.0,0.0
RPL12P1,0.019948866,0.0,0.0
RPL13,0.33677188,0.0,0.0
RPL13A,0.37606612,0.0,-1.0
RPL13AP17,1.4000487e-09,0.0,0.0
RPL13AP20,0.1643544,0.0,0.0
RPL13AP5,0.2283525,0.0,0.0
RPL14,0.3805548,0.0,0.0
RPL15,0.32082585,0.0,0.0
RPL17,0.3490862,0.0,0.0
RPL17-C18orf32,0.20669132,0.0,0.0
RPL18,0.3462594,0.0,0.0
RPL18A,0.32871732,0.0,-1.0
RPL18AP3,0.2091139,0.0,0.0
RPL19,0.37341058,0.0,0.0
RPL21,0.37058002,0.0,0.0
RPL21P28,0.0030277763,0.0,0.0
RPL21P97,0.0172718,0.0,0.0
RPL22,0.4439306,0.0,1.0
RPL22L1,0.20359956,0.0,0.0
RPL23,0.38013327,0.0,0.0
RPL23A,0.34573796,0.0,0.0
RPL23AP32,0.020113166,0.0,0.0
RPL23AP53,0.00022652376,0.0,0.0
RPL24,0.40818423,0.0,0.0
RPL26,0.315281,0.0,-1.0
RPL26L1,0.2602529,0.0,0.0
RPL27,0.36546916,0.0,0.0
RPL27A,0.34035733,0.0,0.0
RPL28,0.32988337,0.0,-1.0
RPL29,0.3123942,0.0,-1.0
RPL3,0.35156152,0.0,0.0
RPL30,0.35394785,0.0,0.0
RPL31,0.3235606,0.0,-1.0
RPL32,0.32706335,0.0,0.0
RPL32P3,0.013497927,0.0,0.0
RPL34,0.3074418,0.0,-1.0
RPL35,0.31314355,0.0,0.0
RPL35A,0.33555806,0.0,-1.0
RPL35P5,0.06789131,0.0,0.0
RPL36,0.343199,0.0,0.0
RPL36A,0.27840862,0.0,0.0
RPL36A-HNRNPH2,0.1723102,0.0,0.0
RPL36AL,0.21008903,0.0,0.0
RPL37,0.24454793,0.0,0.0
RPL37A,0.31889278,0.0,0.0
RPL38,0.31684405,0.0,0.0
RPL39,0.25282645,0.0,0.0
RPL39L,0.22321026,0.0,0.0
RPL3L,0.27057338,0.0,0.0
RPL4,0.3648285,0.0,0.0
RPL41,0.18714176,0.0,0.0
RPL4P5,0.10462897,0.0,0.0
RPL5,0.42928398,0.0,1.0
RPL6,0.3910423,0.0,0.0
RPL6P1,0.055253018,0.0,0.0
RPL7,0.38317338,0.0,0.0
RPL7A,0.37569663,0.0,0.0
RPL7L1,0.28691924,0.0,0.0
RPL8,0.3124932,0.0,0.0
RPL9,0.31365734,0.0,0.0
RPL9P7,0.16103661,0.0,0.0
RPL9P8,0.16103661,0.0,0.0
RPLP0,0.40537867,0.0,0.0
RPLP0P6,0.17843471,0.0,0.0
RPLP1,0.32530266,0.0,0.0
RPLP2,0.3337593,0.0,0.0
RPN1,0.345787,0.0,1.0
RPN2,0.30210635,0.0,0.0
RPP14,0.15800704,0.0,0.0
RPP21,0.14119248,0.0,0.0
RPP25,0.15610395,0.0,0.0
RPP25L,0.18367615,0.0,0.0
RPP30,0.27827337,0.0,0.0
RPP38,0.21378753,0.0,-1.0
RPP38-DT,0.1470293,0.0,0.0
RPP40,0.19516069,0.0,0.0
RPPH1,0.13797659,0.0,0.0
RPRD1A,0.23521361,0.0,0.0
RPRD1B,0.24444224,0.0,-1.0
RPRD2,0.24895337,0.0,0.0
RPRM,0.23745851,0.0,-1.0
RPRML,0.10397683,0.0,0.0
RPS10,0.30982924,0.0,-1.0
RPS10-NUDT3,0.005519459,0.0,0.0
RPS10P5,0.14652559,0.0,0.0
RPS10P7,0.009130964,0.0,0.0
RPS11,0.34451792,0.0,0.0
RPS12,0.31331342,0.0,0.0
RPS13,0.3613917,0.0,-1.0
RPS14,0.37144858,0.0,0.0
RPS15,0.31129122,0.0,-1.0
RPS15A,0.32186228,0.0,0.0
RPS16,0.385556,0.0,0.0
RPS17,0.31309292,0.0,-1.0
RPS18,0.37089172,0.0,0.0
RPS19,0.37988484,0.0,-1.0
RPS19BP1,0.25349146,0.0,0.0
RPS2,0.33028555,0.0,-1.0
RPS20,0.36688733,0.0,0.0
RPS21,0.22100994,0.0,0.0
RPS23,0.34257317,0.0,0.0
RPS24,0.31937104,0.0,-1.0
RPS25,0.35218757,0.0,0.0
RPS26,0.35102466,0.0,-1.0
RPS26P11,0.20652246,0.0,0.0
RPS27,0.2873594,0.0,-1.0
RPS27A,0.53356344,1.0,-1.0
RPS27L,0.2946773,0.0,0.0
RPS28,0.30006394,0.0,0.0
RPS29,0.2816623,0.0,0.0
RPS3,0.40785462,0.0,0.0
RPS3A,0.4808657,0.0,-1.0
RPS4X,0.4314616,0.0,0.0
RPS4Y1,0.26679537,0.0,0.0
RPS4Y2,0.16398986,0.0,0.0
RPS5,0.38436803,0.0,0.0
RPS6,0.46976334,0.0,-1.0
RPS6KA1,0.54345727,1.0,-1.0
RPS6KA2,0.5456788,1.0,0.0
RPS6KA3,0.5874769,1.0,-1.0
RPS6KA4,0.40762484,0.0,1.0
RPS6KA5,0.31845036,0.0,-1.0
RPS6KA6,0.38936374,0.0,-1.0
RPS6KB1,0.61124057,1.0,-1.0
RPS6KB2,0.41333815,0.0,1.0
RPS6KC1,0.24167265,0.0,0.0
RPS6KL1,0.17832549,0.0,0.0
RPS7,0.32358813,0.0,-1.0
RPS8,0.352186,0.0,0.0
RPS9,0.32400903,0.0,0.0
RPSA,0.43763587,0.0,0.0
RPSAP58,0.007717153,0.0,-1.0
RPTN,0.09114112,0.0,0.0
RPTOR,0.41697398,0.0,1.0
RPUSD1,0.21215394,0.0,0.0
RPUSD2,0.21688901,0.0,0.0
RPUSD3,0.27361867,0.0,0.0
RPUSD4,0.22082318,0.0,0.0
RRAD,0.49111325,0.0,-1.0
RRAGA,0.2701611,0.0,0.0
RRAGB,0.2900828,0.0,0.0
RRAGC,0.2935292,0.0,1.0
RRAGD,0.28755823,0.0,0.0
RRAS,0.4707429,0.0,1.0
RRAS2,0.4194585,0.0,1.0
RRBP1,0.4921292,0.0,0.0
RREB1,0.4198162,0.0,-1.0
RRH,0.27550685,0.0,0.0
RRM1,0.5096519,1.0,-1.0
RRM2,0.49581194,0.0,-1.0
RRM2B,0.35662615,0.0,-1.0
RRN3,0.28607392,0.0,0.0
RRP1,0.292652,0.0,0.0
RRP12,0.31390655,0.0,0.0
RRP15,0.21527818,0.0,0.0
RRP1B,0.3420016,0.0,0.0
RRP36,0.13925125,0.0,0.0
RRP7A,0.16541505,0.0,0.0
RRP7BP,0.0010746942,0.0,0.0
RRP8,0.38470566,0.0,0.0
RRP9,0.19329937,0.0,-1.0
RRS1,0.3661952,0.0,-1.0
RS1,0.27960122,0.0,-1.0
RSAD1,0.19375576,0.0,0.0
RSAD2,0.26318562,0.0,0.0
RSBN1,0.29225424,0.0,-1.0
RSBN1L,0.3712155,0.0,-1.0
RSC1A1,0.12676863,0.0,0.0
RSF1,0.39744055,0.0,-1.0
RSKR,0.3522487,0.0,0.0
RSL1D1,0.3075741,0.0,-1.0
RSL24D1,0.22985496,0.0,0.0
RSPH1,0.16148327,0.0,-1.0
RSPH10B,0.15132107,0.0,0.0
RSPH10B2,0.14093068,0.0,0.0
RSPH14,0.18070416,0.0,-1.0
RSPH3,0.17742884,0.0,0.0
RSPH4A,0.1494369,0.0,-1.0
RSPH6A,0.09017817,0.0,0.0
RSPH9,0.13854562,0.0,-1.0
RSPO1,0.38259956,0.0,-1.0
RSPO2,0.25741324,0.0,1.0
RSPO3,0.32608745,0.0,1.0
RSPO4,0.2811764,0.0,0.0
RSPRY1,0.20885494,0.0,0.0
RSRC1,0.25932294,0.0,0.0
RSRC2,0.28421167,0.0,0.0
RSRP1,0.30357403,0.0,-1.0
RSU1,0.38212112,0.0,0.0
RTBDN,0.074171394,0.0,0.0
RTCA,0.2881078,0.0,-1.0
RTCB,0.32325575,0.0,0.0
RTEL1,0.42937595,0.0,1.0
RTEL1-TNFRSF6B,0.37736505,0.0,0.0
RTF1,0.27630886,0.0,0.0
RTF2,0.16083454,0.0,-1.0
RTKN,0.41950294,0.0,0.0
RTKN2,0.09873694,0.0,0.0
RTL1,0.23981443,0.0,0.0
RTL10,0.37165868,0.0,0.0
RTL3,0.12839946,0.0,0.0
RTL4,0.20500076,0.0,0.0
RTL5,0.12736736,0.0,0.0
RTL6,0.14594933,0.0,-1.0
RTL8A,0.13762456,0.0,0.0
RTL8B,0.16379273,0.0,0.0
RTL8C,0.106631756,0.0,0.0
RTL9,0.24272095,0.0,-1.0
RTN1,0.2664264,0.0,0.0
RTN2,0.22023344,0.0,0.0
RTN3,0.24486023,0.0,0.0
RTN4,0.48132384,0.0,-1.0
RTN4IP1,0.30453458,0.0,-1.0
RTN4R,0.51321065,1.0,0.0
RTN4RL1,0.36541575,0.0,0.0
RTN4RL2,0.36844113,0.0,0.0
RTP1,0.005056502,0.0,0.0
RTP2,0.034520313,0.0,0.0
RTP3,0.086970165,0.0,0.0
RTP4,0.15989976,0.0,0.0
RTP5,0.080201305,0.0,0.0
RTRAF,0.24958065,0.0,0.0
RTTN,0.27088624,0.0,-1.0
RUBCN,0.23312612,0.0,0.0
RUBCNL,0.07010303,0.0,0.0
RUFY1,0.31590903,0.0,-1.0
RUFY2,0.36055684,0.0,0.0
RUFY3,0.2595751,0.0,0.0
RUFY4,0.17470676,0.0,0.0
RUNDC1,0.14906761,0.0,0.0
RUNDC3A,0.30904213,0.0,0.0
RUNDC3B,0.13123529,0.0,0.0
RUNX1,0.5937175,1.0,1.0
RUNX1T1,0.53335226,1.0,1.0
RUNX2,0.5961474,1.0,-1.0
RUNX3,0.482692,0.0,-1.0
RUSC1,0.2654708,0.0,0.0
RUSC1-AS1,0.2003341,0.0,0.0
RUSC2,0.24061406,0.0,-1.0
RUSF1,0.33457035,0.0,0.0
RUVBL1,0.46230337,0.0,-1.0
RUVBL2,0.47981462,0.0,-1.0
RWDD1,0.11815025,0.0,0.0
RWDD2A,0.14787106,0.0,0.0
RWDD2B,0.12702118,0.0,0.0
RWDD3,0.20802422,0.0,0.0
RWDD4,0.13604523,0.0,0.0
RXFP1,0.37563825,0.0,0.0
RXFP2,0.40354034,0.0,-1.0
RXFP3,0.2249176,0.0,-1.0
RXFP4,0.18469228,0.0,0.0
RXRA,0.60055995,1.0,-1.0
RXRB,0.3638465,0.0,-1.0
RXRG,0.37996966,0.0,-1.0
RXYLT1,0.15503007,0.0,0.0
RYBP,0.3501977,0.0,1.0
RYK,0.31440204,0.0,-1.0
RYR1,0.5680417,1.0,-1.0
RYR2,0.44006857,0.0,-1.0
RYR3,0.36244604,0.0,-1.0
S100A1,0.25429156,0.0,-1.0
S100A10,0.39960042,0.0,-1.0
S100A11,0.37755844,0.0,0.0
S100A12,0.32787138,0.0,0.0
S100A13,0.2087855,0.0,-1.0
S100A14,0.2833356,0.0,-1.0
S100A16,0.20168324,0.0,0.0
S100A2,0.33742732,0.0,-1.0
S100A3,0.10193094,0.0,0.0
S100A4,0.52044034,1.0,-1.0
S100A5,0.23895504,0.0,0.0
S100A6,0.44294629,0.0,-1.0
S100A7,0.21833993,0.0,1.0
S100A7A,0.012574731,0.0,-1.0
S100A7L2,0.0003427297,0.0,0.0
S100A8,0.51919585,1.0,-1.0
S100A9,0.44959477,0.0,-1.0
S100B,0.6111786,1.0,-1.0
S100G,0.24774395,0.0,0.0
S100P,0.25954276,0.0,-1.0
S100PBP,0.247937,0.0,-1.0
S100Z,0.10791335,0.0,0.0
S1PR1,0.4178292,0.0,-1.0
S1PR2,0.3632327,0.0,-1.0
S1PR3,0.3303732,0.0,0.0
S1PR4,0.31643566,0.0,-1.0
S1PR5,0.27937338,0.0,0.0
SAA1,0.4051781,0.0,-1.0
SAA2,0.2335985,0.0,-1.0
SAA4,0.25593472,0.0,0.0
SAAL1,0.29450712,0.0,0.0
SAC3D1,0.31352407,0.0,0.0
SACM1L,0.44903645,0.0,0.0
SACS,0.36233535,0.0,-1.0
SAE1,0.35170114,0.0,0.0
SAFB,0.37947428,0.0,0.0
SAFB2,0.4058722,0.0,0.0
SAG,0.4935488,0.0,-1.0
SAGE1,0.2939848,0.0,-1.0
SALL1,0.41160095,0.0,-1.0
SALL2,0.26498362,0.0,0.0
SALL3,0.21878497,0.0,-1.0
SALL4,0.32845944,0.0,1.0
SAMD1,0.2602433,0.0,0.0
SAMD10,0.1301781,0.0,0.0
SAMD11,0.15690885,0.0,0.0
SAMD12,0.107896455,0.0,0.0
SAMD13,0.15707631,0.0,0.0
SAMD14,0.31723428,0.0,0.0
SAMD15,0.09890549,0.0,0.0
SAMD3,0.30375502,0.0,0.0
SAMD4A,0.28918323,0.0,0.0
SAMD4B,0.259772,0.0,0.0
SAMD5,0.15528233,0.0,0.0
SAMD7,0.08066979,0.0,0.0
SAMD8,0.1932826,0.0,0.0
SAMD9,0.2254386,0.0,0.0
SAMD9L,0.25993693,0.0,-1.0
SAMHD1,0.62705255,1.0,1.0
SAMM50,0.19022621,0.0,-1.0
SAMSN1,0.36340758,0.0,0.0
SANBR,0.25953993,0.0,0.0
SAP130,0.32419887,0.0,0.0
SAP18,0.3163483,0.0,0.0
SAP25,0.19050707,0.0,0.0
SAP30,0.39972693,0.0,-1.0
SAP30BP,0.21918733,0.0,0.0
SAP30L,0.25908586,0.0,0.0
SAPCD1,0.17668757,0.0,0.0
SAPCD2,0.30512926,0.0,0.0
SAR1A,0.32975432,0.0,0.0
SAR1B,0.27147245,0.0,-1.0
SARAF,0.2120379,0.0,0.0
SARDH,0.26271397,0.0,0.0
SARM1,0.23656324,0.0,0.0
SARNP,0.28181124,0.0,-1.0
SARS2,0.41251573,0.0,0.0
SART1,0.32405236,0.0,0.0
SART3,0.35605472,0.0,-1.0
SASH1,0.32114702,0.0,-1.0
SASH3,0.41942883,0.0,0.0
SASS6,0.342714,0.0,0.0
SAT1,0.5218001,1.0,0.0
SAT2,0.1385819,0.0,0.0
SATB1,0.4075777,0.0,-1.0
SATB2,0.4865353,0.0,-1.0
SATL1,0.22683476,0.0,0.0
SAV1,0.46139672,0.0,-1.0
SAXO1,0.051121857,0.0,0.0
SAXO2,0.030420292,0.0,0.0
SAYSD1,0.117353134,0.0,0.0
SBDS,0.28887463,0.0,1.0
SBF1,0.28285903,0.0,0.0
SBF2,0.34163615,0.0,-1.0
SBK1,0.18843044,0.0,0.0
SBK2,0.14766043,0.0,0.0
SBNO1,0.28421628,0.0,-1.0
SBNO2,0.28774682,0.0,0.0
SBSN,0.17343402,0.0,-1.0
SBSPON,0.18793604,0.0,0.0
SC5D,0.27460107,0.0,0.0
SCAF1,0.2953027,0.0,-1.0
SCAF11,0.4235873,0.0,0.0
SCAF4,0.23884128,0.0,-1.0
SCAF8,0.38682854,0.0,0.0
SCAI,0.30675787,0.0,0.0
SCAMP1,0.32747817,0.0,0.0
SCAMP2,0.26326236,0.0,0.0
SCAMP3,0.28179955,0.0,0.0
SCAMP4,0.26684082,0.0,-1.0
SCAMP5,0.22321106,0.0,0.0
SCAND1,0.29141703,0.0,0.0
SCAND2P,0.18852797,0.0,0.0
SCAP,0.3204208,0.0,0.0
SCAPER,0.3631969,0.0,-1.0
SCARA3,0.36856696,0.0,0.0
SCARA5,0.25926226,0.0,0.0
SCARB1,0.55736864,1.0,-1.0
SCARB2,0.5655292,1.0,-1.0
SCARF1,0.33694896,0.0,0.0
SCARF2,0.2202752,0.0,0.0
SCARNA13,0.12712215,0.0,0.0
SCARNA16,0.08952259,0.0,0.0
SCARNA2,0.22169007,0.0,0.0
SCARNA20,0.044426445,0.0,0.0
SCARNA27,0.11563775,0.0,0.0
SCARNA9,0.017336376,0.0,0.0
SCCPDH,0.25606906,0.0,0.0
SCD,0.36644694,0.0,-1.0
SCD5,0.31047124,0.0,0.0
SCEL,0.29116362,0.0,0.0
SCFD1,0.38599774,0.0,0.0
SCFD2,0.1618308,0.0,0.0
SCG2,0.34905115,0.0,0.0
SCG3,0.22679573,0.0,0.0
SCG5,0.32194117,0.0,1.0
SCGB1A1,0.39240777,0.0,0.0
SCGB1C1,0.013289317,0.0,0.0
SCGB1D1,0.30157888,0.0,0.0
SCGB1D2,0.20001155,0.0,0.0
SCGB1D4,0.44634303,0.0,0.0
SCGB2A1,0.23786198,0.0,0.0
SCGB2A2,0.19805692,0.0,0.0
SCGB2B2,0.2684243,0.0,0.0
SCGB3A1,0.15615794,0.0,0.0
SCGB3A2,0.16867319,0.0,0.0
SCGN,0.38334906,0.0,0.0
SCHIP1,0.18616916,0.0,0.0
SCIMP,0.1336572,0.0,0.0
SCIN,0.32869497,0.0,-1.0
SCLT1,0.40061805,0.0,-1.0
SCLY,0.2562271,0.0,0.0
SCMH1,0.27732733,0.0,0.0
SCML1,0.2171138,0.0,0.0
SCML2,0.27763283,0.0,0.0
SCML4,0.29327548,0.0,0.0
SCN10A,0.40072918,0.0,-1.0
SCN11A,0.45056796,0.0,-1.0
SCN1A,0.3624206,0.0,-1.0
SCN1B,0.27467886,0.0,-1.0
SCN2A,0.42163587,0.0,-1.0
SCN2B,0.2880179,0.0,0.0
SCN3A,0.29951724,0.0,-1.0
SCN3B,0.29693317,0.0,-1.0
SCN4A,0.40429202,0.0,-1.0
SCN4B,0.22666416,0.0,-1.0
SCN5A,0.42076194,0.0,-1.0
SCN7A,0.17849712,0.0,0.0
SCN8A,0.44156894,0.0,0.0
SCN9A,0.3737919,0.0,-1.0
SCNM1,0.15627564,0.0,0.0
SCNN1A,0.31626672,0.0,-1.0
SCNN1B,0.29927886,0.0,-1.0
SCNN1D,0.20155199,0.0,0.0
SCNN1G,0.3422157,0.0,-1.0
SCO1,0.22773148,0.0,-1.0
SCO2,0.30244887,0.0,-1.0
SCOC,0.2039064,0.0,0.0
SCP2,0.28352714,0.0,0.0
SCP2D1,0.07739943,0.0,0.0
SCPEP1,0.29101688,0.0,0.0
SCRG1,0.23283842,0.0,0.0
SCRIB,0.55284643,1.0,0.0
SCRN1,0.21904184,0.0,0.0
SCRN2,0.14555162,0.0,0.0
SCRN3,0.19534735,0.0,0.0
SCRT1,0.19127905,0.0,0.0
SCRT2,0.19078428,0.0,0.0
SCT,0.42036524,0.0,0.0
SCTR,0.29901278,0.0,0.0
SCUBE1,0.16691642,0.0,0.0
SCUBE2,0.23512045,0.0,0.0
SCUBE3,0.21750318,0.0,-1.0
SCX,0.03875389,0.0,0.0
SCYL1,0.30165794,0.0,-1.0
SCYL2,0.4277751,0.0,-1.0
SCYL3,0.3517815,0.0,0.0
SDAD1,0.21833703,0.0,0.0
SDC1,0.5940146,1.0,-1.0
SDC2,0.52303845,1.0,-1.0
SDC3,0.39592168,0.0,-1.0
SDC4,0.4951239,0.0,1.0
SDCBP,0.48916045,0.0,-1.0
SDCBP2,0.18267724,0.0,0.0
SDCCAG8,0.26325014,0.0,-1.0
SDE2,0.2897184,0.0,-1.0
SDF2,0.17086646,0.0,0.0
SDF2L1,0.20082627,0.0,0.0
SDF4,0.43989566,0.0,-1.0
SDHA,0.37624484,0.0,1.0
SDHAF1,0.08993742,0.0,0.0
SDHAF2,0.29391304,0.0,1.0
SDHAF3,0.17521347,0.0,0.0
SDHAF4,0.11269938,0.0,0.0
SDHAP1,1.1845598e-06,0.0,0.0
SDHAP3,3.7175302e-10,0.0,0.0
SDHB,0.40705118,0.0,1.0
SDHC,0.58110756,1.0,1.0
SDHD,0.41307646,0.0,1.0
SDK1,0.2567159,0.0,-1.0
SDK2,0.17933287,0.0,-1.0
SDR16C5,0.2271279,0.0,0.0
SDR39U1,0.13193303,0.0,0.0
SDR42E1,0.2144225,0.0,0.0
SDR9C7,0.1501276,0.0,0.0
SDS,0.21994644,0.0,0.0
SDSL,0.33870608,0.0,0.0
SEBOX,0.20355777,0.0,0.0
SEC11A,0.29721302,0.0,0.0
SEC11C,0.23698118,0.0,0.0
SEC13,0.42059082,0.0,0.0
SEC14L1,0.3200363,0.0,-1.0
SEC14L2,0.21058212,0.0,0.0
SEC14L3,0.11225896,0.0,0.0
SEC14L4,0.21660912,0.0,0.0
SEC14L5,0.3142117,0.0,0.0
SEC14L6,0.2128014,0.0,0.0
SEC16A,0.467527,0.0,-1.0
SEC16B,0.17006414,0.0,0.0
SEC22A,0.26125935,0.0,0.0
SEC22B,0.34561804,0.0,0.0
SEC22C,0.23751122,0.0,0.0
SEC23A,0.46722332,0.0,0.0
SEC23B,0.43432614,0.0,-1.0
SEC23IP,0.33148405,0.0,0.0
SEC24A,0.37359652,0.0,0.0
SEC24B,0.5013276,1.0,0.0
SEC24C,0.38411582,0.0,0.0
SEC24D,0.3008128,0.0,0.0
SEC31A,0.36988384,0.0,-1.0
SEC31B,0.23191984,0.0,0.0
SEC61A1,0.36401126,0.0,0.0
SEC61A2,0.25925913,0.0,0.0
SEC61B,0.2847269,0.0,0.0
SEC61G,0.16352412,0.0,-1.0
SEC62,0.279256,0.0,0.0
SEC63,0.36348173,0.0,-1.0
SECISBP2,0.4130741,0.0,0.0
SECISBP2L,0.3491237,0.0,0.0
SECTM1,0.2348044,0.0,0.0
SEH1L,0.36917207,0.0,0.0
SEL1L,0.42211667,0.0,-1.0
SEL1L2,0.1800473,0.0,0.0
SEL1L3,0.27282426,0.0,0.0
SELE,0.5964882,1.0,-1.0
SELENBP1,0.30718347,0.0,0.0
SELENOF,0.22521885,0.0,-1.0
SELENOH,0.23727645,0.0,0.0
SELENOI,0.23633389,0.0,0.0
SELENOK,0.23142007,0.0,0.0
SELENOM,0.19112639,0.0,0.0
SELENON,0.25673014,0.0,-1.0
SELENOO,0.261781,0.0,0.0
SELENOP,0.33827886,0.0,-1.0
SELENOS,0.47882152,0.0,0.0
SELENOT,0.18295746,0.0,0.0
SELENOV,0.25279355,0.0,0.0
SELENOW,0.16701016,0.0,0.0
SELL,0.4562901,0.0,0.0
SELP,0.5549275,1.0,-1.0
SELPLG,0.5362113,1.0,0.0
SEM1,0.32138807,0.0,0.0
SEMA3A,0.4958203,0.0,-1.0
SEMA3B,0.1939697,0.0,-1.0
SEMA3C,0.43327013,0.0,-1.0
SEMA3D,0.28915182,0.0,0.0
SEMA3E,0.3225736,0.0,-1.0
SEMA3F,0.42826542,0.0,-1.0
SEMA3G,0.29067013,0.0,0.0
SEMA4A,0.34943593,0.0,-1.0
SEMA4B,0.2933024,0.0,-1.0
SEMA4C,0.3330738,0.0,0.0
SEMA4D,0.41581708,0.0,-1.0
SEMA4F,0.3611225,0.0,0.0
SEMA4G,0.26502207,0.0,0.0
SEMA5A,0.37399274,0.0,-1.0
SEMA5B,0.24767283,0.0,-1.0
SEMA6A,0.45633858,0.0,-1.0
SEMA6B,0.20557371,0.0,-1.0
SEMA6C,0.32170832,0.0,0.0
SEMA6D,0.30475897,0.0,-1.0
SEMA7A,0.38595873,0.0,0.0
SEMG1,0.34322524,0.0,-1.0
SEMG2,0.2676657,0.0,-1.0
SENP1,0.3311083,0.0,0.0
SENP2,0.31205475,0.0,-1.0
SENP3,0.32634676,0.0,0.0
SENP5,0.29679778,0.0,0.0
SENP6,0.42922172,0.0,0.0
SENP7,0.36827838,0.0,0.0
SENP8,0.22071142,0.0,0.0
SEPHS1,0.29560998,0.0,0.0
SEPHS2,0.17504129,0.0,0.0
SEPSECS,0.2628166,0.0,0.0
SEPTIN1,0.20159358,0.0,0.0
SEPTIN10,0.3589253,0.0,0.0
SEPTIN11,0.36552462,0.0,-1.0
SEPTIN12,0.119341895,0.0,-1.0
SEPTIN14,0.2161178,0.0,0.0
SEPTIN2,0.41485792,0.0,-1.0
SEPTIN3,0.28106079,0.0,0.0
SEPTIN4,0.2144831,0.0,0.0
SEPTIN5,0.3668847,0.0,-1.0
SEPTIN6,0.39614558,0.0,-1.0
SEPTIN7,0.40808466,0.0,-1.0
SEPTIN8,0.31788427,0.0,0.0
SEPTIN9,0.35953355,0.0,-1.0
SERAC1,0.21870957,0.0,0.0
SERBP1,0.33141974,0.0,-1.0
SERF1A,0.23447412,0.0,0.0
SERF1B,0.23854575,0.0,0.0
SERF2,0.12925996,0.0,0.0
SERGEF,0.2225562,0.0,0.0
SERHL,1.3420102e-07,0.0,0.0
SERHL2,0.2089856,0.0,-1.0
SERINC1,0.30505145,0.0,0.0
SERINC2,0.091581285,0.0,0.0
SERINC3,0.45500708,0.0,-1.0
SERINC5,0.12711482,0.0,0.0
SERP1,0.2084543,0.0,0.0
SERP2,0.11250205,0.0,-1.0
SERPINA1,0.54500425,1.0,-1.0
SERPINA10,0.21748222,0.0,0.0
SERPINA11,0.2056278,0.0,0.0
SERPINA12,0.18660139,0.0,-1.0
SERPINA2,0.039100144,0.0,0.0
SERPINA3,0.43120974,0.0,0.0
SERPINA4,0.39858034,0.0,-1.0
SERPINA5,0.48536527,0.0,0.0
SERPINA6,0.32488924,0.0,0.0
SERPINA7,0.28521362,0.0,0.0
SERPINA9,0.2706797,0.0,0.0
SERPINB1,0.5330497,1.0,-1.0
SERPINB10,0.27163428,0.0,0.0
SERPINB11,0.19934444,0.0,0.0
SERPINB12,0.22554915,0.0,0.0
SERPINB13,0.3222643,0.0,-1.0
SERPINB2,0.5349192,1.0,-1.0
SERPINB3,0.37829933,0.0,1.0
SERPINB4,0.3730403,0.0,-1.0
SERPINB5,0.52015144,1.0,-1.0
SERPINB6,0.49839494,0.0,0.0
SERPINB7,0.3104459,0.0,-1.0
SERPINB8,0.38761815,0.0,0.0
SERPINB9,0.38670594,0.0,0.0
SERPINC1,0.42251903,0.0,-1.0
SERPIND1,0.26352063,0.0,0.0
SERPINE1,0.6277818,1.0,-1.0
SERPINE2,0.5199332,1.0,0.0
SERPINE3,0.26247975,0.0,0.0
SERPINF1,0.47690096,0.0,-1.0
SERPINF2,0.44421494,0.0,0.0
SERPING1,0.478807,0.0,-1.0
SERPINH1,0.5209794,1.0,-1.0
SERPINI1,0.31690434,0.0,0.0
SERPINI2,0.26858282,0.0,0.0
SERTAD1,0.22859696,0.0,0.0
SERTAD2,0.2559527,0.0,0.0
SERTAD3,0.24556458,0.0,0.0
SERTAD4,0.14342605,0.0,0.0
SERTM1,0.1767258,0.0,0.0
SESN1,0.26157382,0.0,1.0
SESN2,0.3004442,0.0,1.0
SESN3,0.2522148,0.0,1.0
SESTD1,0.22141352,0.0,0.0
SET,0.5182687,1.0,1.0
SETBP1,0.48851395,0.0,1.0
SETD1A,0.47893727,0.0,1.0
SETD1B,0.4172601,0.0,1.0
SETD2,0.6259742,1.0,1.0
SETD3,0.18488276,0.0,-1.0
SETD4,0.18203866,0.0,-1.0
SETD5,0.21877618,0.0,-1.0
SETD6,0.18410504,0.0,-1.0
SETD7,0.4152706,0.0,-1.0
SETD9,0.16470613,0.0,0.0
SETDB1,0.54732347,1.0,1.0
SETDB2,0.33337924,0.0,1.0
SETMAR,0.39464754,0.0,0.0
SETSIP,0.18055433,0.0,0.0
SETX,0.5085217,1.0,-1.0
SEZ6,0.14172107,0.0,0.0
SEZ6L,0.21918337,0.0,0.0
SEZ6L2,0.2320294,0.0,0.0
SF1,0.39028737,0.0,-1.0
SF3A1,0.3729134,0.0,0.0
SF3A2,0.3014636,0.0,0.0
SF3A3,0.37707844,0.0,0.0
SF3B1,0.4864687,0.0,1.0
SF3B2,0.3756528,0.0,-1.0
SF3B3,0.39204618,0.0,-1.0
SF3B4,0.33960044,0.0,0.0
SF3B5,0.12717381,0.0,0.0
SF3B6,0.24109033,0.0,0.0
SFI1,0.33199337,0.0,0.0
SFMBT1,0.32859015,0.0,0.0
SFMBT2,0.13444711,0.0,-1.0
SFN,0.5011768,1.0,0.0
SFPQ,0.41567254,0.0,1.0
SFR1,0.14167562,0.0,0.0
SFRP1,0.5472977,1.0,1.0
SFRP2,0.5347228,1.0,1.0
SFRP4,0.50216925,1.0,1.0
SFRP5,0.37734538,0.0,-1.0
SFSWAP,0.27308437,0.0,0.0
SFT2D1,0.15942265,0.0,0.0
SFT2D2,0.24372703,0.0,0.0
SFT2D3,0.19990404,0.0,0.0
SFTA2,0.14704002,0.0,0.0
SFTA3,0.31179518,0.0,0.0
SFTPA1,0.29401705,0.0,-1.0
SFTPA2,0.34813362,0.0,-1.0
SFTPB,0.44993395,0.0,-1.0
SFTPC,0.42862058,0.0,-1.0
SFTPD,0.26784733,0.0,0.0
SFXN1,0.35408005,0.0,0.0
SFXN2,0.16092183,0.0,0.0
SFXN3,0.30866835,0.0,0.0
SFXN4,0.18559368,0.0,-1.0
SFXN5,0.15674572,0.0,0.0
SGCA,0.37205794,0.0,-1.0
SGCB,0.36375645,0.0,-1.0
SGCD,0.3382113,0.0,-1.0
SGCE,0.3630732,0.0,-1.0
SGCG,0.44119534,0.0,-1.0
SGCZ,0.18504693,0.0,-1.0
SGF29,0.34033382,0.0,0.0
SGIP1,0.28209904,0.0,0.0
SGK1,0.5369236,1.0,1.0
SGK2,0.3433118,0.0,0.0
SGK3,0.26346242,0.0,0.0
SGMS1,0.3985786,0.0,-1.0
SGMS2,0.19229802,0.0,0.0
SGO1,0.47315797,0.0,-1.0
SGO2,0.4875719,0.0,0.0
SGPL1,0.37179047,0.0,0.0
SGPP1,0.26140657,0.0,0.0
SGPP2,0.17388724,0.0,0.0
SGSH,0.21306382,0.0,-1.0
SGSM1,0.276052,0.0,0.0
SGSM2,0.3346456,0.0,0.0
SGSM3,0.37860236,0.0,0.0
SGTA,0.38016304,0.0,0.0
SGTB,0.33653194,0.0,0.0
SH2B1,0.3302565,0.0,0.0
SH2B2,0.2759135,0.0,-1.0
SH2B3,0.4479077,0.0,1.0
SH2D1A,0.42659745,0.0,1.0
SH2D1B,0.3232305,0.0,0.0
SH2D2A,0.34282193,0.0,0.0
SH2D3A,0.28850278,0.0,0.0
SH2D3C,0.30846134,0.0,0.0
SH2D4A,0.1847673,0.0,0.0
SH2D4B,0.09988603,0.0,0.0
SH2D5,0.122902535,0.0,0.0
SH2D6,5.373857e-07,0.0,0.0
SH3BGR,0.11877439,0.0,0.0
SH3BGRL,0.30736333,0.0,0.0
SH3BGRL2,0.15651764,0.0,-1.0
SH3BGRL3,0.29018146,0.0,0.0
SH3BP1,0.24353793,0.0,0.0
SH3BP2,0.3097045,0.0,-1.0
SH3BP4,0.26113948,0.0,0.0
SH3BP5,0.48679745,0.0,0.0
SH3BP5L,0.13000837,0.0,0.0
SH3D19,0.289527,0.0,0.0
SH3D21,0.29152337,0.0,0.0
SH3GL1,0.55833143,1.0,1.0
SH3GL2,0.40595412,0.0,-1.0
SH3GL3,0.27342448,0.0,0.0
SH3GLB1,0.32771558,0.0,-1.0
SH3GLB2,0.23780245,0.0,0.0
SH3KBP1,0.3934444,0.0,0.0
SH3PXD2A,0.3804815,0.0,-1.0
SH3PXD2B,0.32871532,0.0,0.0
SH3RF1,0.26828727,0.0,0.0
SH3RF2,0.21856101,0.0,0.0
SH3RF3,0.22885449,0.0,0.0
SH3TC1,0.1887535,0.0,0.0
SH3TC2,0.1918843,0.0,-1.0
SH3YL1,0.22339113,0.0,0.0
SHANK1,0.39191425,0.0,-1.0
SHANK2,0.40895247,0.0,-1.0
SHANK3,0.23029682,0.0,0.0
SHARPIN,0.19269076,0.0,0.0
SHB,0.40042824,0.0,0.0
SHBG,0.40444311,0.0,-1.0
SHC1,0.5949146,1.0,-1.0
SHC2,0.47534135,0.0,-1.0
SHC3,0.40228763,0.0,-1.0
SHC4,0.3420966,0.0,-1.0
SHCBP1,0.42718768,0.0,0.0
SHCBP1L,0.09546634,0.0,0.0
SHD,0.2446752,0.0,0.0
SHE,0.3914967,0.0,-1.0
SHF,0.23167825,0.0,-1.0
SHFL,0.13597143,0.0,0.0
SHH,0.62919134,1.0,-1.0
SHISA2,0.255851,0.0,0.0
SHISA3,0.14530024,0.0,0.0
SHISA4,0.13161024,0.0,-1.0
SHISA5,0.17914726,0.0,-1.0
SHISA6,0.13244261,0.0,0.0
SHISA7,0.15789324,0.0,0.0
SHISA9,0.15703917,0.0,0.0
SHISAL1,0.19723365,0.0,0.0
SHISAL2A,0.21742037,0.0,0.0
SHKBP1,0.29422873,0.0,-1.0
SHLD1,0.077589154,0.0,0.0
SHLD2,0.16586098,0.0,0.0
SHLD3,0.028113782,0.0,0.0
SHMT1,0.31845275,0.0,0.0
SHMT2,0.40286618,0.0,-1.0
SHOC1,0.113625124,0.0,0.0
SHOC2,0.5069065,1.0,1.0
SHOX,0.29186457,0.0,0.0
SHOX2,0.33643466,0.0,0.0
SHPK,0.2505274,0.0,0.0
SHPRH,0.4450158,0.0,-1.0
SHQ1,0.22765803,0.0,1.0
SHROOM1,0.20186925,0.0,0.0
SHROOM2,0.27716586,0.0,0.0
SHROOM3,0.30422565,0.0,-1.0
SHROOM4,0.21963502,0.0,-1.0
SHTN1,0.25586462,0.0,-1.0
SI,0.22733492,0.0,-1.0
SIAE,0.41585386,0.0,-1.0
SIAH1,0.43062606,0.0,-1.0
SIAH1P1,0.003180829,0.0,0.0
SIAH2,0.31915405,0.0,-1.0
SIAH3,0.21634595,0.0,0.0
SIDT1,0.18554904,0.0,0.0
SIDT2,0.20814045,0.0,0.0
SIGIRR,0.25381315,0.0,0.0
SIGLEC1,0.36188182,0.0,0.0
SIGLEC10,0.10760866,0.0,0.0
SIGLEC11,0.1669479,0.0,0.0
SIGLEC12,0.25905234,0.0,0.0
SIGLEC14,0.1349428,0.0,0.0
SIGLEC15,0.16203478,0.0,0.0
SIGLEC16,0.0005072414,0.0,0.0
SIGLEC17P,2.3693352e-05,0.0,0.0
SIGLEC5,0.15956862,0.0,0.0
SIGLEC6,0.20524791,0.0,0.0
SIGLEC7,0.2875369,0.0,0.0
SIGLEC8,0.22202887,0.0,-1.0
SIGLEC9,0.23831534,0.0,0.0
SIGLECL1,0.07675003,0.0,0.0
SIGMAR1,0.2568484,0.0,0.0
SIK1,0.38583353,0.0,-1.0
SIK2,0.37041733,0.0,0.0
SIK3,0.335633,0.0,-1.0
SIKE1,0.27082378,0.0,0.0
SIL1,0.3899691,0.0,-1.0
SIM1,0.34065682,0.0,0.0
SIM2,0.42067125,0.0,0.0
SIMC1,0.24768908,0.0,0.0
SIN3A,0.6334684,1.0,-1.0
SIN3B,0.35398087,0.0,-1.0
SINHCAF,0.28166375,0.0,0.0
SIPA1,0.33033112,0.0,-1.0
SIPA1L1,0.4227478,0.0,0.0
SIPA1L2,0.38582283,0.0,0.0
SIPA1L3,0.43589386,0.0,0.0
SIRPA,0.5205713,1.0,1.0
SIRPB1,0.2238989,0.0,-1.0
SIRPB2,0.117880054,0.0,-1.0
SIRPD,0.08898287,0.0,-1.0
SIRPG,0.2306218,0.0,-1.0
SIRT1,0.6156557,1.0,-1.0
SIRT2,0.4538732,0.0,0.0
SIRT3,0.33117813,0.0,-1.0
SIRT4,0.31202352,0.0,-1.0
SIRT5,0.36105582,0.0,0.0
SIRT6,0.50919443,1.0,-1.0
SIRT7,0.39019904,0.0,0.0
SIT1,0.27725822,0.0,0.0
SIVA1,0.2443491,0.0,-1.0
SIX1,0.49080378,0.0,1.0
SIX2,0.38935536,0.0,1.0
SIX3,0.41637653,0.0,-1.0
SIX4,0.30167937,0.0,-1.0
SIX5,0.5079647,1.0,-1.0
SIX6,0.34495896,0.0,-1.0
SKA1,0.44440752,0.0,0.0
SKA2,0.3959216,0.0,0.0
SKA3,0.42180774,0.0,0.0
SKAP1,0.34154406,0.0,0.0
SKAP2,0.32223994,0.0,0.0
SKI,0.31612283,0.0,1.0
SKIDA1,0.17870893,0.0,0.0
SKIL,0.48749873,0.0,-1.0
SKINT1L,0.023973448,0.0,0.0
SKIV2L,0.25032696,0.0,0.0
SKOR1,0.23609373,0.0,0.0
SKOR2,0.2212367,0.0,0.0
SKP1,0.49611655,0.0,-1.0
SKP2,0.52114165,1.0,-1.0
SLA,0.40940896,0.0,0.0
SLA2,0.31850684,0.0,0.0
SLAIN1,0.3329102,0.0,0.0
SLAIN2,0.3581489,0.0,0.0
SLAMF1,0.47616678,0.0,-1.0
SLAMF6,0.34880835,0.0,-1.0
SLAMF7,0.31859913,0.0,0.0
SLAMF8,0.31655866,0.0,0.0
SLAMF9,0.18990411,0.0,0.0
SLBP,0.385773,0.0,0.0
SLC10A1,0.23318617,0.0,0.0
SLC10A2,0.22687817,0.0,0.0
SLC10A3,0.17500533,0.0,-1.0
SLC10A4,0.13053596,0.0,0.0
SLC10A5,0.04248178,0.0,0.0
SLC10A6,0.1188595,0.0,0.0
SLC10A7,0.101696774,0.0,0.0
SLC11A1,0.58605444,1.0,0.0
SLC11A2,0.31423372,0.0,-1.0
SLC12A1,0.28235734,0.0,-1.0
SLC12A2,0.42449418,0.0,0.0
SLC12A2-DT,0.10820823,0.0,0.0
SLC12A3,0.2734009,0.0,-1.0
SLC12A4,0.3017575,0.0,0.0
SLC12A5,0.32710934,0.0,-1.0
SLC12A6,0.36209863,0.0,-1.0
SLC12A7,0.2655884,0.0,0.0
SLC12A8,0.21387415,0.0,0.0
SLC12A9,0.21741395,0.0,0.0
SLC13A1,0.15327679,0.0,-1.0
SLC13A2,0.2096223,0.0,0.0
SLC13A3,0.15792765,0.0,0.0
SLC13A4,0.1944886,0.0,0.0
SLC13A5,0.1618557,0.0,0.0
SLC14A1,0.4590041,0.0,0.0
SLC14A2,0.29967993,0.0,0.0
SLC15A1,0.21242996,0.0,-1.0
SLC15A2,0.18448445,0.0,-1.0
SLC15A3,0.28689426,0.0,0.0
SLC15A4,0.20611987,0.0,0.0
SLC15A5,0.15028143,0.0,0.0
SLC16A1,0.35873064,0.0,-1.0
SLC16A10,0.23175402,0.0,0.0
SLC16A11,0.25202897,0.0,0.0
SLC16A12,0.19679542,0.0,0.0
SLC16A13,0.11301893,0.0,0.0
SLC16A14,0.14848389,0.0,0.0
SLC16A2,0.22769552,0.0,-1.0
SLC16A3,0.32945043,0.0,-1.0
SLC16A4,0.20082653,0.0,-1.0
SLC16A5,0.22670615,0.0,0.0
SLC16A6,0.22663237,0.0,0.0
SLC16A7,0.26537246,0.0,0.0
SLC16A8,0.25446585,0.0,0.0
SLC16A9,0.18446615,0.0,0.0
SLC17A1,0.2648563,0.0,0.0
SLC17A2,0.17642382,0.0,0.0
SLC17A3,0.24579567,0.0,0.0
SLC17A4,0.18997611,0.0,0.0
SLC17A5,0.49777383,0.0,-1.0
SLC17A6,0.3273036,0.0,0.0
SLC17A7,0.36555117,0.0,0.0
SLC17A8,0.23317233,0.0,0.0
SLC17A9,0.181909,0.0,0.0
SLC18A1,0.29942736,0.0,0.0
SLC18A2,0.32493895,0.0,0.0
SLC18A3,0.34274337,0.0,0.0
SLC18B1,0.1764595,0.0,0.0
SLC19A1,0.29436234,0.0,-1.0
SLC19A2,0.21251124,0.0,-1.0
SLC19A3,0.1568215,0.0,-1.0
SLC1A1,0.2923285,0.0,0.0
SLC1A2,0.3936861,0.0,-1.0
SLC1A3,0.42931053,0.0,-1.0
SLC1A4,0.33885816,0.0,-1.0
SLC1A5,0.4456183,0.0,-1.0
SLC1A6,0.3114849,0.0,-1.0
SLC1A7,0.27063075,0.0,0.0
SLC20A1,0.35233843,0.0,0.0
SLC20A2,0.30089843,0.0,0.0
SLC22A1,0.21763617,0.0,-1.0
SLC22A10,0.19312423,0.0,0.0
SLC22A11,0.21193762,0.0,-1.0
SLC22A12,0.3870296,0.0,0.0
SLC22A13,0.19312832,0.0,0.0
SLC22A14,0.12217639,0.0,0.0
SLC22A15,0.19714287,0.0,0.0
SLC22A16,0.17610615,0.0,0.0
SLC22A17,0.2238656,0.0,0.0
SLC22A18,0.37568542,0.0,-1.0
SLC22A18AS,0.19507444,0.0,0.0
SLC22A2,0.22700106,0.0,-1.0
SLC22A20P,0.13047388,0.0,0.0
SLC22A23,0.14450388,0.0,-1.0
SLC22A24,0.18177857,0.0,0.0
SLC22A25,0.19584358,0.0,0.0
SLC22A3,0.20783378,0.0,-1.0
SLC22A4,0.4758713,0.0,-1.0
SLC22A5,0.291878,0.0,-1.0
SLC22A6,0.2667869,0.0,0.0
SLC22A7,0.29012933,0.0,0.0
SLC22A8,0.20298378,0.0,-1.0
SLC22A9,0.20056385,0.0,0.0
SLC23A1,0.13884513,0.0,0.0
SLC23A2,0.19510336,0.0,0.0
SLC23A3,0.148221,0.0,0.0
SLC24A1,0.24455693,0.0,0.0
SLC24A2,0.25973332,0.0,0.0
SLC24A3,0.24537578,0.0,0.0
SLC24A4,0.19355005,0.0,0.0
SLC24A5,0.22263852,0.0,-1.0
SLC25A1,0.6323653,1.0,0.0
SLC25A10,0.46000952,0.0,0.0
SLC25A11,0.27238685,0.0,0.0
SLC25A12,0.36376837,0.0,0.0
SLC25A13,0.36884326,0.0,-1.0
SLC25A14,0.24776942,0.0,0.0
SLC25A15,0.2268873,0.0,0.0
SLC25A16,0.19108115,0.0,0.0
SLC25A17,0.21817164,0.0,-1.0
SLC25A18,0.15978025,0.0,0.0
SLC25A19,0.35105067,0.0,0.0
SLC25A2,0.09477338,0.0,0.0
SLC25A20,0.27163061,0.0,0.0
SLC25A21,0.13099647,0.0,0.0
SLC25A22,0.3028387,0.0,0.0
SLC25A23,0.18465202,0.0,0.0
SLC25A24,0.20212406,0.0,0.0
SLC25A25,0.25524175,0.0,0.0
SLC25A26,0.22676492,0.0,0.0
SLC25A27,0.18208514,0.0,0.0
SLC25A28,0.1675689,0.0,0.0
SLC25A29,0.17720217,0.0,0.0
SLC25A3,0.35734612,0.0,0.0
SLC25A30,0.12772727,0.0,0.0
SLC25A31,0.12925386,0.0,0.0
SLC25A32,0.22204205,0.0,0.0
SLC25A33,0.12084597,0.0,0.0
SLC25A34,0.10896442,0.0,0.0
SLC25A35,0.038567346,0.0,0.0
SLC25A36,0.21649203,0.0,0.0
SLC25A37,0.21152496,0.0,0.0
SLC25A38,0.13744397,0.0,0.0
SLC25A39,0.16212341,0.0,0.0
SLC25A4,0.3557402,0.0,-1.0
SLC25A40,0.23956329,0.0,0.0
SLC25A41,0.1671137,0.0,0.0
SLC25A42,0.23183697,0.0,0.0
SLC25A43,0.20050007,0.0,0.0
SLC25A44,0.15618794,0.0,0.0
SLC25A45,0.15485507,0.0,-1.0
SLC25A46,0.2299643,0.0,0.0
SLC25A47,0.14086731,0.0,0.0
SLC25A48,0.09137828,0.0,0.0
SLC25A5,0.39733747,0.0,0.0
SLC25A51,0.120250545,0.0,0.0
SLC25A52,1.2016676e-07,0.0,0.0
SLC25A53,0.09664804,0.0,0.0
SLC25A6,0.3802739,0.0,0.0
SLC26A1,0.2262667,0.0,0.0
SLC26A10,0.23625945,0.0,0.0
SLC26A11,0.19182749,0.0,-1.0
SLC26A2,0.22119898,0.0,-1.0
SLC26A3,0.39251375,0.0,-1.0
SLC26A4,0.25147825,0.0,-1.0
SLC26A5,0.43847355,0.0,0.0
SLC26A6,0.21172284,0.0,0.0
SLC26A7,0.18025355,0.0,0.0
SLC26A8,0.12354117,0.0,0.0
SLC26A9,0.18089308,0.0,0.0
SLC27A1,0.25938317,0.0,-1.0
SLC27A2,0.27066588,0.0,0.0
SLC27A3,0.20536016,0.0,0.0
SLC27A4,0.2884987,0.0,0.0
SLC27A5,0.18661714,0.0,0.0
SLC27A6,0.27422374,0.0,0.0
SLC28A1,0.16497487,0.0,0.0
SLC28A2,0.17904517,0.0,0.0
SLC28A3,0.20740567,0.0,0.0
SLC29A1,0.34757343,0.0,-1.0
SLC29A2,0.2715576,0.0,-1.0
SLC29A3,0.22992162,0.0,-1.0
SLC29A4,0.17939632,0.0,0.0
SLC2A1,0.5948052,1.0,-1.0
SLC2A10,0.24545678,0.0,0.0
SLC2A11,0.21091744,0.0,0.0
SLC2A12,0.23055102,0.0,0.0
SLC2A13,0.1960812,0.0,-1.0
SLC2A14,0.1843782,0.0,0.0
SLC2A2,0.33224615,0.0,-1.0
SLC2A3,0.42153016,0.0,0.0
SLC2A4,0.50197804,1.0,-1.0
SLC2A4RG,0.25883594,0.0,0.0
SLC2A5,0.2951319,0.0,0.0
SLC2A6,0.17945467,0.0,0.0
SLC2A7,0.22074617,0.0,0.0
SLC2A8,0.24139865,0.0,0.0
SLC2A9,0.2576153,0.0,-1.0
SLC30A1,0.29705188,0.0,0.0
SLC30A10,0.23598598,0.0,0.0
SLC30A2,0.20941421,0.0,0.0
SLC30A3,0.35400358,0.0,0.0
SLC30A4,0.21541,0.0,0.0
SLC30A5,0.27795988,0.0,-1.0
SLC30A6,0.27276537,0.0,-1.0
SLC30A7,0.3010841,0.0,0.0
SLC30A8,0.27510396,0.0,0.0
SLC30A9,0.29052266,0.0,0.0
SLC31A1,0.21882303,0.0,0.0
SLC31A2,0.29617923,0.0,0.0
SLC32A1,0.37374195,0.0,0.0
SLC33A1,0.33897674,0.0,-1.0
SLC34A1,0.21263692,0.0,-1.0
SLC34A2,0.16499564,0.0,1.0
SLC34A3,0.15778919,0.0,-1.0
SLC35A1,0.2382358,0.0,-1.0
SLC35A2,0.2377252,0.0,0.0
SLC35A3,0.25650007,0.0,0.0
SLC35A4,0.22568768,0.0,0.0
SLC35A5,0.21715944,0.0,-1.0
SLC35B1,0.14232458,0.0,0.0
SLC35B2,0.32335562,0.0,0.0
SLC35B3,0.24793848,0.0,0.0
SLC35B4,0.2023314,0.0,0.0
SLC35C1,0.19403255,0.0,-1.0
SLC35C2,0.2122964,0.0,0.0
SLC35D1,0.18560432,0.0,0.0
SLC35D2,0.18652235,0.0,0.0
SLC35D3,0.11941299,0.0,0.0
SLC35E1,0.17040461,0.0,0.0
SLC35E2A,0.12833032,0.0,0.0
SLC35E2B,0.17098255,0.0,0.0
SLC35E3,0.18513292,0.0,0.0
SLC35E4,0.16774473,0.0,0.0
SLC35F1,0.1545002,0.0,-1.0
SLC35F2,0.2782835,0.0,0.0
SLC35F3,0.085362054,0.0,0.0
SLC35F4,0.0968557,0.0,0.0
SLC35F5,0.18796065,0.0,0.0
SLC35F6,0.2790269,0.0,0.0
SLC35G1,0.35376394,0.0,-1.0
SLC35G2,0.116991565,0.0,-1.0
SLC35G3,0.10062565,0.0,0.0
SLC35G5,0.32159302,0.0,0.0
SLC35G6,0.19823721,0.0,0.0
SLC36A1,0.24754083,0.0,0.0
SLC36A2,0.1307878,0.0,0.0
SLC36A3,0.0889256,0.0,0.0
SLC36A4,0.2554777,0.0,0.0
SLC37A1,0.16684084,0.0,0.0
SLC37A2,0.14797227,0.0,0.0
SLC37A3,0.18650286,0.0,0.0
SLC37A4,0.17419073,0.0,-1.0
SLC38A1,0.33268577,0.0,-1.0
SLC38A10,0.22934443,0.0,0.0
SLC38A11,0.19799119,0.0,0.0
SLC38A2,0.3482157,0.0,-1.0
SLC38A3,0.21929409,0.0,-1.0
SLC38A4,0.19703637,0.0,0.0
SLC38A5,0.19560671,0.0,-1.0
SLC38A6,0.24182211,0.0,0.0
SLC38A7,0.20441394,0.0,0.0
SLC38A8,0.087748826,0.0,-1.0
SLC38A9,0.19398731,0.0,0.0
SLC39A1,0.27844283,0.0,-1.0
SLC39A10,0.30158257,0.0,0.0
SLC39A11,0.16049795,0.0,0.0
SLC39A12,0.1495822,0.0,-1.0
SLC39A13,0.15316802,0.0,0.0
SLC39A14,0.33929014,0.0,0.0
SLC39A2,0.24682742,0.0,-1.0
SLC39A3,0.20389916,0.0,-1.0
SLC39A4,0.06619041,0.0,-1.0
SLC39A5,0.15755533,0.0,0.0
SLC39A6,0.34880313,0.0,-1.0
SLC39A7,0.22765386,0.0,0.0
SLC39A8,0.24113423,0.0,0.0
SLC39A9,0.1407984,0.0,0.0
SLC3A1,0.1957699,0.0,-1.0
SLC3A2,0.49478003,0.0,0.0
SLC40A1,0.30022973,0.0,-1.0
SLC41A1,0.114640296,0.0,0.0
SLC41A2,0.097779594,0.0,0.0
SLC41A3,0.11994548,0.0,0.0
SLC43A1,0.18471664,0.0,-1.0
SLC43A2,0.19030584,0.0,0.0
SLC43A3,0.30583635,0.0,0.0
SLC44A1,0.22164087,0.0,-1.0
SLC44A2,0.20197788,0.0,-1.0
SLC44A3,0.12097923,0.0,-1.0
SLC44A4,0.21589656,0.0,-1.0
SLC44A5,0.08223242,0.0,-1.0
SLC45A1,0.10499463,0.0,0.0
SLC45A2,0.33573097,0.0,-1.0
SLC45A3,0.21089366,0.0,1.0
SLC45A4,0.19140401,0.0,0.0
SLC46A1,0.22105001,0.0,0.0
SLC46A2,0.09369374,0.0,0.0
SLC46A3,0.16278045,0.0,0.0
SLC47A1,0.22188996,0.0,0.0
SLC47A2,0.20299056,0.0,0.0
SLC48A1,0.17029166,0.0,0.0
SLC49A3,0.19865103,0.0,0.0
SLC49A4,0.27935326,0.0,-1.0
SLC4A1,0.41625002,0.0,-1.0
SLC4A10,0.2320357,0.0,-1.0
SLC4A11,0.18391484,0.0,-1.0
SLC4A1AP,0.3138332,0.0,0.0
SLC4A2,0.26782593,0.0,-1.0
SLC4A3,0.40448594,0.0,0.0
SLC4A4,0.2794117,0.0,-1.0
SLC4A5,0.20138855,0.0,-1.0
SLC4A7,0.39633468,0.0,0.0
SLC4A8,0.26741865,0.0,0.0
SLC4A9,0.17450754,0.0,0.0
SLC50A1,0.27214345,0.0,0.0
SLC51A,0.22852308,0.0,0.0
SLC51B,0.12323138,0.0,0.0
SLC52A1,0.09513378,0.0,-1.0
SLC52A2,0.08210851,0.0,0.0
SLC52A3,0.16679016,0.0,-1.0
SLC5A1,0.29175472,0.0,0.0
SLC5A10,0.10604394,0.0,0.0
SLC5A11,0.12528113,0.0,0.0
SLC5A12,0.14506775,0.0,0.0
SLC5A2,0.28386235,0.0,-1.0
SLC5A3,0.2669447,0.0,-1.0
SLC5A4,0.26678813,0.0,0.0
SLC5A5,0.45230323,0.0,-1.0
SLC5A6,0.25952423,0.0,0.0
SLC5A7,0.29684186,0.0,-1.0
SLC5A8,0.27524003,0.0,-1.0
SLC5A9,0.10960868,0.0,0.0
SLC66A1,0.2254327,0.0,0.0
SLC66A1L,0.19855708,0.0,-1.0
SLC66A2,0.21241114,0.0,0.0
SLC66A3,0.110071875,0.0,0.0
SLC6A1,0.4315813,0.0,0.0
SLC6A11,0.33726445,0.0,-1.0
SLC6A12,0.2796906,0.0,0.0
SLC6A13,0.29855457,0.0,0.0
SLC6A14,0.22535414,0.0,0.0
SLC6A15,0.3048348,0.0,-1.0
SLC6A16,0.07574659,0.0,0.0
SLC6A17,0.17916147,0.0,0.0
SLC6A18,0.10336919,0.0,0.0
SLC6A19,0.27478105,0.0,-1.0
SLC6A2,0.3129733,0.0,-1.0
SLC6A20,0.19474706,0.0,0.0
SLC6A3,0.5407142,1.0,-1.0
SLC6A4,0.44773063,0.0,0.0
SLC6A5,0.24734227,0.0,0.0
SLC6A6,0.28456935,0.0,0.0
SLC6A7,0.36081648,0.0,0.0
SLC6A8,0.2945508,0.0,-1.0
SLC6A9,0.30948818,0.0,-1.0
SLC7A1,0.5081349,1.0,-1.0
SLC7A10,0.20148487,0.0,0.0
SLC7A11,0.36844057,0.0,0.0
SLC7A13,0.16035728,0.0,-1.0
SLC7A14,0.1912956,0.0,0.0
SLC7A2,0.2974087,0.0,0.0
SLC7A3,0.29761565,0.0,0.0
SLC7A4,0.24419561,0.0,0.0
SLC7A5,0.4309021,0.0,-1.0
SLC7A5P1,0.043241918,0.0,0.0
SLC7A5P2,0.25084937,0.0,0.0
SLC7A6,0.23802543,0.0,-1.0
SLC7A6OS,0.17985836,0.0,-1.0
SLC7A7,0.3673463,0.0,-1.0
SLC7A8,0.20511648,0.0,0.0
SLC7A9,0.23080583,0.0,-1.0
SLC8A1,0.36318645,0.0,0.0
SLC8A2,0.32005265,0.0,0.0
SLC8A3,0.2651837,0.0,0.0
SLC8B1,0.24624836,0.0,0.0
SLC9A1,0.43656513,0.0,-1.0
SLC9A2,0.3070829,0.0,-1.0
SLC9A3,0.40972075,0.0,-1.0
SLC9A3R1,0.37942687,0.0,-1.0
SLC9A3R2,0.3897002,0.0,0.0
SLC9A4,0.31376594,0.0,0.0
SLC9A5,0.28863955,0.0,0.0
SLC9A6,0.34272936,0.0,-1.0
SLC9A7,0.31958562,0.0,0.0
SLC9A8,0.3488751,0.0,0.0
SLC9A9,0.390064,0.0,-1.0
SLC9B1,0.1368106,0.0,0.0
SLC9B2,0.28795144,0.0,0.0
SLC9C1,0.3242959,0.0,-1.0
SLC9C2,0.1454669,0.0,-1.0
SLCO1A2,0.2806533,0.0,0.0
SLCO1B1,0.19860552,0.0,-1.0
SLCO1B3,0.1932297,0.0,0.0
SLCO1B7,0.11413242,0.0,0.0
SLCO1C1,0.22838111,0.0,0.0
SLCO2A1,0.3228791,0.0,0.0
SLCO2B1,0.30961975,0.0,0.0
SLCO3A1,0.19140999,0.0,0.0
SLCO4A1,0.29855174,0.0,0.0
SLCO4C1,0.23238371,0.0,0.0
SLCO5A1,0.18008599,0.0,0.0
SLCO6A1,0.074556015,0.0,0.0
SLF1,0.4762891,0.0,0.0
SLF2,0.3599242,0.0,0.0
SLFN11,0.2390163,0.0,1.0
SLFN12,0.22080405,0.0,0.0
SLFN12L,0.25225314,0.0,0.0
SLFN13,0.107613996,0.0,-1.0
SLFN14,0.21646579,0.0,0.0
SLFN5,0.23749928,0.0,0.0
SLFNL1,0.07870074,0.0,0.0
SLIRP,0.27293414,0.0,-1.0
SLIT1,0.43806782,0.0,0.0
SLIT2,0.4777306,0.0,-1.0
SLIT3,0.51179063,1.0,-1.0
SLITRK1,0.3917191,0.0,-1.0
SLITRK2,0.21339594,0.0,-1.0
SLITRK3,0.26062694,0.0,-1.0
SLITRK4,0.18940131,0.0,0.0
SLITRK5,0.25389713,0.0,-1.0
SLITRK6,0.2135299,0.0,-1.0
SLK,0.42718235,0.0,0.0
SLMAP,0.356063,0.0,0.0
SLN,0.34551737,0.0,0.0
SLPI,0.35406834,0.0,-1.0
SLTM,0.36517525,0.0,0.0
SLU7,0.2660211,0.0,0.0
SLURP1,0.27495697,0.0,-1.0
SLX1A,0.2899839,0.0,0.0
SLX1B,0.29304948,0.0,0.0
SLX4,0.3510141,0.0,1.0
SLX4IP,0.24178593,0.0,0.0
SLX9,0.1530969,0.0,0.0
SMAD1,0.41242927,0.0,-1.0
SMAD2,0.6460895,1.0,1.0
SMAD3,0.6469877,1.0,1.0
SMAD4,0.68286806,1.0,1.0
SMAD5,0.57294196,1.0,0.0
SMAD6,0.51005673,1.0,-1.0
SMAD7,0.5706967,1.0,-1.0
SMAD9,0.5119263,1.0,-1.0
SMAGP,0.1871396,0.0,0.0
SMAP1,0.349687,0.0,-1.0
SMAP2,0.36558893,0.0,0.0
SMARCA1,0.5831927,1.0,-1.0
SMARCA2,0.5801073,1.0,1.0
SMARCA4,0.5984552,1.0,1.0
SMARCA5,0.5736285,1.0,0.0
SMARCAD1,0.38579738,0.0,0.0
SMARCAL1,0.38781855,0.0,0.0
SMARCB1,0.77763486,1.0,1.0
SMARCC1,0.4398045,0.0,0.0
SMARCC2,0.43935782,0.0,0.0
SMARCD1,0.37758532,0.0,1.0
SMARCD2,0.33600423,0.0,0.0
SMARCD3,0.36317322,0.0,0.0
SMARCE1,0.38624159,0.0,1.0
SMC1A,0.503849,1.0,1.0
SMC1B,0.23816349,0.0,-1.0
SMC2,0.51019645,1.0,-1.0
SMC3,0.6095306,1.0,1.0
SMC4,0.5195566,1.0,-1.0
SMC5,0.45067275,0.0,0.0
SMC6,0.43723208,0.0,0.0
SMCHD1,0.41505662,0.0,0.0
SMCO1,0.1751265,0.0,0.0
SMCO2,0.14802583,0.0,0.0
SMCO3,0.10158531,0.0,0.0
SMCO4,0.1556945,0.0,0.0
SMCP,0.09229966,0.0,0.0
SMCR8,0.27903432,0.0,0.0
SMDT1,0.20654848,0.0,0.0
SMG1,0.564531,1.0,1.0
SMG5,0.28224847,0.0,-1.0
SMG6,0.23978744,0.0,-1.0
SMG7,0.36302415,0.0,-1.0
SMG8,0.18009827,0.0,-1.0
SMG9,0.24416703,0.0,0.0
SMIM1,0.40043387,0.0,0.0
SMIM10,0.035804532,0.0,0.0
SMIM11,0.15492481,0.0,0.0
SMIM11B,0.14684321,0.0,0.0
SMIM12,0.16595045,0.0,0.0
SMIM13,0.12094869,0.0,0.0
SMIM14,0.14879514,0.0,0.0
SMIM15,0.13503417,0.0,0.0
SMIM17,6.263573e-12,0.0,0.0
SMIM19,0.09373484,0.0,0.0
SMIM2,0.20422013,0.0,0.0
SMIM20,0.10084762,0.0,0.0
SMIM21,0.08071094,0.0,0.0
SMIM23,0.09118798,0.0,0.0
SMIM24,0.16965325,0.0,0.0
SMIM29,0.121674344,0.0,0.0
SMIM3,0.18557487,0.0,0.0
SMIM4,0.16328585,0.0,0.0
SMIM5,0.09589733,0.0,0.0
SMIM7,0.0986184,0.0,0.0
SMIM8,0.20509344,0.0,0.0
SMKR1,0.07556121,0.0,0.0
SMLR1,0.13878599,0.0,0.0
SMN1,0.5562938,1.0,-1.0
SMN2,0.35609245,0.0,-1.0
SMNDC1,0.27424356,0.0,0.0
SMO,0.4979862,0.0,1.0
SMOC1,0.41031015,0.0,-1.0
SMOC2,0.23056962,0.0,-1.0
SMOX,0.33367538,0.0,0.0
SMPD1,0.40308988,0.0,-1.0
SMPD2,0.37937254,0.0,0.0
SMPD3,0.22159053,0.0,0.0
SMPD4,0.34242198,0.0,0.0
SMPDL3A,0.2657938,0.0,0.0
SMPDL3B,0.2507684,0.0,0.0
SMPX,0.19547139,0.0,0.0
SMR3A,0.15306942,0.0,0.0
SMR3B,0.24276486,0.0,0.0
SMS,0.3930944,0.0,-1.0
SMTN,0.43021995,0.0,-1.0
SMTNL2,0.313995,0.0,0.0
SMU1,0.3201742,0.0,-1.0
SMUG1,0.48691955,0.0,-1.0
SMURF1,0.49243635,0.0,-1.0
SMURF2,0.4286166,0.0,-1.0
SMYD1,0.3257103,0.0,0.0
SMYD2,0.39220124,0.0,-1.0
SMYD3,0.23274907,0.0,1.0
SMYD4,0.30724362,0.0,0.0
SMYD5,0.3352567,0.0,0.0
SNAI1,0.59327316,1.0,-1.0
SNAI2,0.5851366,1.0,-1.0
SNAI3,0.18310945,0.0,0.0
SNAI3-AS1,0.19669186,0.0,0.0
SNAP23,0.41177136,0.0,0.0
SNAP23P1,0.016294764,0.0,0.0
SNAP25,0.41089156,0.0,0.0
SNAP29,0.30141586,0.0,0.0
SNAP47,0.2762214,0.0,0.0
SNAP91,0.3556747,0.0,0.0
SNAPC1,0.22828175,0.0,0.0
SNAPC2,0.19949879,0.0,0.0
SNAPC3,0.2105632,0.0,-1.0
SNAPC4,0.278112,0.0,0.0
SNAPC5,0.12733407,0.0,0.0
SNAPIN,0.28845537,0.0,0.0
SNAR-F,0.016533192,0.0,0.0
SNAR-G1,0.117888995,0.0,0.0
SNAR-G2,0.0015718509,0.0,0.0
SNCA,0.5559742,1.0,-1.0
SNCAIP,0.392069,0.0,-1.0
SNCB,0.30029103,0.0,0.0
SNCG,0.2828692,0.0,-1.0
SND1,0.31978256,0.0,1.0
SNED1,0.2913876,0.0,-1.0
SNF8,0.14215508,0.0,0.0
SNHG1,0.24270505,0.0,0.0
SNHG10,0.20792753,0.0,0.0
SNHG11,0.07309165,0.0,0.0
SNHG12,0.18924585,0.0,0.0
SNHG15,0.25495765,0.0,0.0
SNHG20,0.1304594,0.0,0.0
SNHG28,0.17665642,0.0,0.0
SNHG29,0.21865845,0.0,0.0
SNHG3,0.24047264,0.0,0.0
SNHG32,0.22771282,0.0,0.0
SNHG4,0.020788496,0.0,0.0
SNHG5,0.18619785,0.0,0.0
SNHG6,7.135196e-05,0.0,0.0
SNHG7,0.17430939,0.0,0.0
SNHG9,0.22597675,0.0,0.0
SNIP1,0.24510776,0.0,0.0
SNN,0.38091138,0.0,0.0
SNORA1,0.15726586,0.0,0.0
SNORA10,0.06597753,0.0,0.0
SNORA11B,0.004635318,0.0,0.0
SNORA13,0.013626038,0.0,0.0
SNORA16A,0.0025081057,0.0,0.0
SNORA18,0.0021279186,0.0,0.0
SNORA20,1.0325315e-06,0.0,0.0
SNORA25,0.13858221,0.0,0.0
SNORA29,0.0012480489,0.0,0.0
SNORA31,0.16930671,0.0,0.0
SNORA32,0.03644464,0.0,0.0
SNORA33,0.067999974,0.0,0.0
SNORA36A,0.12044013,0.0,0.0
SNORA3A,0.000113493064,0.0,0.0
SNORA3B,0.00038100508,0.0,0.0
SNORA4,0.0023835432,0.0,0.0
SNORA40,0.24442764,0.0,0.0
SNORA44,6.7261426e-05,0.0,0.0
SNORA48,0.1822585,0.0,0.0
SNORA50C,0.017358111,0.0,0.0
SNORA51,0.18416266,0.0,0.0
SNORA56,0.37512633,0.0,0.0
SNORA57,0.1233586,0.0,0.0
SNORA6,0.16196202,0.0,0.0
SNORA61,0.00055510784,0.0,0.0
SNORA62,0.08794771,0.0,0.0
SNORA63,0.16509719,0.0,0.0
SNORA64,0.08416175,0.0,0.0
SNORA65,0.15763132,0.0,0.0
SNORA67,0.13747378,0.0,0.0
SNORA68,0.0015328163,0.0,0.0
SNORA70,0.11139589,0.0,0.0
SNORA71D,4.3523635e-10,0.0,0.0
SNORA75,0.06977574,0.0,0.0
SNORA78,0.10955387,0.0,0.0
SNORA7A,0.15641846,0.0,0.0
SNORA8,0.0011967877,0.0,0.0
SNORA81,0.018920206,0.0,0.0
SNORC,0.18136054,0.0,0.0
SNORD10,0.20227867,0.0,0.0
SNORD100,0.09666769,0.0,0.0
SNORD101,0.21739338,0.0,0.0
SNORD104,0.12317216,0.0,0.0
SNORD105,0.20458591,0.0,0.0
SNORD105B,0.037015203,0.0,0.0
SNORD114-20,6.944307e-10,0.0,0.0
SNORD114-21,2.5144978e-08,0.0,0.0
SNORD114-22,0.021378722,0.0,0.0
SNORD114-24,0.013697419,0.0,0.0
SNORD114-25,0.018567486,0.0,0.0
SNORD114-26,0.018212367,0.0,0.0
SNORD114-27,0.018913263,0.0,0.0
SNORD114-28,0.018212367,0.0,0.0
SNORD116-1,2.3155822e-06,0.0,0.0
SNORD116-10,1.3965057e-06,0.0,0.0
SNORD116-11,3.1304949e-06,0.0,0.0
SNORD116-12,4.249154e-08,0.0,0.0
SNORD116-13,7.358475e-05,0.0,0.0
SNORD116-14,4.8331083e-05,0.0,0.0
SNORD116-15,2.871204e-07,0.0,0.0
SNORD116-16,1.8072123e-07,0.0,0.0
SNORD116-2,1.5136566e-05,0.0,0.0
SNORD116-3,0.000819186,0.0,0.0
SNORD116-4,3.064347e-06,0.0,0.0
SNORD116-5,0.00010458028,0.0,0.0
SNORD116-6,9.500998e-05,0.0,0.0
SNORD116-7,1.2069658e-07,0.0,0.0
SNORD116-8,0.00028697666,0.0,0.0
SNORD116-9,4.7464117e-05,0.0,0.0
SNORD12,0.2287311,0.0,0.0
SNORD124,0.0013238904,0.0,0.0
SNORD12B,0.22497453,0.0,0.0
SNORD12C,0.2346337,0.0,0.0
SNORD17,0.21892951,0.0,0.0
SNORD1A,3.8714606e-06,0.0,0.0
SNORD1B,2.008917e-11,0.0,0.0
SNORD1C,0.0754087,0.0,0.0
SNORD2,0.014775473,0.0,0.0
SNORD20,1.3130051e-05,0.0,0.0
SNORD22,0.19158955,0.0,0.0
SNORD25,0.25282186,0.0,0.0
SNORD26,0.24077639,0.0,0.0
SNORD27,0.2111973,0.0,0.0
SNORD28,0.2116192,0.0,0.0
SNORD29,0.17093684,0.0,0.0
SNORD30,0.2025601,0.0,0.0
SNORD31,0.20225397,0.0,0.0
SNORD32A,0.18927696,0.0,0.0
SNORD33,0.17482917,0.0,0.0
SNORD34,0.1870548,0.0,0.0
SNORD35A,0.18555185,0.0,0.0
SNORD35B,0.1547739,0.0,0.0
SNORD36A,0.04214307,0.0,0.0
SNORD36C,0.017532278,0.0,0.0
SNORD37,4.4992783e-05,0.0,0.0
SNORD42A,0.07910735,0.0,0.0
SNORD42B,0.17730881,0.0,0.0
SNORD43,1.4284877e-06,0.0,0.0
SNORD44,0.098698,0.0,0.0
SNORD45A,0.023550037,0.0,0.0
SNORD45B,0.023550037,0.0,0.0
SNORD45C,0.023550037,0.0,0.0
SNORD47,0.16196202,0.0,0.0
SNORD48,0.2443764,0.0,0.0
SNORD49A,0.05097959,0.0,0.0
SNORD49B,0.08184836,0.0,0.0
SNORD4A,0.10099069,0.0,0.0
SNORD4B,0.19813846,0.0,0.0
SNORD5,0.0980687,0.0,0.0
SNORD50A,0.16196202,0.0,0.0
SNORD50B,0.15239999,0.0,0.0
SNORD52,0.18736577,0.0,0.0
SNORD54,0.002315625,0.0,0.0
SNORD55,0.13181825,0.0,0.0
SNORD56,6.9949565e-05,0.0,0.0
SNORD57,0.0061536483,0.0,0.0
SNORD59A,0.0028971555,0.0,0.0
SNORD59B,0.017015902,0.0,0.0
SNORD6,0.07011571,0.0,0.0
SNORD60,0.16342445,0.0,0.0
SNORD65,0.072144054,0.0,0.0
SNORD72,0.10519114,0.0,0.0
SNORD74,0.2065295,0.0,0.0
SNORD75,0.12656811,0.0,0.0
SNORD76,0.17182773,0.0,0.0
SNORD77,0.14532062,0.0,0.0
SNORD78,0.16366677,0.0,0.0
SNORD79,0.23534009,0.0,0.0
SNORD80,0.16196202,0.0,0.0
SNORD81,0.1576153,0.0,0.0
SNORD82,0.00013860731,0.0,0.0
SNORD83A,0.006970846,0.0,0.0
SNORD83B,0.0009941761,0.0,0.0
SNORD86,0.005509927,0.0,0.0
SNORD88A,0.00046289427,0.0,0.0
SNORD88B,0.0002303872,0.0,0.0
SNORD88C,0.09115446,0.0,0.0
SNORD95,0.000107853666,0.0,0.0
SNORD96A,1.6142229e-05,0.0,0.0
SNPH,0.23412469,0.0,0.0
SNRK,0.39298886,0.0,-1.0
SNRNP200,0.39494908,0.0,-1.0
SNRNP25,0.16492718,0.0,0.0
SNRNP27,0.21781862,0.0,0.0
SNRNP35,0.2762822,0.0,-1.0
SNRNP40,0.31165656,0.0,0.0
SNRNP48,0.18901074,0.0,-1.0
SNRNP70,0.44407076,0.0,0.0
SNRPA,0.5633297,1.0,-1.0
SNRPA1,0.43722102,0.0,0.0
SNRPB,0.42401683,0.0,0.0
SNRPB2,0.32194826,0.0,0.0
SNRPC,0.26634237,0.0,0.0
SNRPD1,0.372614,0.0,0.0
SNRPD2,0.34492424,0.0,-1.0
SNRPD2P1,0.13005681,0.0,0.0
SNRPD3,0.33671233,0.0,-1.0
SNRPE,0.4396438,0.0,0.0
SNRPEP2,0.023500314,0.0,0.0
SNRPF,0.2736137,0.0,0.0
SNRPG,0.22998908,0.0,0.0
SNRPN,0.2725594,0.0,-1.0
SNTA1,0.35625154,0.0,-1.0
SNTB1,0.25792342,0.0,-1.0
SNTB2,0.28084505,0.0,-1.0
SNTG1,0.25056434,0.0,0.0
SNTG2,0.24919021,0.0,0.0
SNTN,0.20658949,0.0,0.0
SNU13,0.26466975,0.0,0.0
SNUPN,0.27622798,0.0,0.0
SNURF,0.21196069,0.0,-1.0
SNW1,0.4453479,0.0,-1.0
SNX1,0.34266973,0.0,0.0
SNX10,0.25705737,0.0,0.0
SNX11,0.18848357,0.0,0.0
SNX12,0.2331272,0.0,0.0
SNX13,0.33636326,0.0,0.0
SNX14,0.18029146,0.0,0.0
SNX15,0.25201163,0.0,0.0
SNX16,0.21190155,0.0,-1.0
SNX17,0.25501937,0.0,0.0
SNX18,0.29830205,0.0,0.0
SNX19,0.20282078,0.0,-1.0
SNX2,0.37237954,0.0,0.0
SNX20,0.20999306,0.0,-1.0
SNX21,0.121624514,0.0,0.0
SNX22,0.18844685,0.0,0.0
SNX24,0.15829858,0.0,0.0
SNX25,0.19431913,0.0,-1.0
SNX27,0.3606882,0.0,0.0
SNX29,0.2023539,0.0,-1.0
SNX29P2,0.024089826,0.0,0.0
SNX3,0.31298274,0.0,0.0
SNX30,0.22928093,0.0,0.0
SNX31,0.15909381,0.0,-1.0
SNX32,0.18363732,0.0,0.0
SNX33,0.24585411,0.0,0.0
SNX4,0.2783764,0.0,0.0
SNX5,0.27784735,0.0,-1.0
SNX6,0.3267076,0.0,0.0
SNX7,0.24341184,0.0,-1.0
SNX8,0.2243231,0.0,-1.0
SNX9,0.3972998,0.0,0.0
SOAT1,0.3763988,0.0,-1.0
SOAT2,0.2448209,0.0,0.0
SOBP,0.16782005,0.0,0.0
SOCS1,0.51491886,1.0,1.0
SOCS2,0.47782466,0.0,-1.0
SOCS3,0.5556788,1.0,1.0
SOCS4,0.31566754,0.0,0.0
SOCS5,0.36740956,0.0,0.0
SOCS6,0.29680678,0.0,-1.0
SOCS7,0.2401792,0.0,0.0
SOD1,0.5367442,1.0,-1.0
SOD2,0.49602607,0.0,-1.0
SOD3,0.48899618,0.0,0.0
SOGA1,0.3521102,0.0,0.0
SOGA3,0.17350397,0.0,0.0
SOHLH1,0.10796504,0.0,0.0
SOHLH2,0.16602442,0.0,-1.0
SON,0.51248753,1.0,-1.0
SORBS1,0.42708036,0.0,0.0
SORBS2,0.39129594,0.0,-1.0
SORBS3,0.45139158,0.0,0.0
SORCS1,0.22539482,0.0,-1.0
SORCS2,0.19735873,0.0,-1.0
SORCS3,0.21579927,0.0,0.0
SORD,0.3072259,0.0,0.0
SORL1,0.37951243,0.0,-1.0
SORT1,0.3330304,0.0,-1.0
SOS1,0.55786073,1.0,1.0
SOS2,0.45633194,0.0,-1.0
SOST,0.35270154,0.0,-1.0
SOSTDC1,0.2975318,0.0,0.0
SOWAHA,0.10500693,0.0,0.0
SOWAHC,0.35437536,0.0,0.0
SOWAHD,0.110355884,0.0,0.0
SOX1,0.3964962,0.0,0.0
SOX10,0.51062393,1.0,-1.0
SOX11,0.26355064,0.0,-1.0
SOX12,0.23198394,0.0,0.0
SOX13,0.32968435,0.0,0.0
SOX14,0.22021368,0.0,0.0
SOX15,0.33076265,0.0,0.0
SOX17,0.4269973,0.0,1.0
SOX18,0.30898705,0.0,0.0
SOX2,0.5956395,1.0,1.0
SOX21,0.26157117,0.0,1.0
SOX3,0.42208952,0.0,-1.0
SOX30,0.07149693,0.0,0.0
SOX4,0.42532396,0.0,-1.0
SOX5,0.34851676,0.0,-1.0
SOX6,0.40464893,0.0,0.0
SOX7,0.33677098,0.0,0.0
SOX8,0.2584992,0.0,-1.0
SOX9,0.5704527,1.0,1.0
SP1,0.7171875,1.0,-1.0
SP100,0.42386094,0.0,0.0
SP110,0.39598936,0.0,-1.0
SP140,0.26932395,0.0,1.0
SP140L,0.24203028,0.0,0.0
SP2,0.50625217,1.0,0.0
SP3,0.548405,1.0,0.0
SP4,0.3928299,0.0,0.0
SP5,0.27162528,0.0,0.0
SP6,0.35342434,0.0,0.0
SP7,0.45647854,0.0,-1.0
SP8,0.3531898,0.0,-1.0
SP9,0.289756,0.0,0.0
SPA17,0.09307527,0.0,-1.0
SPACA1,0.080198966,0.0,0.0
SPACA3,0.05339068,0.0,0.0
SPACA4,0.06174271,0.0,0.0
SPACA5,0.11580145,0.0,0.0
SPACA5B,0.087724805,0.0,0.0
SPACA6,0.09712874,0.0,0.0
SPACA7,0.07180837,0.0,0.0
SPACA9,0.11358002,0.0,0.0
SPAG1,0.3163217,0.0,0.0
SPAG11A,0.0003021493,0.0,0.0
SPAG11B,5.314198e-05,0.0,0.0
SPAG16,0.18129092,0.0,0.0
SPAG17,0.17815867,0.0,-1.0
SPAG4,0.18998328,0.0,0.0
SPAG5,0.4563556,0.0,0.0
SPAG6,0.24413382,0.0,0.0
SPAG7,0.15230986,0.0,0.0
SPAG8,0.1964166,0.0,0.0
SPAG9,0.4214232,0.0,0.0
SPAM1,0.16050857,0.0,-1.0
SPANXA1,0.1262803,0.0,0.0
SPANXA2,0.15017734,0.0,0.0
SPANXB1,0.09913687,0.0,0.0
SPANXC,0.10394652,0.0,0.0
SPANXD,0.09753677,0.0,0.0
SPANXN2,0.121131405,0.0,-1.0
SPANXN3,0.11027815,0.0,0.0
SPANXN4,0.09682153,0.0,-1.0
SPARC,0.61546665,1.0,-1.0
SPARCL1,0.431007,0.0,0.0
SPART,0.3223044,0.0,-1.0
SPAST,0.5159108,1.0,-1.0
SPATA1,0.17483485,0.0,0.0
SPATA12,0.08164425,0.0,0.0
SPATA13,0.3364676,0.0,0.0
SPATA16,0.07125891,0.0,0.0
SPATA17,0.07622058,0.0,0.0
SPATA18,0.15290982,0.0,-1.0
SPATA19,0.071936235,0.0,-1.0
SPATA2,0.29071158,0.0,0.0
SPATA20,0.2006464,0.0,0.0
SPATA21,0.33775347,0.0,0.0
SPATA22,0.07386446,0.0,0.0
SPATA24,0.19282377,0.0,0.0
SPATA25,0.16286196,0.0,0.0
SPATA2L,0.2793923,0.0,0.0
SPATA3,0.06054767,0.0,0.0
SPATA31A3,0.124464504,0.0,0.0
SPATA31A7,0.25461373,0.0,0.0
SPATA31D1,0.14148879,0.0,0.0
SPATA31E1,0.113051474,0.0,0.0
SPATA32,0.079294965,0.0,0.0
SPATA33,0.07995807,0.0,0.0
SPATA4,0.07508165,0.0,0.0
SPATA41,0.026664559,0.0,0.0
SPATA46,0.080190666,0.0,0.0
SPATA5,0.42726663,0.0,0.0
SPATA5L1,0.37290516,0.0,-1.0
SPATA6,0.09343982,0.0,-1.0
SPATA6L,0.17301454,0.0,0.0
SPATA7,0.14284642,0.0,-1.0
SPATA8,0.07356329,0.0,0.0
SPATA9,0.072513305,0.0,0.0
SPATC1,0.11925588,0.0,0.0
SPATC1L,0.19880205,0.0,-1.0
SPATS1,0.078806624,0.0,0.0
SPATS2,0.25163496,0.0,0.0
SPATS2L,0.224864,0.0,0.0
SPC24,0.43899482,0.0,0.0
SPC25,0.40912625,0.0,0.0
SPCS1,0.13036513,0.0,0.0
SPCS2,0.22475469,0.0,0.0
SPCS3,0.26839066,0.0,0.0
SPDEF,0.40625376,0.0,0.0
SPDL1,0.39583683,0.0,0.0
SPDYA,0.10669751,0.0,0.0
SPDYC,0.1048939,0.0,0.0
SPDYE1,0.15747014,0.0,0.0
SPDYE2,0.1847254,0.0,0.0
SPDYE2B,0.029256715,0.0,0.0
SPDYE3,0.104815036,0.0,0.0
SPDYE4,0.089850545,0.0,0.0
SPECC1,0.4422934,0.0,-1.0
SPECC1L,0.4442849,0.0,0.0
SPEF1,0.15301058,0.0,0.0
SPEF2,0.20230404,0.0,0.0
SPEG,0.32736763,0.0,-1.0
SPEM1,0.08721071,0.0,0.0
SPEM2,0.07797872,0.0,0.0
SPEN,0.47656727,0.0,1.0
SPEN-AS1,0.013807553,0.0,0.0
SPESP1,0.21803959,0.0,0.0
SPG11,0.41260636,0.0,-1.0
SPG21,0.19016132,0.0,-1.0
SPG7,0.4025862,0.0,-1.0
SPHAR,0.17975447,0.0,0.0
SPHK1,0.4358942,0.0,-1.0
SPHK2,0.2911072,0.0,0.0
SPHKAP,0.13029598,0.0,-1.0
SPI1,0.5238322,1.0,-1.0
SPIB,0.5059812,1.0,-1.0
SPIC,0.21661222,0.0,0.0
SPICE1,0.48538122,0.0,0.0
SPIDR,0.24013144,0.0,0.0
SPIN1,0.4585311,0.0,0.0
SPIN2A,0.21664982,0.0,0.0
SPIN2B,0.18298057,0.0,0.0
SPIN3,0.23672815,0.0,0.0
SPIN4,0.11310808,0.0,0.0
SPINDOC,0.21234953,0.0,0.0
SPINK1,0.43997875,0.0,-1.0
SPINK13,0.13603306,0.0,0.0
SPINK14,0.008092597,0.0,0.0
SPINK2,0.08195889,0.0,0.0
SPINK4,0.15012142,0.0,0.0
SPINK5,0.30111542,0.0,-1.0
SPINK6,0.093975164,0.0,0.0
SPINK7,0.19726045,0.0,-1.0
SPINK8,0.043959312,0.0,0.0
SPINK9,0.32002938,0.0,0.0
SPINT1,0.31476077,0.0,-1.0
SPINT2,0.34059647,0.0,-1.0
SPINT3,0.0582713,0.0,0.0
SPINT4,0.016618991,0.0,0.0
SPIRE1,0.18074043,0.0,0.0
SPIRE2,0.19049199,0.0,0.0
SPN,0.48345822,0.0,-1.0
SPNS1,0.41750377,0.0,0.0
SPNS2,0.2506202,0.0,0.0
SPNS3,0.243521,0.0,0.0
SPO11,0.19735558,0.0,0.0
SPOCD1,0.20424719,0.0,0.0
SPOCK1,0.34304744,0.0,0.0
SPOCK2,0.22975351,0.0,0.0
SPOCK3,0.17118783,0.0,0.0
SPON1,0.4182796,0.0,0.0
SPON2,0.34016672,0.0,0.0
SPOP,0.29102647,0.0,1.0
SPOPL,0.34259078,0.0,0.0
SPOUT1,0.18961985,0.0,0.0
SPP1,0.65308094,1.0,-1.0
SPP2,0.2543354,0.0,0.0
SPPL2A,0.17649662,0.0,0.0
SPPL2B,0.061324887,0.0,-1.0
SPPL2C,0.12025716,0.0,0.0
SPPL3,0.15664382,0.0,-1.0
SPR,0.19854966,0.0,0.0
SPRED1,0.312615,0.0,1.0
SPRED2,0.21097626,0.0,0.0
SPRED3,0.24947333,0.0,0.0
SPRING1,0.1829493,0.0,0.0
SPRN,0.36318886,0.0,0.0
SPRR1A,0.27371064,0.0,0.0
SPRR1B,0.20693426,0.0,0.0
SPRR2A,0.20095016,0.0,0.0
SPRR2B,0.1308834,0.0,-1.0
SPRR2C,3.7522868e-10,0.0,0.0
SPRR2D,0.0684497,0.0,0.0
SPRR2E,0.11888475,0.0,0.0
SPRR2F,0.07866038,0.0,0.0
SPRR2G,0.03789364,0.0,0.0
SPRR3,0.13616917,0.0,0.0
SPRR4,0.04515003,0.0,0.0
SPRTN,0.2848476,0.0,1.0
SPRY1,0.31634054,0.0,-1.0
SPRY2,0.39044514,0.0,-1.0
SPRY3,0.23890613,0.0,-1.0
SPRY4,0.34318015,0.0,0.0
SPRYD3,0.23405029,0.0,0.0
SPRYD4,0.15551513,0.0,0.0
SPRYD7,0.2126148,0.0,0.0
SPSB1,0.28676072,0.0,0.0
SPSB2,0.20511514,0.0,0.0
SPSB3,0.17612372,0.0,0.0
SPSB4,0.2263095,0.0,0.0
SPTA1,0.31095088,0.0,-1.0
SPTAN1,0.6453568,1.0,-1.0
SPTB,0.4918136,0.0,-1.0
SPTBN1,0.58307296,1.0,0.0
SPTBN2,0.49087784,0.0,-1.0
SPTBN4,0.4101962,0.0,-1.0
SPTBN5,0.40029174,0.0,-1.0
SPTLC1,0.3603945,0.0,-1.0
SPTLC2,0.30692887,0.0,-1.0
SPTLC3,0.2465421,0.0,0.0
SPTSSA,0.19407506,0.0,0.0
SPTSSB,0.23898695,0.0,0.0
SPTY2D1,0.18892677,0.0,0.0
SPX,0.21555778,0.0,0.0
SPZ1,0.09210048,0.0,0.0
SQLE,0.26537773,0.0,0.0
SQOR,0.25451347,0.0,-1.0
SQSTM1,0.5439407,1.0,-1.0
SRA1,0.29888305,0.0,0.0
SRARP,0.013787141,0.0,-1.0
SRBD1,0.38805228,0.0,0.0
SRC,0.7179894,1.0,1.0
SRCAP,0.42410398,0.0,-1.0
SRCIN1,0.2506542,0.0,0.0
SRD5A1,0.22846451,0.0,0.0
SRD5A2,0.25262338,0.0,-1.0
SRD5A3,0.1651387,0.0,0.0
SREBF1,0.6337473,1.0,0.0
SREBF2,0.5129097,1.0,0.0
SREK1,0.2799507,0.0,0.0
SREK1IP1,0.20835537,0.0,0.0
SRF,0.5453919,1.0,0.0
SRFBP1,0.22341296,0.0,0.0
SRGAP1,0.26999918,0.0,0.0
SRGAP2,0.26111132,0.0,0.0
SRGAP2C,0.0003952369,0.0,0.0
SRGAP3,0.38117495,0.0,-1.0
SRGN,0.45325723,0.0,0.0
SRI,0.44588163,0.0,-1.0
SRL,0.32881027,0.0,0.0
SRM,0.2589017,0.0,0.0
SRMS,0.3885921,0.0,0.0
SRP14,0.2515654,0.0,0.0
SRP19,0.17046143,0.0,0.0
SRP54,0.3179301,0.0,0.0
SRP68,0.28974757,0.0,0.0
SRP72,0.37019897,0.0,0.0
SRP9,0.36351937,0.0,0.0
SRPK1,0.45737848,0.0,0.0
SRPK2,0.40220731,0.0,-1.0
SRPK3,0.27970806,0.0,0.0
SRPRA,0.3831304,0.0,0.0
SRPRB,0.2952269,0.0,0.0
SRPX,0.4603578,0.0,-1.0
SRPX2,0.4180203,0.0,-1.0
SRR,0.31210148,0.0,0.0
SRRD,0.14294328,0.0,0.0
SRRM1,0.47017828,0.0,0.0
SRRM2,0.44280076,0.0,0.0
SRRM3,0.2232906,0.0,0.0
SRRM4,0.18863288,0.0,0.0
SRRM5,0.079958044,0.0,0.0
SRRT,0.33514497,0.0,-1.0
SRSF1,0.4863299,0.0,-1.0
SRSF10,0.38980666,0.0,0.0
SRSF11,0.36183843,0.0,0.0
SRSF12,0.22626528,0.0,0.0
SRSF2,0.4943009,0.0,1.0
SRSF3,0.38911477,0.0,1.0
SRSF4,0.36639184,0.0,0.0
SRSF5,0.3906351,0.0,-1.0
SRSF6,0.36715728,0.0,-1.0
SRSF7,0.3828607,0.0,0.0
SRSF8,0.23765108,0.0,0.0
SRSF9,0.35967895,0.0,-1.0
SRXN1,0.22001868,0.0,-1.0
SRY,0.5718117,1.0,-1.0
SS18,0.3355548,0.0,1.0
SS18L1,0.2768553,0.0,1.0
SS18L2,0.16933896,0.0,0.0
SSB,0.4371905,0.0,-1.0
SSBP1,0.3551154,0.0,-1.0
SSBP2,0.3058735,0.0,-1.0
SSBP3,0.33184883,0.0,-1.0
SSBP4,0.26998585,0.0,-1.0
SSC4D,0.17107294,0.0,0.0
SSC5D,0.19345598,0.0,0.0
SSH1,0.41715637,0.0,-1.0
SSH2,0.47814742,0.0,0.0
SSH3,0.40711653,0.0,-1.0
SSMEM1,0.076890916,0.0,0.0
SSNA1,0.17731339,0.0,0.0
SSPN,0.36633268,0.0,-1.0
SSPOP,0.041889668,0.0,0.0
SSR1,0.3494242,0.0,0.0
SSR2,0.1840817,0.0,0.0
SSR3,0.31210476,0.0,0.0
SSR4,0.31864163,0.0,0.0
SSR4P1,0.027364608,0.0,0.0
SSRP1,0.47245148,0.0,0.0
SST,0.5902913,1.0,0.0
SSTR1,0.28408214,0.0,0.0
SSTR2,0.35852537,0.0,-1.0
SSTR3,0.21559837,0.0,0.0
SSTR4,0.2812202,0.0,0.0
SSTR5,0.36517385,0.0,0.0
SSU72,0.2434698,0.0,0.0
SSUH2,0.21187271,0.0,0.0
SSX1,0.13074246,0.0,1.0
SSX2,0.29311383,0.0,1.0
SSX2B,0.2394778,0.0,-1.0
SSX2IP,0.4540917,0.0,-1.0
SSX3,0.10879831,0.0,0.0
SSX4,0.23065698,0.0,1.0
SSX4B,0.2700458,0.0,0.0
SSX5,0.13115044,0.0,0.0
SSX6P,0.072116844,0.0,0.0
SSX7,0.13240826,0.0,0.0
ST13,0.36205164,0.0,-1.0
ST13P4,0.008170086,0.0,0.0
ST14,0.3377015,0.0,-1.0
ST18,0.19810225,0.0,0.0
ST20,0.2282336,0.0,0.0
ST20-AS1,0.012251687,0.0,0.0
ST20-MTHFS,0.20321289,0.0,0.0
ST3GAL1,0.1530619,0.0,0.0
ST3GAL2,0.14913766,0.0,0.0
ST3GAL3,0.12910005,0.0,-1.0
ST3GAL4,0.15039223,0.0,0.0
ST3GAL5,0.26129958,0.0,0.0
ST3GAL6,0.1619272,0.0,-1.0
ST6GAL1,0.18178152,0.0,-1.0
ST6GAL2,0.1494307,0.0,-1.0
ST6GALNAC1,0.18124947,0.0,-1.0
ST6GALNAC2,0.17236657,0.0,0.0
ST6GALNAC3,0.10528522,0.0,-1.0
ST6GALNAC4,0.13725199,0.0,0.0
ST6GALNAC5,0.17806143,0.0,0.0
ST6GALNAC6,0.12921329,0.0,0.0
ST7,0.23483816,0.0,0.0
ST7L,0.1571395,0.0,0.0
ST8SIA1,0.18104187,0.0,0.0
ST8SIA2,0.30943596,0.0,0.0
ST8SIA3,0.15759666,0.0,0.0
ST8SIA4,0.34346983,0.0,-1.0
ST8SIA5,0.16455023,0.0,0.0
ST8SIA6,0.09152164,0.0,0.0
STAB1,0.41788298,0.0,-1.0
STAB2,0.3107013,0.0,0.0
STAC,0.24417095,0.0,0.0
STAC2,0.07344043,0.0,0.0
STAC3,0.52492505,1.0,0.0
STAG1,0.51234406,1.0,1.0
STAG2,0.4914698,0.0,1.0
STAG3,0.31752327,0.0,-1.0
STAG3L1,0.007899601,0.0,0.0
STAG3L4,0.0011284589,0.0,0.0
STAM,0.38495377,0.0,0.0
STAM2,0.39246878,0.0,-1.0
STAMBP,0.35169873,0.0,0.0
STAMBPL1,0.30649796,0.0,0.0
STAP1,0.24192294,0.0,0.0
STAP2,0.27749792,0.0,0.0
STAR,0.40647733,0.0,-1.0
STARD10,0.1493747,0.0,-1.0
STARD13,0.3902273,0.0,-1.0
STARD3,0.22004066,0.0,-1.0
STARD3NL,0.15733068,0.0,0.0
STARD4,0.1972558,0.0,0.0
STARD5,0.28116512,0.0,0.0
STARD6,0.080860466,0.0,-1.0
STARD7,0.1744052,0.0,0.0
STARD8,0.2938646,0.0,-1.0
STARD9,0.3288313,0.0,0.0
STAT1,0.629578,1.0,-1.0
STAT2,0.52656585,1.0,-1.0
STAT3,0.7314401,1.0,1.0
STAT4,0.5657409,1.0,-1.0
STAT5A,0.61069053,1.0,1.0
STAT5B,0.6061726,1.0,1.0
STAT6,0.5542542,1.0,1.0
STATH,0.415525,0.0,0.0
STAU1,0.42403787,0.0,0.0
STAU2,0.2509201,0.0,0.0
STBD1,0.1633975,0.0,0.0
STC1,0.4719643,0.0,-1.0
STC2,0.3004294,0.0,0.0
STEAP1,0.2731382,0.0,-1.0
STEAP1B,0.14518261,0.0,0.0
STEAP2,0.17739372,0.0,-1.0
STEAP3,0.27742884,0.0,0.0
STEAP4,0.23491016,0.0,0.0
STEEP1,0.18563186,0.0,0.0
STH,0.42129982,0.0,0.0
STIL,0.4561871,0.0,1.0
STIM1,0.4709548,0.0,-1.0
STIM2,0.33179784,0.0,-1.0
STIMATE,0.35148448,0.0,0.0
STING1,0.4352133,0.0,0.0
STIP1,0.44040996,0.0,0.0
STK10,0.3618383,0.0,-1.0
STK11,0.57674205,1.0,1.0
STK11IP,0.2066686,0.0,-1.0
STK16,0.32895607,0.0,0.0
STK17A,0.39850193,0.0,0.0
STK17B,0.38963583,0.0,0.0
STK19,0.29555997,0.0,1.0
STK24,0.43211865,0.0,0.0
STK25,0.3625596,0.0,0.0
STK26,0.40620625,0.0,-1.0
STK3,0.5133669,1.0,0.0
STK31,0.101447664,0.0,-1.0
STK32A,0.37873757,0.0,0.0
STK32B,0.33516496,0.0,0.0
STK32C,0.32592544,0.0,0.0
STK33,0.2911149,0.0,0.0
STK35,0.23829043,0.0,0.0
STK36,0.27938637,0.0,0.0
STK38,0.42500585,0.0,0.0
STK38L,0.34212187,0.0,-1.0
STK39,0.2904827,0.0,0.0
STK4,0.5349286,1.0,-1.0
STK40,0.4252993,0.0,-1.0
STKLD1,0.19994375,0.0,0.0
STMN1,0.5236932,1.0,-1.0
STMN2,0.34861103,0.0,0.0
STMN3,0.232587,0.0,0.0
STMN4,0.24485843,0.0,0.0
STMP1,0.15616883,0.0,0.0
STN1,0.32930598,0.0,0.0
STOM,0.44775552,0.0,0.0
STOML1,0.28274652,0.0,0.0
STOML2,0.31138185,0.0,-1.0
STOML3,0.38699788,0.0,0.0
STON1,0.23298985,0.0,0.0
STON1-GTF2A1L,0.1427948,0.0,0.0
STON2,0.3614637,0.0,0.0
STOX1,0.20528767,0.0,-1.0
STOX2,0.14342515,0.0,0.0
STPG1,0.184454,0.0,0.0
STPG2,0.22486572,0.0,0.0
STPG3,0.07824715,0.0,0.0
STPG4,0.036229294,0.0,0.0
STRA6,0.24388427,0.0,0.0
STRA8,0.24719633,0.0,0.0
STRADA,0.42804778,0.0,-1.0
STRADB,0.2673622,0.0,0.0
STRAP,0.3427008,0.0,-1.0
STRBP,0.26438946,0.0,0.0
STRC,0.14887151,0.0,-1.0
STRIP1,0.27612802,0.0,0.0
STRIP2,0.25995663,0.0,0.0
STRN,0.4322628,0.0,1.0
STRN3,0.3846625,0.0,0.0
STRN4,0.34055305,0.0,0.0
STS,0.51021653,1.0,-1.0
STT3A,0.30445606,0.0,0.0
STT3B,0.26148865,0.0,0.0
STUB1,0.5003755,1.0,-1.0
STUM,0.23663287,0.0,0.0
STX10,0.29374188,0.0,0.0
STX11,0.3532153,0.0,-1.0
STX12,0.33852524,0.0,0.0
STX16,0.42199597,0.0,-1.0
STX16-NPEPL1,0.25598717,0.0,0.0
STX17,0.33226877,0.0,0.0
STX18,0.30834225,0.0,0.0
STX19,0.274662,0.0,0.0
STX1A,0.41795397,0.0,0.0
STX1B,0.31425175,0.0,0.0
STX2,0.36697525,0.0,-1.0
STX3,0.42087162,0.0,0.0
STX4,0.34314704,0.0,-1.0
STX5,0.33540645,0.0,0.0
STX6,0.36446354,0.0,0.0
STX7,0.36404815,0.0,0.0
STX8,0.35808742,0.0,0.0
STXBP1,0.37754068,0.0,-1.0
STXBP2,0.29284802,0.0,-1.0
STXBP3,0.4575894,0.0,0.0
STXBP4,0.3158227,0.0,0.0
STXBP5,0.23576775,0.0,0.0
STXBP5L,0.25591934,0.0,0.0
STXBP6,0.17867921,0.0,0.0
STYK1,0.41299385,0.0,-1.0
STYX,0.38064736,0.0,0.0
STYXL1,0.35718206,0.0,0.0
SUB1,0.2960079,0.0,0.0
SUCLA2,0.26804036,0.0,0.0
SUCLG1,0.29391614,0.0,-1.0
SUCLG2,0.32045096,0.0,-1.0
SUCNR1,0.21378246,0.0,0.0
SUCO,0.34628922,0.0,0.0
SUDS3,0.29808736,0.0,0.0
SUFU,0.40766585,0.0,1.0
SUGCT,0.19413218,0.0,-1.0
SUGP1,0.23401235,0.0,0.0
SUGP2,0.2882231,0.0,0.0
SUGT1,0.3731377,0.0,0.0
SULF1,0.4395002,0.0,-1.0
SULF2,0.2439347,0.0,-1.0
SULT1A1,0.23451628,0.0,0.0
SULT1A2,0.15044427,0.0,0.0
SULT1A3,0.40727904,0.0,0.0
SULT1A4,0.121118106,0.0,0.0
SULT1B1,0.24256876,0.0,-1.0
SULT1C2,0.2280335,0.0,0.0
SULT1C3,0.10823776,0.0,0.0
SULT1C4,0.12881601,0.0,0.0
SULT1E1,0.44470918,0.0,0.0
SULT2A1,0.3289594,0.0,0.0
SULT2B1,0.41958666,0.0,-1.0
SULT4A1,0.46525633,0.0,0.0
SULT6B1,0.1130789,0.0,0.0
SUMF1,0.3181413,0.0,-1.0
SUMF2,0.3700528,0.0,0.0
SUMO1,0.5824618,1.0,0.0
SUMO1P1,0.12830101,0.0,0.0
SUMO2,0.4919662,0.0,0.0
SUMO3,0.46807268,0.0,0.0
SUMO4,0.41830096,0.0,0.0
SUN1,0.31245378,0.0,0.0
SUN2,0.3251378,0.0,0.0
SUN3,0.108153485,0.0,0.0
SUN5,0.09457452,0.0,0.0
SUOX,0.25089043,0.0,0.0
SUPT16H,0.5032082,1.0,0.0
SUPT20H,0.37370446,0.0,0.0
SUPT20HL1,0.006371771,0.0,0.0
SUPT20HL2,0.0010056567,0.0,0.0
SUPT3H,0.2887584,0.0,-1.0
SUPT4H1,0.2508763,0.0,0.0
SUPT5H,0.43746984,0.0,0.0
SUPT6H,0.41866973,0.0,0.0
SUPT7L,0.2403667,0.0,-1.0
SUPV3L1,0.17416604,0.0,0.0
SURF1,0.118405454,0.0,-1.0
SURF2,0.1793719,0.0,0.0
SURF4,0.25038108,0.0,0.0
SURF6,0.20057221,0.0,0.0
SUSD1,0.24967293,0.0,0.0
SUSD2,0.14397058,0.0,0.0
SUSD3,0.092808254,0.0,-1.0
SUSD4,0.1762086,0.0,0.0
SUSD5,0.12385305,0.0,0.0
SUSD6,0.31997064,0.0,0.0
SUV39H1,0.5073531,1.0,-1.0
SUV39H2,0.44167656,0.0,0.0
SUZ12,0.61350065,1.0,1.0
SV2A,0.36339787,0.0,0.0
SV2B,0.26066437,0.0,0.0
SV2C,0.23755616,0.0,0.0
SVBP,0.13181277,0.0,0.0
SVEP1,0.37761894,0.0,0.0
SVIL,0.43742067,0.0,0.0
SVIP,0.15371555,0.0,0.0
SVOP,0.13034746,0.0,0.0
SVOPL,0.050920885,0.0,0.0
SWAP70,0.31274942,0.0,-1.0
SWI5,0.24343695,0.0,0.0
SWSAP1,0.22186404,0.0,0.0
SWT1,0.1965415,0.0,0.0
SYAP1,0.26750836,0.0,0.0
SYBU,0.24757627,0.0,0.0
SYCE1,0.09713864,0.0,0.0
SYCE1L,0.108392745,0.0,0.0
SYCE2,0.17276254,0.0,0.0
SYCE3,0.08382181,0.0,0.0
SYCN,0.24867311,0.0,0.0
SYCP1,0.15446094,0.0,0.0
SYCP2,0.2094466,0.0,0.0
SYCP2L,0.14993161,0.0,0.0
SYCP3,0.12489868,0.0,0.0
SYDE1,0.32020414,0.0,-1.0
SYDE2,0.20979598,0.0,0.0
SYF2,0.2503563,0.0,-1.0
SYK,0.56986797,1.0,1.0
SYMPK,0.48802248,0.0,0.0
SYN1,0.45981556,0.0,0.0
SYN2,0.23722994,0.0,-1.0
SYN3,0.28034073,0.0,0.0
SYNC,0.28945833,0.0,0.0
SYNCRIP,0.4155293,0.0,-1.0
SYNDIG1,0.14111766,0.0,0.0
SYNDIG1L,0.0848895,0.0,0.0
SYNE1,0.45694008,0.0,-1.0
SYNE2,0.53212976,1.0,-1.0
SYNE3,0.33004212,0.0,-1.0
SYNE4,0.060235206,0.0,0.0
SYNGAP1,0.37925568,0.0,-1.0
SYNGR1,0.1983207,0.0,0.0
SYNGR2,0.22898646,0.0,-1.0
SYNGR3,0.18523888,0.0,0.0
SYNGR4,0.13787702,0.0,0.0
SYNJ1,0.46695438,0.0,0.0
SYNJ2,0.3969319,0.0,0.0
SYNJ2BP,0.21208021,0.0,0.0
SYNM,0.4358763,0.0,0.0
SYNPO,0.44949818,0.0,0.0
SYNPO2,0.194378,0.0,-1.0
SYNPO2L,0.16725053,0.0,0.0
SYNPR,0.22442448,0.0,0.0
SYNRG,0.2536994,0.0,-1.0
SYP,0.5375232,1.0,-1.0
SYPL1,0.22880995,0.0,0.0
SYPL2,0.22527501,0.0,0.0
SYS1,0.18688962,0.0,0.0
SYS1-DBNDD2,0.26589805,0.0,0.0
SYT1,0.3613708,0.0,0.0
SYT10,0.16122308,0.0,-1.0
SYT11,0.3164458,0.0,0.0
SYT12,0.20047459,0.0,0.0
SYT13,0.22419034,0.0,0.0
SYT14,0.15943342,0.0,-1.0
SYT15,0.16371605,0.0,0.0
SYT16,0.1527876,0.0,0.0
SYT17,0.18815972,0.0,0.0
SYT2,0.27685615,0.0,0.0
SYT3,0.19846223,0.0,0.0
SYT4,0.2545777,0.0,-1.0
SYT5,0.26165733,0.0,0.0
SYT6,0.17651941,0.0,0.0
SYT7,0.2047715,0.0,0.0
SYT8,0.18829452,0.0,0.0
SYT9,0.23291412,0.0,0.0
SYTL1,0.19048399,0.0,-1.0
SYTL2,0.22167172,0.0,-1.0
SYTL3,0.18296146,0.0,-1.0
SYTL4,0.2306806,0.0,-1.0
SYTL5,0.2242462,0.0,-1.0
SYVN1,0.33727312,0.0,0.0
SZRD1,0.18058309,0.0,0.0
SZT2,0.31996238,0.0,0.0
TAAR1,0.22150789,0.0,0.0
TAAR2,0.19043078,0.0,0.0
TAAR5,0.18019864,0.0,0.0
TAAR6,0.20579374,0.0,0.0
TAAR8,0.114054166,0.0,0.0
TAB1,0.48695132,0.0,0.0
TAB2,0.3711956,0.0,0.0
TAB3,0.3117323,0.0,-1.0
TAC1,0.5583598,1.0,-1.0
TAC3,0.43584192,0.0,0.0
TAC4,0.16786069,0.0,0.0
TACC1,0.36520138,0.0,-1.0
TACC2,0.3225518,0.0,-1.0
TACC3,0.46212533,0.0,-1.0
TACO1,0.12209626,0.0,-1.0
TACR1,0.34092066,0.0,0.0
TACR2,0.3116803,0.0,0.0
TACR3,0.2801571,0.0,0.0
TACSTD2,0.37059382,0.0,-1.0
TADA1,0.18740863,0.0,0.0
TADA2A,0.249818,0.0,0.0
TADA2B,0.30737826,0.0,0.0
TADA3,0.4199282,0.0,0.0
TAF1,0.6823685,1.0,-1.0
TAF10,0.24020368,0.0,0.0
TAF11,0.2850333,0.0,-1.0
TAF12,0.30221447,0.0,0.0
TAF13,0.21501367,0.0,0.0
TAF15,0.27915755,0.0,1.0
TAF1A,0.27882123,0.0,0.0
TAF1B,0.28945056,0.0,0.0
TAF1C,0.23142941,0.0,0.0
TAF1D,0.23226927,0.0,0.0
TAF1L,0.27887544,0.0,-1.0
TAF2,0.39609784,0.0,0.0
TAF3,0.31269696,0.0,0.0
TAF4,0.41301078,0.0,-1.0
TAF4B,0.2677434,0.0,0.0
TAF5,0.39943153,0.0,0.0
TAF5L,0.3022845,0.0,0.0
TAF6,0.34469497,0.0,0.0
TAF6L,0.32686132,0.0,0.0
TAF7,0.5790057,1.0,0.0
TAF7L,0.17145598,0.0,0.0
TAF8,0.26848656,0.0,0.0
TAF9,0.48293787,0.0,0.0
TAF9B,0.24317,0.0,0.0
TAFA1,0.15037002,0.0,0.0
TAFA2,0.122225575,0.0,0.0
TAFA3,0.19715393,0.0,0.0
TAFA4,0.20205955,0.0,0.0
TAFA5,0.11150047,0.0,0.0
TAFAZZIN,0.21290761,0.0,-1.0
TAGAP,0.26128,0.0,0.0
TAGLN,0.58204037,1.0,-1.0
TAGLN2,0.35363135,0.0,0.0
TAGLN3,0.3260656,0.0,0.0
TAL1,0.6801511,1.0,1.0
TAL2,0.24812873,0.0,1.0
TALDO1,0.31496498,0.0,-1.0
TAMALIN,0.3320808,0.0,0.0
TAMM41,0.14554721,0.0,-1.0
TANC1,0.4805416,0.0,0.0
TANC2,0.41541314,0.0,0.0
TANGO2,0.2290797,0.0,0.0
TANGO6,0.20716317,0.0,0.0
TANK,0.47505352,0.0,0.0
TAOK1,0.44655442,0.0,0.0
TAOK2,0.3159456,0.0,0.0
TAOK3,0.41030043,0.0,0.0
TAP1,0.3737643,0.0,-1.0
TAP2,0.30084264,0.0,-1.0
TAPBP,0.33367598,0.0,0.0
TAPBPL,0.20886125,0.0,0.0
TAPT1,0.16832855,0.0,0.0
TARBP1,0.24744673,0.0,0.0
TARBP2,0.23323336,0.0,0.0
TARDBP,0.42350096,0.0,-1.0
TARM1,0.0790816,0.0,0.0
TARS1,0.3403526,0.0,0.0
TARS2,0.27977455,0.0,0.0
TARS3,0.29399508,0.0,0.0
TAS1R1,0.077221595,0.0,0.0
TAS1R2,0.10288625,0.0,0.0
TAS1R3,0.15490723,0.0,0.0
TAS2R1,0.20545259,0.0,0.0
TAS2R10,0.16728951,0.0,0.0
TAS2R13,0.28606513,0.0,0.0
TAS2R14,0.20513767,0.0,0.0
TAS2R16,0.10789312,0.0,0.0
TAS2R19,0.20711493,0.0,0.0
TAS2R20,0.18726759,0.0,0.0
TAS2R3,0.26539588,0.0,0.0
TAS2R30,0.19035627,0.0,0.0
TAS2R31,0.18376496,0.0,0.0
TAS2R38,0.27180895,0.0,0.0
TAS2R39,0.18660216,0.0,0.0
TAS2R4,0.3339436,0.0,0.0
TAS2R40,0.16928315,0.0,0.0
TAS2R41,0.20140722,0.0,0.0
TAS2R42,0.19479567,0.0,0.0
TAS2R43,0.17977561,0.0,-1.0
TAS2R45,0.15634146,0.0,0.0
TAS2R46,0.19979322,0.0,-1.0
TAS2R5,0.2004406,0.0,0.0
TAS2R50,0.2153326,0.0,0.0
TAS2R60,0.26138097,0.0,-1.0
TAS2R7,0.224136,0.0,0.0
TAS2R8,0.13817018,0.0,0.0
TAS2R9,0.20757973,0.0,0.0
TASL,0.21635841,0.0,0.0
TASOR,0.3129779,0.0,0.0
TASOR2,0.31422296,0.0,0.0
TASP1,0.17946582,0.0,0.0
TAT,0.28083736,0.0,-1.0
TATDN1,0.31781968,0.0,0.0
TATDN2,0.22539675,0.0,0.0
TATDN3,0.23970997,0.0,0.0
TAX1BP1,0.3390564,0.0,0.0
TAX1BP3,0.292129,0.0,0.0
TBATA,0.11683233,0.0,0.0
TBC1D1,0.3828363,0.0,0.0
TBC1D10A,0.20696282,0.0,-1.0
TBC1D10B,0.28001744,0.0,0.0
TBC1D10C,0.2109312,0.0,0.0
TBC1D12,0.28172296,0.0,-1.0
TBC1D13,0.31229153,0.0,-1.0
TBC1D14,0.3413808,0.0,0.0
TBC1D15,0.3894748,0.0,0.0
TBC1D16,0.26377335,0.0,0.0
TBC1D17,0.31872168,0.0,0.0
TBC1D19,0.28776342,0.0,0.0
TBC1D2,0.33042774,0.0,0.0
TBC1D20,0.2065193,0.0,0.0
TBC1D21,0.15762138,0.0,0.0
TBC1D22A,0.23985817,0.0,-1.0
TBC1D22B,0.30611962,0.0,0.0
TBC1D23,0.27784723,0.0,0.0
TBC1D24,0.25144935,0.0,-1.0
TBC1D25,0.31882507,0.0,0.0
TBC1D26,0.27561486,0.0,0.0
TBC1D27P,8.2081925e-08,0.0,0.0
TBC1D28,0.14808063,0.0,0.0
TBC1D29P,0.20354934,0.0,-1.0
TBC1D2B,0.37839726,0.0,0.0
TBC1D3,0.13134807,0.0,0.0
TBC1D30,0.30804262,0.0,0.0
TBC1D31,0.44336545,0.0,0.0
TBC1D32,0.0054916306,0.0,-1.0
TBC1D3B,0.008641984,0.0,-1.0
TBC1D3C,0.1355319,0.0,0.0
TBC1D3F,0.1615806,0.0,0.0
TBC1D3G,0.14260267,0.0,0.0
TBC1D3H,0.009907807,0.0,0.0
TBC1D4,0.410503,0.0,0.0
TBC1D5,0.3851817,0.0,0.0
TBC1D7,0.25910363,0.0,-1.0
TBC1D8,0.29276422,0.0,0.0
TBC1D8B,0.31867054,0.0,0.0
TBC1D9,0.34000337,0.0,0.0
TBC1D9B,0.3276741,0.0,0.0
TBCA,0.19517292,0.0,0.0
TBCB,0.23584744,0.0,0.0
TBCC,0.17855872,0.0,0.0
TBCCD1,0.1790842,0.0,0.0
TBCD,0.30108,0.0,-1.0
TBCE,0.38308072,0.0,0.0
TBCEL,0.26442567,0.0,0.0
TBCK,0.35309678,0.0,0.0
TBK1,0.6150014,1.0,-1.0
TBKBP1,0.32742238,0.0,-1.0
TBL1X,0.4865329,0.0,-1.0
TBL1XR1,0.4572737,0.0,1.0
TBL1Y,0.3102467,0.0,0.0
TBL2,0.24582537,0.0,-1.0
TBL3,0.27264482,0.0,0.0
TBP,0.73001206,1.0,-1.0
TBPL1,0.31544128,0.0,0.0
TBPL2,0.2870525,0.0,0.0
TBR1,0.43916306,0.0,-1.0
TBRG1,0.2240107,0.0,0.0
TBRG4,0.22722544,0.0,0.0
TBX1,0.43168202,0.0,-1.0
TBX10,0.29362184,0.0,0.0
TBX15,0.23728509,0.0,0.0
TBX18,0.32163644,0.0,-1.0
TBX19,0.41801864,0.0,0.0
TBX2,0.49871475,0.0,-1.0
TBX20,0.33022627,0.0,-1.0
TBX21,0.5267224,1.0,-1.0
TBX22,0.16598934,0.0,-1.0
TBX3,0.5240579,1.0,1.0
TBX4,0.34669307,0.0,-1.0
TBX5,0.48696595,0.0,0.0
TBX6,0.34592766,0.0,0.0
TBXA2R,0.3462196,0.0,0.0
TBXAS1,0.42688587,0.0,0.0
TBXT,0.488666,0.0,-1.0
TC2N,0.27434945,0.0,0.0
TCAF1,0.23025203,0.0,-1.0
TCAF2,0.14346713,0.0,0.0
TCAIM,0.15476675,0.0,0.0
TCAM1P,0.004500898,0.0,0.0
TCAP,0.33837578,0.0,-1.0
TCEA1,0.45607972,0.0,1.0
TCEA2,0.28774768,0.0,0.0
TCEA3,0.2640045,0.0,0.0
TCEAL1,0.25059015,0.0,0.0
TCEAL2,0.16196091,0.0,0.0
TCEAL3,0.15308595,0.0,0.0
TCEAL4,0.19836898,0.0,0.0
TCEAL5,0.12113196,0.0,0.0
TCEAL6,0.17819162,0.0,-1.0
TCEAL7,0.1728834,0.0,0.0
TCEAL8,0.123319805,0.0,0.0
TCEAL9,0.24786025,0.0,0.0
TCEANC,0.1816259,0.0,0.0
TCEANC2,0.23505874,0.0,0.0
TCERG1,0.3797575,0.0,-1.0
TCERG1L,0.119863935,0.0,0.0
TCF12,0.69109225,1.0,1.0
TCF15,0.36631075,0.0,0.0
TCF19,0.33588618,0.0,0.0
TCF20,0.37148952,0.0,0.0
TCF21,0.3658159,0.0,-1.0
TCF23,0.4365341,0.0,0.0
TCF24,0.19023053,0.0,0.0
TCF25,0.14670384,0.0,0.0
TCF3,0.6231551,1.0,1.0
TCF4,0.7016343,1.0,-1.0
TCF7,0.48247138,0.0,-1.0
TCF7L1,0.47231784,0.0,-1.0
TCF7L2,0.53056914,1.0,1.0
TCFL5,0.37976703,0.0,0.0
TCHH,0.42905647,0.0,-1.0
TCHHL1,0.06553107,0.0,0.0
TCHP,0.47090656,0.0,0.0
TCIM,0.31703117,0.0,0.0
TCIRG1,0.37993094,0.0,-1.0
TCL1A,0.3647802,0.0,1.0
TCL1B,0.31023398,0.0,1.0
TCL6,0.284882,0.0,-1.0
TCN1,0.20229441,0.0,0.0
TCN2,0.3004805,0.0,0.0
TCOF1,0.6508504,1.0,-1.0
TCP1,0.49385884,0.0,0.0
TCP10L,0.08679358,0.0,0.0
TCP10L2,0.08821848,0.0,0.0
TCP10L3,0.11645557,0.0,0.0
TCP11,0.0916032,0.0,-1.0
TCP11L1,0.27866188,0.0,0.0
TCP11L2,0.31517336,0.0,-1.0
TCP11X2,0.1975564,0.0,0.0
TCTA,0.17075424,0.0,-1.0
TCTE1,0.2659126,0.0,0.0
TCTN1,0.22899593,0.0,0.0
TCTN2,0.25142446,0.0,0.0
TCTN3,0.2390179,0.0,0.0
TDG,0.38435778,0.0,-1.0
TDGF1,0.36889532,0.0,-1.0
TDGF1P3,2.2559985e-05,0.0,-1.0
TDH,0.005128858,0.0,0.0
TDO2,0.25037116,0.0,0.0
TDP1,0.34866536,0.0,-1.0
TDP2,0.29144797,0.0,0.0
TDRD1,0.25446212,0.0,-1.0
TDRD10,0.08095853,0.0,-1.0
TDRD12,0.29187185,0.0,0.0
TDRD15,0.19279538,0.0,0.0
TDRD3,0.32339057,0.0,0.0
TDRD5,0.07499781,0.0,-1.0
TDRD6,0.09704988,0.0,0.0
TDRD7,0.20687313,0.0,0.0
TDRD9,0.24269581,0.0,0.0
TDRG1,0.072088964,0.0,0.0
TDRKH,0.17937818,0.0,0.0
TDRP,0.082998216,0.0,0.0
TEAD1,0.32931495,0.0,0.0
TEAD2,0.40408576,0.0,0.0
TEAD3,0.27914715,0.0,0.0
TEAD4,0.31550866,0.0,0.0
TEC,0.43087,0.0,1.0
TECPR1,0.1354582,0.0,0.0
TECPR2,0.27099046,0.0,0.0
TECR,0.4904216,0.0,-1.0
TECRL,0.3067599,0.0,0.0
TECTA,0.28840366,0.0,-1.0
TECTB,0.1409149,0.0,0.0
TEDC1,0.16856025,0.0,0.0
TEDC2,0.30769622,0.0,-1.0
TEDDM1,0.0022156516,0.0,0.0
TEF,0.4755787,0.0,0.0
TEFM,0.17946364,0.0,0.0
TEK,0.6153084,1.0,-1.0
TEKT1,0.1424709,0.0,0.0
TEKT2,0.1623172,0.0,0.0
TEKT3,0.06580736,0.0,0.0
TEKT4,0.13412851,0.0,0.0
TEKT5,0.09300082,0.0,0.0
TELO2,0.27660108,0.0,0.0
TEN1,0.23556174,0.0,0.0
TENM1,0.34847665,0.0,0.0
TENM2,0.25066814,0.0,-1.0
TENM3,0.272024,0.0,0.0
TENM4,0.1921239,0.0,0.0
TENT2,0.37285763,0.0,0.0
TENT4A,0.35106853,0.0,0.0
TENT4B,0.32092303,0.0,-1.0
TENT5A,0.23207216,0.0,0.0
TENT5B,0.12698022,0.0,0.0
TENT5C,0.19980782,0.0,1.0
TENT5D,0.11955249,0.0,-1.0
TEP1,0.30081686,0.0,-1.0
TEPP,0.119586036,0.0,0.0
TEPSIN,0.19196396,0.0,0.0
TERB1,0.100506246,0.0,0.0
TERB2,0.07918822,0.0,0.0
TERC,0.14430332,0.0,-1.0
TERF1,0.39605615,0.0,0.0
TERF2,0.3663116,0.0,-1.0
TERF2IP,0.33414677,0.0,0.0
TERT,0.6410281,1.0,1.0
TES,0.540874,1.0,0.0
TESC,0.37164715,0.0,-1.0
TESK1,0.39671853,0.0,0.0
TESK2,0.4051417,0.0,0.0
TESMIN,0.28354368,0.0,0.0
TESPA1,0.17228587,0.0,0.0
TET1,0.34826308,0.0,1.0
TET2,0.533095,1.0,1.0
TET3,0.28913093,0.0,1.0
TEX10,0.31594133,0.0,0.0
TEX101,0.09167456,0.0,0.0
TEX11,0.2217817,0.0,0.0
TEX12,0.08755309,0.0,0.0
TEX13A,0.20684995,0.0,0.0
TEX13B,0.19888453,0.0,0.0
TEX14,0.07199794,0.0,-1.0
TEX15,0.15463792,0.0,-1.0
TEX19,0.11811268,0.0,0.0
TEX2,0.20346405,0.0,0.0
TEX26,0.07776516,0.0,0.0
TEX261,0.10452871,0.0,0.0
TEX264,0.22966026,0.0,0.0
TEX28,0.13149898,0.0,0.0
TEX29,0.08219778,0.0,0.0
TEX30,0.2743355,0.0,0.0
TEX33,0.08666575,0.0,0.0
TEX35,0.08877787,0.0,0.0
TEX36,0.087310694,0.0,0.0
TEX37,0.08253467,0.0,0.0
TEX43,0.088255994,0.0,0.0
TEX44,0.08788345,0.0,-1.0
TEX45,0.0961356,0.0,0.0
TEX47,0.089494005,0.0,0.0
TEX55,0.07455759,0.0,0.0
TEX9,0.2899304,0.0,0.0
TF,0.60645264,1.0,0.0
TFAM,0.4081256,0.0,0.0
TFAP2A,0.63763595,1.0,-1.0
TFAP2B,0.31957126,0.0,-1.0
TFAP2C,0.6107153,1.0,-1.0
TFAP2D,0.12077596,0.0,-1.0
TFAP2E,0.16892338,0.0,0.0
TFAP4,0.34338805,0.0,-1.0
TFB1M,0.26158223,0.0,0.0
TFB2M,0.19017173,0.0,0.0
TFCP2,0.44657278,0.0,0.0
TFCP2L1,0.25778192,0.0,0.0
TFDP1,0.45869893,0.0,-1.0
TFDP2,0.37336886,0.0,-1.0
TFDP3,0.16747092,0.0,0.0
TFE3,0.37084004,0.0,1.0
TFEB,0.33307427,0.0,1.0
TFEC,0.31378007,0.0,0.0
TFF1,0.3463527,0.0,-1.0
TFF2,0.28923938,0.0,-1.0
TFF3,0.36903855,0.0,-1.0
TFG,0.41014156,0.0,1.0
TFIP11,0.39314243,0.0,0.0
TFPI,0.5627595,1.0,-1.0
TFPI2,0.35401988,0.0,0.0
TFPT,0.24844766,0.0,-1.0
TFR2,0.25594977,0.0,-1.0
TFRC,0.64565396,1.0,-1.0
TG,0.543837,1.0,-1.0
TGDS,0.16778673,0.0,-1.0
TGFA,0.5454456,1.0,-1.0
TGFB1,0.6904716,1.0,-1.0
TGFB1I1,0.46795478,0.0,0.0
TGFB2,0.6068109,1.0,-1.0
TGFB3,0.60905457,1.0,-1.0
TGFBI,0.52077705,1.0,-1.0
TGFBR1,0.59071034,1.0,1.0
TGFBR2,0.58012915,1.0,1.0
TGFBR3,0.48705965,0.0,-1.0
TGFBRAP1,0.2870152,0.0,-1.0
TGIF1,0.34669128,0.0,-1.0
TGIF2,0.24925876,0.0,0.0
TGIF2LX,0.097441,0.0,0.0
TGIF2LY,0.1069037,0.0,0.0
TGM1,0.34026766,0.0,-1.0
TGM2,0.5713105,1.0,-1.0
TGM3,0.43452793,0.0,0.0
TGM4,0.28197736,0.0,0.0
TGM5,0.290973,0.0,0.0
TGM6,0.28607184,0.0,-1.0
TGM7,0.094479375,0.0,0.0
TGOLN2,0.3897992,0.0,0.0
TGS1,0.24209963,0.0,-1.0
TH,0.56063014,1.0,-1.0
THADA,0.347261,0.0,-1.0
THAP1,0.21740873,0.0,-1.0
THAP10,0.16642252,0.0,0.0
THAP11,0.21125594,0.0,0.0
THAP12,0.23975791,0.0,-1.0
THAP2,0.18454473,0.0,0.0
THAP3,0.15054606,0.0,0.0
THAP4,0.1374422,0.0,0.0
THAP5,0.1579847,0.0,-1.0
THAP6,0.10902373,0.0,0.0
THAP7,0.17829886,0.0,0.0
THAP8,0.1425532,0.0,0.0
THAP9,0.13613676,0.0,0.0
THBD,0.54823285,1.0,-1.0
THBS1,0.6367516,1.0,-1.0
THBS2,0.54430825,1.0,-1.0
THBS3,0.36201128,0.0,-1.0
THBS4,0.42640284,0.0,0.0
THEG,0.18857928,0.0,0.0
THEGL,0.25406134,0.0,0.0
THEM4,0.26638192,0.0,0.0
THEM5,0.073039606,0.0,0.0
THEM6,0.30918315,0.0,0.0
THEMIS,0.26186934,0.0,0.0
THEMIS2,0.38026786,0.0,0.0
THG1L,0.16781288,0.0,0.0
THNSL1,0.23056655,0.0,0.0
THNSL2,0.20536895,0.0,0.0
THOC1,0.3564804,0.0,0.0
THOC2,0.42785114,0.0,0.0
THOC3,0.22505248,0.0,0.0
THOC5,0.30118793,0.0,-1.0
THOC6,0.2292102,0.0,-1.0
THOC7,0.20458774,0.0,-1.0
THOP1,0.27834946,0.0,0.0
THPO,0.55491906,1.0,-1.0
THRA,0.49724382,0.0,-1.0
THRAP3,0.4225685,0.0,-1.0
THRB,0.44283172,0.0,-1.0
THRSP,0.3186557,0.0,-1.0
THSD1,0.20363988,0.0,0.0
THSD1P1,0.018231295,0.0,0.0
THSD4,0.23203033,0.0,0.0
THSD7A,0.19636163,0.0,-1.0
THSD7B,0.1666924,0.0,-1.0
THTPA,0.1073213,0.0,0.0
THUMPD1,0.3397431,0.0,0.0
THUMPD2,0.177713,0.0,0.0
THUMPD3,0.15538022,0.0,0.0
THY1,0.6297139,1.0,-1.0
THYN1,0.13366768,0.0,0.0
TIA1,0.45708692,0.0,-1.0
TIAF1,0.32015815,0.0,0.0
TIAL1,0.3489311,0.0,-1.0
TIAM1,0.48455805,0.0,-1.0
TIAM2,0.25065398,0.0,0.0
TICAM1,0.3478612,0.0,-1.0
TICAM2,0.24049357,0.0,-1.0
TICRR,0.4281885,0.0,0.0
TIE1,0.5732577,1.0,-1.0
TIFA,0.24896453,0.0,0.0
TIFAB,0.119998544,0.0,0.0
TIGAR,0.2950093,0.0,-1.0
TIGD1,0.21173756,0.0,0.0
TIGD2,0.18640472,0.0,0.0
TIGD3,0.20259011,0.0,-1.0
TIGD4,0.21375366,0.0,0.0
TIGD5,0.09988595,0.0,0.0
TIGD6,0.20831104,0.0,0.0
TIGD7,0.17378096,0.0,0.0
TIGIT,0.23696192,0.0,-1.0
TIMD4,0.23037925,0.0,0.0
TIMELESS,0.46445966,0.0,0.0
TIMM10,0.13425641,0.0,0.0
TIMM10B,0.13219455,0.0,0.0
TIMM13,0.23650093,0.0,0.0
TIMM17A,0.17255625,0.0,-1.0
TIMM17B,0.15834667,0.0,0.0
TIMM21,0.14821485,0.0,0.0
TIMM22,0.18458468,0.0,0.0
TIMM23,0.17066248,0.0,0.0
TIMM23B,0.2768497,0.0,0.0
TIMM29,0.15661438,0.0,0.0
TIMM44,0.2382507,0.0,0.0
TIMM50,0.35711563,0.0,0.0
TIMM8A,0.31135413,0.0,0.0
TIMM8B,0.13940603,0.0,0.0
TIMM9,0.17379627,0.0,0.0
TIMMDC1,0.1131804,0.0,0.0
TIMP1,0.6393984,1.0,-1.0
TIMP2,0.58650696,1.0,-1.0
TIMP3,0.5904221,1.0,-1.0
TIMP4,0.35301876,0.0,0.0
TINAG,0.10210445,0.0,0.0
TINAGL1,0.21659528,0.0,0.0
TINCR,2.1147512e-06,0.0,0.0
TINF2,0.29563865,0.0,-1.0
TIPARP,0.33821276,0.0,-1.0
TIPIN,0.36850935,0.0,-1.0
TIPRL,0.23194014,0.0,0.0
TIRAP,0.4037663,0.0,-1.0
TJAP1,0.25340605,0.0,0.0
TJP1,0.6359784,1.0,-1.0
TJP2,0.48597232,0.0,-1.0
TJP3,0.19755444,0.0,0.0
TK1,0.48533517,0.0,-1.0
TK2,0.4667645,0.0,0.0
TKFC,0.29091933,0.0,0.0
TKT,0.34124562,0.0,-1.0
TKTL1,0.15354212,0.0,0.0
TKTL2,0.123900816,0.0,-1.0
TLCD1,0.16265558,0.0,0.0
TLCD2,0.16421,0.0,-1.0
TLCD3A,0.15486975,0.0,-1.0
TLCD3B,0.12212525,0.0,-1.0
TLCD4,0.12615474,0.0,0.0
TLCD5,0.12830505,0.0,0.0
TLDC2,0.3143033,0.0,0.0
TLE1,0.4013779,0.0,-1.0
TLE2,0.3454896,0.0,-1.0
TLE3,0.36632815,0.0,-1.0
TLE4,0.42111054,0.0,-1.0
TLE5,0.39725056,0.0,0.0
TLE6,0.2655715,0.0,0.0
TLK1,0.3597902,0.0,0.0
TLK2,0.40414226,0.0,0.0
TLL1,0.32872736,0.0,-1.0
TLL2,0.30994043,0.0,-1.0
TLN1,0.4744253,0.0,0.0
TLN2,0.34398988,0.0,0.0
TLNRD1,0.25550514,0.0,0.0
TLR1,0.58634573,1.0,0.0
TLR10,0.4279397,0.0,0.0
TLR2,0.5553399,1.0,-1.0
TLR3,0.5165173,1.0,-1.0
TLR4,0.60138035,1.0,-1.0
TLR5,0.21553111,0.0,-1.0
TLR6,0.48104212,0.0,-1.0
TLR7,0.49620163,0.0,-1.0
TLR8,0.47658148,0.0,0.0
TLR9,0.52169245,1.0,-1.0
TLX1,0.40487754,0.0,1.0
TLX1NB,0.007532209,0.0,0.0
TLX2,0.32236347,0.0,0.0
TLX3,0.2938244,0.0,1.0
TM2D1,0.170125,0.0,0.0
TM2D2,0.1287631,0.0,0.0
TM2D3,0.221819,0.0,0.0
TM4SF1,0.39598626,0.0,-1.0
TM4SF18,0.08061614,0.0,-1.0
TM4SF19,0.036117874,0.0,0.0
TM4SF20,0.104160674,0.0,0.0
TM4SF4,0.16653758,0.0,0.0
TM4SF5,0.30796757,0.0,0.0
TM6SF1,0.229254,0.0,0.0
TM6SF2,0.17469163,0.0,0.0
TM7SF2,0.20664349,0.0,0.0
TM7SF3,0.13975477,0.0,0.0
TM9SF1,0.15297239,0.0,-1.0
TM9SF2,0.21360934,0.0,0.0
TM9SF3,0.20764838,0.0,0.0
TM9SF4,0.1864542,0.0,0.0
TMA16,0.21723253,0.0,0.0
TMA7,0.11529492,0.0,0.0
TMBIM1,0.2321469,0.0,0.0
TMBIM4,0.30027893,0.0,0.0
TMBIM6,0.29306862,0.0,-1.0
TMC1,0.17894778,0.0,0.0
TMC2,0.09971824,0.0,0.0
TMC3,0.08972354,0.0,-1.0
TMC4,0.18361495,0.0,0.0
TMC5,0.08635793,0.0,0.0
TMC6,0.26314235,0.0,-1.0
TMC7,0.12759477,0.0,0.0
TMC8,0.21474537,0.0,-1.0
TMCC1,0.30304408,0.0,0.0
TMCC2,0.2657323,0.0,0.0
TMCC3,0.14190729,0.0,0.0
TMCO1,0.26751783,0.0,0.0
TMCO2,0.07956866,0.0,0.0
TMCO3,0.22380705,0.0,0.0
TMCO4,0.25287992,0.0,0.0
TMCO5A,0.076267414,0.0,0.0
TMCO6,0.16965938,0.0,0.0
TMED1,0.18660969,0.0,0.0
TMED10,0.34900615,0.0,0.0
TMED2,0.30000308,0.0,0.0
TMED3,0.22878386,0.0,0.0
TMED4,0.11257671,0.0,0.0
TMED5,0.23864183,0.0,0.0
TMED6,0.095217064,0.0,0.0
TMED7,0.40973768,0.0,0.0
TMED7-TICAM2,0.18829899,0.0,0.0
TMED8,0.10959152,0.0,0.0
TMED9,0.2050231,0.0,0.0
TMEFF1,0.19853173,0.0,0.0
TMEFF2,0.1703376,0.0,0.0
TMEM100,0.04503856,0.0,0.0
TMEM101,0.10591606,0.0,0.0
TMEM102,0.14376876,0.0,0.0
TMEM104,0.1533091,0.0,-1.0
TMEM106A,0.100769475,0.0,0.0
TMEM106B,0.19114992,0.0,-1.0
TMEM106C,0.28391945,0.0,0.0
TMEM107,0.13178833,0.0,0.0
TMEM108,0.17856823,0.0,0.0
TMEM109,0.30380642,0.0,0.0
TMEM11,0.24597509,0.0,0.0
TMEM114,0.12619345,0.0,0.0
TMEM115,0.29295266,0.0,0.0
TMEM116,0.09183701,0.0,-1.0
TMEM117,0.097013794,0.0,0.0
TMEM119,0.21233281,0.0,0.0
TMEM120A,0.15144546,0.0,0.0
TMEM120B,0.16378626,0.0,0.0
TMEM121,0.32428804,0.0,0.0
TMEM121B,0.084874146,0.0,-1.0
TMEM123,0.25850525,0.0,0.0
TMEM125,0.1434483,0.0,0.0
TMEM126A,0.1388293,0.0,-1.0
TMEM126B,0.12781118,0.0,0.0
TMEM127,0.19779232,0.0,1.0
TMEM128,0.09919131,0.0,-1.0
TMEM129,0.11548221,0.0,0.0
TMEM130,0.15466431,0.0,0.0
TMEM131,0.38442627,0.0,0.0
TMEM131L,0.23945601,0.0,0.0
TMEM132A,0.20664571,0.0,0.0
TMEM132B,0.14392076,0.0,-1.0
TMEM132C,0.13532162,0.0,-1.0
TMEM132D,0.35369292,0.0,-1.0
TMEM132E,0.1470825,0.0,0.0
TMEM132E-DT,0.21878268,0.0,0.0
TMEM134,0.090508796,0.0,0.0
TMEM135,0.14522956,0.0,0.0
TMEM138,0.23776057,0.0,0.0
TMEM139,0.09497279,0.0,0.0
TMEM140,0.21723728,0.0,0.0
TMEM141,0.14188054,0.0,0.0
TMEM143,0.103254765,0.0,0.0
TMEM144,0.13447945,0.0,0.0
TMEM145,0.10556322,0.0,0.0
TMEM147,0.09782956,0.0,-1.0
TMEM14A,0.12815519,0.0,0.0
TMEM14B,0.11561308,0.0,0.0
TMEM14C,0.10677079,0.0,0.0
TMEM150A,0.115728155,0.0,0.0
TMEM150B,0.11988271,0.0,0.0
TMEM150C,0.15536314,0.0,0.0
TMEM151A,0.20818898,0.0,0.0
TMEM151B,0.20686005,0.0,0.0
TMEM154,0.23583959,0.0,0.0
TMEM155,0.004710263,0.0,0.0
TMEM156,0.18111205,0.0,0.0
TMEM158,0.32206637,0.0,0.0
TMEM160,0.1910131,0.0,-1.0
TMEM161A,0.21136646,0.0,0.0
TMEM161B,0.20304316,0.0,0.0
TMEM163,0.105168164,0.0,0.0
TMEM164,0.21698654,0.0,0.0
TMEM165,0.2634287,0.0,-1.0
TMEM167A,0.14242192,0.0,-1.0
TMEM167B,0.15789504,0.0,0.0
TMEM168,0.22040693,0.0,0.0
TMEM169,0.119774,0.0,0.0
TMEM17,0.2684117,0.0,-1.0
TMEM170A,0.11344239,0.0,0.0
TMEM170B,0.1761088,0.0,0.0
TMEM171,0.17823444,0.0,0.0
TMEM174,0.06312764,0.0,0.0
TMEM175,0.1318104,0.0,0.0
TMEM176A,0.215143,0.0,0.0
TMEM176B,0.27326566,0.0,0.0
TMEM177,0.12524214,0.0,0.0
TMEM178A,0.09683722,0.0,0.0
TMEM178B,0.13197541,0.0,0.0
TMEM179,0.09646065,0.0,-1.0
TMEM179B,0.09168647,0.0,0.0
TMEM18,0.20835741,0.0,0.0
TMEM181,0.10910511,0.0,0.0
TMEM182,0.16183516,0.0,0.0
TMEM183A,0.15293314,0.0,0.0
TMEM183BP,0.14443922,0.0,0.0
TMEM184A,0.20181607,0.0,0.0
TMEM184B,0.24999514,0.0,0.0
TMEM184C,0.20700945,0.0,0.0
TMEM185A,0.20557198,0.0,0.0
TMEM185B,0.064672805,0.0,0.0
TMEM186,0.11583781,0.0,0.0
TMEM187,0.1334637,0.0,0.0
TMEM19,0.14942782,0.0,0.0
TMEM190,0.030129563,0.0,0.0
TMEM191A,8.975685e-05,0.0,0.0
TMEM192,0.124371454,0.0,0.0
TMEM196,0.15054709,0.0,0.0
TMEM198,0.19414236,0.0,0.0
TMEM199,0.25364807,0.0,-1.0
TMEM200A,0.13026126,0.0,0.0
TMEM200B,0.09522052,0.0,0.0
TMEM201,0.29206753,0.0,-1.0
TMEM202,0.07762783,0.0,0.0
TMEM203,0.07888572,0.0,0.0
TMEM204,0.328411,0.0,0.0
TMEM205,0.09721972,0.0,0.0
TMEM207,0.06614807,0.0,0.0
TMEM208,0.09522229,0.0,-1.0
TMEM209,0.32009205,0.0,0.0
TMEM212,0.2359575,0.0,0.0
TMEM213,0.03187551,0.0,0.0
TMEM214,0.29047254,0.0,0.0
TMEM216,0.28367692,0.0,-1.0
TMEM217,0.068925925,0.0,0.0
TMEM218,0.11742056,0.0,0.0
TMEM219,0.19590509,0.0,0.0
TMEM220,0.11284891,0.0,-1.0
TMEM222,0.15401706,0.0,0.0
TMEM223,0.15068257,0.0,0.0
TMEM225,0.081824355,0.0,0.0
TMEM229B,0.12219573,0.0,0.0
TMEM230,0.15227231,0.0,0.0
TMEM231,0.15428914,0.0,0.0
TMEM232,0.1148506,0.0,0.0
TMEM233,0.10781911,0.0,0.0
TMEM234,0.13037105,0.0,0.0
TMEM235,0.14977439,0.0,0.0
TMEM236,0.0006593981,0.0,0.0
TMEM237,0.26748952,0.0,0.0
TMEM239,0.073861375,0.0,0.0
TMEM240,0.19070391,0.0,0.0
TMEM241,0.14044942,0.0,0.0
TMEM242,0.17330831,0.0,0.0
TMEM243,0.19300039,0.0,-1.0
TMEM245,0.18756059,0.0,0.0
TMEM247,0.07835888,0.0,0.0
TMEM248,0.15599297,0.0,0.0
TMEM25,0.14741325,0.0,0.0
TMEM250,0.26568356,0.0,0.0
TMEM251,0.13419552,0.0,0.0
TMEM252,0.15424661,0.0,0.0
TMEM253,0.12410043,0.0,-1.0
TMEM254,0.12084225,0.0,0.0
TMEM255A,0.13078307,0.0,0.0
TMEM255B,0.16629525,0.0,0.0
TMEM256,0.22589064,0.0,0.0
TMEM258,0.105776116,0.0,0.0
TMEM259,0.16302118,0.0,0.0
TMEM26,0.1563861,0.0,0.0
TMEM260,0.31467476,0.0,0.0
TMEM263,0.19995123,0.0,0.0
TMEM266,0.16911408,0.0,0.0
TMEM267,0.18472861,0.0,0.0
TMEM268,0.16515644,0.0,0.0
TMEM270,0.07527728,0.0,0.0
TMEM272,0.022639474,0.0,0.0
TMEM273,0.17131667,0.0,0.0
TMEM30A,0.3308449,0.0,-1.0
TMEM30B,0.2210907,0.0,0.0
TMEM31,0.103397414,0.0,0.0
TMEM33,0.24083494,0.0,0.0
TMEM35A,0.2161802,0.0,0.0
TMEM35B,0.17028359,0.0,0.0
TMEM37,0.22373714,0.0,0.0
TMEM38A,0.18304662,0.0,0.0
TMEM38B,0.17442879,0.0,0.0
TMEM39A,0.11886985,0.0,0.0
TMEM39B,0.18227275,0.0,0.0
TMEM40,0.24663006,0.0,-1.0
TMEM41A,0.15840505,0.0,0.0
TMEM41B,0.028838104,0.0,0.0
TMEM42,0.15180393,0.0,0.0
TMEM43,0.26935914,0.0,-1.0
TMEM44,0.10398083,0.0,0.0
TMEM45A,0.29339474,0.0,0.0
TMEM45B,0.072984755,0.0,0.0
TMEM47,0.36162472,0.0,0.0
TMEM50A,0.13724585,0.0,0.0
TMEM50B,0.15508854,0.0,0.0
TMEM51,0.25173125,0.0,0.0
TMEM51-AS1,0.122328885,0.0,0.0
TMEM52,0.12253832,0.0,0.0
TMEM52B,0.09018584,0.0,0.0
TMEM53,0.15204164,0.0,0.0
TMEM54,0.17050187,0.0,0.0
TMEM59,0.18585844,0.0,0.0
TMEM59L,0.21510641,0.0,0.0
TMEM60,0.13072382,0.0,0.0
TMEM61,0.10086375,0.0,0.0
TMEM62,0.13577761,0.0,0.0
TMEM63A,0.20846416,0.0,-1.0
TMEM63B,0.20457347,0.0,0.0
TMEM63C,0.3052355,0.0,0.0
TMEM64,0.16294405,0.0,0.0
TMEM65,0.19813146,0.0,0.0
TMEM67,0.17619964,0.0,-1.0
TMEM68,0.21102574,0.0,0.0
TMEM69,0.13827851,0.0,0.0
TMEM70,0.119976096,0.0,0.0
TMEM71,0.18939053,0.0,-1.0
TMEM72,0.04535892,0.0,0.0
TMEM74,0.15389518,0.0,-1.0
TMEM74B,0.22718866,0.0,0.0
TMEM79,0.18021412,0.0,0.0
TMEM80,0.1228461,0.0,0.0
TMEM86A,0.13997935,0.0,-1.0
TMEM86B,0.062300637,0.0,0.0
TMEM87A,0.27251792,0.0,0.0
TMEM87B,0.13810167,0.0,0.0
TMEM88,0.12574303,0.0,0.0
TMEM89,0.08384148,0.0,0.0
TMEM8B,0.19322485,0.0,0.0
TMEM9,0.29944772,0.0,0.0
TMEM91,0.0880134,0.0,0.0
TMEM92,0.2181052,0.0,0.0
TMEM94,0.26553863,0.0,0.0
TMEM95,0.081953034,0.0,0.0
TMEM97,0.2123138,0.0,0.0
TMEM98,0.112771116,0.0,0.0
TMEM9B,0.128733,0.0,0.0
TMF1,0.41123036,0.0,0.0
TMIE,0.15636688,0.0,0.0
TMIGD1,0.09632204,0.0,0.0
TMIGD2,0.21913642,0.0,0.0
TMIGD3,0.29420575,0.0,0.0
TMLHE,0.31366503,0.0,0.0
TMOD1,0.33606732,0.0,0.0
TMOD2,0.26057512,0.0,0.0
TMOD3,0.4099154,0.0,0.0
TMOD4,0.26574352,0.0,0.0
TMPO,0.47426975,0.0,-1.0
TMPPE,0.23473951,0.0,0.0
TMPRSS11A,0.21784662,0.0,-1.0
TMPRSS11B,0.21506235,0.0,0.0
TMPRSS11D,0.5386953,1.0,-1.0
TMPRSS11E,0.22257316,0.0,0.0
TMPRSS11F,0.22797976,0.0,0.0
TMPRSS12,0.112939365,0.0,0.0
TMPRSS13,0.2627302,0.0,-1.0
TMPRSS15,0.2890593,0.0,0.0
TMPRSS2,0.32341638,0.0,1.0
TMPRSS3,0.24269167,0.0,-1.0
TMPRSS4,0.2562181,0.0,-1.0
TMPRSS5,0.23379047,0.0,-1.0
TMPRSS6,0.2791307,0.0,-1.0
TMPRSS7,0.20479465,0.0,0.0
TMPRSS9,0.19178094,0.0,0.0
TMSB10,0.31220958,0.0,-1.0
TMSB4X,0.33409536,0.0,-1.0
TMSB4XP1,0.1408743,0.0,0.0
TMSB4XP2,0.018545935,0.0,0.0
TMSB4XP6,0.109731466,0.0,0.0
TMSB4XP8,0.20415226,0.0,-1.0
TMSB4Y,0.1938029,0.0,0.0
TMTC1,0.37736425,0.0,0.0
TMTC2,0.19209634,0.0,-1.0
TMTC3,0.3151691,0.0,-1.0
TMTC4,0.21886018,0.0,0.0
TMUB1,0.219521,0.0,0.0
TMUB2,0.07786487,0.0,0.0
TMX1,0.35038504,0.0,0.0
TMX2,0.1218185,0.0,0.0
TMX3,0.38840663,0.0,-1.0
TMX4,0.25175798,0.0,0.0
TNC,0.6342705,1.0,1.0
TNF,0.66295683,1.0,-1.0
TNFAIP1,0.2965041,0.0,-1.0
TNFAIP2,0.40967554,0.0,0.0
TNFAIP3,0.47160593,0.0,1.0
TNFAIP6,0.52972263,1.0,-1.0
TNFAIP8,0.46621397,0.0,-1.0
TNFAIP8L1,0.08952891,0.0,0.0
TNFAIP8L2,0.28475547,0.0,0.0
TNFAIP8L3,0.16596715,0.0,-1.0
TNFRSF10A,0.5145572,1.0,-1.0
TNFRSF10B,0.52188236,1.0,-1.0
TNFRSF10C,0.48409465,0.0,0.0
TNFRSF10D,0.35811493,0.0,0.0
TNFRSF11A,0.49830517,0.0,-1.0
TNFRSF11B,0.56953615,1.0,-1.0
TNFRSF12A,0.361898,0.0,0.0
TNFRSF13B,0.41164172,0.0,-1.0
TNFRSF13C,0.4716004,0.0,-1.0
TNFRSF14,0.3564855,0.0,1.0
TNFRSF17,0.42446843,0.0,1.0
TNFRSF18,0.3924166,0.0,0.0
TNFRSF19,0.35399306,0.0,0.0
TNFRSF1A,0.6195281,1.0,-1.0
TNFRSF1B,0.5812879,1.0,-1.0
TNFRSF21,0.38568887,0.0,-1.0
TNFRSF25,0.50944114,1.0,0.0
TNFRSF4,0.45080888,0.0,0.0
TNFRSF6B,0.29205486,0.0,-1.0
TNFRSF8,0.49080223,0.0,-1.0
TNFRSF9,0.49796203,0.0,0.0
TNFSF10,0.63193136,1.0,-1.0
TNFSF11,0.5737162,1.0,-1.0
TNFSF12,0.2531374,0.0,0.0
TNFSF12-TNFSF13,0.19701275,0.0,0.0
TNFSF13,0.34420958,0.0,0.0
TNFSF13B,0.53387505,1.0,-1.0
TNFSF14,0.32991764,0.0,0.0
TNFSF15,0.37349325,0.0,-1.0
TNFSF18,0.29516518,0.0,-1.0
TNFSF4,0.44547844,0.0,-1.0
TNFSF8,0.37273046,0.0,-1.0
TNFSF9,0.3878371,0.0,0.0
TNIK,0.31613243,0.0,0.0
TNIP1,0.46343836,0.0,0.0
TNIP2,0.32317266,0.0,0.0
TNIP3,0.4183997,0.0,0.0
TNK1,0.36279202,0.0,0.0
TNK2,0.45966485,0.0,0.0
TNKS,0.4377171,0.0,-1.0
TNKS1BP1,0.28340653,0.0,0.0
TNKS2,0.4211218,0.0,-1.0
TNMD,0.28982776,0.0,0.0
TNN,0.4241271,0.0,-1.0
TNNC1,0.36660185,0.0,-1.0
TNNC2,0.3517478,0.0,0.0
TNNI1,0.2741925,0.0,0.0
TNNI2,0.2566238,0.0,0.0
TNNI3,0.43086287,0.0,-1.0
TNNI3K,0.27993876,0.0,0.0
TNNT1,0.59199506,1.0,-1.0
TNNT2,0.41271213,0.0,-1.0
TNNT3,0.3333007,0.0,0.0
TNP1,0.11763139,0.0,0.0
TNP2,0.12410015,0.0,0.0
TNPO1,0.45579255,0.0,-1.0
TNPO2,0.28962973,0.0,-1.0
TNPO3,0.31422436,0.0,0.0
TNR,0.40941304,0.0,-1.0
TNRC18,0.27520442,0.0,-1.0
TNRC6A,0.43857318,0.0,-1.0
TNRC6B,0.49384052,0.0,-1.0
TNRC6C,0.38152912,0.0,0.0
TNS1,0.6098563,1.0,0.0
TNS2,0.3604287,0.0,0.0
TNS3,0.42992884,0.0,0.0
TNS4,0.2796614,0.0,-1.0
TNXB,0.43779525,0.0,-1.0
TOB1,0.4359275,0.0,-1.0
TOB2,0.24382211,0.0,-1.0
TOE1,0.21018502,0.0,0.0
TOGARAM1,0.25659746,0.0,0.0
TOLLIP,0.34129733,0.0,0.0
TOM1,0.35632783,0.0,0.0
TOM1L1,0.28693283,0.0,0.0
TOM1L2,0.29712987,0.0,0.0
TOMM20,0.31404614,0.0,0.0
TOMM20L,0.17619975,0.0,0.0
TOMM22,0.27374226,0.0,0.0
TOMM34,0.3201654,0.0,0.0
TOMM40,0.2770017,0.0,0.0
TOMM40L,0.17111824,0.0,0.0
TOMM5,0.13999608,0.0,0.0
TOMM6,0.12159735,0.0,0.0
TOMM7,0.11648491,0.0,0.0
TOMM70,0.2718048,0.0,0.0
TONSL,0.36077723,0.0,0.0
TOP1,0.55092555,1.0,1.0
TOP1MT,0.27861547,0.0,0.0
TOP2A,0.5630788,1.0,-1.0
TOP2B,0.50233454,1.0,-1.0
TOP3A,0.41547677,0.0,0.0
TOP3B,0.28525797,0.0,0.0
TOPAZ1,0.08659242,0.0,0.0
TOPBP1,0.53230053,1.0,0.0
TOPORS,0.45207667,0.0,-1.0
TOR1A,0.33216393,0.0,-1.0
TOR1AIP1,0.30153877,0.0,0.0
TOR1AIP2,0.19520701,0.0,0.0
TOR1B,0.27037248,0.0,-1.0
TOR2A,0.1669738,0.0,0.0
TOR3A,0.27242136,0.0,0.0
TOR4A,0.27233905,0.0,0.0
TOX,0.386383,0.0,-1.0
TOX2,0.2569849,0.0,0.0
TOX3,0.32850632,0.0,-1.0
TOX4,0.23937269,0.0,0.0
TP53,0.79076934,1.0,1.0
TP53AIP1,0.33605713,0.0,-1.0
TP53BP1,0.52100015,1.0,1.0
TP53BP2,0.47036898,0.0,-1.0
TP53I11,0.2054182,0.0,0.0
TP53I13,0.10853581,0.0,0.0
TP53I3,0.21964884,0.0,0.0
TP53INP1,0.3596738,0.0,-1.0
TP53INP2,0.30998275,0.0,0.0
TP53RK,0.23997727,0.0,-1.0
TP53TG1,0.010322009,0.0,0.0
TP53TG3,0.09930713,0.0,0.0
TP53TG3B,0.10630859,0.0,0.0
TP53TG3C,0.13275911,0.0,0.0
TP53TG5,0.20356296,0.0,0.0
TP63,0.5629001,1.0,1.0
TP73,0.4346684,0.0,-1.0
TPBG,0.44263825,0.0,-1.0
TPCN1,0.3055344,0.0,0.0
TPCN2,0.21651796,0.0,0.0
TPD52,0.24947692,0.0,-1.0
TPD52L1,0.2823704,0.0,0.0
TPD52L2,0.24489845,0.0,0.0
TPD52L3,0.07701624,0.0,0.0
TPGS1,0.31653786,0.0,0.0
TPGS2,0.23734549,0.0,0.0
TPH1,0.41524467,0.0,0.0
TPH2,0.27411395,0.0,0.0
TPI1,0.3741281,0.0,0.0
TPI1P2,0.08144377,0.0,0.0
TPK1,0.29203025,0.0,-1.0
TPM1,0.5145445,1.0,-1.0
TPM2,0.5122292,1.0,-1.0
TPM3,0.44399855,0.0,1.0
TPM4,0.4469034,0.0,1.0
TPMT,0.24938089,0.0,0.0
TPO,0.44411793,0.0,-1.0
TPP1,0.32912636,0.0,-1.0
TPP2,0.35573986,0.0,0.0
TPPP,0.32618603,0.0,0.0
TPPP2,0.0814327,0.0,0.0
TPPP3,0.100613296,0.0,0.0
TPR,0.5376263,1.0,1.0
TPRA1,0.14193998,0.0,0.0
TPRG1,0.10786164,0.0,-1.0
TPRG1L,0.2609977,0.0,-1.0
TPRKB,0.18863747,0.0,0.0
TPRN,0.29894358,0.0,0.0
TPRX1,0.08261335,0.0,0.0
TPSAB1,0.33423176,0.0,-1.0
TPSB2,0.17336963,0.0,0.0
TPSD1,0.21741407,0.0,0.0
TPSG1,0.30224416,0.0,0.0
TPST1,0.29415527,0.0,0.0
TPST2,0.2319763,0.0,0.0
TPT1,0.3824233,0.0,0.0
TPT1P8,0.013061537,0.0,0.0
TPTE,0.24507992,0.0,-1.0
TPTE2,0.23581654,0.0,-1.0
TPTEP1,0.2173293,0.0,0.0
TPX2,0.49870887,0.0,-1.0
TRA,0.29009697,0.0,1.0
TRA2A,0.2981976,0.0,0.0
TRA2B,0.3653123,0.0,0.0
TRABD,0.21407758,0.0,0.0
TRABD2A,0.24644598,0.0,0.0
TRABD2B,0.13964687,0.0,0.0
TRAC,0.32109544,0.0,0.0
TRADD,0.42976356,0.0,0.0
TRAF1,0.4459226,0.0,-1.0
TRAF2,0.48330012,0.0,-1.0
TRAF3,0.44433692,0.0,1.0
TRAF3IP1,0.10186687,0.0,0.0
TRAF3IP2,0.35347188,0.0,-1.0
TRAF3IP3,0.30553517,0.0,-1.0
TRAF4,0.31830758,0.0,-1.0
TRAF5,0.35825372,0.0,1.0
TRAF6,0.5797022,1.0,-1.0
TRAF7,0.26872286,0.0,1.0
TRAFD1,0.3137773,0.0,0.0
TRAIP,0.3424567,0.0,-1.0
TRAK1,0.27107728,0.0,-1.0
TRAK2,0.27190596,0.0,0.0
TRAM1,0.2321357,0.0,0.0
TRAM1L1,0.11010923,0.0,0.0
TRAM2,0.33857307,0.0,0.0
TRANK1,0.29798463,0.0,0.0
TRAP1,0.40763006,0.0,-1.0
TRAPPC1,0.1655675,0.0,0.0
TRAPPC10,0.40511802,0.0,0.0
TRAPPC11,0.43398952,0.0,0.0
TRAPPC12,0.15819186,0.0,0.0
TRAPPC13,0.23641953,0.0,0.0
TRAPPC14,0.16854782,0.0,0.0
TRAPPC2,0.35457203,0.0,-1.0
TRAPPC2B,0.13663603,0.0,0.0
TRAPPC2L,0.12423345,0.0,-1.0
TRAPPC3,0.25004393,0.0,0.0
TRAPPC3L,0.19587818,0.0,0.0
TRAPPC4,0.26466465,0.0,0.0
TRAPPC5,0.17232423,0.0,0.0
TRAPPC6A,0.15566191,0.0,0.0
TRAPPC6B,0.23192173,0.0,0.0
TRAPPC8,0.40217945,0.0,0.0
TRAPPC9,0.31618005,0.0,-1.0
TRARG1,0.2878438,0.0,0.0
TRAT1,0.45905364,0.0,-1.0
TRB,0.26292777,0.0,1.0
TRBC1,0.31149518,0.0,0.0
TRBV12-3,0.26409116,0.0,0.0
TRBV2,0.12418862,0.0,0.0
TRDC,0.00024232063,0.0,0.0
TRDMT1,0.3171682,0.0,0.0
TRDN,0.23658726,0.0,0.0
TREH,0.25969136,0.0,0.0
TREM1,0.33242416,0.0,0.0
TREM2,0.33255216,0.0,-1.0
TREML1,0.14718576,0.0,0.0
TREML2,0.16865733,0.0,0.0
TREML4,0.14782012,0.0,0.0
TRERF1,0.40174857,0.0,-1.0
TREX1,0.2378518,0.0,-1.0
TREX2,0.1887402,0.0,0.0
TRH,0.48765296,0.0,0.0
TRHDE,0.22719347,0.0,-1.0
TRHR,0.23596784,0.0,-1.0
TRIAP1,0.21790309,0.0,-1.0
TRIB1,0.44564068,0.0,-1.0
TRIB2,0.43109217,0.0,-1.0
TRIB3,0.4212737,0.0,0.0
TRIL,0.010974732,0.0,0.0
TRIM10,0.25518316,0.0,0.0
TRIM11,0.2202976,0.0,0.0
TRIM13,0.28612837,0.0,0.0
TRIM14,0.26047978,0.0,0.0
TRIM15,0.2839678,0.0,0.0
TRIM16,0.226114,0.0,0.0
TRIM16L,0.14352621,0.0,0.0
TRIM17,0.3251813,0.0,0.0
TRIM2,0.32409734,0.0,0.0
TRIM21,0.31683517,0.0,0.0
TRIM22,0.35256886,0.0,0.0
TRIM23,0.44077322,0.0,-1.0
TRIM24,0.435179,0.0,1.0
TRIM25,0.35362118,0.0,0.0
TRIM26,0.35559854,0.0,0.0
TRIM27,0.4077304,0.0,1.0
TRIM28,0.5048381,1.0,-1.0
TRIM29,0.34942442,0.0,0.0
TRIM3,0.30170718,0.0,0.0
TRIM31,0.3238606,0.0,0.0
TRIM32,0.36236826,0.0,-1.0
TRIM33,0.5514533,1.0,1.0
TRIM34,0.2051078,0.0,0.0
TRIM35,0.23155256,0.0,0.0
TRIM36,0.14090934,0.0,0.0
TRIM37,0.50967705,1.0,-1.0
TRIM38,0.28351116,0.0,0.0
TRIM39,0.2138765,0.0,0.0
TRIM39-RPP21,0.042261377,0.0,0.0
TRIM4,0.22395359,0.0,0.0
TRIM40,0.19054751,0.0,0.0
TRIM41,0.31144163,0.0,0.0
TRIM42,0.055610776,0.0,0.0
TRIM43,0.16261105,0.0,0.0
TRIM44,0.19604412,0.0,0.0
TRIM45,0.26245433,0.0,0.0
TRIM46,0.23685054,0.0,0.0
TRIM47,0.24663773,0.0,0.0
TRIM48,0.2657899,0.0,-1.0
TRIM49,0.18616305,0.0,0.0
TRIM49B,0.18523803,0.0,0.0
TRIM49C,0.18218756,0.0,0.0
TRIM5,0.28125983,0.0,0.0
TRIM50,0.19977589,0.0,0.0
TRIM51,0.17770214,0.0,-1.0
TRIM52,0.22991323,0.0,0.0
TRIM54,0.2359343,0.0,0.0
TRIM55,0.21088764,0.0,0.0
TRIM56,0.26912776,0.0,0.0
TRIM58,0.10418088,0.0,-1.0
TRIM59,0.15514423,0.0,0.0
TRIM6,0.19975658,0.0,0.0
TRIM6-TRIM34,0.18470013,0.0,0.0
TRIM60,0.1657681,0.0,0.0
TRIM61,0.18604329,0.0,0.0
TRIM62,0.2486191,0.0,-1.0
TRIM63,0.33419222,0.0,0.0
TRIM64B,0.18006411,0.0,0.0
TRIM65,0.14226207,0.0,0.0
TRIM66,0.25812924,0.0,0.0
TRIM67,0.36591282,0.0,0.0
TRIM68,0.20852049,0.0,0.0
TRIM69,0.20811889,0.0,0.0
TRIM7,0.20406917,0.0,0.0
TRIM71,0.22596619,0.0,-1.0
TRIM72,0.28115883,0.0,0.0
TRIM73,0.19209936,0.0,0.0
TRIM74,0.18720151,0.0,0.0
TRIM77,3.0746794e-09,0.0,0.0
TRIM8,0.27313277,0.0,0.0
TRIM9,0.33228952,0.0,0.0
TRIML1,0.0921123,0.0,0.0
TRIML2,0.18344003,0.0,0.0
TRIO,0.4219966,0.0,-1.0
TRIOBP,0.30866,0.0,-1.0
TRIP10,0.44437292,0.0,0.0
TRIP11,0.34522095,0.0,1.0
TRIP12,0.5154185,1.0,-1.0
TRIP13,0.44836393,0.0,1.0
TRIP4,0.26336095,0.0,0.0
TRIP6,0.43303052,0.0,0.0
TRIQK,0.21361457,0.0,0.0
TRIR,0.28396082,0.0,0.0
TRIT1,0.3423366,0.0,0.0
TRMO,0.38103664,0.0,0.0
TRMT1,0.17335734,0.0,0.0
TRMT10A,0.12705684,0.0,-1.0
TRMT10B,0.16924351,0.0,-1.0
TRMT10C,0.17822284,0.0,-1.0
TRMT11,0.15021832,0.0,0.0
TRMT112,0.14710222,0.0,0.0
TRMT12,0.11762652,0.0,0.0
TRMT13,0.21662758,0.0,0.0
TRMT1L,0.30381578,0.0,0.0
TRMT2A,0.2939155,0.0,0.0
TRMT2B,0.20350501,0.0,0.0
TRMT44,0.116517395,0.0,-1.0
TRMT5,0.19355966,0.0,0.0
TRMT6,0.26800445,0.0,0.0
TRMT61A,0.27135217,0.0,0.0
TRMT61B,0.15775208,0.0,0.0
TRMT9B,0.19141562,0.0,0.0
TRMU,0.21653736,0.0,0.0
TRN-GTT2-1,0.001188077,0.0,0.0
TRNAG1,0.0146698635,0.0,0.0
TRNAU1AP,0.30855834,0.0,0.0
TRNP1,0.11536375,0.0,0.0
TRNT1,0.27810425,0.0,0.0
TRO,0.52853036,1.0,-1.0
TROAP,0.47017503,0.0,0.0
TRPA1,0.39807776,0.0,-1.0
TRPC1,0.43536916,0.0,0.0
TRPC2,0.007830305,0.0,0.0
TRPC3,0.38355142,0.0,0.0
TRPC4,0.22404465,0.0,0.0
TRPC4AP,0.26178354,0.0,0.0
TRPC5,0.31723675,0.0,0.0
TRPC6,0.3706567,0.0,-1.0
TRPC7,0.28326347,0.0,-1.0
TRPM1,0.20907922,0.0,-1.0
TRPM2,0.3009183,0.0,-1.0
TRPM3,0.29781994,0.0,-1.0
TRPM4,0.28415167,0.0,0.0
TRPM5,0.1558284,0.0,0.0
TRPM6,0.38785973,0.0,-1.0
TRPM7,0.3695721,0.0,-1.0
TRPM8,0.24711354,0.0,-1.0
TRPS1,0.37672424,0.0,-1.0
TRPT1,0.13467698,0.0,0.0
TRPV1,0.4133285,0.0,-1.0
TRPV2,0.38006273,0.0,-1.0
TRPV3,0.23481913,0.0,0.0
TRPV4,0.44235772,0.0,-1.0
TRPV5,0.24333112,0.0,-1.0
TRPV6,0.22459398,0.0,-1.0
TRRAP,0.52254874,1.0,1.0
TRS-AGA2-3,0.018721098,0.0,0.0
TRUB1,0.18946722,0.0,0.0
TRUB2,0.12739806,0.0,0.0
TSACC,0.07861889,0.0,0.0
TSBP1,0.18566649,0.0,0.0
TSC1,0.5152931,1.0,1.0
TSC2,0.51038194,1.0,1.0
TSC22D1,0.34634498,0.0,-1.0
TSC22D2,0.2570231,0.0,0.0
TSC22D3,0.3753272,0.0,0.0
TSC22D4,0.26997933,0.0,0.0
TSEN15,0.1703134,0.0,0.0
TSEN2,0.22876868,0.0,0.0
TSEN34,0.17172524,0.0,0.0
TSEN54,0.17740759,0.0,0.0
TSFM,0.24904862,0.0,0.0
TSG101,0.3524602,0.0,-1.0
TSGA10,0.13710515,0.0,0.0
TSGA10IP,0.16246137,0.0,0.0
TSGA13,0.075560644,0.0,0.0
TSHB,0.3893616,0.0,0.0
TSHR,0.37566185,0.0,1.0
TSHZ1,0.38781032,0.0,0.0
TSHZ2,0.27806017,0.0,-1.0
TSHZ3,0.27277094,0.0,-1.0
TSKS,0.09372239,0.0,0.0
TSKU,0.40691411,0.0,0.0
TSLP,0.40979975,0.0,0.0
TSN,0.3793234,0.0,-1.0
TSNARE1,0.21663916,0.0,0.0
TSNAX,0.33074376,0.0,0.0
TSNAX-DISC1,2.8374572e-05,0.0,0.0
TSNAXIP1,0.10463134,0.0,0.0
TSPAN1,0.18009934,0.0,-1.0
TSPAN10,0.19573691,0.0,0.0
TSPAN11,0.12747008,0.0,0.0
TSPAN12,0.21249911,0.0,0.0
TSPAN13,0.11735942,0.0,0.0
TSPAN14,0.17718425,0.0,0.0
TSPAN15,0.1544904,0.0,0.0
TSPAN16,0.098836444,0.0,0.0
TSPAN17,0.14308389,0.0,0.0
TSPAN18,0.13269752,0.0,-1.0
TSPAN19,0.09508146,0.0,0.0
TSPAN2,0.17152555,0.0,0.0
TSPAN3,0.2248927,0.0,0.0
TSPAN31,0.17787814,0.0,0.0
TSPAN32,0.2666845,0.0,0.0
TSPAN33,0.15419176,0.0,0.0
TSPAN4,0.26986814,0.0,0.0
TSPAN5,0.22061148,0.0,0.0
TSPAN6,0.23792888,0.0,0.0
TSPAN7,0.2845624,0.0,-1.0
TSPAN8,0.26044846,0.0,-1.0
TSPAN9,0.23322506,0.0,0.0
TSPEAR,0.114949584,0.0,-1.0
TSPEAR-AS2,0.0016101603,0.0,0.0
TSPO,0.452918,0.0,0.0
TSPO2,0.22665231,0.0,0.0
TSPOAP1,0.22772868,0.0,-1.0
TSPY1,0.22145268,0.0,-1.0
TSPY10,0.15078318,0.0,0.0
TSPY2,0.14309327,0.0,0.0
TSPY26P,0.17755783,0.0,0.0
TSPY3,0.14639011,0.0,0.0
TSPY4,0.16461125,0.0,0.0
TSPY8,0.017168669,0.0,0.0
TSPYL1,0.27378812,0.0,-1.0
TSPYL2,0.27106977,0.0,-1.0
TSPYL4,0.24896647,0.0,-1.0
TSPYL5,0.2295929,0.0,0.0
TSPYL6,0.12495281,0.0,0.0
TSR1,0.34599277,0.0,0.0
TSR2,0.20117912,0.0,0.0
TSR3,0.1967244,0.0,0.0
TSSC4,0.22228914,0.0,0.0
TSSK1B,0.3083479,0.0,0.0
TSSK2,0.30450177,0.0,0.0
TSSK3,0.39497435,0.0,0.0
TSSK4,0.39902517,0.0,0.0
TSSK6,0.27921522,0.0,0.0
TST,0.40267995,0.0,0.0
TSTD1,0.22229934,0.0,0.0
TSTD2,0.2086222,0.0,0.0
TTBK1,0.27455023,0.0,0.0
TTBK2,0.34327582,0.0,-1.0
TTC1,0.1904271,0.0,0.0
TTC12,0.26738235,0.0,0.0
TTC13,0.42776895,0.0,0.0
TTC14,0.3043728,0.0,-1.0
TTC16,0.2887796,0.0,0.0
TTC17,0.3896423,0.0,0.0
TTC19,0.33443063,0.0,0.0
TTC21A,0.118545055,0.0,0.0
TTC21B,0.32412544,0.0,-1.0
TTC22,0.2250241,0.0,0.0
TTC23,0.17065617,0.0,0.0
TTC23L,0.089847915,0.0,0.0
TTC24,0.29710108,0.0,0.0
TTC26,0.17617181,0.0,0.0
TTC27,0.20930572,0.0,0.0
TTC28,0.37754145,0.0,0.0
TTC29,0.089186735,0.0,0.0
TTC3,0.39524326,0.0,0.0
TTC30A,0.18140638,0.0,0.0
TTC30B,0.007605459,0.0,0.0
TTC31,0.29143375,0.0,0.0
TTC32,0.3055083,0.0,0.0
TTC33,0.22990184,0.0,0.0
TTC34,0.15886539,0.0,0.0
TTC36,0.1507316,0.0,0.0
TTC37,0.5204952,1.0,0.0
TTC38,0.17129014,0.0,0.0
TTC39A,0.20285048,0.0,0.0
TTC39B,0.24543376,0.0,-1.0
TTC39C,0.18576147,0.0,0.0
TTC4,0.32007265,0.0,-1.0
TTC5,0.21121678,0.0,0.0
TTC6,0.29294372,0.0,0.0
TTC7A,0.39259443,0.0,0.0
TTC7B,0.15335818,0.0,0.0
TTC8,0.25839707,0.0,-1.0
TTC9,0.11811564,0.0,0.0
TTC9B,0.17035411,0.0,0.0
TTC9C,0.22109,0.0,0.0
TTF1,0.3185059,0.0,0.0
TTF2,0.4849673,0.0,0.0
TTI1,0.3150429,0.0,0.0
TTI2,0.19351532,0.0,0.0
TTK,0.6305841,1.0,-1.0
TTL,0.38048163,0.0,-1.0
TTLL1,0.16516909,0.0,0.0
TTLL10,0.12934573,0.0,0.0
TTLL11,0.18047762,0.0,0.0
TTLL12,0.27694866,0.0,0.0
TTLL13,0.04549392,0.0,0.0
TTLL2,0.08216003,0.0,0.0
TTLL3,0.16944757,0.0,-1.0
TTLL4,0.2457341,0.0,0.0
TTLL5,0.3015955,0.0,-1.0
TTLL6,0.17863408,0.0,0.0
TTLL7,0.20102662,0.0,0.0
TTLL8,0.084952995,0.0,0.0
TTLL9,0.15642343,0.0,-1.0
TTN,0.5134932,1.0,-1.0
TTPA,0.25517648,0.0,-1.0
TTPAL,0.2727049,0.0,0.0
TTR,0.563997,1.0,-1.0
TTYH1,0.14011377,0.0,0.0
TTYH2,0.13852309,0.0,0.0
TTYH3,0.18666828,0.0,0.0
TUB,0.41392398,0.0,0.0
TUBA1A,0.5382512,1.0,-1.0
TUBA1B,0.5153762,1.0,0.0
TUBA1C,0.50303113,1.0,-1.0
TUBA3C,0.2520593,0.0,-1.0
TUBA3D,0.41679645,0.0,-1.0
TUBA3E,0.34828436,0.0,0.0
TUBA4A,0.49642935,0.0,-1.0
TUBA4B,0.20826137,0.0,-1.0
TUBA8,0.37944677,0.0,-1.0
TUBAL3,0.34077498,0.0,0.0
TUBB,0.5631853,1.0,0.0
TUBB1,0.42296356,0.0,-1.0
TUBB2A,0.48098573,0.0,0.0
TUBB2B,0.42866662,0.0,-1.0
TUBB3,0.53153074,1.0,0.0
TUBB4A,0.5044204,1.0,0.0
TUBB4B,0.45035124,0.0,0.0
TUBB6,0.4446253,0.0,0.0
TUBB7P,0.16733569,0.0,0.0
TUBB8,0.2668911,0.0,0.0
TUBBP5,0.005363843,0.0,0.0
TUBD1,0.36183456,0.0,0.0
TUBE1,0.41042757,0.0,0.0
TUBG1,0.48653927,0.0,0.0
TUBG2,0.37161395,0.0,0.0
TUBGCP2,0.3649562,0.0,0.0
TUBGCP3,0.4502851,0.0,0.0
TUBGCP4,0.31163585,0.0,0.0
TUBGCP5,0.25311834,0.0,0.0
TUBGCP6,0.36892015,0.0,-1.0
TUFM,0.31778392,0.0,0.0
TUFT1,0.23502876,0.0,0.0
TUG1,0.1872618,0.0,0.0
TULP1,0.32190326,0.0,-1.0
TULP2,0.14128791,0.0,0.0
TULP3,0.25149614,0.0,0.0
TULP4,0.2962491,0.0,0.0
TUSC1,0.11544496,0.0,0.0
TUSC2,0.1945497,0.0,0.0
TUSC3,0.20981206,0.0,-1.0
TUT1,0.27943328,0.0,0.0
TUT4,0.41900137,0.0,0.0
TUT7,0.39472863,0.0,0.0
TVP23A,0.15688336,0.0,0.0
TVP23B,0.26257715,0.0,0.0
TVP23C,0.16028236,0.0,0.0
TVP23C-CDRT4,0.14477737,0.0,0.0
TWF1,0.34724775,0.0,0.0
TWF2,0.27699944,0.0,0.0
TWIST1,0.6426842,1.0,-1.0
TWIST2,0.4741398,0.0,-1.0
TWNK,0.31601357,0.0,-1.0
TWSG1,0.33644632,0.0,0.0
TXK,0.5068594,1.0,0.0
TXLNA,0.4803427,0.0,0.0
TXLNB,0.19602261,0.0,0.0
TXLNG,0.3454563,0.0,0.0
TXLNGY,0.06900241,0.0,0.0
TXN,0.5159609,1.0,-1.0
TXN2,0.33764482,0.0,0.0
TXNDC11,0.35668176,0.0,0.0
TXNDC12,0.22790112,0.0,0.0
TXNDC15,0.1764186,0.0,0.0
TXNDC16,0.32357955,0.0,0.0
TXNDC17,0.16457932,0.0,0.0
TXNDC2,0.22252509,0.0,0.0
TXNDC5,0.3670699,0.0,0.0
TXNDC8,0.21797508,0.0,-1.0
TXNDC9,0.4489227,0.0,0.0
TXNIP,0.30549064,0.0,-1.0
TXNL1,0.2942527,0.0,0.0
TXNL4A,0.23996072,0.0,0.0
TXNL4B,0.23983136,0.0,0.0
TXNRD1,0.3370283,0.0,-1.0
TXNRD2,0.29348376,0.0,-1.0
TXNRD3,0.246334,0.0,-1.0
TYK2,0.56773895,1.0,1.0
TYMP,0.44958723,0.0,-1.0
TYMS,0.5123898,1.0,-1.0
TYMSOS,0.09225692,0.0,0.0
TYR,0.50525725,1.0,-1.0
TYRO3,0.5869005,1.0,-1.0
TYROBP,0.32683793,0.0,-1.0
TYRP1,0.39282945,0.0,-1.0
TYSND1,0.26832995,0.0,-1.0
TYW1,0.23806693,0.0,0.0
TYW1B,0.17030525,0.0,-1.0
TYW3,0.1711243,0.0,0.0
TYW5,0.21167552,0.0,0.0
U2AF1,0.35463953,0.0,1.0
U2AF1L4,0.20005028,0.0,0.0
U2AF1L5,0.20959386,0.0,0.0
U2AF2,0.39586407,0.0,-1.0
U2SURP,0.3525015,0.0,-1.0
UACA,0.40972424,0.0,-1.0
UAP1,0.3544056,0.0,-1.0
UAP1L1,0.2485203,0.0,0.0
UBA1,0.42061043,0.0,0.0
UBA2,0.38158205,0.0,-1.0
UBA3,0.33629775,0.0,0.0
UBA5,0.25045496,0.0,0.0
UBA52,0.5466165,1.0,-1.0
UBA6,0.28665918,0.0,-1.0
UBA7,0.3245577,0.0,-1.0
UBAC1,0.21761136,0.0,-1.0
UBAC2,0.21183705,0.0,-1.0
UBALD1,0.1483539,0.0,0.0
UBALD2,0.17260537,0.0,0.0
UBAP1,0.20460317,0.0,0.0
UBAP2,0.31402612,0.0,0.0
UBAP2L,0.32191217,0.0,0.0
UBASH3A,0.28981772,0.0,0.0
UBASH3B,0.29026398,0.0,0.0
UBB,0.59670335,1.0,-1.0
UBC,0.28855187,0.0,-1.0
UBD,0.45224398,0.0,-1.0
UBE2A,0.39780438,0.0,-1.0
UBE2B,0.40190908,0.0,0.0
UBE2C,0.4253038,0.0,-1.0
UBE2D1,0.4813436,0.0,-1.0
UBE2D2,0.45011646,0.0,-1.0
UBE2D3,0.45098802,0.0,0.0
UBE2D4,0.32788798,0.0,0.0
UBE2DNL,0.09684682,0.0,0.0
UBE2E1,0.37213212,0.0,0.0
UBE2E2,0.35573,0.0,0.0
UBE2E3,0.40167505,0.0,0.0
UBE2F,0.21469124,0.0,0.0
UBE2F-SCLY,0.20795082,0.0,0.0
UBE2G1,0.34982473,0.0,0.0
UBE2G2,0.26708,0.0,0.0
UBE2H,0.3103403,0.0,0.0
UBE2I,0.5243953,1.0,-1.0
UBE2J1,0.4006916,0.0,0.0
UBE2J2,0.18298857,0.0,-1.0
UBE2K,0.48888418,0.0,0.0
UBE2L1,0.011029907,0.0,0.0
UBE2L3,0.4235635,0.0,0.0
UBE2L6,0.4089451,0.0,0.0
UBE2M,0.3241175,0.0,0.0
UBE2N,0.45884138,0.0,0.0
UBE2NL,0.23658441,0.0,0.0
UBE2O,0.32459074,0.0,0.0
UBE2Q1,0.17881258,0.0,0.0
UBE2Q2,0.15962741,0.0,0.0
UBE2Q2L,0.13875681,0.0,0.0
UBE2Q2P1,0.0022332924,0.0,0.0
UBE2QL1,0.15542206,0.0,0.0
UBE2R2,0.34272498,0.0,0.0
UBE2S,0.5030512,1.0,0.0
UBE2T,0.4473767,0.0,-1.0
UBE2U,0.19586276,0.0,0.0
UBE2V1,0.34656125,0.0,0.0
UBE2V2,0.30665565,0.0,0.0
UBE2W,0.40242025,0.0,0.0
UBE2Z,0.32329613,0.0,0.0
UBE3A,0.5198276,1.0,-1.0
UBE3B,0.4427346,0.0,0.0
UBE3C,0.39365086,0.0,0.0
UBE3D,0.17462994,0.0,0.0
UBE4A,0.3387117,0.0,0.0
UBE4B,0.33409977,0.0,0.0
UBFD1,0.25319383,0.0,0.0
UBIAD1,0.26606494,0.0,-1.0
UBL3,0.2558319,0.0,-1.0
UBL4A,0.45686138,0.0,0.0
UBL4B,0.24827756,0.0,0.0
UBL5,0.10702265,0.0,0.0
UBL7,0.1590426,0.0,-1.0
UBLCP1,0.22892356,0.0,0.0
UBN1,0.33983633,0.0,0.0
UBN2,0.32332656,0.0,0.0
UBOX5,0.2478795,0.0,0.0
UBP1,0.3237844,0.0,0.0
UBQLN1,0.45753574,0.0,0.0
UBQLN2,0.3579001,0.0,-1.0
UBQLN3,0.081655025,0.0,0.0
UBQLN4,0.37786552,0.0,0.0
UBQLNL,0.23880991,0.0,0.0
UBR1,0.4395125,0.0,-1.0
UBR2,0.4236221,0.0,-1.0
UBR3,0.3476926,0.0,-1.0
UBR4,0.35709518,0.0,0.0
UBR5,0.60630655,1.0,1.0
UBR7,0.28165105,0.0,0.0
UBTD1,0.23864909,0.0,0.0
UBTD2,0.16991112,0.0,0.0
UBTF,0.40190357,0.0,0.0
UBXN1,0.26332104,0.0,0.0
UBXN10,0.123466335,0.0,0.0
UBXN11,0.4473267,0.0,0.0
UBXN2A,0.18052875,0.0,0.0
UBXN2B,0.31604353,0.0,0.0
UBXN4,0.3101946,0.0,0.0
UBXN6,0.176375,0.0,0.0
UBXN7,0.37810996,0.0,-1.0
UBXN8,0.21145658,0.0,0.0
UCA1,0.0028333662,0.0,0.0
UCHL1,0.4656558,0.0,-1.0
UCHL3,0.23078918,0.0,0.0
UCHL5,0.3382685,0.0,-1.0
UCK1,0.20503289,0.0,0.0
UCK2,0.29900178,0.0,0.0
UCKL1,0.34568486,0.0,0.0
UCMA,0.18613105,0.0,0.0
UCN,0.376156,0.0,0.0
UCN2,0.32133743,0.0,0.0
UCN3,0.23341087,0.0,0.0
UCP1,0.3918789,0.0,0.0
UCP2,0.40090773,0.0,0.0
UCP3,0.32467267,0.0,-1.0
UEVLD,0.27722794,0.0,0.0
UFC1,0.12832287,0.0,0.0
UFD1,0.28676963,0.0,0.0
UFL1,0.34860644,0.0,0.0
UFM1,0.2974149,0.0,0.0
UFSP1,0.16836475,0.0,0.0
UFSP2,0.17708479,0.0,0.0
UGCG,0.351109,0.0,0.0
UGDH,0.3303959,0.0,0.0
UGGT1,0.34483886,0.0,0.0
UGGT2,0.2091487,0.0,0.0
UGP2,0.30601588,0.0,0.0
UGT1A1,0.22108012,0.0,-1.0
UGT1A10,0.18487401,0.0,0.0
UGT1A3,0.18726306,0.0,0.0
UGT1A4,0.15374835,0.0,-1.0
UGT1A5,0.18812625,0.0,0.0
UGT1A6,0.2345828,0.0,0.0
UGT1A7,0.20700935,0.0,0.0
UGT1A8,0.17288634,0.0,0.0
UGT1A9,0.17143549,0.0,0.0
UGT2A1,0.121575326,0.0,-1.0
UGT2A2,0.072214276,0.0,-1.0
UGT2A3,0.1469666,0.0,-1.0
UGT2B10,0.16424188,0.0,-1.0
UGT2B11,0.17730543,0.0,0.0
UGT2B15,0.19847313,0.0,0.0
UGT2B17,0.19546568,0.0,0.0
UGT2B28,0.19624738,0.0,0.0
UGT2B4,0.16967268,0.0,0.0
UGT2B7,0.20362473,0.0,0.0
UGT3A1,0.15639465,0.0,0.0
UGT3A2,0.1756213,0.0,0.0
UGT8,0.2770995,0.0,0.0
UHMK1,0.40265068,0.0,-1.0
UHRF1,0.27969694,0.0,0.0
UHRF1BP1,0.3577955,0.0,0.0
UHRF1BP1L,0.36049354,0.0,0.0
UHRF2,0.3803172,0.0,-1.0
UIMC1,0.33148497,0.0,0.0
ULBP1,0.31733426,0.0,0.0
ULBP2,0.28426915,0.0,0.0
ULBP3,0.24849324,0.0,0.0
ULK1,0.32974556,0.0,-1.0
ULK2,0.26147544,0.0,-1.0
ULK3,0.2891163,0.0,0.0
ULK4,0.40350828,0.0,0.0
UMAD1,0.17188913,0.0,0.0
UMOD,0.28928965,0.0,-1.0
UMODL1,0.16790369,0.0,0.0
UMPS,0.37028903,0.0,-1.0
UNC119,0.26759645,0.0,-1.0
UNC119B,0.19742207,0.0,0.0
UNC13A,0.2846794,0.0,0.0
UNC13B,0.32633972,0.0,0.0
UNC13C,0.23410812,0.0,-1.0
UNC13D,0.23154368,0.0,-1.0
UNC45A,0.42970347,0.0,0.0
UNC45B,0.2575263,0.0,0.0
UNC50,0.20892973,0.0,0.0
UNC5A,0.27335164,0.0,0.0
UNC5B,0.37180996,0.0,0.0
UNC5C,0.3577896,0.0,-1.0
UNC5CL,0.19648091,0.0,0.0
UNC5D,0.22484826,0.0,-1.0
UNC79,0.21807568,0.0,-1.0
UNC80,0.14983904,0.0,-1.0
UNC93A,0.103896216,0.0,0.0
UNC93B1,0.22589748,0.0,-1.0
UNCX,0.23694919,0.0,-1.0
UNG,0.5800551,1.0,-1.0
UNK,0.26370826,0.0,0.0
UNKL,0.20059653,0.0,0.0
UPB1,0.20003611,0.0,0.0
UPF1,0.4587405,0.0,-1.0
UPF2,0.3950027,0.0,0.0
UPF3A,0.28539094,0.0,0.0
UPF3B,0.33087057,0.0,-1.0
UPK1A,0.16715288,0.0,0.0
UPK1B,0.2063348,0.0,0.0
UPK2,0.17947437,0.0,0.0
UPK3A,0.17549413,0.0,-1.0
UPK3B,0.005681579,0.0,0.0
UPK3BL1,0.0010959803,0.0,0.0
UPK3BL2,0.13324998,0.0,0.0
UPP1,0.32660806,0.0,0.0
UPP2,0.18354027,0.0,0.0
UPRT,0.38537535,0.0,0.0
UQCC1,0.1652268,0.0,0.0
UQCC2,0.12029197,0.0,0.0
UQCC3,0.14217204,0.0,0.0
UQCR10,0.11354746,0.0,0.0
UQCR11,0.08167297,0.0,0.0
UQCRB,0.15366283,0.0,0.0
UQCRC1,0.30836323,0.0,0.0
UQCRC2,0.35277575,0.0,-1.0
UQCRFS1,0.22016294,0.0,0.0
UQCRH,0.18748999,0.0,0.0
UQCRHL,0.00010332366,0.0,0.0
UQCRQ,0.13153327,0.0,0.0
URAD,0.14617401,0.0,0.0
URB1,0.229552,0.0,-1.0
URB1-AS1,0.23610945,0.0,0.0
URB2,0.2694546,0.0,-1.0
URGCP,0.15003724,0.0,0.0
URI1,0.293195,0.0,0.0
URM1,0.16173875,0.0,0.0
UROC1,0.14739582,0.0,0.0
UROD,0.32381523,0.0,-1.0
UROS,0.22306271,0.0,-1.0
USB1,0.17855003,0.0,-1.0
USE1,0.3475322,0.0,0.0
USF1,0.5888921,1.0,-1.0
USF2,0.49100047,0.0,0.0
USF3,0.29648143,0.0,0.0
USH1C,0.27736196,0.0,-1.0
USH1G,0.10961643,0.0,-1.0
USH2A,0.32015797,0.0,-1.0
USHBP1,0.18852773,0.0,0.0
USO1,0.3706455,0.0,0.0
USP1,0.48075265,0.0,-1.0
USP10,0.40046984,0.0,-1.0
USP11,0.34000504,0.0,0.0
USP12,0.3286291,0.0,0.0
USP12P1,0.023083342,0.0,0.0
USP13,0.12142062,0.0,-1.0
USP14,0.2992878,0.0,0.0
USP15,0.43092126,0.0,-1.0
USP16,0.27554062,0.0,-1.0
USP17L1,0.063211724,0.0,0.0
USP17L10,0.12570101,0.0,0.0
USP17L11,0.12570101,0.0,0.0
USP17L12,0.12570101,0.0,0.0
USP17L15,0.12570101,0.0,0.0
USP17L17,0.13202338,0.0,0.0
USP17L18,0.12570101,0.0,0.0
USP17L19,0.12570101,0.0,0.0
USP17L2,0.106586926,0.0,0.0
USP17L20,0.12570101,0.0,0.0
USP17L21,0.12570101,0.0,0.0
USP17L22,0.12570101,0.0,0.0
USP17L23,0.18332699,0.0,0.0
USP17L24,0.11692132,0.0,0.0
USP17L25,0.12236421,0.0,0.0
USP17L26,0.11692132,0.0,0.0
USP17L27,0.116485864,0.0,0.0
USP17L28,0.116485864,0.0,0.0
USP17L29,0.12043624,0.0,0.0
USP17L30,0.116485864,0.0,0.0
USP17L5,0.13003768,0.0,0.0
USP17L7,0.08667932,0.0,0.0
USP17L9P,0.021728408,0.0,0.0
USP18,0.2940254,0.0,0.0
USP19,0.25647026,0.0,0.0
USP2,0.31316802,0.0,0.0
USP20,0.22463885,0.0,0.0
USP21,0.31301853,0.0,0.0
USP22,0.30688316,0.0,0.0
USP24,0.4189111,0.0,-1.0
USP25,0.38763604,0.0,-1.0
USP26,0.17110574,0.0,0.0
USP27X,0.1762559,0.0,0.0
USP28,0.32413155,0.0,-1.0
USP29,0.21902525,0.0,-1.0
USP3,0.3897643,0.0,-1.0
USP30,0.21693558,0.0,0.0
USP31,0.1743613,0.0,-1.0
USP32,0.3675934,0.0,-1.0
USP32P2,0.02521446,0.0,0.0
USP33,0.40637365,0.0,0.0
USP34,0.44549784,0.0,0.0
USP35,0.23453397,0.0,0.0
USP36,0.17076215,0.0,0.0
USP37,0.3332244,0.0,0.0
USP38,0.269058,0.0,-1.0
USP39,0.31541255,0.0,-1.0
USP4,0.44174337,0.0,-1.0
USP40,0.25777027,0.0,0.0
USP41,0.21237554,0.0,0.0
USP42,0.1014238,0.0,0.0
USP43,0.264045,0.0,0.0
USP44,0.24521263,0.0,1.0
USP45,0.2546615,0.0,0.0
USP46,0.28448477,0.0,0.0
USP47,0.33874977,0.0,0.0
USP48,0.31775963,0.0,0.0
USP49,0.21011348,0.0,0.0
USP5,0.36348128,0.0,-1.0
USP50,0.23419887,0.0,0.0
USP51,0.22076422,0.0,-1.0
USP53,0.21434902,0.0,0.0
USP54,0.36775637,0.0,0.0
USP6,0.3016112,0.0,1.0
USP6NL,0.38783216,0.0,0.0
USP7,0.5262143,1.0,-1.0
USP8,0.43825373,0.0,1.0
USP9X,0.46473765,0.0,-1.0
USP9Y,0.2809187,0.0,-1.0
USPL1,0.22045915,0.0,0.0
UST,0.419993,0.0,0.0
UTF1,0.29916117,0.0,0.0
UTP11,0.14806513,0.0,0.0
UTP14A,0.24965338,0.0,0.0
UTP14C,0.19526881,0.0,0.0
UTP15,0.20479351,0.0,0.0
UTP18,0.2969167,0.0,0.0
UTP20,0.25515383,0.0,-1.0
UTP23,0.23529278,0.0,0.0
UTP25,0.41556603,0.0,0.0
UTP3,0.22708017,0.0,-1.0
UTP4,0.24943873,0.0,0.0
UTP6,0.24661365,0.0,0.0
UTRN,0.60228705,1.0,0.0
UTS2,0.3464576,0.0,-1.0
UTS2B,0.22024156,0.0,0.0
UTS2R,0.27906194,0.0,0.0
UTY,0.3744656,0.0,0.0
UVRAG,0.3505689,0.0,-1.0
UVSSA,0.25157997,0.0,0.0
UXS1,0.24434067,0.0,0.0
UXT,0.23924673,0.0,0.0
VAC14,0.19605583,0.0,-1.0
VAMP1,0.2971837,0.0,0.0
VAMP2,0.42938402,0.0,0.0
VAMP3,0.4390766,0.0,0.0
VAMP4,0.35780427,0.0,-1.0
VAMP5,0.3012021,0.0,0.0
VAMP7,0.38789088,0.0,0.0
VAMP8,0.37754962,0.0,-1.0
VANGL1,0.43198958,0.0,-1.0
VANGL2,0.49387467,0.0,0.0
VAPA,0.40878633,0.0,0.0
VAPB,0.36891255,0.0,-1.0
VARS1,0.4019168,0.0,0.0
VARS2,0.23799472,0.0,-1.0
VASH1,0.27297634,0.0,0.0
VASH2,0.13927999,0.0,0.0
VASN,0.33923125,0.0,0.0
VASP,0.4814944,0.0,0.0
VAT1,0.3351644,0.0,0.0
VAT1L,0.19836488,0.0,0.0
VAV1,0.5498032,1.0,1.0
VAV2,0.43367913,0.0,1.0
VAV3,0.38887227,0.0,-1.0
VAX1,0.25062716,0.0,0.0
VAX2,0.22054423,0.0,0.0
VBP1,0.34606287,0.0,0.0
VCAM1,0.6417007,1.0,0.0
VCAN,0.6090498,1.0,-1.0
VCL,0.6187766,1.0,-1.0
VCP,0.5003736,1.0,-1.0
VCPIP1,0.38170436,0.0,-1.0
VCPKMT,0.2232768,0.0,0.0
VCX,0.13536692,0.0,0.0
VCX2,0.15583952,0.0,0.0
VCX3A,0.10536664,0.0,0.0
VCX3B,0.09329689,0.0,-1.0
VCY,0.12022529,0.0,0.0
VCY1B,0.12135828,0.0,0.0
VDAC1,0.4754197,0.0,-1.0
VDAC2,0.37276608,0.0,0.0
VDAC3,0.32032868,0.0,0.0
VDR,0.563954,1.0,-1.0
VEGFA,0.70287985,1.0,1.0
VEGFB,0.5246415,1.0,-1.0
VEGFC,0.5386888,1.0,-1.0
VEGFD,0.5406933,1.0,-1.0
VENTX,0.25007108,0.0,0.0
VEPH1,0.1691752,0.0,-1.0
VEZF1,0.35716006,0.0,-1.0
VEZT,0.2874342,0.0,0.0
VGF,0.34302214,0.0,-1.0
VGLL1,0.3506021,0.0,0.0
VGLL2,0.27914944,0.0,0.0
VGLL3,0.23944259,0.0,0.0
VGLL4,0.356,0.0,0.0
VHL,0.45414823,0.0,1.0
VHLL,0.19116305,0.0,0.0
VIL1,0.28734323,0.0,0.0
VILL,0.2390492,0.0,-1.0
VIM,0.6848936,1.0,-1.0
VIP,0.49024984,0.0,-1.0
VIPAS39,0.24370842,0.0,-1.0
VIPR1,0.30383262,0.0,0.0
VIPR2,0.2735278,0.0,0.0
VIRMA,0.2354126,0.0,-1.0
VIT,0.3611737,0.0,-1.0
VKORC1,0.26267505,0.0,0.0
VKORC1L1,0.24738976,0.0,0.0
VLDLR,0.39276388,0.0,0.0
VMA21,0.27416268,0.0,-1.0
VMAC,0.2112397,0.0,0.0
VMO1,0.036572058,0.0,0.0
VMP1,0.5291525,1.0,-1.0
VN1R1,0.13453941,0.0,0.0
VN1R2,0.13340437,0.0,-1.0
VN1R4,0.020387487,0.0,-1.0
VN1R5,0.2753336,0.0,0.0
VNN1,0.2250518,0.0,0.0
VNN2,0.28197232,0.0,0.0
VNN3P,0.13176653,0.0,0.0
VOPP1,0.2540363,0.0,0.0
VPREB1,0.40185702,0.0,0.0
VPREB3,0.14562647,0.0,0.0
VPS11,0.21364051,0.0,0.0
VPS13A,0.38821134,0.0,-1.0
VPS13B,0.4525696,0.0,-1.0
VPS13C,0.4089788,0.0,0.0
VPS13D,0.26334238,0.0,0.0
VPS16,0.20498547,0.0,0.0
VPS18,0.2837711,0.0,0.0
VPS25,0.1813642,0.0,0.0
VPS26A,0.30417284,0.0,0.0
VPS26B,0.23909853,0.0,0.0
VPS26C,0.2400375,0.0,0.0
VPS28,0.25080183,0.0,0.0
VPS29,0.20785588,0.0,0.0
VPS33A,0.27509928,0.0,0.0
VPS33B,0.31115153,0.0,0.0
VPS35,0.3762855,0.0,-1.0
VPS35L,0.1800751,0.0,0.0
VPS36,0.2800535,0.0,0.0
VPS37A,0.18024734,0.0,0.0
VPS37B,0.21182913,0.0,0.0
VPS37C,0.16848901,0.0,0.0
VPS37D,0.14516325,0.0,0.0
VPS39,0.3948878,0.0,0.0
VPS41,0.38610747,0.0,0.0
VPS45,0.36137286,0.0,-1.0
VPS4A,0.3470681,0.0,0.0
VPS4B,0.37844634,0.0,0.0
VPS50,0.33902746,0.0,0.0
VPS51,0.339145,0.0,-1.0
VPS52,0.27639017,0.0,0.0
VPS53,0.3520006,0.0,-1.0
VPS54,0.271117,0.0,0.0
VPS72,0.3253038,0.0,0.0
VPS8,0.21329005,0.0,0.0
VPS9D1,0.21170038,0.0,0.0
VRK1,0.4125129,0.0,-1.0
VRK2,0.36736873,0.0,-1.0
VRK3,0.30801263,0.0,0.0
VRTN,0.20710205,0.0,0.0
VSIG1,0.19447629,0.0,0.0
VSIG10,0.19547926,0.0,0.0
VSIG10L,0.18392625,0.0,0.0
VSIG2,0.11085184,0.0,0.0
VSIG4,0.40256533,0.0,0.0
VSIG8,0.18604235,0.0,0.0
VSIR,0.45321703,0.0,0.0
VSNL1,0.37554,0.0,0.0
VSTM1,0.10380096,0.0,0.0
VSTM2A,0.12255101,0.0,0.0
VSTM2B,0.12573728,0.0,0.0
VSTM2L,0.10428283,0.0,-1.0
VSTM4,0.26332873,0.0,0.0
VSX1,0.34026292,0.0,-1.0
VSX2,0.38446447,0.0,-1.0
VTA1,0.20944819,0.0,0.0
VTCN1,0.32790038,0.0,-1.0
VTI1A,0.36568382,0.0,-1.0
VTI1B,0.29845563,0.0,0.0
VTN,0.58554274,1.0,-1.0
VTRNA1-1,0.21279041,0.0,0.0
VTRNA1-2,0.17825747,0.0,0.0
VTRNA1-3,0.20785423,0.0,0.0
VWA1,0.26991242,0.0,0.0
VWA2,0.16740714,0.0,0.0
VWA3A,0.10963984,0.0,0.0
VWA3B,0.07812953,0.0,0.0
VWA5A,0.27118927,0.0,0.0
VWA5B1,0.24847062,0.0,0.0
VWA5B2,0.2609283,0.0,0.0
VWA7,0.2328145,0.0,-1.0
VWA8,0.2326476,0.0,0.0
VWC2,0.076794885,0.0,0.0
VWC2L,0.099571876,0.0,0.0
VWCE,0.31548145,0.0,0.0
VWDE,0.11635907,0.0,0.0
VWF,0.62726635,1.0,-1.0
VXN,0.13699095,0.0,-1.0
WAC,0.3571874,0.0,-1.0
WAPL,0.5181108,1.0,-1.0
WARS1,0.35181502,0.0,0.0
WARS2,0.2257077,0.0,0.0
WAS,0.5629507,1.0,1.0
WASF1,0.45173684,0.0,-1.0
WASF2,0.33897653,0.0,-1.0
WASF3,0.33421406,0.0,-1.0
WASH2P,0.081178024,0.0,0.0
WASH3P,0.016404025,0.0,0.0
WASH6P,0.00088251126,0.0,0.0
WASHC1,0.29089603,0.0,0.0
WASHC2A,0.17301832,0.0,0.0
WASHC2C,0.22589828,0.0,0.0
WASHC3,0.078539066,0.0,0.0
WASHC4,0.40680677,0.0,0.0
WASHC5,0.23274624,0.0,-1.0
WASL,0.47668424,0.0,0.0
WBP1,0.18064158,0.0,0.0
WBP11,0.2533046,0.0,-1.0
WBP1L,0.18552086,0.0,0.0
WBP2,0.27226266,0.0,0.0
WBP2NL,0.09024532,0.0,0.0
WBP4,0.25640693,0.0,-1.0
WDCP,0.35824475,0.0,1.0
WDFY1,0.2676544,0.0,0.0
WDFY2,0.6840547,1.0,0.0
WDFY3,0.44713,0.0,-1.0
WDFY4,0.30491436,0.0,0.0
WDHD1,0.49824598,0.0,0.0
WDPCP,0.23107895,0.0,-1.0
WDR1,0.37322935,0.0,0.0
WDR11,0.4319013,0.0,-1.0
WDR12,0.22654705,0.0,-1.0
WDR13,0.2498809,0.0,0.0
WDR17,0.10177159,0.0,0.0
WDR18,0.32658035,0.0,0.0
WDR19,0.17575778,0.0,0.0
WDR20,0.5000276,1.0,0.0
WDR24,0.23123635,0.0,-1.0
WDR25,0.15052272,0.0,0.0
WDR26,0.4035019,0.0,0.0
WDR27,0.16116421,0.0,0.0
WDR3,0.26732793,0.0,0.0
WDR31,0.27332047,0.0,0.0
WDR33,0.36012518,0.0,0.0
WDR35,0.32320163,0.0,-1.0
WDR36,0.30330884,0.0,-1.0
WDR37,0.29742178,0.0,0.0
WDR38,0.28628674,0.0,0.0
WDR4,0.20897506,0.0,0.0
WDR41,0.22177011,0.0,0.0
WDR43,0.22406514,0.0,0.0
WDR44,0.2991032,0.0,0.0
WDR45,0.24021797,0.0,-1.0
WDR45B,0.31073782,0.0,0.0
WDR46,0.20916095,0.0,0.0
WDR47,0.24904208,0.0,0.0
WDR48,0.40787444,0.0,-1.0
WDR49,0.14369173,0.0,0.0
WDR5,0.47067425,0.0,0.0
WDR53,0.082655475,0.0,0.0
WDR54,0.1848878,0.0,0.0
WDR55,0.2093855,0.0,0.0
WDR59,0.39757192,0.0,0.0
WDR5B,0.31497616,0.0,0.0
WDR6,0.34452745,0.0,0.0
WDR61,0.20527518,0.0,0.0
WDR62,0.3297599,0.0,-1.0
WDR64,0.12562753,0.0,-1.0
WDR7,0.40329248,0.0,-1.0
WDR70,0.23516731,0.0,0.0
WDR72,0.120608434,0.0,0.0
WDR73,0.31229624,0.0,0.0
WDR74,0.20022625,0.0,-1.0
WDR75,0.22156498,0.0,-1.0
WDR76,0.36594382,0.0,0.0
WDR77,0.34786922,0.0,-1.0
WDR81,0.2395156,0.0,0.0
WDR82,0.35501862,0.0,-1.0
WDR82P1,0.048671033,0.0,0.0
WDR83,0.40368068,0.0,0.0
WDR83OS,0.09550349,0.0,0.0
WDR86,0.15904368,0.0,-1.0
WDR87,0.07935746,0.0,0.0
WDR88,0.29457837,0.0,0.0
WDR89,0.13319907,0.0,0.0
WDR90,0.29348946,0.0,-1.0
WDR91,0.2291119,0.0,0.0
WDR93,0.08847855,0.0,-1.0
WDR97,0.1353731,0.0,0.0
WDSUB1,0.18032737,0.0,0.0
WDTC1,0.64255685,1.0,-1.0
WEE1,0.507799,1.0,-1.0
WEE2,0.36496776,0.0,0.0
WFDC1,0.2822488,0.0,-1.0
WFDC10A,0.00037178912,0.0,0.0
WFDC10B,0.08541786,0.0,0.0
WFDC11,0.08735299,0.0,0.0
WFDC12,0.033833154,0.0,0.0
WFDC13,0.0001909373,0.0,0.0
WFDC2,0.1617421,0.0,0.0
WFDC21P,0.0029577778,0.0,0.0
WFDC3,0.038154203,0.0,0.0
WFDC5,0.122968115,0.0,0.0
WFDC6,0.12760243,0.0,0.0
WFDC8,0.15877493,0.0,0.0
WFDC9,0.0010540822,0.0,0.0
WFIKKN1,0.16620612,0.0,0.0
WFIKKN2,0.17350517,0.0,0.0
WFS1,0.2995041,0.0,-1.0
WHAMM,0.22072616,0.0,0.0
WHRN,0.23915626,0.0,-1.0
WIF1,0.40240696,0.0,1.0
WIPF1,0.40107232,0.0,0.0
WIPF2,0.3882267,0.0,-1.0
WIPF3,0.20655048,0.0,0.0
WIPI1,0.2578867,0.0,0.0
WIPI2,0.20810749,0.0,0.0
WIZ,0.36166525,0.0,0.0
WLS,0.47816133,0.0,-1.0
WNK1,0.4097617,0.0,-1.0
WNK2,0.22746608,0.0,1.0
WNK3,0.19858366,0.0,0.0
WNK4,0.25764668,0.0,-1.0
WNT1,0.59974045,1.0,-1.0
WNT10A,0.46308348,0.0,-1.0
WNT10B,0.51481485,1.0,-1.0
WNT11,0.49709564,0.0,-1.0
WNT16,0.5038891,1.0,-1.0
WNT2,0.580641,1.0,-1.0
WNT2B,0.52563685,1.0,-1.0
WNT3,0.5365752,1.0,-1.0
WNT3A,0.5939236,1.0,-1.0
WNT4,0.57241946,1.0,-1.0
WNT5A,0.6241421,1.0,-1.0
WNT5B,0.5122771,1.0,-1.0
WNT6,0.4644235,0.0,-1.0
WNT7A,0.5441009,1.0,-1.0
WNT7B,0.541495,1.0,-1.0
WNT8A,0.43231413,0.0,-1.0
WNT8B,0.4296669,0.0,-1.0
WNT9A,0.4989205,0.0,-1.0
WNT9B,0.4825095,0.0,-1.0
WRAP53,0.27527103,0.0,-1.0
WRAP73,0.3523224,0.0,-1.0
WRN,0.55897015,1.0,1.0
WRNIP1,0.34138775,0.0,0.0
WSB1,0.35851902,0.0,0.0
WSB2,0.3279769,0.0,0.0
WSCD1,0.19539653,0.0,-1.0
WSCD2,0.24044316,0.0,-1.0
WT1,0.59377587,1.0,1.0
WT1-AS,0.17867978,0.0,0.0
WTAP,0.2878971,0.0,0.0
WTIP,0.22887112,0.0,-1.0
WWC1,0.36402074,0.0,-1.0
WWC2,0.31344727,0.0,0.0
WWC3,0.23378308,0.0,0.0
WWOX,0.5865976,1.0,-1.0
WWP1,0.44512776,0.0,1.0
WWP2,0.4429129,0.0,0.0
WWTR1,0.47227806,0.0,1.0
XAB2,0.32001126,0.0,0.0
XAF1,0.2931476,0.0,-1.0
XAGE1B,0.026537446,0.0,0.0
XAGE2,0.09485507,0.0,0.0
XAGE3,0.1606467,0.0,0.0
XBP1,0.4777792,0.0,1.0
XCL1,0.46255326,0.0,0.0
XCL2,0.25646842,0.0,-1.0
XCR1,0.3083216,0.0,0.0
XDH,0.37583387,0.0,-1.0
XG,0.2165903,0.0,0.0
XIAP,0.5656046,1.0,1.0
XIRP1,0.3083677,0.0,-1.0
XIRP2,0.15901937,0.0,-1.0
XIST,0.03267891,0.0,0.0
XK,0.22370099,0.0,-1.0
XKR3,0.102117516,0.0,0.0
XKR4,0.16635366,0.0,0.0
XKR6,0.19324398,0.0,0.0
XKR7,0.10411969,0.0,0.0
XKR8,0.15215959,0.0,0.0
XKR9,0.15756065,0.0,0.0
XKRX,0.10812598,0.0,0.0
XKRY,2.8449614e-11,0.0,0.0
XKRY2,2.8449614e-11,0.0,0.0
XPA,0.4350365,0.0,1.0
XPC,0.40480456,0.0,1.0
XPNPEP1,0.29677236,0.0,0.0
XPNPEP2,0.23948042,0.0,-1.0
XPNPEP3,0.2881341,0.0,0.0
XPO1,0.65713155,1.0,1.0
XPO4,0.25086996,0.0,-1.0
XPO5,0.39225113,0.0,0.0
XPO6,0.36031327,0.0,0.0
XPO7,0.277798,0.0,0.0
XPOT,0.3543234,0.0,0.0
XPR1,0.29247004,0.0,0.0
XRCC1,0.39266908,0.0,0.0
XRCC2,0.3921442,0.0,1.0
XRCC3,0.4172389,0.0,-1.0
XRCC4,0.47591487,0.0,0.0
XRCC5,0.5000287,1.0,-1.0
XRCC6,0.5594069,1.0,-1.0
XRN1,0.4704568,0.0,-1.0
XRN2,0.33426118,0.0,0.0
XRRA1,0.3757162,0.0,0.0
XXYLT1,0.18299216,0.0,-1.0
XYLB,0.21762067,0.0,0.0
XYLT1,0.21310383,0.0,0.0
XYLT2,0.3875043,0.0,0.0
YAE1,0.14497854,0.0,-1.0
YAF2,0.29551548,0.0,0.0
YAP1,0.5401196,1.0,1.0
YARS1,0.4240087,0.0,-1.0
YARS2,0.29871595,0.0,0.0
YBEY,0.15833129,0.0,0.0
YBX1,0.4833666,0.0,-1.0
YBX2,0.13201262,0.0,0.0
YBX3,0.37661418,0.0,-1.0
YDJC,0.22063692,0.0,0.0
YEATS2,0.35478806,0.0,0.0
YEATS4,0.43947095,0.0,-1.0
YES1,0.629284,1.0,1.0
YIF1A,0.19285107,0.0,0.0
YIF1B,0.18376894,0.0,0.0
YIPF1,0.2715903,0.0,0.0
YIPF2,0.17494705,0.0,0.0
YIPF3,0.19504653,0.0,0.0
YIPF4,0.22994752,0.0,0.0
YIPF5,0.26494518,0.0,0.0
YIPF6,0.26064652,0.0,0.0
YIPF7,0.2029192,0.0,0.0
YJEFN3,0.18804397,0.0,0.0
YJU2,0.22496495,0.0,0.0
YJU2B,0.23909816,0.0,0.0
YKT6,0.34163067,0.0,0.0
YLPM1,0.37583095,0.0,0.0
YME1L1,0.35308862,0.0,0.0
YOD1,0.18814966,0.0,0.0
YPEL1,0.16001476,0.0,0.0
YPEL2,0.16832034,0.0,0.0
YPEL3,0.18231215,0.0,-1.0
YPEL4,0.17836526,0.0,0.0
YPEL5,0.25159222,0.0,-1.0
YRDC,0.14526327,0.0,0.0
YTHDC1,0.28158095,0.0,0.0
YTHDC2,0.46468502,0.0,0.0
YTHDF1,0.36523616,0.0,0.0
YTHDF2,0.37723055,0.0,-1.0
YTHDF3,0.29543984,0.0,0.0
YWHAB,0.49787104,0.0,0.0
YWHAE,0.56605,1.0,1.0
YWHAG,0.5265595,1.0,0.0
YWHAH,0.55587125,1.0,0.0
YWHAH-AS1,0.25202096,0.0,0.0
YWHAQ,0.52607906,1.0,0.0
YWHAZ,0.58598596,1.0,0.0
YY1,0.64926505,1.0,1.0
YY1AP1,0.19561991,0.0,-1.0
YY2,0.30084777,0.0,0.0
ZACN,0.09752035,0.0,0.0
ZADH2,0.18123963,0.0,0.0
ZAN,4.1531933e-08,0.0,-1.0
ZAP70,0.5465314,1.0,-1.0
ZAR1,0.12633157,0.0,0.0
ZAR1L,0.15515733,0.0,0.0
ZBBX,0.115383975,0.0,0.0
ZBED1,0.34630728,0.0,0.0
ZBED10P,0.09803808,0.0,0.0
ZBED2,0.18156448,0.0,0.0
ZBED3,0.1731472,0.0,0.0
ZBED4,0.264816,0.0,0.0
ZBED5,0.1408894,0.0,0.0
ZBED6,0.32522768,0.0,0.0
ZBED8,0.20217967,0.0,0.0
ZBED9,0.20575368,0.0,0.0
ZBP1,0.4100692,0.0,0.0
ZBTB1,0.34195513,0.0,0.0
ZBTB10,0.3833702,0.0,0.0
ZBTB11,0.39992437,0.0,0.0
ZBTB12,0.27747944,0.0,0.0
ZBTB14,0.39885533,0.0,0.0
ZBTB16,0.4409937,0.0,1.0
ZBTB17,0.33193234,0.0,-1.0
ZBTB18,0.36209682,0.0,0.0
ZBTB2,0.31715047,0.0,0.0
ZBTB20,0.52746916,1.0,1.0
ZBTB21,0.33152205,0.0,0.0
ZBTB22,0.37498924,0.0,0.0
ZBTB24,0.2995,0.0,0.0
ZBTB25,0.20430137,0.0,0.0
ZBTB26,0.2751952,0.0,0.0
ZBTB3,0.28310862,0.0,0.0
ZBTB32,0.43252778,0.0,0.0
ZBTB33,0.4227355,0.0,-1.0
ZBTB34,0.35079664,0.0,0.0
ZBTB37,0.4161124,0.0,0.0
ZBTB38,0.29800293,0.0,0.0
ZBTB39,0.28762403,0.0,0.0
ZBTB4,0.3002936,0.0,0.0
ZBTB40,0.3495098,0.0,-1.0
ZBTB41,0.30175918,0.0,0.0
ZBTB42,0.2776904,0.0,0.0
ZBTB43,0.30494538,0.0,0.0
ZBTB44,0.37057236,0.0,0.0
ZBTB45,0.28112558,0.0,0.0
ZBTB46,0.26336014,0.0,0.0
ZBTB47,0.27193704,0.0,0.0
ZBTB48,0.3035485,0.0,-1.0
ZBTB49,0.30549654,0.0,0.0
ZBTB5,0.29101247,0.0,-1.0
ZBTB6,0.3340619,0.0,0.0
ZBTB7A,0.4615226,0.0,-1.0
ZBTB7B,0.343916,0.0,-1.0
ZBTB7C,0.2035548,0.0,0.0
ZBTB8A,0.2848863,0.0,0.0
ZBTB8B,0.18603702,0.0,0.0
ZBTB8OS,0.33640042,0.0,0.0
ZBTB9,0.30183452,0.0,0.0
ZC2HC1A,0.3393089,0.0,0.0
ZC2HC1B,0.09344065,0.0,0.0
ZC2HC1C,0.08835863,0.0,0.0
ZC3H10,0.21060035,0.0,0.0
ZC3H11A,0.34040883,0.0,-1.0
ZC3H12A,0.15441412,0.0,-1.0
ZC3H12B,0.15885285,0.0,0.0
ZC3H12C,0.12823215,0.0,0.0
ZC3H12D,0.00012382846,0.0,0.0
ZC3H13,0.33386618,0.0,-1.0
ZC3H14,0.285323,0.0,0.0
ZC3H15,0.31491092,0.0,0.0
ZC3H18,0.27465132,0.0,-1.0
ZC3H3,0.25621906,0.0,0.0
ZC3H4,0.24439079,0.0,-1.0
ZC3H6,0.29969734,0.0,0.0
ZC3H7A,0.28783047,0.0,0.0
ZC3H7B,0.28606632,0.0,0.0
ZC3H8,0.21885724,0.0,-1.0
ZC3HAV1,0.41216072,0.0,0.0
ZC3HAV1L,0.2894628,0.0,0.0
ZC3HC1,0.18088119,0.0,-1.0
ZC4H2,0.22306801,0.0,-1.0
ZCCHC10,0.22568542,0.0,0.0
ZCCHC12,0.18256265,0.0,-1.0
ZCCHC13,0.09807283,0.0,0.0
ZCCHC14,0.23185726,0.0,0.0
ZCCHC17,0.26115406,0.0,0.0
ZCCHC2,0.2336235,0.0,-1.0
ZCCHC24,0.4390765,0.0,-1.0
ZCCHC3,0.24147531,0.0,0.0
ZCCHC4,0.2288254,0.0,0.0
ZCCHC7,0.18643668,0.0,0.0
ZCCHC8,0.35429937,0.0,-1.0
ZCCHC9,0.19548617,0.0,0.0
ZCRB1,0.16730371,0.0,-1.0
ZCWPW1,0.18439028,0.0,0.0
ZCWPW2,0.21664593,0.0,-1.0
ZDBF2,0.27436388,0.0,-1.0
ZDHHC1,0.18817742,0.0,0.0
ZDHHC11,0.23829146,0.0,0.0
ZDHHC11B,0.22570722,0.0,0.0
ZDHHC12,0.2165723,0.0,0.0
ZDHHC13,0.39916894,0.0,0.0
ZDHHC14,0.23591009,0.0,-1.0
ZDHHC15,0.2598479,0.0,-1.0
ZDHHC16,0.24024238,0.0,0.0
ZDHHC17,0.5341712,1.0,0.0
ZDHHC18,0.22919393,0.0,-1.0
ZDHHC19,0.11163376,0.0,0.0
ZDHHC2,0.3675342,0.0,-1.0
ZDHHC20,0.31963703,0.0,0.0
ZDHHC21,0.21152225,0.0,0.0
ZDHHC22,0.16782618,0.0,0.0
ZDHHC23,0.2220341,0.0,0.0
ZDHHC24,0.22067535,0.0,0.0
ZDHHC3,0.37850675,0.0,-1.0
ZDHHC4,0.2353459,0.0,-1.0
ZDHHC5,0.33748353,0.0,0.0
ZDHHC6,0.26525453,0.0,0.0
ZDHHC7,0.38628614,0.0,-1.0
ZDHHC8,0.26936877,0.0,0.0
ZDHHC9,0.19374244,0.0,-1.0
ZEB1,0.6005548,1.0,1.0
ZEB2,0.5510818,1.0,-1.0
ZER1,0.29061747,0.0,0.0
ZFAND1,0.16664363,0.0,0.0
ZFAND2A,0.276036,0.0,0.0
ZFAND2B,0.27769014,0.0,0.0
ZFAND3,0.21663667,0.0,0.0
ZFAND4,0.3885766,0.0,0.0
ZFAND5,0.2836556,0.0,0.0
ZFAND6,0.20906027,0.0,0.0
ZFAS1,0.23541631,0.0,0.0
ZFAT,0.30500993,0.0,0.0
ZFAT-AS1,0.006922737,0.0,0.0
ZFC3H1,0.3940019,0.0,0.0
ZFHX2,0.2017331,0.0,0.0
ZFHX3,0.34948537,0.0,1.0
ZFHX4,0.30629483,0.0,-1.0
ZFP1,0.28271195,0.0,0.0
ZFP14,0.3626459,0.0,-1.0
ZFP2,0.27592605,0.0,0.0
ZFP28,0.26130393,0.0,0.0
ZFP3,0.27074388,0.0,0.0
ZFP30,0.28284353,0.0,0.0
ZFP36,0.3726954,0.0,-1.0
ZFP36L1,0.32813287,0.0,1.0
ZFP36L2,0.35259226,0.0,-1.0
ZFP37,0.26739228,0.0,0.0
ZFP41,0.27208087,0.0,0.0
ZFP42,0.3142841,0.0,0.0
ZFP57,0.28242135,0.0,-1.0
ZFP62,0.35689083,0.0,0.0
ZFP64,0.3336456,0.0,-1.0
ZFP69,0.2800851,0.0,0.0
ZFP69B,0.26724777,0.0,0.0
ZFP82,0.28811374,0.0,0.0
ZFP90,0.28485537,0.0,-1.0
ZFP91,0.32316798,0.0,-1.0
ZFP91-CNTF,0.27179682,0.0,0.0
ZFP92,0.27080357,0.0,0.0
ZFPL1,0.19859703,0.0,0.0
ZFPM1,0.34326574,0.0,-1.0
ZFPM2,0.5223452,1.0,-1.0
ZFR,0.39084703,0.0,0.0
ZFR2,0.1901102,0.0,-1.0
ZFTA,0.026695194,0.0,0.0
ZFX,0.41180515,0.0,-1.0
ZFY,0.29239082,0.0,0.0
ZFYVE1,0.26311776,0.0,0.0
ZFYVE16,0.40933022,0.0,0.0
ZFYVE19,0.25638658,0.0,-1.0
ZFYVE21,0.20758522,0.0,0.0
ZFYVE26,0.25895056,0.0,-1.0
ZFYVE27,0.1786725,0.0,-1.0
ZFYVE28,0.16835219,0.0,0.0
ZFYVE9,0.39729998,0.0,0.0
ZG16,0.14856976,0.0,-1.0
ZG16B,0.14939918,0.0,0.0
ZGLP1,0.22798444,0.0,0.0
ZGPAT,0.19295463,0.0,0.0
ZGRF1,0.19689223,0.0,0.0
ZHX1,0.323961,0.0,0.0
ZHX1-C8orf76,0.023463849,0.0,0.0
ZHX2,0.331627,0.0,-1.0
ZHX3,0.22225678,0.0,0.0
ZIC1,0.37523684,0.0,-1.0
ZIC2,0.3954901,0.0,-1.0
ZIC3,0.39090353,0.0,-1.0
ZIC4,0.30326372,0.0,-1.0
ZIC5,0.29705134,0.0,-1.0
ZIK1,0.26190415,0.0,0.0
ZIM2,0.20289528,0.0,-1.0
ZIM3,0.25051942,0.0,0.0
ZKSCAN1,0.3464626,0.0,0.0
ZKSCAN2,0.26813528,0.0,0.0
ZKSCAN3,0.3297431,0.0,-1.0
ZKSCAN4,0.2779847,0.0,0.0
ZKSCAN5,0.28250042,0.0,0.0
ZKSCAN7,0.30609536,0.0,0.0
ZKSCAN8,0.2849822,0.0,0.0
ZKSCAN8P1,0.04325796,0.0,0.0
ZMAT1,0.21330957,0.0,0.0
ZMAT2,0.23505488,0.0,0.0
ZMAT3,0.21483824,0.0,-1.0
ZMAT4,0.16329941,0.0,0.0
ZMAT5,0.20794953,0.0,0.0
ZMIZ1,0.39955878,0.0,-1.0
ZMIZ2,0.3672583,0.0,0.0
ZMPSTE24,0.29083687,0.0,0.0
ZMYM1,0.26556754,0.0,0.0
ZMYM2,0.4067996,0.0,1.0
ZMYM3,0.39168495,0.0,1.0
ZMYM4,0.42399585,0.0,0.0
ZMYM5,0.22227642,0.0,0.0
ZMYM6,0.26472563,0.0,0.0
ZMYND10,0.1916743,0.0,-1.0
ZMYND11,0.2529802,0.0,0.0
ZMYND12,0.08518574,0.0,0.0
ZMYND15,0.07798772,0.0,0.0
ZMYND19,0.15374157,0.0,0.0
ZMYND8,0.3264648,0.0,-1.0
ZNF10,0.27513012,0.0,0.0
ZNF100,0.26279113,0.0,0.0
ZNF101,0.31348604,0.0,0.0
ZNF106,0.4010181,0.0,0.0
ZNF107,0.30651006,0.0,0.0
ZNF112,0.28240016,0.0,0.0
ZNF114,0.26395246,0.0,0.0
ZNF117,0.31432286,0.0,0.0
ZNF12,0.30975273,0.0,0.0
ZNF121,0.28598475,0.0,0.0
ZNF124,0.29415172,0.0,0.0
ZNF131,0.41925675,0.0,-1.0
ZNF132,0.26916635,0.0,0.0
ZNF133,0.26923278,0.0,-1.0
ZNF134,0.26430848,0.0,0.0
ZNF135,0.31671405,0.0,0.0
ZNF136,0.36210346,0.0,0.0
ZNF137P,0.07891932,0.0,0.0
ZNF138,0.23302457,0.0,0.0
ZNF14,0.2962018,0.0,0.0
ZNF140,0.30195263,0.0,0.0
ZNF141,0.32692918,0.0,0.0
ZNF142,0.28160623,0.0,0.0
ZNF143,0.5191264,1.0,-1.0
ZNF146,0.35769755,0.0,-1.0
ZNF148,0.5002611,1.0,0.0
ZNF154,0.2667904,0.0,0.0
ZNF155,0.259141,0.0,0.0
ZNF157,0.2996571,0.0,0.0
ZNF16,0.2797711,0.0,0.0
ZNF160,0.35562474,0.0,0.0
ZNF165,0.2661139,0.0,-1.0
ZNF169,0.2920689,0.0,0.0
ZNF17,0.2797991,0.0,0.0
ZNF174,0.27972096,0.0,0.0
ZNF175,0.26624197,0.0,0.0
ZNF177,0.15999685,0.0,0.0
ZNF18,0.29224005,0.0,0.0
ZNF180,0.29506302,0.0,-1.0
ZNF181,0.2658334,0.0,-1.0
ZNF182,0.032710034,0.0,0.0
ZNF184,0.3225839,0.0,0.0
ZNF185,0.32016334,0.0,0.0
ZNF189,0.30454415,0.0,0.0
ZNF19,0.25608587,0.0,0.0
ZNF195,0.3031965,0.0,0.0
ZNF197,0.2891676,0.0,0.0
ZNF2,0.15933745,0.0,0.0
ZNF20,0.26126632,0.0,0.0
ZNF200,0.32789925,0.0,0.0
ZNF202,0.29421228,0.0,0.0
ZNF205,0.26120174,0.0,0.0
ZNF205-AS1,0.15629187,0.0,0.0
ZNF207,0.32851717,0.0,-1.0
ZNF208,0.25394106,0.0,-1.0
ZNF211,0.32745278,0.0,0.0
ZNF212,0.19860189,0.0,0.0
ZNF213,0.26159626,0.0,0.0
ZNF214,0.28613392,0.0,0.0
ZNF215,0.29473397,0.0,-1.0
ZNF217,0.4214638,0.0,-1.0
ZNF219,0.29072547,0.0,0.0
ZNF22,0.29681703,0.0,0.0
ZNF22-AS1,0.015601096,0.0,0.0
ZNF221,0.2645064,0.0,0.0
ZNF222,0.26959628,0.0,0.0
ZNF223,0.27548122,0.0,0.0
ZNF224,0.34203276,0.0,0.0
ZNF225,0.28817314,0.0,0.0
ZNF226,0.28015274,0.0,-1.0
ZNF227,0.28412852,0.0,-1.0
ZNF229,0.20114769,0.0,0.0
ZNF23,0.27239192,0.0,0.0
ZNF230,0.34017396,0.0,0.0
ZNF232,0.32574576,0.0,0.0
ZNF233,0.25464547,0.0,0.0
ZNF234,0.26271626,0.0,0.0
ZNF235,0.30901614,0.0,0.0
ZNF236,0.37547508,0.0,0.0
ZNF239,0.28016424,0.0,-1.0
ZNF24,0.3680379,0.0,-1.0
ZNF248,0.2776861,0.0,0.0
ZNF25,0.28747702,0.0,0.0
ZNF250,0.26856717,0.0,0.0
ZNF251,0.25792265,0.0,0.0
ZNF252P,0.021311339,0.0,0.0
ZNF252P-AS1,0.021311339,0.0,0.0
ZNF253,0.27836338,0.0,-1.0
ZNF254,0.29740107,0.0,0.0
ZNF256,0.2590122,0.0,0.0
ZNF257,0.26544684,0.0,0.0
ZNF26,0.2739377,0.0,0.0
ZNF260,0.288893,0.0,0.0
ZNF263,0.45420644,0.0,0.0
ZNF264,0.34197226,0.0,0.0
ZNF266,0.22962922,0.0,0.0
ZNF267,0.34564954,0.0,0.0
ZNF268,0.2829547,0.0,0.0
ZNF271P,0.018266909,0.0,0.0
ZNF273,0.30539566,0.0,0.0
ZNF274,0.0131073985,0.0,0.0
ZNF275,0.02425982,0.0,0.0
ZNF276,0.2975721,0.0,0.0
ZNF277,0.17606899,0.0,0.0
ZNF28,0.27559906,0.0,-1.0
ZNF280A,0.33353108,0.0,0.0
ZNF280B,0.2327737,0.0,0.0
ZNF280C,0.3216966,0.0,0.0
ZNF280D,0.34972435,0.0,0.0
ZNF281,0.34937117,0.0,-1.0
ZNF282,0.2278476,0.0,0.0
ZNF283,0.22908191,0.0,0.0
ZNF284,0.25609624,0.0,0.0
ZNF285,4.6618857e-06,0.0,0.0
ZNF286A,0.29613563,0.0,0.0
ZNF286B,0.26703748,0.0,0.0
ZNF287,0.28094387,0.0,0.0
ZNF292,0.46325797,0.0,-1.0
ZNF296,0.28730837,0.0,-1.0
ZNF3,0.29676104,0.0,0.0
ZNF30,0.25835317,0.0,0.0
ZNF300,0.29544908,0.0,0.0
ZNF302,0.33596432,0.0,0.0
ZNF304,0.29214102,0.0,0.0
ZNF311,0.2652288,0.0,0.0
ZNF316,0.1801058,0.0,0.0
ZNF317,0.26844138,0.0,0.0
ZNF318,0.3478434,0.0,-1.0
ZNF319,0.26943746,0.0,-1.0
ZNF32,0.26510605,0.0,0.0
ZNF320,0.2670481,0.0,-1.0
ZNF321P,0.014299626,0.0,0.0
ZNF322,0.28633508,0.0,0.0
ZNF324,0.27485773,0.0,-1.0
ZNF324B,0.2882592,0.0,0.0
ZNF326,0.34124583,0.0,0.0
ZNF329,0.26942456,0.0,0.0
ZNF330,0.18589446,0.0,0.0
ZNF331,0.2749509,0.0,1.0
ZNF333,0.29567426,0.0,0.0
ZNF334,0.27054796,0.0,0.0
ZNF335,0.3046684,0.0,0.0
ZNF337,0.29472575,0.0,0.0
ZNF33A,0.39692825,0.0,-1.0
ZNF33B,0.25507787,0.0,0.0
ZNF34,0.26372516,0.0,0.0
ZNF341,0.2710329,0.0,0.0
ZNF343,0.2831739,0.0,0.0
ZNF345,0.28795424,0.0,0.0
ZNF346,0.23669565,0.0,0.0
ZNF347,0.2954183,0.0,0.0
ZNF35,0.28008887,0.0,-1.0
ZNF350,0.3253271,0.0,0.0
ZNF354A,0.2817841,0.0,0.0
ZNF354B,0.25951958,0.0,0.0
ZNF354C,0.27191415,0.0,0.0
ZNF358,0.20020705,0.0,0.0
ZNF362,0.29778582,0.0,-1.0
ZNF365,0.4012588,0.0,0.0
ZNF366,0.2987037,0.0,0.0
ZNF367,0.2926052,0.0,0.0
ZNF37A,0.2900604,0.0,0.0
ZNF37BP,0.04390498,0.0,0.0
ZNF382,0.25942183,0.0,0.0
ZNF383,0.2563443,0.0,0.0
ZNF384,0.37170467,0.0,1.0
ZNF385A,0.2153182,0.0,0.0
ZNF385B,0.10133508,0.0,0.0
ZNF385C,0.11429871,0.0,0.0
ZNF385D,0.14800747,0.0,0.0
ZNF391,0.2812654,0.0,0.0
ZNF394,0.29110616,0.0,0.0
ZNF395,0.2528919,0.0,0.0
ZNF396,0.27146938,0.0,0.0
ZNF397,0.3941573,0.0,0.0
ZNF398,0.30112317,0.0,0.0
ZNF404,0.25279525,0.0,0.0
ZNF407,0.40581787,0.0,0.0
ZNF408,0.28750414,0.0,0.0
ZNF41,0.34718326,0.0,-1.0
ZNF410,0.34016508,0.0,0.0
ZNF414,0.2587084,0.0,0.0
ZNF415,0.2665699,0.0,0.0
ZNF416,0.2564094,0.0,0.0
ZNF417,0.35174912,0.0,0.0
ZNF418,0.26986346,0.0,0.0
ZNF419,0.27902356,0.0,0.0
ZNF420,0.27294677,0.0,0.0
ZNF423,0.36262846,0.0,-1.0
ZNF425,0.27099818,0.0,0.0
ZNF426,0.24110846,0.0,0.0
ZNF428,0.26626915,0.0,0.0
ZNF429,0.30243972,0.0,1.0
ZNF43,0.28201056,0.0,0.0
ZNF430,0.34580758,0.0,0.0
ZNF431,0.27231994,0.0,0.0
ZNF432,0.28218582,0.0,0.0
ZNF433,0.24998118,0.0,0.0
ZNF436,0.31816563,0.0,0.0
ZNF436-AS1,0.16667363,0.0,0.0
ZNF438,0.3112074,0.0,0.0
ZNF439,0.2709052,0.0,0.0
ZNF44,0.42975718,0.0,0.0
ZNF440,0.2889882,0.0,0.0
ZNF441,0.29294896,0.0,0.0
ZNF442,0.26356736,0.0,-1.0
ZNF443,0.279621,0.0,0.0
ZNF444,0.30001685,0.0,0.0
ZNF445,0.2842066,0.0,0.0
ZNF446,0.27453917,0.0,0.0
ZNF449,0.27692053,0.0,0.0
ZNF45,0.29822394,0.0,0.0
ZNF451,0.34051788,0.0,-1.0
ZNF454,0.2565683,0.0,0.0
ZNF460,0.37399825,0.0,0.0
ZNF461,0.26115167,0.0,0.0
ZNF462,0.29068944,0.0,-1.0
ZNF467,0.30223107,0.0,0.0
ZNF468,0.21549176,0.0,0.0
ZNF469,0.27936321,0.0,-1.0
ZNF470,0.24723263,0.0,0.0
ZNF471,0.28353888,0.0,-1.0
ZNF473,0.25477356,0.0,0.0
ZNF474,0.13265702,0.0,0.0
ZNF479,0.1722957,0.0,1.0
ZNF48,0.27019534,0.0,0.0
ZNF480,0.26157966,0.0,0.0
ZNF483,0.2653662,0.0,-1.0
ZNF484,0.3586972,0.0,0.0
ZNF485,0.27217454,0.0,0.0
ZNF486,0.27064222,0.0,0.0
ZNF488,0.17387794,0.0,0.0
ZNF490,0.324205,0.0,0.0
ZNF491,0.25399688,0.0,0.0
ZNF492,0.26362187,0.0,0.0
ZNF493,0.36905125,0.0,0.0
ZNF496,0.29663745,0.0,0.0
ZNF497,0.23416886,0.0,-1.0
ZNF500,0.29715735,0.0,0.0
ZNF501,0.32730317,0.0,0.0
ZNF502,0.26764765,0.0,0.0
ZNF503,0.25379226,0.0,-1.0
ZNF503-AS2,0.09400717,0.0,0.0
ZNF506,0.36119625,0.0,0.0
ZNF507,0.4113176,0.0,0.0
ZNF510,0.30521798,0.0,0.0
ZNF511,0.1528507,0.0,0.0
ZNF512,0.3013419,0.0,-1.0
ZNF512B,0.31779712,0.0,0.0
ZNF513,0.2804788,0.0,-1.0
ZNF514,0.2683394,0.0,0.0
ZNF516,0.29849616,0.0,0.0
ZNF517,0.26131365,0.0,0.0
ZNF518A,0.23429121,0.0,0.0
ZNF518B,0.33555123,0.0,0.0
ZNF519,0.26980087,0.0,0.0
ZNF521,0.30452406,0.0,1.0
ZNF524,0.27571395,0.0,0.0
ZNF525,0.26526946,0.0,0.0
ZNF526,0.289956,0.0,0.0
ZNF527,0.26189414,0.0,0.0
ZNF528,0.274118,0.0,0.0
ZNF529,0.2754372,0.0,0.0
ZNF530,0.2606701,0.0,0.0
ZNF532,0.30472565,0.0,0.0
ZNF534,0.25474632,0.0,0.0
ZNF536,0.32006398,0.0,-1.0
ZNF540,0.27389783,0.0,0.0
ZNF541,0.11128015,0.0,0.0
ZNF542P,1.1708328e-14,0.0,0.0
ZNF543,0.24581839,0.0,0.0
ZNF544,0.28044596,0.0,0.0
ZNF546,0.29416254,0.0,0.0
ZNF547,0.26984724,0.0,0.0
ZNF548,0.27208722,0.0,0.0
ZNF549,0.3372894,0.0,0.0
ZNF550,0.28974894,0.0,0.0
ZNF551,0.27642182,0.0,0.0
ZNF552,0.31067035,0.0,0.0
ZNF554,0.26593706,0.0,0.0
ZNF555,0.26670998,0.0,0.0
ZNF556,0.28053096,0.0,0.0
ZNF557,0.2802596,0.0,0.0
ZNF558,0.2702252,0.0,-1.0
ZNF559,0.32867202,0.0,0.0
ZNF559-ZNF177,0.26728067,0.0,0.0
ZNF560,0.2612518,0.0,0.0
ZNF561,0.29591545,0.0,0.0
ZNF562,0.27958018,0.0,0.0
ZNF563,0.25628337,0.0,0.0
ZNF564,0.36529538,0.0,0.0
ZNF565,0.27449483,0.0,0.0
ZNF566,0.2878025,0.0,0.0
ZNF567,0.25699827,0.0,0.0
ZNF568,0.28568068,0.0,0.0
ZNF569,0.33957064,0.0,-1.0
ZNF57,0.26826602,0.0,0.0
ZNF570,0.27072623,0.0,0.0
ZNF571,0.2835287,0.0,0.0
ZNF572,0.27434176,0.0,-1.0
ZNF573,0.29103282,0.0,0.0
ZNF574,0.28129482,0.0,0.0
ZNF575,0.25186884,0.0,0.0
ZNF576,0.2766601,0.0,0.0
ZNF577,0.28587583,0.0,0.0
ZNF578,0.25421524,0.0,-1.0
ZNF579,0.28784928,0.0,0.0
ZNF580,0.28313985,0.0,0.0
ZNF581,0.27816206,0.0,0.0
ZNF582,0.26858768,0.0,0.0
ZNF583,0.2715207,0.0,0.0
ZNF584,0.2580271,0.0,0.0
ZNF585A,0.26982102,0.0,0.0
ZNF585B,0.259974,0.0,0.0
ZNF586,0.34977645,0.0,0.0
ZNF587,0.25830728,0.0,0.0
ZNF587B,0.28707635,0.0,0.0
ZNF589,0.27522755,0.0,0.0
ZNF592,0.32924503,0.0,-1.0
ZNF593,0.11825748,0.0,0.0
ZNF594,0.3138768,0.0,0.0
ZNF595,0.22441068,0.0,-1.0
ZNF596,0.26114097,0.0,0.0
ZNF597,0.27814218,0.0,0.0
ZNF598,0.26120687,0.0,0.0
ZNF599,0.2523828,0.0,0.0
ZNF600,0.2702395,0.0,0.0
ZNF605,0.28649607,0.0,-1.0
ZNF606,0.26418555,0.0,0.0
ZNF607,0.26173267,0.0,0.0
ZNF608,0.19789864,0.0,-1.0
ZNF609,0.29912108,0.0,0.0
ZNF610,0.26785448,0.0,0.0
ZNF611,0.33287102,0.0,0.0
ZNF613,0.25135025,0.0,0.0
ZNF614,0.26281115,0.0,0.0
ZNF615,0.29273996,0.0,0.0
ZNF616,0.26468104,0.0,0.0
ZNF618,0.17670006,0.0,0.0
ZNF619,0.27496913,0.0,0.0
ZNF620,0.27823076,0.0,-1.0
ZNF621,0.25687793,0.0,0.0
ZNF622,0.26923084,0.0,0.0
ZNF623,0.21405269,0.0,0.0
ZNF624,0.30787924,0.0,-1.0
ZNF625,0.2713715,0.0,0.0
ZNF626,0.27829215,0.0,0.0
ZNF627,0.2625472,0.0,0.0
ZNF628,0.27718458,0.0,0.0
ZNF629,0.33907893,0.0,0.0
ZNF630,0.2774672,0.0,0.0
ZNF638,0.39955437,0.0,-1.0
ZNF639,0.29898897,0.0,0.0
ZNF641,0.32881346,0.0,0.0
ZNF644,0.41570008,0.0,-1.0
ZNF646,0.30777833,0.0,0.0
ZNF648,0.2680344,0.0,0.0
ZNF649,0.26882312,0.0,0.0
ZNF652,0.3471536,0.0,0.0
ZNF653,0.27294213,0.0,0.0
ZNF654,0.36236724,0.0,0.0
ZNF655,0.30755597,0.0,-1.0
ZNF658,0.072157554,0.0,-1.0
ZNF658B,0.0045539103,0.0,0.0
ZNF66,0.28465605,0.0,0.0
ZNF660,0.26447764,0.0,0.0
ZNF662,0.25318387,0.0,0.0
ZNF664,0.2733675,0.0,0.0
ZNF665,0.2713828,0.0,0.0
ZNF667,0.18266673,0.0,0.0
ZNF668,0.32472828,0.0,-1.0
ZNF669,0.26208043,0.0,0.0
ZNF670,0.2728873,0.0,0.0
ZNF671,0.282241,0.0,0.0
ZNF672,0.2729199,0.0,0.0
ZNF674,0.2869188,0.0,-1.0
ZNF675,0.29085985,0.0,0.0
ZNF676,0.2896275,0.0,0.0
ZNF677,0.25913835,0.0,-1.0
ZNF678,0.2792027,0.0,0.0
ZNF679,0.17673348,0.0,0.0
ZNF680,0.3008783,0.0,0.0
ZNF681,0.2763775,0.0,0.0
ZNF682,0.27410305,0.0,0.0
ZNF683,0.10410142,0.0,0.0
ZNF684,0.25986984,0.0,0.0
ZNF687,0.3384823,0.0,-1.0
ZNF688,0.2775763,0.0,0.0
ZNF689,0.28705603,0.0,0.0
ZNF69,0.2663899,0.0,0.0
ZNF691,0.2391588,0.0,0.0
ZNF692,0.32004157,0.0,0.0
ZNF695,0.28960088,0.0,0.0
ZNF696,0.25422463,0.0,0.0
ZNF697,0.26486158,0.0,-1.0
ZNF699,0.46289325,0.0,0.0
ZNF7,0.20643504,0.0,0.0
ZNF70,0.26991475,0.0,0.0
ZNF700,0.3701113,0.0,0.0
ZNF701,0.36766058,0.0,0.0
ZNF702P,1.206568e-12,0.0,0.0
ZNF703,0.13613322,0.0,-1.0
ZNF704,0.14617337,0.0,0.0
ZNF705A,0.28836003,0.0,0.0
ZNF705D,0.28519642,0.0,0.0
ZNF705G,0.291808,0.0,0.0
ZNF706,0.153612,0.0,0.0
ZNF707,0.27753636,0.0,0.0
ZNF708,0.28258872,0.0,0.0
ZNF709,0.2718122,0.0,0.0
ZNF71,0.27853864,0.0,0.0
ZNF710,0.2757702,0.0,0.0
ZNF711,0.3171998,0.0,-1.0
ZNF713,0.26825604,0.0,0.0
ZNF714,0.1607944,0.0,0.0
ZNF716,0.26585752,0.0,0.0
ZNF717,0.20419969,0.0,-1.0
ZNF718,0.24511226,0.0,0.0
ZNF721,0.28143075,0.0,0.0
ZNF724,0.280378,0.0,0.0
ZNF726,0.25865754,0.0,0.0
ZNF727,1.0073412e-05,0.0,0.0
ZNF728,0.251937,0.0,-1.0
ZNF729,0.2224513,0.0,0.0
ZNF730,2.7761802e-08,0.0,0.0
ZNF732,0.27078706,0.0,0.0
ZNF735,1.7570006e-05,0.0,0.0
ZNF736,0.2922673,0.0,0.0
ZNF737,0.3084126,0.0,0.0
ZNF738,0.26875472,0.0,0.0
ZNF74,0.21841586,0.0,0.0
ZNF740,0.27062,0.0,0.0
ZNF746,0.21877877,0.0,0.0
ZNF747,0.2899846,0.0,0.0
ZNF749,0.25719988,0.0,0.0
ZNF750,0.19408257,0.0,1.0
ZNF75A,0.29978564,0.0,0.0
ZNF75D,0.29919443,0.0,0.0
ZNF76,0.2838553,0.0,0.0
ZNF761,0.032925174,0.0,0.0
ZNF763,0.34499457,0.0,0.0
ZNF764,0.26177892,0.0,0.0
ZNF765,0.29227814,0.0,-1.0
ZNF766,0.2604233,0.0,0.0
ZNF767P,0.18178184,0.0,0.0
ZNF768,0.35975617,0.0,0.0
ZNF77,0.28684625,0.0,0.0
ZNF770,0.28469184,0.0,-1.0
ZNF771,0.28353864,0.0,0.0
ZNF772,0.27008837,0.0,0.0
ZNF773,0.27944985,0.0,0.0
ZNF774,0.26964355,0.0,0.0
ZNF775,0.27248245,0.0,0.0
ZNF776,0.2774917,0.0,0.0
ZNF777,0.26579165,0.0,0.0
ZNF778,0.31616014,0.0,-1.0
ZNF780A,0.30963707,0.0,0.0
ZNF780B,0.34989074,0.0,0.0
ZNF781,0.27186513,0.0,0.0
ZNF782,0.34954578,0.0,0.0
ZNF783,0.29537946,0.0,0.0
ZNF784,0.27074534,0.0,0.0
ZNF785,0.28220728,0.0,0.0
ZNF786,0.27203193,0.0,0.0
ZNF787,0.18184963,0.0,0.0
ZNF789,0.28245738,0.0,0.0
ZNF79,0.32740974,0.0,0.0
ZNF790,0.26283348,0.0,0.0
ZNF791,0.3161208,0.0,0.0
ZNF792,0.253438,0.0,0.0
ZNF793,0.26337785,0.0,0.0
ZNF799,0.2691896,0.0,0.0
ZNF8,0.2397433,0.0,0.0
ZNF80,0.29378313,0.0,0.0
ZNF800,0.32549703,0.0,0.0
ZNF804A,0.22557913,0.0,-1.0
ZNF804B,0.16746835,0.0,-1.0
ZNF805,0.3344441,0.0,0.0
ZNF808,0.35753307,0.0,0.0
ZNF81,0.3361746,0.0,-1.0
ZNF813,0.2619444,0.0,0.0
ZNF814,0.28492224,0.0,-1.0
ZNF815P,0.023584295,0.0,0.0
ZNF816,0.28911245,0.0,0.0
ZNF816-ZNF321P,0.26754603,0.0,0.0
ZNF821,0.14659564,0.0,0.0
ZNF823,0.2586878,0.0,-1.0
ZNF826P,0.01883178,0.0,0.0
ZNF827,0.3000069,0.0,0.0
ZNF829,0.27518234,0.0,0.0
ZNF83,0.30066442,0.0,0.0
ZNF830,0.16359967,0.0,-1.0
ZNF831,0.33243078,0.0,-1.0
ZNF835,0.27164352,0.0,0.0
ZNF836,0.31446004,0.0,0.0
ZNF837,0.262816,0.0,0.0
ZNF839,0.17980924,0.0,0.0
ZNF84,0.29682148,0.0,0.0
ZNF841,0.32894415,0.0,0.0
ZNF843,0.27070683,0.0,0.0
ZNF844,0.27709654,0.0,-1.0
ZNF845,0.33260834,0.0,0.0
ZNF846,0.27843958,0.0,0.0
ZNF85,0.27779725,0.0,0.0
ZNF850,0.27409488,0.0,0.0
ZNF852,0.31847394,0.0,0.0
ZNF853,0.2638575,0.0,0.0
ZNF860,0.2768754,0.0,0.0
ZNF862,0.3162013,0.0,0.0
ZNF865,0.2732743,0.0,0.0
ZNF875,0.2689618,0.0,-1.0
ZNF878,0.26867196,0.0,0.0
ZNF879,0.29014027,0.0,0.0
ZNF880,0.26833174,0.0,0.0
ZNF888,0.013792692,0.0,0.0
ZNF891,0.0038788994,0.0,0.0
ZNF90,0.27202433,0.0,0.0
ZNF91,0.3334931,0.0,0.0
ZNF92,0.27569494,0.0,0.0
ZNF93,0.26073998,0.0,0.0
ZNF98,0.27515984,0.0,0.0
ZNF99,0.26311758,0.0,-1.0
ZNFX1,0.31366396,0.0,0.0
ZNHIT1,0.15118104,0.0,0.0
ZNHIT2,0.29502445,0.0,0.0
ZNHIT3,0.23063803,0.0,0.0
ZNHIT6,0.19846451,0.0,0.0
ZNRD1ASP,0.021066356,0.0,-1.0
ZNRD2,0.23373166,0.0,0.0
ZNRF1,0.18300644,0.0,0.0
ZNRF2,0.24076855,0.0,0.0
ZNRF2P1,0.1173721,0.0,0.0
ZNRF3,0.265192,0.0,1.0
ZNRF4,0.1044386,0.0,0.0
ZP1,0.10625921,0.0,0.0
ZP2,0.25609308,0.0,0.0
ZP3,0.23431207,0.0,0.0
ZP4,0.19011495,0.0,0.0
ZPBP,0.09692294,0.0,0.0
ZPBP2,0.07854777,0.0,-1.0
ZPLD1,0.11232158,0.0,0.0
ZPR1,0.2400659,0.0,-1.0
ZRANB1,0.32900587,0.0,0.0
ZRANB2,0.30205184,0.0,0.0
ZRANB3,0.36866447,0.0,-1.0
ZRSR2,0.27051085,0.0,1.0
ZRSR2P1,0.21816152,0.0,0.0
ZSCAN1,0.32615066,0.0,0.0
ZSCAN10,0.25703406,0.0,0.0
ZSCAN12,0.26892084,0.0,0.0
ZSCAN12P1,0.00013983714,0.0,0.0
ZSCAN16,0.3075591,0.0,0.0
ZSCAN18,0.27516136,0.0,0.0
ZSCAN2,0.27724767,0.0,0.0
ZSCAN20,0.23622064,0.0,0.0
ZSCAN21,0.28178746,0.0,0.0
ZSCAN22,0.28595588,0.0,-1.0
ZSCAN23,0.26643828,0.0,0.0
ZSCAN25,0.2601472,0.0,0.0
ZSCAN26,0.13911118,0.0,0.0
ZSCAN29,0.28308848,0.0,0.0
ZSCAN30,0.27713886,0.0,0.0
ZSCAN31,0.27185088,0.0,-1.0
ZSCAN32,0.31046703,0.0,0.0
ZSCAN4,0.27561542,0.0,-1.0
ZSCAN5A,0.28076595,0.0,0.0
ZSCAN5B,0.24327266,0.0,0.0
ZSCAN9,0.2743908,0.0,0.0
ZSWIM1,0.20515586,0.0,0.0
ZSWIM2,0.1282896,0.0,0.0
ZSWIM3,0.17349023,0.0,-1.0
ZSWIM4,0.15443578,0.0,0.0
ZSWIM5,0.14339705,0.0,0.0
ZSWIM6,0.3118015,0.0,-1.0
ZSWIM7,0.23477007,0.0,-1.0
ZSWIM8,0.29298034,0.0,0.0
ZSWIM9,0.24521056,0.0,0.0
ZUP1,0.15653837,0.0,0.0
ZW10,0.32689664,0.0,0.0
ZWILCH,0.41733125,0.0,-1.0
ZWINT,0.44060713,0.0,-1.0
ZXDA,0.27335837,0.0,0.0
ZXDB,0.26729536,0.0,0.0
ZXDC,0.29389966,0.0,0.0
ZYG11A,0.16812687,0.0,0.0
ZYG11B,0.17885438,0.0,0.0
ZYX,0.46743867,0.0,0.0
ZZEF1,0.37524867,0.0,-1.0
ZZZ3,0.31822446,0.0,0.0
