gene,percent,binary,true
A1BG,0.0003489699,0.0,0.0
A1CF,0.37697864,0.0,1.0
A2M,0.15613869,0.0,0.0
AAGAB,0.063204154,0.0,0.0
AAMP,0.04870268,0.0,-1.0
AANAT,0.0859742,0.0,-1.0
AAR2,0.17461047,0.0,0.0
AARS1,0.108567804,0.0,-1.0
AARS2,0.12244086,0.0,-1.0
AASDHPPT,0.074022025,0.0,0.0
AATF,0.47734377,0.0,-1.0
ABAT,0.002624078,0.0,0.0
ABCA1,0.37471834,0.0,-1.0
ABCA2,0.1019863,0.0,0.0
ABCA4,0.19816408,0.0,-1.0
ABCB1,0.2057355,0.0,-1.0
ABCB11,0.045344573,0.0,-1.0
ABCB4,0.0887635,0.0,-1.0
ABCB5,0.032940637,0.0,-1.0
ABCB7,0.000117465024,0.0,-1.0
ABCB8,0.109750636,0.0,-1.0
ABCC2,0.13876718,0.0,-1.0
ABCC8,0.17394201,0.0,-1.0
ABCC9,0.18969959,0.0,-1.0
ABCD1,0.101670906,0.0,-1.0
ABCD2,0.101670906,0.0,0.0
ABCD3,0.13278465,0.0,0.0
ABCD4,0.14768498,0.0,0.0
ABCE1,0.09677572,0.0,0.0
ABCF1,0.07973746,0.0,-1.0
ABCF3,0.3417868,0.0,0.0
ABCG1,0.00055090716,0.0,0.0
ABCG4,0.00055090716,0.0,0.0
ABCG5,0.0017545894,0.0,0.0
ABCG8,0.0017545894,0.0,-1.0
ABHD16A,0.013265621,0.0,0.0
ABHD5,0.010995729,0.0,0.0
ABI1,0.70784545,1.0,1.0
ABI2,0.51240325,1.0,0.0
ABI3,0.26830533,0.0,-1.0
ABI3BP,0.06088286,0.0,0.0
ABL1,0.96298844,1.0,1.0
ABL2,0.34001392,0.0,1.0
ABLIM1,0.31064034,0.0,0.0
ABLIM3,0.052447572,0.0,0.0
ABR,0.06662118,0.0,-1.0
ABRA,0.086164445,0.0,0.0
ABRAXAS1,0.13558784,0.0,1.0
ABRAXAS2,0.052854303,0.0,0.0
ABT1,0.079888746,0.0,0.0
ABTB1,0.11899556,0.0,0.0
ABTB2,0.19385898,0.0,-1.0
ACAA2,0.08479811,0.0,0.0
ACACA,0.24390705,0.0,0.0
ACACB,0.040611684,0.0,0.0
ACADM,0.057572655,0.0,-1.0
ACAN,0.07767244,0.0,-1.0
ACAP1,0.12924525,0.0,-1.0
ACAP3,0.13071038,0.0,0.0
ACAT2,0.18278436,0.0,0.0
ACBD3,0.078029305,0.0,0.0
ACCS,0.14716521,0.0,-1.0
ACD,0.10409968,0.0,-1.0
ACE,0.09530583,0.0,-1.0
ACE2,0.03819621,0.0,0.0
ACHE,0.02276446,0.0,-1.0
ACIN1,0.28764445,0.0,0.0
ACKR1,0.04355844,0.0,0.0
ACKR4,0.048743363,0.0,0.0
ACLY,0.09805773,0.0,-1.0
ACMSD,0.023815699,0.0,0.0
ACO2,0.024334796,0.0,-1.0
ACOT7,0.085139185,0.0,0.0
ACOX1,0.14141807,0.0,-1.0
ACOX3,0.05744072,0.0,0.0
ACP1,0.48160776,0.0,0.0
ACP3,0.1333369,0.0,0.0
ACP5,0.13577914,0.0,0.0
ACP6,0.13792674,0.0,0.0
ACR,0.023083165,0.0,0.0
ACSL3,0.108431555,0.0,1.0
ACSL6,0.042686075,0.0,-1.0
ACSS2,0.08680299,0.0,0.0
ACTA1,0.74984473,1.0,-1.0
ACTA2,0.2724829,0.0,-1.0
ACTB,0.7954478,1.0,-1.0
ACTC1,0.3275193,0.0,-1.0
ACTG1,0.44001,0.0,1.0
ACTG2,0.011751753,0.0,0.0
ACTL6A,0.5259268,1.0,-1.0
ACTL6B,0.26716125,0.0,-1.0
ACTL7A,0.06506776,0.0,0.0
ACTN1,0.6862447,1.0,0.0
ACTN2,0.78248644,1.0,-1.0
ACTN3,0.26232693,0.0,0.0
ACTN4,0.48058206,0.0,-1.0
ACTR10,0.051595766,0.0,0.0
ACTR1A,0.32002655,0.0,0.0
ACTR1B,0.11900521,0.0,0.0
ACTR2,0.18632618,0.0,0.0
ACTR3,0.19297862,0.0,0.0
ACTR3B,0.06997107,0.0,0.0
ACTR8,0.051563434,0.0,0.0
ACVR1,0.6323916,1.0,1.0
ACVR1B,0.41412532,0.0,1.0
ACVR1C,0.059723213,0.0,0.0
ACVR2A,0.48784092,0.0,1.0
ACVR2B,0.4074698,0.0,-1.0
ACVRL1,0.3925068,0.0,-1.0
ACY1,0.032050803,0.0,-1.0
ADA,0.23096408,0.0,0.0
ADAM10,0.24446148,0.0,-1.0
ADAM11,0.18612961,0.0,0.0
ADAM12,0.40134528,0.0,-1.0
ADAM15,0.64971465,1.0,0.0
ADAM17,0.36074483,0.0,-1.0
ADAM19,0.17427675,0.0,0.0
ADAM2,0.039899815,0.0,-1.0
ADAM22,0.073343836,0.0,-1.0
ADAM23,0.2175832,0.0,-1.0
ADAM28,0.014023141,0.0,0.0
ADAM33,0.061860736,0.0,-1.0
ADAM9,0.44643983,0.0,-1.0
ADAMTS1,0.10402043,0.0,-1.0
ADAMTS13,0.43592688,0.0,-1.0
ADAMTS4,0.05802313,0.0,0.0
ADAMTS5,0.05227667,0.0,-1.0
ADAMTSL4,0.24861829,0.0,-1.0
ADAP1,0.42755553,0.0,0.0
ADAP2,0.062392432,0.0,0.0
ADAR,0.23639494,0.0,0.0
ADCK1,0.028189857,0.0,-1.0
ADCY1,0.30563787,0.0,-1.0
ADCY10,0.13991791,0.0,0.0
ADCY2,0.36362362,0.0,-1.0
ADCY3,0.15054865,0.0,-1.0
ADCY5,0.25092366,0.0,-1.0
ADCY6,0.19601762,0.0,-1.0
ADCY7,0.068687715,0.0,-1.0
ADCY8,0.16047162,0.0,-1.0
ADCYAP1,0.06306612,0.0,-1.0
ADCYAP1R1,0.060987163,0.0,0.0
ADD1,0.45471245,0.0,0.0
ADD2,0.24044779,0.0,-1.0
ADD3,0.062379766,0.0,-1.0
ADGRA3,0.051911958,0.0,0.0
ADGRB1,0.20420125,0.0,0.0
ADGRB2,0.27326027,0.0,0.0
ADGRE5,0.0661815,0.0,-1.0
ADGRL1,0.2442311,0.0,-1.0
ADGRL2,0.16152275,0.0,-1.0
ADH5,0.04453557,0.0,-1.0
ADI1,0.05217209,0.0,0.0
ADIPOQ,0.0018682985,0.0,-1.0
ADIPOR1,0.0795777,0.0,-1.0
ADIPOR2,0.0047139465,0.0,0.0
ADM,0.07545011,0.0,0.0
ADORA1,0.14971575,0.0,0.0
ADORA2A,0.2561739,0.0,0.0
ADORA2B,0.16970961,0.0,0.0
ADPGK,0.10902484,0.0,0.0
ADPRS,0.05950802,0.0,0.0
ADRA1A,0.077554084,0.0,-1.0
ADRA1B,0.06785892,0.0,-1.0
ADRA1D,0.103204176,0.0,0.0
ADRA2A,0.17179951,0.0,0.0
ADRA2B,0.08345375,0.0,0.0
ADRA2C,0.10121218,0.0,0.0
ADRB1,0.19895273,0.0,0.0
ADRB2,0.17958744,0.0,-1.0
ADRB3,0.1510819,0.0,-1.0
ADRM1,0.23342708,0.0,0.0
ADSS2,0.09729165,0.0,0.0
AEBP1,0.22793944,0.0,0.0
AEBP2,0.18099536,0.0,0.0
AFAP1,0.26919225,0.0,0.0
AFAP1L2,0.16225228,0.0,-1.0
AFDN,0.7584777,1.0,1.0
AFF1,0.37634102,0.0,1.0
AFF4,0.41116956,0.0,1.0
AFG3L2,0.07126986,0.0,-1.0
AFP,0.08951132,0.0,-1.0
AFTPH,0.28130883,0.0,0.0
AGA,0.11102957,0.0,-1.0
AGAP1,0.026244074,0.0,0.0
AGAP2,0.2481791,0.0,-1.0
AGER,0.110213846,0.0,-1.0
AGFG1,0.31596765,0.0,0.0
AGFG2,0.14725348,0.0,0.0
AGGF1,0.10668996,0.0,-1.0
AGK,0.15431863,0.0,0.0
AGL,0.12732676,0.0,-1.0
AGO1,0.16254255,0.0,1.0
AGO2,0.2356205,0.0,-1.0
AGPS,0.037339587,0.0,-1.0
AGR2,0.13362269,0.0,0.0
AGR3,0.040079176,0.0,0.0
AGRN,0.13605496,0.0,0.0
AGRP,0.05504151,0.0,-1.0
AGT,0.10764617,0.0,-1.0
AGTPBP1,0.19151475,0.0,0.0
AGTR1,0.39520618,0.0,-1.0
AGTR2,0.13885188,0.0,-1.0
AGTRAP,0.21039262,0.0,0.0
AGXT,0.18690209,0.0,-1.0
AHCYL1,0.117459536,0.0,0.0
AHDC1,0.07176542,0.0,0.0
AHNAK,0.32057416,0.0,-1.0
AHR,0.71913093,1.0,-1.0
AHRR,0.06480825,0.0,0.0
AHSA1,0.061872747,0.0,-1.0
AHSA2P,0.054955784,0.0,0.0
AHSG,0.11719707,0.0,0.0
AHSP,0.02585838,0.0,0.0
AICDA,0.06534354,0.0,-1.0
AIF1,0.053797487,0.0,0.0
AIFM1,0.21770847,0.0,-1.0
AIMP1,0.095129885,0.0,0.0
AIMP2,0.1593536,0.0,0.0
AIP,0.36227834,0.0,-1.0
AIPL1,0.1676357,0.0,-1.0
AIRE,0.15281618,0.0,-1.0
AJAP1,0.26073462,0.0,-1.0
AJUBA,0.29377192,0.0,1.0
AK1,0.048721395,0.0,-1.0
AK2,0.029297825,0.0,-1.0
AK5,0.029158564,0.0,0.0
AK9,0.06463394,0.0,0.0
AKAP1,0.28045756,0.0,0.0
AKAP10,0.2012265,0.0,-1.0
AKAP11,0.27770057,0.0,-1.0
AKAP12,0.18231499,0.0,-1.0
AKAP13,0.47845763,0.0,-1.0
AKAP14,0.121619835,0.0,0.0
AKAP17A,0.076396815,0.0,0.0
AKAP2,0.07266674,0.0,0.0
AKAP3,0.04996717,0.0,0.0
AKAP4,0.21345401,0.0,0.0
AKAP5,0.4115006,0.0,0.0
AKAP6,0.26409552,0.0,-1.0
AKAP7,0.11486641,0.0,0.0
AKAP8,0.29692212,0.0,-1.0
AKAP8L,0.27302393,0.0,0.0
AKAP9,0.68100566,1.0,-1.0
AKIP1,0.03665973,0.0,0.0
AKIRIN2,0.13966799,0.0,0.0
AKR1A1,0.09529877,0.0,0.0
AKR1B1,0.034261983,0.0,0.0
AKR1C3,0.1245139,0.0,-1.0
AKR7A2,0.009619133,0.0,0.0
AKR7A3,0.0054768748,0.0,0.0
AKT1,0.9748121,1.0,1.0
AKT1S1,0.25872645,0.0,-1.0
AKT2,0.5948741,1.0,1.0
AKT3,0.38231507,0.0,1.0
AKTIP,0.35094732,0.0,0.0
ALAS1,0.045327626,0.0,0.0
ALAS2,0.022236368,0.0,-1.0
ALB,0.2786827,0.0,-1.0
ALCAM,0.21721432,0.0,-1.0
ALDH2,0.095407434,0.0,-1.0
ALDH5A1,0.002624078,0.0,-1.0
ALDH7A1,0.07701404,0.0,0.0
ALDOA,0.1863166,0.0,-1.0
ALDOB,0.12971534,0.0,-1.0
ALDOC,0.13029845,0.0,0.0
ALG10,0.18193163,0.0,0.0
ALG10B,0.17045692,0.0,0.0
ALG13,0.08018107,0.0,0.0
ALG2,0.06929993,0.0,-1.0
ALG9,0.048334077,0.0,-1.0
ALK,0.31095225,0.0,1.0
ALMS1,0.2911781,0.0,-1.0
ALOX12,0.17188536,0.0,-1.0
ALOX12B,0.29799342,0.0,1.0
ALOX5,0.08011789,0.0,-1.0
ALOX5AP,0.044885874,0.0,-1.0
ALPG,0.004289332,0.0,0.0
ALPI,0.038435075,0.0,0.0
ALPL,0.18244004,0.0,-1.0
ALPP,0.012606465,0.0,0.0
ALS2,0.10120576,0.0,-1.0
ALS2CL,0.03670054,0.0,-1.0
ALX1,0.31059277,0.0,0.0
ALX4,0.27341467,0.0,-1.0
ALYREF,0.14109881,0.0,-1.0
AMBP,0.10219992,0.0,0.0
AMBRA1,0.15041937,0.0,-1.0
AMFR,0.21688801,0.0,-1.0
AMH,0.16491513,0.0,-1.0
AMHR2,0.16434248,0.0,-1.0
AMIGO1,0.0045145648,0.0,0.0
AMIGO2,0.0045145648,0.0,0.0
AMIGO3,0.0045145648,0.0,0.0
AMN,0.082485005,0.0,-1.0
AMOT,0.10518806,0.0,-1.0
AMOTL2,0.34615818,0.0,0.0
AMPD1,0.02535308,0.0,0.0
AMPH,0.4467174,0.0,-1.0
AMY1A,0.08268566,0.0,0.0
AMY2A,0.004115376,0.0,0.0
ANAPC1,0.16051784,0.0,0.0
ANAPC10,0.2384904,0.0,0.0
ANAPC11,0.15449922,0.0,0.0
ANAPC16,0.08745012,0.0,0.0
ANAPC2,0.18077412,0.0,0.0
ANAPC5,0.20985417,0.0,0.0
ANAPC7,0.29443607,0.0,0.0
ANG,0.15607484,0.0,-1.0
ANGPT1,0.20748383,0.0,-1.0
ANGPT2,0.16116638,0.0,0.0
ANGPT4,0.03719745,0.0,0.0
ANGPTL1,0.12421813,0.0,0.0
ANGPTL3,0.22452997,0.0,-1.0
ANK1,0.34564182,0.0,1.0
ANK2,0.34826982,0.0,-1.0
ANK3,0.5673129,1.0,-1.0
ANKHD1,0.061363533,0.0,-1.0
ANKRA2,0.27521133,0.0,0.0
ANKRD1,0.06204116,0.0,-1.0
ANKRD11,0.39811966,0.0,1.0
ANKRD12,0.32061288,0.0,-1.0
ANKRD13A,0.13310294,0.0,-1.0
ANKRD13B,0.054666806,0.0,0.0
ANKRD13D,0.040008843,0.0,0.0
ANKRD2,0.31894118,0.0,0.0
ANKRD23,0.17852567,0.0,0.0
ANKRD27,0.105266124,0.0,0.0
ANKRD44,0.43555358,0.0,-1.0
ANKRD6,0.43229812,0.0,0.0
ANKRD7,0.05634286,0.0,-1.0
ANKS1A,0.1645695,0.0,0.0
ANKS1B,0.16680096,0.0,0.0
ANKS3,0.044677597,0.0,0.0
ANKS4B,0.038475275,0.0,0.0
ANKZF1,0.04442058,0.0,0.0
ANLN,0.14369652,0.0,-1.0
ANO8,0.06667282,0.0,0.0
ANOS1,0.05731445,0.0,-1.0
ANP32A,0.40763283,0.0,-1.0
ANP32B,0.20628765,0.0,-1.0
ANP32C,0.05353389,0.0,0.0
ANPEP,0.09327019,0.0,-1.0
ANTKMT,0.21128094,0.0,0.0
ANTXR1,0.27612203,0.0,-1.0
ANTXR2,0.16708612,0.0,-1.0
ANXA1,0.27111292,0.0,-1.0
ANXA11,0.118946105,0.0,0.0
ANXA13,0.20690201,0.0,0.0
ANXA2,0.12257304,0.0,-1.0
ANXA3,0.16859841,0.0,0.0
ANXA4,0.0027522119,0.0,0.0
ANXA5,0.11296435,0.0,-1.0
ANXA6,0.14491557,0.0,0.0
ANXA7,0.17337237,0.0,0.0
ANXA9,0.12568623,0.0,0.0
AOC1,0.09319085,0.0,0.0
AOC3,0.1235812,0.0,0.0
AOX1,0.03814701,0.0,-1.0
AP1AR,0.097133584,0.0,0.0
AP1B1,0.44369286,0.0,-1.0
AP1G1,0.2249683,0.0,0.0
AP1G2,0.30886483,0.0,0.0
AP1M1,0.4013305,0.0,0.0
AP1M2,0.32652304,0.0,0.0
AP1S1,0.24444519,0.0,-1.0
AP1S2,0.22860776,0.0,-1.0
AP2A1,0.47658613,0.0,-1.0
AP2A2,0.4722011,0.0,0.0
AP2B1,0.4747441,0.0,0.0
AP2M1,0.362454,0.0,0.0
AP2S1,0.15985048,0.0,0.0
AP3B1,0.29586434,0.0,-1.0
AP3B2,0.32542208,0.0,0.0
AP3D1,0.19217765,0.0,-1.0
AP3M1,0.07741836,0.0,0.0
AP3S1,0.19165,0.0,0.0
AP3S2,0.14295734,0.0,0.0
AP4B1,0.29091558,0.0,0.0
AP4E1,0.19165748,0.0,-1.0
AP4M1,0.26939738,0.0,-1.0
AP5Z1,0.028930862,0.0,-1.0
APAF1,0.4210693,0.0,-1.0
APBA1,0.20758498,0.0,0.0
APBA2,0.22286989,0.0,0.0
APBA3,0.08534983,0.0,0.0
APBB1,0.41611448,0.0,0.0
APBB1IP,0.24402146,0.0,0.0
APBB2,0.23658104,0.0,0.0
APBB3,0.14259382,0.0,0.0
APC,0.7837884,1.0,1.0
APC2,0.23447767,0.0,-1.0
APCS,0.26844734,0.0,0.0
APEH,0.047642495,0.0,-1.0
APEX1,0.50809777,1.0,0.0
APEX2,0.23150696,0.0,0.0
APH1A,0.13281573,0.0,-1.0
APH1B,0.17619146,0.0,-1.0
API5,0.07306613,0.0,-1.0
APIP,0.13185385,0.0,0.0
APLF,0.14402673,0.0,0.0
APLN,0.30616984,0.0,0.0
APLNR,0.30616984,0.0,1.0
APLP1,0.4858828,0.0,0.0
APLP2,0.32540217,0.0,0.0
APMAP,0.028696684,0.0,-1.0
APOA1,0.08772857,0.0,-1.0
APOA2,0.016325297,0.0,0.0
APOA4,0.046791784,0.0,0.0
APOB,0.31870893,0.0,-1.0
APOBEC1,0.27617016,0.0,0.0
APOBEC2,0.09600372,0.0,-1.0
APOBEC3C,0.0049555935,0.0,0.0
APOBEC3F,0.0003100067,0.0,0.0
APOBEC3G,0.00077948713,0.0,0.0
APOC1,0.011805647,0.0,0.0
APOC2,0.06882792,0.0,-1.0
APOD,0.06506811,0.0,0.0
APOE,0.25309652,0.0,-1.0
APOF,0.018955491,0.0,0.0
APOH,0.20496055,0.0,0.0
APOL1,0.016997114,0.0,-1.0
APOL2,0.035443597,0.0,-1.0
APOM,0.092676796,0.0,0.0
APP,0.7637333,1.0,-1.0
APPBP2,0.066735454,0.0,0.0
APPL1,0.27761635,0.0,-1.0
APPL2,0.18363851,0.0,0.0
APTX,0.3120637,0.0,-1.0
AQP1,0.14369512,0.0,0.0
AQP3,0.12540512,0.0,0.0
AQP4,0.09916208,0.0,-1.0
AQP5,0.008906281,0.0,0.0
AR,0.97660226,1.0,1.0
ARAF,0.55755407,1.0,1.0
ARAP1,0.1651825,0.0,0.0
ARC,0.13107775,0.0,0.0
ARCN1,0.11196587,0.0,0.0
AREG,0.14982952,0.0,-1.0
ARF1,0.33835813,0.0,-1.0
ARF3,0.15297307,0.0,0.0
ARF4,0.09863705,0.0,0.0
ARF5,0.18836783,0.0,0.0
ARF6,0.22993529,0.0,-1.0
ARFGAP1,0.16314285,0.0,0.0
ARFGAP3,0.06061106,0.0,0.0
ARFGEF1,0.1884929,0.0,0.0
ARFGEF2,0.38684177,0.0,-1.0
ARFIP1,0.11025327,0.0,0.0
ARFIP2,0.21077518,0.0,0.0
ARFRP1,0.08276606,0.0,-1.0
ARG1,0.012124201,0.0,-1.0
ARG2,0.0056042033,0.0,0.0
ARHGAP1,0.579377,1.0,0.0
ARHGAP10,0.15216736,0.0,0.0
ARHGAP15,0.11484357,0.0,0.0
ARHGAP17,0.4313214,0.0,0.0
ARHGAP18,0.094886765,0.0,0.0
ARHGAP19,0.085398674,0.0,0.0
ARHGAP21,0.19207938,0.0,-1.0
ARHGAP24,0.1935261,0.0,-1.0
ARHGAP26,0.2271692,0.0,1.0
ARHGAP27,0.0921387,0.0,0.0
ARHGAP29,0.16390063,0.0,0.0
ARHGAP33,0.08408617,0.0,0.0
ARHGAP35,0.15256993,0.0,1.0
ARHGAP4,0.2884863,0.0,-1.0
ARHGAP5,0.29905418,0.0,1.0
ARHGAP8,0.158409,0.0,-1.0
ARHGAP9,0.12437261,0.0,-1.0
ARHGDIA,0.3683036,0.0,0.0
ARHGDIB,0.2440488,0.0,0.0
ARHGDIG,0.18854053,0.0,0.0
ARHGEF1,0.16237843,0.0,-1.0
ARHGEF10L,0.23180176,0.0,1.0
ARHGEF11,0.38092834,0.0,-1.0
ARHGEF12,0.37644953,0.0,1.0
ARHGEF15,0.2442572,0.0,0.0
ARHGEF18,0.13417946,0.0,-1.0
ARHGEF2,0.2639563,0.0,-1.0
ARHGEF3,0.11972131,0.0,-1.0
ARHGEF39,0.09195667,0.0,0.0
ARHGEF4,0.13497217,0.0,-1.0
ARHGEF5,0.11853293,0.0,0.0
ARHGEF6,0.47018024,0.0,-1.0
ARHGEF7,0.4790333,0.0,0.0
ARHGEF9,0.09810113,0.0,0.0
ARID1A,0.8041375,1.0,1.0
ARID1B,0.35163474,0.0,1.0
ARID2,0.3435009,0.0,1.0
ARID3A,0.5004143,1.0,1.0
ARID3B,0.23221464,0.0,1.0
ARID4A,0.42069176,0.0,1.0
ARID4B,0.4204575,0.0,1.0
ARID5A,0.06480655,0.0,-1.0
ARIH1,0.2056765,0.0,-1.0
ARIH2,0.2807498,0.0,0.0
ARL1,0.046221554,0.0,0.0
ARL11,0.04755918,0.0,-1.0
ARL14,0.033333797,0.0,0.0
ARL15,0.23790604,0.0,0.0
ARL2,0.12687123,0.0,0.0
ARL2BP,0.09153719,0.0,0.0
ARL3,0.15146883,0.0,0.0
ARL4A,0.049952205,0.0,0.0
ARL4C,0.03316709,0.0,0.0
ARL4D,0.2796086,0.0,0.0
ARL5A,0.20439631,0.0,0.0
ARL5B,0.14523645,0.0,0.0
ARL6,0.14929365,0.0,-1.0
ARL6IP1,0.062374994,0.0,0.0
ARL6IP4,0.12504658,0.0,0.0
ARL6IP5,0.18364777,0.0,0.0
ARL6IP6,0.10636401,0.0,0.0
ARL8B,0.09433233,0.0,0.0
ARMC7,0.058008935,0.0,0.0
ARMCX2,0.07807665,0.0,-1.0
ARMCX3,0.15331848,0.0,-1.0
ARNT,0.7398805,1.0,1.0
ARNT2,0.35125616,0.0,-1.0
ARNTL,0.57132447,1.0,-1.0
ARNTL2,0.27475247,0.0,0.0
ARPC1A,0.06859576,0.0,0.0
ARPC1B,0.10295004,0.0,-1.0
ARPC2,0.076229565,0.0,0.0
ARPC3,0.20517123,0.0,0.0
ARPC4,0.06470607,0.0,0.0
ARPC5,0.122769564,0.0,0.0
ARPC5L,0.029407272,0.0,0.0
ARR3,0.34351552,0.0,0.0
ARRB1,0.6036722,1.0,0.0
ARRB2,0.6229087,1.0,0.0
ARSA,0.028776215,0.0,-1.0
ARSF,0.014526586,0.0,0.0
ARSL,0.09339952,0.0,-1.0
ART1,0.01968509,0.0,0.0
ARTN,8.955295e-05,0.0,0.0
ARVCF,0.34291437,0.0,0.0
ASAH1,0.2072132,0.0,-1.0
ASAP1,0.39290926,0.0,-1.0
ASAP2,0.3674559,0.0,-1.0
ASAP3,0.050004467,0.0,0.0
ASB13,0.15094484,0.0,0.0
ASB16-AS1,0.020989586,0.0,0.0
ASB2,0.11588516,0.0,0.0
ASB4,0.04412098,0.0,0.0
ASB6,0.12413217,0.0,0.0
ASB8,0.102266185,0.0,0.0
ASB9,0.050999407,0.0,-1.0
ASCC1,0.04502543,0.0,-1.0
ASCC2,0.5357414,1.0,-1.0
ASCC3,0.09066369,0.0,-1.0
ASCL1,0.15263271,0.0,-1.0
ASCL2,0.101198606,0.0,0.0
ASCL3,0.1278624,0.0,0.0
ASCL4,0.04051161,0.0,0.0
ASF1A,0.5612284,1.0,0.0
ASF1B,0.37866184,0.0,0.0
ASGR1,0.32088265,0.0,0.0
ASGR2,0.18755184,0.0,0.0
ASH1L,0.23124896,0.0,-1.0
ASH2L,0.17016922,0.0,-1.0
ASIC1,0.039340053,0.0,0.0
ASIC2,0.03836398,0.0,0.0
ASIC3,0.118547805,0.0,0.0
ASIP,0.050476264,0.0,0.0
ASL,0.0855758,0.0,-1.0
ASMTL,0.0024358463,0.0,-1.0
ASNS,0.0366648,0.0,-1.0
ASPH,0.004673023,0.0,0.0
ASPM,0.1063495,0.0,-1.0
ASS1,0.12209265,0.0,-1.0
ASXL2,0.28261295,0.0,1.0
ATAD2,0.24880698,0.0,-1.0
ATAD5,0.23591523,0.0,0.0
ATCAY,0.054879386,0.0,-1.0
ATF1,0.46941954,0.0,1.0
ATF2,0.6973964,1.0,-1.0
ATF3,0.33219358,0.0,-1.0
ATF4,0.4614432,0.0,-1.0
ATF5,0.27466848,0.0,-1.0
ATF6,0.16329743,0.0,0.0
ATF6B,0.09047684,0.0,0.0
ATF7,0.16640098,0.0,0.0
ATF7IP,0.53325206,1.0,-1.0
ATF7IP2,0.17445795,0.0,0.0
ATG10,0.07142619,0.0,-1.0
ATG12,0.095241055,0.0,-1.0
ATG16L1,0.04271282,0.0,-1.0
ATG3,0.12799457,0.0,-1.0
ATG4A,0.07796943,0.0,0.0
ATG4B,0.123624235,0.0,-1.0
ATG5,0.056221567,0.0,-1.0
ATG7,0.121353626,0.0,-1.0
ATG9A,0.3627471,0.0,0.0
ATL2,0.076164246,0.0,0.0
ATM,0.9048418,1.0,1.0
ATN1,0.7811564,1.0,-1.0
ATOH1,0.048440147,0.0,0.0
ATOX1,0.15261976,0.0,0.0
ATP1A1,0.31944704,0.0,1.0
ATP1A2,0.038242694,0.0,-1.0
ATP1A3,0.073938824,0.0,-1.0
ATP1B1,0.14594467,0.0,0.0
ATP1B2,0.114770256,0.0,0.0
ATP23,0.048269697,0.0,0.0
ATP2A1,0.26449287,0.0,0.0
ATP2A2,0.3357613,0.0,-1.0
ATP2A3,0.0553037,0.0,0.0
ATP2B1,0.08191148,0.0,0.0
ATP2B2,0.12230812,0.0,0.0
ATP2B4,0.20488964,0.0,-1.0
ATP4B,0.09719378,0.0,0.0
ATP5F1A,0.08795007,0.0,0.0
ATP5F1B,0.079447076,0.0,-1.0
ATP5F1C,0.07112525,0.0,0.0
ATP5IF1,0.07587062,0.0,0.0
ATP5MC3,0.026888313,0.0,0.0
ATP5MF,0.04426069,0.0,0.0
ATP5MG,0.2430603,0.0,0.0
ATP5MK,0.034188677,0.0,0.0
ATP5PD,0.02333104,0.0,-1.0
ATP6AP1,0.18657973,0.0,-1.0
ATP6AP2,0.1344685,0.0,-1.0
ATP6V0A2,0.106785834,0.0,-1.0
ATP6V0A4,0.027827596,0.0,-1.0
ATP6V0C,0.115973234,0.0,0.0
ATP6V0D1,0.041393805,0.0,0.0
ATP6V0E1,0.0070443037,0.0,-1.0
ATP6V1A,0.0780897,0.0,0.0
ATP6V1B1,0.14490715,0.0,-1.0
ATP6V1D,0.05477007,0.0,0.0
ATP6V1E1,0.04181937,0.0,0.0
ATP6V1F,0.048539214,0.0,0.0
ATP6V1G1,0.062281225,0.0,0.0
ATP6V1G2,0.04627353,0.0,-1.0
ATP6V1H,0.0660171,0.0,0.0
ATP7A,0.1337842,0.0,-1.0
ATP7B,0.13522185,0.0,-1.0
ATPAF1,0.07325467,0.0,0.0
ATPAF2,0.08328715,0.0,0.0
ATR,0.78125733,1.0,1.0
ATRAID,0.09886172,0.0,0.0
ATRNL1,0.25312337,0.0,0.0
ATRX,0.46152928,0.0,1.0
ATXN1,0.34700936,0.0,-1.0
ATXN10,0.065183304,0.0,-1.0
ATXN2,0.22372574,0.0,1.0
ATXN2L,0.16686422,0.0,0.0
ATXN3,0.24137616,0.0,-1.0
ATXN7,0.30909708,0.0,1.0
ATXN7L1,0.126007,0.0,0.0
ATXN7L2,0.13062161,0.0,0.0
ATXN7L3,0.15267426,0.0,0.0
AUP1,0.3038549,0.0,0.0
AURKA,0.43646583,0.0,1.0
AURKAIP1,0.1479643,0.0,0.0
AURKB,0.48663878,0.0,1.0
AURKC,0.2560939,0.0,0.0
AVEN,0.18784973,0.0,-1.0
AVIL,0.0658966,0.0,0.0
AVP,0.036413305,0.0,-1.0
AVPR1A,0.0699447,0.0,0.0
AVPR1B,0.029779663,0.0,0.0
AVPR2,0.09125643,0.0,-1.0
AXIN1,0.7145343,1.0,1.0
AXIN2,0.48990607,0.0,1.0
AXL,0.6152693,1.0,1.0
AZGP1,0.10892732,0.0,-1.0
AZI2,0.25061965,0.0,-1.0
AZU1,0.02260206,0.0,0.0
B2M,0.28957224,0.0,1.0
B3GALT4,0.06484927,0.0,0.0
B3GNT2,0.005377351,0.0,-1.0
B3GNT4,0.103071466,0.0,0.0
B3GNTL1,0.016118187,0.0,0.0
B4GALT1,0.121723995,0.0,-1.0
B4GALT3,0.1568545,0.0,-1.0
B9D1,0.034034334,0.0,0.0
BAALC,0.05011916,0.0,-1.0
BAAT,0.070461124,0.0,0.0
BABAM1,0.017463502,0.0,-1.0
BABAM2,0.022691939,0.0,-1.0
BACE1,0.3041017,0.0,0.0
BACE2,0.1260526,0.0,0.0
BACH1,0.22280681,0.0,-1.0
BACH2,0.327775,0.0,1.0
BAD,0.52081066,1.0,-1.0
BAG1,0.6048173,1.0,-1.0
BAG2,0.17994098,0.0,0.0
BAG3,0.25474858,0.0,-1.0
BAG4,0.33632776,0.0,-1.0
BAG6,0.24036196,0.0,0.0
BAHCC1,0.1857183,0.0,0.0
BAHD1,0.18995751,0.0,0.0
BAIAP2,0.5796689,1.0,0.0
BAIAP2L1,0.061979193,0.0,0.0
BAIAP3,0.0872609,0.0,-1.0
BAK1,0.37969676,0.0,-1.0
BAMBI,0.079588674,0.0,0.0
BANF1,0.19368882,0.0,0.0
BANK1,0.34348992,0.0,-1.0
BANP,0.2027173,0.0,0.0
BAP1,0.17139609,0.0,1.0
BARD1,0.5594291,1.0,1.0
BARX2,0.045046516,0.0,0.0
BATF,0.31952116,0.0,-1.0
BATF2,0.06300959,0.0,-1.0
BATF3,0.23901197,0.0,-1.0
BAX,0.510033,1.0,1.0
BAZ1A,0.20475353,0.0,1.0
BAZ1B,0.19446366,0.0,0.0
BAZ2A,0.22988726,0.0,-1.0
BAZ2B,0.2542353,0.0,-1.0
BBC3,0.36675006,0.0,1.0
BBLN,0.045559317,0.0,0.0
BBOX1,0.018677525,0.0,0.0
BBS2,0.124953486,0.0,-1.0
BBS4,0.15885961,0.0,-1.0
BCAM,0.13769132,0.0,0.0
BCAN,0.110045195,0.0,0.0
BCAP29,0.14774215,0.0,0.0
BCAP31,0.40176758,0.0,0.0
BCAR1,0.81801414,1.0,-1.0
BCAR3,0.106013484,0.0,0.0
BCAS1,0.039432168,0.0,0.0
BCAS2,0.3089987,0.0,0.0
BCAT1,0.067445375,0.0,0.0
BCCIP,0.24879393,0.0,0.0
BCHE,0.00072796195,0.0,0.0
BCKDHA,0.0007219054,0.0,-1.0
BCKDHB,0.0007219054,0.0,-1.0
BCKDK,0.07431842,0.0,0.0
BCL10,0.39153996,0.0,1.0
BCL11A,0.3737448,0.0,1.0
BCL11B,0.43220955,0.0,1.0
BCL2,0.84561026,1.0,1.0
BCL2A1,0.43906835,0.0,-1.0
BCL2L1,0.77307016,1.0,-1.0
BCL2L10,0.38919735,0.0,-1.0
BCL2L11,0.45525312,0.0,1.0
BCL2L12,0.069782145,0.0,1.0
BCL2L13,0.044793252,0.0,0.0
BCL2L14,0.15259176,0.0,-1.0
BCL2L2,0.2747567,0.0,-1.0
BCL3,0.65778154,1.0,1.0
BCL6,0.69178236,1.0,1.0
BCL6B,0.29568484,0.0,0.0
BCL7A,0.119013906,0.0,1.0
BCL9,0.5399097,1.0,1.0
BCL9L,0.37228653,0.0,1.0
BCLAF1,0.25981417,0.0,1.0
BCOR,0.5421143,1.0,1.0
BCR,0.73610437,1.0,1.0
BCS1L,0.10461083,0.0,0.0
BDKRB1,0.067332275,0.0,-1.0
BDKRB2,0.21330719,0.0,-1.0
BDNF,0.18732879,0.0,-1.0
BDP1,0.24373776,0.0,0.0
BECN1,0.26430416,0.0,-1.0
BEGAIN,0.37217334,0.0,0.0
BEND2,0.06491468,0.0,0.0
BEND5,0.18957189,0.0,0.0
BEND7,0.18504657,0.0,0.0
BEST1,0.12090277,0.0,-1.0
BET1,0.10682924,0.0,0.0
BET1L,0.008510703,0.0,0.0
BEX1,0.03707128,0.0,-1.0
BEX2,0.063585326,0.0,-1.0
BEX3,0.37820345,0.0,-1.0
BFAR,0.2144407,0.0,0.0
BFSP1,0.040546138,0.0,0.0
BFSP2,0.028837983,0.0,-1.0
BGLAP,0.22689828,0.0,0.0
BGN,0.21844979,0.0,-1.0
BHLHA15,0.10772429,0.0,0.0
BHLHB9,0.11502871,0.0,0.0
BHLHE40,0.23932944,0.0,0.0
BHLHE41,0.09918887,0.0,-1.0
BICD1,0.1514759,0.0,0.0
BICD2,0.22753099,0.0,0.0
BICRAL,0.05038614,0.0,0.0
BID,0.6396504,1.0,-1.0
BIK,0.3028174,0.0,0.0
BIN1,0.64668727,1.0,-1.0
BIRC2,0.5003304,1.0,-1.0
BIRC3,0.43884155,0.0,1.0
BIRC5,0.55356884,1.0,-1.0
BIRC6,0.50435936,1.0,1.0
BIRC7,0.3067802,0.0,-1.0
BIRC8,0.16405956,0.0,-1.0
BLK,0.4515591,0.0,-1.0
BLM,0.7220934,1.0,1.0
BLMH,0.124296434,0.0,0.0
BLNK,0.6395388,1.0,-1.0
BLOC1S1,0.050859388,0.0,0.0
BLOC1S2,0.024480237,0.0,0.0
BLOC1S3,0.015521284,0.0,-1.0
BLOC1S4,0.060572874,0.0,0.0
BLOC1S5,0.03954628,0.0,0.0
BLOC1S6,0.19853544,0.0,-1.0
BLVRB,0.024371255,0.0,0.0
BLZF1,0.09201581,0.0,0.0
BMERB1,0.03151904,0.0,0.0
BMF,0.27736545,0.0,-1.0
BMI1,0.2609736,0.0,-1.0
BMP1,0.36438844,0.0,0.0
BMP15,0.10325238,0.0,-1.0
BMP2,0.2165523,0.0,-1.0
BMP2K,0.11448672,0.0,-1.0
BMP3,0.11702759,0.0,0.0
BMP4,0.089982435,0.0,-1.0
BMP5,0.06957406,0.0,1.0
BMP6,0.21553364,0.0,0.0
BMP7,0.25303057,0.0,-1.0
BMP8B,0.056927584,0.0,0.0
BMPER,0.11941419,0.0,0.0
BMPR1A,0.3072336,0.0,1.0
BMPR1B,0.5005302,1.0,0.0
BMPR2,0.3213372,0.0,-1.0
BMX,0.63637054,1.0,0.0
BNC2,0.27190396,0.0,-1.0
BNIP1,0.08784484,0.0,0.0
BNIP2,0.24981703,0.0,0.0
BNIP3,0.1871545,0.0,-1.0
BNIP3L,0.25582922,0.0,-1.0
BNIPL,0.25377297,0.0,0.0
BOC,0.35540703,0.0,-1.0
BOK,0.14026792,0.0,-1.0
BOLL,0.07977666,0.0,0.0
BOP1,0.008290886,0.0,-1.0
BORA,0.19436066,0.0,-1.0
BORCS5,0.0743135,0.0,0.0
BPGM,0.05315876,0.0,0.0
BPI,0.027116498,0.0,0.0
BPIFA1,0.030655477,0.0,0.0
BPTF,0.3616812,0.0,-1.0
BPY2,0.09198486,0.0,0.0
BPY2B,0.06833373,0.0,0.0
BPY2C,0.09198486,0.0,0.0
BRAF,0.7418608,1.0,1.0
BRAP,0.33473605,0.0,0.0
BRCA1,0.97507477,1.0,1.0
BRCA2,0.76125914,1.0,1.0
BRCC3,0.21502158,0.0,-1.0
BRD1,0.203139,0.0,0.0
BRD2,0.29337388,0.0,-1.0
BRD3,0.21275872,0.0,1.0
BRD4,0.24928589,0.0,1.0
BRD7,0.4575258,0.0,-1.0
BRD8,0.4399161,0.0,-1.0
BRDT,0.08270501,0.0,-1.0
BRF1,0.31220648,0.0,0.0
BRF2,0.13983151,0.0,0.0
BRI3,0.06367598,0.0,0.0
BRINP1,5.0025657e-05,0.0,0.0
BRIP1,0.4792849,0.0,1.0
BRIX1,0.108723566,0.0,-1.0
BRK1,0.23274304,0.0,0.0
BRME1,0.14124446,0.0,0.0
BRMS1,0.5891221,1.0,-1.0
BRMS1L,0.38296956,0.0,0.0
BRSK1,0.29105705,0.0,-1.0
BRSK2,0.21605155,0.0,0.0
BRWD1,0.26287028,0.0,0.0
BSCL2,0.0017409463,0.0,-1.0
BSDC1,0.06865921,0.0,0.0
BSG,0.16997026,0.0,0.0
BSN,0.07675007,0.0,-1.0
BSPRY,0.08530483,0.0,-1.0
BST1,0.069645055,0.0,0.0
BTAF1,0.14551842,0.0,0.0
BTBD1,0.0661945,0.0,0.0
BTBD10,0.29632673,0.0,0.0
BTBD2,0.33112472,0.0,0.0
BTBD3,0.1607922,0.0,0.0
BTC,0.21430114,0.0,-1.0
BTF3,0.13650051,0.0,0.0
BTG1,0.33531567,0.0,1.0
BTG2,0.22256088,0.0,-1.0
BTG3,0.15049878,0.0,0.0
BTK,0.7991169,1.0,1.0
BTLA,0.109462336,0.0,-1.0
BTN1A1,0.024636088,0.0,0.0
BTRC,0.55642056,1.0,-1.0
BUB1,0.54648155,1.0,-1.0
BUB1B,0.5393715,1.0,1.0
BUB3,0.3976503,0.0,0.0
BYSL,0.11902055,0.0,-1.0
C10orf62,0.07006816,0.0,0.0
C10orf82,0.033518206,0.0,0.0
C10orf88,0.09952584,0.0,0.0
C11orf1,0.05456687,0.0,0.0
C11orf16,0.036703676,0.0,0.0
C11orf49,0.14199382,0.0,-1.0
C11orf54,0.066088945,0.0,0.0
C11orf58,0.041506395,0.0,0.0
C11orf65,0.0482448,0.0,0.0
C11orf68,0.039565716,0.0,0.0
C14orf119,0.026972773,0.0,0.0
C15orf39,0.03770808,0.0,0.0
C16orf74,0.053084478,0.0,0.0
C18orf25,0.052128628,0.0,0.0
C18orf54,0.03731945,0.0,0.0
C19orf25,0.04461796,0.0,0.0
C1D,0.36375734,0.0,0.0
C1GALT1C1,0.005377351,0.0,0.0
C1QA,0.15162198,0.0,0.0
C1QB,0.12329744,0.0,0.0
C1QBP,0.5225282,1.0,0.0
C1QC,0.11279245,0.0,0.0
C1QL3,0.1005529,0.0,0.0
C1QTNF1,0.11742884,0.0,-1.0
C1QTNF5,0.4015417,0.0,-1.0
C1R,0.25304013,0.0,0.0
C1RL,0.06654955,0.0,0.0
C1S,0.27966642,0.0,0.0
C1orf116,0.047820546,0.0,0.0
C1orf174,0.09044691,0.0,0.0
C1orf216,0.13700448,0.0,0.0
C1orf35,0.060443603,0.0,0.0
C1orf94,0.10091925,0.0,0.0
C2,0.09141861,0.0,0.0
C20orf27,0.056519702,0.0,0.0
C21orf91,0.035095207,0.0,0.0
C22orf46,0.045238342,0.0,0.0
C2CD2L,0.11165565,0.0,0.0
C2CD6,0.1083874,0.0,-1.0
C2orf88,0.058393013,0.0,0.0
C3,0.24191116,0.0,-1.0
C3AR1,0.049483575,0.0,-1.0
C4A,0.057740487,0.0,-1.0
C4B,0.1969298,0.0,-1.0
C4BPA,0.060093086,0.0,0.0
C4BPB,0.015101963,0.0,0.0
C4orf17,0.12971874,0.0,0.0
C5,0.1692372,0.0,0.0
C5AR1,0.064420514,0.0,0.0
C5AR2,0.04258172,0.0,0.0
C5orf22,0.051017247,0.0,0.0
C6,0.11647954,0.0,0.0
C6orf47,0.08959033,0.0,0.0
C6orf62,0.083008885,0.0,-1.0
C7,0.13049826,0.0,-1.0
C7orf25,0.09360402,0.0,0.0
C7orf26,0.034761254,0.0,0.0
C7orf50,0.035095207,0.0,0.0
C8A,0.112282716,0.0,0.0
C8B,0.14796066,0.0,0.0
C8G,0.037270162,0.0,0.0
C8orf33,0.087323286,0.0,0.0
C8orf48,0.040891044,0.0,0.0
C9,0.16820922,0.0,0.0
C9orf24,0.027634235,0.0,0.0
C9orf78,0.047737345,0.0,-1.0
CA12,0.04076123,0.0,0.0
CA2,0.064503126,0.0,-1.0
CA4,0.027444828,0.0,-1.0
CA6,0.026928557,0.0,0.0
CA8,0.123132326,0.0,0.0
CA9,0.34475586,0.0,0.0
CAAP1,0.104422286,0.0,0.0
CAB39,0.08078715,0.0,0.0
CABIN1,0.17873287,0.0,-1.0
CABLES1,0.48215377,0.0,-1.0
CABLES2,0.28882545,0.0,0.0
CABP1,0.35073826,0.0,0.0
CABP2,0.14936405,0.0,0.0
CABP4,0.0023915125,0.0,0.0
CABYR,0.054360475,0.0,0.0
CACHD1,0.09895594,0.0,-1.0
CACNA1A,0.29279986,0.0,-1.0
CACNA1B,0.22642228,0.0,-1.0
CACNA1C,0.4373374,0.0,-1.0
CACNA1D,0.0862168,0.0,1.0
CACNA1E,0.26146382,0.0,-1.0
CACNA1F,0.0023915125,0.0,-1.0
CACNA1G,0.15262407,0.0,0.0
CACNA1H,0.13764216,0.0,-1.0
CACNA1S,0.31595293,0.0,-1.0
CACNB1,0.1991324,0.0,0.0
CACNB2,0.176953,0.0,-1.0
CACNB3,0.23613816,0.0,0.0
CACNB4,0.23174213,0.0,-1.0
CACNG2,0.21744755,0.0,-1.0
CACNG3,0.08736958,0.0,0.0
CACYBP,0.081775434,0.0,-1.0
CAD,0.19802566,0.0,-1.0
CADM1,0.14824028,0.0,0.0
CADM4,0.114748426,0.0,-1.0
CADPS,0.2671198,0.0,0.0
CADPS2,0.19014795,0.0,-1.0
CALB1,0.08049465,0.0,0.0
CALB2,0.08484105,0.0,-1.0
CALCA,0.07650148,0.0,-1.0
CALCOCO1,0.26693234,0.0,-1.0
CALCOCO2,0.17781167,0.0,0.0
CALCR,0.071149856,0.0,-1.0
CALCRL,0.05937187,0.0,0.0
CALD1,0.16595271,0.0,-1.0
CALM1,0.8389639,1.0,-1.0
CALM2,0.39600205,0.0,-1.0
CALM3,0.46377602,0.0,-1.0
CALML3,0.055155385,0.0,-1.0
CALML5,0.0044747842,0.0,-1.0
CALR,0.52001756,1.0,1.0
CALU,0.05055444,0.0,0.0
CALY,0.025246369,0.0,0.0
CAMK1,0.19546837,0.0,0.0
CAMK1D,0.03503996,0.0,0.0
CAMK2A,0.6061521,1.0,-1.0
CAMK2B,0.22752951,0.0,-1.0
CAMK2D,0.20183164,0.0,-1.0
CAMK2G,0.4481165,0.0,-1.0
CAMK2N1,0.15253168,0.0,0.0
CAMK2N2,0.07112431,0.0,0.0
CAMK4,0.23291914,0.0,-1.0
CAMKK1,0.14776632,0.0,0.0
CAMKK2,0.17469391,0.0,-1.0
CAMKV,0.06849179,0.0,0.0
CAMLG,0.2480831,0.0,0.0
CAMP,0.05905916,0.0,0.0
CAMSAP3,0.12649067,0.0,0.0
CAMTA2,0.20928949,0.0,0.0
CAND1,0.40562373,0.0,0.0
CAND2,0.04659786,0.0,0.0
CANX,0.3268406,0.0,-1.0
CAP1,0.16491894,0.0,0.0
CAP2,0.17442681,0.0,-1.0
CAPG,0.0002491299,0.0,-1.0
CAPN1,0.41593528,0.0,0.0
CAPN2,0.21501385,0.0,0.0
CAPN3,0.121284164,0.0,-1.0
CAPNS1,0.2443304,0.0,0.0
CAPNS2,0.016958293,0.0,0.0
CAPZA1,0.20504212,0.0,0.0
CAPZA2,0.015739141,0.0,0.0
CAPZA3,0.026008788,0.0,0.0
CAPZB,0.14712675,0.0,0.0
CARD10,0.19703746,0.0,-1.0
CARD11,0.31635395,0.0,1.0
CARD14,0.17718811,0.0,-1.0
CARD16,0.14178811,0.0,0.0
CARD17,0.06013315,0.0,0.0
CARD18,0.063262135,0.0,0.0
CARD19,0.048032094,0.0,0.0
CARD6,0.16543189,0.0,-1.0
CARD8,0.22095741,0.0,-1.0
CARD9,0.17746386,0.0,-1.0
CARF,0.15242194,0.0,-1.0
CARHSP1,0.066894636,0.0,0.0
CARM1,0.47896647,0.0,-1.0
CARNS1,0.22390689,0.0,-1.0
CARS1,0.12780155,0.0,1.0
CASC3,0.19097295,0.0,-1.0
CASK,0.60626656,1.0,-1.0
CASKIN1,0.12604982,0.0,-1.0
CASP1,0.71597683,1.0,-1.0
CASP10,0.64760405,1.0,-1.0
CASP14,0.2855602,0.0,0.0
CASP2,0.4151367,0.0,0.0
CASP3,0.9729619,1.0,1.0
CASP4,0.3962574,0.0,0.0
CASP5,0.08246632,0.0,0.0
CASP6,0.61550516,1.0,0.0
CASP7,0.8181946,1.0,-1.0
CASP8,0.8882547,1.0,1.0
CASP8AP2,0.30987749,0.0,-1.0
CASP9,0.7498936,1.0,1.0
CASQ2,0.027761884,0.0,0.0
CASR,0.15251796,0.0,-1.0
CAST,0.42716366,0.0,-1.0
CAT,0.24627343,0.0,-1.0
CATSPER1,0.17534856,0.0,-1.0
CAV1,0.81191087,1.0,-1.0
CAV2,0.2738915,0.0,-1.0
CAV3,0.038452525,0.0,-1.0
CAVIN1,0.29465112,0.0,-1.0
CAVIN2,0.10178227,0.0,0.0
CBFA2T2,0.42847794,0.0,0.0
CBFA2T3,0.40424493,0.0,1.0
CBFB,0.40475395,0.0,1.0
CBL,0.92584443,1.0,1.0
CBLB,0.68613577,1.0,1.0
CBLC,0.27381673,0.0,1.0
CBLIF,0.10360661,0.0,0.0
CBLL1,0.11202293,0.0,0.0
CBLN1,0.040257853,0.0,0.0
CBLN2,0.0086618075,0.0,0.0
CBLN3,0.007166978,0.0,0.0
CBLN4,0.008628876,0.0,0.0
CBR1,0.14881541,0.0,0.0
CBR3,0.13696173,0.0,0.0
CBS,0.13918656,0.0,-1.0
CBWD2,0.031882044,0.0,0.0
CBWD5,0.08043658,0.0,0.0
CBX1,0.30288363,0.0,0.0
CBX2,0.08715242,0.0,-1.0
CBX3,0.29334202,0.0,0.0
CBX4,0.3703168,0.0,-1.0
CBX5,0.4775296,0.0,0.0
CBX7,0.037826248,0.0,-1.0
CBX8,0.31719622,0.0,0.0
CBY1,0.09024435,0.0,0.0
CBY2,0.04280148,0.0,0.0
CC2D1A,0.08664931,0.0,-1.0
CCAR1,0.2715749,0.0,-1.0
CCAR2,0.01725576,0.0,-1.0
CCDC106,0.20144235,0.0,0.0
CCDC107,0.067886256,0.0,-1.0
CCDC112,0.04348393,0.0,0.0
CCDC113,0.13737606,0.0,0.0
CCDC116,0.08490964,0.0,0.0
CCDC120,0.12166794,0.0,-1.0
CCDC127,0.046385694,0.0,0.0
CCDC134,0.021662325,0.0,0.0
CCDC136,0.10584995,0.0,0.0
CCDC137,0.055217642,0.0,0.0
CCDC14,0.07163549,0.0,0.0
CCDC141,0.13722262,0.0,0.0
CCDC158,0.09116304,0.0,0.0
CCDC17,0.18534842,0.0,0.0
CCDC174,0.05808636,0.0,0.0
CCDC181,0.15074919,0.0,0.0
CCDC183,0.110844456,0.0,0.0
CCDC185,0.11537192,0.0,0.0
CCDC197,0.04348018,0.0,0.0
CCDC22,0.18228784,0.0,0.0
CCDC33,0.29890734,0.0,0.0
CCDC42,0.082191005,0.0,0.0
CCDC47,0.08865765,0.0,0.0
CCDC50,0.17954777,0.0,0.0
CCDC6,0.13963298,0.0,1.0
CCDC7,0.078298226,0.0,0.0
CCDC85B,0.14570217,0.0,0.0
CCDC86,0.06562995,0.0,0.0
CCDC87,0.00035820677,0.0,0.0
CCDC88A,0.21048485,0.0,-1.0
CCDC88B,0.099312715,0.0,0.0
CCDC88C,0.103373416,0.0,0.0
CCDC89,0.066838406,0.0,0.0
CCDC90B,0.29067647,0.0,0.0
CCDC91,0.21094798,0.0,0.0
CCDC92,0.13238205,0.0,0.0
CCER1,0.08222239,0.0,-1.0
CCHCR1,0.19794573,0.0,-1.0
CCIN,0.09164938,0.0,0.0
CCK,0.063107856,0.0,-1.0
CCKAR,0.063895516,0.0,0.0
CCKBR,0.08736468,0.0,-1.0
CCL1,0.13400145,0.0,0.0
CCL11,0.08286045,0.0,0.0
CCL13,0.049078777,0.0,0.0
CCL14,0.088358365,0.0,0.0
CCL15,0.09412912,0.0,0.0
CCL16,0.110992365,0.0,0.0
CCL17,0.07994976,0.0,0.0
CCL18,0.18051964,0.0,0.0
CCL19,0.12111482,0.0,0.0
CCL2,0.06655722,0.0,0.0
CCL20,0.008528721,0.0,0.0
CCL21,0.108469,0.0,0.0
CCL22,0.16031532,0.0,0.0
CCL23,0.064006306,0.0,0.0
CCL24,0.023976404,0.0,0.0
CCL25,0.0077304705,0.0,0.0
CCL26,0.055785585,0.0,-1.0
CCL27,0.049932938,0.0,0.0
CCL28,0.04592516,0.0,0.0
CCL3,0.13332905,0.0,-1.0
CCL3L1,0.10200412,0.0,0.0
CCL3L3,0.06814993,0.0,0.0
CCL4,0.08523684,0.0,0.0
CCL5,0.11598902,0.0,0.0
CCL7,0.082162924,0.0,-1.0
CCL8,0.05932928,0.0,0.0
CCN1,0.17461915,0.0,-1.0
CCN2,0.36851728,0.0,-1.0
CCN3,0.39160722,0.0,-1.0
CCN4,0.05706994,0.0,0.0
CCN5,0.087203614,0.0,-1.0
CCNA1,0.5050848,1.0,-1.0
CCNA2,0.7309544,1.0,-1.0
CCNB1,0.69928014,1.0,-1.0
CCNB1IP1,0.13394691,0.0,1.0
CCNB2,0.26861075,0.0,-1.0
CCNB3,0.16826376,0.0,1.0
CCNC,0.20240682,0.0,1.0
CCND1,0.77796626,1.0,1.0
CCND2,0.33025566,0.0,1.0
CCND3,0.4857406,0.0,1.0
CCNDBP1,0.029037202,0.0,0.0
CCNE1,0.7619352,1.0,1.0
CCNE2,0.36157838,0.0,-1.0
CCNF,0.18593517,0.0,-1.0
CCNG1,0.27643612,0.0,-1.0
CCNG2,0.050448827,0.0,0.0
CCNH,0.37352693,0.0,-1.0
CCNK,0.3807417,0.0,0.0
CCNL1,0.113872714,0.0,-1.0
CCNL2,0.20932442,0.0,0.0
CCNO,0.14898027,0.0,0.0
CCNT1,0.19804849,0.0,-1.0
CCNT2,0.19368115,0.0,-1.0
CCNY,0.08353381,0.0,-1.0
CCR1,0.10976606,0.0,-1.0
CCR10,0.08352228,0.0,0.0
CCR2,0.08304199,0.0,-1.0
CCR3,0.044595525,0.0,0.0
CCR4,0.12739424,0.0,1.0
CCR5,0.26928794,0.0,-1.0
CCR6,0.0068370723,0.0,0.0
CCR7,0.15964577,0.0,1.0
CCR8,0.07809769,0.0,0.0
CCR9,0.004455904,0.0,-1.0
CCS,0.08215612,0.0,0.0
CCSER2,0.16055192,0.0,0.0
CCT2,0.13435984,0.0,0.0
CCT3,0.2942968,0.0,0.0
CCT4,0.18138437,0.0,0.0
CCT5,0.24074808,0.0,-1.0
CCT6A,0.08615079,0.0,0.0
CCT7,0.1278042,0.0,0.0
CCT8,0.07935189,0.0,0.0
CD101,0.16860266,0.0,0.0
CD14,0.07458545,0.0,-1.0
CD151,0.26169246,0.0,-1.0
CD163,0.18799347,0.0,0.0
CD177,0.050194766,0.0,0.0
CD180,0.0016159376,0.0,0.0
CD19,0.647529,1.0,-1.0
CD1A,0.11002325,0.0,-1.0
CD1B,0.16411734,0.0,-1.0
CD1D,0.19628444,0.0,-1.0
CD1E,0.106491745,0.0,0.0
CD2,0.563696,1.0,-1.0
CD200,0.14023066,0.0,-1.0
CD200R1,0.10706136,0.0,0.0
CD209,0.1431445,0.0,1.0
CD22,0.56454253,1.0,-1.0
CD226,0.12315014,0.0,0.0
CD24,0.24101393,0.0,-1.0
CD244,0.09843286,0.0,0.0
CD247,0.6688758,1.0,-1.0
CD27,0.08851943,0.0,0.0
CD274,0.00014139168,0.0,1.0
CD28,0.5598573,1.0,1.0
CD2AP,0.56878924,1.0,-1.0
CD2BP2,0.19063824,0.0,-1.0
CD300E,0.044151254,0.0,-1.0
CD300LF,0.20597906,0.0,0.0
CD33,0.19501172,0.0,0.0
CD34,0.07815577,0.0,0.0
CD36,0.40294075,0.0,-1.0
CD38,0.23651734,0.0,-1.0
CD3D,0.43924922,0.0,-1.0
CD3E,0.5492555,1.0,-1.0
CD3G,0.276042,0.0,-1.0
CD4,0.58549416,1.0,-1.0
CD40,0.5175311,1.0,-1.0
CD40LG,0.48853552,0.0,-1.0
CD44,0.53718334,1.0,-1.0
CD46,0.15987279,0.0,-1.0
CD47,0.27965835,0.0,0.0
CD48,0.23699057,0.0,-1.0
CD5,0.5513356,1.0,0.0
CD53,0.22117274,0.0,-1.0
CD55,0.08266386,0.0,-1.0
CD58,0.24418037,0.0,1.0
CD59,0.22483602,0.0,-1.0
CD5L,0.28130707,0.0,0.0
CD6,0.2104163,0.0,-1.0
CD63,0.2220658,0.0,-1.0
CD7,0.061120156,0.0,0.0
CD70,0.037836213,0.0,-1.0
CD72,0.3186692,0.0,0.0
CD74,0.25295994,0.0,1.0
CD79A,0.49293816,0.0,1.0
CD79B,0.5577999,1.0,1.0
CD80,0.28570697,0.0,-1.0
CD81,0.27989858,0.0,-1.0
CD82,0.5133428,1.0,-1.0
CD84,0.014444321,0.0,0.0
CD86,0.26919404,0.0,-1.0
CD8A,0.5292936,1.0,-1.0
CD8B,0.20357229,0.0,-1.0
CD9,0.39241204,0.0,-1.0
CD93,0.15233909,0.0,0.0
CD96,0.13117737,0.0,0.0
CD99,0.11836688,0.0,0.0
CDA,0.052190416,0.0,-1.0
CDAN1,0.048007745,0.0,-1.0
CDC14A,0.16814636,0.0,0.0
CDC14B,0.24279696,0.0,0.0
CDC16,0.36331376,0.0,0.0
CDC20,0.57513595,1.0,-1.0
CDC23,0.15412994,0.0,-1.0
CDC25A,0.7383849,1.0,-1.0
CDC25B,0.59324646,1.0,-1.0
CDC25C,0.6552341,1.0,-1.0
CDC26,0.054466814,0.0,0.0
CDC27,0.39739484,0.0,-1.0
CDC34,0.5169911,1.0,-1.0
CDC37,0.6129067,1.0,-1.0
CDC37L1,0.15332991,0.0,-1.0
CDC40,0.15571691,0.0,0.0
CDC42,0.7878407,1.0,1.0
CDC42BPA,0.30897748,0.0,0.0
CDC42BPG,0.12236267,0.0,-1.0
CDC42EP1,0.13518381,0.0,-1.0
CDC42EP2,0.12211186,0.0,0.0
CDC42EP3,0.09884171,0.0,0.0
CDC42EP4,0.21212251,0.0,0.0
CDC42EP5,0.07025873,0.0,0.0
CDC42SE1,0.10561681,0.0,0.0
CDC42SE2,0.023258038,0.0,0.0
CDC45,0.3431335,0.0,-1.0
CDC5L,0.37764835,0.0,-1.0
CDC6,0.41757512,0.0,-1.0
CDC7,0.39043614,0.0,-1.0
CDC73,0.26667306,0.0,1.0
CDCA3,0.21216531,0.0,0.0
CDCA5,0.08377678,0.0,-1.0
CDCA8,0.22447231,0.0,0.0
CDCP1,0.21514972,0.0,-1.0
CDH1,0.87930655,1.0,1.0
CDH10,0.18459094,0.0,1.0
CDH11,0.24393874,0.0,1.0
CDH12,0.042472135,0.0,-1.0
CDH13,0.0029029935,0.0,-1.0
CDH15,0.53764164,1.0,-1.0
CDH16,0.10123882,0.0,0.0
CDH18,0.06393603,0.0,-1.0
CDH19,0.18534178,0.0,-1.0
CDH2,0.8009499,1.0,-1.0
CDH23,0.17868902,0.0,-1.0
CDH24,0.18189059,0.0,-1.0
CDH3,0.29896772,0.0,-1.0
CDH4,0.33859956,0.0,0.0
CDH5,0.55371714,1.0,0.0
CDH6,0.20250702,0.0,-1.0
CDH7,0.15847538,0.0,0.0
CDH8,0.0999298,0.0,-1.0
CDH9,0.24653147,0.0,-1.0
CDHR2,0.040281866,0.0,-1.0
CDIN1,0.094110705,0.0,0.0
CDK1,0.96739835,1.0,-1.0
CDK10,0.059722196,0.0,0.0
CDK11A,0.18197188,0.0,-1.0
CDK11B,0.32239568,0.0,-1.0
CDK12,0.25097495,0.0,1.0
CDK13,0.081080906,0.0,-1.0
CDK14,0.25792375,0.0,-1.0
CDK16,0.289699,0.0,-1.0
CDK17,0.1826489,0.0,0.0
CDK18,0.17798238,0.0,-1.0
CDK19,0.067098275,0.0,0.0
CDK2,0.8891962,1.0,-1.0
CDK20,0.1450679,0.0,-1.0
CDK2AP1,0.2604445,0.0,-1.0
CDK2AP2,0.17684335,0.0,0.0
CDK3,0.57503784,1.0,0.0
CDK4,0.7203833,1.0,1.0
CDK5,0.79239863,1.0,-1.0
CDK5R1,0.36557424,0.0,-1.0
CDK5R2,0.20366453,0.0,0.0
CDK5RAP1,0.15064222,0.0,0.0
CDK5RAP2,0.312166,0.0,0.0
CDK5RAP3,0.11683406,0.0,0.0
CDK6,0.47581774,0.0,1.0
CDK7,0.3801656,0.0,-1.0
CDK8,0.38926822,0.0,1.0
CDK9,0.5287024,1.0,-1.0
CDKL1,0.11188025,0.0,0.0
CDKL2,0.04613853,0.0,-1.0
CDKN1A,0.8180594,1.0,1.0
CDKN1B,0.7659773,1.0,1.0
CDKN1C,0.40497378,0.0,-1.0
CDKN2A,0.9197593,1.0,1.0
CDKN2AIP,0.21529636,0.0,-1.0
CDKN2B,0.23653781,0.0,1.0
CDKN2C,0.33141458,0.0,1.0
CDKN2D,0.17283984,0.0,-1.0
CDKN3,0.2360307,0.0,-1.0
CDON,0.40231752,0.0,-1.0
CDR2,0.10718757,0.0,0.0
CDSN,0.03779376,0.0,-1.0
CDT1,0.4571319,0.0,-1.0
CDX1,0.13017176,0.0,0.0
CDX2,0.50197667,1.0,1.0
CDX4,0.089174464,0.0,-1.0
CDY1,0.1547782,0.0,0.0
CDYL,0.19321091,0.0,-1.0
CEACAM1,0.29543528,0.0,-1.0
CEACAM3,0.11590142,0.0,0.0
CEACAM5,0.08420266,0.0,-1.0
CEACAM6,0.07093122,0.0,0.0
CEACAM8,0.07093122,0.0,0.0
CEBPA,0.7043201,1.0,1.0
CEBPB,0.86671185,1.0,-1.0
CEBPD,0.40502396,0.0,0.0
CEBPE,0.527322,1.0,-1.0
CEBPG,0.34482864,0.0,0.0
CEBPZ,0.25590876,0.0,-1.0
CECR2,0.21929833,0.0,0.0
CEL,0.001208986,0.0,-1.0
CELA1,0.062116258,0.0,-1.0
CELF1,0.14236574,0.0,-1.0
CELF2,0.31724948,0.0,-1.0
CELF3,0.091304176,0.0,0.0
CELSR1,0.17371945,0.0,0.0
CELSR2,0.37636292,0.0,0.0
CELSR3,0.21305996,0.0,0.0
CEMIP,0.017514504,0.0,-1.0
CEND1,0.034804717,0.0,0.0
CENPA,0.3660211,0.0,-1.0
CENPB,0.24273105,0.0,0.0
CENPBD1P,0.116505235,0.0,0.0
CENPC,0.16426946,0.0,-1.0
CENPE,0.20515358,0.0,0.0
CENPF,0.41628382,0.0,-1.0
CENPH,0.00059484434,0.0,0.0
CENPJ,0.3089169,0.0,-1.0
CENPK,0.095879935,0.0,0.0
CENPO,0.07851813,0.0,0.0
CENPT,0.13867953,0.0,0.0
CENPU,0.3123499,0.0,0.0
CENPX,0.14112586,0.0,0.0
CEP126,0.4255436,0.0,0.0
CEP135,0.12617137,0.0,0.0
CEP152,0.17696247,0.0,-1.0
CEP162,0.09638113,0.0,0.0
CEP170,0.2063074,0.0,-1.0
CEP19,0.009140975,0.0,-1.0
CEP192,0.08272766,0.0,-1.0
CEP250,0.19042023,0.0,0.0
CEP350,0.17991854,0.0,0.0
CEP43,0.14728168,0.0,1.0
CEP44,0.07725806,0.0,0.0
CEP55,0.3596354,0.0,0.0
CEP57,0.12571578,0.0,-1.0
CEP63,0.13705406,0.0,0.0
CEP70,0.21727143,0.0,0.0
CEP72,0.37689033,0.0,-1.0
CEP76,0.15935005,0.0,-1.0
CEP95,0.039428197,0.0,0.0
CERS2,0.11649626,0.0,0.0
CERT1,0.19799982,0.0,0.0
CES1,0.033249732,0.0,0.0
CETN1,0.04510988,0.0,0.0
CETN2,0.10123674,0.0,0.0
CETN3,0.09499809,0.0,-1.0
CETP,0.12096456,0.0,-1.0
CFAP20,0.04529644,0.0,-1.0
CFAP206,0.1423225,0.0,0.0
CFAP298-TCP10L,0.038744185,0.0,0.0
CFAP52,0.2006951,0.0,0.0
CFAP53,0.04869676,0.0,0.0
CFAP57,0.101097986,0.0,0.0
CFAP91,0.03943938,0.0,0.0
CFB,0.10514376,0.0,-1.0
CFD,0.027163181,0.0,-1.0
CFDP1,0.093122624,0.0,0.0
CFH,0.110986605,0.0,-1.0
CFHR1,0.06329551,0.0,0.0
CFHR3,0.034295432,0.0,0.0
CFHR4,0.09897026,0.0,0.0
CFHR5,0.072220474,0.0,-1.0
CFI,0.1529709,0.0,-1.0
CFL1,0.23042014,0.0,0.0
CFL2,0.15492786,0.0,-1.0
CFLAR,0.6484741,1.0,-1.0
CFP,0.14036204,0.0,-1.0
CFTR,0.2792864,0.0,-1.0
CGA,0.11943847,0.0,0.0
CGB3,0.08924803,0.0,0.0
CGB5,0.054554347,0.0,-1.0
CGGBP1,0.04814641,0.0,0.0
CGN,0.20524997,0.0,0.0
CHAC1,0.04544475,0.0,0.0
CHAD,0.033139106,0.0,0.0
CHAF1A,0.4948838,0.0,0.0
CHAF1B,0.3369295,0.0,-1.0
CHAT,0.29136536,0.0,-1.0
CHCHD3,0.062958285,0.0,0.0
CHD1,0.32505056,0.0,-1.0
CHD3,0.67007667,1.0,-1.0
CHD4,0.5743009,1.0,1.0
CHD6,0.26068404,0.0,-1.0
CHD8,0.24388239,0.0,-1.0
CHD9,0.3925084,0.0,-1.0
CHEK1,0.7762889,1.0,1.0
CHEK2,0.77480507,1.0,1.0
CHFR,0.27412772,0.0,-1.0
CHGA,0.00057962333,0.0,-1.0
CHGB,0.16622643,0.0,0.0
CHIC2,0.16945533,0.0,-1.0
CHID1,0.00337642,0.0,0.0
CHKA,0.10267081,0.0,-1.0
CHM,0.20523188,0.0,-1.0
CHML,0.17850265,0.0,0.0
CHMP1A,0.07667479,0.0,0.0
CHMP1B,0.035893463,0.0,0.0
CHMP2A,0.079999514,0.0,0.0
CHMP2B,0.10454114,0.0,-1.0
CHMP3,0.16782567,0.0,0.0
CHMP4A,0.0772891,0.0,0.0
CHMP4B,0.19078799,0.0,0.0
CHMP4C,0.11543933,0.0,0.0
CHMP5,0.08180455,0.0,0.0
CHMP6,0.032504298,0.0,0.0
CHMP7,0.022901041,0.0,0.0
CHN1,0.31045422,0.0,-1.0
CHN2,0.15726513,0.0,0.0
CHORDC1,0.18259764,0.0,0.0
CHPF,0.20496148,0.0,0.0
CHRAC1,0.072840475,0.0,0.0
CHRD,0.13090833,0.0,0.0
CHRDL1,0.027611542,0.0,0.0
CHRDL2,0.1893363,0.0,0.0
CHRM1,0.035800252,0.0,0.0
CHRM2,0.021188589,0.0,0.0
CHRM3,0.1836431,0.0,0.0
CHRM4,0.05310126,0.0,0.0
CHRM5,0.034915365,0.0,-1.0
CHRNA1,0.015162147,0.0,-1.0
CHRNA2,0.0147619555,0.0,-1.0
CHRNA3,0.06216714,0.0,0.0
CHRNA4,0.09973175,0.0,-1.0
CHRNA5,0.03190507,0.0,0.0
CHRNA7,0.21725707,0.0,0.0
CHRNB1,0.05936,0.0,-1.0
CHRNB2,0.027533196,0.0,-1.0
CHRNB4,0.02084169,0.0,-1.0
CHRND,0.07312195,0.0,-1.0
CHRNE,0.024338882,0.0,-1.0
CHRNG,0.0066645956,0.0,0.0
CHST1,0.18922654,0.0,-1.0
CHST15,0.11118563,0.0,0.0
CHST4,0.027017262,0.0,0.0
CHST9,0.0833244,0.0,0.0
CHTF18,0.14266728,0.0,-1.0
CHTF8,0.13765895,0.0,-1.0
CHUK,0.8568856,1.0,-1.0
CIAO1,0.039813556,0.0,0.0
CIAO2A,0.038932834,0.0,-1.0
CIAO2B,0.031735513,0.0,0.0
CIAPIN1,0.09354186,0.0,0.0
CIB1,0.50098175,1.0,0.0
CIB2,0.0686923,0.0,0.0
CIC,0.23463403,0.0,1.0
CIDEA,0.12153977,0.0,0.0
CIDEB,0.10076381,0.0,0.0
CIITA,0.41253933,0.0,1.0
CILK1,0.07495888,0.0,-1.0
CINP,0.15510024,0.0,0.0
CIP2A,0.14202102,0.0,-1.0
CIR1,0.39011917,0.0,0.0
CIRBP,0.14172348,0.0,-1.0
CISH,0.38839048,0.0,0.0
CIT,0.31098002,0.0,0.0
CITED1,0.31947342,0.0,0.0
CITED2,0.45922133,0.0,-1.0
CITED4,0.27950498,0.0,-1.0
CIZ1,0.08538862,0.0,-1.0
CKAP2,0.17668556,0.0,0.0
CKAP4,0.13613236,0.0,0.0
CKAP5,0.37558857,0.0,0.0
CKB,0.03644792,0.0,0.0
CKM,0.08286421,0.0,0.0
CKMT1A,0.026636243,0.0,0.0
CKMT1B,0.03327078,0.0,0.0
CKMT2,0.12774207,0.0,0.0
CKS1B,0.26623178,0.0,-1.0
CKS2,0.16740704,0.0,-1.0
CLASP1,0.18767647,0.0,-1.0
CLASP2,0.23766531,0.0,-1.0
CLASRP,0.14479631,0.0,0.0
CLCA1,0.044294473,0.0,0.0
CLCA2,0.043738462,0.0,0.0
CLCF1,0.022187022,0.0,0.0
CLCN3,0.13246098,0.0,0.0
CLCN5,0.21824582,0.0,-1.0
CLCN7,0.06600382,0.0,-1.0
CLDN1,0.19642463,0.0,-1.0
CLDN11,0.08642534,0.0,-1.0
CLDN12,0.039250158,0.0,-1.0
CLDN16,0.009842051,0.0,-1.0
CLDN2,0.059553303,0.0,-1.0
CLDN3,0.18472372,0.0,-1.0
CLDN4,0.07910265,0.0,-1.0
CLDN5,0.2289692,0.0,-1.0
CLDN6,0.09454242,0.0,-1.0
CLDN7,0.07248105,0.0,-1.0
CLDN8,0.009019709,0.0,-1.0
CLEC11A,0.11599309,0.0,0.0
CLEC1B,0.029942818,0.0,-1.0
CLEC2D,0.02459145,0.0,0.0
CLEC3B,0.12300444,0.0,0.0
CLEC4A,0.071005136,0.0,0.0
CLEC4F,0.03190183,0.0,0.0
CLEC4M,0.091175914,0.0,0.0
CLEC5A,0.032159872,0.0,0.0
CLGN,0.025895618,0.0,0.0
CLIC1,0.13893709,0.0,-1.0
CLIC2,0.0764967,0.0,0.0
CLIC3,0.12249172,0.0,0.0
CLIC4,0.14838898,0.0,-1.0
CLIC5,0.24598926,0.0,-1.0
CLIC6,0.10045428,0.0,0.0
CLINT1,0.2677926,0.0,0.0
CLIP1,0.33229458,0.0,1.0
CLIP2,0.16315788,0.0,-1.0
CLK1,0.14024037,0.0,0.0
CLK2,0.16131477,0.0,0.0
CLK3,0.09092541,0.0,-1.0
CLK4,0.08289031,0.0,-1.0
CLNK,0.06509066,0.0,0.0
CLNS1A,0.304787,0.0,0.0
CLOCK,0.27137917,0.0,0.0
CLP1,0.1465962,0.0,-1.0
CLPB,0.16090855,0.0,0.0
CLPP,0.00078005897,0.0,0.0
CLPS,0.0027238,0.0,0.0
CLPX,0.00078005897,0.0,0.0
CLSPN,0.49123725,0.0,-1.0
CLSTN1,0.43832168,0.0,0.0
CLSTN3,0.25805762,0.0,0.0
CLTA,0.28578678,0.0,0.0
CLTB,0.252155,0.0,0.0
CLTC,0.74991435,1.0,1.0
CLTCL1,0.25602528,0.0,1.0
CLU,0.3028462,0.0,-1.0
CLUAP1,0.14993969,0.0,-1.0
CLUH,0.021913815,0.0,0.0
CMA1,0.03225586,0.0,0.0
CMAS,0.1642393,0.0,0.0
CMKLR1,0.0826486,0.0,-1.0
CMKLR2,0.0784699,0.0,0.0
CMPK1,0.14072962,0.0,0.0
CMTM3,0.195368,0.0,0.0
CMTM8,0.019765371,0.0,0.0
CMYA5,0.06635449,0.0,0.0
CNBP,0.090575345,0.0,1.0
CNDP1,0.059187915,0.0,0.0
CNDP2,0.07472718,0.0,-1.0
CNGA1,0.015494167,0.0,-1.0
CNGA2,0.086478174,0.0,0.0
CNGB1,0.1900196,0.0,-1.0
CNKSR1,0.49651086,0.0,-1.0
CNKSR2,0.25713775,0.0,0.0
CNKSR3,0.09314968,0.0,0.0
CNMD,0.06158054,0.0,0.0
CNN1,0.16102773,0.0,0.0
CNN2,0.06384392,0.0,0.0
CNN3,0.0445586,0.0,0.0
CNNM3,0.09634248,0.0,0.0
CNOT1,0.39482406,0.0,-1.0
CNOT10,0.01566029,0.0,0.0
CNOT2,0.2192365,0.0,0.0
CNOT3,0.2504363,0.0,1.0
CNOT4,0.212929,0.0,0.0
CNOT6,0.041449524,0.0,0.0
CNOT7,0.20545204,0.0,0.0
CNOT8,0.16515414,0.0,0.0
CNOT9,0.1553529,0.0,-1.0
CNP,0.17311314,0.0,0.0
CNPY2,0.12935978,0.0,0.0
CNPY4,0.102156214,0.0,0.0
CNR1,0.06745092,0.0,0.0
CNR2,0.18382935,0.0,-1.0
CNST,0.14917006,0.0,0.0
CNTF,0.26663783,0.0,0.0
CNTFR,0.08107735,0.0,0.0
CNTN1,0.26825783,0.0,-1.0
CNTN2,0.21542752,0.0,0.0
CNTNAP1,0.25564975,0.0,-1.0
CNTNAP2,0.24427427,0.0,-1.0
CNTNAP3,0.04929384,0.0,-1.0
CNTNAP4,0.116597556,0.0,0.0
CNTRL,0.05770436,0.0,1.0
CNTROB,0.20873137,0.0,0.0
COASY,0.1772367,0.0,0.0
COG1,0.08044712,0.0,-1.0
COG2,0.07512818,0.0,0.0
COG3,0.05970354,0.0,0.0
COG4,0.07667863,0.0,-1.0
COG5,0.07956994,0.0,-1.0
COG7,0.091720514,0.0,-1.0
COIL,0.51427364,1.0,-1.0
COL10A1,0.016097987,0.0,-1.0
COL11A1,0.028912378,0.0,-1.0
COL13A1,0.37192246,0.0,0.0
COL14A1,0.1441331,0.0,-1.0
COL17A1,0.40561324,0.0,-1.0
COL18A1,0.22711724,0.0,-1.0
COL1A1,0.49574348,0.0,1.0
COL1A2,0.28560007,0.0,-1.0
COL20A1,0.11666277,0.0,0.0
COL23A1,0.064982966,0.0,0.0
COL25A1,0.0628271,0.0,-1.0
COL26A1,0.24085107,0.0,0.0
COL2A1,0.3924946,0.0,1.0
COL3A1,0.24011043,0.0,-1.0
COL4A1,0.09804825,0.0,-1.0
COL4A2,0.2204495,0.0,-1.0
COL4A3,0.1403753,0.0,-1.0
COL4A4,0.15094674,0.0,-1.0
COL4A5,0.12681869,0.0,-1.0
COL4A6,0.1200841,0.0,-1.0
COL5A1,0.23172165,0.0,-1.0
COL5A2,0.12658389,0.0,-1.0
COL5A3,0.32860222,0.0,-1.0
COL6A1,0.18012556,0.0,-1.0
COL6A2,0.14519052,0.0,-1.0
COL6A3,0.056029458,0.0,-1.0
COL7A1,0.2038854,0.0,-1.0
COL8A1,0.24648276,0.0,0.0
COL8A2,0.200335,0.0,-1.0
COL9A1,0.12081184,0.0,-1.0
COL9A2,0.22239213,0.0,-1.0
COL9A3,0.21357626,0.0,-1.0
COLQ,0.001376163,0.0,-1.0
COMMD1,0.025127733,0.0,0.0
COMMD10,0.036957186,0.0,0.0
COMMD2,0.055568315,0.0,0.0
COMMD3,0.061912835,0.0,0.0
COMMD4,0.061835423,0.0,0.0
COMMD5,0.05775115,0.0,0.0
COMMD6,0.014877312,0.0,0.0
COMMD7,0.046476033,0.0,0.0
COMMD8,0.074630655,0.0,0.0
COMP,0.07971787,0.0,-1.0
COMT,0.05907268,0.0,0.0
COP1,0.2224834,0.0,1.0
COPA,0.24480905,0.0,0.0
COPB1,0.21617305,0.0,0.0
COPB2,0.26790306,0.0,-1.0
COPE,0.11907028,0.0,0.0
COPG1,0.11194297,0.0,0.0
COPG2,0.079789855,0.0,0.0
COPS2,0.57886523,1.0,-1.0
COPS3,0.4886611,0.0,0.0
COPS4,0.19604838,0.0,0.0
COPS5,0.7486946,1.0,0.0
COPS6,0.43706438,0.0,0.0
COPS7A,0.40152368,0.0,0.0
COPS7B,0.12812997,0.0,0.0
COPS8,0.35690576,0.0,0.0
COPZ1,0.040666495,0.0,0.0
COPZ2,0.05099444,0.0,0.0
COQ6,0.09638836,0.0,0.0
COQ8A,0.044702,0.0,-1.0
COQ9,0.085602544,0.0,0.0
CORO1A,0.09821881,0.0,-1.0
CORO1B,0.057220772,0.0,0.0
CORO2A,0.3238482,0.0,-1.0
CORO2B,0.20330994,0.0,-1.0
CORT,0.039350346,0.0,0.0
COTL1,0.039944205,0.0,-1.0
COX17,0.12246141,0.0,0.0
COX4I2,0.014299223,0.0,-1.0
COX5A,0.102075204,0.0,0.0
COX5B,0.066751555,0.0,0.0
COX6C,0.016970737,0.0,-1.0
COX7A2L,0.057048462,0.0,0.0
CP,0.028575322,0.0,0.0
CPAMD8,0.103871375,0.0,0.0
CPB2,0.065563545,0.0,0.0
CPE,0.2730102,0.0,0.0
CPEB1,0.19966869,0.0,-1.0
CPLANE2,0.00046846984,0.0,0.0
CPLX1,0.0504467,0.0,0.0
CPLX2,0.04609911,0.0,-1.0
CPM,0.012600394,0.0,-1.0
CPN1,0.035971284,0.0,0.0
CPN2,0.022550669,0.0,0.0
CPNE1,0.4093161,0.0,-1.0
CPNE2,0.21892975,0.0,0.0
CPNE3,0.037616953,0.0,0.0
CPNE4,0.34301814,0.0,0.0
CPNE6,0.14323731,0.0,0.0
CPNE7,0.028560475,0.0,0.0
CPS1,0.20850252,0.0,-1.0
CPSF1,0.14810456,0.0,0.0
CPSF2,0.07532858,0.0,0.0
CPSF3,0.23970921,0.0,0.0
CPSF4,0.025353301,0.0,0.0
CPSF6,0.15514937,0.0,0.0
CPSF7,0.2295876,0.0,0.0
CPT1A,0.097299606,0.0,0.0
CPXM2,0.34339443,0.0,-1.0
CR1,0.11166583,0.0,-1.0
CR2,0.15530097,0.0,-1.0
CRABP1,0.07673436,0.0,-1.0
CRABP2,0.05810001,0.0,-1.0
CRACR2A,0.07242443,0.0,0.0
CRADD,0.19823012,0.0,-1.0
CRB2,0.1801596,0.0,-1.0
CRB3,0.14472471,0.0,-1.0
CRCP,0.015278079,0.0,0.0
CRCT1,0.18550386,0.0,0.0
CREB1,0.72952414,1.0,1.0
CREB3,0.2529527,0.0,-1.0
CREB3L1,0.10111888,0.0,1.0
CREB3L3,0.12751217,0.0,-1.0
CREB5,0.14313285,0.0,-1.0
CREBBP,0.99386775,1.0,1.0
CREBZF,0.18165737,0.0,-1.0
CREG1,0.23690315,0.0,-1.0
CRELD1,0.14378285,0.0,-1.0
CRELD2,0.07167643,0.0,-1.0
CREM,0.37943068,0.0,0.0
CRH,0.033981327,0.0,0.0
CRHBP,0.0072303475,0.0,0.0
CRHR1,0.04283717,0.0,0.0
CRHR2,0.017663136,0.0,0.0
CRIP1,0.086255096,0.0,0.0
CRIP2,0.3162384,0.0,-1.0
CRIPAK,0.046515945,0.0,0.0
CRIPT,0.13086319,0.0,0.0
CRISP3,0.0003489699,0.0,0.0
CRK,0.8680725,1.0,-1.0
CRKL,0.842844,1.0,1.0
CRLF1,0.022187022,0.0,0.0
CRLF2,0.33469325,0.0,1.0
CRLS1,0.077305324,0.0,0.0
CRMP1,0.5765341,1.0,0.0
CRNKL1,0.22877225,0.0,1.0
CROCC,0.19998163,0.0,0.0
CRP,0.17753796,0.0,-1.0
CRTC1,0.09417944,0.0,1.0
CRTC2,0.13761322,0.0,-1.0
CRTC3,0.19014376,0.0,1.0
CRX,0.14978917,0.0,-1.0
CRY1,0.38267335,0.0,0.0
CRY2,0.3671694,0.0,0.0
CRYAA,0.17860056,0.0,-1.0
CRYAB,0.27140614,0.0,-1.0
CRYBA1,0.08377846,0.0,0.0
CRYBA2,0.09893307,0.0,0.0
CRYBA4,0.074259594,0.0,0.0
CRYBB1,0.10790587,0.0,0.0
CRYBB2,0.1878152,0.0,0.0
CRYBB3,0.097079694,0.0,0.0
CRYGC,0.1944966,0.0,-1.0
CRYZ,0.040925,0.0,0.0
CS,0.23367433,0.0,-1.0
CSDE1,0.13177638,0.0,-1.0
CSE1L,0.36595535,0.0,-1.0
CSF1,0.36116454,0.0,-1.0
CSF1R,0.64199793,1.0,1.0
CSF2,0.23926961,0.0,-1.0
CSF2RA,0.38715744,0.0,-1.0
CSF2RB,0.7435796,1.0,-1.0
CSF3,0.07930282,0.0,0.0
CSF3R,0.45215294,0.0,1.0
CSH1,0.29403815,0.0,-1.0
CSH2,0.14754428,0.0,0.0
CSK,0.7236214,1.0,0.0
CSN1S1,0.10266119,0.0,0.0
CSN2,0.05653788,0.0,0.0
CSN3,0.03594799,0.0,0.0
CSNK1A1,0.73469335,1.0,-1.0
CSNK1A1L,0.05792602,0.0,-1.0
CSNK1D,0.5748771,1.0,-1.0
CSNK1E,0.7255976,1.0,-1.0
CSNK1G1,0.18424572,0.0,0.0
CSNK1G2,0.18647611,0.0,0.0
CSNK1G3,0.04671141,0.0,0.0
CSNK2A1,0.9585448,1.0,-1.0
CSNK2A2,0.75180346,1.0,-1.0
CSNK2B,0.568726,1.0,-1.0
CSPG4,0.31435916,0.0,-1.0
CSPG5,0.084163874,0.0,0.0
CSRNP2,0.053714383,0.0,0.0
CSRP1,0.03617175,0.0,0.0
CSRP2,0.077989824,0.0,0.0
CSRP3,0.08537127,0.0,-1.0
CST3,0.15029335,0.0,-1.0
CST5,0.06764708,0.0,0.0
CST7,0.05895733,0.0,0.0
CSTA,0.054619364,0.0,-1.0
CSTB,0.1316244,0.0,-1.0
CSTF1,0.21753897,0.0,0.0
CSTF2,0.2027092,0.0,0.0
CSTF2T,0.05936413,0.0,0.0
CSTF3,0.13491473,0.0,0.0
CTAG1B,0.080473274,0.0,0.0
CTBP1,0.5852708,1.0,-1.0
CTBP1-DT,0.042172473,0.0,0.0
CTBP2,0.4875131,0.0,-1.0
CTCF,0.34687486,0.0,1.0
CTDP1,0.23520784,0.0,-1.0
CTDSP1,0.24611893,0.0,-1.0
CTDSP2,0.097734064,0.0,0.0
CTDSPL,0.09802159,0.0,-1.0
CTF1,0.18721062,0.0,0.0
CTLA4,0.5096371,1.0,1.0
CTNNA1,0.590117,1.0,-1.0
CTNNA2,0.45321035,0.0,1.0
CTNNA3,0.09283767,0.0,-1.0
CTNNAL1,0.2868983,0.0,0.0
CTNNB1,0.9912505,1.0,1.0
CTNNBIP1,0.39286506,0.0,-1.0
CTNNBL1,0.11339998,0.0,0.0
CTNND1,0.699056,1.0,1.0
CTNND2,0.6181715,1.0,1.0
CTPS1,0.04529644,0.0,0.0
CTPS2,0.07380757,0.0,0.0
CTR9,0.16846837,0.0,1.0
CTRB1,0.021668946,0.0,0.0
CTRC,0.0499238,0.0,0.0
CTRL,0.018839262,0.0,0.0
CTSA,0.14620262,0.0,-1.0
CTSB,0.28003743,0.0,-1.0
CTSC,0.05902467,0.0,-1.0
CTSD,0.31137595,0.0,-1.0
CTSE,0.10106982,0.0,0.0
CTSF,0.14957823,0.0,0.0
CTSG,0.22760375,0.0,0.0
CTSH,0.16677259,0.0,-1.0
CTSK,0.18484311,0.0,-1.0
CTSL,0.18210211,0.0,-1.0
CTSS,0.25913572,0.0,-1.0
CTTN,0.47894996,0.0,-1.0
CTTNBP2,0.1878981,0.0,0.0
CUBN,0.23754331,0.0,-1.0
CUEDC1,0.037618663,0.0,-1.0
CUEDC2,0.16062163,0.0,0.0
CUL1,0.67581725,1.0,-1.0
CUL2,0.14810151,0.0,-1.0
CUL3,0.51430815,1.0,1.0
CUL4A,0.42941627,0.0,-1.0
CUL4B,0.4236989,0.0,-1.0
CUL5,0.42354566,0.0,-1.0
CUL7,0.25118044,0.0,-1.0
CUL9,0.2817662,0.0,-1.0
CUTC,0.15938005,0.0,0.0
CUX1,0.4094956,0.0,1.0
CUX2,0.16041161,0.0,0.0
CUZD1,0.16045624,0.0,0.0
CWC22,0.114282824,0.0,-1.0
CWC25,0.035095207,0.0,0.0
CWF19L1,0.057081506,0.0,0.0
CX3CL1,0.00081074843,0.0,-1.0
CX3CR1,0.00081074843,0.0,-1.0
CXADR,0.14612974,0.0,-1.0
CXCL1,0.041186206,0.0,-1.0
CXCL10,0.04521248,0.0,-1.0
CXCL11,0.038580816,0.0,0.0
CXCL12,0.16824903,0.0,-1.0
CXCL13,0.043738663,0.0,0.0
CXCL16,9.505086e-05,0.0,0.0
CXCL2,0.056441586,0.0,-1.0
CXCL3,0.047459878,0.0,-1.0
CXCL5,0.050438453,0.0,-1.0
CXCL6,0.055502616,0.0,0.0
CXCL8,0.10242007,0.0,-1.0
CXCL9,0.041006226,0.0,0.0
CXCR1,0.029915102,0.0,-1.0
CXCR2,0.08507369,0.0,-1.0
CXCR3,0.04875469,0.0,-1.0
CXCR4,0.6553161,1.0,1.0
CXCR5,0.02918679,0.0,0.0
CXCR6,9.505086e-05,0.0,0.0
CXXC1,0.10881611,0.0,0.0
CXXC4,0.053377036,0.0,-1.0
CXXC5,0.22478813,0.0,-1.0
CYB561D2,0.05545289,0.0,0.0
CYB5A,0.14813367,0.0,-1.0
CYB5R1,0.0632997,0.0,0.0
CYB5R2,0.102987595,0.0,0.0
CYB5R3,0.0354849,0.0,-1.0
CYBA,0.12787704,0.0,0.0
CYBB,0.24769028,0.0,-1.0
CYC1,0.08252002,0.0,0.0
CYCS,0.13519935,0.0,-1.0
CYFIP1,0.19263613,0.0,-1.0
CYFIP2,0.4373179,0.0,0.0
CYHR1,0.049169943,0.0,0.0
CYLD,0.23281312,0.0,1.0
CYP11A1,0.33563337,0.0,0.0
CYP11B1,0.29416916,0.0,-1.0
CYP11B2,0.38330817,0.0,-1.0
CYP17A1,0.14802213,0.0,-1.0
CYP19A1,0.13393341,0.0,1.0
CYP1A1,0.11088563,0.0,-1.0
CYP1A2,0.031751107,0.0,0.0
CYP2C19,0.054268677,0.0,0.0
CYP2C9,0.07098397,0.0,-1.0
CYP2E1,0.04953808,0.0,-1.0
CYP3A4,2.7893895e-05,0.0,0.0
CYTH1,0.13245079,0.0,0.0
CYTH2,0.14559875,0.0,0.0
CYTH3,0.10655874,0.0,0.0
CYTIP,0.122496046,0.0,0.0
CZIB,0.06604225,0.0,0.0
DAAM1,0.19547322,0.0,-1.0
DAB1,0.542227,1.0,-1.0
DAB2,0.5582811,1.0,-1.0
DAB2IP,0.13589196,0.0,-1.0
DACH1,0.42632642,0.0,-1.0
DACH2,0.052257273,0.0,-1.0
DAD1,0.07927869,0.0,0.0
DAG1,0.27702767,0.0,-1.0
DAGLB,0.02320959,0.0,0.0
DAO,0.0749166,0.0,-1.0
DAOA,0.06911961,0.0,0.0
DAP,0.023740388,0.0,-1.0
DAP3,0.4077205,0.0,0.0
DAPK1,0.23205821,0.0,-1.0
DAPK2,0.07737133,0.0,-1.0
DAPK3,0.32414103,0.0,-1.0
DAPP1,0.36486414,0.0,0.0
DARS1,0.06723529,0.0,0.0
DAXX,0.830488,1.0,1.0
DAZ1,0.12751797,0.0,-1.0
DAZ3,0.07649775,0.0,-1.0
DAZ4,0.089425094,0.0,-1.0
DAZAP1,0.10880746,0.0,-1.0
DAZAP2,0.3292115,0.0,0.0
DAZL,0.105806544,0.0,0.0
DBF4,0.25604683,0.0,0.0
DBF4B,0.13052529,0.0,0.0
DBH,0.012792531,0.0,0.0
DBI,0.038923096,0.0,-1.0
DBN1,0.12015057,0.0,-1.0
DBNDD2,0.02936314,0.0,0.0
DBNL,0.28556964,0.0,0.0
DBP,0.07170357,0.0,0.0
DCAF1,0.059462585,0.0,-1.0
DCAF10,0.065792724,0.0,0.0
DCAF11,0.14882529,0.0,0.0
DCAF12,0.1105273,0.0,0.0
DCAF6,0.2890193,0.0,0.0
DCAF7,0.14906704,0.0,0.0
DCAF8,0.10546462,0.0,0.0
DCC,0.45447823,0.0,1.0
DCK,0.105553985,0.0,-1.0
DCLRE1A,0.29190803,0.0,-1.0
DCLRE1C,0.476702,0.0,-1.0
DCN,0.20780572,0.0,-1.0
DCP1A,0.17270556,0.0,0.0
DCP1B,0.2270456,0.0,0.0
DCP2,0.19739121,0.0,0.0
DCTD,0.15842524,0.0,-1.0
DCTN1,0.52324146,1.0,1.0
DCTN2,0.2022323,0.0,0.0
DCTN3,0.108237185,0.0,0.0
DCTN4,0.123321034,0.0,0.0
DCTN5,0.054379698,0.0,0.0
DCTPP1,0.09879157,0.0,0.0
DCUN1D1,0.23898992,0.0,1.0
DCX,0.24725163,0.0,-1.0
DDAH2,0.096723914,0.0,0.0
DDB1,0.35887003,0.0,0.0
DDB2,0.3364895,0.0,1.0
DDC,0.14850684,0.0,-1.0
DDI1,0.16281249,0.0,0.0
DDIT3,0.34352022,0.0,1.0
DDIT4,0.057794467,0.0,-1.0
DDIT4L,0.05195896,0.0,0.0
DDN,0.021256596,0.0,0.0
DDO,0.035761196,0.0,0.0
DDR1,0.19763981,0.0,-1.0
DDR2,0.19353646,0.0,1.0
DDX1,0.17876753,0.0,-1.0
DDX11,0.09549077,0.0,0.0
DDX17,0.3902393,0.0,-1.0
DDX18,0.17140348,0.0,-1.0
DDX19A,0.07594293,0.0,0.0
DDX19B,0.08174622,0.0,0.0
DDX20,0.35071728,0.0,-1.0
DDX21,0.14147621,0.0,0.0
DDX24,0.26277685,0.0,0.0
DDX27,0.06117521,0.0,-1.0
DDX39A,0.049034756,0.0,0.0
DDX39B,0.09105879,0.0,0.0
DDX3X,0.1982456,0.0,1.0
DDX3Y,0.026262447,0.0,-1.0
DDX4,0.18540806,0.0,1.0
DDX42,0.039568286,0.0,0.0
DDX49,0.095031865,0.0,0.0
DDX5,0.32680276,0.0,1.0
DDX54,0.23491664,0.0,-1.0
DDX56,0.093758434,0.0,0.0
DDX58,0.19353288,0.0,-1.0
DDX6,0.16888323,0.0,1.0
DEAF1,0.18687451,0.0,0.0
DEDD,0.38757023,0.0,0.0
DEDD2,0.20622298,0.0,0.0
DEF6,0.26629317,0.0,0.0
DEFA1,0.02726694,0.0,-1.0
DEFA3,0.02904246,0.0,-1.0
DEFA5,0.031020775,0.0,-1.0
DEFB1,0.035129298,0.0,-1.0
DEFB103A,0.0031702586,0.0,0.0
DEFB104A,0.030723378,0.0,0.0
DEGS1,0.06076532,0.0,0.0
DEK,0.21651095,0.0,1.0
DENND10P1,0.02967345,0.0,0.0
DENND2B,0.20983404,0.0,-1.0
DENND4A,0.12561582,0.0,0.0
DENR,0.12278718,0.0,-1.0
DEPP1,0.19436632,0.0,0.0
DERL1,0.15765059,0.0,-1.0
DERL2,0.03343571,0.0,0.0
DERL3,0.03797052,0.0,0.0
DES,0.18108432,0.0,-1.0
DET1,0.18894425,0.0,0.0
DEUP1,0.038368393,0.0,0.0
DEXI,0.14636946,0.0,0.0
DFFA,0.22579688,0.0,0.0
DFFB,0.1247517,0.0,0.0
DGCR2,0.051471405,0.0,0.0
DGCR6L,0.18251902,0.0,0.0
DGCR8,0.07003526,0.0,1.0
DGKA,0.13185067,0.0,-1.0
DGKD,0.046818733,0.0,-1.0
DGKH,0.021731008,0.0,-1.0
DGKQ,0.041844085,0.0,-1.0
DGKZ,0.33272094,0.0,-1.0
DHCR24,0.1764348,0.0,0.0
DHDDS,0.016073452,0.0,-1.0
DHFR,0.31529975,0.0,-1.0
DHH,0.30328488,0.0,-1.0
DHPS,0.06165106,0.0,0.0
DHRS1,0.06443913,0.0,-1.0
DHRS7B,0.049852647,0.0,0.0
DHX15,0.11017461,0.0,-1.0
DHX16,0.18991075,0.0,-1.0
DHX29,0.10637919,0.0,0.0
DHX30,0.44313908,0.0,-1.0
DHX34,0.1303013,0.0,0.0
DHX36,0.13385598,0.0,-1.0
DHX37,0.120691866,0.0,0.0
DHX38,0.13763727,0.0,0.0
DHX58,0.07070784,0.0,-1.0
DHX9,0.637972,1.0,-1.0
DIABLO,0.4006736,0.0,-1.0
DIAPH1,0.45143515,0.0,-1.0
DIAPH2,0.24979089,0.0,-1.0
DIAPH3,0.13768128,0.0,0.0
DICER1,0.4681808,0.0,1.0
DIDO1,0.24053104,0.0,0.0
DIMT1,0.067328766,0.0,0.0
DIO2,0.09433074,0.0,-1.0
DIP2A,0.05793141,0.0,0.0
DIPK1B,0.0010510836,0.0,0.0
DIS3,0.15637644,0.0,1.0
DIS3L2,0.15255669,0.0,-1.0
DISC1,0.62150085,1.0,0.0
DISP3,0.096313134,0.0,-1.0
DIXDC1,0.19192371,0.0,0.0
DKC1,0.22851601,0.0,-1.0
DKK1,0.12537149,0.0,-1.0
DKK2,0.0484165,0.0,-1.0
DKK3,0.049017504,0.0,-1.0
DLAT,0.14481202,0.0,-1.0
DLC1,0.20754671,0.0,-1.0
DLD,0.07433735,0.0,-1.0
DLEU1,0.23105823,0.0,-1.0
DLG1,0.8361729,1.0,-1.0
DLG2,0.7547458,1.0,-1.0
DLG3,0.7385628,1.0,-1.0
DLG4,0.89830136,1.0,0.0
DLG5,0.32219046,0.0,0.0
DLGAP1,0.40063822,0.0,-1.0
DLGAP2,0.19346987,0.0,0.0
DLGAP3,0.2378476,0.0,0.0
DLGAP4,0.39358294,0.0,0.0
DLGAP5,0.20187281,0.0,-1.0
DLK1,0.029040499,0.0,-1.0
DLK2,0.12486031,0.0,0.0
DLL1,0.46801245,0.0,-1.0
DLL4,0.21302307,0.0,-1.0
DLST,0.22806238,0.0,-1.0
DLX1,0.026743295,0.0,0.0
DLX2,0.08087973,0.0,-1.0
DLX3,0.057197113,0.0,-1.0
DLX4,0.05675146,0.0,-1.0
DLX5,0.2956884,0.0,-1.0
DMAP1,0.20043007,0.0,0.0
DMBT1,0.0032378698,0.0,-1.0
DMBX1,0.19887671,0.0,0.0
DMC1,0.18949755,0.0,0.0
DMD,0.61909145,1.0,-1.0
DMP1,0.10831512,0.0,-1.0
DMPK,0.21904689,0.0,-1.0
DMRTB1,0.20293695,0.0,0.0
DMTF1,0.18303803,0.0,-1.0
DMTN,0.15551247,0.0,0.0
DMWD,0.080792144,0.0,0.0
DMXL2,0.1902893,0.0,-1.0
DNAAF4,0.111229375,0.0,-1.0
DNAAF5,0.13455245,0.0,-1.0
DNAI1,0.073367655,0.0,-1.0
DNAJA1,0.25339252,0.0,0.0
DNAJA2,0.05544155,0.0,0.0
DNAJA3,0.3178993,0.0,-1.0
DNAJB1,0.45529363,0.0,1.0
DNAJB11,0.19310282,0.0,0.0
DNAJB2,0.15898287,0.0,-1.0
DNAJB3,0.042776972,0.0,0.0
DNAJB4,0.06854148,0.0,0.0
DNAJB6,0.22519578,0.0,0.0
DNAJB9,0.06432683,0.0,-1.0
DNAJC1,0.035029158,0.0,0.0
DNAJC10,0.07949563,0.0,0.0
DNAJC14,0.21488391,0.0,0.0
DNAJC2,0.03544319,0.0,0.0
DNAJC3,0.25805327,0.0,0.0
DNAJC30,0.06812704,0.0,0.0
DNAJC5,0.13852707,0.0,-1.0
DNAJC6,0.16903727,0.0,-1.0
DNAJC7,0.35902813,0.0,0.0
DNAL4,0.08667951,0.0,-1.0
DNALI1,0.20146704,0.0,0.0
DNASE1,0.13871323,0.0,-1.0
DNER,0.022134436,0.0,-1.0
DNM1,0.66185796,1.0,0.0
DNM1L,0.16346633,0.0,0.0
DNM2,0.5414824,1.0,1.0
DNM3,0.14179872,0.0,0.0
DNMBP,0.36230722,0.0,-1.0
DNMT1,0.55284685,1.0,1.0
DNMT3A,0.43763748,0.0,1.0
DNMT3B,0.4269042,0.0,1.0
DNMT3L,0.15000093,0.0,0.0
DNPEP,0.12029112,0.0,0.0
DNTT,0.21769542,0.0,0.0
DNTTIP1,0.12324073,0.0,0.0
DNTTIP2,0.30106986,0.0,0.0
DOC2A,0.15051699,0.0,0.0
DOC2B,0.118322745,0.0,0.0
DOCK1,0.25291914,0.0,-1.0
DOCK10,0.20654733,0.0,0.0
DOCK2,0.2967838,0.0,-1.0
DOCK3,0.1888736,0.0,0.0
DOCK7,0.12989205,0.0,0.0
DOCK8,0.21001834,0.0,-1.0
DOCK9,0.15692806,0.0,0.0
DOHH,0.05314662,0.0,0.0
DOK1,0.7457565,1.0,0.0
DOK2,0.46786255,0.0,0.0
DOK3,0.3546518,0.0,0.0
DOK4,0.3513059,0.0,0.0
DOK5,0.24932694,0.0,0.0
DOK6,0.048375152,0.0,-1.0
DOK7,0.0018215352,0.0,-1.0
DOT1L,0.2684463,0.0,1.0
DPCD,0.07288152,0.0,0.0
DPEP1,0.009849192,0.0,0.0
DPF1,0.142702,0.0,0.0
DPF2,0.0822214,0.0,0.0
DPH1,0.101390995,0.0,-1.0
DPH3,0.003732935,0.0,-1.0
DPM1,0.081579015,0.0,-1.0
DPM2,0.08972904,0.0,0.0
DPM3,0.048911896,0.0,0.0
DPP3,0.095207,0.0,0.0
DPP4,0.1777462,0.0,-1.0
DPP6,0.042315528,0.0,-1.0
DPP7,0.109085426,0.0,-1.0
DPPA2,0.31331453,0.0,0.0
DPPA3,0.04193156,0.0,0.0
DPPA4,0.273407,0.0,-1.0
DPT,0.1458149,0.0,-1.0
DPY30,0.094007626,0.0,0.0
DPYS,0.14288305,0.0,-1.0
DPYSL2,0.33544362,0.0,0.0
DPYSL3,0.058632422,0.0,0.0
DPYSL4,0.15206881,0.0,0.0
DPYSL5,0.15700698,0.0,0.0
DR1,0.18708481,0.0,0.0
DRAP1,0.36637163,0.0,0.0
DRD1,0.12090026,0.0,0.0
DRD2,0.28957745,0.0,-1.0
DRD3,0.26515728,0.0,-1.0
DRD4,0.14802642,0.0,0.0
DRD5,0.23503,0.0,-1.0
DRG1,0.1379842,0.0,0.0
DRG2,0.011155033,0.0,0.0
DROSHA,0.10615673,0.0,1.0
DRP2,0.3393065,0.0,0.0
DSC1,0.22213483,0.0,-1.0
DSC2,0.1491601,0.0,-1.0
DSC3,0.20102781,0.0,-1.0
DSCAM,0.025895257,0.0,0.0
DSCAML1,0.16818456,0.0,0.0
DSCC1,0.077421695,0.0,-1.0
DSG1,0.09408953,0.0,-1.0
DSG2,0.20507035,0.0,-1.0
DSG3,0.17191398,0.0,0.0
DSN1,0.2000738,0.0,0.0
DSP,0.5488927,1.0,-1.0
DST,0.40208656,0.0,-1.0
DSTN,0.082237534,0.0,0.0
DTL,0.11607834,0.0,-1.0
DTNA,0.25599515,0.0,-1.0
DTNB,0.2466885,0.0,0.0
DTNBP1,0.13887694,0.0,-1.0
DTX1,0.33350608,0.0,1.0
DTX2,0.166988,0.0,-1.0
DTX3,0.16356407,0.0,-1.0
DTX3L,0.22385593,0.0,0.0
DUOX1,0.0122696115,0.0,0.0
DUOX2,0.006336411,0.0,-1.0
DUS2,0.048059423,0.0,0.0
DUSP1,0.33137262,0.0,-1.0
DUSP10,0.24319306,0.0,-1.0
DUSP11,0.061875217,0.0,0.0
DUSP12,0.15962024,0.0,0.0
DUSP13,0.15765667,0.0,0.0
DUSP14,0.13567767,0.0,0.0
DUSP16,0.41441008,0.0,-1.0
DUSP19,0.18715523,0.0,0.0
DUSP2,0.08745757,0.0,-1.0
DUSP22,0.25063068,0.0,1.0
DUSP23,0.055356514,0.0,0.0
DUSP26,0.022815475,0.0,-1.0
DUSP3,0.4488436,0.0,0.0
DUSP4,0.35067904,0.0,1.0
DUSP5,0.1459454,0.0,0.0
DUSP6,0.101976566,0.0,-1.0
DUSP7,0.15178931,0.0,-1.0
DUSP9,0.20827846,0.0,-1.0
DUT,0.36633965,0.0,0.0
DVL1,0.48822212,0.0,-1.0
DVL2,0.47044715,0.0,-1.0
DVL3,0.4569489,0.0,-1.0
DXO,0.17617247,0.0,0.0
DYDC1,0.063175105,0.0,0.0
DYDC2,0.0038329496,0.0,0.0
DYNC1H1,0.23175117,0.0,-1.0
DYNC1I1,0.20369378,0.0,-1.0
DYNC1I2,0.1246207,0.0,0.0
DYNC1LI1,0.054445103,0.0,0.0
DYNC1LI2,0.05776716,0.0,0.0
DYNC2H1,0.02593805,0.0,-1.0
DYNC2LI1,0.02593805,0.0,0.0
DYNLL1,0.43387923,0.0,-1.0
DYNLL2,0.13813964,0.0,0.0
DYNLRB1,0.16802117,0.0,0.0
DYNLT1,0.102802955,0.0,0.0
DYNLT3,0.1704552,0.0,0.0
DYNLT4,0.24684,0.0,0.0
DYRK1A,0.36659628,0.0,-1.0
DYRK1B,0.25700527,0.0,-1.0
DYRK2,0.17640993,0.0,0.0
DYSF,0.14652792,0.0,-1.0
DZANK1,0.037423473,0.0,0.0
DZIP1,0.082722165,0.0,0.0
DZIP3,0.18285996,0.0,0.0
E2F1,0.86133015,1.0,-1.0
E2F2,0.5006388,1.0,-1.0
E2F3,0.48373887,0.0,1.0
E2F4,0.5311245,1.0,-1.0
E2F5,0.34241968,0.0,0.0
E2F6,0.33052096,0.0,-1.0
E4F1,0.29079205,0.0,0.0
EAF1,0.05253865,0.0,0.0
EAF2,0.15326364,0.0,-1.0
EAPP,0.09547195,0.0,0.0
EBAG9,0.027494371,0.0,-1.0
EBF1,0.49136242,0.0,1.0
EBI3,0.13665468,0.0,0.0
EBNA1BP2,0.10569115,0.0,0.0
EBP,0.003207186,0.0,-1.0
EBPL,0.003207186,0.0,0.0
ECD,0.09722805,0.0,0.0
ECE1,0.06665849,0.0,0.0
ECH1,0.12803403,0.0,0.0
ECHDC2,0.16131878,0.0,0.0
ECHS1,0.039953332,0.0,0.0
ECM1,0.24193585,0.0,-1.0
ECPAS,0.079141006,0.0,0.0
ECSIT,0.19559132,0.0,0.0
ECT2,0.2364513,0.0,-1.0
EDA,0.18105492,0.0,-1.0
EDA2R,0.21837534,0.0,0.0
EDAR,0.30158928,0.0,-1.0
EDARADD,0.2505827,0.0,-1.0
EDC3,0.20593765,0.0,0.0
EDEM1,0.009640065,0.0,-1.0
EDEM2,0.09816646,0.0,0.0
EDF1,0.41001442,0.0,0.0
EDIL3,0.12356435,0.0,-1.0
EDN1,0.08680696,0.0,-1.0
EDN2,0.023630166,0.0,0.0
EDN3,0.07289918,0.0,-1.0
EDNRA,0.08606452,0.0,-1.0
EDNRB,0.1699686,0.0,-1.0
EEA1,0.29006213,0.0,0.0
EED,0.5218249,1.0,1.0
EEF1A1,0.63928837,1.0,-1.0
EEF1A2,0.03793807,0.0,-1.0
EEF1B2,0.13341238,0.0,0.0
EEF1D,0.27881637,0.0,-1.0
EEF1E1,0.3233714,0.0,0.0
EEF1G,0.3258083,0.0,0.0
EEF2,0.32780126,0.0,-1.0
EEF2K,0.49981663,0.0,-1.0
EEF2KMT,0.04195359,0.0,0.0
EFCAB6,0.29627296,0.0,0.0
EFEMP1,0.21510209,0.0,-1.0
EFEMP2,0.31591097,0.0,-1.0
EFHC1,0.2046917,0.0,-1.0
EFNA1,0.1911698,0.0,-1.0
EFNA2,0.16260558,0.0,-1.0
EFNA3,0.06993127,0.0,-1.0
EFNA4,0.09772439,0.0,-1.0
EFNA5,0.18017067,0.0,-1.0
EFNB1,0.3661822,0.0,0.0
EFNB2,0.43019086,0.0,0.0
EFNB3,0.078231454,0.0,0.0
EFS,0.2713075,0.0,0.0
EFTUD2,0.12239464,0.0,-1.0
EGF,0.47549847,0.0,-1.0
EGFL6,0.12888023,0.0,-1.0
EGFL7,0.12158845,0.0,1.0
EGFR,0.9805366,1.0,1.0
EGLN1,0.3658606,0.0,-1.0
EGLN2,0.3406698,0.0,-1.0
EGLN3,0.2046588,0.0,-1.0
EGR1,0.55753815,1.0,1.0
EGR2,0.21739608,0.0,-1.0
EGR4,0.21908933,0.0,0.0
EHBP1,0.2668337,0.0,-1.0
EHD1,0.230369,0.0,0.0
EHD2,0.22683354,0.0,0.0
EHD3,0.14380556,0.0,0.0
EHHADH,0.11083198,0.0,0.0
EHMT1,0.25171003,0.0,-1.0
EHMT2,0.2686392,0.0,-1.0
EID1,0.40036866,0.0,0.0
EID2,0.2454186,0.0,0.0
EID2B,0.09302091,0.0,0.0
EID3,0.099413164,0.0,0.0
EIF1,0.13749942,0.0,0.0
EIF1AD,0.0774984,0.0,0.0
EIF1AX,0.18701087,0.0,1.0
EIF1AY,0.076500416,0.0,0.0
EIF2AK1,0.2309178,0.0,-1.0
EIF2AK2,0.64661306,1.0,-1.0
EIF2AK3,0.31114796,0.0,-1.0
EIF2AK4,0.17994194,0.0,-1.0
EIF2B1,0.18396652,0.0,-1.0
EIF2B2,0.25828463,0.0,-1.0
EIF2B3,0.12973629,0.0,-1.0
EIF2B4,0.20375316,0.0,-1.0
EIF2B5,0.27395818,0.0,-1.0
EIF2S1,0.39218682,0.0,0.0
EIF2S2,0.42930612,0.0,-1.0
EIF2S3,0.07452134,0.0,0.0
EIF3A,0.29195866,0.0,-1.0
EIF3B,0.24697173,0.0,0.0
EIF3C,0.15946865,0.0,-1.0
EIF3D,0.11174157,0.0,0.0
EIF3E,0.24309416,0.0,1.0
EIF3F,0.118869044,0.0,-1.0
EIF3G,0.19675857,0.0,-1.0
EIF3H,0.14622056,0.0,0.0
EIF3I,0.28570426,0.0,-1.0
EIF3J,0.22945471,0.0,0.0
EIF3K,0.14303188,0.0,0.0
EIF3L,0.19409096,0.0,0.0
EIF3M,0.14940245,0.0,0.0
EIF4A1,0.26929465,0.0,-1.0
EIF4A2,0.28279462,0.0,1.0
EIF4A3,0.15253328,0.0,0.0
EIF4B,0.34947422,0.0,-1.0
EIF4E,0.3237014,0.0,1.0
EIF4E2,0.1656535,0.0,0.0
EIF4EBP1,0.56592375,1.0,-1.0
EIF4EBP2,0.06176904,0.0,0.0
EIF4EBP3,0.097886726,0.0,0.0
EIF4ENIF1,0.17969584,0.0,0.0
EIF4G1,0.428146,0.0,-1.0
EIF4G2,0.40009198,0.0,0.0
EIF4G3,0.29866797,0.0,0.0
EIF4H,0.03076298,0.0,0.0
EIF5,0.23046233,0.0,0.0
EIF5A,0.17406698,0.0,-1.0
EIF5A2,0.025122456,0.0,-1.0
EIF5B,0.15451044,0.0,0.0
EIF6,0.15189481,0.0,0.0
ELAC2,0.21642314,0.0,-1.0
ELANE,0.12891999,0.0,-1.0
ELAVL1,0.42832825,0.0,-1.0
ELAVL2,0.100491896,0.0,-1.0
ELAVL3,0.0963126,0.0,-1.0
ELAVL4,0.0942486,0.0,-1.0
ELF1,0.33586305,0.0,-1.0
ELF2,0.21930377,0.0,0.0
ELF3,0.48328075,0.0,1.0
ELF4,0.19756843,0.0,1.0
ELF5,0.052586872,0.0,-1.0
ELK1,0.72023785,1.0,-1.0
ELK3,0.37662143,0.0,-1.0
ELK4,0.23551899,0.0,1.0
ELL,0.13573161,0.0,1.0
ELL2,0.032856088,0.0,0.0
ELL3,0.014331722,0.0,0.0
ELMO1,0.17661124,0.0,-1.0
ELMO2,0.117138214,0.0,0.0
ELMOD1,0.00024645575,0.0,0.0
ELN,0.2931256,0.0,-1.0
ELOA,0.24980631,0.0,0.0
ELOA2,0.24503401,0.0,0.0
ELOA3P,0.0658633,0.0,0.0
ELOB,0.11862633,0.0,-1.0
ELOC,0.1312559,0.0,-1.0
ELOF1,0.047657814,0.0,-1.0
ELP1,0.37651294,0.0,-1.0
ELP2,0.27122405,0.0,-1.0
ELP3,0.08336178,0.0,0.0
ELP5,0.037289977,0.0,0.0
ELSPBP1,0.20080516,0.0,0.0
EMB,0.08529683,0.0,0.0
EMC2,0.0002426973,0.0,0.0
EMC8,0.00079447107,0.0,0.0
EMC9,0.00079447107,0.0,0.0
EMCN,0.096287526,0.0,0.0
EMD,0.49148405,0.0,-1.0
EME1,0.093498655,0.0,0.0
EMG1,0.07134995,0.0,-1.0
EMID1,0.203332,0.0,0.0
EMILIN1,0.13449155,0.0,0.0
EMILIN2,0.18810275,0.0,0.0
EML1,0.34503028,0.0,0.0
EML3,0.070600264,0.0,0.0
EML4,0.140912,0.0,1.0
EMP3,0.055649906,0.0,-1.0
EMSY,0.22192737,0.0,-1.0
EMX2,0.14527303,0.0,-1.0
EN1,0.20995109,0.0,-1.0
EN2,0.26503527,0.0,-1.0
ENAH,0.5330316,1.0,-1.0
ENC1,0.16546667,0.0,-1.0
ENG,0.47089916,0.0,-1.0
ENGASE,0.1639454,0.0,0.0
ENKD1,0.20636204,0.0,0.0
ENO1,0.099324785,0.0,-1.0
ENO2,0.11877763,0.0,0.0
ENO3,0.052024066,0.0,0.0
ENOPH1,0.00097527896,0.0,0.0
ENOX1,0.19810383,0.0,0.0
ENOX2,0.10293047,0.0,-1.0
ENPEP,0.06447148,0.0,0.0
ENPP1,0.16656317,0.0,-1.0
ENSA,0.14221233,0.0,0.0
ENTPD1,0.13665906,0.0,0.0
ENTPD2,0.102642395,0.0,0.0
ENTPD5,0.017209962,0.0,0.0
ENTPD6,0.050253015,0.0,-1.0
ENTR1,0.14400095,0.0,0.0
ENY2,0.020763362,0.0,0.0
EOLA1,0.028392512,0.0,0.0
EP300,0.9945225,1.0,1.0
EP400,0.415089,0.0,1.0
EPAS1,0.43476075,0.0,1.0
EPB41,0.47058058,0.0,-1.0
EPB41L1,0.42155758,0.0,-1.0
EPB41L2,0.30190855,0.0,0.0
EPB41L3,0.34092686,0.0,-1.0
EPB42,0.14360055,0.0,-1.0
EPC1,0.1745446,0.0,-1.0
EPCAM,0.060032386,0.0,1.0
EPDR1,0.03997646,0.0,0.0
EPG5,0.049333435,0.0,-1.0
EPHA1,0.06289281,0.0,-1.0
EPHA2,0.2999324,0.0,-1.0
EPHA3,0.23536149,0.0,1.0
EPHA4,0.066050954,0.0,-1.0
EPHA5,0.016799148,0.0,-1.0
EPHA6,0.022819003,0.0,-1.0
EPHA7,0.023606835,0.0,1.0
EPHA8,0.059555564,0.0,0.0
EPHB1,0.25450635,0.0,1.0
EPHB2,0.62921154,1.0,-1.0
EPHB3,0.1732764,0.0,-1.0
EPHB4,0.15334246,0.0,-1.0
EPHB6,0.33413213,0.0,-1.0
EPHX2,0.03810386,0.0,0.0
EPM2A,0.0039118403,0.0,-1.0
EPM2AIP1,0.0019464727,0.0,0.0
EPN1,0.40556994,0.0,0.0
EPN2,0.3868427,0.0,0.0
EPN3,0.18593472,0.0,0.0
EPO,0.2166721,0.0,-1.0
EPOR,0.78683245,1.0,1.0
EPPK1,0.22790176,0.0,-1.0
EPR1,0.20243418,0.0,0.0
EPRS1,0.07874488,0.0,-1.0
EPS15,0.5714676,1.0,1.0
EPS15L1,0.19688438,0.0,-1.0
EPS8,0.5555847,1.0,-1.0
EPS8L1,0.31367812,0.0,-1.0
EPS8L2,0.1119892,0.0,0.0
ERAP1,0.13390476,0.0,-1.0
ERAS,0.18308806,0.0,-1.0
ERBB2,0.90486705,1.0,1.0
ERBB3,0.77905685,1.0,1.0
ERBB4,0.62772715,1.0,1.0
ERBIN,0.6922216,1.0,-1.0
ERC1,0.27441683,0.0,1.0
ERC2,0.2844858,0.0,-1.0
ERCC1,0.10570062,0.0,-1.0
ERCC2,0.25343,0.0,1.0
ERCC3,0.23091947,0.0,1.0
ERCC4,0.15768586,0.0,1.0
ERCC5,0.1977555,0.0,1.0
ERCC6,0.40873143,0.0,-1.0
ERCC8,0.15199716,0.0,-1.0
EREG,0.16089688,0.0,-1.0
ERF,0.29800612,0.0,1.0
ERG,0.31374806,0.0,1.0
ERG28,0.55813307,1.0,0.0
ERGIC1,4.554118e-05,0.0,0.0
ERGIC3,4.554118e-05,0.0,-1.0
ERH,0.26926225,0.0,0.0
ERI3,0.057935055,0.0,0.0
ERMAP,0.06796867,0.0,0.0
ERN1,0.36365107,0.0,-1.0
ERO1A,0.0754805,0.0,0.0
ERO1B,0.06323385,0.0,0.0
ERP27,0.086967506,0.0,0.0
ERP29,0.066331305,0.0,0.0
ERP44,0.10223203,0.0,0.0
ERRFI1,0.28674537,0.0,1.0
ERVW-1,0.076235905,0.0,-1.0
ESM1,0.012902534,0.0,-1.0
ESPN,0.18321711,0.0,0.0
ESR1,0.9848631,1.0,1.0
ESR2,0.71764714,1.0,-1.0
ESRRA,0.5463946,1.0,-1.0
ESRRB,0.067956924,0.0,0.0
ESRRG,0.4987375,0.0,-1.0
ESS2,0.085485764,0.0,0.0
ESYT2,0.11562635,0.0,0.0
ETF1,0.35383916,0.0,0.0
ETFA,0.00087173644,0.0,-1.0
ETFB,0.00087173644,0.0,-1.0
ETHE1,0.10160616,0.0,0.0
ETNK2,0.008769728,0.0,0.0
ETS1,0.7889611,1.0,-1.0
ETS2,0.5450819,1.0,-1.0
ETV1,0.32994583,0.0,1.0
ETV3,0.14244969,0.0,-1.0
ETV4,0.13932794,0.0,1.0
ETV5,0.08168031,0.0,1.0
ETV6,0.37923232,0.0,1.0
ETV7,0.050682507,0.0,-1.0
EVA1A,0.055463154,0.0,0.0
EVA1C,0.0687399,0.0,0.0
EVC2,0.020968841,0.0,-1.0
EVI5,0.15790525,0.0,0.0
EVI5L,0.066448875,0.0,0.0
EVL,0.55722016,1.0,-1.0
EVPL,0.014980218,0.0,-1.0
EWSR1,0.23358522,0.0,1.0
EXD3,0.08581573,0.0,0.0
EXO1,0.38223636,0.0,0.0
EXOC1,0.1006066,0.0,0.0
EXOC2,0.11469141,0.0,-1.0
EXOC3,0.1764219,0.0,0.0
EXOC3-AS1,0.058056504,0.0,0.0
EXOC4,0.38386974,0.0,-1.0
EXOC5,0.15361303,0.0,0.0
EXOC6B,0.10493774,0.0,0.0
EXOC7,0.2331772,0.0,-1.0
EXOC8,0.30872756,0.0,-1.0
EXOSC1,0.13489062,0.0,0.0
EXOSC10,0.25619712,0.0,0.0
EXOSC2,0.16219257,0.0,0.0
EXOSC3,0.115573205,0.0,0.0
EXOSC4,0.20031019,0.0,0.0
EXOSC5,0.16670443,0.0,0.0
EXOSC6,0.24125285,0.0,-1.0
EXOSC7,0.12705429,0.0,0.0
EXOSC8,0.15150753,0.0,0.0
EXOSC9,0.1221616,0.0,0.0
EXPH5,0.16144773,0.0,-1.0
EXT1,0.18889572,0.0,1.0
EXT2,0.343398,0.0,1.0
EYA1,0.2239991,0.0,-1.0
EYA2,0.13485396,0.0,-1.0
EYA3,0.1782613,0.0,0.0
EYA4,0.32360786,0.0,-1.0
EZH1,0.28209993,0.0,1.0
EZH2,0.45676658,0.0,1.0
EZR,0.66669756,1.0,1.0
F10,0.35617578,0.0,-1.0
F11,0.08820216,0.0,-1.0
F11R,0.23767272,0.0,0.0
F12,0.094541594,0.0,-1.0
F13A1,0.10899473,0.0,-1.0
F13B,0.15207069,0.0,-1.0
F2,0.3256222,0.0,-1.0
F2R,0.18024942,0.0,-1.0
F2RL1,0.16784865,0.0,0.0
F2RL2,0.1807561,0.0,-1.0
F2RL3,0.08833367,0.0,-1.0
F3,0.21973914,0.0,-1.0
F5,0.12252227,0.0,-1.0
F7,0.38481444,0.0,-1.0
F8,0.20504212,0.0,-1.0
F8A1,0.20228547,0.0,0.0
F9,0.28588304,0.0,-1.0
FA2H,0.048968002,0.0,-1.0
FAAP100,0.11284948,0.0,0.0
FAAP24,0.006467187,0.0,0.0
FABP1,0.1211632,0.0,0.0
FABP3,0.073799916,0.0,-1.0
FABP4,0.17640352,0.0,-1.0
FABP5,0.07974639,0.0,-1.0
FADD,0.68550825,1.0,-1.0
FAF1,0.22531751,0.0,-1.0
FAF2,0.021633776,0.0,0.0
FAIM2,0.06313628,0.0,0.0
FAM107A,0.28403178,0.0,-1.0
FAM107B,0.18094817,0.0,-1.0
FAM118B,0.13886462,0.0,-1.0
FAM120B,0.11121776,0.0,0.0
FAM124A,0.12347989,0.0,0.0
FAM124B,0.12478374,0.0,0.0
FAM131A,0.09541801,0.0,0.0
FAM131C,0.12956773,0.0,0.0
FAM135B,0.15985203,0.0,1.0
FAM13C,0.16217102,0.0,0.0
FAM153A,0.083944194,0.0,0.0
FAM156A,0.033276964,0.0,0.0
FAM162A,0.07719996,0.0,0.0
FAM178B,0.040971268,0.0,0.0
FAM189A2,0.13877425,0.0,0.0
FAM193B,0.063617155,0.0,0.0
FAM214B,0.035095207,0.0,0.0
FAM219A,0.12794635,0.0,0.0
FAM241B,0.00017282878,0.0,0.0
FAM32A,0.046683922,0.0,0.0
FAM50B,0.12012837,0.0,0.0
FAM76B,0.05578113,0.0,0.0
FAM86C1P,0.048313636,0.0,0.0
FANCA,0.6800823,1.0,1.0
FANCB,0.14744462,0.0,-1.0
FANCC,0.67459667,1.0,1.0
FANCD2,0.7500686,1.0,1.0
FANCE,0.5095443,1.0,1.0
FANCF,0.3795262,0.0,1.0
FANCG,0.5425425,1.0,1.0
FANCI,0.31180626,0.0,-1.0
FANCL,0.17408289,0.0,1.0
FANCM,0.006467187,0.0,-1.0
FAP,0.18716893,0.0,0.0
FAR1,0.07411523,0.0,0.0
FARP2,0.1055566,0.0,0.0
FARSA,0.04435266,0.0,0.0
FAS,0.64122033,1.0,1.0
FASLG,0.5772655,1.0,-1.0
FASN,0.10983001,0.0,-1.0
FASTK,0.09700411,0.0,0.0
FASTKD5,0.040894654,0.0,0.0
FAT1,0.33468845,0.0,1.0
FAT4,0.11586216,0.0,1.0
FATE1,0.18143892,0.0,0.0
FAU,0.056697596,0.0,-1.0
FBF1,0.31338233,0.0,-1.0
FBH1,0.1425874,0.0,-1.0
FBL,0.23444237,0.0,0.0
FBLIM1,0.1065714,0.0,0.0
FBLN1,0.32756397,0.0,-1.0
FBLN2,0.27835995,0.0,1.0
FBLN5,0.13377945,0.0,-1.0
FBN1,0.25420764,0.0,-1.0
FBN2,0.3642203,0.0,-1.0
FBP1,0.16743653,0.0,-1.0
FBP2,0.13157314,0.0,0.0
FBXL12,0.21190655,0.0,0.0
FBXL18,0.08546082,0.0,0.0
FBXL2,0.054423064,0.0,0.0
FBXL3,0.018108621,0.0,0.0
FBXL4,0.08269789,0.0,0.0
FBXL5,0.07094482,0.0,0.0
FBXL6,0.08942609,0.0,0.0
FBXL8,0.030307109,0.0,0.0
FBXO11,0.15692043,0.0,1.0
FBXO15,0.070976324,0.0,-1.0
FBXO16,0.056311585,0.0,0.0
FBXO17,0.029731771,0.0,0.0
FBXO2,0.10491982,0.0,0.0
FBXO21,0.11198045,0.0,0.0
FBXO25,0.10071879,0.0,-1.0
FBXO28,0.04641715,0.0,-1.0
FBXO3,0.09297325,0.0,0.0
FBXO30,0.17854592,0.0,0.0
FBXO32,0.07041694,0.0,-1.0
FBXO33,0.079438284,0.0,0.0
FBXO34,0.1460269,0.0,0.0
FBXO38,0.00040855203,0.0,0.0
FBXO4,0.123153746,0.0,0.0
FBXO44,0.040067088,0.0,0.0
FBXO5,0.17537065,0.0,-1.0
FBXO6,0.04131856,0.0,0.0
FBXO7,0.110917605,0.0,-1.0
FBXO8,0.06576447,0.0,0.0
FBXO9,0.05840946,0.0,-1.0
FBXW11,0.38796878,0.0,0.0
FBXW2,0.1600407,0.0,0.0
FBXW4,0.10976298,0.0,-1.0
FBXW5,0.15123121,0.0,-1.0
FBXW7,0.64114773,1.0,1.0
FBXW8,0.19710478,0.0,0.0
FCAR,0.19563621,0.0,0.0
FCER1A,0.07563136,0.0,-1.0
FCER1G,0.19263053,0.0,0.0
FCER2,0.128607,0.0,-1.0
FCGR1A,0.4054125,0.0,-1.0
FCGR2A,0.4244625,0.0,-1.0
FCGR2B,0.3630417,0.0,1.0
FCGR3A,0.41171935,0.0,-1.0
FCGR3B,0.24647824,0.0,0.0
FCGRT,0.05147471,0.0,0.0
FCHO1,0.20387483,0.0,0.0
FCHSD2,0.09792092,0.0,0.0
FCN1,0.11465668,0.0,0.0
FCN2,0.023745604,0.0,0.0
FCRL3,0.16234526,0.0,-1.0
FDFT1,0.04852173,0.0,0.0
FDPS,0.114328995,0.0,0.0
FDX1,0.2568864,0.0,-1.0
FDXR,0.1961577,0.0,-1.0
FECH,0.000117465024,0.0,-1.0
FEM1A,0.08570357,0.0,-1.0
FEM1B,0.17398453,0.0,0.0
FEN1,0.40120202,0.0,1.0
FER,0.40900308,0.0,0.0
FERD3L,0.049378447,0.0,-1.0
FERMT1,0.040009595,0.0,0.0
FERMT2,0.05556204,0.0,0.0
FERMT3,0.107302524,0.0,-1.0
FES,0.59359956,1.0,1.0
FEZ1,0.5061954,1.0,0.0
FEZ2,0.27670914,0.0,0.0
FFAR1,0.044052433,0.0,0.0
FFAR2,0.047166366,0.0,0.0
FGA,0.290034,0.0,-1.0
FGB,0.2293477,0.0,-1.0
FGD1,0.14564767,0.0,-1.0
FGD4,0.08754708,0.0,-1.0
FGD6,0.12213144,0.0,0.0
FGF1,0.33825895,0.0,-1.0
FGF10,0.057479277,0.0,-1.0
FGF12,0.15550736,0.0,-1.0
FGF13,0.18708867,0.0,-1.0
FGF17,0.21671775,0.0,-1.0
FGF18,0.1824618,0.0,-1.0
FGF19,0.1374634,0.0,1.0
FGF2,0.21137711,0.0,-1.0
FGF21,1.1625422e-05,0.0,-1.0
FGF23,0.17541769,0.0,-1.0
FGF3,0.15284131,0.0,1.0
FGF4,0.25860164,0.0,1.0
FGF5,0.19124904,0.0,-1.0
FGF6,0.22229482,0.0,-1.0
FGF7,0.31125405,0.0,-1.0
FGF8,0.21708539,0.0,-1.0
FGF9,0.23384106,0.0,-1.0
FGFBP1,0.18929434,0.0,-1.0
FGFR1,0.789459,1.0,1.0
FGFR2,0.64705324,1.0,1.0
FGFR3,0.87772155,1.0,1.0
FGFR4,0.71536654,1.0,1.0
FGFRL1,0.01737336,0.0,0.0
FGG,0.26885802,0.0,-1.0
FGR,0.5624007,1.0,-1.0
FH,0.11369405,0.0,1.0
FHIP1B,0.26733243,0.0,0.0
FHIT,0.20485747,0.0,1.0
FHL1,0.32246375,0.0,-1.0
FHL2,0.5655539,1.0,-1.0
FHL3,0.1657083,0.0,0.0
FHL5,0.22288764,0.0,0.0
FHOD1,0.27402687,0.0,-1.0
FIBP,0.18835174,0.0,0.0
FICD,0.09142718,0.0,0.0
FIP1L1,0.048762273,0.0,1.0
FIS1,0.1261356,0.0,0.0
FIZ1,0.11920807,0.0,-1.0
FKBP10,0.091624185,0.0,-1.0
FKBP1A,0.40176952,0.0,0.0
FKBP1B,0.1965452,0.0,0.0
FKBP2,0.15381609,0.0,0.0
FKBP3,0.2521445,0.0,0.0
FKBP4,0.41749164,0.0,0.0
FKBP5,0.30710486,0.0,-1.0
FKBP6,0.18242833,0.0,0.0
FKBP8,0.18612616,0.0,-1.0
FKBPL,0.05348257,0.0,0.0
FLACC1,0.012406433,0.0,0.0
FLAD1,0.14980462,0.0,0.0
FLG,0.073630184,0.0,-1.0
FLI1,0.2459658,0.0,1.0
FLII,0.11864507,0.0,-1.0
FLNA,0.87086666,1.0,1.0
FLNB,0.39758962,0.0,-1.0
FLNC,0.16869819,0.0,-1.0
FLOT1,0.11822062,0.0,0.0
FLOT2,0.19697227,0.0,0.0
FLRT3,0.1410757,0.0,0.0
FLT1,0.7622767,1.0,1.0
FLT3,0.41702196,0.0,1.0
FLT3LG,0.12342271,0.0,-1.0
FLT4,0.42520955,0.0,1.0
FLYWCH1,0.17822674,0.0,-1.0
FMN1,0.14323413,0.0,0.0
FMNL1,0.16219558,0.0,-1.0
FMNL2,0.08816823,0.0,-1.0
FMNL3,0.10674428,0.0,-1.0
FMOD,0.316877,0.0,-1.0
FMR1,0.38396376,0.0,-1.0
FN1,0.7525024,1.0,-1.0
FNBP1,0.39599508,0.0,-1.0
FNBP1L,0.21197762,0.0,-1.0
FNBP4,0.19700935,0.0,-1.0
FNDC11,0.098487124,0.0,0.0
FNDC5,0.23234515,0.0,0.0
FNTA,0.35180134,0.0,0.0
FNTB,0.30564135,0.0,0.0
FOLR1,0.06275664,0.0,0.0
FOS,0.79278004,1.0,-1.0
FOSB,0.14907622,0.0,-1.0
FOSL1,0.22271499,0.0,-1.0
FOSL2,0.1782756,0.0,-1.0
FOXA1,0.24808139,0.0,1.0
FOXA2,0.45096537,0.0,-1.0
FOXA3,0.10369432,0.0,0.0
FOXC1,0.16968521,0.0,-1.0
FOXD3,0.14427441,0.0,0.0
FOXE1,0.11616515,0.0,-1.0
FOXF2,0.11206422,0.0,0.0
FOXG1,0.46004665,0.0,-1.0
FOXH1,0.3352699,0.0,0.0
FOXJ3,0.14249314,0.0,0.0
FOXK2,0.08194736,0.0,-1.0
FOXL1,0.047878418,0.0,-1.0
FOXL2,0.45509833,0.0,1.0
FOXM1,0.3086507,0.0,-1.0
FOXN3,0.048515525,0.0,0.0
FOXO1,0.7322892,1.0,1.0
FOXO3,0.56085116,1.0,1.0
FOXO4,0.40656123,0.0,1.0
FOXP1,0.14209643,0.0,1.0
FOXP2,0.09105753,0.0,-1.0
FOXP3,0.36489224,0.0,-1.0
FOXP4,0.09105753,0.0,0.0
FOXS1,0.06908128,0.0,0.0
FPR1,0.16084541,0.0,-1.0
FPR2,0.036664363,0.0,0.0
FRA10AC1,0.056430135,0.0,-1.0
FRAT1,0.12395302,0.0,-1.0
FRAT2,0.07320765,0.0,-1.0
FRK,0.20001866,0.0,0.0
FRMD4B,0.058100898,0.0,0.0
FRMD5,0.01612719,0.0,0.0
FRMD6,0.26226908,0.0,0.0
FRMPD4,0.081848316,0.0,-1.0
FRS2,0.6703961,1.0,-1.0
FRS3,0.33022812,0.0,0.0
FRYL,0.20105878,0.0,-1.0
FSCN1,0.1799098,0.0,-1.0
FSD1,0.23235326,0.0,0.0
FSHB,0.1104229,0.0,0.0
FSHR,0.44825214,0.0,-1.0
FSIP1,0.07440855,0.0,-1.0
FSIP2,0.2794823,0.0,-1.0
FST,0.08687427,0.0,-1.0
FSTL3,0.20498635,0.0,1.0
FTH1,0.09185658,0.0,-1.0
FTL,0.20869388,0.0,-1.0
FTSJ3,0.13417982,0.0,0.0
FUBP1,0.23080526,0.0,1.0
FUBP3,0.17321531,0.0,-1.0
FUNDC2,0.23270616,0.0,0.0
FURIN,0.44472697,0.0,1.0
FUS,0.49959114,0.0,1.0
FUT4,0.18338495,0.0,0.0
FUT7,0.16307986,0.0,0.0
FUZ,0.00046846984,0.0,0.0
FXN,0.06067973,0.0,-1.0
FXR1,0.25881124,0.0,-1.0
FXR2,0.3391862,0.0,0.0
FXYD1,0.14026909,0.0,0.0
FXYD2,0.18047377,0.0,0.0
FXYD3,0.20886159,0.0,-1.0
FXYD6,0.17325656,0.0,0.0
FXYD7,0.14216161,0.0,0.0
FYB1,0.39621454,0.0,0.0
FYN,0.9776502,1.0,1.0
FYTTD1,0.017304165,0.0,0.0
FZD1,0.11855077,0.0,-1.0
FZD2,0.15225285,0.0,-1.0
FZD3,0.16358751,0.0,-1.0
FZD4,0.22105938,0.0,-1.0
FZD5,0.07874641,0.0,-1.0
FZD6,0.54487824,1.0,-1.0
FZD7,0.14861113,0.0,-1.0
FZD8,0.24348539,0.0,-1.0
FZD9,0.114910856,0.0,-1.0
FZR1,0.31674635,0.0,0.0
G2E3,0.07333214,0.0,-1.0
G3BP1,0.13716286,0.0,-1.0
G3BP2,0.13360849,0.0,-1.0
G6PC1,0.17793147,0.0,-1.0
G6PD,0.13381168,0.0,-1.0
GAA,0.080867045,0.0,-1.0
GAB1,0.71104944,1.0,1.0
GAB2,0.7069834,1.0,1.0
GAB3,0.3612101,0.0,-1.0
GABARAP,0.22179148,0.0,-1.0
GABARAPL1,0.2544149,0.0,-1.0
GABARAPL2,0.11071158,0.0,-1.0
GABBR1,0.2551952,0.0,0.0
GABBR2,0.2696814,0.0,0.0
GABPA,0.320919,0.0,0.0
GABPB1,0.34109226,0.0,-1.0
GABRA1,0.1707374,0.0,-1.0
GABRA3,0.033074554,0.0,0.0
GABRA4,0.19187102,0.0,0.0
GABRB1,0.3964995,0.0,0.0
GABRB2,0.1224462,0.0,-1.0
GABRB3,0.2988016,0.0,-1.0
GABRD,0.07990164,0.0,-1.0
GABRG1,0.1466726,0.0,-1.0
GABRG2,0.15904234,0.0,-1.0
GABRG3,0.13890213,0.0,0.0
GABRR1,0.16086452,0.0,0.0
GABRR2,0.24264328,0.0,0.0
GAD1,0.10393597,0.0,-1.0
GAD2,0.19016899,0.0,0.0
GADD45A,0.4478616,0.0,-1.0
GADD45B,0.48011377,0.0,-1.0
GADD45G,0.6122371,1.0,-1.0
GADD45GIP1,0.27693543,0.0,-1.0
GAGE2E,0.0007465019,0.0,0.0
GAGE5,0.0007749242,0.0,0.0
GAK,0.39544827,0.0,-1.0
GAL,0.0052645393,0.0,0.0
GAL3ST1,0.01687559,0.0,-1.0
GAL3ST4,0.047553632,0.0,0.0
GALNT1,0.26712206,0.0,0.0
GALNT10,0.09592404,0.0,0.0
GALNT11,0.11733376,0.0,0.0
GALNT12,0.12505685,0.0,-1.0
GALNT13,0.026306514,0.0,-1.0
GALNT14,0.038431905,0.0,0.0
GALNT15,0.05587645,0.0,0.0
GALNT2,0.2192044,0.0,0.0
GALNT4,0.10619276,0.0,0.0
GALNT5,0.45830137,0.0,-1.0
GALNT6,0.050683655,0.0,-1.0
GALR1,0.007698269,0.0,0.0
GALR2,0.029295385,0.0,0.0
GALT,0.10578273,0.0,-1.0
GAN,0.16337089,0.0,-1.0
GANAB,0.23705246,0.0,0.0
GAP43,0.22805063,0.0,0.0
GAPDH,0.43494472,0.0,-1.0
GAPVD1,0.09901131,0.0,0.0
GAR1,0.06462282,0.0,0.0
GARIN6,0.05727077,0.0,0.0
GARS1,0.2700254,0.0,-1.0
GAS1,0.054227676,0.0,-1.0
GAS2,0.1053759,0.0,0.0
GAS6,0.2171088,0.0,-1.0
GAS7,0.36640686,0.0,1.0
GAST,0.059515275,0.0,-1.0
GATA1,0.67294353,1.0,1.0
GATA2,0.60094213,1.0,1.0
GATA3,0.59188485,1.0,1.0
GATA4,0.6342762,1.0,-1.0
GATA5,0.343742,0.0,0.0
GATA6,0.3020804,0.0,-1.0
GATAD2A,0.17639269,0.0,0.0
GATAD2B,0.2155485,0.0,0.0
GATD1,0.040853713,0.0,0.0
GATD3,0.03104647,0.0,-1.0
GBA,0.11650424,0.0,-1.0
GBE1,0.021133063,0.0,-1.0
GBF1,0.09644984,0.0,0.0
GBP1,0.18176953,0.0,-1.0
GBP2,0.26260844,0.0,0.0
GBP3,0.06272565,0.0,0.0
GC,0.19105679,0.0,0.0
GCA,0.06502934,0.0,0.0
GCAT,9.54799e-05,0.0,0.0
GCC1,0.22389093,0.0,0.0
GCFC2,0.050728485,0.0,-1.0
GCG,0.04759155,0.0,0.0
GCGR,0.030847104,0.0,0.0
GCH1,0.06307595,0.0,-1.0
GCHFR,0.023024712,0.0,0.0
GCK,0.1078236,0.0,-1.0
GCKR,0.057869606,0.0,-1.0
GCM1,0.348988,0.0,0.0
GCNT1,0.03922907,0.0,0.0
GCSH,0.2254902,0.0,-1.0
GDA,0.14149883,0.0,0.0
GDE1,0.09740122,0.0,0.0
GDF11,0.09486048,0.0,0.0
GDF5,0.26643047,0.0,-1.0
GDF6,0.17925094,0.0,-1.0
GDF7,0.16621615,0.0,0.0
GDF9,0.4500017,0.0,0.0
GDI1,0.25926033,0.0,-1.0
GDI2,0.19739245,0.0,0.0
GDNF,0.13984215,0.0,-1.0
GDPD2,0.037765123,0.0,0.0
GEM,0.18727295,0.0,0.0
GEMIN2,0.18243767,0.0,0.0
GEMIN4,0.2167958,0.0,0.0
GEMIN5,0.12952253,0.0,0.0
GEMIN6,0.0850114,0.0,0.0
GEMIN7,0.11601902,0.0,0.0
GET4,0.09727209,0.0,0.0
GFAP,0.36249873,0.0,-1.0
GFER,0.21194126,0.0,-1.0
GFI1,0.18746942,0.0,-1.0
GFI1B,0.52087826,1.0,-1.0
GFPT1,0.054985907,0.0,0.0
GFRA1,0.12998253,0.0,-1.0
GFRA2,0.16815503,0.0,0.0
GFRA3,8.955295e-05,0.0,0.0
GFRA4,0.00023609531,0.0,0.0
GGA1,0.23052643,0.0,-1.0
GGA2,0.30052292,0.0,0.0
GGA3,0.29896078,0.0,-1.0
GGCX,0.35083124,0.0,-1.0
GGN,0.045447495,0.0,0.0
GGNBP2,0.07251109,0.0,0.0
GGT1,0.13510235,0.0,0.0
GGT7,0.05334539,0.0,0.0
GGTLC1,0.04176342,0.0,0.0
GH1,0.0875507,0.0,-1.0
GH2,0.1326297,0.0,0.0
GHR,0.69503,1.0,-1.0
GHRH,0.06015468,0.0,-1.0
GHRHR,0.06282121,0.0,-1.0
GHRL,0.040362947,0.0,-1.0
GHSR,0.0228638,0.0,-1.0
GIGYF1,0.102136314,0.0,0.0
GIGYF2,0.31103897,0.0,-1.0
GIN1,0.047909617,0.0,0.0
GINS2,0.0028394377,0.0,0.0
GINS4,0.0028394377,0.0,0.0
GIP,0.00060312165,0.0,-1.0
GIPC1,0.3424243,0.0,0.0
GIPC2,0.15445109,0.0,0.0
GIPC3,0.1102239,0.0,0.0
GIPR,0.00060312165,0.0,0.0
GIT1,0.6425816,1.0,0.0
GIT2,0.32590693,0.0,0.0
GJA1,0.40730128,0.0,-1.0
GJA3,0.25900105,0.0,-1.0
GJA5,0.25690505,0.0,-1.0
GJA8,0.20696284,0.0,0.0
GJB1,0.103219494,0.0,-1.0
GJB2,0.043010652,0.0,-1.0
GJB3,0.056739643,0.0,-1.0
GJB6,0.014327605,0.0,-1.0
GJC1,0.09975963,0.0,0.0
GKAP1,0.13895673,0.0,0.0
GKN2,0.026610196,0.0,0.0
GLB1,0.18652509,0.0,-1.0
GLCCI1,0.035548158,0.0,0.0
GLDC,0.16290477,0.0,-1.0
GLE1,0.0047319364,0.0,-1.0
GLG1,0.16803366,0.0,0.0
GLI1,0.3818179,0.0,1.0
GLI2,0.45847264,0.0,-1.0
GLI3,0.5202037,1.0,-1.0
GLIPR2,0.06395804,0.0,-1.0
GLIS2,0.12999211,0.0,-1.0
GLIS3,0.16944405,0.0,-1.0
GLMN,0.23244166,0.0,-1.0
GLOD4,1.00207535e-05,0.0,0.0
GLP1R,0.05732852,0.0,0.0
GLP2R,0.044781644,0.0,0.0
GLRA2,0.118060924,0.0,0.0
GLRB,0.099472605,0.0,-1.0
GLRX,0.20344245,0.0,0.0
GLRX2,0.031920925,0.0,0.0
GLRX3,0.17996533,0.0,0.0
GLS,0.1310405,0.0,-1.0
GLS2,0.1872954,0.0,-1.0
GLUD1,0.1002242,0.0,-1.0
GLUD2,0.08639085,0.0,0.0
GLUL,0.14344908,0.0,0.0
GLYAT,0.049867194,0.0,-1.0
GLYCTK,0.07102432,0.0,0.0
GM2A,0.05465025,0.0,-1.0
GMCL1,0.20643869,0.0,0.0
GMCL2,0.00023065822,0.0,0.0
GMEB1,0.4043233,0.0,0.0
GMEB2,0.17035684,0.0,0.0
GMFB,0.17649075,0.0,-1.0
GMFG,0.09166007,0.0,0.0
GMIP,0.13955316,0.0,0.0
GMNN,0.3888871,0.0,0.0
GMPPA,0.00015710606,0.0,0.0
GMPPB,0.00015710606,0.0,0.0
GMPS,0.048972398,0.0,-1.0
GNA11,0.28574166,0.0,1.0
GNA12,0.49132314,0.0,1.0
GNA13,0.5822462,1.0,1.0
GNA14,0.053722605,0.0,-1.0
GNA15,0.25569686,0.0,-1.0
GNAI1,0.4042464,0.0,-1.0
GNAI2,0.39960736,0.0,-1.0
GNAI3,0.37686336,0.0,-1.0
GNAO1,0.19651468,0.0,0.0
GNAQ,0.2932293,0.0,1.0
GNAS,0.31676948,0.0,1.0
GNAT1,0.123550616,0.0,-1.0
GNAZ,0.25308153,0.0,0.0
GNB1,0.38834217,0.0,1.0
GNB2,0.18823953,0.0,-1.0
GNB3,0.21091211,0.0,-1.0
GNB4,0.20461617,0.0,-1.0
GNB5,0.2504842,0.0,-1.0
GNE,0.22464938,0.0,-1.0
GNG10,0.09574514,0.0,-1.0
GNG11,0.26170185,0.0,-1.0
GNG12,0.120380126,0.0,-1.0
GNG13,0.24218261,0.0,-1.0
GNG2,0.2577113,0.0,-1.0
GNG3,0.20809963,0.0,-1.0
GNG4,0.2875119,0.0,-1.0
GNG5,0.19625933,0.0,-1.0
GNG7,0.2533857,0.0,-1.0
GNGT1,0.09519004,0.0,-1.0
GNGT2,0.09527829,0.0,-1.0
GNL3,0.17629461,0.0,0.0
GNL3L,0.119144306,0.0,0.0
GNMT,0.151246,0.0,0.0
GNPAT,0.055146888,0.0,-1.0
GNPDA1,0.024208501,0.0,0.0
GNPTG,0.08383093,0.0,-1.0
GNRH1,0.06124826,0.0,0.0
GNRH2,0.00017421809,0.0,0.0
GNRHR,0.047632024,0.0,-1.0
GNRHR2,0.00017421809,0.0,0.0
GOLGA1,0.055977583,0.0,0.0
GOLGA2,0.33586022,0.0,-1.0
GOLGA3,0.35649723,0.0,0.0
GOLGA4,0.16245605,0.0,0.0
GOLGA5,0.1742762,0.0,1.0
GOLGA7,0.14198193,0.0,0.0
GOLGB1,0.15731609,0.0,-1.0
GOLM1,0.03854537,0.0,0.0
GOPC,0.32035723,0.0,1.0
GORAB,0.12605803,0.0,0.0
GORASP1,0.2829821,0.0,-1.0
GORASP2,0.17863393,0.0,0.0
GOSR1,0.17351845,0.0,0.0
GOSR2,0.09985251,0.0,-1.0
GOT1,0.0016080852,0.0,-1.0
GOT2,0.09268995,0.0,-1.0
GP1BA,0.20432444,0.0,0.0
GP1BB,0.02749173,0.0,-1.0
GP2,0.0014754834,0.0,0.0
GP5,0.13667966,0.0,0.0
GP6,0.22171253,0.0,0.0
GP9,0.02010355,0.0,-1.0
GPAA1,0.11735576,0.0,0.0
GPANK1,0.035095207,0.0,0.0
GPAT4,0.04313465,0.0,-1.0
GPATCH8,0.07059519,0.0,-1.0
GPBP1,0.08870791,0.0,0.0
GPBP1L1,0.07142746,0.0,0.0
GPC1,0.12891313,0.0,-1.0
GPC3,0.12675817,0.0,1.0
GPC4,0.14180872,0.0,0.0
GPD1,0.03780486,0.0,0.0
GPD2,0.09601853,0.0,0.0
GPHA2,0.0020291912,0.0,0.0
GPHB5,0.0020291912,0.0,0.0
GPHN,0.28172657,0.0,1.0
GPI,0.22596478,0.0,-1.0
GPKOW,0.06744996,0.0,0.0
GPLD1,0.046141595,0.0,0.0
GPM6A,0.009098953,0.0,0.0
GPN1,0.15451024,0.0,-1.0
GPNMB,0.053304322,0.0,-1.0
GPR135,0.09202962,0.0,0.0
GPR143,0.024444118,0.0,-1.0
GPR151,0.0083197905,0.0,0.0
GPR17,0.15645121,0.0,0.0
GPR183,0.122533195,0.0,-1.0
GPR25,0.09174224,0.0,0.0
GPR26,0.095007725,0.0,0.0
GPR37,0.17638017,0.0,0.0
GPR50,0.16043755,0.0,-1.0
GPRASP1,0.22652836,0.0,0.0
GPRASP2,0.061231367,0.0,0.0
GPRC5C,0.026336515,0.0,0.0
GPRIN2,0.15424624,0.0,-1.0
GPS1,0.43420961,0.0,-1.0
GPS2,0.43413717,0.0,1.0
GPSM1,0.13489042,0.0,0.0
GPSM2,0.16536026,0.0,0.0
GPSM3,0.12676236,0.0,0.0
GPT,0.013406812,0.0,0.0
GPX1,0.17857778,0.0,-1.0
GPX7,0.043342188,0.0,0.0
GRAP,0.43630853,0.0,0.0
GRAP2,0.58742833,1.0,0.0
GRB10,0.6528756,1.0,-1.0
GRB14,0.51102763,1.0,0.0
GRB2,0.98369586,1.0,-1.0
GRB7,0.55227286,1.0,0.0
GREM1,0.17461075,0.0,1.0
GREM2,0.082912244,0.0,0.0
GRHL1,0.0047628265,0.0,0.0
GRHL2,0.022922838,0.0,-1.0
GRHL3,0.006059038,0.0,0.0
GRHPR,0.056339256,0.0,-1.0
GRIA1,0.4921518,0.0,0.0
GRIA2,0.26322615,0.0,-1.0
GRIA3,0.29327962,0.0,-1.0
GRIA4,0.28263897,0.0,0.0
GRID1,0.2686618,0.0,-1.0
GRID2,0.43293384,0.0,0.0
GRIK1,0.14798963,0.0,0.0
GRIK2,0.4305083,0.0,-1.0
GRIK3,0.15871914,0.0,-1.0
GRIK4,0.1858439,0.0,0.0
GRIK5,0.32993782,0.0,-1.0
GRIN1,0.77561414,1.0,-1.0
GRIN2A,0.43795133,0.0,1.0
GRIN2B,0.66674024,1.0,-1.0
GRIN2C,0.20652504,0.0,0.0
GRIN2D,0.69114935,1.0,-1.0
GRIN3A,0.2809049,0.0,0.0
GRIN3B,0.1477251,0.0,0.0
GRIP1,0.31920874,0.0,0.0
GRIP2,0.22341563,0.0,0.0
GRIPAP1,0.33392116,0.0,0.0
GRK1,0.2132454,0.0,0.0
GRK2,0.514273,1.0,0.0
GRK3,0.25976017,0.0,0.0
GRK4,0.12138911,0.0,0.0
GRK5,0.28216904,0.0,0.0
GRK6,0.25133836,0.0,0.0
GRK7,0.14911552,0.0,0.0
GRM1,0.22455902,0.0,-1.0
GRM2,0.08794729,0.0,0.0
GRM3,0.1511815,0.0,1.0
GRM4,0.0991994,0.0,0.0
GRM5,0.32870194,0.0,-1.0
GRM6,0.06896331,0.0,0.0
GRM7,0.3151766,0.0,0.0
GRM8,0.21168353,0.0,-1.0
GRN,0.14442101,0.0,-1.0
GRP,0.090284914,0.0,-1.0
GRPEL2,0.016526077,0.0,0.0
GRPR,0.06600805,0.0,-1.0
GSC,0.27665928,0.0,0.0
GSC2,0.10879239,0.0,0.0
GSDME,0.02478602,0.0,-1.0
GSE1,0.1314003,0.0,-1.0
GSK3A,0.38022694,0.0,-1.0
GSK3B,0.8204216,1.0,1.0
GSN,0.5073349,1.0,-1.0
GSPT1,0.3338204,0.0,-1.0
GSPT2,0.29506075,0.0,0.0
GSR,0.026762163,0.0,0.0
GSS,0.00011780592,0.0,0.0
GSTA1,7.9777856e-05,0.0,-1.0
GSTA2,7.9777856e-05,0.0,-1.0
GSTM1,0.0013195316,0.0,-1.0
GSTM2,0.00012757561,0.0,-1.0
GSTM3,0.00032057354,0.0,-1.0
GSTM4,0.16152915,0.0,-1.0
GSTO1,0.115867525,0.0,-1.0
GSTP1,0.17214094,0.0,-1.0
GSTZ1,0.00011780592,0.0,0.0
GTF2A1,0.26044285,0.0,-1.0
GTF2A1L,0.15018001,0.0,0.0
GTF2A2,0.19304115,0.0,0.0
GTF2B,0.72067934,1.0,-1.0
GTF2E1,0.3935732,0.0,0.0
GTF2E2,0.5446193,1.0,0.0
GTF2F1,0.3998367,0.0,0.0
GTF2F2,0.37257493,0.0,0.0
GTF2H1,0.47905472,0.0,-1.0
GTF2H2,0.104185864,0.0,0.0
GTF2H3,0.08803128,0.0,0.0
GTF2H4,0.15539114,0.0,0.0
GTF2H5,0.058611743,0.0,-1.0
GTF2I,0.57860786,1.0,1.0
GTF2IRD1,0.18198864,0.0,0.0
GTF3A,0.11936687,0.0,0.0
GTF3C1,0.3065552,0.0,0.0
GTF3C2,0.18325156,0.0,0.0
GTF3C3,0.16990095,0.0,0.0
GTF3C4,0.2890611,0.0,0.0
GTF3C5,0.16620015,0.0,0.0
GTPBP1,0.05235012,0.0,0.0
GTPBP10,0.025838004,0.0,0.0
GTPBP3,0.081756674,0.0,0.0
GTPBP4,0.11235766,0.0,0.0
GUCA1A,0.044087406,0.0,-1.0
GUCA1B,0.086151876,0.0,-1.0
GUCA2A,0.00185655,0.0,0.0
GUCA2B,0.0015855983,0.0,0.0
GUCY1A1,0.04117359,0.0,0.0
GUCY1A2,0.14625905,0.0,-1.0
GUCY1B1,0.0764768,0.0,0.0
GUCY2C,0.005937781,0.0,-1.0
GUCY2D,0.01905156,0.0,-1.0
GUCY2F,0.19386466,0.0,0.0
GULP1,0.12358278,0.0,0.0
GUSB,0.03398751,0.0,-1.0
GYG1,0.130516,0.0,0.0
GYG2,0.100073494,0.0,0.0
GYPB,0.03423749,0.0,0.0
GYPC,0.15031545,0.0,-1.0
GYS1,0.16862172,0.0,-1.0
GZMA,0.34220186,0.0,-1.0
GZMB,0.56271076,1.0,-1.0
H1-0,0.23084709,0.0,0.0
H1-1,0.1946644,0.0,0.0
H1-2,0.13690723,0.0,-1.0
H1-4,0.11713657,0.0,1.0
H1-5,0.33529368,0.0,1.0
H2AC13,0.06941627,0.0,0.0
H2AC14,0.17096283,0.0,0.0
H2AC16,0.18445912,0.0,-1.0
H2AC18,0.078527816,0.0,0.0
H2AC20,0.18108203,0.0,-1.0
H2AC4,0.08747336,0.0,0.0
H2AC6,0.16682927,0.0,-1.0
H2AC8,0.19921055,0.0,0.0
H2AP,0.067731395,0.0,0.0
H2AW,0.13687757,0.0,0.0
H2AX,0.4064942,0.0,-1.0
H2AZ1,0.24137262,0.0,-1.0
H2BC11,0.11057212,0.0,-1.0
H2BC15,0.11420024,0.0,0.0
H2BC21,0.6110107,1.0,0.0
H2BC3,0.071594335,0.0,-1.0
H2BC5,0.21217375,0.0,-1.0
H2BC8,0.24093072,0.0,-1.0
H2BU1,0.20213039,0.0,0.0
H3-3A,0.61364526,1.0,1.0
H3-3B,0.22361165,0.0,1.0
H3-4,0.7830541,1.0,-1.0
H3C1,0.20857912,0.0,-1.0
H3C10,0.073814616,0.0,-1.0
H3C14,0.28859195,0.0,-1.0
H3C3,0.26016685,0.0,-1.0
H3C6,0.26493087,0.0,-1.0
H3C8,0.09643609,0.0,-1.0
H4-16,0.44435486,0.0,-1.0
H4C1,0.2916693,0.0,0.0
H4C14,0.42618653,0.0,0.0
H4C6,0.38988236,0.0,0.0
HAAO,0.027970057,0.0,0.0
HABP2,0.13550958,0.0,0.0
HABP4,0.33220628,0.0,0.0
HACD2,0.1140066,0.0,0.0
HACD3,0.042985257,0.0,0.0
HACE1,0.084291354,0.0,-1.0
HACL1,0.0018297057,0.0,0.0
HADH,0.04008323,0.0,0.0
HADHB,0.10934823,0.0,0.0
HAGH,0.056590095,0.0,0.0
HAMP,0.014162004,0.0,-1.0
HAND1,0.33201733,0.0,0.0
HAND2,0.48928866,0.0,0.0
HAP1,0.31088674,0.0,0.0
HAPLN1,0.059190597,0.0,-1.0
HARS1,0.10238532,0.0,0.0
HAT1,0.07964908,0.0,0.0
HAUS1,0.096436046,0.0,0.0
HAUS2,0.023634017,0.0,0.0
HAUS7,0.1754926,0.0,0.0
HAVCR1,0.09406938,0.0,-1.0
HAX1,0.20772395,0.0,-1.0
HBA1,0.09196004,0.0,-1.0
HBA2,0.0010789472,0.0,-1.0
HBB,0.0070850113,0.0,-1.0
HBE1,0.0007294964,0.0,0.0
HBEGF,0.3442915,0.0,-1.0
HBG2,0.008404064,0.0,-1.0
HBP1,0.2859658,0.0,-1.0
HBZ,0.02899549,0.0,0.0
HCFC1,0.66213596,1.0,0.0
HCFC1R1,0.14471951,0.0,0.0
HCFC2,0.15122662,0.0,-1.0
HCK,0.7782792,1.0,-1.0
HCLS1,0.42026863,0.0,-1.0
HCN1,0.001502262,0.0,-1.0
HCN2,0.0011916585,0.0,0.0
HCN4,0.0030641013,0.0,-1.0
HCRT,0.028778736,0.0,-1.0
HCRTR1,0.02924374,0.0,0.0
HCRTR2,0.06850855,0.0,0.0
HCST,0.048379254,0.0,0.0
HDAC1,0.95105547,1.0,1.0
HDAC10,0.2614694,0.0,-1.0
HDAC11,0.12311949,0.0,-1.0
HDAC2,0.8682438,1.0,-1.0
HDAC3,0.8753971,1.0,-1.0
HDAC4,0.8158704,1.0,1.0
HDAC5,0.7811811,1.0,-1.0
HDAC6,0.5011741,1.0,-1.0
HDAC7,0.4689429,0.0,1.0
HDAC8,0.18636438,0.0,-1.0
HDAC9,0.60706127,1.0,-1.0
HDDC3,0.08491197,0.0,0.0
HDGF,0.15135986,0.0,0.0
HDHD2,0.11105625,0.0,0.0
HDHD3,0.06348733,0.0,0.0
HDHD5,0.03933007,0.0,-1.0
HDLBP,0.32591662,0.0,-1.0
HEATR1,0.19422494,0.0,-1.0
HEBP2,0.23826228,0.0,0.0
HECTD1,0.21022116,0.0,-1.0
HECW1,0.1995845,0.0,-1.0
HECW2,0.2994407,0.0,-1.0
HELB,0.2834679,0.0,0.0
HELZ,0.4254397,0.0,0.0
HERC1,0.3370983,0.0,-1.0
HERC2,0.38115695,0.0,-1.0
HERC3,0.09767639,0.0,0.0
HERC4,0.046739385,0.0,0.0
HERC5,0.3011278,0.0,0.0
HERC6,0.043675285,0.0,0.0
HERPUD1,0.30090708,0.0,1.0
HES1,0.67233646,1.0,-1.0
HES5,0.11122579,0.0,-1.0
HES6,0.21195067,0.0,0.0
HESX1,0.0358082,0.0,-1.0
HEXA,0.04187147,0.0,-1.0
HEXB,0.054282114,0.0,-1.0
HEXD,0.09809358,0.0,0.0
HEXIM1,0.18799193,0.0,-1.0
HEXIM2,0.08203012,0.0,0.0
HEY1,0.4264773,0.0,1.0
HEY2,0.49597824,0.0,-1.0
HEYL,0.42168784,0.0,-1.0
HFE,0.0287976,0.0,-1.0
HGF,0.26416412,0.0,1.0
HGFAC,0.08236708,0.0,0.0
HGH1,0.084557176,0.0,0.0
HGS,0.6315944,1.0,0.0
HHEX,0.3694359,0.0,-1.0
HHIP,0.2189636,0.0,-1.0
HHLA3,0.05313765,0.0,0.0
HIC1,0.2499108,0.0,-1.0
HIC2,0.16776712,0.0,0.0
HID1,0.20316873,0.0,0.0
HIF1A,0.7794668,1.0,1.0
HIF1AN,0.1957051,0.0,-1.0
HIF3A,0.23562866,0.0,0.0
HIGD1B,0.041406006,0.0,0.0
HINFP,0.11855392,0.0,-1.0
HINT1,0.031328715,0.0,0.0
HIP1,0.47957695,0.0,1.0
HIP1R,0.32909647,0.0,0.0
HIPK1,0.4168019,0.0,0.0
HIPK2,0.75748295,1.0,-1.0
HIPK3,0.5039754,1.0,0.0
HIRA,0.4709749,0.0,-1.0
HIRIP3,0.27274287,0.0,0.0
HIVEP1,0.19677892,0.0,-1.0
HIVEP2,0.21461122,0.0,0.0
HIVEP3,0.32266846,0.0,-1.0
HJURP,0.01798818,0.0,0.0
HK1,0.106315374,0.0,-1.0
HK2,0.2251574,0.0,-1.0
HK3,0.12970683,0.0,-1.0
HLA-A,0.54007065,1.0,1.0
HLA-B,0.38121632,0.0,1.0
HLA-C,0.18076468,0.0,1.0
HLA-DMA,0.15849406,0.0,0.0
HLA-DMB,0.18143786,0.0,0.0
HLA-DOA,0.058755692,0.0,0.0
HLA-DOB,0.07939223,0.0,0.0
HLA-DPA1,0.15804577,0.0,0.0
HLA-DPB1,0.13224015,0.0,0.0
HLA-DQA1,0.15068355,0.0,-1.0
HLA-DQA2,0.17749211,0.0,-1.0
HLA-DQB1,0.19224513,0.0,-1.0
HLA-DRA,0.23387046,0.0,-1.0
HLA-DRB1,0.21853754,0.0,-1.0
HLA-DRB3,0.079869084,0.0,0.0
HLA-DRB4,0.05466373,0.0,0.0
HLA-DRB5,0.14092064,0.0,-1.0
HLA-E,0.11890136,0.0,0.0
HLA-F,0.29259306,0.0,-1.0
HLA-G,0.24673785,0.0,-1.0
HLF,0.19610249,0.0,1.0
HLTF,0.087122954,0.0,-1.0
HM13,0.010463842,0.0,-1.0
HMBS,0.17784074,0.0,-1.0
HMG20A,0.24282327,0.0,0.0
HMG20B,0.29193985,0.0,0.0
HMGA1,0.56302774,1.0,1.0
HMGA2,0.2981136,0.0,1.0
HMGB1,0.6330523,1.0,-1.0
HMGB2,0.5133433,1.0,-1.0
HMGCL,0.07519937,0.0,0.0
HMGCR,0.19493651,0.0,-1.0
HMGN1,0.2432559,0.0,0.0
HMGN2,0.24640876,0.0,0.0
HMGN3,0.18777408,0.0,0.0
HMGXB4,0.043852124,0.0,0.0
HMMR,0.046107523,0.0,0.0
HMOX1,0.04339924,0.0,-1.0
HMOX2,0.15889832,0.0,0.0
HNF1A,0.6737916,1.0,1.0
HNF1B,0.27760077,0.0,-1.0
HNF4A,0.7616299,1.0,-1.0
HNF4G,0.25563902,0.0,0.0
HNRNPA0,0.20759657,0.0,0.0
HNRNPA1,0.31121558,0.0,0.0
HNRNPA2B1,0.30149084,0.0,1.0
HNRNPA3,0.12441497,0.0,-1.0
HNRNPAB,0.2014266,0.0,0.0
HNRNPC,0.34515697,0.0,-1.0
HNRNPD,0.37063885,0.0,-1.0
HNRNPF,0.16517316,0.0,0.0
HNRNPH1,0.20133834,0.0,0.0
HNRNPH3,0.14585437,0.0,-1.0
HNRNPK,0.61264324,1.0,-1.0
HNRNPL,0.3761136,0.0,-1.0
HNRNPLL,0.06397007,0.0,0.0
HNRNPM,0.2229323,0.0,0.0
HNRNPR,0.10657317,0.0,0.0
HNRNPU,0.57762754,1.0,-1.0
HNRNPUL1,0.2515369,0.0,0.0
HOMER1,0.47717986,0.0,0.0
HOMER2,0.2091394,0.0,0.0
HOMER3,0.34976265,0.0,0.0
HOMEZ,0.18156254,0.0,0.0
HOOK1,0.1956452,0.0,0.0
HOOK2,0.3360551,0.0,0.0
HOOK3,0.12908123,0.0,1.0
HOPX,0.11376979,0.0,0.0
HOXA1,0.12623958,0.0,-1.0
HOXA10,0.6389851,1.0,-1.0
HOXA11,0.50253767,1.0,1.0
HOXA13,0.62953246,1.0,1.0
HOXA2,0.3900814,0.0,0.0
HOXA3,0.19083601,0.0,-1.0
HOXA5,0.4966321,0.0,0.0
HOXA7,0.34543288,0.0,-1.0
HOXA9,0.6925898,1.0,1.0
HOXB1,0.4059974,0.0,0.0
HOXB13,0.6683045,1.0,1.0
HOXB2,0.26503465,0.0,0.0
HOXB3,0.24597132,0.0,0.0
HOXB4,0.39362913,0.0,0.0
HOXB6,0.33389735,0.0,0.0
HOXB7,0.36753598,0.0,0.0
HOXB8,0.53283095,1.0,-1.0
HOXB9,0.24119028,0.0,0.0
HOXC10,0.17620587,0.0,0.0
HOXC13,0.3917466,0.0,1.0
HOXC4,0.19025508,0.0,0.0
HOXC8,0.38524455,0.0,-1.0
HOXC9,0.086969025,0.0,0.0
HOXD10,0.42169747,0.0,-1.0
HOXD11,0.6464118,1.0,1.0
HOXD12,0.41945606,0.0,0.0
HOXD13,0.36182132,0.0,1.0
HOXD4,0.5588674,1.0,0.0
HOXD9,0.3069953,0.0,0.0
HP,0.05927818,0.0,0.0
HPCA,0.07338967,0.0,0.0
HPCAL1,0.116213,0.0,0.0
HPCAL4,0.07138373,0.0,0.0
HPF1,0.040294718,0.0,0.0
HPGDS,0.06575405,0.0,0.0
HPN,0.14268091,0.0,0.0
HPR,0.12979087,0.0,-1.0
HPRT1,0.09671254,0.0,-1.0
HPS1,0.00075747084,0.0,-1.0
HPS4,0.00075747084,0.0,-1.0
HPS5,0.11185474,0.0,-1.0
HPS6,0.09217074,0.0,-1.0
HR,0.3062443,0.0,-1.0
HRAS,0.9562575,1.0,1.0
HRC,0.004898149,0.0,0.0
HRG,0.20575894,0.0,-1.0
HRH2,0.0089231795,0.0,0.0
HRH4,0.07084623,0.0,-1.0
HRK,0.2780968,0.0,-1.0
HS1BP3,0.13359195,0.0,-1.0
HSBP1,0.14598644,0.0,-1.0
HSD17B10,0.046983436,0.0,-1.0
HSD17B14,0.11782332,0.0,0.0
HSD17B4,0.10250374,0.0,-1.0
HSF1,0.6628434,1.0,-1.0
HSF2,0.19977269,0.0,0.0
HSF2BP,0.07430297,0.0,0.0
HSF4,0.07089295,0.0,-1.0
HSFX1,0.053554162,0.0,0.0
HSH2D,0.14170854,0.0,0.0
HSP90AA1,0.89550054,1.0,1.0
HSP90AB1,0.57942504,1.0,1.0
HSP90AB2P,0.035220645,0.0,0.0
HSP90B1,0.56180394,1.0,-1.0
HSPA13,0.12063486,0.0,0.0
HSPA14,0.043802246,0.0,0.0
HSPA1A,0.6574872,1.0,0.0
HSPA1B,0.25662264,0.0,0.0
HSPA2,0.13881095,0.0,0.0
HSPA4,0.21923278,0.0,-1.0
HSPA4L,0.03888453,0.0,0.0
HSPA5,0.5015129,1.0,-1.0
HSPA8,0.7493862,1.0,-1.0
HSPA9,0.2786049,0.0,-1.0
HSPB1,0.3136958,0.0,-1.0
HSPB11,9.458521e-05,0.0,0.0
HSPB2,0.13508587,0.0,-1.0
HSPB3,0.07446457,0.0,-1.0
HSPB6,0.10593759,0.0,0.0
HSPB7,0.007227726,0.0,0.0
HSPB8,0.050906368,0.0,-1.0
HSPB9,0.036674753,0.0,0.0
HSPBAP1,0.04240449,0.0,-1.0
HSPBP1,0.23384249,0.0,0.0
HSPD1,0.3729737,0.0,-1.0
HSPE1,0.25682473,0.0,0.0
HSPG2,0.67161393,1.0,-1.0
HSPH1,0.33582342,0.0,-1.0
HTATIP2,0.07187973,0.0,-1.0
HTATSF1,0.24517803,0.0,0.0
HTN1,0.03516299,0.0,0.0
HTN3,0.01017982,0.0,0.0
HTR1A,0.2700167,0.0,0.0
HTR1B,0.18708372,0.0,0.0
HTR1D,0.25871313,0.0,0.0
HTR1F,0.04926569,0.0,0.0
HTR2A,0.1228227,0.0,0.0
HTR2B,0.06638644,0.0,0.0
HTR2C,0.18255207,0.0,0.0
HTR3A,0.07996547,0.0,0.0
HTR4,0.012746785,0.0,0.0
HTR6,0.1105254,0.0,0.0
HTR7,0.057638142,0.0,-1.0
HTRA1,0.2708065,0.0,-1.0
HTRA2,0.2752967,0.0,-1.0
HTT,0.72695136,1.0,-1.0
HUNK,0.12640955,0.0,0.0
HUS1,0.34839264,0.0,-1.0
HUS1B,0.12680653,0.0,0.0
HUWE1,0.3433916,0.0,-1.0
HYAL2,0.12854807,0.0,-1.0
HYI,0.023004983,0.0,0.0
HYLS1,0.0626714,0.0,0.0
HYPK,0.067731395,0.0,0.0
IAPP,0.025316434,0.0,0.0
IARS1,0.1745411,0.0,0.0
IBTK,0.19911465,0.0,0.0
ICAM1,0.25242344,0.0,-1.0
ICAM2,0.20145714,0.0,0.0
ICAM3,0.2009736,0.0,-1.0
ICAM4,0.17469189,0.0,-1.0
ICAM5,0.2341601,0.0,-1.0
ICMT,0.20673364,0.0,0.0
ICOS,0.0013368095,0.0,-1.0
ICOSLG,0.0013368095,0.0,1.0
ID1,0.38211104,0.0,-1.0
ID2,0.5672277,1.0,-1.0
ID3,0.5316195,1.0,1.0
ID4,0.27521598,0.0,-1.0
IDE,0.22810107,0.0,0.0
IDH1,0.12887935,0.0,1.0
IDH2,0.14764431,0.0,1.0
IDH3A,0.048230108,0.0,-1.0
IDH3B,0.087140016,0.0,-1.0
IDH3G,0.0426554,0.0,-1.0
IDO1,0.12781098,0.0,-1.0
IDUA,0.026795369,0.0,-1.0
IER3,0.1320799,0.0,-1.0
IFFO1,0.17810711,0.0,0.0
IFI16,0.49947292,0.0,-1.0
IFI27,0.2649238,0.0,-1.0
IFI35,0.16076611,0.0,0.0
IFI6,0.0709646,0.0,0.0
IFIT1,0.030401435,0.0,0.0
IFIT2,0.013643604,0.0,0.0
IFIT3,0.015109505,0.0,-1.0
IFIT5,0.03955211,0.0,0.0
IFITM1,0.057547383,0.0,0.0
IFITM2,0.27396,0.0,-1.0
IFNA1,0.13185416,0.0,-1.0
IFNA2,0.07190003,0.0,-1.0
IFNA5,0.064351484,0.0,-1.0
IFNA8,0.05807181,0.0,-1.0
IFNAR1,0.3279321,0.0,-1.0
IFNAR2,0.106830284,0.0,-1.0
IFNB1,0.06832726,0.0,-1.0
IFNG,0.22498178,0.0,-1.0
IFNGR1,0.36096933,0.0,1.0
IFNGR2,0.2806049,0.0,-1.0
IFNL1,0.015944513,0.0,0.0
IFNL2,0.016853588,0.0,0.0
IFNL3,0.021868076,0.0,0.0
IFNLR1,0.012388907,0.0,0.0
IFNW1,0.04645687,0.0,0.0
IFRD1,0.12870376,0.0,0.0
IFT140,0.11650692,0.0,-1.0
IFT172,0.22459348,0.0,0.0
IFT20,0.19098826,0.0,0.0
IFT27,9.458521e-05,0.0,0.0
IFT57,0.109860346,0.0,0.0
IFT80,0.059260286,0.0,0.0
IFT88,0.23408759,0.0,0.0
IGBP1,0.18122388,0.0,-1.0
IGDCC3,0.1633824,0.0,0.0
IGF1,0.24124117,0.0,1.0
IGF1R,0.8952343,1.0,1.0
IGF2,0.24265589,0.0,1.0
IGF2BP1,0.17951766,0.0,-1.0
IGF2BP2,0.08981841,0.0,1.0
IGF2R,0.33423123,0.0,-1.0
IGFALS,0.15987553,0.0,-1.0
IGFBP1,0.06712263,0.0,-1.0
IGFBP2,0.15088609,0.0,-1.0
IGFBP3,0.3732397,0.0,-1.0
IGFBP4,0.17197746,0.0,0.0
IGFBP5,0.33922294,0.0,-1.0
IGFBP6,0.11016877,0.0,-1.0
IGFBP7,0.20100409,0.0,-1.0
IGHD,0.14866781,0.0,0.0
IGHG1,0.6700723,1.0,-1.0
IGHM,0.29175523,0.0,0.0
IGHMBP2,0.04986701,0.0,-1.0
IGKC,0.4881694,0.0,0.0
IGLC1,0.063856095,0.0,0.0
IGLL1,0.06502676,0.0,-1.0
IGSF1,0.27212623,0.0,0.0
IGSF21,0.40019348,0.0,0.0
IGSF5,0.14764692,0.0,0.0
IGSF8,0.18780166,0.0,-1.0
IGSF9,0.12677404,0.0,0.0
IHH,0.27263108,0.0,-1.0
IK,0.1741592,0.0,0.0
IKBKB,0.74083436,1.0,1.0
IKBKE,0.48612443,0.0,1.0
IKBKG,0.8033491,1.0,-1.0
IKZF1,0.6025866,1.0,1.0
IKZF2,0.27978414,0.0,-1.0
IKZF3,0.4065255,0.0,1.0
IKZF4,0.5131008,1.0,0.0
IKZF5,0.28608826,0.0,0.0
IL10,0.0820159,0.0,-1.0
IL10RA,0.11830304,0.0,-1.0
IL10RB,0.017185187,0.0,-1.0
IL11,0.016109819,0.0,0.0
IL11RA,0.011528536,0.0,0.0
IL12A,0.19161546,0.0,-1.0
IL12B,0.18956232,0.0,-1.0
IL12RB1,0.16349708,0.0,-1.0
IL12RB2,0.23226449,0.0,-1.0
IL13,0.18297155,0.0,-1.0
IL13RA1,0.25179052,0.0,-1.0
IL13RA2,0.0815644,0.0,0.0
IL15,0.15029335,0.0,-1.0
IL15RA,0.22703727,0.0,-1.0
IL16,0.3916043,0.0,-1.0
IL17A,0.001741199,0.0,-1.0
IL17B,0.05604538,0.0,0.0
IL17RA,0.001741199,0.0,-1.0
IL17RB,0.03298119,0.0,-1.0
IL17RD,0.1360206,0.0,0.0
IL18,0.14174621,0.0,0.0
IL18BP,0.08563992,0.0,0.0
IL18R1,0.117125936,0.0,0.0
IL18RAP,0.11796704,0.0,-1.0
IL19,0.0014485912,0.0,0.0
IL1A,0.15260488,0.0,-1.0
IL1B,0.16846035,0.0,-1.0
IL1F10,0.06167854,0.0,0.0
IL1R1,0.31083372,0.0,-1.0
IL1R2,0.09924542,0.0,-1.0
IL1RAP,0.37505943,0.0,0.0
IL1RAPL1,0.08841227,0.0,-1.0
IL1RL1,0.13017371,0.0,-1.0
IL1RL2,0.03324259,0.0,0.0
IL1RN,0.06184211,0.0,-1.0
IL2,0.19858694,0.0,1.0
IL20,0.002336844,0.0,0.0
IL20RA,0.00037187984,0.0,0.0
IL20RB,0.009060734,0.0,0.0
IL21,0.08178696,0.0,0.0
IL21R,0.12325256,0.0,1.0
IL22,0.011603288,0.0,-1.0
IL22RA1,0.032578595,0.0,-1.0
IL22RA2,0.009861951,0.0,0.0
IL23A,0.095046066,0.0,-1.0
IL23R,0.17010804,0.0,-1.0
IL24,0.001226893,0.0,-1.0
IL25,0.020950368,0.0,0.0
IL27,0.09687925,0.0,0.0
IL27RA,0.17462333,0.0,0.0
IL2RA,0.3383811,0.0,-1.0
IL2RB,0.6882039,1.0,-1.0
IL2RG,0.52240855,1.0,-1.0
IL3,0.49278048,0.0,1.0
IL31RA,0.15556075,0.0,0.0
IL32,0.09900416,0.0,0.0
IL33,0.08817873,0.0,0.0
IL34,0.07405997,0.0,0.0
IL36RN,0.06567394,0.0,0.0
IL37,0.13231806,0.0,0.0
IL3RA,0.45917487,0.0,-1.0
IL4,0.16357692,0.0,-1.0
IL4R,0.670449,1.0,-1.0
IL5,0.05053135,0.0,-1.0
IL5RA,0.13984717,0.0,-1.0
IL6,0.18593138,0.0,-1.0
IL6R,0.30458468,0.0,-1.0
IL6ST,0.7403717,1.0,1.0
IL7,0.18586981,0.0,-1.0
IL7R,0.5468402,1.0,1.0
IL9,0.023564817,0.0,-1.0
IL9R,0.094126396,0.0,0.0
ILF2,0.1588567,0.0,0.0
ILF3,0.19784828,0.0,0.0
ILK,0.3328929,0.0,-1.0
ILKAP,0.059611566,0.0,0.0
ILVBL,0.065885544,0.0,0.0
IMMT,0.1722828,0.0,0.0
IMP3,0.10654239,0.0,0.0
IMP4,0.08350918,0.0,-1.0
IMPA1,0.0258264,0.0,-1.0
IMPA2,0.1675896,0.0,0.0
IMPDH2,0.12021045,0.0,0.0
INA,0.3385063,0.0,0.0
INCA1,0.120740846,0.0,0.0
INCENP,0.35882306,0.0,0.0
ING1,0.6337591,1.0,-1.0
ING2,0.22315818,0.0,-1.0
ING3,0.1877167,0.0,-1.0
ING4,0.24053466,0.0,-1.0
ING5,0.38317522,0.0,0.0
INHA,0.16775677,0.0,1.0
INHBA,0.31817734,0.0,1.0
INHBB,0.27375087,0.0,0.0
INHBC,0.28590262,0.0,0.0
INHBE,0.03716979,0.0,-1.0
INO80B,0.079152815,0.0,0.0
INO80C,0.067378215,0.0,0.0
INPP1,0.05933351,0.0,0.0
INPP4A,0.14255533,0.0,-1.0
INPP5A,0.16231842,0.0,0.0
INPP5B,0.23939577,0.0,0.0
INPP5D,0.6980585,1.0,-1.0
INPP5E,0.074177384,0.0,0.0
INPP5K,0.023196071,0.0,-1.0
INPPL1,0.39333904,0.0,1.0
INS,0.2503592,0.0,-1.0
INSC,0.23862031,0.0,0.0
INSIG1,0.17508827,0.0,0.0
INSIG2,0.116924375,0.0,0.0
INSL3,0.068252385,0.0,-1.0
INSM1,0.169144,0.0,0.0
INSR,0.93207586,1.0,1.0
INSRR,0.32252514,0.0,-1.0
INTS1,0.19886936,0.0,0.0
INTS10,0.08556598,0.0,0.0
INTS11,0.06810652,0.0,0.0
INTS13,0.025428548,0.0,0.0
INTS4,0.027618289,0.0,-1.0
INTS9,0.0665592,0.0,0.0
INVS,0.16855292,0.0,0.0
IP6K1,0.054027516,0.0,0.0
IP6K2,0.06626601,0.0,0.0
IPCEF1,0.020534089,0.0,0.0
IPO11,0.10372672,0.0,0.0
IPO13,0.28547192,0.0,0.0
IPO5,0.22413892,0.0,-1.0
IPO7,0.26093748,0.0,-1.0
IPO8,0.15322877,0.0,0.0
IPO9,0.11163357,0.0,0.0
IPP,0.07740759,0.0,0.0
IQCB1,0.07513381,0.0,-1.0
IQCG,0.07060467,0.0,-1.0
IQCN,0.08199493,0.0,0.0
IQGAP1,0.5184829,1.0,-1.0
IQGAP2,0.15234655,0.0,-1.0
IQUB,0.096179985,0.0,0.0
IRAG1,0.22591561,0.0,-1.0
IRAK1,0.8194289,1.0,0.0
IRAK1BP1,0.22926402,0.0,0.0
IRAK2,0.5521393,1.0,-1.0
IRAK3,0.34789753,0.0,0.0
IRAK4,0.40775722,0.0,-1.0
IREB2,0.11906751,0.0,0.0
IRF1,0.3481376,0.0,1.0
IRF2,0.42068052,0.0,-1.0
IRF2BP1,0.15583056,0.0,0.0
IRF2BP2,0.096128605,0.0,-1.0
IRF2BPL,0.059899542,0.0,0.0
IRF3,0.625208,1.0,0.0
IRF4,0.42738658,0.0,1.0
IRF5,0.3092914,0.0,-1.0
IRF7,0.6166966,1.0,-1.0
IRF8,0.27387694,0.0,1.0
IRF9,0.14940087,0.0,0.0
IRS1,0.90158814,1.0,1.0
IRS2,0.83230066,1.0,1.0
IRS4,0.5520584,1.0,1.0
IRX4,0.06332662,0.0,0.0
IRX5,0.05864019,0.0,0.0
ISG15,0.053413983,0.0,0.0
ISG20L2,0.18878542,0.0,0.0
ISL1,0.52587754,1.0,0.0
ISL2,0.15438506,0.0,0.0
ISOC2,0.09338143,0.0,-1.0
IST1,0.051789988,0.0,0.0
ISYNA1,0.06603522,0.0,0.0
ITCH,0.469593,0.0,-1.0
ITFG2,0.046530984,0.0,0.0
ITGA1,0.31920555,0.0,-1.0
ITGA10,0.3247147,0.0,0.0
ITGA11,0.10410761,0.0,-1.0
ITGA2,0.23066677,0.0,-1.0
ITGA2B,0.45838797,0.0,-1.0
ITGA3,0.33312503,0.0,-1.0
ITGA4,0.15912159,0.0,-1.0
ITGA5,0.40245444,0.0,-1.0
ITGA6,0.5671711,1.0,-1.0
ITGA7,0.0728106,0.0,-1.0
ITGA8,0.21381813,0.0,0.0
ITGA9,0.22804625,0.0,-1.0
ITGAD,0.1335832,0.0,0.0
ITGAE,0.377686,0.0,-1.0
ITGAL,0.28199393,0.0,0.0
ITGAM,0.22494797,0.0,-1.0
ITGAV,0.34822518,0.0,1.0
ITGAX,0.11246495,0.0,-1.0
ITGB1,0.83009607,1.0,-1.0
ITGB1BP1,0.1285657,0.0,0.0
ITGB1BP2,0.17661613,0.0,0.0
ITGB2,0.48892173,0.0,-1.0
ITGB3,0.75933665,1.0,-1.0
ITGB3BP,0.39468196,0.0,0.0
ITGB4,0.3938285,0.0,-1.0
ITGB5,0.5693945,1.0,-1.0
ITGB6,0.229919,0.0,0.0
ITGB7,0.44689927,0.0,-1.0
ITGB8,0.1857381,0.0,0.0
ITIH2,0.055533648,0.0,0.0
ITIH3,0.06569393,0.0,0.0
ITIH4,0.025486598,0.0,0.0
ITK,0.6898979,1.0,1.0
ITLN1,0.00057407113,0.0,-1.0
ITM2B,0.061292578,0.0,-1.0
ITM2C,0.095738284,0.0,0.0
ITPK1,0.15450317,0.0,0.0
ITPKA,0.09895228,0.0,0.0
ITPKB,0.10607903,0.0,-1.0
ITPR1,0.68881214,1.0,-1.0
ITPR2,0.38378465,0.0,-1.0
ITPR3,0.555084,1.0,-1.0
ITPRID2,0.058324598,0.0,0.0
ITPRIP,0.11629565,0.0,0.0
ITPRIPL1,0.0373764,0.0,0.0
ITSN1,0.4853322,0.0,0.0
ITSN2,0.32592162,0.0,0.0
IVL,0.0013250546,0.0,0.0
IVNS1ABP,0.14936353,0.0,0.0
IWS1,0.13338679,0.0,-1.0
JADE1,0.15374433,0.0,0.0
JAG1,0.4051309,0.0,-1.0
JAG2,0.25104007,0.0,-1.0
JAK1,0.9027749,1.0,1.0
JAK2,0.93790984,1.0,1.0
JAK3,0.7665375,1.0,1.0
JAKMIP1,0.18050472,0.0,-1.0
JAKMIP2,0.034931567,0.0,-1.0
JAM2,0.079079,0.0,0.0
JAM3,0.11621461,0.0,0.0
JARID2,0.2790227,0.0,1.0
JAZF1,0.07237652,0.0,-1.0
JCHAIN,0.1376928,0.0,0.0
JDP2,0.535669,1.0,-1.0
JKAMP,0.07244762,0.0,0.0
JMJD1C,0.28785205,0.0,-1.0
JMJD7-PLA2G4B,0.051834986,0.0,-1.0
JMY,0.1524463,0.0,0.0
JPH2,0.012054461,0.0,-1.0
JPH3,0.06356854,0.0,0.0
JPT1,0.102817774,0.0,0.0
JPT2,0.037011154,0.0,0.0
JTB,0.075379446,0.0,0.0
JUN,0.9604982,1.0,1.0
JUNB,0.38718593,0.0,-1.0
JUND,0.6143534,1.0,-1.0
JUP,0.8329979,1.0,-1.0
KALRN,0.3018564,0.0,-1.0
KANK1,0.17074366,0.0,-1.0
KANSL1,0.1880225,0.0,-1.0
KANSL3,0.044531576,0.0,0.0
KARS1,0.15248291,0.0,-1.0
KASH5,0.00035820677,0.0,-1.0
KAT14,0.053179216,0.0,-1.0
KAT2A,0.5702419,1.0,-1.0
KAT2B,0.8836207,1.0,-1.0
KAT5,0.6272592,1.0,-1.0
KAT6A,0.27058023,0.0,1.0
KAT6B,0.23466736,0.0,1.0
KAT7,0.30551583,0.0,1.0
KAT8,0.07590302,0.0,0.0
KATNA1,0.072830245,0.0,0.0
KATNAL1,0.052672844,0.0,0.0
KATNB1,0.086576015,0.0,-1.0
KATNBL1,0.06727465,0.0,0.0
KAZN,0.17273444,0.0,0.0
KBTBD4,0.07145883,0.0,-1.0
KBTBD7,0.105125,0.0,0.0
KCNA1,0.070902914,0.0,-1.0
KCNA10,0.07706605,0.0,0.0
KCNA2,0.35910812,0.0,0.0
KCNA3,0.179506,0.0,0.0
KCNA4,0.27753657,0.0,-1.0
KCNA5,0.25268325,0.0,-1.0
KCNAB1,0.09699717,0.0,-1.0
KCNAB2,0.15484855,0.0,0.0
KCNB1,0.059562888,0.0,0.0
KCNB2,0.079693414,0.0,-1.0
KCNC1,0.0635981,0.0,0.0
KCND1,0.05091042,0.0,0.0
KCND2,0.036363363,0.0,-1.0
KCND3,0.032184787,0.0,0.0
KCNE1,0.15592425,0.0,-1.0
KCNE2,0.15238447,0.0,-1.0
KCNE4,0.0721686,0.0,0.0
KCNF1,0.023680793,0.0,0.0
KCNG1,0.18720546,0.0,0.0
KCNG2,0.03339313,0.0,0.0
KCNG3,0.052494537,0.0,0.0
KCNG4,0.0297221,0.0,0.0
KCNH1,0.21717487,0.0,-1.0
KCNH2,0.41853642,0.0,-1.0
KCNH5,0.30913064,0.0,-1.0
KCNIP1,0.037303228,0.0,0.0
KCNIP2,0.034149192,0.0,0.0
KCNIP3,0.22224455,0.0,0.0
KCNIP4,0.08603672,0.0,0.0
KCNJ1,0.23455784,0.0,-1.0
KCNJ10,0.06000997,0.0,0.0
KCNJ11,0.26777473,0.0,0.0
KCNJ12,0.35399455,0.0,0.0
KCNJ15,0.028259747,0.0,0.0
KCNJ16,0.030115973,0.0,0.0
KCNJ2,0.2098844,0.0,-1.0
KCNJ3,0.053159557,0.0,0.0
KCNJ4,0.21957609,0.0,0.0
KCNJ5,0.03633163,0.0,1.0
KCNJ6,0.098200664,0.0,0.0
KCNJ8,0.23466547,0.0,-1.0
KCNJ9,0.10252717,0.0,-1.0
KCNK1,0.1868187,0.0,-1.0
KCNK15,0.25177765,0.0,0.0
KCNK18,0.12437698,0.0,-1.0
KCNK3,0.30159715,0.0,0.0
KCNK9,0.2722401,0.0,0.0
KCNMA1,0.19115283,0.0,-1.0
KCNMB1,0.04150609,0.0,0.0
KCNN2,0.08568813,0.0,-1.0
KCNN4,0.132209,0.0,0.0
KCNQ1,0.21347302,0.0,-1.0
KCNQ2,0.1530183,0.0,-1.0
KCNQ3,0.18129162,0.0,-1.0
KCNQ4,0.12286897,0.0,0.0
KCNQ5,0.19356674,0.0,-1.0
KCNRG,0.1282031,0.0,0.0
KCNS3,0.09067894,0.0,0.0
KCNV1,0.08577843,0.0,0.0
KCNV2,0.06180282,0.0,-1.0
KCTD13,0.078778826,0.0,0.0
KCTD15,0.17923565,0.0,0.0
KCTD17,0.06966004,0.0,0.0
KCTD3,0.07181226,0.0,0.0
KCTD4,0.01772181,0.0,0.0
KCTD5,0.056140535,0.0,0.0
KDELR1,0.084514,0.0,-1.0
KDM1A,0.24280159,0.0,-1.0
KDM2A,0.21228097,0.0,-1.0
KDM4B,0.020926213,0.0,0.0
KDM5A,0.38423598,0.0,1.0
KDM5B,0.37657017,0.0,0.0
KDM5D,0.036383037,0.0,0.0
KDM6A,0.29522875,0.0,1.0
KDM8,0.00044329622,0.0,-1.0
KDR,0.8360615,1.0,1.0
KEAP1,0.38034213,0.0,1.0
KEL,0.032843556,0.0,-1.0
KHDC4,0.025676634,0.0,0.0
KHDRBS1,0.7639687,1.0,0.0
KHDRBS2,0.22671871,0.0,-1.0
KHDRBS3,0.2549576,0.0,0.0
KHSRP,0.12669864,0.0,-1.0
KIAA0232,0.033109292,0.0,0.0
KIAA0319,0.14207555,0.0,-1.0
KIAA0408,0.32612965,0.0,0.0
KIAA0513,0.038218267,0.0,0.0
KIAA0930,0.1002724,0.0,0.0
KIAA1191,0.004861831,0.0,0.0
KIAA1217,0.2425689,0.0,0.0
KIAA1549,0.40787822,0.0,-1.0
KIAA1549L,0.037289977,0.0,0.0
KIAA2026,0.12981908,0.0,0.0
KIDINS220,0.34255037,0.0,-1.0
KIF11,0.21298125,0.0,0.0
KIF13A,0.21578358,0.0,-1.0
KIF13B,0.10479155,0.0,0.0
KIF14,0.1790099,0.0,-1.0
KIF15,0.253196,0.0,-1.0
KIF17,0.19269487,0.0,0.0
KIF18A,0.13332652,0.0,0.0
KIF1A,0.3707304,0.0,-1.0
KIF1B,0.28153616,0.0,-1.0
KIF1C,0.253957,0.0,0.0
KIF20A,0.14136553,0.0,0.0
KIF20B,0.13055766,0.0,-1.0
KIF22,0.18124656,0.0,0.0
KIF23,0.26959905,0.0,-1.0
KIF2A,0.2544576,0.0,0.0
KIF2B,0.14437842,0.0,-1.0
KIF2C,0.00059484434,0.0,0.0
KIF3A,0.24729566,0.0,0.0
KIF3B,0.20520027,0.0,0.0
KIF3C,0.10729722,0.0,0.0
KIF4A,0.25454468,0.0,-1.0
KIF5A,0.3377046,0.0,-1.0
KIF5B,0.3200434,0.0,1.0
KIF5C,0.32204026,0.0,-1.0
KIF6,0.05572029,0.0,0.0
KIFAP3,0.3927668,0.0,0.0
KIFBP,0.023758208,0.0,0.0
KIFC2,0.056126386,0.0,0.0
KIFC3,0.17864612,0.0,-1.0
KIR2DL1,0.15668537,0.0,0.0
KIR2DL2,0.07395844,0.0,0.0
KIR2DL3,0.25128785,0.0,0.0
KIR2DL4,0.06222772,0.0,0.0
KIR2DL5A,0.08529259,0.0,0.0
KIR2DS1,0.059534233,0.0,0.0
KIR2DS2,0.057527684,0.0,0.0
KIR2DS4,0.12385365,0.0,0.0
KIR3DL1,0.27015442,0.0,-1.0
KIR3DL2,0.15839134,0.0,0.0
KIR3DS1,0.077336244,0.0,0.0
KIRREL1,0.18138137,0.0,0.0
KIRREL3,0.15815102,0.0,-1.0
KISS1,0.04891527,0.0,0.0
KISS1R,0.031131502,0.0,-1.0
KIT,0.84826595,1.0,1.0
KITLG,0.17021744,0.0,-1.0
KL,0.3479252,0.0,-1.0
KLB,1.1625422e-05,0.0,-1.0
KLC1,0.48939255,0.0,0.0
KLC2,0.35404465,0.0,0.0
KLC3,0.31595552,0.0,0.0
KLC4,0.10753802,0.0,0.0
KLF1,0.2502148,0.0,-1.0
KLF10,0.03487753,0.0,0.0
KLF11,0.20405205,0.0,-1.0
KLF12,0.08780068,0.0,0.0
KLF13,0.30873656,0.0,0.0
KLF16,0.12763357,0.0,0.0
KLF2,0.21032931,0.0,1.0
KLF3,0.13977134,0.0,1.0
KLF4,0.39008182,0.0,1.0
KLF5,0.408049,0.0,1.0
KLF6,0.38490447,0.0,1.0
KLF7,0.00040855203,0.0,0.0
KLF8,0.07595157,0.0,0.0
KLF9,0.11811861,0.0,0.0
KLHDC2,0.17528176,0.0,0.0
KLHDC9,0.045145057,0.0,0.0
KLHL1,0.10155946,0.0,0.0
KLHL12,0.25330803,0.0,0.0
KLHL17,0.060992166,0.0,-1.0
KLHL2,0.12183418,0.0,0.0
KLHL20,0.22187796,0.0,0.0
KLHL26,0.115377225,0.0,0.0
KLHL3,0.14107712,0.0,0.0
KLHL35,0.1015646,0.0,0.0
KLHL41,0.09787455,0.0,0.0
KLHL42,0.17089452,0.0,0.0
KLHL8,0.118014336,0.0,-1.0
KLK1,0.055955637,0.0,-1.0
KLK10,0.006814986,0.0,-1.0
KLK13,0.0071861707,0.0,-1.0
KLK2,0.17390132,0.0,1.0
KLK3,0.12710826,0.0,-1.0
KLK4,0.07668063,0.0,-1.0
KLK5,0.026569074,0.0,-1.0
KLK6,0.034126554,0.0,-1.0
KLKB1,0.103289165,0.0,0.0
KLRA1P,0.07166194,0.0,0.0
KLRB1,0.04851951,0.0,0.0
KLRC1,0.16909565,0.0,0.0
KLRC2,0.09486076,0.0,0.0
KLRC3,0.043901954,0.0,0.0
KLRC4,0.025597723,0.0,0.0
KLRD1,0.10842658,0.0,0.0
KLRG1,0.00077670586,0.0,0.0
KLRK1,0.0041404814,0.0,-1.0
KMT2A,0.22448194,0.0,1.0
KMT2D,0.13520889,0.0,1.0
KMT5A,0.12619305,0.0,-1.0
KMT5C,0.18885215,0.0,0.0
KNG1,0.14099565,0.0,-1.0
KNL1,0.12951241,0.0,1.0
KNSTRN,0.09107319,0.0,1.0
KNTC1,0.23491028,0.0,0.0
KPNA1,0.5203212,1.0,0.0
KPNA2,0.6038106,1.0,0.0
KPNA3,0.34589878,0.0,0.0
KPNA4,0.1379831,0.0,0.0
KPNA5,0.22983608,0.0,-1.0
KPNA6,0.34751233,0.0,0.0
KPNB1,0.67613715,1.0,-1.0
KPTN,0.0779829,0.0,0.0
KRAS,0.74258435,1.0,1.0
KREMEN1,0.10656868,0.0,-1.0
KRI1,0.074730866,0.0,0.0
KRIT1,0.13914749,0.0,-1.0
KRR1,0.08791807,0.0,0.0
KRT1,0.12864847,0.0,-1.0
KRT10,0.17392123,0.0,-1.0
KRT13,0.008684463,0.0,-1.0
KRT14,0.22282761,0.0,-1.0
KRT15,0.46358728,0.0,-1.0
KRT16,0.04075025,0.0,-1.0
KRT17,0.12708104,0.0,-1.0
KRT18,0.72286016,1.0,-1.0
KRT19,0.35696,0.0,0.0
KRT2,0.08222199,0.0,-1.0
KRT20,0.11773683,0.0,0.0
KRT27,0.29541385,0.0,0.0
KRT31,0.06859085,0.0,0.0
KRT5,0.22529674,0.0,-1.0
KRT6A,0.17966366,0.0,-1.0
KRT6B,0.18063605,0.0,-1.0
KRT7,0.10731651,0.0,0.0
KRT8,0.4481002,0.0,-1.0
KRT81,0.14950654,0.0,-1.0
KRT85,0.03842165,0.0,0.0
KRT9,0.031308245,0.0,-1.0
KRTAP3-2,0.053267904,0.0,0.0
KRTAP4-12,0.18578163,0.0,0.0
KSR1,0.2991388,0.0,-1.0
KSR2,0.24028103,0.0,1.0
KTN1,0.22624779,0.0,1.0
KXD1,0.12405912,0.0,0.0
KY,0.017075462,0.0,0.0
KYAT3,0.045676712,0.0,0.0
L1CAM,0.4849667,0.0,-1.0
L3MBTL1,0.15995139,0.0,0.0
L3MBTL2,0.10206826,0.0,0.0
LACRT,0.19318928,0.0,0.0
LAD1,0.05591905,0.0,0.0
LAG3,0.17624862,0.0,0.0
LAIR1,0.2164027,0.0,0.0
LALBA,0.109952055,0.0,0.0
LAMA1,0.28875583,0.0,-1.0
LAMA2,0.13966769,0.0,-1.0
LAMA3,0.23135206,0.0,-1.0
LAMA4,0.24441393,0.0,-1.0
LAMA5,0.35181776,0.0,-1.0
LAMB1,0.098889545,0.0,-1.0
LAMB3,0.24666515,0.0,-1.0
LAMC1,0.41100925,0.0,-1.0
LAMC2,0.31249884,0.0,-1.0
LAMP1,0.100704424,0.0,-1.0
LAMP2,0.14061789,0.0,-1.0
LAMTOR1,0.12546395,0.0,0.0
LAMTOR2,0.026343158,0.0,-1.0
LAMTOR3,0.118170574,0.0,0.0
LAMTOR5,0.13515858,0.0,0.0
LANCL1,0.040538065,0.0,0.0
LAPTM4A,0.12143625,0.0,-1.0
LAPTM5,0.4456426,0.0,-1.0
LARP1,0.19921657,0.0,-1.0
LARS1,0.049387403,0.0,0.0
LASP1,0.20379722,0.0,1.0
LAT,0.6606249,1.0,-1.0
LAT2,0.27955157,0.0,0.0
LATS1,0.24271286,0.0,1.0
LATS2,0.2617415,0.0,1.0
LAX1,0.30607894,0.0,0.0
LBP,0.028906194,0.0,-1.0
LBR,0.26298702,0.0,-1.0
LCAT,0.031749908,0.0,-1.0
LCK,0.94416857,1.0,1.0
LCMT1,0.12092171,0.0,0.0
LCN1,0.040912572,0.0,0.0
LCN2,0.089873284,0.0,0.0
LCOR,0.070639126,0.0,0.0
LCP1,0.027922349,0.0,-1.0
LCP2,0.7046954,1.0,0.0
LCT,0.11654472,0.0,0.0
LDB1,0.3796002,0.0,-1.0
LDB2,0.24871702,0.0,0.0
LDB3,0.1503053,0.0,-1.0
LDHA,0.27653736,0.0,-1.0
LDHB,0.030373363,0.0,-1.0
LDHD,0.021826135,0.0,0.0
LDLR,0.21184373,0.0,-1.0
LDLRAP1,0.23569246,0.0,-1.0
LDOC1,0.26436546,0.0,-1.0
LEF1,0.5655181,1.0,1.0
LEMD3,0.18527655,0.0,-1.0
LENG1,0.19355021,0.0,0.0
LENG8,0.13080855,0.0,0.0
LEO1,0.16918343,0.0,0.0
LEP,0.05065026,0.0,-1.0
LEPR,0.40993002,0.0,-1.0
LEPROTL1,0.00077670586,0.0,1.0
LFNG,0.20851581,0.0,-1.0
LGALS1,0.2308442,0.0,-1.0
LGALS13,0.10856015,0.0,0.0
LGALS2,0.27738345,0.0,0.0
LGALS3,0.112514555,0.0,-1.0
LGALS3BP,0.21188821,0.0,-1.0
LGALS4,0.17738427,0.0,0.0
LGALS7,0.047434967,0.0,0.0
LGALS8,0.17854878,0.0,0.0
LGI1,0.035553258,0.0,-1.0
LGTN,0.04679729,0.0,0.0
LHB,0.087460734,0.0,0.0
LHCGR,0.1390664,0.0,-1.0
LHX1,0.38714996,0.0,0.0
LHX2,0.39280495,0.0,0.0
LHX3,0.3706233,0.0,-1.0
LHX4,0.20465711,0.0,-1.0
LHX9,0.22784673,0.0,0.0
LIF,0.31255636,0.0,0.0
LIFR,0.4606327,0.0,1.0
LIG1,0.16316748,0.0,0.0
LIG3,0.13728686,0.0,0.0
LIG4,0.24010321,0.0,-1.0
LILRA3,0.05331082,0.0,0.0
LILRB1,0.37507764,0.0,-1.0
LILRB2,0.4455762,0.0,-1.0
LILRB4,0.27657598,0.0,0.0
LIM2,0.0782351,0.0,0.0
LIMA1,0.10157435,0.0,0.0
LIMD1,0.07586106,0.0,-1.0
LIME1,0.21412705,0.0,0.0
LIMK1,0.46261245,0.0,-1.0
LIMK2,0.34997332,0.0,0.0
LIMS1,0.21651523,0.0,0.0
LIMS2,0.14782107,0.0,0.0
LIN37,0.048281815,0.0,0.0
LIN7A,0.33041126,0.0,-1.0
LIN7B,0.32267058,0.0,0.0
LIN7C,0.24293333,0.0,0.0
LIN9,0.22208142,0.0,-1.0
LINC00305,0.0687399,0.0,0.0
LINC00312,0.011842681,0.0,0.0
LINGO1,0.24019031,0.0,0.0
LIPC,0.11765611,0.0,-1.0
LIPE,0.14808346,0.0,-1.0
LIPF,0.012936837,0.0,0.0
LIPT1,0.076863736,0.0,0.0
LITAF,0.11538367,0.0,-1.0
LLCFC1,0.052481633,0.0,0.0
LLGL1,0.118931435,0.0,-1.0
LLPH,0.07979137,0.0,0.0
LMAN1,0.059776198,0.0,-1.0
LMBR1L,0.08876319,0.0,0.0
LMNA,0.43972567,0.0,1.0
LMNB1,0.39580086,0.0,0.0
LMNB2,0.16478133,0.0,-1.0
LMO1,0.46639252,0.0,1.0
LMO2,0.5977749,1.0,1.0
LMO3,0.21354057,0.0,-1.0
LMO4,0.23147778,0.0,0.0
LMO7,0.1212799,0.0,-1.0
LMOD1,0.08693693,0.0,0.0
LMTK2,0.1804042,0.0,0.0
LMX1A,0.23725109,0.0,-1.0
LMX1B,0.14368515,0.0,-1.0
LNPEP,0.28492224,0.0,-1.0
LNPK,0.042715237,0.0,0.0
LNX1,0.47220144,0.0,0.0
LNX2,0.17653948,0.0,0.0
LONRF3,0.07146336,0.0,-1.0
LOX,0.08015234,0.0,-1.0
LOXL1,0.054631136,0.0,-1.0
LOXL2,0.007578834,0.0,-1.0
LOXL3,0.019877568,0.0,-1.0
LOXL4,0.09745774,0.0,-1.0
LPA,0.106630385,0.0,0.0
LPAR1,0.16080911,0.0,-1.0
LPAR2,0.18686572,0.0,-1.0
LPAR3,0.085827164,0.0,-1.0
LPL,0.19518788,0.0,-1.0
LPP,0.17507929,0.0,1.0
LPXN,0.20142837,0.0,0.0
LRAT,0.16235015,0.0,-1.0
LRATD2,0.08739172,0.0,-1.0
LRCH3,0.07004617,0.0,0.0
LRCH4,0.14700383,0.0,0.0
LRFN1,0.05400527,0.0,0.0
LRG1,0.0996512,0.0,0.0
LRIF1,0.61685616,1.0,0.0
LRP1,0.7183676,1.0,-1.0
LRP10,0.14401107,0.0,0.0
LRP12,0.2326271,0.0,0.0
LRP1B,0.17206058,0.0,1.0
LRP2,0.8097793,1.0,-1.0
LRP2BP,0.26170757,0.0,0.0
LRP3,0.12347238,0.0,0.0
LRP4,0.038239922,0.0,0.0
LRP5,0.22622819,0.0,1.0
LRP6,0.2394386,0.0,1.0
LRP8,0.34539714,0.0,-1.0
LRPAP1,0.26066113,0.0,0.0
LRPPRC,0.29835016,0.0,-1.0
LRR1,0.08212956,0.0,0.0
LRRC1,0.15150397,0.0,0.0
LRRC18,0.04905128,0.0,-1.0
LRRC23,0.111519575,0.0,0.0
LRRC41,0.2418746,0.0,0.0
LRRC4C,0.02943976,0.0,-1.0
LRRC59,0.13013895,0.0,0.0
LRRC7,0.43185902,0.0,-1.0
LRRC8D,0.08096999,0.0,0.0
LRRCC1,0.05229569,0.0,0.0
LRRFIP1,0.02935239,0.0,-1.0
LRRFIP2,0.013488703,0.0,0.0
LRRN4,0.03221999,0.0,0.0
LRSAM1,0.108232945,0.0,0.0
LSAMP,0.03347122,0.0,-1.0
LSM1,0.12483279,0.0,0.0
LSM10,0.071794026,0.0,0.0
LSM11,0.06929021,0.0,0.0
LSM12,0.042030532,0.0,0.0
LSM14B,0.035177074,0.0,0.0
LSM2,0.21023405,0.0,0.0
LSM3,0.11472409,0.0,0.0
LSM4,0.09697609,0.0,0.0
LSM5,0.14026925,0.0,0.0
LSM6,0.12316219,0.0,0.0
LSM7,0.10757822,0.0,0.0
LSP1,0.17600918,0.0,-1.0
LSR,0.13005108,0.0,0.0
LST1,0.06404673,0.0,0.0
LTA,0.30524144,0.0,-1.0
LTA4H,0.12624504,0.0,-1.0
LTB,0.2818421,0.0,1.0
LTB4R,0.0651816,0.0,0.0
LTBP1,0.29459634,0.0,0.0
LTBP3,0.3596487,0.0,-1.0
LTBP4,0.15288311,0.0,-1.0
LTBR,0.3682141,0.0,-1.0
LTC4S,0.00037201407,0.0,0.0
LTF,0.0015699385,0.0,0.0
LTK,0.30031982,0.0,-1.0
LUC7L,0.14873952,0.0,-1.0
LUC7L2,0.39056873,0.0,-1.0
LUC7L3,0.14709151,0.0,0.0
LUM,0.12154312,0.0,-1.0
LURAP1,0.134798,0.0,0.0
LY6E,0.20324166,0.0,-1.0
LY6G6F,0.15525898,0.0,0.0
LY6H,0.098375745,0.0,0.0
LY86,0.0016159376,0.0,0.0
LY9,0.02268437,0.0,0.0
LY96,0.18379281,0.0,0.0
LYAR,0.114902474,0.0,0.0
LYL1,0.37706348,0.0,1.0
LYN,0.9365078,1.0,1.0
LYPD3,0.025771955,0.0,-1.0
LYPLA1,0.044206165,0.0,-1.0
LYPLA2,0.18383583,0.0,0.0
LYST,0.44636267,0.0,-1.0
LYZ,0.048985727,0.0,-1.0
LZTR1,0.09617829,0.0,1.0
LZTS1,0.19119571,0.0,-1.0
LZTS2,0.15310654,0.0,0.0
M1AP,0.07082888,0.0,-1.0
M6PR,0.20246042,0.0,0.0
MACF1,0.34860107,0.0,-1.0
MACO1,0.060218684,0.0,0.0
MACROD1,0.061724313,0.0,-1.0
MACROH2A1,0.24956657,0.0,-1.0
MAD1L1,0.42689013,0.0,-1.0
MAD2L1,0.38543606,0.0,-1.0
MAD2L1BP,0.18333991,0.0,0.0
MAD2L2,0.49339753,0.0,1.0
MADCAM1,0.16263402,0.0,0.0
MADD,0.30502886,0.0,-1.0
MAEA,0.026905512,0.0,0.0
MAF,0.5232492,1.0,1.0
MAF1,0.13190648,0.0,0.0
MAFA,0.27920994,0.0,-1.0
MAFB,0.34310737,0.0,1.0
MAFF,0.25361434,0.0,0.0
MAFG,0.32828614,0.0,-1.0
MAFK,0.1680759,0.0,-1.0
MAG,0.2886712,0.0,0.0
MAGEA1,0.18778746,0.0,-1.0
MAGEA11,0.050488997,0.0,0.0
MAGEA12,0.20899121,0.0,0.0
MAGEA4,0.19704428,0.0,0.0
MAGEB18,0.22530597,0.0,0.0
MAGEB4,0.11157473,0.0,0.0
MAGEC1,0.46687135,0.0,-1.0
MAGED1,0.16888617,0.0,-1.0
MAGED2,0.04280672,0.0,0.0
MAGED4B,0.07014473,0.0,0.0
MAGEE1,0.13501392,0.0,-1.0
MAGEH1,0.22855148,0.0,0.0
MAGI1,0.37010682,0.0,0.0
MAGI2,0.5223125,1.0,-1.0
MAGI3,0.4418112,0.0,0.0
MAGOH,0.21006778,0.0,0.0
MAGOHB,0.23264416,0.0,0.0
MAL2,0.029317848,0.0,0.0
MALL,0.20435661,0.0,0.0
MALSU1,0.045402072,0.0,-1.0
MALT1,0.15619351,0.0,1.0
MAML1,0.4794302,0.0,-1.0
MAML2,0.33939365,0.0,1.0
MAML3,0.29771015,0.0,-1.0
MAMSTR,0.038348448,0.0,-1.0
MAN1A2,0.1503819,0.0,-1.0
MAN1C1,0.12452175,0.0,0.0
MAN2A2,0.19412503,0.0,0.0
MAN2B1,0.099450015,0.0,-1.0
MAN2C1,0.1276195,0.0,0.0
MAOA,0.07728944,0.0,0.0
MAP1A,0.47736922,0.0,0.0
MAP1B,0.546228,1.0,0.0
MAP1LC3A,0.3489974,0.0,-1.0
MAP1LC3B,0.15875588,0.0,-1.0
MAP1S,0.19470952,0.0,-1.0
MAP2,0.4242119,0.0,-1.0
MAP2K1,0.7331954,1.0,1.0
MAP2K2,0.4257393,0.0,1.0
MAP2K3,0.48159555,0.0,-1.0
MAP2K4,0.44175735,0.0,1.0
MAP2K5,0.3910982,0.0,-1.0
MAP2K6,0.5463257,1.0,-1.0
MAP2K7,0.45611063,0.0,-1.0
MAP3K1,0.26585943,0.0,1.0
MAP3K10,0.5182403,1.0,0.0
MAP3K11,0.47605821,0.0,0.0
MAP3K12,0.3753808,0.0,-1.0
MAP3K13,0.2241878,0.0,1.0
MAP3K14,0.53403133,1.0,1.0
MAP3K2,0.41112414,0.0,0.0
MAP3K3,0.5504015,1.0,-1.0
MAP3K4,0.62286794,1.0,-1.0
MAP3K5,0.5607806,1.0,-1.0
MAP3K6,0.208951,0.0,-1.0
MAP3K7,0.6923185,1.0,-1.0
MAP3K7CL,0.121807344,0.0,0.0
MAP3K8,0.44830033,0.0,-1.0
MAP3K9,0.12352815,0.0,-1.0
MAP4,0.34584334,0.0,-1.0
MAP4K1,0.65001845,1.0,0.0
MAP4K2,0.13771744,0.0,-1.0
MAP4K3,0.14270003,0.0,-1.0
MAP4K4,0.271063,0.0,0.0
MAP4K5,0.274824,0.0,0.0
MAP6,0.3475003,0.0,0.0
MAP7,0.08926587,0.0,-1.0
MAP7D1,0.09398301,0.0,0.0
MAPK1,0.9752051,1.0,1.0
MAPK10,0.42581046,0.0,-1.0
MAPK11,0.45195833,0.0,-1.0
MAPK12,0.43373755,0.0,-1.0
MAPK13,0.39150482,0.0,-1.0
MAPK14,0.89143515,1.0,-1.0
MAPK15,0.25293788,0.0,0.0
MAPK1IP1L,0.10655056,0.0,0.0
MAPK3,0.9417899,1.0,1.0
MAPK4,0.24606319,0.0,-1.0
MAPK6,0.1484226,0.0,-1.0
MAPK7,0.46282774,0.0,-1.0
MAPK8,0.88071126,1.0,-1.0
MAPK8IP1,0.54631275,1.0,-1.0
MAPK8IP2,0.44593403,0.0,0.0
MAPK8IP3,0.680085,1.0,0.0
MAPK9,0.636884,1.0,-1.0
MAPKAP1,0.06785805,0.0,-1.0
MAPKAPK2,0.3577936,0.0,-1.0
MAPKAPK3,0.30666023,0.0,0.0
MAPKAPK5,0.58540225,1.0,-1.0
MAPKBP1,0.27002594,0.0,0.0
MAPRE1,0.25980997,0.0,-1.0
MAPRE2,0.25226176,0.0,0.0
MAPRE3,0.22087397,0.0,-1.0
MAPT,0.8028764,1.0,-1.0
MARCHF2,0.06501319,0.0,0.0
MARCHF4,0.11508989,0.0,0.0
MARCHF5,0.069554955,0.0,0.0
MARCHF7,0.09000418,0.0,0.0
MARCHF8,0.1456944,0.0,0.0
MARCKS,0.17801167,0.0,-1.0
MARCKSL1,0.060654562,0.0,0.0
MARCO,5.2529103e-06,0.0,0.0
MARK1,0.2688375,0.0,0.0
MARK2,0.3045487,0.0,-1.0
MARK3,0.30417514,0.0,-1.0
MARK4,0.49941427,0.0,-1.0
MARS1,0.18192124,0.0,-1.0
MAS1,0.07973806,0.0,-1.0
MASP1,0.07175171,0.0,0.0
MASP2,0.041219153,0.0,0.0
MAST1,0.3284751,0.0,-1.0
MAST2,0.20204602,0.0,0.0
MAST3,0.4699431,0.0,-1.0
MAT2A,0.000106952204,0.0,0.0
MAT2B,0.000106952204,0.0,0.0
MATK,0.39939427,0.0,-1.0
MATN1,0.080113925,0.0,0.0
MATN2,0.16407076,0.0,0.0
MATN3,0.03593568,0.0,-1.0
MATN4,0.049679153,0.0,0.0
MATR3,0.21556053,0.0,-1.0
MAVS,0.3761413,0.0,0.0
MAX,0.3882548,0.0,1.0
MAZ,0.22785805,0.0,-1.0
MBD1,0.48588377,0.0,-1.0
MBD2,0.23334353,0.0,-1.0
MBD3,0.2537679,0.0,0.0
MBD3L1,0.0631067,0.0,0.0
MBD4,0.2421544,0.0,-1.0
MBD5,0.22904652,0.0,-1.0
MBD6,0.1545791,0.0,1.0
MBIP,0.31112418,0.0,0.0
MBL2,0.112130314,0.0,0.0
MBP,0.7322727,1.0,0.0
MBTPS1,0.096483916,0.0,0.0
MBTPS2,0.05920677,0.0,0.0
MC1R,0.10275072,0.0,-1.0
MC2R,0.039834525,0.0,-1.0
MC3R,0.059158556,0.0,0.0
MC4R,0.1667065,0.0,-1.0
MC5R,0.07318138,0.0,0.0
MCAM,0.21952197,0.0,-1.0
MCC,0.056583025,0.0,-1.0
MCF2,0.15708244,0.0,-1.0
MCF2L,0.1490389,0.0,0.0
MCF2L2,0.16623339,0.0,-1.0
MCFD2,0.059776198,0.0,-1.0
MCHR1,0.012529152,0.0,-1.0
MCHR2,0.10251958,0.0,-1.0
MCL1,0.49351627,0.0,1.0
MCM10,0.5692553,1.0,0.0
MCM2,0.6459657,1.0,-1.0
MCM3,0.5057295,1.0,-1.0
MCM3AP,0.058068864,0.0,0.0
MCM4,0.40031672,0.0,-1.0
MCM5,0.33536655,0.0,-1.0
MCM6,0.30834165,0.0,-1.0
MCM7,0.646385,1.0,-1.0
MCM8,0.14260767,0.0,0.0
MCMBP,0.047298554,0.0,-1.0
MCOLN1,0.14937513,0.0,-1.0
MCRIP2,0.14682168,0.0,0.0
MCRS1,0.2456086,0.0,-1.0
MCTS1,0.09375458,0.0,0.0
MCUB,0.063255385,0.0,0.0
MDC1,0.6275891,1.0,-1.0
MDFI,0.06491283,0.0,0.0
MDH1,0.041279122,0.0,0.0
MDH2,0.10833309,0.0,-1.0
MDK,0.1825098,0.0,-1.0
MDM2,0.9082924,1.0,1.0
MDM4,0.69950646,1.0,1.0
ME2,0.042537883,0.0,0.0
MEA1,0.072220124,0.0,0.0
MEAF6,0.09992853,0.0,0.0
MEAK7,0.066088945,0.0,0.0
MECOM,0.39876392,0.0,1.0
MECP2,0.50301176,1.0,-1.0
MECR,0.33846158,0.0,0.0
MED1,0.82691175,1.0,-1.0
MED10,0.044069603,0.0,0.0
MED11,0.049810514,0.0,0.0
MED12,0.49474066,0.0,1.0
MED13,0.7006757,1.0,-1.0
MED13L,0.6756485,1.0,-1.0
MED14,0.33430958,0.0,0.0
MED15,0.24551988,0.0,0.0
MED16,0.032177586,0.0,-1.0
MED17,0.09622891,0.0,0.0
MED18,0.073708415,0.0,0.0
MED19,0.093054585,0.0,0.0
MED20,0.07815433,0.0,0.0
MED21,0.32910046,0.0,0.0
MED22,0.053932138,0.0,0.0
MED23,0.3785309,0.0,-1.0
MED24,0.29771146,0.0,0.0
MED25,0.3441771,0.0,-1.0
MED26,0.28627136,0.0,0.0
MED27,0.07074899,0.0,0.0
MED28,0.19039942,0.0,-1.0
MED29,0.10114766,0.0,0.0
MED30,0.067975074,0.0,0.0
MED31,0.48559082,0.0,-1.0
MED4,0.061165646,0.0,0.0
MED6,0.26196992,0.0,0.0
MED7,0.098417796,0.0,0.0
MED8,0.19220188,0.0,0.0
MED9,0.23570889,0.0,0.0
MEF2A,0.65220386,1.0,-1.0
MEF2B,0.20303527,0.0,1.0
MEF2C,0.6387472,1.0,-1.0
MEF2D,0.5301138,1.0,1.0
MEFV,0.17092082,0.0,-1.0
MEGF10,0.45672536,0.0,0.0
MEGF11,0.12950367,0.0,0.0
MEGF6,0.18952414,0.0,0.0
MEGF8,0.11915367,0.0,0.0
MEIG1,0.033535156,0.0,0.0
MEIS1,0.7885272,1.0,-1.0
MEIS2,0.3011415,0.0,0.0
MEIS3,0.3358661,0.0,0.0
MELK,0.4437516,0.0,-1.0
MELTF,0.0473409,0.0,0.0
MEN1,0.4675964,0.0,1.0
MEOX1,0.17778373,0.0,0.0
MEOX2,0.15667763,0.0,0.0
MEP1A,0.09244994,0.0,-1.0
MEP1B,0.0578504,0.0,0.0
MERTK,0.1723446,0.0,-1.0
MESD,0.07202693,0.0,0.0
MET,0.5888356,1.0,1.0
METAP2,0.1652629,0.0,-1.0
METTL1,0.057872314,0.0,0.0
METTL17,0.042417485,0.0,0.0
METTL18,0.04459524,0.0,0.0
METTL2B,0.1327491,0.0,0.0
METTL9,0.044093516,0.0,0.0
MEX3B,0.25170997,0.0,0.0
MEX3D,0.12892441,0.0,0.0
MFAP1,0.060940407,0.0,0.0
MFAP2,0.1896965,0.0,0.0
MFAP4,0.0009679949,0.0,-1.0
MFAP5,0.33658665,0.0,-1.0
MFN1,0.15476388,0.0,0.0
MFN2,0.051990755,0.0,-1.0
MFNG,0.41162515,0.0,0.0
MFRP,0.4638009,0.0,-1.0
MFSD3,0.051690914,0.0,0.0
MGAM,0.31695634,0.0,1.0
MGAT1,0.020219726,0.0,0.0
MGAT4B,0.020721713,0.0,0.0
MGLL,0.07266421,0.0,0.0
MGME1,0.03731945,0.0,0.0
MGMT,0.19793326,0.0,1.0
MGP,0.04458817,0.0,0.0
MGST1,0.00037201407,0.0,-1.0
MGST2,0.055301636,0.0,-1.0
MGST3,0.15132926,0.0,-1.0
MIA,0.033880353,0.0,0.0
MIB1,0.19842526,0.0,-1.0
MIB2,0.09229522,0.0,-1.0
MICA,0.024533676,0.0,-1.0
MICAL1,0.2450232,0.0,0.0
MICAL2,0.20929466,0.0,-1.0
MICAL3,0.21065448,0.0,0.0
MICALL1,0.109226204,0.0,0.0
MICB,0.026643567,0.0,-1.0
MICU2,0.07564722,0.0,0.0
MID1,0.17750382,0.0,-1.0
MID1IP1,0.13056853,0.0,0.0
MID2,0.15425771,0.0,0.0
MIEF1,0.07510168,0.0,0.0
MIEF2,0.099289685,0.0,0.0
MIER1,0.12149746,0.0,-1.0
MIF,0.25631636,0.0,-1.0
MIF4GD,0.12486782,0.0,0.0
MINDY1,0.051829483,0.0,0.0
MINDY3,0.046065804,0.0,0.0
MINK1,0.5064074,1.0,0.0
MINPP1,0.09286039,0.0,0.0
MIP,0.36099392,0.0,-1.0
MIR9-1HG,0.062646896,0.0,0.0
MIS12,0.22811012,0.0,0.0
MIS18BP1,0.061293922,0.0,0.0
MITD1,0.062055144,0.0,0.0
MITF,0.63950926,1.0,1.0
MKI67,0.2993173,0.0,-1.0
MKKS,0.047024727,0.0,-1.0
MKNK1,0.40688914,0.0,-1.0
MKNK2,0.24572147,0.0,0.0
MKRN1,0.047200736,0.0,-1.0
MKS1,0.022655632,0.0,-1.0
MLC1,0.043494444,0.0,-1.0
MLF1,0.29162005,0.0,1.0
MLH1,0.5027585,1.0,1.0
MLH3,0.51792717,1.0,-1.0
MLLT1,0.7038425,1.0,1.0
MLLT10,0.52897733,1.0,1.0
MLLT3,0.15777868,0.0,1.0
MLLT6,0.14340672,0.0,1.0
MLN,0.04913353,0.0,0.0
MLNR,0.05674352,0.0,0.0
MLPH,0.20886609,0.0,-1.0
MLST8,0.1662306,0.0,-1.0
MLX,0.13454248,0.0,0.0
MLXIP,0.18752496,0.0,0.0
MLXIPL,0.08365684,0.0,-1.0
MMAA,0.00046152427,0.0,0.0
MMAB,0.0005268242,0.0,-1.0
MME,0.08600133,0.0,-1.0
MMP1,0.052249864,0.0,-1.0
MMP10,0.052376408,0.0,0.0
MMP11,0.039138447,0.0,-1.0
MMP12,0.07792724,0.0,0.0
MMP13,0.054646306,0.0,-1.0
MMP14,0.1415237,0.0,-1.0
MMP15,0.07457549,0.0,-1.0
MMP16,0.13990796,0.0,-1.0
MMP17,0.12191208,0.0,0.0
MMP19,0.05543436,0.0,-1.0
MMP2,0.23635474,0.0,-1.0
MMP20,0.026429126,0.0,-1.0
MMP24,0.06685292,0.0,-1.0
MMP25,0.1067847,0.0,0.0
MMP26,0.030258898,0.0,-1.0
MMP3,0.03863418,0.0,-1.0
MMP7,0.1025847,0.0,0.0
MMP8,0.03151812,0.0,-1.0
MMP9,0.15697579,0.0,-1.0
MMRN1,0.070106976,0.0,0.0
MMS19,0.19822532,0.0,0.0
MMS22L,0.13597262,0.0,-1.0
MMUT,0.00046152427,0.0,0.0
MN1,0.24371076,0.0,1.0
MNAT1,0.44872555,0.0,-1.0
MNDA,0.31897527,0.0,0.0
MNS1,0.06849376,0.0,0.0
MNT,0.21127416,0.0,0.0
MOAP1,0.27790463,0.0,-1.0
MOB1A,0.07357936,0.0,0.0
MOB3B,0.040991005,0.0,1.0
MOB4,0.3158781,0.0,0.0
MOCS2,0.07827737,0.0,0.0
MOCS3,0.08555567,0.0,-1.0
MOG,0.030106321,0.0,-1.0
MOGS,0.1176471,0.0,-1.0
MOK,0.20252883,0.0,0.0
MON1A,0.047484543,0.0,0.0
MORC4,0.0990356,0.0,-1.0
MORF4L1,0.080963425,0.0,0.0
MORF4L2,0.1831177,0.0,0.0
MORN2,0.035444673,0.0,0.0
MOS,0.12755653,0.0,-1.0
MPC1,0.10641555,0.0,-1.0
MPC2,0.03770808,0.0,0.0
MPDU1,0.027974255,0.0,-1.0
MPDZ,0.4121418,0.0,-1.0
MPG,0.31108063,0.0,0.0
MPHOSPH10,0.088588215,0.0,0.0
MPHOSPH6,0.20759097,0.0,0.0
MPHOSPH8,0.26489612,0.0,0.0
MPHOSPH9,0.16095357,0.0,0.0
MPIG6B,0.08529259,0.0,0.0
MPL,0.28116232,0.0,1.0
MPO,0.021619417,0.0,-1.0
MPP1,0.15414125,0.0,-1.0
MPP2,0.06774323,0.0,0.0
MPP3,0.033887316,0.0,0.0
MPP4,0.021418175,0.0,0.0
MPRIP,0.24213403,0.0,0.0
MPZ,0.00039147117,0.0,-1.0
MPZL1,0.18354146,0.0,0.0
MRAS,0.4918167,0.0,-1.0
MRC1,0.16371138,0.0,-1.0
MRE11,0.5353292,1.0,1.0
MRFAP1,0.044208597,0.0,0.0
MRFAP1L1,0.08526946,0.0,0.0
MRGBP,0.30711213,0.0,0.0
MRGPRX2,0.04619157,0.0,0.0
MRI1,0.057068884,0.0,0.0
MRPL12,0.0001872203,0.0,-1.0
MRPL17,0.14819556,0.0,0.0
MRPL19,0.19469179,0.0,0.0
MRPL20,0.29347143,0.0,-1.0
MRPL28,0.11809437,0.0,0.0
MRPL38,0.178653,0.0,0.0
MRPL4,0.10907889,0.0,0.0
MRPL42,0.096670106,0.0,0.0
MRPL44,0.12546597,0.0,0.0
MRPL9,0.021050734,0.0,0.0
MRPS12,0.06966452,0.0,0.0
MRPS18B,0.053258356,0.0,0.0
MRPS22,0.07222824,0.0,-1.0
MRPS26,0.1781387,0.0,0.0
MRPS31,0.086237915,0.0,-1.0
MRPS34,0.05631536,0.0,0.0
MRPS6,0.053579886,0.0,0.0
MRPS9,0.04121953,0.0,0.0
MRTFA,0.16594803,0.0,1.0
MRTFB,0.13002412,0.0,0.0
MS4A1,0.20266117,0.0,0.0
MS4A2,0.41195837,0.0,0.0
MS4A3,0.075037025,0.0,0.0
MS4A7,0.071774416,0.0,0.0
MSANTD2,0.04568883,0.0,0.0
MSC,0.21984373,0.0,0.0
MSH2,0.4903747,0.0,1.0
MSH3,0.20802477,0.0,1.0
MSH4,0.64329946,1.0,0.0
MSH5,0.24324991,0.0,-1.0
MSH6,0.29644892,0.0,1.0
MSI1,0.21134856,0.0,1.0
MSLN,0.01475625,0.0,-1.0
MSMO1,0.057838995,0.0,0.0
MSN,0.48937088,0.0,1.0
MSR1,0.13729931,0.0,-1.0
MST1,0.053748596,0.0,1.0
MST1R,0.5484488,1.0,1.0
MSTN,0.113786854,0.0,-1.0
MSX1,0.60898685,1.0,-1.0
MSX2,0.43018627,0.0,-1.0
MT-CO2,0.13910884,0.0,-1.0
MT-CO3,0.052144885,0.0,-1.0
MT-ND1,0.013038377,0.0,-1.0
MT-ND2,0.0635722,0.0,-1.0
MT-ND3,0.029951435,0.0,-1.0
MT-ND4,0.026716176,0.0,-1.0
MT1F,0.015196783,0.0,0.0
MT1G,0.03157507,0.0,0.0
MT1H,0.016636323,0.0,-1.0
MT2A,0.034740716,0.0,0.0
MTA1,0.38365027,0.0,-1.0
MTA2,0.30763295,0.0,0.0
MTA3,0.06041763,0.0,-1.0
MTAP,0.06406606,0.0,1.0
MTBP,0.16040999,0.0,0.0
MTCH1,0.10148391,0.0,0.0
MTCH2,0.07813032,0.0,0.0
MTCP1,0.16380182,0.0,1.0
MTERF4,0.05185201,0.0,0.0
MTF1,0.08526622,0.0,0.0
MTF2,0.08633615,0.0,0.0
MTFR1,0.025373023,0.0,0.0
MTG1,0.038634233,0.0,0.0
MTHFR,0.045744937,0.0,-1.0
MTHFS,0.038875584,0.0,0.0
MTIF2,0.14329548,0.0,0.0
MTM1,0.0060918666,0.0,-1.0
MTMR10,0.12761134,0.0,0.0
MTMR11,0.09030821,0.0,0.0
MTMR12,0.0060918666,0.0,0.0
MTMR2,0.07418904,0.0,-1.0
MTMR4,0.11984126,0.0,0.0
MTMR6,0.029711433,0.0,0.0
MTMR7,0.010991057,0.0,0.0
MTMR8,0.02351693,0.0,-1.0
MTMR9,0.02409588,0.0,0.0
MTNR1A,0.29873008,0.0,0.0
MTNR1B,0.39551738,0.0,-1.0
MTOR,0.74529475,1.0,1.0
MTPN,0.17864528,0.0,0.0
MTR,0.09805676,0.0,-1.0
MTRES1,0.045364268,0.0,0.0
MTREX,0.21428229,0.0,-1.0
MTRR,0.0005268242,0.0,-1.0
MTSS1,0.3967452,0.0,0.0
MTTP,0.31617686,0.0,-1.0
MTUS1,0.11912044,0.0,-1.0
MTUS2,0.24812219,0.0,-1.0
MTX1,0.0015734282,0.0,0.0
MTX2,0.0015734282,0.0,0.0
MUC1,0.5862788,1.0,1.0
MUC13,0.03042503,0.0,-1.0
MUC16,0.035529803,0.0,-1.0
MUC2,0.115133755,0.0,-1.0
MUC20,0.02900987,0.0,0.0
MUC4,0.18145658,0.0,-1.0
MUC6,0.0057902406,0.0,-1.0
MUC7,0.013766073,0.0,-1.0
MUL1,0.039043788,0.0,0.0
MUS81,0.10597521,0.0,0.0
MUSK,0.0036796627,0.0,-1.0
MUTYH,0.30156276,0.0,1.0
MVB12A,0.1355694,0.0,0.0
MVD,0.21830109,0.0,0.0
MVK,0.05281617,0.0,-1.0
MVP,0.4101983,0.0,-1.0
MX1,0.45078516,0.0,0.0
MXD1,0.30136937,0.0,-1.0
MXD3,0.048322607,0.0,0.0
MXD4,0.0746116,0.0,0.0
MXI1,0.3052203,0.0,-1.0
MYB,0.6638174,1.0,1.0
MYBBP1A,0.29392117,0.0,-1.0
MYBL1,0.12608707,0.0,-1.0
MYBL2,0.6911489,1.0,-1.0
MYBPC1,0.14966074,0.0,0.0
MYBPC2,0.0005410892,0.0,0.0
MYBPC3,0.3036236,0.0,-1.0
MYBPH,0.0005410892,0.0,0.0
MYC,0.91815627,1.0,1.0
MYCBP,0.18578094,0.0,-1.0
MYCBP2,0.23069467,0.0,-1.0
MYCBPAP,0.08541898,0.0,0.0
MYCL,0.08031583,0.0,1.0
MYCN,0.16479988,0.0,1.0
MYD88,0.60291153,1.0,1.0
MYDGF,0.036361173,0.0,0.0
MYF5,0.22608387,0.0,0.0
MYF6,0.15706833,0.0,-1.0
MYG1,0.056431532,0.0,0.0
MYH1,0.067685366,0.0,-1.0
MYH10,0.4146759,0.0,0.0
MYH11,0.2473363,0.0,1.0
MYH13,0.12919913,0.0,0.0
MYH14,0.09446922,0.0,0.0
MYH2,0.08776035,0.0,-1.0
MYH4,0.10008418,0.0,-1.0
MYH7,0.1807304,0.0,-1.0
MYH9,0.5663953,1.0,1.0
MYL1,0.1528753,0.0,0.0
MYL12A,0.054959454,0.0,-1.0
MYL12B,0.053910825,0.0,0.0
MYL2,0.30128846,0.0,-1.0
MYL3,0.08933451,0.0,-1.0
MYL6,0.08101716,0.0,0.0
MYL9,0.19903551,0.0,0.0
MYLIP,0.10646321,0.0,0.0
MYLK,0.23303059,0.0,-1.0
MYO10,0.14299123,0.0,0.0
MYO15A,0.18622425,0.0,0.0
MYO16,0.08906023,0.0,0.0
MYO18A,0.075480774,0.0,-1.0
MYO18B,0.17469674,0.0,-1.0
MYO1A,0.12345592,0.0,-1.0
MYO1C,0.123019986,0.0,0.0
MYO1E,0.09305017,0.0,-1.0
MYO1F,0.13733336,0.0,0.0
MYO1G,0.045901474,0.0,-1.0
MYO3A,0.103322335,0.0,0.0
MYO5A,0.21951243,0.0,1.0
MYO5B,0.34466657,0.0,-1.0
MYO6,0.21819773,0.0,-1.0
MYO7A,0.2535003,0.0,-1.0
MYO9A,0.15547094,0.0,-1.0
MYO9B,0.16039574,0.0,-1.0
MYOC,0.22054842,0.0,-1.0
MYOCD,0.0973632,0.0,-1.0
MYOD1,0.72395706,1.0,1.0
MYOG,0.24579775,0.0,0.0
MYOM1,0.29984313,0.0,0.0
MYOM2,0.3065796,0.0,-1.0
MYOT,0.12359284,0.0,-1.0
MYOZ1,0.11455335,0.0,0.0
MYOZ2,0.13187344,0.0,-1.0
MYOZ3,0.12604518,0.0,-1.0
MYPN,0.19755489,0.0,0.0
MYPOP,0.09616515,0.0,0.0
MYRIP,0.18711735,0.0,-1.0
MYT1,0.14280984,0.0,-1.0
MZF1,0.10167203,0.0,0.0
N4BP2,0.20890392,0.0,1.0
N4BP3,0.07831795,0.0,-1.0
NAA10,0.23947293,0.0,-1.0
NAA11,0.13687007,0.0,0.0
NAA15,0.2316076,0.0,0.0
NAA16,0.16237666,0.0,0.0
NAA38,0.047717758,0.0,0.0
NAA80,0.033798616,0.0,0.0
NAB1,0.19804305,0.0,0.0
NAB2,0.22656229,0.0,1.0
NACA,0.2372565,0.0,-1.0
NACC1,0.14925724,0.0,-1.0
NADK,0.16994482,0.0,1.0
NADSYN1,0.09986134,0.0,0.0
NAE1,0.107282385,0.0,0.0
NAGA,0.030004084,0.0,-1.0
NAGK,0.17882594,0.0,0.0
NAGPA,0.16827062,0.0,0.0
NAGS,0.00011501407,0.0,0.0
NAIP,0.10370412,0.0,0.0
NANOS1,0.21859968,0.0,-1.0
NAP1L1,0.36989808,0.0,-1.0
NAP1L4,0.33419687,0.0,0.0
NAP1L5,0.13811646,0.0,0.0
NAPA,0.24802163,0.0,-1.0
NAPG,0.16983177,0.0,0.0
NARF,0.08799817,0.0,0.0
NARS1,0.055296253,0.0,0.0
NASP,0.16231848,0.0,0.0
NAT1,0.13870648,0.0,-1.0
NAT2,0.118844494,0.0,-1.0
NAT8,0.17344761,0.0,0.0
NAT9,0.15184022,0.0,0.0
NAV1,0.16008766,0.0,-1.0
NAV2,0.30463225,0.0,0.0
NAXE,0.03749047,0.0,0.0
NBAS,0.1991553,0.0,0.0
NBEA,0.19261797,0.0,1.0
NBL1,0.10065283,0.0,-1.0
NBN,0.7406323,1.0,1.0
NBPF3,0.11976808,0.0,0.0
NBR1,0.36240175,0.0,-1.0
NCALD,0.22204895,0.0,0.0
NCAM1,0.13443059,0.0,0.0
NCAM2,0.038883388,0.0,-1.0
NCAN,0.18848528,0.0,0.0
NCAPD2,0.19928806,0.0,-1.0
NCAPD3,0.18668088,0.0,-1.0
NCAPG,0.11352075,0.0,-1.0
NCAPG2,0.1916003,0.0,-1.0
NCAPH,0.0002491299,0.0,0.0
NCBP1,0.28204915,0.0,-1.0
NCBP2,0.15461598,0.0,0.0
NCDN,0.21192697,0.0,0.0
NCF1,0.72763604,1.0,-1.0
NCF2,0.29123762,0.0,-1.0
NCF4,0.27915803,0.0,-1.0
NCK1,0.87457424,1.0,-1.0
NCK2,0.6004241,1.0,0.0
NCKAP1,0.35516962,0.0,0.0
NCKAP5,0.27818945,0.0,0.0
NCKIPSD,0.3558746,0.0,-1.0
NCL,0.5934613,1.0,0.0
NCLN,0.047065407,0.0,0.0
NCOA1,0.9145995,1.0,1.0
NCOA2,0.78473073,1.0,1.0
NCOA3,0.8325994,1.0,1.0
NCOA4,0.34065628,0.0,1.0
NCOA5,0.056615256,0.0,0.0
NCOA6,0.84410435,1.0,-1.0
NCOA7,0.15642725,0.0,0.0
NCOR1,0.8827168,1.0,1.0
NCOR2,0.91968465,1.0,1.0
NCR1,0.13992588,0.0,0.0
NCR2,0.09885943,0.0,-1.0
NCR3,0.16275325,0.0,0.0
NCS1,0.15719,0.0,0.0
NCSTN,0.18955585,0.0,1.0
NDC1,0.005986791,0.0,0.0
NDC80,0.511978,1.0,-1.0
NDE1,0.31233454,0.0,-1.0
NDEL1,0.26997268,0.0,-1.0
NDFIP1,0.030768951,0.0,0.0
NDFIP2,0.14154522,0.0,0.0
NDN,0.35761532,0.0,0.0
NDOR1,0.08179183,0.0,0.0
NDRG1,0.34432748,0.0,1.0
NDRG2,0.024140885,0.0,-1.0
NDUFA1,0.078822576,0.0,0.0
NDUFA13,0.1798784,0.0,-1.0
NDUFA4L2,0.16314183,0.0,0.0
NDUFA5,0.051568847,0.0,-1.0
NDUFA6,0.07112201,0.0,0.0
NDUFA7,0.107501924,0.0,0.0
NDUFAF1,0.058974452,0.0,0.0
NDUFAF3,0.048436146,0.0,0.0
NDUFB1,0.04120796,0.0,0.0
NDUFB10,0.060679056,0.0,0.0
NDUFB3,0.039001603,0.0,0.0
NDUFB8,0.06266373,0.0,0.0
NDUFB9,0.17474902,0.0,-1.0
NDUFS1,0.10581995,0.0,0.0
NDUFS6,0.22029665,0.0,0.0
NDUFS7,0.0494222,0.0,-1.0
NDUFV1,0.04639839,0.0,-1.0
NDUFV2,0.08638446,0.0,-1.0
NDUFV3,0.08855207,0.0,0.0
NEB,0.32363513,0.0,-1.0
NEBL,0.16086158,0.0,-1.0
NECAB2,0.16333333,0.0,0.0
NECAB3,0.125253,0.0,0.0
NECAP1,0.23265213,0.0,0.0
NECAP2,0.16280898,0.0,0.0
NECTIN1,0.22268066,0.0,-1.0
NECTIN2,0.0984029,0.0,0.0
NECTIN3,0.23510979,0.0,0.0
NECTIN4,0.16343176,0.0,-1.0
NEDD1,0.14156987,0.0,0.0
NEDD4,0.45849824,0.0,-1.0
NEDD4L,0.38023922,0.0,0.0
NEDD8,0.25568232,0.0,0.0
NEDD9,0.6586169,1.0,0.0
NEFH,0.29732493,0.0,-1.0
NEFL,0.32446602,0.0,-1.0
NEFM,0.25136,0.0,0.0
NEIL1,0.06250097,0.0,-1.0
NEIL2,0.15086702,0.0,0.0
NEK1,0.5094662,1.0,-1.0
NEK11,0.09547297,0.0,0.0
NEK2,0.23050314,0.0,-1.0
NEK3,0.26605293,0.0,0.0
NEK6,0.29535174,0.0,0.0
NEK7,0.053677704,0.0,0.0
NEK8,0.12884219,0.0,0.0
NEK9,0.18518911,0.0,0.0
NELFA,0.024239667,0.0,0.0
NELFB,0.21767025,0.0,0.0
NELFCD,0.061455306,0.0,-1.0
NELFE,0.13312629,0.0,-1.0
NELL1,0.110439725,0.0,0.0
NELL2,0.068474114,0.0,0.0
NEO1,0.12950481,0.0,0.0
NES,0.27469507,0.0,-1.0
NET1,0.13642214,0.0,-1.0
NEU1,0.15207337,0.0,-1.0
NEU3,0.108150735,0.0,-1.0
NEU4,0.21545567,0.0,0.0
NEURL2,0.08022448,0.0,0.0
NEURL4,0.1212261,0.0,-1.0
NEUROD1,0.33154947,0.0,-1.0
NEUROD2,0.18303688,0.0,0.0
NEUROD6,0.05844361,0.0,0.0
NEUROG1,0.15130341,0.0,0.0
NEUROG2,0.0449137,0.0,-1.0
NEXN,0.15954606,0.0,-1.0
NF1,0.35179523,0.0,1.0
NF2,0.34901437,0.0,1.0
NFAM1,0.16455646,0.0,0.0
NFASC,0.325397,0.0,0.0
NFAT5,0.35683998,0.0,-1.0
NFATC1,0.3120336,0.0,-1.0
NFATC2,0.5832927,1.0,1.0
NFATC2IP,0.13744766,0.0,0.0
NFATC3,0.2848716,0.0,-1.0
NFATC4,0.3078074,0.0,-1.0
NFE2,0.42348424,0.0,1.0
NFE2L1,0.32132843,0.0,0.0
NFE2L2,0.6905096,1.0,1.0
NFE2L3,0.059032433,0.0,-1.0
NFIA,0.1424572,0.0,0.0
NFIB,0.30831704,0.0,1.0
NFIC,0.106074415,0.0,-1.0
NFIL3,0.19231184,0.0,0.0
NFIX,0.33601022,0.0,-1.0
NFKB1,0.88108003,1.0,-1.0
NFKB2,0.53008634,1.0,1.0
NFKBIA,0.78596175,1.0,1.0
NFKBIB,0.36080548,0.0,-1.0
NFKBIE,0.25812808,0.0,1.0
NFKBIZ,0.12379192,0.0,-1.0
NFRKB,0.12367151,0.0,0.0
NFU1,0.055188224,0.0,0.0
NFX1,0.08855468,0.0,0.0
NFYA,0.50847447,1.0,0.0
NFYB,0.5205008,1.0,0.0
NFYC,0.25102088,0.0,0.0
NGB,0.10116201,0.0,0.0
NGEF,0.07357182,0.0,-1.0
NGF,0.14216585,0.0,-1.0
NGFR,0.4937581,0.0,-1.0
NGLY1,0.05577493,0.0,0.0
NHEJ1,0.13609222,0.0,-1.0
NHLH1,0.23191352,0.0,0.0
NHLH2,0.045494687,0.0,0.0
NHLRC1,0.08252536,0.0,-1.0
NID1,0.63812625,1.0,-1.0
NID2,0.33023113,0.0,0.0
NIF3L1,0.17376445,0.0,0.0
NIFK,0.16638532,0.0,0.0
NIN,0.2330361,0.0,1.0
NINL,0.1165129,0.0,0.0
NIP7,0.09934581,0.0,0.0
NIPBL,0.09491388,0.0,-1.0
NIPSNAP1,0.14077525,0.0,0.0
NIPSNAP3A,0.08978186,0.0,0.0
NISCH,0.26075873,0.0,0.0
NIT1,0.11214463,0.0,0.0
NKAP,0.17036857,0.0,0.0
NKD1,0.052141868,0.0,-1.0
NKD2,0.029133145,0.0,-1.0
NKIRAS1,0.21449406,0.0,0.0
NKIRAS2,0.09106969,0.0,0.0
NKRF,0.22405083,0.0,0.0
NKTR,0.13521668,0.0,-1.0
NKX2-1,0.47685125,0.0,1.0
NKX2-2,0.17991331,0.0,-1.0
NKX2-3,0.056109563,0.0,-1.0
NKX2-5,0.40369213,0.0,-1.0
NKX3-1,0.12925357,0.0,1.0
NLE1,0.050019506,0.0,-1.0
NLGN1,0.036840647,0.0,0.0
NLGN2,0.07317393,0.0,0.0
NLGN3,0.15108022,0.0,0.0
NLGN4X,0.14773674,0.0,-1.0
NLK,0.36970037,0.0,-1.0
NLN,0.026895862,0.0,-1.0
NLRC4,0.2990915,0.0,-1.0
NLRP1,0.3739365,0.0,-1.0
NLRP12,0.25719336,0.0,-1.0
NLRP2,0.07021389,0.0,-1.0
NLRP3,0.28739074,0.0,-1.0
NLRP4,0.21040936,0.0,0.0
NMB,0.023157489,0.0,0.0
NMBR,0.016553907,0.0,-1.0
NMD3,0.08357657,0.0,0.0
NME1,0.2676251,0.0,-1.0
NME2,0.27223924,0.0,0.0
NME3,0.091757104,0.0,-1.0
NME4,0.10059759,0.0,0.0
NME5,0.008314183,0.0,0.0
NME7,0.1277182,0.0,0.0
NMI,0.40128487,0.0,0.0
NMRK2,0.14600942,0.0,-1.0
NMS,0.005556611,0.0,0.0
NMT1,0.17346382,0.0,-1.0
NMT2,0.23448281,0.0,0.0
NMU,0.0013396267,0.0,0.0
NMUR1,0.0012453983,0.0,0.0
NMUR2,0.001734991,0.0,-1.0
NOA1,0.11685089,0.0,0.0
NOB1,0.08782344,0.0,0.0
NOC2L,0.10688503,0.0,-1.0
NOC4L,0.14563604,0.0,0.0
NOD1,0.3578597,0.0,-1.0
NOD2,0.21564153,0.0,-1.0
NOG,0.08914275,0.0,-1.0
NOL11,0.08184327,0.0,0.0
NOL12,0.022299457,0.0,0.0
NOL3,0.087425455,0.0,-1.0
NOL4,0.20293756,0.0,0.0
NOL8,0.072258376,0.0,0.0
NOLC1,0.31308612,0.0,0.0
NOM1,0.059150886,0.0,0.0
NOMO1,0.09563546,0.0,0.0
NOMO3,0.040586907,0.0,0.0
NONO,0.3990881,0.0,1.0
NOP2,0.15228349,0.0,0.0
NOP53,0.07585447,0.0,-1.0
NOP56,0.068980515,0.0,-1.0
NOS1,0.32114512,0.0,-1.0
NOS1AP,0.22023383,0.0,0.0
NOS2,0.24485226,0.0,-1.0
NOS3,0.5862474,1.0,0.0
NOSIP,0.1420806,0.0,0.0
NOSTRIN,0.26002336,0.0,0.0
NOTCH1,0.8977843,1.0,1.0
NOTCH2,0.7061799,1.0,1.0
NOTCH2NLA,0.07193055,0.0,0.0
NOTCH3,0.688973,1.0,1.0
NOTCH4,0.58494836,1.0,1.0
NOVA1,0.11192863,0.0,-1.0
NOX1,0.042008903,0.0,0.0
NOX4,0.14633901,0.0,-1.0
NOXA1,0.20866242,0.0,-1.0
NOXO1,0.10629703,0.0,0.0
NPAS2,0.43240497,0.0,0.0
NPAS4,0.32206976,0.0,0.0
NPAT,0.2977912,0.0,-1.0
NPB,0.004313924,0.0,0.0
NPBWR1,0.012489577,0.0,0.0
NPBWR2,0.005754615,0.0,0.0
NPC2,0.012696627,0.0,-1.0
NPDC1,0.38077164,0.0,0.0
NPFF,0.00917713,0.0,0.0
NPFFR1,0.009720551,0.0,0.0
NPFFR2,0.010958879,0.0,0.0
NPHP1,0.22096306,0.0,-1.0
NPHP3,0.16034631,0.0,0.0
NPHP4,0.12280052,0.0,0.0
NPHS1,0.4301772,0.0,-1.0
NPHS2,0.2686415,0.0,-1.0
NPLOC4,0.019448407,0.0,0.0
NPM1,0.6604306,1.0,1.0
NPM3,0.072164744,0.0,0.0
NPNT,0.19057204,0.0,-1.0
NPPA,0.1157922,0.0,-1.0
NPPB,0.05663054,0.0,0.0
NPPC,0.005862884,0.0,0.0
NPR1,0.17694132,0.0,0.0
NPR2,0.0069980635,0.0,0.0
NPR3,0.03227921,0.0,-1.0
NPTX1,0.037810046,0.0,0.0
NPTX2,0.24600519,0.0,0.0
NPTXR,0.10076304,0.0,0.0
NPW,0.0072365827,0.0,0.0
NPY,0.0079029165,0.0,-1.0
NPY1R,0.029347746,0.0,-1.0
NPY2R,0.021212526,0.0,0.0
NPY4R,0.011042481,0.0,0.0
NPY5R,0.005888243,0.0,0.0
NQO1,0.25440913,0.0,-1.0
NQO2,0.06345345,0.0,0.0
NR0B1,0.49127686,0.0,-1.0
NR0B2,0.7503004,1.0,-1.0
NR1D1,0.23371582,0.0,0.0
NR1D2,0.13906538,0.0,-1.0
NR1H2,0.52586955,1.0,0.0
NR1H3,0.47866392,0.0,0.0
NR1H4,0.38013434,0.0,-1.0
NR1I2,0.45825556,0.0,-1.0
NR1I3,0.4483164,0.0,0.0
NR2C1,0.3460638,0.0,0.0
NR2C2,0.38179305,0.0,-1.0
NR2C2AP,0.06235869,0.0,0.0
NR2E3,0.5080744,1.0,-1.0
NR2F1,0.66770136,1.0,-1.0
NR2F2,0.6413737,1.0,0.0
NR2F6,0.26940474,0.0,-1.0
NR3C1,0.93937314,1.0,-1.0
NR3C2,0.46518508,0.0,-1.0
NR4A1,0.65562654,1.0,-1.0
NR4A2,0.38994262,0.0,-1.0
NR4A3,0.26438034,0.0,1.0
NR5A1,0.6990847,1.0,-1.0
NR5A2,0.37743375,0.0,0.0
NR6A1,0.14526853,0.0,0.0
NRAP,0.19917078,0.0,0.0
NRAS,0.7316007,1.0,1.0
NRBF2,0.3130022,0.0,0.0
NRBP1,0.21162845,0.0,0.0
NRCAM,0.3252716,0.0,-1.0
NRDC,0.07775593,0.0,0.0
NREP,0.057573043,0.0,0.0
NRF1,0.21241039,0.0,-1.0
NRG1,0.32719216,0.0,1.0
NRG2,0.1817755,0.0,-1.0
NRG3,0.033249855,0.0,-1.0
NRG4,0.09553764,0.0,-1.0
NRGN,0.10826582,0.0,0.0
NRIP1,0.85652053,1.0,-1.0
NRIP2,0.2739228,0.0,0.0
NRK,0.08960238,0.0,-1.0
NRL,0.1025703,0.0,-1.0
NRP1,0.59433633,1.0,-1.0
NRP2,0.40971625,0.0,-1.0
NRSN1,0.020758186,0.0,0.0
NRSN2,0.025399791,0.0,0.0
NRTN,0.18132862,0.0,0.0
NRXN1,0.14547938,0.0,0.0
NRXN2,0.22351326,0.0,-1.0
NRXN3,0.15128438,0.0,-1.0
NSD1,0.5262357,1.0,1.0
NSF,0.37571812,0.0,0.0
NSFL1C,0.09767761,0.0,0.0
NSL1,0.10876974,0.0,0.0
NSMAF,0.18054058,0.0,-1.0
NSMF,0.09275245,0.0,-1.0
NSUN2,0.15339807,0.0,0.0
NSUN4,0.04666898,0.0,0.0
NT5C2,0.07219144,0.0,1.0
NT5E,0.13569574,0.0,-1.0
NTAQ1,0.21907547,0.0,0.0
NTF3,0.171305,0.0,0.0
NTF4,0.099576406,0.0,-1.0
NTHL1,0.06847274,0.0,1.0
NTN1,0.11191838,0.0,-1.0
NTN3,0.06584248,0.0,0.0
NTN4,0.107563704,0.0,-1.0
NTNG1,0.028489899,0.0,0.0
NTNG2,0.08432894,0.0,0.0
NTRK1,0.7520729,1.0,1.0
NTRK2,0.5814855,1.0,1.0
NTRK3,0.5128674,1.0,1.0
NTS,0.03230687,0.0,0.0
NTSR1,0.12241897,0.0,-1.0
NTSR2,0.026495164,0.0,0.0
NUAK1,0.03741188,0.0,-1.0
NUAK2,0.24500056,0.0,0.0
NUB1,0.1897721,0.0,0.0
NUBP1,0.12512042,0.0,-1.0
NUCB1,0.08581157,0.0,0.0
NUCB2,0.18060094,0.0,0.0
NUCKS1,0.034928884,0.0,0.0
NUDC,0.14907216,0.0,0.0
NUDCD3,0.073296666,0.0,0.0
NUDT10,0.055010743,0.0,-1.0
NUDT14,0.23169997,0.0,-1.0
NUDT18,0.14376803,0.0,0.0
NUDT21,0.14835432,0.0,0.0
NUDT3,0.123884924,0.0,0.0
NUDT5,0.0693941,0.0,0.0
NUDT9,1.00207535e-05,0.0,0.0
NUF2,0.30539834,0.0,1.0
NUFIP1,0.16470529,0.0,0.0
NUFIP2,0.18483487,0.0,0.0
NUMA1,0.5587308,1.0,1.0
NUMB,0.51304615,1.0,-1.0
NUMBL,0.16462831,0.0,0.0
NUP107,0.2471841,0.0,-1.0
NUP133,0.31881815,0.0,-1.0
NUP153,0.5130125,1.0,0.0
NUP155,0.035247765,0.0,0.0
NUP160,0.07463135,0.0,0.0
NUP205,0.017518772,0.0,0.0
NUP210,0.11317403,0.0,0.0
NUP214,0.45814425,0.0,1.0
NUP37,0.09923643,0.0,0.0
NUP42,0.0034769746,0.0,0.0
NUP43,0.07166397,0.0,0.0
NUP50,0.25258887,0.0,-1.0
NUP54,0.15181993,0.0,-1.0
NUP58,0.06886497,0.0,0.0
NUP62,0.43244222,0.0,-1.0
NUP62CL,0.10062222,0.0,0.0
NUP85,0.08399928,0.0,-1.0
NUP88,0.2631023,0.0,0.0
NUP93,0.0051013716,0.0,-1.0
NUP98,0.5254774,1.0,1.0
NUPR1,0.2123298,0.0,-1.0
NUTF2,0.221147,0.0,0.0
NVL,0.11841439,0.0,0.0
NXF1,0.4431894,0.0,-1.0
NXF2,0.28711486,0.0,0.0
NXF3,0.12488622,0.0,0.0
NXF5,0.1174002,0.0,-1.0
NXN,0.05802274,0.0,0.0
NXPH1,0.015048296,0.0,0.0
NXPH2,0.026245426,0.0,0.0
NXPH3,0.07176917,0.0,0.0
NXT1,0.18617132,0.0,0.0
NXT2,0.12965038,0.0,0.0
NYNRIN,0.1309318,0.0,0.0
OASL,0.17925394,0.0,0.0
OAT,0.043269426,0.0,-1.0
OAZ1,0.0025512693,0.0,0.0
OAZ2,0.0022252444,0.0,0.0
OAZ3,0.011106737,0.0,0.0
OBP2A,0.0007590092,0.0,0.0
OBSCN,0.22051096,0.0,-1.0
OC90,0.057630148,0.0,0.0
OCLN,0.4249918,0.0,-1.0
OCM2,0.014990429,0.0,0.0
OCRL,0.20901385,0.0,-1.0
ODC1,0.0022252444,0.0,-1.0
ODF1,0.07152597,0.0,0.0
ODF2,0.07478109,0.0,0.0
ODF2L,0.08400454,0.0,0.0
OFD1,0.110814855,0.0,-1.0
OGA,0.1412955,0.0,0.0
OGDH,0.09211805,0.0,-1.0
OGFOD2,0.0727643,0.0,0.0
OGG1,0.098398626,0.0,-1.0
OGT,0.27514768,0.0,0.0
OIP5,0.35945502,0.0,0.0
OLA1,0.10595425,0.0,0.0
OLFM2,0.3218963,0.0,0.0
OLFM3,0.05651174,0.0,-1.0
OLFM4,0.026702244,0.0,-1.0
OLFML3,0.15078357,0.0,0.0
OLIG2,0.27892774,0.0,1.0
OLIG3,0.18551748,0.0,-1.0
OLR1,0.03637907,0.0,-1.0
OMG,4.870557e-05,0.0,0.0
OMP,0.027262373,0.0,0.0
ONECUT1,0.3797789,0.0,0.0
OPCML,0.04589366,0.0,-1.0
OPHN1,0.10401838,0.0,-1.0
OPN1LW,0.34704617,0.0,-1.0
OPN1MW,0.20992959,0.0,-1.0
OPN4,0.08045535,0.0,0.0
OPRD1,0.27204385,0.0,-1.0
OPRK1,0.16016506,0.0,-1.0
OPRL1,0.008365852,0.0,0.0
OPRM1,0.1321481,0.0,0.0
OPRPN,0.009279177,0.0,0.0
OPTC,0.03870968,0.0,0.0
OPTN,0.269488,0.0,-1.0
OR1G1,0.0007590092,0.0,0.0
ORAI1,0.09953614,0.0,0.0
ORAI2,0.122633934,0.0,-1.0
ORC1,0.37557012,0.0,-1.0
ORC2,0.48058975,0.0,0.0
ORC3,0.30599797,0.0,0.0
ORC4,0.26436558,0.0,0.0
ORC5,0.3307641,0.0,0.0
ORC6,0.26250678,0.0,0.0
ORM1,0.10149509,0.0,0.0
ORMDL3,0.07289728,0.0,-1.0
OS9,0.27529526,0.0,-1.0
OSBP,0.0999296,0.0,0.0
OSBP2,0.08451408,0.0,-1.0
OSBPL3,0.074788414,0.0,-1.0
OSCAR,0.070597194,0.0,0.0
OSGEP,0.085814066,0.0,0.0
OSM,0.20898823,0.0,0.0
OSMR,0.26126283,0.0,-1.0
OSR1,0.17471625,0.0,0.0
OSTF1,0.104205795,0.0,0.0
OSTM1,0.024673546,0.0,-1.0
OTC,0.12299028,0.0,-1.0
OTUB1,0.058243677,0.0,0.0
OTUB2,0.03688243,0.0,0.0
OTUD5,0.10483245,0.0,-1.0
OTUD7B,0.13873352,0.0,0.0
OTULIN,0.06625905,0.0,0.0
OTX1,0.15651944,0.0,0.0
OTX2,0.35332388,0.0,-1.0
OVGP1,0.07650765,0.0,0.0
OXSR1,0.09517341,0.0,0.0
OXT,0.02533806,0.0,0.0
OXTR,0.021946926,0.0,0.0
P2RX1,0.003161226,0.0,0.0
P2RX2,0.0017778203,0.0,0.0
P2RX3,0.001106273,0.0,0.0
P2RX4,0.13261081,0.0,0.0
P2RX6,0.07139242,0.0,0.0
P2RX7,0.119683355,0.0,-1.0
P2RY1,0.10592268,0.0,0.0
P2RY12,0.02013859,0.0,0.0
P2RY2,0.2787239,0.0,0.0
P3H1,0.037144527,0.0,-1.0
P4HA2,0.06701555,0.0,0.0
P4HA3,0.075154,0.0,0.0
P4HB,0.08095721,0.0,0.0
PA2G4,0.31278273,0.0,-1.0
PAAF1,0.06837888,0.0,-1.0
PABPC1,0.44591483,0.0,1.0
PABPC4,0.20202751,0.0,-1.0
PABPN1,0.21034351,0.0,-1.0
PACS1,0.23243763,0.0,0.0
PACS2,0.19418727,0.0,-1.0
PACSIN1,0.30754682,0.0,-1.0
PACSIN2,0.19876061,0.0,-1.0
PACSIN3,0.3596882,0.0,0.0
PAEP,0.19693083,0.0,-1.0
PAFAH1B1,0.34634584,0.0,-1.0
PAFAH1B2,0.45153773,0.0,1.0
PAFAH1B3,0.29817593,0.0,0.0
PAG1,0.56589526,1.0,-1.0
PAGR1,0.091601044,0.0,0.0
PAICS,0.18892379,0.0,-1.0
PAIP1,0.23332535,0.0,-1.0
PAIP2,0.17288901,0.0,0.0
PAIP2B,0.10678192,0.0,0.0
PAK1,0.8070661,1.0,1.0
PAK1IP1,0.06742522,0.0,0.0
PAK2,0.7957469,1.0,-1.0
PAK3,0.37132013,0.0,-1.0
PAK4,0.3035039,0.0,-1.0
PAK5,0.15248406,0.0,1.0
PAK6,0.1905713,0.0,-1.0
PALB2,0.2822232,0.0,1.0
PALLD,0.20776638,0.0,-1.0
PALS1,0.11529553,0.0,-1.0
PALS2,0.19710426,0.0,0.0
PAM,0.22496207,0.0,0.0
PAN2,0.16672072,0.0,0.0
PAN3,0.1704584,0.0,-1.0
PANK4,0.16050872,0.0,0.0
PANX1,0.16048658,0.0,0.0
PAPOLA,0.25374448,0.0,0.0
PAPPA,0.27734372,0.0,0.0
PAPPA2,0.18463287,0.0,-1.0
PAPSS1,0.08717265,0.0,0.0
PARD3,0.7327695,1.0,-1.0
PARD3B,0.23538181,0.0,-1.0
PARD6A,0.5094788,1.0,0.0
PARD6B,0.5107336,1.0,-1.0
PARD6G,0.27899078,0.0,0.0
PARG,0.12908885,0.0,0.0
PARK7,0.38598755,0.0,-1.0
PARN,0.04773726,0.0,0.0
PARP1,0.8422963,1.0,1.0
PARP10,0.17319232,0.0,0.0
PARP11,0.06637975,0.0,0.0
PARP14,0.26078385,0.0,0.0
PARP2,0.36420226,0.0,-1.0
PARP3,0.06479617,0.0,-1.0
PARP4,0.3567085,0.0,-1.0
PARP9,0.098336846,0.0,0.0
PARVA,0.19611752,0.0,0.0
PARVB,0.1649835,0.0,-1.0
PARVG,0.09582315,0.0,-1.0
PATJ,0.57660556,1.0,-1.0
PATZ1,0.37322843,0.0,1.0
PAWR,0.18749386,0.0,-1.0
PAX1,0.10637202,0.0,0.0
PAX2,0.51292187,1.0,-1.0
PAX3,0.37336144,0.0,1.0
PAX5,0.6228722,1.0,1.0
PAX6,0.55464023,1.0,-1.0
PAX7,0.29949132,0.0,1.0
PAX8,0.2314696,0.0,1.0
PAX9,0.40720436,0.0,-1.0
PAXIP1,0.32275185,0.0,0.0
PBDC1,0.059055746,0.0,0.0
PBK,0.33836707,0.0,0.0
PBLD,0.09962152,0.0,0.0
PBRM1,0.6376378,1.0,1.0
PBX1,0.7220104,1.0,1.0
PBX2,0.15352823,0.0,-1.0
PBX3,0.47727636,0.0,-1.0
PBXIP1,0.18356165,0.0,0.0
PC,0.11037823,0.0,-1.0
PCBD1,0.26004443,0.0,-1.0
PCBD2,0.045732636,0.0,0.0
PCBP1,0.36127475,0.0,1.0
PCBP2,0.34559095,0.0,-1.0
PCBP3,0.22392683,0.0,-1.0
PCBP4,0.17559694,0.0,0.0
PCCA,0.00042767057,0.0,-1.0
PCCB,0.00042767057,0.0,-1.0
PCDH1,0.15172233,0.0,0.0
PCDH17,0.035296574,0.0,-1.0
PCDH18,0.22786331,0.0,-1.0
PCDH7,0.12455301,0.0,0.0
PCDH8,0.052976795,0.0,0.0
PCDHA4,0.24897863,0.0,0.0
PCDHA6,0.21653761,0.0,0.0
PCED1A,0.042172473,0.0,0.0
PCGF1,0.054455396,0.0,0.0
PCGF2,0.22140516,0.0,0.0
PCGF6,0.094380945,0.0,0.0
PCID2,0.032313127,0.0,0.0
PCIF1,0.13480085,0.0,0.0
PCLO,0.17013149,0.0,-1.0
PCM1,0.35240108,0.0,1.0
PCMT1,0.14253505,0.0,0.0
PCNA,0.7800691,1.0,-1.0
PCNP,0.0642078,0.0,0.0
PCNT,0.418911,0.0,0.0
PCNX4,0.08443973,0.0,-1.0
PCOLCE,0.103402145,0.0,0.0
PCP4,0.042085826,0.0,0.0
PCSK1,0.064140044,0.0,-1.0
PCSK1N,0.066159524,0.0,0.0
PCSK2,0.0053301677,0.0,0.0
PCSK4,0.11595109,0.0,-1.0
PCSK5,0.23909166,0.0,-1.0
PCSK6,0.07815443,0.0,-1.0
PCSK7,0.23583408,0.0,-1.0
PCSK9,0.023058383,0.0,-1.0
PCYT1A,0.1781704,0.0,-1.0
PCYT1B,0.071091086,0.0,-1.0
PCYT2,0.00044329622,0.0,0.0
PDAP1,0.17530452,0.0,-1.0
PDC,0.17544363,0.0,0.0
PDCD1,0.00014139168,0.0,1.0
PDCD10,0.13774945,0.0,-1.0
PDCD11,0.23975314,0.0,-1.0
PDCD2,0.1969276,0.0,-1.0
PDCD4,0.15880306,0.0,-1.0
PDCD5,0.12527256,0.0,-1.0
PDCD6,0.41305685,0.0,-1.0
PDCD6IP,0.45568943,0.0,0.0
PDCD7,0.14476383,0.0,0.0
PDCL,0.16517726,0.0,0.0
PDCL2,0.067321315,0.0,0.0
PDE10A,0.11597216,0.0,0.0
PDE1A,0.10609888,0.0,0.0
PDE3B,0.15171625,0.0,0.0
PDE4A,0.14176828,0.0,-1.0
PDE4B,0.12559251,0.0,0.0
PDE4D,0.24255908,0.0,-1.0
PDE4DIP,0.22586021,0.0,1.0
PDE5A,0.15227668,0.0,0.0
PDE6D,0.49813107,0.0,0.0
PDE6G,0.23174107,0.0,-1.0
PDE6H,0.028164197,0.0,-1.0
PDE9A,0.11105418,0.0,0.0
PDGFA,0.18370266,0.0,-1.0
PDGFB,0.11999574,0.0,1.0
PDGFC,0.15101177,0.0,-1.0
PDGFD,0.057641566,0.0,-1.0
PDGFRA,0.66775787,1.0,1.0
PDGFRB,0.8789507,1.0,1.0
PDHA1,0.098756246,0.0,-1.0
PDHA2,0.018333355,0.0,-1.0
PDHB,0.042374738,0.0,-1.0
PDHX,0.15451112,0.0,0.0
PDIA2,0.09054491,0.0,0.0
PDIA3,0.2957027,0.0,0.0
PDIA4,0.06174365,0.0,-1.0
PDIA5,0.037439916,0.0,0.0
PDIA6,0.17736854,0.0,0.0
PDIK1L,0.15593688,0.0,0.0
PDILT,0.05535901,0.0,0.0
PDK1,0.22145638,0.0,-1.0
PDK2,0.225901,0.0,-1.0
PDK3,0.086929016,0.0,0.0
PDK4,0.135834,0.0,0.0
PDLIM1,0.18390742,0.0,0.0
PDLIM3,0.084874526,0.0,0.0
PDLIM4,0.21582134,0.0,0.0
PDLIM5,0.18285713,0.0,-1.0
PDLIM7,0.27050623,0.0,0.0
PDP1,0.06775891,0.0,0.0
PDP2,0.10867972,0.0,-1.0
PDPK1,0.59808546,1.0,-1.0
PDPN,0.053692356,0.0,0.0
PDX1,0.16831079,0.0,-1.0
PDXDC1,0.1230787,0.0,-1.0
PDYN,0.047626227,0.0,-1.0
PDZD11,0.13998184,0.0,0.0
PDZD2,0.2208242,0.0,-1.0
PDZD3,0.04225796,0.0,0.0
PDZD4,0.10321592,0.0,0.0
PDZK1,0.12817591,0.0,0.0
PDZK1IP1,0.11142805,0.0,-1.0
PDZRN3,0.14766957,0.0,-1.0
PEA15,0.3280116,0.0,-1.0
PEBP1,0.4516735,0.0,-1.0
PEBP4,0.21401618,0.0,0.0
PECAM1,0.64334065,1.0,-1.0
PECR,0.15588179,0.0,0.0
PEDS1-UBE2V1,0.06270135,0.0,0.0
PEF1,0.082723685,0.0,0.0
PEG10,0.076471,0.0,-1.0
PEG3,0.20328893,0.0,-1.0
PELI1,0.26531515,0.0,0.0
PELI2,0.2701991,0.0,0.0
PELI3,0.30842042,0.0,-1.0
PELP1,0.39323956,0.0,0.0
PEPD,0.0519783,0.0,-1.0
PER1,0.47879806,0.0,1.0
PER2,0.48770836,0.0,-1.0
PER3,0.54963577,1.0,-1.0
PES1,0.008290886,0.0,-1.0
PEX1,0.035138912,0.0,-1.0
PEX10,0.081569046,0.0,-1.0
PEX11A,0.08998508,0.0,0.0
PEX11B,0.061961126,0.0,0.0
PEX12,0.10123405,0.0,-1.0
PEX13,0.08924149,0.0,-1.0
PEX14,0.2386032,0.0,-1.0
PEX16,0.0453326,0.0,-1.0
PEX19,0.016087553,0.0,-1.0
PEX2,0.090064,0.0,-1.0
PEX26,0.051947407,0.0,-1.0
PEX3,0.039996557,0.0,-1.0
PEX5,0.14261378,0.0,-1.0
PEX5L,0.0651461,0.0,0.0
PEX6,0.055699013,0.0,-1.0
PEX7,0.14759794,0.0,-1.0
PF4,0.0970753,0.0,-1.0
PFDN1,0.1773845,0.0,0.0
PFDN2,0.17285559,0.0,0.0
PFDN4,0.11320026,0.0,0.0
PFDN5,0.32107028,0.0,0.0
PFDN6,0.097624876,0.0,0.0
PFKFB2,0.23603618,0.0,-1.0
PFKL,0.09258882,0.0,-1.0
PFKM,0.054070227,0.0,-1.0
PFKP,0.08326346,0.0,-1.0
PFN1,0.30749843,0.0,-1.0
PFN2,0.32166618,0.0,0.0
PGAM1,0.1880622,0.0,-1.0
PGAM5,0.17263079,0.0,0.0
PGD,0.024355378,0.0,-1.0
PGF,0.38383868,0.0,-1.0
PGGT1B,0.23813139,0.0,0.0
PGK1,0.15315594,0.0,-1.0
PGLS,0.06422665,0.0,0.0
PGM1,0.092182994,0.0,-1.0
PGM5,0.3516946,0.0,0.0
PGR,0.596718,1.0,1.0
PGRMC1,0.13046691,0.0,0.0
PGS1,0.08219489,0.0,0.0
PHACTR1,0.07571557,0.0,0.0
PHACTR3,0.09280048,0.0,0.0
PHACTR4,0.11821912,0.0,0.0
PHAF1,0.15364085,0.0,0.0
PHAX,0.04251862,0.0,-1.0
PHB1,0.5780406,1.0,-1.0
PHB2,0.47970527,0.0,0.0
PHC1,0.28919378,0.0,0.0
PHC2,0.10187917,0.0,-1.0
PHEX,0.19213237,0.0,-1.0
PHF1,0.18986139,0.0,-1.0
PHF10,0.21993598,0.0,0.0
PHF12,0.15600295,0.0,0.0
PHF21A,0.24942198,0.0,-1.0
PHF23,0.06427542,0.0,-1.0
PHGDH,0.071875535,0.0,-1.0
PHIP,0.12733889,0.0,-1.0
PHKA1,0.074144445,0.0,-1.0
PHKA2,0.11249707,0.0,-1.0
PHKB,0.07665234,0.0,-1.0
PHKG1,0.074017026,0.0,0.0
PHKG2,0.08193644,0.0,-1.0
PHLDA1,0.051173236,0.0,-1.0
PHLDB2,0.09705976,0.0,0.0
PHOX2A,0.1654516,0.0,0.0
PHPT1,0.08929905,0.0,0.0
PHYH,0.12641704,0.0,-1.0
PHYHIP,0.23270078,0.0,0.0
PHYHIPL,0.09107083,0.0,0.0
PI3,0.056691784,0.0,0.0
PI4K2A,0.072998725,0.0,0.0
PI4K2B,0.17322826,0.0,0.0
PI4KA,0.1524136,0.0,-1.0
PI4KB,0.15085967,0.0,0.0
PIAS1,0.84976035,1.0,-1.0
PIAS2,0.534612,1.0,0.0
PIAS3,0.7152177,1.0,-1.0
PIAS4,0.77321625,1.0,0.0
PICALM,0.36891118,0.0,1.0
PICK1,0.48752734,0.0,-1.0
PIDD1,0.21815081,0.0,0.0
PIGA,0.1730727,0.0,1.0
PIGC,0.19350082,0.0,-1.0
PIGF,0.00050449243,0.0,0.0
PIGG,0.00081863813,0.0,0.0
PIGH,0.304077,0.0,0.0
PIGK,0.10361786,0.0,0.0
PIGM,0.00013768129,0.0,0.0
PIGO,0.0028908756,0.0,0.0
PIGQ,0.28209245,0.0,0.0
PIGR,0.14675766,0.0,-1.0
PIGT,0.18990637,0.0,-1.0
PIGU,0.044601824,0.0,0.0
PIGX,0.00013768129,0.0,0.0
PIGY,0.06187477,0.0,-1.0
PIH1D1,0.059678216,0.0,0.0
PIK3AP1,0.276394,0.0,-1.0
PIK3C2A,0.21468708,0.0,-1.0
PIK3C2B,0.34766358,0.0,-1.0
PIK3C3,0.10633345,0.0,-1.0
PIK3CA,0.8527717,1.0,1.0
PIK3CB,0.30012667,0.0,1.0
PIK3CD,0.4720624,0.0,1.0
PIK3CG,0.6394716,1.0,1.0
PIK3R1,0.9743153,1.0,1.0
PIK3R2,0.78333414,1.0,1.0
PIK3R3,0.5810268,1.0,1.0
PIK3R4,0.12974955,0.0,-1.0
PIK3R5,0.3158427,0.0,-1.0
PIKFYVE,0.24348791,0.0,-1.0
PILRA,0.21738961,0.0,0.0
PILRB,0.15587054,0.0,0.0
PIM1,0.4877228,0.0,1.0
PIM2,0.108974494,0.0,-1.0
PIM3,0.025518797,0.0,-1.0
PIN1,0.73677105,1.0,0.0
PIN4,0.21152872,0.0,0.0
PIP,0.14714064,0.0,0.0
PIP4K2A,0.1820638,0.0,-1.0
PIP4K2B,0.12816313,0.0,0.0
PIP4K2C,0.13685378,0.0,0.0
PIP5K1A,0.34647584,0.0,-1.0
PIP5K1B,0.068288445,0.0,-1.0
PIP5K1C,0.3144965,0.0,-1.0
PIP5KL1,0.06420404,0.0,0.0
PIPOX,0.03991819,0.0,0.0
PIR,0.18762255,0.0,0.0
PISD,0.039232645,0.0,0.0
PITHD1,0.083684556,0.0,0.0
PITPNA,0.18043709,0.0,0.0
PITPNB,0.05945923,0.0,0.0
PITPNC1,0.07804028,0.0,0.0
PITPNM1,0.18182774,0.0,0.0
PITPNM2,0.31925938,0.0,-1.0
PITPNM3,0.13829795,0.0,-1.0
PITX1,0.34783357,0.0,-1.0
PITX2,0.18797708,0.0,0.0
PIWIL1,0.23098071,0.0,-1.0
PIWIL2,0.2470631,0.0,-1.0
PIWIL4,0.48311678,0.0,0.0
PJA1,0.13603538,0.0,0.0
PJA2,0.06607302,0.0,0.0
PKD1,0.61106,1.0,-1.0
PKD2,0.43666628,0.0,-1.0
PKD2L1,0.15655054,0.0,0.0
PKHD1,0.21311148,0.0,-1.0
PKIA,0.1267315,0.0,0.0
PKIB,0.034118477,0.0,0.0
PKIG,0.04094557,0.0,-1.0
PKLR,0.09466078,0.0,0.0
PKM,0.298642,0.0,-1.0
PKMYT1,0.31912968,0.0,0.0
PKN1,0.36165047,0.0,-1.0
PKN2,0.357768,0.0,0.0
PKN3,0.10904596,0.0,0.0
PKNOX1,0.48889092,0.0,-1.0
PKNOX2,0.10132236,0.0,0.0
PKP1,0.2026495,0.0,-1.0
PKP2,0.31228364,0.0,-1.0
PKP3,0.14533691,0.0,0.0
PKP4,0.36007664,0.0,-1.0
PLA1A,0.031517453,0.0,-1.0
PLA2G10,0.12558192,0.0,0.0
PLA2G15,0.09995709,0.0,0.0
PLA2G1B,0.1439672,0.0,0.0
PLA2G2A,0.08230435,0.0,-1.0
PLA2G4A,0.31989402,0.0,-1.0
PLA2G5,0.061098758,0.0,0.0
PLA2G7,0.11965901,0.0,-1.0
PLA2R1,0.121205665,0.0,-1.0
PLAA,0.13924958,0.0,0.0
PLAAT3,0.08038538,0.0,0.0
PLAAT4,0.117672294,0.0,-1.0
PLAC8,0.0247222,0.0,-1.0
PLAG1,0.16709018,0.0,1.0
PLAGL1,0.19167322,0.0,-1.0
PLAGL2,0.06755155,0.0,-1.0
PLAT,0.46011835,0.0,-1.0
PLAU,0.20166963,0.0,-1.0
PLAUR,0.3436433,0.0,-1.0
PLCB1,0.35048583,0.0,-1.0
PLCB2,0.2374251,0.0,-1.0
PLCB3,0.2346957,0.0,-1.0
PLCD1,0.24603063,0.0,-1.0
PLCD3,0.12845898,0.0,0.0
PLCD4,0.09004063,0.0,0.0
PLCE1,0.42017108,0.0,-1.0
PLCG1,0.9468086,1.0,1.0
PLCG2,0.7071407,1.0,1.0
PLCL2,0.079528265,0.0,0.0
PLD1,0.4322146,0.0,-1.0
PLD2,0.5237091,1.0,-1.0
PLEC,0.52989167,1.0,-1.0
PLEK,0.20058861,0.0,0.0
PLEKHA1,0.18530121,0.0,0.0
PLEKHA4,0.105802536,0.0,0.0
PLEKHA5,0.09953952,0.0,0.0
PLEKHA8,0.031048564,0.0,-1.0
PLEKHB1,0.20595494,0.0,-1.0
PLEKHB2,0.09532236,0.0,0.0
PLEKHF1,0.12005848,0.0,0.0
PLEKHF2,0.17507339,0.0,0.0
PLEKHG2,0.123256765,0.0,-1.0
PLEKHG4,0.14423966,0.0,0.0
PLEKHJ1,0.099358745,0.0,0.0
PLEKHM1,0.26132214,0.0,-1.0
PLEKHM2,0.1581879,0.0,0.0
PLEKHO1,0.14673005,0.0,0.0
PLG,0.3267122,0.0,-1.0
PLGRKT,0.07748803,0.0,0.0
PLIN1,0.019670868,0.0,-1.0
PLIN2,0.021862578,0.0,0.0
PLIN3,0.16718017,0.0,0.0
PLK1,0.5522607,1.0,-1.0
PLK2,0.12328627,0.0,-1.0
PLK3,0.45607445,0.0,-1.0
PLK4,0.25041407,0.0,-1.0
PLN,0.26263392,0.0,-1.0
PLOD3,0.14638668,0.0,0.0
PLP1,0.2732833,0.0,-1.0
PLP2,0.15169702,0.0,0.0
PLPP1,0.056423966,0.0,-1.0
PLPP2,0.08484271,0.0,-1.0
PLPP3,0.12891234,0.0,-1.0
PLRG1,0.12211934,0.0,-1.0
PLS3,0.040921427,0.0,0.0
PLSCR1,0.16087191,0.0,0.0
PLSCR3,0.12106328,0.0,0.0
PLSCR4,0.12749688,0.0,-1.0
PLTP,0.07741594,0.0,0.0
PLXDC1,0.298156,0.0,-1.0
PLXNA1,0.06354322,0.0,0.0
PLXNA2,0.068342045,0.0,-1.0
PLXNA4,0.16677655,0.0,0.0
PLXNB1,0.36160132,0.0,-1.0
PLXNB2,0.23192663,0.0,-1.0
PLXNB3,0.37860677,0.0,0.0
PLXNC1,0.0076378975,0.0,0.0
PLXND1,0.18709521,0.0,-1.0
PMAIP1,0.36240184,0.0,1.0
PMCH,0.036498293,0.0,0.0
PMEPA1,0.046426926,0.0,-1.0
PMF1,0.26038465,0.0,0.0
PML,0.90622205,1.0,1.0
PMM1,0.030572379,0.0,0.0
PMP22,0.0021021324,0.0,-1.0
PMPCA,0.047634747,0.0,-1.0
PMPCB,0.04256527,0.0,0.0
PMS1,0.2322168,0.0,1.0
PMS2,0.35708478,0.0,1.0
PNISR,0.05606185,0.0,0.0
PNKD,0.05006922,0.0,-1.0
PNKP,0.16813122,0.0,0.0
PNLIP,0.007968811,0.0,0.0
PNLIPRP2,0.0065017836,0.0,0.0
PNMA1,0.37621582,0.0,-1.0
PNMA6A,0.23757936,0.0,0.0
PNN,0.21248275,0.0,-1.0
PNO1,0.13268915,0.0,0.0
PNOC,0.005358193,0.0,0.0
PNP,0.20875421,0.0,0.0
PNPLA2,0.1789305,0.0,-1.0
PNRC1,0.45991936,0.0,-1.0
PNRC2,0.58595735,1.0,0.0
PODXL,0.05807768,0.0,0.0
PODXL2,0.028880494,0.0,0.0
POFUT1,0.35445097,0.0,0.0
POGZ,0.12334554,0.0,0.0
POLA1,0.4495527,0.0,-1.0
POLA2,0.25450864,0.0,0.0
POLB,0.20065412,0.0,0.0
POLD1,0.22091605,0.0,1.0
POLD2,0.18611965,0.0,0.0
POLD3,0.11396767,0.0,-1.0
POLD4,0.04434765,0.0,0.0
POLDIP2,0.22440219,0.0,0.0
POLDIP3,0.10785255,0.0,-1.0
POLE,0.5101376,1.0,1.0
POLE2,0.21686067,0.0,-1.0
POLE3,0.12101227,0.0,0.0
POLE4,0.14731814,0.0,0.0
POLG,0.24528599,0.0,1.0
POLH,0.16936043,0.0,-1.0
POLI,0.28205794,0.0,0.0
POLK,0.11565937,0.0,-1.0
POLL,0.28949484,0.0,0.0
POLM,0.08399907,0.0,-1.0
POLR1A,0.21555118,0.0,0.0
POLR1B,0.19657928,0.0,0.0
POLR1C,0.13041067,0.0,-1.0
POLR1D,0.07502372,0.0,-1.0
POLR1E,0.20168726,0.0,0.0
POLR1G,0.22182837,0.0,-1.0
POLR1H,0.20842339,0.0,0.0
POLR2A,0.6656795,1.0,0.0
POLR2B,0.17969272,0.0,0.0
POLR2C,0.23671599,0.0,0.0
POLR2D,0.2617203,0.0,-1.0
POLR2E,0.19411285,0.0,0.0
POLR2F,0.14407003,0.0,0.0
POLR2G,0.21931222,0.0,0.0
POLR2H,0.19451736,0.0,0.0
POLR2I,0.069841005,0.0,0.0
POLR2J,0.12416361,0.0,0.0
POLR2K,0.21618518,0.0,0.0
POLR2L,0.2250197,0.0,0.0
POLR2M,0.106671914,0.0,0.0
POLR3A,0.04603369,0.0,0.0
POLR3C,0.12513909,0.0,0.0
POLR3D,0.0050857808,0.0,0.0
POLR3E,0.00739844,0.0,-1.0
POLR3F,0.2304797,0.0,0.0
POLR3H,0.014152693,0.0,0.0
POLRMT,0.057044845,0.0,-1.0
POM121,0.33956617,0.0,0.0
POMC,0.06831989,0.0,-1.0
POMP,0.10028166,0.0,0.0
POMT1,0.00019043202,0.0,-1.0
POMT2,0.00019043202,0.0,-1.0
PON1,0.1147081,0.0,-1.0
PON2,0.03649033,0.0,0.0
POP1,0.01274508,0.0,0.0
POP4,0.010972502,0.0,0.0
POP5,0.018794568,0.0,0.0
POP7,0.025789151,0.0,0.0
POR,0.06184828,0.0,-1.0
PORCN,0.24399707,0.0,-1.0
POT1,0.22933185,0.0,1.0
POU1F1,0.4114989,0.0,-1.0
POU2AF1,0.15397845,0.0,1.0
POU2F1,0.78518116,1.0,-1.0
POU2F2,0.27590743,0.0,-1.0
POU2F3,0.284399,0.0,0.0
POU3F1,0.2005085,0.0,0.0
POU3F2,0.26308897,0.0,-1.0
POU3F3,0.11917429,0.0,-1.0
POU3F4,0.1686914,0.0,-1.0
POU4F1,0.16828917,0.0,-1.0
POU4F2,0.17247394,0.0,0.0
POU5F1,0.40990806,0.0,1.0
PPA1,0.15183711,0.0,0.0
PPARA,0.5912892,1.0,0.0
PPARD,0.6643492,1.0,-1.0
PPARG,0.7604293,1.0,1.0
PPARGC1A,0.6985874,1.0,0.0
PPARGC1B,0.3509051,0.0,0.0
PPBP,0.10426756,0.0,0.0
PPCDC,0.07391081,0.0,0.0
PPEF1,0.10765872,0.0,0.0
PPEF2,0.09424055,0.0,0.0
PPFIA1,0.6921924,1.0,0.0
PPFIA2,0.5940052,1.0,0.0
PPFIA3,0.62406534,1.0,0.0
PPFIA4,0.20195054,0.0,0.0
PPFIBP1,0.42429858,0.0,1.0
PPFIBP2,0.384151,0.0,0.0
PPHLN1,0.13515137,0.0,0.0
PPIA,0.2128365,0.0,0.0
PPIB,0.18641303,0.0,-1.0
PPIC,0.044198606,0.0,0.0
PPID,0.2415932,0.0,0.0
PPIE,0.14899828,0.0,0.0
PPIF,0.13761184,0.0,0.0
PPIG,0.150967,0.0,-1.0
PPIH,0.039743762,0.0,0.0
PPIL1,0.08475308,0.0,-1.0
PPIL2,0.21085648,0.0,0.0
PPIL3,0.04147715,0.0,0.0
PPIL4,0.075634554,0.0,-1.0
PPL,0.21561767,0.0,0.0
PPM1A,0.56472015,1.0,0.0
PPM1B,0.337089,0.0,0.0
PPM1D,0.2973036,0.0,1.0
PPM1E,0.028090695,0.0,-1.0
PPM1F,0.14700255,0.0,-1.0
PPM1G,0.15366037,0.0,0.0
PPM1J,0.0951762,0.0,-1.0
PPM1L,0.08551074,0.0,-1.0
PPOX,0.095094025,0.0,-1.0
PPP1CA,0.65581125,1.0,-1.0
PPP1CB,0.2805253,0.0,-1.0
PPP1CC,0.36906993,0.0,-1.0
PPP1R10,0.077672124,0.0,0.0
PPP1R11,0.04173401,0.0,0.0
PPP1R12A,0.34604186,0.0,-1.0
PPP1R12B,0.16541715,0.0,-1.0
PPP1R12C,0.3005631,0.0,-1.0
PPP1R13B,0.3619726,0.0,0.0
PPP1R13L,0.21088581,0.0,-1.0
PPP1R14A,0.284121,0.0,0.0
PPP1R15A,0.2024725,0.0,-1.0
PPP1R15B,0.10648989,0.0,0.0
PPP1R16A,0.13293222,0.0,0.0
PPP1R17,0.07552075,0.0,0.0
PPP1R18,0.036459073,0.0,0.0
PPP1R1A,0.020411355,0.0,-1.0
PPP1R1B,0.23660794,0.0,-1.0
PPP1R2,0.31218138,0.0,0.0
PPP1R26,0.003063924,0.0,0.0
PPP1R2C,0.0409224,0.0,0.0
PPP1R3A,0.24400356,0.0,-1.0
PPP1R3B,0.10486663,0.0,-1.0
PPP1R3D,0.08690846,0.0,0.0
PPP1R8,0.4585336,0.0,-1.0
PPP1R9A,0.24746297,0.0,-1.0
PPP1R9B,0.26927254,0.0,-1.0
PPP2CA,0.72130835,1.0,-1.0
PPP2CB,0.21854654,0.0,0.0
PPP2R1A,0.62700135,1.0,1.0
PPP2R1B,0.63755244,1.0,0.0
PPP2R2A,0.363614,0.0,1.0
PPP2R2B,0.24951835,0.0,-1.0
PPP2R2D,0.059553266,0.0,0.0
PPP2R3A,0.28736615,0.0,-1.0
PPP2R3B,0.13994968,0.0,0.0
PPP2R5A,0.5664333,1.0,-1.0
PPP2R5B,0.2112886,0.0,0.0
PPP2R5C,0.397099,0.0,-1.0
PPP2R5D,0.419333,0.0,0.0
PPP2R5E,0.26122746,0.0,0.0
PPP3CA,0.30615675,0.0,-1.0
PPP3CB,0.23662192,0.0,-1.0
PPP3CC,0.120908834,0.0,-1.0
PPP3R1,0.16272311,0.0,-1.0
PPP3R2,0.0006144995,0.0,-1.0
PPP4C,0.17439306,0.0,-1.0
PPP4R1,0.154156,0.0,0.0
PPP4R2,0.07236182,0.0,-1.0
PPP4R3B,0.13307247,0.0,-1.0
PPP4R4,0.07014672,0.0,0.0
PPP5C,0.52194893,1.0,0.0
PPP6C,0.11711909,0.0,1.0
PPP6R2,0.028539447,0.0,-1.0
PPP6R3,0.10134985,0.0,0.0
PPRC1,0.11203106,0.0,0.0
PPY,0.022810372,0.0,0.0
PQBP1,0.26874772,0.0,-1.0
PRADC1,0.012792531,0.0,0.0
PRAF2,0.13969238,0.0,0.0
PRAM1,0.23468344,0.0,0.0
PRAME,0.07533024,0.0,-1.0
PRB4,0.10982664,0.0,-1.0
PRC1,0.25794405,0.0,0.0
PRCC,0.18161155,0.0,1.0
PRCP,0.061593242,0.0,0.0
PRDM1,0.32921293,0.0,1.0
PRDM16,0.1977561,0.0,1.0
PRDM2,0.33059713,0.0,1.0
PRDM4,0.07834349,0.0,0.0
PRDX1,0.22407004,0.0,-1.0
PRDX2,0.20387498,0.0,0.0
PRDX3,0.117141135,0.0,0.0
PRDX4,0.14839865,0.0,-1.0
PRDX5,0.05087815,0.0,0.0
PRDX6,0.21317801,0.0,0.0
PREB,0.078078546,0.0,0.0
PRELP,0.27448344,0.0,0.0
PREP,0.051596396,0.0,0.0
PREPL,0.066207476,0.0,0.0
PREX2,0.5655894,1.0,1.0
PRF1,0.16800015,0.0,1.0
PRG2,0.2649653,0.0,0.0
PRICKLE1,0.12145543,0.0,-1.0
PRICKLE2,0.08593199,0.0,-1.0
PRIM1,0.20682722,0.0,-1.0
PRIMA1,0.008549301,0.0,0.0
PRKAA1,0.31789768,0.0,0.0
PRKAA2,0.2197372,0.0,0.0
PRKAB1,0.23412779,0.0,-1.0
PRKAB2,0.17629406,0.0,-1.0
PRKACA,0.89117056,1.0,1.0
PRKACB,0.048504695,0.0,-1.0
PRKAG1,0.21246013,0.0,-1.0
PRKAG2,0.1723189,0.0,-1.0
PRKAG3,0.09321326,0.0,0.0
PRKAR1A,0.44558716,0.0,1.0
PRKAR1B,0.30822173,0.0,-1.0
PRKAR2A,0.36574504,0.0,-1.0
PRKAR2B,0.2694056,0.0,-1.0
PRKCA,0.95264655,1.0,-1.0
PRKCB,0.79807925,1.0,1.0
PRKCD,0.9236342,1.0,-1.0
PRKCE,0.76537067,1.0,-1.0
PRKCG,0.805388,1.0,-1.0
PRKCH,0.31022862,0.0,-1.0
PRKCI,0.72465867,1.0,1.0
PRKCQ,0.56113553,1.0,-1.0
PRKCSH,0.2205592,0.0,0.0
PRKCZ,0.90910494,1.0,-1.0
PRKD1,0.68332845,1.0,-1.0
PRKD2,0.17236446,0.0,-1.0
PRKD3,0.2401628,0.0,0.0
PRKDC,0.84891707,1.0,-1.0
PRKG1,0.46318018,0.0,-1.0
PRKG2,0.17582677,0.0,-1.0
PRKN,0.4669717,0.0,1.0
PRKRA,0.35156348,0.0,-1.0
PRKRIP1,0.056840863,0.0,0.0
PRKX,0.16307472,0.0,-1.0
PRL,0.13350767,0.0,0.0
PRLH,0.031077068,0.0,0.0
PRLHR,0.04455749,0.0,0.0
PRLR,0.5093058,1.0,-1.0
PRM1,0.08714457,0.0,0.0
PRMT1,0.5689467,1.0,0.0
PRMT2,0.39987597,0.0,-1.0
PRMT3,0.08729517,0.0,0.0
PRMT5,0.3213858,0.0,-1.0
PRMT6,0.08633273,0.0,0.0
PRMT8,0.104743876,0.0,0.0
PRND,0.041827187,0.0,-1.0
PRNP,0.29088974,0.0,-1.0
PROC,0.16897552,0.0,-1.0
PROCA1,0.15537107,0.0,0.0
PROCR,0.09749515,0.0,0.0
PROP1,0.030460453,0.0,-1.0
PROS1,0.13942768,0.0,-1.0
PROX1,0.537915,1.0,-1.0
PROZ,0.029596725,0.0,-1.0
PRPF18,0.044082426,0.0,0.0
PRPF19,0.16867396,0.0,0.0
PRPF3,0.17176788,0.0,-1.0
PRPF38A,0.14369325,0.0,0.0
PRPF38B,0.09085152,0.0,-1.0
PRPF4,0.074958056,0.0,0.0
PRPF40A,0.598834,1.0,0.0
PRPF40B,0.16779992,0.0,1.0
PRPF4B,0.27600485,0.0,-1.0
PRPF6,0.25685048,0.0,-1.0
PRPF8,0.23404682,0.0,-1.0
PRPH,0.11978805,0.0,0.0
PRPH2,0.09541587,0.0,-1.0
PRPS1,0.097848624,0.0,-1.0
PRPS2,0.0657628,0.0,0.0
PRPSAP1,0.08972888,0.0,0.0
PRR13,0.14560263,0.0,0.0
PRR14,0.080062486,0.0,0.0
PRRC2A,0.3598083,0.0,0.0
PRRC2B,0.14068338,0.0,-1.0
PRRG2,0.083694175,0.0,0.0
PRRT2,0.046547573,0.0,-1.0
PRRX1,0.27067122,0.0,1.0
PRRX2,0.03240867,0.0,-1.0
PRSS1,0.025131356,0.0,-1.0
PRSS2,0.036242783,0.0,0.0
PRSS23,0.20605768,0.0,0.0
PRSS3,0.04638099,0.0,-1.0
PRSS8,0.06749349,0.0,-1.0
PRTFDC1,0.10399599,0.0,0.0
PRTN3,0.13083737,0.0,0.0
PRUNE1,0.037594676,0.0,-1.0
PRUNE2,0.1940694,0.0,-1.0
PRX,0.30463964,0.0,-1.0
PSAP,0.3589511,0.0,-1.0
PSD,0.13021794,0.0,0.0
PSEN1,0.77423716,1.0,-1.0
PSEN2,0.5793439,1.0,-1.0
PSENEN,0.13281573,0.0,-1.0
PSG1,0.090989515,0.0,0.0
PSG2,0.11406152,0.0,0.0
PSG3,0.15040512,0.0,0.0
PSG5,0.112427965,0.0,0.0
PSG9,0.20143391,0.0,0.0
PSIP1,0.22511722,0.0,1.0
PSKH1,0.108534634,0.0,0.0
PSMA1,0.26750278,0.0,0.0
PSMA2,0.12040959,0.0,0.0
PSMA3,0.34261388,0.0,0.0
PSMA4,0.17427523,0.0,0.0
PSMA5,0.14926381,0.0,-1.0
PSMA6,0.113814324,0.0,0.0
PSMA7,0.17733747,0.0,0.0
PSMB1,0.19119273,0.0,0.0
PSMB10,0.041370213,0.0,0.0
PSMB2,0.09950516,0.0,0.0
PSMB3,0.112441085,0.0,0.0
PSMB4,0.14833586,0.0,0.0
PSMB5,0.14374435,0.0,0.0
PSMB6,0.14174326,0.0,0.0
PSMB7,0.11866472,0.0,0.0
PSMB8,0.14949389,0.0,0.0
PSMB9,0.10915854,0.0,0.0
PSMC1,0.14343037,0.0,0.0
PSMC2,0.25140315,0.0,0.0
PSMC3,0.21636675,0.0,-1.0
PSMC3IP,0.29806527,0.0,0.0
PSMC4,0.21417917,0.0,0.0
PSMC5,0.52756774,1.0,0.0
PSMC6,0.12561753,0.0,0.0
PSMD1,0.177539,0.0,0.0
PSMD10,0.22844185,0.0,0.0
PSMD11,0.4401001,0.0,0.0
PSMD12,0.010112629,0.0,0.0
PSMD13,0.010112629,0.0,0.0
PSMD14,0.110758536,0.0,0.0
PSMD2,0.06467244,0.0,-1.0
PSMD4,0.47041953,0.0,0.0
PSMD5,0.08392609,0.0,0.0
PSMD6,0.06784391,0.0,0.0
PSMD7,0.11826705,0.0,0.0
PSMD8,0.17095947,0.0,-1.0
PSMD9,0.11139183,0.0,0.0
PSME1,0.14189222,0.0,0.0
PSME2,0.070538685,0.0,0.0
PSME3,0.382125,0.0,0.0
PSMF1,0.21368659,0.0,-1.0
PSMG2,0.033906303,0.0,0.0
PSORS1C2,0.028450236,0.0,-1.0
PSPC1,0.18301444,0.0,0.0
PSPN,0.00023609531,0.0,0.0
PSTPIP1,0.34262365,0.0,0.0
PSTPIP2,0.100637026,0.0,0.0
PTAFR,0.23913006,0.0,0.0
PTBP1,0.40824926,0.0,-1.0
PTBP2,0.20363146,0.0,0.0
PTCD3,0.31679034,0.0,0.0
PTCH1,0.5095934,1.0,1.0
PTCH2,0.44130138,0.0,-1.0
PTEN,0.80099386,1.0,1.0
PTF1A,0.14773233,0.0,-1.0
PTGDR,0.101340264,0.0,0.0
PTGDS,0.2268066,0.0,0.0
PTGER1,0.3777687,0.0,-1.0
PTGER2,0.3723322,0.0,-1.0
PTGER3,0.21803814,0.0,-1.0
PTGES,0.27548286,0.0,0.0
PTGES2,0.21097937,0.0,0.0
PTGES3,0.49589235,0.0,0.0
PTGFR,0.31040803,0.0,-1.0
PTGFRN,0.23498958,0.0,-1.0
PTGIR,0.123217724,0.0,0.0
PTGS1,0.047090974,0.0,-1.0
PTGS2,0.1413808,0.0,-1.0
PTH,0.12739356,0.0,-1.0
PTH1R,0.15675384,0.0,-1.0
PTH2,0.089932315,0.0,0.0
PTH2R,0.08206886,0.0,0.0
PTHLH,0.1697781,0.0,-1.0
PTK2,0.9308238,1.0,-1.0
PTK2B,0.8795087,1.0,-1.0
PTK6,0.2688162,0.0,1.0
PTMA,0.7602409,1.0,-1.0
PTMS,0.09299875,0.0,0.0
PTN,0.13801543,0.0,-1.0
PTOV1,0.17662394,0.0,0.0
PTP4A1,0.12513265,0.0,-1.0
PTP4A2,0.10597467,0.0,0.0
PTP4A3,0.20157227,0.0,-1.0
PTPA,0.08666112,0.0,-1.0
PTPN1,0.743171,1.0,1.0
PTPN11,0.94494927,1.0,1.0
PTPN12,0.49990126,0.0,-1.0
PTPN13,0.50485677,1.0,1.0
PTPN14,0.36501762,0.0,-1.0
PTPN18,0.33283386,0.0,0.0
PTPN2,0.6205147,1.0,1.0
PTPN21,0.26763326,0.0,-1.0
PTPN22,0.48936108,0.0,-1.0
PTPN23,0.06483791,0.0,0.0
PTPN3,0.34339264,0.0,0.0
PTPN4,0.31509227,0.0,0.0
PTPN5,0.17708921,0.0,0.0
PTPN6,0.8959515,1.0,1.0
PTPN7,0.16349682,0.0,-1.0
PTPN9,0.1571189,0.0,-1.0
PTPRA,0.50203806,1.0,-1.0
PTPRB,0.45130363,0.0,1.0
PTPRC,0.80774415,1.0,1.0
PTPRCAP,0.12149699,0.0,0.0
PTPRD,0.69746387,1.0,1.0
PTPRE,0.45800546,0.0,-1.0
PTPRF,0.7531023,1.0,0.0
PTPRG,0.02172156,0.0,-1.0
PTPRH,0.32066697,0.0,-1.0
PTPRJ,0.4021919,0.0,-1.0
PTPRK,0.34249228,0.0,1.0
PTPRM,0.5406634,1.0,0.0
PTPRN,0.12869444,0.0,0.0
PTPRN2,0.3120734,0.0,0.0
PTPRO,0.21709046,0.0,-1.0
PTPRR,0.18899743,0.0,-1.0
PTPRS,0.5889402,1.0,1.0
PTPRT,0.015080205,0.0,1.0
PTPRU,0.19337764,0.0,-1.0
PTPRZ1,0.20040609,0.0,0.0
PTRH2,0.0383206,0.0,0.0
PTS,0.37389222,0.0,0.0
PTTG1,0.16846187,0.0,-1.0
PTTG1IP,0.083912015,0.0,-1.0
PTX3,0.106566176,0.0,-1.0
PUF60,0.13961717,0.0,0.0
PUM1,0.12046572,0.0,0.0
PUM2,0.18691583,0.0,0.0
PUM3,0.03063379,0.0,0.0
PURA,0.33325106,0.0,0.0
PURB,0.094898105,0.0,0.0
PVR,0.19873586,0.0,0.0
PWP1,0.053044394,0.0,0.0
PWP2,0.05155689,0.0,0.0
PXMP4,0.040459078,0.0,-1.0
PXN,0.8845352,1.0,-1.0
PYCARD,0.18854564,0.0,-1.0
PYCR2,0.11200201,0.0,-1.0
PYDC2,0.08018001,0.0,0.0
PYGB,0.06374732,0.0,0.0
PYGM,0.08266613,0.0,-1.0
PYGO1,0.4374589,0.0,0.0
PYGO2,0.3438774,0.0,0.0
PYROXD1,0.0034460924,0.0,0.0
PYY,0.006664829,0.0,-1.0
PZP,0.10043411,0.0,-1.0
QKI,0.40038016,0.0,1.0
QPRT,0.04032185,0.0,-1.0
QRICH1,0.07448856,0.0,0.0
QSOX1,0.052295405,0.0,0.0
QTRT1,0.15716724,0.0,0.0
R3HDM1,0.042068645,0.0,0.0
R3HDM2,0.08572251,0.0,0.0
RAB10,0.14566971,0.0,0.0
RAB11A,0.33448634,0.0,-1.0
RAB11B,0.2789259,0.0,0.0
RAB11FIP1,0.15147689,0.0,0.0
RAB11FIP2,0.30289632,0.0,0.0
RAB11FIP3,0.20403327,0.0,0.0
RAB11FIP4,0.22395521,0.0,0.0
RAB11FIP5,0.20898448,0.0,0.0
RAB13,0.21076345,0.0,0.0
RAB14,0.09295226,0.0,-1.0
RAB15,0.08603977,0.0,0.0
RAB17,0.15054637,0.0,0.0
RAB18,0.17705582,0.0,0.0
RAB1A,0.086361125,0.0,-1.0
RAB1B,0.30578542,0.0,0.0
RAB22A,0.10550803,0.0,0.0
RAB25,0.3630745,0.0,0.0
RAB26,0.0742989,0.0,0.0
RAB27A,0.37723544,0.0,-1.0
RAB27B,0.20033142,0.0,-1.0
RAB29,0.055669226,0.0,0.0
RAB2A,0.10837898,0.0,0.0
RAB2B,0.08911793,0.0,0.0
RAB30,0.07237578,0.0,0.0
RAB31,0.0518721,0.0,-1.0
RAB32,0.07332287,0.0,0.0
RAB33A,0.123043105,0.0,0.0
RAB33B,0.19633953,0.0,0.0
RAB34,0.12276055,0.0,0.0
RAB35,0.11358785,0.0,1.0
RAB37,0.15524234,0.0,0.0
RAB38,0.2452657,0.0,0.0
RAB3A,0.24326803,0.0,0.0
RAB3B,0.26552826,0.0,0.0
RAB3C,0.22730471,0.0,0.0
RAB3D,0.2926713,0.0,0.0
RAB3GAP1,0.047865115,0.0,0.0
RAB3GAP2,0.15998004,0.0,0.0
RAB3IL1,0.22225533,0.0,0.0
RAB3IP,0.27014026,0.0,0.0
RAB40C,0.12516989,0.0,0.0
RAB4A,0.208978,0.0,0.0
RAB4B,0.06718838,0.0,0.0
RAB5A,0.17204241,0.0,0.0
RAB5B,0.10720536,0.0,0.0
RAB5C,0.11523883,0.0,-1.0
RAB6A,0.14372025,0.0,0.0
RAB6B,0.2854536,0.0,0.0
RAB7A,0.13764036,0.0,-1.0
RAB8A,0.2767829,0.0,-1.0
RAB8B,0.28741735,0.0,0.0
RAB9A,0.15695433,0.0,0.0
RABAC1,0.2962671,0.0,0.0
RABEP1,0.35842824,0.0,1.0
RABEPK,0.22373365,0.0,-1.0
RABGAP1,0.22510202,0.0,0.0
RABGEF1,0.34719777,0.0,-1.0
RABGGTA,0.100323565,0.0,0.0
RABGGTB,0.21280122,0.0,-1.0
RABIF,0.13663931,0.0,-1.0
RABL2B,0.0044143572,0.0,0.0
RABL6,0.06299881,0.0,0.0
RAC1,0.8142549,1.0,1.0
RAC2,0.27538195,0.0,1.0
RAC3,0.34083056,0.0,-1.0
RACGAP1,0.5222932,1.0,-1.0
RACK1,0.8182052,1.0,-1.0
RAD1,0.30384305,0.0,-1.0
RAD17,0.35078347,0.0,1.0
RAD18,0.10835156,0.0,0.0
RAD21,0.5940525,1.0,1.0
RAD23A,0.28474537,0.0,-1.0
RAD23B,0.17643808,0.0,-1.0
RAD50,0.35561758,0.0,1.0
RAD51,0.61231154,1.0,1.0
RAD51AP1,0.1655577,0.0,0.0
RAD51AP2,0.03732146,0.0,0.0
RAD51B,0.15585926,0.0,1.0
RAD51C,0.14635204,0.0,1.0
RAD51D,0.040096276,0.0,1.0
RAD52,0.4832917,0.0,-1.0
RAD54B,0.1861401,0.0,0.0
RAD54L,0.21070231,0.0,-1.0
RAD54L2,0.10822977,0.0,0.0
RAD9A,0.7242901,1.0,-1.0
RAD9B,0.18095952,0.0,0.0
RADIL,0.20903163,0.0,-1.0
RAE1,0.27911797,0.0,0.0
RAET1E,0.006581243,0.0,0.0
RAET1G,0.0035870401,0.0,0.0
RAF1,0.948821,1.0,1.0
RAG1,0.37564036,0.0,-1.0
RAG2,0.22408992,0.0,-1.0
RAI1,0.19659215,0.0,-1.0
RAI14,0.23671514,0.0,0.0
RAI2,0.10368804,0.0,0.0
RALA,0.33359757,0.0,-1.0
RALB,0.19870716,0.0,-1.0
RALBP1,0.3929947,0.0,-1.0
RALGAPA1,0.2333936,0.0,-1.0
RALGAPA2,0.011290071,0.0,0.0
RALGAPB,0.011290071,0.0,0.0
RALGDS,0.6459349,1.0,-1.0
RALGPS1,0.11492869,0.0,0.0
RALGPS2,0.1230862,0.0,-1.0
RALY,0.17776781,0.0,-1.0
RALYL,0.13157283,0.0,-1.0
RAMAC,0.15998077,0.0,0.0
RAMP1,0.051746313,0.0,-1.0
RAMP2,0.051722404,0.0,0.0
RAMP3,0.10743739,0.0,0.0
RAN,0.6304857,1.0,-1.0
RANBP1,0.1057429,0.0,0.0
RANBP10,0.07061274,0.0,-1.0
RANBP2,0.53670466,1.0,1.0
RANBP3,0.1572545,0.0,0.0
RANBP9,0.6020073,1.0,-1.0
RANGAP1,0.29316428,0.0,0.0
RANGRF,0.097677775,0.0,0.0
RAP1A,0.71021897,1.0,-1.0
RAP1B,0.22135411,0.0,-1.0
RAP1GAP,0.35074627,0.0,-1.0
RAP1GDS1,0.37938815,0.0,1.0
RAP2A,0.5197298,1.0,-1.0
RAP2B,0.18460493,0.0,-1.0
RAPGEF1,0.43095103,0.0,-1.0
RAPGEF2,0.29207224,0.0,0.0
RAPGEF3,0.18834141,0.0,-1.0
RAPGEF4,0.25280556,0.0,0.0
RAPGEF5,0.25402415,0.0,-1.0
RAPGEF6,0.33831283,0.0,0.0
RAPH1,0.1366352,0.0,-1.0
RAPSN,0.07055024,0.0,-1.0
RARA,0.8129208,1.0,1.0
RARB,0.37861368,0.0,-1.0
RARG,0.42817146,0.0,-1.0
RARS1,0.048240308,0.0,0.0
RASA1,0.89759594,1.0,1.0
RASA2,0.11721137,0.0,-1.0
RASA3,0.26241145,0.0,-1.0
RASA4,0.053527556,0.0,0.0
RASAL2,0.13367645,0.0,-1.0
RASD1,0.14940366,0.0,0.0
RASD2,0.4280822,0.0,0.0
RASGEF1C,0.009080214,0.0,-1.0
RASGRF1,0.2515867,0.0,-1.0
RASGRP1,0.19383463,0.0,-1.0
RASGRP2,0.2676412,0.0,-1.0
RASGRP3,0.13442983,0.0,-1.0
RASGRP4,0.22002116,0.0,-1.0
RASIP1,0.39674002,0.0,0.0
RASL11B,0.07496715,0.0,-1.0
RASL12,0.28597257,0.0,0.0
RASSF1,0.4988442,0.0,-1.0
RASSF2,0.2726848,0.0,-1.0
RASSF4,0.12109364,0.0,0.0
RASSF5,0.5908238,1.0,-1.0
RASSF7,0.033271153,0.0,0.0
RASSF8,0.17692006,0.0,-1.0
RASSF9,0.13632214,0.0,0.0
RAVER1,0.26454917,0.0,-1.0
RAVER2,0.1524035,0.0,0.0
RAX,0.06752633,0.0,0.0
RAX2,0.04526902,0.0,-1.0
RB1,0.98413604,1.0,1.0
RB1CC1,0.1610791,0.0,-1.0
RBAK,0.20281626,0.0,0.0
RBBP4,0.7016529,1.0,-1.0
RBBP5,0.21884724,0.0,-1.0
RBBP6,0.1318094,0.0,-1.0
RBBP7,0.5341565,1.0,-1.0
RBBP8,0.5091492,1.0,-1.0
RBBP9,0.09471907,0.0,0.0
RBCK1,0.16622312,0.0,0.0
RBFOX2,0.25775203,0.0,0.0
RBL1,0.7626688,1.0,-1.0
RBL2,0.70911217,1.0,-1.0
RBM10,0.14633447,0.0,1.0
RBM11,0.16580133,0.0,0.0
RBM12,0.33079937,0.0,-1.0
RBM14,0.34262964,0.0,0.0
RBM17,0.11614655,0.0,0.0
RBM19,0.10539832,0.0,0.0
RBM23,0.3055051,0.0,0.0
RBM39,0.26168898,0.0,-1.0
RBM4,0.20079465,0.0,0.0
RBM41,0.12991565,0.0,0.0
RBM42,0.12845992,0.0,0.0
RBM48,0.46562678,0.0,0.0
RBM4B,0.075336024,0.0,0.0
RBM5,0.064578384,0.0,-1.0
RBM7,0.18852237,0.0,-1.0
RBM8A,0.2659862,0.0,-1.0
RBMS1,0.18296239,0.0,0.0
RBMS2,0.0010510836,0.0,0.0
RBMX,0.2704563,0.0,-1.0
RBMXL2,0.077590935,0.0,0.0
RBMY1A1,0.08157168,0.0,0.0
RBP1,0.4239285,0.0,-1.0
RBP2,0.13157055,0.0,0.0
RBP3,0.33601877,0.0,0.0
RBP4,0.05393065,0.0,0.0
RBPJ,0.6572689,1.0,-1.0
RBPMS,0.27526268,0.0,0.0
RBSN,0.19945748,0.0,0.0
RBX1,0.4518658,0.0,-1.0
RCAN1,0.16677068,0.0,0.0
RCAN2,0.08701591,0.0,-1.0
RCAN3,0.124967165,0.0,0.0
RCBTB2,0.03801087,0.0,0.0
RCC1,0.29664117,0.0,-1.0
RCC2,0.08805732,0.0,-1.0
RCHY1,0.12445653,0.0,-1.0
RCN1,0.061204325,0.0,0.0
RCN2,0.035633825,0.0,0.0
RCN3,0.18965301,0.0,0.0
RCOR1,0.22568268,0.0,0.0
RCOR2,0.14760298,0.0,0.0
RCOR3,0.12330021,0.0,0.0
RCVRN,0.23347284,0.0,0.0
RDH5,0.02837931,0.0,0.0
RDX,0.39999714,0.0,-1.0
RECK,0.14068656,0.0,-1.0
RECQL,0.19281124,0.0,1.0
RECQL4,0.13788407,0.0,1.0
RECQL5,0.22770764,0.0,-1.0
REEP6,0.15386854,0.0,0.0
REG1A,0.19525054,0.0,-1.0
REG1B,0.06668712,0.0,0.0
REG3A,0.15480903,0.0,-1.0
REL,0.57210904,1.0,1.0
RELA,0.9587258,1.0,-1.0
RELB,0.4055933,0.0,-1.0
RELL1,0.025411809,0.0,0.0
RELL2,0.02902227,0.0,0.0
RELN,0.32512227,0.0,-1.0
RELT,0.05180418,0.0,0.0
REM1,0.329163,0.0,-1.0
REN,0.0945953,0.0,-1.0
RENBP,0.10541105,0.0,0.0
REPS1,0.33131167,0.0,0.0
REPS2,0.34308162,0.0,-1.0
RER1,0.12398711,0.0,0.0
RERE,0.34082565,0.0,-1.0
RESF1,0.0634008,0.0,-1.0
REST,0.20593402,0.0,1.0
RET,0.6744748,1.0,1.0
RETN,0.025240619,0.0,0.0
RETREG2,0.095106125,0.0,0.0
REV1,0.25469625,0.0,0.0
REV3L,0.45269626,0.0,-1.0
REX1BD,0.028930862,0.0,0.0
REXO1,0.21916093,0.0,0.0
REXO4,0.12560035,0.0,0.0
RFC1,0.45872554,0.0,-1.0
RFC2,0.21231432,0.0,0.0
RFC3,0.16801454,0.0,-1.0
RFC4,0.32405356,0.0,-1.0
RFC5,0.18429403,0.0,-1.0
RFFL,0.12595509,0.0,0.0
RFK,0.05558864,0.0,0.0
RFLNA,0.10147931,0.0,-1.0
RFLNB,0.12074586,0.0,-1.0
RFX1,0.50187486,1.0,0.0
RFX2,0.14610475,0.0,-1.0
RFX3,0.17320281,0.0,0.0
RFX4,0.14337659,0.0,0.0
RFX5,0.2781306,0.0,-1.0
RFX6,0.2464599,0.0,-1.0
RFXANK,0.39326897,0.0,-1.0
RFXAP,0.28126827,0.0,-1.0
RGCC,0.04878548,0.0,-1.0
RGL1,0.31892246,0.0,-1.0
RGL2,0.19780046,0.0,0.0
RGL4,0.25215626,0.0,0.0
RGMA,0.106061175,0.0,0.0
RGN,0.10674223,0.0,0.0
RGPD5,0.19363713,0.0,0.0
RGR,0.040553503,0.0,-1.0
RGS1,0.17888537,0.0,-1.0
RGS10,0.07208981,0.0,0.0
RGS11,0.12878652,0.0,0.0
RGS12,0.20283861,0.0,-1.0
RGS13,0.020332258,0.0,0.0
RGS14,0.13268024,0.0,0.0
RGS16,0.15173432,0.0,0.0
RGS17,0.016577601,0.0,-1.0
RGS18,0.06668164,0.0,-1.0
RGS19,0.09427527,0.0,-1.0
RGS2,0.26222888,0.0,-1.0
RGS20,0.09671359,0.0,0.0
RGS3,0.4841868,0.0,-1.0
RGS4,0.21122025,0.0,0.0
RGS5,0.07635796,0.0,0.0
RGS6,0.13108669,0.0,0.0
RGS7,0.23424663,0.0,1.0
RGS9,0.040299214,0.0,0.0
RGS9BP,0.041428022,0.0,0.0
RHAG,0.083132625,0.0,0.0
RHBDF1,0.09101669,0.0,0.0
RHBDL2,0.063435175,0.0,0.0
RHEB,0.5019153,1.0,1.0
RHEBL1,0.39262688,0.0,0.0
RHO,0.14065439,0.0,-1.0
RHOA,0.69317055,1.0,1.0
RHOB,0.27964497,0.0,-1.0
RHOC,0.29478812,0.0,-1.0
RHOD,0.31029612,0.0,0.0
RHOG,0.38561282,0.0,-1.0
RHOH,0.1546239,0.0,1.0
RHOJ,0.4034601,0.0,0.0
RHOQ,0.3207347,0.0,0.0
RHOT2,0.10832222,0.0,0.0
RHOU,0.21310258,0.0,0.0
RHOXF2,0.20300266,0.0,0.0
RHPN1,0.14440744,0.0,0.0
RHPN2,0.21189314,0.0,-1.0
RIBC2,0.3926962,0.0,0.0
RIC8A,0.16168746,0.0,0.0
RIC8B,0.06565741,0.0,0.0
RICTOR,0.3204262,0.0,1.0
RIF1,0.28098485,0.0,0.0
RILP,0.053915203,0.0,0.0
RILPL2,0.09649386,0.0,0.0
RIMS1,0.37191775,0.0,-1.0
RIMS2,0.5166098,1.0,-1.0
RIN1,0.34099388,0.0,0.0
RIN2,0.1528018,0.0,0.0
RIN3,0.14358136,0.0,0.0
RING1,0.21247339,0.0,0.0
RINT1,0.20492718,0.0,0.0
RIOK1,0.057632476,0.0,0.0
RIOX2,0.081849106,0.0,-1.0
RIPK1,0.613494,1.0,-1.0
RIPK2,0.58133173,1.0,-1.0
RIPK3,0.21646258,0.0,0.0
RIPK4,0.19975057,0.0,0.0
RIT1,0.33643696,0.0,1.0
RIT2,0.35735637,0.0,-1.0
RLBP1,0.04957116,0.0,-1.0
RLF,0.19874857,0.0,-1.0
RLIM,0.5729079,1.0,-1.0
RLN1,0.038846273,0.0,0.0
RLN2,0.0805503,0.0,-1.0
RLN3,0.06723945,0.0,0.0
RMDN3,0.059687737,0.0,0.0
RMND5A,0.05262604,0.0,0.0
RMND5B,0.09265098,0.0,-1.0
RNASE1,0.023293834,0.0,0.0
RNASE2,0.11875301,0.0,0.0
RNASE6,0.059311986,0.0,0.0
RNASEL,0.10325066,0.0,-1.0
RND1,0.31548575,0.0,0.0
RND2,0.17487273,0.0,0.0
RND3,0.16960923,0.0,-1.0
RNF10,0.18181305,0.0,0.0
RNF11,0.6129182,1.0,-1.0
RNF111,0.23872823,0.0,-1.0
RNF114,0.026920572,0.0,0.0
RNF115,0.13501257,0.0,0.0
RNF123,0.14666663,0.0,0.0
RNF126,0.17682567,0.0,0.0
RNF128,0.21199374,0.0,0.0
RNF130,0.1730464,0.0,0.0
RNF138,0.22368923,0.0,0.0
RNF139,0.20786297,0.0,-1.0
RNF14,0.2844409,0.0,0.0
RNF141,0.076920874,0.0,0.0
RNF144A,0.16212843,0.0,0.0
RNF144B,0.21527657,0.0,-1.0
RNF146,0.115747124,0.0,-1.0
RNF168,0.20219849,0.0,-1.0
RNF183,0.118911155,0.0,0.0
RNF19A,0.24174525,0.0,0.0
RNF2,0.19195399,0.0,0.0
RNF216,0.4682091,0.0,-1.0
RNF220,0.053175353,0.0,-1.0
RNF25,0.14749415,0.0,0.0
RNF31,0.13020734,0.0,0.0
RNF32,0.07129199,0.0,0.0
RNF34,0.08829474,0.0,0.0
RNF4,0.37780705,0.0,-1.0
RNF40,0.098343484,0.0,-1.0
RNF41,0.23754989,0.0,0.0
RNF5,0.2844791,0.0,0.0
RNF7,0.22424392,0.0,-1.0
RNF8,0.14683092,0.0,0.0
RNGTT,0.15276939,0.0,0.0
RNH1,0.047324684,0.0,0.0
RNMT,0.18911059,0.0,0.0
RNPEP,0.07492064,0.0,0.0
RNPS1,0.19427678,0.0,0.0
RO60,0.10563676,0.0,-1.0
ROBO1,0.14312516,0.0,1.0
ROBO2,0.10694282,0.0,1.0
ROBO4,0.085375965,0.0,0.0
ROCK1,0.68657166,1.0,-1.0
ROCK2,0.3011394,0.0,-1.0
ROGDI,0.07839212,0.0,0.0
ROM1,0.05320491,0.0,-1.0
ROPN1,0.03902692,0.0,0.0
ROPN1B,0.017181564,0.0,0.0
ROPN1L,0.099129036,0.0,0.0
ROR2,0.110585354,0.0,-1.0
RORA,0.49038672,0.0,0.0
RORB,0.36443308,0.0,0.0
RORC,0.35847268,0.0,-1.0
ROS1,0.36572447,0.0,1.0
RP1,0.2823539,0.0,-1.0
RP2,0.05755923,0.0,-1.0
RP9,0.016453564,0.0,-1.0
RPA1,0.6377475,1.0,-1.0
RPA2,0.5677197,1.0,-1.0
RPA3,0.30520636,0.0,-1.0
RPA4,0.34157458,0.0,0.0
RPAP3,0.05469942,0.0,0.0
RPE,0.09431066,0.0,-1.0
RPE65,0.021505104,0.0,-1.0
RPGR,0.41735902,0.0,-1.0
RPGRIP1,0.11145676,0.0,-1.0
RPH3A,0.16369016,0.0,-1.0
RPH3AL,0.4254801,0.0,-1.0
RPIA,0.17703915,0.0,-1.0
RPL10,0.21443617,0.0,1.0
RPL10A,0.08195159,0.0,0.0
RPL11,0.2577868,0.0,-1.0
RPL12,0.06326073,0.0,0.0
RPL13,0.05309057,0.0,0.0
RPL13A,0.08623928,0.0,-1.0
RPL14,0.037969515,0.0,0.0
RPL15,0.04238472,0.0,0.0
RPL17,0.04399221,0.0,0.0
RPL18A,0.13945515,0.0,-1.0
RPL21,0.08710691,0.0,0.0
RPL22,0.18128459,0.0,1.0
RPL23,0.13120508,0.0,0.0
RPL23A,0.1569003,0.0,0.0
RPL24,0.065089025,0.0,0.0
RPL26,0.16187978,0.0,-1.0
RPL28,0.13132444,0.0,-1.0
RPL29,0.09270654,0.0,-1.0
RPL3,0.04834217,0.0,0.0
RPL30,0.056623995,0.0,0.0
RPL31,0.0524749,0.0,-1.0
RPL35A,0.0364118,0.0,-1.0
RPL36,0.04031335,0.0,0.0
RPL37A,0.07583499,0.0,0.0
RPL38,0.021474143,0.0,0.0
RPL4,0.13475971,0.0,0.0
RPL41,0.06673269,0.0,0.0
RPL5,0.3754274,0.0,1.0
RPL6,0.12290291,0.0,0.0
RPL7,0.0567691,0.0,0.0
RPL7A,0.12330168,0.0,0.0
RPL8,0.06851013,0.0,0.0
RPL9,0.07561088,0.0,0.0
RPLP0,0.17420562,0.0,0.0
RPLP1,0.07687992,0.0,0.0
RPLP2,0.09672412,0.0,0.0
RPN1,0.23703511,0.0,1.0
RPN2,0.14064501,0.0,0.0
RPP14,0.013268318,0.0,0.0
RPP21,0.009974262,0.0,0.0
RPP25,0.011688933,0.0,0.0
RPP30,0.008596667,0.0,0.0
RPP38,0.0062569273,0.0,-1.0
RPP40,0.008162551,0.0,0.0
RPRD1B,0.029886927,0.0,-1.0
RPRD2,0.021018293,0.0,0.0
RPS10,0.18781015,0.0,-1.0
RPS11,0.083634146,0.0,0.0
RPS13,0.12590234,0.0,-1.0
RPS14,0.1549011,0.0,0.0
RPS15,0.122811645,0.0,-1.0
RPS15A,0.057933882,0.0,0.0
RPS16,0.052518494,0.0,0.0
RPS18,0.05438973,0.0,0.0
RPS19,0.009851829,0.0,-1.0
RPS19BP1,0.0045513366,0.0,0.0
RPS2,0.18765976,0.0,-1.0
RPS20,0.09864905,0.0,0.0
RPS21,0.04156131,0.0,0.0
RPS25,0.13416658,0.0,0.0
RPS26,0.047425594,0.0,-1.0
RPS27,0.00097527896,0.0,-1.0
RPS27A,0.32760116,0.0,-1.0
RPS28,0.048050195,0.0,0.0
RPS3,0.14378731,0.0,0.0
RPS3A,0.2232018,0.0,-1.0
RPS4X,0.103615075,0.0,0.0
RPS6,0.23561062,0.0,-1.0
RPS6KA1,0.6827623,1.0,-1.0
RPS6KA2,0.32710463,0.0,0.0
RPS6KA3,0.63510627,1.0,-1.0
RPS6KA4,0.32141292,0.0,1.0
RPS6KA5,0.6421815,1.0,-1.0
RPS6KA6,0.13938999,0.0,-1.0
RPS6KB1,0.6301927,1.0,-1.0
RPS6KB2,0.21673952,0.0,1.0
RPS6KC1,0.12822793,0.0,0.0
RPS7,0.24576963,0.0,-1.0
RPS8,0.05710808,0.0,0.0
RPS9,0.111235976,0.0,0.0
RPSA,0.091610886,0.0,0.0
RPTOR,0.44720352,0.0,1.0
RRAD,0.17261489,0.0,-1.0
RRAGA,0.085463166,0.0,0.0
RRAGB,0.10342987,0.0,0.0
RRAGC,0.09875273,0.0,1.0
RRAGD,0.09508643,0.0,0.0
RRAS,0.5346932,1.0,1.0
RRAS2,0.63945985,1.0,1.0
RRBP1,0.124715626,0.0,0.0
RREB1,0.23864384,0.0,-1.0
RRH,0.06532303,0.0,0.0
RRM1,0.15227653,0.0,-1.0
RRM2,0.2247195,0.0,-1.0
RRM2B,0.16821554,0.0,-1.0
RRN3,0.21548706,0.0,0.0
RRP12,0.078808315,0.0,0.0
RRP1B,0.061104532,0.0,0.0
RRP8,0.17712578,0.0,0.0
RRP9,0.044906568,0.0,-1.0
RRS1,0.020197975,0.0,-1.0
RSBN1,0.09775728,0.0,-1.0
RSF1,0.16167718,0.0,-1.0
RSL24D1,0.072477385,0.0,0.0
RSPH14,0.09343776,0.0,-1.0
RSRC1,0.13212004,0.0,0.0
RSRC2,0.09641806,0.0,0.0
RSRP1,0.05817631,0.0,-1.0
RSU1,0.1062182,0.0,0.0
RTKN,0.2655235,0.0,0.0
RTL8A,0.075776726,0.0,0.0
RTL8C,0.0425529,0.0,0.0
RTN1,0.20397757,0.0,0.0
RTN3,0.21912354,0.0,0.0
RTN4,0.3271151,0.0,-1.0
RTN4IP1,0.25480723,0.0,-1.0
RTN4R,0.32319066,0.0,0.0
RTN4RL1,4.870557e-05,0.0,0.0
RTRAF,0.051973414,0.0,0.0
RUBCN,0.040903654,0.0,0.0
RUFY1,0.18455133,0.0,-1.0
RUFY2,0.2842949,0.0,0.0
RUFY3,0.048106037,0.0,0.0
RUNDC3A,0.13716614,0.0,0.0
RUNX1,0.8040633,1.0,1.0
RUNX1T1,0.61327696,1.0,1.0
RUNX2,0.78093314,1.0,-1.0
RUNX3,0.49850342,0.0,-1.0
RUSC1,0.1257996,0.0,0.0
RUSC2,0.23672216,0.0,-1.0
RUVBL1,0.3600412,0.0,-1.0
RUVBL2,0.28367612,0.0,-1.0
RWDD1,0.027574094,0.0,0.0
RWDD2B,0.10902863,0.0,0.0
RWDD3,0.14472774,0.0,0.0
RWDD4,0.034982257,0.0,0.0
RXFP1,0.07489285,0.0,0.0
RXFP2,0.09259732,0.0,-1.0
RXFP4,0.09382405,0.0,0.0
RXRA,0.92259467,1.0,-1.0
RXRB,0.69342166,1.0,-1.0
RXRG,0.67872065,1.0,-1.0
RYBP,0.42823458,0.0,1.0
RYK,0.29030436,0.0,-1.0
RYR1,0.2668164,0.0,-1.0
RYR2,0.3776358,0.0,-1.0
RYR3,0.24190809,0.0,-1.0
S100A1,0.19781105,0.0,-1.0
S100A10,0.16343758,0.0,-1.0
S100A11,0.23123983,0.0,0.0
S100A12,0.036821194,0.0,0.0
S100A13,0.16846567,0.0,-1.0
S100A14,4.5441317e-05,0.0,-1.0
S100A16,4.5441317e-05,0.0,0.0
S100A2,0.15473406,0.0,-1.0
S100A4,0.31769145,0.0,-1.0
S100A6,0.07735476,0.0,-1.0
S100A7,0.20714386,0.0,1.0
S100A8,0.27005994,0.0,-1.0
S100A9,0.060650658,0.0,-1.0
S100B,0.13828506,0.0,-1.0
S100P,0.042649303,0.0,-1.0
S100Z,0.014631385,0.0,0.0
S1PR1,0.2969614,0.0,-1.0
S1PR2,0.086639576,0.0,-1.0
S1PR3,0.13695021,0.0,0.0
S1PR4,0.14857449,0.0,-1.0
S1PR5,0.10059988,0.0,0.0
SAA1,0.10686837,0.0,-1.0
SAA2,0.082262,0.0,-1.0
SAA4,0.016400754,0.0,0.0
SAAL1,0.0890255,0.0,0.0
SACM1L,0.16165498,0.0,0.0
SACS,0.21099804,0.0,-1.0
SAE1,0.17578317,0.0,0.0
SAFB,0.31025925,0.0,0.0
SAFB2,0.20825958,0.0,0.0
SAG,0.048145425,0.0,-1.0
SALL1,0.28536692,0.0,-1.0
SALL2,0.14756143,0.0,0.0
SAMD3,0.29833636,0.0,0.0
SAMD4A,0.11644561,0.0,0.0
SAMD4B,0.07793252,0.0,0.0
SAMD8,0.070565976,0.0,0.0
SAMM50,0.055977557,0.0,-1.0
SAMSN1,0.09116821,0.0,0.0
SAP130,0.3983292,0.0,0.0
SAP18,0.24093619,0.0,0.0
SAP30,0.55311793,1.0,-1.0
SAP30BP,0.14122301,0.0,0.0
SAP30L,0.044401538,0.0,0.0
SAR1A,0.047801353,0.0,0.0
SARAF,0.069507845,0.0,0.0
SARNP,0.032303195,0.0,-1.0
SARS2,0.14696568,0.0,0.0
SART1,0.05186202,0.0,0.0
SART3,0.22043705,0.0,-1.0
SASH3,0.20145999,0.0,0.0
SAT1,0.18997726,0.0,0.0
SAT2,0.071361385,0.0,0.0
SATB1,0.45135587,0.0,-1.0
SATB2,0.23790036,0.0,-1.0
SAV1,0.1303121,0.0,-1.0
SBF1,0.082081586,0.0,0.0
SCAF1,0.06534924,0.0,-1.0
SCAF11,0.18231538,0.0,0.0
SCAMP1,0.25403297,0.0,0.0
SCAMP2,0.18352892,0.0,0.0
SCAMP3,0.24151431,0.0,0.0
SCAMP5,0.08636952,0.0,0.0
SCAND1,0.012115067,0.0,0.0
SCAP,0.12552735,0.0,0.0
SCAPER,0.12170596,0.0,-1.0
SCARB1,0.12329604,0.0,-1.0
SCARB2,0.12804355,0.0,-1.0
SCARF1,0.115324564,0.0,0.0
SCARF2,0.113351375,0.0,0.0
SCD,0.21697795,0.0,-1.0
SCEL,0.14567617,0.0,0.0
SCFD1,0.12204533,0.0,0.0
SCG2,0.07871967,0.0,0.0
SCG3,0.00020830591,0.0,0.0
SCG5,0.0047877682,0.0,1.0
SCGB1A1,0.10775185,0.0,0.0
SCGB1D1,0.011444738,0.0,0.0
SCGB1D2,0.0024003237,0.0,0.0
SCGB2A1,0.011444738,0.0,0.0
SCGB2A2,0.0024003237,0.0,0.0
SCGB3A1,9.242693e-06,0.0,0.0
SCGB3A2,6.232002e-05,0.0,0.0
SCGN,0.0143352235,0.0,0.0
SCHIP1,0.17621782,0.0,0.0
SCIN,0.0862796,0.0,-1.0
SCLT1,0.071921416,0.0,-1.0
SCMH1,0.22666556,0.0,0.0
SCN10A,0.08417164,0.0,-1.0
SCN1B,0.253956,0.0,-1.0
SCN2A,0.19955878,0.0,-1.0
SCN3A,0.119010605,0.0,-1.0
SCN3B,0.081182,0.0,-1.0
SCN4A,0.22019285,0.0,-1.0
SCN4B,0.08158544,0.0,-1.0
SCN5A,0.31347328,0.0,-1.0
SCN8A,0.18467249,0.0,0.0
SCNM1,0.106644295,0.0,0.0
SCNN1A,0.2314707,0.0,-1.0
SCNN1B,0.23531441,0.0,-1.0
SCNN1D,0.19012193,0.0,0.0
SCNN1G,0.2451877,0.0,-1.0
SCOC,0.074212596,0.0,0.0
SCP2,0.18244888,0.0,0.0
SCRIB,0.2811488,0.0,0.0
SCT,0.06659118,0.0,0.0
SCTR,0.07299172,0.0,0.0
SCUBE1,0.0061197206,0.0,0.0
SCUBE2,0.011573592,0.0,0.0
SCUBE3,0.009750611,0.0,-1.0
SCYL1,0.10087581,0.0,-1.0
SCYL2,0.12628148,0.0,-1.0
SCYL3,0.11240419,0.0,0.0
SDC1,0.11191683,0.0,-1.0
SDC2,0.27226093,0.0,-1.0
SDC3,0.2882095,0.0,-1.0
SDC4,0.19998974,0.0,1.0
SDCBP,0.43348822,0.0,-1.0
SDCBP2,0.05325112,0.0,0.0
SDHAF2,0.1262698,0.0,1.0
SDHB,0.07333741,0.0,1.0
SDSL,0.051091313,0.0,0.0
SEC11A,0.04608064,0.0,0.0
SEC13,0.04992778,0.0,0.0
SEC14L1,0.034973595,0.0,-1.0
SEC14L2,0.15589064,0.0,0.0
SEC16A,0.20294341,0.0,-1.0
SEC16B,0.0469581,0.0,0.0
SEC22B,0.07497939,0.0,0.0
SEC23A,0.22042449,0.0,0.0
SEC23B,0.054105237,0.0,-1.0
SEC23IP,0.040420555,0.0,0.0
SEC24A,0.026025018,0.0,0.0
SEC24B,0.13112578,0.0,0.0
SEC24C,0.08969017,0.0,0.0
SEC24D,0.065457836,0.0,0.0
SEC31A,0.04377496,0.0,-1.0
SEC61A1,0.022857344,0.0,0.0
SEC61A2,0.14120814,0.0,0.0
SEC61B,0.09497833,0.0,0.0
SEC62,0.095600784,0.0,0.0
SEC63,0.10458922,0.0,-1.0
SECISBP2,0.16601636,0.0,0.0
SECTM1,0.0073711127,0.0,0.0
SEL1L3,0.08453208,0.0,0.0
SELE,0.39468464,0.0,-1.0
SELENBP1,0.20686002,0.0,0.0
SELL,0.12409301,0.0,0.0
SELP,0.3132863,0.0,-1.0
SELPLG,0.21475764,0.0,0.0
SEM1,0.06144494,0.0,0.0
SEMA3A,0.13122566,0.0,-1.0
SEMA3B,0.18394805,0.0,-1.0
SEMA3C,0.2776653,0.0,-1.0
SEMA3F,0.24051212,0.0,-1.0
SEMA4A,0.16409436,0.0,-1.0
SEMA4B,0.17760405,0.0,-1.0
SEMA4C,0.19516237,0.0,0.0
SEMA4D,0.26614946,0.0,-1.0
SEMA4F,0.14886056,0.0,0.0
SEMA4G,0.11999746,0.0,0.0
SEMA6A,0.3230592,0.0,-1.0
SEMA6D,0.0020523807,0.0,-1.0
SEMA7A,0.0076378975,0.0,0.0
SEMG1,0.11099255,0.0,-1.0
SEMG2,0.1406136,0.0,-1.0
SENP1,0.20335764,0.0,0.0
SENP2,0.33178276,0.0,-1.0
SENP3,0.2312768,0.0,0.0
SENP6,0.26151285,0.0,0.0
SENP8,0.11363164,0.0,0.0
SEPHS1,0.11192719,0.0,0.0
SEPTIN1,0.17728116,0.0,0.0
SEPTIN11,0.05145727,0.0,-1.0
SEPTIN2,0.15057525,0.0,-1.0
SEPTIN3,0.100825526,0.0,0.0
SEPTIN4,0.08199993,0.0,0.0
SEPTIN5,0.094588354,0.0,-1.0
SEPTIN6,0.13422327,0.0,-1.0
SEPTIN7,0.045733284,0.0,-1.0
SEPTIN8,0.04994506,0.0,0.0
SEPTIN9,0.13272956,0.0,-1.0
SERBP1,0.31008145,0.0,-1.0
SERF2,0.20484374,0.0,0.0
SERGEF,0.00582373,0.0,0.0
SERP1,0.045558903,0.0,0.0
SERP2,0.029511485,0.0,-1.0
SERPINA1,0.029546328,0.0,-1.0
SERPINA10,0.11906741,0.0,0.0
SERPINA3,0.08685074,0.0,0.0
SERPINA4,0.078112565,0.0,-1.0
SERPINA5,0.14887023,0.0,0.0
SERPINA7,0.05634048,0.0,0.0
SERPINB1,0.054247074,0.0,-1.0
SERPINB12,0.014576892,0.0,0.0
SERPINB13,0.1028158,0.0,-1.0
SERPINB2,0.31236786,0.0,-1.0
SERPINB3,0.19438854,0.0,1.0
SERPINB4,0.19840232,0.0,-1.0
SERPINB6,0.21727696,0.0,0.0
SERPINB8,0.17195548,0.0,0.0
SERPINB9,0.41114607,0.0,0.0
SERPINC1,0.07222325,0.0,-1.0
SERPIND1,0.1062095,0.0,0.0
SERPINE1,0.16768914,0.0,-1.0
SERPINE2,0.12891334,0.0,0.0
SERPINF1,0.049894877,0.0,-1.0
SERPINF2,0.03516354,0.0,0.0
SERPING1,0.19322003,0.0,-1.0
SERPINH1,0.23429686,0.0,-1.0
SERPINI1,0.120324984,0.0,0.0
SERPINI2,0.052223586,0.0,0.0
SERTAD1,0.279155,0.0,0.0
SERTAD2,0.3317807,0.0,0.0
SERTAD3,0.18174675,0.0,0.0
SESN1,0.115971215,0.0,1.0
SESN2,0.13175085,0.0,1.0
SET,0.6364332,1.0,1.0
SETBP1,0.34150448,0.0,1.0
SETD2,0.22310387,0.0,1.0
SETD5,0.09911361,0.0,-1.0
SETD7,0.2765469,0.0,-1.0
SETDB1,0.6896139,1.0,1.0
SEZ6,0.0447243,0.0,0.0
SF1,0.34485856,0.0,-1.0
SF3A1,0.17057173,0.0,0.0
SF3A2,0.044291504,0.0,0.0
SF3A3,0.13270165,0.0,0.0
SF3B1,0.35021123,0.0,1.0
SF3B2,0.12635827,0.0,-1.0
SF3B3,0.17101942,0.0,-1.0
SF3B4,0.241271,0.0,0.0
SFI1,0.12333966,0.0,0.0
SFMBT1,0.18438977,0.0,0.0
SFN,0.70936257,1.0,0.0
SFPQ,0.4235077,0.0,1.0
SFRP1,0.6148705,1.0,1.0
SFRP2,0.5724829,1.0,1.0
SFTPA1,0.033553366,0.0,-1.0
SFTPA2,0.024647627,0.0,-1.0
SFTPB,0.13844581,0.0,-1.0
SFTPD,0.0009211624,0.0,0.0
SGCA,0.03245406,0.0,-1.0
SGCB,0.028097047,0.0,-1.0
SGCD,0.02017092,0.0,-1.0
SGCE,0.052322973,0.0,-1.0
SGCG,0.006289411,0.0,-1.0
SGCZ,0.057575323,0.0,-1.0
SGF29,0.10628571,0.0,0.0
SGK1,0.34974027,0.0,1.0
SGK2,0.047916908,0.0,0.0
SGK3,0.1525321,0.0,0.0
SGMS1,0.092451535,0.0,-1.0
SGO1,0.323194,0.0,-1.0
SGO2,0.17721726,0.0,0.0
SGSM2,0.13377975,0.0,0.0
SGSM3,0.1313616,0.0,0.0
SGTA,0.15909405,0.0,0.0
SGTB,0.15073593,0.0,0.0
SH2B1,0.29074216,0.0,0.0
SH2B2,0.603833,1.0,-1.0
SH2B3,0.35665172,0.0,1.0
SH2D1A,0.12829545,0.0,1.0
SH2D1B,0.015888354,0.0,0.0
SH2D2A,0.34180623,0.0,0.0
SH2D3A,0.11948181,0.0,0.0
SH2D3C,0.34543863,0.0,0.0
SH2D4A,0.22725259,0.0,0.0
SH3BGR,0.07222412,0.0,0.0
SH3BGRL3,0.2901939,0.0,0.0
SH3BP1,0.20006523,0.0,0.0
SH3BP2,0.67386,1.0,-1.0
SH3BP4,0.122947775,0.0,0.0
SH3BP5,0.27284232,0.0,0.0
SH3BP5L,0.10909716,0.0,0.0
SH3D19,0.38912553,0.0,0.0
SH3GL1,0.32566673,0.0,1.0
SH3GL2,0.34754035,0.0,-1.0
SH3GL3,0.31997523,0.0,0.0
SH3GLB1,0.30441844,0.0,-1.0
SH3GLB2,0.09095304,0.0,0.0
SH3KBP1,0.5445435,1.0,0.0
SH3PXD2A,0.24210756,0.0,-1.0
SH3RF1,0.3691025,0.0,0.0
SH3RF3,0.20150916,0.0,0.0
SH3YL1,0.16635728,0.0,0.0
SHANK1,0.45132953,0.0,-1.0
SHANK2,0.41885474,0.0,-1.0
SHANK3,0.18385953,0.0,0.0
SHARPIN,0.11333199,0.0,0.0
SHB,0.60615104,1.0,0.0
SHBG,0.04973508,0.0,-1.0
SHC1,0.9678119,1.0,-1.0
SHC2,0.31720248,0.0,-1.0
SHC3,0.28713313,0.0,-1.0
SHC4,0.078470424,0.0,-1.0
SHCBP1,0.082390755,0.0,0.0
SHD,0.082729146,0.0,0.0
SHE,0.19681278,0.0,-1.0
SHF,0.05930972,0.0,-1.0
SHH,0.11786993,0.0,-1.0
SHISA5,0.09521994,0.0,-1.0
SHKBP1,0.23387212,0.0,-1.0
SHMT1,0.1559051,0.0,0.0
SHMT2,0.113753445,0.0,-1.0
SHOC2,0.51940733,1.0,1.0
SHOX,0.03954787,0.0,0.0
SHPRH,0.15696043,0.0,-1.0
SHROOM2,0.1497817,0.0,0.0
SHROOM3,0.103098035,0.0,-1.0
SHTN1,0.09934069,0.0,-1.0
SI,0.13428503,0.0,-1.0
SIAH1,0.46699777,0.0,-1.0
SIAH2,0.20040019,0.0,-1.0
SIGIRR,0.36987302,0.0,0.0
SIGLEC1,0.11987656,0.0,0.0
SIGLEC10,0.20293492,0.0,0.0
SIGLEC11,0.16467999,0.0,0.0
SIGLEC12,0.24885643,0.0,0.0
SIGLEC14,0.04961069,0.0,0.0
SIGLEC5,0.04895255,0.0,0.0
SIGLEC6,0.028928826,0.0,0.0
SIGLEC7,0.25935704,0.0,0.0
SIGMAR1,0.29902974,0.0,0.0
SIK1,0.11277084,0.0,-1.0
SIK2,0.14524987,0.0,0.0
SIK3,0.07856595,0.0,-1.0
SIKE1,0.22972225,0.0,0.0
SIL1,0.086561166,0.0,-1.0
SIM1,0.2816126,0.0,0.0
SIM2,0.19264711,0.0,0.0
SIMC1,0.055995554,0.0,0.0
SIN3A,0.86777437,1.0,-1.0
SIN3B,0.39417785,0.0,-1.0
SINHCAF,0.048440367,0.0,0.0
SIPA1,0.12672283,0.0,-1.0
SIPA1L1,0.13865976,0.0,0.0
SIRPA,0.23685908,0.0,1.0
SIRPB1,0.072539955,0.0,-1.0
SIRT1,0.4762927,0.0,-1.0
SIRT2,0.40393013,0.0,0.0
SIRT3,0.16394523,0.0,-1.0
SIRT6,0.11185663,0.0,-1.0
SIRT7,0.056596313,0.0,0.0
SIT1,0.34210896,0.0,0.0
SIVA1,0.17889486,0.0,-1.0
SIX1,0.30465004,0.0,1.0
SIX2,0.18974169,0.0,1.0
SIX3,0.3251618,0.0,-1.0
SIX4,0.07814127,0.0,-1.0
SIX5,0.1510394,0.0,-1.0
SIX6,0.14793307,0.0,-1.0
SKA1,0.05114407,0.0,0.0
SKA2,0.03866564,0.0,0.0
SKAP1,0.27220967,0.0,0.0
SKAP2,0.20025091,0.0,0.0
SKI,0.64850974,1.0,1.0
SKIL,0.67402613,1.0,-1.0
SKIV2L,0.10258062,0.0,0.0
SKP1,0.06643719,0.0,-1.0
SKP2,0.7345111,1.0,-1.0
SLA,0.496312,0.0,0.0
SLA2,0.24668595,0.0,0.0
SLAMF1,0.088213965,0.0,-1.0
SLAMF6,0.22634152,0.0,-1.0
SLAMF7,0.049121834,0.0,0.0
SLBP,0.08743835,0.0,0.0
SLC12A1,0.041770637,0.0,-1.0
SLC12A2,0.08007447,0.0,0.0
SLC12A3,0.0806293,0.0,-1.0
SLC12A4,0.107084475,0.0,0.0
SLC12A6,0.08306189,0.0,-1.0
SLC12A9,0.022607358,0.0,0.0
SLC15A1,0.016792558,0.0,-1.0
SLC15A2,0.07109952,0.0,-1.0
SLC16A1,0.1454854,0.0,-1.0
SLC16A10,0.14973365,0.0,0.0
SLC16A2,0.09310084,0.0,-1.0
SLC16A3,0.030751064,0.0,-1.0
SLC16A8,0.043154843,0.0,0.0
SLC17A1,0.03152355,0.0,0.0
SLC17A7,0.03329904,0.0,0.0
SLC18A2,0.1748396,0.0,0.0
SLC1A1,0.1408514,0.0,0.0
SLC1A2,0.21049476,0.0,-1.0
SLC1A3,0.09892861,0.0,-1.0
SLC1A4,0.07108249,0.0,-1.0
SLC1A5,0.09280277,0.0,-1.0
SLC1A6,0.1248523,0.0,-1.0
SLC22A1,0.10461808,0.0,-1.0
SLC22A11,0.06842671,0.0,-1.0
SLC22A12,0.085452214,0.0,0.0
SLC22A2,0.02849721,0.0,-1.0
SLC22A24,0.05493033,0.0,0.0
SLC22A3,0.038401164,0.0,-1.0
SLC22A4,0.073070385,0.0,-1.0
SLC22A5,0.07065622,0.0,-1.0
SLC22A6,0.035485093,0.0,0.0
SLC22A9,0.09141469,0.0,0.0
SLC24A1,0.015494167,0.0,0.0
SLC25A10,0.10696335,0.0,0.0
SLC25A11,0.14825767,0.0,0.0
SLC25A17,0.019949824,0.0,-1.0
SLC25A20,0.016898349,0.0,0.0
SLC25A3,0.09067347,0.0,0.0
SLC25A34,0.030205773,0.0,0.0
SLC25A36,0.037941463,0.0,0.0
SLC25A38,0.031851828,0.0,0.0
SLC25A4,0.31937027,0.0,-1.0
SLC25A5,0.043279022,0.0,0.0
SLC25A6,0.1398419,0.0,0.0
SLC26A3,0.026464213,0.0,-1.0
SLC26A6,0.04042662,0.0,0.0
SLC26A8,0.12473627,0.0,0.0
SLC27A5,0.045674115,0.0,0.0
SLC27A6,0.20863125,0.0,0.0
SLC29A1,0.038266044,0.0,-1.0
SLC2A1,0.20335852,0.0,-1.0
SLC2A2,0.13785303,0.0,-1.0
SLC2A3,0.062216703,0.0,0.0
SLC2A4,0.41829053,0.0,-1.0
SLC30A3,0.18303525,0.0,0.0
SLC30A9,0.12619208,0.0,0.0
SLC34A1,0.07037819,0.0,-1.0
SLC35A2,0.061211146,0.0,0.0
SLC35E1,0.15378097,0.0,0.0
SLC35F6,0.056361042,0.0,0.0
SLC35G2,0.14432053,0.0,-1.0
SLC37A1,0.0544566,0.0,0.0
SLC38A2,0.067393385,0.0,-1.0
SLC38A3,0.04423065,0.0,-1.0
SLC39A1,0.20694427,0.0,-1.0
SLC39A11,0.00017282878,0.0,0.0
SLC39A2,0.10120177,0.0,-1.0
SLC3A1,0.05467585,0.0,-1.0
SLC3A2,0.12271616,0.0,0.0
SLC40A1,0.02207032,0.0,-1.0
SLC4A1,0.21919356,0.0,-1.0
SLC4A1AP,0.10641165,0.0,0.0
SLC4A2,0.077371195,0.0,-1.0
SLC4A3,0.072360195,0.0,0.0
SLC4A4,0.025485227,0.0,-1.0
SLC4A7,0.06571585,0.0,0.0
SLC4A8,0.12527867,0.0,0.0
SLC50A1,0.0387973,0.0,0.0
SLC5A1,0.062401634,0.0,0.0
SLC5A7,0.033690218,0.0,-1.0
SLC6A1,0.00872147,0.0,0.0
SLC6A12,0.20777974,0.0,0.0
SLC6A2,0.08931725,0.0,-1.0
SLC6A3,0.21381216,0.0,-1.0
SLC6A4,0.09604908,0.0,0.0
SLC6A5,0.074084595,0.0,0.0
SLC6A8,0.1540309,0.0,-1.0
SLC6A9,0.12787428,0.0,-1.0
SLC7A10,0.06695812,0.0,0.0
SLC7A11,0.07005809,0.0,0.0
SLC7A5,0.031218404,0.0,-1.0
SLC7A7,0.14098512,0.0,-1.0
SLC7A8,0.056966305,0.0,0.0
SLC8A1,0.20699698,0.0,0.0
SLC8A2,0.2194889,0.0,0.0
SLC8A3,0.23913582,0.0,0.0
SLC9A1,0.22262584,0.0,-1.0
SLC9A2,0.39913914,0.0,-1.0
SLC9A3,0.19148973,0.0,-1.0
SLC9A3R1,0.43294346,0.0,-1.0
SLC9A3R2,0.35189033,0.0,0.0
SLC9A5,0.15648106,0.0,0.0
SLC9A6,0.123370744,0.0,-1.0
SLC9A7,0.15688851,0.0,0.0
SLCO1A2,0.094541855,0.0,0.0
SLCO1C1,0.06443523,0.0,0.0
SLCO3A1,0.08790752,0.0,0.0
SLIT1,0.11532343,0.0,0.0
SLIT2,0.1156747,0.0,-1.0
SLIT3,0.058341622,0.0,-1.0
SLK,0.2521676,0.0,0.0
SLN,0.16943912,0.0,0.0
SLPI,0.08874183,0.0,-1.0
SLU7,0.047202833,0.0,0.0
SLX1A,0.025414964,0.0,0.0
SLX4,0.041857965,0.0,1.0
SMAD1,0.7962117,1.0,-1.0
SMAD2,0.97289956,1.0,1.0
SMAD3,0.97291374,1.0,1.0
SMAD4,0.9596541,1.0,1.0
SMAD5,0.39539358,0.0,0.0
SMAD6,0.37383267,0.0,-1.0
SMAD7,0.7050587,1.0,-1.0
SMAD9,0.80908686,1.0,-1.0
SMAP1,0.075712964,0.0,-1.0
SMARCA1,0.15730675,0.0,-1.0
SMARCA2,0.5279498,1.0,1.0
SMARCA4,0.9024487,1.0,1.0
SMARCA5,0.371031,0.0,0.0
SMARCB1,0.5219486,1.0,1.0
SMARCC1,0.48547962,0.0,0.0
SMARCC2,0.14075038,0.0,0.0
SMARCD1,0.34014252,0.0,1.0
SMARCD2,0.11568782,0.0,0.0
SMARCD3,0.6407436,1.0,0.0
SMARCE1,0.51915675,1.0,1.0
SMC1A,0.6948656,1.0,1.0
SMC1B,0.21567944,0.0,-1.0
SMC2,0.22713825,0.0,-1.0
SMC3,0.3967755,0.0,1.0
SMC4,0.19928806,0.0,-1.0
SMCP,0.048226558,0.0,0.0
SMG1,0.41891047,0.0,1.0
SMG5,0.5383399,1.0,-1.0
SMG6,0.33938283,0.0,-1.0
SMG7,0.37550044,0.0,-1.0
SMIM14,0.04450468,0.0,0.0
SMIM3,0.0052008224,0.0,0.0
SMN1,0.20428061,0.0,-1.0
SMN2,0.1166651,0.0,-1.0
SMNDC1,0.11085327,0.0,0.0
SMO,0.4406431,0.0,1.0
SMPD1,0.17347006,0.0,-1.0
SMPD2,0.12715359,0.0,0.0
SMPD4,0.10421328,0.0,0.0
SMPDL3A,5.0025657e-05,0.0,0.0
SMS,0.13736014,0.0,-1.0
SMTN,0.14175853,0.0,-1.0
SMUG1,0.074453555,0.0,-1.0
SMURF1,0.3094541,0.0,-1.0
SMURF2,0.34380233,0.0,-1.0
SMYD1,0.14557469,0.0,0.0
SMYD2,0.1887253,0.0,-1.0
SMYD3,0.40098858,0.0,1.0
SNAI1,0.10065588,0.0,-1.0
SNAP23,0.24282858,0.0,0.0
SNAP25,0.2349428,0.0,0.0
SNAP29,0.15863086,0.0,0.0
SNAP91,0.304563,0.0,0.0
SNAPC1,0.15588742,0.0,0.0
SNAPC2,0.090599306,0.0,0.0
SNAPC3,0.13225633,0.0,-1.0
SNAPC4,0.16663164,0.0,0.0
SNAPC5,0.23315696,0.0,0.0
SNAPIN,0.14291757,0.0,0.0
SNCA,0.58853024,1.0,-1.0
SNCAIP,0.25933084,0.0,-1.0
SNCB,0.08324056,0.0,0.0
SNCG,0.22375607,0.0,-1.0
SND1,0.44819474,0.0,1.0
SNF8,0.08616618,0.0,0.0
SNIP1,0.59290844,1.0,0.0
SNPH,0.04803988,0.0,0.0
SNRK,0.2352899,0.0,-1.0
SNRNP200,0.13037623,0.0,-1.0
SNRNP40,0.0788552,0.0,0.0
SNRNP70,0.183516,0.0,0.0
SNRPA,0.1690331,0.0,-1.0
SNRPA1,0.17401178,0.0,0.0
SNRPB,0.24188267,0.0,0.0
SNRPB2,0.1780903,0.0,0.0
SNRPC,0.08625491,0.0,0.0
SNRPD1,0.15704942,0.0,0.0
SNRPD2,0.15030038,0.0,-1.0
SNRPD3,0.18107365,0.0,-1.0
SNRPE,0.10209308,0.0,0.0
SNRPF,0.09956704,0.0,0.0
SNRPG,0.15449716,0.0,0.0
SNRPN,0.18687762,0.0,-1.0
SNTA1,0.4662173,0.0,-1.0
SNTB1,0.3098027,0.0,-1.0
SNTB2,0.38264465,0.0,-1.0
SNTG1,0.20655029,0.0,0.0
SNTG2,0.15967113,0.0,0.0
SNU13,0.23779912,0.0,0.0
SNUPN,0.08738894,0.0,0.0
SNW1,0.6395351,1.0,-1.0
SNX1,0.43110657,0.0,0.0
SNX13,0.05615792,0.0,0.0
SNX15,0.10703881,0.0,0.0
SNX17,0.21766649,0.0,0.0
SNX18,0.18315956,0.0,0.0
SNX19,0.100108586,0.0,-1.0
SNX2,0.48713934,0.0,0.0
SNX20,0.08870308,0.0,-1.0
SNX22,0.16266708,0.0,0.0
SNX24,0.022133086,0.0,0.0
SNX27,0.07198959,0.0,0.0
SNX3,0.13520469,0.0,0.0
SNX33,0.21096396,0.0,0.0
SNX4,0.3530135,0.0,0.0
SNX5,0.29819635,0.0,-1.0
SNX6,0.48222172,0.0,0.0
SNX7,0.043661904,0.0,-1.0
SNX9,0.33891222,0.0,0.0
SOBP,0.03753022,0.0,0.0
SOCS1,0.7821262,1.0,1.0
SOCS2,0.4101932,0.0,-1.0
SOCS3,0.76716155,1.0,1.0
SOCS5,0.17763038,0.0,0.0
SOCS6,0.5335343,1.0,-1.0
SOCS7,0.45063853,0.0,0.0
SOD1,0.15796447,0.0,-1.0
SOD2,0.13398287,0.0,-1.0
SOD3,0.113834135,0.0,0.0
SOHLH2,0.029012918,0.0,-1.0
SON,0.20235758,0.0,-1.0
SORBS1,0.563082,1.0,0.0
SORBS2,0.63306516,1.0,-1.0
SORBS3,0.43138885,0.0,0.0
SORCS1,0.19154358,0.0,-1.0
SORCS3,0.12259377,0.0,0.0
SORD,0.022276225,0.0,0.0
SORL1,0.22568423,0.0,-1.0
SORT1,0.2196457,0.0,-1.0
SOS1,0.8540969,1.0,1.0
SOS2,0.51291037,1.0,-1.0
SOSTDC1,0.13197921,0.0,0.0
SOX1,0.08775985,0.0,0.0
SOX10,0.4411104,0.0,-1.0
SOX11,0.079407185,0.0,-1.0
SOX13,0.10631969,0.0,0.0
SOX17,0.4440004,0.0,1.0
SOX18,0.16873485,0.0,0.0
SOX2,0.2634289,0.0,1.0
SOX3,0.10051667,0.0,-1.0
SOX30,0.09767836,0.0,0.0
SOX4,0.12372195,0.0,-1.0
SOX5,0.23927817,0.0,-1.0
SOX6,0.2473888,0.0,0.0
SOX7,0.17844376,0.0,0.0
SOX8,0.37378302,0.0,-1.0
SOX9,0.55114526,1.0,1.0
SP1,0.9176227,1.0,-1.0
SP100,0.48641896,0.0,0.0
SP110,0.05495289,0.0,-1.0
SP140,0.13007067,0.0,1.0
SP2,0.082148254,0.0,0.0
SP3,0.5516423,1.0,0.0
SP4,0.17244455,0.0,0.0
SPA17,0.03446294,0.0,-1.0
SPACA9,0.07703813,0.0,0.0
SPAG1,0.026768811,0.0,0.0
SPAG16,0.038755126,0.0,0.0
SPAG4,0.045330226,0.0,0.0
SPAG5,0.16604263,0.0,0.0
SPAG6,0.06435103,0.0,0.0
SPAG7,0.028443081,0.0,0.0
SPAG8,0.12186496,0.0,0.0
SPAG9,0.39174917,0.0,0.0
SPARC,0.4175712,0.0,-1.0
SPARCL1,0.10053751,0.0,0.0
SPART,0.15835837,0.0,-1.0
SPAST,0.07192804,0.0,-1.0
SPATA2,0.24335137,0.0,0.0
SPATA20,0.09462258,0.0,0.0
SPATA46,0.035095207,0.0,0.0
SPATC1,0.15830816,0.0,0.0
SPATC1L,0.023542916,0.0,-1.0
SPC25,0.18623272,0.0,0.0
SPCS2,0.0006187538,0.0,0.0
SPDEF,0.12538677,0.0,0.0
SPDL1,0.0927112,0.0,0.0
SPDYA,0.117200516,0.0,0.0
SPEF1,0.07091514,0.0,0.0
SPEN,0.58845466,1.0,1.0
SPG21,0.14825907,0.0,-1.0
SPG7,0.11667405,0.0,-1.0
SPHK1,0.1162976,0.0,-1.0
SPHK2,0.16101891,0.0,0.0
SPHKAP,0.034697507,0.0,-1.0
SPI1,0.70308656,1.0,-1.0
SPIB,0.4238595,0.0,-1.0
SPIN1,0.052484028,0.0,0.0
SPINK1,0.017530536,0.0,-1.0
SPINK5,0.037322722,0.0,-1.0
SPINK7,0.048521705,0.0,-1.0
SPINT1,0.11269318,0.0,-1.0
SPINT2,0.07285465,0.0,-1.0
SPN,0.30634484,0.0,-1.0
SPNS1,0.15953663,0.0,0.0
SPOCK1,0.06230379,0.0,0.0
SPOCK2,0.048675798,0.0,0.0
SPOCK3,0.022174612,0.0,0.0
SPON1,0.09367055,0.0,0.0
SPOP,0.36546135,0.0,1.0
SPP1,0.24807097,0.0,-1.0
SPR,0.060017344,0.0,0.0
SPRED1,0.17500582,0.0,1.0
SPRED2,0.115744635,0.0,0.0
SPRR1A,0.014051559,0.0,0.0
SPRR2A,0.0060138972,0.0,0.0
SPRR2C,0.06877819,0.0,0.0
SPRR3,0.0014629617,0.0,0.0
SPRTN,0.049182255,0.0,1.0
SPRY1,0.11718236,0.0,-1.0
SPRY2,0.24868906,0.0,-1.0
SPRY4,0.07211795,0.0,0.0
SPSB1,0.16950987,0.0,0.0
SPTA1,0.6494902,1.0,-1.0
SPTAN1,0.8084989,1.0,-1.0
SPTB,0.2978887,0.0,-1.0
SPTBN1,0.5128831,1.0,0.0
SPTBN2,0.33771113,0.0,-1.0
SPTBN4,0.2887358,0.0,-1.0
SPTLC1,0.014274378,0.0,-1.0
SPTLC2,0.008948238,0.0,-1.0
SPTSSA,0.05933615,0.0,0.0
SQSTM1,0.74592,1.0,-1.0
SRA1,0.021197066,0.0,0.0
SRC,0.9901054,1.0,1.0
SRCAP,0.5134805,1.0,-1.0
SRCIN1,0.14057873,0.0,0.0
SREBF1,0.53153986,1.0,0.0
SREBF2,0.45839685,0.0,0.0
SREK1,0.45527038,0.0,0.0
SRF,0.76351935,1.0,0.0
SRFBP1,0.06893387,0.0,0.0
SRGAP1,0.1597878,0.0,0.0
SRGAP2,0.11761761,0.0,0.0
SRGAP3,0.05774886,0.0,-1.0
SRGN,0.17334342,0.0,0.0
SRI,0.26390123,0.0,-1.0
SRP14,0.008583216,0.0,0.0
SRP19,0.16556044,0.0,0.0
SRP54,0.10600517,0.0,0.0
SRP68,0.017681297,0.0,0.0
SRP72,0.07095212,0.0,0.0
SRP9,0.0041896934,0.0,0.0
SRPK1,0.16728204,0.0,0.0
SRPK2,0.110244945,0.0,-1.0
SRPK3,0.10247396,0.0,0.0
SRPRA,0.0276177,0.0,0.0
SRPRB,0.04356931,0.0,0.0
SRPX2,0.12458984,0.0,-1.0
SRRM1,0.28159678,0.0,0.0
SRRM2,0.28134054,0.0,0.0
SRRT,0.16766879,0.0,-1.0
SRSF1,0.17857741,0.0,-1.0
SRSF10,0.08444884,0.0,0.0
SRSF11,0.19485949,0.0,0.0
SRSF2,0.14596955,0.0,1.0
SRSF3,0.23022975,0.0,1.0
SRSF4,0.16660532,0.0,0.0
SRSF5,0.19324987,0.0,-1.0
SRSF6,0.1275857,0.0,-1.0
SRSF7,0.090674296,0.0,0.0
SRSF8,0.04306955,0.0,0.0
SRSF9,0.09992071,0.0,-1.0
SRY,0.14483003,0.0,-1.0
SS18,0.42042604,0.0,1.0
SS18L1,0.2446057,0.0,1.0
SSB,0.14103588,0.0,-1.0
SSBP1,0.25370333,0.0,-1.0
SSBP2,0.07097073,0.0,-1.0
SSBP3,0.07991444,0.0,-1.0
SSBP4,0.06075528,0.0,-1.0
SSH1,0.12993747,0.0,-1.0
SSH2,0.1390368,0.0,0.0
SSH3,0.17378353,0.0,-1.0
SSNA1,0.046725553,0.0,0.0
SSPN,0.0050582075,0.0,-1.0
SSPOP,0.18592022,0.0,0.0
SSR1,0.14153117,0.0,0.0
SSR2,0.0101205,0.0,0.0
SSR3,0.16590467,0.0,0.0
SSR4,0.15482327,0.0,0.0
SSRP1,0.30545315,0.0,0.0
SST,0.038508542,0.0,0.0
SSTR1,0.038491808,0.0,0.0
SSTR2,0.07828319,0.0,-1.0
SSTR3,0.035480294,0.0,0.0
SSTR4,0.016339406,0.0,0.0
SSTR5,0.062377874,0.0,0.0
SSX2,0.12187226,0.0,1.0
SSX2IP,0.10571284,0.0,-1.0
SSX3,0.047270667,0.0,0.0
SSX4,0.07666537,0.0,1.0
ST13,0.27216744,0.0,-1.0
ST14,0.20041327,0.0,-1.0
ST3GAL2,0.059319805,0.0,0.0
ST3GAL3,0.12997225,0.0,-1.0
ST3GAL4,0.15070099,0.0,0.0
ST6GAL1,0.19800916,0.0,-1.0
ST6GALNAC2,0.025146047,0.0,0.0
ST6GALNAC6,0.042423606,0.0,0.0
ST7,0.033854406,0.0,0.0
ST8SIA2,0.041531425,0.0,0.0
ST8SIA3,0.08762127,0.0,0.0
ST8SIA4,0.055684824,0.0,-1.0
STAB1,0.00337642,0.0,-1.0
STAC2,0.15334536,0.0,0.0
STAC3,0.12961304,0.0,0.0
STAG1,0.5212262,1.0,1.0
STAG2,0.5603172,1.0,1.0
STAM,0.24001987,0.0,0.0
STAM2,0.35402077,0.0,-1.0
STAMBP,0.21992382,0.0,0.0
STAMBPL1,0.18236943,0.0,0.0
STAP1,0.10122233,0.0,0.0
STAP2,0.4071916,0.0,0.0
STAR,0.17206787,0.0,-1.0
STARD13,0.36407667,0.0,-1.0
STARD9,0.1401845,0.0,0.0
STAT1,0.90291953,1.0,-1.0
STAT2,0.47219107,0.0,-1.0
STAT3,0.9556695,1.0,1.0
STAT4,0.40649778,0.0,-1.0
STAT5A,0.89080864,1.0,1.0
STAT5B,0.8373876,1.0,1.0
STAT6,0.62177825,1.0,1.0
STATH,0.010245759,0.0,0.0
STAU1,0.4147367,0.0,0.0
STAU2,0.034587838,0.0,0.0
STBD1,0.04374389,0.0,0.0
STC2,0.19797297,0.0,0.0
STEAP3,0.14016978,0.0,0.0
STIL,0.16308045,0.0,1.0
STIM1,0.027051413,0.0,-1.0
STIM2,0.045755286,0.0,-1.0
STIP1,0.18476118,0.0,0.0
STK11,0.43690547,0.0,1.0
STK11IP,0.23994124,0.0,-1.0
STK16,0.19006965,0.0,0.0
STK19,0.089246914,0.0,1.0
STK24,0.16549799,0.0,0.0
STK25,0.14979675,0.0,0.0
STK3,0.20390315,0.0,0.0
STK35,0.1939431,0.0,0.0
STK36,0.28591585,0.0,0.0
STK38,0.14874867,0.0,0.0
STK38L,0.100008406,0.0,-1.0
STK39,0.071918555,0.0,0.0
STK4,0.21422239,0.0,-1.0
STK40,0.10029646,0.0,-1.0
STMN1,0.24588427,0.0,-1.0
STMN2,0.18324687,0.0,0.0
STMN3,0.0019021067,0.0,0.0
STMN4,0.087315455,0.0,0.0
STN1,0.04521333,0.0,0.0
STOM,0.032829326,0.0,0.0
STOML2,0.05568555,0.0,-1.0
STOML3,0.1615589,0.0,0.0
STON2,0.23020886,0.0,0.0
STRADA,0.04175133,0.0,-1.0
STRADB,0.17447683,0.0,0.0
STRAP,0.24424222,0.0,-1.0
STRBP,0.15048282,0.0,0.0
STRN,0.22774759,0.0,1.0
STRN3,0.1333212,0.0,0.0
STRN4,0.054613627,0.0,0.0
STT3A,0.033124685,0.0,0.0
STUB1,0.5348256,1.0,-1.0
STX11,0.18515247,0.0,-1.0
STX12,0.2332163,0.0,0.0
STX16,0.11595639,0.0,-1.0
STX17,0.06521901,0.0,0.0
STX18,0.027922245,0.0,0.0
STX1A,0.2277459,0.0,0.0
STX1B,0.15678245,0.0,0.0
STX2,0.122590505,0.0,-1.0
STX3,0.19311579,0.0,0.0
STX4,0.15879011,0.0,-1.0
STX5,0.116722174,0.0,0.0
STX6,0.1667573,0.0,0.0
STX7,0.23030147,0.0,0.0
STX8,0.28376475,0.0,0.0
STXBP1,0.35219467,0.0,-1.0
STXBP2,0.15826204,0.0,-1.0
STXBP3,0.16770804,0.0,0.0
STXBP4,0.098916024,0.0,0.0
STXBP5,0.099531144,0.0,0.0
STXBP6,0.14717942,0.0,0.0
STYX,0.045148224,0.0,0.0
STYXL1,0.103934996,0.0,0.0
SUB1,0.32594895,0.0,0.0
SUCLA2,0.013442445,0.0,0.0
SUCLG1,0.029386984,0.0,-1.0
SUCLG2,0.017660819,0.0,-1.0
SUDS3,0.069935665,0.0,0.0
SUFU,0.27683067,0.0,1.0
SUGP2,0.037289977,0.0,0.0
SUGT1,0.068333395,0.0,0.0
SULT1E1,0.13062416,0.0,0.0
SULT2B1,0.02450115,0.0,-1.0
SUMF2,0.15997909,0.0,0.0
SUMO1,0.8655857,1.0,0.0
SUMO2,0.60902727,1.0,0.0
SUMO3,0.56084263,1.0,0.0
SUMO4,0.4047226,0.0,0.0
SUN1,0.14936975,0.0,0.0
SUPT16H,0.1944681,0.0,0.0
SUPT20H,0.06694564,0.0,0.0
SUPT3H,0.082322106,0.0,-1.0
SUPT4H1,0.14284767,0.0,0.0
SUPT5H,0.25741276,0.0,0.0
SUPT7L,0.04815513,0.0,-1.0
SUPV3L1,0.13346812,0.0,0.0
SURF2,0.14400278,0.0,0.0
SUSD1,0.13134712,0.0,0.0
SUV39H1,0.69288003,1.0,-1.0
SUV39H2,0.07093232,0.0,0.0
SUZ12,0.110890426,0.0,1.0
SV2A,0.2016377,0.0,0.0
SV2B,0.115576416,0.0,0.0
SVEP1,0.26401085,0.0,0.0
SVIL,0.6425746,1.0,0.0
SWAP70,0.34030613,0.0,-1.0
SYCP3,0.06797421,0.0,0.0
SYK,0.9040729,1.0,1.0
SYMPK,0.16928463,0.0,0.0
SYN1,0.63841474,1.0,0.0
SYN2,0.2508354,0.0,-1.0
SYN3,0.26874188,0.0,0.0
SYNC,0.11557038,0.0,0.0
SYNCRIP,0.28423458,0.0,-1.0
SYNDIG1,0.07805929,0.0,0.0
SYNE1,0.22063851,0.0,-1.0
SYNE2,0.25613928,0.0,-1.0
SYNE3,0.117782004,0.0,-1.0
SYNGAP1,0.4435079,0.0,-1.0
SYNJ1,0.47111404,0.0,0.0
SYNJ2,0.2637122,0.0,0.0
SYNJ2BP,0.23612182,0.0,0.0
SYNM,0.055276655,0.0,0.0
SYNPO,0.059013333,0.0,0.0
SYNRG,0.32156765,0.0,-1.0
SYP,0.18622226,0.0,-1.0
SYPL1,0.054363884,0.0,0.0
SYT1,0.39284405,0.0,0.0
SYT11,0.114402674,0.0,0.0
SYT13,0.0356441,0.0,0.0
SYT14,0.0011835126,0.0,-1.0
SYT16,0.0011835126,0.0,0.0
SYT17,0.12898166,0.0,0.0
SYT2,0.13917218,0.0,0.0
SYT3,0.12070808,0.0,0.0
SYT4,0.12367279,0.0,-1.0
SYT5,0.06997699,0.0,0.0
SYT6,0.050313495,0.0,0.0
SYT7,0.10818707,0.0,0.0
SYT8,0.02564739,0.0,0.0
SYT9,0.12832549,0.0,0.0
SYTL1,0.22282909,0.0,-1.0
SYTL2,0.09350334,0.0,-1.0
SYTL3,0.05279146,0.0,-1.0
SYTL4,0.25369358,0.0,-1.0
SYTL5,0.15033108,0.0,-1.0
SYVN1,0.1801094,0.0,0.0
TAB1,0.31982604,0.0,0.0
TAB2,0.30170187,0.0,0.0
TAB3,0.12941942,0.0,-1.0
TAC1,0.11991528,0.0,-1.0
TAC3,0.16858195,0.0,0.0
TAC4,0.12492733,0.0,0.0
TACC1,0.35545024,0.0,-1.0
TACC2,0.5411351,1.0,-1.0
TACC3,0.3642385,0.0,-1.0
TACO1,0.047143124,0.0,-1.0
TACR1,0.120048076,0.0,0.0
TACR2,0.111880325,0.0,0.0
TACR3,0.11112048,0.0,0.0
TADA2A,0.23882452,0.0,0.0
TADA3,0.28430986,0.0,0.0
TAF1,0.6062217,1.0,-1.0
TAF10,0.26981378,0.0,0.0
TAF11,0.20971657,0.0,-1.0
TAF12,0.14696003,0.0,0.0
TAF13,0.13891575,0.0,0.0
TAF15,0.16300783,0.0,1.0
TAF1A,0.3115308,0.0,0.0
TAF1B,0.33539423,0.0,0.0
TAF1C,0.2855184,0.0,0.0
TAF1D,0.12269612,0.0,0.0
TAF1L,0.2515601,0.0,-1.0
TAF2,0.10851613,0.0,0.0
TAF3,0.15874568,0.0,0.0
TAF4,0.26399896,0.0,-1.0
TAF4B,0.15817006,0.0,0.0
TAF5,0.1593291,0.0,0.0
TAF6,0.18927006,0.0,0.0
TAF6L,0.121720575,0.0,0.0
TAF7,0.22797374,0.0,0.0
TAF7L,0.09356139,0.0,0.0
TAF8,0.10851613,0.0,0.0
TAF9,0.37588865,0.0,0.0
TAF9B,0.2267092,0.0,0.0
TAFAZZIN,0.20932394,0.0,-1.0
TAGLN,0.11969907,0.0,-1.0
TAL1,0.6813821,1.0,1.0
TAL2,0.3717424,0.0,1.0
TALDO1,0.1403434,0.0,-1.0
TAMALIN,0.18690525,0.0,0.0
TANC1,0.3402182,0.0,0.0
TANGO6,0.16463077,0.0,0.0
TANK,0.32292253,0.0,0.0
TAOK1,0.1890221,0.0,0.0
TAOK2,0.33092806,0.0,0.0
TAOK3,0.085328914,0.0,0.0
TAP1,0.23087452,0.0,-1.0
TAP2,0.20961022,0.0,-1.0
TAPBP,0.20026083,0.0,0.0
TARBP2,0.33728972,0.0,0.0
TARDBP,0.17714906,0.0,-1.0
TARS1,0.08066133,0.0,0.0
TASOR,0.09902076,0.0,0.0
TASOR2,0.059552576,0.0,0.0
TASP1,0.10863871,0.0,0.0
TAX1BP1,0.25630233,0.0,0.0
TAX1BP3,0.13799532,0.0,0.0
TBC1D1,0.13439268,0.0,0.0
TBC1D10A,0.11512344,0.0,-1.0
TBC1D10C,0.0006144995,0.0,0.0
TBC1D17,0.22812018,0.0,0.0
TBC1D25,0.115317754,0.0,0.0
TBC1D3C,0.042926524,0.0,0.0
TBC1D3F,0.09016006,0.0,0.0
TBC1D4,0.2988983,0.0,0.0
TBC1D5,0.10590028,0.0,0.0
TBC1D7,0.11838265,0.0,-1.0
TBC1D8,0.12552588,0.0,0.0
TBCB,0.1567714,0.0,0.0
TBCD,0.1770364,0.0,-1.0
TBCE,0.16626687,0.0,0.0
TBK1,0.57748467,1.0,-1.0
TBL1X,0.4617519,0.0,-1.0
TBL1XR1,0.4785665,0.0,1.0
TBL3,0.18220344,0.0,0.0
TBP,0.84086376,1.0,-1.0
TBPL1,0.25389156,0.0,0.0
TBR1,0.0897232,0.0,-1.0
TBRG1,0.18475848,0.0,0.0
TBRG4,0.05866615,0.0,0.0
TBX19,0.19756702,0.0,0.0
TBX2,0.28004706,0.0,-1.0
TBX4,0.14609414,0.0,-1.0
TBX5,0.28959513,0.0,0.0
TBXA2R,0.22346307,0.0,0.0
TCAF1,0.1346104,0.0,-1.0
TCAP,0.23115952,0.0,-1.0
TCEA1,0.2005479,0.0,1.0
TCEA2,0.19344313,0.0,0.0
TCEAL1,0.12906575,0.0,0.0
TCEAL9,0.066291176,0.0,0.0
TCERG1,0.36523342,0.0,-1.0
TCF12,0.31044546,0.0,1.0
TCF20,0.27927253,0.0,0.0
TCF21,0.19330159,0.0,-1.0
TCF25,0.09043286,0.0,0.0
TCF3,0.62574154,1.0,1.0
TCF4,0.54659444,1.0,-1.0
TCF7L1,0.16629237,0.0,-1.0
TCF7L2,0.4223093,0.0,1.0
TCFL5,0.090598404,0.0,0.0
TCHP,0.19782473,0.0,0.0
TCL1A,0.23426694,0.0,1.0
TCL1B,0.33158988,0.0,1.0
TCL6,0.22733673,0.0,-1.0
TCOF1,0.13471256,0.0,-1.0
TCP1,0.17059281,0.0,0.0
TCP10L,0.03419841,0.0,0.0
TCP10L3,0.22374885,0.0,0.0
TCTA,0.074275784,0.0,-1.0
TDG,0.58452326,1.0,-1.0
TDGF1,0.13873504,0.0,-1.0
TDH,9.54799e-05,0.0,0.0
TDO2,0.0024358463,0.0,0.0
TDP1,0.15085281,0.0,-1.0
TDP2,0.41450104,0.0,0.0
TDRD7,0.24538936,0.0,0.0
TEAD1,0.35117683,0.0,0.0
TEAD2,0.18735051,0.0,0.0
TEAD3,0.19888808,0.0,0.0
TEAD4,0.15826076,0.0,0.0
TEC,0.6963691,1.0,1.0
TEDC2,0.07376137,0.0,-1.0
TEF,0.014685083,0.0,0.0
TEFM,0.0016275755,0.0,0.0
TEK,0.4123862,0.0,-1.0
TEKT4,0.13797313,0.0,0.0
TELO2,0.070333615,0.0,0.0
TENM1,0.23359439,0.0,0.0
TENT5A,0.32994825,0.0,0.0
TENT5B,0.08307921,0.0,0.0
TENT5C,0.17137563,0.0,1.0
TENT5D,0.034452092,0.0,-1.0
TEP1,0.23845282,0.0,-1.0
TERF1,0.4717022,0.0,0.0
TERF2,0.21133135,0.0,-1.0
TERF2IP,0.15384498,0.0,0.0
TERT,0.74582046,1.0,1.0
TES,0.22210541,0.0,0.0
TESC,0.1947408,0.0,-1.0
TESK1,0.09009318,0.0,0.0
TESK2,0.13366905,0.0,0.0
TEX10,0.1475428,0.0,0.0
TEX11,0.05010983,0.0,0.0
TEX28,0.14003308,0.0,0.0
TEX37,0.09912226,0.0,0.0
TEX9,0.026536573,0.0,0.0
TF,0.13491024,0.0,0.0
TFAM,0.0943774,0.0,0.0
TFAP2A,0.63873243,1.0,-1.0
TFAP2B,0.30233976,0.0,-1.0
TFAP2C,0.27036586,0.0,-1.0
TFB1M,0.071688145,0.0,0.0
TFB2M,0.14466377,0.0,0.0
TFCP2,0.216748,0.0,0.0
TFCP2L1,0.00018651276,0.0,0.0
TFDP1,0.45443258,0.0,-1.0
TFDP2,0.4311069,0.0,-1.0
TFE3,0.41174957,0.0,1.0
TFEB,0.24621393,0.0,1.0
TFEC,0.24621393,0.0,0.0
TFF1,0.01234204,0.0,-1.0
TFG,0.17069049,0.0,1.0
TFIP11,0.00056502956,0.0,0.0
TFPI,0.08194911,0.0,-1.0
TFPI2,0.14623593,0.0,0.0
TFPT,0.12413226,0.0,-1.0
TFR2,0.027856946,0.0,-1.0
TFRC,0.19634841,0.0,-1.0
TG,0.22882615,0.0,-1.0
TGFA,0.2205267,0.0,-1.0
TGFB1,0.5464187,1.0,-1.0
TGFB1I1,0.5655563,1.0,0.0
TGFB2,0.4875033,0.0,-1.0
TGFB3,0.48519692,0.0,-1.0
TGFBI,0.14586568,0.0,-1.0
TGFBR1,0.7731434,1.0,1.0
TGFBR2,0.75136095,1.0,1.0
TGFBR3,0.45133936,0.0,-1.0
TGFBRAP1,0.32544538,0.0,-1.0
TGIF1,0.54414725,1.0,-1.0
TGIF2,0.15656511,0.0,0.0
TGM1,0.17487305,0.0,-1.0
TGM2,0.48814774,0.0,-1.0
TGM3,0.0044747842,0.0,0.0
TGOLN2,0.18376642,0.0,0.0
TGS1,0.3149361,0.0,-1.0
TH,0.30544108,0.0,-1.0
THAP1,0.2285298,0.0,-1.0
THAP10,0.053846925,0.0,0.0
THAP11,0.23521295,0.0,0.0
THAP12,0.20167941,0.0,-1.0
THAP4,0.07357277,0.0,0.0
THAP7,0.14168824,0.0,0.0
THAP8,0.14771268,0.0,0.0
THBD,0.11653486,0.0,-1.0
THBS1,0.3975213,0.0,-1.0
THBS2,0.054237098,0.0,-1.0
THBS3,0.058160394,0.0,-1.0
THEG,0.07395851,0.0,0.0
THEM4,0.089082904,0.0,0.0
THG1L,0.00024645575,0.0,0.0
THNSL2,0.13595901,0.0,0.0
THOC1,0.16774996,0.0,0.0
THOC5,0.13368937,0.0,-1.0
THOC7,0.15349577,0.0,-1.0
THOP1,0.16790204,0.0,0.0
THPO,0.08643976,0.0,-1.0
THRA,0.7400826,1.0,-1.0
THRAP3,0.096168175,0.0,-1.0
THRB,0.7240525,1.0,-1.0
THUMPD3,0.009825458,0.0,0.0
THY1,0.25044036,0.0,-1.0
TIA1,0.075705096,0.0,-1.0
TIAF1,0.12534776,0.0,0.0
TIAL1,0.08248263,0.0,-1.0
TIAM1,0.5326169,1.0,-1.0
TIAM2,0.22966309,0.0,0.0
TICAM1,0.5481527,1.0,-1.0
TICAM2,0.5578901,1.0,-1.0
TIE1,0.28130928,0.0,-1.0
TIFA,0.14968039,0.0,0.0
TIFAB,0.027569644,0.0,0.0
TIMELESS,0.43763667,0.0,0.0
TIMM13,0.052231707,0.0,0.0
TIMM17A,0.14618202,0.0,-1.0
TIMM17B,0.0945804,0.0,0.0
TIMM22,0.08330088,0.0,0.0
TIMM23,0.12838688,0.0,0.0
TIMM44,0.18565625,0.0,0.0
TIMM50,0.24586625,0.0,0.0
TIMM8A,0.06369323,0.0,0.0
TIMP1,0.061084867,0.0,-1.0
TIMP2,0.1351686,0.0,-1.0
TIMP3,0.124494515,0.0,-1.0
TIMP4,0.06721178,0.0,0.0
TINAG,0.10760784,0.0,0.0
TINAGL1,0.1055521,0.0,0.0
TINF2,0.1405765,0.0,-1.0
TIPARP,0.19361466,0.0,-1.0
TIPIN,0.18998939,0.0,-1.0
TIRAP,0.49555495,0.0,-1.0
TJAP1,0.07154266,0.0,0.0
TJP1,0.61417097,1.0,-1.0
TJP2,0.38639158,0.0,-1.0
TJP3,0.16904067,0.0,0.0
TK1,0.32492387,0.0,-1.0
TKT,0.04008088,0.0,-1.0
TKTL2,0.11584595,0.0,-1.0
TLCD3A,0.055497415,0.0,-1.0
TLE1,0.8047091,1.0,-1.0
TLE2,0.39165124,0.0,-1.0
TLE3,0.16443224,0.0,-1.0
TLE4,0.37250525,0.0,-1.0
TLE5,0.35999537,0.0,0.0
TLK1,0.338648,0.0,0.0
TLK2,0.31987685,0.0,0.0
TLL1,0.08390234,0.0,-1.0
TLN1,0.5003331,1.0,0.0
TLN2,0.15043566,0.0,0.0
TLNRD1,0.07122786,0.0,0.0
TLR1,0.46212843,0.0,0.0
TLR10,0.2802164,0.0,0.0
TLR2,0.46642354,0.0,-1.0
TLR3,0.3295892,0.0,-1.0
TLR4,0.62264746,1.0,-1.0
TLR5,0.39696544,0.0,-1.0
TLR6,0.19251284,0.0,-1.0
TLR7,0.12971197,0.0,-1.0
TLR8,0.17299715,0.0,0.0
TLR9,0.4031478,0.0,-1.0
TLX1,0.42975295,0.0,1.0
TLX2,0.11203975,0.0,0.0
TLX3,0.46786025,0.0,1.0
TM2D1,0.042592995,0.0,0.0
TM4SF1,0.16749774,0.0,-1.0
TM9SF2,0.13431627,0.0,0.0
TMBIM6,0.13803524,0.0,-1.0
TMCC2,0.13825233,0.0,0.0
TMCO6,0.03222597,0.0,0.0
TMED1,0.113024,0.0,0.0
TMED10,0.090225905,0.0,0.0
TMED2,0.15816373,0.0,0.0
TMEM102,0.05307382,0.0,0.0
TMEM11,0.13743123,0.0,0.0
TMEM120A,0.0016080852,0.0,0.0
TMEM123,0.053965773,0.0,0.0
TMEM132A,0.17404729,0.0,0.0
TMEM139,0.023276256,0.0,0.0
TMEM147,0.050577763,0.0,-1.0
TMEM161A,0.15413949,0.0,0.0
TMEM19,0.0069605354,0.0,0.0
TMEM214,0.090124354,0.0,0.0
TMEM216,0.043225408,0.0,-1.0
TMEM222,0.06319305,0.0,0.0
TMEM230,0.033560403,0.0,0.0
TMEM241,0.028930862,0.0,0.0
TMEM256,0.03439256,0.0,0.0
TMEM259,0.087435685,0.0,0.0
TMEM33,0.086437576,0.0,0.0
TMEM39B,0.00011501407,0.0,0.0
TMEM43,0.005770885,0.0,-1.0
TMEM50A,0.0004462222,0.0,0.0
TMEM51,0.0001872203,0.0,0.0
TMEM62,0.14886594,0.0,0.0
TMEM67,0.012405592,0.0,-1.0
TMEM70,0.026242906,0.0,0.0
TMEM8B,0.20512107,0.0,0.0
TMEM9,0.01647274,0.0,0.0
TMEM9B,0.06633316,0.0,0.0
TMF1,0.23440896,0.0,0.0
TMOD1,0.10854017,0.0,0.0
TMOD2,0.105550885,0.0,0.0
TMPO,0.34816334,0.0,-1.0
TMPRSS11A,0.02021746,0.0,-1.0
TMPRSS15,0.041682646,0.0,0.0
TMPRSS3,0.15209505,0.0,-1.0
TMPRSS6,0.13831627,0.0,-1.0
TMSB10,0.082283035,0.0,-1.0
TMSB4X,0.25302592,0.0,-1.0
TMSB4XP1,0.044027984,0.0,0.0
TMSB4Y,0.07678575,0.0,0.0
TNC,0.2364323,0.0,1.0
TNF,0.37125888,0.0,-1.0
TNFAIP1,0.17232446,0.0,-1.0
TNFAIP3,0.52657706,1.0,1.0
TNFAIP6,0.08045961,0.0,-1.0
TNFAIP8,0.024410551,0.0,-1.0
TNFAIP8L1,0.07007192,0.0,0.0
TNFRSF10A,0.27477127,0.0,-1.0
TNFRSF10B,0.15457942,0.0,-1.0
TNFRSF10C,0.14742705,0.0,0.0
TNFRSF10D,0.029889526,0.0,0.0
TNFRSF11A,0.37195045,0.0,-1.0
TNFRSF11B,0.23300603,0.0,-1.0
TNFRSF12A,0.18006858,0.0,0.0
TNFRSF13B,0.23947923,0.0,-1.0
TNFRSF13C,0.05950255,0.0,-1.0
TNFRSF14,0.4549983,0.0,1.0
TNFRSF17,0.16028637,0.0,1.0
TNFRSF18,0.20703568,0.0,0.0
TNFRSF19,0.17806432,0.0,0.0
TNFRSF1A,0.768037,1.0,-1.0
TNFRSF1B,0.60332257,1.0,-1.0
TNFRSF21,0.105847925,0.0,-1.0
TNFRSF25,0.16918646,0.0,0.0
TNFRSF4,0.20490454,0.0,0.0
TNFRSF6B,0.045323852,0.0,-1.0
TNFRSF8,0.20182864,0.0,-1.0
TNFRSF9,0.14098628,0.0,0.0
TNFSF10,0.069521286,0.0,-1.0
TNFSF11,0.32241958,0.0,-1.0
TNFSF12,0.11021936,0.0,0.0
TNFSF13,0.29212517,0.0,0.0
TNFSF13B,0.10823677,0.0,-1.0
TNFSF14,0.14293729,0.0,0.0
TNFSF15,0.02914723,0.0,-1.0
TNFSF18,0.17018145,0.0,-1.0
TNFSF4,0.09581348,0.0,-1.0
TNFSF8,0.15533686,0.0,-1.0
TNFSF9,0.15757376,0.0,0.0
TNIK,0.23611632,0.0,0.0
TNIP1,0.29652214,0.0,0.0
TNIP2,0.41533622,0.0,0.0
TNK1,0.10221978,0.0,0.0
TNK2,0.15548861,0.0,0.0
TNKS,0.46032172,0.0,-1.0
TNKS1BP1,0.22489175,0.0,0.0
TNKS2,0.37959456,0.0,-1.0
TNNC1,0.12718092,0.0,-1.0
TNNC2,0.019449798,0.0,0.0
TNNI1,0.11023073,0.0,0.0
TNNI2,0.046078466,0.0,0.0
TNNI3,0.2702141,0.0,-1.0
TNNI3K,0.22209674,0.0,0.0
TNNT1,0.2798206,0.0,-1.0
TNNT2,0.16614872,0.0,-1.0
TNNT3,0.03598344,0.0,0.0
TNPO1,0.51344043,1.0,-1.0
TNPO2,0.36862585,0.0,-1.0
TNPO3,0.12683086,0.0,0.0
TNR,0.04732211,0.0,-1.0
TNRC6B,0.051282972,0.0,-1.0
TNS1,0.15389732,0.0,0.0
TNS2,0.2717435,0.0,0.0
TNXB,0.31938908,0.0,-1.0
TOB1,0.35464755,0.0,-1.0
TOB2,0.085056804,0.0,-1.0
TOE1,0.24486311,0.0,0.0
TOLLIP,0.43805867,0.0,0.0
TOM1,0.2661022,0.0,0.0
TOM1L1,0.10836294,0.0,0.0
TOM1L2,0.1431664,0.0,0.0
TOMM20,0.1493515,0.0,0.0
TOMM22,0.010143571,0.0,0.0
TOMM34,0.17834163,0.0,0.0
TOMM40,0.0063913907,0.0,0.0
TOMM7,0.0029733612,0.0,0.0
TOMM70,0.12874253,0.0,0.0
TOP1,0.41631386,0.0,1.0
TOP2A,0.46452844,0.0,-1.0
TOP2B,0.44899964,0.0,-1.0
TOP3A,0.13085213,0.0,0.0
TOP3B,0.23664929,0.0,0.0
TOPBP1,0.5271382,1.0,0.0
TOPORS,0.3239917,0.0,-1.0
TOR1A,0.25661013,0.0,-1.0
TOR1AIP1,0.27016085,0.0,0.0
TOR1AIP2,0.17984518,0.0,0.0
TOR1B,0.15224905,0.0,-1.0
TOX2,0.015751349,0.0,0.0
TOX4,0.17222932,0.0,0.0
TP53,0.9979169,1.0,1.0
TP53AIP1,0.08505944,0.0,-1.0
TP53BP1,0.75037867,1.0,1.0
TP53BP2,0.49486795,0.0,-1.0
TP53I3,0.14389616,0.0,0.0
TP53INP1,0.16045205,0.0,-1.0
TP53RK,0.04570823,0.0,-1.0
TP53TG1,0.023128554,0.0,0.0
TP63,0.56967205,1.0,1.0
TP73,0.8730708,1.0,-1.0
TPBG,0.08997451,0.0,-1.0
TPD52,0.036026634,0.0,-1.0
TPD52L1,0.07733498,0.0,0.0
TPD52L2,0.02820734,0.0,0.0
TPD52L3,0.067947745,0.0,0.0
TPGS2,0.036703676,0.0,0.0
TPH1,0.101308785,0.0,0.0
TPI1,0.14498223,0.0,0.0
TPM1,0.33349538,0.0,-1.0
TPM2,0.33428982,0.0,-1.0
TPM3,0.21825609,0.0,1.0
TPM4,0.09801767,0.0,1.0
TPO,0.0122696115,0.0,-1.0
TPP1,0.06750568,0.0,-1.0
TPPP,0.1357076,0.0,0.0
TPR,0.4635095,0.0,1.0
TPRKB,0.024791878,0.0,0.0
TPRN,0.070387766,0.0,0.0
TPST1,0.10391617,0.0,0.0
TPST2,0.09561876,0.0,0.0
TPT1,0.14568505,0.0,0.0
TPX2,0.025952294,0.0,-1.0
TRA,0.42547926,0.0,1.0
TRA2A,0.033620074,0.0,0.0
TRA2B,0.13768138,0.0,0.0
TRADD,0.3886769,0.0,0.0
TRAF1,0.7255762,1.0,-1.0
TRAF2,0.8356598,1.0,-1.0
TRAF3,0.6846971,1.0,1.0
TRAF3IP1,0.2082636,0.0,0.0
TRAF3IP2,0.30753905,0.0,-1.0
TRAF3IP3,0.1318613,0.0,-1.0
TRAF4,0.5217305,1.0,-1.0
TRAF5,0.40001008,0.0,1.0
TRAF6,0.73446137,1.0,-1.0
TRAF7,0.17657827,0.0,1.0
TRAFD1,0.069864646,0.0,0.0
TRAIP,0.28173202,0.0,-1.0
TRAK1,0.16709597,0.0,-1.0
TRAK2,0.14724234,0.0,0.0
TRAM1,0.19045192,0.0,0.0
TRAM2,0.19018927,0.0,0.0
TRAP1,0.3416345,0.0,-1.0
TRAPPC11,0.038260445,0.0,0.0
TRAPPC14,0.0004462222,0.0,0.0
TRAPPC2,0.09581271,0.0,-1.0
TRAPPC2L,0.011572328,0.0,-1.0
TRAPPC3,0.012584943,0.0,0.0
TRAPPC4,0.071851715,0.0,0.0
TRAPPC6A,0.04839954,0.0,0.0
TRAT1,0.41305515,0.0,-1.0
TRB,0.42936325,0.0,1.0
TRDMT1,0.15457352,0.0,0.0
TRDN,0.0028384887,0.0,0.0
TREM1,0.033890985,0.0,0.0
TREM2,0.13360563,0.0,-1.0
TREML1,0.14223413,0.0,0.0
TRERF1,0.2729882,0.0,-1.0
TREX1,0.45112368,0.0,-1.0
TREX2,0.150136,0.0,0.0
TRH,0.22834714,0.0,0.0
TRHDE,0.05694715,0.0,-1.0
TRHR,0.24375631,0.0,-1.0
TRIAP1,0.21477863,0.0,-1.0
TRIB1,0.19231752,0.0,-1.0
TRIB2,0.051329855,0.0,-1.0
TRIB3,0.31110728,0.0,0.0
TRIM11,0.1890476,0.0,0.0
TRIM16,0.01392256,0.0,0.0
TRIM17,0.08494136,0.0,0.0
TRIM2,0.11172677,0.0,0.0
TRIM21,0.11118728,0.0,0.0
TRIM22,0.15660071,0.0,0.0
TRIM23,0.28853652,0.0,-1.0
TRIM24,0.7191031,1.0,1.0
TRIM25,0.15630071,0.0,0.0
TRIM27,0.36242598,0.0,1.0
TRIM28,0.36743823,0.0,-1.0
TRIM29,0.18187997,0.0,0.0
TRIM3,0.121873364,0.0,0.0
TRIM31,0.096376106,0.0,0.0
TRIM32,0.14368504,0.0,-1.0
TRIM33,0.21575777,0.0,1.0
TRIM37,0.45976567,0.0,-1.0
TRIM38,0.08139132,0.0,0.0
TRIM39,0.18207356,0.0,0.0
TRIM41,0.10590489,0.0,0.0
TRIM46,0.053940047,0.0,0.0
TRIM5,0.018804181,0.0,0.0
TRIM51,0.07509717,0.0,-1.0
TRIM54,0.052969575,0.0,0.0
TRIM55,0.058791697,0.0,0.0
TRIM59,0.13586909,0.0,0.0
TRIM6,0.008997492,0.0,0.0
TRIM62,0.10825697,0.0,-1.0
TRIM63,0.2000368,0.0,0.0
TRIM69,0.18955524,0.0,0.0
TRIM7,0.13737144,0.0,0.0
TRIM8,0.09255013,0.0,0.0
TRIM9,0.18457049,0.0,0.0
TRIO,0.29006788,0.0,-1.0
TRIOBP,0.083998956,0.0,-1.0
TRIP10,0.43044224,0.0,0.0
TRIP11,0.33257136,0.0,1.0
TRIP12,0.3174868,0.0,-1.0
TRIP13,0.30847752,0.0,1.0
TRIP4,0.51729673,1.0,0.0
TRIP6,0.31978878,0.0,0.0
TRIR,0.051783923,0.0,0.0
TRIT1,0.050647102,0.0,0.0
TRMT1,0.046844896,0.0,0.0
TRMT6,0.00012539884,0.0,0.0
TRMT61A,0.00012539884,0.0,0.0
TRO,0.123880684,0.0,-1.0
TROAP,0.06432146,0.0,0.0
TRPC1,0.468594,0.0,0.0
TRPC3,0.31957337,0.0,0.0
TRPC4,0.418041,0.0,0.0
TRPC4AP,0.30454925,0.0,0.0
TRPC5,0.3511689,0.0,0.0
TRPC6,0.23134027,0.0,-1.0
TRPC7,0.16594166,0.0,-1.0
TRPM2,0.18509834,0.0,-1.0
TRPM6,0.05369403,0.0,-1.0
TRPM7,0.25641453,0.0,-1.0
TRPS1,0.30878055,0.0,-1.0
TRPT1,0.055405606,0.0,0.0
TRPV1,0.15345313,0.0,-1.0
TRPV2,0.05539283,0.0,-1.0
TRPV4,0.32378092,0.0,-1.0
TRPV5,0.16511069,0.0,-1.0
TRPV6,0.108396634,0.0,-1.0
TRRAP,0.6573974,1.0,1.0
TSACC,0.054091062,0.0,0.0
TSC1,0.52012074,1.0,1.0
TSC2,0.73387235,1.0,1.0
TSC22D1,0.22920282,0.0,-1.0
TSC22D3,0.25439933,0.0,0.0
TSC22D4,0.18157123,0.0,0.0
TSEN15,0.061101057,0.0,0.0
TSEN2,0.006422517,0.0,0.0
TSEN34,0.032880142,0.0,0.0
TSG101,0.48933285,0.0,-1.0
TSGA10,0.15781161,0.0,0.0
TSHB,0.1311956,0.0,0.0
TSHR,0.2918645,0.0,1.0
TSKS,0.017395372,0.0,0.0
TSKU,0.075029776,0.0,0.0
TSLP,0.3723491,0.0,0.0
TSN,0.15699403,0.0,-1.0
TSNAX,0.18873481,0.0,0.0
TSNAXIP1,0.12589991,0.0,0.0
TSPAN1,0.040130205,0.0,-1.0
TSPAN15,0.07487844,0.0,0.0
TSPAN3,0.06825029,0.0,0.0
TSPAN4,0.21729183,0.0,0.0
TSPAN6,0.0734552,0.0,0.0
TSPAN7,0.017743321,0.0,-1.0
TSPO,0.01083801,0.0,0.0
TSPOAP1,0.009486717,0.0,-1.0
TSPY1,0.06337189,0.0,-1.0
TSPYL1,0.084810175,0.0,-1.0
TSPYL2,0.19452156,0.0,-1.0
TSPYL4,0.12045531,0.0,-1.0
TSR2,0.03505254,0.0,0.0
TSSC4,0.24297605,0.0,0.0
TSSK1B,0.23049676,0.0,0.0
TSSK2,0.027396776,0.0,0.0
TSSK3,0.09263106,0.0,0.0
TSSK4,0.16394311,0.0,0.0
TSSK6,0.21084462,0.0,0.0
TST,0.018261885,0.0,0.0
TTBK1,0.15750739,0.0,0.0
TTC1,0.07338121,0.0,0.0
TTC14,0.037914407,0.0,-1.0
TTC17,0.14092705,0.0,0.0
TTC19,0.11782735,0.0,0.0
TTC27,0.13713263,0.0,0.0
TTC28,0.16772169,0.0,0.0
TTC3,0.18035275,0.0,0.0
TTC37,0.15321021,0.0,0.0
TTC8,0.077397175,0.0,-1.0
TTF1,0.33421558,0.0,0.0
TTF2,0.5661908,1.0,0.0
TTK,0.04014463,0.0,-1.0
TTLL5,0.16811268,0.0,-1.0
TTN,0.6346603,1.0,-1.0
TTPAL,0.03491439,0.0,0.0
TTR,0.2002797,0.0,-1.0
TUB,0.36012727,0.0,0.0
TUBA1A,0.33498192,0.0,-1.0
TUBA1B,0.49057353,0.0,0.0
TUBA1C,0.08062809,0.0,-1.0
TUBA3C,0.39943665,0.0,-1.0
TUBA4A,0.605241,1.0,-1.0
TUBA4B,0.04840881,0.0,-1.0
TUBA8,0.26455465,0.0,-1.0
TUBB,0.6848745,1.0,0.0
TUBB1,0.05692436,0.0,-1.0
TUBB3,0.12800919,0.0,0.0
TUBB4A,0.09818876,0.0,0.0
TUBB4B,0.17777115,0.0,0.0
TUBG1,0.6472623,1.0,0.0
TUBG2,0.1758615,0.0,0.0
TUBGCP2,0.25967637,0.0,0.0
TUBGCP3,0.26643848,0.0,0.0
TUBGCP4,0.09339754,0.0,0.0
TUFM,0.1294641,0.0,0.0
TUFT1,0.00056502956,0.0,0.0
TULP2,0.09116086,0.0,0.0
TUSC3,0.07270358,0.0,-1.0
TWF1,0.11009778,0.0,0.0
TWF2,0.039398536,0.0,0.0
TWIST1,0.3818264,0.0,-1.0
TWIST2,0.19635822,0.0,-1.0
TWNK,0.072808795,0.0,-1.0
TWSG1,0.15324993,0.0,0.0
TXK,0.25349745,0.0,0.0
TXLNA,0.11631534,0.0,0.0
TXLNB,0.08256523,0.0,0.0
TXLNG,0.05562808,0.0,0.0
TXN,0.34415847,0.0,-1.0
TXNDC11,0.008807357,0.0,0.0
TXNDC17,0.052001823,0.0,0.0
TXNDC9,0.20255375,0.0,0.0
TXNIP,0.3215833,0.0,-1.0
TXNL1,0.022733992,0.0,0.0
TXNL4A,0.16966836,0.0,0.0
TXNL4B,0.06922772,0.0,0.0
TXNRD1,0.04891152,0.0,-1.0
TXNRD2,0.09943887,0.0,-1.0
TYK2,0.7130981,1.0,1.0
TYMSOS,0.028930862,0.0,0.0
TYR,0.005972568,0.0,-1.0
TYRO3,0.20662233,0.0,-1.0
TYROBP,0.055130865,0.0,-1.0
TYRP1,0.01184483,0.0,-1.0
U2AF1,0.08157322,0.0,1.0
U2AF2,0.1773073,0.0,-1.0
UACA,0.15602645,0.0,-1.0
UBA1,0.23658349,0.0,0.0
UBA2,0.23449351,0.0,-1.0
UBA3,0.11403434,0.0,0.0
UBA5,0.09379892,0.0,0.0
UBA52,0.40167388,0.0,-1.0
UBA6,0.08992919,0.0,-1.0
UBA7,0.088298276,0.0,-1.0
UBAC1,0.17992418,0.0,-1.0
UBAC2,0.103100635,0.0,-1.0
UBALD1,0.06296079,0.0,0.0
UBAP2L,0.14634007,0.0,0.0
UBASH3A,0.23818602,0.0,0.0
UBASH3B,0.24871257,0.0,0.0
UBB,0.885328,1.0,-1.0
UBC,0.41733173,0.0,-1.0
UBD,0.15027651,0.0,-1.0
UBE2A,0.26621082,0.0,-1.0
UBE2B,0.121761076,0.0,0.0
UBE2C,0.11878303,0.0,-1.0
UBE2D1,0.23434822,0.0,-1.0
UBE2D2,0.23000526,0.0,-1.0
UBE2D3,0.31974405,0.0,0.0
UBE2D4,0.12967724,0.0,0.0
UBE2E1,0.1718899,0.0,0.0
UBE2E2,0.13048016,0.0,0.0
UBE2E3,0.26233298,0.0,0.0
UBE2G1,0.20744534,0.0,0.0
UBE2G2,0.17098424,0.0,0.0
UBE2H,0.053321097,0.0,0.0
UBE2I,0.9272742,1.0,-1.0
UBE2J1,0.1888871,0.0,0.0
UBE2J2,0.08018053,0.0,-1.0
UBE2K,0.24846876,0.0,0.0
UBE2L3,0.37119734,0.0,0.0
UBE2L6,0.2653109,0.0,0.0
UBE2M,0.20532298,0.0,0.0
UBE2N,0.15013227,0.0,0.0
UBE2O,0.15055308,0.0,0.0
UBE2Q1,0.09571727,0.0,0.0
UBE2R2,0.107908316,0.0,0.0
UBE2V1,0.060302183,0.0,0.0
UBE2V2,0.14446644,0.0,0.0
UBE2W,0.08250309,0.0,0.0
UBE2Z,0.10850119,0.0,0.0
UBE3A,0.39789665,0.0,-1.0
UBE3C,0.02096881,0.0,0.0
UBE4A,0.22504672,0.0,0.0
UBE4B,0.36512074,0.0,0.0
UBL5,0.058825824,0.0,0.0
UBL7,0.08471411,0.0,-1.0
UBLCP1,0.06508932,0.0,0.0
UBN1,0.09392846,0.0,0.0
UBOX5,0.3258521,0.0,0.0
UBP1,0.00018651276,0.0,0.0
UBQLN1,0.120748796,0.0,0.0
UBQLN2,0.28122795,0.0,-1.0
UBQLN4,0.18410736,0.0,0.0
UBR1,0.33677796,0.0,-1.0
UBR2,0.107354194,0.0,-1.0
UBR4,0.3756184,0.0,0.0
UBR5,0.4559717,0.0,1.0
UBR7,0.07219668,0.0,0.0
UBTF,0.5402302,1.0,0.0
UBXN1,0.1701492,0.0,0.0
UBXN11,0.31416377,0.0,0.0
UBXN2B,0.09976841,0.0,0.0
UBXN4,0.056730963,0.0,0.0
UBXN6,0.079722874,0.0,0.0
UCHL1,0.36184493,0.0,-1.0
UCHL3,0.073772475,0.0,0.0
UCHL5,0.2040451,0.0,-1.0
UCN,0.0098673245,0.0,0.0
UCN2,0.020485312,0.0,0.0
UCN3,0.03340476,0.0,0.0
UCP1,0.13642398,0.0,0.0
UCP2,0.14711806,0.0,0.0
UCP3,0.15240143,0.0,-1.0
UFD1,0.038325068,0.0,0.0
UFSP2,0.079750165,0.0,0.0
UGCG,0.14889927,0.0,0.0
UGDH,0.07051064,0.0,0.0
UGP2,0.11501853,0.0,0.0
UGT2B7,2.7893895e-05,0.0,0.0
UHMK1,0.15446499,0.0,-1.0
UHRF1,0.09864617,0.0,0.0
UHRF2,0.12211012,0.0,-1.0
UIMC1,0.13148594,0.0,0.0
ULBP1,0.009063042,0.0,0.0
ULBP3,0.012547225,0.0,0.0
ULK1,0.16782089,0.0,-1.0
ULK2,0.20706946,0.0,-1.0
UMOD,0.07996445,0.0,-1.0
UMPS,0.08096434,0.0,-1.0
UNC119,0.61039364,1.0,-1.0
UNC13B,0.19365503,0.0,0.0
UNC13D,0.24030082,0.0,-1.0
UNC45A,0.19126369,0.0,0.0
UNC5A,0.07459711,0.0,0.0
UNC5B,0.088197105,0.0,0.0
UNC5C,0.0922564,0.0,-1.0
UNC5CL,0.16449746,0.0,0.0
UNG,0.13914733,0.0,-1.0
UNKL,0.13753238,0.0,0.0
UPF1,0.22204295,0.0,-1.0
UPF2,0.42777994,0.0,0.0
UPF3A,0.2496707,0.0,0.0
UPF3B,0.2444653,0.0,-1.0
UPK1A,0.00051330583,0.0,0.0
UPK1B,0.004759548,0.0,0.0
UPK2,0.00051330583,0.0,0.0
UPK3A,0.016480414,0.0,-1.0
UPK3B,0.0044873836,0.0,0.0
UPP1,0.06306406,0.0,0.0
UPP2,0.054782912,0.0,0.0
UPRT,0.0034460924,0.0,0.0
UQCRB,0.07823273,0.0,0.0
UQCRC1,0.09442851,0.0,0.0
UQCRC2,0.08182342,0.0,-1.0
UQCRFS1,0.06839578,0.0,0.0
UQCRQ,0.07943421,0.0,0.0
URB2,0.17326505,0.0,-1.0
URGCP,0.065678656,0.0,0.0
URI1,0.060432762,0.0,0.0
URM1,0.10796708,0.0,0.0
UROS,0.05515603,0.0,-1.0
USB1,0.05976816,0.0,-1.0
USE1,0.0052008224,0.0,0.0
USF1,0.33087286,0.0,-1.0
USF2,0.37684092,0.0,0.0
USH1C,0.046335414,0.0,-1.0
USH1G,0.01241444,0.0,-1.0
USH2A,0.057702493,0.0,-1.0
USHBP1,0.44103712,0.0,0.0
USO1,0.1183186,0.0,0.0
USP1,0.24692109,0.0,-1.0
USP10,0.111920744,0.0,-1.0
USP11,0.16942315,0.0,0.0
USP13,0.24400675,0.0,-1.0
USP16,0.13655151,0.0,-1.0
USP18,0.0644569,0.0,0.0
USP2,0.19345045,0.0,0.0
USP20,0.13332815,0.0,0.0
USP21,0.1018722,0.0,0.0
USP25,0.14577027,0.0,-1.0
USP28,0.41382658,0.0,-1.0
USP33,0.13134912,0.0,0.0
USP37,0.18387488,0.0,0.0
USP39,0.08695362,0.0,-1.0
USP4,0.15799648,0.0,-1.0
USP40,0.118588045,0.0,0.0
USP45,0.17952825,0.0,0.0
USP47,0.088503435,0.0,0.0
USP49,0.083034545,0.0,0.0
USP5,0.17313999,0.0,-1.0
USP53,0.069147356,0.0,0.0
USP54,0.10655779,0.0,0.0
USP6,0.5299583,1.0,1.0
USP6NL,0.20821506,0.0,0.0
USP7,0.5389283,1.0,-1.0
USP8,0.33213282,0.0,1.0
USP9X,0.29791006,0.0,-1.0
USP9Y,0.08420667,0.0,-1.0
UTF1,0.1877449,0.0,0.0
UTP14A,0.46152738,0.0,0.0
UTP20,0.003063924,0.0,-1.0
UTP25,0.03731945,0.0,0.0
UTP3,0.09961729,0.0,-1.0
UTP6,0.08803285,0.0,0.0
UTRN,0.54502946,1.0,0.0
UTS2,6.5201726e-05,0.0,-1.0
UTS2B,0.00028927668,0.0,0.0
UTS2R,2.7459384e-05,0.0,0.0
UTY,0.18435508,0.0,0.0
UVRAG,0.13121335,0.0,-1.0
UXS1,0.10217254,0.0,0.0
UXT,0.2284188,0.0,0.0
VAC14,0.09835951,0.0,-1.0
VAMP1,0.16730118,0.0,0.0
VAMP2,0.14371143,0.0,0.0
VAMP3,0.23866418,0.0,0.0
VAMP4,0.16117984,0.0,-1.0
VAMP7,0.21210828,0.0,0.0
VAMP8,0.16896303,0.0,-1.0
VANGL1,0.29027662,0.0,-1.0
VANGL2,0.23248401,0.0,0.0
VAPA,0.14248574,0.0,0.0
VAPB,0.12293746,0.0,-1.0
VARS1,0.101942465,0.0,0.0
VASN,0.26600423,0.0,0.0
VASP,0.43583784,0.0,0.0
VAV1,0.88781345,1.0,1.0
VAV2,0.48071256,0.0,1.0
VAV3,0.4885734,0.0,-1.0
VBP1,0.2706726,0.0,0.0
VCAM1,0.24254261,0.0,0.0
VCAN,0.15938933,0.0,-1.0
VCL,0.5597966,1.0,-1.0
VCP,0.2164276,0.0,-1.0
VCPIP1,0.07259528,0.0,-1.0
VDAC1,0.2357545,0.0,-1.0
VDAC2,0.14751045,0.0,0.0
VDAC3,0.12875941,0.0,0.0
VDR,0.7238537,1.0,-1.0
VEGFA,0.6526232,1.0,1.0
VEGFB,0.3901743,0.0,-1.0
VEGFC,0.17470779,0.0,-1.0
VEGFD,0.20501515,0.0,-1.0
VEPH1,0.18421744,0.0,-1.0
VEZT,0.10893269,0.0,0.0
VGLL1,0.14558226,0.0,0.0
VGLL2,0.33036667,0.0,0.0
VGLL4,0.202165,0.0,0.0
VHL,0.75525993,1.0,1.0
VHLL,0.16107792,0.0,0.0
VIL1,0.2093471,0.0,0.0
VIM,0.80656886,1.0,-1.0
VIP,0.05092667,0.0,-1.0
VIPAS39,0.05479156,0.0,-1.0
VIPR1,0.07921798,0.0,0.0
VIPR2,0.036290515,0.0,0.0
VLDLR,0.28497103,0.0,0.0
VNN2,0.08819894,0.0,0.0
VPREB1,0.196055,0.0,0.0
VPREB3,0.1369614,0.0,0.0
VPS11,0.2987364,0.0,0.0
VPS13D,0.41321367,0.0,0.0
VPS16,0.2321141,0.0,0.0
VPS18,0.2554687,0.0,0.0
VPS25,0.050979517,0.0,0.0
VPS26B,0.102752954,0.0,0.0
VPS28,0.08623942,0.0,0.0
VPS29,0.10427549,0.0,0.0
VPS33A,0.22006755,0.0,0.0
VPS33B,0.06415553,0.0,0.0
VPS35,0.14856689,0.0,-1.0
VPS36,0.045968693,0.0,0.0
VPS37A,0.09577636,0.0,0.0
VPS37B,0.079450876,0.0,0.0
VPS37C,0.19894461,0.0,0.0
VPS37D,0.15529679,0.0,0.0
VPS39,0.08377082,0.0,0.0
VPS41,0.15526192,0.0,0.0
VPS45,0.14348419,0.0,-1.0
VPS4A,0.14053494,0.0,0.0
VPS4B,0.089638166,0.0,0.0
VPS52,0.00024320456,0.0,0.0
VPS53,0.00024320456,0.0,-1.0
VPS72,0.07797532,0.0,0.0
VPS8,0.10869847,0.0,0.0
VRK1,0.27574497,0.0,-1.0
VRK2,0.17011587,0.0,-1.0
VSIG4,0.097066276,0.0,0.0
VSIR,0.07918035,0.0,0.0
VSNL1,0.11799767,0.0,0.0
VSTM2L,0.14485583,0.0,-1.0
VSX2,0.10030304,0.0,-1.0
VTA1,0.24850546,0.0,0.0
VTCN1,0.029134776,0.0,-1.0
VTI1A,0.049755093,0.0,-1.0
VTI1B,0.1368696,0.0,0.0
VTN,0.42238435,0.0,-1.0
VWA1,0.11096355,0.0,0.0
VWA8,0.080528855,0.0,0.0
VWF,0.47082105,0.0,-1.0
WAC,0.10380952,0.0,-1.0
WAPL,0.21294609,0.0,-1.0
WARS1,0.2329357,0.0,0.0
WAS,0.740605,1.0,1.0
WASF1,0.47478154,0.0,-1.0
WASF2,0.5354177,1.0,-1.0
WASF3,0.25417542,0.0,-1.0
WASHC2C,0.06057108,0.0,0.0
WASHC3,0.30035892,0.0,0.0
WASL,0.5458949,1.0,0.0
WBP1,0.17623885,0.0,0.0
WBP11,0.39273778,0.0,-1.0
WBP2,0.12687078,0.0,0.0
WBP4,0.14588702,0.0,-1.0
WDCP,0.10607233,0.0,1.0
WDR1,0.11088953,0.0,0.0
WDR12,0.14305413,0.0,-1.0
WDR13,0.09115,0.0,0.0
WDR18,0.077316284,0.0,0.0
WDR24,0.059200127,0.0,-1.0
WDR25,0.11141801,0.0,0.0
WDR3,0.08569968,0.0,0.0
WDR33,0.29984784,0.0,0.0
WDR37,0.10858179,0.0,0.0
WDR4,0.02247493,0.0,0.0
WDR44,0.1319592,0.0,0.0
WDR47,0.15843709,0.0,0.0
WDR5,0.14583933,0.0,0.0
WDR6,0.13363563,0.0,0.0
WDR61,0.18601565,0.0,0.0
WDR62,0.19237605,0.0,-1.0
WDR7,0.03050988,0.0,-1.0
WDR74,0.07904435,0.0,-1.0
WDR77,0.1467055,0.0,-1.0
WDR83,0.04157993,0.0,0.0
WDR89,0.097691484,0.0,0.0
WDR91,0.124315925,0.0,0.0
WDR97,0.13673268,0.0,0.0
WDTC1,0.2723413,0.0,-1.0
WEE1,0.5143409,1.0,-1.0
WFDC2,0.0026156825,0.0,0.0
WFIKKN2,0.037281644,0.0,0.0
WFS1,0.034556344,0.0,-1.0
WHRN,0.07938572,0.0,-1.0
WIPF1,0.3626121,0.0,0.0
WIPF2,0.2046334,0.0,-1.0
WIPF3,0.15785834,0.0,0.0
WIPI1,0.18735261,0.0,0.0
WIPI2,0.07521042,0.0,0.0
WIZ,0.25665557,0.0,0.0
WNK1,0.2892464,0.0,-1.0
WNK2,0.2911898,0.0,1.0
WNK4,0.25373796,0.0,-1.0
WNT1,0.41140902,0.0,-1.0
WNT2,0.29635224,0.0,-1.0
WNT3,0.031911887,0.0,-1.0
WNT3A,0.20144023,0.0,-1.0
WNT4,0.5490216,1.0,-1.0
WNT5A,0.08035285,0.0,-1.0
WNT5B,0.08648553,0.0,-1.0
WNT6,0.048650548,0.0,-1.0
WNT7A,0.045000426,0.0,-1.0
WNT7B,0.06794351,0.0,-1.0
WRN,0.6095566,1.0,1.0
WRNIP1,0.11833523,0.0,0.0
WSB2,0.13427722,0.0,0.0
WT1,0.5350875,1.0,1.0
WTAP,0.22412413,0.0,0.0
WTIP,0.28613305,0.0,-1.0
WWC1,0.091131,0.0,-1.0
WWOX,0.31786114,0.0,-1.0
WWP1,0.39162838,0.0,1.0
WWP2,0.37183338,0.0,0.0
WWTR1,0.23120524,0.0,1.0
XAB2,0.22910175,0.0,0.0
XAF1,0.057049,0.0,-1.0
XAGE2,0.083314575,0.0,0.0
XBP1,0.16928129,0.0,1.0
XCL1,0.015809366,0.0,0.0
XCL2,0.003989462,0.0,-1.0
XCR1,0.0054236213,0.0,0.0
XDH,0.024636088,0.0,-1.0
XIAP,0.57183814,1.0,1.0
XIRP1,0.17293638,0.0,-1.0
XK,0.07198039,0.0,-1.0
XPA,0.49231014,0.0,1.0
XPC,0.24347891,0.0,1.0
XPNPEP1,0.19835152,0.0,0.0
XPO1,0.67831326,1.0,1.0
XPO4,0.20790426,0.0,-1.0
XPO5,0.23958227,0.0,0.0
XPO6,0.23012324,0.0,0.0
XPO7,0.20228447,0.0,0.0
XPOT,0.300909,0.0,0.0
XRCC1,0.25061625,0.0,0.0
XRCC2,0.03916051,0.0,1.0
XRCC3,0.12346175,0.0,-1.0
XRCC4,0.32113907,0.0,0.0
XRCC5,0.74357396,1.0,-1.0
XRCC6,0.74363804,1.0,-1.0
XRN1,0.38460064,0.0,-1.0
XRN2,0.22607125,0.0,0.0
YAE1,0.120232694,0.0,-1.0
YAF2,0.11697421,0.0,0.0
YAP1,0.50450313,1.0,1.0
YARS1,0.082682185,0.0,-1.0
YBX1,0.49155167,0.0,-1.0
YBX3,0.26214287,0.0,-1.0
YEATS4,0.43671027,0.0,-1.0
YES1,0.7516244,1.0,1.0
YIF1A,0.0049813855,0.0,0.0
YIPF2,0.0033239662,0.0,0.0
YIPF3,0.0342001,0.0,0.0
YIPF4,0.023345875,0.0,0.0
YIPF5,0.0027113843,0.0,0.0
YIPF6,0.0033239662,0.0,0.0
YJU2B,0.1663874,0.0,0.0
YKT6,0.008510703,0.0,0.0
YLPM1,0.22396098,0.0,0.0
YME1L1,0.13980551,0.0,0.0
YRDC,0.0394024,0.0,0.0
YTHDC1,0.35030064,0.0,0.0
YWHAB,0.77159584,1.0,0.0
YWHAE,0.8609557,1.0,1.0
YWHAG,0.925516,1.0,0.0
YWHAH,0.853374,1.0,0.0
YWHAQ,0.8338933,1.0,0.0
YWHAZ,0.85918283,1.0,0.0
YY1,0.59189886,1.0,1.0
YY1AP1,0.08672962,0.0,-1.0
ZAP70,0.78916436,1.0,-1.0
ZBED1,0.16612364,0.0,0.0
ZBED5,0.15939228,0.0,0.0
ZBTB11,0.13459483,0.0,0.0
ZBTB12,0.25643045,0.0,0.0
ZBTB14,0.013479558,0.0,0.0
ZBTB16,0.8713333,1.0,1.0
ZBTB17,0.32568082,0.0,-1.0
ZBTB18,0.089488596,0.0,0.0
ZBTB2,0.123708196,0.0,0.0
ZBTB21,0.0216648,0.0,0.0
ZBTB22,0.07275407,0.0,0.0
ZBTB24,0.040962502,0.0,0.0
ZBTB25,0.1593279,0.0,0.0
ZBTB3,0.11146732,0.0,0.0
ZBTB32,0.30486494,0.0,0.0
ZBTB33,0.21218972,0.0,-1.0
ZBTB38,0.13112256,0.0,0.0
ZBTB43,0.28525805,0.0,0.0
ZBTB44,0.14734094,0.0,0.0
ZBTB45,0.052648652,0.0,0.0
ZBTB48,0.089809455,0.0,-1.0
ZBTB5,0.06631273,0.0,-1.0
ZBTB6,0.11158303,0.0,0.0
ZBTB7A,0.19530047,0.0,-1.0
ZBTB7B,0.13002628,0.0,-1.0
ZBTB8A,0.29508686,0.0,0.0
ZC2HC1C,0.11293283,0.0,0.0
ZC3H10,0.08044935,0.0,0.0
ZC3H11A,0.08338189,0.0,-1.0
ZC3H12A,0.100709856,0.0,-1.0
ZC3H14,0.116114646,0.0,0.0
ZC3H7A,0.1274664,0.0,0.0
ZC3H7B,0.033436786,0.0,0.0
ZC4H2,0.07900919,0.0,-1.0
ZCCHC10,0.23045047,0.0,0.0
ZCCHC12,0.04209736,0.0,-1.0
ZCCHC13,0.043888424,0.0,0.0
ZCCHC14,0.13048361,0.0,0.0
ZCCHC17,0.069533296,0.0,0.0
ZCCHC7,0.09101211,0.0,0.0
ZCCHC8,0.143195,0.0,-1.0
ZDHHC16,0.10746665,0.0,0.0
ZDHHC17,0.14105345,0.0,0.0
ZDHHC23,0.082769394,0.0,0.0
ZDHHC3,0.12199083,0.0,-1.0
ZDHHC4,0.04763847,0.0,-1.0
ZDHHC6,0.071022175,0.0,0.0
ZDHHC7,0.016509298,0.0,-1.0
ZEB1,0.36974612,0.0,1.0
ZEB2,0.30764982,0.0,-1.0
ZER1,0.05752096,0.0,0.0
ZFAND2B,0.084524184,0.0,0.0
ZFAND3,0.050598107,0.0,0.0
ZFAND5,0.1449761,0.0,0.0
ZFAND6,0.17325182,0.0,0.0
ZFC3H1,0.057257388,0.0,0.0
ZFHX3,0.30885822,0.0,1.0
ZFP2,0.06994771,0.0,0.0
ZFP36,0.41796365,0.0,-1.0
ZFP36L1,0.3101218,0.0,1.0
ZFP64,0.19697537,0.0,-1.0
ZFP91,0.31219172,0.0,-1.0
ZFPL1,0.03446564,0.0,0.0
ZFPM1,0.22979574,0.0,-1.0
ZFPM2,0.4604119,0.0,-1.0
ZFYVE16,0.2353669,0.0,0.0
ZFYVE9,0.5709797,1.0,0.0
ZG16B,0.03176158,0.0,0.0
ZHX1,0.51111764,1.0,0.0
ZHX2,0.15871163,0.0,-1.0
ZHX3,0.15871163,0.0,0.0
ZIC1,0.32784125,0.0,-1.0
ZIC2,0.28220806,0.0,-1.0
ZIC3,0.12886712,0.0,-1.0
ZIK1,0.049782652,0.0,0.0
ZKSCAN7,0.050703943,0.0,0.0
ZMIZ1,0.26001245,0.0,-1.0
ZMIZ2,0.17266633,0.0,0.0
ZMYM2,0.5244882,1.0,1.0
ZMYM5,0.23310976,0.0,0.0
ZMYM6,0.138326,0.0,0.0
ZMYND10,0.038817722,0.0,-1.0
ZMYND11,0.5195568,1.0,0.0
ZMYND19,0.005320657,0.0,0.0
ZMYND8,0.21283865,0.0,-1.0
ZNF10,0.14966086,0.0,0.0
ZNF101,0.055473752,0.0,0.0
ZNF106,0.056431532,0.0,0.0
ZNF107,0.19510065,0.0,0.0
ZNF136,0.048023656,0.0,0.0
ZNF142,0.1155677,0.0,0.0
ZNF146,0.048980486,0.0,-1.0
ZNF148,0.3554726,0.0,0.0
ZNF155,0.07657573,0.0,0.0
ZNF165,0.14796628,0.0,-1.0
ZNF174,0.07337521,0.0,0.0
ZNF197,0.20694534,0.0,0.0
ZNF20,0.06520261,0.0,0.0
ZNF202,0.064045765,0.0,0.0
ZNF205,0.069354296,0.0,0.0
ZNF208,0.08019767,0.0,-1.0
ZNF219,0.05854235,0.0,0.0
ZNF227,0.33948877,0.0,-1.0
ZNF232,0.05341982,0.0,0.0
ZNF239,0.12393139,0.0,-1.0
ZNF24,0.17101781,0.0,-1.0
ZNF250,0.24973845,0.0,0.0
ZNF263,0.2103474,0.0,0.0
ZNF274,0.061587457,0.0,0.0
ZNF276,0.08698493,0.0,0.0
ZNF277,0.07266164,0.0,0.0
ZNF287,0.04303957,0.0,0.0
ZNF329,0.17468698,0.0,0.0
ZNF330,0.10061368,0.0,0.0
ZNF334,0.007564351,0.0,0.0
ZNF335,0.16720787,0.0,0.0
ZNF337,0.053082902,0.0,0.0
ZNF33B,0.09632505,0.0,0.0
ZNF341,0.0569088,0.0,0.0
ZNF346,0.08747077,0.0,0.0
ZNF350,0.25468928,0.0,0.0
ZNF354A,0.08730755,0.0,0.0
ZNF365,0.2408154,0.0,0.0
ZNF382,0.23702209,0.0,0.0
ZNF384,0.14701974,0.0,1.0
ZNF396,0.0013425422,0.0,0.0
ZNF397,0.0013425422,0.0,0.0
ZNF398,0.08377557,0.0,0.0
ZNF408,0.26457006,0.0,0.0
ZNF41,0.086472675,0.0,-1.0
ZNF410,0.13880499,0.0,0.0
ZNF414,0.037222408,0.0,0.0
ZNF417,0.19325355,0.0,0.0
ZNF423,0.36643973,0.0,-1.0
ZNF426,0.12828216,0.0,0.0
ZNF439,0.055736646,0.0,0.0
ZNF44,0.09321137,0.0,0.0
ZNF440,0.07621728,0.0,0.0
ZNF446,0.0692264,0.0,0.0
ZNF451,0.25032407,0.0,-1.0
ZNF461,0.015751349,0.0,0.0
ZNF467,0.19811055,0.0,0.0
ZNF473,0.06530181,0.0,0.0
ZNF484,0.09267514,0.0,0.0
ZNF488,0.11559456,0.0,0.0
ZNF496,0.32509416,0.0,0.0
ZNF510,0.092316315,0.0,0.0
ZNF518A,0.112941325,0.0,0.0
ZNF521,0.4172483,0.0,1.0
ZNF557,0.063173376,0.0,0.0
ZNF558,0.09530702,0.0,-1.0
ZNF559,0.05639044,0.0,0.0
ZNF580,0.085369594,0.0,0.0
ZNF581,0.14988022,0.0,0.0
ZNF585B,0.15955931,0.0,0.0
ZNF587,0.19396427,0.0,0.0
ZNF592,0.0826482,0.0,-1.0
ZNF593,0.050934482,0.0,0.0
ZNF594,0.084480025,0.0,0.0
ZNF598,0.043470882,0.0,0.0
ZNF607,0.04332086,0.0,0.0
ZNF609,0.09480288,0.0,0.0
ZNF622,0.21033804,0.0,0.0
ZNF638,0.24696334,0.0,-1.0
ZNF639,0.21832342,0.0,0.0
ZNF646,0.10149257,0.0,0.0
ZNF652,0.2597822,0.0,0.0
ZNF653,0.12979943,0.0,0.0
ZNF655,0.08054418,0.0,-1.0
ZNF670,0.049536955,0.0,0.0
ZNF675,0.09726225,0.0,0.0
ZNF679,0.042794432,0.0,0.0
ZNF689,0.24416856,0.0,0.0
ZNF691,0.054392766,0.0,0.0
ZNF7,0.072493896,0.0,0.0
ZNF707,0.04065695,0.0,0.0
ZNF709,0.089711435,0.0,0.0
ZNF74,0.17216897,0.0,0.0
ZNF76,0.24442922,0.0,0.0
ZNF764,0.07507763,0.0,0.0
ZNF8,0.23022021,0.0,0.0
ZNF804A,0.066385046,0.0,-1.0
ZNF821,0.06688208,0.0,0.0
ZNF83,0.10780548,0.0,0.0
ZNF91,0.13402125,0.0,0.0
ZNFX1,0.1836776,0.0,0.0
ZNHIT1,0.21705134,0.0,0.0
ZNHIT3,0.18034306,0.0,0.0
ZNHIT6,0.06762701,0.0,0.0
ZNRD2,0.14020906,0.0,0.0
ZNRF3,0.073595814,0.0,1.0
ZP2,0.003152287,0.0,0.0
ZP3,0.07684165,0.0,0.0
ZP4,0.16012232,0.0,0.0
ZPBP,0.0042746025,0.0,0.0
ZPR1,0.16177593,0.0,-1.0
ZRANB1,0.084604844,0.0,0.0
ZRANB2,0.16663678,0.0,0.0
ZRSR2,0.107367806,0.0,1.0
ZSCAN16,0.04337393,0.0,0.0
ZSCAN20,0.01643237,0.0,0.0
ZSCAN21,0.024392264,0.0,0.0
ZSCAN32,0.046372958,0.0,0.0
ZSCAN4,0.09871038,0.0,-1.0
ZSCAN9,0.03942058,0.0,0.0
ZSWIM2,0.084465206,0.0,0.0
ZSWIM7,0.015877398,0.0,-1.0
ZSWIM8,0.11147865,0.0,0.0
ZUP1,0.054837264,0.0,0.0
ZW10,0.2689783,0.0,0.0
ZWILCH,0.26148018,0.0,-1.0
ZWINT,0.20292589,0.0,-1.0
ZXDC,0.21288078,0.0,0.0
ZYG11B,0.06935888,0.0,0.0
ZYX,0.3251957,0.0,0.0
ZZEF1,0.22574773,0.0,-1.0
