gene,percent,binary,true
A1BG,3.455112e-05,0.0,0.0
A1CF,0.36838302,0.0,1.0
A2M,0.39831388,0.0,0.0
A2ML1,0.32214174,0.0,-1.0
A4GALT,1.7654203e-05,0.0,0.0
A4GNT,0.0090043135,0.0,0.0
AAAS,0.013751456,0.0,-1.0
AACS,0.0012645575,0.0,0.0
AAGAB,0.039161514,0.0,0.0
AAK1,0.28829914,0.0,0.0
AAMDC,0.0019617772,0.0,0.0
AAMP,0.09430038,0.0,-1.0
AANAT,0.00618807,0.0,-1.0
AAR2,0.099187255,0.0,0.0
AARD,0.019829573,0.0,0.0
AARS1,0.13590616,0.0,-1.0
AARS2,0.1863588,0.0,-1.0
AASDH,0.032637488,0.0,0.0
AASDHPPT,0.14218959,0.0,0.0
AASS,0.025467334,0.0,-1.0
AATF,0.11302096,0.0,-1.0
AATK,0.07328152,0.0,0.0
ABAT,0.09261021,0.0,0.0
ABCA1,0.05133299,0.0,-1.0
ABCA10,0.00012939273,0.0,-1.0
ABCA12,0.00016922122,0.0,-1.0
ABCA13,0.0044478667,0.0,-1.0
ABCA2,0.2853396,0.0,0.0
ABCA3,0.15941358,0.0,-1.0
ABCA4,2.0239812e-08,0.0,-1.0
ABCA5,0.00092444377,0.0,0.0
ABCA6,0.053089634,0.0,0.0
ABCA7,0.19807547,0.0,-1.0
ABCA9,3.113634e-10,0.0,0.0
ABCB1,0.07368716,0.0,-1.0
ABCB10,0.008139714,0.0,-1.0
ABCB11,2.358195e-08,0.0,-1.0
ABCB4,0.94701403,1.0,-1.0
ABCB5,0.0001911025,0.0,-1.0
ABCB6,0.20734385,0.0,0.0
ABCB7,0.16327538,0.0,-1.0
ABCB8,0.26315847,0.0,-1.0
ABCB9,0.001251067,0.0,0.0
ABCC1,0.07927869,0.0,-1.0
ABCC10,0.006842592,0.0,-1.0
ABCC12,0.002493585,0.0,0.0
ABCC2,0.094744675,0.0,-1.0
ABCC3,0.04712556,0.0,-1.0
ABCC4,0.24111919,0.0,0.0
ABCC5,0.10608498,0.0,-1.0
ABCC6,0.00028579248,0.0,-1.0
ABCC8,0.09166088,0.0,-1.0
ABCC9,0.52764434,1.0,-1.0
ABCD1,0.039505094,0.0,-1.0
ABCD2,0.048002027,0.0,0.0
ABCD3,0.13695934,0.0,0.0
ABCD4,0.0024802233,0.0,0.0
ABCE1,0.24992506,0.0,0.0
ABCF1,0.119226515,0.0,-1.0
ABCF2,0.09986159,0.0,-1.0
ABCF3,0.5379808,1.0,0.0
ABCG1,0.0022115125,0.0,0.0
ABCG2,0.09818401,0.0,-1.0
ABCG4,0.0014172879,0.0,0.0
ABCG5,0.00017183792,0.0,0.0
ABCG8,0.001038032,0.0,-1.0
ABHD1,5.146366e-06,0.0,0.0
ABHD10,0.16611163,0.0,0.0
ABHD11,0.014993901,0.0,0.0
ABHD12,0.0057622977,0.0,0.0
ABHD12B,1.2837419e-06,0.0,0.0
ABHD14A,0.042997412,0.0,0.0
ABHD14A-ACY1,0.05233108,0.0,0.0
ABHD14B,0.05810343,0.0,0.0
ABHD15,0.037911765,0.0,-1.0
ABHD16A,0.01475013,0.0,0.0
ABHD17A,0.072486684,0.0,0.0
ABHD17B,1.5413863e-07,0.0,0.0
ABHD18,6.9085644e-08,0.0,0.0
ABHD2,0.096278906,0.0,-1.0
ABHD3,0.0005339455,0.0,0.0
ABHD4,0.000697204,0.0,0.0
ABHD5,8.88707e-06,0.0,0.0
ABHD6,0.00074135006,0.0,0.0
ABI1,0.9106057,1.0,1.0
ABI2,0.24123524,0.0,0.0
ABI3,0.22723664,0.0,-1.0
ABI3BP,0.055944446,0.0,0.0
ABITRAM,5.1960733e-08,0.0,0.0
ABL1,0.9932891,1.0,1.0
ABL2,0.8378755,1.0,1.0
ABLIM1,0.4944141,0.0,0.0
ABLIM2,0.10787173,0.0,-1.0
ABLIM3,0.3009045,0.0,0.0
ABO,0.010385501,0.0,-1.0
ABR,0.2115344,0.0,-1.0
ABRA,0.041201092,0.0,0.0
ABRACL,0.07735367,0.0,0.0
ABRAXAS1,0.09132708,0.0,1.0
ABRAXAS2,0.32314494,0.0,0.0
ABT1,0.16091806,0.0,0.0
ABTB1,0.0476521,0.0,0.0
ABTB2,0.03838058,0.0,-1.0
ACAA1,0.09016559,0.0,0.0
ACAA2,0.12016469,0.0,0.0
ACACA,0.7776424,1.0,0.0
ACACB,0.33206302,0.0,0.0
ACAD10,0.021289986,0.0,0.0
ACAD11,0.13506606,0.0,0.0
ACAD8,0.14559373,0.0,-1.0
ACAD9,0.010668478,0.0,-1.0
ACADL,7.392213e-05,0.0,0.0
ACADM,0.11344872,0.0,-1.0
ACADS,0.20852138,0.0,-1.0
ACADSB,0.0069926376,0.0,-1.0
ACADVL,0.09307743,0.0,-1.0
ACAN,1.6575641e-05,0.0,-1.0
ACAP1,0.46528134,0.0,-1.0
ACAP2,0.057676647,0.0,0.0
ACAP3,0.030010851,0.0,0.0
ACAT1,0.10799935,0.0,0.0
ACAT2,0.08194419,0.0,0.0
ACBD3,0.047188714,0.0,0.0
ACBD4,0.028944489,0.0,0.0
ACBD5,0.046275716,0.0,0.0
ACBD6,0.0036855638,0.0,0.0
ACCS,0.00017916049,0.0,-1.0
ACD,0.046560884,0.0,-1.0
ACE,0.16952074,0.0,-1.0
ACE2,0.026906922,0.0,0.0
ACER3,0.044151366,0.0,0.0
ACHE,2.5640486e-07,0.0,-1.0
ACIN1,0.22331336,0.0,0.0
ACKR1,0.008165021,0.0,0.0
ACKR2,3.297368e-05,0.0,0.0
ACKR3,0.10702523,0.0,1.0
ACKR4,4.576757e-05,0.0,0.0
ACLY,0.11596277,0.0,-1.0
ACMSD,1.1775375e-05,0.0,0.0
ACO1,0.047939796,0.0,-1.0
ACO2,0.07249746,0.0,-1.0
ACOT1,0.099429905,0.0,0.0
ACOT11,0.20419699,0.0,0.0
ACOT12,0.035255175,0.0,0.0
ACOT13,0.012164629,0.0,0.0
ACOT2,0.008960945,0.0,0.0
ACOT4,9.938408e-13,0.0,0.0
ACOT7,0.27544624,0.0,0.0
ACOT8,0.036790263,0.0,0.0
ACOT9,0.06507982,0.0,0.0
ACOX1,0.004446651,0.0,-1.0
ACOX2,0.004313924,0.0,0.0
ACOX3,0.02730412,0.0,0.0
ACOXL,1.5112792e-06,0.0,-1.0
ACP1,0.6882695,1.0,0.0
ACP2,0.09522729,0.0,0.0
ACP3,0.01670698,0.0,0.0
ACP5,0.045221847,0.0,0.0
ACP6,0.02261025,0.0,0.0
ACR,2.2300167e-06,0.0,0.0
ACRBP,0.037940398,0.0,0.0
ACSBG1,0.12345826,0.0,0.0
ACSBG2,4.209819e-08,0.0,0.0
ACSF2,0.025507107,0.0,0.0
ACSF3,0.025687596,0.0,0.0
ACSL1,0.036862236,0.0,0.0
ACSL3,0.0849166,0.0,1.0
ACSL4,0.4105294,0.0,-1.0
ACSL5,0.09453994,0.0,-1.0
ACSL6,5.476933e-05,0.0,-1.0
ACSM1,0.0017698101,0.0,-1.0
ACSM2B,0.116688475,0.0,0.0
ACSM3,6.7557107e-09,0.0,0.0
ACSM5,7.877857e-12,0.0,0.0
ACSS1,0.0086074425,0.0,0.0
ACSS2,0.07726836,0.0,0.0
ACSS3,1.1799821e-10,0.0,0.0
ACTA1,0.8809711,1.0,-1.0
ACTA2,0.35848555,0.0,-1.0
ACTB,0.9403836,1.0,-1.0
ACTBL2,0.46910563,0.0,0.0
ACTC1,0.6568172,1.0,-1.0
ACTG1,0.8783916,1.0,1.0
ACTG2,0.24603826,0.0,0.0
ACTL6A,0.7432244,1.0,-1.0
ACTL6B,0.40118647,0.0,-1.0
ACTL7A,0.00927245,0.0,0.0
ACTL7B,3.8051232e-07,0.0,-1.0
ACTL8,0.24953254,0.0,0.0
ACTN1,0.6385681,1.0,0.0
ACTN2,0.9456811,1.0,-1.0
ACTN3,0.6874084,1.0,0.0
ACTN4,0.7262415,1.0,-1.0
ACTR10,0.18977955,0.0,0.0
ACTR1A,0.15149236,0.0,0.0
ACTR1B,0.114500694,0.0,0.0
ACTR2,0.44662052,0.0,0.0
ACTR3,0.39176646,0.0,0.0
ACTR3B,0.09303068,0.0,0.0
ACTR3C,0.051771116,0.0,0.0
ACTR5,0.101981185,0.0,0.0
ACTR6,0.18511444,0.0,0.0
ACTR8,0.15996854,0.0,0.0
ACTRT1,0.31173348,0.0,0.0
ACVR1,0.9532079,1.0,1.0
ACVR1B,0.4525106,0.0,1.0
ACVR1C,0.042560067,0.0,0.0
ACVR2A,0.48194745,0.0,1.0
ACVR2B,0.51649255,1.0,-1.0
ACVRL1,0.6220716,1.0,-1.0
ACY1,0.0574077,0.0,-1.0
ACY3,1.4786905e-08,0.0,0.0
ACYP1,7.306799e-12,0.0,0.0
ACYP2,0.0030357894,0.0,0.0
ADA,0.10117547,0.0,0.0
ADAD2,3.193806e-14,0.0,0.0
ADAM10,0.6435424,1.0,-1.0
ADAM11,0.0003145756,0.0,0.0
ADAM12,0.13606179,0.0,-1.0
ADAM15,0.3149966,0.0,0.0
ADAM17,0.23935172,0.0,-1.0
ADAM19,0.10077349,0.0,0.0
ADAM2,5.6361324e-07,0.0,-1.0
ADAM20,4.738536e-09,0.0,0.0
ADAM21,1.14871614e-08,0.0,0.0
ADAM22,0.15779838,0.0,-1.0
ADAM23,0.46462676,0.0,-1.0
ADAM28,0.0006706799,0.0,0.0
ADAM29,5.541475e-16,0.0,-1.0
ADAM30,4.738536e-09,0.0,0.0
ADAM33,0.02109301,0.0,-1.0
ADAM8,0.28336993,0.0,0.0
ADAM9,0.14072739,0.0,-1.0
ADAMTS1,0.0014801422,0.0,-1.0
ADAMTS10,0.16610062,0.0,-1.0
ADAMTS12,0.47017825,0.0,-1.0
ADAMTS13,0.0001637313,0.0,-1.0
ADAMTS17,1.9969376e-10,0.0,-1.0
ADAMTS18,8.789951e-07,0.0,-1.0
ADAMTS2,0.102419786,0.0,-1.0
ADAMTS3,1.2667313e-05,0.0,-1.0
ADAMTS4,0.00534992,0.0,0.0
ADAMTS5,7.8991185e-08,0.0,-1.0
ADAMTS6,0.06601998,0.0,-1.0
ADAMTS7,0.00010995172,0.0,0.0
ADAMTS9,0.01304966,0.0,-1.0
ADAMTSL1,7.630989e-07,0.0,0.0
ADAMTSL2,0.00036609833,0.0,0.0
ADAMTSL3,0.0051636803,0.0,-1.0
ADAMTSL4,0.00038949898,0.0,-1.0
ADAMTSL5,0.008776466,0.0,0.0
ADAP1,0.25956038,0.0,0.0
ADAP2,0.03838929,0.0,0.0
ADAR,0.3287478,0.0,0.0
ADARB1,0.06962781,0.0,0.0
ADARB2,0.0972715,0.0,-1.0
ADAT2,1.5003972e-05,0.0,0.0
ADAT3,0.00016741232,0.0,0.0
ADCK1,0.031736497,0.0,-1.0
ADCK2,0.007710887,0.0,0.0
ADCK5,0.014697336,0.0,0.0
ADCY1,0.17616814,0.0,-1.0
ADCY10,0.031474497,0.0,0.0
ADCY2,0.2229042,0.0,-1.0
ADCY3,0.08612822,0.0,-1.0
ADCY4,0.0010197301,0.0,-1.0
ADCY5,0.25639874,0.0,-1.0
ADCY6,0.5427284,1.0,-1.0
ADCY7,0.021043373,0.0,-1.0
ADCY8,0.2099009,0.0,-1.0
ADCY9,0.10546758,0.0,-1.0
ADCYAP1,0.006962846,0.0,-1.0
ADCYAP1R1,0.00015148951,0.0,0.0
ADD1,0.24738938,0.0,0.0
ADD2,0.43037957,0.0,-1.0
ADD3,0.2069529,0.0,-1.0
ADGRA1,1.3696862e-10,0.0,-1.0
ADGRA2,0.024805773,0.0,-1.0
ADGRA3,0.15497756,0.0,0.0
ADGRB1,0.3109643,0.0,0.0
ADGRB2,0.0047239102,0.0,0.0
ADGRB3,0.013775456,0.0,-1.0
ADGRE5,0.04265195,0.0,-1.0
ADGRF3,1.8712662e-06,0.0,0.0
ADGRF5,0.13540728,0.0,0.0
ADGRG1,0.05049501,0.0,-1.0
ADGRG4,3.7418029e-06,0.0,-1.0
ADGRG5,2.0688742e-12,0.0,0.0
ADGRG6,0.030228116,0.0,-1.0
ADGRG7,0.0015944898,0.0,0.0
ADGRL1,0.24708977,0.0,-1.0
ADGRL2,0.09349527,0.0,-1.0
ADGRL3,1.9081232e-07,0.0,-1.0
ADGRV1,0.18703675,0.0,-1.0
ADH1A,7.497259e-08,0.0,0.0
ADH1B,2.5154483e-05,0.0,-1.0
ADH1C,8.487021e-08,0.0,0.0
ADH4,0.0010659295,0.0,0.0
ADH5,0.020171756,0.0,-1.0
ADH6,0.13362446,0.0,0.0
ADH7,0.0012245394,0.0,0.0
ADHFE1,9.933615e-09,0.0,0.0
ADI1,0.02446299,0.0,0.0
ADIG,1.6848039e-21,0.0,-1.0
ADIPOQ,0.0068110144,0.0,-1.0
ADIPOR1,0.05936282,0.0,-1.0
ADIPOR2,0.0059605516,0.0,0.0
ADIRF,0.18869188,0.0,0.0
ADK,0.0051065222,0.0,0.0
ADM,6.6918153e-07,0.0,0.0
ADM2,3.5243246e-16,0.0,0.0
ADNP,0.80399656,1.0,-1.0
ADNP2,0.36693534,0.0,0.0
ADO,0.010871621,0.0,0.0
ADORA1,0.4855684,0.0,0.0
ADORA2A,0.51322746,1.0,0.0
ADORA2B,0.47456527,0.0,0.0
ADORA3,0.026309215,0.0,0.0
ADPGK,0.10456555,0.0,0.0
ADPRH,0.010558163,0.0,0.0
ADPRS,0.015324174,0.0,0.0
ADRA1A,0.31626362,0.0,-1.0
ADRA1B,0.19865724,0.0,-1.0
ADRA1D,0.30503356,0.0,0.0
ADRA2A,0.41565323,0.0,0.0
ADRA2B,0.0075591193,0.0,0.0
ADRA2C,0.016635241,0.0,0.0
ADRB1,0.35616794,0.0,0.0
ADRB2,0.2974196,0.0,-1.0
ADRB3,0.23179772,0.0,-1.0
ADRM1,0.12629002,0.0,0.0
ADSL,0.2155037,0.0,0.0
ADSS1,0.0024867118,0.0,0.0
ADSS2,0.09101121,0.0,0.0
ADTRP,0.0002535187,0.0,0.0
AEBP1,0.009981662,0.0,0.0
AEBP2,0.2701848,0.0,0.0
AEN,0.031051088,0.0,0.0
AFAP1,0.4700616,0.0,0.0
AFAP1L1,8.153079e-06,0.0,0.0
AFAP1L2,0.17640716,0.0,-1.0
AFDN,0.33189186,0.0,1.0
AFF1,0.42530748,0.0,1.0
AFF2,0.40685946,0.0,-1.0
AFF3,0.13599515,0.0,1.0
AFF4,0.24517223,0.0,1.0
AFG3L2,0.12338348,0.0,-1.0
AFMID,1.6585984e-05,0.0,-1.0
AFP,0.23722361,0.0,-1.0
AFTPH,0.028074112,0.0,0.0
AGA,0.17401563,0.0,-1.0
AGAP1,0.22570309,0.0,0.0
AGAP11,2.3825154e-05,0.0,0.0
AGAP2,0.18432724,0.0,-1.0
AGAP3,0.12282539,0.0,0.0
AGAP4,0.0007524962,0.0,0.0
AGAP5,7.952689e-05,0.0,0.0
AGAP9,1.27124125e-08,0.0,0.0
AGBL2,0.33596474,0.0,-1.0
AGBL4,2.0835893e-09,0.0,0.0
AGBL5,2.7838725e-05,0.0,-1.0
AGER,0.00012214185,0.0,-1.0
AGFG1,0.24006288,0.0,0.0
AGFG2,0.012886006,0.0,0.0
AGGF1,0.26855084,0.0,-1.0
AGK,0.051126685,0.0,0.0
AGL,0.6896937,1.0,-1.0
AGMAT,0.14390838,0.0,0.0
AGO1,0.2948368,0.0,1.0
AGO2,0.40750146,0.0,-1.0
AGO3,0.08864305,0.0,0.0
AGO4,0.11631118,0.0,-1.0
AGPAT1,0.014929677,0.0,0.0
AGPAT2,6.525149e-05,0.0,-1.0
AGPAT3,0.053889718,0.0,0.0
AGPAT4,0.0039121397,0.0,0.0
AGPAT5,0.16801395,0.0,0.0
AGPS,0.158182,0.0,-1.0
AGR2,0.06731496,0.0,0.0
AGR3,0.29300082,0.0,0.0
AGRN,0.71356356,1.0,0.0
AGRP,8.1327315e-05,0.0,-1.0
AGT,0.5167693,1.0,-1.0
AGTPBP1,0.18543185,0.0,0.0
AGTR1,0.6592876,1.0,-1.0
AGTR2,0.4795481,0.0,-1.0
AGTRAP,0.0020182417,0.0,0.0
AGXT,0.013588381,0.0,-1.0
AGXT2,6.3963116e-06,0.0,0.0
AHCTF1,0.12620248,0.0,-1.0
AHCY,0.20402752,0.0,0.0
AHCYL1,0.31265828,0.0,0.0
AHCYL2,0.2859723,0.0,-1.0
AHDC1,0.087067224,0.0,0.0
AHI1,0.14910807,0.0,-1.0
AHNAK,0.5657592,1.0,-1.0
AHNAK2,0.25074974,0.0,-1.0
AHR,0.57990104,1.0,-1.0
AHRR,0.011023495,0.0,0.0
AHSA1,0.49581712,0.0,-1.0
AHSA2P,0.013438258,0.0,0.0
AHSG,0.3708524,0.0,0.0
AHSP,0.12816769,0.0,0.0
AICDA,0.24775247,0.0,-1.0
AIDA,0.018137047,0.0,0.0
AIF1,0.16946018,0.0,0.0
AIF1L,0.12743412,0.0,0.0
AIFM1,0.2508175,0.0,-1.0
AIFM2,0.054599512,0.0,-1.0
AIFM3,0.0011666508,0.0,0.0
AIG1,0.0069553982,0.0,0.0
AIM2,0.25225604,0.0,0.0
AIMP1,0.12102907,0.0,0.0
AIMP2,0.19352059,0.0,0.0
AIP,0.28278303,0.0,-1.0
AIPL1,0.1754925,0.0,-1.0
AIRE,0.60745245,1.0,-1.0
AJAP1,0.08575739,0.0,-1.0
AJUBA,0.27897257,0.0,1.0
AK1,0.049464244,0.0,-1.0
AK2,0.105573915,0.0,-1.0
AK3,0.009621882,0.0,0.0
AK4,0.014369323,0.0,0.0
AK5,0.052065823,0.0,0.0
AK6,0.022988923,0.0,0.0
AK7,0.0012411784,0.0,0.0
AK8,0.00714123,0.0,-1.0
AK9,0.0005242257,0.0,0.0
AKAP1,0.2349035,0.0,0.0
AKAP10,0.09792062,0.0,-1.0
AKAP11,0.40428948,0.0,-1.0
AKAP12,0.25272638,0.0,-1.0
AKAP13,0.444165,0.0,-1.0
AKAP14,0.020382648,0.0,0.0
AKAP17A,0.053167883,0.0,0.0
AKAP2,0.5020544,1.0,0.0
AKAP3,1.00877784e-07,0.0,0.0
AKAP4,0.004721615,0.0,0.0
AKAP5,0.29060665,0.0,0.0
AKAP6,0.7572475,1.0,-1.0
AKAP7,0.15437077,0.0,0.0
AKAP8,0.7162268,1.0,-1.0
AKAP8L,0.2160053,0.0,0.0
AKAP9,0.7781968,1.0,-1.0
AKIP1,0.09755886,0.0,0.0
AKIRIN1,0.002200715,0.0,0.0
AKIRIN2,0.0059556146,0.0,0.0
AKNA,0.1336282,0.0,0.0
AKNAD1,1.2145519e-07,0.0,0.0
AKR1A1,0.010282656,0.0,0.0
AKR1B1,0.08164359,0.0,0.0
AKR1B10,0.018027874,0.0,-1.0
AKR1B15,0.014780569,0.0,0.0
AKR1C1,0.0099556465,0.0,0.0
AKR1C2,0.0009267261,0.0,-1.0
AKR1C3,0.0010561554,0.0,-1.0
AKR1C4,2.5821588e-05,0.0,0.0
AKR1D1,0.0017360837,0.0,-1.0
AKR7A2,0.47154626,0.0,0.0
AKR7A3,8.9699344e-05,0.0,0.0
AKR7L,1.2560188e-08,0.0,0.0
AKT1,0.99473,1.0,1.0
AKT1S1,0.28841457,0.0,-1.0
AKT2,0.55893433,1.0,1.0
AKT3,0.3885762,0.0,1.0
AKTIP,0.19222605,0.0,0.0
ALAD,0.03489597,0.0,-1.0
ALAS1,0.058931436,0.0,0.0
ALAS2,0.07708039,0.0,-1.0
ALB,0.7640815,1.0,-1.0
ALCAM,0.5086165,1.0,-1.0
ALDH16A1,0.08770129,0.0,0.0
ALDH18A1,0.102901556,0.0,0.0
ALDH1A1,0.014204508,0.0,-1.0
ALDH1A2,0.0022249976,0.0,0.0
ALDH1A3,2.7194518e-09,0.0,0.0
ALDH1B1,0.07378526,0.0,0.0
ALDH1L1,0.027557086,0.0,-1.0
ALDH1L2,0.045726705,0.0,0.0
ALDH2,0.105117254,0.0,-1.0
ALDH3A1,0.027320521,0.0,0.0
ALDH3A2,0.098941915,0.0,-1.0
ALDH3B1,0.13530697,0.0,0.0
ALDH3B2,0.071996264,0.0,0.0
ALDH4A1,0.013353214,0.0,0.0
ALDH5A1,0.1495027,0.0,-1.0
ALDH6A1,0.013614937,0.0,0.0
ALDH7A1,0.11227881,0.0,0.0
ALDH8A1,0.092940554,0.0,0.0
ALDH9A1,0.080834046,0.0,0.0
ALDOA,0.27750933,0.0,-1.0
ALDOB,0.0008165273,0.0,-1.0
ALDOC,0.3872077,0.0,0.0
ALG1,0.15479504,0.0,-1.0
ALG10,0.017523795,0.0,0.0
ALG10B,0.0009504809,0.0,0.0
ALG11,0.0043719755,0.0,-1.0
ALG12,9.477362e-06,0.0,-1.0
ALG13,0.16819824,0.0,0.0
ALG14,1.7400779e-12,0.0,-1.0
ALG2,0.11385478,0.0,-1.0
ALG3,0.014824614,0.0,-1.0
ALG5,0.015007395,0.0,0.0
ALG6,0.0065797684,0.0,-1.0
ALG8,0.004544884,0.0,-1.0
ALG9,0.013818291,0.0,-1.0
ALK,0.7094071,1.0,1.0
ALKBH1,4.165481e-12,0.0,0.0
ALKBH2,0.06298276,0.0,0.0
ALKBH3,0.15854299,0.0,0.0
ALKBH4,0.00023697689,0.0,0.0
ALKBH5,0.02124305,0.0,0.0
ALKBH7,0.04074466,0.0,0.0
ALKBH8,0.054015063,0.0,0.0
ALLC,0.08820914,0.0,-1.0
ALMS1,0.22884561,0.0,-1.0
ALOX12,0.0034357228,0.0,-1.0
ALOX12B,0.24644643,0.0,1.0
ALOX15,0.11581064,0.0,-1.0
ALOX15B,0.1280222,0.0,0.0
ALOX5,0.0013957177,0.0,-1.0
ALOX5AP,0.3186762,0.0,-1.0
ALOXE3,0.0052099363,0.0,-1.0
ALPG,1.1618978e-08,0.0,0.0
ALPI,0.14307702,0.0,0.0
ALPK1,0.12739137,0.0,-1.0
ALPL,0.124546595,0.0,-1.0
ALPP,0.048305,0.0,0.0
ALS2,0.05919363,0.0,-1.0
ALS2CL,0.08639911,0.0,-1.0
ALX1,0.7273942,1.0,0.0
ALX4,0.91902864,1.0,-1.0
ALYREF,0.15142041,0.0,-1.0
AMACR,1.1448526e-13,0.0,0.0
AMBN,2.7982614e-06,0.0,-1.0
AMBP,0.34784925,0.0,0.0
AMBRA1,0.12776911,0.0,-1.0
AMD1,0.045934997,0.0,0.0
AMDHD1,0.08198553,0.0,0.0
AMDHD2,0.006700625,0.0,0.0
AMELX,2.3332903e-05,0.0,-1.0
AMER1,0.4260782,0.0,1.0
AMER2,3.1982875e-10,0.0,0.0
AMER3,0.003917688,0.0,0.0
AMFR,0.19345349,0.0,-1.0
AMH,0.13965341,0.0,-1.0
AMHR2,0.28532982,0.0,-1.0
AMIGO1,0.00032453332,0.0,0.0
AMIGO2,6.465945e-05,0.0,0.0
AMIGO3,3.5860034e-05,0.0,0.0
AMMECR1,0.056075152,0.0,0.0
AMMECR1L,0.09287606,0.0,0.0
AMN,0.0004785823,0.0,-1.0
AMOT,0.4408445,0.0,-1.0
AMOTL1,0.45312905,0.0,-1.0
AMOTL2,0.4812975,0.0,0.0
AMPD1,0.18865134,0.0,0.0
AMPD2,0.22599463,0.0,0.0
AMPD3,0.21298443,0.0,0.0
AMPH,0.24016044,0.0,-1.0
AMT,0.03588532,0.0,-1.0
AMTN,3.9662152e-07,0.0,0.0
AMY1B,0.11509048,0.0,0.0
AMY2A,0.0030540454,0.0,0.0
AMY2B,1.4805878e-06,0.0,-1.0
AMZ2,0.20576972,0.0,0.0
ANAPC1,0.33514085,0.0,0.0
ANAPC10,0.16888276,0.0,0.0
ANAPC11,0.07392207,0.0,0.0
ANAPC13,0.05010994,0.0,0.0
ANAPC15,0.0579248,0.0,0.0
ANAPC16,0.09335784,0.0,0.0
ANAPC2,0.18640088,0.0,0.0
ANAPC4,0.18700854,0.0,0.0
ANAPC5,0.20236935,0.0,0.0
ANAPC7,0.41989097,0.0,0.0
ANG,0.006510938,0.0,-1.0
ANGEL1,5.3216736e-05,0.0,0.0
ANGEL2,0.11647981,0.0,0.0
ANGPT1,0.47698653,0.0,-1.0
ANGPT2,0.21505763,0.0,0.0
ANGPT4,8.531923e-06,0.0,0.0
ANGPTL1,6.50521e-06,0.0,0.0
ANGPTL3,1.7454422e-05,0.0,-1.0
ANGPTL4,0.2961433,0.0,0.0
ANGPTL6,0.013035849,0.0,0.0
ANGPTL7,4.6618125e-18,0.0,0.0
ANGPTL8,8.848163e-08,0.0,0.0
ANK1,0.10218257,0.0,1.0
ANK2,0.51777774,1.0,-1.0
ANK3,0.18761533,0.0,-1.0
ANKAR,0.00017387325,0.0,0.0
ANKDD1A,0.06338795,0.0,0.0
ANKEF1,0.07119448,0.0,0.0
ANKFY1,0.20587952,0.0,0.0
ANKH,0.01919564,0.0,-1.0
ANKHD1-EIF4EBP3,0.18781494,0.0,0.0
ANKIB1,0.0034975568,0.0,0.0
ANKLE2,0.05866028,0.0,-1.0
ANKMY2,0.13680783,0.0,0.0
ANKRA2,0.06079721,0.0,0.0
ANKRD1,0.1502478,0.0,-1.0
ANKRD10,0.001461718,0.0,0.0
ANKRD11,0.29987463,0.0,1.0
ANKRD12,0.5693569,1.0,-1.0
ANKRD13A,0.26121482,0.0,-1.0
ANKRD13B,0.21850862,0.0,0.0
ANKRD13C,0.002560854,0.0,0.0
ANKRD13D,0.030178992,0.0,0.0
ANKRD17,0.14453769,0.0,-1.0
ANKRD18A,0.31488073,0.0,-1.0
ANKRD2,0.014712272,0.0,0.0
ANKRD20A1,4.4642526e-14,0.0,0.0
ANKRD22,0.00058989605,0.0,0.0
ANKRD23,0.1267456,0.0,0.0
ANKRD24,0.1707918,0.0,-1.0
ANKRD26,0.14933296,0.0,-1.0
ANKRD27,0.16906719,0.0,0.0
ANKRD28,0.50545543,1.0,0.0
ANKRD29,0.16434236,0.0,0.0
ANKRD30A,7.2938013e-07,0.0,0.0
ANKRD34A,0.108450204,0.0,0.0
ANKRD35,0.0016342051,0.0,0.0
ANKRD36,0.18689509,0.0,-1.0
ANKRD36B,0.057122532,0.0,0.0
ANKRD37,7.6786695e-19,0.0,0.0
ANKRD39,0.013532181,0.0,0.0
ANKRD40,0.044045083,0.0,0.0
ANKRD42,0.090272695,0.0,0.0
ANKRD44,0.26275414,0.0,-1.0
ANKRD45,0.0023254857,0.0,0.0
ANKRD46,0.00079967844,0.0,0.0
ANKRD49,0.015216806,0.0,0.0
ANKRD50,0.07071111,0.0,-1.0
ANKRD52,0.24911974,0.0,0.0
ANKRD53,0.5830586,1.0,0.0
ANKRD54,0.03469477,0.0,0.0
ANKRD55,0.014427307,0.0,0.0
ANKRD6,0.12486662,0.0,0.0
ANKRD65,3.9061907e-14,0.0,0.0
ANKRD7,0.094003804,0.0,-1.0
ANKRD9,1.3669353e-10,0.0,0.0
ANKS1A,0.25297508,0.0,0.0
ANKS1B,0.4833528,0.0,0.0
ANKS3,0.027140403,0.0,0.0
ANKS4B,0.0020940558,0.0,0.0
ANKS6,0.11491853,0.0,0.0
ANKZF1,0.021067752,0.0,0.0
ANLN,0.15070151,0.0,-1.0
ANO1,0.07218073,0.0,0.0
ANO10,0.01527419,0.0,-1.0
ANO2,0.08215099,0.0,0.0
ANO3,0.23533031,0.0,0.0
ANO5,0.43425715,0.0,-1.0
ANO6,0.019681152,0.0,-1.0
ANO8,0.0014128555,0.0,0.0
ANO9,1.2450959e-13,0.0,0.0
ANOS1,0.14618154,0.0,-1.0
ANP32A,0.17240712,0.0,-1.0
ANP32B,0.21113993,0.0,-1.0
ANP32C,0.28239784,0.0,0.0
ANP32E,0.11075856,0.0,0.0
ANPEP,1.7577448e-05,0.0,-1.0
ANTKMT,0.032981265,0.0,0.0
ANTXR1,0.6218559,1.0,-1.0
ANTXR2,0.14410578,0.0,-1.0
ANXA1,0.6281995,1.0,-1.0
ANXA10,0.0034062462,0.0,0.0
ANXA11,0.1308195,0.0,0.0
ANXA13,0.07659456,0.0,0.0
ANXA2,0.5978039,1.0,-1.0
ANXA3,0.16706373,0.0,0.0
ANXA4,0.106882356,0.0,0.0
ANXA5,0.22613598,0.0,-1.0
ANXA6,0.44626468,0.0,0.0
ANXA7,0.7920011,1.0,0.0
ANXA8,0.0030053444,0.0,0.0
ANXA8L1,0.0014748155,0.0,-1.0
ANXA9,0.52625376,1.0,0.0
AOC1,3.7344414e-06,0.0,0.0
AOC3,0.018252065,0.0,0.0
AOPEP,0.1922382,0.0,0.0
AOX1,0.24200216,0.0,-1.0
AP1AR,0.019968508,0.0,0.0
AP1B1,0.2985238,0.0,-1.0
AP1G1,0.31914714,0.0,0.0
AP1G2,0.122807086,0.0,0.0
AP1M1,0.52194333,1.0,0.0
AP1M2,0.59496075,1.0,0.0
AP1S1,0.10215994,0.0,-1.0
AP1S2,0.02974121,0.0,-1.0
AP1S3,0.02046801,0.0,0.0
AP2A1,0.56876785,1.0,-1.0
AP2A2,0.6413726,1.0,0.0
AP2B1,0.5045645,1.0,0.0
AP2M1,0.71545863,1.0,0.0
AP2S1,0.26680088,0.0,0.0
AP3B1,0.17792542,0.0,-1.0
AP3B2,0.058217093,0.0,0.0
AP3D1,0.26773238,0.0,-1.0
AP3M1,0.17409328,0.0,0.0
AP3M2,0.023179384,0.0,-1.0
AP3S1,0.14834005,0.0,0.0
AP3S2,0.023850646,0.0,0.0
AP4B1,0.07149931,0.0,0.0
AP4E1,0.19627887,0.0,-1.0
AP4M1,0.13999766,0.0,-1.0
AP4S1,0.12807696,0.0,0.0
AP5B1,7.384608e-07,0.0,0.0
AP5M1,6.815216e-05,0.0,0.0
AP5S1,1.4918059e-09,0.0,0.0
AP5Z1,0.17988683,0.0,-1.0
APAF1,0.2871679,0.0,-1.0
APBA1,0.49580267,0.0,0.0
APBA2,0.029087923,0.0,0.0
APBA3,0.32120976,0.0,0.0
APBB1,0.44929758,0.0,0.0
APBB1IP,0.00017571257,0.0,0.0
APBB2,0.10151177,0.0,0.0
APBB3,0.13485394,0.0,0.0
APC,0.9520072,1.0,1.0
APCDD1,0.0018630658,0.0,-1.0
APCS,0.6083255,1.0,0.0
APEH,0.13558814,0.0,-1.0
APEX1,0.20847656,0.0,0.0
APEX2,0.06203037,0.0,0.0
APH1A,0.29672828,0.0,-1.0
APH1B,0.15416597,0.0,-1.0
API5,0.11447534,0.0,-1.0
APIP,0.3896558,0.0,0.0
APLF,0.008659961,0.0,0.0
APLN,0.5510533,1.0,0.0
APLNR,0.89117175,1.0,1.0
APLP1,0.0065362887,0.0,0.0
APLP2,0.46578345,0.0,0.0
APMAP,0.0827134,0.0,-1.0
APOA1,0.16942923,0.0,-1.0
APOA2,0.4780931,0.0,0.0
APOA5,0.0775078,0.0,-1.0
APOB,0.7380133,1.0,-1.0
APOBEC1,0.41757149,0.0,0.0
APOBEC2,0.4069876,0.0,-1.0
APOBEC3A,2.6317792e-09,0.0,0.0
APOBEC3B,0.081076145,0.0,1.0
APOBEC3C,0.04627887,0.0,0.0
APOBEC3D,4.5147382e-11,0.0,0.0
APOBEC3F,0.002532047,0.0,0.0
APOBEC3G,0.017102975,0.0,0.0
APOBEC3H,2.466026e-13,0.0,0.0
APOC1,0.13576634,0.0,0.0
APOC2,0.17807952,0.0,-1.0
APOC3,0.14601974,0.0,0.0
APOC4,9.670562e-08,0.0,0.0
APOD,0.33783108,0.0,0.0
APOE,0.55733496,1.0,-1.0
APOF,0.0025072407,0.0,0.0
APOH,0.35349712,0.0,0.0
APOL1,0.007514236,0.0,-1.0
APOL2,0.0220351,0.0,-1.0
APOL3,1.5986222e-07,0.0,0.0
APOL4,7.084168e-07,0.0,0.0
APOL5,0.117848486,0.0,0.0
APOL6,0.003060877,0.0,0.0
APOLD1,1.1302158e-06,0.0,0.0
APOM,0.0023355794,0.0,0.0
APOO,0.003050853,0.0,0.0
APOOL,0.003135161,0.0,0.0
APP,7.044222e-26,0.0,-1.0
APPBP2,9.3117205e-07,0.0,0.0
APPL1,0.60465,1.0,-1.0
APPL2,0.06194428,0.0,0.0
APRT,0.1776085,0.0,0.0
APTX,0.188735,0.0,-1.0
AQP1,0.017247103,0.0,0.0
AQP11,1.0602461e-06,0.0,0.0
AQP2,5.7705825e-23,0.0,-1.0
AQP3,0.071693525,0.0,0.0
AQP4,0.1533999,0.0,-1.0
AQP5,0.075499274,0.0,0.0
AQP7,0.0,0.0,-1.0
AQP9,0.003955167,0.0,0.0
AQR,0.057592507,0.0,0.0
AR,0.9932837,1.0,1.0
ARAF,0.4988785,0.0,1.0
ARAP1,0.4512974,0.0,0.0
ARAP2,2.7948428e-07,0.0,-1.0
ARAP3,0.01423674,0.0,0.0
ARC,0.125952,0.0,0.0
ARCN1,0.13015905,0.0,0.0
AREG,0.10867388,0.0,-1.0
AREL1,0.017252218,0.0,0.0
ARF1,0.21232493,0.0,-1.0
ARF3,0.1467784,0.0,0.0
ARF4,0.18715365,0.0,0.0
ARF5,0.040892314,0.0,0.0
ARF6,0.37862587,0.0,-1.0
ARFGAP1,0.07983025,0.0,0.0
ARFGAP2,0.08942414,0.0,0.0
ARFGAP3,0.18420732,0.0,0.0
ARFGEF1,0.3068968,0.0,0.0
ARFGEF2,0.21334852,0.0,-1.0
ARFGEF3,0.11839013,0.0,0.0
ARFIP1,0.09711562,0.0,0.0
ARFIP2,0.088944495,0.0,0.0
ARFRP1,0.0046480102,0.0,-1.0
ARG1,0.5345617,1.0,-1.0
ARG2,0.16516303,0.0,0.0
ARGLU1,0.12499314,0.0,0.0
ARHGAP1,0.097882956,0.0,0.0
ARHGAP10,0.14305298,0.0,0.0
ARHGAP11A,0.23628566,0.0,0.0
ARHGAP12,0.15428405,0.0,0.0
ARHGAP15,0.0961186,0.0,0.0
ARHGAP17,0.35005552,0.0,0.0
ARHGAP18,0.09701414,0.0,0.0
ARHGAP19,0.03949377,0.0,0.0
ARHGAP20,0.003833711,0.0,-1.0
ARHGAP21,0.46741456,0.0,-1.0
ARHGAP22,0.00421883,0.0,0.0
ARHGAP23,0.00024929075,0.0,0.0
ARHGAP24,0.038781695,0.0,-1.0
ARHGAP25,0.005225668,0.0,-1.0
ARHGAP26,0.1495192,0.0,1.0
ARHGAP27,0.0039161644,0.0,0.0
ARHGAP28,1.7239377e-11,0.0,-1.0
ARHGAP29,0.20113006,0.0,0.0
ARHGAP31,0.107102804,0.0,-1.0
ARHGAP32,0.6977937,1.0,-1.0
ARHGAP33,0.07462526,0.0,0.0
ARHGAP35,0.43478736,0.0,1.0
ARHGAP36,2.3189037e-12,0.0,0.0
ARHGAP39,0.28454876,0.0,0.0
ARHGAP4,0.29775998,0.0,-1.0
ARHGAP42,0.19294623,0.0,0.0
ARHGAP44,0.049736273,0.0,0.0
ARHGAP45,0.10870962,0.0,0.0
ARHGAP5,0.54189295,1.0,1.0
ARHGAP6,3.6940815e-08,0.0,0.0
ARHGAP8,0.28663918,0.0,-1.0
ARHGAP9,0.12366323,0.0,-1.0
ARHGDIA,0.2463493,0.0,0.0
ARHGDIB,0.20148669,0.0,0.0
ARHGDIG,0.12916167,0.0,0.0
ARHGEF1,0.63876843,1.0,-1.0
ARHGEF10,0.08279019,0.0,1.0
ARHGEF10L,0.79249376,1.0,1.0
ARHGEF11,0.2854278,0.0,-1.0
ARHGEF12,0.20173709,0.0,1.0
ARHGEF15,0.09010932,0.0,0.0
ARHGEF16,0.02394339,0.0,0.0
ARHGEF17,0.23460056,0.0,0.0
ARHGEF18,0.28253764,0.0,-1.0
ARHGEF19,0.058408685,0.0,0.0
ARHGEF2,0.51868623,1.0,-1.0
ARHGEF25,0.060299594,0.0,-1.0
ARHGEF26,0.025831873,0.0,0.0
ARHGEF28,0.13497145,0.0,1.0
ARHGEF3,0.0376786,0.0,-1.0
ARHGEF33,0.005946346,0.0,0.0
ARHGEF37,6.6618135e-17,0.0,0.0
ARHGEF39,0.0025970775,0.0,0.0
ARHGEF4,0.14134774,0.0,-1.0
ARHGEF40,0.04039997,0.0,0.0
ARHGEF5,0.042791072,0.0,0.0
ARHGEF6,0.3928023,0.0,-1.0
ARHGEF7,0.4732635,0.0,0.0
ARHGEF9,0.10094891,0.0,0.0
ARID1A,0.8277131,1.0,1.0
ARID1B,0.52938116,1.0,1.0
ARID2,0.41436985,0.0,1.0
ARID3A,0.52508193,1.0,1.0
ARID3B,0.85273516,1.0,1.0
ARID4A,0.46484396,0.0,1.0
ARID4B,0.5548024,1.0,1.0
ARID5A,0.049682,0.0,-1.0
ARID5B,0.385507,0.0,1.0
ARIH1,0.11819959,0.0,-1.0
ARIH2,0.22526397,0.0,0.0
ARL1,0.11744947,0.0,0.0
ARL10,0.018670699,0.0,0.0
ARL11,8.165018e-08,0.0,-1.0
ARL13B,0.08725153,0.0,0.0
ARL14,0.004427188,0.0,0.0
ARL14EP,0.112492315,0.0,0.0
ARL15,0.07519691,0.0,0.0
ARL16,0.03557418,0.0,0.0
ARL2,0.043101966,0.0,0.0
ARL2BP,0.022979222,0.0,0.0
ARL3,0.0023326525,0.0,0.0
ARL4A,0.020503495,0.0,0.0
ARL4C,0.008581249,0.0,0.0
ARL4D,0.03784165,0.0,0.0
ARL5A,0.036153674,0.0,0.0
ARL5B,0.047333255,0.0,0.0
ARL6,0.009924646,0.0,-1.0
ARL6IP1,0.055105314,0.0,0.0
ARL6IP4,0.16792367,0.0,0.0
ARL6IP5,0.021313177,0.0,0.0
ARL6IP6,0.02239096,0.0,0.0
ARL8A,0.018014228,0.0,0.0
ARL8B,0.30343428,0.0,0.0
ARMC1,0.04756363,0.0,0.0
ARMC10,9.634199e-07,0.0,0.0
ARMC2,0.5289283,1.0,0.0
ARMC5,0.0034986706,0.0,0.0
ARMC6,0.12903172,0.0,0.0
ARMC7,0.022483703,0.0,0.0
ARMC8,0.5315208,1.0,0.0
ARMC9,0.02630997,0.0,0.0
ARMCX1,0.050824095,0.0,-1.0
ARMCX2,0.069522694,0.0,-1.0
ARMCX3,0.100674644,0.0,-1.0
ARMCX5,0.0068975673,0.0,0.0
ARMH3,2.346364e-08,0.0,-1.0
ARMT1,0.092190966,0.0,0.0
ARNT,0.7803665,1.0,1.0
ARNT2,0.18188237,0.0,-1.0
ARNTL,0.4054149,0.0,-1.0
ARNTL2,0.066853456,0.0,0.0
ARPC1A,0.30857965,0.0,0.0
ARPC1B,0.28477147,0.0,-1.0
ARPC2,0.4579308,0.0,0.0
ARPC3,0.49108797,0.0,0.0
ARPC4,0.25575608,0.0,0.0
ARPC4-TTLL3,0.01683926,0.0,0.0
ARPC5,0.39941043,0.0,0.0
ARPC5L,0.37956727,0.0,0.0
ARPIN,0.08448571,0.0,0.0
ARPP19,0.012696119,0.0,0.0
ARPP21,1.68225e-06,0.0,0.0
ARR3,0.00018228944,0.0,0.0
ARRB1,0.70806897,1.0,0.0
ARRB2,0.66729915,1.0,0.0
ARRDC1,0.2342268,0.0,0.0
ARRDC2,0.024779912,0.0,0.0
ARRDC3,0.35281402,0.0,0.0
ARRDC4,0.052331455,0.0,0.0
ARRDC5,1.5987908e-08,0.0,-1.0
ARSA,0.044725854,0.0,-1.0
ARSB,0.20448703,0.0,-1.0
ARSF,1.2455575e-08,0.0,0.0
ARSG,0.016814277,0.0,0.0
ARSI,5.0058827e-17,0.0,0.0
ARSJ,0.099437006,0.0,0.0
ARSK,0.16730843,0.0,0.0
ARSL,0.004229846,0.0,-1.0
ART1,1.5444977e-10,0.0,0.0
ART3,0.14350602,0.0,0.0
ART4,0.0013296417,0.0,0.0
ARTN,1.3111245e-38,0.0,0.0
ARV1,0.038247954,0.0,0.0
ARVCF,0.025620842,0.0,0.0
ARX,0.09260719,0.0,-1.0
AS3MT,4.6396022e-07,0.0,0.0
ASAH1,0.4365528,0.0,-1.0
ASAP1,0.72645,1.0,-1.0
ASAP2,0.43199062,0.0,-1.0
ASAP3,0.46807802,0.0,0.0
ASB1,0.17167456,0.0,0.0
ASB10,0.09220035,0.0,0.0
ASB11,0.030252753,0.0,0.0
ASB12,0.14072387,0.0,0.0
ASB13,0.08863665,0.0,0.0
ASB14,0.04999577,0.0,0.0
ASB15,0.036102522,0.0,-1.0
ASB16,0.15684506,0.0,0.0
ASB17,0.040551398,0.0,0.0
ASB18,0.060702685,0.0,0.0
ASB2,0.21951416,0.0,0.0
ASB4,0.12888105,0.0,0.0
ASB5,0.15744919,0.0,0.0
ASB6,0.17373496,0.0,0.0
ASB7,0.24183701,0.0,0.0
ASB8,0.07596727,0.0,0.0
ASB9,0.15151511,0.0,-1.0
ASCC1,0.25461996,0.0,-1.0
ASCC2,0.22412726,0.0,-1.0
ASCC3,0.1980153,0.0,-1.0
ASCL1,0.011299399,0.0,-1.0
ASCL2,0.0368351,0.0,0.0
ASCL3,0.0136557305,0.0,0.0
ASCL4,0.089392304,0.0,0.0
ASF1A,0.2736853,0.0,0.0
ASF1B,0.2619059,0.0,0.0
ASGR1,0.05933475,0.0,0.0
ASGR2,4.068639e-05,0.0,0.0
ASH1L,0.17176867,0.0,-1.0
ASH2L,0.80471027,1.0,-1.0
ASIC1,0.0069853673,0.0,0.0
ASIC2,3.9405328e-05,0.0,0.0
ASIC3,0.0017286713,0.0,0.0
ASIC4,6.136804e-07,0.0,0.0
ASIP,8.102049e-08,0.0,0.0
ASL,0.027995309,0.0,-1.0
ASMTL,0.062091246,0.0,-1.0
ASNS,0.12714577,0.0,-1.0
ASNSD1,1.614924e-08,0.0,0.0
ASPA,4.183445e-19,0.0,-1.0
ASPDH,0.05075779,0.0,0.0
ASPG,0.0043670363,0.0,0.0
ASPH,0.057354692,0.0,0.0
ASPHD2,0.044452593,0.0,0.0
ASPM,0.31271872,0.0,-1.0
ASPRV1,0.20610747,0.0,0.0
ASPSCR1,0.040697273,0.0,1.0
ASRGL1,0.024865115,0.0,0.0
ASS1,0.25239068,0.0,-1.0
ASTE1,0.08545594,0.0,0.0
ASTL,0.006636292,0.0,0.0
ASTN2,0.02119951,0.0,-1.0
ASXL1,0.4988617,0.0,1.0
ASXL2,0.30772498,0.0,1.0
ASXL3,0.0018202576,0.0,-1.0
ASZ1,0.0011997576,0.0,-1.0
ATAD1,0.044272467,0.0,0.0
ATAD2,0.2138975,0.0,-1.0
ATAD2B,0.0011410754,0.0,0.0
ATAD3A,0.25390482,0.0,0.0
ATAD3B,0.22412294,0.0,-1.0
ATAD3C,0.12114453,0.0,0.0
ATAD5,0.082144156,0.0,0.0
ATAT1,2.9194604e-07,0.0,0.0
ATCAY,0.012457378,0.0,-1.0
ATE1,0.043852504,0.0,0.0
ATF1,0.79852027,1.0,1.0
ATF2,0.4880791,0.0,-1.0
ATF3,0.50896597,1.0,-1.0
ATF4,0.7513666,1.0,-1.0
ATF5,0.2099449,0.0,-1.0
ATF6,0.16737165,0.0,0.0
ATF6B,0.089893095,0.0,0.0
ATF7,0.25966576,0.0,0.0
ATF7IP,0.14330162,0.0,-1.0
ATF7IP2,0.014035707,0.0,0.0
ATG10,0.01812928,0.0,-1.0
ATG101,0.17201497,0.0,0.0
ATG12,0.15798743,0.0,-1.0
ATG13,0.17998317,0.0,-1.0
ATG14,0.061943278,0.0,-1.0
ATG16L1,0.30794162,0.0,-1.0
ATG16L2,0.03025325,0.0,0.0
ATG2A,0.23031168,0.0,-1.0
ATG2B,0.15677157,0.0,-1.0
ATG3,0.12292676,0.0,-1.0
ATG4A,0.10477961,0.0,0.0
ATG4B,0.15382737,0.0,-1.0
ATG4C,0.012115865,0.0,0.0
ATG4D,0.10466307,0.0,0.0
ATG5,0.41316232,0.0,-1.0
ATG7,0.16558498,0.0,-1.0
ATG9A,0.44345975,0.0,0.0
ATG9B,0.0002736562,0.0,0.0
ATIC,0.21406996,0.0,1.0
ATL1,0.010900086,0.0,-1.0
ATL2,0.015619782,0.0,0.0
ATL3,0.07495584,0.0,0.0
ATM,0.9207079,1.0,1.0
ATMIN,0.18749417,0.0,-1.0
ATN1,0.70033264,1.0,-1.0
ATOH1,0.017806489,0.0,0.0
ATOH7,1.3544119e-08,0.0,-1.0
ATOH8,1.842145e-09,0.0,0.0
ATOX1,0.0025877713,0.0,0.0
ATP10A,1.8197787e-11,0.0,-1.0
ATP11A,0.01794409,0.0,0.0
ATP11B,0.15295404,0.0,0.0
ATP11C,0.08072153,0.0,0.0
ATP12A,0.014304674,0.0,0.0
ATP13A1,0.006167332,0.0,0.0
ATP13A2,0.00022637156,0.0,-1.0
ATP13A3,0.35738268,0.0,0.0
ATP13A4,6.6200755e-07,0.0,-1.0
ATP1A1,0.13599348,0.0,1.0
ATP1A2,0.10651771,0.0,-1.0
ATP1A3,0.10662376,0.0,-1.0
ATP1A4,0.017681371,0.0,0.0
ATP1B1,0.43568966,0.0,0.0
ATP1B2,0.028569015,0.0,0.0
ATP1B3,0.1420035,0.0,0.0
ATP1B4,0.0111294575,0.0,0.0
ATP23,0.007902445,0.0,0.0
ATP2A1,0.13766488,0.0,0.0
ATP2A2,0.18924938,0.0,-1.0
ATP2A3,0.30880514,0.0,0.0
ATP2B1,0.1399792,0.0,0.0
ATP2B2,0.060122263,0.0,0.0
ATP2B3,0.36695814,0.0,1.0
ATP2B4,0.40706486,0.0,-1.0
ATP2C1,0.049933165,0.0,-1.0
ATP2C2,1.0536918e-14,0.0,-1.0
ATP4A,0.0043309266,0.0,-1.0
ATP4B,0.032544103,0.0,0.0
ATP5F1A,0.4215127,0.0,0.0
ATP5F1B,0.36407796,0.0,-1.0
ATP5F1C,0.20807032,0.0,0.0
ATP5F1D,0.0411922,0.0,0.0
ATP5F1E,0.010847973,0.0,0.0
ATP5F1EP2,0.06803903,0.0,0.0
ATP5IF1,0.09108812,0.0,0.0
ATP5MC1,0.0030236437,0.0,0.0
ATP5MC2,0.009053498,0.0,0.0
ATP5MC3,0.006442079,0.0,0.0
ATP5ME,0.047370296,0.0,0.0
ATP5MF,0.16213757,0.0,0.0
ATP5MF-PTCD1,0.027825644,0.0,0.0
ATP5MG,0.10347341,0.0,0.0
ATP5MJ,7.03841e-05,0.0,-1.0
ATP5MK,0.1406064,0.0,0.0
ATP5PB,0.10758061,0.0,0.0
ATP5PD,0.056543685,0.0,-1.0
ATP5PF,0.038363397,0.0,0.0
ATP5PO,0.11949821,0.0,0.0
ATP6AP1,0.030396909,0.0,-1.0
ATP6AP2,0.032353066,0.0,-1.0
ATP6V0A1,0.030003626,0.0,0.0
ATP6V0A2,0.011586277,0.0,-1.0
ATP6V0A4,0.3540161,0.0,-1.0
ATP6V0B,0.015567549,0.0,-1.0
ATP6V0C,0.0043729492,0.0,0.0
ATP6V0D1,0.22765073,0.0,0.0
ATP6V0D2,0.0051080533,0.0,0.0
ATP6V0E1,0.0018215586,0.0,-1.0
ATP6V0E2,0.0020641459,0.0,0.0
ATP6V1A,0.16106743,0.0,0.0
ATP6V1B1,0.1382273,0.0,-1.0
ATP6V1B2,0.2687266,0.0,1.0
ATP6V1C1,0.11452946,0.0,0.0
ATP6V1C2,0.0049593947,0.0,0.0
ATP6V1D,0.09440103,0.0,0.0
ATP6V1E1,0.10033154,0.0,0.0
ATP6V1E2,5.2180363e-05,0.0,0.0
ATP6V1F,0.017156001,0.0,0.0
ATP6V1G1,0.046109293,0.0,0.0
ATP6V1G2,0.006159463,0.0,-1.0
ATP6V1H,0.06332448,0.0,0.0
ATP7A,0.099728845,0.0,-1.0
ATP7B,0.023666719,0.0,-1.0
ATP8A1,7.748194e-09,0.0,0.0
ATP8A2,0.0034035535,0.0,0.0
ATP8B1,0.009287333,0.0,-1.0
ATP8B2,0.009758506,0.0,-1.0
ATP8B4,0.00201175,0.0,0.0
ATP9A,0.16660897,0.0,0.0
ATPAF1,0.09588258,0.0,0.0
ATPAF2,0.08902005,0.0,0.0
ATR,0.8818218,1.0,1.0
ATRAID,0.0063697007,0.0,0.0
ATRIP,0.04651753,0.0,0.0
ATRN,0.019650828,0.0,0.0
ATRNL1,4.2168007e-09,0.0,0.0
ATRX,0.41728008,0.0,1.0
ATXN1,0.00021883947,0.0,-1.0
ATXN10,0.267778,0.0,-1.0
ATXN1L,0.23165461,0.0,0.0
ATXN2,0.18439262,0.0,1.0
ATXN2L,0.2677214,0.0,0.0
ATXN3,0.34470916,0.0,-1.0
ATXN3L,0.07149836,0.0,-1.0
ATXN7,0.7169018,1.0,1.0
ATXN7L1,0.007169038,0.0,0.0
ATXN7L2,0.039537143,0.0,0.0
ATXN7L3,0.08886555,0.0,0.0
ATXN7L3B,0.037647,0.0,0.0
AUH,0.0009504977,0.0,-1.0
AUNIP,0.005450539,0.0,0.0
AUP1,0.05039751,0.0,0.0
AURKA,0.9135876,1.0,1.0
AURKAIP1,0.05190046,0.0,0.0
AURKB,0.27598342,0.0,1.0
AURKC,0.12908259,0.0,0.0
AUTS2,0.1734784,0.0,-1.0
AVEN,0.049138077,0.0,-1.0
AVIL,1.23357395e-05,0.0,0.0
AVL9,0.26701215,0.0,-1.0
AVP,0.46801057,0.0,-1.0
AVPI1,0.00081378414,0.0,-1.0
AVPR1A,0.16063496,0.0,0.0
AVPR1B,0.0075630588,0.0,0.0
AVPR2,0.15557173,0.0,-1.0
AXIN1,0.83308876,1.0,1.0
AXIN2,0.11090973,0.0,1.0
AXL,0.8208556,1.0,1.0
AZGP1,0.3683384,0.0,-1.0
AZI2,0.28186467,0.0,-1.0
AZIN1,0.00244326,0.0,-1.0
AZIN2,4.761777e-12,0.0,0.0
AZU1,0.35566708,0.0,0.0
B2M,0.6043442,1.0,1.0
B3GALNT1,0.0047089756,0.0,0.0
B3GALNT2,0.1704702,0.0,0.0
B3GALT1,3.4364803e-22,0.0,0.0
B3GALT2,0.11512405,0.0,0.0
B3GALT4,0.0037596568,0.0,0.0
B3GALT6,8.8770306e-05,0.0,-1.0
B3GAT1,5.5255708e-08,0.0,0.0
B3GAT3,0.09098087,0.0,0.0
B3GLCT,0.12884381,0.0,-1.0
B3GNT2,0.017967941,0.0,-1.0
B3GNT3,0.008493785,0.0,0.0
B3GNT4,0.0045460276,0.0,0.0
B3GNT5,0.0284936,0.0,0.0
B3GNT8,5.3201543e-06,0.0,0.0
B3GNT9,0.11185322,0.0,0.0
B3GNTL1,3.4658758e-12,0.0,0.0
B4GALNT1,0.00027681427,0.0,0.0
B4GALNT3,8.819307e-06,0.0,0.0
B4GALNT4,2.2072531e-21,0.0,0.0
B4GALT1,2.3941109e-06,0.0,-1.0
B4GALT2,1.7675598e-05,0.0,0.0
B4GALT3,0.034814667,0.0,-1.0
B4GALT4,0.011635122,0.0,0.0
B4GALT5,0.014297596,0.0,-1.0
B4GALT7,0.18249804,0.0,-1.0
B4GAT1,0.00072972476,0.0,0.0
B9D1,0.09340049,0.0,0.0
B9D2,0.103497736,0.0,0.0
BAALC,0.00019585241,0.0,-1.0
BAAT,0.12756057,0.0,0.0
BABAM1,0.124074906,0.0,-1.0
BACE1,0.20618175,0.0,0.0
BACE2,0.044055406,0.0,0.0
BACH1,0.5302237,1.0,-1.0
BACH2,0.5647433,1.0,1.0
BAD,0.46348873,0.0,-1.0
BAG1,0.43136188,0.0,-1.0
BAG2,0.6086688,1.0,0.0
BAG3,2.2229836e-09,0.0,-1.0
BAG4,0.86905485,1.0,-1.0
BAG5,0.34482083,0.0,0.0
BAG6,0.7911417,1.0,0.0
BAGE4,1.7267485e-05,0.0,0.0
BAHCC1,0.2471696,0.0,0.0
BAHD1,0.02536188,0.0,0.0
BAIAP2,0.6033646,1.0,0.0
BAIAP2L1,0.27458155,0.0,0.0
BAIAP3,0.010514719,0.0,-1.0
BAK1,0.2691591,0.0,-1.0
BAMBI,0.17237458,0.0,0.0
BANF1,0.24857806,0.0,0.0
BANF2,0.13392186,0.0,-1.0
BANK1,0.29086006,0.0,-1.0
BANP,0.11686523,0.0,0.0
BAP1,0.6158422,1.0,1.0
BARD1,0.62852746,1.0,1.0
BARHL1,0.0031480242,0.0,0.0
BARHL2,2.4378517e-07,0.0,0.0
BARX1,0.49744347,0.0,0.0
BARX2,0.0048638685,0.0,0.0
BASP1,0.43477148,0.0,0.0
BATF,0.23921904,0.0,-1.0
BATF2,0.12972432,0.0,-1.0
BATF3,0.6755976,1.0,-1.0
BAX,0.76096284,1.0,1.0
BAZ1A,0.7208229,1.0,1.0
BAZ1B,0.2732689,0.0,0.0
BAZ2A,0.68123627,1.0,-1.0
BAZ2B,0.23394138,0.0,-1.0
BBC3,0.12935632,0.0,1.0
BBIP1,0.0074435524,0.0,0.0
BBLN,0.00016590506,0.0,0.0
BBOF1,1.3060263e-06,0.0,0.0
BBOX1,0.034849163,0.0,0.0
BBS1,0.007223101,0.0,-1.0
BBS10,0.18322021,0.0,-1.0
BBS12,0.045608,0.0,-1.0
BBS2,0.01163665,0.0,-1.0
BBS4,0.06300793,0.0,-1.0
BBS5,0.010532986,0.0,-1.0
BBS7,0.058547575,0.0,-1.0
BBS9,0.06010757,0.0,-1.0
BBX,0.38298884,0.0,-1.0
BCAM,0.076177746,0.0,0.0
BCAN,0.0009989658,0.0,0.0
BCAP29,0.0027487604,0.0,0.0
BCAP31,0.05470911,0.0,0.0
BCAR1,0.94092214,1.0,-1.0
BCAR3,0.9062515,1.0,0.0
BCAS1,0.021562614,0.0,0.0
BCAS2,0.13074318,0.0,0.0
BCAS3,0.335312,0.0,-1.0
BCAS4,0.3405668,0.0,-1.0
BCAT1,0.1263726,0.0,0.0
BCAT2,0.011652692,0.0,0.0
BCCIP,0.09462924,0.0,0.0
BCDIN3D,0.00073990785,0.0,0.0
BCHE,0.00085410994,0.0,0.0
BCKDHA,0.03412921,0.0,-1.0
BCKDHB,0.07127672,0.0,-1.0
BCKDK,0.32326022,0.0,0.0
BCL10,0.77372736,1.0,1.0
BCL11A,0.48018873,0.0,1.0
BCL11B,0.43898708,0.0,1.0
BCL2,0.926576,1.0,1.0
BCL2A1,0.24584614,0.0,-1.0
BCL2L1,0.88992995,1.0,-1.0
BCL2L10,0.31653214,0.0,-1.0
BCL2L11,0.27008823,0.0,1.0
BCL2L12,0.15365693,0.0,1.0
BCL2L13,1.1188197e-07,0.0,0.0
BCL2L14,0.0078041567,0.0,-1.0
BCL2L15,0.0530714,0.0,-1.0
BCL2L2,0.04505273,0.0,-1.0
BCL3,0.58336973,1.0,1.0
BCL6,0.21165542,0.0,1.0
BCL6B,0.01967411,0.0,0.0
BCL7A,0.07095235,0.0,1.0
BCL7B,0.319846,0.0,-1.0
BCL7C,0.3153733,0.0,0.0
BCL9,0.55960256,1.0,1.0
BCL9L,0.3139332,0.0,1.0
BCLAF1,0.45317113,0.0,1.0
BCLAF3,0.055074234,0.0,0.0
BCO1,0.00027752513,0.0,-1.0
BCOR,0.62037945,1.0,1.0
BCORL1,0.1280423,0.0,1.0
BCR,0.72558075,1.0,1.0
BCS1L,0.061413705,0.0,0.0
BDH1,0.18199751,0.0,0.0
BDH2,0.0065871193,0.0,0.0
BDKRB1,0.07215775,0.0,-1.0
BDKRB2,0.30253813,0.0,-1.0
BDNF,0.5548353,1.0,-1.0
BDP1,0.24411447,0.0,0.0
BEAN1,2.1170394e-12,0.0,-1.0
BECN1,0.6695783,1.0,-1.0
BECN2,0.011030036,0.0,0.0
BEGAIN,0.40539625,0.0,0.0
BEND2,0.028982047,0.0,0.0
BEND3,0.6316964,1.0,0.0
BEND4,0.06743679,0.0,0.0
BEND5,0.1067073,0.0,0.0
BEND7,0.42351326,0.0,0.0
BEST1,0.00012783705,0.0,-1.0
BET1,0.020435376,0.0,0.0
BET1L,0.05949992,0.0,0.0
BEX1,0.06485899,0.0,-1.0
BEX2,0.01265915,0.0,-1.0
BEX3,0.25632247,0.0,-1.0
BEX4,0.1451776,0.0,0.0
BEX5,0.05090943,0.0,0.0
BFAR,0.13585389,0.0,0.0
BFSP1,0.012624111,0.0,0.0
BFSP2,0.057265673,0.0,-1.0
BGLAP,0.0002516941,0.0,0.0
BGN,0.5460627,1.0,-1.0
BHLHA15,0.46699375,0.0,0.0
BHLHB9,0.07033787,0.0,0.0
BHLHE22,1.3381271e-08,0.0,0.0
BHLHE40,0.2897469,0.0,0.0
BHLHE41,0.38025156,0.0,-1.0
BHMT,2.3075307e-05,0.0,0.0
BHMT2,9.507057e-07,0.0,-1.0
BICC1,0.03693237,0.0,0.0
BICD1,0.19100547,0.0,0.0
BICD2,0.37133583,0.0,0.0
BICDL1,3.945307e-10,0.0,0.0
BICDL2,0.0014213211,0.0,0.0
BID,0.5705783,1.0,-1.0
BIK,0.00046702786,0.0,0.0
BIN1,0.66799337,1.0,-1.0
BIN2,0.0071671414,0.0,0.0
BIN3,0.020427467,0.0,0.0
BIRC2,0.72577655,1.0,-1.0
BIRC3,0.8161848,1.0,1.0
BIRC5,0.32387555,0.0,-1.0
BIRC6,0.44655743,0.0,1.0
BIRC7,0.14778784,0.0,-1.0
BIRC8,0.043443214,0.0,-1.0
BIVM,0.002146234,0.0,0.0
BLCAP,0.00014937892,0.0,-1.0
BLID,0.5301934,1.0,0.0
BLK,0.5352102,1.0,-1.0
BLM,0.61131394,1.0,1.0
BLMH,0.43101308,0.0,0.0
BLNK,0.6899414,1.0,-1.0
BLOC1S1,0.05244999,0.0,0.0
BLOC1S2,0.0034493331,0.0,0.0
BLOC1S3,0.016571926,0.0,-1.0
BLOC1S4,0.020525593,0.0,0.0
BLOC1S5,0.07239484,0.0,0.0
BLOC1S6,0.020154819,0.0,-1.0
BLVRA,0.12123363,0.0,-1.0
BLVRB,0.0213615,0.0,0.0
BLZF1,0.35142997,0.0,0.0
BMERB1,0.0032020481,0.0,0.0
BMF,0.07044304,0.0,-1.0
BMI1,0.06253346,0.0,-1.0
BMP1,0.5765786,1.0,0.0
BMP10,0.46062636,0.0,0.0
BMP15,0.45559388,0.0,-1.0
BMP2,0.12791377,0.0,-1.0
BMP2K,0.54332393,1.0,-1.0
BMP3,0.48217744,0.0,0.0
BMP4,0.34040934,0.0,-1.0
BMP5,0.4747592,0.0,1.0
BMP6,0.3968857,0.0,0.0
BMP7,0.53324157,1.0,-1.0
BMP8B,0.5162637,1.0,0.0
BMPER,0.0002791867,0.0,0.0
BMPR1A,0.93789524,1.0,1.0
BMPR1B,0.8657214,1.0,0.0
BMPR2,0.002124583,0.0,-1.0
BMS1,0.060559835,0.0,0.0
BMX,0.6134074,1.0,0.0
BNC1,0.0015239888,0.0,0.0
BNC2,0.33129174,0.0,-1.0
BNIP1,0.011010648,0.0,0.0
BNIP2,0.0076018036,0.0,0.0
BNIP3,0.0007061313,0.0,-1.0
BNIP3L,0.098340906,0.0,-1.0
BNIPL,0.23281054,0.0,0.0
BOC,0.084080026,0.0,-1.0
BOD1,0.0017557298,0.0,-1.0
BOD1L1,0.16758732,0.0,0.0
BOD1L2,0.00018762024,0.0,0.0
BOK,0.008119323,0.0,-1.0
BOLA1,0.026473373,0.0,0.0
BOLA2,0.16845979,0.0,0.0
BOLA3,0.0032819798,0.0,0.0
BOLL,0.0028696682,0.0,0.0
BOP1,0.17652573,0.0,-1.0
BORA,0.43924198,0.0,-1.0
BORCS5,0.01099991,0.0,0.0
BORCS6,0.0130058285,0.0,0.0
BORCS7,0.00016087774,0.0,0.0
BORCS8,3.9262846e-10,0.0,0.0
BORCS8-MEF2B,0.08985023,0.0,-1.0
BPGM,0.018744212,0.0,0.0
BPHL,0.00083649956,0.0,0.0
BPI,2.5210205e-22,0.0,0.0
BPIFA1,0.011565359,0.0,0.0
BPIFA2,1.4336935e-08,0.0,0.0
BPIFB1,9.324704e-09,0.0,-1.0
BPIFB3,8.303174e-08,0.0,0.0
BPNT1,0.061327178,0.0,0.0
BPNT2,0.014617216,0.0,0.0
BPTF,0.3810289,0.0,-1.0
BPY2,0.0012364055,0.0,0.0
BRAF,0.7744054,1.0,1.0
BRAP,0.03460907,0.0,0.0
BRAT1,0.13747253,0.0,-1.0
BRCA1,0.87702394,1.0,1.0
BRCA2,0.56891924,1.0,1.0
BRCC3,0.08161596,0.0,-1.0
BRD1,0.09715864,0.0,0.0
BRD2,0.16606112,0.0,-1.0
BRD3,0.21339549,0.0,1.0
BRD4,0.2313823,0.0,1.0
BRD7,0.50643104,1.0,-1.0
BRD8,0.3172815,0.0,-1.0
BRD9,0.09759181,0.0,0.0
BRDT,0.010429115,0.0,-1.0
BRF1,0.14214146,0.0,0.0
BRF2,0.1270365,0.0,0.0
BRI3,0.002065315,0.0,0.0
BRI3BP,0.007146662,0.0,0.0
BRICD5,0.0021243365,0.0,0.0
BRINP1,0.2332295,0.0,0.0
BRINP2,1.12981965e-07,0.0,0.0
BRINP3,0.0006781317,0.0,-1.0
BRIP1,0.25164935,0.0,1.0
BRIX1,0.11602245,0.0,-1.0
BRK1,0.7366809,1.0,0.0
BRME1,0.027310835,0.0,0.0
BRMS1,0.7439072,1.0,-1.0
BRMS1L,0.50645983,1.0,0.0
BROX,0.008660697,0.0,0.0
BRPF1,0.21085091,0.0,-1.0
BRPF3,0.18967323,0.0,-1.0
BRSK1,0.009684465,0.0,-1.0
BRSK2,0.08121276,0.0,0.0
BRWD1,0.12858544,0.0,0.0
BRWD3,0.11843448,0.0,-1.0
BSCL2,0.0013328939,0.0,-1.0
BSDC1,0.0357961,0.0,0.0
BSG,0.4415186,0.0,0.0
BSN,0.15625311,0.0,-1.0
BSND,2.616884e-12,0.0,-1.0
BSPRY,0.045908887,0.0,-1.0
BST1,0.039130554,0.0,0.0
BST2,0.15495591,0.0,0.0
BTAF1,0.80204266,1.0,0.0
BTBD1,0.08387038,0.0,0.0
BTBD10,0.06462212,0.0,0.0
BTBD11,0.0072077545,0.0,-1.0
BTBD16,0.00074624334,0.0,0.0
BTBD2,0.2948698,0.0,0.0
BTBD3,0.13814174,0.0,0.0
BTBD6,0.006890118,0.0,0.0
BTBD7,7.5487325e-05,0.0,0.0
BTBD8,0.051496692,0.0,0.0
BTBD9,0.081194684,0.0,-1.0
BTC,0.46741885,0.0,-1.0
BTD,0.3731171,0.0,-1.0
BTF3,0.14270851,0.0,0.0
BTF3L4,0.050159357,0.0,0.0
BTG1,0.26415414,0.0,1.0
BTG2,0.18467492,0.0,-1.0
BTG3,0.063037194,0.0,0.0
BTG4,0.0010560382,0.0,0.0
BTK,0.94380903,1.0,1.0
BTLA,0.12871191,0.0,-1.0
BTN1A1,0.13318628,0.0,0.0
BTN2A1,0.0018272932,0.0,0.0
BTN2A2,0.012087488,0.0,0.0
BTN3A1,0.00061680935,0.0,0.0
BTN3A2,6.870423e-06,0.0,-1.0
BTN3A3,3.129972e-05,0.0,0.0
BTNL8,0.005656933,0.0,0.0
BTRC,0.84145075,1.0,-1.0
BUB1,0.9200973,1.0,-1.0
BUB1B,0.35139996,0.0,1.0
BUB3,0.19218236,0.0,0.0
BUD13,0.088409044,0.0,-1.0
BUD31,0.059082046,0.0,0.0
BVES,0.0043535666,0.0,0.0
BYSL,0.26671177,0.0,-1.0
BZW1,0.14912656,0.0,0.0
BZW2,0.13872491,0.0,0.0
C10orf55,0.00015692294,0.0,0.0
C10orf62,0.005830241,0.0,0.0
C10orf82,6.0850036e-09,0.0,0.0
C10orf88,0.10913243,0.0,0.0
C10orf90,0.015132399,0.0,-1.0
C10orf95,4.1713792e-09,0.0,0.0
C11orf1,1.2170254e-06,0.0,0.0
C11orf16,0.0010896289,0.0,0.0
C11orf42,0.00019964442,0.0,0.0
C11orf49,0.063794,0.0,-1.0
C11orf52,0.0006262416,0.0,0.0
C11orf53,1.5177484e-07,0.0,0.0
C11orf54,0.01030905,0.0,0.0
C11orf58,0.22303931,0.0,0.0
C11orf65,0.008109568,0.0,0.0
C11orf68,0.025461901,0.0,0.0
C11orf71,0.0007899026,0.0,0.0
C11orf87,0.009423529,0.0,0.0
C11orf98,0.09133047,0.0,0.0
C12orf4,0.0047760652,0.0,0.0
C12orf40,0.00012905449,0.0,0.0
C12orf43,0.047376297,0.0,0.0
C12orf50,7.185452e-13,0.0,0.0
C12orf57,0.30931115,0.0,0.0
C12orf60,0.0007435037,0.0,0.0
C12orf75,0.0058342656,0.0,0.0
C12orf76,6.379257e-05,0.0,0.0
C14orf119,0.047589686,0.0,0.0
C14orf178,9.393249e-13,0.0,0.0
C14orf180,4.9488597e-07,0.0,0.0
C14orf39,0.046267923,0.0,0.0
C14orf93,0.0005755907,0.0,0.0
C15orf39,0.09190401,0.0,0.0
C15orf40,3.487228e-05,0.0,0.0
C15orf48,0.005627703,0.0,-1.0
C16orf72,0.11336146,0.0,0.0
C16orf74,5.819335e-05,0.0,0.0
C16orf78,0.000104048995,0.0,0.0
C16orf87,0.18204299,0.0,0.0
C16orf89,4.9706243e-05,0.0,0.0
C16orf96,1.3947474e-07,0.0,0.0
C17orf49,0.33134353,0.0,0.0
C17orf67,0.009656331,0.0,0.0
C17orf75,0.019031407,0.0,0.0
C17orf80,0.024749866,0.0,0.0
C17orf97,1.0530591e-06,0.0,0.0
C18orf21,0.18834037,0.0,0.0
C18orf25,0.12310561,0.0,0.0
C18orf32,0.013038071,0.0,0.0
C18orf54,0.00232791,0.0,0.0
C19orf12,9.983123e-06,0.0,0.0
C19orf18,6.5674213e-09,0.0,0.0
C19orf25,0.06033548,0.0,0.0
C19orf33,0.016901448,0.0,0.0
C19orf38,7.798913e-06,0.0,0.0
C19orf44,0.013652526,0.0,0.0
C19orf47,0.07770065,0.0,0.0
C19orf53,0.035040773,0.0,-1.0
C19orf54,0.0101746125,0.0,0.0
C19orf73,0.00057497714,0.0,0.0
C1D,0.080559015,0.0,0.0
C1GALT1,0.0011395187,0.0,0.0
C1GALT1C1,0.013957699,0.0,0.0
C1QA,0.008900836,0.0,0.0
C1QB,0.0076815067,0.0,0.0
C1QBP,0.29466876,0.0,0.0
C1QC,0.013139153,0.0,0.0
C1QL1,2.1237737e-08,0.0,0.0
C1QL3,5.124111e-11,0.0,0.0
C1QL4,0.0012905753,0.0,0.0
C1QTNF1,0.027172543,0.0,-1.0
C1QTNF2,0.0015752789,0.0,0.0
C1QTNF3,3.0912256e-07,0.0,0.0
C1QTNF4,0.09635568,0.0,0.0
C1QTNF5,5.1965555e-13,0.0,-1.0
C1QTNF6,0.08505897,0.0,0.0
C1QTNF7,8.360493e-20,0.0,0.0
C1QTNF8,1.4925599e-13,0.0,0.0
C1QTNF9,0.00993178,0.0,0.0
C1QTNF9B,0.099866435,0.0,0.0
C1R,0.0060399515,0.0,0.0
C1RL,0.041506387,0.0,0.0
C1S,0.017511034,0.0,0.0
C1orf105,0.0006794446,0.0,0.0
C1orf109,0.11638466,0.0,0.0
C1orf112,0.040625434,0.0,0.0
C1orf115,6.5674213e-09,0.0,0.0
C1orf116,0.2567767,0.0,0.0
C1orf122,0.004116258,0.0,0.0
C1orf131,0.08043955,0.0,0.0
C1orf159,2.8861461e-06,0.0,-1.0
C1orf174,0.024727456,0.0,0.0
C1orf198,0.1565574,0.0,0.0
C1orf21,6.584836e-06,0.0,0.0
C1orf216,0.030112578,0.0,0.0
C1orf226,0.122498155,0.0,0.0
C1orf35,0.1633961,0.0,0.0
C1orf43,0.0005080958,0.0,0.0
C1orf50,0.0042875726,0.0,0.0
C1orf52,0.30528075,0.0,0.0
C1orf56,0.0002141224,0.0,0.0
C1orf68,2.0042275e-12,0.0,0.0
C1orf74,9.381845e-07,0.0,0.0
C1orf87,8.335716e-09,0.0,0.0
C1orf94,0.12681234,0.0,0.0
C2,0.008161242,0.0,0.0
C20orf141,6.136804e-07,0.0,0.0
C20orf203,0.00020577127,0.0,0.0
C20orf27,0.12678498,0.0,0.0
C20orf85,9.779423e-16,0.0,0.0
C20orf96,0.0005149851,0.0,0.0
C21orf58,0.0025734236,0.0,0.0
C21orf91,0.049502105,0.0,0.0
C22orf15,0.007071244,0.0,0.0
C22orf23,1.556578e-07,0.0,0.0
C22orf31,0.00012842829,0.0,0.0
C22orf39,0.012983023,0.0,0.0
C22orf46,0.00030195576,0.0,0.0
C2CD2L,3.6062908e-09,0.0,0.0
C2CD3,0.124430835,0.0,-1.0
C2CD5,0.3286168,0.0,-1.0
C2orf27A,0.0149178235,0.0,0.0
C2orf42,0.0059527364,0.0,0.0
C2orf49,0.0022157086,0.0,0.0
C2orf50,0.0005212988,0.0,0.0
C2orf66,2.6860856e-11,0.0,0.0
C2orf68,0.06125887,0.0,0.0
C2orf69,0.27893433,0.0,0.0
C2orf73,0.0057363245,0.0,0.0
C2orf74,3.1109693e-07,0.0,0.0
C2orf88,0.13145307,0.0,0.0
C3,0.003699531,0.0,-1.0
C3AR1,0.0039233845,0.0,-1.0
C3orf14,0.06698708,0.0,0.0
C3orf20,0.0010229304,0.0,0.0
C3orf33,0.0022878402,0.0,0.0
C3orf36,6.5674213e-09,0.0,0.0
C3orf38,8.497003e-05,0.0,0.0
C3orf52,0.03096354,0.0,0.0
C3orf62,0.047304932,0.0,-1.0
C4A,0.0017752496,0.0,-1.0
C4BPA,0.39819917,0.0,0.0
C4BPB,0.11556146,0.0,0.0
C4B_2,0.033933427,0.0,-1.0
C4orf17,0.018743914,0.0,0.0
C4orf19,0.0899977,0.0,0.0
C4orf3,0.01632127,0.0,0.0
C4orf33,0.0060226144,0.0,0.0
C4orf45,0.015965143,0.0,0.0
C4orf46,0.0031538112,0.0,0.0
C4orf54,5.7113432e-08,0.0,0.0
C5,0.0044675423,0.0,0.0
C5AR1,0.10386126,0.0,0.0
C5AR2,0.008215236,0.0,0.0
C5orf15,1.4199578e-07,0.0,0.0
C5orf22,0.0040034023,0.0,0.0
C5orf24,0.3844358,0.0,0.0
C5orf34,1.9812289e-05,0.0,0.0
C5orf46,4.2469464e-17,0.0,0.0
C5orf49,5.721445e-07,0.0,0.0
C5orf60,0.000762128,0.0,0.0
C5orf64,3.0694596e-12,0.0,0.0
C6,0.03957219,0.0,0.0
C6orf118,7.14292e-15,0.0,-1.0
C6orf120,0.03539829,0.0,0.0
C6orf136,0.05873215,0.0,-1.0
C6orf141,0.0002622651,0.0,0.0
C6orf15,1.0951922e-05,0.0,-1.0
C6orf201,1.0666835e-07,0.0,0.0
C6orf226,0.0023714553,0.0,0.0
C6orf47,0.41786385,0.0,0.0
C6orf58,0.018919446,0.0,0.0
C6orf62,2.1748798e-05,0.0,-1.0
C6orf89,1.4156634e-09,0.0,0.0
C7,0.009277756,0.0,-1.0
C7orf25,0.120547585,0.0,0.0
C7orf26,0.07271921,0.0,0.0
C7orf31,0.0015550829,0.0,-1.0
C7orf50,0.09493436,0.0,0.0
C8A,0.004755509,0.0,0.0
C8B,0.0060961577,0.0,0.0
C8G,0.0052256705,0.0,0.0
C8orf33,0.20955727,0.0,0.0
C8orf34,0.075658925,0.0,0.0
C8orf48,0.0060510803,0.0,0.0
C8orf74,0.00026208186,0.0,0.0
C8orf76,3.9201523e-06,0.0,0.0
C8orf82,7.280997e-06,0.0,0.0
C9,0.010134946,0.0,0.0
C9orf116,3.5152425e-08,0.0,0.0
C9orf131,1.3420259e-06,0.0,0.0
C9orf153,6.206878e-09,0.0,0.0
C9orf163,7.200239e-05,0.0,0.0
C9orf24,0.01656571,0.0,0.0
C9orf40,0.00073213,0.0,0.0
C9orf43,2.2979713e-05,0.0,0.0
C9orf50,3.1256946e-14,0.0,0.0
C9orf64,0.0054871407,0.0,0.0
C9orf72,0.039204303,0.0,-1.0
C9orf78,0.047117952,0.0,-1.0
CA1,3.184534e-08,0.0,0.0
CA10,0.046860013,0.0,-1.0
CA11,0.10212162,0.0,0.0
CA12,0.028287284,0.0,0.0
CA13,4.6211385e-12,0.0,0.0
CA14,0.13513096,0.0,0.0
CA2,0.15377569,0.0,-1.0
CA3,0.0031436488,0.0,0.0
CA4,0.5408329,1.0,-1.0
CA6,0.01435591,0.0,0.0
CA8,0.14040397,0.0,0.0
CA9,0.17799832,0.0,0.0
CAAP1,0.04173849,0.0,0.0
CAB39,0.13153715,0.0,0.0
CAB39L,0.07807395,0.0,0.0
CABIN1,0.53009087,1.0,-1.0
CABLES1,0.35603797,0.0,-1.0
CABLES2,0.12392206,0.0,0.0
CABP1,0.17992917,0.0,0.0
CABP2,0.049804877,0.0,0.0
CABP4,0.15318432,0.0,0.0
CABP5,0.0010771942,0.0,0.0
CABS1,0.00064116705,0.0,0.0
CABYR,0.023650112,0.0,0.0
CACFD1,5.9549157e-09,0.0,0.0
CACHD1,0.08115652,0.0,-1.0
CACNA1A,0.01102493,0.0,-1.0
CACNA1B,0.46413672,0.0,-1.0
CACNA1C,0.2194811,0.0,-1.0
CACNA1D,0.16233082,0.0,1.0
CACNA1E,0.27178985,0.0,-1.0
CACNA1F,0.31049085,0.0,-1.0
CACNA1G,0.0020015999,0.0,0.0
CACNA1H,0.36215916,0.0,-1.0
CACNA1I,0.08020324,0.0,0.0
CACNA1S,0.3080725,0.0,-1.0
CACNA2D1,0.099701315,0.0,-1.0
CACNA2D2,0.06276772,0.0,0.0
CACNA2D3,0.00010128957,0.0,-1.0
CACNA2D4,0.00068850734,0.0,-1.0
CACNB1,0.016369585,0.0,0.0
CACNB2,0.028698692,0.0,-1.0
CACNB3,0.03605948,0.0,0.0
CACNB4,0.0685413,0.0,-1.0
CACNG1,2.4860647e-09,0.0,0.0
CACNG2,0.24625994,0.0,-1.0
CACNG3,0.0017927038,0.0,0.0
CACNG4,0.0016704242,0.0,0.0
CACNG7,0.3305415,0.0,0.0
CACTIN,0.05102493,0.0,0.0
CACUL1,2.5801775e-05,0.0,0.0
CACYBP,0.37727752,0.0,-1.0
CAD,0.48625478,0.0,-1.0
CADM1,0.094457,0.0,0.0
CADM2,5.920287e-08,0.0,-1.0
CADM3,0.00072043046,0.0,0.0
CADM4,0.524453,1.0,-1.0
CADPS,0.039630536,0.0,0.0
CADPS2,0.11368343,0.0,-1.0
CAGE1,0.0005920344,0.0,-1.0
CALB1,0.030051054,0.0,0.0
CALB2,0.0061955736,0.0,-1.0
CALCA,0.34074837,0.0,-1.0
CALCB,0.43970084,0.0,-1.0
CALCOCO1,0.35167894,0.0,-1.0
CALCOCO2,0.18906571,0.0,0.0
CALCR,0.001487193,0.0,-1.0
CALCRL,5.8618974e-07,0.0,0.0
CALD1,0.17416164,0.0,-1.0
CALHM4,0.0056127612,0.0,0.0
CALM1,0.005816294,0.0,-1.0
CALM3,0.0036418892,0.0,-1.0
CALML3,0.5517605,1.0,-1.0
CALML5,0.46805277,0.0,-1.0
CALML6,1.0592671e-07,0.0,-1.0
CALN1,5.0106764e-06,0.0,0.0
CALR,0.18751109,0.0,1.0
CALR3,0.2680278,0.0,-1.0
CALU,0.15698434,0.0,0.0
CALY,0.041892592,0.0,0.0
CAMK1,0.5980867,1.0,0.0
CAMK1D,0.41344652,0.0,0.0
CAMK1G,0.20540668,0.0,0.0
CAMK2A,0.60368145,1.0,-1.0
CAMK2B,0.1059076,0.0,-1.0
CAMK2D,0.5120276,1.0,-1.0
CAMK2G,0.7929913,1.0,-1.0
CAMK2N1,1.5994167e-06,0.0,0.0
CAMK2N2,0.01938409,0.0,0.0
CAMK4,0.55547154,1.0,-1.0
CAMKK1,0.21957321,0.0,0.0
CAMKK2,0.26819715,0.0,-1.0
CAMKMT,0.09203777,0.0,0.0
CAMKV,0.018017914,0.0,0.0
CAMLG,0.032358006,0.0,0.0
CAMP,1.0989914e-07,0.0,0.0
CAMSAP1,0.44279543,0.0,0.0
CAMSAP2,0.2963565,0.0,0.0
CAMSAP3,0.15849549,0.0,0.0
CAMTA1,0.16210826,0.0,1.0
CAMTA2,0.03961317,0.0,0.0
CAND1,0.08182629,0.0,0.0
CAND2,0.1172176,0.0,0.0
CANT1,0.34436223,0.0,1.0
CANX,0.44706407,0.0,-1.0
CAP1,0.14605956,0.0,0.0
CAP2,0.08098607,0.0,-1.0
CAPG,0.057623737,0.0,-1.0
CAPN1,0.77615947,1.0,0.0
CAPN10,0.15893807,0.0,-1.0
CAPN11,1.7725469e-09,0.0,0.0
CAPN15,0.059111807,0.0,0.0
CAPN2,0.4643686,0.0,0.0
CAPN3,0.28331485,0.0,-1.0
CAPN5,0.044151366,0.0,0.0
CAPN6,0.32134885,0.0,0.0
CAPN7,0.09220005,0.0,0.0
CAPN9,0.16883825,0.0,0.0
CAPNS1,0.49513257,0.0,0.0
CAPNS2,0.015688451,0.0,0.0
CAPRIN1,0.14046003,0.0,0.0
CAPRIN2,0.022057872,0.0,0.0
CAPS,1.8641718e-05,0.0,0.0
CAPSL,9.916691e-09,0.0,0.0
CAPZA1,0.341263,0.0,0.0
CAPZA2,0.44586483,0.0,0.0
CAPZA3,0.00055359595,0.0,0.0
CAPZB,0.43441606,0.0,0.0
CARD10,0.5872548,1.0,-1.0
CARD11,0.7623635,1.0,1.0
CARD14,0.14407389,0.0,-1.0
CARD16,4.606764e-07,0.0,0.0
CARD17,2.631598e-13,0.0,0.0
CARD18,6.0261587e-12,0.0,0.0
CARD19,0.0005347999,0.0,0.0
CARD6,0.008056616,0.0,-1.0
CARD8,0.009254236,0.0,-1.0
CARD9,0.39736784,0.0,-1.0
CARF,0.0063599837,0.0,-1.0
CARHSP1,0.0033264915,0.0,0.0
CARM1,0.6131352,1.0,-1.0
CARMIL1,0.17318307,0.0,0.0
CARMIL2,0.1173593,0.0,0.0
CARNMT1,0.0045545395,0.0,0.0
CARNS1,6.125284e-06,0.0,-1.0
CARS1,0.13479558,0.0,1.0
CARS2,0.01706516,0.0,0.0
CARTPT,1.9984554e-05,0.0,-1.0
CASC3,0.09783709,0.0,-1.0
CASK,0.5022742,1.0,-1.0
CASKIN1,0.27355593,0.0,-1.0
CASKIN2,0.07562413,0.0,0.0
CASP1,0.0005880287,0.0,-1.0
CASP10,0.7206695,1.0,-1.0
CASP12,0.11620584,0.0,0.0
CASP14,0.24517205,0.0,0.0
CASP2,0.45832276,0.0,0.0
CASP3,0.9553094,1.0,1.0
CASP4,0.17874615,0.0,0.0
CASP5,0.018722177,0.0,0.0
CASP6,0.5148623,1.0,0.0
CASP7,0.76554376,1.0,-1.0
CASP8,0.9416845,1.0,1.0
CASP8AP2,0.38995433,0.0,-1.0
CASP9,0.68972987,1.0,1.0
CASQ2,0.33987945,0.0,0.0
CASR,0.12290944,0.0,-1.0
CASS4,0.41690955,0.0,0.0
CAST,0.32582092,0.0,-1.0
CASTOR3,0.0003373982,0.0,-1.0
CASZ1,0.60089153,1.0,-1.0
CAT,0.38724035,0.0,-1.0
CATIP,0.00013256667,0.0,-1.0
CATSPER1,6.7793025e-07,0.0,-1.0
CATSPER2,1.3272716e-05,0.0,-1.0
CATSPER4,0.00028929324,0.0,0.0
CATSPERD,1.7859527e-08,0.0,0.0
CATSPERG,1.2597155e-06,0.0,0.0
CAV1,0.8617682,1.0,-1.0
CAV2,0.44521207,0.0,-1.0
CAV3,4.7814314e-07,0.0,-1.0
CAVIN1,0.35152394,0.0,-1.0
CAVIN2,0.3910972,0.0,0.0
CAVIN3,0.13798404,0.0,-1.0
CAVIN4,6.5674213e-09,0.0,-1.0
CBARP,0.07091656,0.0,-1.0
CBFA2T2,0.8315468,1.0,0.0
CBFA2T3,0.85511893,1.0,1.0
CBFB,0.50788295,1.0,1.0
CBL,0.9856311,1.0,1.0
CBLB,0.86764264,1.0,1.0
CBLC,0.37086213,0.0,1.0
CBLIF,0.019932741,0.0,0.0
CBLL1,0.13865942,0.0,0.0
CBLL2,0.00583936,0.0,0.0
CBLN1,2.1135092e-12,0.0,0.0
CBLN2,3.779244e-17,0.0,0.0
CBLN3,9.3703466e-20,0.0,0.0
CBLN4,4.0741406e-06,0.0,0.0
CBR1,0.16667145,0.0,0.0
CBR3,0.29608935,0.0,0.0
CBR4,0.006196557,0.0,0.0
CBS,0.14039312,0.0,-1.0
CBWD1,0.00010295328,0.0,0.0
CBWD2,0.04849852,0.0,0.0
CBWD3,2.7469977e-07,0.0,-1.0
CBWD5,1.1808422e-10,0.0,0.0
CBWD6,2.8604395e-16,0.0,0.0
CBX1,0.5624137,1.0,0.0
CBX2,0.25750303,0.0,-1.0
CBX3,0.6822503,1.0,0.0
CBX4,0.5870506,1.0,-1.0
CBX5,0.5143683,1.0,0.0
CBX6,0.19288687,0.0,-1.0
CBX7,0.12950331,0.0,-1.0
CBX8,0.60824835,1.0,0.0
CBY1,0.20645566,0.0,0.0
CBY2,0.118160285,0.0,0.0
CC2D1A,0.19946194,0.0,-1.0
CC2D1B,0.074021205,0.0,0.0
CC2D2A,0.081201494,0.0,0.0
CCAR1,0.16804975,0.0,-1.0
CCAR2,0.7634575,1.0,-1.0
CCBE1,0.011516723,0.0,0.0
CCDC102A,0.14883552,0.0,-1.0
CCDC102B,0.28014448,0.0,-1.0
CCDC103,0.011640825,0.0,0.0
CCDC105,0.0016399317,0.0,0.0
CCDC106,0.07956918,0.0,0.0
CCDC107,0.040559217,0.0,-1.0
CCDC110,0.00049509166,0.0,0.0
CCDC112,0.11683852,0.0,0.0
CCDC113,0.005623584,0.0,0.0
CCDC115,0.021056551,0.0,0.0
CCDC116,0.049432013,0.0,0.0
CCDC117,0.095486745,0.0,0.0
CCDC12,0.0085669095,0.0,0.0
CCDC120,0.069262214,0.0,-1.0
CCDC121,0.008759665,0.0,-1.0
CCDC122,0.00797271,0.0,-1.0
CCDC124,0.078974076,0.0,-1.0
CCDC125,0.012869992,0.0,0.0
CCDC126,8.956517e-05,0.0,0.0
CCDC127,0.061685424,0.0,0.0
CCDC13,0.054201983,0.0,0.0
CCDC134,0.024546713,0.0,0.0
CCDC136,0.3464376,0.0,0.0
CCDC137,0.03547858,0.0,0.0
CCDC138,0.23859932,0.0,0.0
CCDC14,0.22223228,0.0,0.0
CCDC141,4.869095e-05,0.0,0.0
CCDC144A,0.020444978,0.0,0.0
CCDC144NL,7.677354e-11,0.0,0.0
CCDC146,0.039434284,0.0,0.0
CCDC148,0.15203498,0.0,0.0
CCDC149,0.0011638796,0.0,0.0
CCDC15,0.08964374,0.0,0.0
CCDC150,0.068785496,0.0,0.0
CCDC153,0.01269554,0.0,0.0
CCDC154,0.0069935527,0.0,0.0
CCDC157,0.0014204092,0.0,0.0
CCDC158,0.19381078,0.0,0.0
CCDC159,0.0011009356,0.0,0.0
CCDC167,0.004322878,0.0,0.0
CCDC17,0.11028368,0.0,0.0
CCDC170,0.014320141,0.0,0.0
CCDC172,0.029285004,0.0,0.0
CCDC174,0.15259005,0.0,0.0
CCDC18,0.16705453,0.0,0.0
CCDC181,0.07987375,0.0,0.0
CCDC183,0.0047228793,0.0,0.0
CCDC184,0.060275044,0.0,0.0
CCDC185,0.026762377,0.0,0.0
CCDC186,0.029509662,0.0,0.0
CCDC187,0.020217989,0.0,0.0
CCDC190,6.5674213e-09,0.0,0.0
CCDC191,0.005018242,0.0,0.0
CCDC196,0.015556976,0.0,0.0
CCDC198,0.024664493,0.0,0.0
CCDC22,0.120921455,0.0,0.0
CCDC24,0.1174665,0.0,0.0
CCDC25,0.16989538,0.0,0.0
CCDC27,3.6355636e-05,0.0,0.0
CCDC28A,0.017602444,0.0,-1.0
CCDC28B,0.015147315,0.0,0.0
CCDC30,0.155857,0.0,0.0
CCDC32,5.4356715e-05,0.0,0.0
CCDC33,0.06494058,0.0,0.0
CCDC34,3.002946e-08,0.0,0.0
CCDC39,1.1845297e-05,0.0,-1.0
CCDC40,0.032817934,0.0,-1.0
CCDC42,0.007944481,0.0,0.0
CCDC43,0.046919983,0.0,0.0
CCDC47,0.08241784,0.0,0.0
CCDC50,0.09482884,0.0,0.0
CCDC51,0.048747335,0.0,0.0
CCDC57,0.15425888,0.0,0.0
CCDC59,0.07038181,0.0,0.0
CCDC6,0.4683642,0.0,1.0
CCDC60,0.05811014,0.0,0.0
CCDC61,0.1574488,0.0,-1.0
CCDC66,0.13168067,0.0,-1.0
CCDC68,0.05120357,0.0,0.0
CCDC69,0.0004892148,0.0,0.0
CCDC7,0.13331506,0.0,0.0
CCDC70,2.516564e-05,0.0,0.0
CCDC71,0.0007012736,0.0,0.0
CCDC71L,0.15038142,0.0,0.0
CCDC73,0.0007045507,0.0,0.0
CCDC74A,0.10696786,0.0,0.0
CCDC74B,0.02503445,0.0,0.0
CCDC77,0.23206377,0.0,-1.0
CCDC8,0.7530784,1.0,0.0
CCDC80,0.0056685237,0.0,0.0
CCDC82,0.10819829,0.0,0.0
CCDC85A,0.0062345495,0.0,0.0
CCDC85B,0.6445498,1.0,0.0
CCDC85C,0.3297551,0.0,0.0
CCDC86,0.05769733,0.0,0.0
CCDC87,0.20676666,0.0,0.0
CCDC88A,0.56402373,1.0,-1.0
CCDC88B,0.17738123,0.0,0.0
CCDC88C,0.06914223,0.0,0.0
CCDC89,2.1035848e-11,0.0,0.0
CCDC9,0.13058563,0.0,-1.0
CCDC90B,0.08199683,0.0,0.0
CCDC91,0.0519171,0.0,0.0
CCDC92,0.095869705,0.0,0.0
CCDC93,0.082236074,0.0,0.0
CCDC96,2.7439357e-05,0.0,0.0
CCDC97,0.02718267,0.0,0.0
CCDC9B,0.020831112,0.0,0.0
CCER1,0.00422281,0.0,-1.0
CCHCR1,0.48209533,0.0,-1.0
CCIN,2.6252615e-06,0.0,0.0
CCK,0.44610357,0.0,-1.0
CCKAR,0.04455858,0.0,0.0
CCKBR,0.24227074,0.0,-1.0
CCL1,0.0063770623,0.0,0.0
CCL11,0.0025632507,0.0,0.0
CCL13,2.0061967e-05,0.0,0.0
CCL14,0.0017782333,0.0,0.0
CCL15,1.4621369e-05,0.0,0.0
CCL16,0.0001415449,0.0,0.0
CCL17,0.0001446112,0.0,0.0
CCL18,0.036819227,0.0,0.0
CCL19,4.7851086e-06,0.0,0.0
CCL2,1.47380815e-05,0.0,0.0
CCL20,2.7589498e-05,0.0,0.0
CCL21,0.00031700157,0.0,0.0
CCL22,0.0027614487,0.0,0.0
CCL23,5.8233746e-13,0.0,0.0
CCL24,2.558788e-14,0.0,0.0
CCL25,1.5585646e-12,0.0,0.0
CCL26,0.00040930227,0.0,-1.0
CCL27,5.2041224e-07,0.0,0.0
CCL28,0.00010805326,0.0,0.0
CCL3,0.008260337,0.0,-1.0
CCL3L1,0.00075262744,0.0,0.0
CCL4,0.0010541878,0.0,0.0
CCL4L2,0.0013353645,0.0,0.0
CCL5,0.0019347867,0.0,0.0
CCL7,2.9168716e-06,0.0,-1.0
CCL8,1.2477029e-05,0.0,0.0
CCM2,0.045411497,0.0,-1.0
CCM2L,0.21128264,0.0,0.0
CCN1,0.1386319,0.0,-1.0
CCN2,0.6196126,1.0,-1.0
CCN3,0.4080065,0.0,-1.0
CCN4,0.21762297,0.0,0.0
CCN5,0.0104656,0.0,-1.0
CCN6,0.031250983,0.0,-1.0
CCNA1,0.0630254,0.0,-1.0
CCNA2,0.5510694,1.0,-1.0
CCNB1,0.40442637,0.0,-1.0
CCNB1IP1,0.035349276,0.0,1.0
CCNB2,0.21956775,0.0,-1.0
CCNB3,0.7495607,1.0,1.0
CCNC,0.3236419,0.0,1.0
CCND1,0.94433457,1.0,1.0
CCND2,0.34949687,0.0,1.0
CCND3,0.64712995,1.0,1.0
CCNDBP1,4.4351054e-05,0.0,0.0
CCNE1,0.6907604,1.0,1.0
CCNE2,0.4181681,0.0,-1.0
CCNF,0.04894932,0.0,-1.0
CCNG1,0.03150689,0.0,-1.0
CCNG2,0.13456786,0.0,0.0
CCNH,0.23314883,0.0,-1.0
CCNI,0.11574739,0.0,-1.0
CCNI2,0.0091522485,0.0,0.0
CCNJ,0.27496773,0.0,0.0
CCNJL,0.009374878,0.0,0.0
CCNK,0.23763722,0.0,0.0
CCNL1,0.083950505,0.0,-1.0
CCNL2,0.48316914,0.0,0.0
CCNO,0.023647854,0.0,0.0
CCNQ,0.15415767,0.0,1.0
CCNT1,0.51258236,1.0,-1.0
CCNT2,0.1608429,0.0,-1.0
CCNY,0.046322603,0.0,-1.0
CCNYL1,0.059838716,0.0,0.0
CCP110,0.38445866,0.0,-1.0
CCPG1,7.725251e-06,0.0,0.0
CCR1,0.00018943346,0.0,-1.0
CCR10,1.303364e-05,0.0,0.0
CCR2,2.6124488e-05,0.0,-1.0
CCR3,3.4182053e-06,0.0,0.0
CCR4,0.28259027,0.0,1.0
CCR5,0.732676,1.0,-1.0
CCR6,8.9469565e-10,0.0,0.0
CCR7,0.0017217663,0.0,1.0
CCR8,0.0012119822,0.0,0.0
CCR9,2.8423008e-13,0.0,-1.0
CCRL2,0.012434801,0.0,0.0
CCS,0.060297143,0.0,0.0
CCSER1,7.3766127e-10,0.0,-1.0
CCSER2,0.287363,0.0,0.0
CCT2,0.6216773,1.0,0.0
CCT3,0.6993168,1.0,0.0
CCT4,0.5530044,1.0,0.0
CCT5,0.49250093,0.0,-1.0
CCT6A,0.6136211,1.0,0.0
CCT6B,0.2184877,0.0,-1.0
CCT7,0.6568532,1.0,0.0
CCT8,0.5652392,1.0,0.0
CCZ1,0.10649162,0.0,0.0
CD101,0.12591591,0.0,0.0
CD109,0.4065835,0.0,-1.0
CD14,0.65151876,1.0,-1.0
CD151,0.24374415,0.0,-1.0
CD160,0.036661737,0.0,0.0
CD163,0.44489393,0.0,0.0
CD164,0.08991816,0.0,0.0
CD164L2,0.06793376,0.0,0.0
CD177,0.00533699,0.0,0.0
CD180,5.3242305e-22,0.0,0.0
CD19,0.43569365,0.0,-1.0
CD1A,0.030808672,0.0,-1.0
CD1B,0.064771585,0.0,-1.0
CD1C,0.12943633,0.0,0.0
CD1D,0.26996365,0.0,-1.0
CD1E,0.40448865,0.0,0.0
CD2,0.5568812,1.0,-1.0
CD200,0.027390067,0.0,-1.0
CD200R1,0.0002793374,0.0,0.0
CD207,0.039866105,0.0,0.0
CD209,0.004519537,0.0,1.0
CD22,0.21472387,0.0,-1.0
CD226,0.02273073,0.0,0.0
CD24,0.23086934,0.0,-1.0
CD244,0.21354598,0.0,0.0
CD247,0.9279487,1.0,-1.0
CD248,0.00016326267,0.0,-1.0
CD27,0.000953242,0.0,0.0
CD274,0.52377844,1.0,1.0
CD276,0.66943794,1.0,1.0
CD28,0.49442634,0.0,1.0
CD2AP,0.80813783,1.0,-1.0
CD2BP2,0.14040405,0.0,-1.0
CD300A,2.9892177e-05,0.0,0.0
CD300C,0.0010167374,0.0,0.0
CD300E,4.3557494e-11,0.0,-1.0
CD300LB,0.0007574308,0.0,0.0
CD300LD,1.2148987e-10,0.0,0.0
CD300LF,0.001387777,0.0,0.0
CD300LG,0.00021302786,0.0,0.0
CD302,0.00010576519,0.0,0.0
CD320,0.13068931,0.0,0.0
CD33,0.32485825,0.0,0.0
CD34,0.0002822318,0.0,0.0
CD36,0.59175396,1.0,-1.0
CD37,0.48639837,0.0,0.0
CD38,0.63146305,1.0,-1.0
CD3D,0.32413504,0.0,-1.0
CD3E,0.10093833,0.0,-1.0
CD3G,0.44565767,0.0,-1.0
CD4,0.65065944,1.0,-1.0
CD40,0.54461265,1.0,-1.0
CD40LG,0.43547654,0.0,-1.0
CD44,0.8655928,1.0,-1.0
CD46,0.30958804,0.0,-1.0
CD47,0.07634246,0.0,0.0
CD48,0.25237554,0.0,-1.0
CD5,0.69753987,1.0,0.0
CD52,1.5936308e-11,0.0,-1.0
CD53,0.19457304,0.0,-1.0
CD55,0.012096727,0.0,-1.0
CD58,0.0009428873,0.0,1.0
CD59,0.55816805,1.0,-1.0
CD5L,1.322224e-09,0.0,0.0
CD6,0.16851375,0.0,-1.0
CD63,0.103442065,0.0,-1.0
CD68,0.021215536,0.0,0.0
CD69,1.4866136e-09,0.0,-1.0
CD7,7.236061e-10,0.0,0.0
CD70,1.9895514e-07,0.0,-1.0
CD72,0.5459905,1.0,0.0
CD74,0.0022122916,0.0,1.0
CD79A,0.50869936,1.0,1.0
CD79B,0.6757589,1.0,1.0
CD80,0.47616953,0.0,-1.0
CD81,0.68504566,1.0,-1.0
CD82,0.023261206,0.0,-1.0
CD83,0.00011006722,0.0,-1.0
CD84,0.3234573,0.0,0.0
CD86,0.4968919,0.0,-1.0
CD8A,0.5089767,1.0,-1.0
CD8B,0.3446377,0.0,-1.0
CD9,0.37482607,0.0,-1.0
CD93,0.1547243,0.0,0.0
CD96,0.2647897,0.0,0.0
CD99,0.07823976,0.0,0.0
CD99L2,0.21303353,0.0,0.0
CDA,0.0065427637,0.0,-1.0
CDADC1,0.061636496,0.0,0.0
CDAN1,0.14017813,0.0,-1.0
CDC123,0.11412619,0.0,0.0
CDC14A,0.064780384,0.0,0.0
CDC14B,0.30216,0.0,0.0
CDC16,0.17368342,0.0,0.0
CDC20,0.57862085,1.0,-1.0
CDC20B,0.039498497,0.0,0.0
CDC23,0.22572707,0.0,-1.0
CDC25A,0.6400932,1.0,-1.0
CDC25B,0.51218504,1.0,-1.0
CDC25C,0.44084376,0.0,-1.0
CDC26,0.08182529,0.0,0.0
CDC27,0.92754567,1.0,-1.0
CDC34,0.51686585,1.0,-1.0
CDC37,0.9461843,1.0,-1.0
CDC37L1,0.120435074,0.0,-1.0
CDC40,0.04908263,0.0,0.0
CDC42,0.59524703,1.0,1.0
CDC42BPA,0.29966664,0.0,0.0
CDC42BPB,0.13083169,0.0,-1.0
CDC42BPG,0.037425328,0.0,-1.0
CDC42EP1,0.2085056,0.0,-1.0
CDC42EP2,0.02964721,0.0,0.0
CDC42EP3,0.013197803,0.0,0.0
CDC42EP4,0.0071996236,0.0,0.0
CDC42EP5,0.00015896464,0.0,0.0
CDC42SE1,0.005130021,0.0,0.0
CDC42SE2,0.20940636,0.0,0.0
CDC45,0.3635226,0.0,-1.0
CDC5L,0.4719538,0.0,-1.0
CDC6,0.21756507,0.0,-1.0
CDC7,0.10518789,0.0,-1.0
CDC73,0.29639605,0.0,1.0
CDCA2,0.1636762,0.0,0.0
CDCA3,0.11011731,0.0,0.0
CDCA4,0.16857083,0.0,0.0
CDCA5,0.014095843,0.0,-1.0
CDCA7,0.019636504,0.0,0.0
CDCA7L,0.22596668,0.0,0.0
CDCA8,0.1590403,0.0,0.0
CDCP1,0.45567608,0.0,-1.0
CDH1,0.97379094,1.0,1.0
CDH10,0.0025835999,0.0,1.0
CDH11,0.3812692,0.0,1.0
CDH12,1.4329185e-10,0.0,-1.0
CDH13,0.058712725,0.0,-1.0
CDH15,0.01807148,0.0,-1.0
CDH16,1.9498696e-08,0.0,0.0
CDH17,0.8750302,1.0,1.0
CDH18,1.717628e-09,0.0,-1.0
CDH19,2.140934e-22,0.0,-1.0
CDH2,0.91498697,1.0,-1.0
CDH22,4.5192396e-06,0.0,0.0
CDH23,0.47353312,0.0,-1.0
CDH24,0.056210816,0.0,-1.0
CDH3,0.23936117,0.0,-1.0
CDH4,0.1350459,0.0,0.0
CDH5,0.40664154,0.0,0.0
CDH6,1.1002397e-14,0.0,-1.0
CDH7,9.925265e-08,0.0,0.0
CDH8,1.7006859e-06,0.0,-1.0
CDH9,9.198619e-06,0.0,-1.0
CDHR1,0.13132493,0.0,-1.0
CDHR2,9.3014505e-06,0.0,-1.0
CDHR3,0.0015852925,0.0,-1.0
CDHR5,3.0908236e-06,0.0,0.0
CDIN1,0.06153979,0.0,0.0
CDIP1,0.00959157,0.0,0.0
CDIPT,0.20880921,0.0,0.0
CDK1,0.8164691,1.0,-1.0
CDK10,0.0689779,0.0,0.0
CDK11A,0.17910542,0.0,-1.0
CDK11B,0.25155318,0.0,-1.0
CDK12,0.1852395,0.0,1.0
CDK13,0.38811386,0.0,-1.0
CDK14,0.14630544,0.0,-1.0
CDK15,0.14501436,0.0,0.0
CDK16,0.36066118,0.0,-1.0
CDK17,0.19596113,0.0,0.0
CDK18,0.4628636,0.0,-1.0
CDK19,0.10289134,0.0,0.0
CDK2,0.8072775,1.0,-1.0
CDK20,0.10413699,0.0,-1.0
CDK2AP1,0.51838076,1.0,-1.0
CDK2AP2,0.21222642,0.0,0.0
CDK3,0.6645542,1.0,0.0
CDK4,0.7513315,1.0,1.0
CDK5,0.55846316,1.0,-1.0
CDK5R1,0.5963798,1.0,-1.0
CDK5R2,0.03652233,0.0,0.0
CDK5RAP1,0.029999927,0.0,0.0
CDK5RAP2,0.46599072,0.0,0.0
CDK5RAP3,0.017972127,0.0,0.0
CDK6,0.9206038,1.0,1.0
CDK7,0.38772222,0.0,-1.0
CDK8,0.38916382,0.0,1.0
CDK9,0.65056354,1.0,-1.0
CDKAL1,0.022886384,0.0,-1.0
CDKL1,0.19979943,0.0,0.0
CDKL2,0.2625031,0.0,-1.0
CDKL3,0.10541042,0.0,0.0
CDKL4,0.044165544,0.0,0.0
CDKL5,0.25106016,0.0,-1.0
CDKN1A,0.9745401,1.0,1.0
CDKN1B,0.8317407,1.0,1.0
CDKN1C,0.40431505,0.0,-1.0
CDKN2A,0.8797786,1.0,1.0
CDKN2AIP,0.30007708,0.0,-1.0
CDKN2AIPNL,0.016260833,0.0,0.0
CDKN2B,0.23559023,0.0,1.0
CDKN2C,0.38657442,0.0,1.0
CDKN2D,0.32235005,0.0,-1.0
CDKN3,0.0099401865,0.0,-1.0
CDNF,0.009700008,0.0,0.0
CDO1,0.0002624922,0.0,0.0
CDON,0.14905083,0.0,-1.0
CDPF1,0.0491345,0.0,0.0
CDR1,2.7276348e-08,0.0,0.0
CDR2,0.015589962,0.0,0.0
CDR2L,0.06925824,0.0,0.0
CDRT15,1.4330303e-14,0.0,0.0
CDRT15L2,1.8700118e-25,0.0,0.0
CDRT4,0.11254072,0.0,0.0
CDS1,0.009376605,0.0,0.0
CDS2,0.0059573264,0.0,0.0
CDSN,0.35846096,0.0,-1.0
CDT1,0.31094587,0.0,-1.0
CDV3,0.021578003,0.0,0.0
CDX1,0.021449469,0.0,0.0
CDX2,0.80536073,1.0,1.0
CDX4,0.20097332,0.0,-1.0
CDY1B,0.027229521,0.0,0.0
CDY2B,5.7113432e-08,0.0,0.0
CDYL,0.42616135,0.0,-1.0
CDYL2,0.26945665,0.0,0.0
CEACAM1,1.2647613e-05,0.0,-1.0
CEACAM21,0.034531146,0.0,-1.0
CEACAM3,0.02380793,0.0,0.0
CEACAM5,0.0008396611,0.0,-1.0
CEACAM6,1.3690528e-08,0.0,0.0
CEACAM7,4.6073484e-07,0.0,-1.0
CEACAM8,0.002062669,0.0,0.0
CEBPA,0.8790839,1.0,1.0
CEBPB,0.9452474,1.0,-1.0
CEBPD,0.7178836,1.0,0.0
CEBPE,0.22031443,0.0,-1.0
CEBPG,0.1636249,0.0,0.0
CEBPZ,0.19757581,0.0,-1.0
CECR2,0.049868662,0.0,0.0
CEL,4.746475e-05,0.0,-1.0
CELA1,4.4642486e-05,0.0,-1.0
CELA2B,0.01142137,0.0,0.0
CELA3A,0.000105369574,0.0,0.0
CELF1,0.23605311,0.0,-1.0
CELF2,0.40568793,0.0,-1.0
CELF3,0.0042198156,0.0,0.0
CELF4,0.00016975729,0.0,-1.0
CELF5,0.00019108484,0.0,0.0
CELSR1,0.20032275,0.0,0.0
CELSR2,0.21312545,0.0,0.0
CELSR3,0.5768341,1.0,0.0
CEMIP,0.009464585,0.0,-1.0
CEMIP2,0.092336215,0.0,0.0
CENATAC,0.12172889,0.0,0.0
CEND1,0.000106342035,0.0,0.0
CENPA,0.15268838,0.0,-1.0
CENPB,0.57322425,1.0,0.0
CENPBD1P,7.392256e-06,0.0,0.0
CENPC,0.17847875,0.0,-1.0
CENPE,0.22267503,0.0,0.0
CENPF,0.5486938,1.0,-1.0
CENPH,0.11205414,0.0,0.0
CENPI,0.055112254,0.0,0.0
CENPJ,0.311147,0.0,-1.0
CENPK,0.08981056,0.0,0.0
CENPL,0.032773443,0.0,0.0
CENPM,0.057065267,0.0,0.0
CENPN,0.05114104,0.0,0.0
CENPO,0.093757704,0.0,0.0
CENPP,0.04448039,0.0,0.0
CENPQ,0.023197101,0.0,0.0
CENPS-CORT,0.043779656,0.0,0.0
CENPT,0.061938033,0.0,0.0
CENPU,0.071773276,0.0,0.0
CENPV,0.14747247,0.0,0.0
CENPW,0.008988108,0.0,-1.0
CENPX,0.07135702,0.0,0.0
CEP104,0.089762524,0.0,0.0
CEP112,0.13508956,0.0,0.0
CEP120,0.1340478,0.0,0.0
CEP126,0.5607658,1.0,0.0
CEP128,0.1621266,0.0,0.0
CEP131,0.48630607,0.0,0.0
CEP135,0.15875585,0.0,0.0
CEP152,0.2209507,0.0,-1.0
CEP162,0.40879104,0.0,0.0
CEP164,0.23085013,0.0,0.0
CEP170,0.604117,1.0,-1.0
CEP170B,0.30259734,0.0,0.0
CEP19,0.07938591,0.0,-1.0
CEP192,0.31222013,0.0,-1.0
CEP20,0.16329804,0.0,0.0
CEP250,0.51892793,1.0,0.0
CEP290,0.24079195,0.0,-1.0
CEP295,0.24702322,0.0,0.0
CEP350,0.35042506,0.0,0.0
CEP41,0.08790976,0.0,0.0
CEP43,0.3056092,0.0,1.0
CEP44,0.4437455,0.0,0.0
CEP55,0.48357075,0.0,0.0
CEP57,0.33057088,0.0,-1.0
CEP57L1,0.22956301,0.0,0.0
CEP63,0.27522743,0.0,0.0
CEP68,0.14840642,0.0,0.0
CEP70,0.20864214,0.0,0.0
CEP72,0.36535853,0.0,-1.0
CEP76,0.11741495,0.0,-1.0
CEP78,0.15726611,0.0,0.0
CEP83,0.1378249,0.0,-1.0
CEP85,0.34705594,0.0,0.0
CEP85L,0.20679381,0.0,0.0
CEP89,0.12632956,0.0,-1.0
CEP95,0.1482778,0.0,0.0
CEP97,0.4259424,0.0,0.0
CEPT1,0.12832156,0.0,0.0
CER1,0.096431024,0.0,-1.0
CERCAM,0.18126944,0.0,0.0
CERK,0.02690112,0.0,-1.0
CERKL,0.026558986,0.0,-1.0
CERS1,0.0058422256,0.0,0.0
CERS2,0.025141057,0.0,0.0
CERS5,0.025912557,0.0,0.0
CERS6,0.0015939979,0.0,0.0
CERT1,0.10406266,0.0,0.0
CES1,1.4073781e-06,0.0,0.0
CES3,0.03178305,0.0,0.0
CETN1,0.04664703,0.0,0.0
CETN2,0.19701324,0.0,0.0
CETN3,0.14607781,0.0,-1.0
CETP,0.01927962,0.0,-1.0
CFAP100,0.02225515,0.0,0.0
CFAP141,2.8254324e-16,0.0,0.0
CFAP157,1.4071647e-07,0.0,0.0
CFAP161,0.001940073,0.0,0.0
CFAP20,0.0912249,0.0,-1.0
CFAP206,0.0038833716,0.0,0.0
CFAP20DC,0.037154242,0.0,0.0
CFAP298,0.017522244,0.0,0.0
CFAP299,1.030848e-05,0.0,0.0
CFAP300,0.02561496,0.0,0.0
CFAP36,0.031234749,0.0,0.0
CFAP410,0.23244074,0.0,0.0
CFAP418,0.005478685,0.0,0.0
CFAP43,0.060336288,0.0,0.0
CFAP44,0.07022943,0.0,0.0
CFAP45,1.6588739e-07,0.0,-1.0
CFAP47,0.1797212,0.0,-1.0
CFAP52,0.015069118,0.0,0.0
CFAP53,0.02427245,0.0,0.0
CFAP57,0.0009085706,0.0,0.0
CFAP58,0.053030048,0.0,0.0
CFAP65,2.7134123e-05,0.0,0.0
CFAP73,0.13361114,0.0,0.0
CFAP74,8.404858e-06,0.0,-1.0
CFAP77,0.00045616916,0.0,0.0
CFAP97,0.12897283,0.0,0.0
CFAP97D1,0.012879058,0.0,0.0
CFB,0.17138094,0.0,-1.0
CFC1,1.3968772e-09,0.0,-1.0
CFD,0.16205928,0.0,-1.0
CFDP1,0.05357886,0.0,0.0
CFH,0.07601766,0.0,-1.0
CFHR1,0.0018140345,0.0,0.0
CFHR2,7.197819e-06,0.0,-1.0
CFHR3,8.45275e-06,0.0,0.0
CFHR4,0.0071101263,0.0,0.0
CFHR5,9.050863e-07,0.0,-1.0
CFI,0.021630486,0.0,-1.0
CFL1,0.38882044,0.0,0.0
CFL2,0.4137685,0.0,-1.0
CFLAR,0.54320145,1.0,-1.0
CFP,0.010533717,0.0,-1.0
CFTR,0.38771424,0.0,-1.0
CGA,0.49371776,0.0,0.0
CGAS,0.06511321,0.0,0.0
CGB7,0.4537489,0.0,0.0
CGB8,0.0829394,0.0,0.0
CGGBP1,0.24049759,0.0,0.0
CGN,0.45573047,0.0,0.0
CGNL1,0.0661716,0.0,-1.0
CGRRF1,0.00090920326,0.0,0.0
CHAC1,9.653835e-07,0.0,0.0
CHAC2,0.04259665,0.0,0.0
CHAD,0.001338525,0.0,0.0
CHAF1A,0.688744,1.0,0.0
CHAF1B,0.2817795,0.0,-1.0
CHAMP1,0.1657423,0.0,0.0
CHAT,0.31309062,0.0,-1.0
CHCHD1,0.04456057,0.0,0.0
CHCHD10,0.015360033,0.0,0.0
CHCHD2,0.08344372,0.0,0.0
CHCHD3,0.18106495,0.0,0.0
CHCHD4,0.003089184,0.0,0.0
CHCHD6,0.02937916,0.0,0.0
CHCHD7,0.34562144,0.0,1.0
CHD1,0.07516517,0.0,-1.0
CHD1L,0.7137334,1.0,0.0
CHD2,0.26384288,0.0,1.0
CHD3,0.820428,1.0,-1.0
CHD4,0.9293345,1.0,1.0
CHD5,0.2298106,0.0,-1.0
CHD6,0.27312934,0.0,-1.0
CHD7,0.5176608,1.0,-1.0
CHD8,0.56769466,1.0,-1.0
CHD9,0.16487013,0.0,-1.0
CHDH,0.3053112,0.0,-1.0
CHEK1,0.458833,0.0,1.0
CHEK2,0.8562266,1.0,1.0
CHERP,0.19097397,0.0,0.0
CHFR,0.40876004,0.0,-1.0
CHGA,0.009241955,0.0,-1.0
CHGB,0.37383527,0.0,0.0
CHI3L1,5.782515e-06,0.0,0.0
CHI3L2,0.019695666,0.0,0.0
CHIA,0.031595692,0.0,0.0
CHIC2,0.0020599617,0.0,-1.0
CHID1,0.03237916,0.0,0.0
CHIT1,0.000993956,0.0,0.0
CHKA,0.10611462,0.0,-1.0
CHKB,0.1761023,0.0,-1.0
CHL1,0.0057105483,0.0,-1.0
CHM,0.080409855,0.0,-1.0
CHML,0.023257745,0.0,0.0
CHMP1A,0.074904345,0.0,0.0
CHMP1B,0.101403505,0.0,0.0
CHMP2A,0.09099704,0.0,0.0
CHMP2B,0.0835578,0.0,-1.0
CHMP4A,0.118237846,0.0,0.0
CHMP4B,0.21586727,0.0,0.0
CHMP4C,0.019491464,0.0,0.0
CHMP5,0.2379057,0.0,0.0
CHMP6,0.05733588,0.0,0.0
CHMP7,0.013196076,0.0,0.0
CHN1,0.12909044,0.0,-1.0
CHN2,0.24368216,0.0,0.0
CHORDC1,0.109060526,0.0,0.0
CHP1,0.026196655,0.0,0.0
CHP2,6.764927e-06,0.0,0.0
CHPF,0.16691256,0.0,0.0
CHPF2,0.02797178,0.0,-1.0
CHPT1,0.015605682,0.0,-1.0
CHRAC1,0.037569515,0.0,0.0
CHRD,0.0048565506,0.0,0.0
CHRDL1,2.8950672e-05,0.0,0.0
CHRDL2,0.1090429,0.0,0.0
CHRM1,0.18496765,0.0,0.0
CHRM2,0.06290697,0.0,0.0
CHRM3,0.02624931,0.0,0.0
CHRM4,0.15146114,0.0,0.0
CHRM5,0.006624458,0.0,-1.0
CHRNA1,3.1275376e-05,0.0,-1.0
CHRNA2,5.6647045e-19,0.0,-1.0
CHRNA3,2.9996257e-12,0.0,0.0
CHRNA4,1.8315739e-10,0.0,-1.0
CHRNA5,4.0418266e-10,0.0,0.0
CHRNA6,9.203674e-11,0.0,0.0
CHRNA7,0.4975659,0.0,0.0
CHRNA9,2.8881706e-05,0.0,0.0
CHRNB1,0.06777524,0.0,-1.0
CHRNB2,3.4941397e-15,0.0,-1.0
CHRNB3,5.255783e-14,0.0,0.0
CHRNB4,3.3552696e-17,0.0,-1.0
CHRND,0.05346717,0.0,-1.0
CHRNE,1.5087096e-08,0.0,-1.0
CHRNG,0.00814383,0.0,0.0
CHST1,0.21136366,0.0,-1.0
CHST10,0.036569744,0.0,-1.0
CHST11,0.33993003,0.0,1.0
CHST12,0.084847175,0.0,0.0
CHST14,0.0046821386,0.0,-1.0
CHST15,0.042190343,0.0,0.0
CHST3,0.010178475,0.0,-1.0
CHST4,0.00018382665,0.0,0.0
CHST7,0.018626247,0.0,0.0
CHST8,0.2866369,0.0,0.0
CHST9,0.3014942,0.0,0.0
CHSY1,0.050114576,0.0,0.0
CHSY3,0.04949325,0.0,0.0
CHTF18,0.16257617,0.0,-1.0
CHTF8,0.15722936,0.0,-1.0
CHTOP,0.12551107,0.0,0.0
CHUK,0.8600914,1.0,-1.0
CHURC1,0.06270803,0.0,0.0
CIAO1,0.009467979,0.0,0.0
CIAO2A,0.0040430073,0.0,-1.0
CIAO2B,0.01616105,0.0,0.0
CIAO3,0.012154467,0.0,0.0
CIAPIN1,0.27593535,0.0,0.0
CIART,0.0065092673,0.0,0.0
CIB1,0.108368516,0.0,0.0
CIB2,0.0001773879,0.0,0.0
CIB3,8.893574e-06,0.0,0.0
CIB4,4.054552e-07,0.0,0.0
CIC,0.31028116,0.0,1.0
CIDEA,0.00019469616,0.0,0.0
CIDEB,0.009774147,0.0,0.0
CIDEC,4.6461064e-08,0.0,0.0
CIITA,0.51799184,1.0,1.0
CILK1,0.21407057,0.0,-1.0
CILP,0.056263294,0.0,-1.0
CILP2,1.2437338e-09,0.0,-1.0
CINP,0.08593676,0.0,0.0
CIP2A,0.24367727,0.0,-1.0
CIPC,0.039172433,0.0,-1.0
CIR1,0.036707062,0.0,0.0
CIRBP,0.1339626,0.0,-1.0
CISD1,0.0055952235,0.0,0.0
CISD2,0.009281601,0.0,-1.0
CISD3,0.011879499,0.0,0.0
CISH,0.48563248,0.0,0.0
CIT,0.2669497,0.0,0.0
CITED1,0.20254286,0.0,0.0
CITED2,0.40765437,0.0,-1.0
CITED4,0.18773514,0.0,-1.0
CIZ1,0.1831032,0.0,-1.0
CKAP2,0.16746871,0.0,0.0
CKAP2L,0.07676729,0.0,0.0
CKAP4,0.10552829,0.0,0.0
CKAP5,0.4660356,0.0,0.0
CKB,0.20093922,0.0,0.0
CKM,0.4025872,0.0,0.0
CKMT1B,0.16411795,0.0,0.0
CKMT2,0.0073484587,0.0,0.0
CKS1B,0.546345,1.0,-1.0
CKS2,0.40095598,0.0,-1.0
CLASP1,0.35518965,0.0,-1.0
CLASP2,0.42917782,0.0,-1.0
CLASRP,0.12411206,0.0,0.0
CLCA1,0.15504824,0.0,0.0
CLCA2,0.16588657,0.0,0.0
CLCC1,0.011438557,0.0,0.0
CLCF1,7.202538e-07,0.0,0.0
CLCN1,0.016858311,0.0,-1.0
CLCN2,0.075987294,0.0,-1.0
CLCN3,0.4055865,0.0,0.0
CLCN5,0.06658356,0.0,-1.0
CLCN6,0.0059466613,0.0,0.0
CLCN7,0.041403227,0.0,-1.0
CLCNKA,0.0002358053,0.0,-1.0
CLCNKB,2.7355858e-19,0.0,-1.0
CLDN1,0.10011786,0.0,-1.0
CLDN10,0.0005385785,0.0,-1.0
CLDN11,0.033475216,0.0,-1.0
CLDN12,0.00018391342,0.0,-1.0
CLDN14,3.1202807e-10,0.0,-1.0
CLDN15,2.705069e-10,0.0,-1.0
CLDN16,8.488799e-05,0.0,-1.0
CLDN17,3.5507615e-08,0.0,-1.0
CLDN18,8.302036e-15,0.0,-1.0
CLDN19,6.654853e-10,0.0,-1.0
CLDN2,0.011943759,0.0,-1.0
CLDN20,7.722376e-05,0.0,-1.0
CLDN3,0.0015907782,0.0,-1.0
CLDN4,0.0015025696,0.0,-1.0
CLDN5,0.0003579151,0.0,-1.0
CLDN6,0.003372813,0.0,-1.0
CLDN7,0.088478856,0.0,-1.0
CLDN8,0.0028340386,0.0,-1.0
CLDND1,1.6789611e-06,0.0,0.0
CLDND2,0.0011959313,0.0,0.0
CLEC10A,3.978379e-08,0.0,0.0
CLEC11A,0.19439067,0.0,0.0
CLEC12A,0.29744208,0.0,0.0
CLEC16A,0.029322844,0.0,0.0
CLEC17A,2.7314301e-05,0.0,0.0
CLEC18A,0.0140555035,0.0,0.0
CLEC18C,2.3453438e-08,0.0,0.0
CLEC19A,3.936832e-08,0.0,-1.0
CLEC1A,5.6283297e-06,0.0,0.0
CLEC1B,0.8425607,1.0,-1.0
CLEC2A,0.0,0.0,0.0
CLEC2B,5.3996483e-09,0.0,0.0
CLEC2D,0.0008390708,0.0,0.0
CLEC2L,0.00017172031,0.0,0.0
CLEC3B,0.50023663,1.0,0.0
CLEC4A,3.9003204e-05,0.0,0.0
CLEC4C,0.0014630035,0.0,0.0
CLEC4D,9.022852e-15,0.0,0.0
CLEC4E,3.866697e-06,0.0,0.0
CLEC4F,2.564784e-10,0.0,0.0
CLEC4G,0.070181854,0.0,-1.0
CLEC4M,0.0014443451,0.0,0.0
CLEC5A,0.016609471,0.0,0.0
CLEC6A,9.022852e-15,0.0,0.0
CLEC7A,9.502403e-06,0.0,-1.0
CLGN,0.012722134,0.0,0.0
CLHC1,0.00010017495,0.0,0.0
CLIC1,0.18212128,0.0,-1.0
CLIC2,0.0127044665,0.0,0.0
CLIC3,0.08664351,0.0,0.0
CLIC4,0.16510448,0.0,-1.0
CLIC5,0.027363675,0.0,-1.0
CLIC6,0.10304902,0.0,0.0
CLINT1,0.39703467,0.0,0.0
CLIP1,0.1932744,0.0,1.0
CLIP2,0.14326817,0.0,-1.0
CLIP3,0.033148054,0.0,0.0
CLIP4,0.09357263,0.0,0.0
CLK1,6.782465e-08,0.0,0.0
CLK2,0.08339186,0.0,0.0
CLK3,0.38588646,0.0,-1.0
CLK4,0.05936055,0.0,-1.0
CLMN,8.6614145e-06,0.0,0.0
CLN3,0.042539492,0.0,-1.0
CLN5,7.0866845e-05,0.0,-1.0
CLN6,0.04756374,0.0,-1.0
CLN8,0.051491167,0.0,-1.0
CLNK,0.018350387,0.0,0.0
CLNS1A,0.114577055,0.0,0.0
CLOCK,0.3276263,0.0,0.0
CLP1,0.0066727228,0.0,-1.0
CLPB,0.22615607,0.0,0.0
CLPP,0.011218978,0.0,0.0
CLPS,3.972548e-07,0.0,0.0
CLPSL1,0.0013212991,0.0,0.0
CLPSL2,3.800487e-14,0.0,0.0
CLPTM1,0.10621328,0.0,0.0
CLPTM1L,0.015033822,0.0,0.0
CLPX,0.07357644,0.0,0.0
CLRN3,0.0002486451,0.0,0.0
CLSPN,0.3965945,0.0,-1.0
CLSTN1,0.48245403,0.0,0.0
CLSTN3,0.0009946873,0.0,0.0
CLTA,0.6125011,1.0,0.0
CLTB,0.45965493,0.0,0.0
CLTC,0.71609724,1.0,1.0
CLTCL1,0.5346336,1.0,1.0
CLTRN,1.9936135e-08,0.0,0.0
CLU,0.4742086,0.0,-1.0
CLUAP1,0.046440445,0.0,-1.0
CLUH,0.07424969,0.0,0.0
CLVS1,6.4458123e-07,0.0,0.0
CLVS2,0.010290695,0.0,0.0
CLYBL,0.03136016,0.0,0.0
CMA1,0.025833683,0.0,0.0
CMAS,0.1104718,0.0,0.0
CMBL,0.13105752,0.0,0.0
CMC1,0.00047054468,0.0,0.0
CMC2,3.920891e-05,0.0,0.0
CMC4,0.05409445,0.0,-1.0
CMIP,0.07222094,0.0,0.0
CMKLR1,2.347792e-05,0.0,-1.0
CMKLR2,0.00015415819,0.0,0.0
CMPK1,0.14241599,0.0,0.0
CMSS1,0.1598471,0.0,0.0
CMTM1,1.5423612e-09,0.0,0.0
CMTM2,1.0029185e-08,0.0,0.0
CMTM3,0.023334747,0.0,0.0
CMTM4,0.0023251164,0.0,0.0
CMTM5,0.0016507596,0.0,0.0
CMTM6,0.022806013,0.0,0.0
CMTM7,0.0010938012,0.0,-1.0
CMTM8,7.853119e-12,0.0,0.0
CMTR1,0.09545914,0.0,-1.0
CMTR2,7.305832e-05,0.0,1.0
CMYA5,0.54314774,1.0,0.0
CNBP,0.29683554,0.0,1.0
CNDP1,0.002795703,0.0,0.0
CNDP2,0.007859528,0.0,-1.0
CNEP1R1,1.925498e-06,0.0,0.0
CNGA1,0.00020655873,0.0,-1.0
CNGA2,0.00427524,0.0,0.0
CNGA3,1.0788853e-10,0.0,-1.0
CNGA4,0.0016369553,0.0,-1.0
CNGB1,1.7788578e-06,0.0,-1.0
CNGB3,6.1035427e-13,0.0,-1.0
CNIH1,2.4964137e-09,0.0,0.0
CNIH3,6.403817e-10,0.0,0.0
CNIH4,0.00570722,0.0,0.0
CNKSR1,0.749472,1.0,-1.0
CNKSR2,0.49909186,0.0,0.0
CNKSR3,0.060432687,0.0,0.0
CNN1,0.060221925,0.0,0.0
CNN2,0.21238944,0.0,0.0
CNN3,0.17523398,0.0,0.0
CNNM1,0.08525008,0.0,0.0
CNNM2,0.07741445,0.0,0.0
CNNM3,0.21954213,0.0,0.0
CNNM4,0.039118834,0.0,-1.0
CNOT1,0.45873883,0.0,-1.0
CNOT10,0.11853745,0.0,0.0
CNOT11,0.14128545,0.0,0.0
CNOT2,0.31131104,0.0,0.0
CNOT3,0.28149784,0.0,1.0
CNOT4,0.034066174,0.0,0.0
CNOT6,0.13840315,0.0,0.0
CNOT6L,0.08191983,0.0,0.0
CNOT7,0.36151648,0.0,0.0
CNOT8,0.010238383,0.0,0.0
CNP,0.30572605,0.0,0.0
CNPY2,0.024514107,0.0,0.0
CNPY3,0.05572191,0.0,0.0
CNPY4,0.00392785,0.0,0.0
CNR1,0.42982304,0.0,0.0
CNR2,0.1346761,0.0,-1.0
CNRIP1,0.0001140396,0.0,0.0
CNST,0.24897382,0.0,0.0
CNTD1,3.5009598e-10,0.0,0.0
CNTF,0.14258431,0.0,0.0
CNTFR,0.22002827,0.0,0.0
CNTLN,0.013907714,0.0,-1.0
CNTN1,0.48045358,0.0,-1.0
CNTN2,0.19568625,0.0,0.0
CNTN3,1.4610441e-05,0.0,0.0
CNTN4,0.06856758,0.0,-1.0
CNTN5,1.2916666e-12,0.0,0.0
CNTN6,0.0092281895,0.0,-1.0
CNTNAP1,0.31843403,0.0,-1.0
CNTNAP2,0.11035753,0.0,-1.0
CNTNAP3,0.06720268,0.0,-1.0
CNTNAP3B,0.034752343,0.0,0.0
CNTNAP4,0.16054948,0.0,0.0
CNTRL,0.18368715,0.0,1.0
CNTROB,0.21059936,0.0,0.0
COA1,0.0016127955,0.0,-1.0
COA3,0.0006045961,0.0,0.0
COA5,0.0005726484,0.0,-1.0
COA6,0.10817729,0.0,0.0
COA7,0.0151183335,0.0,0.0
COA8,0.001252459,0.0,0.0
COASY,0.10430453,0.0,0.0
COBL,0.27835655,0.0,0.0
COBLL1,0.20825385,0.0,0.0
COCH,0.077534676,0.0,0.0
COG1,0.09731309,0.0,-1.0
COG2,0.30472475,0.0,0.0
COG3,0.11855777,0.0,0.0
COG4,0.43765286,0.0,-1.0
COG5,0.46011674,0.0,-1.0
COG6,0.400066,0.0,-1.0
COG7,0.27103508,0.0,-1.0
COG8,0.07155333,0.0,-1.0
COIL,0.56081784,1.0,-1.0
COL10A1,0.03524033,0.0,-1.0
COL11A1,0.049789023,0.0,-1.0
COL11A2,0.078848444,0.0,-1.0
COL12A1,0.44703785,0.0,-1.0
COL13A1,0.60472965,1.0,0.0
COL14A1,0.4714548,0.0,-1.0
COL15A1,9.539873e-05,0.0,0.0
COL16A1,0.48083395,0.0,-1.0
COL17A1,0.57637066,1.0,-1.0
COL18A1,0.7932797,1.0,-1.0
COL19A1,1.7030697e-08,0.0,-1.0
COL1A1,0.89610344,1.0,1.0
COL1A2,0.71937597,1.0,-1.0
COL20A1,4.3235385e-05,0.0,0.0
COL23A1,0.0012343887,0.0,0.0
COL24A1,2.6026688e-05,0.0,0.0
COL25A1,0.002224503,0.0,-1.0
COL26A1,0.006062568,0.0,0.0
COL2A1,0.14141582,0.0,1.0
COL3A1,0.7488754,1.0,-1.0
COL4A1,0.15485281,0.0,-1.0
COL4A2,0.03871001,0.0,-1.0
COL4A3,0.60983634,1.0,-1.0
COL4A4,0.5519534,1.0,-1.0
COL4A5,0.83332664,1.0,-1.0
COL4A6,0.34818652,0.0,-1.0
COL5A1,0.5165013,1.0,-1.0
COL5A2,0.2668615,0.0,-1.0
COL5A3,0.0002878442,0.0,-1.0
COL6A1,0.17025426,0.0,-1.0
COL6A2,0.0015952371,0.0,-1.0
COL6A3,0.45607555,0.0,-1.0
COL7A1,0.20592265,0.0,-1.0
COL8A1,0.021809012,0.0,0.0
COL8A2,0.114817135,0.0,-1.0
COL9A1,0.1665406,0.0,-1.0
COL9A2,0.070594065,0.0,-1.0
COL9A3,0.03793043,0.0,-1.0
COLEC10,7.759639e-05,0.0,0.0
COLEC11,0.0020788168,0.0,0.0
COLEC12,0.4106373,0.0,0.0
COLGALT1,0.15610304,0.0,0.0
COLGALT2,0.0006119317,0.0,0.0
COLQ,0.00031478473,0.0,-1.0
COMMD1,0.4261169,0.0,0.0
COMMD10,0.014960262,0.0,0.0
COMMD2,0.07791779,0.0,0.0
COMMD3,0.029252423,0.0,0.0
COMMD3-BMI1,0.4861839,0.0,-1.0
COMMD4,0.12505364,0.0,0.0
COMMD5,0.014250901,0.0,0.0
COMMD6,0.10200418,0.0,0.0
COMMD7,0.018538728,0.0,0.0
COMMD8,0.1703413,0.0,0.0
COMMD9,0.014673835,0.0,0.0
COMP,0.00014530064,0.0,-1.0
COMT,0.09257203,0.0,0.0
COMTD1,0.20810898,0.0,0.0
COP1,0.4579545,0.0,1.0
COPA,0.35560626,0.0,0.0
COPB1,0.22295773,0.0,0.0
COPB2,0.18108638,0.0,-1.0
COPE,0.054474656,0.0,0.0
COPG1,0.26054785,0.0,0.0
COPG2,0.28522706,0.0,0.0
COPRS,0.11337577,0.0,0.0
COPS2,0.2500628,0.0,-1.0
COPS3,0.19295493,0.0,0.0
COPS4,0.21489537,0.0,0.0
COPS5,0.2739582,0.0,0.0
COPS6,0.42458662,0.0,0.0
COPS7A,0.21240373,0.0,0.0
COPS7B,0.15215805,0.0,0.0
COPS8,0.15905726,0.0,0.0
COPS9,0.03843144,0.0,0.0
COPZ1,0.12303248,0.0,0.0
COPZ2,0.0072402325,0.0,0.0
COQ10A,0.0012159552,0.0,0.0
COQ10B,0.01015005,0.0,-1.0
COQ2,0.0028931238,0.0,0.0
COQ3,0.005580306,0.0,0.0
COQ4,0.0038018748,0.0,0.0
COQ5,3.1774995e-05,0.0,0.0
COQ6,0.0075224806,0.0,0.0
COQ7,0.0051423325,0.0,0.0
COQ8A,0.08336075,0.0,-1.0
COQ8B,0.0063836467,0.0,0.0
COQ9,3.541544e-05,0.0,0.0
CORO1A,0.1726031,0.0,-1.0
CORO1B,0.37315682,0.0,0.0
CORO1C,0.2846411,0.0,-1.0
CORO2A,0.34421235,0.0,-1.0
CORO2B,0.03799277,0.0,-1.0
CORO6,0.06309179,0.0,0.0
CORO7,0.030941242,0.0,0.0
CORT,0.0470284,0.0,0.0
COTL1,0.041802406,0.0,-1.0
COX11,0.008791416,0.0,0.0
COX14,0.00047804773,0.0,0.0
COX15,0.0024895,0.0,-1.0
COX16,0.00072133867,0.0,0.0
COX17,0.048276663,0.0,0.0
COX19,4.7433595e-11,0.0,-1.0
COX20,0.03916885,0.0,0.0
COX4I1,0.016849725,0.0,0.0
COX4I2,0.010476355,0.0,-1.0
COX5A,0.0775498,0.0,0.0
COX5B,0.07016846,0.0,0.0
COX6A1,0.1203906,0.0,0.0
COX6A2,0.0032981762,0.0,0.0
COX6B1,0.16864195,0.0,-1.0
COX6B2,0.021622201,0.0,0.0
COX6C,0.06011135,0.0,-1.0
COX7A2,0.033637367,0.0,0.0
COX7A2L,0.0019684772,0.0,0.0
COX7B,0.029332714,0.0,0.0
COX7C,0.0076783155,0.0,-1.0
COX8A,0.004222173,0.0,0.0
CP,0.055624325,0.0,0.0
CPA1,1.4744029e-05,0.0,0.0
CPA4,0.012820533,0.0,0.0
CPA6,4.1942437e-13,0.0,-1.0
CPAMD8,0.05442563,0.0,0.0
CPB2,0.0002553972,0.0,0.0
CPD,0.10384,0.0,0.0
CPE,0.06312395,0.0,0.0
CPEB1,0.35914302,0.0,-1.0
CPEB3,0.23307215,0.0,1.0
CPEB4,0.32922772,0.0,-1.0
CPED1,6.5674213e-09,0.0,0.0
CPLANE1,0.041181903,0.0,0.0
CPLANE2,0.015544866,0.0,0.0
CPLX1,0.024237562,0.0,0.0
CPLX2,0.03067065,0.0,-1.0
CPLX3,0.0030007046,0.0,0.0
CPLX4,0.0029444613,0.0,0.0
CPM,0.15188694,0.0,-1.0
CPN1,0.006991456,0.0,0.0
CPN2,0.018908905,0.0,0.0
CPNE1,0.1152733,0.0,-1.0
CPNE2,0.11880768,0.0,0.0
CPNE3,0.12805928,0.0,0.0
CPNE4,0.04047485,0.0,0.0
CPNE6,0.24232092,0.0,0.0
CPNE7,0.027315637,0.0,0.0
CPNE8,0.08814698,0.0,0.0
CPNE9,1.1535491e-11,0.0,0.0
CPOX,0.10190051,0.0,-1.0
CPPED1,0.0057775397,0.0,0.0
CPS1,0.31340316,0.0,-1.0
CPSF1,0.28371546,0.0,0.0
CPSF2,0.22549613,0.0,0.0
CPSF3,0.1184262,0.0,0.0
CPSF4,0.121503495,0.0,0.0
CPSF4L,0.0022380976,0.0,0.0
CPSF6,0.15584446,0.0,0.0
CPSF7,0.23803826,0.0,0.0
CPT1A,0.27629718,0.0,0.0
CPT1B,1.0746648e-10,0.0,0.0
CPT2,0.032859057,0.0,0.0
CPTP,0.00019449837,0.0,0.0
CPVL,0.2696442,0.0,0.0
CPXM1,0.021594878,0.0,0.0
CPXM2,2.2110768e-08,0.0,-1.0
CPZ,0.048090387,0.0,0.0
CR1,0.06673317,0.0,-1.0
CR1L,3.8858856e-05,0.0,-1.0
CR2,0.01854904,0.0,-1.0
CRABP1,0.018011738,0.0,-1.0
CRABP2,0.10336265,0.0,-1.0
CRACD,0.24759257,0.0,-1.0
CRACR2A,0.015277654,0.0,0.0
CRACR2B,9.834362e-06,0.0,0.0
CRADD,0.13901947,0.0,-1.0
CRAMP1,0.039962668,0.0,0.0
CRAT,0.06533657,0.0,0.0
CRB1,0.08773369,0.0,-1.0
CRB2,0.0029131272,0.0,-1.0
CRB3,0.016954487,0.0,-1.0
CRBN,0.22360788,0.0,1.0
CRCP,0.0071194903,0.0,0.0
CRCT1,7.64213e-05,0.0,0.0
CREB1,0.97936994,1.0,1.0
CREB3,1.3308969e-10,0.0,-1.0
CREB3L1,0.110657714,0.0,1.0
CREB3L2,0.40400514,0.0,1.0
CREB3L3,0.0053876583,0.0,-1.0
CREB3L4,0.007546705,0.0,-1.0
CREB5,0.5227487,1.0,-1.0
CREBBP,0.9977837,1.0,1.0
CREBL2,0.0048234854,0.0,0.0
CREBRF,0.000516721,0.0,0.0
CREBZF,0.10029904,0.0,-1.0
CREG1,0.03859771,0.0,-1.0
CRELD1,0.1015914,0.0,-1.0
CRELD2,0.00827076,0.0,-1.0
CREM,0.8404088,1.0,0.0
CRH,0.34650677,0.0,0.0
CRHBP,6.355321e-05,0.0,0.0
CRHR2,3.9616744e-08,0.0,0.0
CRIM1,0.08704253,0.0,0.0
CRIP1,0.07816051,0.0,0.0
CRIP2,0.29438543,0.0,-1.0
CRIPAK,0.07887412,0.0,0.0
CRIPT,0.30175093,0.0,0.0
CRISP3,8.352052e-11,0.0,0.0
CRISPLD2,2.5233849e-06,0.0,0.0
CRK,0.38675636,0.0,-1.0
CRKL,0.6141312,1.0,1.0
CRLF1,1.4194839e-07,0.0,0.0
CRLF2,0.7875041,1.0,1.0
CRLF3,0.119514935,0.0,0.0
CRLS1,0.0007199226,0.0,0.0
CRMP1,0.35972583,0.0,0.0
CRNKL1,0.074936025,0.0,1.0
CRNN,0.105827995,0.0,0.0
CROCC,0.117748626,0.0,0.0
CROT,0.21243292,0.0,0.0
CRP,0.2895012,0.0,-1.0
CRTAC1,0.00632418,0.0,0.0
CRTAM,0.0071452144,0.0,-1.0
CRTAP,0.17397217,0.0,-1.0
CRTC1,0.30278194,0.0,1.0
CRTC2,0.37513787,0.0,-1.0
CRTC3,0.3500532,0.0,1.0
CRX,0.0017650635,0.0,-1.0
CRY1,0.44055378,0.0,0.0
CRY2,0.481676,0.0,0.0
CRYAB,0.11716643,0.0,-1.0
CRYBA1,0.0066321315,0.0,0.0
CRYBA2,0.009049858,0.0,0.0
CRYBA4,4.059055e-05,0.0,0.0
CRYBB1,0.0013726831,0.0,0.0
CRYBB2,3.4510616e-05,0.0,0.0
CRYBB3,0.024692733,0.0,0.0
CRYBG1,0.11365895,0.0,0.0
CRYBG3,0.08658578,0.0,0.0
CRYGA,6.211275e-08,0.0,0.0
CRYGB,3.5046174e-12,0.0,0.0
CRYGC,2.99431e-08,0.0,-1.0
CRYGD,1.1952188e-05,0.0,-1.0
CRYGS,0.06945882,0.0,0.0
CRYL1,8.81887e-06,0.0,0.0
CRYM,0.116318665,0.0,0.0
CRYZ,0.12921241,0.0,0.0
CRYZL1,0.012324886,0.0,0.0
CS,0.069781154,0.0,-1.0
CSAD,0.15607287,0.0,0.0
CSAG1,0.28695145,0.0,0.0
CSDC2,0.11194315,0.0,0.0
CSDE1,0.11392696,0.0,-1.0
CSE1L,0.3021524,0.0,-1.0
CSF1,0.1139466,0.0,-1.0
CSF1R,0.54797965,1.0,1.0
CSF2,0.5629306,1.0,-1.0
CSF2RA,0.8186395,1.0,-1.0
CSF2RB,0.8884104,1.0,-1.0
CSF3,0.4425547,0.0,0.0
CSF3R,0.8682418,1.0,1.0
CSGALNACT1,0.06351996,0.0,0.0
CSGALNACT2,0.017995046,0.0,0.0
CSH1,0.18385978,0.0,-1.0
CSH2,0.5749645,1.0,0.0
CSHL1,5.5943093e-07,0.0,0.0
CSK,0.95718527,1.0,0.0
CSMD1,0.0006369293,0.0,0.0
CSMD2,0.6943947,1.0,-1.0
CSMD3,5.824493e-18,0.0,-1.0
CSN1S1,0.00336477,0.0,0.0
CSN2,0.022801388,0.0,0.0
CSN3,0.1308037,0.0,0.0
CSNK1A1,0.5583263,1.0,-1.0
CSNK1A1L,0.14903459,0.0,-1.0
CSNK1D,0.4242058,0.0,-1.0
CSNK1G1,0.38816682,0.0,0.0
CSNK1G2,0.3631534,0.0,0.0
CSNK1G3,0.39024442,0.0,0.0
CSNK2A1,0.84839934,1.0,-1.0
CSNK2A2,0.75383157,1.0,-1.0
CSNK2A3,1.0058336e-09,0.0,-1.0
CSNK2B,0.83401316,1.0,-1.0
CSPG4,0.4131868,0.0,-1.0
CSPG5,0.010402997,0.0,0.0
CSPP1,0.26268515,0.0,0.0
CSRNP1,0.067149624,0.0,0.0
CSRNP2,0.045197826,0.0,0.0
CSRNP3,4.6469525e-10,0.0,0.0
CSRP1,0.15298489,0.0,0.0
CSRP2,0.09201581,0.0,0.0
CSRP3,0.30681807,0.0,-1.0
CST1,0.003059029,0.0,0.0
CST11,1.2214638e-06,0.0,0.0
CST2,0.032298774,0.0,0.0
CST3,0.16482385,0.0,-1.0
CST4,0.18137841,0.0,0.0
CST5,9.209836e-15,0.0,0.0
CST6,0.07569203,0.0,-1.0
CST7,7.295486e-05,0.0,0.0
CST9,0.014358562,0.0,0.0
CST9L,0.00056347693,0.0,0.0
CSTA,0.7678414,1.0,-1.0
CSTB,0.13654259,0.0,-1.0
CSTF1,0.3279981,0.0,0.0
CSTF2,0.49464145,0.0,0.0
CSTF2T,0.30199325,0.0,0.0
CSTF3,0.21983133,0.0,0.0
CT45A1,0.0982095,0.0,0.0
CT45A10,0.02404521,0.0,0.0
CT45A2,0.025279261,0.0,0.0
CT45A3,0.03463887,0.0,0.0
CT45A6,0.031107076,0.0,0.0
CT55,0.035080615,0.0,0.0
CTAG1B,0.0062627466,0.0,0.0
CTAG2,0.1319336,0.0,0.0
CTBP1,0.8772614,1.0,-1.0
CTBP2,0.9789237,1.0,-1.0
CTC1,0.00879689,0.0,0.0
CTCF,0.34352723,0.0,1.0
CTCFL,0.25240976,0.0,-1.0
CTDNEP1,0.0003062726,0.0,-1.0
CTDP1,0.14862546,0.0,-1.0
CTDSP1,0.58254004,1.0,-1.0
CTDSP2,0.14476262,0.0,0.0
CTDSPL,0.14865834,0.0,-1.0
CTDSPL2,0.045409463,0.0,0.0
CTF1,0.24360679,0.0,0.0
CTH,0.060018945,0.0,0.0
CTHRC1,4.548664e-06,0.0,-1.0
CTIF,0.096741535,0.0,-1.0
CTLA4,0.56568617,1.0,1.0
CTNNA1,0.8989971,1.0,-1.0
CTNNA2,0.4416049,0.0,1.0
CTNNA3,0.12432778,0.0,-1.0
CTNNAL1,0.20284182,0.0,0.0
CTNNB1,0.9921563,1.0,1.0
CTNNBIP1,0.23696175,0.0,-1.0
CTNNBL1,0.13700184,0.0,0.0
CTNND1,0.6011555,1.0,1.0
CTNND2,0.56121325,1.0,1.0
CTPS1,0.19705823,0.0,0.0
CTPS2,0.109001994,0.0,0.0
CTR9,0.32410446,0.0,1.0
CTRB1,0.016858699,0.0,0.0
CTRC,0.0008847176,0.0,0.0
CTRL,0.008304512,0.0,0.0
CTSA,0.07471463,0.0,-1.0
CTSB,0.43381736,0.0,-1.0
CTSC,0.18085603,0.0,-1.0
CTSD,0.3688967,0.0,-1.0
CTSE,0.03864463,0.0,0.0
CTSF,0.046634935,0.0,0.0
CTSG,0.23827572,0.0,0.0
CTSH,2.5309902e-05,0.0,-1.0
CTSK,0.02355857,0.0,-1.0
CTSL,0.05040132,0.0,-1.0
CTSO,0.18399346,0.0,0.0
CTSS,1.2781315e-08,0.0,-1.0
CTSV,0.28242016,0.0,0.0
CTSW,1.0067275e-10,0.0,0.0
CTSZ,0.030392302,0.0,0.0
CTTN,0.8176947,1.0,-1.0
CTTNBP2,0.20765565,0.0,0.0
CTTNBP2NL,0.2775376,0.0,0.0
CTU1,0.02305572,0.0,0.0
CTU2,0.0067216936,0.0,-1.0
CTXN3,0.00013770664,0.0,0.0
CUBN,0.0019514796,0.0,-1.0
CUEDC1,0.13041325,0.0,-1.0
CUEDC2,0.16895306,0.0,0.0
CUL1,0.8590299,1.0,-1.0
CUL2,0.60943204,1.0,-1.0
CUL3,0.4958332,0.0,1.0
CUL4A,0.16547818,0.0,-1.0
CUL4B,0.5391572,1.0,-1.0
CUL5,0.4204202,0.0,-1.0
CUL7,0.3727248,0.0,-1.0
CUL9,0.33371106,0.0,-1.0
CUTA,0.06335932,0.0,0.0
CUTC,0.09518054,0.0,0.0
CUX1,0.88968474,1.0,1.0
CUX2,0.0002468247,0.0,0.0
CUZD1,2.3145736e-08,0.0,0.0
CWC15,0.11366231,0.0,0.0
CWC22,0.09895902,0.0,-1.0
CWC25,0.045274958,0.0,0.0
CWC27,0.11088371,0.0,0.0
CWF19L1,0.09500342,0.0,0.0
CWF19L2,0.099269114,0.0,0.0
CX3CL1,0.0,0.0,-1.0
CX3CR1,0.0,0.0,-1.0
CXADR,0.05616813,0.0,-1.0
CXCL1,0.10020552,0.0,-1.0
CXCL10,0.027338443,0.0,-1.0
CXCL11,0.0026583555,0.0,0.0
CXCL12,0.036697607,0.0,-1.0
CXCL13,1.2353386e-05,0.0,0.0
CXCL14,0.0098570585,0.0,-1.0
CXCL16,9.564996e-05,0.0,0.0
CXCL2,0.22616802,0.0,-1.0
CXCL3,0.13159315,0.0,-1.0
CXCL5,0.0028001892,0.0,-1.0
CXCL6,0.037704643,0.0,0.0
CXCL8,0.61027503,1.0,-1.0
CXCL9,0.0042307074,0.0,0.0
CXCR1,0.74136496,1.0,-1.0
CXCR2,0.76432616,1.0,-1.0
CXCR3,0.007869958,0.0,-1.0
CXCR4,0.58499396,1.0,1.0
CXCR5,0.049880896,0.0,0.0
CXCR6,3.1516524e-06,0.0,0.0
CXXC1,0.29731625,0.0,0.0
CXXC4,0.045346234,0.0,-1.0
CXXC5,0.3386436,0.0,-1.0
CXorf38,0.0015040018,0.0,0.0
CXorf58,3.2213347e-08,0.0,0.0
CYB561,0.0037340398,0.0,0.0
CYB561A3,5.4075303e-05,0.0,0.0
CYB561D2,0.004908181,0.0,0.0
CYB5A,8.34709e-06,0.0,-1.0
CYB5B,0.010858154,0.0,0.0
CYB5D1,5.485024e-05,0.0,0.0
CYB5D2,3.0471714e-08,0.0,0.0
CYB5R1,0.030764963,0.0,0.0
CYB5R2,0.00025807924,0.0,0.0
CYB5R3,0.02574911,0.0,-1.0
CYB5R4,2.9124388e-07,0.0,-1.0
CYBA,0.11970808,0.0,0.0
CYBB,0.52647704,1.0,-1.0
CYBC1,0.0076738372,0.0,0.0
CYBRD1,0.12841524,0.0,0.0
CYC1,0.16221409,0.0,0.0
CYCS,0.35158467,0.0,-1.0
CYFIP1,0.6160449,1.0,-1.0
CYFIP2,0.541429,1.0,0.0
CYGB,4.301881e-06,0.0,0.0
CYHR1,0.03568143,0.0,0.0
CYLC2,0.18586296,0.0,0.0
CYLD,0.41132462,0.0,1.0
CYP11A1,0.19713697,0.0,0.0
CYP11B1,1.40597685e-08,0.0,-1.0
CYP11B2,1.7646713e-06,0.0,-1.0
CYP17A1,0.0037891602,0.0,-1.0
CYP19A1,0.30675068,0.0,1.0
CYP1A1,0.03982001,0.0,-1.0
CYP1A2,4.1509406e-07,0.0,0.0
CYP1B1,0.005173846,0.0,-1.0
CYP20A1,6.0009184e-05,0.0,0.0
CYP21A2,0.00040734553,0.0,-1.0
CYP24A1,0.003949496,0.0,-1.0
CYP26A1,0.000100254176,0.0,0.0
CYP26B1,1.3236597e-09,0.0,0.0
CYP27A1,0.10834421,0.0,-1.0
CYP27C1,0.029330995,0.0,-1.0
CYP2A6,0.0076892707,0.0,-1.0
CYP2C18,0.05791036,0.0,-1.0
CYP2C19,0.0003593291,0.0,0.0
CYP2C8,0.19206214,0.0,1.0
CYP2C9,0.09674449,0.0,-1.0
CYP2D6,0.00063409336,0.0,-1.0
CYP2E1,5.339342e-06,0.0,-1.0
CYP2J2,1.8822614e-07,0.0,0.0
CYP2R1,4.8817526e-08,0.0,-1.0
CYP2S1,0.028170552,0.0,0.0
CYP2W1,0.0027532447,0.0,-1.0
CYP39A1,0.004252792,0.0,0.0
CYP3A4,0.0007685943,0.0,0.0
CYP3A5,1.5602215e-08,0.0,0.0
CYP46A1,1.1992789e-05,0.0,0.0
CYP4A11,0.000417846,0.0,-1.0
CYP4B1,7.400214e-11,0.0,-1.0
CYP4F11,2.6276179e-05,0.0,0.0
CYP4F12,0.0011565402,0.0,0.0
CYP4F2,0.26583442,0.0,0.0
CYP4F8,1.3385552e-07,0.0,0.0
CYP4V2,0.021726375,0.0,0.0
CYP4X1,0.00021094701,0.0,0.0
CYP51A1,0.14304549,0.0,0.0
CYP7A1,0.004343256,0.0,-1.0
CYP8B1,5.7971357e-07,0.0,0.0
CYREN,2.6071475e-05,0.0,0.0
CYRIA,3.0541754e-09,0.0,-1.0
CYRIB,9.64363e-05,0.0,0.0
CYSLTR1,0.9900295,1.0,0.0
CYSLTR2,0.88817024,1.0,1.0
CYSRT1,2.1447236e-10,0.0,0.0
CYSTM1,0.004851511,0.0,0.0
CYTH1,0.032535683,0.0,0.0
CYTH2,0.41087532,0.0,0.0
CYTH3,0.015809532,0.0,0.0
CYTH4,0.009749193,0.0,0.0
CYTIP,0.2057564,0.0,0.0
CYYR1,0.0015766827,0.0,0.0
CZIB,0.012594831,0.0,0.0
D2HGDH,0.07378778,0.0,0.0
DAAM1,0.42040178,0.0,-1.0
DAAM2,0.004765038,0.0,0.0
DAB1,0.7584622,1.0,-1.0
DAB2,0.6474358,1.0,-1.0
DAB2IP,0.27074826,0.0,-1.0
DACH1,0.5970971,1.0,-1.0
DACH2,0.011120493,0.0,-1.0
DACT1,0.24954765,0.0,0.0
DACT2,0.035160933,0.0,0.0
DACT3,0.051794413,0.0,0.0
DAD1,0.010148488,0.0,0.0
DAG1,0.5498267,1.0,-1.0
DAGLA,0.042958062,0.0,-1.0
DAGLB,0.07270412,0.0,0.0
DALRD3,0.060323045,0.0,0.0
DAO,4.236996e-09,0.0,-1.0
DAOA,5.590125e-13,0.0,0.0
DAP,0.029136969,0.0,-1.0
DAP3,0.101078145,0.0,0.0
DAPK1,0.3952795,0.0,-1.0
DAPK2,0.19814028,0.0,-1.0
DAPK3,0.51281005,1.0,-1.0
DAPP1,0.027543405,0.0,0.0
DARS1,0.30890104,0.0,0.0
DARS2,0.40786642,0.0,0.0
DAW1,4.204854e-06,0.0,0.0
DAXX,0.8999174,1.0,1.0
DAZ1,0.0028595875,0.0,-1.0
DAZ3,8.800967e-08,0.0,-1.0
DAZ4,0.00034771656,0.0,-1.0
DAZAP1,0.12993562,0.0,-1.0
DAZAP2,0.21263868,0.0,0.0
DAZL,0.0009812163,0.0,0.0
DBF4,0.047020484,0.0,0.0
DBF4B,0.07073005,0.0,0.0
DBH,0.0024656923,0.0,0.0
DBI,0.5679128,1.0,-1.0
DBN1,0.707625,1.0,-1.0
DBNDD2,0.028077157,0.0,0.0
DBNL,0.10651607,0.0,0.0
DBP,0.28926525,0.0,0.0
DBR1,0.38430756,0.0,-1.0
DBT,0.12987635,0.0,-1.0
DCAF10,0.042794302,0.0,0.0
DCAF11,0.03445332,0.0,0.0
DCAF12,0.034493256,0.0,0.0
DCAF12L1,0.010943953,0.0,0.0
DCAF12L2,0.081114344,0.0,1.0
DCAF13,0.06567145,0.0,0.0
DCAF15,0.029735213,0.0,-1.0
DCAF16,0.22057655,0.0,0.0
DCAF17,0.034170046,0.0,0.0
DCAF4,0.051111937,0.0,0.0
DCAF4L1,0.0007508548,0.0,0.0
DCAF4L2,0.024676427,0.0,-1.0
DCAF5,0.07878912,0.0,0.0
DCAF6,0.15283792,0.0,0.0
DCAF7,0.7203582,1.0,0.0
DCAF8,0.110902295,0.0,0.0
DCAKD,0.18694434,0.0,0.0
DCANP1,4.6341673e-05,0.0,0.0
DCBLD1,0.016427932,0.0,0.0
DCBLD2,0.09086132,0.0,0.0
DCC,0.867793,1.0,1.0
DCD,0.4862401,0.0,0.0
DCDC1,0.020309163,0.0,0.0
DCDC2,0.03813783,0.0,-1.0
DCDC2B,0.004870853,0.0,0.0
DCHS1,0.19689362,0.0,-1.0
DCHS2,4.6401124e-06,0.0,0.0
DCK,0.025077755,0.0,-1.0
DCLK1,0.22827524,0.0,-1.0
DCLK2,0.074211404,0.0,0.0
DCLK3,0.06006067,0.0,0.0
DCLRE1A,0.1538862,0.0,-1.0
DCLRE1B,0.10953653,0.0,0.0
DCLRE1C,0.13346764,0.0,-1.0
DCN,0.067294404,0.0,-1.0
DCP1A,0.3472625,0.0,0.0
DCP1B,0.16639337,0.0,0.0
DCP2,0.23283496,0.0,0.0
DCPS,0.3223212,0.0,0.0
DCST1,3.9116827e-08,0.0,0.0
DCSTAMP,1.5043181e-09,0.0,-1.0
DCT,8.858192e-06,0.0,0.0
DCTD,0.038432397,0.0,-1.0
DCTN1,0.3537626,0.0,1.0
DCTN2,0.29437575,0.0,0.0
DCTN3,0.17100628,0.0,0.0
DCTN4,0.10061307,0.0,0.0
DCTN5,0.0719684,0.0,0.0
DCTN6,0.08888754,0.0,0.0
DCTPP1,0.1520088,0.0,0.0
DCUN1D1,0.6384445,1.0,1.0
DCUN1D2,0.052600462,0.0,0.0
DCUN1D3,0.06339581,0.0,0.0
DCUN1D4,0.034325596,0.0,0.0
DCUN1D5,0.57933503,1.0,0.0
DCX,0.038534805,0.0,-1.0
DCXR,0.2575817,0.0,0.0
DDA1,0.13194808,0.0,0.0
DDAH1,0.0028870692,0.0,0.0
DDAH2,0.0849763,0.0,0.0
DDB1,0.74909234,1.0,0.0
DDB2,0.19141681,0.0,1.0
DDC,0.068251945,0.0,-1.0
DDHD1,0.017707363,0.0,0.0
DDHD2,0.059951875,0.0,0.0
DDI1,0.050004672,0.0,0.0
DDI2,0.0031028136,0.0,0.0
DDIAS,4.670175e-08,0.0,0.0
DDIT3,0.015218256,0.0,1.0
DDIT4,0.2799002,0.0,-1.0
DDIT4L,0.022914527,0.0,0.0
DDN,0.0046257228,0.0,0.0
DDO,4.410714e-06,0.0,0.0
DDOST,0.08586716,0.0,0.0
DDR1,0.101179436,0.0,-1.0
DDR2,0.0665289,0.0,1.0
DDRGK1,0.099149264,0.0,0.0
DDT,0.020736039,0.0,0.0
DDTL,0.0014923093,0.0,0.0
DDX1,0.13459313,0.0,-1.0
DDX10,0.054337602,0.0,1.0
DDX11,0.09826253,0.0,0.0
DDX17,0.2784772,0.0,-1.0
DDX18,0.08987348,0.0,-1.0
DDX19A,0.17286398,0.0,0.0
DDX19B,0.3305687,0.0,0.0
DDX20,0.17232667,0.0,-1.0
DDX21,0.19587027,0.0,0.0
DDX23,0.11729129,0.0,-1.0
DDX24,0.13337606,0.0,0.0
DDX25,0.016071973,0.0,-1.0
DDX27,0.11074759,0.0,-1.0
DDX28,0.06015548,0.0,0.0
DDX31,0.08671382,0.0,0.0
DDX39A,0.59034085,1.0,0.0
DDX39B,0.32071492,0.0,0.0
DDX3X,0.26514122,0.0,1.0
DDX3Y,0.16148975,0.0,-1.0
DDX4,0.038288403,0.0,1.0
DDX41,0.16854997,0.0,1.0
DDX42,0.11020161,0.0,0.0
DDX43,0.022104027,0.0,-1.0
DDX46,0.08241993,0.0,0.0
DDX47,0.04364527,0.0,0.0
DDX49,0.09468931,0.0,0.0
DDX5,0.46567577,0.0,1.0
DDX50,0.11673514,0.0,-1.0
DDX51,0.15182497,0.0,-1.0
DDX52,0.11096847,0.0,0.0
DDX53,0.004643825,0.0,0.0
DDX54,0.076105915,0.0,-1.0
DDX55,0.05580711,0.0,-1.0
DDX56,0.1124657,0.0,0.0
DDX58,0.21209425,0.0,-1.0
DDX59,3.670343e-08,0.0,0.0
DDX6,0.33679032,0.0,1.0
DDX60,0.1601852,0.0,0.0
DDX60L,0.02547991,0.0,-1.0
DEAF1,0.38798782,0.0,0.0
DECR1,0.05138554,0.0,0.0
DECR2,0.19983691,0.0,0.0
DEDD,0.013520239,0.0,0.0
DEDD2,0.098810844,0.0,0.0
DEF6,0.5165283,1.0,0.0
DEFA1B,0.027247077,0.0,-1.0
DEFA3,0.046371393,0.0,-1.0
DEFA5,0.30403,0.0,-1.0
DEFA6,0.0516102,0.0,-1.0
DEFB1,3.601485e-06,0.0,-1.0
DEFB103B,1.5961757e-06,0.0,0.0
DEFB106A,4.2619908e-07,0.0,0.0
DEFB115,0.00022866752,0.0,-1.0
DEFB121,2.5684187e-08,0.0,0.0
DEFB127,3.3052638e-05,0.0,0.0
DEFB131A,1.748748e-07,0.0,0.0
DEFB4B,1.103144e-05,0.0,0.0
DEGS1,0.011893581,0.0,0.0
DEK,0.21445467,0.0,1.0
DELE1,5.327142e-05,0.0,0.0
DENND10,0.01835488,0.0,0.0
DENND11,0.0044521843,0.0,-1.0
DENND1A,0.2743674,0.0,0.0
DENND1B,0.010697103,0.0,0.0
DENND1C,5.984957e-08,0.0,0.0
DENND2A,2.3665292e-07,0.0,0.0
DENND2B,0.252771,0.0,-1.0
DENND2C,7.776662e-06,0.0,0.0
DENND2D,0.040273774,0.0,0.0
DENND3,0.044086453,0.0,0.0
DENND4A,0.28677315,0.0,0.0
DENND4C,0.21823467,0.0,0.0
DENND5A,0.012028893,0.0,0.0
DENND5B,0.024951052,0.0,0.0
DENND6A,0.0482769,0.0,0.0
DENND6B,5.253727e-06,0.0,0.0
DENR,0.024015088,0.0,-1.0
DEPDC1,0.06654337,0.0,0.0
DEPDC1B,0.03246575,0.0,0.0
DEPDC5,0.11112423,0.0,-1.0
DEPDC7,0.08340883,0.0,0.0
DEPP1,0.021495808,0.0,0.0
DEPTOR,0.018002767,0.0,0.0
DERA,0.025444731,0.0,0.0
DERL1,0.09920863,0.0,-1.0
DERL2,0.034326334,0.0,0.0
DERL3,0.09504328,0.0,0.0
DES,0.2485899,0.0,-1.0
DESI1,0.27716038,0.0,0.0
DET1,0.1672093,0.0,0.0
DEUP1,0.24383302,0.0,0.0
DEXI,0.02122034,0.0,0.0
DFFA,0.1518829,0.0,0.0
DFFB,0.13734739,0.0,0.0
DGAT1,0.009489903,0.0,0.0
DGAT2,1.5416614e-05,0.0,0.0
DGCR2,0.019622816,0.0,0.0
DGCR6,0.09847944,0.0,0.0
DGCR6L,0.022362828,0.0,0.0
DGCR8,0.24023382,0.0,1.0
DGKA,0.12369462,0.0,-1.0
DGKB,1.0536162e-09,0.0,-1.0
DGKD,0.30711964,0.0,-1.0
DGKE,0.0054333867,0.0,-1.0
DGKG,0.17280133,0.0,-1.0
DGKH,0.13523746,0.0,-1.0
DGKI,0.012776041,0.0,-1.0
DGKQ,0.01934388,0.0,-1.0
DGKZ,0.5121591,1.0,-1.0
DGLUCY,0.0020195167,0.0,0.0
DGUOK,0.12259888,0.0,0.0
DHCR24,0.12547427,0.0,0.0
DHCR7,0.031957444,0.0,-1.0
DHDDS,0.009087549,0.0,-1.0
DHDH,0.00014055462,0.0,0.0
DHFR,0.39780244,0.0,-1.0
DHH,0.49453282,0.0,-1.0
DHODH,0.018917587,0.0,-1.0
DHPS,0.10624184,0.0,0.0
DHRS1,6.182504e-05,0.0,-1.0
DHRS11,0.00045519616,0.0,0.0
DHRS12,7.061936e-08,0.0,0.0
DHRS13,0.052095182,0.0,0.0
DHRS2,0.21257895,0.0,0.0
DHRS4,0.027446447,0.0,0.0
DHRS4L2,0.050627317,0.0,0.0
DHRS7,0.028970469,0.0,0.0
DHRS7B,0.03576872,0.0,0.0
DHRS9,2.2185148e-05,0.0,0.0
DHRSX,2.6545208e-09,0.0,0.0
DHTKD1,0.002629007,0.0,-1.0
DHX15,0.17306302,0.0,-1.0
DHX16,0.14969453,0.0,-1.0
DHX29,0.086383745,0.0,0.0
DHX30,0.08922498,0.0,-1.0
DHX32,0.1620727,0.0,0.0
DHX33,0.090824716,0.0,0.0
DHX34,0.11623082,0.0,0.0
DHX35,0.11280734,0.0,-1.0
DHX36,0.12405184,0.0,-1.0
DHX37,0.09220418,0.0,0.0
DHX38,0.09571001,0.0,0.0
DHX40,0.20476043,0.0,0.0
DHX57,0.0487608,0.0,0.0
DHX58,0.035537884,0.0,-1.0
DHX8,0.12687612,0.0,0.0
DHX9,0.28127155,0.0,-1.0
DIABLO,0.30398846,0.0,-1.0
DIAPH1,0.26504058,0.0,-1.0
DIAPH2,0.057033274,0.0,-1.0
DIAPH3,0.15312219,0.0,0.0
DICER1,0.62883234,1.0,1.0
DIDO1,0.3607524,0.0,0.0
DIMT1,0.11774165,0.0,0.0
DIO2,0.024400907,0.0,-1.0
DIO3,0.0066366317,0.0,0.0
DIP2A,0.2872989,0.0,0.0
DIP2B,0.093598075,0.0,0.0
DIP2C,0.00066790136,0.0,-1.0
DIPK1A,0.0013313364,0.0,0.0
DIPK1B,0.0077321134,0.0,0.0
DIPK2A,0.00045255286,0.0,0.0
DIRAS1,0.016497899,0.0,0.0
DIRAS2,0.36673975,0.0,0.0
DIRAS3,0.4704518,0.0,-1.0
DIS3,0.13656183,0.0,1.0
DIS3L,0.047250334,0.0,0.0
DIS3L2,0.13920136,0.0,-1.0
DISC1,0.35806975,0.0,0.0
DISP1,0.2627972,0.0,-1.0
DISP3,0.027252095,0.0,-1.0
DIXDC1,0.21301775,0.0,0.0
DKC1,0.19815098,0.0,-1.0
DKK1,0.2504444,0.0,-1.0
DKK2,0.027908806,0.0,-1.0
DKK3,0.12246877,0.0,-1.0
DKK4,0.027908806,0.0,-1.0
DKKL1,9.899666e-05,0.0,0.0
DLAT,0.14117171,0.0,-1.0
DLC1,0.92790455,1.0,-1.0
DLD,0.17309317,0.0,-1.0
DLEU1,0.02356269,0.0,-1.0
DLG1,0.026479209,0.0,-1.0
DLG2,0.7986238,1.0,-1.0
DLG3,0.51811904,1.0,-1.0
DLG4,0.857683,1.0,0.0
DLG5,0.19655557,0.0,0.0
DLGAP1,0.62662107,1.0,-1.0
DLGAP2,0.6204473,1.0,0.0
DLGAP3,0.5356612,1.0,0.0
DLGAP4,0.6847773,1.0,0.0
DLGAP5,0.09186445,0.0,-1.0
DLK1,0.05469355,0.0,-1.0
DLK2,0.0034833713,0.0,0.0
DLL1,0.5331511,1.0,-1.0
DLL3,0.44010106,0.0,-1.0
DLL4,0.45823896,0.0,-1.0
DLST,0.16283642,0.0,-1.0
DLX1,0.39493304,0.0,0.0
DLX2,0.25719598,0.0,-1.0
DLX3,0.0022785359,0.0,-1.0
DLX4,0.5750968,1.0,-1.0
DLX5,0.9051085,1.0,-1.0
DLX6,7.289584e-06,0.0,-1.0
DMAC1,7.0782853e-06,0.0,0.0
DMAC2L,0.14939736,0.0,0.0
DMAP1,0.34321505,0.0,0.0
DMBT1,0.36586988,0.0,-1.0
DMBX1,0.25422803,0.0,0.0
DMC1,0.05959033,0.0,0.0
DMD,0.61336434,1.0,-1.0
DMGDH,3.0305026e-11,0.0,0.0
DMKN,0.018307865,0.0,0.0
DMP1,0.07530397,0.0,-1.0
DMPK,0.1375643,0.0,-1.0
DMRT1,0.00040089057,0.0,0.0
DMRT2,1.3077568e-17,0.0,0.0
DMRT3,0.020147555,0.0,0.0
DMRTA1,0.007398307,0.0,0.0
DMRTB1,0.082016304,0.0,0.0
DMRTC2,0.0064167688,0.0,0.0
DMTF1,0.10144353,0.0,-1.0
DMTN,0.29616445,0.0,0.0
DMWD,0.110988624,0.0,0.0
DMXL1,0.20400214,0.0,-1.0
DMXL2,0.5046106,1.0,-1.0
DNA2,0.093845725,0.0,0.0
DNAAF1,0.022471497,0.0,-1.0
DNAAF10,0.16457169,0.0,0.0
DNAAF11,0.0077764,0.0,0.0
DNAAF2,0.23111892,0.0,-1.0
DNAAF3,5.1286984e-06,0.0,0.0
DNAAF5,0.15785852,0.0,-1.0
DNAAF6,0.07365515,0.0,0.0
DNAAF9,0.0317062,0.0,0.0
DNAH1,0.21070495,0.0,-1.0
DNAH10,0.0035884175,0.0,0.0
DNAH11,0.7624165,1.0,-1.0
DNAH14,0.0058987956,0.0,-1.0
DNAH2,0.004175975,0.0,-1.0
DNAH3,0.00050356047,0.0,-1.0
DNAH5,0.9661666,1.0,-1.0
DNAH6,4.2336873e-05,0.0,0.0
DNAH7,5.877594e-06,0.0,-1.0
DNAH8,7.399888e-06,0.0,-1.0
DNAH9,2.124682e-05,0.0,-1.0
DNAI1,1.860946e-06,0.0,-1.0
DNAI2,1.0733005e-06,0.0,-1.0
DNAI7,1.6262518e-05,0.0,0.0
DNAJA1,0.69608486,1.0,0.0
DNAJA2,0.73177403,1.0,0.0
DNAJA3,0.42411083,0.0,-1.0
DNAJA4,0.17740165,0.0,0.0
DNAJB1,0.25728408,0.0,1.0
DNAJB11,0.25114453,0.0,0.0
DNAJB12,0.2094985,0.0,0.0
DNAJB13,0.0058973134,0.0,0.0
DNAJB14,0.029242596,0.0,0.0
DNAJB2,0.34539926,0.0,-1.0
DNAJB3,6.842763e-05,0.0,0.0
DNAJB4,0.3096615,0.0,0.0
DNAJB5,0.08936681,0.0,0.0
DNAJB6,0.23804744,0.0,0.0
DNAJB7,0.00083627,0.0,0.0
DNAJB8,0.10021106,0.0,0.0
DNAJB9,0.00047343696,0.0,-1.0
DNAJC1,0.012339617,0.0,0.0
DNAJC10,0.025093848,0.0,0.0
DNAJC11,0.016334029,0.0,0.0
DNAJC12,2.3829494e-05,0.0,0.0
DNAJC13,0.13554387,0.0,0.0
DNAJC14,0.064180836,0.0,0.0
DNAJC15,0.00012897317,0.0,0.0
DNAJC16,0.017022945,0.0,0.0
DNAJC17,0.01215717,0.0,0.0
DNAJC18,1.3523658e-18,0.0,0.0
DNAJC19,0.019779379,0.0,-1.0
DNAJC2,0.14662078,0.0,0.0
DNAJC21,0.0718665,0.0,0.0
DNAJC24,0.014414227,0.0,-1.0
DNAJC27,2.5347485e-10,0.0,0.0
DNAJC28,0.555269,1.0,-1.0
DNAJC3,0.0067264293,0.0,0.0
DNAJC30,0.00221966,0.0,0.0
DNAJC4,0.004939061,0.0,0.0
DNAJC5,0.21278235,0.0,-1.0
DNAJC5B,1.5232803e-11,0.0,0.0
DNAJC6,0.19047168,0.0,-1.0
DNAJC7,0.26354328,0.0,0.0
DNAJC8,0.0809661,0.0,0.0
DNAJC9,0.22503164,0.0,-1.0
DNAL4,0.0017530925,0.0,-1.0
DNALI1,0.09150555,0.0,0.0
DNASE1,0.0035636704,0.0,-1.0
DNASE1L1,0.06691792,0.0,0.0
DNASE1L2,0.06529439,0.0,0.0
DNASE1L3,0.12031911,0.0,-1.0
DNASE2,0.022908656,0.0,0.0
DNASE2B,0.21960393,0.0,0.0
DND1,0.0026795417,0.0,-1.0
DNER,0.30420056,0.0,-1.0
DNHD1,0.18675323,0.0,0.0
DNLZ,0.00091168075,0.0,0.0
DNM1,0.83486265,1.0,0.0
DNM1L,0.3211193,0.0,0.0
DNM2,0.70338243,1.0,1.0
DNM3,0.70776117,1.0,0.0
DNMBP,0.17686503,0.0,-1.0
DNMT1,0.31580845,0.0,1.0
DNMT3A,0.70526755,1.0,1.0
DNMT3B,0.5891431,1.0,1.0
DNMT3L,0.88190323,1.0,0.0
DNPEP,0.06683619,0.0,0.0
DNPH1,0.044327836,0.0,0.0
DNTT,0.09132633,0.0,0.0
DNTTIP1,0.48421964,0.0,0.0
DNTTIP2,0.15155044,0.0,0.0
DOC2A,0.016313395,0.0,0.0
DOC2B,0.0042623854,0.0,0.0
DOCK1,0.6058453,1.0,-1.0
DOCK10,0.25772738,0.0,0.0
DOCK11,0.123830445,0.0,0.0
DOCK2,0.02243927,0.0,-1.0
DOCK3,0.7450872,1.0,0.0
DOCK4,0.31791747,0.0,-1.0
DOCK5,0.31484526,0.0,0.0
DOCK6,0.27117407,0.0,0.0
DOCK7,0.64763105,1.0,0.0
DOCK8,0.43790323,0.0,-1.0
DOCK9,0.3948727,0.0,0.0
DOHH,0.039152384,0.0,0.0
DOK1,0.89237124,1.0,0.0
DOK2,0.7018218,1.0,0.0
DOK3,0.3338047,0.0,0.0
DOK4,0.26453438,0.0,0.0
DOK5,0.16868898,0.0,0.0
DOK6,0.15584289,0.0,-1.0
DOK7,0.026692187,0.0,-1.0
DOLK,3.296258e-05,0.0,-1.0
DOLPP1,0.009848987,0.0,0.0
DONSON,0.0380195,0.0,0.0
DOP1B,2.9238674e-06,0.0,-1.0
DOT1L,0.1503279,0.0,1.0
DPAGT1,0.00020249868,0.0,-1.0
DPCD,0.074855134,0.0,0.0
DPEP1,2.8961005e-09,0.0,0.0
DPEP2,0.056936447,0.0,0.0
DPEP3,6.523815e-07,0.0,0.0
DPF1,0.08383888,0.0,0.0
DPF2,0.60681593,1.0,0.0
DPF3,0.506288,1.0,0.0
DPH1,0.1106347,0.0,-1.0
DPH2,0.033025555,0.0,0.0
DPH3,0.0007481491,0.0,-1.0
DPH5,0.0009621112,0.0,0.0
DPH6,0.00036439428,0.0,0.0
DPH7,0.07104037,0.0,0.0
DPM1,0.20516227,0.0,-1.0
DPM2,0.048640065,0.0,0.0
DPM3,0.1235874,0.0,0.0
DPP10,0.00050567824,0.0,-1.0
DPP3,0.10104954,0.0,0.0
DPP4,0.34034884,0.0,-1.0
DPP6,0.11214845,0.0,-1.0
DPP7,0.16367012,0.0,-1.0
DPP8,0.1466859,0.0,0.0
DPP9,0.09178691,0.0,0.0
DPPA2,0.12813427,0.0,0.0
DPPA3,0.023571528,0.0,0.0
DPPA4,0.13672295,0.0,-1.0
DPT,0.009264218,0.0,-1.0
DPY19L1,0.0041108937,0.0,0.0
DPY19L2,2.3681616e-15,0.0,0.0
DPY19L3,0.0056415424,0.0,-1.0
DPY19L4,0.0011055765,0.0,0.0
DPY30,0.44675165,0.0,0.0
DPYD,0.00511686,0.0,-1.0
DPYS,4.673961e-05,0.0,-1.0
DPYSL2,0.4743167,0.0,0.0
DPYSL3,0.069397464,0.0,0.0
DPYSL4,0.05285078,0.0,0.0
DPYSL5,0.0084655965,0.0,0.0
DR1,0.19543625,0.0,0.0
DRAM1,1.5897624e-05,0.0,-1.0
DRAP1,0.713149,1.0,0.0
DRAXIN,2.4952975e-05,0.0,0.0
DRC1,0.033500355,0.0,0.0
DRC7,0.5337645,1.0,0.0
DRD1,0.54493725,1.0,0.0
DRD2,0.67054427,1.0,-1.0
DRD3,0.5634151,1.0,-1.0
DRD4,0.58756906,1.0,0.0
DRD5,0.45161906,0.0,-1.0
DRG1,0.15272836,0.0,0.0
DRG2,0.09705951,0.0,0.0
DRICH1,0.03299614,0.0,0.0
DROSHA,0.43436047,0.0,1.0
DRP2,0.35622665,0.0,0.0
DSC1,0.25209227,0.0,-1.0
DSC2,0.0708087,0.0,-1.0
DSC3,0.043058515,0.0,-1.0
DSCAM,0.467195,0.0,0.0
DSCAML1,0.33264682,0.0,0.0
DSCC1,0.059469074,0.0,-1.0
DSE,0.0695266,0.0,-1.0
DSEL,1.5879038e-13,0.0,-1.0
DSG1,0.40418845,0.0,-1.0
DSG2,0.16876745,0.0,-1.0
DSG3,0.015993418,0.0,0.0
DSG4,0.11126497,0.0,-1.0
DSN1,0.30852163,0.0,0.0
DSP,0.73526645,1.0,-1.0
DSPP,4.8347072e-05,0.0,-1.0
DST,0.49033785,0.0,-1.0
DSTN,0.38544637,0.0,0.0
DSTYK,0.0969536,0.0,0.0
DTD1,0.036140956,0.0,0.0
DTD2,5.8912916e-05,0.0,0.0
DTL,0.1865233,0.0,-1.0
DTNA,0.103696495,0.0,-1.0
DTNB,0.3932085,0.0,0.0
DTNBP1,0.062454414,0.0,-1.0
DTWD1,0.004642787,0.0,0.0
DTWD2,0.23468924,0.0,-1.0
DTX1,0.42456967,0.0,1.0
DTX2,0.013574664,0.0,-1.0
DTX3,0.037503082,0.0,-1.0
DTX3L,0.24539086,0.0,0.0
DTX4,0.07108685,0.0,-1.0
DTYMK,0.0068560075,0.0,0.0
DUOX1,9.405734e-19,0.0,0.0
DUOX2,0.010616815,0.0,-1.0
DUOXA1,4.5505346e-09,0.0,0.0
DUS1L,0.00698599,0.0,0.0
DUS2,0.0061193644,0.0,0.0
DUS3L,0.08534832,0.0,0.0
DUS4L,0.00031676108,0.0,0.0
DUSP1,0.27344164,0.0,-1.0
DUSP10,0.34281316,0.0,-1.0
DUSP11,0.04631852,0.0,0.0
DUSP12,0.12369628,0.0,0.0
DUSP13,0.16391934,0.0,0.0
DUSP14,0.08634886,0.0,0.0
DUSP15,0.49287748,0.0,0.0
DUSP16,0.23329358,0.0,-1.0
DUSP18,0.00036736813,0.0,0.0
DUSP19,0.04753387,0.0,0.0
DUSP2,0.0012296266,0.0,-1.0
DUSP21,0.02015062,0.0,0.0
DUSP22,0.10126735,0.0,1.0
DUSP23,0.32428402,0.0,0.0
DUSP26,0.1861226,0.0,-1.0
DUSP28,0.0023550382,0.0,0.0
DUSP29,0.023414727,0.0,0.0
DUSP3,0.43789145,0.0,0.0
DUSP4,0.2705614,0.0,1.0
DUSP5,0.002585857,0.0,0.0
DUSP6,0.06031221,0.0,-1.0
DUSP7,0.2369986,0.0,-1.0
DUSP8,0.11459913,0.0,0.0
DUSP9,0.4064058,0.0,-1.0
DUT,0.37903258,0.0,0.0
DUX1,0.03739304,0.0,0.0
DVL1,0.32804042,0.0,-1.0
DVL2,0.8285328,1.0,-1.0
DVL3,0.8223694,1.0,-1.0
DXO,0.008393171,0.0,0.0
DYDC1,0.008431913,0.0,0.0
DYDC2,0.00020228987,0.0,0.0
DYM,0.01669458,0.0,-1.0
DYNC1H1,0.48701456,0.0,-1.0
DYNC1I1,0.33688378,0.0,-1.0
DYNC1I2,0.2112159,0.0,0.0
DYNC1LI1,0.18050677,0.0,0.0
DYNC1LI2,0.14587842,0.0,0.0
DYNC2H1,0.10276719,0.0,-1.0
DYNC2I1,0.11932046,0.0,0.0
DYNC2I2,0.19612433,0.0,0.0
DYNC2LI1,0.028630065,0.0,0.0
DYNLL1,0.6099977,1.0,-1.0
DYNLL2,0.37259203,0.0,0.0
DYNLRB1,0.2194555,0.0,0.0
DYNLRB2,0.010780783,0.0,0.0
DYNLT1,0.08233409,0.0,0.0
DYNLT2B,0.09044777,0.0,0.0
DYNLT3,0.10666615,0.0,0.0
DYNLT4,0.14076947,0.0,0.0
DYNLT5,0.00013090667,0.0,0.0
DYRK1A,0.7048783,1.0,-1.0
DYRK1B,0.40848836,0.0,-1.0
DYRK2,0.28241527,0.0,0.0
DYRK3,0.13367054,0.0,0.0
DYRK4,0.10796387,0.0,0.0
DYSF,0.61934876,1.0,-1.0
DZANK1,0.0010356047,0.0,0.0
DZIP1,0.01704793,0.0,0.0
DZIP1L,0.043816052,0.0,0.0
DZIP3,0.3630642,0.0,0.0
E2F1,0.91045004,1.0,-1.0
E2F2,0.28969574,0.0,-1.0
E2F3,0.30340308,0.0,1.0
E2F4,0.6008408,1.0,-1.0
E2F5,0.2970657,0.0,0.0
E2F6,0.5579153,1.0,-1.0
E2F7,0.20431443,0.0,-1.0
E2F8,0.16396382,0.0,0.0
E4F1,0.37688473,0.0,0.0
EAF1,0.12188693,0.0,0.0
EAF2,0.14152463,0.0,-1.0
EAPP,0.03275682,0.0,0.0
EARS2,0.00030409737,0.0,0.0
EBAG9,0.057571843,0.0,-1.0
EBF1,0.29704165,0.0,1.0
EBF2,0.029827267,0.0,0.0
EBF3,0.65166277,1.0,0.0
EBF4,0.0014136853,0.0,0.0
EBI3,0.021610156,0.0,0.0
EBLN2,0.009062913,0.0,0.0
EBNA1BP2,0.1348768,0.0,0.0
EBP,0.013391746,0.0,-1.0
EBPL,0.00020857123,0.0,0.0
ECD,0.163884,0.0,0.0
ECE1,0.08543133,0.0,0.0
ECE2,0.34057242,0.0,0.0
ECEL1,0.06675266,0.0,0.0
ECH1,0.16189764,0.0,0.0
ECHDC1,0.07601907,0.0,0.0
ECHDC2,0.0048565073,0.0,0.0
ECHS1,0.29821748,0.0,0.0
ECI1,0.046965297,0.0,0.0
ECI2,0.025765097,0.0,0.0
ECM1,0.4181206,0.0,-1.0
ECPAS,0.46279466,0.0,0.0
ECRG4,3.495191e-16,0.0,0.0
ECSCR,0.0017746809,0.0,0.0
ECSIT,0.06469812,0.0,0.0
ECT2,0.3588768,0.0,-1.0
ECT2L,0.91940296,1.0,1.0
EDA,0.0005409461,0.0,-1.0
EDA2R,0.12586431,0.0,0.0
EDAR,0.11411718,0.0,-1.0
EDARADD,0.09284559,0.0,-1.0
EDC3,0.40569732,0.0,0.0
EDC4,0.34470236,0.0,-1.0
EDDM3B,0.00037040058,0.0,0.0
EDEM1,0.03725586,0.0,-1.0
EDEM2,0.11697672,0.0,0.0
EDEM3,0.036876794,0.0,0.0
EDF1,0.1558337,0.0,0.0
EDIL3,0.15535666,0.0,-1.0
EDN1,0.4881756,0.0,-1.0
EDN2,0.48382157,0.0,0.0
EDN3,0.49683562,0.0,-1.0
EDNRA,0.040335976,0.0,-1.0
EDNRB,0.11649288,0.0,-1.0
EDRF1,0.24912015,0.0,-1.0
EEA1,0.17293817,0.0,0.0
EED,0.68887275,1.0,1.0
EEF1A1,0.8333749,1.0,-1.0
EEF1A2,0.7738499,1.0,-1.0
EEF1B2,0.2251832,0.0,0.0
EEF1D,0.6007645,1.0,-1.0
EEF1E1,0.11221464,0.0,0.0
EEF1G,0.58396894,1.0,0.0
EEF2,0.38886577,0.0,-1.0
EEF2K,0.4522022,0.0,-1.0
EEF2KMT,0.0018537731,0.0,0.0
EEFSEC,0.09356445,0.0,0.0
EEPD1,0.009045762,0.0,0.0
EFCAB12,1.2665211e-05,0.0,0.0
EFCAB14,0.07501922,0.0,0.0
EFCAB2,5.3587773e-11,0.0,0.0
EFCAB3,0.0016567917,0.0,0.0
EFCAB6,0.0659684,0.0,0.0
EFCAB7,0.0007348386,0.0,0.0
EFCC1,9.1850945e-09,0.0,0.0
EFEMP1,0.03260105,0.0,-1.0
EFEMP2,0.0018311616,0.0,-1.0
EFHC1,0.18858974,0.0,-1.0
EFHC2,0.5257126,1.0,0.0
EFHD1,0.0069632744,0.0,-1.0
EFHD2,0.058422413,0.0,-1.0
EFL1,0.05524674,0.0,0.0
EFNA1,0.17176305,0.0,-1.0
EFNA2,0.091827504,0.0,-1.0
EFNA3,0.0009615903,0.0,-1.0
EFNA4,0.0016909617,0.0,-1.0
EFNA5,0.012151605,0.0,-1.0
EFNB1,0.24417154,0.0,0.0
EFNB2,0.25848368,0.0,0.0
EFNB3,5.0861934e-05,0.0,0.0
EFR3A,0.078330316,0.0,0.0
EFR3B,0.088625506,0.0,0.0
EFS,0.6549638,1.0,0.0
EFTUD2,0.23352897,0.0,-1.0
EGF,0.654625,1.0,-1.0
EGFL6,0.06705047,0.0,-1.0
EGFL7,0.2969454,0.0,1.0
EGFL8,0.0012263265,0.0,0.0
EGFLAM,0.04189006,0.0,0.0
EGFR,0.99844736,1.0,1.0
EGLN1,0.19254953,0.0,-1.0
EGLN2,0.271085,0.0,-1.0
EGLN3,0.5396402,1.0,-1.0
EGR1,0.947564,1.0,1.0
EGR2,0.5184278,1.0,-1.0
EGR4,0.09180687,0.0,0.0
EHBP1,0.090855725,0.0,-1.0
EHBP1L1,0.04296739,0.0,0.0
EHD1,0.15091234,0.0,0.0
EHD2,0.059903905,0.0,0.0
EHD3,0.027277937,0.0,0.0
EHD4,0.22215612,0.0,0.0
EHF,0.29106122,0.0,-1.0
EHHADH,0.12973247,0.0,0.0
EHMT1,0.29478544,0.0,-1.0
EHMT2,0.6694977,1.0,-1.0
EI24,0.005739162,0.0,-1.0
EID1,0.47065112,0.0,0.0
EID2,0.06635434,0.0,0.0
EID2B,0.011891103,0.0,0.0
EID3,0.036449485,0.0,0.0
EIF1,0.06623491,0.0,0.0
EIF1AD,0.14253317,0.0,0.0
EIF1AX,0.08758438,0.0,1.0
EIF1AY,0.02863468,0.0,0.0
EIF1B,0.17310077,0.0,-1.0
EIF2A,0.14673115,0.0,0.0
EIF2AK1,0.0072145853,0.0,-1.0
EIF2AK2,0.21206652,0.0,-1.0
EIF2AK3,0.023705458,0.0,-1.0
EIF2AK4,0.07905033,0.0,-1.0
EIF2B1,0.19704406,0.0,-1.0
EIF2B2,0.08388541,0.0,-1.0
EIF2B3,0.1586772,0.0,-1.0
EIF2B4,0.10145222,0.0,-1.0
EIF2B5,0.10251211,0.0,-1.0
EIF2D,0.016671348,0.0,0.0
EIF2S1,0.14951697,0.0,0.0
EIF2S2,0.15127061,0.0,-1.0
EIF2S3,0.13415073,0.0,0.0
EIF3A,0.22878876,0.0,-1.0
EIF3B,0.22800212,0.0,0.0
EIF3C,0.1400324,0.0,-1.0
EIF3CL,0.11578027,0.0,0.0
EIF3D,0.20082295,0.0,0.0
EIF3E,0.16036567,0.0,1.0
EIF3F,0.21580973,0.0,-1.0
EIF3G,0.113839015,0.0,-1.0
EIF3H,0.26650357,0.0,0.0
EIF3I,0.32813093,0.0,-1.0
EIF3J,0.1160522,0.0,0.0
EIF3K,0.103197716,0.0,0.0
EIF3L,0.13206886,0.0,0.0
EIF3M,0.12526807,0.0,0.0
EIF4A1,0.17405666,0.0,-1.0
EIF4A2,0.530024,1.0,1.0
EIF4A3,0.17323963,0.0,0.0
EIF4B,0.3914408,0.0,-1.0
EIF4E,0.29701158,0.0,1.0
EIF4E2,0.4401143,0.0,0.0
EIF4E3,0.018503224,0.0,0.0
EIF4EBP1,0.40628073,0.0,-1.0
EIF4EBP2,0.026576037,0.0,0.0
EIF4EBP3,0.052454397,0.0,0.0
EIF4ENIF1,0.25980926,0.0,0.0
EIF4G1,0.29404882,0.0,-1.0
EIF4G2,0.1918454,0.0,0.0
EIF4G3,0.14426045,0.0,0.0
EIF4H,0.12905942,0.0,0.0
EIF5,0.13785942,0.0,0.0
EIF5A,0.17833014,0.0,-1.0
EIF5A2,0.21969111,0.0,-1.0
EIF5AL1,0.010812409,0.0,0.0
EIF5B,0.18864365,0.0,0.0
EIF6,0.26999998,0.0,0.0
EIPR1,0.20911539,0.0,0.0
ELAC2,0.11119186,0.0,-1.0
ELANE,0.25698256,0.0,-1.0
ELAVL1,0.2864438,0.0,-1.0
ELAVL2,0.10937645,0.0,-1.0
ELAVL3,0.0882185,0.0,-1.0
ELAVL4,0.10029695,0.0,-1.0
ELF1,0.24543494,0.0,-1.0
ELF2,0.12462318,0.0,0.0
ELF3,0.525483,1.0,1.0
ELF4,0.10032534,0.0,1.0
ELF5,0.6103423,1.0,-1.0
ELFN1,4.5241255e-11,0.0,0.0
ELFN2,4.370746e-11,0.0,0.0
ELK1,0.8671675,1.0,-1.0
ELK3,0.52746314,1.0,-1.0
ELK4,0.44403347,0.0,1.0
ELL,0.27515277,0.0,1.0
ELL2,0.10405807,0.0,0.0
ELL3,0.15117478,0.0,0.0
ELMO1,0.304414,0.0,-1.0
ELMO2,0.16453712,0.0,0.0
ELMO3,0.18819249,0.0,-1.0
ELMOD1,0.081153944,0.0,0.0
ELMOD2,5.1264695e-05,0.0,0.0
ELMOD3,0.12026744,0.0,0.0
ELN,0.109041825,0.0,-1.0
ELOA,0.28277433,0.0,0.0
ELOA2,3.480125e-05,0.0,0.0
ELOA3P,0.1495254,0.0,0.0
ELOB,0.4984829,0.0,-1.0
ELOC,0.5102868,1.0,-1.0
ELOF1,0.032544095,0.0,-1.0
ELOVL1,0.0070438567,0.0,0.0
ELOVL2,3.257849e-10,0.0,0.0
ELOVL3,6.29898e-05,0.0,-1.0
ELOVL4,0.042675722,0.0,-1.0
ELOVL5,0.03626413,0.0,-1.0
ELOVL6,0.13543096,0.0,0.0
ELOVL7,0.001423761,0.0,0.0
ELP1,0.22601578,0.0,-1.0
ELP2,0.12283052,0.0,-1.0
ELP3,0.37366676,0.0,0.0
ELP4,0.1194892,0.0,0.0
ELP5,0.024669515,0.0,0.0
ELP6,0.06840835,0.0,0.0
ELSPBP1,0.086615264,0.0,0.0
EMB,0.002991091,0.0,0.0
EMC1,0.01797896,0.0,0.0
EMC10,0.00756835,0.0,0.0
EMC2,0.016942918,0.0,0.0
EMC3,0.021351753,0.0,0.0
EMC4,0.0066224444,0.0,0.0
EMC6,0.005870443,0.0,0.0
EMC7,0.017966503,0.0,0.0
EMC8,0.01733978,0.0,0.0
EMC9,0.0003484546,0.0,0.0
EMCN,1.1705935e-05,0.0,0.0
EMD,0.29210135,0.0,-1.0
EME1,0.2647152,0.0,0.0
EME2,0.0014939031,0.0,0.0
EMG1,0.092552766,0.0,-1.0
EMID1,0.00044153523,0.0,0.0
EMILIN1,0.0050045988,0.0,0.0
EMILIN2,3.3587446e-06,0.0,0.0
EMILIN3,0.096254945,0.0,0.0
EML1,0.13849965,0.0,0.0
EML2,0.013594806,0.0,0.0
EML3,0.18447168,0.0,0.0
EML4,0.14541067,0.0,1.0
EML5,0.0010618429,0.0,-1.0
EMP1,0.013230389,0.0,-1.0
EMP2,8.86753e-05,0.0,0.0
EMP3,0.00856665,0.0,-1.0
EMSY,0.5013271,1.0,-1.0
EMX1,0.36351708,0.0,0.0
EMX2,0.03244534,0.0,-1.0
EN1,0.054322913,0.0,-1.0
EN2,0.057996996,0.0,-1.0
ENAH,0.555488,1.0,-1.0
ENAM,0.0008808102,0.0,-1.0
ENC1,0.13240969,0.0,-1.0
ENDOD1,0.040180515,0.0,0.0
ENDOG,4.246894e-05,0.0,0.0
ENDOV,0.0777473,0.0,0.0
ENG,0.4576907,0.0,-1.0
ENGASE,0.05387002,0.0,0.0
ENKD1,0.59410495,1.0,0.0
ENKUR,4.0420614e-06,0.0,0.0
ENO1,0.36102593,0.0,-1.0
ENO2,0.19639933,0.0,0.0
ENO3,0.20365717,0.0,0.0
ENOPH1,0.16475591,0.0,0.0
ENOSF1,2.5990004e-05,0.0,0.0
ENOX1,0.024237791,0.0,0.0
ENOX2,0.17938663,0.0,-1.0
ENPEP,0.00017539719,0.0,0.0
ENPP1,0.09818968,0.0,-1.0
ENPP2,0.0063392133,0.0,-1.0
ENPP3,0.0049528806,0.0,0.0
ENPP4,0.29262236,0.0,0.0
ENPP6,0.0047122263,0.0,0.0
ENPP7,0.11693127,0.0,-1.0
ENSA,0.24828538,0.0,0.0
ENTPD1,2.5315993e-07,0.0,0.0
ENTPD2,9.962965e-05,0.0,0.0
ENTPD3,0.0004195633,0.0,0.0
ENTPD4,1.5075344e-10,0.0,0.0
ENTPD5,0.0017263768,0.0,0.0
ENTPD6,0.26268238,0.0,-1.0
ENTPD7,0.0017665984,0.0,0.0
ENTR1,0.40051067,0.0,0.0
ENY2,0.10892357,0.0,0.0
EOGT,0.11475858,0.0,0.0
EOLA1,9.859724e-07,0.0,0.0
EOMES,0.32055688,0.0,-1.0
EP300,0.9984314,1.0,1.0
EP400,0.66445184,1.0,1.0
EP400P1,0.022310589,0.0,0.0
EPAS1,0.6721717,1.0,1.0
EPB41,0.22910865,0.0,-1.0
EPB41L1,0.16510306,0.0,-1.0
EPB41L2,0.31632447,0.0,0.0
EPB41L3,0.43628374,0.0,-1.0
EPB41L4A,0.045946334,0.0,0.0
EPB41L4B,0.17974286,0.0,0.0
EPB41L5,0.1654648,0.0,0.0
EPB42,0.015119541,0.0,-1.0
EPC1,0.35399848,0.0,-1.0
EPC2,0.21554431,0.0,0.0
EPCAM,0.6348955,1.0,1.0
EPDR1,0.10351427,0.0,0.0
EPG5,2.3275575e-06,0.0,-1.0
EPHA1,0.5054541,1.0,-1.0
EPHA10,0.00134185,0.0,0.0
EPHA2,0.48188728,0.0,-1.0
EPHA3,0.6133017,1.0,1.0
EPHA4,0.42591426,0.0,-1.0
EPHA5,0.37142894,0.0,-1.0
EPHA6,0.00066384766,0.0,-1.0
EPHA7,0.122789234,0.0,1.0
EPHA8,0.51855344,1.0,0.0
EPHB1,0.633297,1.0,1.0
EPHB2,0.84619826,1.0,-1.0
EPHB3,0.07150219,0.0,-1.0
EPHB4,0.22546615,0.0,-1.0
EPHB6,0.15513797,0.0,-1.0
EPHX1,0.25627106,0.0,0.0
EPHX2,0.0038890569,0.0,0.0
EPHX4,2.2743675e-13,0.0,0.0
EPM2A,0.12503336,0.0,-1.0
EPM2AIP1,0.045675028,0.0,0.0
EPN1,0.30646265,0.0,0.0
EPN2,0.120337866,0.0,0.0
EPN3,0.10488503,0.0,0.0
EPO,0.5064406,1.0,-1.0
EPOR,0.915545,1.0,1.0
EPPIN-WFDC6,0.014762476,0.0,0.0
EPPK1,0.43562967,0.0,-1.0
EPRS1,0.4266452,0.0,-1.0
EPS15,0.67283756,1.0,1.0
EPS15L1,0.32214603,0.0,-1.0
EPS8,0.3114499,0.0,-1.0
EPS8L1,0.08097907,0.0,-1.0
EPS8L2,0.12122723,0.0,0.0
EPS8L3,0.0003282674,0.0,0.0
EPSTI1,0.52772987,1.0,0.0
EPX,0.056204658,0.0,0.0
EPYC,9.295854e-06,0.0,-1.0
ERAL1,0.29957926,0.0,-1.0
ERAP1,0.07571233,0.0,-1.0
ERAP2,0.023852939,0.0,0.0
ERAS,0.3616183,0.0,-1.0
ERBB2,0.991048,1.0,1.0
ERBB3,0.9391755,1.0,1.0
ERBB4,0.8964757,1.0,1.0
ERBIN,0.79757714,1.0,-1.0
ERC1,0.3904262,0.0,1.0
ERC2,0.34590194,0.0,-1.0
ERCC1,0.081238024,0.0,-1.0
ERCC2,0.16745107,0.0,1.0
ERCC3,0.31861475,0.0,1.0
ERCC4,0.30724463,0.0,1.0
ERCC5,0.14336653,0.0,1.0
ERCC6,0.13533665,0.0,-1.0
ERCC6L,0.29245114,0.0,0.0
ERCC6L2,0.021456415,0.0,-1.0
ERCC8,0.10724474,0.0,-1.0
EREG,0.47829872,0.0,-1.0
ERF,0.3703956,0.0,1.0
ERFE,0.00017364693,0.0,0.0
ERG,0.47174752,0.0,1.0
ERG28,0.32416433,0.0,0.0
ERGIC1,0.110050954,0.0,0.0
ERGIC2,0.0032355373,0.0,0.0
ERGIC3,0.0068569393,0.0,-1.0
ERH,0.16967009,0.0,0.0
ERI1,0.28200027,0.0,-1.0
ERI2,3.7843358e-05,0.0,0.0
ERI3,0.09775054,0.0,0.0
ERICH1,1.1500698e-10,0.0,-1.0
ERICH2,0.0025959045,0.0,0.0
ERICH3,0.00015555238,0.0,0.0
ERICH5,0.05927164,0.0,0.0
ERICH6,0.001212433,0.0,0.0
ERICH6B,0.089396864,0.0,0.0
ERLEC1,0.041556887,0.0,0.0
ERLIN1,0.11475591,0.0,0.0
ERLIN2,0.18589327,0.0,0.0
ERMAP,0.0002583082,0.0,0.0
ERMN,0.0009054673,0.0,0.0
ERMP1,0.08368349,0.0,0.0
ERN1,0.33469594,0.0,-1.0
ERN2,0.0013969503,0.0,-1.0
ERO1A,0.020089617,0.0,0.0
ERO1B,0.008422056,0.0,0.0
ERP27,0.08760183,0.0,0.0
ERP29,0.023099644,0.0,0.0
ERP44,0.10768953,0.0,0.0
ERRFI1,0.7040619,1.0,1.0
ERV3-1,4.3735716e-07,0.0,0.0
ERVFRD-1,7.810076e-14,0.0,0.0
ERVV-1,1.31618085e-08,0.0,0.0
ERVW-1,0.00011966041,0.0,-1.0
ESCO1,0.16360599,0.0,0.0
ESCO2,0.23124447,0.0,1.0
ESD,0.16780543,0.0,0.0
ESF1,0.34796083,0.0,0.0
ESM1,0.02633142,0.0,-1.0
ESPL1,0.23478605,0.0,-1.0
ESPN,0.011541681,0.0,0.0
ESR1,0.98574495,1.0,1.0
ESR2,0.8370116,1.0,-1.0
ESRP1,0.0017295328,0.0,0.0
ESRP2,0.15375331,0.0,0.0
ESRRA,0.58890444,1.0,-1.0
ESRRB,0.17651504,0.0,0.0
ESRRG,0.7518642,1.0,-1.0
ESS2,0.22516137,0.0,0.0
ESX1,0.047533136,0.0,0.0
ESYT1,0.041506905,0.0,0.0
ESYT2,0.17585148,0.0,0.0
ESYT3,0.014888142,0.0,0.0
ETAA1,0.04861847,0.0,1.0
ETF1,0.15927355,0.0,0.0
ETFA,0.122640885,0.0,-1.0
ETFB,0.064423524,0.0,-1.0
ETFBKMT,0.001625991,0.0,0.0
ETFDH,0.02762458,0.0,-1.0
ETFRF1,0.0052317046,0.0,0.0
ETHE1,0.029242631,0.0,0.0
ETNK1,0.03943146,0.0,1.0
ETNK2,0.035365213,0.0,0.0
ETNPPL,3.4086042e-08,0.0,0.0
ETS1,0.07836959,0.0,-1.0
ETS2,0.6402227,1.0,-1.0
ETV1,0.51809245,1.0,1.0
ETV2,4.461845e-07,0.0,0.0
ETV3,0.19375513,0.0,-1.0
ETV4,0.28506625,0.0,1.0
ETV5,0.44550276,0.0,1.0
ETV6,0.5599973,1.0,1.0
ETV7,0.07047002,0.0,-1.0
EVA1A,0.014602689,0.0,0.0
EVA1B,0.0039757313,0.0,0.0
EVA1C,0.010161698,0.0,0.0
EVC,0.0022983383,0.0,-1.0
EVC2,0.046711024,0.0,-1.0
EVI2A,0.028546136,0.0,-1.0
EVI5,0.13825597,0.0,0.0
EVI5L,0.053831656,0.0,0.0
EVL,0.4588479,0.0,-1.0
EVPL,0.0013527477,0.0,-1.0
EVX1,0.0002484427,0.0,0.0
EWSR1,0.9166061,1.0,1.0
EXD1,1.3483489e-09,0.0,0.0
EXD2,0.105264954,0.0,0.0
EXD3,0.0025884926,0.0,0.0
EXO1,0.34859076,0.0,0.0
EXO5,6.0984846e-08,0.0,0.0
EXOC1,0.26690015,0.0,0.0
EXOC2,0.07932157,0.0,-1.0
EXOC3,0.14520258,0.0,0.0
EXOC3L1,0.0009963273,0.0,0.0
EXOC3L2,2.1414958e-16,0.0,0.0
EXOC4,0.21614878,0.0,-1.0
EXOC5,0.54277974,1.0,0.0
EXOC6,0.32295308,0.0,0.0
EXOC6B,0.14363487,0.0,0.0
EXOC7,0.21578236,0.0,-1.0
EXOC8,0.20326394,0.0,-1.0
EXOG,0.005617316,0.0,0.0
EXOSC1,0.08007879,0.0,0.0
EXOSC10,0.123313695,0.0,0.0
EXOSC2,0.080423884,0.0,0.0
EXOSC3,0.085452065,0.0,0.0
EXOSC4,0.16038114,0.0,0.0
EXOSC5,0.14988044,0.0,0.0
EXOSC6,0.109351486,0.0,-1.0
EXOSC7,0.11394372,0.0,0.0
EXOSC8,0.21192107,0.0,0.0
EXOSC9,0.13729514,0.0,0.0
EXPH5,0.1327692,0.0,-1.0
EXT1,0.17637564,0.0,1.0
EXT2,0.6839825,1.0,1.0
EXTL1,1.5802479e-07,0.0,0.0
EXTL2,0.03404373,0.0,0.0
EXTL3,0.2660245,0.0,0.0
EYA1,0.16736941,0.0,-1.0
EYA2,0.12251192,0.0,-1.0
EYA3,0.084549055,0.0,0.0
EYA4,0.41095385,0.0,-1.0
EYS,3.2063588e-12,0.0,-1.0
EZH1,0.1421599,0.0,1.0
EZH2,0.87038445,1.0,1.0
EZR,0.46570176,0.0,1.0
F10,0.39020976,0.0,-1.0
F11,0.003489078,0.0,-1.0
F11R,0.1615126,0.0,0.0
F12,0.026540741,0.0,-1.0
F13A1,0.43447182,0.0,-1.0
F13B,0.0057161907,0.0,-1.0
F2,0.3432912,0.0,-1.0
F2R,1.3470394e-06,0.0,-1.0
F2RL1,0.244896,0.0,0.0
F2RL2,0.42340606,0.0,-1.0
F2RL3,0.089628644,0.0,-1.0
F3,0.10687709,0.0,-1.0
F5,0.42212424,0.0,-1.0
F7,0.46952105,0.0,-1.0
F8,0.06684074,0.0,-1.0
F8A3,0.2952863,0.0,0.0
F9,0.23034912,0.0,-1.0
FA2H,0.0070721684,0.0,-1.0
FAAH,0.010227516,0.0,0.0
FAAH2,9.4641337e-07,0.0,-1.0
FAAP100,0.17125157,0.0,0.0
FAAP20,0.18705231,0.0,0.0
FAAP24,0.03296165,0.0,0.0
FABP1,0.043809637,0.0,0.0
FABP2,0.0010141438,0.0,0.0
FABP3,0.61372495,1.0,-1.0
FABP4,0.22988454,0.0,-1.0
FABP5,0.46163368,0.0,-1.0
FABP6,1.9733328e-26,0.0,0.0
FABP7,0.18307926,0.0,-1.0
FADD,0.8420113,1.0,-1.0
FADS1,0.008561673,0.0,0.0
FADS2,0.006816668,0.0,0.0
FADS6,0.00017889589,0.0,0.0
FAF1,0.5448918,1.0,-1.0
FAF2,0.20283012,0.0,0.0
FAH,0.014592251,0.0,-1.0
FAHD1,0.10477421,0.0,0.0
FAHD2A,0.05728325,0.0,0.0
FAHD2B,0.04551929,0.0,-1.0
FAIM,0.058237467,0.0,-1.0
FAIM2,0.049233805,0.0,0.0
FAM102A,0.026358014,0.0,0.0
FAM102B,0.04789768,0.0,0.0
FAM104A,0.008623363,0.0,0.0
FAM107A,0.055466294,0.0,-1.0
FAM107B,0.00011814667,0.0,-1.0
FAM110A,0.3019282,0.0,0.0
FAM110B,0.26227108,0.0,0.0
FAM110C,0.18761843,0.0,0.0
FAM111A,0.044586953,0.0,-1.0
FAM111B,0.09923375,0.0,-1.0
FAM114A1,0.05145377,0.0,0.0
FAM114A2,0.07465444,0.0,0.0
FAM117A,0.18984911,0.0,-1.0
FAM117B,0.2543424,0.0,-1.0
FAM118A,0.045200683,0.0,0.0
FAM118B,0.6343516,1.0,-1.0
FAM120A,0.12115873,0.0,0.0
FAM120AOS,2.5171137e-05,0.0,0.0
FAM120B,0.31326297,0.0,0.0
FAM120C,0.14520164,0.0,0.0
FAM124A,0.040010173,0.0,0.0
FAM124B,0.037230335,0.0,0.0
FAM126A,0.045244213,0.0,0.0
FAM126B,0.003895602,0.0,-1.0
FAM131A,0.0002904451,0.0,0.0
FAM131B,0.015455409,0.0,-1.0
FAM131C,0.01775613,0.0,0.0
FAM133A,0.16762419,0.0,-1.0
FAM133B,0.027239067,0.0,0.0
FAM135A,0.24962327,0.0,0.0
FAM135B,0.83073145,1.0,1.0
FAM136A,0.05968314,0.0,0.0
FAM13A,0.13473411,0.0,0.0
FAM13B,0.004420235,0.0,0.0
FAM13C,0.051394563,0.0,0.0
FAM149B1,0.019231133,0.0,0.0
FAM151A,8.491375e-12,0.0,0.0
FAM151B,2.1978473e-17,0.0,0.0
FAM153A,4.4857824e-09,0.0,0.0
FAM153B,3.944303e-08,0.0,0.0
FAM156B,0.0072751716,0.0,0.0
FAM161A,0.3408679,0.0,-1.0
FAM161B,0.011010382,0.0,0.0
FAM162A,0.03468643,0.0,0.0
FAM163A,1.0471505e-10,0.0,0.0
FAM163B,1.7732296e-17,0.0,0.0
FAM166B,2.0784479e-05,0.0,0.0
FAM167A,5.1229347e-16,0.0,-1.0
FAM168A,0.104819156,0.0,0.0
FAM168B,0.24780168,0.0,0.0
FAM169A,0.06449625,0.0,0.0
FAM170A,0.016484277,0.0,0.0
FAM171A1,0.20408228,0.0,-1.0
FAM171A2,0.0811115,0.0,0.0
FAM171B,0.07193822,0.0,-1.0
FAM172A,0.04630846,0.0,0.0
FAM174A,0.0006429799,0.0,0.0
FAM177A1,0.0024057627,0.0,0.0
FAM178B,7.0359936e-05,0.0,0.0
FAM184A,0.6030088,1.0,0.0
FAM186B,0.0064150845,0.0,0.0
FAM187B,0.022645261,0.0,0.0
FAM189A1,3.8243793e-06,0.0,0.0
FAM189A2,0.007522217,0.0,0.0
FAM189B,0.023055015,0.0,0.0
FAM193A,0.27221236,0.0,0.0
FAM193B,0.078926116,0.0,0.0
FAM199X,0.18952668,0.0,0.0
FAM200A,0.00070571253,0.0,0.0
FAM204A,1.1585329e-06,0.0,0.0
FAM209A,0.0003330288,0.0,0.0
FAM20A,7.7830845e-07,0.0,0.0
FAM20B,0.082218856,0.0,0.0
FAM20C,1.3272374e-05,0.0,0.0
FAM210A,0.01160756,0.0,0.0
FAM210B,0.0003502257,0.0,0.0
FAM214A,0.051479153,0.0,0.0
FAM214B,0.04883753,0.0,0.0
FAM216A,0.040660195,0.0,0.0
FAM217A,2.3632275e-07,0.0,0.0
FAM217B,0.104685724,0.0,0.0
FAM218A,8.2482355e-25,0.0,0.0
FAM219A,0.07288068,0.0,0.0
FAM219B,0.017563296,0.0,0.0
FAM221A,0.0023423713,0.0,0.0
FAM221B,0.03137737,0.0,-1.0
FAM222A,0.05220821,0.0,0.0
FAM222B,0.049468502,0.0,0.0
FAM234A,0.058389556,0.0,-1.0
FAM234B,0.10928322,0.0,0.0
FAM241A,7.698517e-06,0.0,-1.0
FAM241B,9.3870236e-05,0.0,0.0
FAM32A,0.010938572,0.0,0.0
FAM3A,1.1458625e-06,0.0,0.0
FAM3B,0.0019625393,0.0,0.0
FAM3C,0.0137027465,0.0,0.0
FAM3D,1.7852921e-08,0.0,0.0
FAM43A,0.04249304,0.0,0.0
FAM47A,1.1374545e-07,0.0,0.0
FAM47B,0.015036836,0.0,0.0
FAM50A,0.023078091,0.0,-1.0
FAM50B,0.03401722,0.0,0.0
FAM53A,5.6513514e-09,0.0,0.0
FAM53B,0.0010968919,0.0,0.0
FAM53C,0.49622938,0.0,0.0
FAM72A,1.1204466e-08,0.0,0.0
FAM76B,0.0014253285,0.0,0.0
FAM78A,0.00032416254,0.0,0.0
FAM81A,0.003074382,0.0,0.0
FAM81B,0.00012335258,0.0,0.0
FAM83A,0.12766945,0.0,0.0
FAM83B,0.33050376,0.0,-1.0
FAM83C,0.053089634,0.0,0.0
FAM83D,0.3922659,0.0,0.0
FAM83F,2.6612396e-19,0.0,0.0
FAM83G,0.31641772,0.0,0.0
FAM83H,0.2957393,0.0,-1.0
FAM86B2,0.043731403,0.0,0.0
FAM86C1P,0.00023094274,0.0,0.0
FAM8A1,0.03397492,0.0,0.0
FAM90A1,0.035134375,0.0,0.0
FAM90A26,4.857539e-07,0.0,0.0
FAM91A1,0.059363764,0.0,-1.0
FAM98A,0.11236086,0.0,0.0
FAM98B,0.10108165,0.0,0.0
FAM9A,0.022606315,0.0,0.0
FAM9B,0.00010416733,0.0,0.0
FAM9C,0.009512686,0.0,0.0
FAN1,0.18770729,0.0,0.0
FANCA,0.6127094,1.0,1.0
FANCB,0.23821579,0.0,-1.0
FANCC,0.6108674,1.0,1.0
FANCD2,0.3272593,0.0,1.0
FANCE,0.13024965,0.0,1.0
FANCF,0.10901399,0.0,1.0
FANCG,0.57614064,1.0,1.0
FANCI,0.33915943,0.0,-1.0
FANCL,0.20485972,0.0,1.0
FANCM,0.21082641,0.0,-1.0
FANK1,0.008286162,0.0,-1.0
FAP,0.36523587,0.0,0.0
FAR1,0.046239816,0.0,0.0
FAR2,0.0176546,0.0,0.0
FARP1,0.22859865,0.0,0.0
FARP2,0.2594701,0.0,0.0
FARS2,0.12590022,0.0,0.0
FARSA,0.13998932,0.0,0.0
FARSB,0.14357233,0.0,0.0
FAS,0.9301669,1.0,1.0
FASLG,0.55655134,1.0,-1.0
FASN,0.44123363,0.0,-1.0
FASTK,0.10828224,0.0,0.0
FASTKD1,0.14562577,0.0,0.0
FASTKD2,0.029791875,0.0,0.0
FASTKD3,0.051412385,0.0,0.0
FASTKD5,0.10996027,0.0,0.0
FAT1,0.6312661,1.0,1.0
FAT3,0.6548353,1.0,1.0
FAT4,0.52117157,1.0,1.0
FATE1,5.494399e-12,0.0,0.0
FAU,0.09867051,0.0,-1.0
FAXC,0.01499405,0.0,0.0
FAXDC2,1.7131048e-07,0.0,0.0
FBF1,0.35426956,0.0,-1.0
FBH1,0.14611115,0.0,-1.0
FBL,0.1914191,0.0,0.0
FBLIM1,0.00231409,0.0,0.0
FBLL1,0.12722693,0.0,0.0
FBLN1,0.043313332,0.0,-1.0
FBLN2,0.079152815,0.0,1.0
FBLN5,0.16478266,0.0,-1.0
FBLN7,0.030371174,0.0,0.0
FBN1,0.69426924,1.0,-1.0
FBN2,0.79300773,1.0,-1.0
FBN3,0.4063096,0.0,-1.0
FBP1,0.10762927,0.0,-1.0
FBP2,0.25869882,0.0,0.0
FBRS,0.19482017,0.0,0.0
FBRSL1,0.13625145,0.0,-1.0
FBXL12,0.07445605,0.0,0.0
FBXL13,0.0030796637,0.0,0.0
FBXL14,0.12643653,0.0,0.0
FBXL15,0.099934265,0.0,0.0
FBXL16,0.123467,0.0,0.0
FBXL17,0.09184777,0.0,-1.0
FBXL18,0.15072103,0.0,0.0
FBXL19,0.20367718,0.0,0.0
FBXL2,0.08283077,0.0,0.0
FBXL20,0.05250158,0.0,0.0
FBXL21P,0.021011977,0.0,0.0
FBXL22,0.00072107575,0.0,0.0
FBXL3,0.09848625,0.0,0.0
FBXL4,0.055372976,0.0,0.0
FBXL5,0.25062612,0.0,0.0
FBXL6,0.085128635,0.0,0.0
FBXL7,0.09356262,0.0,-1.0
FBXL8,0.053097714,0.0,0.0
FBXO10,0.057949893,0.0,0.0
FBXO11,0.28617957,0.0,1.0
FBXO15,3.5828517e-08,0.0,-1.0
FBXO16,0.00022978392,0.0,0.0
FBXO17,0.06960483,0.0,0.0
FBXO2,0.061914347,0.0,0.0
FBXO21,0.20159478,0.0,0.0
FBXO22,0.1048757,0.0,0.0
FBXO24,0.12612228,0.0,0.0
FBXO25,0.061458196,0.0,-1.0
FBXO27,0.039527267,0.0,0.0
FBXO28,0.21401311,0.0,-1.0
FBXO3,0.1623975,0.0,0.0
FBXO30,0.17882793,0.0,0.0
FBXO31,0.22807455,0.0,-1.0
FBXO32,0.10078097,0.0,-1.0
FBXO33,0.0512097,0.0,0.0
FBXO34,0.10129877,0.0,0.0
FBXO36,2.465302e-07,0.0,0.0
FBXO38,0.08845326,0.0,0.0
FBXO4,0.0762214,0.0,0.0
FBXO40,7.028603e-07,0.0,-1.0
FBXO41,0.09427696,0.0,0.0
FBXO42,0.25804195,0.0,0.0
FBXO43,0.003858238,0.0,0.0
FBXO44,0.08057922,0.0,0.0
FBXO45,0.17920832,0.0,0.0
FBXO46,0.18124293,0.0,0.0
FBXO48,0.0021273184,0.0,0.0
FBXO5,0.07884164,0.0,-1.0
FBXO6,0.10272816,0.0,0.0
FBXO7,0.11710114,0.0,-1.0
FBXO8,0.01729007,0.0,0.0
FBXO9,0.06386299,0.0,-1.0
FBXW10,0.005430149,0.0,0.0
FBXW11,0.6178581,1.0,0.0
FBXW12,0.0029356997,0.0,0.0
FBXW2,0.12687166,0.0,0.0
FBXW4,0.08366676,0.0,-1.0
FBXW5,0.22742948,0.0,-1.0
FBXW7,0.9738728,1.0,1.0
FBXW8,0.18567802,0.0,0.0
FBXW9,0.051940247,0.0,0.0
FCAMR,7.465672e-07,0.0,0.0
FCAR,0.00010869181,0.0,0.0
FCER1A,0.836525,1.0,-1.0
FCER1G,0.00062150037,0.0,0.0
FCER2,0.21325396,0.0,-1.0
FCF1,0.049513265,0.0,-1.0
FCGBP,0.053976566,0.0,0.0
FCGR1A,0.6324877,1.0,-1.0
FCGR2A,0.8541559,1.0,-1.0
FCGR2B,0.80677605,1.0,1.0
FCGR3A,0.6138176,1.0,-1.0
FCGR3B,0.038933713,0.0,0.0
FCGRT,0.029414356,0.0,0.0
FCHO1,0.27277264,0.0,0.0
FCHO2,0.25434148,0.0,0.0
FCHSD1,0.00066258817,0.0,0.0
FCHSD2,0.047461495,0.0,0.0
FCMR,0.009482954,0.0,0.0
FCN1,3.399511e-05,0.0,0.0
FCN2,2.82577e-05,0.0,0.0
FCN3,4.782968e-08,0.0,0.0
FCRL2,3.2511063e-05,0.0,0.0
FCRL3,0.74194556,1.0,-1.0
FCRL4,0.97540957,1.0,1.0
FCRL5,7.954821e-05,0.0,-1.0
FCSK,0.008120441,0.0,-1.0
FDCSP,6.835298e-15,0.0,0.0
FDFT1,0.23743168,0.0,0.0
FDPS,0.0924619,0.0,0.0
FDX1,0.029883154,0.0,-1.0
FDX2,0.0055142404,0.0,0.0
FDXACB1,0.15356095,0.0,0.0
FDXR,0.06353964,0.0,-1.0
FECH,0.056582663,0.0,-1.0
FEM1A,0.12499948,0.0,-1.0
FEM1B,0.12923598,0.0,0.0
FEM1C,0.083037235,0.0,0.0
FEN1,0.20760326,0.0,1.0
FER,0.5447062,1.0,0.0
FERD3L,0.0098203,0.0,-1.0
FERMT1,0.01944864,0.0,0.0
FERMT2,0.14042489,0.0,0.0
FERMT3,0.13729595,0.0,-1.0
FES,0.68991375,1.0,1.0
FETUB,0.00023525424,0.0,0.0
FEZ1,0.053637248,0.0,0.0
FEZ2,0.015189455,0.0,0.0
FEZF1,0.009386044,0.0,0.0
FEZF2,8.1250045e-07,0.0,0.0
FFAR1,5.130567e-06,0.0,0.0
FFAR2,8.867978e-05,0.0,0.0
FFAR3,9.1016e-05,0.0,0.0
FGA,0.5132727,1.0,-1.0
FGB,0.6220964,1.0,-1.0
FGD1,0.013163729,0.0,-1.0
FGD2,0.042472947,0.0,0.0
FGD3,0.007171879,0.0,0.0
FGD4,0.0016564825,0.0,-1.0
FGD5,9.170425e-07,0.0,0.0
FGD6,0.17421238,0.0,0.0
FGF1,0.55476505,1.0,-1.0
FGF10,0.54790723,1.0,-1.0
FGF11,0.49355847,0.0,-1.0
FGF12,0.23168735,0.0,-1.0
FGF13,0.5991385,1.0,-1.0
FGF14,0.47959924,0.0,-1.0
FGF16,0.47650236,0.0,-1.0
FGF17,0.4728925,0.0,-1.0
FGF18,0.47822073,0.0,-1.0
FGF19,0.47571492,0.0,1.0
FGF2,0.5744053,1.0,-1.0
FGF20,0.47756192,0.0,-1.0
FGF21,0.46356314,0.0,-1.0
FGF22,0.48610118,0.0,-1.0
FGF23,0.4321619,0.0,-1.0
FGF3,0.48270684,0.0,1.0
FGF4,0.49150765,0.0,1.0
FGF5,0.48011526,0.0,-1.0
FGF6,0.47756192,0.0,-1.0
FGF7,0.5629428,1.0,-1.0
FGF8,0.47756192,0.0,-1.0
FGF9,0.47756192,0.0,-1.0
FGFBP1,0.06261554,0.0,-1.0
FGFBP2,3.3524755e-20,0.0,0.0
FGFR1,0.7703624,1.0,1.0
FGFR1OP2,0.26055682,0.0,-1.0
FGFR2,0.8987194,1.0,1.0
FGFR3,0.9287209,1.0,1.0
FGFR4,0.9160972,1.0,1.0
FGFRL1,5.034853e-07,0.0,0.0
FGG,0.3240868,0.0,-1.0
FGGY,4.5159737e-05,0.0,-1.0
FGL1,0.03299226,0.0,0.0
FGL2,0.009047434,0.0,0.0
FGR,0.73553354,1.0,-1.0
FH,0.17137107,0.0,1.0
FHIP1A,6.7332076e-07,0.0,0.0
FHIP1B,0.10399719,0.0,0.0
FHIP2A,0.0012414083,0.0,0.0
FHIP2B,0.0036937709,0.0,0.0
FHIT,0.08057525,0.0,1.0
FHL1,0.27813333,0.0,-1.0
FHL2,0.9516905,1.0,-1.0
FHL3,0.3509615,0.0,0.0
FHL5,0.02576516,0.0,0.0
FHOD1,0.124714196,0.0,-1.0
FHOD3,0.21311097,0.0,0.0
FIBCD1,0.00013848156,0.0,0.0
FIBP,0.09596272,0.0,0.0
FICD,0.0097261835,0.0,0.0
FIG4,0.11982584,0.0,-1.0
FIGLA,0.18320109,0.0,-1.0
FIGN,0.0021586972,0.0,0.0
FIGNL1,0.108780116,0.0,-1.0
FILIP1,0.04786929,0.0,0.0
FILIP1L,0.021215046,0.0,-1.0
FIP1L1,0.38833818,0.0,1.0
FIS1,0.048545994,0.0,0.0
FITM1,1.7452389e-13,0.0,0.0
FITM2,6.095396e-06,0.0,0.0
FIZ1,0.0017323227,0.0,-1.0
FJX1,1.9015264e-10,0.0,0.0
FKBP10,0.059505347,0.0,-1.0
FKBP11,0.00014861513,0.0,0.0
FKBP14,0.07449964,0.0,0.0
FKBP15,0.29399547,0.0,0.0
FKBP1A,0.61329657,1.0,0.0
FKBP1B,0.116606355,0.0,0.0
FKBP2,0.10711608,0.0,0.0
FKBP3,0.10305005,0.0,0.0
FKBP4,0.124733135,0.0,0.0
FKBP5,0.7879267,1.0,-1.0
FKBP6,0.39645025,0.0,0.0
FKBP7,0.06505644,0.0,0.0
FKBP8,0.06218536,0.0,-1.0
FKBP9,0.062467664,0.0,1.0
FKBPL,0.26384947,0.0,0.0
FKRP,0.0061154645,0.0,-1.0
FKTN,4.6491023e-05,0.0,-1.0
FLACC1,0.05598207,0.0,0.0
FLAD1,0.06921995,0.0,0.0
FLCN,0.3707616,0.0,1.0
FLG,0.4280984,0.0,-1.0
FLG2,0.23938271,0.0,0.0
FLI1,0.49823433,0.0,1.0
FLII,0.23449986,0.0,-1.0
FLNA,0.90494937,1.0,1.0
FLNB,0.62304884,1.0,-1.0
FLNC,0.5541971,1.0,-1.0
FLOT1,0.29956582,0.0,0.0
FLOT2,0.24993733,0.0,0.0
FLRT1,3.8328028e-32,0.0,0.0
FLRT2,1.5605108e-26,0.0,-1.0
FLRT3,2.5408798e-07,0.0,0.0
FLT1,0.7984372,1.0,1.0
FLT3,0.4391465,0.0,1.0
FLT3LG,0.048928153,0.0,-1.0
FLT4,0.5889642,1.0,1.0
FLVCR1,0.089811504,0.0,0.0
FLYWCH1,0.30002797,0.0,-1.0
FLYWCH2,0.08579567,0.0,0.0
FMN1,0.15613765,0.0,0.0
FMN2,0.0014837154,0.0,-1.0
FMNL1,0.26296407,0.0,-1.0
FMNL2,0.023820523,0.0,-1.0
FMNL3,0.028974934,0.0,-1.0
FMO1,0.039826557,0.0,0.0
FMO3,4.466675e-09,0.0,0.0
FMO4,6.7968436e-11,0.0,0.0
FMOD,0.07913364,0.0,-1.0
FMR1,0.121644996,0.0,-1.0
FMR1NB,0.004157701,0.0,0.0
FN1,0.9820088,1.0,-1.0
FN3K,8.746242e-09,0.0,0.0
FN3KRP,0.15894932,0.0,-1.0
FNBP1,0.21190655,0.0,-1.0
FNBP1L,0.50692075,1.0,-1.0
FNBP4,0.16728178,0.0,-1.0
FNDC11,0.011489759,0.0,0.0
FNDC3A,0.17633636,0.0,0.0
FNDC3B,0.15694746,0.0,0.0
FNDC4,0.02193937,0.0,0.0
FNDC5,0.00014256664,0.0,0.0
FNDC9,1.5097223e-16,0.0,0.0
FNIP1,0.16266003,0.0,-1.0
FNIP2,0.03982466,0.0,0.0
FNTA,0.4808828,0.0,0.0
FNTB,0.17695607,0.0,0.0
FOCAD,0.04786677,0.0,0.0
FOLH1,0.0033432944,0.0,-1.0
FOLR1,0.077208586,0.0,0.0
FOLR2,1.15103265e-11,0.0,0.0
FOLR3,1.5308391e-14,0.0,0.0
FOS,0.95016366,1.0,-1.0
FOSB,0.2805152,0.0,-1.0
FOSL1,0.56895113,1.0,-1.0
FOSL2,0.77114123,1.0,-1.0
FOXA1,0.89780056,1.0,1.0
FOXA2,0.7737921,1.0,-1.0
FOXA3,0.5961911,1.0,0.0
FOXB1,0.3445317,0.0,0.0
FOXC1,0.72258395,1.0,-1.0
FOXC2,0.5263608,1.0,-1.0
FOXD1,4.4067937e-07,0.0,0.0
FOXD2,0.00080594927,0.0,0.0
FOXD3,0.012639183,0.0,0.0
FOXD4,0.00013318092,0.0,0.0
FOXD4L1,0.008734255,0.0,0.0
FOXD4L3,0.0050246986,0.0,0.0
FOXD4L6,0.031119602,0.0,0.0
FOXE1,0.61951435,1.0,-1.0
FOXF1,0.11445618,0.0,1.0
FOXF2,0.45061424,0.0,0.0
FOXG1,0.53488266,1.0,-1.0
FOXH1,0.45791247,0.0,0.0
FOXI1,0.08526679,0.0,0.0
FOXI2,0.22103603,0.0,0.0
FOXJ1,0.010468973,0.0,-1.0
FOXJ2,0.34264004,0.0,0.0
FOXJ3,0.07088593,0.0,0.0
FOXK1,0.5773111,1.0,-1.0
FOXK2,0.8168689,1.0,-1.0
FOXL1,0.24919398,0.0,-1.0
FOXL2,0.35552928,0.0,1.0
FOXM1,0.619619,1.0,-1.0
FOXN1,0.25286564,0.0,0.0
FOXN2,0.3551825,0.0,0.0
FOXN3,0.034746386,0.0,0.0
FOXN4,0.24733394,0.0,0.0
FOXO1,0.79056865,1.0,1.0
FOXO3,0.53191334,1.0,1.0
FOXO4,0.61670053,1.0,1.0
FOXO6,0.30078065,0.0,-1.0
FOXP1,0.54257184,1.0,1.0
FOXP2,0.3638207,0.0,-1.0
FOXP3,0.61661094,1.0,-1.0
FOXP4,0.21990404,0.0,0.0
FOXQ1,0.21451648,0.0,-1.0
FOXR1,0.100516506,0.0,1.0
FOXR2,0.075476035,0.0,-1.0
FOXRED1,0.06031021,0.0,0.0
FOXRED2,0.022949586,0.0,0.0
FOXS1,0.24843515,0.0,0.0
FPGS,0.022122635,0.0,0.0
FPGT,5.5536566e-06,0.0,0.0
FPGT-TNNI3K,0.71665823,1.0,0.0
FPR1,0.086996555,0.0,-1.0
FPR2,4.2332996e-15,0.0,0.0
FRA10AC1,0.001793273,0.0,-1.0
FRAS1,0.40303773,0.0,-1.0
FRAT1,0.262255,0.0,-1.0
FRAT2,0.21991739,0.0,-1.0
FREM1,0.0001198798,0.0,0.0
FREM2,0.43878055,0.0,-1.0
FRG1,0.08909113,0.0,-1.0
FRK,0.45039707,0.0,0.0
FRMD1,0.0002668954,0.0,0.0
FRMD3,0.0052323723,0.0,0.0
FRMD4A,0.069695644,0.0,0.0
FRMD4B,7.028831e-05,0.0,0.0
FRMD5,0.16678995,0.0,0.0
FRMD6,0.18840507,0.0,0.0
FRMD7,5.659673e-11,0.0,-1.0
FRMD8,0.16565806,0.0,-1.0
FRMPD1,0.27851447,0.0,0.0
FRMPD2,9.605679e-05,0.0,-1.0
FRMPD4,0.14493857,0.0,-1.0
FRS2,0.21771608,0.0,-1.0
FRS3,0.4302928,0.0,0.0
FRY,0.30365786,0.0,0.0
FRYL,0.215544,0.0,-1.0
FRZB,0.63168335,1.0,-1.0
FSBP,0.20360605,0.0,0.0
FSCN1,0.5237375,1.0,-1.0
FSD1,0.22070995,0.0,0.0
FSD1L,0.0009807617,0.0,0.0
FSD2,0.35451367,0.0,0.0
FSHB,0.4661616,0.0,0.0
FSHR,0.0986932,0.0,-1.0
FSIP1,0.062130008,0.0,-1.0
FSIP2,0.0013388622,0.0,-1.0
FST,0.5727105,1.0,-1.0
FSTL1,0.41248852,0.0,0.0
FSTL3,0.42420453,0.0,1.0
FSTL5,0.5289283,1.0,-1.0
FTCD,0.008846042,0.0,-1.0
FTH1,0.64646566,1.0,-1.0
FTHL17,2.133538e-06,0.0,0.0
FTL,0.03494402,0.0,-1.0
FTO,0.050824095,0.0,-1.0
FTSJ1,0.20994624,0.0,-1.0
FTSJ3,0.10751165,0.0,0.0
FUBP1,0.27975652,0.0,1.0
FUBP3,0.60259503,1.0,-1.0
FUCA1,0.14245136,0.0,-1.0
FUCA2,0.01436675,0.0,0.0
FUNDC1,0.04643178,0.0,0.0
FUNDC2,0.045982104,0.0,0.0
FUOM,0.068234555,0.0,0.0
FURIN,0.1697114,0.0,1.0
FUS,0.5128727,1.0,1.0
FUT1,1.6404983e-05,0.0,0.0
FUT11,0.06447841,0.0,0.0
FUT2,2.0272562e-05,0.0,0.0
FUT4,0.083243474,0.0,0.0
FUT7,0.594508,1.0,0.0
FUT8,0.0010162364,0.0,-1.0
FUT9,0.0007685874,0.0,0.0
FUZ,0.004265453,0.0,0.0
FXN,0.0074255997,0.0,-1.0
FXR1,0.23744479,0.0,-1.0
FXR2,0.3898829,0.0,0.0
FXYD1,0.07743309,0.0,0.0
FXYD2,3.7977108e-11,0.0,0.0
FXYD3,0.014882618,0.0,-1.0
FXYD6,0.030455222,0.0,0.0
FXYD7,0.038208984,0.0,0.0
FYB1,0.80394584,1.0,0.0
FYCO1,0.11227702,0.0,0.0
FYN,0.9980376,1.0,1.0
FYTTD1,0.19396341,0.0,0.0
FZD1,0.4596433,0.0,-1.0
FZD10,0.40181142,0.0,-1.0
FZD2,0.44577914,0.0,-1.0
FZD3,0.46836293,0.0,-1.0
FZD4,0.49149427,0.0,-1.0
FZD5,0.6241115,1.0,-1.0
FZD6,0.648645,1.0,-1.0
FZD7,0.48092097,0.0,-1.0
FZD8,0.47858188,0.0,-1.0
FZD9,0.43532485,0.0,-1.0
G0S2,2.3240812e-11,0.0,0.0
G2E3,0.0006116825,0.0,-1.0
G3BP1,0.19315757,0.0,-1.0
G3BP2,0.100450456,0.0,-1.0
G6PC1,1.5535645e-07,0.0,-1.0
G6PD,0.1520758,0.0,-1.0
GAA,0.1272768,0.0,-1.0
GAB1,0.9488854,1.0,1.0
GAB2,0.90114903,1.0,1.0
GAB3,0.45183122,0.0,-1.0
GABARAP,0.1701862,0.0,-1.0
GABARAPL1,0.3915732,0.0,-1.0
GABARAPL2,0.2133579,0.0,-1.0
GABBR1,0.3380118,0.0,0.0
GABBR2,0.06469289,0.0,0.0
GABPA,0.5697488,1.0,0.0
GABPB1,0.08853927,0.0,-1.0
GABPB2,0.07738742,0.0,0.0
GABRA1,0.015822027,0.0,-1.0
GABRA2,0.0028852306,0.0,-1.0
GABRA3,0.010076674,0.0,0.0
GABRA4,0.19181801,0.0,0.0
GABRA5,0.23705484,0.0,0.0
GABRA6,0.13868304,0.0,-1.0
GABRB1,0.001304808,0.0,0.0
GABRB2,0.0013175814,0.0,-1.0
GABRB3,0.091384165,0.0,-1.0
GABRD,0.025058363,0.0,-1.0
GABRE,0.00027793742,0.0,0.0
GABRG1,1.0048122e-05,0.0,-1.0
GABRG2,0.00015118734,0.0,-1.0
GABRG3,0.07809994,0.0,0.0
GABRQ,5.4144684e-06,0.0,0.0
GABRR1,1.3051241e-05,0.0,0.0
GABRR2,0.007193832,0.0,0.0
GAD1,0.5533327,1.0,-1.0
GAD2,0.01800231,0.0,0.0
GADD45A,0.76565945,1.0,-1.0
GADD45B,0.26754496,0.0,-1.0
GADD45G,0.06933555,0.0,-1.0
GADD45GIP1,0.30828914,0.0,-1.0
GAGE1,0.00043760237,0.0,0.0
GAGE12C,1.0547088e-07,0.0,0.0
GAGE12G,1.0547088e-07,0.0,0.0
GAGE2C,1.0547088e-07,0.0,0.0
GAGE2E,1.0547088e-07,0.0,0.0
GAGE5,1.2010611e-05,0.0,0.0
GAGE6,5.6376596e-08,0.0,0.0
GAK,0.27995238,0.0,-1.0
GAL,0.3213928,0.0,0.0
GAL3ST1,0.005719306,0.0,-1.0
GAL3ST2,2.722051e-06,0.0,0.0
GAL3ST4,0.14868563,0.0,0.0
GALC,0.0934957,0.0,-1.0
GALE,0.060599905,0.0,-1.0
GALK1,0.22876915,0.0,-1.0
GALK2,0.0038455294,0.0,0.0
GALM,3.075644e-05,0.0,0.0
GALNS,0.049866628,0.0,-1.0
GALNT1,0.015969848,0.0,0.0
GALNT10,0.006303827,0.0,0.0
GALNT11,0.00011782356,0.0,0.0
GALNT12,0.2599303,0.0,-1.0
GALNT13,0.0019897486,0.0,-1.0
GALNT14,0.08491994,0.0,0.0
GALNT15,0.00022885314,0.0,0.0
GALNT16,2.8087797e-13,0.0,0.0
GALNT18,0.09996156,0.0,0.0
GALNT2,0.13530336,0.0,0.0
GALNT3,0.00014277235,0.0,-1.0
GALNT4,0.0076584565,0.0,0.0
GALNT5,0.9843803,1.0,-1.0
GALNT6,0.015217864,0.0,-1.0
GALNT7,0.010458298,0.0,0.0
GALNT8,0.044431146,0.0,0.0
GALNTL5,0.0002844203,0.0,-1.0
GALP,0.00028521867,0.0,0.0
GALR1,0.00019635128,0.0,0.0
GALR2,3.912174e-05,0.0,0.0
GALR3,4.1811485e-11,0.0,0.0
GALT,0.008671791,0.0,-1.0
GAMT,0.103107624,0.0,0.0
GAN,0.14637384,0.0,-1.0
GANAB,0.1406408,0.0,0.0
GANC,0.14928484,0.0,0.0
GAP43,0.11597265,0.0,0.0
GAPDH,0.7845428,1.0,-1.0
GAPDHS,2.885488e-08,0.0,0.0
GAPVD1,0.48775575,0.0,0.0
GAR1,0.049459197,0.0,0.0
GAREM1,0.14109735,0.0,0.0
GAREM2,0.008336693,0.0,0.0
GARIN1B,0.009436116,0.0,0.0
GARIN2,5.105044e-13,0.0,0.0
GARIN3,1.6945387e-06,0.0,0.0
GARIN5B,0.15202385,0.0,0.0
GARIN6,0.0017742468,0.0,0.0
GARNL3,0.0012412311,0.0,0.0
GARRE1,0.15046985,0.0,0.0
GART,0.16835715,0.0,-1.0
GAS1,0.0003771544,0.0,-1.0
GAS2,0.0011583494,0.0,0.0
GAS2L1,0.26409063,0.0,0.0
GAS2L2,0.07976728,0.0,0.0
GAS2L3,0.16883662,0.0,0.0
GAS6,0.30433756,0.0,-1.0
GAS7,0.64323413,1.0,1.0
GAS8,0.0815809,0.0,0.0
GAST,0.4911899,0.0,-1.0
GATA1,0.823009,1.0,1.0
GATA2,0.6407252,1.0,1.0
GATA3,0.9190816,1.0,1.0
GATA4,0.88669395,1.0,-1.0
GATA5,0.33629823,0.0,0.0
GATA6,0.4816505,0.0,-1.0
GATAD1,0.21111986,0.0,-1.0
GATAD2A,0.66017807,1.0,0.0
GATAD2B,0.8990016,1.0,0.0
GATB,0.0030124867,0.0,0.0
GATC,0.017053286,0.0,0.0
GATM,6.2254103e-06,0.0,-1.0
GBA,0.5163841,1.0,-1.0
GBA2,0.040466297,0.0,0.0
GBA3,0.010005004,0.0,0.0
GBE1,0.08056291,0.0,-1.0
GBF1,0.5126311,1.0,0.0
GBP1,0.04338231,0.0,-1.0
GBP2,0.080162734,0.0,0.0
GBP3,1.13109614e-07,0.0,0.0
GBP5,7.389279e-08,0.0,0.0
GBP7,0.05095999,0.0,0.0
GC,0.10779484,0.0,0.0
GCA,0.053394772,0.0,0.0
GCAT,0.0045689144,0.0,0.0
GCC1,0.4486513,0.0,0.0
GCC2,0.2637914,0.0,-1.0
GCDH,0.035295166,0.0,-1.0
GCFC2,0.24302818,0.0,-1.0
GCG,0.30367687,0.0,0.0
GCGR,0.10404238,0.0,0.0
GCH1,0.005041901,0.0,-1.0
GCHFR,0.0018306682,0.0,0.0
GCK,0.04797083,0.0,-1.0
GCKR,0.015012541,0.0,-1.0
GCLC,0.0004322953,0.0,-1.0
GCLM,0.06983191,0.0,0.0
GCM1,0.15347941,0.0,0.0
GCM2,0.16294017,0.0,-1.0
GCN1,0.35960957,0.0,0.0
GCNT1,0.010135333,0.0,0.0
GCNT2,0.12978849,0.0,0.0
GCNT3,8.867414e-10,0.0,-1.0
GCOM1,0.14668983,0.0,0.0
GCSAM,1.3604908e-06,0.0,0.0
GCSH,0.07948662,0.0,-1.0
GDA,0.10615748,0.0,0.0
GDAP1,0.052195653,0.0,-1.0
GDAP2,0.0420021,0.0,0.0
GDE1,0.0008020371,0.0,0.0
GDF1,1.1701905e-05,0.0,-1.0
GDF10,0.4195456,0.0,-1.0
GDF11,0.52484155,1.0,0.0
GDF15,0.026568172,0.0,-1.0
GDF2,0.47415566,0.0,0.0
GDF3,0.43891218,0.0,0.0
GDF5,0.49789882,0.0,-1.0
GDF6,0.47042552,0.0,-1.0
GDF7,0.4353697,0.0,0.0
GDF9,0.65076,1.0,0.0
GDI1,0.17475164,0.0,-1.0
GDI2,0.16895977,0.0,0.0
GDNF,0.59334826,1.0,-1.0
GDPD1,0.029103179,0.0,0.0
GDPD2,0.0006716919,0.0,0.0
GDPD3,0.00058667705,0.0,0.0
GDPD5,0.013575227,0.0,0.0
GDPGP1,0.0005783279,0.0,0.0
GEM,0.005172668,0.0,0.0
GEMIN2,0.19203275,0.0,0.0
GEMIN4,0.20731415,0.0,0.0
GEMIN5,0.1497347,0.0,0.0
GEMIN6,0.07546435,0.0,0.0
GEMIN7,0.09525731,0.0,0.0
GEMIN8,0.04056166,0.0,0.0
GEN1,0.08302825,0.0,-1.0
GET1,0.042923544,0.0,0.0
GET3,0.093984105,0.0,0.0
GET4,0.3495229,0.0,0.0
GFAP,0.8504316,1.0,-1.0
GFER,0.023465531,0.0,-1.0
GFI1,0.16682774,0.0,-1.0
GFI1B,0.26910615,0.0,-1.0
GFM1,0.08799115,0.0,-1.0
GFM2,0.09551832,0.0,0.0
GFOD1,0.0117192855,0.0,0.0
GFOD2,0.0042635878,0.0,0.0
GFPT1,0.11939046,0.0,0.0
GFPT2,0.06251323,0.0,0.0
GFRA1,0.060559466,0.0,-1.0
GFRA2,1.9923995e-07,0.0,0.0
GFRA3,1.3111245e-38,0.0,0.0
GFRA4,1.7373301e-14,0.0,0.0
GFUS,0.051280916,0.0,0.0
GGA1,0.13912359,0.0,-1.0
GGA2,0.09170974,0.0,0.0
GGA3,0.11376566,0.0,-1.0
GGACT,0.00010524786,0.0,0.0
GGCT,0.39107037,0.0,-1.0
GGCX,0.087316655,0.0,-1.0
GGH,0.15515913,0.0,-1.0
GGN,0.002053985,0.0,0.0
GGNBP2,0.005504492,0.0,0.0
GGPS1,0.00090257823,0.0,0.0
GGT1,0.040913846,0.0,0.0
GGT6,1.1325699e-14,0.0,0.0
GGT7,2.1426736e-07,0.0,0.0
GGTLC1,5.9318666e-07,0.0,0.0
GH1,0.55886555,1.0,-1.0
GH2,0.0063931593,0.0,0.0
GHDC,0.042270675,0.0,0.0
GHITM,0.033169646,0.0,0.0
GHR,0.92467713,1.0,-1.0
GHRH,0.4876704,0.0,-1.0
GHRHR,0.16785523,0.0,-1.0
GHRL,0.2811668,0.0,-1.0
GHSR,0.0001424157,0.0,-1.0
GID4,0.03584037,0.0,-1.0
GID8,0.23108152,0.0,0.0
GIMAP1,0.0036465172,0.0,0.0
GIMAP1-GIMAP5,0.0031148188,0.0,0.0
GIMAP2,2.0795326e-08,0.0,0.0
GIMAP4,0.0013804863,0.0,-1.0
GIMAP5,0.051319502,0.0,0.0
GIMAP6,0.00047491153,0.0,0.0
GIMAP7,5.949925e-11,0.0,-1.0
GIMAP8,0.027748153,0.0,0.0
GIN1,8.594335e-05,0.0,0.0
GINM1,0.05088816,0.0,0.0
GINS1,0.011517586,0.0,-1.0
GINS2,0.025301026,0.0,0.0
GINS3,0.08777567,0.0,0.0
GINS4,0.17415036,0.0,0.0
GIP,0.43529508,0.0,-1.0
GIPC1,0.5534107,1.0,0.0
GIPC2,0.2878575,0.0,0.0
GIPC3,0.0005199525,0.0,0.0
GIPR,0.0004593517,0.0,0.0
GIT1,0.6353006,1.0,0.0
GIT2,0.3578427,0.0,0.0
GJA1,0.54358774,1.0,-1.0
GJA3,0.34395924,0.0,-1.0
GJA4,0.09661376,0.0,0.0
GJA5,0.407067,0.0,-1.0
GJA8,0.011095465,0.0,0.0
GJA9,4.5932884e-06,0.0,0.0
GJB1,0.19346158,0.0,-1.0
GJB2,0.14954145,0.0,-1.0
GJB3,0.07919582,0.0,-1.0
GJB5,0.12357087,0.0,0.0
GJB6,0.21771912,0.0,-1.0
GJC1,0.005045773,0.0,0.0
GJC2,0.15259102,0.0,-1.0
GJD2,3.9419498e-05,0.0,0.0
GJD3,5.114399e-07,0.0,0.0
GJD4,6.283868e-08,0.0,0.0
GK,0.30308738,0.0,0.0
GK2,4.9670794e-05,0.0,0.0
GKAP1,0.27811047,0.0,0.0
GKN1,0.32212305,0.0,0.0
GKN2,4.7419692e-07,0.0,0.0
GLA,0.026528044,0.0,-1.0
GLB1,0.16805054,0.0,-1.0
GLB1L,4.1284227e-05,0.0,0.0
GLB1L2,0.002128646,0.0,0.0
GLB1L3,0.0006627044,0.0,0.0
GLCCI1,0.21806058,0.0,0.0
GLCE,0.43901935,0.0,0.0
GLDC,0.12641239,0.0,-1.0
GLE1,0.11978466,0.0,-1.0
GLG1,0.18218161,0.0,0.0
GLI1,0.50856656,1.0,1.0
GLI2,0.43409985,0.0,-1.0
GLI3,0.5928077,1.0,-1.0
GLIPR1,0.0024515581,0.0,0.0
GLIPR1L2,0.10807202,0.0,-1.0
GLIPR2,0.06798668,0.0,-1.0
GLIS1,0.11304669,0.0,0.0
GLIS2,0.13642852,0.0,-1.0
GLIS3,0.16709949,0.0,-1.0
GLMN,0.18210481,0.0,-1.0
GLMP,0.0060201795,0.0,0.0
GLO1,0.10212102,0.0,0.0
GLOD4,0.14102419,0.0,0.0
GLOD5,0.028180948,0.0,0.0
GLP1R,4.732414e-07,0.0,0.0
GLP2R,5.6571176e-14,0.0,0.0
GLRA1,0.009959642,0.0,-1.0
GLRA2,0.07751104,0.0,0.0
GLRA4,2.0823743e-06,0.0,0.0
GLRB,0.0012688839,0.0,-1.0
GLRX,0.0026646357,0.0,0.0
GLRX2,0.03200129,0.0,0.0
GLRX3,0.017869657,0.0,0.0
GLRX5,0.0086909635,0.0,0.0
GLS,0.120590575,0.0,-1.0
GLS2,0.103233024,0.0,-1.0
GLT8D1,0.044940736,0.0,0.0
GLT8D2,0.03229275,0.0,-1.0
GLTP,0.0005380082,0.0,0.0
GLUD1,0.16724409,0.0,-1.0
GLUD2,0.09041739,0.0,0.0
GLUL,0.3491597,0.0,0.0
GLYAT,0.00042844136,0.0,-1.0
GLYATL3,0.025734184,0.0,0.0
GLYCTK,0.073100545,0.0,0.0
GLYR1,0.114998095,0.0,-1.0
GM2A,0.098471716,0.0,-1.0
GMCL1,2.6309124e-08,0.0,0.0
GMDS,0.092287436,0.0,0.0
GMEB1,0.3959723,0.0,0.0
GMEB2,0.14932236,0.0,0.0
GMFB,0.31849653,0.0,-1.0
GMFG,0.0044738515,0.0,0.0
GMIP,0.05591166,0.0,0.0
GMNN,0.7331136,1.0,0.0
GMPPA,0.17910549,0.0,0.0
GMPPB,0.033467595,0.0,0.0
GMPR,0.007853118,0.0,0.0
GMPR2,0.033355977,0.0,0.0
GMPS,0.14145048,0.0,-1.0
GNA11,0.55829924,1.0,1.0
GNA12,0.6998082,1.0,1.0
GNA13,0.33530027,0.0,1.0
GNA14,0.0027561896,0.0,-1.0
GNA15,0.026008572,0.0,-1.0
GNAI1,0.8092927,1.0,-1.0
GNAI2,0.8524161,1.0,-1.0
GNAI3,0.8910959,1.0,-1.0
GNAL,0.13477938,0.0,0.0
GNAO1,0.47615552,0.0,0.0
GNAQ,0.0018622465,0.0,1.0
GNAS,0.9206297,1.0,1.0
GNAT1,0.019676844,0.0,-1.0
GNAT2,0.04445502,0.0,-1.0
GNAT3,0.011904668,0.0,0.0
GNAZ,0.44866434,0.0,0.0
GNB1,0.70733523,1.0,1.0
GNB1L,0.11717842,0.0,0.0
GNB2,0.9467236,1.0,-1.0
GNB3,0.28359938,0.0,-1.0
GNB4,0.6299558,1.0,-1.0
GNE,0.0150098335,0.0,-1.0
GNG10,0.24557321,0.0,-1.0
GNG11,0.32394496,0.0,-1.0
GNG12,0.40611687,0.0,-1.0
GNG13,0.1195716,0.0,-1.0
GNG2,0.47986338,0.0,-1.0
GNG3,0.26817325,0.0,-1.0
GNG4,0.3392001,0.0,-1.0
GNG5,0.28544745,0.0,-1.0
GNG7,0.2628109,0.0,-1.0
GNG8,0.14181684,0.0,-1.0
GNGT1,0.2020291,0.0,-1.0
GNGT2,0.31663677,0.0,-1.0
GNL1,0.08252672,0.0,0.0
GNL2,0.05144557,0.0,0.0
GNL3,0.12216908,0.0,0.0
GNL3L,0.077143036,0.0,0.0
GNLY,0.001961625,0.0,0.0
GNMT,0.029878933,0.0,0.0
GNPAT,0.05467276,0.0,-1.0
GNPDA1,0.01046841,0.0,0.0
GNPDA2,0.022829704,0.0,0.0
GNPNAT1,0.018236289,0.0,0.0
GNPTAB,0.10813972,0.0,-1.0
GNPTG,0.12261515,0.0,-1.0
GNRH1,0.4545061,0.0,0.0
GNRH2,4.173921e-15,0.0,0.0
GNRHR,0.003407279,0.0,-1.0
GNS,0.20670809,0.0,-1.0
GOLGA1,0.19895177,0.0,0.0
GOLGA2,0.7716807,1.0,-1.0
GOLGA3,0.12540378,0.0,0.0
GOLGA4,0.17610714,0.0,0.0
GOLGA5,0.17313479,0.0,1.0
GOLGA6A,0.082741044,0.0,0.0
GOLGA6B,5.931589e-06,0.0,0.0
GOLGA6L2,0.010221295,0.0,0.0
GOLGA6L9,0.05843787,0.0,0.0
GOLGA7,0.021336798,0.0,0.0
GOLGA7B,0.00014658467,0.0,0.0
GOLGA8A,7.957617e-06,0.0,0.0
GOLGA8B,2.2301529e-06,0.0,0.0
GOLGA8F,0.17486002,0.0,0.0
GOLGA8R,0.08466922,0.0,0.0
GOLGB1,0.25887528,0.0,-1.0
GOLIM4,0.10797599,0.0,0.0
GOLM1,0.057304304,0.0,0.0
GOLM2,0.0288364,0.0,0.0
GOLPH3,0.0614635,0.0,0.0
GOLPH3L,0.001267303,0.0,0.0
GOLT1B,0.01243555,0.0,0.0
GON4L,0.010768001,0.0,0.0
GOPC,0.8424414,1.0,1.0
GORAB,0.108470835,0.0,0.0
GORASP1,0.19619559,0.0,-1.0
GORASP2,0.32528988,0.0,0.0
GOSR1,0.07354174,0.0,0.0
GOSR2,0.035803214,0.0,-1.0
GOT1,0.06891018,0.0,-1.0
GOT1L1,5.5774285e-10,0.0,0.0
GOT2,0.13854897,0.0,-1.0
GP1BA,0.117813244,0.0,0.0
GP1BB,0.026112244,0.0,-1.0
GP2,0.020393346,0.0,0.0
GP5,0.024593761,0.0,0.0
GP6,0.54503083,1.0,0.0
GP9,0.002681575,0.0,-1.0
GPA33,1.4333711e-19,0.0,-1.0
GPAA1,0.020083576,0.0,0.0
GPALPP1,0.057931617,0.0,0.0
GPAM,0.2628975,0.0,-1.0
GPANK1,0.015692193,0.0,0.0
GPAT3,0.014957136,0.0,0.0
GPAT4,0.017734572,0.0,-1.0
GPATCH1,0.19109385,0.0,0.0
GPATCH11,0.097465605,0.0,0.0
GPATCH2,0.23342992,0.0,0.0
GPATCH2L,0.023201376,0.0,0.0
GPATCH4,0.10606074,0.0,-1.0
GPATCH8,0.2585512,0.0,-1.0
GPBP1,0.18038833,0.0,0.0
GPBP1L1,0.0987956,0.0,0.0
GPC1,0.755261,1.0,-1.0
GPC2,0.029985841,0.0,0.0
GPC3,0.009238733,0.0,1.0
GPC4,0.43197006,0.0,0.0
GPC5,0.8323109,1.0,1.0
GPC6,0.009285486,0.0,-1.0
GPCPD1,0.40826592,0.0,-1.0
GPD1,0.009903458,0.0,0.0
GPD1L,0.12478746,0.0,-1.0
GPD2,0.16883837,0.0,0.0
GPHA2,2.266228e-05,0.0,0.0
GPHB5,3.467287e-14,0.0,0.0
GPHN,0.57551634,1.0,1.0
GPI,0.11878262,0.0,-1.0
GPIHBP1,6.793702e-16,0.0,0.0
GPKOW,0.07279665,0.0,0.0
GPLD1,0.13319653,0.0,0.0
GPM6A,0.050692327,0.0,0.0
GPM6B,0.018897198,0.0,0.0
GPN1,0.1378332,0.0,-1.0
GPN2,0.03874376,0.0,0.0
GPN3,0.14189671,0.0,0.0
GPNMB,0.27187857,0.0,-1.0
GPR101,0.00038497426,0.0,0.0
GPR107,0.05901624,0.0,-1.0
GPR108,0.063492194,0.0,0.0
GPR119,8.7489825e-06,0.0,0.0
GPR12,5.333464e-09,0.0,-1.0
GPR135,0.0012777944,0.0,0.0
GPR137B,0.018478388,0.0,0.0
GPR142,5.320426e-10,0.0,0.0
GPR143,0.003447901,0.0,-1.0
GPR15,6.018736e-05,0.0,0.0
GPR151,2.4786735e-07,0.0,0.0
GPR153,0.22940373,0.0,0.0
GPR158,0.00048302696,0.0,0.0
GPR161,0.20505877,0.0,-1.0
GPR162,0.0009028182,0.0,0.0
GPR17,2.9912874e-06,0.0,0.0
GPR173,4.4883063e-06,0.0,0.0
GPR18,0.01242003,0.0,0.0
GPR180,0.05761843,0.0,0.0
GPR183,0.029965667,0.0,-1.0
GPR20,0.0019050664,0.0,0.0
GPR21,3.3328564e-07,0.0,0.0
GPR22,0.0011530762,0.0,0.0
GPR25,0.00016092454,0.0,0.0
GPR26,1.014086e-09,0.0,0.0
GPR3,3.356672e-05,0.0,0.0
GPR35,0.044443347,0.0,-1.0
GPR37,0.14379707,0.0,0.0
GPR37L1,2.6919912e-07,0.0,0.0
GPR39,4.2248854e-07,0.0,0.0
GPR45,0.13710164,0.0,0.0
GPR50,0.44366688,0.0,-1.0
GPR52,0.00033201405,0.0,0.0
GPR55,0.06042861,0.0,0.0
GPR61,5.6105544e-11,0.0,0.0
GPR63,7.4098774e-05,0.0,0.0
GPR75-ASB3,0.178334,0.0,0.0
GPR78,5.2967904e-11,0.0,0.0
GPR83,8.243475e-09,0.0,0.0
GPR84,7.312155e-05,0.0,0.0
GPR87,1.9370574e-07,0.0,0.0
GPR89A,0.020773409,0.0,0.0
GPRASP1,0.01481001,0.0,0.0
GPRASP2,0.5492835,1.0,0.0
GPRC5A,0.12643762,0.0,-1.0
GPRC5B,0.0033880358,0.0,0.0
GPRC5C,0.006856413,0.0,0.0
GPRC5D,0.0013253128,0.0,0.0
GPRIN1,0.20410621,0.0,-1.0
GPRIN2,0.010181285,0.0,-1.0
GPS1,0.41785538,0.0,-1.0
GPS2,0.73144114,1.0,1.0
GPSM1,0.08998204,0.0,0.0
GPSM2,0.30417863,0.0,0.0
GPSM3,0.09415217,0.0,0.0
GPT,0.06361104,0.0,0.0
GPT2,0.02975313,0.0,0.0
GPX1,0.08834481,0.0,-1.0
GPX2,2.2420061e-05,0.0,0.0
GPX3,6.966931e-05,0.0,-1.0
GPX4,0.12793356,0.0,0.0
GPX7,0.031097364,0.0,0.0
GPX8,0.0051926016,0.0,0.0
GRAMD1A,0.0075672255,0.0,0.0
GRAMD1B,2.073908e-08,0.0,-1.0
GRAMD1C,0.07231195,0.0,0.0
GRAMD2A,0.014891241,0.0,0.0
GRAMD2B,0.0008067649,0.0,0.0
GRAMD4,0.0031994954,0.0,0.0
GRAP,0.5741796,1.0,0.0
GRAP2,0.6153063,1.0,0.0
GRB10,0.7463294,1.0,-1.0
GRB14,0.40706038,0.0,0.0
GRB2,0.99855256,1.0,-1.0
GRB7,0.84728724,1.0,0.0
GREB1,0.36766267,0.0,-1.0
GREM1,0.2527153,0.0,1.0
GREM2,3.4694092e-06,0.0,0.0
GRHL1,2.043701e-10,0.0,0.0
GRHL2,0.0043621543,0.0,-1.0
GRHL3,6.4132774e-07,0.0,0.0
GRHPR,0.0117831435,0.0,-1.0
GRIA1,0.68574643,1.0,0.0
GRIA2,0.41750234,0.0,-1.0
GRIA3,0.2941831,0.0,-1.0
GRIA4,0.25262383,0.0,0.0
GRID1,0.31407213,0.0,-1.0
GRID2,0.13528927,0.0,0.0
GRID2IP,0.0001343111,0.0,0.0
GRIK1,0.08963168,0.0,0.0
GRIK2,0.6398211,1.0,-1.0
GRIK3,0.8718419,1.0,-1.0
GRIK4,0.09517224,0.0,0.0
GRIK5,0.7761912,1.0,-1.0
GRIN1,0.793195,1.0,-1.0
GRIN2A,0.7312162,1.0,1.0
GRIN2B,0.5836524,1.0,-1.0
GRIN2C,0.036209412,0.0,0.0
GRIN2D,0.713652,1.0,-1.0
GRIN3A,0.31960413,0.0,0.0
GRIN3B,0.038400136,0.0,0.0
GRIP1,0.5066628,1.0,0.0
GRIP2,0.17534252,0.0,0.0
GRIPAP1,0.11759504,0.0,0.0
GRK1,0.014724851,0.0,0.0
GRK2,0.2688902,0.0,0.0
GRK3,0.072345346,0.0,0.0
GRK4,0.070252396,0.0,0.0
GRK5,0.05527156,0.0,0.0
GRK6,0.012957348,0.0,0.0
GRK7,0.18316911,0.0,0.0
GRM1,0.54627746,1.0,-1.0
GRM2,0.5070286,1.0,0.0
GRM3,0.46751627,0.0,1.0
GRM4,0.4483857,0.0,0.0
GRM5,0.6470573,1.0,-1.0
GRM6,0.4464298,0.0,0.0
GRM7,0.4961709,0.0,0.0
GRM8,0.4469596,0.0,-1.0
GRN,0.3087203,0.0,-1.0
GRP,0.53612155,1.0,-1.0
GRPEL1,0.107546836,0.0,0.0
GRPEL2,0.0001694597,0.0,0.0
GRPR,0.032751214,0.0,-1.0
GRSF1,0.05070192,0.0,-1.0
GRTP1,0.109413356,0.0,0.0
GRWD1,0.14062826,0.0,0.0
GRXCR1,0.0016779478,0.0,0.0
GSAP,0.042679008,0.0,0.0
GSC,0.43912786,0.0,0.0
GSC2,1.6496872e-11,0.0,0.0
GSDMA,0.05526784,0.0,-1.0
GSDMB,0.027033221,0.0,-1.0
GSDMD,0.046975773,0.0,0.0
GSDME,0.06174768,0.0,-1.0
GSE1,0.6734719,1.0,-1.0
GSG1,0.03349129,0.0,0.0
GSG1L,9.2162045e-05,0.0,0.0
GSK3A,0.9208418,1.0,-1.0
GSK3B,0.9932819,1.0,1.0
GSKIP,0.25215578,0.0,-1.0
GSN,0.6901313,1.0,-1.0
GSPT1,0.2016457,0.0,-1.0
GSPT2,0.063030444,0.0,0.0
GSR,0.09492383,0.0,0.0
GSS,0.16120407,0.0,0.0
GSTA1,4.8363076e-05,0.0,-1.0
GSTA2,4.30344e-09,0.0,-1.0
GSTA3,3.8046175e-05,0.0,-1.0
GSTA4,0.00023557272,0.0,-1.0
GSTA5,1.5887243e-10,0.0,-1.0
GSTCD,0.035896085,0.0,0.0
GSTK1,0.023388138,0.0,0.0
GSTM1,0.3096718,0.0,-1.0
GSTM2,0.005331148,0.0,-1.0
GSTM3,0.5475858,1.0,-1.0
GSTM4,0.032664962,0.0,-1.0
GSTM5,0.017794894,0.0,-1.0
GSTO1,0.14497462,0.0,-1.0
GSTO2,0.09758182,0.0,-1.0
GSTP1,0.13177282,0.0,-1.0
GSTT1,0.34844363,0.0,-1.0
GSTT2,4.5665863e-12,0.0,-1.0
GSTT2B,9.916075e-11,0.0,-1.0
GSTZ1,0.33022374,0.0,0.0
GSX2,0.24207489,0.0,0.0
GTDC1,0.00010476643,0.0,0.0
GTF2A1,0.42950532,0.0,-1.0
GTF2A1L,0.023759536,0.0,0.0
GTF2A2,0.07562965,0.0,0.0
GTF2B,0.41869342,0.0,-1.0
GTF2E1,0.14956342,0.0,0.0
GTF2E2,0.2523085,0.0,0.0
GTF2F1,0.41283098,0.0,0.0
GTF2F2,0.23822573,0.0,0.0
GTF2H1,0.4211309,0.0,-1.0
GTF2H2,0.07286187,0.0,0.0
GTF2H2C,0.02977421,0.0,0.0
GTF2H3,0.06690487,0.0,0.0
GTF2H4,0.14712071,0.0,0.0
GTF2H5,0.048158754,0.0,-1.0
GTF2I,0.4065198,0.0,1.0
GTF2IRD1,0.27428412,0.0,0.0
GTF2IRD2,0.011097789,0.0,0.0
GTF2IRD2B,0.0020474049,0.0,0.0
GTF3A,0.09810059,0.0,0.0
GTF3C1,0.40405467,0.0,0.0
GTF3C2,0.37681916,0.0,0.0
GTF3C3,0.5681015,1.0,0.0
GTF3C4,0.5939565,1.0,0.0
GTF3C5,0.4583197,0.0,0.0
GTF3C6,0.044307414,0.0,0.0
GTPBP1,0.14545019,0.0,0.0
GTPBP10,0.04433595,0.0,0.0
GTPBP2,0.10486597,0.0,0.0
GTPBP3,0.05199014,0.0,0.0
GTPBP4,0.16083899,0.0,0.0
GTPBP6,0.0807344,0.0,0.0
GTPBP8,0.013450358,0.0,0.0
GTSE1,0.2504655,0.0,-1.0
GTSF1,2.9129194e-07,0.0,0.0
GUCA1A,0.00529354,0.0,-1.0
GUCA1B,3.935247e-12,0.0,-1.0
GUCA2A,7.8113124e-05,0.0,0.0
GUCA2B,6.0558406e-08,0.0,0.0
GUCD1,0.028847057,0.0,0.0
GUCY1A1,0.10557227,0.0,0.0
GUCY1A2,0.17161535,0.0,-1.0
GUCY1B1,0.15998863,0.0,0.0
GUCY2C,0.0008217742,0.0,-1.0
GUCY2D,3.8226362e-06,0.0,-1.0
GUCY2F,1.4095774e-12,0.0,0.0
GUF1,0.00011401176,0.0,0.0
GUK1,2.9960354e-08,0.0,0.0
GULP1,0.48917428,0.0,0.0
GUSB,0.24600515,0.0,-1.0
GXYLT1,0.08600276,0.0,-1.0
GXYLT2,0.00027270865,0.0,0.0
GYG1,0.23848812,0.0,0.0
GYG2,0.008732926,0.0,0.0
GYPA,0.00020889383,0.0,0.0
GYPB,2.701774e-10,0.0,0.0
GYPC,0.01550078,0.0,-1.0
GYS1,0.24481428,0.0,-1.0
GYS2,0.094275765,0.0,-1.0
GZF1,0.015830653,0.0,0.0
GZMA,0.118232444,0.0,-1.0
GZMB,0.625999,1.0,-1.0
GZMH,0.11537241,0.0,0.0
GZMK,0.03445013,0.0,0.0
GZMM,0.057364713,0.0,0.0
H1-0,0.18814018,0.0,0.0
H1-1,0.32985723,0.0,0.0
H1-10,0.22691986,0.0,0.0
H1-2,0.31041396,0.0,-1.0
H1-3,0.43029562,0.0,1.0
H1-4,0.2903429,0.0,1.0
H1-5,0.22495691,0.0,1.0
H1-6,0.34946287,0.0,0.0
H2AB1,0.0038993189,0.0,0.0
H2AB2,0.0043373317,0.0,0.0
H2AC1,0.15684046,0.0,0.0
H2AC12,0.04299702,0.0,0.0
H2AC13,0.4176311,0.0,0.0
H2AC14,0.050563112,0.0,0.0
H2AC18,0.36440644,0.0,0.0
H2AC20,0.60430235,1.0,-1.0
H2AC21,0.3870372,0.0,0.0
H2AC6,0.22254172,0.0,-1.0
H2AC7,0.28487313,0.0,-1.0
H2AC8,0.21154468,0.0,0.0
H2AJ,0.029709565,0.0,0.0
H2AP,0.021237258,0.0,0.0
H2AW,0.1109968,0.0,0.0
H2AX,0.34903,0.0,-1.0
H2AZ1,0.24207266,0.0,-1.0
H2AZ2,0.16433316,0.0,-1.0
H2BC1,0.25236174,0.0,0.0
H2BC11,0.25269297,0.0,-1.0
H2BC12,0.20289981,0.0,-1.0
H2BC13,0.111469775,0.0,0.0
H2BC14,0.08987728,0.0,0.0
H2BC15,0.12598154,0.0,0.0
H2BC17,0.0072147725,0.0,-1.0
H2BC18,0.09847165,0.0,0.0
H2BC21,0.56999546,1.0,0.0
H2BC3,0.22623709,0.0,-1.0
H2BC4,0.4950248,0.0,-1.0
H2BC5,0.36729416,0.0,-1.0
H2BC9,0.23762454,0.0,-1.0
H2BU1,0.080262445,0.0,0.0
H2BW2,0.00086236536,0.0,0.0
H3-3A,0.65326643,1.0,1.0
H3-4,0.45964345,0.0,-1.0
H3-5,0.10583215,0.0,-1.0
H3-7,0.027581586,0.0,0.0
H3C15,0.84017736,1.0,-1.0
H3C3,0.87383705,1.0,-1.0
H4C5,0.80448,1.0,-1.0
H4C7,0.008420368,0.0,0.0
H6PD,0.013442932,0.0,0.0
HAAO,0.17854425,0.0,0.0
HABP2,0.08664392,0.0,0.0
HABP4,0.3264795,0.0,0.0
HACD1,0.00041658067,0.0,0.0
HACD2,0.0068683466,0.0,0.0
HACD3,0.10767365,0.0,0.0
HACE1,0.117485955,0.0,-1.0
HACL1,0.022058746,0.0,0.0
HADH,0.009145786,0.0,0.0
HADHA,0.27220768,0.0,-1.0
HADHB,0.34130841,0.0,0.0
HAGH,0.009233466,0.0,0.0
HAGHL,0.064029805,0.0,0.0
HAL,0.14734136,0.0,0.0
HAMP,0.00025550264,0.0,-1.0
HAND1,0.3353005,0.0,0.0
HAND2,0.40619212,0.0,0.0
HAO1,0.049728557,0.0,0.0
HAO2,3.1052105e-11,0.0,0.0
HAP1,0.23237936,0.0,0.0
HAPLN1,0.002884209,0.0,-1.0
HAPLN2,0.02517564,0.0,0.0
HAPLN3,0.017421382,0.0,0.0
HARS1,0.14886285,0.0,0.0
HARS2,0.07552301,0.0,0.0
HAS1,0.037928917,0.0,0.0
HAS2,5.6887195e-34,0.0,-1.0
HAS3,5.6887195e-34,0.0,0.0
HASPIN,0.074737296,0.0,0.0
HAT1,0.19936134,0.0,0.0
HAUS1,0.33186436,0.0,0.0
HAUS2,0.17216654,0.0,0.0
HAUS3,0.33380768,0.0,0.0
HAUS4,0.24631572,0.0,0.0
HAUS5,0.24358138,0.0,0.0
HAUS6,0.25947633,0.0,0.0
HAUS7,0.1634906,0.0,0.0
HAUS8,0.2520104,0.0,0.0
HAVCR1,3.528967e-23,0.0,-1.0
HAVCR2,0.6506984,1.0,0.0
HAX1,0.8466583,1.0,-1.0
HBA1,0.4700153,0.0,-1.0
HBB,0.024353523,0.0,-1.0
HBD,0.038649175,0.0,0.0
HBE1,0.01828025,0.0,0.0
HBEGF,0.56223506,1.0,-1.0
HBG1,0.15384284,0.0,0.0
HBG2,0.15961486,0.0,-1.0
HBP1,0.07823889,0.0,-1.0
HBQ1,5.718792e-05,0.0,0.0
HBS1L,0.16774657,0.0,0.0
HBZ,0.026458763,0.0,0.0
HCAR1,1.3272906e-05,0.0,0.0
HCCS,0.005369807,0.0,0.0
HCFC1,0.46648422,0.0,0.0
HCFC1R1,0.00036240192,0.0,0.0
HCFC2,0.2237107,0.0,-1.0
HCK,0.8993986,1.0,-1.0
HCLS1,0.68296885,1.0,-1.0
HCN1,0.00047560624,0.0,-1.0
HCN2,0.13152738,0.0,0.0
HCN3,2.4515384e-05,0.0,0.0
HCN4,0.00011386987,0.0,-1.0
HCRT,3.1525121e-06,0.0,-1.0
HCRTR1,0.0015570691,0.0,0.0
HCRTR2,0.00036775586,0.0,0.0
HCST,0.0018843955,0.0,0.0
HDAC1,0.97716916,1.0,1.0
HDAC10,0.10950737,0.0,-1.0
HDAC11,0.13978449,0.0,-1.0
HDAC2,0.9770876,1.0,-1.0
HDAC3,0.948625,1.0,-1.0
HDAC4,0.9007037,1.0,1.0
HDAC5,0.6546611,1.0,-1.0
HDAC6,0.7705704,1.0,-1.0
HDAC7,0.615878,1.0,1.0
HDAC8,0.41862202,0.0,-1.0
HDAC9,0.66626096,1.0,-1.0
HDC,0.005574398,0.0,0.0
HDDC2,1.7421144e-05,0.0,0.0
HDDC3,0.013634777,0.0,0.0
HDGF,0.1199807,0.0,0.0
HDGFL2,0.1441783,0.0,0.0
HDGFL3,0.0003306835,0.0,0.0
HDHD2,0.00025616685,0.0,0.0
HDHD3,0.0116015,0.0,0.0
HDLBP,0.18384127,0.0,-1.0
HDX,0.112736225,0.0,0.0
HEATR1,0.67744124,1.0,-1.0
HEATR3,0.18356416,0.0,0.0
HEATR5A,0.0001239959,0.0,0.0
HEATR5B,0.031475108,0.0,0.0
HEATR6,0.35710266,0.0,0.0
HEBP1,0.035205565,0.0,0.0
HEBP2,0.06914693,0.0,0.0
HECTD1,0.325571,0.0,-1.0
HECTD2,0.038535997,0.0,0.0
HECTD3,0.26674375,0.0,0.0
HECTD4,0.03617716,0.0,0.0
HECW1,0.17148525,0.0,-1.0
HECW2,0.0050939084,0.0,-1.0
HEG1,0.15621385,0.0,0.0
HELB,0.19275315,0.0,0.0
HELLS,0.5149768,1.0,-1.0
HELQ,0.16874127,0.0,0.0
HELT,1.7059815e-06,0.0,0.0
HELZ,0.27871263,0.0,0.0
HELZ2,0.07908722,0.0,-1.0
HEMGN,0.51232964,1.0,0.0
HEMK1,0.016059801,0.0,0.0
HENMT1,1.2822464e-07,0.0,0.0
HEPACAM2,0.732911,1.0,-1.0
HEPH,3.8439342e-08,0.0,0.0
HEPHL1,0.047464374,0.0,0.0
HERC1,0.5141092,1.0,-1.0
HERC2,0.7787513,1.0,-1.0
HERC3,0.011963968,0.0,0.0
HERC4,0.237139,0.0,0.0
HERC5,0.10773474,0.0,0.0
HERC6,0.05055202,0.0,0.0
HERPUD1,0.2734759,0.0,1.0
HERPUD2,0.1007022,0.0,0.0
HES1,0.8614636,1.0,-1.0
HES4,3.0621697e-05,0.0,0.0
HES5,0.044257913,0.0,-1.0
HES6,0.12824903,0.0,0.0
HES7,0.026661,0.0,0.0
HESX1,0.14294164,0.0,-1.0
HEXA,0.27189422,0.0,-1.0
HEXB,0.16156869,0.0,-1.0
HEXD,0.0015613895,0.0,0.0
HEXIM1,0.24532275,0.0,-1.0
HEXIM2,0.61174303,1.0,0.0
HEY1,0.55928844,1.0,1.0
HEY2,0.36755028,0.0,-1.0
HEYL,0.35345584,0.0,-1.0
HFE,0.084100336,0.0,-1.0
HGD,0.0042789523,0.0,-1.0
HGF,0.6676561,1.0,1.0
HGFAC,0.0035719532,0.0,0.0
HGH1,0.18747403,0.0,0.0
HGS,0.87481886,1.0,0.0
HHAT,0.0005076937,0.0,-1.0
HHATL,1.7819059e-13,0.0,0.0
HHEX,0.17905046,0.0,-1.0
HHIP,0.19711822,0.0,-1.0
HHIPL1,4.2688242e-10,0.0,0.0
HHIPL2,4.8184035e-12,0.0,0.0
HHLA3,0.00078456424,0.0,0.0
HIBADH,0.051325202,0.0,0.0
HIBCH,0.080565095,0.0,0.0
HIC1,0.4268893,0.0,-1.0
HIC2,0.25451937,0.0,0.0
HID1,0.012943677,0.0,0.0
HIF1A,0.86594343,1.0,1.0
HIF1AN,0.070306554,0.0,-1.0
HIF3A,0.23550864,0.0,0.0
HIGD1A,0.026436206,0.0,0.0
HIGD1B,7.030967e-09,0.0,0.0
HIGD2A,1.4321596e-09,0.0,0.0
HIKESHI,0.000645279,0.0,-1.0
HILPDA,0.00031813994,0.0,0.0
HINFP,0.17588331,0.0,-1.0
HINT1,0.2943674,0.0,0.0
HINT2,6.521391e-05,0.0,0.0
HINT3,0.00072553544,0.0,0.0
HIP1,0.15985338,0.0,1.0
HIP1R,0.35030812,0.0,0.0
HIPK1,0.42666212,0.0,0.0
HIPK2,0.8693426,1.0,-1.0
HIPK3,0.59228456,1.0,0.0
HIPK4,0.071406856,0.0,0.0
HIRA,0.51265776,1.0,-1.0
HIRIP3,0.13257045,0.0,0.0
HIVEP1,0.7223967,1.0,-1.0
HIVEP2,0.20125698,0.0,0.0
HIVEP3,0.12591973,0.0,-1.0
HJURP,0.19917972,0.0,0.0
HJV,4.17033e-06,0.0,-1.0
HK1,0.23409078,0.0,-1.0
HK2,0.65790445,1.0,-1.0
HK3,0.5748977,1.0,-1.0
HKDC1,0.0014301172,0.0,-1.0
HLA-A,0.3971201,0.0,1.0
HLA-B,0.8158025,1.0,1.0
HLA-C,0.5239382,1.0,1.0
HLA-DMA,2.3187095e-08,0.0,0.0
HLA-DMB,1.2844282e-05,0.0,0.0
HLA-DOA,1.0656988e-08,0.0,0.0
HLA-DOB,4.0017888e-08,0.0,0.0
HLA-DPA1,3.223722e-05,0.0,0.0
HLA-DPB1,0.013978524,0.0,0.0
HLA-DQA1,0.0023019789,0.0,-1.0
HLA-DQA2,2.6364254e-05,0.0,-1.0
HLA-DQB1,3.1900315e-06,0.0,-1.0
HLA-DQB2,0.00045203458,0.0,0.0
HLA-DRA,0.024735035,0.0,-1.0
HLA-DRB1,0.045156524,0.0,-1.0
HLA-DRB3,0.28809848,0.0,0.0
HLA-DRB4,0.04141568,0.0,0.0
HLA-DRB5,0.09286172,0.0,-1.0
HLA-E,0.37075433,0.0,0.0
HLA-F,0.6153955,1.0,-1.0
HLA-G,0.4924001,0.0,-1.0
HLCS,0.07713326,0.0,-1.0
HLF,0.21940337,0.0,1.0
HLTF,0.4447579,0.0,-1.0
HLX,0.042044744,0.0,0.0
HM13,0.022224076,0.0,-1.0
HMBOX1,0.585556,1.0,0.0
HMBS,0.025037123,0.0,-1.0
HMCES,0.19423454,0.0,0.0
HMCN1,0.0007851742,0.0,-1.0
HMG20A,0.49079636,0.0,0.0
HMG20B,0.5307725,1.0,0.0
HMGA1,0.8792651,1.0,1.0
HMGA2,0.58344185,1.0,1.0
HMGB1,0.7597089,1.0,-1.0
HMGB2,0.36941192,0.0,-1.0
HMGB3,0.13340096,0.0,0.0
HMGB4,0.00037351318,0.0,0.0
HMGCL,0.035432804,0.0,0.0
HMGCR,0.011364221,0.0,-1.0
HMGCS1,0.049164485,0.0,0.0
HMGCS2,0.11675615,0.0,0.0
HMGN1,0.28719762,0.0,0.0
HMGN2,0.14906387,0.0,0.0
HMGN3,0.10666454,0.0,0.0
HMGN4,0.0076599284,0.0,0.0
HMGN5,0.09529642,0.0,-1.0
HMGXB3,0.0027532042,0.0,0.0
HMGXB4,0.38059744,0.0,0.0
HMMR,0.33054733,0.0,0.0
HMOX1,0.07314953,0.0,-1.0
HMOX2,0.04182958,0.0,0.0
HMX3,0.020569041,0.0,0.0
HNF1A,0.8546308,1.0,1.0
HNF1B,0.37315357,0.0,-1.0
HNF4A,0.09312715,0.0,-1.0
HNF4G,0.35016447,0.0,0.0
HNMT,0.05248115,0.0,0.0
HNRNPA0,0.13073353,0.0,0.0
HNRNPA1,0.36685628,0.0,0.0
HNRNPA1L2,0.10292933,0.0,0.0
HNRNPA2B1,0.4910344,0.0,1.0
HNRNPA3,0.22626422,0.0,-1.0
HNRNPAB,0.27570224,0.0,0.0
HNRNPC,0.33560815,0.0,-1.0
HNRNPCL1,0.14069724,0.0,-1.0
HNRNPCL2,0.11857472,0.0,0.0
HNRNPCL4,2.607025e-08,0.0,0.0
HNRNPD,0.29573017,0.0,-1.0
HNRNPDL,0.12709467,0.0,-1.0
HNRNPF,0.34535164,0.0,0.0
HNRNPH1,0.4573451,0.0,0.0
HNRNPH2,0.26445174,0.0,0.0
HNRNPH3,0.15557235,0.0,-1.0
HNRNPK,0.6892119,1.0,-1.0
HNRNPL,0.30665144,0.0,-1.0
HNRNPLL,0.08407938,0.0,0.0
HNRNPM,0.29387018,0.0,0.0
HNRNPR,0.16793886,0.0,0.0
HNRNPU,0.48625484,0.0,-1.0
HNRNPUL1,0.22418264,0.0,0.0
HNRNPUL2,0.3053382,0.0,0.0
HOGA1,0.00149953,0.0,-1.0
HOMER1,0.28292966,0.0,0.0
HOMER2,0.19284822,0.0,0.0
HOMER3,0.35340646,0.0,0.0
HOMEZ,0.19956572,0.0,0.0
HOOK1,0.13776936,0.0,0.0
HOOK2,0.5326628,1.0,0.0
HOOK3,0.1440961,0.0,1.0
HOPX,0.21055783,0.0,0.0
HORMAD1,3.5045417e-07,0.0,-1.0
HOXA1,1.5260593e-05,0.0,-1.0
HOXA10,0.85279804,1.0,-1.0
HOXA11,0.52151394,1.0,1.0
HOXA13,0.38016686,0.0,1.0
HOXA2,0.1070234,0.0,0.0
HOXA3,0.19318685,0.0,-1.0
HOXA5,0.4184783,0.0,0.0
HOXA7,0.14400813,0.0,-1.0
HOXA9,0.45663145,0.0,1.0
HOXB1,0.4723685,0.0,0.0
HOXB13,0.89268553,1.0,1.0
HOXB2,0.2573445,0.0,0.0
HOXB3,0.6722432,1.0,0.0
HOXB4,0.39248234,0.0,0.0
HOXB5,0.22761872,0.0,0.0
HOXB6,0.78736365,1.0,0.0
HOXB7,0.5140513,1.0,0.0
HOXB8,0.5206258,1.0,-1.0
HOXB9,0.89300454,1.0,0.0
HOXC10,0.340555,0.0,0.0
HOXC11,0.6511064,1.0,1.0
HOXC13,0.93027097,1.0,1.0
HOXC4,0.02328752,0.0,0.0
HOXC5,0.06145498,0.0,0.0
HOXC6,0.4644447,0.0,-1.0
HOXC8,0.7201743,1.0,-1.0
HOXC9,0.20778936,0.0,0.0
HOXD1,0.0001424176,0.0,0.0
HOXD10,0.6675578,1.0,-1.0
HOXD11,0.00031135677,0.0,1.0
HOXD12,0.7672692,1.0,0.0
HOXD13,0.9338922,1.0,1.0
HOXD3,0.21264167,0.0,0.0
HOXD4,0.4500223,0.0,0.0
HOXD8,0.047836114,0.0,0.0
HOXD9,0.2586424,0.0,0.0
HP,0.572003,1.0,0.0
HP1BP3,0.10772889,0.0,0.0
HPCA,0.015303502,0.0,0.0
HPCAL1,0.0139203025,0.0,0.0
HPCAL4,0.04600108,0.0,0.0
HPD,0.031858094,0.0,-1.0
HPDL,0.045652222,0.0,0.0
HPF1,0.13976154,0.0,0.0
HPGD,7.0276543e-13,0.0,-1.0
HPGDS,0.044056512,0.0,0.0
HPN,0.095183015,0.0,0.0
HPR,0.051314067,0.0,-1.0
HPRT1,0.13808763,0.0,-1.0
HPS1,0.07434032,0.0,-1.0
HPS3,0.022996143,0.0,-1.0
HPS4,0.036910262,0.0,-1.0
HPS5,0.20125972,0.0,-1.0
HPS6,0.03060092,0.0,-1.0
HPSE,0.07489161,0.0,-1.0
HPX,0.28431135,0.0,0.0
HR,0.117729686,0.0,-1.0
HRAS,0.9832145,1.0,1.0
HRC,0.0018058558,0.0,0.0
HRG,0.2969963,0.0,-1.0
HRH1,0.022146897,0.0,0.0
HRH2,1.3792879e-05,0.0,0.0
HRH3,0.0013230834,0.0,0.0
HRH4,0.03898092,0.0,-1.0
HRK,0.0051482716,0.0,-1.0
HRNR,0.29467586,0.0,-1.0
HROB,0.101756774,0.0,0.0
HS1BP3,0.08282939,0.0,-1.0
HS2ST1,0.0014002442,0.0,-1.0
HS3ST1,0.0027406837,0.0,0.0
HS3ST3A1,1.1364343e-11,0.0,0.0
HS3ST3B1,3.8691585e-11,0.0,0.0
HS6ST1,0.008240555,0.0,0.0
HS6ST2,0.113878034,0.0,0.0
HSBP1,0.16528425,0.0,-1.0
HSBP1L1,8.893557e-12,0.0,0.0
HSCB,0.007324373,0.0,0.0
HSD11B1,0.008658111,0.0,0.0
HSD11B1L,0.00014311213,0.0,0.0
HSD11B2,0.0007234183,0.0,-1.0
HSD17B1,0.0011301679,0.0,0.0
HSD17B10,0.12951396,0.0,-1.0
HSD17B11,0.094369635,0.0,0.0
HSD17B12,0.027208468,0.0,0.0
HSD17B13,4.026236e-05,0.0,0.0
HSD17B14,5.619376e-05,0.0,0.0
HSD17B2,3.2370367e-14,0.0,0.0
HSD17B3,0.09797537,0.0,-1.0
HSD17B4,0.21330605,0.0,-1.0
HSD17B6,0.08019788,0.0,0.0
HSD17B7,4.734256e-05,0.0,0.0
HSD17B8,0.3074462,0.0,0.0
HSD3B1,0.0073755668,0.0,-1.0
HSD3B2,0.19597243,0.0,-1.0
HSD3B7,0.007198882,0.0,0.0
HSDL1,0.00934081,0.0,0.0
HSDL2,0.062997736,0.0,0.0
HSF1,0.7935716,1.0,-1.0
HSF2,0.13545316,0.0,0.0
HSF2BP,0.060659695,0.0,0.0
HSF4,0.3578897,0.0,-1.0
HSF5,0.00044989018,0.0,0.0
HSFX1,0.03627224,0.0,0.0
HSFY2,0.034517493,0.0,0.0
HSH2D,0.099988885,0.0,0.0
HSP90AA1,0.99781257,1.0,1.0
HSP90AB1,0.9928749,1.0,1.0
HSP90B1,0.15654339,0.0,-1.0
HSPA12A,0.09892831,0.0,0.0
HSPA12B,0.0054838704,0.0,0.0
HSPA13,0.17071956,0.0,0.0
HSPA14,0.14197972,0.0,0.0
HSPA1A,0.88692844,1.0,0.0
HSPA1L,0.48562026,0.0,-1.0
HSPA2,0.4615715,0.0,0.0
HSPA4,0.76612085,1.0,-1.0
HSPA4L,0.15668999,0.0,0.0
HSPA5,0.75200486,1.0,-1.0
HSPA6,0.22514454,0.0,0.0
HSPA8,0.9316335,1.0,-1.0
HSPA9,0.63290584,1.0,-1.0
HSPB1,0.2190211,0.0,-1.0
HSPB11,0.009497781,0.0,0.0
HSPB2,0.18339543,0.0,-1.0
HSPB3,0.021209901,0.0,-1.0
HSPB6,0.17303634,0.0,0.0
HSPB7,0.08797246,0.0,0.0
HSPB8,0.4409818,0.0,-1.0
HSPB9,0.0015177138,0.0,0.0
HSPBAP1,0.0769098,0.0,-1.0
HSPBP1,0.22098127,0.0,0.0
HSPD1,0.75993365,1.0,-1.0
HSPE1,0.3681757,0.0,0.0
HSPG2,0.9081691,1.0,-1.0
HSPH1,0.23522086,0.0,-1.0
HTATIP2,0.010210148,0.0,-1.0
HTATSF1,0.18052767,0.0,0.0
HTN1,0.14815585,0.0,0.0
HTN3,0.003909853,0.0,0.0
HTR1A,0.00072318467,0.0,0.0
HTR1B,0.025420053,0.0,0.0
HTR1D,0.04679567,0.0,0.0
HTR1E,3.3426903e-05,0.0,-1.0
HTR1F,3.2552356e-09,0.0,0.0
HTR2A,0.44773847,0.0,0.0
HTR2B,0.08897068,0.0,0.0
HTR2C,0.055481344,0.0,0.0
HTR3A,3.5938595e-18,0.0,0.0
HTR3B,3.145361e-20,0.0,0.0
HTR3C,0.0003949932,0.0,-1.0
HTR3D,7.257154e-21,0.0,0.0
HTR3E,2.4627909e-05,0.0,0.0
HTR4,0.10719724,0.0,0.0
HTR6,0.36007035,0.0,0.0
HTR7,0.16779457,0.0,-1.0
HTRA1,0.18503958,0.0,-1.0
HTRA2,0.1226563,0.0,-1.0
HTRA3,2.446028e-07,0.0,-1.0
HTRA4,9.594772e-07,0.0,0.0
HTT,0.96244675,1.0,-1.0
HUNK,0.010807672,0.0,0.0
HUS1,0.13176696,0.0,-1.0
HUS1B,0.01641727,0.0,0.0
HUWE1,0.8051515,1.0,-1.0
HVCN1,0.039493807,0.0,-1.0
HYAL1,2.2934847e-07,0.0,-1.0
HYAL2,0.024712604,0.0,-1.0
HYAL3,0.013665053,0.0,0.0
HYAL4,5.636326e-12,0.0,0.0
HYDIN,9.256929e-06,0.0,-1.0
HYI,0.05496335,0.0,0.0
HYKK,0.00010840179,0.0,0.0
HYLS1,7.188207e-05,0.0,0.0
HYOU1,0.10450642,0.0,0.0
HYPK,0.09914907,0.0,0.0
IAH1,1.5609098e-07,0.0,0.0
IAPP,0.0010739216,0.0,0.0
IARS1,0.37687683,0.0,0.0
IARS2,0.075126484,0.0,0.0
IBA57,0.07560998,0.0,0.0
IBSP,0.002506181,0.0,0.0
IBTK,0.20516792,0.0,0.0
ICA1,0.22325803,0.0,0.0
ICA1L,0.011443967,0.0,0.0
ICAM1,0.44287607,0.0,-1.0
ICAM2,0.038554832,0.0,0.0
ICAM3,0.012795567,0.0,-1.0
ICAM4,0.028828917,0.0,-1.0
ICAM5,0.39523354,0.0,-1.0
ICE1,0.1828918,0.0,0.0
ICE2,0.28667986,0.0,0.0
ICMT,0.1933459,0.0,0.0
ICOS,0.76915497,1.0,-1.0
ICOSLG,0.8683736,1.0,1.0
ID1,0.88618153,1.0,-1.0
ID2,0.8682736,1.0,-1.0
ID3,0.6237653,1.0,1.0
ID4,0.7258957,1.0,-1.0
IDE,0.10209243,0.0,0.0
IDH1,0.05094548,0.0,1.0
IDH2,0.10371604,0.0,1.0
IDH3A,0.0960994,0.0,-1.0
IDH3B,0.045736652,0.0,-1.0
IDH3G,0.051359978,0.0,-1.0
IDI1,0.060695227,0.0,0.0
IDI2,0.0062011043,0.0,0.0
IDO1,0.018016133,0.0,-1.0
IDO2,5.3715178e-11,0.0,-1.0
IDS,0.21709771,0.0,-1.0
IDUA,4.3930157e-09,0.0,-1.0
IER2,0.12810841,0.0,-1.0
IER3,0.16517279,0.0,-1.0
IER3IP1,0.015490131,0.0,0.0
IER5,0.05727839,0.0,0.0
IFFO1,0.3802796,0.0,0.0
IFFO2,2.4620468e-12,0.0,0.0
IFI16,0.20449854,0.0,-1.0
IFI27,0.0042296774,0.0,-1.0
IFI27L2,1.2770194e-05,0.0,0.0
IFI30,0.0094508,0.0,-1.0
IFI35,0.026074668,0.0,0.0
IFI44,7.3712354e-06,0.0,0.0
IFI44L,1.372566e-07,0.0,-1.0
IFI6,1.1860784e-05,0.0,0.0
IFIH1,0.12655403,0.0,-1.0
IFIT1,0.18726696,0.0,0.0
IFIT1B,0.06368775,0.0,0.0
IFIT2,0.06625348,0.0,0.0
IFIT3,0.07618153,0.0,-1.0
IFIT5,0.058043152,0.0,0.0
IFITM1,0.018235814,0.0,0.0
IFITM2,6.18982e-05,0.0,-1.0
IFITM3,0.01661117,0.0,-1.0
IFNA1,0.5003924,1.0,-1.0
IFNA10,0.4353697,0.0,-1.0
IFNA14,0.45799726,0.0,-1.0
IFNA16,0.43428057,0.0,-1.0
IFNA17,0.4353697,0.0,-1.0
IFNA2,0.42005798,0.0,-1.0
IFNA21,0.4353697,0.0,-1.0
IFNA4,0.4366234,0.0,-1.0
IFNA5,0.35538325,0.0,-1.0
IFNA6,0.4353697,0.0,-1.0
IFNA7,0.4353697,0.0,-1.0
IFNA8,0.43597868,0.0,-1.0
IFNAR1,0.8313284,1.0,-1.0
IFNAR2,0.7913018,1.0,-1.0
IFNB1,0.4630682,0.0,-1.0
IFNE,4.8112795e-11,0.0,0.0
IFNG,0.48682967,0.0,-1.0
IFNGR1,0.7455431,1.0,1.0
IFNGR2,0.74475276,1.0,-1.0
IFNL1,1.2042557e-11,0.0,0.0
IFNL2,1.1647907e-09,0.0,0.0
IFNL3,3.4612134e-05,0.0,0.0
IFNLR1,5.080457e-10,0.0,0.0
IFNW1,0.43511152,0.0,0.0
IFRD1,0.13614003,0.0,0.0
IFRD2,0.08381627,0.0,-1.0
IFT122,0.1323131,0.0,0.0
IFT140,0.045017846,0.0,-1.0
IFT172,0.053808786,0.0,0.0
IFT20,0.111880824,0.0,0.0
IFT22,0.10797746,0.0,0.0
IFT27,0.030168567,0.0,0.0
IFT43,0.018868433,0.0,0.0
IFT46,0.08566139,0.0,0.0
IFT52,0.0057823844,0.0,0.0
IFT57,0.15151855,0.0,0.0
IFT74,0.1017971,0.0,0.0
IFT80,0.038145985,0.0,0.0
IFT81,0.08737791,0.0,0.0
IFT88,0.16234198,0.0,0.0
IFTAP,6.093636e-08,0.0,0.0
IGBP1,0.31771156,0.0,-1.0
IGDCC3,2.9122491e-05,0.0,0.0
IGDCC4,0.16210826,0.0,-1.0
IGF1,0.66930646,1.0,1.0
IGF1R,0.6822907,1.0,1.0
IGF2,0.64202845,1.0,1.0
IGF2BP1,0.15359591,0.0,-1.0
IGF2BP2,0.16597036,0.0,1.0
IGF2BP3,0.13920142,0.0,-1.0
IGF2R,0.15843128,0.0,-1.0
IGFALS,0.19927087,0.0,-1.0
IGFBP1,0.12104849,0.0,-1.0
IGFBP2,0.3196244,0.0,-1.0
IGFBP3,0.40598103,0.0,-1.0
IGFBP4,0.3042695,0.0,0.0
IGFBP5,0.25756398,0.0,-1.0
IGFBP6,0.1801506,0.0,-1.0
IGFBP7,0.5150735,1.0,-1.0
IGFL1,4.8387692e-37,0.0,0.0
IGFL2,1.0921842e-32,0.0,0.0
IGFL3,9.864889e-31,0.0,0.0
IGFLR1,0.0,0.0,0.0
IGFN1,0.043689348,0.0,-1.0
IGHA1,0.53351915,1.0,0.0
IGHA2,0.0016614784,0.0,0.0
IGHD,9.159207e-23,0.0,0.0
IGHE,0.27019975,0.0,0.0
IGHG1,0.41082728,0.0,-1.0
IGHG2,0.08459153,0.0,0.0
IGHG4,0.01280798,0.0,0.0
IGHM,4.522775e-13,0.0,0.0
IGHMBP2,0.097390875,0.0,-1.0
IGHV1-69,8.51679e-24,0.0,0.0
IGHV1OR15-9,0.0014320163,0.0,0.0
IGHV2-5,8.51679e-24,0.0,0.0
IGHV2-70,8.51679e-24,0.0,0.0
IGHV3-13,8.51679e-24,0.0,0.0
IGHV3-23,3.2204133e-23,0.0,0.0
IGHV3-30,8.51679e-24,0.0,0.0
IGHV3-48,1.6094536e-23,0.0,0.0
IGHV3-7,8.51679e-24,0.0,0.0
IGHV3OR15-7,0.02628936,0.0,0.0
IGHV4-39,8.51679e-24,0.0,0.0
IGIP,2.4174107e-17,0.0,0.0
IGKV1-12,0.0030918007,0.0,0.0
IGKV1-16,1.4280749e-22,0.0,0.0
IGKV1-17,8.51679e-24,0.0,0.0
IGKV1-33,8.51679e-24,0.0,0.0
IGKV1-39,8.51679e-24,0.0,0.0
IGKV1-5,5.9363444e-15,0.0,0.0
IGKV1D-12,8.51679e-24,0.0,0.0
IGKV1D-16,5.70941e-10,0.0,0.0
IGKV1D-33,8.51679e-24,0.0,0.0
IGKV1D-39,8.51679e-24,0.0,0.0
IGKV2-30,8.51679e-24,0.0,0.0
IGKV2D-28,2.7331083e-23,0.0,0.0
IGKV2D-30,0.0040600933,0.0,0.0
IGKV2D-40,7.312206e-13,0.0,0.0
IGKV3-11,8.51679e-24,0.0,0.0
IGKV3-15,8.51679e-24,0.0,0.0
IGKV3-20,1.15435114e-17,0.0,0.0
IGKV4-1,1.9412865e-19,0.0,0.0
IGKV5-2,8.51679e-24,0.0,0.0
IGLL1,0.09391924,0.0,-1.0
IGLL5,0.17087218,0.0,-1.0
IGLV1-40,8.51679e-24,0.0,0.0
IGLV1-44,8.51679e-24,0.0,0.0
IGLV1-47,6.0464064e-17,0.0,0.0
IGLV1-51,8.51679e-24,0.0,0.0
IGLV2-11,8.51679e-24,0.0,0.0
IGLV2-14,1.8484108e-23,0.0,0.0
IGLV2-23,8.51679e-24,0.0,0.0
IGLV2-8,1.674595e-23,0.0,0.0
IGLV3-1,8.51679e-24,0.0,0.0
IGLV3-19,8.51679e-24,0.0,0.0
IGLV3-21,1.5745533e-23,0.0,0.0
IGLV3-25,1.3716221e-23,0.0,0.0
IGLV3-27,8.51679e-24,0.0,0.0
IGLV6-57,8.51679e-24,0.0,0.0
IGLV7-43,8.51679e-24,0.0,0.0
IGSF1,0.18831827,0.0,0.0
IGSF10,3.351872e-10,0.0,-1.0
IGSF11,1.770811e-05,0.0,0.0
IGSF21,0.30578688,0.0,0.0
IGSF3,0.120069265,0.0,0.0
IGSF5,0.0054436186,0.0,0.0
IGSF6,1.3274737e-07,0.0,0.0
IGSF8,0.3505487,0.0,-1.0
IGSF9,8.727061e-13,0.0,0.0
IHH,0.5117122,1.0,-1.0
IK,0.14632194,0.0,0.0
IKBIP,0.03895541,0.0,0.0
IKBKB,0.9503319,1.0,1.0
IKBKE,0.73613673,1.0,1.0
IKBKG,0.92757857,1.0,-1.0
IKZF1,0.7373135,1.0,1.0
IKZF2,0.37362468,0.0,-1.0
IKZF3,0.6722865,1.0,1.0
IKZF4,0.15833758,0.0,0.0
IKZF5,0.29581115,0.0,0.0
IL10,0.49011526,0.0,-1.0
IL10RA,0.32262254,0.0,-1.0
IL10RB,0.0011948786,0.0,-1.0
IL11,0.4189791,0.0,0.0
IL11RA,0.0072164605,0.0,0.0
IL12A,0.49938834,0.0,-1.0
IL12B,0.5425667,1.0,-1.0
IL12RB1,0.8080496,1.0,-1.0
IL12RB2,0.7504934,1.0,-1.0
IL13,0.47665438,0.0,-1.0
IL13RA1,0.6592013,1.0,-1.0
IL13RA2,0.7833168,1.0,0.0
IL15,0.46803066,0.0,-1.0
IL15RA,0.6409959,1.0,-1.0
IL16,0.58345175,1.0,-1.0
IL17A,0.47085553,0.0,-1.0
IL17B,4.5044962e-10,0.0,0.0
IL17C,4.261502e-14,0.0,0.0
IL17F,0.0024563747,0.0,-1.0
IL17RA,0.0043107546,0.0,-1.0
IL17RB,1.6524049e-06,0.0,-1.0
IL17RC,0.0026610228,0.0,0.0
IL17RD,0.0072024465,0.0,0.0
IL17RE,4.261502e-14,0.0,0.0
IL18,0.4369719,0.0,0.0
IL18BP,0.0934744,0.0,0.0
IL18R1,0.70083326,1.0,0.0
IL18RAP,0.026627012,0.0,-1.0
IL19,0.0002074718,0.0,0.0
IL1A,0.53595644,1.0,-1.0
IL1B,0.5332019,1.0,-1.0
IL1F10,1.6572547e-07,0.0,0.0
IL1R1,0.35811305,0.0,-1.0
IL1R2,0.71727914,1.0,-1.0
IL1RAP,0.81073356,1.0,0.0
IL1RAPL1,0.06885409,0.0,-1.0
IL1RL1,0.35801658,0.0,-1.0
IL1RL2,0.00012662566,0.0,0.0
IL1RN,0.064794675,0.0,-1.0
IL2,0.75675255,1.0,1.0
IL20,2.1707685e-05,0.0,0.0
IL20RA,0.016772801,0.0,0.0
IL20RB,6.342473e-07,0.0,0.0
IL21,0.0012870186,0.0,0.0
IL21R,0.00035252768,0.0,1.0
IL22,0.002814937,0.0,-1.0
IL22RA1,0.0058791703,0.0,-1.0
IL22RA2,0.000430771,0.0,0.0
IL23A,0.12612821,0.0,-1.0
IL23R,0.11976616,0.0,-1.0
IL24,0.57255495,1.0,-1.0
IL25,0.041496288,0.0,0.0
IL26,0.016432608,0.0,0.0
IL27,0.008235716,0.0,0.0
IL27RA,0.017227342,0.0,0.0
IL2RA,0.90467227,1.0,-1.0
IL2RB,0.89528775,1.0,-1.0
IL2RG,0.8540801,1.0,-1.0
IL3,0.54061174,1.0,1.0
IL31,2.8395771e-08,0.0,0.0
IL31RA,2.2456002e-06,0.0,0.0
IL32,0.18881655,0.0,0.0
IL33,0.25028938,0.0,0.0
IL34,0.04867463,0.0,0.0
IL36A,0.117660075,0.0,-1.0
IL36B,6.2942534e-05,0.0,0.0
IL36G,0.00011709117,0.0,0.0
IL36RN,0.05532002,0.0,0.0
IL37,0.09819883,0.0,0.0
IL3RA,0.8660689,1.0,-1.0
IL4,0.66549987,1.0,-1.0
IL4R,0.87187564,1.0,-1.0
IL5,0.4894959,0.0,-1.0
IL5RA,0.7695599,1.0,-1.0
IL6,0.5308018,1.0,-1.0
IL6R,0.8465758,1.0,-1.0
IL6ST,0.9111051,1.0,1.0
IL7,0.4700411,0.0,-1.0
IL7R,0.8880659,1.0,1.0
IL9,0.46348244,0.0,-1.0
IL9R,0.40316945,0.0,0.0
ILDR2,5.527712e-15,0.0,0.0
ILF2,0.22418211,0.0,0.0
ILF3,0.3362131,0.0,0.0
ILK,0.56632733,1.0,-1.0
ILKAP,0.16069376,0.0,0.0
ILRUN,0.006885264,0.0,0.0
ILVBL,0.04494525,0.0,0.0
IMMP1L,0.00020542915,0.0,0.0
IMMP2L,0.0021548604,0.0,-1.0
IMMT,0.22392197,0.0,0.0
IMP3,0.1360819,0.0,0.0
IMP4,0.0425973,0.0,-1.0
IMPA1,0.17132811,0.0,-1.0
IMPA2,0.004792601,0.0,0.0
IMPACT,0.21161275,0.0,0.0
IMPDH1,0.1579468,0.0,-1.0
IMPDH2,0.2549517,0.0,0.0
IMPG1,2.3595724e-07,0.0,0.0
INA,0.16926076,0.0,0.0
INAVA,2.0512643e-07,0.0,-1.0
INCA1,0.025745187,0.0,0.0
INCENP,0.043273725,0.0,0.0
INF2,0.28170967,0.0,-1.0
ING1,0.5361466,1.0,-1.0
ING2,0.44384643,0.0,-1.0
ING3,0.29545856,0.0,-1.0
ING4,0.22839074,0.0,-1.0
ING5,0.32935846,0.0,0.0
INHA,0.4965571,0.0,1.0
INHBA,0.63746226,1.0,1.0
INHBB,0.49501547,0.0,0.0
INHBC,0.4675468,0.0,0.0
INHBE,0.46091506,0.0,-1.0
INIP,0.08078991,0.0,0.0
INMT,9.243497e-05,0.0,0.0
INO80,0.1553341,0.0,-1.0
INO80B,0.34573033,0.0,0.0
INO80B-WBP1,0.025339013,0.0,0.0
INO80C,0.11385239,0.0,0.0
INO80D,0.07531682,0.0,-1.0
INO80E,0.21692017,0.0,0.0
INPP1,0.023963306,0.0,0.0
INPP4A,0.14196181,0.0,-1.0
INPP4B,0.5289283,1.0,1.0
INPP5A,5.226877e-05,0.0,0.0
INPP5B,0.24393897,0.0,0.0
INPP5D,0.6343965,1.0,-1.0
INPP5E,0.11327789,0.0,0.0
INPP5F,0.09326978,0.0,0.0
INPP5J,0.028236395,0.0,-1.0
INPP5K,0.08810699,0.0,-1.0
INPPL1,0.69604445,1.0,1.0
INS,0.54408276,1.0,-1.0
INS-IGF2,1.8354158e-19,0.0,0.0
INSC,0.12053474,0.0,0.0
INSIG1,0.072027445,0.0,0.0
INSIG2,0.124837324,0.0,0.0
INSL3,0.0061952127,0.0,-1.0
INSL5,3.7505814e-15,0.0,0.0
INSL6,0.0013568068,0.0,0.0
INSM1,0.02629047,0.0,0.0
INSM2,0.0005184905,0.0,0.0
INSR,0.7643445,1.0,1.0
INSRR,0.004570976,0.0,-1.0
INSYN1,0.0003137561,0.0,0.0
INSYN2A,0.009994213,0.0,0.0
INTS1,0.28845328,0.0,0.0
INTS10,0.09908303,0.0,0.0
INTS11,0.23712258,0.0,0.0
INTS12,0.32304433,0.0,-1.0
INTS14,0.022383133,0.0,0.0
INTS2,0.13528663,0.0,0.0
INTS3,0.47839317,0.0,0.0
INTS4,0.1955492,0.0,-1.0
INTS5,0.19398302,0.0,0.0
INTS6,0.24105537,0.0,-1.0
INTS6L,0.010392893,0.0,-1.0
INTS7,0.14315665,0.0,-1.0
INTS8,0.03626714,0.0,0.0
INTS9,0.12946267,0.0,0.0
INTU,0.009603142,0.0,0.0
INVS,0.04915503,0.0,0.0
IP6K1,0.025174139,0.0,0.0
IP6K2,0.07262851,0.0,0.0
IP6K3,0.13069546,0.0,0.0
IPCEF1,0.0038515914,0.0,0.0
IPMK,0.07315865,0.0,0.0
IPO11,0.1664844,0.0,0.0
IPO13,0.43494746,0.0,0.0
IPO4,0.27968735,0.0,-1.0
IPO5,0.28327113,0.0,-1.0
IPO7,0.4667297,0.0,-1.0
IPO8,0.14818917,0.0,0.0
IPO9,0.2091438,0.0,0.0
IPP,0.13540214,0.0,0.0
IPPK,0.00029770235,0.0,0.0
IQCB1,0.22692773,0.0,-1.0
IQCC,0.01893291,0.0,0.0
IQCE,0.08842663,0.0,-1.0
IQCF1,0.070752956,0.0,0.0
IQCF2,1.8410876e-09,0.0,0.0
IQCF3,4.24525e-05,0.0,0.0
IQCG,0.00068214623,0.0,-1.0
IQCH,0.34652218,0.0,0.0
IQCK,8.9931545e-13,0.0,0.0
IQCN,0.033099294,0.0,0.0
IQGAP1,0.52832884,1.0,-1.0
IQGAP2,0.40496114,0.0,-1.0
IQGAP3,0.1410724,0.0,0.0
IQSEC1,0.26170215,0.0,0.0
IQSEC2,0.043569263,0.0,-1.0
IQUB,0.03722872,0.0,0.0
IRAG1,0.0020884483,0.0,-1.0
IRAG2,0.050605617,0.0,-1.0
IRAK1,0.90260714,1.0,0.0
IRAK1BP1,0.053361814,0.0,0.0
IRAK2,0.7998227,1.0,-1.0
IRAK3,0.53605753,1.0,0.0
IRAK4,0.78201365,1.0,-1.0
IREB2,0.06286937,0.0,0.0
IRF1,0.7649902,1.0,1.0
IRF2,0.65843695,1.0,-1.0
IRF2BP1,0.2349914,0.0,0.0
IRF2BP2,0.1046022,0.0,-1.0
IRF2BPL,0.093889385,0.0,0.0
IRF3,0.6855469,1.0,0.0
IRF4,0.6838031,1.0,1.0
IRF5,0.4347025,0.0,-1.0
IRF6,0.20719266,0.0,-1.0
IRF7,0.7622318,1.0,-1.0
IRF8,0.4317727,0.0,1.0
IRF9,0.6143828,1.0,0.0
IRGC,0.0019056223,0.0,0.0
IRGM,0.011588898,0.0,-1.0
IRGQ,0.12908629,0.0,0.0
IRS1,0.9058495,1.0,1.0
IRS2,0.65280586,1.0,1.0
IRS4,0.27152544,0.0,1.0
IRX1,0.00058364135,0.0,0.0
IRX2,2.589442e-08,0.0,0.0
IRX4,0.45346883,0.0,0.0
IRX5,3.311274e-10,0.0,0.0
IRX6,0.5726723,1.0,-1.0
ISCA1,0.10187381,0.0,0.0
ISCA2,1.639782e-07,0.0,-1.0
ISCU,0.02440112,0.0,-1.0
ISG15,0.49722585,0.0,0.0
ISG20,7.278239e-05,0.0,0.0
ISG20L2,0.10441,0.0,0.0
ISL1,0.9044502,1.0,0.0
ISL2,0.19177593,0.0,0.0
ISLR,0.00030860715,0.0,0.0
ISLR2,9.194243e-06,0.0,0.0
ISOC1,0.115532026,0.0,0.0
ISOC2,0.049671385,0.0,-1.0
IST1,0.09754153,0.0,0.0
ISX,0.00020451803,0.0,1.0
ISY1,0.04882462,0.0,0.0
ISYNA1,0.102308236,0.0,0.0
ITCH,0.93655485,1.0,-1.0
ITFG1,0.064096935,0.0,0.0
ITFG2,0.0018313855,0.0,0.0
ITGA1,0.89890677,1.0,-1.0
ITGA10,0.70921445,1.0,0.0
ITGA11,0.7847743,1.0,-1.0
ITGA2,0.83521247,1.0,-1.0
ITGA2B,0.8150462,1.0,-1.0
ITGA3,0.8954685,1.0,-1.0
ITGA4,0.8995586,1.0,-1.0
ITGA5,0.9284358,1.0,-1.0
ITGA6,0.78406245,1.0,-1.0
ITGA7,0.73453456,1.0,-1.0
ITGA8,0.71361274,1.0,0.0
ITGA9,0.8256946,1.0,-1.0
ITGAD,0.7234642,1.0,0.0
ITGAE,0.7773563,1.0,-1.0
ITGAL,0.74717236,1.0,0.0
ITGAM,0.43694055,0.0,-1.0
ITGAV,0.9148067,1.0,1.0
ITGAX,0.7217697,1.0,-1.0
ITGB1,0.9481496,1.0,-1.0
ITGB1BP1,0.10950949,0.0,0.0
ITGB1BP2,0.1184179,0.0,0.0
ITGB2,0.6777658,1.0,-1.0
ITGB3,0.9642408,1.0,-1.0
ITGB3BP,0.16387805,0.0,0.0
ITGB4,0.87769455,1.0,-1.0
ITGB5,0.71731794,1.0,-1.0
ITGB6,0.747087,1.0,0.0
ITGB7,0.79924744,1.0,-1.0
ITGB8,0.65337557,1.0,0.0
ITIH1,0.18303163,0.0,-1.0
ITIH2,0.2627377,0.0,0.0
ITIH3,0.014605106,0.0,0.0
ITIH4,0.05492641,0.0,0.0
ITIH5,0.19442269,0.0,0.0
ITK,0.8575472,1.0,1.0
ITLN1,5.286799e-06,0.0,-1.0
ITLN2,2.3510847e-09,0.0,0.0
ITM2A,0.0030365721,0.0,0.0
ITM2B,0.2988792,0.0,-1.0
ITM2C,0.07031003,0.0,0.0
ITPA,0.06176931,0.0,0.0
ITPK1,0.07229924,0.0,0.0
ITPKA,0.07990287,0.0,0.0
ITPKB,0.36042663,0.0,-1.0
ITPKC,0.028400265,0.0,-1.0
ITPR1,0.72649384,1.0,-1.0
ITPR2,0.24798171,0.0,-1.0
ITPR3,0.479059,0.0,-1.0
ITPRID2,0.23608571,0.0,0.0
ITPRIP,0.037721194,0.0,0.0
ITPRIPL1,0.040180527,0.0,0.0
ITPRIPL2,0.014670353,0.0,0.0
ITSN1,0.6293826,1.0,0.0
ITSN2,0.16871776,0.0,0.0
IVD,0.025287764,0.0,0.0
IVL,0.0074333986,0.0,0.0
IVNS1ABP,0.12867424,0.0,0.0
IWS1,0.14617148,0.0,-1.0
IYD,0.57918143,1.0,-1.0
IZUMO1,0.0,0.0,0.0
IZUMO1R,0.0,0.0,0.0
JADE1,0.19448534,0.0,0.0
JADE2,0.10500125,0.0,0.0
JADE3,0.060964853,0.0,0.0
JAG1,0.509947,1.0,-1.0
JAG2,0.60847396,1.0,-1.0
JAGN1,0.011508138,0.0,0.0
JAK1,0.9195422,1.0,1.0
JAK2,0.96252596,1.0,1.0
JAK3,0.85182434,1.0,1.0
JAKMIP1,0.059814725,0.0,-1.0
JAKMIP2,0.08954776,0.0,-1.0
JAM2,0.024862522,0.0,0.0
JAM3,0.070303164,0.0,0.0
JAML,7.194685e-08,0.0,0.0
JARID2,0.3515999,0.0,1.0
JAZF1,0.17159797,0.0,-1.0
JCAD,0.2775475,0.0,0.0
JCHAIN,0.21945342,0.0,0.0
JDP2,0.6229351,1.0,-1.0
JHY,0.0020255898,0.0,0.0
JKAMP,0.06636861,0.0,0.0
JMJD1C,0.681082,1.0,-1.0
JMJD4,0.065762706,0.0,0.0
JMJD6,0.010324546,0.0,0.0
JMJD7,0.004109504,0.0,0.0
JMJD7-PLA2G4B,0.023361662,0.0,-1.0
JMJD8,0.00019113348,0.0,0.0
JMY,0.15368576,0.0,0.0
JOSD1,0.014209235,0.0,0.0
JOSD2,0.00023199832,0.0,0.0
JPH1,0.06541642,0.0,0.0
JPH2,4.1778568e-22,0.0,-1.0
JPH3,0.100120865,0.0,0.0
JRK,0.024077453,0.0,0.0
JRKL,0.000629879,0.0,0.0
JSRP1,0.28301868,0.0,0.0
JTB,0.007832818,0.0,0.0
JUN,0.9598028,1.0,1.0
JUNB,0.6203583,1.0,-1.0
JUND,0.41660678,0.0,-1.0
JUP,0.5630408,1.0,-1.0
KAAG1,1.03536884e-07,0.0,0.0
KALRN,0.17192473,0.0,-1.0
KANK1,0.16559356,0.0,-1.0
KANK2,0.7977228,1.0,0.0
KANK4,0.024596145,0.0,0.0
KANSL1,0.44775397,0.0,-1.0
KANSL1L,0.09374542,0.0,0.0
KANSL2,0.31058422,0.0,0.0
KANSL3,0.25086212,0.0,0.0
KARS1,0.16258499,0.0,-1.0
KASH5,5.035386e-07,0.0,-1.0
KAT14,0.17028189,0.0,-1.0
KAT2A,0.5006892,1.0,-1.0
KAT2B,0.9781619,1.0,-1.0
KAT5,0.8288553,1.0,-1.0
KAT6A,0.26626673,0.0,1.0
KAT6B,0.13537781,0.0,1.0
KAT7,0.40533432,0.0,1.0
KAT8,0.3188656,0.0,0.0
KATNA1,0.13794146,0.0,0.0
KATNAL1,0.023688687,0.0,0.0
KATNAL2,0.11947902,0.0,0.0
KATNB1,0.08356314,0.0,-1.0
KATNBL1,0.036300756,0.0,0.0
KATNIP,0.10390455,0.0,0.0
KAZN,0.03679561,0.0,0.0
KBTBD13,3.621522e-14,0.0,-1.0
KBTBD2,0.0008156885,0.0,0.0
KBTBD3,1.2323002e-07,0.0,0.0
KBTBD4,0.1443904,0.0,-1.0
KBTBD6,0.1642156,0.0,0.0
KBTBD7,0.52873725,1.0,0.0
KBTBD8,0.056318827,0.0,-1.0
KCMF1,0.45351228,0.0,-1.0
KCNA1,0.020795822,0.0,-1.0
KCNA10,4.3028226e-07,0.0,0.0
KCNA2,0.116852134,0.0,0.0
KCNA3,0.04028651,0.0,0.0
KCNA4,0.08196302,0.0,-1.0
KCNA5,0.6091953,1.0,-1.0
KCNA6,0.025166286,0.0,-1.0
KCNAB1,0.058710825,0.0,-1.0
KCNAB2,0.24310365,0.0,0.0
KCNAB3,0.029069938,0.0,0.0
KCNB1,2.4072325e-10,0.0,0.0
KCNB2,3.818246e-07,0.0,-1.0
KCNC1,9.459775e-09,0.0,0.0
KCNC2,2.7211768e-11,0.0,0.0
KCNC4,0.025255734,0.0,0.0
KCND1,0.0027644562,0.0,0.0
KCND2,0.039855104,0.0,-1.0
KCND3,0.17495012,0.0,0.0
KCNE1,0.13339491,0.0,-1.0
KCNE2,0.5957748,1.0,-1.0
KCNE3,0.053818624,0.0,-1.0
KCNE4,0.050602183,0.0,0.0
KCNE5,0.0002850936,0.0,0.0
KCNF1,3.1861867e-07,0.0,0.0
KCNG1,0.021955276,0.0,0.0
KCNG2,2.9666212e-18,0.0,0.0
KCNG3,4.8545146e-10,0.0,0.0
KCNG4,2.5165525e-06,0.0,0.0
KCNH1,1.4727935e-08,0.0,-1.0
KCNH2,0.15280236,0.0,-1.0
KCNH5,2.793781e-10,0.0,-1.0
KCNH7,0.0019393982,0.0,0.0
KCNIP1,0.0044058445,0.0,0.0
KCNIP2,0.01876163,0.0,0.0
KCNIP3,0.010717119,0.0,0.0
KCNIP4,0.008737815,0.0,0.0
KCNJ1,0.11445419,0.0,-1.0
KCNJ10,0.0009792746,0.0,0.0
KCNJ11,0.1424554,0.0,0.0
KCNJ12,0.3961256,0.0,0.0
KCNJ15,1.7046398e-06,0.0,0.0
KCNJ16,8.7069644e-08,0.0,0.0
KCNJ2,0.0075301137,0.0,-1.0
KCNJ3,0.5396832,1.0,0.0
KCNJ4,0.229245,0.0,0.0
KCNJ5,0.5494174,1.0,1.0
KCNJ5-AS1,6.9916932e-12,0.0,0.0
KCNJ6,0.5152916,1.0,0.0
KCNJ8,0.030744134,0.0,-1.0
KCNJ9,0.5494174,1.0,-1.0
KCNK1,0.017702436,0.0,-1.0
KCNK10,1.576574e-14,0.0,-1.0
KCNK12,1.5199668e-10,0.0,0.0
KCNK15,0.012902546,0.0,0.0
KCNK16,0.0045616967,0.0,0.0
KCNK17,7.2796292e-06,0.0,0.0
KCNK18,0.0013117859,0.0,-1.0
KCNK3,0.09480878,0.0,0.0
KCNK4,0.008791873,0.0,0.0
KCNK5,0.0055126324,0.0,-1.0
KCNK9,0.089569785,0.0,0.0
KCNMA1,0.1286975,0.0,-1.0
KCNMB1,0.0059253336,0.0,0.0
KCNMB2,0.00017787876,0.0,0.0
KCNN1,1.3805573e-06,0.0,0.0
KCNN2,0.034644697,0.0,-1.0
KCNN3,0.0010475547,0.0,-1.0
KCNN4,0.002794164,0.0,0.0
KCNQ1,0.5418485,1.0,-1.0
KCNQ2,0.011668926,0.0,-1.0
KCNQ3,0.00741546,0.0,-1.0
KCNQ4,0.004805192,0.0,0.0
KCNQ5,0.0014189862,0.0,-1.0
KCNRG,0.0020871148,0.0,0.0
KCNS2,4.9174278e-06,0.0,0.0
KCNS3,0.006940965,0.0,0.0
KCNV1,2.1329886e-06,0.0,0.0
KCNV2,8.964405e-08,0.0,-1.0
KCTD1,0.00026333067,0.0,0.0
KCTD10,0.28976566,0.0,0.0
KCTD11,0.0004911141,0.0,0.0
KCTD12,0.12598851,0.0,0.0
KCTD13,0.13041176,0.0,0.0
KCTD14,0.002395288,0.0,0.0
KCTD15,0.17590527,0.0,0.0
KCTD17,0.012177321,0.0,0.0
KCTD18,0.0010627103,0.0,0.0
KCTD19,1.5230756e-07,0.0,0.0
KCTD2,0.29285067,0.0,-1.0
KCTD20,0.07353127,0.0,0.0
KCTD21,0.0004863034,0.0,0.0
KCTD3,0.42507577,0.0,0.0
KCTD4,0.081890136,0.0,0.0
KCTD5,0.3205733,0.0,0.0
KCTD6,0.08890592,0.0,0.0
KCTD7,0.089990675,0.0,-1.0
KCTD8,0.00087834697,0.0,-1.0
KCTD9,0.20268369,0.0,0.0
KDELR1,0.01982084,0.0,-1.0
KDELR2,0.13069177,0.0,0.0
KDELR3,0.0018514292,0.0,0.0
KDF1,0.0004617551,0.0,0.0
KDM1A,0.9245889,1.0,-1.0
KDM1B,0.13098887,0.0,-1.0
KDM2A,0.29522192,0.0,-1.0
KDM2B,0.16664447,0.0,-1.0
KDM3A,0.06457907,0.0,-1.0
KDM3B,0.09043406,0.0,0.0
KDM4A,0.1683934,0.0,0.0
KDM4B,0.060399275,0.0,0.0
KDM4C,0.150397,0.0,-1.0
KDM4D,0.037153892,0.0,0.0
KDM5A,0.38133883,0.0,1.0
KDM5B,0.00027928472,0.0,0.0
KDM5C,0.5733387,1.0,1.0
KDM5D,7.622118e-06,0.0,0.0
KDM6A,0.60320634,1.0,1.0
KDM6B,0.30486172,0.0,0.0
KDM8,0.00058742706,0.0,-1.0
KDR,0.89765483,1.0,1.0
KDSR,0.018941415,0.0,1.0
KEAP1,0.5012299,1.0,1.0
KEL,0.064658046,0.0,-1.0
KERA,0.00021996239,0.0,0.0
KHDC4,0.014830833,0.0,0.0
KHDRBS1,0.588323,1.0,0.0
KHDRBS2,0.42559552,0.0,-1.0
KHDRBS3,0.15534344,0.0,0.0
KHK,0.017880807,0.0,0.0
KHNYN,0.00066622597,0.0,0.0
KHSRP,0.25150827,0.0,-1.0
KIAA0040,0.00062017964,0.0,0.0
KIAA0100,0.124962226,0.0,0.0
KIAA0232,0.37966254,0.0,0.0
KIAA0319,0.00044606777,0.0,-1.0
KIAA0319L,0.09007486,0.0,0.0
KIAA0408,0.25402772,0.0,0.0
KIAA0513,0.161476,0.0,0.0
KIAA0586,0.09298185,0.0,0.0
KIAA0753,0.28463784,0.0,0.0
KIAA0825,6.5674213e-09,0.0,0.0
KIAA0930,0.13987792,0.0,0.0
KIAA1107,0.03858401,0.0,0.0
KIAA1109,0.04681382,0.0,0.0
KIAA1143,0.06990702,0.0,0.0
KIAA1191,0.33709082,0.0,0.0
KIAA1217,0.1799011,0.0,0.0
KIAA1328,0.18095495,0.0,0.0
KIAA1522,0.14378725,0.0,0.0
KIAA1549,0.4329507,0.0,-1.0
KIAA1549L,0.028806744,0.0,0.0
KIAA1586,0.002073564,0.0,0.0
KIAA1671,0.24775931,0.0,0.0
KIAA1958,0.036543645,0.0,0.0
KIAA2013,0.23408623,0.0,0.0
KIAA2026,0.16934806,0.0,0.0
KICS2,9.404583e-08,0.0,0.0
KIDINS220,0.17700382,0.0,-1.0
KIF11,0.46346515,0.0,0.0
KIF12,0.030285025,0.0,0.0
KIF13A,0.371465,0.0,-1.0
KIF13B,0.3917399,0.0,0.0
KIF14,0.2797236,0.0,-1.0
KIF15,0.10168509,0.0,-1.0
KIF16B,0.097842485,0.0,-1.0
KIF17,0.095615596,0.0,0.0
KIF18A,0.16741338,0.0,0.0
KIF18B,0.069813766,0.0,0.0
KIF1A,0.31769708,0.0,-1.0
KIF1B,0.56028163,1.0,-1.0
KIF1C,0.12327143,0.0,0.0
KIF20A,0.17795514,0.0,0.0
KIF20B,0.13246088,0.0,-1.0
KIF21A,0.18348671,0.0,-1.0
KIF21B,0.15550889,0.0,-1.0
KIF22,0.44921052,0.0,0.0
KIF23,0.33181083,0.0,-1.0
KIF24,0.121195026,0.0,0.0
KIF25,0.13388096,0.0,0.0
KIF26A,0.030254439,0.0,0.0
KIF26B,0.11644806,0.0,0.0
KIF27,0.17877613,0.0,-1.0
KIF2A,0.21426865,0.0,0.0
KIF2B,8.800857e-06,0.0,-1.0
KIF2C,0.4496846,0.0,0.0
KIF3A,0.323019,0.0,0.0
KIF3B,0.257521,0.0,0.0
KIF3C,0.0662877,0.0,0.0
KIF4A,0.3031849,0.0,-1.0
KIF4B,2.114818e-10,0.0,0.0
KIF5A,0.15207459,0.0,-1.0
KIF5B,0.3544949,0.0,1.0
KIF5C,0.107335314,0.0,-1.0
KIF6,0.00014375112,0.0,0.0
KIF7,0.28316778,0.0,-1.0
KIF9,0.04853111,0.0,0.0
KIFAP3,0.16160229,0.0,0.0
KIFBP,0.18170641,0.0,0.0
KIFC1,0.12415908,0.0,0.0
KIFC2,0.07082584,0.0,0.0
KIFC3,0.8323125,1.0,-1.0
KIN,0.020915773,0.0,-1.0
KIR2DL1,0.28464362,0.0,0.0
KIR2DL2,0.16227357,0.0,0.0
KIR2DL3,0.07944772,0.0,0.0
KIR2DL4,0.5035934,1.0,0.0
KIR2DL5A,1.5134761e-05,0.0,0.0
KIR2DS1,0.0046686404,0.0,0.0
KIR2DS2,3.6134177e-05,0.0,0.0
KIR2DS3,2.32649e-06,0.0,0.0
KIR2DS4,0.0011585956,0.0,0.0
KIR2DS5,4.9848527e-06,0.0,0.0
KIR3DL1,0.50311357,1.0,-1.0
KIR3DL2,0.031715345,0.0,0.0
KIR3DS1,0.0013731106,0.0,0.0
KIR3DX1,0.01142066,0.0,0.0
KIRREL1,0.16079961,0.0,0.0
KIRREL2,0.09498401,0.0,0.0
KIRREL3,0.20575453,0.0,-1.0
KISS1,1.3354702e-08,0.0,0.0
KISS1R,2.2741147e-05,0.0,-1.0
KIT,0.9742185,1.0,1.0
KITLG,0.593806,1.0,-1.0
KIZ,0.11855708,0.0,-1.0
KL,0.3338646,0.0,-1.0
KLB,0.04501425,0.0,-1.0
KLC1,0.56358933,1.0,0.0
KLC2,0.44294235,0.0,0.0
KLC3,0.28585127,0.0,0.0
KLC4,0.4221731,0.0,0.0
KLF1,0.39739743,0.0,-1.0
KLF10,0.4793517,0.0,0.0
KLF11,0.15455127,0.0,-1.0
KLF12,0.093831755,0.0,0.0
KLF13,0.5169839,1.0,0.0
KLF15,0.66016334,1.0,0.0
KLF16,0.61930555,1.0,0.0
KLF17,5.6906193e-15,0.0,0.0
KLF2,0.5706767,1.0,1.0
KLF3,0.21818513,0.0,1.0
KLF4,0.6069585,1.0,1.0
KLF5,0.59088296,1.0,1.0
KLF6,0.105866835,0.0,1.0
KLF7,0.00012156808,0.0,0.0
KLF8,0.18011287,0.0,0.0
KLF9,0.1333545,0.0,0.0
KLHDC1,0.0023507883,0.0,0.0
KLHDC10,0.039320983,0.0,0.0
KLHDC2,0.34642065,0.0,0.0
KLHDC3,0.15174344,0.0,0.0
KLHDC4,0.019352516,0.0,-1.0
KLHDC7B,3.8402587e-10,0.0,0.0
KLHDC8A,9.2146e-07,0.0,0.0
KLHDC9,3.503598e-05,0.0,0.0
KLHL1,0.14481573,0.0,0.0
KLHL10,0.094585694,0.0,-1.0
KLHL11,0.045169994,0.0,-1.0
KLHL12,0.30870637,0.0,0.0
KLHL13,0.11893878,0.0,0.0
KLHL14,0.03957424,0.0,0.0
KLHL15,0.066509776,0.0,0.0
KLHL17,0.0015516941,0.0,-1.0
KLHL18,0.0625964,0.0,0.0
KLHL2,0.46698612,0.0,0.0
KLHL20,0.2250583,0.0,0.0
KLHL21,0.07673882,0.0,0.0
KLHL22,0.12180037,0.0,0.0
KLHL23,0.12634836,0.0,0.0
KLHL24,0.060456082,0.0,0.0
KLHL25,0.011891086,0.0,0.0
KLHL26,0.07497353,0.0,0.0
KLHL28,0.0070269415,0.0,0.0
KLHL29,0.037824724,0.0,0.0
KLHL3,0.16136672,0.0,0.0
KLHL31,7.002076e-08,0.0,0.0
KLHL32,0.10658062,0.0,0.0
KLHL33,4.320839e-11,0.0,0.0
KLHL34,0.31289744,0.0,0.0
KLHL35,0.017714763,0.0,0.0
KLHL36,0.13132465,0.0,0.0
KLHL38,0.0045725335,0.0,0.0
KLHL4,0.0073924507,0.0,0.0
KLHL40,0.0012428832,0.0,0.0
KLHL41,0.29525635,0.0,0.0
KLHL42,0.12354092,0.0,0.0
KLHL5,0.066628605,0.0,-1.0
KLHL6,0.3342362,0.0,-1.0
KLHL7,0.16921034,0.0,-1.0
KLHL8,0.010540204,0.0,-1.0
KLHL9,0.16613421,0.0,0.0
KLK1,0.00010184502,0.0,-1.0
KLK10,0.0011023768,0.0,-1.0
KLK11,0.08175812,0.0,-1.0
KLK12,6.430949e-15,0.0,-1.0
KLK13,7.5151183e-07,0.0,-1.0
KLK14,5.2931358e-18,0.0,-1.0
KLK15,0.0040499424,0.0,0.0
KLK2,0.2867499,0.0,1.0
KLK3,0.21727523,0.0,-1.0
KLK4,0.0014534892,0.0,-1.0
KLK5,0.03570656,0.0,-1.0
KLK6,0.118571304,0.0,-1.0
KLK7,0.008141827,0.0,-1.0
KLK8,0.0017184633,0.0,-1.0
KLK9,0.24859557,0.0,-1.0
KLKB1,0.0025149111,0.0,0.0
KLRB1,0.0010879962,0.0,0.0
KLRC1,0.00014128682,0.0,0.0
KLRC2,4.074191e-05,0.0,0.0
KLRC3,1.125526e-05,0.0,0.0
KLRC4,1.2569219e-06,0.0,0.0
KLRD1,8.138192e-05,0.0,0.0
KLRF1,1.0813349e-06,0.0,0.0
KLRF2,0.0,0.0,0.0
KLRG1,3.378401e-05,0.0,0.0
KLRG2,6.912583e-07,0.0,0.0
KLRK1,7.091141e-09,0.0,-1.0
KMT2A,0.4260864,0.0,1.0
KMT2B,0.6307769,1.0,1.0
KMT2C,0.24720193,0.0,1.0
KMT2D,0.1903715,0.0,1.0
KMT2E,0.09395261,0.0,-1.0
KMT5A,0.13806774,0.0,-1.0
KMT5B,0.11620613,0.0,0.0
KMT5C,0.16785948,0.0,0.0
KNDC1,0.14473851,0.0,-1.0
KNG1,0.5559317,1.0,-1.0
KNOP1,0.03480468,0.0,0.0
KNSTRN,0.17242146,0.0,1.0
KNTC1,0.13887168,0.0,0.0
KPNA1,0.6777473,1.0,0.0
KPNA2,0.51057416,1.0,0.0
KPNA3,0.4882695,0.0,0.0
KPNA4,0.23320758,0.0,0.0
KPNA5,0.37141502,0.0,-1.0
KPNA6,0.545838,1.0,0.0
KPNA7,0.0009157486,0.0,-1.0
KPNB1,0.50620866,1.0,-1.0
KPRP,0.1289799,0.0,0.0
KPTN,0.00015274053,0.0,0.0
KRAS,0.95393616,1.0,1.0
KRBA1,0.11112929,0.0,0.0
KRBA2,0.006500078,0.0,0.0
KRBOX4,0.02928851,0.0,0.0
KRBOX5,1.659402e-05,0.0,0.0
KRCC1,0.00038347216,0.0,-1.0
KREMEN1,0.07267902,0.0,-1.0
KREMEN2,0.027908806,0.0,0.0
KRI1,0.11167117,0.0,0.0
KRIT1,0.3367754,0.0,-1.0
KRR1,0.112276606,0.0,0.0
KRT1,0.65019345,1.0,-1.0
KRT10,0.52178454,1.0,-1.0
KRT10-AS1,0.00016959144,0.0,0.0
KRT12,0.0021130475,0.0,-1.0
KRT13,0.3605406,0.0,-1.0
KRT14,0.4781789,0.0,-1.0
KRT15,0.7064512,1.0,-1.0
KRT16,0.31389844,0.0,-1.0
KRT17,0.6394179,1.0,-1.0
KRT18,0.7420837,1.0,-1.0
KRT19,0.061686452,0.0,0.0
KRT2,0.31719851,0.0,-1.0
KRT20,0.012862652,0.0,0.0
KRT222,1.0047377e-07,0.0,-1.0
KRT23,0.00013048903,0.0,0.0
KRT24,0.22420299,0.0,0.0
KRT25,0.004522312,0.0,0.0
KRT26,0.0031669543,0.0,-1.0
KRT27,0.0232017,0.0,0.0
KRT28,0.003150788,0.0,0.0
KRT3,0.042529497,0.0,-1.0
KRT31,0.0025046102,0.0,0.0
KRT32,0.027209397,0.0,0.0
KRT33A,0.36470085,0.0,0.0
KRT33B,0.4008575,0.0,0.0
KRT35,0.2917103,0.0,0.0
KRT36,0.462448,0.0,0.0
KRT37,0.25358048,0.0,0.0
KRT38,0.016726686,0.0,0.0
KRT39,0.0044528292,0.0,0.0
KRT4,0.1575141,0.0,0.0
KRT40,0.002188846,0.0,0.0
KRT5,0.571646,1.0,-1.0
KRT6A,0.3789005,0.0,-1.0
KRT6B,0.20070395,0.0,-1.0
KRT6C,0.15786639,0.0,0.0
KRT7,0.33151323,0.0,0.0
KRT71,0.0034360574,0.0,0.0
KRT72,0.33116448,0.0,0.0
KRT73,0.16200423,0.0,-1.0
KRT74,0.0048264163,0.0,-1.0
KRT75,0.6723843,1.0,-1.0
KRT76,0.03997193,0.0,0.0
KRT77,0.17927432,0.0,0.0
KRT78,0.2520446,0.0,0.0
KRT79,0.2510959,0.0,0.0
KRT8,0.68892324,1.0,-1.0
KRT80,0.045058947,0.0,0.0
KRT81,0.11128393,0.0,-1.0
KRT82,0.12895958,0.0,0.0
KRT83,0.008408408,0.0,-1.0
KRT84,0.04561096,0.0,-1.0
KRT85,0.3804203,0.0,0.0
KRT86,0.17759325,0.0,-1.0
KRT9,0.5050028,1.0,-1.0
KRTAP1-1,6.090946e-07,0.0,0.0
KRTAP1-5,8.894173e-05,0.0,0.0
KRTAP10-1,0.00018664566,0.0,0.0
KRTAP10-10,0.00041228274,0.0,0.0
KRTAP10-11,0.0002876439,0.0,0.0
KRTAP10-3,2.8892332e-06,0.0,0.0
KRTAP10-6,6.9249495e-08,0.0,0.0
KRTAP10-7,2.4947194e-06,0.0,0.0
KRTAP10-8,1.3329007e-07,0.0,0.0
KRTAP10-9,1.0757624e-05,0.0,0.0
KRTAP11-1,0.047271628,0.0,0.0
KRTAP12-1,4.056714e-05,0.0,-1.0
KRTAP12-2,0.00025876,0.0,0.0
KRTAP12-3,2.709208e-06,0.0,0.0
KRTAP12-4,0.00022046421,0.0,0.0
KRTAP13-1,1.9652394e-05,0.0,0.0
KRTAP13-2,0.0016797594,0.0,0.0
KRTAP13-3,5.700228e-13,0.0,-1.0
KRTAP13-4,1.5160712e-08,0.0,0.0
KRTAP15-1,0.010320284,0.0,0.0
KRTAP17-1,7.578174e-15,0.0,0.0
KRTAP19-2,5.7937035e-07,0.0,0.0
KRTAP19-3,0.018613072,0.0,0.0
KRTAP19-5,0.022630012,0.0,0.0
KRTAP19-7,0.020660745,0.0,0.0
KRTAP2-3,1.6391486e-06,0.0,0.0
KRTAP23-1,0.0026106157,0.0,0.0
KRTAP26-1,0.0011389778,0.0,0.0
KRTAP3-1,0.1579735,0.0,0.0
KRTAP3-2,0.018889083,0.0,0.0
KRTAP3-3,7.0602982e-06,0.0,0.0
KRTAP4-1,9.211103e-06,0.0,0.0
KRTAP4-11,5.958044e-05,0.0,0.0
KRTAP4-12,0.00014133262,0.0,0.0
KRTAP4-2,2.078311e-05,0.0,0.0
KRTAP4-4,3.108993e-06,0.0,0.0
KRTAP4-5,6.6218115e-07,0.0,-1.0
KRTAP5-1,6.6195827e-07,0.0,0.0
KRTAP5-11,2.698355e-06,0.0,-1.0
KRTAP5-2,6.786451e-08,0.0,0.0
KRTAP5-3,8.390774e-05,0.0,0.0
KRTAP5-4,3.3469041e-06,0.0,0.0
KRTAP5-6,1.0425557e-05,0.0,0.0
KRTAP5-7,0.00011838756,0.0,0.0
KRTAP5-8,0.26023337,0.0,0.0
KRTAP5-9,1.2106933e-06,0.0,0.0
KRTAP6-1,0.012665559,0.0,0.0
KRTAP6-2,0.002877493,0.0,0.0
KRTAP8-1,0.0477343,0.0,0.0
KRTAP9-1,3.7844038e-12,0.0,0.0
KRTAP9-2,1.7502423e-06,0.0,0.0
KRTAP9-3,1.9672814e-06,0.0,0.0
KRTAP9-4,0.000247959,0.0,0.0
KRTAP9-7,5.6806844e-08,0.0,0.0
KRTAP9-8,4.9818254e-06,0.0,0.0
KRTAP9-9,9.845698e-08,0.0,0.0
KRTCAP2,0.010335934,0.0,0.0
KSR1,0.38810977,0.0,-1.0
KSR2,0.11545599,0.0,1.0
KTI12,0.02056193,0.0,0.0
KTN1,0.12557979,0.0,1.0
KXD1,0.029501515,0.0,0.0
KY,0.00714491,0.0,0.0
KYAT1,0.0026884866,0.0,0.0
KYAT3,0.028982148,0.0,0.0
KYNU,0.10607917,0.0,0.0
L1CAM,0.35769716,0.0,-1.0
L1TD1,0.042570446,0.0,0.0
L2HGDH,0.04930061,0.0,0.0
L3HYPDH,0.007896993,0.0,0.0
L3MBTL1,0.14791362,0.0,0.0
L3MBTL2,0.7511051,1.0,0.0
L3MBTL3,0.7213577,1.0,0.0
L3MBTL4,0.07219904,0.0,0.0
LACC1,0.013757943,0.0,-1.0
LACRT,0.20500328,0.0,0.0
LACTB,0.054940347,0.0,-1.0
LACTB2,0.021434527,0.0,0.0
LAD1,0.1757205,0.0,0.0
LAG3,6.4272496e-07,0.0,0.0
LAGE3,0.18989763,0.0,0.0
LAIR1,0.34104958,0.0,0.0
LAIR2,0.0021013871,0.0,0.0
LALBA,0.023963647,0.0,0.0
LAMA1,0.8143759,1.0,-1.0
LAMA2,0.34188282,0.0,-1.0
LAMA3,0.64615697,1.0,-1.0
LAMA4,0.6746389,1.0,-1.0
LAMA5,0.8188339,1.0,-1.0
LAMB1,0.7170661,1.0,-1.0
LAMB2,0.4683761,0.0,-1.0
LAMB3,0.2397871,0.0,-1.0
LAMB4,0.051364392,0.0,-1.0
LAMC1,0.77645135,1.0,-1.0
LAMC2,0.40861854,0.0,-1.0
LAMC3,0.160655,0.0,-1.0
LAMP1,0.15964144,0.0,-1.0
LAMP2,0.09092014,0.0,-1.0
LAMP3,0.48982346,0.0,0.0
LAMTOR1,0.24856022,0.0,0.0
LAMTOR2,0.079109676,0.0,-1.0
LAMTOR3,0.13959172,0.0,0.0
LAMTOR4,0.07078994,0.0,0.0
LAMTOR5,0.4862905,0.0,0.0
LANCL1,0.21303928,0.0,0.0
LANCL2,0.04689553,0.0,0.0
LAP3,0.074019596,0.0,0.0
LAPTM4A,0.0068696863,0.0,-1.0
LAPTM4B,0.18139344,0.0,-1.0
LAPTM5,0.41693428,0.0,-1.0
LARGE1,0.008811939,0.0,-1.0
LARGE2,0.0025789777,0.0,0.0
LARP1,0.16998905,0.0,-1.0
LARP1B,0.072879076,0.0,0.0
LARP4,0.09797688,0.0,0.0
LARP4B,0.08427701,0.0,1.0
LARP6,0.0064483313,0.0,0.0
LARP7,0.13368325,0.0,-1.0
LARS1,0.25669447,0.0,0.0
LARS2,0.028723557,0.0,0.0
LAS1L,0.23610403,0.0,0.0
LASP1,0.39110306,0.0,1.0
LAT,0.52274364,1.0,-1.0
LAT2,0.052981306,0.0,0.0
LATS1,0.76024115,1.0,1.0
LATS2,0.58811927,1.0,1.0
LAX1,0.61743855,1.0,0.0
LAYN,6.010971e-08,0.0,0.0
LBH,0.09960083,0.0,0.0
LBHD1,0.0012277857,0.0,0.0
LBP,0.01678575,0.0,-1.0
LBR,0.057913844,0.0,-1.0
LBX1,2.2226843e-07,0.0,0.0
LBX2,0.00046233623,0.0,0.0
LCA5,0.0682931,0.0,-1.0
LCA5L,0.01128578,0.0,0.0
LCAT,0.0119682,0.0,-1.0
LCE1A,5.3427293e-06,0.0,0.0
LCE1B,4.828101e-07,0.0,0.0
LCE1C,1.9944697e-07,0.0,0.0
LCE1D,2.1209709e-07,0.0,-1.0
LCE1E,1.9624869e-07,0.0,0.0
LCE1F,1.9189883e-06,0.0,0.0
LCE2A,5.5736058e-05,0.0,0.0
LCE2B,9.302214e-06,0.0,0.0
LCE2C,3.1214807e-07,0.0,0.0
LCE2D,0.00039397238,0.0,0.0
LCE3A,3.9903356e-05,0.0,0.0
LCE3B,8.531247e-08,0.0,0.0
LCE3C,2.1096791e-06,0.0,0.0
LCE3D,0.0003196915,0.0,0.0
LCE3E,1.4866186e-05,0.0,0.0
LCE4A,1.5903888e-05,0.0,-1.0
LCE5A,2.2597278e-05,0.0,0.0
LCK,0.98217356,1.0,1.0
LCLAT1,0.008507654,0.0,0.0
LCMT1,0.017322347,0.0,0.0
LCMT2,0.11237004,0.0,0.0
LCN1,0.22916356,0.0,0.0
LCN15,0.0007040191,0.0,0.0
LCN2,0.015344593,0.0,0.0
LCOR,0.20889683,0.0,0.0
LCORL,0.09780469,0.0,0.0
LCP1,0.12143662,0.0,-1.0
LCP2,0.8862763,1.0,0.0
LCT,0.028732065,0.0,0.0
LDAF1,8.146621e-07,0.0,0.0
LDB1,0.9483256,1.0,-1.0
LDB2,0.358083,0.0,0.0
LDB3,0.23338442,0.0,-1.0
LDHA,0.22776625,0.0,-1.0
LDHAL6A,0.09530398,0.0,-1.0
LDHAL6B,0.10566698,0.0,-1.0
LDHB,0.18751739,0.0,-1.0
LDHC,0.025008569,0.0,-1.0
LDHD,0.033212077,0.0,0.0
LDLR,0.56792307,1.0,-1.0
LDLRAD1,0.0002439454,0.0,-1.0
LDLRAD3,0.010417985,0.0,0.0
LDLRAD4,0.46233204,0.0,0.0
LDLRAP1,0.13656403,0.0,-1.0
LDOC1,0.3116507,0.0,-1.0
LEF1,0.7369961,1.0,1.0
LEFTY2,5.0640276e-05,0.0,0.0
LEKR1,8.032498e-06,0.0,0.0
LEMD2,0.12643133,0.0,-1.0
LEMD3,0.096709795,0.0,-1.0
LENG1,0.077908985,0.0,0.0
LENG8,0.15559615,0.0,0.0
LENG9,0.060368825,0.0,0.0
LEO1,0.2340902,0.0,0.0
LEP,0.48837492,0.0,-1.0
LEPR,0.28282475,0.0,-1.0
LEPROT,3.6350086e-11,0.0,0.0
LEPROTL1,5.2985723e-07,0.0,1.0
LETM1,0.094253615,0.0,-1.0
LETM2,0.0005758025,0.0,0.0
LETMD1,0.094911255,0.0,0.0
LFNG,0.014241645,0.0,-1.0
LGALS1,0.3068076,0.0,-1.0
LGALS12,5.946822e-05,0.0,0.0
LGALS13,0.0129918745,0.0,0.0
LGALS14,0.062938854,0.0,0.0
LGALS2,0.01937865,0.0,0.0
LGALS3,0.30773807,0.0,-1.0
LGALS3BP,0.50047964,1.0,-1.0
LGALS4,0.09256785,0.0,0.0
LGALS7B,0.4484308,0.0,0.0
LGALS8,0.04329919,0.0,0.0
LGALS9,0.50698775,1.0,0.0
LGALS9B,0.10571401,0.0,0.0
LGALS9C,0.13381562,0.0,0.0
LGALSL,0.06060297,0.0,0.0
LGI1,0.00079559727,0.0,-1.0
LGMN,0.32490152,0.0,0.0
LGR4,0.009533871,0.0,0.0
LGR5,0.8469926,1.0,0.0
LGR6,4.0993495e-10,0.0,-1.0
LGSN,3.8779802e-11,0.0,-1.0
LHB,0.47066602,0.0,0.0
LHCGR,0.5526168,1.0,-1.0
LHFPL5,9.3765493e-07,0.0,0.0
LHPP,0.00012573398,0.0,0.0
LHX1,0.6351469,1.0,0.0
LHX2,0.30198464,0.0,0.0
LHX3,0.021462863,0.0,-1.0
LHX4,0.10456904,0.0,-1.0
LHX6,0.043570265,0.0,0.0
LHX8,0.59584355,1.0,0.0
LHX9,0.34417993,0.0,0.0
LIF,0.464946,0.0,0.0
LIFR,0.40025815,0.0,1.0
LIG1,0.10739505,0.0,0.0
LIG3,0.5607492,1.0,0.0
LIG4,0.06441147,0.0,-1.0
LILRA1,2.4080882e-06,0.0,0.0
LILRA3,0.007660606,0.0,0.0
LILRA4,0.17426755,0.0,0.0
LILRB1,0.44743723,0.0,-1.0
LILRB2,0.5630088,1.0,-1.0
LILRB4,0.04946058,0.0,0.0
LILRB5,9.029577e-06,0.0,0.0
LIM2,2.9258229e-06,0.0,0.0
LIMA1,0.68504405,1.0,0.0
LIMCH1,0.25152585,0.0,-1.0
LIMD1,0.3959052,0.0,-1.0
LIMD2,4.2193565e-10,0.0,-1.0
LIME1,0.048710313,0.0,0.0
LIMK1,0.42818108,0.0,-1.0
LIMK2,0.19772011,0.0,0.0
LIMS1,0.49173164,0.0,0.0
LIMS2,0.072941594,0.0,0.0
LIMS4,0.0012626402,0.0,0.0
LIN28A,0.05801959,0.0,0.0
LIN28B,0.07318791,0.0,-1.0
LIN37,0.29305944,0.0,0.0
LIN52,0.20552218,0.0,0.0
LIN54,0.3951023,0.0,0.0
LIN7A,0.1622185,0.0,-1.0
LIN7B,0.24434543,0.0,0.0
LIN7C,0.3686949,0.0,0.0
LIN9,0.5056835,1.0,-1.0
LINC02210-CRHR1,0.00046705973,0.0,0.0
LINC02875,0.06876857,0.0,0.0
LINC02908,1.4957386e-08,0.0,0.0
LINC02910,0.12005168,0.0,0.0
LINC02913,0.000112770605,0.0,0.0
LINGO1,0.0124462135,0.0,0.0
LINGO2,1.0512366e-18,0.0,0.0
LINS1,1.14091144e-07,0.0,0.0
LIPC,5.654632e-08,0.0,-1.0
LIPE,0.0029089265,0.0,-1.0
LIPF,0.016544152,0.0,0.0
LIPG,0.015923614,0.0,0.0
LIPH,0.10837179,0.0,-1.0
LIPM,1.7591192e-12,0.0,0.0
LIPT1,0.03184047,0.0,0.0
LITAF,0.19204077,0.0,-1.0
LIX1,0.0039609284,0.0,0.0
LIX1L,0.01627627,0.0,0.0
LKAAEAR1,4.9832903e-07,0.0,0.0
LLGL1,0.17270124,0.0,-1.0
LLGL2,0.28833523,0.0,-1.0
LLPH,0.0496613,0.0,0.0
LMAN1,0.018800179,0.0,-1.0
LMAN1L,2.8992831e-06,0.0,0.0
LMAN2,0.089482725,0.0,0.0
LMAN2L,0.0018928852,0.0,0.0
LMBR1,0.00012938176,0.0,-1.0
LMBR1L,0.01076368,0.0,0.0
LMBRD1,1.41187275e-08,0.0,0.0
LMBRD2,0.006928398,0.0,0.0
LMCD1,0.103239596,0.0,-1.0
LMF1,0.00012869442,0.0,-1.0
LMF2,0.0060973223,0.0,0.0
LMLN,0.039666552,0.0,0.0
LMNA,0.8514691,1.0,1.0
LMNB1,0.6121714,1.0,0.0
LMNB2,0.55898744,1.0,-1.0
LMNTD1,0.00015204825,0.0,0.0
LMNTD2,0.014639698,0.0,-1.0
LMO1,0.603361,1.0,1.0
LMO2,0.3505783,0.0,1.0
LMO3,0.11178754,0.0,-1.0
LMO4,0.5771233,1.0,0.0
LMO7,0.5223342,1.0,-1.0
LMOD1,2.5786908e-13,0.0,0.0
LMOD3,2.627901e-05,0.0,0.0
LMTK2,0.16460095,0.0,0.0
LMTK3,0.014060731,0.0,0.0
LMX1A,0.28682175,0.0,-1.0
LMX1B,0.28141862,0.0,-1.0
LNP1,3.1595516e-06,0.0,-1.0
LNPEP,0.13408852,0.0,-1.0
LNPK,0.026597409,0.0,0.0
LNX1,2.0183401e-05,0.0,0.0
LNX2,0.05760115,0.0,0.0
LONP1,0.09468848,0.0,0.0
LONP2,0.0738445,0.0,0.0
LONRF1,0.003061839,0.0,-1.0
LONRF2,0.00056297146,0.0,0.0
LONRF3,0.036322046,0.0,-1.0
LOX,0.23818707,0.0,-1.0
LOXHD1,3.461577e-11,0.0,-1.0
LOXL1,0.32328808,0.0,-1.0
LOXL2,0.007087239,0.0,-1.0
LOXL3,0.004804725,0.0,-1.0
LOXL4,0.05426483,0.0,-1.0
LPAR1,0.008739396,0.0,-1.0
LPAR2,0.34183234,0.0,-1.0
LPAR3,0.020719813,0.0,-1.0
LPAR4,0.0003103536,0.0,-1.0
LPAR6,0.022316687,0.0,-1.0
LPCAT1,0.11432895,0.0,0.0
LPCAT2,0.0057925656,0.0,0.0
LPCAT3,0.0037295972,0.0,0.0
LPCAT4,0.015893305,0.0,0.0
LPGAT1,0.06980841,0.0,0.0
LPIN1,0.034536812,0.0,-1.0
LPIN2,9.290102e-05,0.0,0.0
LPIN3,0.09090253,0.0,0.0
LPL,0.00038021605,0.0,-1.0
LPP,0.15654567,0.0,1.0
LPXN,0.07821129,0.0,0.0
LRAT,1.1352323e-05,0.0,-1.0
LRATD1,6.671266e-07,0.0,0.0
LRATD2,0.13892621,0.0,-1.0
LRBA,0.11767151,0.0,-1.0
LRCH1,0.38494575,0.0,0.0
LRCH2,0.39034715,0.0,0.0
LRCH3,0.36611298,0.0,0.0
LRCH4,0.015501624,0.0,0.0
LRFN1,0.27889693,0.0,0.0
LRFN2,0.021516392,0.0,-1.0
LRFN3,0.023380984,0.0,0.0
LRFN4,0.08592779,0.0,0.0
LRG1,0.042015053,0.0,0.0
LRGUK,1.0063821e-06,0.0,-1.0
LRIF1,0.7424606,1.0,0.0
LRIG1,0.435506,0.0,-1.0
LRIG2,1.3553923e-06,0.0,-1.0
LRIG3,0.23923258,0.0,1.0
LRP1,0.86836994,1.0,-1.0
LRP10,0.035180446,0.0,0.0
LRP11,0.14832936,0.0,0.0
LRP12,0.21593373,0.0,0.0
LRP1B,0.6866918,1.0,1.0
LRP2,0.5871104,1.0,-1.0
LRP2BP,0.0010143208,0.0,0.0
LRP3,0.03273744,0.0,0.0
LRP4,0.01251459,0.0,0.0
LRP5,0.2161578,0.0,1.0
LRP5L,7.8661484e-05,0.0,0.0
LRP6,0.3580985,0.0,1.0
LRP8,0.2445957,0.0,-1.0
LRPAP1,0.05396601,0.0,0.0
LRPPRC,0.32550326,0.0,-1.0
LRR1,0.06288704,0.0,0.0
LRRC1,0.12689519,0.0,0.0
LRRC10,1.1734443e-06,0.0,0.0
LRRC14,0.04014524,0.0,0.0
LRRC15,0.23016629,0.0,0.0
LRRC18,0.0020566217,0.0,-1.0
LRRC2,0.04065683,0.0,0.0
LRRC20,0.00040468457,0.0,0.0
LRRC23,0.007499716,0.0,0.0
LRRC25,0.001054911,0.0,-1.0
LRRC26,0.09062713,0.0,0.0
LRRC27,1.2856498e-08,0.0,0.0
LRRC28,0.008781558,0.0,0.0
LRRC29,0.022650484,0.0,0.0
LRRC3,2.8235556e-05,0.0,0.0
LRRC31,3.6593896e-19,0.0,0.0
LRRC32,4.2012507e-06,0.0,-1.0
LRRC34,6.7891547e-20,0.0,0.0
LRRC36,1.5399662e-12,0.0,0.0
LRRC39,0.024004713,0.0,0.0
LRRC3B,5.4926157e-09,0.0,0.0
LRRC4,0.0013160369,0.0,0.0
LRRC40,0.10329706,0.0,0.0
LRRC41,0.6017876,1.0,0.0
LRRC42,0.014125462,0.0,0.0
LRRC45,0.030762054,0.0,-1.0
LRRC46,0.3030643,0.0,0.0
LRRC47,0.17784856,0.0,-1.0
LRRC49,0.15769562,0.0,0.0
LRRC4B,6.898063e-10,0.0,0.0
LRRC4C,0.01183157,0.0,-1.0
LRRC52,9.189192e-17,0.0,0.0
LRRC57,0.0020178547,0.0,0.0
LRRC58,3.6439624e-07,0.0,0.0
LRRC59,0.07480512,0.0,0.0
LRRC61,0.012873991,0.0,0.0
LRRC7,0.42379978,0.0,-1.0
LRRC73,0.013456692,0.0,0.0
LRRC74A,0.15025689,0.0,0.0
LRRC8A,0.013755389,0.0,-1.0
LRRC8B,0.0030249879,0.0,0.0
LRRC8C,0.010083444,0.0,0.0
LRRC8D,8.037698e-05,0.0,0.0
LRRC8E,0.19388303,0.0,0.0
LRRCC1,0.06999461,0.0,0.0
LRRFIP1,0.20322022,0.0,-1.0
LRRFIP2,0.49698687,0.0,0.0
LRRIQ1,2.4388078e-06,0.0,-1.0
LRRIQ3,0.029309029,0.0,-1.0
LRRIQ4,0.13431104,0.0,0.0
LRRK1,0.13446026,0.0,-1.0
LRRK2,0.6460136,1.0,-1.0
LRRN1,1.6852063e-09,0.0,0.0
LRRN2,1.3272665e-06,0.0,0.0
LRRN3,4.700362e-12,0.0,-1.0
LRRN4,0.01388536,0.0,0.0
LRRN4CL,4.6742922e-08,0.0,0.0
LRRTM2,0.000549204,0.0,0.0
LRRTM4,6.503391e-07,0.0,-1.0
LRSAM1,0.08089578,0.0,0.0
LRTM1,6.31425e-20,0.0,-1.0
LRWD1,0.70006996,1.0,-1.0
LSAMP,0.20456971,0.0,-1.0
LSG1,0.06405963,0.0,0.0
LSM1,0.027805075,0.0,0.0
LSM10,0.042230435,0.0,0.0
LSM11,0.1238154,0.0,0.0
LSM12,0.105019055,0.0,0.0
LSM14A,0.13228856,0.0,-1.0
LSM14B,0.21729739,0.0,0.0
LSM2,0.20237824,0.0,0.0
LSM3,0.083557196,0.0,0.0
LSM4,0.16935235,0.0,0.0
LSM5,0.040052876,0.0,0.0
LSM6,0.107657574,0.0,0.0
LSM7,0.08449941,0.0,0.0
LSM8,0.04759865,0.0,0.0
LSMEM1,0.015491405,0.0,0.0
LSMEM2,0.0016050007,0.0,0.0
LSP1,0.24202111,0.0,-1.0
LSR,0.16594787,0.0,0.0
LSS,0.15911902,0.0,0.0
LST1,0.0019264651,0.0,0.0
LTA,0.32703617,0.0,-1.0
LTA4H,0.11454121,0.0,-1.0
LTB,0.030504359,0.0,1.0
LTB4R,0.00088914885,0.0,0.0
LTB4R2,4.7523175e-05,0.0,0.0
LTBP1,0.43043977,0.0,0.0
LTBP2,0.16536072,0.0,-1.0
LTBP3,0.11062267,0.0,-1.0
LTBP4,0.19990326,0.0,-1.0
LTBR,0.22754867,0.0,-1.0
LTC4S,0.2604383,0.0,0.0
LTF,0.45886883,0.0,0.0
LTK,0.39607805,0.0,-1.0
LTN1,0.3346245,0.0,0.0
LTO1,0.016897636,0.0,-1.0
LTV1,0.19153874,0.0,0.0
LUC7L,0.13861768,0.0,-1.0
LUC7L2,0.1948415,0.0,-1.0
LUC7L3,0.11857043,0.0,0.0
LUM,0.24418482,0.0,-1.0
LURAP1,0.07816907,0.0,0.0
LURAP1L,0.07287101,0.0,0.0
LUZP1,0.4406066,0.0,-1.0
LUZP2,0.022173055,0.0,-1.0
LUZP4,0.062715515,0.0,0.0
LVRN,0.00031167813,0.0,0.0
LXN,5.1297693e-06,0.0,0.0
LY6D,8.080266e-10,0.0,0.0
LY6E,0.4831523,0.0,-1.0
LY6G5B,0.022887703,0.0,0.0
LY6G6C,6.8518148e-06,0.0,0.0
LY6G6F,0.00037579486,0.0,0.0
LY6H,0.04952352,0.0,0.0
LY75,6.884019e-06,0.0,0.0
LY86,1.6566169e-12,0.0,0.0
LY9,0.22979195,0.0,0.0
LY96,0.034231506,0.0,0.0
LYAR,0.098918535,0.0,0.0
LYG2,0.06772333,0.0,0.0
LYL1,0.64274067,1.0,1.0
LYN,0.85099185,1.0,1.0
LYNX1,0.00041158416,0.0,0.0
LYPD3,0.15293704,0.0,-1.0
LYPD6,0.01282934,0.0,0.0
LYPD6B,7.188773e-08,0.0,0.0
LYPLA1,0.08428282,0.0,-1.0
LYPLA2,0.1245989,0.0,0.0
LYPLAL1,0.055369966,0.0,0.0
LYRM1,0.0033011904,0.0,0.0
LYRM2,0.009372607,0.0,0.0
LYRM4,0.0055463025,0.0,0.0
LYRM7,0.0008041143,0.0,0.0
LYSMD1,0.011607254,0.0,0.0
LYSMD2,0.12328862,0.0,0.0
LYSMD3,0.04998175,0.0,0.0
LYST,0.27357787,0.0,-1.0
LYVE1,0.0017198354,0.0,0.0
LYZ,0.47527954,0.0,-1.0
LYZL1,4.7882168e-08,0.0,0.0
LYZL4,1.1359648e-17,0.0,0.0
LZIC,0.06009966,0.0,0.0
LZTFL1,0.016754236,0.0,0.0
LZTR1,0.6211083,1.0,1.0
LZTS1,0.12910344,0.0,-1.0
LZTS2,0.9399519,1.0,0.0
LZTS3,0.21622558,0.0,0.0
M1AP,0.027836217,0.0,-1.0
M6PR,0.31240708,0.0,0.0
MAB21L1,0.16436777,0.0,0.0
MAB21L2,0.17171022,0.0,0.0
MAB21L3,0.04362057,0.0,0.0
MACC1,0.91693884,1.0,1.0
MACF1,0.7061048,1.0,-1.0
MACIR,0.06680334,0.0,0.0
MACO1,0.07114631,0.0,0.0
MACROD1,0.065550506,0.0,-1.0
MACROD2,0.0024393932,0.0,-1.0
MACROH2A1,0.86720884,1.0,-1.0
MACROH2A2,0.76109535,1.0,-1.0
MAD1L1,0.7381641,1.0,-1.0
MAD2L1,0.34690264,0.0,-1.0
MAD2L1BP,0.22274563,0.0,0.0
MAD2L2,0.5905138,1.0,1.0
MADCAM1,0.00093520276,0.0,0.0
MADD,0.51474184,1.0,-1.0
MAEA,0.22270037,0.0,0.0
MAEL,0.065964796,0.0,0.0
MAF,0.8611163,1.0,1.0
MAF1,0.02773652,0.0,0.0
MAFA,0.576489,1.0,-1.0
MAFB,0.5545962,1.0,1.0
MAFF,0.6188453,1.0,0.0
MAFG,0.7910287,1.0,-1.0
MAFK,0.65183717,1.0,-1.0
MAG,0.086278334,0.0,0.0
MAGEA1,0.26355892,0.0,-1.0
MAGEA10,0.16858232,0.0,0.0
MAGEA11,9.653917e-05,0.0,0.0
MAGEA12,0.016600143,0.0,0.0
MAGEA2B,0.13370053,0.0,0.0
MAGEA3,0.43337786,0.0,-1.0
MAGEA4,0.047700036,0.0,0.0
MAGEA6,0.82915586,1.0,-1.0
MAGEA8,0.10400472,0.0,0.0
MAGEA9B,0.04222505,0.0,0.0
MAGEB1,0.012892438,0.0,0.0
MAGEB16,1.2465967e-05,0.0,0.0
MAGEB18,0.022115171,0.0,0.0
MAGEB2,0.0990279,0.0,0.0
MAGEB3,8.891959e-05,0.0,0.0
MAGEB4,0.025088517,0.0,0.0
MAGEB6,0.018085238,0.0,0.0
MAGEC1,0.053861354,0.0,-1.0
MAGEC2,0.12298166,0.0,-1.0
MAGEC3,0.00192062,0.0,-1.0
MAGED1,0.8023921,1.0,-1.0
MAGED2,0.16935486,0.0,0.0
MAGED4B,0.049280792,0.0,0.0
MAGEE1,0.033255793,0.0,-1.0
MAGEE2,0.04127635,0.0,0.0
MAGEF1,0.07749028,0.0,0.0
MAGEH1,0.11710406,0.0,0.0
MAGEL2,0.021425951,0.0,0.0
MAGI1,0.41367298,0.0,0.0
MAGI2,0.61184704,1.0,-1.0
MAGI3,0.46072862,0.0,0.0
MAGIX,0.047048185,0.0,0.0
MAGOH,0.09886657,0.0,0.0
MAGOHB,0.11411265,0.0,0.0
MAGT1,0.038709894,0.0,-1.0
MAIP1,0.06758181,0.0,0.0
MAK,0.07497583,0.0,-1.0
MAK16,0.09530842,0.0,0.0
MAL,0.07898648,0.0,-1.0
MAL2,0.05264436,0.0,0.0
MALL,1.824472e-06,0.0,0.0
MALSU1,0.02988221,0.0,-1.0
MALT1,0.52922404,1.0,1.0
MAMDC2,0.020137722,0.0,0.0
MAML1,0.6724951,1.0,-1.0
MAML2,0.29493788,0.0,1.0
MAML3,0.16024977,0.0,-1.0
MAMLD1,0.0010040576,0.0,-1.0
MAMSTR,6.3431257e-12,0.0,-1.0
MAN1A1,0.009091522,0.0,0.0
MAN1A2,0.16124453,0.0,-1.0
MAN1B1,0.0033455258,0.0,-1.0
MAN1C1,2.7444962e-08,0.0,0.0
MAN2A1,0.16407418,0.0,-1.0
MAN2A2,0.18152146,0.0,0.0
MAN2B1,0.08297767,0.0,-1.0
MAN2B2,0.058528773,0.0,0.0
MAN2C1,0.11953911,0.0,0.0
MANBA,0.12548517,0.0,-1.0
MANBAL,2.4340168e-06,0.0,0.0
MANEA,0.0015912707,0.0,0.0
MANEAL,0.03636113,0.0,0.0
MANF,0.022407483,0.0,-1.0
MAOA,0.25804722,0.0,0.0
MAOB,0.0036078019,0.0,0.0
MAP1A,0.16300316,0.0,0.0
MAP1B,0.44250733,0.0,0.0
MAP1LC3A,0.51192755,1.0,-1.0
MAP1LC3B,0.4482592,0.0,-1.0
MAP1LC3B2,0.03532112,0.0,0.0
MAP1LC3C,0.11451099,0.0,-1.0
MAP1S,0.23064739,0.0,-1.0
MAP2,0.5267723,1.0,-1.0
MAP2K1,0.68899906,1.0,1.0
MAP2K2,0.4104753,0.0,1.0
MAP2K3,0.7767959,1.0,-1.0
MAP2K4,0.8940685,1.0,1.0
MAP2K5,0.31486452,0.0,-1.0
MAP2K6,0.21064103,0.0,-1.0
MAP2K7,0.72896296,1.0,-1.0
MAP3K1,0.7025471,1.0,1.0
MAP3K10,0.20519803,0.0,0.0
MAP3K11,0.5598469,1.0,0.0
MAP3K12,0.29590592,0.0,-1.0
MAP3K13,0.2296587,0.0,1.0
MAP3K14,0.5417505,1.0,1.0
MAP3K15,0.2222095,0.0,0.0
MAP3K19,0.00051970273,0.0,-1.0
MAP3K2,0.28008023,0.0,0.0
MAP3K20,0.00017894128,0.0,0.0
MAP3K3,0.7397307,1.0,-1.0
MAP3K4,0.27481434,0.0,-1.0
MAP3K5,0.8901702,1.0,-1.0
MAP3K6,0.39635828,0.0,-1.0
MAP3K7,0.8888079,1.0,-1.0
MAP3K7CL,0.0065355143,0.0,0.0
MAP3K8,0.28567863,0.0,-1.0
MAP3K9,0.002033165,0.0,-1.0
MAP4,0.19557218,0.0,-1.0
MAP4K1,0.28366214,0.0,0.0
MAP4K2,0.011605503,0.0,-1.0
MAP4K3,0.2597117,0.0,-1.0
MAP4K4,0.23147953,0.0,0.0
MAP4K5,0.18493403,0.0,0.0
MAP6,0.40981448,0.0,0.0
MAP7,0.23939805,0.0,-1.0
MAP7D1,0.1834238,0.0,0.0
MAP7D2,0.19468315,0.0,0.0
MAP7D3,0.3070564,0.0,0.0
MAP9,0.084373906,0.0,0.0
MAPK1,0.95935404,1.0,1.0
MAPK10,0.63908076,1.0,-1.0
MAPK11,0.5618082,1.0,-1.0
MAPK12,0.64573574,1.0,-1.0
MAPK13,0.15856615,0.0,-1.0
MAPK14,0.9870788,1.0,-1.0
MAPK15,0.5721591,1.0,0.0
MAPK1IP1L,0.11541275,0.0,0.0
MAPK3,0.9726314,1.0,1.0
MAPK4,0.12738074,0.0,-1.0
MAPK6,0.004192976,0.0,-1.0
MAPK7,0.5030032,1.0,-1.0
MAPK8,0.9786906,1.0,-1.0
MAPK8IP1,0.8635118,1.0,-1.0
MAPK8IP2,0.0007516892,0.0,0.0
MAPK8IP3,0.7164497,1.0,0.0
MAPK9,0.9026171,1.0,-1.0
MAPKAP1,0.5167497,1.0,-1.0
MAPKAPK2,0.54705673,1.0,-1.0
MAPKAPK3,0.54944956,1.0,0.0
MAPKAPK5,0.26892,0.0,-1.0
MAPKBP1,0.022738677,0.0,0.0
MAPRE1,0.31328142,0.0,-1.0
MAPRE2,0.1602244,0.0,0.0
MAPRE3,0.19065855,0.0,-1.0
MAPT,0.61164266,1.0,-1.0
MARCHF1,0.047000222,0.0,0.0
MARCHF10,0.045848455,0.0,0.0
MARCHF2,0.032679267,0.0,0.0
MARCHF3,0.007295419,0.0,-1.0
MARCHF4,0.0024516652,0.0,0.0
MARCHF5,0.025317227,0.0,0.0
MARCHF6,0.08647328,0.0,0.0
MARCHF7,0.07177524,0.0,0.0
MARCHF8,0.048806507,0.0,0.0
MARCHF9,0.007110968,0.0,0.0
MARCKS,0.24867368,0.0,-1.0
MARCKSL1,0.12104078,0.0,0.0
MARCO,0.019704793,0.0,0.0
MARF1,0.25259194,0.0,0.0
MARK1,0.3702513,0.0,0.0
MARK2,0.33919024,0.0,-1.0
MARK3,0.34175855,0.0,-1.0
MARK4,0.24247676,0.0,-1.0
MARS1,0.1493192,0.0,-1.0
MARS2,0.027001614,0.0,0.0
MARVELD2,0.07407018,0.0,0.0
MAS1,0.0028707585,0.0,-1.0
MASP1,0.14254421,0.0,0.0
MASP2,1.6624655e-05,0.0,0.0
MAST1,0.12541026,0.0,-1.0
MAST2,0.073054515,0.0,0.0
MAST3,0.3327335,0.0,-1.0
MAST4,7.671286e-13,0.0,-1.0
MASTL,0.2698607,0.0,-1.0
MAT1A,0.037914112,0.0,0.0
MAT2A,0.04942272,0.0,0.0
MAT2B,0.07688741,0.0,0.0
MATK,0.5145508,1.0,-1.0
MATN1,0.00036973113,0.0,0.0
MATN2,0.03333964,0.0,0.0
MATN3,0.00092612096,0.0,-1.0
MATN4,0.00043957823,0.0,0.0
MATR3,0.28807405,0.0,-1.0
MAU2,0.05695546,0.0,0.0
MAVS,0.104478456,0.0,0.0
MAX,0.85452145,1.0,1.0
MAZ,0.3236006,0.0,-1.0
MB,0.001955931,0.0,0.0
MB21D2,0.13372643,0.0,-1.0
MBD1,0.7192416,1.0,-1.0
MBD2,0.74067974,1.0,-1.0
MBD3,0.88320917,1.0,0.0
MBD3L1,0.22203866,0.0,0.0
MBD3L2,0.041209456,0.0,0.0
MBD4,0.22016692,0.0,-1.0
MBD5,0.08731582,0.0,-1.0
MBD6,0.23419924,0.0,1.0
MBIP,0.4096069,0.0,0.0
MBL2,0.039993748,0.0,0.0
MBLAC2,0.0028041159,0.0,0.0
MBNL1,0.018765807,0.0,-1.0
MBNL2,2.3393981e-11,0.0,-1.0
MBNL3,0.036417153,0.0,0.0
MBOAT1,0.023894774,0.0,0.0
MBOAT2,0.008956602,0.0,-1.0
MBOAT7,0.011360772,0.0,0.0
MBP,0.9037044,1.0,0.0
MBTD1,0.22874717,0.0,0.0
MBTPS1,0.06880171,0.0,0.0
MBTPS2,0.032880418,0.0,0.0
MC1R,5.3906067e-05,0.0,-1.0
MC2R,1.0133411e-06,0.0,-1.0
MC3R,3.6307058e-05,0.0,0.0
MC4R,9.2111384e-07,0.0,-1.0
MC5R,4.3268437e-06,0.0,0.0
MCAM,0.12644714,0.0,-1.0
MCAT,0.17773892,0.0,0.0
MCC,0.8934598,1.0,-1.0
MCCC1,0.12020424,0.0,0.0
MCCC2,0.14491755,0.0,0.0
MCCD1,5.5683173e-18,0.0,0.0
MCEE,0.0045322212,0.0,0.0
MCEMP1,4.973965e-07,0.0,0.0
MCF2,0.16127743,0.0,-1.0
MCF2L,0.04370843,0.0,0.0
MCF2L2,0.22558208,0.0,-1.0
MCFD2,0.072232045,0.0,-1.0
MCHR1,8.378444e-07,0.0,-1.0
MCHR2,3.501644e-05,0.0,-1.0
MCIDAS,0.09890298,0.0,0.0
MCL1,0.31605902,0.0,1.0
MCM10,0.17055742,0.0,0.0
MCM2,0.26506782,0.0,-1.0
MCM3,0.28310665,0.0,-1.0
MCM3AP,0.32104185,0.0,0.0
MCM4,0.59428185,1.0,-1.0
MCM5,0.31769195,0.0,-1.0
MCM6,0.43405277,0.0,-1.0
MCM7,0.4479252,0.0,-1.0
MCM8,0.05109054,0.0,0.0
MCM9,0.07043383,0.0,0.0
MCMBP,0.23076826,0.0,-1.0
MCMDC2,9.3246356e-08,0.0,0.0
MCOLN1,0.009721157,0.0,-1.0
MCOLN2,1.944661e-17,0.0,0.0
MCOLN3,2.8741074e-06,0.0,0.0
MCPH1,0.21330915,0.0,-1.0
MCRIP1,5.9120325e-10,0.0,0.0
MCRIP2,0.10187253,0.0,0.0
MCRS1,0.5411713,1.0,-1.0
MCTP2,8.002999e-12,0.0,0.0
MCTS1,0.11598887,0.0,0.0
MCU,0.032127574,0.0,0.0
MCUB,0.038344536,0.0,0.0
MCUR1,0.00023617633,0.0,0.0
MDC1,0.6077368,1.0,-1.0
MDFI,5.39822e-05,0.0,0.0
MDFIC,0.30482453,0.0,-1.0
MDGA1,0.01747761,0.0,0.0
MDH1,0.11394776,0.0,0.0
MDH2,0.14655617,0.0,-1.0
MDK,0.08354239,0.0,-1.0
MDM1,0.14408208,0.0,0.0
MDM2,0.9796668,1.0,1.0
MDM4,0.6345656,1.0,1.0
MDN1,0.354915,0.0,0.0
MDP1,0.011698174,0.0,0.0
ME1,0.12034993,0.0,-1.0
ME2,0.026655298,0.0,0.0
ME3,0.21306254,0.0,-1.0
MEA1,0.17887415,0.0,0.0
MEAF6,0.09717964,0.0,0.0
MEAK7,0.08366401,0.0,0.0
MECOM,0.58429873,1.0,1.0
MECP2,0.86644,1.0,-1.0
MECR,0.062039774,0.0,0.0
MED1,0.6100719,1.0,-1.0
MED10,0.1609134,0.0,0.0
MED11,0.0909126,0.0,0.0
MED12,0.29162988,0.0,1.0
MED12L,0.03808112,0.0,-1.0
MED13,0.15960038,0.0,-1.0
MED13L,0.17698976,0.0,-1.0
MED14,0.328504,0.0,0.0
MED15,0.28623098,0.0,0.0
MED16,0.21708858,0.0,-1.0
MED17,0.25229016,0.0,0.0
MED18,0.10013578,0.0,0.0
MED19,0.15191418,0.0,0.0
MED20,0.1443426,0.0,0.0
MED21,0.41971403,0.0,0.0
MED22,0.10141044,0.0,0.0
MED23,0.44710365,0.0,-1.0
MED24,0.31440383,0.0,0.0
MED25,0.15139171,0.0,-1.0
MED26,0.1261379,0.0,0.0
MED27,0.118425265,0.0,0.0
MED28,0.3792727,0.0,-1.0
MED29,0.1370451,0.0,0.0
MED30,0.1393185,0.0,0.0
MED31,0.484441,0.0,-1.0
MED4,0.62572086,1.0,0.0
MED6,0.21192446,0.0,0.0
MED7,0.21849754,0.0,0.0
MED8,0.12356476,0.0,0.0
MED9,0.10958512,0.0,0.0
MEDAG,5.6228146e-06,0.0,0.0
MEF2A,0.26831433,0.0,-1.0
MEF2C,0.8012864,1.0,-1.0
MEF2D,0.7416752,1.0,1.0
MEFV,0.07572179,0.0,-1.0
MEGF10,0.3429467,0.0,0.0
MEGF11,0.015065035,0.0,0.0
MEGF6,0.07784327,0.0,0.0
MEGF8,0.12887755,0.0,0.0
MEI1,1.7828568e-14,0.0,0.0
MEIG1,0.28129104,0.0,0.0
MEIOB,0.0015432297,0.0,0.0
MEIS1,0.8848985,1.0,-1.0
MEIS2,0.0043556793,0.0,0.0
MEIS3,0.0046599507,0.0,0.0
MELK,0.096566945,0.0,-1.0
MELTF,0.059797667,0.0,0.0
MEMO1,0.12388931,0.0,0.0
MEN1,0.5508136,1.0,1.0
MEOX1,0.012675609,0.0,0.0
MEOX2,5.4145717e-06,0.0,0.0
MEP1A,0.021908032,0.0,-1.0
MEP1B,0.36396667,0.0,0.0
MEPCE,0.12804894,0.0,0.0
MEPE,0.4727862,0.0,0.0
MERTK,0.53108245,1.0,-1.0
MESD,0.06266467,0.0,0.0
MESP2,0.0020403895,0.0,0.0
MEST,0.002673451,0.0,0.0
MET,0.9802381,1.0,1.0
METAP1,0.035000343,0.0,0.0
METAP2,0.21042415,0.0,-1.0
METRNL,0.047305178,0.0,0.0
METTL1,0.020316731,0.0,0.0
METTL13,0.162217,0.0,0.0
METTL14,0.024410915,0.0,-1.0
METTL15,0.008938635,0.0,0.0
METTL16,0.01540745,0.0,0.0
METTL17,0.0440918,0.0,0.0
METTL18,0.0029029096,0.0,0.0
METTL21A,0.0036318155,0.0,-1.0
METTL21C,0.027942354,0.0,0.0
METTL22,0.042327587,0.0,0.0
METTL23,0.07041432,0.0,-1.0
METTL25,0.014328415,0.0,0.0
METTL2A,1.1302638e-09,0.0,0.0
METTL2B,0.04268333,0.0,0.0
METTL3,0.09591387,0.0,-1.0
METTL5,0.0036110503,0.0,0.0
METTL6,0.0017632238,0.0,0.0
METTL7A,4.0081663e-06,0.0,-1.0
METTL7B,0.00018716569,0.0,0.0
METTL8,0.077359855,0.0,0.0
METTL9,0.08129116,0.0,0.0
MEX3A,7.4718504e-05,0.0,0.0
MEX3B,0.104679726,0.0,0.0
MEX3C,0.053511556,0.0,-1.0
MEX3D,0.045475714,0.0,0.0
MFAP1,0.14781216,0.0,0.0
MFAP2,0.32159355,0.0,0.0
MFAP3,0.095717914,0.0,0.0
MFAP4,0.18674876,0.0,-1.0
MFAP5,0.021489797,0.0,-1.0
MFF,2.8695386e-08,0.0,0.0
MFGE8,0.1769022,0.0,0.0
MFHAS1,0.050066534,0.0,-1.0
MFN1,0.0742316,0.0,0.0
MFN2,0.20096074,0.0,-1.0
MFNG,0.012243058,0.0,0.0
MFRP,1.6431332e-15,0.0,-1.0
MFSD1,3.9216443e-06,0.0,0.0
MFSD10,0.0057891044,0.0,-1.0
MFSD11,8.230956e-12,0.0,0.0
MFSD12,2.0096832e-07,0.0,0.0
MFSD13A,0.011814216,0.0,0.0
MFSD14B,1.1907491e-07,0.0,0.0
MFSD3,1.9639636e-05,0.0,0.0
MFSD4B,0.0042776116,0.0,0.0
MFSD5,0.047321808,0.0,0.0
MFSD6,0.0002691169,0.0,0.0
MFSD8,0.01172917,0.0,-1.0
MGA,0.6146052,1.0,1.0
MGAM,0.061967306,0.0,1.0
MGARP,0.00074968673,0.0,0.0
MGAT1,0.015756747,0.0,0.0
MGAT2,1.2617832e-05,0.0,-1.0
MGAT3,5.404509e-10,0.0,-1.0
MGAT4B,0.00026705678,0.0,0.0
MGAT5,0.07070978,0.0,0.0
MGAT5B,0.0051169735,0.0,-1.0
MGLL,0.07210955,0.0,0.0
MGME1,0.16766669,0.0,0.0
MGMT,0.31298658,0.0,1.0
MGP,1.6691607e-16,0.0,0.0
MGRN1,0.00070710306,0.0,0.0
MGST1,0.015346381,0.0,-1.0
MGST2,0.09198336,0.0,-1.0
MGST3,0.045560267,0.0,-1.0
MIA,0.09491068,0.0,0.0
MIA2,0.22827756,0.0,-1.0
MIA3,0.2393369,0.0,0.0
MIB1,0.2767972,0.0,-1.0
MIB2,0.16706851,0.0,-1.0
MICA,1.7187049e-05,0.0,-1.0
MICAL1,0.17383943,0.0,0.0
MICAL2,4.8412317e-06,0.0,-1.0
MICAL3,0.1928079,0.0,0.0
MICALL1,0.052081276,0.0,0.0
MICALL2,0.20681155,0.0,0.0
MICB,5.4230328e-05,0.0,-1.0
MICOS10,0.0143960705,0.0,0.0
MICOS10-NBL1,0.010832915,0.0,0.0
MICOS13,0.09512385,0.0,0.0
MICU1,0.08398161,0.0,0.0
MICU2,0.11200646,0.0,0.0
MICU3,7.0718754e-14,0.0,-1.0
MID1,0.3014893,0.0,-1.0
MID1IP1,0.06858329,0.0,0.0
MID2,0.05294541,0.0,0.0
MIDEAS,0.34782562,0.0,1.0
MIDN,0.05135126,0.0,0.0
MIEF1,0.064634494,0.0,0.0
MIEF2,0.034457196,0.0,0.0
MIEN1,0.009551385,0.0,-1.0
MIER1,0.38969064,0.0,-1.0
MIER2,0.19855627,0.0,0.0
MIER3,0.18931603,0.0,-1.0
MIF,0.24847652,0.0,-1.0
MIF4GD,0.13162383,0.0,0.0
MIGA1,0.09259838,0.0,0.0
MIGA2,1.5809391e-08,0.0,0.0
MIIP,0.13580513,0.0,0.0
MINAR1,0.03378349,0.0,-1.0
MINK1,0.15780638,0.0,0.0
MINPP1,0.037874915,0.0,0.0
MIOS,0.3607986,0.0,-1.0
MIP,0.0030675686,0.0,-1.0
MIPEP,0.07433501,0.0,0.0
MIPOL1,0.11936506,0.0,0.0
MIR3667HG,3.1509653e-15,0.0,-1.0
MIR9-1HG,1.1647661e-07,0.0,0.0
MIS12,0.27757633,0.0,0.0
MIS18A,0.24023247,0.0,0.0
MIS18BP1,0.08047449,0.0,0.0
MISP,0.36323586,0.0,0.0
MITD1,0.1448904,0.0,0.0
MITF,0.4163891,0.0,1.0
MIX23,0.00424189,0.0,0.0
MKI67,0.36006206,0.0,-1.0
MKKS,0.04397127,0.0,-1.0
MKLN1,0.077033915,0.0,0.0
MKNK1,0.5771734,1.0,-1.0
MKNK2,0.22583887,0.0,0.0
MKRN1,0.06468513,0.0,-1.0
MKRN2,0.13026515,0.0,0.0
MKRN3,0.23749281,0.0,-1.0
MKS1,0.07554803,0.0,-1.0
MKX,0.14722063,0.0,0.0
MLANA,0.15155992,0.0,0.0
MLC1,0.048204616,0.0,-1.0
MLEC,0.012750403,0.0,0.0
MLF1,0.63009906,1.0,1.0
MLF2,0.55494577,1.0,0.0
MLH1,0.3265988,0.0,1.0
MLH3,0.9365684,1.0,-1.0
MLIP,0.89877826,1.0,0.0
MLKL,0.086890176,0.0,0.0
MLLT1,0.26396683,0.0,1.0
MLLT10,0.16430326,0.0,1.0
MLLT11,0.0127939815,0.0,1.0
MLLT3,0.27842492,0.0,1.0
MLLT6,0.11396959,0.0,1.0
MLN,0.45820025,0.0,0.0
MLNR,0.14973377,0.0,0.0
MLPH,0.13343778,0.0,-1.0
MLST8,0.25929493,0.0,-1.0
MLX,0.04360638,0.0,0.0
MLXIP,0.035472993,0.0,0.0
MLXIPL,0.047732804,0.0,-1.0
MLYCD,0.024633266,0.0,0.0
MMAA,0.016168173,0.0,0.0
MMAB,0.011092422,0.0,-1.0
MMACHC,0.00096783665,0.0,-1.0
MMADHC,0.00836501,0.0,0.0
MME,0.0006042364,0.0,-1.0
MMGT1,0.013710786,0.0,0.0
MMP1,0.00038916717,0.0,-1.0
MMP10,8.4278545e-05,0.0,0.0
MMP11,2.3817216e-07,0.0,-1.0
MMP12,0.06680686,0.0,0.0
MMP13,5.1574785e-05,0.0,-1.0
MMP14,0.004644925,0.0,-1.0
MMP15,0.08033506,0.0,-1.0
MMP16,0.016427577,0.0,-1.0
MMP17,0.03923392,0.0,0.0
MMP19,0.00015602238,0.0,-1.0
MMP2,0.020735726,0.0,-1.0
MMP20,1.922667e-07,0.0,-1.0
MMP23B,2.5904285e-07,0.0,0.0
MMP24,3.564065e-13,0.0,-1.0
MMP25,0.003998153,0.0,0.0
MMP26,0.026052596,0.0,-1.0
MMP27,0.00011167641,0.0,0.0
MMP28,0.020120796,0.0,0.0
MMP3,0.00071503455,0.0,-1.0
MMP7,0.034067318,0.0,0.0
MMP8,6.2669545e-07,0.0,-1.0
MMP9,0.029708898,0.0,-1.0
MMRN1,0.3839547,0.0,0.0
MMRN2,1.15570796e-10,0.0,0.0
MMS19,0.42688876,0.0,0.0
MMS22L,0.040980462,0.0,-1.0
MMUT,0.0010639249,0.0,0.0
MN1,0.7519524,1.0,1.0
MNAT1,0.33457953,0.0,-1.0
MND1,0.003063334,0.0,0.0
MNDA,0.088765465,0.0,0.0
MNS1,0.052179128,0.0,0.0
MNT,0.40873528,0.0,0.0
MNX1,1.3595577e-15,0.0,-1.0
MOAP1,0.13921142,0.0,-1.0
MOB1A,0.33868614,0.0,0.0
MOB1B,0.103067,0.0,-1.0
MOB2,0.12820855,0.0,0.0
MOB3A,0.050587337,0.0,0.0
MOB3B,0.1638072,0.0,1.0
MOB3C,0.025380122,0.0,0.0
MOB4,0.45576677,0.0,0.0
MOBP,0.00055174984,0.0,0.0
MOCOS,0.0305756,0.0,0.0
MOCS1,0.003036904,0.0,0.0
MOCS2,0.08938315,0.0,0.0
MOCS3,0.076371886,0.0,-1.0
MOG,5.424776e-05,0.0,-1.0
MOGAT2,4.6262285e-05,0.0,0.0
MOGAT3,0.0029193817,0.0,0.0
MOGS,0.11704363,0.0,-1.0
MOK,0.019933162,0.0,0.0
MON1A,0.02521595,0.0,0.0
MON1B,0.030625338,0.0,0.0
MON2,0.0838653,0.0,0.0
MORC1,0.19890231,0.0,0.0
MORC2,0.28771064,0.0,0.0
MORC3,0.11228352,0.0,0.0
MORC4,0.09478325,0.0,-1.0
MORF4L1,0.32600835,0.0,0.0
MORF4L2,0.6620504,1.0,0.0
MORN1,3.7790557e-10,0.0,-1.0
MORN2,1.5450507e-05,0.0,0.0
MORN3,0.00047289545,0.0,0.0
MORN4,0.0077392063,0.0,0.0
MOS,0.11219362,0.0,-1.0
MOSPD1,5.240252e-06,0.0,0.0
MOSPD2,0.026770825,0.0,0.0
MOSPD3,0.00021126986,0.0,0.0
MOV10,0.16862929,0.0,-1.0
MOV10L1,0.0008656287,0.0,0.0
MOXD1,0.00077580864,0.0,0.0
MPC1,0.0012097682,0.0,-1.0
MPC2,0.0014165848,0.0,0.0
MPDU1,0.007331699,0.0,-1.0
MPDZ,0.17976713,0.0,-1.0
MPEG1,0.04320591,0.0,-1.0
MPG,0.15335955,0.0,0.0
MPHOSPH10,0.060230646,0.0,0.0
MPHOSPH6,0.17565955,0.0,0.0
MPHOSPH8,0.10079203,0.0,0.0
MPHOSPH9,0.15942396,0.0,0.0
MPI,0.04278002,0.0,-1.0
MPIG6B,0.23627985,0.0,0.0
MPL,0.7593311,1.0,1.0
MPLKIP,0.017013518,0.0,-1.0
MPND,0.054919444,0.0,0.0
MPO,0.30615497,0.0,-1.0
MPP1,0.16711837,0.0,-1.0
MPP2,0.21793394,0.0,0.0
MPP3,4.417698e-06,0.0,0.0
MPP4,5.9924943e-05,0.0,0.0
MPP7,0.13037774,0.0,0.0
MPPE1,7.8708006e-05,0.0,-1.0
MPPED1,0.025048276,0.0,0.0
MPPED2,0.0003827682,0.0,-1.0
MPRIP,0.5776194,1.0,0.0
MPST,0.033654094,0.0,0.0
MPV17,0.032043606,0.0,0.0
MPV17L,0.000363757,0.0,0.0
MPV17L2,0.027515868,0.0,0.0
MPZ,1.2126405e-05,0.0,-1.0
MPZL1,0.10150172,0.0,0.0
MPZL2,2.4374547e-06,0.0,0.0
MPZL3,1.027678e-07,0.0,0.0
MR1,0.039810833,0.0,0.0
MRAP,1.1851531e-08,0.0,0.0
MRAP2,9.4742596e-08,0.0,0.0
MRAS,0.10712908,0.0,-1.0
MRC1,0.00037888487,0.0,-1.0
MRC2,0.3846259,0.0,0.0
MRE11,0.3282746,0.0,1.0
MREG,0.030640189,0.0,-1.0
MRFAP1,0.025177274,0.0,0.0
MRFAP1L1,0.0505616,0.0,0.0
MRGBP,0.34372774,0.0,0.0
MRGPRX1,0.0065451995,0.0,0.0
MRGPRX2,0.03680845,0.0,0.0
MRI1,0.10697037,0.0,0.0
MRM1,0.12115613,0.0,0.0
MRM2,0.0010597995,0.0,0.0
MRM3,0.061362762,0.0,0.0
MROH1,0.0008399156,0.0,-1.0
MROH2B,6.3265423e-07,0.0,0.0
MROH5,2.6216907e-05,0.0,0.0
MROH6,8.433901e-06,0.0,0.0
MROH8,1.9157371e-19,0.0,0.0
MRPL1,0.045337845,0.0,0.0
MRPL10,0.009437578,0.0,0.0
MRPL11,0.069683515,0.0,0.0
MRPL12,0.022231694,0.0,-1.0
MRPL13,0.013646466,0.0,0.0
MRPL14,0.012079262,0.0,0.0
MRPL15,0.06303909,0.0,0.0
MRPL16,0.014135219,0.0,0.0
MRPL17,0.015766194,0.0,0.0
MRPL18,0.100378826,0.0,-1.0
MRPL19,0.07482763,0.0,0.0
MRPL2,0.061645187,0.0,0.0
MRPL20,0.07187002,0.0,-1.0
MRPL21,0.010007008,0.0,-1.0
MRPL22,0.05912722,0.0,0.0
MRPL23,0.024564633,0.0,0.0
MRPL24,0.10068716,0.0,0.0
MRPL27,0.08498905,0.0,0.0
MRPL28,0.02046248,0.0,0.0
MRPL3,0.11775592,0.0,0.0
MRPL30,0.00782009,0.0,0.0
MRPL32,0.004967529,0.0,0.0
MRPL33,0.022123242,0.0,0.0
MRPL34,0.006011201,0.0,0.0
MRPL35,0.011958534,0.0,0.0
MRPL36,0.0045264508,0.0,-1.0
MRPL37,0.055325713,0.0,0.0
MRPL38,0.12518232,0.0,0.0
MRPL39,0.05600591,0.0,0.0
MRPL4,0.105634265,0.0,0.0
MRPL40,0.052432906,0.0,0.0
MRPL41,0.02141588,0.0,0.0
MRPL42,0.008248411,0.0,0.0
MRPL43,0.054820854,0.0,0.0
MRPL44,0.022149717,0.0,0.0
MRPL45,0.019625774,0.0,0.0
MRPL46,0.034565844,0.0,0.0
MRPL47,0.007665261,0.0,0.0
MRPL48,0.01750622,0.0,0.0
MRPL49,0.016501697,0.0,0.0
MRPL50,0.046504438,0.0,0.0
MRPL51,0.046698034,0.0,0.0
MRPL52,0.00892576,0.0,0.0
MRPL53,0.04460156,0.0,0.0
MRPL54,0.0067838603,0.0,0.0
MRPL55,0.11978918,0.0,0.0
MRPL57,0.074340954,0.0,0.0
MRPL58,0.08279419,0.0,0.0
MRPL9,0.026755137,0.0,0.0
MRPS10,0.0092623625,0.0,0.0
MRPS11,0.06718848,0.0,0.0
MRPS12,0.026484063,0.0,0.0
MRPS14,0.090710804,0.0,-1.0
MRPS15,0.09182746,0.0,0.0
MRPS16,0.0133680105,0.0,-1.0
MRPS17,0.04841492,0.0,0.0
MRPS18A,0.06539751,0.0,0.0
MRPS18B,0.0627515,0.0,0.0
MRPS18C,0.0048957043,0.0,0.0
MRPS2,0.06648003,0.0,0.0
MRPS21,0.021711204,0.0,-1.0
MRPS22,0.093426734,0.0,-1.0
MRPS23,0.088673025,0.0,0.0
MRPS24,0.00440612,0.0,0.0
MRPS25,0.055406444,0.0,0.0
MRPS26,0.083426446,0.0,0.0
MRPS27,0.11447854,0.0,0.0
MRPS28,0.043514773,0.0,0.0
MRPS30,0.053955033,0.0,0.0
MRPS31,0.089614496,0.0,-1.0
MRPS33,0.06941473,0.0,-1.0
MRPS34,0.07885984,0.0,0.0
MRPS35,0.08226675,0.0,0.0
MRPS36,0.007498045,0.0,0.0
MRPS5,0.067833774,0.0,0.0
MRPS6,0.02303671,0.0,0.0
MRPS7,0.06355594,0.0,0.0
MRPS9,0.082526594,0.0,0.0
MRRF,0.07430697,0.0,0.0
MRS2,0.10279932,0.0,0.0
MRTFA,0.07651019,0.0,1.0
MRTFB,0.074292436,0.0,0.0
MRTO4,0.055585235,0.0,0.0
MS4A1,0.057746246,0.0,0.0
MS4A12,3.3889916e-13,0.0,0.0
MS4A13,0.017306397,0.0,0.0
MS4A2,0.8194993,1.0,0.0
MS4A3,1.3299995e-05,0.0,0.0
MS4A5,1.0599882e-08,0.0,0.0
MS4A7,0.0032028365,0.0,0.0
MSANTD2,0.0004113851,0.0,0.0
MSANTD3,0.23806414,0.0,0.0
MSANTD4,0.10774748,0.0,0.0
MSC,0.088897616,0.0,0.0
MSGN1,0.07367004,0.0,0.0
MSH2,0.3710006,0.0,1.0
MSH3,0.3556886,0.0,1.0
MSH4,0.08760945,0.0,0.0
MSH5,0.19779107,0.0,-1.0
MSH6,0.360372,0.0,1.0
MSI1,0.09355104,0.0,1.0
MSI2,0.18495356,0.0,1.0
MSL1,0.1579218,0.0,0.0
MSL2,0.08468687,0.0,0.0
MSL3,0.19922234,0.0,0.0
MSLN,0.04046684,0.0,-1.0
MSMB,0.0022097048,0.0,-1.0
MSMO1,0.0023620776,0.0,0.0
MSN,0.8102769,1.0,1.0
MSR1,0.00013802673,0.0,-1.0
MSRA,4.460407e-07,0.0,0.0
MSRB1,0.05276015,0.0,0.0
MSRB2,0.01593324,0.0,0.0
MSRB3,0.05539323,0.0,0.0
MSS51,3.2769904e-06,0.0,0.0
MST1,0.7085578,1.0,1.0
MST1R,0.44572243,0.0,1.0
MSTN,0.53010464,1.0,-1.0
MSTO1,0.067174785,0.0,0.0
MSX1,0.5442651,1.0,-1.0
MSX2,0.18953432,0.0,-1.0
MT-ATP6,0.057074077,0.0,-1.0
MT-ATP8,0.021425633,0.0,0.0
MT-CO2,0.13841617,0.0,-1.0
MT-CO3,0.05202238,0.0,-1.0
MT-CYB,0.005847823,0.0,-1.0
MT-ND1,0.0019030058,0.0,-1.0
MT-ND2,0.0012930353,0.0,-1.0
MT-ND3,0.0007422383,0.0,-1.0
MT-ND4,0.002207875,0.0,-1.0
MT-ND4L,0.0011423657,0.0,-1.0
MT-ND5,0.0012929172,0.0,-1.0
MT-ND6,0.0008762798,0.0,-1.0
MT1A,0.32582396,0.0,0.0
MT1B,9.681794e-10,0.0,0.0
MT1E,4.576619e-07,0.0,0.0
MT1F,8.249751e-09,0.0,0.0
MT1G,2.308309e-08,0.0,0.0
MT1H,4.2011743e-05,0.0,-1.0
MT1M,4.18591e-06,0.0,0.0
MT1X,0.0511357,0.0,0.0
MT2A,0.0010060727,0.0,0.0
MT3,0.0003439947,0.0,0.0
MTA1,0.50631917,1.0,-1.0
MTA2,0.8335415,1.0,0.0
MTA3,0.69507766,1.0,-1.0
MTAP,0.124309406,0.0,1.0
MTARC1,0.0017979634,0.0,0.0
MTARC2,0.008050309,0.0,0.0
MTBP,0.11704029,0.0,0.0
MTCH1,0.095941745,0.0,0.0
MTCH2,0.034763943,0.0,0.0
MTCL1,0.39004073,0.0,0.0
MTCP1,0.123979814,0.0,1.0
MTDH,0.08713985,0.0,-1.0
MTERF1,0.10165068,0.0,0.0
MTERF2,1.2425161e-07,0.0,0.0
MTERF3,0.0142937,0.0,-1.0
MTERF4,0.047487848,0.0,0.0
MTF1,0.20566775,0.0,0.0
MTF2,0.2688828,0.0,0.0
MTFMT,9.638977e-05,0.0,0.0
MTFP1,0.0024668914,0.0,0.0
MTFR1,0.031773128,0.0,0.0
MTFR1L,0.27133065,0.0,-1.0
MTFR2,0.065217435,0.0,0.0
MTG1,0.018825589,0.0,0.0
MTG2,9.650878e-05,0.0,-1.0
MTHFD1,0.16869698,0.0,-1.0
MTHFD1L,0.08522684,0.0,0.0
MTHFD2,0.10753438,0.0,-1.0
MTHFR,0.10238637,0.0,-1.0
MTHFS,3.7011313e-07,0.0,0.0
MTHFSD,0.050402425,0.0,0.0
MTIF2,0.11738211,0.0,0.0
MTIF3,0.0029879527,0.0,0.0
MTM1,0.05329798,0.0,-1.0
MTMR1,0.065508015,0.0,0.0
MTMR10,0.18050243,0.0,0.0
MTMR11,2.7212832e-07,0.0,0.0
MTMR12,0.13360307,0.0,0.0
MTMR14,0.2508286,0.0,-1.0
MTMR2,0.038436096,0.0,-1.0
MTMR3,0.28540275,0.0,-1.0
MTMR4,0.1009454,0.0,0.0
MTMR6,0.11944361,0.0,0.0
MTMR7,6.953401e-13,0.0,0.0
MTMR8,3.54499e-06,0.0,-1.0
MTMR9,9.756925e-07,0.0,0.0
MTNR1A,0.3265328,0.0,0.0
MTNR1B,0.27347338,0.0,-1.0
MTO1,0.09858958,0.0,0.0
MTOR,0.8706591,1.0,1.0
MTPAP,0.12093208,0.0,0.0
MTPN,0.13733669,0.0,0.0
MTR,0.17127398,0.0,-1.0
MTRES1,0.006203332,0.0,0.0
MTREX,0.22514167,0.0,-1.0
MTRF1,0.0074001905,0.0,-1.0
MTRF1L,3.43003e-05,0.0,0.0
MTRFR,0.00036796083,0.0,0.0
MTRNR2L1,0.03566366,0.0,0.0
MTRR,0.024978783,0.0,-1.0
MTSS1,0.16384088,0.0,0.0
MTSS2,0.03333574,0.0,0.0
MTTP,0.92867607,1.0,-1.0
MTURN,0.009007786,0.0,0.0
MTUS1,0.1958948,0.0,-1.0
MTUS2,0.18886864,0.0,-1.0
MTX1,0.00542175,0.0,0.0
MTX2,0.010427522,0.0,0.0
MTX3,0.0056603136,0.0,0.0
MUC1,0.109652765,0.0,1.0
MUC12,0.00017093227,0.0,-1.0
MUC13,0.08293095,0.0,-1.0
MUC15,0.06655172,0.0,0.0
MUC16,0.35037562,0.0,-1.0
MUC20,0.0009968366,0.0,0.0
MUC3A,0.26032808,0.0,-1.0
MUC4,1.957681e-07,0.0,-1.0
MUC5AC,0.28650057,0.0,-1.0
MUC5B,0.5090454,1.0,0.0
MUC6,1.10476845e-08,0.0,-1.0
MUC7,0.03907847,0.0,-1.0
MUCL1,1.2185086e-05,0.0,0.0
MUCL3,1.9964826e-08,0.0,0.0
MUL1,0.07636736,0.0,0.0
MUS81,0.07173497,0.0,0.0
MUSK,0.03694194,0.0,-1.0
MUSTN1,3.128834e-09,0.0,0.0
MUTYH,0.6957177,1.0,1.0
MVB12A,0.030573856,0.0,0.0
MVB12B,0.008696611,0.0,0.0
MVD,0.0764062,0.0,0.0
MVK,0.01856594,0.0,-1.0
MVP,0.6601325,1.0,-1.0
MX1,1.242238e-05,0.0,0.0
MX2,0.0001585922,0.0,0.0
MXD1,0.49887025,0.0,-1.0
MXD3,0.071106926,0.0,0.0
MXD4,0.2270393,0.0,0.0
MXI1,0.14047784,0.0,-1.0
MXRA5,0.013742481,0.0,-1.0
MXRA7,2.1517e-15,0.0,0.0
MYADM,0.11164099,0.0,0.0
MYB,0.8935173,1.0,1.0
MYBBP1A,0.16102035,0.0,-1.0
MYBL1,0.15978466,0.0,-1.0
MYBL2,0.66652054,1.0,-1.0
MYBPC1,0.15354049,0.0,0.0
MYBPC2,0.00036030498,0.0,0.0
MYBPC3,0.596755,1.0,-1.0
MYBPH,0.072890446,0.0,0.0
MYBPHL,0.032719903,0.0,0.0
MYC,0.87369925,1.0,1.0
MYCBP,0.10243259,0.0,-1.0
MYCBP2,0.5138932,1.0,-1.0
MYCBPAP,0.09786667,0.0,0.0
MYCL,0.09545611,0.0,1.0
MYCN,0.29286006,0.0,1.0
MYD88,0.9554668,1.0,1.0
MYDGF,0.22556159,0.0,0.0
MYEF2,0.28741258,0.0,0.0
MYEOV,0.010427324,0.0,-1.0
MYF5,0.3048481,0.0,0.0
MYF6,0.15169083,0.0,-1.0
MYG1,0.06397414,0.0,0.0
MYH1,0.42970282,0.0,-1.0
MYH10,0.28778818,0.0,0.0
MYH11,0.17211662,0.0,1.0
MYH13,0.3574255,0.0,0.0
MYH14,0.21452913,0.0,0.0
MYH15,0.00072060316,0.0,0.0
MYH2,0.6348583,1.0,-1.0
MYH3,0.5073627,1.0,0.0
MYH4,0.3029761,0.0,-1.0
MYH6,0.2856334,0.0,-1.0
MYH7,0.7197093,1.0,-1.0
MYH7B,0.13677062,0.0,0.0
MYH8,0.3059242,0.0,-1.0
MYH9,0.7033501,1.0,1.0
MYL1,0.11586087,0.0,0.0
MYL10,6.287589e-05,0.0,0.0
MYL12A,0.34727958,0.0,-1.0
MYL12B,0.37605587,0.0,0.0
MYL2,0.6412049,1.0,-1.0
MYL3,0.38186637,0.0,-1.0
MYL4,0.25276908,0.0,0.0
MYL5,0.0002818435,0.0,0.0
MYL6,0.2853008,0.0,0.0
MYL6B,0.16847365,0.0,0.0
MYL7,0.0056964466,0.0,0.0
MYL9,0.22655179,0.0,0.0
MYLIP,0.0774895,0.0,0.0
MYLK,0.1891483,0.0,-1.0
MYLK2,0.4835467,0.0,-1.0
MYLK3,0.21728373,0.0,0.0
MYLK4,0.033755973,0.0,0.0
MYLPF,0.1015301,0.0,0.0
MYNN,0.0029323979,0.0,0.0
MYO10,0.057912283,0.0,0.0
MYO15A,0.09231314,0.0,0.0
MYO15B,0.0531189,0.0,0.0
MYO16,0.20653187,0.0,0.0
MYO18A,0.46541348,0.0,-1.0
MYO18B,0.12104653,0.0,-1.0
MYO19,0.23597614,0.0,0.0
MYO1A,0.40537956,0.0,-1.0
MYO1B,0.4931815,0.0,-1.0
MYO1C,0.53337073,1.0,0.0
MYO1D,0.38989285,0.0,0.0
MYO1E,0.3418056,0.0,-1.0
MYO1F,0.11621627,0.0,0.0
MYO1G,0.057826612,0.0,-1.0
MYO3A,0.06528725,0.0,0.0
MYO3B,0.2094692,0.0,0.0
MYO5A,0.54035854,1.0,1.0
MYO5B,0.40086174,0.0,-1.0
MYO5C,0.33032846,0.0,0.0
MYO6,0.32840335,0.0,-1.0
MYO7A,0.00018848955,0.0,-1.0
MYO7B,3.0908236e-06,0.0,0.0
MYO9A,0.08943105,0.0,-1.0
MYO9B,0.14163226,0.0,-1.0
MYOC,0.06198297,0.0,-1.0
MYOCD,0.00040044307,0.0,-1.0
MYOD1,0.58948916,1.0,1.0
MYOF,0.07070263,0.0,0.0
MYOG,0.13453496,0.0,0.0
MYOM1,0.1190869,0.0,0.0
MYOM2,0.47474068,0.0,-1.0
MYOM3,0.0048273643,0.0,-1.0
MYORG,0.043545354,0.0,0.0
MYOT,0.36973906,0.0,-1.0
MYOZ1,0.20290935,0.0,0.0
MYOZ2,0.41784072,0.0,-1.0
MYOZ3,0.24531853,0.0,-1.0
MYPN,0.24911822,0.0,0.0
MYPOP,0.015811965,0.0,0.0
MYRIP,0.38539562,0.0,-1.0
MYSM1,0.08886819,0.0,0.0
MYT1,0.2398353,0.0,-1.0
MYT1L,0.3099657,0.0,-1.0
MZB1,0.004920024,0.0,0.0
MZF1,0.09937857,0.0,0.0
MZT1,0.09267887,0.0,0.0
MZT2A,0.14428008,0.0,0.0
MZT2B,0.2440176,0.0,0.0
N4BP1,0.067299716,0.0,-1.0
N4BP2,0.13218944,0.0,1.0
N4BP2L2,0.33338988,0.0,0.0
N4BP3,0.2201276,0.0,-1.0
N6AMT1,0.1628484,0.0,0.0
NAA10,0.24046086,0.0,-1.0
NAA11,0.0010766755,0.0,0.0
NAA15,0.3207533,0.0,0.0
NAA16,0.020348853,0.0,0.0
NAA20,0.10122431,0.0,0.0
NAA25,0.09982033,0.0,0.0
NAA30,0.0019778023,0.0,0.0
NAA35,0.003374902,0.0,0.0
NAA38,0.0018826948,0.0,0.0
NAA40,0.077487074,0.0,0.0
NAA50,0.10704824,0.0,0.0
NAA80,2.1122049e-05,0.0,0.0
NAAA,0.10906629,0.0,0.0
NAALAD2,4.5948295e-07,0.0,0.0
NAALADL2,0.0043885056,0.0,0.0
NAB1,0.05456362,0.0,0.0
NAB2,0.08178091,0.0,1.0
NABP1,0.051745728,0.0,-1.0
NABP2,0.19061762,0.0,0.0
NACA,0.13155511,0.0,-1.0
NACA2,0.04569958,0.0,0.0
NACAD,0.09514569,0.0,0.0
NACC1,0.8035278,1.0,-1.0
NACC2,0.19815743,0.0,0.0
NADK,0.25192764,0.0,1.0
NADK2,0.014125668,0.0,0.0
NADSYN1,0.07368697,0.0,0.0
NAE1,0.25906876,0.0,0.0
NAF1,0.1643752,0.0,0.0
NAGA,0.037331644,0.0,-1.0
NAGK,0.50020146,1.0,0.0
NAGLU,0.09359271,0.0,-1.0
NAGPA,0.057119682,0.0,0.0
NAGS,2.223087e-07,0.0,0.0
NAIF1,0.0027910606,0.0,0.0
NAIP,0.03249338,0.0,0.0
NALCN,0.010272587,0.0,-1.0
NAMPT,0.08190618,0.0,-1.0
NANOG,0.84216964,1.0,-1.0
NANOGNB,1.4677954e-07,0.0,0.0
NANOS1,0.04971818,0.0,-1.0
NANOS2,0.03916847,0.0,0.0
NANOS3,0.031699035,0.0,0.0
NANP,0.04198405,0.0,-1.0
NANS,0.19382207,0.0,0.0
NAP1L1,0.40566978,0.0,-1.0
NAP1L2,0.106392786,0.0,-1.0
NAP1L3,0.016321737,0.0,0.0
NAP1L4,0.17424075,0.0,0.0
NAP1L5,0.14151561,0.0,0.0
NAPA,0.28416097,0.0,-1.0
NAPB,0.033191018,0.0,0.0
NAPEPLD,3.5548587e-07,0.0,0.0
NAPG,0.03300439,0.0,0.0
NAPRT,0.046915814,0.0,0.0
NAPSA,0.036103543,0.0,0.0
NARF,0.07554409,0.0,0.0
NARS1,0.18881519,0.0,0.0
NARS2,0.008370054,0.0,0.0
NASP,0.2000067,0.0,0.0
NAT1,0.10170823,0.0,-1.0
NAT10,0.16051172,0.0,-1.0
NAT14,0.003560098,0.0,0.0
NAT16,1.0294982e-05,0.0,0.0
NAT2,0.27357227,0.0,-1.0
NAT8,7.66645e-06,0.0,0.0
NAT8B,0.03378956,0.0,0.0
NAT8L,0.11340748,0.0,-1.0
NAT9,0.038594987,0.0,0.0
NATD1,0.012715643,0.0,0.0
NAV1,0.26555747,0.0,-1.0
NAV2,0.12126276,0.0,0.0
NAV3,0.13989455,0.0,-1.0
NAXD,0.13701901,0.0,0.0
NAXE,0.08561729,0.0,0.0
NBAS,0.06514474,0.0,0.0
NBEA,0.10077379,0.0,1.0
NBEAL1,0.13366616,0.0,0.0
NBEAL2,0.09774025,0.0,-1.0
NBN,0.5752989,1.0,1.0
NBPF1,0.00014931297,0.0,-1.0
NBPF10,0.0038036704,0.0,0.0
NBPF11,0.0153467115,0.0,0.0
NBPF12,2.5404914e-05,0.0,0.0
NBPF14,5.1961825e-07,0.0,0.0
NBPF15,0.0073323934,0.0,0.0
NBPF3,0.00013718213,0.0,0.0
NBPF9,1.5553968e-06,0.0,0.0
NBR1,0.20967399,0.0,-1.0
NCALD,0.03737749,0.0,0.0
NCAM1,0.00046866573,0.0,0.0
NCAM2,0.07587466,0.0,-1.0
NCAN,0.14919384,0.0,0.0
NCAPD2,0.5140974,1.0,-1.0
NCAPD3,0.3171789,0.0,-1.0
NCAPG,0.56740993,1.0,-1.0
NCAPG2,0.16275182,0.0,-1.0
NCAPH,0.3901596,0.0,0.0
NCAPH2,0.22987968,0.0,-1.0
NCBP1,0.16157928,0.0,-1.0
NCBP2,0.09486312,0.0,0.0
NCBP2AS2,0.06891355,0.0,0.0
NCBP3,0.07920449,0.0,0.0
NCCRP1,0.27480155,0.0,0.0
NCDN,0.09739232,0.0,0.0
NCEH1,0.10323226,0.0,0.0
NCF1,0.7932584,1.0,-1.0
NCF2,0.34956142,0.0,-1.0
NCF4,0.09495476,0.0,-1.0
NCK1,0.98686224,1.0,-1.0
NCK2,0.7455036,1.0,0.0
NCKAP1,0.68520063,1.0,0.0
NCKAP1L,0.33047915,0.0,0.0
NCKAP5,0.58524483,1.0,0.0
NCKAP5L,0.09370194,0.0,0.0
NCKIPSD,0.3663903,0.0,-1.0
NCL,0.5367993,1.0,0.0
NCLN,0.044510707,0.0,0.0
NCOA1,0.9028072,1.0,1.0
NCOA2,0.54035944,1.0,1.0
NCOA3,0.8367183,1.0,1.0
NCOA4,0.2769465,0.0,1.0
NCOA5,0.3530683,0.0,0.0
NCOA6,0.88640827,1.0,-1.0
NCOA7,0.06256465,0.0,0.0
NCOR1,0.92981607,1.0,1.0
NCOR2,0.92009443,1.0,1.0
NCR1,0.03550793,0.0,0.0
NCR2,0.70251936,1.0,-1.0
NCR3,0.06891587,0.0,0.0
NCR3LG1,0.08691117,0.0,0.0
NCS1,0.07279371,0.0,0.0
NCSTN,0.42357516,0.0,1.0
NDC1,0.031852048,0.0,0.0
NDC80,0.3860415,0.0,-1.0
NDE1,0.4430431,0.0,-1.0
NDEL1,0.4155722,0.0,-1.0
NDFIP1,0.0018101811,0.0,0.0
NDFIP2,0.1252039,0.0,0.0
NDN,0.15273742,0.0,0.0
NDOR1,0.054012872,0.0,0.0
NDP,0.4372382,0.0,0.0
NDRG1,0.19189765,0.0,1.0
NDRG2,0.22008099,0.0,-1.0
NDRG3,0.011671412,0.0,0.0
NDRG4,0.011667628,0.0,0.0
NDST1,0.3247334,0.0,0.0
NDST2,0.13936262,0.0,0.0
NDUFA1,0.001856224,0.0,0.0
NDUFA10,0.10319934,0.0,0.0
NDUFA11,0.008894151,0.0,0.0
NDUFA12,0.0053330753,0.0,0.0
NDUFA13,0.06269135,0.0,-1.0
NDUFA2,0.010181313,0.0,0.0
NDUFA3,0.0012165845,0.0,0.0
NDUFA4,0.049177278,0.0,0.0
NDUFA4L2,0.033391587,0.0,0.0
NDUFA5,0.018841406,0.0,-1.0
NDUFA6,0.040463448,0.0,0.0
NDUFA7,0.013229624,0.0,0.0
NDUFA8,0.010635002,0.0,0.0
NDUFA9,0.039105285,0.0,0.0
NDUFAB1,0.00036427617,0.0,0.0
NDUFAF1,0.0009537048,0.0,0.0
NDUFAF2,0.021331614,0.0,0.0
NDUFAF3,0.04680663,0.0,0.0
NDUFAF4,0.017136805,0.0,0.0
NDUFAF5,0.0030098914,0.0,0.0
NDUFAF7,0.00086207653,0.0,0.0
NDUFAF8,0.005714828,0.0,-1.0
NDUFB1,0.00747286,0.0,0.0
NDUFB10,0.019531796,0.0,0.0
NDUFB11,0.006706937,0.0,0.0
NDUFB2,0.00083211117,0.0,-1.0
NDUFB3,0.0009845317,0.0,0.0
NDUFB4,0.02629064,0.0,0.0
NDUFB5,0.032993946,0.0,0.0
NDUFB6,0.0010616038,0.0,0.0
NDUFB7,0.009471056,0.0,0.0
NDUFB8,0.0072035417,0.0,0.0
NDUFB9,0.029786024,0.0,-1.0
NDUFC1,0.0008840157,0.0,0.0
NDUFC2,0.00017040322,0.0,0.0
NDUFS1,0.04291264,0.0,0.0
NDUFS2,0.01313705,0.0,0.0
NDUFS3,0.05149775,0.0,0.0
NDUFS4,0.008501591,0.0,0.0
NDUFS5,0.04319587,0.0,0.0
NDUFS6,0.009472944,0.0,0.0
NDUFS7,0.0018679084,0.0,-1.0
NDUFS8,0.02696315,0.0,-1.0
NDUFV1,0.041657932,0.0,-1.0
NDUFV2,0.03505657,0.0,-1.0
NDUFV3,0.017846834,0.0,0.0
NEB,0.82662904,1.0,-1.0
NEBL,0.28282872,0.0,-1.0
NECAB1,0.007718362,0.0,0.0
NECAB2,0.049625523,0.0,0.0
NECAB3,0.010452152,0.0,0.0
NECAP1,0.14090998,0.0,0.0
NECAP2,0.20663388,0.0,0.0
NECTIN1,0.008975995,0.0,-1.0
NECTIN2,0.13026924,0.0,0.0
NECTIN3,0.085645884,0.0,0.0
NECTIN4,1.3147517e-05,0.0,-1.0
NEDD1,0.24193953,0.0,0.0
NEDD4,0.7991912,1.0,-1.0
NEDD4L,0.013940842,0.0,0.0
NEDD8,0.20929155,0.0,0.0
NEDD8-MDP1,2.6054326e-07,0.0,0.0
NEDD9,0.76777667,1.0,0.0
NEFH,0.35355115,0.0,-1.0
NEFL,0.6037725,1.0,-1.0
NEFM,0.15340057,0.0,0.0
NEGR1,0.49230355,0.0,-1.0
NEIL1,0.0024045215,0.0,-1.0
NEIL2,0.037522867,0.0,0.0
NEIL3,0.10963331,0.0,0.0
NEK1,0.09538034,0.0,-1.0
NEK10,0.28242955,0.0,0.0
NEK11,0.048503924,0.0,0.0
NEK2,0.23946042,0.0,-1.0
NEK3,0.07321237,0.0,0.0
NEK4,0.24000445,0.0,0.0
NEK5,0.00022685924,0.0,0.0
NEK6,0.6178163,1.0,0.0
NEK7,0.0403547,0.0,0.0
NEK8,0.28046295,0.0,0.0
NEK9,0.21937884,0.0,0.0
NELFA,0.1608954,0.0,0.0
NELFB,0.16830888,0.0,0.0
NELFCD,0.30274698,0.0,-1.0
NELFE,0.03618296,0.0,-1.0
NELL1,0.51031476,1.0,0.0
NELL2,0.38594565,0.0,0.0
NEMF,0.07612855,0.0,0.0
NEMP1,0.15387227,0.0,0.0
NENF,0.032096107,0.0,0.0
NEO1,0.0042357408,0.0,0.0
NEPRO,0.0626767,0.0,0.0
NES,0.2719422,0.0,-1.0
NET1,0.19228816,0.0,-1.0
NETO1,5.419141e-08,0.0,-1.0
NETO2,0.08445488,0.0,-1.0
NEU1,0.09088702,0.0,-1.0
NEU2,0.08488773,0.0,0.0
NEU3,0.02542926,0.0,-1.0
NEU4,0.036297087,0.0,0.0
NEURL1,0.014994319,0.0,-1.0
NEURL2,0.005629475,0.0,0.0
NEURL3,9.610664e-05,0.0,-1.0
NEURL4,0.20756382,0.0,-1.0
NEUROD1,0.7605211,1.0,-1.0
NEUROD2,0.40618536,0.0,0.0
NEUROD4,3.978303e-06,0.0,0.0
NEUROD6,7.0991185e-11,0.0,0.0
NEUROG1,0.117606774,0.0,0.0
NEUROG2,0.00022250247,0.0,-1.0
NEUROG3,0.01246682,0.0,-1.0
NEXMIF,0.00010041702,0.0,0.0
NEXN,0.33538592,0.0,-1.0
NF1,0.60447717,1.0,1.0
NF2,0.6065066,1.0,1.0
NFAM1,0.05805778,0.0,0.0
NFASC,0.0036891147,0.0,0.0
NFAT5,0.24107468,0.0,-1.0
NFATC1,0.8682277,1.0,-1.0
NFATC2,0.8507145,1.0,1.0
NFATC2IP,0.056829683,0.0,0.0
NFATC3,0.30799437,0.0,-1.0
NFATC4,0.56388015,1.0,-1.0
NFE2,0.8285201,1.0,1.0
NFE2L1,0.5513034,1.0,0.0
NFE2L2,0.8823605,1.0,1.0
NFE2L3,0.6282856,1.0,-1.0
NFE4,0.010051937,0.0,0.0
NFIA,0.62161446,1.0,0.0
NFIB,0.20063187,0.0,1.0
NFIC,0.80936277,1.0,-1.0
NFIL3,0.39142042,0.0,0.0
NFIX,0.82715535,1.0,-1.0
NFKB1,0.9064654,1.0,-1.0
NFKB2,0.4967871,0.0,1.0
NFKBIA,0.814236,1.0,1.0
NFKBIB,0.13934992,0.0,-1.0
NFKBID,0.040600635,0.0,0.0
NFKBIE,0.23271897,0.0,1.0
NFKBIL1,0.011292177,0.0,-1.0
NFKBIZ,0.13917275,0.0,-1.0
NFRKB,0.16133195,0.0,0.0
NFS1,0.117650166,0.0,0.0
NFU1,0.020820027,0.0,0.0
NFX1,0.20681188,0.0,0.0
NFXL1,0.069895595,0.0,0.0
NFYA,0.72530645,1.0,0.0
NFYB,0.31821504,0.0,0.0
NFYC,0.8417612,1.0,0.0
NGB,0.115346365,0.0,0.0
NGDN,0.055894677,0.0,0.0
NGEF,0.19790265,0.0,-1.0
NGF,0.69717306,1.0,-1.0
NGFR,0.73022705,1.0,-1.0
NGLY1,0.062008243,0.0,0.0
NGRN,0.012980407,0.0,0.0
NHEJ1,0.10658704,0.0,-1.0
NHLH1,0.05549333,0.0,0.0
NHLH2,0.08045717,0.0,0.0
NHLRC1,8.748206e-05,0.0,-1.0
NHLRC2,0.023583528,0.0,0.0
NHLRC3,0.0013449007,0.0,0.0
NHP2,0.145308,0.0,-1.0
NHS,0.2887923,0.0,0.0
NHSL1,0.29992032,0.0,0.0
NHSL2,0.07594591,0.0,0.0
NIBAN1,0.093728416,0.0,0.0
NIBAN2,0.09005141,0.0,0.0
NIBAN3,5.7727897e-07,0.0,0.0
NICN1,5.1922816e-06,0.0,0.0
NID1,0.7235932,1.0,-1.0
NID2,0.32266575,0.0,0.0
NIF3L1,0.08000783,0.0,0.0
NIFK,0.10620235,0.0,0.0
NIM1K,6.5674213e-09,0.0,0.0
NIN,0.17250434,0.0,1.0
NINJ1,0.0045151887,0.0,0.0
NINJ2,0.0025348135,0.0,0.0
NINL,0.41152638,0.0,0.0
NIP7,0.04487,0.0,0.0
NIPAL3,3.1759333e-05,0.0,0.0
NIPAL4,3.7013995e-06,0.0,0.0
NIPBL,0.04887016,0.0,-1.0
NIPSNAP1,0.033648137,0.0,0.0
NIPSNAP2,0.16740762,0.0,0.0
NIPSNAP3A,0.012053286,0.0,0.0
NISCH,0.5072141,1.0,0.0
NIT1,0.0131093785,0.0,0.0
NIT2,0.16198683,0.0,0.0
NKAP,0.17077677,0.0,0.0
NKAPD1,0.1447139,0.0,0.0
NKAPL,0.016515447,0.0,0.0
NKD1,0.0037408348,0.0,-1.0
NKD2,0.086442344,0.0,-1.0
NKG7,0.022020394,0.0,0.0
NKIRAS1,0.07854549,0.0,0.0
NKIRAS2,0.040422596,0.0,0.0
NKRF,0.12245278,0.0,0.0
NKTR,0.10398834,0.0,-1.0
NKX2-1,0.7796016,1.0,1.0
NKX2-2,0.686031,1.0,-1.0
NKX2-3,0.01903483,0.0,-1.0
NKX2-4,0.19043505,0.0,0.0
NKX2-5,0.90611523,1.0,-1.0
NKX3-1,0.15672028,0.0,1.0
NKX3-2,0.29919216,0.0,0.0
NKX6-1,0.39113116,0.0,0.0
NLE1,0.10352986,0.0,-1.0
NLGN1,0.22602147,0.0,0.0
NLGN2,0.028201764,0.0,0.0
NLGN3,0.00026525103,0.0,0.0
NLGN4X,0.09391551,0.0,-1.0
NLK,0.044568162,0.0,-1.0
NLN,0.13605253,0.0,-1.0
NLRC3,0.039815634,0.0,0.0
NLRC4,0.19732217,0.0,-1.0
NLRC5,0.11377881,0.0,-1.0
NLRP1,0.009859633,0.0,-1.0
NLRP10,0.19009691,0.0,0.0
NLRP12,0.26883093,0.0,-1.0
NLRP13,1.5443703e-06,0.0,0.0
NLRP14,0.050223988,0.0,0.0
NLRP2,0.09740058,0.0,-1.0
NLRP3,0.28288123,0.0,-1.0
NLRP4,0.08217377,0.0,0.0
NLRP5,0.08784697,0.0,-1.0
NLRP7,0.12229399,0.0,-1.0
NLRP9,0.060296588,0.0,0.0
NLRX1,0.11977488,0.0,0.0
NMB,1.711403e-06,0.0,0.0
NMBR,1.1270417e-08,0.0,-1.0
NMD3,0.10438947,0.0,0.0
NME1,0.32124618,0.0,-1.0
NME2,0.5016445,1.0,0.0
NME3,0.031216415,0.0,-1.0
NME4,0.07581488,0.0,0.0
NME5,7.868907e-06,0.0,0.0
NME6,0.0016006373,0.0,0.0
NME7,0.179144,0.0,0.0
NME8,0.0048139906,0.0,-1.0
NMI,0.3755477,0.0,0.0
NMNAT1,0.056477632,0.0,0.0
NMNAT2,5.0523784e-05,0.0,0.0
NMNAT3,0.00024312064,0.0,0.0
NMRAL1,0.032570876,0.0,0.0
NMRK1,8.500821e-05,0.0,0.0
NMRK2,0.09610353,0.0,-1.0
NMS,3.321175e-20,0.0,0.0
NMT1,0.1345325,0.0,-1.0
NMT2,0.033130307,0.0,0.0
NMU,3.3109682e-08,0.0,0.0
NMUR1,1.552756e-18,0.0,0.0
NMUR2,5.2557984e-12,0.0,-1.0
NNAT,8.853801e-08,0.0,0.0
NNMT,0.049603947,0.0,-1.0
NNT,0.14007801,0.0,0.0
NOA1,0.073996596,0.0,0.0
NOB1,0.054817654,0.0,0.0
NOC2L,0.2803541,0.0,-1.0
NOC3L,0.083113454,0.0,0.0
NOC4L,0.108396456,0.0,0.0
NOCT,0.009899905,0.0,0.0
NOD1,0.17256905,0.0,-1.0
NOD2,0.0988565,0.0,-1.0
NODAL,0.3993019,0.0,-1.0
NOG,0.013070847,0.0,-1.0
NOL10,0.057008393,0.0,0.0
NOL11,0.06770746,0.0,0.0
NOL12,0.029927656,0.0,0.0
NOL3,0.09169582,0.0,-1.0
NOL4,0.020695757,0.0,0.0
NOL4L,0.0029260404,0.0,0.0
NOL6,0.07332832,0.0,0.0
NOL7,0.0433911,0.0,0.0
NOL8,0.08632944,0.0,0.0
NOL9,0.16737679,0.0,-1.0
NOLC1,0.5292504,1.0,0.0
NOM1,0.09645118,0.0,0.0
NOMO1,0.12807938,0.0,0.0
NOMO2,0.11768236,0.0,0.0
NOMO3,0.08929258,0.0,0.0
NONO,0.3898464,0.0,1.0
NOP10,0.07680494,0.0,-1.0
NOP14,0.103383355,0.0,0.0
NOP16,0.046296384,0.0,0.0
NOP2,0.1471587,0.0,0.0
NOP53,0.048953053,0.0,-1.0
NOP56,0.13971567,0.0,-1.0
NOP58,0.11157848,0.0,-1.0
NOP9,0.13884392,0.0,0.0
NOPCHAP1,0.0790404,0.0,0.0
NOS1,0.71874934,1.0,-1.0
NOS1AP,0.21647556,0.0,0.0
NOS2,0.41404605,0.0,-1.0
NOS3,0.45646974,0.0,0.0
NOSIP,0.13834897,0.0,0.0
NOSTRIN,0.257927,0.0,0.0
NOTCH1,0.8436913,1.0,1.0
NOTCH2,0.6020223,1.0,1.0
NOTCH3,0.343319,0.0,1.0
NOTCH4,0.5007985,1.0,1.0
NOTUM,0.000538061,0.0,-1.0
NOVA1,0.60194093,1.0,-1.0
NOVA2,0.33103216,0.0,0.0
NOX1,0.033967197,0.0,0.0
NOX4,0.16130826,0.0,-1.0
NOX5,0.012085313,0.0,0.0
NOXA1,0.22212194,0.0,-1.0
NOXO1,0.029056352,0.0,0.0
NOXRED1,8.517134e-12,0.0,0.0
NPAS1,0.003966294,0.0,0.0
NPAS2,0.31438962,0.0,0.0
NPAS3,0.12913808,0.0,-1.0
NPAS4,0.0097519085,0.0,0.0
NPAT,0.21085177,0.0,-1.0
NPB,1.1974093e-08,0.0,0.0
NPBWR1,2.1716591e-08,0.0,0.0
NPBWR2,0.00012066679,0.0,0.0
NPC1,0.06237734,0.0,-1.0
NPC1L1,9.210387e-05,0.0,0.0
NPC2,0.0145804,0.0,-1.0
NPDC1,0.0047202623,0.0,0.0
NPEPL1,0.032542083,0.0,0.0
NPEPPS,0.15799013,0.0,0.0
NPFF,6.2440126e-15,0.0,0.0
NPFFR1,4.2554216e-20,0.0,0.0
NPFFR2,5.009091e-10,0.0,0.0
NPHP1,0.17578049,0.0,-1.0
NPHP3,0.0072174272,0.0,0.0
NPHP4,0.14730988,0.0,0.0
NPHS1,0.30067492,0.0,-1.0
NPHS2,0.35843098,0.0,-1.0
NPIPA1,0.0031108991,0.0,0.0
NPIPA7,9.147498e-05,0.0,0.0
NPIPB13,0.014649021,0.0,0.0
NPIPB3,1.7748982e-07,0.0,0.0
NPL,0.0075787366,0.0,0.0
NPLOC4,0.3164125,0.0,0.0
NPM1,0.683118,1.0,1.0
NPM2,0.010816203,0.0,0.0
NPM3,0.05749298,0.0,0.0
NPNT,0.035627957,0.0,-1.0
NPPA,0.60733193,1.0,-1.0
NPPB,0.2612384,0.0,0.0
NPPC,0.119463585,0.0,0.0
NPR1,0.04601332,0.0,0.0
NPR2,0.11065818,0.0,0.0
NPR3,0.18487614,0.0,-1.0
NPRL2,0.20784996,0.0,0.0
NPRL3,0.11179052,0.0,0.0
NPS,5.766551e-32,0.0,0.0
NPSR1,5.766551e-32,0.0,0.0
NPTN,0.44872564,0.0,0.0
NPTX1,0.02327607,0.0,0.0
NPTX2,4.424778e-09,0.0,0.0
NPTXR,4.424778e-09,0.0,0.0
NPVF,0.18167214,0.0,0.0
NPW,9.745663e-07,0.0,0.0
NPY,0.26941386,0.0,-1.0
NPY1R,0.00023070592,0.0,-1.0
NPY2R,0.00068386557,0.0,0.0
NPY5R,0.000803319,0.0,0.0
NQO1,0.03316188,0.0,-1.0
NQO2,0.564026,1.0,0.0
NR0B1,0.7385452,1.0,-1.0
NR0B2,0.93603575,1.0,-1.0
NR1D1,0.22511557,0.0,0.0
NR1D2,0.052339923,0.0,-1.0
NR1H2,0.44749635,0.0,0.0
NR1H3,0.35034382,0.0,0.0
NR1H4,0.5424714,1.0,-1.0
NR1I2,0.686257,1.0,-1.0
NR1I3,0.4979585,0.0,0.0
NR2C1,0.15511635,0.0,0.0
NR2C2,0.6021548,1.0,-1.0
NR2C2AP,0.020326562,0.0,0.0
NR2E1,0.2514717,0.0,0.0
NR2E3,0.28137964,0.0,-1.0
NR2F1,0.8435797,1.0,-1.0
NR2F2,0.85633135,1.0,0.0
NR2F6,0.021045107,0.0,-1.0
NR3C1,0.9622814,1.0,-1.0
NR3C2,0.49114904,0.0,-1.0
NR4A1,0.24250698,0.0,-1.0
NR4A2,0.27644378,0.0,-1.0
NR4A3,0.3706646,0.0,1.0
NR5A1,0.83147746,1.0,-1.0
NR5A2,0.68747586,1.0,0.0
NR6A1,0.0644706,0.0,0.0
NRAP,0.09836238,0.0,0.0
NRARP,0.0061691585,0.0,0.0
NRAS,0.96602863,1.0,1.0
NRBF2,0.13497718,0.0,0.0
NRBP1,0.111347415,0.0,0.0
NRBP2,0.13706551,0.0,0.0
NRCAM,0.18165171,0.0,-1.0
NRDC,0.12504968,0.0,0.0
NRDE2,0.06714085,0.0,0.0
NREP,0.13603646,0.0,0.0
NRF1,0.71203923,1.0,-1.0
NRG1,0.801031,1.0,1.0
NRG2,0.45618865,0.0,-1.0
NRG3,0.4493495,0.0,-1.0
NRG4,0.43848673,0.0,-1.0
NRGN,0.123164535,0.0,0.0
NRIP1,0.7650078,1.0,-1.0
NRIP2,0.32818645,0.0,0.0
NRIP3,0.011950036,0.0,0.0
NRK,0.10227594,0.0,-1.0
NRL,0.0025823982,0.0,-1.0
NRM,0.003979865,0.0,0.0
NRP1,0.33980963,0.0,-1.0
NRP2,0.19642702,0.0,-1.0
NRROS,1.813284e-07,0.0,0.0
NRSN1,2.3932234e-10,0.0,0.0
NRSN2,0.023634935,0.0,0.0
NRTN,1.2097614e-07,0.0,0.0
NRXN1,0.00983546,0.0,0.0
NRXN2,0.048469737,0.0,-1.0
NRXN3,0.14266595,0.0,-1.0
NSA2,0.08625383,0.0,0.0
NSD1,0.60040313,1.0,1.0
NSD2,0.05567708,0.0,1.0
NSD3,0.49844512,0.0,1.0
NSDHL,0.10675852,0.0,0.0
NSF,0.85018754,1.0,0.0
NSFL1C,0.22403389,0.0,0.0
NSG1,0.04719072,0.0,0.0
NSG2,0.002845417,0.0,0.0
NSL1,0.12125903,0.0,0.0
NSMAF,0.1327289,0.0,-1.0
NSMCE1,0.110899314,0.0,0.0
NSMCE2,0.25824964,0.0,-1.0
NSMCE3,0.11529412,0.0,0.0
NSMCE4A,0.15096088,0.0,0.0
NSMF,0.015378715,0.0,-1.0
NSRP1,0.105048634,0.0,-1.0
NSUN2,0.1504303,0.0,0.0
NSUN4,0.24653155,0.0,0.0
NSUN5,0.09795272,0.0,0.0
NSUN6,0.0921882,0.0,-1.0
NSUN7,2.4200728e-05,0.0,0.0
NT5C,2.5157604e-07,0.0,0.0
NT5C1A,0.010972086,0.0,0.0
NT5C1B-RDH14,5.570805e-10,0.0,0.0
NT5C2,0.13590907,0.0,1.0
NT5C3A,0.050975155,0.0,-1.0
NT5C3B,0.044151366,0.0,0.0
NT5DC1,0.07670321,0.0,0.0
NT5DC2,0.08736311,0.0,0.0
NT5DC3,0.039842796,0.0,0.0
NT5DC4,0.00016936165,0.0,0.0
NT5E,0.17099047,0.0,-1.0
NTAN1,0.0003828295,0.0,0.0
NTAQ1,0.02243278,0.0,0.0
NTF3,0.5253395,1.0,0.0
NTF4,0.45850068,0.0,-1.0
NTHL1,0.05444718,0.0,1.0
NTM,0.40771988,0.0,0.0
NTMT1,0.04584974,0.0,0.0
NTN1,0.1272046,0.0,-1.0
NTN3,0.0002080338,0.0,0.0
NTN4,0.073777966,0.0,-1.0
NTNG1,5.108968e-05,0.0,0.0
NTNG2,0.023738706,0.0,0.0
NTPCR,0.13141279,0.0,0.0
NTRK1,0.98971814,1.0,1.0
NTRK2,0.7366475,1.0,1.0
NTRK3,0.63887894,1.0,1.0
NTS,3.618354e-07,0.0,0.0
NTSR1,8.04451e-07,0.0,-1.0
NTSR2,9.891394e-13,0.0,0.0
NUAK1,0.20453618,0.0,-1.0
NUAK2,0.14008164,0.0,0.0
NUB1,0.105751224,0.0,0.0
NUBP1,0.0046988945,0.0,-1.0
NUBP2,0.047267877,0.0,0.0
NUBPL,0.0075972616,0.0,-1.0
NUCB1,0.38432416,0.0,0.0
NUCB2,0.016130775,0.0,0.0
NUCKS1,0.06942949,0.0,0.0
NUDC,0.20001264,0.0,0.0
NUDCD1,0.13241525,0.0,0.0
NUDCD2,0.1494006,0.0,0.0
NUDCD3,0.1560568,0.0,0.0
NUDT1,0.042807262,0.0,0.0
NUDT10,0.014688719,0.0,-1.0
NUDT11,0.00023361159,0.0,-1.0
NUDT12,0.017861165,0.0,0.0
NUDT13,0.016672097,0.0,0.0
NUDT14,0.026408253,0.0,-1.0
NUDT15,4.1965855e-06,0.0,0.0
NUDT18,0.11690808,0.0,0.0
NUDT19,0.05442017,0.0,0.0
NUDT2,0.14841308,0.0,0.0
NUDT21,0.29772604,0.0,0.0
NUDT22,0.0039084195,0.0,0.0
NUDT3,0.031871878,0.0,0.0
NUDT4,2.755027e-05,0.0,0.0
NUDT5,0.13071504,0.0,0.0
NUDT6,0.02841379,0.0,-1.0
NUDT7,0.045720108,0.0,0.0
NUDT8,1.027241e-07,0.0,0.0
NUDT9,0.04214328,0.0,0.0
NUF2,0.39596212,0.0,1.0
NUFIP1,0.018110376,0.0,0.0
NUFIP2,0.14648637,0.0,0.0
NUMA1,0.5800203,1.0,1.0
NUMB,0.3301524,0.0,-1.0
NUMBL,0.22910838,0.0,0.0
NUP107,0.7001408,1.0,-1.0
NUP133,0.42744032,0.0,-1.0
NUP153,0.445499,0.0,0.0
NUP155,0.15707752,0.0,0.0
NUP160,0.43609345,0.0,0.0
NUP188,0.17542735,0.0,0.0
NUP205,0.25361973,0.0,0.0
NUP210,0.0846838,0.0,0.0
NUP210L,1.0957581e-14,0.0,-1.0
NUP214,0.18347616,0.0,1.0
NUP35,0.08670253,0.0,0.0
NUP37,0.10440799,0.0,0.0
NUP42,0.11239747,0.0,0.0
NUP43,0.003868478,0.0,0.0
NUP50,0.36310145,0.0,-1.0
NUP54,0.137101,0.0,-1.0
NUP58,0.20009376,0.0,0.0
NUP62,0.54988563,1.0,-1.0
NUP62CL,0.0059928577,0.0,0.0
NUP85,0.30593523,0.0,-1.0
NUP88,0.20248498,0.0,0.0
NUP93,0.30014312,0.0,-1.0
NUP98,0.5991723,1.0,1.0
NUPR1,0.0029972459,0.0,-1.0
NUS1,0.0034385484,0.0,0.0
NUSAP1,0.16771224,0.0,0.0
NUTF2,0.0596697,0.0,0.0
NUTM1,0.32498756,0.0,1.0
NUTM2B,1.19193864e-07,0.0,1.0
NUTM2F,0.012103806,0.0,0.0
NVL,0.07429466,0.0,0.0
NWD1,2.3793069e-05,0.0,0.0
NXF1,0.15459637,0.0,-1.0
NXF2,0.010017367,0.0,0.0
NXF3,0.01026242,0.0,0.0
NXF5,0.0073609464,0.0,-1.0
NXN,0.31603742,0.0,0.0
NXNL1,0.01450677,0.0,0.0
NXNL2,3.867196e-11,0.0,0.0
NXPE2,0.027450426,0.0,0.0
NXPE3,0.00066340837,0.0,0.0
NXPE4,0.2011754,0.0,0.0
NXPH1,0.0002626607,0.0,0.0
NXPH2,0.19006598,0.0,0.0
NXPH3,0.03468583,0.0,0.0
NXPH4,0.0010936284,0.0,0.0
NXT1,0.014137983,0.0,0.0
NXT2,0.018457236,0.0,0.0
NYAP1,1.0103992e-07,0.0,0.0
NYAP2,0.50339955,1.0,0.0
NYNRIN,0.1311231,0.0,0.0
NYX,0.00014691196,0.0,-1.0
OAF,0.0017116275,0.0,0.0
OARD1,0.13363448,0.0,0.0
OAS1,0.03457905,0.0,0.0
OAS2,0.0016547771,0.0,0.0
OAS3,0.03417196,0.0,0.0
OASL,0.1455118,0.0,0.0
OAT,0.16175401,0.0,-1.0
OAZ1,0.0029901469,0.0,0.0
OAZ2,0.00029446598,0.0,0.0
OAZ3,5.210407e-06,0.0,0.0
OBI1,0.34756333,0.0,-1.0
OBP2A,4.595034e-20,0.0,0.0
OBP2B,1.7422185e-25,0.0,0.0
OBSCN,0.38445368,0.0,-1.0
OBSL1,0.6505249,1.0,0.0
OC90,1.9967182e-16,0.0,0.0
OCA2,7.714663e-12,0.0,-1.0
OCEL1,0.00074224506,0.0,0.0
OCIAD1,0.015629167,0.0,0.0
OCIAD2,0.00051882793,0.0,0.0
OCLN,0.14816277,0.0,-1.0
OCM,0.00010508259,0.0,0.0
OCM2,7.7412515e-05,0.0,0.0
OCRL,0.18747832,0.0,-1.0
ODAD1,0.010464024,0.0,0.0
ODAD2,0.028931424,0.0,0.0
ODAD3,0.023870146,0.0,0.0
ODAD4,0.032317013,0.0,0.0
ODAM,0.00046325338,0.0,-1.0
ODAPH,2.5203708e-05,0.0,0.0
ODC1,0.029256439,0.0,-1.0
ODF1,0.010072846,0.0,0.0
ODF2,0.1480611,0.0,0.0
ODF2L,0.115597144,0.0,0.0
ODF3,2.2579945e-13,0.0,0.0
ODF3B,0.034542024,0.0,0.0
ODF3L1,6.676232e-06,0.0,0.0
ODF3L2,0.02441807,0.0,-1.0
ODF4,2.5477566e-11,0.0,-1.0
ODR4,0.018472508,0.0,0.0
OFCC1,0.10765052,0.0,0.0
OFD1,0.42473415,0.0,-1.0
OGA,0.20723204,0.0,0.0
OGDH,0.14673448,0.0,-1.0
OGDHL,0.07145919,0.0,0.0
OGFOD1,0.015873889,0.0,0.0
OGFOD2,8.5700856e-05,0.0,0.0
OGFOD3,0.00044144012,0.0,0.0
OGFR,0.057446063,0.0,0.0
OGFRL1,3.6250625e-09,0.0,0.0
OGG1,0.06626277,0.0,-1.0
OGN,0.29993808,0.0,0.0
OGT,0.888352,1.0,0.0
OIP5,0.34507164,0.0,0.0
OIT3,0.0098341415,0.0,0.0
OLA1,0.14228109,0.0,0.0
OLFM1,0.053908747,0.0,-1.0
OLFM2,0.051712353,0.0,0.0
OLFM3,0.054035004,0.0,-1.0
OLFM4,0.009223512,0.0,-1.0
OLFML2A,1.7752413e-06,0.0,0.0
OLFML3,0.008598609,0.0,0.0
OLIG1,0.5244332,1.0,-1.0
OLIG2,0.649794,1.0,1.0
OLIG3,0.027069867,0.0,-1.0
OLR1,0.010006181,0.0,-1.0
OMA1,0.0004269398,0.0,-1.0
OMG,1.2605267e-14,0.0,0.0
OMP,0.0034478416,0.0,0.0
ONECUT1,0.77524817,1.0,0.0
ONECUT2,0.12666473,0.0,-1.0
OOSP2,2.5923429e-08,0.0,-1.0
OPA1,0.38836062,0.0,-1.0
OPA3,0.023248812,0.0,-1.0
OPCML,0.2490979,0.0,-1.0
OPHN1,0.008127488,0.0,-1.0
OPLAH,0.00034676283,0.0,0.0
OPN1MW2,0.0001038354,0.0,-1.0
OPN3,0.001571921,0.0,0.0
OPN4,0.0009209926,0.0,0.0
OPRD1,0.50700366,1.0,-1.0
OPRK1,0.21428254,0.0,-1.0
OPRL1,2.0024191e-07,0.0,0.0
OPRM1,0.111826584,0.0,0.0
OPRPN,0.075589694,0.0,0.0
OPTC,0.00179585,0.0,0.0
OPTN,0.27408656,0.0,-1.0
OR10G3,2.797435e-09,0.0,0.0
OR10H3,0.003914894,0.0,0.0
OR10J1,6.423122e-13,0.0,0.0
OR1D2,1.0857797e-07,0.0,0.0
OR1E2,2.0993852e-10,0.0,0.0
OR1G1,6.0441805e-21,0.0,0.0
OR1J2,8.099358e-09,0.0,-1.0
OR2AG1,4.0085835e-10,0.0,0.0
OR2H1,3.489514e-07,0.0,0.0
OR2L13,1.2688027e-18,0.0,-1.0
OR2S2,1.3661551e-05,0.0,0.0
OR2T35,4.1631193e-07,0.0,-1.0
OR2T6,0.15259102,0.0,0.0
OR2W1,5.933682e-06,0.0,0.0
OR3A1,1.0941027e-09,0.0,0.0
OR3A2,0.16210826,0.0,0.0
OR4C12,9.176429e-12,0.0,0.0
OR4D6,0.00075929536,0.0,0.0
OR4S2,0.026870135,0.0,0.0
OR4X1,7.599058e-05,0.0,0.0
OR51B4,1.6509445e-13,0.0,0.0
OR51B6,1.20050385e-11,0.0,0.0
OR51E1,7.1879025e-10,0.0,0.0
OR51E2,0.053369425,0.0,0.0
OR5A1,2.2010202e-06,0.0,0.0
OR5F1,0.0011953573,0.0,0.0
OR5H6,0.006936608,0.0,0.0
OR5T1,0.00040713238,0.0,0.0
OR6B3,2.9290637e-05,0.0,0.0
OR6C70,2.5842203e-06,0.0,0.0
OR7A5,3.636274e-09,0.0,0.0
OR7C1,3.3104341e-10,0.0,0.0
OR7C2,5.415829e-07,0.0,0.0
OR7G3,1.4066909e-11,0.0,-1.0
OR8B2,1.6899618e-06,0.0,0.0
OR8B3,4.4263075e-08,0.0,0.0
OR8D2,0.15259102,0.0,0.0
OR8D4,2.0069443e-07,0.0,0.0
OR8H2,9.429571e-06,0.0,0.0
ORAI1,3.097018e-07,0.0,0.0
ORAI2,0.047301874,0.0,-1.0
ORAI3,0.0024295708,0.0,-1.0
ORC1,0.15551889,0.0,-1.0
ORC2,0.7135391,1.0,0.0
ORC3,0.5803313,1.0,0.0
ORC4,0.47951314,0.0,0.0
ORC5,0.081749715,0.0,0.0
ORC6,0.062502764,0.0,0.0
ORM1,0.010161084,0.0,0.0
ORM2,0.0034222663,0.0,0.0
ORMDL1,0.047602832,0.0,0.0
ORMDL2,0.00617232,0.0,0.0
ORMDL3,0.006757688,0.0,-1.0
OS9,0.38840637,0.0,-1.0
OSBP,0.059528995,0.0,0.0
OSBP2,0.10874875,0.0,-1.0
OSBPL10,0.038888182,0.0,0.0
OSBPL11,0.05995811,0.0,0.0
OSBPL1A,0.087067656,0.0,0.0
OSBPL2,0.13025002,0.0,0.0
OSBPL3,0.28648114,0.0,-1.0
OSBPL5,0.2954118,0.0,0.0
OSBPL6,0.26184836,0.0,0.0
OSBPL8,0.02704633,0.0,-1.0
OSBPL9,0.04814914,0.0,0.0
OSCAR,3.783587e-09,0.0,0.0
OSCP1,0.0010828612,0.0,0.0
OSER1,0.00011683933,0.0,0.0
OSGEP,0.119360335,0.0,0.0
OSGIN1,0.3983943,0.0,-1.0
OSM,0.011562693,0.0,0.0
OSMR,0.29527313,0.0,-1.0
OSR1,0.08385679,0.0,0.0
OSR2,2.882681e-05,0.0,-1.0
OST4,2.5295909e-05,0.0,0.0
OSTC,0.038648576,0.0,0.0
OSTF1,0.31294793,0.0,0.0
OSTM1,0.09632197,0.0,-1.0
OTC,2.0137123e-11,0.0,-1.0
OTOF,0.032094255,0.0,-1.0
OTOG,2.42296e-09,0.0,0.0
OTOP2,4.885033e-11,0.0,0.0
OTOS,0.00016602913,0.0,0.0
OTP,1.956024e-11,0.0,0.0
OTUB1,0.20938665,0.0,0.0
OTUB2,0.15154232,0.0,0.0
OTUD1,0.04999386,0.0,0.0
OTUD3,0.0021190734,0.0,-1.0
OTUD4,0.03597776,0.0,0.0
OTUD5,0.04034294,0.0,-1.0
OTUD6A,0.012354781,0.0,0.0
OTUD6B,0.015235731,0.0,0.0
OTUD7A,0.050203606,0.0,-1.0
OTUD7B,0.23288064,0.0,0.0
OTULIN,0.09729194,0.0,0.0
OTX1,5.332411e-06,0.0,0.0
OTX2,0.31350997,0.0,-1.0
OVCA2,0.0026025553,0.0,0.0
OVGP1,1.3724143e-07,0.0,0.0
OVOL1,0.0083971685,0.0,0.0
OVOL2,9.320752e-10,0.0,0.0
OXA1L,0.022317303,0.0,-1.0
OXCT1,0.035123542,0.0,0.0
OXCT2,0.020925129,0.0,-1.0
OXLD1,0.000305783,0.0,0.0
OXNAD1,0.0010581772,0.0,-1.0
OXR1,0.105847426,0.0,0.0
OXSM,0.07400603,0.0,0.0
OXSR1,0.042302575,0.0,0.0
OXT,0.44788954,0.0,0.0
OXTR,0.010939421,0.0,0.0
P2RX1,5.3135415e-28,0.0,0.0
P2RX2,9.8700705e-26,0.0,0.0
P2RX3,1.5137164e-19,0.0,0.0
P2RX4,0.024243139,0.0,0.0
P2RX5,2.9173365e-15,0.0,0.0
P2RX6,0.0071696998,0.0,0.0
P2RX7,0.016369516,0.0,-1.0
P2RY1,0.0035795828,0.0,0.0
P2RY11,0.00029462326,0.0,0.0
P2RY12,0.00019679773,0.0,0.0
P2RY13,5.8125256e-06,0.0,0.0
P2RY14,0.018343406,0.0,-1.0
P2RY2,0.14392398,0.0,0.0
P2RY4,1.4558273e-07,0.0,0.0
P2RY6,0.0015618586,0.0,0.0
P2RY8,0.303256,0.0,1.0
P3H1,0.2531561,0.0,-1.0
P3H2,0.10616298,0.0,0.0
P3H3,0.041991215,0.0,0.0
P3H4,0.05160098,0.0,0.0
P4HA1,0.10192853,0.0,0.0
P4HA2,0.29394618,0.0,0.0
P4HA3,0.10487125,0.0,0.0
P4HB,0.15026666,0.0,0.0
P4HTM,0.10805837,0.0,-1.0
PA2G4,0.29436284,0.0,-1.0
PAAF1,0.12727347,0.0,-1.0
PABIR1,0.13410118,0.0,0.0
PABIR2,0.19147396,0.0,0.0
PABIR3,0.00012180735,0.0,0.0
PABPC1,0.24996255,0.0,1.0
PABPC1L,0.11554043,0.0,-1.0
PABPC3,0.1792027,0.0,0.0
PABPC4,0.14195888,0.0,-1.0
PABPC5,0.09172698,0.0,0.0
PABPN1,0.14152135,0.0,-1.0
PACC1,0.004529524,0.0,0.0
PACRG,0.08806161,0.0,0.0
PACRGL,0.0015948223,0.0,0.0
PACS1,0.18110664,0.0,0.0
PACS2,0.26928917,0.0,-1.0
PACSIN1,0.03939931,0.0,-1.0
PACSIN2,0.12308749,0.0,-1.0
PACSIN3,0.26438302,0.0,0.0
PADI1,0.17092536,0.0,0.0
PADI2,0.0001089421,0.0,-1.0
PADI3,0.03368597,0.0,0.0
PADI4,0.07121626,0.0,-1.0
PADI6,0.12594187,0.0,0.0
PAEP,0.23287986,0.0,-1.0
PAF1,0.27832806,0.0,-1.0
PAFAH1B1,0.17871481,0.0,-1.0
PAFAH1B2,0.52252424,1.0,1.0
PAFAH1B3,0.3967318,0.0,0.0
PAG1,0.77186453,1.0,-1.0
PAGE1,7.461075e-10,0.0,0.0
PAGE2,0.017861491,0.0,0.0
PAGE3,1.0297652e-05,0.0,0.0
PAGE5,0.0007337406,0.0,0.0
PAGR1,0.11963314,0.0,0.0
PAH,0.009027149,0.0,-1.0
PAICS,0.14655969,0.0,-1.0
PAIP1,0.05865568,0.0,-1.0
PAIP2,0.0066289306,0.0,0.0
PAIP2B,0.0012155037,0.0,0.0
PAK1,0.72946316,1.0,1.0
PAK1IP1,0.038619783,0.0,0.0
PAK2,0.6513178,1.0,-1.0
PAK3,0.2008563,0.0,-1.0
PAK4,0.2561782,0.0,-1.0
PAK5,0.060880743,0.0,1.0
PAK6,0.062079992,0.0,-1.0
PALB2,0.6939528,1.0,1.0
PALD1,0.08025727,0.0,0.0
PALLD,0.38735414,0.0,-1.0
PALM,0.16711302,0.0,0.0
PALM2,0.06664662,0.0,0.0
PALM3,0.004154413,0.0,0.0
PALMD,0.12979421,0.0,0.0
PALS1,0.29477856,0.0,-1.0
PALS2,0.38846958,0.0,0.0
PAM,0.064626314,0.0,0.0
PAM16,0.00031285765,0.0,0.0
PAN2,0.45328692,0.0,0.0
PAN3,0.040617436,0.0,-1.0
PANK1,0.008948499,0.0,0.0
PANK2,0.14590225,0.0,-1.0
PANK4,0.19014624,0.0,0.0
PANX1,0.097718686,0.0,0.0
PANX2,3.0759315e-05,0.0,0.0
PANX3,2.4633797e-09,0.0,0.0
PAOX,5.791839e-09,0.0,0.0
PAPLN,4.4498156e-15,0.0,-1.0
PAPOLA,0.15481405,0.0,0.0
PAPOLB,0.00849975,0.0,-1.0
PAPOLG,0.08609809,0.0,0.0
PAPPA,0.052012637,0.0,0.0
PAPPA2,0.04841755,0.0,-1.0
PAPSS1,0.34460646,0.0,0.0
PAPSS2,0.03561736,0.0,0.0
PAQR3,0.02592456,0.0,0.0
PAQR5,0.08696441,0.0,0.0
PAQR6,7.6021736e-16,0.0,0.0
PAQR7,1.5584726e-08,0.0,0.0
PARD3,0.57211107,1.0,-1.0
PARD3B,0.095395386,0.0,-1.0
PARD6A,0.44620907,0.0,0.0
PARD6B,0.36523855,0.0,-1.0
PARD6G,0.23651032,0.0,0.0
PARG,0.0073750606,0.0,0.0
PARK7,0.20996793,0.0,-1.0
PARL,0.022962071,0.0,0.0
PARM1,3.4056733e-08,0.0,0.0
PARN,0.02223138,0.0,0.0
PARP1,0.783368,1.0,1.0
PARP10,0.19712381,0.0,0.0
PARP11,0.03927004,0.0,0.0
PARP12,0.1656525,0.0,0.0
PARP14,0.09922115,0.0,0.0
PARP15,0.0007375586,0.0,0.0
PARP16,0.079728365,0.0,0.0
PARP2,0.16239972,0.0,-1.0
PARP3,0.025994647,0.0,-1.0
PARP4,0.3363104,0.0,-1.0
PARP6,0.012515909,0.0,0.0
PARP8,0.11846084,0.0,0.0
PARP9,0.13934134,0.0,0.0
PARS2,0.17327349,0.0,0.0
PARVA,0.16538723,0.0,0.0
PARVB,0.07764282,0.0,-1.0
PARVG,0.018532224,0.0,-1.0
PASD1,1.2926718e-07,0.0,-1.0
PASK,0.43847132,0.0,-1.0
PATE1,0.002200666,0.0,0.0
PATJ,0.837593,1.0,-1.0
PATL1,0.27436188,0.0,0.0
PATZ1,0.7573362,1.0,1.0
PAWR,0.27383858,0.0,-1.0
PAX1,1.9168965e-05,0.0,0.0
PAX2,0.7733986,1.0,-1.0
PAX3,0.8712592,1.0,1.0
PAX4,0.009544824,0.0,-1.0
PAX5,0.8361463,1.0,1.0
PAX6,0.06521032,0.0,-1.0
PAX7,0.47589374,0.0,1.0
PAX8,0.45065743,0.0,1.0
PAX9,0.62813985,1.0,-1.0
PAXBP1,0.0646149,0.0,0.0
PAXIP1,0.057271082,0.0,0.0
PAXX,0.19859871,0.0,0.0
PBDC1,0.055889707,0.0,0.0
PBK,0.33941147,0.0,0.0
PBLD,0.0055092927,0.0,0.0
PBRM1,0.22839488,0.0,1.0
PBX1,0.9554698,1.0,1.0
PBX2,0.8881747,1.0,-1.0
PBX3,0.85025674,1.0,-1.0
PBX4,0.44070113,0.0,0.0
PBXIP1,0.4498849,0.0,0.0
PC,0.18177703,0.0,-1.0
PCARE,0.003418775,0.0,-1.0
PCBD1,0.12766258,0.0,-1.0
PCBD2,0.2510156,0.0,0.0
PCBP1,0.4369402,0.0,1.0
PCBP2,0.17104065,0.0,-1.0
PCBP3,0.18564677,0.0,-1.0
PCBP4,0.0458609,0.0,0.0
PCCA,0.10568484,0.0,-1.0
PCCB,0.20044431,0.0,-1.0
PCDH1,0.19535024,0.0,0.0
PCDH10,0.20167409,0.0,-1.0
PCDH11X,2.4757851e-14,0.0,-1.0
PCDH11Y,2.4757851e-14,0.0,0.0
PCDH12,1.1193964e-14,0.0,0.0
PCDH15,0.11499891,0.0,-1.0
PCDH17,0.07256091,0.0,-1.0
PCDH18,0.047970757,0.0,-1.0
PCDH19,0.17519316,0.0,0.0
PCDH20,0.21285285,0.0,0.0
PCDH7,0.096024,0.0,0.0
PCDH8,0.039848823,0.0,0.0
PCDH9,0.05797926,0.0,-1.0
PCDHA1,4.5348385e-11,0.0,0.0
PCDHA10,3.1183437e-05,0.0,-1.0
PCDHA11,2.4747493e-08,0.0,-1.0
PCDHA12,5.6096793e-14,0.0,0.0
PCDHA2,0.056772906,0.0,0.0
PCDHA3,5.22118e-11,0.0,0.0
PCDHA4,0.35704416,0.0,0.0
PCDHA5,1.9821161e-07,0.0,0.0
PCDHA6,0.40397963,0.0,0.0
PCDHA7,0.048139513,0.0,0.0
PCDHA8,2.0742556e-05,0.0,0.0
PCDHA9,0.00013806018,0.0,0.0
PCDHB10,0.0010818281,0.0,0.0
PCDHB12,1.7379229e-05,0.0,0.0
PCDHB14,0.021495895,0.0,0.0
PCDHB15,0.021515423,0.0,-1.0
PCDHB3,1.105518e-17,0.0,0.0
PCDHB5,2.6001372e-08,0.0,0.0
PCDHB8,3.2239528e-12,0.0,-1.0
PCDHGA11,0.003969988,0.0,0.0
PCDHGA12,1.3816548e-12,0.0,0.0
PCDHGA4,3.2991112e-15,0.0,0.0
PCDHGA9,1.2278867e-13,0.0,0.0
PCDHGB2,1.8022493e-14,0.0,0.0
PCDHGC3,0.0013642457,0.0,0.0
PCDHGC5,7.2667686e-13,0.0,-1.0
PCED1A,0.0063570645,0.0,0.0
PCED1B,0.1550219,0.0,-1.0
PCF11,0.11766193,0.0,-1.0
PCGF1,0.45777264,0.0,0.0
PCGF2,0.38714093,0.0,0.0
PCGF3,0.20079775,0.0,0.0
PCGF5,0.32413834,0.0,0.0
PCGF6,0.37091935,0.0,0.0
PCID2,0.17240871,0.0,0.0
PCIF1,0.03262832,0.0,0.0
PCK1,0.060740694,0.0,0.0
PCK2,0.04733501,0.0,0.0
PCLAF,0.08948498,0.0,-1.0
PCLO,0.18427005,0.0,-1.0
PCM1,0.42801833,0.0,1.0
PCMT1,0.2306563,0.0,0.0
PCMTD1,0.09670179,0.0,-1.0
PCMTD2,0.1006148,0.0,0.0
PCNA,0.59280133,1.0,-1.0
PCNP,0.111064054,0.0,0.0
PCNT,0.24317345,0.0,0.0
PCNX1,2.6884095e-06,0.0,0.0
PCNX3,0.0051934337,0.0,0.0
PCNX4,0.038295377,0.0,-1.0
PCOLCE,0.004278763,0.0,0.0
PCOLCE2,0.034848522,0.0,0.0
PCOTH,4.9016723e-08,0.0,0.0
PCP2,0.008410857,0.0,0.0
PCP4,8.411177e-06,0.0,0.0
PCP4L1,4.6623916e-10,0.0,0.0
PCSK1,0.05573489,0.0,-1.0
PCSK1N,0.021627732,0.0,0.0
PCSK2,0.70544815,1.0,0.0
PCSK4,0.13969505,0.0,-1.0
PCSK5,0.002432464,0.0,-1.0
PCSK6,0.13070178,0.0,-1.0
PCSK7,0.22802994,0.0,-1.0
PCSK9,0.14950474,0.0,-1.0
PCTP,0.0009194731,0.0,0.0
PCYOX1,0.043048937,0.0,0.0
PCYOX1L,0.00057287415,0.0,0.0
PCYT1A,0.29994878,0.0,-1.0
PCYT1B,0.040858604,0.0,-1.0
PCYT2,0.055395838,0.0,0.0
PDAP1,0.07974141,0.0,-1.0
PDC,0.029335309,0.0,0.0
PDCD1,0.9102917,1.0,1.0
PDCD10,0.26051894,0.0,-1.0
PDCD11,0.12840447,0.0,-1.0
PDCD1LG2,0.975747,1.0,1.0
PDCD2,0.19168822,0.0,-1.0
PDCD2L,0.12751631,0.0,-1.0
PDCD4,0.23142934,0.0,-1.0
PDCD5,0.12842475,0.0,-1.0
PDCD6,0.43813717,0.0,-1.0
PDCD6IP,0.24593402,0.0,0.0
PDCD7,0.038649887,0.0,0.0
PDCL,0.15252689,0.0,0.0
PDCL2,0.0008054122,0.0,0.0
PDCL3,0.082678534,0.0,0.0
PDE10A,0.0037392462,0.0,0.0
PDE12,0.118817665,0.0,0.0
PDE1A,0.06473721,0.0,0.0
PDE1B,0.0026207494,0.0,0.0
PDE2A,1.1687624e-06,0.0,0.0
PDE3A,0.24269672,0.0,0.0
PDE3B,0.09023198,0.0,0.0
PDE4A,0.73635733,1.0,-1.0
PDE4B,0.1874478,0.0,0.0
PDE4C,0.020869337,0.0,0.0
PDE4D,0.71017295,1.0,-1.0
PDE4DIP,0.8300195,1.0,1.0
PDE5A,0.111117944,0.0,0.0
PDE6A,0.00028951647,0.0,-1.0
PDE6B,2.7660522e-05,0.0,-1.0
PDE6C,0.00407765,0.0,-1.0
PDE6D,0.09337053,0.0,0.0
PDE6G,0.002340322,0.0,-1.0
PDE6H,0.00016812852,0.0,-1.0
PDE7A,0.06167189,0.0,0.0
PDE7B,5.0513456e-13,0.0,-1.0
PDE8A,0.013182447,0.0,0.0
PDE8B,4.9921195e-15,0.0,-1.0
PDE9A,0.0014125974,0.0,0.0
PDF,0.24012892,0.0,0.0
PDGFA,0.5763773,1.0,-1.0
PDGFB,0.49441782,0.0,1.0
PDGFC,0.23214974,0.0,-1.0
PDGFD,0.015150993,0.0,-1.0
PDGFRA,0.5526251,1.0,1.0
PDGFRB,0.9418451,1.0,1.0
PDGFRL,0.79028285,1.0,-1.0
PDHA1,0.24186157,0.0,-1.0
PDHA2,0.030543134,0.0,-1.0
PDHB,0.17429176,0.0,-1.0
PDHX,0.09795772,0.0,0.0
PDIA2,0.6469126,1.0,0.0
PDIA3,0.15004225,0.0,0.0
PDIA4,0.047211885,0.0,-1.0
PDIA5,0.040852442,0.0,0.0
PDIA6,0.08997099,0.0,0.0
PDIK1L,0.023055334,0.0,0.0
PDILT,8.9239316e-10,0.0,0.0
PDK1,0.6414342,1.0,-1.0
PDK2,0.10698931,0.0,-1.0
PDK3,0.08684074,0.0,0.0
PDK4,0.027106801,0.0,0.0
PDLIM1,0.025877947,0.0,0.0
PDLIM2,0.34153143,0.0,0.0
PDLIM3,0.40888408,0.0,0.0
PDLIM4,0.08129589,0.0,0.0
PDLIM5,0.24198234,0.0,-1.0
PDLIM7,0.5434623,1.0,0.0
PDP1,0.034727436,0.0,0.0
PDP2,0.00027615658,0.0,-1.0
PDPK1,0.9219556,1.0,-1.0
PDPN,0.84011525,1.0,0.0
PDPR,0.10299616,0.0,0.0
PDRG1,0.18748893,0.0,0.0
PDS5A,0.91765875,1.0,-1.0
PDS5B,0.34418517,0.0,1.0
PDSS1,0.010472282,0.0,0.0
PDSS2,0.024292966,0.0,-1.0
PDX1,0.31433743,0.0,-1.0
PDXDC1,0.08473787,0.0,-1.0
PDXK,0.03094144,0.0,-1.0
PDXP,0.032573603,0.0,0.0
PDYN,0.06580958,0.0,-1.0
PDZD11,0.24705508,0.0,0.0
PDZD2,0.18790124,0.0,-1.0
PDZD3,6.84623e-08,0.0,0.0
PDZD4,0.0990776,0.0,0.0
PDZD8,0.05319188,0.0,0.0
PDZD9,2.8098412e-09,0.0,0.0
PDZK1,0.036143348,0.0,0.0
PDZK1IP1,0.0028139935,0.0,-1.0
PDZRN3,0.26922554,0.0,-1.0
PDZRN4,0.15213147,0.0,-1.0
PEA15,0.18367457,0.0,-1.0
PEAK1,0.55091316,1.0,0.0
PEAR1,0.043437447,0.0,-1.0
PEBP1,0.3690541,0.0,-1.0
PEBP4,0.02208486,0.0,0.0
PECAM1,0.72174317,1.0,-1.0
PECR,0.04683784,0.0,0.0
PEDS1,0.00837134,0.0,0.0
PEF1,0.15458725,0.0,0.0
PEG10,0.20643651,0.0,-1.0
PEG3,0.19190745,0.0,-1.0
PELI1,0.25634253,0.0,0.0
PELI2,0.10697971,0.0,0.0
PELI3,0.048714433,0.0,-1.0
PELO,0.110687196,0.0,0.0
PELP1,0.26511595,0.0,0.0
PEMT,5.9192327e-13,0.0,0.0
PENK,0.045145005,0.0,0.0
PEPD,0.057004124,0.0,-1.0
PER1,0.44392866,0.0,1.0
PER2,0.2605473,0.0,-1.0
PER3,0.721256,1.0,-1.0
PERM1,0.0005953004,0.0,-1.0
PES1,0.16386728,0.0,-1.0
PEX1,0.16320993,0.0,-1.0
PEX10,0.21835439,0.0,-1.0
PEX11A,0.04288169,0.0,0.0
PEX11B,0.052882,0.0,0.0
PEX11G,0.0424377,0.0,0.0
PEX12,0.008556664,0.0,-1.0
PEX13,0.0018955818,0.0,-1.0
PEX14,0.06909267,0.0,-1.0
PEX16,1.5381309e-05,0.0,-1.0
PEX19,3.4486075e-05,0.0,-1.0
PEX2,0.055897616,0.0,-1.0
PEX26,2.6672931e-05,0.0,-1.0
PEX3,7.376657e-05,0.0,-1.0
PEX5,5.677727e-08,0.0,-1.0
PEX5L,0.0004920465,0.0,0.0
PEX6,0.016984187,0.0,-1.0
PEX7,0.012395332,0.0,-1.0
PF4,0.067860216,0.0,-1.0
PF4V1,0.16210826,0.0,-1.0
PFAS,0.21685183,0.0,-1.0
PFDN1,0.20668313,0.0,0.0
PFDN2,0.4504183,0.0,0.0
PFDN4,0.15194069,0.0,0.0
PFDN5,0.44853124,0.0,0.0
PFDN6,0.20300701,0.0,0.0
PFKFB1,0.12687586,0.0,0.0
PFKFB2,0.24451996,0.0,-1.0
PFKFB3,0.22843647,0.0,-1.0
PFKFB4,0.06350495,0.0,-1.0
PFKL,0.25971138,0.0,-1.0
PFKM,0.21001504,0.0,-1.0
PFKP,0.42210954,0.0,-1.0
PFN1,0.18692783,0.0,-1.0
PFN2,0.27331626,0.0,0.0
PGAM1,0.1633866,0.0,-1.0
PGAM2,0.15168014,0.0,-1.0
PGAM4,0.011418274,0.0,-1.0
PGAM5,0.26183286,0.0,0.0
PGAP1,0.1994431,0.0,0.0
PGAP2,0.039164744,0.0,-1.0
PGAP3,0.00017740263,0.0,0.0
PGAP4,0.015801148,0.0,0.0
PGAP6,0.004331747,0.0,0.0
PGBD1,0.02154555,0.0,0.0
PGBD2,2.0510716e-12,0.0,0.0
PGBD3,0.2193834,0.0,0.0
PGBD5,0.9401289,1.0,1.0
PGC,0.046687752,0.0,0.0
PGD,0.14242584,0.0,-1.0
PGF,0.025147554,0.0,-1.0
PGGT1B,0.24125615,0.0,0.0
PGK1,0.2241128,0.0,-1.0
PGK2,0.042054884,0.0,0.0
PGLS,0.023833971,0.0,0.0
PGLYRP1,4.3605603e-05,0.0,0.0
PGLYRP3,3.5355794e-25,0.0,0.0
PGLYRP4,0.0,0.0,0.0
PGM1,0.08027752,0.0,-1.0
PGM2,0.054629043,0.0,0.0
PGM2L1,0.0710614,0.0,0.0
PGM3,0.10776293,0.0,0.0
PGM5,0.041611407,0.0,0.0
PGP,0.0062941243,0.0,0.0
PGPEP1,0.0010283417,0.0,0.0
PGR,0.83924437,1.0,1.0
PGRMC1,0.022780634,0.0,0.0
PGRMC2,0.029110877,0.0,0.0
PGS1,7.372551e-05,0.0,0.0
PHACTR1,2.4738512e-07,0.0,0.0
PHACTR2,0.23263307,0.0,0.0
PHACTR3,0.009106613,0.0,0.0
PHACTR4,0.132471,0.0,0.0
PHAF1,0.098324604,0.0,0.0
PHAX,0.1331306,0.0,-1.0
PHB1,0.30167276,0.0,-1.0
PHB2,0.19357544,0.0,0.0
PHC1,0.27866134,0.0,0.0
PHC2,0.5717667,1.0,-1.0
PHC3,0.3559318,0.0,0.0
PHETA1,0.009771988,0.0,0.0
PHETA2,0.09702484,0.0,0.0
PHEX,6.302016e-07,0.0,-1.0
PHF1,0.27293926,0.0,-1.0
PHF10,0.18673041,0.0,0.0
PHF11,0.0024366456,0.0,0.0
PHF12,0.22688082,0.0,0.0
PHF13,0.00060591113,0.0,0.0
PHF14,0.47720614,0.0,0.0
PHF19,0.37508297,0.0,0.0
PHF2,0.065597825,0.0,0.0
PHF20,0.12034851,0.0,-1.0
PHF20L1,0.5606184,1.0,0.0
PHF21A,0.5677432,1.0,-1.0
PHF21B,0.09369032,0.0,0.0
PHF23,0.13727053,0.0,-1.0
PHF3,0.1584155,0.0,-1.0
PHF5A,0.063255794,0.0,-1.0
PHF6,0.08959859,0.0,1.0
PHF7,0.14233652,0.0,0.0
PHF8,0.13455625,0.0,-1.0
PHGDH,0.24944586,0.0,-1.0
PHIP,0.19906308,0.0,-1.0
PHKA1,0.20003405,0.0,-1.0
PHKA2,0.120588124,0.0,-1.0
PHKB,0.18783279,0.0,-1.0
PHKG1,0.04746392,0.0,0.0
PHKG2,0.29220316,0.0,-1.0
PHLDA1,0.58106256,1.0,-1.0
PHLDA2,0.046081346,0.0,0.0
PHLDA3,0.12097926,0.0,0.0
PHLDB1,0.2777766,0.0,0.0
PHLDB2,0.42801028,0.0,0.0
PHLDB3,0.09424973,0.0,0.0
PHLPP1,0.46576145,0.0,-1.0
PHLPP2,0.06351993,0.0,-1.0
PHOSPHO1,0.00069889444,0.0,0.0
PHOSPHO2,0.003048212,0.0,0.0
PHOX2A,0.47207522,0.0,0.0
PHOX2B,0.95565474,1.0,1.0
PHPT1,0.009169346,0.0,0.0
PHRF1,0.11966854,0.0,0.0
PHTF1,7.931275e-08,0.0,0.0
PHTF2,1.7716715e-07,0.0,0.0
PHYH,0.00019648536,0.0,-1.0
PHYHD1,0.09625526,0.0,-1.0
PHYHIP,0.066887796,0.0,0.0
PHYHIPL,0.0148904715,0.0,0.0
PHYKPL,0.00012918882,0.0,0.0
PI3,1.6887834e-05,0.0,0.0
PI4K2A,0.05039579,0.0,0.0
PI4K2B,0.13590923,0.0,0.0
PI4KA,0.3912944,0.0,-1.0
PI4KB,0.20649154,0.0,0.0
PIANP,5.6472713e-06,0.0,0.0
PIAS1,0.9270548,1.0,-1.0
PIAS2,0.7213702,1.0,0.0
PIAS3,0.8146779,1.0,-1.0
PIAS4,0.89639807,1.0,0.0
PIBF1,0.4843145,0.0,0.0
PICALM,0.41075408,0.0,1.0
PICK1,0.09429425,0.0,-1.0
PID1,0.03164164,0.0,0.0
PIDD1,0.33697423,0.0,0.0
PIEZO1,0.032786418,0.0,0.0
PIF1,3.134215e-07,0.0,0.0
PIFO,0.030525815,0.0,0.0
PIGA,0.77022946,1.0,1.0
PIGB,6.7535204e-09,0.0,0.0
PIGC,0.25844127,0.0,-1.0
PIGF,3.385864e-05,0.0,0.0
PIGG,0.00028788176,0.0,0.0
PIGH,0.10491143,0.0,0.0
PIGK,0.009060473,0.0,0.0
PIGL,7.9492515e-12,0.0,0.0
PIGM,4.240651e-06,0.0,0.0
PIGN,1.6288406e-09,0.0,0.0
PIGO,0.0015380718,0.0,0.0
PIGP,0.13508916,0.0,0.0
PIGQ,0.20524713,0.0,0.0
PIGR,0.79457265,1.0,-1.0
PIGS,0.011753586,0.0,0.0
PIGT,0.009326,0.0,-1.0
PIGU,0.029588718,0.0,0.0
PIGV,0.0006665952,0.0,-1.0
PIGW,0.009562303,0.0,0.0
PIGX,5.246332e-06,0.0,0.0
PIGY,0.9628384,1.0,-1.0
PIH1D1,0.21837577,0.0,0.0
PIH1D2,0.030548614,0.0,0.0
PIK3AP1,0.5902188,1.0,-1.0
PIK3C2A,0.45625514,0.0,-1.0
PIK3C2B,0.34982464,0.0,-1.0
PIK3C3,0.18722588,0.0,-1.0
PIK3CA,0.96988213,1.0,1.0
PIK3CB,0.7530957,1.0,1.0
PIK3CD,0.88802034,1.0,1.0
PIK3CG,0.87825096,1.0,1.0
PIK3IP1,0.023962563,0.0,-1.0
PIK3R1,0.9980529,1.0,1.0
PIK3R2,0.9522956,1.0,1.0
PIK3R3,0.90646374,1.0,1.0
PIK3R4,0.28733668,0.0,-1.0
PIK3R5,0.010770774,0.0,-1.0
PIK3R6,0.09462003,0.0,-1.0
PIKFYVE,0.19942668,0.0,-1.0
PILRA,2.5127647e-10,0.0,0.0
PILRB,0.051039875,0.0,0.0
PIM1,0.35776168,0.0,1.0
PIM2,0.09002744,0.0,-1.0
PIM3,0.006604894,0.0,-1.0
PIN1,0.9433646,1.0,0.0
PIN4,0.07694146,0.0,0.0
PINK1,0.18986593,0.0,-1.0
PINX1,0.17393829,0.0,0.0
PIP,0.30364373,0.0,0.0
PIP4K2A,0.11002915,0.0,-1.0
PIP4K2B,0.18360752,0.0,0.0
PIP4K2C,0.10185578,0.0,0.0
PIP4P1,0.018873464,0.0,0.0
PIP4P2,0.003379746,0.0,0.0
PIP5K1A,0.11816505,0.0,-1.0
PIP5K1B,0.012852659,0.0,-1.0
PIP5K1C,0.11391069,0.0,-1.0
PIP5KL1,0.0044593425,0.0,0.0
PIPOX,0.16279992,0.0,0.0
PIR,0.13790658,0.0,0.0
PISD,0.055842523,0.0,0.0
PITHD1,4.776302e-09,0.0,0.0
PITPNA,0.24586627,0.0,0.0
PITPNB,0.09640242,0.0,0.0
PITPNC1,0.041941524,0.0,0.0
PITPNM1,0.037414387,0.0,0.0
PITPNM2,0.035221074,0.0,-1.0
PITPNM3,0.04037897,0.0,-1.0
PITRM1,0.014890512,0.0,0.0
PITX1,0.32387835,0.0,-1.0
PITX2,0.7275474,1.0,0.0
PITX3,0.067066126,0.0,-1.0
PIWIL1,0.17275575,0.0,-1.0
PIWIL2,0.0052170563,0.0,-1.0
PIWIL3,0.0028547214,0.0,0.0
PIWIL4,0.11976411,0.0,0.0
PJA1,0.41997325,0.0,0.0
PJA2,0.29939005,0.0,0.0
PKD1,0.53230655,1.0,-1.0
PKD1L1,4.0112278e-11,0.0,-1.0
PKD1L2,0.00019552103,0.0,-1.0
PKD1L3,0.00026868156,0.0,0.0
PKD2,0.0066576074,0.0,-1.0
PKD2L1,0.0022410348,0.0,0.0
PKDCC,8.597962e-08,0.0,-1.0
PKDREJ,0.12221702,0.0,-1.0
PKHD1,0.5012874,1.0,-1.0
PKIA,0.066353925,0.0,0.0
PKIB,7.6195815e-06,0.0,0.0
PKIG,0.014255134,0.0,-1.0
PKLR,0.43288776,0.0,0.0
PKM,0.42545265,0.0,-1.0
PKMYT1,0.07635207,0.0,0.0
PKN1,0.5888316,1.0,-1.0
PKN2,0.22316976,0.0,0.0
PKN3,0.39191923,0.0,0.0
PKNOX1,0.7557851,1.0,-1.0
PKNOX2,0.1652285,0.0,0.0
PKP1,0.27755785,0.0,-1.0
PKP2,0.4324909,0.0,-1.0
PKP3,0.33291847,0.0,0.0
PKP4,0.26989684,0.0,-1.0
PLA1A,1.6160142e-05,0.0,-1.0
PLA2G10,2.643143e-13,0.0,0.0
PLA2G12A,0.015620794,0.0,0.0
PLA2G12B,0.00010561875,0.0,0.0
PLA2G15,0.009955375,0.0,0.0
PLA2G1B,0.08750679,0.0,0.0
PLA2G2A,0.004541052,0.0,-1.0
PLA2G2D,1.1525187e-13,0.0,0.0
PLA2G3,1.0986358e-06,0.0,0.0
PLA2G4A,0.05102824,0.0,-1.0
PLA2G4C,0.0008356411,0.0,-1.0
PLA2G4D,4.89728e-08,0.0,-1.0
PLA2G4F,0.16210826,0.0,-1.0
PLA2G5,2.8397558e-08,0.0,0.0
PLA2G6,0.09758368,0.0,-1.0
PLA2G7,0.15244704,0.0,-1.0
PLA2R1,4.0976155e-13,0.0,-1.0
PLAA,0.19037537,0.0,0.0
PLAAT1,0.0012843002,0.0,0.0
PLAAT2,1.7511979e-09,0.0,0.0
PLAAT4,0.094853885,0.0,-1.0
PLAAT5,0.0004581406,0.0,0.0
PLAC1,0.051006284,0.0,0.0
PLAC8,0.00650021,0.0,-1.0
PLAC8L1,1.1947841e-18,0.0,0.0
PLAC9,0.09486437,0.0,0.0
PLAG1,0.17706351,0.0,1.0
PLAGL1,0.45708662,0.0,-1.0
PLAGL2,0.016885387,0.0,-1.0
PLAT,0.7975303,1.0,-1.0
PLAU,0.52682203,1.0,-1.0
PLAUR,0.7487892,1.0,-1.0
PLB1,0.005661371,0.0,-1.0
PLBD1,0.0105648395,0.0,0.0
PLBD2,0.10517579,0.0,0.0
PLCB1,0.37229082,0.0,-1.0
PLCB2,0.13088214,0.0,-1.0
PLCB3,0.32614288,0.0,-1.0
PLCB4,0.035817385,0.0,-1.0
PLCD1,0.07775716,0.0,-1.0
PLCD3,0.2430308,0.0,0.0
PLCD4,0.0037352196,0.0,0.0
PLCE1,0.1634555,0.0,-1.0
PLCG1,0.9895839,1.0,1.0
PLCG2,0.5212128,1.0,1.0
PLCH1,0.11240635,0.0,0.0
PLCL2,0.09204832,0.0,0.0
PLCXD1,4.8990345e-09,0.0,0.0
PLCXD3,9.243662e-11,0.0,0.0
PLCZ1,0.01749643,0.0,0.0
PLD1,0.2718591,0.0,-1.0
PLD2,0.7016825,1.0,-1.0
PLD3,0.05319281,0.0,0.0
PLD6,0.00082554185,0.0,0.0
PLEC,0.71283823,1.0,-1.0
PLEK,0.15082018,0.0,0.0
PLEK2,0.0005381931,0.0,-1.0
PLEKHA1,0.05999429,0.0,0.0
PLEKHA2,0.0059813308,0.0,-1.0
PLEKHA3,0.0004389077,0.0,0.0
PLEKHA4,0.114120565,0.0,0.0
PLEKHA5,0.35104403,0.0,0.0
PLEKHA6,0.040935826,0.0,0.0
PLEKHA7,0.20559269,0.0,0.0
PLEKHA8,0.08962322,0.0,-1.0
PLEKHB1,0.19054183,0.0,-1.0
PLEKHB2,0.07924821,0.0,0.0
PLEKHF1,0.014044974,0.0,0.0
PLEKHF2,0.023160689,0.0,0.0
PLEKHG1,0.18539397,0.0,0.0
PLEKHG2,0.1194629,0.0,-1.0
PLEKHG3,0.18791166,0.0,0.0
PLEKHG4,0.20297481,0.0,0.0
PLEKHG4B,2.987108e-06,0.0,0.0
PLEKHG5,0.014595644,0.0,-1.0
PLEKHG6,0.057274636,0.0,0.0
PLEKHH1,5.719832e-13,0.0,0.0
PLEKHH2,0.007922531,0.0,0.0
PLEKHH3,0.15299979,0.0,0.0
PLEKHJ1,0.026854388,0.0,0.0
PLEKHM1,0.014935183,0.0,-1.0
PLEKHM2,0.085056916,0.0,0.0
PLEKHN1,0.08948451,0.0,0.0
PLEKHO1,0.13000728,0.0,0.0
PLEKHO2,0.0681582,0.0,0.0
PLEKHS1,0.69584316,1.0,-1.0
PLG,0.32383376,0.0,-1.0
PLGRKT,0.030618291,0.0,0.0
PLIN1,6.1904097e-06,0.0,-1.0
PLIN2,0.0025991164,0.0,0.0
PLIN3,0.06330418,0.0,0.0
PLIN4,4.4960718e-08,0.0,0.0
PLIN5,0.022138922,0.0,0.0
PLK1,0.5533304,1.0,-1.0
PLK2,0.060513515,0.0,-1.0
PLK3,0.19378676,0.0,-1.0
PLK4,0.23823364,0.0,-1.0
PLLP,3.3000842e-09,0.0,0.0
PLN,0.006320241,0.0,-1.0
PLOD1,0.028292267,0.0,-1.0
PLOD2,0.16736552,0.0,-1.0
PLOD3,0.05942626,0.0,0.0
PLP1,0.6418567,1.0,-1.0
PLP2,0.03946894,0.0,0.0
PLPP1,0.02924812,0.0,-1.0
PLPP2,0.078619465,0.0,-1.0
PLPP3,0.110299185,0.0,-1.0
PLPP4,0.00067753287,0.0,0.0
PLPP6,0.017463671,0.0,0.0
PLPP7,0.003171026,0.0,0.0
PLPPR1,0.0567524,0.0,0.0
PLPPR2,0.0046482,0.0,0.0
PLPPR3,0.047350794,0.0,0.0
PLPPR4,4.6691694e-06,0.0,0.0
PLRG1,0.11504421,0.0,-1.0
PLS1,0.119949386,0.0,0.0
PLS3,0.16142723,0.0,0.0
PLSCR1,0.0038156447,0.0,0.0
PLSCR2,3.3569224e-06,0.0,-1.0
PLSCR3,0.028395789,0.0,0.0
PLSCR4,0.22243732,0.0,-1.0
PLTP,0.06655752,0.0,0.0
PLVAP,0.000858305,0.0,0.0
PLXDC1,0.08945499,0.0,-1.0
PLXDC2,0.022196643,0.0,0.0
PLXNA1,0.06785541,0.0,0.0
PLXNA2,0.03967547,0.0,-1.0
PLXNA3,0.3719862,0.0,-1.0
PLXNA4,0.016391227,0.0,0.0
PLXNB1,0.56662256,1.0,-1.0
PLXNB2,0.6021674,1.0,-1.0
PLXNB3,0.059635792,0.0,0.0
PLXNC1,0.0066082645,0.0,0.0
PLXND1,0.0028975205,0.0,-1.0
PM20D2,0.27431688,0.0,0.0
PMAIP1,0.06902856,0.0,1.0
PMCH,0.0013410489,0.0,0.0
PMEL,0.001622502,0.0,-1.0
PMEPA1,0.1307503,0.0,-1.0
PMF1,0.34950373,0.0,0.0
PMFBP1,0.014436309,0.0,0.0
PML,0.94228756,1.0,1.0
PMM1,0.32891738,0.0,0.0
PMM2,0.022854287,0.0,-1.0
PMP2,0.033039134,0.0,0.0
PMP22,6.3816915e-05,0.0,-1.0
PMPCA,0.009140913,0.0,-1.0
PMPCB,0.047824822,0.0,0.0
PMS1,0.23906218,0.0,1.0
PMS2,0.36885872,0.0,1.0
PMVK,0.012644426,0.0,0.0
PNISR,0.066088006,0.0,0.0
PNKD,0.12389671,0.0,-1.0
PNKP,0.29531142,0.0,0.0
PNLIP,2.212556e-07,0.0,0.0
PNLIPRP1,0.0080540525,0.0,0.0
PNLIPRP2,2.3473001e-07,0.0,0.0
PNMA1,0.0875387,0.0,-1.0
PNMA2,0.41396987,0.0,0.0
PNMA3,0.07378796,0.0,0.0
PNMA5,0.14664124,0.0,0.0
PNMA6A,0.011293274,0.0,0.0
PNMA8A,0.08552711,0.0,0.0
PNMA8B,3.3921953e-08,0.0,0.0
PNMT,0.0003245868,0.0,0.0
PNN,0.14395647,0.0,-1.0
PNO1,0.18822683,0.0,0.0
PNOC,3.1775645e-14,0.0,0.0
PNP,0.05834047,0.0,0.0
PNPLA1,0.019050725,0.0,0.0
PNPLA2,0.092247196,0.0,-1.0
PNPLA3,0.029820716,0.0,0.0
PNPLA4,0.2445691,0.0,0.0
PNPLA5,3.3725186e-08,0.0,0.0
PNPLA6,0.06723188,0.0,-1.0
PNPLA7,3.6107732e-08,0.0,-1.0
PNPLA8,0.169666,0.0,-1.0
PNPO,0.14044002,0.0,0.0
PNPT1,0.060264416,0.0,0.0
PNRC1,0.66456807,1.0,-1.0
PNRC2,0.7027806,1.0,0.0
POC1A,0.21217962,0.0,0.0
POC1B,0.076556735,0.0,0.0
POC5,0.06346916,0.0,-1.0
PODN,0.00096897344,0.0,0.0
PODXL,0.1389555,0.0,0.0
PODXL2,0.0003534231,0.0,0.0
POF1B,0.5321347,1.0,-1.0
POFUT1,0.04173286,0.0,0.0
POFUT2,0.03256936,0.0,0.0
POGK,0.01920696,0.0,0.0
POGLUT1,0.045447394,0.0,-1.0
POGLUT2,0.00595,0.0,0.0
POGLUT3,0.023576863,0.0,0.0
POGZ,0.6209973,1.0,0.0
POLA1,0.16472928,0.0,-1.0
POLA2,0.2796595,0.0,0.0
POLB,0.11038776,0.0,0.0
POLD1,0.5141312,1.0,1.0
POLD2,0.2010655,0.0,0.0
POLD3,0.219526,0.0,-1.0
POLD4,0.0638876,0.0,0.0
POLDIP2,0.09978766,0.0,0.0
POLDIP3,0.1313359,0.0,-1.0
POLE,0.7318433,1.0,1.0
POLE2,0.27200902,0.0,-1.0
POLE3,0.20291804,0.0,0.0
POLE4,0.12316813,0.0,0.0
POLG,0.10694561,0.0,1.0
POLG2,0.012851923,0.0,-1.0
POLH,0.23880804,0.0,-1.0
POLI,0.09891662,0.0,0.0
POLK,0.14871019,0.0,-1.0
POLL,0.02319378,0.0,0.0
POLM,0.054439027,0.0,-1.0
POLN,0.15311763,0.0,0.0
POLQ,0.06723796,0.0,1.0
POLR1A,0.33303842,0.0,0.0
POLR1B,0.20847115,0.0,0.0
POLR1C,0.20522131,0.0,-1.0
POLR1D,0.121237904,0.0,-1.0
POLR1E,0.2011465,0.0,0.0
POLR1F,0.08574134,0.0,0.0
POLR1G,0.11114319,0.0,-1.0
POLR1H,0.10707644,0.0,0.0
POLR2A,0.3442581,0.0,0.0
POLR2B,0.4240914,0.0,0.0
POLR2C,0.30223766,0.0,0.0
POLR2D,0.3031305,0.0,-1.0
POLR2E,0.25689954,0.0,0.0
POLR2F,0.17115785,0.0,0.0
POLR2G,0.22461794,0.0,0.0
POLR2H,0.19929212,0.0,0.0
POLR2I,0.15030183,0.0,0.0
POLR2J,0.16863847,0.0,0.0
POLR2J2,2.3382823e-05,0.0,0.0
POLR2K,0.08046986,0.0,0.0
POLR2L,0.20713854,0.0,0.0
POLR2M,0.060310476,0.0,0.0
POLR3A,0.10429999,0.0,0.0
POLR3B,0.09417874,0.0,0.0
POLR3C,0.12721455,0.0,0.0
POLR3D,0.101487875,0.0,0.0
POLR3E,0.060776927,0.0,-1.0
POLR3F,0.15938674,0.0,0.0
POLR3G,0.0439521,0.0,0.0
POLR3GL,0.0609967,0.0,0.0
POLR3H,0.051866792,0.0,0.0
POLR3K,0.043182418,0.0,0.0
POLRMT,0.110215664,0.0,-1.0
POM121,0.39232382,0.0,0.0
POM121C,0.054305676,0.0,0.0
POMC,0.3313778,0.0,-1.0
POMGNT1,0.050639085,0.0,-1.0
POMGNT2,0.05303175,0.0,0.0
POMK,0.00047821974,0.0,0.0
POMP,0.023966921,0.0,0.0
POMT1,0.0043680584,0.0,-1.0
POMT2,0.0059926477,0.0,-1.0
POMZP3,0.0022994024,0.0,0.0
PON1,0.0011122773,0.0,-1.0
PON2,0.5021695,1.0,0.0
POP1,0.095312335,0.0,0.0
POP4,0.0420776,0.0,0.0
POP5,0.007928656,0.0,0.0
POP7,0.08534227,0.0,0.0
POPDC2,0.007912621,0.0,0.0
POPDC3,0.000120049335,0.0,0.0
POR,0.008900235,0.0,-1.0
PORCN,0.05007883,0.0,-1.0
POSTN,0.040760767,0.0,0.0
POT1,0.005790878,0.0,1.0
POTEE,0.23310503,0.0,0.0
POTEF,0.12764046,0.0,0.0
POTEI,0.009385676,0.0,0.0
POTEJ,0.0025968577,0.0,0.0
POU1F1,0.5564881,1.0,-1.0
POU2AF1,0.5762696,1.0,1.0
POU2F1,0.91972613,1.0,-1.0
POU2F2,0.7529857,1.0,-1.0
POU2F3,0.0004166168,0.0,0.0
POU3F1,0.009537217,0.0,0.0
POU3F2,0.09641349,0.0,-1.0
POU3F3,0.017970568,0.0,-1.0
POU3F4,0.0012785364,0.0,-1.0
POU4F1,0.055430472,0.0,-1.0
POU4F2,0.0071733287,0.0,0.0
POU4F3,2.1409818e-08,0.0,0.0
POU5F1,0.8548106,1.0,1.0
POU6F2,0.003993928,0.0,-1.0
PP2D1,9.3766124e-07,0.0,0.0
PPA1,0.12206683,0.0,0.0
PPA2,0.06283238,0.0,0.0
PPAN,0.10820987,0.0,0.0
PPARA,0.8540077,1.0,0.0
PPARD,0.6093809,1.0,-1.0
PPARG,0.97416365,1.0,1.0
PPARGC1A,0.8859509,1.0,0.0
PPARGC1B,0.17919736,0.0,0.0
PPAT,0.08175614,0.0,-1.0
PPBP,0.28362742,0.0,0.0
PPCDC,0.0006452765,0.0,0.0
PPCS,0.000101329955,0.0,0.0
PPEF1,8.695962e-06,0.0,0.0
PPFIA1,0.46573505,0.0,0.0
PPFIA2,0.39356706,0.0,0.0
PPFIA3,0.31403095,0.0,0.0
PPFIA4,0.20221958,0.0,0.0
PPFIBP1,0.19231492,0.0,1.0
PPFIBP2,0.17703702,0.0,0.0
PPHLN1,0.27810785,0.0,0.0
PPIA,0.26072934,0.0,0.0
PPIAL4A,0.0904925,0.0,0.0
PPIAL4D,4.1137173e-06,0.0,0.0
PPIB,0.07972538,0.0,-1.0
PPIC,0.021653874,0.0,0.0
PPID,0.3833499,0.0,0.0
PPIE,0.08361155,0.0,0.0
PPIF,0.14209205,0.0,0.0
PPIG,0.16713437,0.0,-1.0
PPIH,0.2075968,0.0,0.0
PPIL1,0.118955016,0.0,-1.0
PPIL2,0.08089841,0.0,0.0
PPIL3,0.14442295,0.0,0.0
PPIL4,0.094057016,0.0,-1.0
PPIL6,0.00027271072,0.0,0.0
PPIP5K1,0.030146437,0.0,0.0
PPIP5K2,0.04177242,0.0,0.0
PPL,0.6119244,1.0,0.0
PPM1A,0.55821615,1.0,0.0
PPM1B,0.6099827,1.0,0.0
PPM1D,0.7705049,1.0,1.0
PPM1E,0.09744654,0.0,-1.0
PPM1F,0.124394074,0.0,-1.0
PPM1G,0.29449978,0.0,0.0
PPM1H,0.19991754,0.0,0.0
PPM1J,0.0013228399,0.0,-1.0
PPM1K,0.097593784,0.0,0.0
PPM1L,8.70503e-06,0.0,-1.0
PPM1M,0.26959872,0.0,0.0
PPME1,0.31132117,0.0,0.0
PPOX,0.11451894,0.0,-1.0
PPP1CA,0.28728512,0.0,-1.0
PPP1CB,0.41749188,0.0,-1.0
PPP1CC,0.36336306,0.0,-1.0
PPP1R10,0.319727,0.0,0.0
PPP1R11,0.1086967,0.0,0.0
PPP1R12A,0.3922194,0.0,-1.0
PPP1R12B,0.35524678,0.0,-1.0
PPP1R12C,0.14243451,0.0,-1.0
PPP1R13B,0.58479714,1.0,0.0
PPP1R13L,0.20685755,0.0,-1.0
PPP1R14A,0.30587998,0.0,0.0
PPP1R14B,0.009228539,0.0,-1.0
PPP1R14C,0.017161606,0.0,0.0
PPP1R15A,0.23359759,0.0,-1.0
PPP1R16A,0.13872556,0.0,0.0
PPP1R16B,0.12171385,0.0,-1.0
PPP1R17,0.00069096574,0.0,0.0
PPP1R18,0.54118526,1.0,0.0
PPP1R1A,0.23110707,0.0,-1.0
PPP1R1B,0.5994663,1.0,-1.0
PPP1R2,0.38467312,0.0,0.0
PPP1R21,0.1076341,0.0,0.0
PPP1R26,0.027198482,0.0,0.0
PPP1R27,2.4256777e-10,0.0,0.0
PPP1R2C,4.897299e-08,0.0,0.0
PPP1R32,0.10587556,0.0,0.0
PPP1R35,0.010344264,0.0,0.0
PPP1R36,1.7667014e-16,0.0,0.0
PPP1R37,0.104505606,0.0,0.0
PPP1R3A,0.21835896,0.0,-1.0
PPP1R3B,0.130775,0.0,-1.0
PPP1R3C,0.25683168,0.0,0.0
PPP1R3D,0.3140897,0.0,0.0
PPP1R3E,1.0403267e-09,0.0,0.0
PPP1R3F,0.23511954,0.0,0.0
PPP1R3G,0.0004244879,0.0,0.0
PPP1R7,0.16290686,0.0,0.0
PPP1R8,0.37712762,0.0,-1.0
PPP1R9A,0.4373579,0.0,-1.0
PPP1R9B,0.67067474,1.0,-1.0
PPP2CA,0.54051965,1.0,-1.0
PPP2CB,0.678065,1.0,0.0
PPP2R1A,0.56212085,1.0,1.0
PPP2R1B,0.51344377,1.0,0.0
PPP2R2A,0.24482697,0.0,1.0
PPP2R2B,0.21854012,0.0,-1.0
PPP2R2C,0.1384107,0.0,0.0
PPP2R2D,0.40669692,0.0,0.0
PPP2R3A,0.22615352,0.0,-1.0
PPP2R3B,0.20285976,0.0,0.0
PPP2R3C,0.16411477,0.0,0.0
PPP2R5A,0.106443934,0.0,-1.0
PPP2R5B,0.1387153,0.0,0.0
PPP2R5C,0.46026227,0.0,-1.0
PPP2R5D,0.42930612,0.0,0.0
PPP2R5E,0.146934,0.0,0.0
PPP3CA,0.6860522,1.0,-1.0
PPP3CB,0.53855145,1.0,-1.0
PPP3CC,0.2534774,0.0,-1.0
PPP3R1,0.52639055,1.0,-1.0
PPP3R2,0.12265442,0.0,-1.0
PPP4C,0.13415512,0.0,-1.0
PPP4R1,0.12715669,0.0,0.0
PPP4R2,0.06899601,0.0,-1.0
PPP4R3A,0.10275453,0.0,-1.0
PPP4R3B,0.16042864,0.0,-1.0
PPP4R4,0.055728167,0.0,0.0
PPP5C,0.5969965,1.0,0.0
PPP6C,0.36153698,0.0,1.0
PPP6R1,0.2805253,0.0,0.0
PPP6R2,0.36287913,0.0,-1.0
PPP6R3,0.43712437,0.0,0.0
PPRC1,0.13140804,0.0,0.0
PPT1,0.070822716,0.0,-1.0
PPT2,0.05243219,0.0,0.0
PPTC7,0.022571636,0.0,-1.0
PPWD1,0.041528493,0.0,0.0
PPY,0.4321763,0.0,0.0
PQBP1,0.31623304,0.0,-1.0
PRADC1,0.00026914102,0.0,0.0
PRAF2,0.006658071,0.0,0.0
PRAM1,0.29094252,0.0,0.0
PRAME,0.21825507,0.0,-1.0
PRAMEF15,1.2711656e-20,0.0,0.0
PRAMEF4,1.0852794e-21,0.0,-1.0
PRAMEF5,4.1382012e-23,0.0,0.0
PRAMEF8,1.5451858e-08,0.0,0.0
PRAP1,0.10183425,0.0,0.0
PRB1,0.039628003,0.0,0.0
PRB3,0.0014163386,0.0,0.0
PRB4,1.6421856e-06,0.0,-1.0
PRC1,0.10697627,0.0,0.0
PRCC,0.27850106,0.0,1.0
PRCP,0.017519485,0.0,0.0
PRDM1,0.8435449,1.0,1.0
PRDM10,0.28435445,0.0,0.0
PRDM12,0.0017236022,0.0,0.0
PRDM13,0.0013475098,0.0,0.0
PRDM14,0.57283497,1.0,-1.0
PRDM15,0.25873932,0.0,0.0
PRDM16,0.3579525,0.0,1.0
PRDM2,0.32247543,0.0,1.0
PRDM4,0.30578825,0.0,0.0
PRDM5,0.062495608,0.0,0.0
PRDM6,0.47813746,0.0,0.0
PRDM7,5.882343e-12,0.0,0.0
PRDM8,7.226076e-05,0.0,0.0
PRDX1,0.3948384,0.0,-1.0
PRDX2,0.27278057,0.0,0.0
PRDX3,0.2517852,0.0,0.0
PRDX4,0.07073012,0.0,-1.0
PRDX5,0.12589686,0.0,0.0
PRDX6,0.106196225,0.0,0.0
PREB,0.026635095,0.0,0.0
PRELID1,0.00414303,0.0,0.0
PRELID3A,2.398437e-06,0.0,0.0
PRELID3B,0.008410244,0.0,0.0
PRELP,0.26833966,0.0,0.0
PREP,0.093614094,0.0,0.0
PREPL,0.17783369,0.0,0.0
PREX1,0.13178718,0.0,-1.0
PREX2,0.2971465,0.0,1.0
PRF1,0.060033377,0.0,1.0
PRG2,0.24680352,0.0,0.0
PRG4,2.9753102e-13,0.0,-1.0
PRH1,0.14633055,0.0,0.0
PRICKLE1,0.17932719,0.0,-1.0
PRICKLE2,0.06397911,0.0,-1.0
PRICKLE3,0.36174625,0.0,0.0
PRIM1,0.18943562,0.0,-1.0
PRIM2,0.1173513,0.0,0.0
PRIMA1,1.7374618e-15,0.0,0.0
PRIMPOL,0.13462074,0.0,0.0
PRKAA1,0.8334247,1.0,0.0
PRKAA2,0.79225713,1.0,0.0
PRKAB1,0.39464125,0.0,-1.0
PRKAB2,0.37408113,0.0,-1.0
PRKACA,0.9880301,1.0,1.0
PRKACB,0.6080743,1.0,-1.0
PRKACG,0.3380551,0.0,-1.0
PRKAG1,0.4515393,0.0,-1.0
PRKAG2,0.26655653,0.0,-1.0
PRKAG3,0.0545261,0.0,0.0
PRKAR1A,0.7782453,1.0,1.0
PRKAR1B,0.6197526,1.0,-1.0
PRKAR2A,0.43842804,0.0,-1.0
PRKAR2B,0.48449147,0.0,-1.0
PRKCA,0.9788534,1.0,-1.0
PRKCB,0.9036357,1.0,1.0
PRKCD,0.9656588,1.0,-1.0
PRKCE,0.8987932,1.0,-1.0
PRKCG,0.8719595,1.0,-1.0
PRKCH,0.20092447,0.0,-1.0
PRKCI,0.5897665,1.0,1.0
PRKCQ,0.8009095,1.0,-1.0
PRKCSH,0.07139309,0.0,0.0
PRKCZ,0.8483714,1.0,-1.0
PRKD1,0.61967427,1.0,-1.0
PRKD2,0.22456357,0.0,-1.0
PRKD3,0.057724234,0.0,0.0
PRKDC,0.8802212,1.0,-1.0
PRKG1,0.021175312,0.0,-1.0
PRKG2,0.4471285,0.0,-1.0
PRKRA,0.22076637,0.0,-1.0
PRKRIP1,0.035225566,0.0,0.0
PRKX,0.12104528,0.0,-1.0
PRL,0.48798275,0.0,0.0
PRLH,0.43179798,0.0,0.0
PRLHR,0.024755256,0.0,0.0
PRLR,0.87093693,1.0,-1.0
PRM1,1.917959e-05,0.0,0.0
PRM2,0.00088272075,0.0,0.0
PRMT1,0.37683398,0.0,0.0
PRMT2,0.6660034,1.0,-1.0
PRMT3,0.13556598,0.0,0.0
PRMT5,0.68813705,1.0,-1.0
PRMT6,0.02297686,0.0,0.0
PRMT7,0.071200885,0.0,0.0
PRMT8,0.09404209,0.0,0.0
PRMT9,0.07903883,0.0,0.0
PRND,7.5765866e-11,0.0,-1.0
PRNP,0.4657376,0.0,-1.0
PROC,0.5278782,1.0,-1.0
PROCA1,9.3425784e-05,0.0,0.0
PROCR,0.042786516,0.0,0.0
PRODH,3.6974076e-16,0.0,0.0
PROK2,1.2664349e-08,0.0,-1.0
PROKR1,0.17428695,0.0,0.0
PROM1,0.09709328,0.0,-1.0
PROP1,3.513359e-08,0.0,-1.0
PRORP,0.033584137,0.0,0.0
PROS1,0.5990872,1.0,-1.0
PROSER1,0.25048542,0.0,-1.0
PROSER2,0.09369691,0.0,0.0
PROSER3,0.110235915,0.0,0.0
PROX1,0.69994813,1.0,-1.0
PROZ,0.00011994201,0.0,-1.0
PRPF18,0.14587696,0.0,0.0
PRPF19,0.14973693,0.0,0.0
PRPF3,0.30897757,0.0,-1.0
PRPF31,0.4069648,0.0,-1.0
PRPF38A,0.084679104,0.0,0.0
PRPF38B,0.07904375,0.0,-1.0
PRPF39,0.19815643,0.0,-1.0
PRPF4,0.14991765,0.0,0.0
PRPF40A,0.27966407,0.0,0.0
PRPF40B,0.0916659,0.0,1.0
PRPF4B,0.1598618,0.0,-1.0
PRPF6,0.17710796,0.0,-1.0
PRPF8,0.18671086,0.0,-1.0
PRPH,0.17025095,0.0,0.0
PRPH2,0.00041371147,0.0,-1.0
PRPS1,0.10779035,0.0,-1.0
PRPS1L1,0.0040872972,0.0,0.0
PRPS2,0.04472919,0.0,0.0
PRPSAP1,0.111926764,0.0,0.0
PRPSAP2,0.19879204,0.0,0.0
PRR11,0.055899113,0.0,0.0
PRR12,0.053594224,0.0,0.0
PRR13,0.046241634,0.0,0.0
PRR14,0.08456514,0.0,0.0
PRR14L,0.15736148,0.0,0.0
PRR15,2.3134855e-10,0.0,0.0
PRR16,0.020836152,0.0,0.0
PRR19,0.007705288,0.0,0.0
PRR20E,0.051210247,0.0,0.0
PRR22,0.009196461,0.0,0.0
PRR23B,7.961281e-09,0.0,0.0
PRR3,0.15677032,0.0,0.0
PRR30,0.00010500907,0.0,0.0
PRR34,0.0023855134,0.0,0.0
PRR35,0.076764986,0.0,0.0
PRR4,0.028148083,0.0,0.0
PRR5,0.17675266,0.0,-1.0
PRR5-ARHGAP8,0.0114943255,0.0,0.0
PRR5L,0.046149924,0.0,0.0
PRR7,2.377191e-18,0.0,0.0
PRRC1,0.061938033,0.0,0.0
PRRC2A,0.11428732,0.0,0.0
PRRC2B,0.26975682,0.0,-1.0
PRRC2C,0.10357699,0.0,0.0
PRRG1,0.022207249,0.0,-1.0
PRRG2,0.043112483,0.0,0.0
PRRG3,0.008396223,0.0,0.0
PRRG4,0.0027881507,0.0,0.0
PRRT2,0.03341898,0.0,-1.0
PRRT3,0.07674607,0.0,-1.0
PRRT4,2.4510615e-05,0.0,0.0
PRRX1,0.45513797,0.0,1.0
PRRX2,2.1025114e-07,0.0,-1.0
PRSS1,0.45355368,0.0,-1.0
PRSS12,0.0023503276,0.0,-1.0
PRSS16,3.1812468e-07,0.0,0.0
PRSS2,2.0382099e-12,0.0,0.0
PRSS21,0.07693164,0.0,0.0
PRSS22,2.1067022e-07,0.0,0.0
PRSS23,0.2212104,0.0,0.0
PRSS3,0.23477702,0.0,-1.0
PRSS33,5.3948684e-14,0.0,0.0
PRSS35,0.00019047527,0.0,0.0
PRSS38,1.0458178e-09,0.0,-1.0
PRSS45P,0.0010534027,0.0,0.0
PRSS46P,1.15211215e-07,0.0,0.0
PRSS48,0.0021541303,0.0,0.0
PRSS50,0.0034213527,0.0,0.0
PRSS56,0.043238387,0.0,0.0
PRSS8,8.883738e-09,0.0,-1.0
PRTFDC1,0.03215806,0.0,0.0
PRTN3,0.21392262,0.0,0.0
PRUNE2,0.049559817,0.0,-1.0
PRX,0.63122034,1.0,-1.0
PRXL2A,0.004983634,0.0,0.0
PRXL2B,0.040766396,0.0,-1.0
PRXL2C,3.37862e-07,0.0,0.0
PSAP,0.4535352,0.0,-1.0
PSAT1,0.19793312,0.0,-1.0
PSCA,0.0022757633,0.0,-1.0
PSD,0.01310746,0.0,0.0
PSD2,0.00084179617,0.0,0.0
PSD3,0.1128533,0.0,0.0
PSD4,0.007964447,0.0,0.0
PSEN1,0.9302354,1.0,-1.0
PSEN2,0.7960569,1.0,-1.0
PSENEN,0.12407061,0.0,-1.0
PSG1,1.9489758e-05,0.0,0.0
PSG11,0.0016506166,0.0,0.0
PSG2,0.0049562096,0.0,0.0
PSG3,0.0354213,0.0,0.0
PSG4,4.7497444e-05,0.0,0.0
PSG5,0.001377202,0.0,0.0
PSG6,2.688437e-08,0.0,0.0
PSG9,0.029389625,0.0,0.0
PSIP1,0.38598442,0.0,1.0
PSKH1,0.0679549,0.0,0.0
PSKH2,0.016920703,0.0,0.0
PSMA1,0.43454868,0.0,0.0
PSMA2,0.13066795,0.0,0.0
PSMA3,0.022681115,0.0,0.0
PSMA4,0.11708319,0.0,0.0
PSMA5,0.31216508,0.0,-1.0
PSMA6,0.14592622,0.0,0.0
PSMA7,0.18282744,0.0,0.0
PSMA8,0.093226306,0.0,0.0
PSMB1,0.17979777,0.0,0.0
PSMB10,0.03212678,0.0,0.0
PSMB11,0.025614616,0.0,0.0
PSMB2,0.17679164,0.0,0.0
PSMB3,0.09935569,0.0,0.0
PSMB4,0.14364775,0.0,0.0
PSMB5,0.15834361,0.0,0.0
PSMB6,0.16867426,0.0,0.0
PSMB7,0.1090609,0.0,0.0
PSMB8,0.060827192,0.0,0.0
PSMB9,0.011999383,0.0,0.0
PSMC1,0.27763134,0.0,0.0
PSMC2,0.27044725,0.0,0.0
PSMC3,0.23125136,0.0,-1.0
PSMC3IP,0.234855,0.0,0.0
PSMC4,0.20700926,0.0,0.0
PSMC5,0.47443452,0.0,0.0
PSMC6,0.21172385,0.0,0.0
PSMD1,0.21572173,0.0,0.0
PSMD10,0.16992566,0.0,0.0
PSMD11,0.37266305,0.0,0.0
PSMD12,0.15290025,0.0,0.0
PSMD13,0.13542286,0.0,0.0
PSMD14,0.1803379,0.0,0.0
PSMD2,0.5975491,1.0,-1.0
PSMD3,0.20953225,0.0,0.0
PSMD4,0.36128506,0.0,0.0
PSMD5,0.28526968,0.0,0.0
PSMD6,0.17761439,0.0,0.0
PSMD7,0.16017039,0.0,0.0
PSMD8,0.08554046,0.0,-1.0
PSMD9,0.18997398,0.0,0.0
PSME1,0.12258828,0.0,0.0
PSME2,0.12547025,0.0,0.0
PSME3,0.39417696,0.0,0.0
PSME3IP1,0.30769825,0.0,0.0
PSME4,0.10701773,0.0,0.0
PSMF1,0.15137736,0.0,-1.0
PSMG1,0.16817057,0.0,0.0
PSMG2,0.11478031,0.0,0.0
PSMG3,0.09053592,0.0,0.0
PSMG4,0.0160193,0.0,-1.0
PSORS1C2,0.0054283617,0.0,-1.0
PSPC1,0.20460896,0.0,0.0
PSPH,0.06260943,0.0,-1.0
PSPN,1.7373301e-14,0.0,0.0
PSRC1,0.17033751,0.0,0.0
PSTPIP1,0.8370506,1.0,0.0
PSTPIP2,0.49815562,0.0,0.0
PTAFR,0.14712901,0.0,0.0
PTAR1,0.043286163,0.0,0.0
PTBP1,0.2153309,0.0,-1.0
PTBP2,0.094691254,0.0,0.0
PTBP3,0.07255463,0.0,0.0
PTCD1,0.054192666,0.0,0.0
PTCD2,0.021452917,0.0,0.0
PTCD3,0.16865878,0.0,0.0
PTCH1,0.7390216,1.0,1.0
PTCH2,0.12873712,0.0,-1.0
PTCRA,0.00030566263,0.0,-1.0
PTDSS1,0.008788022,0.0,-1.0
PTDSS2,0.007940623,0.0,0.0
PTEN,0.9722931,1.0,1.0
PTER,0.052984428,0.0,0.0
PTF1A,0.0018653122,0.0,-1.0
PTGDR,0.033584252,0.0,0.0
PTGDR2,0.020630458,0.0,-1.0
PTGDS,0.042731754,0.0,0.0
PTGER1,0.0012136793,0.0,-1.0
PTGER2,0.040605634,0.0,-1.0
PTGER3,0.027890462,0.0,-1.0
PTGER4,0.2657767,0.0,-1.0
PTGES,0.022715311,0.0,0.0
PTGES2,0.0004695652,0.0,0.0
PTGES3,0.40011287,0.0,0.0
PTGES3L-AARSD1,0.3514817,0.0,0.0
PTGFR,0.004612954,0.0,-1.0
PTGFRN,0.19303823,0.0,-1.0
PTGIR,0.05383779,0.0,0.0
PTGIS,0.009829615,0.0,-1.0
PTGR1,0.038085338,0.0,0.0
PTGR2,0.049595855,0.0,-1.0
PTGS1,0.0016910102,0.0,-1.0
PTGS2,0.16192085,0.0,-1.0
PTH,1.627614e-05,0.0,-1.0
PTH1R,0.013331299,0.0,-1.0
PTH2,5.993052e-13,0.0,0.0
PTH2R,2.4462945e-09,0.0,0.0
PTHLH,0.16864276,0.0,-1.0
PTK2,0.9669915,1.0,-1.0
PTK2B,0.93976605,1.0,-1.0
PTK6,0.7372865,1.0,1.0
PTK7,0.08711088,0.0,-1.0
PTMA,0.18724719,0.0,-1.0
PTMS,0.10954855,0.0,0.0
PTN,0.027160337,0.0,-1.0
PTOV1,0.3546051,0.0,0.0
PTP4A1,0.09215353,0.0,-1.0
PTP4A2,0.07527652,0.0,0.0
PTP4A3,0.18842833,0.0,-1.0
PTPA,0.1671404,0.0,-1.0
PTPDC1,0.031451818,0.0,-1.0
PTPMT1,0.003662572,0.0,0.0
PTPN1,0.2484756,0.0,1.0
PTPN11,0.98691297,1.0,1.0
PTPN12,0.8568394,1.0,-1.0
PTPN13,0.48908356,0.0,1.0
PTPN14,0.4858723,0.0,-1.0
PTPN18,0.6586968,1.0,0.0
PTPN2,0.07805308,0.0,1.0
PTPN21,0.08420964,0.0,-1.0
PTPN22,0.6988649,1.0,-1.0
PTPN23,0.24398124,0.0,0.0
PTPN3,0.24848813,0.0,0.0
PTPN4,0.5979021,1.0,0.0
PTPN5,0.07887969,0.0,0.0
PTPN6,0.7039606,1.0,1.0
PTPN7,0.10921119,0.0,-1.0
PTPN9,0.056504663,0.0,-1.0
PTPRA,0.5666748,1.0,-1.0
PTPRB,0.7281343,1.0,1.0
PTPRC,0.9357187,1.0,1.0
PTPRCAP,0.10183401,0.0,0.0
PTPRD,0.78296065,1.0,1.0
PTPRE,0.3011837,0.0,-1.0
PTPRF,0.6649784,1.0,0.0
PTPRG,0.44681972,0.0,-1.0
PTPRJ,0.9429292,1.0,-1.0
PTPRK,0.7565352,1.0,1.0
PTPRM,0.2557245,0.0,0.0
PTPRN,0.52191436,1.0,0.0
PTPRN2,0.092779845,0.0,0.0
PTPRO,0.7652436,1.0,-1.0
PTPRQ,0.044501554,0.0,0.0
PTPRR,0.23016511,0.0,-1.0
PTPRS,0.6849489,1.0,1.0
PTPRT,0.47770765,0.0,1.0
PTPRU,0.4041682,0.0,-1.0
PTPRZ1,0.65818,1.0,0.0
PTRH1,0.009922341,0.0,0.0
PTRH2,0.13491848,0.0,0.0
PTRHD1,7.782675e-09,0.0,0.0
PTS,0.02386236,0.0,0.0
PTTG1,0.18038224,0.0,-1.0
PTTG1IP,0.022948677,0.0,-1.0
PTTG2,1.6030037e-07,0.0,0.0
PTX3,1.6189682e-05,0.0,-1.0
PUDP,0.003190279,0.0,0.0
PUF60,0.21633491,0.0,0.0
PUM1,0.3911816,0.0,0.0
PUM2,0.0040052133,0.0,0.0
PUM3,0.07316983,0.0,0.0
PURA,0.13012685,0.0,0.0
PURB,0.17186089,0.0,0.0
PURG,6.7368684e-14,0.0,0.0
PUS1,0.07006763,0.0,-1.0
PUS10,7.149106e-08,0.0,-1.0
PUS7,0.11049398,0.0,0.0
PUS7L,0.11559767,0.0,0.0
PUSL1,0.04463615,0.0,0.0
PVR,0.00041481643,0.0,0.0
PVRIG,0.41737694,0.0,-1.0
PWP1,0.119285814,0.0,0.0
PWP2,0.14072414,0.0,0.0
PWWP2A,0.18116798,0.0,-1.0
PWWP2B,0.03798939,0.0,0.0
PXDC1,0.110783145,0.0,0.0
PXDN,0.22545232,0.0,-1.0
PXDNL,0.0060040313,0.0,-1.0
PXK,0.045305636,0.0,0.0
PXMP2,0.004202324,0.0,0.0
PXMP4,2.1841826e-09,0.0,-1.0
PXN,0.9749354,1.0,-1.0
PXYLP1,0.25001714,0.0,0.0
PYCARD,0.7085081,1.0,-1.0
PYCR1,0.09906494,0.0,-1.0
PYCR2,0.14013131,0.0,-1.0
PYCR3,0.30451882,0.0,0.0
PYDC1,0.1374888,0.0,0.0
PYDC2,0.07972539,0.0,0.0
PYGB,0.1614263,0.0,0.0
PYGL,0.1308894,0.0,-1.0
PYGM,0.09910758,0.0,-1.0
PYGO1,0.4171025,0.0,0.0
PYGO2,0.34890065,0.0,0.0
PYHIN1,0.7161003,1.0,0.0
PYM1,0.11264479,0.0,0.0
PYROXD1,0.0084150275,0.0,0.0
PYROXD2,0.0017876874,0.0,0.0
PYURF,1.5065348e-09,0.0,0.0
PYY,0.38606456,0.0,-1.0
QDPR,0.047889624,0.0,-1.0
QKI,0.22140326,0.0,1.0
QPCT,0.11921923,0.0,0.0
QPCTL,0.14783898,0.0,0.0
QPRT,0.07675144,0.0,-1.0
QRFP,8.116511e-08,0.0,0.0
QRFPR,1.4072386e-06,0.0,0.0
QRICH1,0.45121875,0.0,0.0
QRICH2,0.037509877,0.0,0.0
QRSL1,0.006541096,0.0,0.0
QSER1,0.442234,0.0,0.0
QSOX1,0.038895283,0.0,0.0
QSOX2,0.03843122,0.0,0.0
QTRT1,0.15760753,0.0,0.0
QTRT2,0.13660513,0.0,0.0
R3HCC1,0.050105054,0.0,0.0
R3HCC1L,0.20375356,0.0,0.0
R3HDM1,0.31793097,0.0,0.0
R3HDM2,0.25963718,0.0,0.0
R3HDM4,2.7398778e-08,0.0,-1.0
R3HDML,3.783623e-09,0.0,0.0
RAB10,0.055025395,0.0,0.0
RAB11A,0.49723515,0.0,-1.0
RAB11B,0.27849394,0.0,0.0
RAB11FIP1,0.1929041,0.0,0.0
RAB11FIP2,0.27735525,0.0,0.0
RAB11FIP3,0.10631276,0.0,0.0
RAB11FIP4,0.117266595,0.0,0.0
RAB11FIP5,0.38814405,0.0,0.0
RAB12,0.021188945,0.0,0.0
RAB13,0.26293412,0.0,0.0
RAB14,0.1996529,0.0,-1.0
RAB15,0.02095477,0.0,0.0
RAB17,0.008524134,0.0,0.0
RAB18,0.14694078,0.0,0.0
RAB19,0.0035645524,0.0,0.0
RAB1A,0.10285756,0.0,-1.0
RAB1B,0.005494973,0.0,0.0
RAB21,0.09925149,0.0,0.0
RAB22A,0.085328065,0.0,0.0
RAB23,0.06448011,0.0,0.0
RAB24,0.033246573,0.0,0.0
RAB25,0.20310706,0.0,0.0
RAB26,0.0024044744,0.0,0.0
RAB27A,0.3355029,0.0,-1.0
RAB27B,0.12266753,0.0,-1.0
RAB28,0.043884546,0.0,0.0
RAB29,0.04852608,0.0,0.0
RAB2A,0.21953595,0.0,0.0
RAB2B,0.14819063,0.0,0.0
RAB30,0.04328866,0.0,0.0
RAB31,0.0087000765,0.0,-1.0
RAB32,0.045182873,0.0,0.0
RAB33A,0.025474848,0.0,0.0
RAB33B,0.10770451,0.0,0.0
RAB34,0.08113869,0.0,0.0
RAB35,0.16588847,0.0,1.0
RAB36,2.3783903e-05,0.0,0.0
RAB37,0.16398604,0.0,0.0
RAB38,0.096166745,0.0,0.0
RAB39A,0.017199464,0.0,0.0
RAB39B,0.03942641,0.0,-1.0
RAB3A,0.11669096,0.0,0.0
RAB3B,0.042276878,0.0,0.0
RAB3C,0.0037534733,0.0,0.0
RAB3D,0.026612889,0.0,0.0
RAB3GAP1,0.1377205,0.0,0.0
RAB3GAP2,0.09736647,0.0,0.0
RAB3IL1,0.0053232852,0.0,0.0
RAB3IP,0.17557466,0.0,0.0
RAB40A,0.01212093,0.0,-1.0
RAB40AL,0.019708358,0.0,0.0
RAB40B,0.008648662,0.0,0.0
RAB40C,0.024244111,0.0,0.0
RAB41,0.0066927657,0.0,0.0
RAB43,0.033045404,0.0,0.0
RAB4A,0.15460767,0.0,0.0
RAB4B,0.026597995,0.0,0.0
RAB5A,0.20225397,0.0,0.0
RAB5B,0.14115866,0.0,0.0
RAB5C,0.21902362,0.0,-1.0
RAB5IF,0.04262143,0.0,0.0
RAB6A,0.120077215,0.0,0.0
RAB6B,0.1039588,0.0,0.0
RAB6C,0.0112889195,0.0,0.0
RAB7A,0.0719723,0.0,-1.0
RAB7B,0.02906473,0.0,0.0
RAB8A,0.11645751,0.0,-1.0
RAB8B,0.084464505,0.0,0.0
RAB9A,0.186907,0.0,0.0
RAB9B,0.02343612,0.0,0.0
RABAC1,0.336333,0.0,0.0
RABEP1,0.68894964,1.0,1.0
RABEP2,0.11663876,0.0,0.0
RABEPK,0.042056963,0.0,-1.0
RABGAP1,0.47234344,0.0,0.0
RABGAP1L,0.040068388,0.0,-1.0
RABGEF1,0.39768422,0.0,-1.0
RABGGTA,0.03855213,0.0,0.0
RABGGTB,0.16445252,0.0,-1.0
RABIF,0.059418812,0.0,-1.0
RABL2A,0.0005919033,0.0,0.0
RABL2B,2.9882047e-12,0.0,0.0
RABL3,0.030297363,0.0,0.0
RABL6,0.15073425,0.0,0.0
RAC1,0.8814462,1.0,1.0
RAC2,0.64899963,1.0,1.0
RAC3,0.17076077,0.0,-1.0
RACGAP1,0.5109229,1.0,-1.0
RACK1,0.65131724,1.0,-1.0
RAD1,0.041111197,0.0,-1.0
RAD17,0.16844547,0.0,1.0
RAD18,0.19412902,0.0,0.0
RAD21,0.42640758,0.0,1.0
RAD21L1,3.0682344e-07,0.0,0.0
RAD23A,0.46886846,0.0,-1.0
RAD23B,0.27962598,0.0,-1.0
RAD50,0.6741487,1.0,1.0
RAD51,0.6925301,1.0,1.0
RAD51AP1,0.13234656,0.0,0.0
RAD51AP2,1.1725571e-12,0.0,0.0
RAD51B,0.11900653,0.0,1.0
RAD51C,0.19659889,0.0,1.0
RAD51D,0.4306812,0.0,1.0
RAD52,0.2767701,0.0,-1.0
RAD54B,0.39708668,0.0,0.0
RAD54L,0.2286506,0.0,-1.0
RAD54L2,0.36940414,0.0,0.0
RAD9A,0.13862918,0.0,-1.0
RAD9B,0.0045739966,0.0,0.0
RADIL,0.27702925,0.0,-1.0
RADX,0.12446981,0.0,0.0
RAE1,0.35044876,0.0,0.0
RAET1E,3.9300117e-12,0.0,0.0
RAET1G,5.8846634e-09,0.0,0.0
RAET1L,9.238493e-08,0.0,0.0
RAF1,0.94338185,1.0,1.0
RAG1,0.057367686,0.0,-1.0
RAG2,0.00065920776,0.0,-1.0
RAI1,0.54339457,1.0,-1.0
RAI14,0.34696436,0.0,0.0
RAI2,0.14742272,0.0,0.0
RALA,0.4253529,0.0,-1.0
RALB,0.14793527,0.0,-1.0
RALBP1,0.6503902,1.0,-1.0
RALGAPA1,0.094777435,0.0,-1.0
RALGAPA2,0.027729105,0.0,0.0
RALGAPB,0.09450446,0.0,0.0
RALGDS,0.7267317,1.0,-1.0
RALGPS1,0.024709439,0.0,0.0
RALGPS2,0.17606667,0.0,-1.0
RALY,0.6896098,1.0,-1.0
RALYL,0.12615275,0.0,-1.0
RAMAC,0.020482982,0.0,0.0
RAMP1,1.8499768e-06,0.0,-1.0
RAMP2,1.2259727e-07,0.0,0.0
RAMP3,1.7843663e-06,0.0,0.0
RAN,0.41094738,0.0,-1.0
RANBP1,0.10415318,0.0,0.0
RANBP10,0.15216593,0.0,-1.0
RANBP17,0.007878567,0.0,-1.0
RANBP2,0.7283838,1.0,1.0
RANBP3,0.28420293,0.0,0.0
RANBP3L,0.004135655,0.0,0.0
RANBP6,0.09900219,0.0,-1.0
RANBP9,0.38873133,0.0,-1.0
RANGAP1,0.69372994,1.0,0.0
RANGRF,0.010985621,0.0,0.0
RAP1A,0.8108667,1.0,-1.0
RAP1B,0.5362798,1.0,-1.0
RAP1GAP,0.5912038,1.0,-1.0
RAP1GAP2,0.02938919,0.0,0.0
RAP1GDS1,0.38317314,0.0,1.0
RAP2A,0.4975715,0.0,-1.0
RAP2B,0.1681179,0.0,-1.0
RAP2C,0.007238268,0.0,0.0
RAPGEF1,0.77447224,1.0,-1.0
RAPGEF2,0.40983805,0.0,0.0
RAPGEF3,0.0625639,0.0,-1.0
RAPGEF4,1.5510685e-05,0.0,0.0
RAPGEF5,0.047719184,0.0,-1.0
RAPGEF6,0.4094508,0.0,0.0
RAPGEFL1,0.04506021,0.0,0.0
RAPH1,0.15373637,0.0,-1.0
RAPSN,0.2905596,0.0,-1.0
RARA,0.90118015,1.0,1.0
RARB,0.61230356,1.0,-1.0
RARG,0.87282103,1.0,-1.0
RARRES2,0.00032139273,0.0,-1.0
RARS1,0.13132983,0.0,0.0
RARS2,0.0399046,0.0,0.0
RASA1,0.9655087,1.0,1.0
RASA2,0.06252175,0.0,-1.0
RASA3,0.19128524,0.0,-1.0
RASA4,0.027374636,0.0,0.0
RASAL1,0.018310532,0.0,-1.0
RASAL2,0.2509128,0.0,-1.0
RASAL3,0.11156832,0.0,0.0
RASD1,0.08094074,0.0,0.0
RASD2,0.2930946,0.0,0.0
RASEF,7.0938485e-16,0.0,0.0
RASGEF1A,1.8298144e-06,0.0,-1.0
RASGEF1B,0.00019284508,0.0,-1.0
RASGEF1C,0.0018938838,0.0,-1.0
RASGRF1,0.66930073,1.0,-1.0
RASGRF2,0.47877488,0.0,-1.0
RASGRP1,0.39091092,0.0,-1.0
RASGRP2,0.399858,0.0,-1.0
RASGRP3,0.13744517,0.0,-1.0
RASGRP4,0.0030219723,0.0,-1.0
RASIP1,0.37073743,0.0,0.0
RASL10A,0.15109512,0.0,0.0
RASL10B,0.16275387,0.0,0.0
RASL11B,0.015988227,0.0,-1.0
RASL12,0.1853791,0.0,0.0
RASSF1,0.7446671,1.0,-1.0
RASSF10,0.13465655,0.0,0.0
RASSF2,0.46310487,0.0,-1.0
RASSF3,0.24023409,0.0,0.0
RASSF4,0.20759253,0.0,0.0
RASSF5,0.6218298,1.0,-1.0
RASSF6,0.21846221,0.0,-1.0
RASSF7,0.53039926,1.0,0.0
RASSF8,0.45976615,0.0,-1.0
RASSF9,0.17837714,0.0,0.0
RAVER1,0.15408073,0.0,-1.0
RAVER2,0.069927104,0.0,0.0
RAX,0.005622643,0.0,0.0
RAX2,2.3404807e-09,0.0,-1.0
RB1,0.9774389,1.0,1.0
RB1CC1,0.8574905,1.0,-1.0
RBAK,0.2795897,0.0,0.0
RBBP4,0.66415995,1.0,-1.0
RBBP5,0.72293144,1.0,-1.0
RBBP6,0.4311748,0.0,-1.0
RBBP7,0.82134926,1.0,-1.0
RBBP8,0.005608882,0.0,-1.0
RBBP8NL,0.15631646,0.0,0.0
RBBP9,0.006325873,0.0,0.0
RBCK1,0.6097319,1.0,0.0
RBFA,0.076951966,0.0,0.0
RBFOX1,0.049075283,0.0,-1.0
RBFOX2,0.5299566,1.0,0.0
RBFOX3,0.0004103573,0.0,0.0
RBIS,0.006340968,0.0,0.0
RBKS,0.038799208,0.0,0.0
RBL1,0.90721583,1.0,-1.0
RBL2,0.66023225,1.0,-1.0
RBM10,0.43190742,0.0,1.0
RBM11,0.10158443,0.0,0.0
RBM12,0.10385429,0.0,-1.0
RBM12B,0.18599339,0.0,0.0
RBM14,0.38738412,0.0,0.0
RBM15,0.13797916,0.0,1.0
RBM15B,0.19851129,0.0,-1.0
RBM17,0.12618966,0.0,0.0
RBM18,3.6040274e-07,0.0,0.0
RBM19,0.03476378,0.0,0.0
RBM20,0.22890009,0.0,-1.0
RBM22,0.20284477,0.0,0.0
RBM23,0.05955882,0.0,0.0
RBM24,0.020673696,0.0,0.0
RBM25,0.27277628,0.0,-1.0
RBM26,0.41480926,0.0,-1.0
RBM27,0.09782719,0.0,-1.0
RBM28,0.113025576,0.0,0.0
RBM3,0.07963277,0.0,0.0
RBM33,0.20724279,0.0,0.0
RBM34,0.10045104,0.0,-1.0
RBM38,0.0039774277,0.0,0.0
RBM39,0.1970099,0.0,-1.0
RBM4,0.28700256,0.0,0.0
RBM41,0.06334119,0.0,0.0
RBM42,0.081968084,0.0,0.0
RBM43,0.0034571409,0.0,0.0
RBM45,0.16720526,0.0,0.0
RBM46,0.004817119,0.0,0.0
RBM47,0.025702437,0.0,0.0
RBM48,0.10048749,0.0,0.0
RBM4B,0.101747125,0.0,0.0
RBM5,0.118666,0.0,-1.0
RBM6,0.05420353,0.0,0.0
RBM7,0.2630402,0.0,-1.0
RBM8A,0.14338568,0.0,-1.0
RBMS1,0.0941138,0.0,0.0
RBMS2,0.16072112,0.0,0.0
RBMS3,0.023504075,0.0,0.0
RBMX,0.2546549,0.0,-1.0
RBMX2,0.025526982,0.0,-1.0
RBMXL1,0.08440018,0.0,0.0
RBMXL2,0.20124947,0.0,0.0
RBMXL3,0.0016457847,0.0,-1.0
RBMY1A1,0.044554494,0.0,0.0
RBMY1E,8.85657e-06,0.0,0.0
RBMY1J,0.0027923908,0.0,0.0
RBP1,0.03791482,0.0,-1.0
RBP2,0.00026497807,0.0,0.0
RBP3,0.07501387,0.0,0.0
RBP4,8.750123e-07,0.0,0.0
RBP5,0.025206866,0.0,0.0
RBP7,0.03527935,0.0,0.0
RBPJ,0.8363648,1.0,-1.0
RBPJL,0.00039219225,0.0,0.0
RBPMS,0.38527024,0.0,0.0
RBPMS2,0.017318735,0.0,0.0
RBSN,0.20107605,0.0,0.0
RBX1,0.7892397,1.0,-1.0
RC3H1,0.14094158,0.0,0.0
RC3H2,0.058033478,0.0,0.0
RCAN1,0.19150235,0.0,0.0
RCAN2,0.020013623,0.0,-1.0
RCAN3,0.19271113,0.0,0.0
RCBTB1,0.12716405,0.0,0.0
RCBTB2,0.16551861,0.0,0.0
RCC1,0.7335432,1.0,-1.0
RCC1L,0.0044809356,0.0,0.0
RCC2,0.17337492,0.0,-1.0
RCCD1,3.5400576e-06,0.0,0.0
RCE1,0.0015080215,0.0,0.0
RCHY1,0.00043693333,0.0,-1.0
RCL1,0.09042251,0.0,-1.0
RCN1,0.14879923,0.0,0.0
RCN2,0.20041914,0.0,0.0
RCN3,0.14649293,0.0,0.0
RCOR1,0.5379326,1.0,0.0
RCOR2,0.20973368,0.0,0.0
RCOR3,0.65150064,1.0,0.0
RCSD1,0.054741498,0.0,0.0
RCVRN,0.04218866,0.0,0.0
RD3,0.071918905,0.0,-1.0
RD3L,1.08802134e-10,0.0,0.0
RDH10,0.03508862,0.0,0.0
RDH11,0.007865056,0.0,0.0
RDH12,0.0031868995,0.0,-1.0
RDH13,0.00073885266,0.0,0.0
RDH14,1.1004521e-05,0.0,0.0
RDH5,4.211851e-08,0.0,0.0
RDH8,0.0017781893,0.0,0.0
RDM1,0.0030187103,0.0,0.0
RDX,0.61706483,1.0,-1.0
REC8,0.23977417,0.0,0.0
RECK,0.09449945,0.0,-1.0
RECQL,0.42532653,0.0,1.0
RECQL4,0.035709236,0.0,1.0
RECQL5,0.1913094,0.0,-1.0
REEP1,0.1501854,0.0,-1.0
REEP2,0.0058191433,0.0,0.0
REEP3,0.067730926,0.0,0.0
REEP4,0.030420816,0.0,0.0
REEP5,0.010999676,0.0,-1.0
REEP6,0.02860935,0.0,0.0
REG1A,0.00045973982,0.0,-1.0
REG1B,0.0017419045,0.0,0.0
REG3A,0.0017153575,0.0,-1.0
REL,0.7295707,1.0,1.0
RELA,0.96723914,1.0,-1.0
RELB,0.36024702,0.0,-1.0
RELCH,0.035787992,0.0,0.0
RELL1,0.043316323,0.0,0.0
RELL2,2.837539e-06,0.0,0.0
RELN,0.85599524,1.0,-1.0
RELT,0.08213059,0.0,0.0
REM1,0.0032345592,0.0,-1.0
REM2,0.0024028062,0.0,0.0
REN,0.05463238,0.0,-1.0
RENBP,0.012280712,0.0,0.0
REP15,0.006234801,0.0,0.0
REPIN1,0.16586712,0.0,0.0
REPS1,0.4013188,0.0,0.0
REPS2,0.26865703,0.0,-1.0
RER1,0.015168372,0.0,0.0
RERE,0.47514418,0.0,-1.0
RESF1,0.18186954,0.0,-1.0
REST,0.45562825,0.0,1.0
RET,0.6351301,1.0,1.0
RETN,0.00015240678,0.0,0.0
RETSAT,0.018001588,0.0,0.0
REV1,0.22784805,0.0,0.0
REV3L,0.31836852,0.0,-1.0
REX1BD,0.049828168,0.0,0.0
REXO1,0.019028751,0.0,0.0
REXO2,0.041630253,0.0,0.0
REXO4,0.036735438,0.0,0.0
RFC1,0.19799712,0.0,-1.0
RFC2,0.16964714,0.0,0.0
RFC3,0.12231373,0.0,-1.0
RFC4,0.21957842,0.0,-1.0
RFC5,0.1451979,0.0,-1.0
RFESD,1.6935459e-05,0.0,0.0
RFFL,0.07105486,0.0,0.0
RFK,0.010736566,0.0,0.0
RFPL1,1.7545038e-06,0.0,0.0
RFPL2,0.010532197,0.0,0.0
RFPL3,1.1743712e-06,0.0,0.0
RFPL4A,0.0004894089,0.0,0.0
RFPL4B,0.09471917,0.0,0.0
RFT1,0.012165603,0.0,-1.0
RFTN1,0.04566874,0.0,-1.0
RFTN2,2.0556577e-12,0.0,0.0
RFWD3,0.19194621,0.0,1.0
RFX1,0.63922405,1.0,0.0
RFX2,0.41860074,0.0,-1.0
RFX3,0.5919939,1.0,0.0
RFX4,0.07656533,0.0,0.0
RFX5,0.080085024,0.0,-1.0
RFX6,0.37219137,0.0,-1.0
RFX7,0.07960019,0.0,-1.0
RFXANK,0.09286205,0.0,-1.0
RFXAP,0.05271191,0.0,-1.0
RGCC,0.07574405,0.0,-1.0
RGL1,0.23805228,0.0,-1.0
RGL2,0.13787176,0.0,0.0
RGL3,0.0007156054,0.0,0.0
RGL4,0.22348014,0.0,0.0
RGMA,0.21651742,0.0,0.0
RGMB,0.0029464765,0.0,0.0
RGN,0.080898754,0.0,0.0
RGP1,0.003998966,0.0,0.0
RGPD1,0.056124426,0.0,0.0
RGPD2,0.062044423,0.0,0.0
RGPD3,0.111797914,0.0,1.0
RGPD4,0.15864342,0.0,0.0
RGPD6,0.075969316,0.0,0.0
RGPD8,0.101102106,0.0,0.0
RGR,2.0020643e-09,0.0,-1.0
RGS1,0.07985994,0.0,-1.0
RGS10,0.035052136,0.0,0.0
RGS11,0.11654911,0.0,0.0
RGS12,0.12191439,0.0,-1.0
RGS13,0.093899526,0.0,0.0
RGS14,0.42955378,0.0,0.0
RGS16,0.20260337,0.0,0.0
RGS17,5.6582044e-06,0.0,-1.0
RGS18,0.02272034,0.0,-1.0
RGS19,0.060613856,0.0,-1.0
RGS2,0.15624803,0.0,-1.0
RGS20,0.002250941,0.0,0.0
RGS22,0.055393502,0.0,0.0
RGS3,0.56930435,1.0,-1.0
RGS4,0.1862011,0.0,0.0
RGS5,0.090713896,0.0,0.0
RGS6,0.03526194,0.0,0.0
RGS7,0.3241991,0.0,1.0
RGS7BP,2.7837874e-05,0.0,0.0
RGS8,0.06668429,0.0,0.0
RGS9,4.01624e-06,0.0,0.0
RGS9BP,6.324047e-05,0.0,0.0
RGSL1,0.12224462,0.0,0.0
RHAG,4.2593616e-08,0.0,0.0
RHBDD1,0.014388313,0.0,0.0
RHBDD2,0.0128846485,0.0,0.0
RHBDD3,0.081889644,0.0,0.0
RHBDF1,0.042227346,0.0,0.0
RHBDF2,0.00011851441,0.0,-1.0
RHBDL1,0.0132213235,0.0,0.0
RHBDL2,3.9053427e-07,0.0,0.0
RHBDL3,3.913144e-05,0.0,0.0
RHBG,7.627127e-08,0.0,-1.0
RHD,2.1208502e-09,0.0,0.0
RHEB,0.39441913,0.0,1.0
RHEBL1,0.21653377,0.0,0.0
RHEX,0.06780414,0.0,0.0
RHNO1,0.026524296,0.0,0.0
RHO,0.0115956245,0.0,-1.0
RHOA,0.94393265,1.0,1.0
RHOB,0.363015,0.0,-1.0
RHOBTB1,0.12590696,0.0,-1.0
RHOBTB2,0.46890458,0.0,-1.0
RHOBTB3,0.2628261,0.0,-1.0
RHOC,0.18366115,0.0,-1.0
RHOD,0.16141808,0.0,0.0
RHOF,0.060707714,0.0,-1.0
RHOG,0.10197634,0.0,-1.0
RHOH,0.31117705,0.0,1.0
RHOJ,0.19845967,0.0,0.0
RHOQ,0.013152917,0.0,0.0
RHOT1,0.17122436,0.0,0.0
RHOT2,0.22179297,0.0,0.0
RHOU,2.7210518e-15,0.0,0.0
RHOV,0.0022510986,0.0,0.0
RHOXF1,0.0117204115,0.0,0.0
RHOXF2,0.031626623,0.0,0.0
RHPN1,0.05823714,0.0,0.0
RHPN2,0.3489688,0.0,-1.0
RIBC1,0.014967236,0.0,0.0
RIBC2,0.092678875,0.0,0.0
RIC1,0.07324721,0.0,0.0
RIC3,0.030653566,0.0,0.0
RIC8A,0.20012976,0.0,0.0
RIC8B,0.330247,0.0,0.0
RICTOR,0.55870646,1.0,1.0
RIF1,0.92003775,1.0,0.0
RILP,0.05542856,0.0,0.0
RILPL1,0.0032006877,0.0,0.0
RILPL2,0.0015087762,0.0,0.0
RIMBP2,0.19581373,0.0,-1.0
RIMBP3,0.11901326,0.0,0.0
RIMBP3C,1.7278951e-18,0.0,0.0
RIMKLA,0.00013467288,0.0,0.0
RIMKLB,0.3521875,0.0,0.0
RIMOC1,0.0658954,0.0,0.0
RIMS1,0.77613556,1.0,-1.0
RIMS2,0.47155765,0.0,-1.0
RIMS3,0.15126705,0.0,0.0
RIMS4,0.0066656307,0.0,0.0
RIN1,0.6201321,1.0,0.0
RIN2,0.23114724,0.0,0.0
RIN3,0.005238387,0.0,0.0
RING1,0.60624546,1.0,0.0
RINT1,0.62483567,1.0,0.0
RIOK1,0.08310772,0.0,0.0
RIOK2,0.106194526,0.0,-1.0
RIOK3,0.123323485,0.0,0.0
RIPK1,0.7007301,1.0,-1.0
RIPK2,0.33966827,0.0,-1.0
RIPK3,0.39835852,0.0,0.0
RIPK4,0.27017954,0.0,0.0
RIPOR3,0.028566103,0.0,0.0
RIPPLY1,0.030674903,0.0,0.0
RIPPLY2,0.042388797,0.0,0.0
RIPPLY3,0.001096752,0.0,0.0
RIT1,0.33374935,0.0,1.0
RIT2,0.34481943,0.0,-1.0
RITA1,0.36882377,0.0,0.0
RLBP1,0.00026869794,0.0,-1.0
RLF,0.2834093,0.0,-1.0
RLIM,0.5782596,1.0,-1.0
RLN1,2.2903133e-07,0.0,0.0
RLN2,8.9803684e-09,0.0,-1.0
RLN3,3.192961e-17,0.0,0.0
RMC1,0.20148253,0.0,0.0
RMDN1,0.119554766,0.0,-1.0
RMDN2,0.00926786,0.0,0.0
RMDN3,0.15276928,0.0,0.0
RMI1,0.4476069,0.0,0.0
RMI2,0.031675145,0.0,1.0
RMND1,0.008682463,0.0,0.0
RMND5A,0.019682936,0.0,0.0
RMND5B,0.096949786,0.0,-1.0
RNASE1,0.017363602,0.0,0.0
RNASE10,2.1460723e-05,0.0,-1.0
RNASE11,3.8064623e-08,0.0,-1.0
RNASE13,0.41752595,0.0,0.0
RNASE2,0.116452605,0.0,0.0
RNASE3,6.964276e-08,0.0,0.0
RNASE4,1.9803292e-09,0.0,-1.0
RNASE6,2.9254322e-06,0.0,0.0
RNASE7,0.023971044,0.0,0.0
RNASEH1,0.020594638,0.0,0.0
RNASEH2A,0.050557308,0.0,0.0
RNASEH2B,0.12311428,0.0,0.0
RNASEH2C,0.108681664,0.0,0.0
RNASEK-C17orf49,1.4476257e-05,0.0,0.0
RNASEL,0.11573076,0.0,-1.0
RNASET2,0.033283755,0.0,-1.0
RND1,0.45079544,0.0,0.0
RND2,0.009680291,0.0,0.0
RND3,0.15685755,0.0,-1.0
RNF10,0.1459443,0.0,0.0
RNF103,0.020606458,0.0,-1.0
RNF103-CHMP3,0.13430133,0.0,0.0
RNF11,0.3621111,0.0,-1.0
RNF111,0.24904807,0.0,-1.0
RNF113A,0.10018754,0.0,0.0
RNF113B,0.001098752,0.0,0.0
RNF114,0.025085656,0.0,0.0
RNF115,0.00078539946,0.0,0.0
RNF121,0.00079066877,0.0,0.0
RNF122,0.031066544,0.0,0.0
RNF123,0.07294536,0.0,0.0
RNF125,0.06470856,0.0,0.0
RNF126,0.22360428,0.0,0.0
RNF128,0.10193209,0.0,0.0
RNF13,0.17388228,0.0,0.0
RNF130,0.038992435,0.0,0.0
RNF133,0.010465604,0.0,0.0
RNF135,0.04852696,0.0,0.0
RNF138,0.13871633,0.0,0.0
RNF139,0.061130803,0.0,-1.0
RNF14,0.020693265,0.0,0.0
RNF141,0.014001896,0.0,0.0
RNF144A,0.055603083,0.0,0.0
RNF144B,0.10390107,0.0,-1.0
RNF146,0.13383889,0.0,-1.0
RNF149,0.089038126,0.0,0.0
RNF150,0.017069079,0.0,0.0
RNF151,0.10666862,0.0,0.0
RNF152,0.0068710237,0.0,0.0
RNF157,5.962575e-13,0.0,-1.0
RNF165,0.058563665,0.0,0.0
RNF166,0.079939894,0.0,0.0
RNF167,0.0059733586,0.0,0.0
RNF168,0.14473459,0.0,-1.0
RNF169,0.19556275,0.0,0.0
RNF17,9.145141e-06,0.0,0.0
RNF170,0.13875286,0.0,0.0
RNF175,1.8192324e-05,0.0,0.0
RNF180,0.006634897,0.0,0.0
RNF181,0.057307057,0.0,0.0
RNF182,0.0056705265,0.0,0.0
RNF183,0.012670514,0.0,0.0
RNF185,0.02292716,0.0,-1.0
RNF186,3.3582162e-06,0.0,-1.0
RNF187,0.019898789,0.0,0.0
RNF19A,0.062614955,0.0,0.0
RNF19B,0.035127357,0.0,0.0
RNF2,0.7439601,1.0,0.0
RNF20,0.35878175,0.0,-1.0
RNF207,0.038282815,0.0,-1.0
RNF208,0.024991745,0.0,0.0
RNF213,0.12107293,0.0,1.0
RNF214,0.11790794,0.0,0.0
RNF216,0.2828104,0.0,-1.0
RNF217,0.00045572667,0.0,-1.0
RNF220,0.026964799,0.0,-1.0
RNF222,1.513957e-14,0.0,0.0
RNF24,0.00017933857,0.0,0.0
RNF25,0.022431877,0.0,0.0
RNF26,0.02441644,0.0,-1.0
RNF31,0.73341376,1.0,0.0
RNF32,0.18751808,0.0,0.0
RNF34,0.0958298,0.0,0.0
RNF38,0.055054437,0.0,0.0
RNF39,0.015622106,0.0,0.0
RNF4,0.013325216,0.0,-1.0
RNF40,0.58550423,1.0,-1.0
RNF41,0.046632167,0.0,0.0
RNF43,0.5825747,1.0,1.0
RNF5,0.15434481,0.0,0.0
RNF6,0.04960842,0.0,-1.0
RNF7,0.3283203,0.0,-1.0
RNF8,0.21990302,0.0,0.0
RNFT1,0.0001956305,0.0,-1.0
RNFT2,0.14723131,0.0,0.0
RNGTT,0.1029818,0.0,0.0
RNH1,0.24404162,0.0,0.0
RNLS,0.00019354673,0.0,0.0
RNMT,0.14206961,0.0,0.0
RNPC3,0.0076263184,0.0,0.0
RNPEP,0.026671069,0.0,0.0
RNPS1,0.18509674,0.0,0.0
RO60,0.12896226,0.0,-1.0
ROBO1,0.5299959,1.0,1.0
ROBO2,0.2752618,0.0,1.0
ROBO3,0.08160227,0.0,-1.0
ROBO4,0.4960353,0.0,0.0
ROCK1,0.7091397,1.0,-1.0
ROCK2,0.39998043,0.0,-1.0
ROGDI,0.40941778,0.0,0.0
ROM1,0.0025308814,0.0,-1.0
ROMO1,0.0077008125,0.0,0.0
ROPN1,3.619624e-07,0.0,0.0
ROPN1B,3.5571458e-16,0.0,0.0
ROPN1L,0.002033513,0.0,0.0
ROR1,0.078679636,0.0,-1.0
ROR2,0.10067669,0.0,-1.0
RORA,0.2085171,0.0,0.0
RORB,0.489318,0.0,0.0
RORC,0.14238657,0.0,-1.0
ROS1,0.60294116,1.0,1.0
RP1,0.13001783,0.0,-1.0
RP1L1,0.00515883,0.0,-1.0
RP2,0.050014075,0.0,-1.0
RP9,0.084121786,0.0,-1.0
RPA1,0.38958365,0.0,-1.0
RPA2,0.7865522,1.0,-1.0
RPA3,0.5908158,1.0,-1.0
RPA4,0.06858037,0.0,0.0
RPAIN,0.17286535,0.0,-1.0
RPAP1,0.11986907,0.0,0.0
RPAP2,0.14111611,0.0,0.0
RPAP3,0.27357414,0.0,0.0
RPE,0.09049462,0.0,-1.0
RPE65,5.6976137e-15,0.0,-1.0
RPF1,0.03681483,0.0,0.0
RPF2,0.10621935,0.0,0.0
RPGR,0.1372951,0.0,-1.0
RPGRIP1,0.11486531,0.0,-1.0
RPGRIP1L,0.15887657,0.0,-1.0
RPH3A,0.18044363,0.0,-1.0
RPH3AL,0.0022805291,0.0,-1.0
RPIA,0.04923496,0.0,-1.0
RPL10,0.2432265,0.0,1.0
RPL10A,0.1473109,0.0,0.0
RPL10L,0.09474154,0.0,0.0
RPL11,0.15756845,0.0,-1.0
RPL12,0.22103699,0.0,0.0
RPL13,0.198103,0.0,0.0
RPL13A,0.11980859,0.0,-1.0
RPL14,0.11446245,0.0,0.0
RPL15,0.10642781,0.0,0.0
RPL17,0.18905526,0.0,0.0
RPL18,0.16170259,0.0,0.0
RPL18A,0.15970482,0.0,-1.0
RPL19,0.10086407,0.0,0.0
RPL21,0.19880071,0.0,0.0
RPL22,0.14778219,0.0,1.0
RPL22L1,0.095660396,0.0,0.0
RPL23,0.2745843,0.0,0.0
RPL23A,0.16303046,0.0,0.0
RPL24,0.17982188,0.0,0.0
RPL26,0.15518476,0.0,-1.0
RPL26L1,0.07268686,0.0,0.0
RPL27,0.14299646,0.0,0.0
RPL27A,0.16027895,0.0,0.0
RPL28,0.14117624,0.0,-1.0
RPL29,0.12262536,0.0,-1.0
RPL3,0.22435021,0.0,0.0
RPL30,0.13236871,0.0,0.0
RPL31,0.16157804,0.0,-1.0
RPL32,0.07491763,0.0,0.0
RPL34,0.09796467,0.0,-1.0
RPL35,0.13608596,0.0,0.0
RPL35A,0.21696053,0.0,-1.0
RPL36,0.14924969,0.0,0.0
RPL36A,0.113491505,0.0,0.0
RPL36AL,0.23308821,0.0,0.0
RPL37,0.10944301,0.0,0.0
RPL37A,0.16089463,0.0,0.0
RPL38,0.1609693,0.0,0.0
RPL39,0.2606105,0.0,0.0
RPL39L,0.00023187138,0.0,0.0
RPL3L,0.036920268,0.0,0.0
RPL4,0.2443899,0.0,0.0
RPL41,0.0722038,0.0,0.0
RPL5,0.14844915,0.0,1.0
RPL6,0.13551871,0.0,0.0
RPL7,0.18423927,0.0,0.0
RPL7A,0.14949343,0.0,0.0
RPL7L1,0.10775665,0.0,0.0
RPL8,0.17806944,0.0,0.0
RPL9,0.11412132,0.0,0.0
RPLP0,0.20506136,0.0,0.0
RPLP1,0.18736199,0.0,0.0
RPLP2,0.18140265,0.0,0.0
RPN1,0.08169607,0.0,1.0
RPN2,0.052183565,0.0,0.0
RPP14,0.015604787,0.0,0.0
RPP21,0.0014295051,0.0,0.0
RPP25,0.008717048,0.0,0.0
RPP25L,0.10598655,0.0,0.0
RPP30,0.08911387,0.0,0.0
RPP38,0.18156885,0.0,-1.0
RPP38-DT,1.3604908e-06,0.0,0.0
RPP40,0.0022122492,0.0,0.0
RPRD1A,0.102563895,0.0,0.0
RPRD1B,0.26018,0.0,-1.0
RPRD2,0.13970147,0.0,0.0
RPRM,0.018516513,0.0,-1.0
RPS10,0.17318061,0.0,-1.0
RPS11,0.15798981,0.0,0.0
RPS12,0.121387824,0.0,0.0
RPS13,0.22227646,0.0,-1.0
RPS14,0.22276142,0.0,0.0
RPS15,0.17232306,0.0,-1.0
RPS15A,0.17681822,0.0,0.0
RPS16,0.19626129,0.0,0.0
RPS17,0.13697335,0.0,-1.0
RPS18,0.2633453,0.0,0.0
RPS19,0.1468776,0.0,-1.0
RPS19BP1,0.032042872,0.0,0.0
RPS2,0.19478536,0.0,-1.0
RPS20,0.17490788,0.0,0.0
RPS21,0.103527814,0.0,0.0
RPS23,0.13379768,0.0,0.0
RPS24,0.13580902,0.0,-1.0
RPS25,0.17897731,0.0,0.0
RPS26,0.22233577,0.0,-1.0
RPS27,0.050596993,0.0,-1.0
RPS27A,0.43100557,0.0,-1.0
RPS27L,0.19117947,0.0,0.0
RPS28,0.18716459,0.0,0.0
RPS29,0.097824074,0.0,0.0
RPS3,0.34740698,0.0,0.0
RPS3A,0.29716563,0.0,-1.0
RPS4X,0.2565733,0.0,0.0
RPS4Y1,0.12292558,0.0,0.0
RPS4Y2,0.03874732,0.0,0.0
RPS5,0.1559174,0.0,0.0
RPS6,0.1720156,0.0,-1.0
RPS6KA1,0.52820194,1.0,-1.0
RPS6KA2,0.745678,1.0,0.0
RPS6KA3,0.6889946,1.0,-1.0
RPS6KA4,0.2704282,0.0,1.0
RPS6KA5,0.4494571,0.0,-1.0
RPS6KA6,0.728374,1.0,-1.0
RPS6KB1,0.78798026,1.0,-1.0
RPS6KB2,0.1696625,0.0,1.0
RPS6KC1,0.24657963,0.0,0.0
RPS6KL1,8.778097e-07,0.0,0.0
RPS7,0.13310906,0.0,-1.0
RPS8,0.19338259,0.0,0.0
RPS9,0.19932021,0.0,0.0
RPSA,0.18507047,0.0,0.0
RPTN,1.4227682e-14,0.0,0.0
RPTOR,0.7729628,1.0,1.0
RPUSD1,7.4232835e-06,0.0,0.0
RPUSD2,0.075908124,0.0,0.0
RPUSD3,0.08178084,0.0,0.0
RPUSD4,0.03246558,0.0,0.0
RRAD,0.0032817163,0.0,-1.0
RRAGA,0.036257442,0.0,0.0
RRAGB,0.15999366,0.0,0.0
RRAGC,0.14738473,0.0,1.0
RRAGD,0.055296626,0.0,0.0
RRAS,0.13078137,0.0,1.0
RRAS2,0.662492,1.0,1.0
RRBP1,0.13064992,0.0,0.0
RREB1,0.5910723,1.0,-1.0
RRH,0.0013461944,0.0,0.0
RRM1,0.14114797,0.0,-1.0
RRM2,0.27497548,0.0,-1.0
RRM2B,0.050507445,0.0,-1.0
RRN3,0.047459662,0.0,0.0
RRP1,0.114978515,0.0,0.0
RRP12,0.12487727,0.0,0.0
RRP15,0.08152702,0.0,0.0
RRP1B,0.2416338,0.0,0.0
RRP36,0.02390193,0.0,0.0
RRP7A,0.098500505,0.0,0.0
RRP8,0.059150174,0.0,0.0
RRP9,0.13816722,0.0,-1.0
RRS1,0.0857474,0.0,-1.0
RS1,0.009291743,0.0,-1.0
RSAD1,0.00061968534,0.0,0.0
RSAD2,1.6255237e-08,0.0,0.0
RSBN1,0.23231909,0.0,-1.0
RSBN1L,0.13943236,0.0,-1.0
RSC1A1,0.02455844,0.0,0.0
RSF1,0.4505772,0.0,-1.0
RSKR,7.9824474e-07,0.0,0.0
RSL1D1,0.17074515,0.0,-1.0
RSL24D1,0.041303508,0.0,0.0
RSPH1,6.6356376e-10,0.0,-1.0
RSPH10B,0.014436309,0.0,0.0
RSPH10B2,0.024913656,0.0,0.0
RSPH14,0.042678945,0.0,-1.0
RSPH3,0.02154547,0.0,0.0
RSPH9,0.0337867,0.0,-1.0
RSPO1,0.77095973,1.0,-1.0
RSPO2,0.005262659,0.0,1.0
RSPO3,0.48187277,0.0,1.0
RSPO4,8.4897167e-10,0.0,0.0
RSPRY1,0.0037905986,0.0,0.0
RSRC1,0.2627571,0.0,0.0
RSRC2,0.2886831,0.0,0.0
RSRP1,0.04627871,0.0,-1.0
RSU1,0.20925993,0.0,0.0
RTBDN,0.08111645,0.0,0.0
RTCA,0.10105322,0.0,-1.0
RTCB,0.09823374,0.0,0.0
RTEL1,0.38690856,0.0,1.0
RTEL1-TNFRSF6B,0.030149642,0.0,0.0
RTF1,0.20558695,0.0,0.0
RTF2,0.092908986,0.0,-1.0
RTKN,0.23488823,0.0,0.0
RTKN2,2.2003946e-06,0.0,0.0
RTL1,0.00026482678,0.0,0.0
RTL10,0.15628427,0.0,0.0
RTN1,0.15651794,0.0,0.0
RTN2,0.07816608,0.0,0.0
RTN3,0.031207489,0.0,0.0
RTN4,0.32296818,0.0,-1.0
RTN4IP1,0.024291746,0.0,-1.0
RTN4R,3.0111542e-07,0.0,0.0
RTN4RL1,6.33873e-10,0.0,0.0
RTN4RL2,7.64213e-05,0.0,0.0
RTP2,0.0038742777,0.0,0.0
RTP4,0.00013957804,0.0,0.0
RTP5,0.038284473,0.0,0.0
RTRAF,0.08756456,0.0,0.0
RTTN,0.091950215,0.0,-1.0
RUBCN,0.10179025,0.0,0.0
RUFY1,0.1459933,0.0,-1.0
RUFY2,0.11471218,0.0,0.0
RUFY3,0.046484295,0.0,0.0
RUFY4,0.011400483,0.0,0.0
RUNDC1,2.630991e-06,0.0,0.0
RUNDC3A,0.08233254,0.0,0.0
RUNDC3B,0.08141553,0.0,0.0
RUNX1,0.9210698,1.0,1.0
RUNX1T1,0.86995745,1.0,1.0
RUNX2,0.88560194,1.0,-1.0
RUNX3,0.80435467,1.0,-1.0
RUSC1,0.13490632,0.0,0.0
RUSC2,0.268271,0.0,-1.0
RUSF1,0.012714697,0.0,0.0
RUVBL1,0.59811723,1.0,-1.0
RUVBL2,0.6436824,1.0,-1.0
RWDD1,0.02859252,0.0,0.0
RWDD2A,9.314979e-06,0.0,0.0
RWDD2B,0.032082964,0.0,0.0
RWDD3,0.0064785974,0.0,0.0
RWDD4,0.016577056,0.0,0.0
RXFP1,8.894345e-06,0.0,0.0
RXFP2,9.079335e-08,0.0,-1.0
RXFP3,1.5933386e-08,0.0,-1.0
RXFP4,4.3387874e-07,0.0,0.0
RXRA,0.9595576,1.0,-1.0
RXRB,0.5808808,1.0,-1.0
RXRG,0.83516407,1.0,-1.0
RXYLT1,1.1052174e-08,0.0,0.0
RYBP,0.4698621,0.0,1.0
RYK,0.70786804,1.0,-1.0
RYR1,0.4466523,0.0,-1.0
RYR2,0.47727668,0.0,-1.0
RYR3,0.2046424,0.0,-1.0
S100A1,0.0018665877,0.0,-1.0
S100A10,0.55276906,1.0,-1.0
S100A11,0.38184386,0.0,0.0
S100A12,1.5609714e-12,0.0,0.0
S100A13,0.029769074,0.0,-1.0
S100A14,0.35431686,0.0,-1.0
S100A16,0.10303006,0.0,0.0
S100A2,0.25276124,0.0,-1.0
S100A3,0.00018800257,0.0,0.0
S100A4,0.42680344,0.0,-1.0
S100A5,9.852476e-24,0.0,0.0
S100A6,0.3294059,0.0,-1.0
S100A7,0.78454316,1.0,1.0
S100A7A,0.0023745538,0.0,-1.0
S100A8,0.44200137,0.0,-1.0
S100A9,0.46063954,0.0,-1.0
S100B,0.00066028535,0.0,-1.0
S100G,7.387773e-05,0.0,0.0
S100P,0.0013540947,0.0,-1.0
S100PBP,0.002016909,0.0,-1.0
S100Z,1.5581994e-05,0.0,0.0
S1PR1,0.0020984635,0.0,-1.0
S1PR2,0.085834146,0.0,-1.0
S1PR3,0.013533377,0.0,0.0
S1PR4,0.08621087,0.0,-1.0
S1PR5,0.15489504,0.0,0.0
SAA1,0.007940909,0.0,-1.0
SAA2,0.0951023,0.0,-1.0
SAA4,1.667423e-09,0.0,0.0
SAAL1,0.15556428,0.0,0.0
SAC3D1,0.03116689,0.0,0.0
SACM1L,0.2944491,0.0,0.0
SACS,0.3128814,0.0,-1.0
SAE1,0.26967937,0.0,0.0
SAFB,0.28692415,0.0,0.0
SAFB2,0.477249,0.0,0.0
SAG,0.011033652,0.0,-1.0
SALL1,0.8825749,1.0,-1.0
SALL2,0.36259747,0.0,0.0
SALL3,0.663074,1.0,-1.0
SALL4,0.47644377,0.0,1.0
SAMD1,0.3191878,0.0,0.0
SAMD11,1.2937713e-05,0.0,0.0
SAMD13,0.011310985,0.0,0.0
SAMD3,0.10187159,0.0,0.0
SAMD4A,0.14453875,0.0,0.0
SAMD4B,0.21607855,0.0,0.0
SAMD7,7.9933725e-06,0.0,0.0
SAMD8,0.0058842474,0.0,0.0
SAMD9,0.06425077,0.0,0.0
SAMD9L,6.8910346e-08,0.0,-1.0
SAMHD1,0.14675158,0.0,1.0
SAMM50,0.0064536682,0.0,-1.0
SAMSN1,0.08113401,0.0,0.0
SANBR,9.546898e-05,0.0,0.0
SAP130,0.5564847,1.0,0.0
SAP18,0.33597314,0.0,0.0
SAP25,0.09756944,0.0,0.0
SAP30,0.79707235,1.0,-1.0
SAP30BP,0.20603879,0.0,0.0
SAP30L,0.35458124,0.0,0.0
SAPCD1,0.0002478361,0.0,0.0
SAPCD2,0.21491745,0.0,0.0
SAR1A,0.043734353,0.0,0.0
SAR1B,0.08960944,0.0,-1.0
SARAF,0.037398934,0.0,0.0
SARDH,6.2489926e-05,0.0,0.0
SARM1,0.19041014,0.0,0.0
SARNP,0.13523845,0.0,-1.0
SARS2,0.13609175,0.0,0.0
SART1,0.17745243,0.0,0.0
SART3,0.17086653,0.0,-1.0
SASH1,0.33320054,0.0,-1.0
SASH3,0.087790295,0.0,0.0
SASS6,0.16136833,0.0,0.0
SAT1,0.12673362,0.0,0.0
SAT2,0.03608469,0.0,0.0
SATB1,0.9230626,1.0,-1.0
SATB2,0.9373989,1.0,-1.0
SAV1,0.6465212,1.0,-1.0
SAXO1,0.08447342,0.0,0.0
SBDS,0.053649515,0.0,1.0
SBF1,0.15276758,0.0,0.0
SBF2,0.18331613,0.0,-1.0
SBK1,0.000626556,0.0,0.0
SBNO1,0.04871841,0.0,-1.0
SBSN,0.2164477,0.0,-1.0
SC5D,0.0026089128,0.0,0.0
SCAF1,0.14693467,0.0,-1.0
SCAF11,0.21750076,0.0,0.0
SCAF4,0.09303258,0.0,-1.0
SCAF8,0.100485496,0.0,0.0
SCAI,0.115855716,0.0,0.0
SCAMP1,0.065489516,0.0,0.0
SCAMP2,0.023073362,0.0,0.0
SCAMP3,0.10835646,0.0,0.0
SCAMP4,0.064428315,0.0,-1.0
SCAMP5,0.0006518172,0.0,0.0
SCAND1,0.0034415235,0.0,0.0
SCAP,0.03904086,0.0,0.0
SCAPER,0.11363289,0.0,-1.0
SCARA3,0.37447304,0.0,0.0
SCARA5,8.775377e-18,0.0,0.0
SCARB1,0.12251174,0.0,-1.0
SCARB2,0.5155034,1.0,-1.0
SCARF1,0.009278207,0.0,0.0
SCARF2,0.20520973,0.0,0.0
SCCPDH,0.014410435,0.0,0.0
SCD,0.011032648,0.0,-1.0
SCD5,0.004585962,0.0,0.0
SCEL,0.06563006,0.0,0.0
SCFD1,0.12160634,0.0,0.0
SCFD2,0.01288947,0.0,0.0
SCG2,0.1662875,0.0,0.0
SCG3,0.0055666063,0.0,0.0
SCG5,0.85868394,1.0,1.0
SCGB1A1,0.0023655938,0.0,0.0
SCGB1D1,0.012625722,0.0,0.0
SCGB1D2,1.2796073e-19,0.0,0.0
SCGB2A1,0.21729138,0.0,0.0
SCGB2A2,6.8874997e-12,0.0,0.0
SCGB2B2,2.50034e-07,0.0,0.0
SCGB3A1,0.33890465,0.0,0.0
SCGB3A2,0.025072925,0.0,0.0
SCGN,0.055416755,0.0,0.0
SCHIP1,0.014379403,0.0,0.0
SCIMP,9.697881e-08,0.0,0.0
SCIN,0.21792042,0.0,-1.0
SCLT1,0.2140417,0.0,-1.0
SCLY,0.0719315,0.0,0.0
SCMH1,0.21048202,0.0,0.0
SCML1,0.15511495,0.0,0.0
SCML2,0.1727993,0.0,0.0
SCML4,0.3213861,0.0,0.0
SCN10A,6.7646164e-05,0.0,-1.0
SCN1A,0.15140574,0.0,-1.0
SCN1B,0.020337656,0.0,-1.0
SCN2A,0.00015570433,0.0,-1.0
SCN2B,0.53488845,1.0,0.0
SCN3A,0.20799132,0.0,-1.0
SCN3B,9.026524e-10,0.0,-1.0
SCN4A,0.23116364,0.0,-1.0
SCN4B,1.846765e-08,0.0,-1.0
SCN5A,0.2672737,0.0,-1.0
SCN8A,0.2282801,0.0,0.0
SCNN1A,0.50540334,1.0,-1.0
SCNN1B,0.5189406,1.0,-1.0
SCNN1D,0.30343726,0.0,0.0
SCNN1G,0.4196399,0.0,-1.0
SCO1,0.101420455,0.0,-1.0
SCO2,0.20940925,0.0,-1.0
SCOC,0.14478303,0.0,0.0
SCP2,0.069403835,0.0,0.0
SCPEP1,0.026010917,0.0,0.0
SCRG1,1.0888162e-14,0.0,0.0
SCRIB,0.60941786,1.0,0.0
SCRN1,0.024232268,0.0,0.0
SCRN2,0.016775547,0.0,0.0
SCRN3,0.00010824829,0.0,0.0
SCT,0.48659202,0.0,0.0
SCTR,0.01877602,0.0,0.0
SCUBE1,2.8446048e-10,0.0,0.0
SCUBE2,5.1523485e-10,0.0,0.0
SCUBE3,6.143704e-05,0.0,-1.0
SCX,0.032986708,0.0,0.0
SCYL1,0.11937714,0.0,-1.0
SCYL2,0.12187002,0.0,-1.0
SCYL3,0.08744714,0.0,0.0
SDAD1,0.1956882,0.0,0.0
SDC1,0.6213696,1.0,-1.0
SDC2,0.8381321,1.0,-1.0
SDC3,0.49777642,0.0,-1.0
SDC4,0.7517403,1.0,1.0
SDCBP,0.055048827,0.0,-1.0
SDCBP2,0.004760956,0.0,0.0
SDCCAG8,0.12383493,0.0,-1.0
SDE2,0.055206653,0.0,-1.0
SDF2,0.09895124,0.0,0.0
SDF2L1,0.059456483,0.0,0.0
SDF4,0.55005735,1.0,-1.0
SDHA,0.10914546,0.0,1.0
SDHAF1,0.0043494077,0.0,0.0
SDHAF2,0.04886999,0.0,1.0
SDHAF3,0.0037762527,0.0,0.0
SDHAF4,0.004951492,0.0,0.0
SDHB,0.11811905,0.0,1.0
SDHC,0.060561113,0.0,1.0
SDHD,0.10225926,0.0,1.0
SDK1,0.16054548,0.0,-1.0
SDK2,0.088853605,0.0,-1.0
SDR16C5,7.08817e-08,0.0,0.0
SDR39U1,1.9790517e-05,0.0,0.0
SDR42E1,2.4974303e-05,0.0,0.0
SDR9C7,0.18895234,0.0,0.0
SDS,0.48050022,0.0,0.0
SDSL,0.0077911117,0.0,0.0
SEC11A,0.021106802,0.0,0.0
SEC11C,0.012395378,0.0,0.0
SEC13,0.4618436,0.0,0.0
SEC14L1,0.0013303162,0.0,-1.0
SEC14L2,0.028506929,0.0,0.0
SEC14L4,0.017535234,0.0,0.0
SEC14L5,0.14493617,0.0,0.0
SEC16A,0.77816826,1.0,-1.0
SEC16B,0.0035633638,0.0,0.0
SEC22A,0.0132140955,0.0,0.0
SEC22B,0.05580997,0.0,0.0
SEC22C,0.005909214,0.0,0.0
SEC23A,0.21591061,0.0,0.0
SEC23B,0.3058218,0.0,-1.0
SEC23IP,0.11965205,0.0,0.0
SEC24A,0.16670822,0.0,0.0
SEC24B,0.2484225,0.0,0.0
SEC24C,0.19463617,0.0,0.0
SEC24D,0.09601415,0.0,0.0
SEC31A,0.1209429,0.0,-1.0
SEC31B,0.15141858,0.0,0.0
SEC61A1,0.3507913,0.0,0.0
SEC61A2,0.060438454,0.0,0.0
SEC61B,0.18499534,0.0,0.0
SEC61G,0.006660528,0.0,-1.0
SEC62,0.04119597,0.0,0.0
SEC63,0.025076529,0.0,-1.0
SECISBP2,0.20481364,0.0,0.0
SECISBP2L,0.19168918,0.0,0.0
SECTM1,8.105652e-19,0.0,0.0
SEH1L,0.35907567,0.0,0.0
SEL1L,0.26424122,0.0,-1.0
SEL1L3,0.02036953,0.0,0.0
SELE,0.046330813,0.0,-1.0
SELENBP1,0.33241957,0.0,0.0
SELENOF,0.007181447,0.0,-1.0
SELENOH,0.10092034,0.0,0.0
SELENOI,0.0060839863,0.0,0.0
SELENOK,0.073109485,0.0,0.0
SELENOM,0.006454433,0.0,0.0
SELENON,0.009675834,0.0,-1.0
SELENOO,4.693894e-07,0.0,0.0
SELENOP,0.016638126,0.0,-1.0
SELENOS,0.091922864,0.0,0.0
SELENOT,0.01195083,0.0,0.0
SELENOV,0.0064292364,0.0,0.0
SELL,0.00036073255,0.0,0.0
SELP,0.042752445,0.0,-1.0
SELPLG,0.015960665,0.0,0.0
SEMA3A,0.09739953,0.0,-1.0
SEMA3B,0.12256504,0.0,-1.0
SEMA3C,0.009678316,0.0,-1.0
SEMA3E,0.00092472875,0.0,-1.0
SEMA3F,0.052546285,0.0,-1.0
SEMA3G,9.375632e-10,0.0,0.0
SEMA4A,8.981493e-06,0.0,-1.0
SEMA4B,0.0126014035,0.0,-1.0
SEMA4C,0.10007959,0.0,0.0
SEMA4D,0.24246459,0.0,-1.0
SEMA4F,0.13227582,0.0,0.0
SEMA4G,0.043704752,0.0,0.0
SEMA5A,0.0006014887,0.0,-1.0
SEMA5B,0.16341516,0.0,-1.0
SEMA6A,0.058163986,0.0,-1.0
SEMA6D,6.436814e-05,0.0,-1.0
SEMA7A,0.24172479,0.0,0.0
SEMG1,0.18163797,0.0,-1.0
SEMG2,0.3402744,0.0,-1.0
SENP1,0.41764516,0.0,0.0
SENP2,0.11277479,0.0,-1.0
SENP3,0.11724399,0.0,0.0
SENP5,0.13626233,0.0,0.0
SENP6,0.25520974,0.0,0.0
SENP7,0.049595274,0.0,0.0
SENP8,0.091475055,0.0,0.0
SEPHS1,0.1599447,0.0,0.0
SEPHS2,0.05185163,0.0,0.0
SEPSECS,0.0202624,0.0,0.0
SEPTIN1,0.0028255575,0.0,0.0
SEPTIN10,0.06370653,0.0,0.0
SEPTIN11,0.10972464,0.0,-1.0
SEPTIN12,0.0018991992,0.0,-1.0
SEPTIN14,0.00047790943,0.0,0.0
SEPTIN2,0.1406644,0.0,-1.0
SEPTIN3,0.0023845478,0.0,0.0
SEPTIN4,0.0018081899,0.0,0.0
SEPTIN5,0.004856735,0.0,-1.0
SEPTIN6,0.04701895,0.0,-1.0
SEPTIN7,0.22621103,0.0,-1.0
SEPTIN8,0.0066000056,0.0,0.0
SEPTIN9,0.13290475,0.0,-1.0
SERAC1,0.3601207,0.0,0.0
SERBP1,0.124703206,0.0,-1.0
SERF1B,0.00014695078,0.0,0.0
SERF2,0.037881337,0.0,0.0
SERGEF,0.001384109,0.0,0.0
SERINC1,0.12568095,0.0,0.0
SERINC2,0.033325043,0.0,0.0
SERINC3,0.016433625,0.0,-1.0
SERP1,0.14157179,0.0,0.0
SERP2,0.0065320916,0.0,-1.0
SERPINA1,0.063994214,0.0,-1.0
SERPINA10,0.00045711984,0.0,0.0
SERPINA12,0.0040228222,0.0,-1.0
SERPINA2,4.0654278e-08,0.0,0.0
SERPINA3,0.00019166985,0.0,0.0
SERPINA4,0.0093859555,0.0,-1.0
SERPINA5,0.0021406442,0.0,0.0
SERPINA6,0.06671527,0.0,0.0
SERPINA7,0.066272855,0.0,0.0
SERPINB1,0.05036076,0.0,-1.0
SERPINB10,4.3465235e-21,0.0,0.0
SERPINB11,0.00025967293,0.0,0.0
SERPINB12,0.17821334,0.0,0.0
SERPINB13,0.015986238,0.0,-1.0
SERPINB2,0.06880209,0.0,-1.0
SERPINB3,0.36694333,0.0,1.0
SERPINB4,0.7158651,1.0,-1.0
SERPINB5,0.3430341,0.0,-1.0
SERPINB6,0.015345934,0.0,0.0
SERPINB7,0.0033512483,0.0,-1.0
SERPINB8,0.16923642,0.0,0.0
SERPINB9,0.39107072,0.0,0.0
SERPINC1,0.0066661458,0.0,-1.0
SERPIND1,0.05445151,0.0,0.0
SERPINE1,0.52084327,1.0,-1.0
SERPINE2,0.007086802,0.0,0.0
SERPINF1,0.07215371,0.0,-1.0
SERPINF2,0.005732051,0.0,0.0
SERPING1,0.17011544,0.0,-1.0
SERPINH1,0.18934752,0.0,-1.0
SERPINI1,0.13295585,0.0,0.0
SERPINI2,0.11296306,0.0,0.0
SERTAD1,0.1820709,0.0,0.0
SERTAD2,0.12252636,0.0,0.0
SERTAD3,0.12654987,0.0,0.0
SERTAD4,0.074549235,0.0,0.0
SERTM1,2.7064933e-25,0.0,0.0
SESN1,0.57883215,1.0,1.0
SESN2,0.29452416,0.0,1.0
SESN3,0.57112896,1.0,1.0
SESTD1,0.16100435,0.0,0.0
SET,0.5359577,1.0,1.0
SETBP1,2.9027992e-06,0.0,1.0
SETD1A,0.34519163,0.0,1.0
SETD1B,0.18051061,0.0,1.0
SETD2,0.23324586,0.0,1.0
SETD3,0.0201993,0.0,-1.0
SETD4,0.03525838,0.0,-1.0
SETD5,0.20387538,0.0,-1.0
SETD6,0.0014533831,0.0,-1.0
SETD7,0.42880103,0.0,-1.0
SETD9,0.0014762263,0.0,0.0
SETDB1,0.4703213,0.0,1.0
SETDB2,0.8822551,1.0,1.0
SETMAR,0.075612344,0.0,0.0
SETSIP,0.009551226,0.0,0.0
SETX,0.14649047,0.0,-1.0
SEZ6,0.5244916,1.0,0.0
SEZ6L,0.14822955,0.0,0.0
SEZ6L2,0.06716594,0.0,0.0
SF1,0.2381125,0.0,-1.0
SF3A1,0.21555653,0.0,0.0
SF3A2,0.085581675,0.0,0.0
SF3A3,0.21754466,0.0,0.0
SF3B1,0.36050853,0.0,1.0
SF3B2,0.26868072,0.0,-1.0
SF3B3,0.2510862,0.0,-1.0
SF3B4,0.1635189,0.0,0.0
SF3B5,0.027733503,0.0,0.0
SF3B6,0.08783479,0.0,0.0
SFI1,0.24168687,0.0,0.0
SFMBT1,0.40694404,0.0,0.0
SFMBT2,0.0330225,0.0,-1.0
SFN,0.743036,1.0,0.0
SFPQ,0.39819402,0.0,1.0
SFR1,0.00096956035,0.0,0.0
SFRP1,0.23251867,0.0,1.0
SFRP2,0.5860573,1.0,1.0
SFRP4,0.7285602,1.0,1.0
SFSWAP,0.1019631,0.0,0.0
SFT2D1,1.0660103e-07,0.0,0.0
SFT2D2,0.028317597,0.0,0.0
SFT2D3,0.030227227,0.0,0.0
SFTPA1,0.002094843,0.0,-1.0
SFTPA2,0.005839919,0.0,-1.0
SFTPB,3.3599204e-06,0.0,-1.0
SFTPC,0.0096689975,0.0,-1.0
SFTPD,0.0061643543,0.0,0.0
SFXN1,0.094542466,0.0,0.0
SFXN2,0.0174338,0.0,0.0
SFXN3,0.25861138,0.0,0.0
SFXN4,0.0071767257,0.0,-1.0
SFXN5,0.11077213,0.0,0.0
SGCA,0.0005321647,0.0,-1.0
SGCB,6.436687e-06,0.0,-1.0
SGCD,2.1377322e-07,0.0,-1.0
SGCE,0.00032327743,0.0,-1.0
SGCG,0.00030521184,0.0,-1.0
SGCZ,0.0062062754,0.0,-1.0
SGF29,0.30836087,0.0,0.0
SGIP1,0.05198657,0.0,0.0
SGK1,0.3385184,0.0,1.0
SGK2,0.19986132,0.0,0.0
SGK3,0.0026404732,0.0,0.0
SGMS1,0.00070597726,0.0,-1.0
SGMS2,0.076241516,0.0,0.0
SGO1,0.07357608,0.0,-1.0
SGO2,0.6574034,1.0,0.0
SGPL1,0.0616461,0.0,0.0
SGPP1,0.04374678,0.0,0.0
SGSH,0.06497555,0.0,-1.0
SGSM1,0.0031923724,0.0,0.0
SGSM2,0.023516148,0.0,0.0
SGSM3,0.00033620468,0.0,0.0
SGTA,6.583147e-06,0.0,0.0
SGTB,0.053266823,0.0,0.0
SH2B1,0.006110247,0.0,0.0
SH2B2,0.7093658,1.0,-1.0
SH2B3,0.6675033,1.0,1.0
SH2D1A,0.8491233,1.0,1.0
SH2D1B,0.57027674,1.0,0.0
SH2D2A,0.66065896,1.0,0.0
SH2D3A,0.062073104,0.0,0.0
SH2D3C,0.5908097,1.0,0.0
SH2D4A,0.28090626,0.0,0.0
SH2D5,0.00320782,0.0,0.0
SH3BGR,0.2300242,0.0,0.0
SH3BGRL,0.041996256,0.0,0.0
SH3BGRL2,0.12842584,0.0,-1.0
SH3BGRL3,0.08868462,0.0,0.0
SH3BP1,0.1468054,0.0,0.0
SH3BP2,0.8344169,1.0,-1.0
SH3BP4,0.30707887,0.0,0.0
SH3BP5,0.23724207,0.0,0.0
SH3BP5L,0.011001798,0.0,0.0
SH3D19,0.1828456,0.0,0.0
SH3D21,0.091643825,0.0,0.0
SH3GL1,0.29952312,0.0,1.0
SH3GL2,0.40135616,0.0,-1.0
SH3GL3,0.62294924,1.0,0.0
SH3GLB1,0.30531144,0.0,-1.0
SH3GLB2,0.16947787,0.0,0.0
SH3KBP1,0.9039134,1.0,0.0
SH3PXD2A,0.3463369,0.0,-1.0
SH3PXD2B,0.19515769,0.0,0.0
SH3RF1,0.2797178,0.0,0.0
SH3RF2,0.069453135,0.0,0.0
SH3RF3,0.2105897,0.0,0.0
SH3TC1,0.00013326883,0.0,0.0
SH3YL1,0.044123575,0.0,0.0
SHANK1,0.27507654,0.0,-1.0
SHANK2,0.50553787,1.0,-1.0
SHANK3,0.677234,1.0,0.0
SHARPIN,0.72836363,1.0,0.0
SHB,0.63824475,1.0,0.0
SHBG,5.819681e-06,0.0,-1.0
SHC1,0.9756267,1.0,-1.0
SHC2,0.42313066,0.0,-1.0
SHC3,0.2550203,0.0,-1.0
SHC4,0.18473831,0.0,-1.0
SHCBP1,0.24041533,0.0,0.0
SHCBP1L,5.932537e-09,0.0,0.0
SHD,0.19587736,0.0,0.0
SHE,7.7624296e-05,0.0,-1.0
SHF,0.028219,0.0,-1.0
SHFL,0.00016198836,0.0,0.0
SHH,0.4982524,0.0,-1.0
SHISA2,0.06976812,0.0,0.0
SHISA3,3.936449e-08,0.0,0.0
SHISA5,0.08855238,0.0,-1.0
SHISA6,0.009290558,0.0,0.0
SHKBP1,0.20602399,0.0,-1.0
SHLD1,7.290662e-06,0.0,0.0
SHLD2,7.912876e-07,0.0,0.0
SHMT1,0.112535626,0.0,0.0
SHMT2,0.17766806,0.0,-1.0
SHOC2,0.32823882,0.0,1.0
SHOX,0.003603937,0.0,0.0
SHOX2,0.29338458,0.0,0.0
SHPK,0.00024224946,0.0,0.0
SHPRH,0.09360734,0.0,-1.0
SHQ1,0.08596368,0.0,1.0
SHROOM1,0.0005740386,0.0,0.0
SHROOM2,0.2886576,0.0,0.0
SHROOM3,0.31103253,0.0,-1.0
SHTN1,0.12969737,0.0,-1.0
SI,0.049814712,0.0,-1.0
SIAE,0.4172278,0.0,-1.0
SIAH1,0.010779152,0.0,-1.0
SIAH2,0.6830017,1.0,-1.0
SIDT2,0.04678136,0.0,0.0
SIGIRR,0.1541678,0.0,0.0
SIGLEC1,0.007982227,0.0,0.0
SIGLEC10,0.20047846,0.0,0.0
SIGLEC11,0.009057734,0.0,0.0
SIGLEC12,0.03076903,0.0,0.0
SIGLEC14,1.0473397e-07,0.0,0.0
SIGLEC5,0.046768773,0.0,0.0
SIGLEC6,0.056625962,0.0,0.0
SIGLEC7,0.2760194,0.0,0.0
SIGLEC8,0.00042826173,0.0,-1.0
SIGLEC9,0.23537798,0.0,0.0
SIGMAR1,0.020090707,0.0,0.0
SIK2,0.26454946,0.0,0.0
SIK3,0.33617294,0.0,-1.0
SIKE1,0.24724145,0.0,0.0
SIL1,0.035573874,0.0,-1.0
SIM1,0.3958128,0.0,0.0
SIM2,0.23759615,0.0,0.0
SIMC1,0.17812948,0.0,0.0
SIN3A,0.9692601,1.0,-1.0
SIN3B,0.67776537,1.0,-1.0
SINHCAF,0.31360573,0.0,0.0
SIPA1,0.017298514,0.0,-1.0
SIPA1L1,0.4077783,0.0,0.0
SIPA1L2,0.3608307,0.0,0.0
SIPA1L3,0.42246154,0.0,0.0
SIRPA,0.72173405,1.0,1.0
SIRPB1,0.14962547,0.0,-1.0
SIRPB2,3.1100458e-06,0.0,-1.0
SIRPD,7.852271e-07,0.0,-1.0
SIRPG,0.10967141,0.0,-1.0
SIRT1,0.66833746,1.0,-1.0
SIRT2,0.3902375,0.0,0.0
SIRT3,0.14193489,0.0,-1.0
SIRT4,0.025641873,0.0,-1.0
SIRT5,0.17945816,0.0,0.0
SIRT6,0.37552762,0.0,-1.0
SIRT7,0.34530333,0.0,0.0
SIT1,0.65702593,1.0,0.0
SIVA1,0.28320393,0.0,-1.0
SIX1,0.7538718,1.0,1.0
SIX2,0.0071846396,0.0,1.0
SIX3,0.18566705,0.0,-1.0
SIX4,0.5678589,1.0,-1.0
SIX5,0.28157416,0.0,-1.0
SIX6,0.009899032,0.0,-1.0
SKA1,0.13990606,0.0,0.0
SKA2,0.09412965,0.0,0.0
SKA3,0.13777493,0.0,0.0
SKAP1,0.19083871,0.0,0.0
SKAP2,0.6126152,1.0,0.0
SKI,0.7709248,1.0,1.0
SKIDA1,0.027129045,0.0,0.0
SKIL,0.73478335,1.0,-1.0
SKIV2L,0.068102606,0.0,0.0
SKOR1,0.11612531,0.0,0.0
SKOR2,0.009114093,0.0,0.0
SKP1,0.8610293,1.0,-1.0
SKP2,0.7282464,1.0,-1.0
SLA,0.6261258,1.0,0.0
SLA2,0.28406015,0.0,0.0
SLAIN1,0.30850673,0.0,0.0
SLAIN2,0.23025231,0.0,0.0
SLAMF1,0.12070645,0.0,-1.0
SLAMF6,0.34276333,0.0,-1.0
SLAMF7,0.18258135,0.0,0.0
SLBP,0.05177077,0.0,0.0
SLC10A1,3.5890406e-16,0.0,0.0
SLC10A3,0.0024955857,0.0,-1.0
SLC10A7,7.988131e-08,0.0,0.0
SLC11A2,0.0078412555,0.0,-1.0
SLC12A1,0.0005443131,0.0,-1.0
SLC12A2,0.05184162,0.0,0.0
SLC12A3,0.04587283,0.0,-1.0
SLC12A4,0.10489278,0.0,0.0
SLC12A5,0.0029198134,0.0,-1.0
SLC12A6,0.07721313,0.0,-1.0
SLC12A7,0.09015391,0.0,0.0
SLC12A8,0.0030808307,0.0,0.0
SLC12A9,0.033443015,0.0,0.0
SLC13A2,1.58524e-14,0.0,0.0
SLC13A5,0.00047874497,0.0,0.0
SLC14A2,3.7247844e-07,0.0,0.0
SLC15A1,1.9162088e-07,0.0,-1.0
SLC15A2,0.03629826,0.0,-1.0
SLC15A3,0.024498815,0.0,0.0
SLC15A4,0.021900773,0.0,0.0
SLC15A5,3.259477e-06,0.0,0.0
SLC16A1,0.12234086,0.0,-1.0
SLC16A10,6.8833863e-09,0.0,0.0
SLC16A13,0.0014354255,0.0,0.0
SLC16A14,0.0022880286,0.0,0.0
SLC16A2,0.034552645,0.0,-1.0
SLC16A3,0.21989514,0.0,-1.0
SLC16A4,2.5024917e-07,0.0,-1.0
SLC16A5,1.0556533e-10,0.0,0.0
SLC16A6,0.031142289,0.0,0.0
SLC16A7,0.06484011,0.0,0.0
SLC16A8,2.9656676e-05,0.0,0.0
SLC16A9,0.004749068,0.0,0.0
SLC17A1,6.849625e-05,0.0,0.0
SLC17A4,7.0298367e-10,0.0,0.0
SLC17A5,0.05779503,0.0,-1.0
SLC17A6,4.787445e-10,0.0,0.0
SLC17A7,0.0622343,0.0,0.0
SLC17A9,7.7189544e-10,0.0,0.0
SLC18A1,0.045209385,0.0,0.0
SLC18A2,0.072899245,0.0,0.0
SLC18A3,0.33751467,0.0,0.0
SLC19A1,0.07527272,0.0,-1.0
SLC19A2,0.019861903,0.0,-1.0
SLC19A3,0.00011274362,0.0,-1.0
SLC1A1,0.08646648,0.0,0.0
SLC1A2,0.043867264,0.0,-1.0
SLC1A3,0.025438724,0.0,-1.0
SLC1A4,0.055792034,0.0,-1.0
SLC1A5,0.20058058,0.0,-1.0
SLC1A6,0.006392872,0.0,-1.0
SLC1A7,0.058279123,0.0,0.0
SLC20A1,0.09743983,0.0,0.0
SLC20A2,0.06439916,0.0,0.0
SLC22A1,0.13769011,0.0,-1.0
SLC22A11,0.0060640373,0.0,-1.0
SLC22A12,0.0035816776,0.0,0.0
SLC22A16,6.558701e-06,0.0,0.0
SLC22A17,6.0700186e-05,0.0,0.0
SLC22A18,0.00015070947,0.0,-1.0
SLC22A2,0.020404335,0.0,-1.0
SLC22A20P,0.002527174,0.0,0.0
SLC22A23,0.0032979222,0.0,-1.0
SLC22A24,4.4261127e-12,0.0,0.0
SLC22A3,0.2327001,0.0,-1.0
SLC22A4,0.020791361,0.0,-1.0
SLC22A5,0.108611934,0.0,-1.0
SLC22A6,1.0545083e-06,0.0,0.0
SLC22A7,7.071794e-18,0.0,0.0
SLC22A8,7.733527e-07,0.0,-1.0
SLC22A9,0.015515575,0.0,0.0
SLC23A1,0.0057051904,0.0,0.0
SLC23A2,9.8575394e-05,0.0,0.0
SLC23A3,1.9179e-07,0.0,0.0
SLC24A1,0.11517613,0.0,0.0
SLC25A1,0.14817515,0.0,0.0
SLC25A10,0.5068213,1.0,0.0
SLC25A11,0.090334505,0.0,0.0
SLC25A12,0.17690544,0.0,0.0
SLC25A13,0.2599197,0.0,-1.0
SLC25A14,0.0002756079,0.0,0.0
SLC25A15,0.021867888,0.0,0.0
SLC25A16,0.01441078,0.0,0.0
SLC25A17,0.0062411116,0.0,-1.0
SLC25A18,0.00041691258,0.0,0.0
SLC25A19,0.11659689,0.0,0.0
SLC25A2,0.008071829,0.0,0.0
SLC25A20,0.17058522,0.0,0.0
SLC25A21,0.04459856,0.0,0.0
SLC25A22,0.29455906,0.0,0.0
SLC25A23,0.048491757,0.0,0.0
SLC25A24,0.06452976,0.0,0.0
SLC25A25,0.1363759,0.0,0.0
SLC25A26,0.001588691,0.0,0.0
SLC25A27,0.01934855,0.0,0.0
SLC25A29,6.9800975e-05,0.0,0.0
SLC25A3,0.22427705,0.0,0.0
SLC25A30,0.015514773,0.0,0.0
SLC25A31,0.00032534215,0.0,0.0
SLC25A32,0.000540233,0.0,0.0
SLC25A33,8.6858876e-05,0.0,0.0
SLC25A34,1.1491258e-06,0.0,0.0
SLC25A35,0.00047998398,0.0,0.0
SLC25A36,7.019537e-09,0.0,0.0
SLC25A38,0.0027443746,0.0,0.0
SLC25A4,0.2583323,0.0,-1.0
SLC25A40,8.380739e-12,0.0,0.0
SLC25A41,0.3302612,0.0,0.0
SLC25A42,0.11117566,0.0,0.0
SLC25A43,1.3747706e-05,0.0,0.0
SLC25A44,9.3915274e-05,0.0,0.0
SLC25A46,0.010403473,0.0,0.0
SLC25A47,9.777113e-06,0.0,0.0
SLC25A48,0.01687192,0.0,0.0
SLC25A5,0.40999606,0.0,0.0
SLC25A51,0.019799748,0.0,0.0
SLC25A52,5.7785574e-06,0.0,0.0
SLC25A6,0.36543217,0.0,0.0
SLC26A1,1.5198495e-08,0.0,0.0
SLC26A2,0.000117010684,0.0,-1.0
SLC26A3,1.3855633e-08,0.0,-1.0
SLC26A5,0.005185731,0.0,0.0
SLC26A6,0.053466305,0.0,0.0
SLC26A8,0.025142765,0.0,0.0
SLC26A9,9.947497e-08,0.0,0.0
SLC27A1,3.8293462e-21,0.0,-1.0
SLC27A2,0.17439266,0.0,0.0
SLC27A3,0.00090848707,0.0,0.0
SLC27A4,0.12435865,0.0,0.0
SLC27A5,0.187034,0.0,0.0
SLC27A6,0.18369608,0.0,0.0
SLC28A1,2.2633454e-07,0.0,0.0
SLC28A2,2.2681822e-06,0.0,0.0
SLC29A1,0.088637814,0.0,-1.0
SLC29A2,0.01685087,0.0,-1.0
SLC2A1,0.34426743,0.0,-1.0
SLC2A11,0.000355592,0.0,0.0
SLC2A12,1.6528777e-11,0.0,0.0
SLC2A14,7.7078466e-10,0.0,0.0
SLC2A2,0.0036229193,0.0,-1.0
SLC2A3,0.19874896,0.0,0.0
SLC2A4,0.015658114,0.0,-1.0
SLC2A4RG,8.679531e-10,0.0,0.0
SLC2A5,0.0032469418,0.0,0.0
SLC2A8,0.007932442,0.0,0.0
SLC2A9,1.20559e-07,0.0,-1.0
SLC30A1,0.10164566,0.0,0.0
SLC30A2,0.0046361852,0.0,0.0
SLC30A3,0.018625906,0.0,0.0
SLC30A4,0.36867145,0.0,0.0
SLC30A5,0.021651402,0.0,-1.0
SLC30A6,0.020555113,0.0,-1.0
SLC30A7,0.0069768424,0.0,0.0
SLC30A8,0.055462644,0.0,0.0
SLC30A9,0.028330034,0.0,0.0
SLC31A1,0.014852594,0.0,0.0
SLC31A2,3.699903e-07,0.0,0.0
SLC32A1,0.090272695,0.0,0.0
SLC33A1,0.041259773,0.0,-1.0
SLC34A1,0.039782032,0.0,-1.0
SLC34A2,0.068234555,0.0,1.0
SLC34A3,1.1869278e-10,0.0,-1.0
SLC35A1,4.6019136e-11,0.0,-1.0
SLC35A2,2.4280693e-15,0.0,0.0
SLC35A3,2.8879916e-07,0.0,0.0
SLC35A4,6.2956375e-19,0.0,0.0
SLC35A5,0.018946521,0.0,-1.0
SLC35B1,0.0014910103,0.0,0.0
SLC35B2,0.09466422,0.0,0.0
SLC35B3,0.056540538,0.0,0.0
SLC35B4,0.0066342363,0.0,0.0
SLC35C2,0.00012675469,0.0,0.0
SLC35D3,8.992978e-14,0.0,0.0
SLC35E1,0.091054074,0.0,0.0
SLC35E3,1.0496952e-08,0.0,0.0
SLC35F2,0.06992553,0.0,0.0
SLC35F5,0.06358364,0.0,0.0
SLC35F6,0.08911973,0.0,0.0
SLC35G2,0.22703576,0.0,-1.0
SLC35G3,0.0021380566,0.0,0.0
SLC36A1,0.010172044,0.0,0.0
SLC37A1,1.4982143e-15,0.0,0.0
SLC37A3,6.0605675e-05,0.0,0.0
SLC37A4,0.005830329,0.0,-1.0
SLC38A1,0.06239126,0.0,-1.0
SLC38A10,0.06490663,0.0,0.0
SLC38A2,0.02607989,0.0,-1.0
SLC38A3,0.102469355,0.0,-1.0
SLC38A5,0.016713925,0.0,-1.0
SLC38A6,0.0015356307,0.0,0.0
SLC38A7,8.0680926e-05,0.0,0.0
SLC38A9,0.012034234,0.0,0.0
SLC39A1,0.117424145,0.0,-1.0
SLC39A10,0.04271757,0.0,0.0
SLC39A11,0.088773295,0.0,0.0
SLC39A13,0.041034468,0.0,0.0
SLC39A14,0.06594661,0.0,0.0
SLC39A2,0.103863835,0.0,-1.0
SLC39A3,0.02295773,0.0,-1.0
SLC39A4,5.0604693e-05,0.0,-1.0
SLC39A6,0.093978345,0.0,-1.0
SLC39A7,0.02436949,0.0,0.0
SLC3A1,1.8496452e-08,0.0,-1.0
SLC3A2,0.26377565,0.0,0.0
SLC40A1,0.00016754598,0.0,-1.0
SLC41A1,0.017855102,0.0,0.0
SLC41A2,0.003618158,0.0,0.0
SLC41A3,0.012986482,0.0,0.0
SLC43A1,0.00046974182,0.0,-1.0
SLC43A2,0.002593703,0.0,0.0
SLC43A3,0.085731216,0.0,0.0
SLC44A1,0.12925348,0.0,-1.0
SLC44A2,1.1387931e-05,0.0,-1.0
SLC44A3,2.0759795e-05,0.0,-1.0
SLC45A1,1.3504182e-07,0.0,0.0
SLC45A2,4.1145205e-11,0.0,-1.0
SLC46A1,0.0016139477,0.0,0.0
SLC46A3,1.0292081e-07,0.0,0.0
SLC47A1,0.004257002,0.0,0.0
SLC48A1,0.0071183583,0.0,0.0
SLC49A3,4.237681e-07,0.0,0.0
SLC4A1,0.13705088,0.0,-1.0
SLC4A10,0.04473144,0.0,-1.0
SLC4A1AP,0.11919351,0.0,0.0
SLC4A2,0.18790637,0.0,-1.0
SLC4A3,0.16330197,0.0,0.0
SLC4A4,0.078514636,0.0,-1.0
SLC4A5,0.076014675,0.0,-1.0
SLC4A7,0.11962887,0.0,0.0
SLC4A8,0.1734556,0.0,0.0
SLC50A1,7.9089983e-07,0.0,0.0
SLC51A,9.9928506e-08,0.0,0.0
SLC51B,3.715824e-05,0.0,0.0
SLC52A2,2.5987327e-05,0.0,0.0
SLC5A1,0.00043871085,0.0,0.0
SLC5A11,4.408517e-10,0.0,0.0
SLC5A2,1.3416302e-07,0.0,-1.0
SLC5A4,1.719749e-09,0.0,0.0
SLC5A5,1.8795165e-06,0.0,-1.0
SLC5A6,0.07021584,0.0,0.0
SLC5A7,4.899275e-07,0.0,-1.0
SLC5A8,0.0,0.0,-1.0
SLC66A2,9.0969145e-15,0.0,0.0
SLC6A1,0.40609422,0.0,0.0
SLC6A12,0.0698618,0.0,0.0
SLC6A13,0.0021258218,0.0,0.0
SLC6A15,0.061092664,0.0,-1.0
SLC6A2,0.10811429,0.0,-1.0
SLC6A20,0.0012417814,0.0,0.0
SLC6A3,0.23173155,0.0,-1.0
SLC6A4,0.018607063,0.0,0.0
SLC6A5,9.509373e-05,0.0,0.0
SLC6A6,0.069054835,0.0,0.0
SLC6A8,0.021494381,0.0,-1.0
SLC6A9,0.07022879,0.0,-1.0
SLC7A1,0.07329802,0.0,-1.0
SLC7A10,5.2166284e-05,0.0,0.0
SLC7A11,0.03766233,0.0,0.0
SLC7A14,0.0025134045,0.0,0.0
SLC7A2,0.086077824,0.0,0.0
SLC7A3,0.03322172,0.0,0.0
SLC7A5,0.104483485,0.0,-1.0
SLC7A6,9.783641e-06,0.0,-1.0
SLC7A6OS,7.273307e-05,0.0,-1.0
SLC7A7,0.048936848,0.0,-1.0
SLC7A8,6.876163e-05,0.0,0.0
SLC7A9,2.0817843e-05,0.0,-1.0
SLC8A1,0.039714586,0.0,0.0
SLC8A2,0.07058656,0.0,0.0
SLC8A3,0.019030562,0.0,0.0
SLC9A1,0.048561495,0.0,-1.0
SLC9A2,0.43194532,0.0,-1.0
SLC9A3,0.28114507,0.0,-1.0
SLC9A3R1,0.14212142,0.0,-1.0
SLC9A3R2,0.20151259,0.0,0.0
SLC9A4,8.794406e-08,0.0,0.0
SLC9A5,0.024346936,0.0,0.0
SLC9A6,0.15164801,0.0,-1.0
SLC9A7,7.781691e-05,0.0,0.0
SLC9A8,0.16210826,0.0,0.0
SLC9A9,1.2869648e-12,0.0,-1.0
SLC9B2,0.011619766,0.0,0.0
SLC9C1,0.0029618023,0.0,-1.0
SLCO1A2,0.09012482,0.0,0.0
SLCO1C1,0.0010238406,0.0,0.0
SLCO2A1,0.0038523595,0.0,0.0
SLCO2B1,1.8326661e-08,0.0,0.0
SLCO3A1,9.069328e-05,0.0,0.0
SLCO4A1,0.08492329,0.0,0.0
SLCO4C1,0.07929004,0.0,0.0
SLF1,0.2768057,0.0,0.0
SLF2,0.20867805,0.0,0.0
SLFN11,0.11438463,0.0,1.0
SLFN12,0.002834587,0.0,0.0
SLFN12L,2.9041232e-05,0.0,0.0
SLFN5,0.10116461,0.0,0.0
SLFNL1,2.2089128e-07,0.0,0.0
SLIRP,0.14735116,0.0,-1.0
SLIT1,0.03711862,0.0,0.0
SLIT2,0.596768,1.0,-1.0
SLIT3,0.06462941,0.0,-1.0
SLITRK1,0.02486442,0.0,-1.0
SLITRK3,3.705976e-10,0.0,-1.0
SLITRK4,2.2987931e-11,0.0,0.0
SLITRK5,2.0327624e-09,0.0,-1.0
SLITRK6,0.0032997504,0.0,-1.0
SLK,0.879603,1.0,0.0
SLMAP,0.36779448,0.0,0.0
SLN,0.00443184,0.0,0.0
SLPI,0.00053951156,0.0,-1.0
SLTM,0.13614006,0.0,0.0
SLU7,0.14734447,0.0,0.0
SLURP1,0.132059,0.0,-1.0
SLX1B,0.076013595,0.0,0.0
SLX4,0.25233963,0.0,1.0
SLX4IP,0.16697945,0.0,0.0
SLX9,0.119853966,0.0,0.0
SMAD1,0.77329636,1.0,-1.0
SMAD2,0.9512047,1.0,1.0
SMAD3,0.9752393,1.0,1.0
SMAD4,0.9965546,1.0,1.0
SMAD5,0.7455566,1.0,0.0
SMAD6,0.6517371,1.0,-1.0
SMAD7,0.90839434,1.0,-1.0
SMAD9,0.013264516,0.0,-1.0
SMAGP,0.00082923594,0.0,0.0
SMAP1,0.10427241,0.0,-1.0
SMAP2,0.15815249,0.0,0.0
SMARCA1,0.8442161,1.0,-1.0
SMARCA2,0.7982214,1.0,1.0
SMARCA4,0.94488204,1.0,1.0
SMARCA5,0.85011303,1.0,0.0
SMARCAD1,0.3781175,0.0,0.0
SMARCAL1,0.57370365,1.0,0.0
SMARCB1,0.91930985,1.0,1.0
SMARCC1,0.9189861,1.0,0.0
SMARCC2,0.93869877,1.0,0.0
SMARCD1,0.91484094,1.0,1.0
SMARCD2,0.44636053,0.0,0.0
SMARCD3,0.8001027,1.0,0.0
SMARCE1,0.9380155,1.0,1.0
SMC1A,0.80584973,1.0,1.0
SMC1B,0.20879884,0.0,-1.0
SMC2,0.49570256,0.0,-1.0
SMC3,0.8131391,1.0,1.0
SMC4,0.4226173,0.0,-1.0
SMC5,0.124884345,0.0,0.0
SMC6,0.06918948,0.0,0.0
SMCHD1,0.123279594,0.0,0.0
SMCO1,6.164167e-07,0.0,0.0
SMCO3,0.0022207366,0.0,0.0
SMCO4,0.00078720186,0.0,0.0
SMCP,1.3133694e-06,0.0,0.0
SMCR8,0.074498944,0.0,0.0
SMDT1,0.016607946,0.0,0.0
SMG1,0.18078443,0.0,1.0
SMG5,0.18648653,0.0,-1.0
SMG6,0.09147658,0.0,-1.0
SMG7,0.22921526,0.0,-1.0
SMG8,0.018417085,0.0,-1.0
SMG9,0.16807704,0.0,0.0
SMIM1,2.2137094e-06,0.0,0.0
SMIM11,0.00028128567,0.0,0.0
SMIM12,2.0692632e-06,0.0,0.0
SMIM14,2.7683376e-05,0.0,0.0
SMIM17,0.20238312,0.0,0.0
SMIM2,1.3318371e-09,0.0,0.0
SMIM20,0.0005706928,0.0,0.0
SMIM3,1.5364727e-06,0.0,0.0
SMIM5,1.016786e-09,0.0,0.0
SMLR1,3.6311314e-05,0.0,0.0
SMN2,0.6226724,1.0,-1.0
SMNDC1,0.06966755,0.0,0.0
SMO,0.48154366,0.0,1.0
SMOC1,0.009438024,0.0,-1.0
SMOC2,0.009426806,0.0,-1.0
SMPD1,0.15453245,0.0,-1.0
SMPD2,0.05626314,0.0,0.0
SMPD3,0.034287468,0.0,0.0
SMPD4,0.26060846,0.0,0.0
SMPDL3A,0.06799644,0.0,0.0
SMPDL3B,0.0026648869,0.0,0.0
SMR3A,2.773173e-05,0.0,0.0
SMR3B,0.43192363,0.0,0.0
SMS,0.1533707,0.0,-1.0
SMTN,0.23090611,0.0,-1.0
SMTNL2,0.008191004,0.0,0.0
SMU1,0.14821683,0.0,-1.0
SMUG1,0.032117628,0.0,-1.0
SMURF1,0.94228375,1.0,-1.0
SMURF2,0.8824175,1.0,-1.0
SMYD1,4.7665053e-05,0.0,0.0
SMYD2,0.16294387,0.0,-1.0
SMYD3,0.044628385,0.0,1.0
SMYD5,0.2077901,0.0,0.0
SNAI1,0.769988,1.0,-1.0
SNAI2,0.08210218,0.0,-1.0
SNAI3,0.018074926,0.0,0.0
SNAP23,0.14732747,0.0,0.0
SNAP25,0.2825808,0.0,0.0
SNAP29,0.3829725,0.0,0.0
SNAP47,0.06133108,0.0,0.0
SNAP91,0.1550122,0.0,0.0
SNAPC1,0.015237548,0.0,0.0
SNAPC2,0.0037367744,0.0,0.0
SNAPC3,0.01365489,0.0,-1.0
SNAPC4,0.017838068,0.0,0.0
SNAPC5,0.0033424906,0.0,0.0
SNAPIN,0.37509042,0.0,0.0
SNCA,0.6244094,1.0,-1.0
SNCAIP,0.13831437,0.0,-1.0
SNCB,0.009829156,0.0,0.0
SNCG,0.20421791,0.0,-1.0
SND1,0.12205691,0.0,1.0
SNED1,0.14723131,0.0,-1.0
SNF8,0.057837885,0.0,0.0
SNHG32,0.3402075,0.0,0.0
SNIP1,0.2867644,0.0,0.0
SNN,7.2650744e-07,0.0,0.0
SNORC,3.4837151e-07,0.0,0.0
SNPH,0.0011100634,0.0,0.0
SNRK,0.16008385,0.0,-1.0
SNRNP200,0.23589182,0.0,-1.0
SNRNP25,0.013374735,0.0,0.0
SNRNP27,0.05794718,0.0,0.0
SNRNP35,0.007207583,0.0,-1.0
SNRNP40,0.10880913,0.0,0.0
SNRNP48,0.005059583,0.0,-1.0
SNRNP70,0.1521419,0.0,0.0
SNRPA,0.17655097,0.0,-1.0
SNRPA1,0.15258619,0.0,0.0
SNRPB,0.22057636,0.0,0.0
SNRPB2,0.10913048,0.0,0.0
SNRPC,0.16015461,0.0,0.0
SNRPD1,0.11975731,0.0,0.0
SNRPD2,0.15189812,0.0,-1.0
SNRPD3,0.1340454,0.0,-1.0
SNRPE,0.08059521,0.0,0.0
SNRPF,0.06505586,0.0,0.0
SNRPG,0.04873083,0.0,0.0
SNRPN,0.2841656,0.0,-1.0
SNTA1,0.01585303,0.0,-1.0
SNTB1,0.5924537,1.0,-1.0
SNTB2,0.3987283,0.0,-1.0
SNTG1,0.3749323,0.0,0.0
SNTG2,0.038779315,0.0,0.0
SNU13,0.21121696,0.0,0.0
SNUPN,0.13578215,0.0,0.0
SNURF,0.17420262,0.0,-1.0
SNW1,0.62074214,1.0,-1.0
SNX1,0.2476093,0.0,0.0
SNX10,0.15638249,0.0,0.0
SNX11,0.07284134,0.0,0.0
SNX12,0.08175288,0.0,0.0
SNX13,0.001634788,0.0,0.0
SNX14,0.054417655,0.0,0.0
SNX15,0.018534418,0.0,0.0
SNX16,0.02206317,0.0,-1.0
SNX17,0.757721,1.0,0.0
SNX18,0.25840193,0.0,0.0
SNX19,0.015750611,0.0,-1.0
SNX2,0.14769338,0.0,0.0
SNX20,0.010647522,0.0,-1.0
SNX21,0.008166439,0.0,0.0
SNX22,0.21896526,0.0,0.0
SNX24,0.15659659,0.0,0.0
SNX25,5.6955854e-05,0.0,-1.0
SNX27,0.1201251,0.0,0.0
SNX29,9.247043e-08,0.0,-1.0
SNX3,0.18239553,0.0,0.0
SNX30,0.07473156,0.0,0.0
SNX31,0.013128393,0.0,-1.0
SNX32,0.008822931,0.0,0.0
SNX33,0.13306247,0.0,0.0
SNX4,0.19074732,0.0,0.0
SNX5,0.084128164,0.0,-1.0
SNX6,0.11437365,0.0,0.0
SNX7,0.025103657,0.0,-1.0
SNX8,0.18029766,0.0,-1.0
SNX9,0.4250002,0.0,0.0
SOAT1,0.03759128,0.0,-1.0
SOAT2,0.024139,0.0,0.0
SOBP,0.00019517067,0.0,0.0
SOCS1,0.91867965,1.0,1.0
SOCS2,0.46289834,0.0,-1.0
SOCS3,0.9140181,1.0,1.0
SOCS4,0.25506952,0.0,0.0
SOCS5,0.078043275,0.0,0.0
SOCS6,0.4154208,0.0,-1.0
SOCS7,0.21715753,0.0,0.0
SOD1,0.46003103,0.0,-1.0
SOD2,0.13653776,0.0,-1.0
SOD3,0.024835609,0.0,0.0
SOGA1,0.30065486,0.0,0.0
SOGA3,0.00053705927,0.0,0.0
SOHLH1,9.01779e-08,0.0,0.0
SOHLH2,7.775819e-13,0.0,-1.0
SON,0.17501356,0.0,-1.0
SORBS1,0.39101484,0.0,0.0
SORBS2,0.5350581,1.0,-1.0
SORBS3,0.6615613,1.0,0.0
SORCS1,0.40820336,0.0,-1.0
SORCS2,0.21213967,0.0,-1.0
SORCS3,0.050915327,0.0,0.0
SORD,0.21283919,0.0,0.0
SORL1,0.30830216,0.0,-1.0
SORT1,0.57867104,1.0,-1.0
SOS1,0.9348703,1.0,1.0
SOS2,0.7344627,1.0,-1.0
SOST,0.00049023365,0.0,-1.0
SOSTDC1,0.0060182936,0.0,0.0
SOWAHC,0.10453127,0.0,0.0
SOX1,5.0153194e-05,0.0,0.0
SOX10,0.04434591,0.0,-1.0
SOX11,0.06080486,0.0,-1.0
SOX12,0.0030907672,0.0,0.0
SOX13,0.13142927,0.0,0.0
SOX14,0.0035849854,0.0,0.0
SOX15,0.030870562,0.0,0.0
SOX17,0.14154318,0.0,1.0
SOX18,0.09475709,0.0,0.0
SOX2,0.9811598,1.0,1.0
SOX21,0.7720821,1.0,1.0
SOX3,0.00062220707,0.0,-1.0
SOX30,0.041529108,0.0,0.0
SOX4,0.01878981,0.0,-1.0
SOX5,0.14123532,0.0,-1.0
SOX6,0.025863148,0.0,0.0
SOX7,0.1928202,0.0,0.0
SOX8,0.10399314,0.0,-1.0
SOX9,0.6207441,1.0,1.0
SP1,0.9855707,1.0,-1.0
SP100,0.66155493,1.0,0.0
SP110,0.16818579,0.0,-1.0
SP140,0.7479349,1.0,1.0
SP140L,0.07522883,0.0,0.0
SP2,0.16357416,0.0,0.0
SP3,0.32591957,0.0,0.0
SP4,0.09818859,0.0,0.0
SP5,1.676358e-06,0.0,0.0
SP6,0.0006441253,0.0,0.0
SP7,0.035873137,0.0,-1.0
SP8,3.8222293e-05,0.0,-1.0
SPA17,0.0027015335,0.0,-1.0
SPACA1,0.009218055,0.0,0.0
SPACA3,0.00022573919,0.0,0.0
SPACA4,0.005854413,0.0,0.0
SPACA6,6.381265e-05,0.0,0.0
SPACA7,9.585423e-13,0.0,0.0
SPACA9,0.022663506,0.0,0.0
SPAG1,0.06171565,0.0,0.0
SPAG11B,5.271382e-05,0.0,0.0
SPAG16,0.431477,0.0,0.0
SPAG4,0.0048833913,0.0,0.0
SPAG5,0.39693415,0.0,0.0
SPAG6,0.16317038,0.0,0.0
SPAG7,0.011124777,0.0,0.0
SPAG8,0.26909688,0.0,0.0
SPAG9,0.4892092,0.0,0.0
SPAM1,1.4262363e-05,0.0,-1.0
SPANXA1,1.7626647e-06,0.0,0.0
SPANXB1,1.4215925e-08,0.0,0.0
SPANXC,1.3921594e-08,0.0,0.0
SPANXD,4.7752135e-05,0.0,0.0
SPANXN2,0.019261561,0.0,-1.0
SPANXN3,0.043380935,0.0,0.0
SPANXN4,1.3305466e-10,0.0,-1.0
SPARC,0.71927774,1.0,-1.0
SPARCL1,0.17487003,0.0,0.0
SPART,0.13085528,0.0,-1.0
SPAST,0.21808186,0.0,-1.0
SPATA1,4.210512e-06,0.0,0.0
SPATA12,5.6136454e-12,0.0,0.0
SPATA13,0.0058570337,0.0,0.0
SPATA16,6.924453e-07,0.0,0.0
SPATA17,0.0020852606,0.0,0.0
SPATA18,0.10430011,0.0,-1.0
SPATA2,0.1338923,0.0,0.0
SPATA20,0.000469556,0.0,0.0
SPATA21,1.1665642e-10,0.0,0.0
SPATA22,0.01350842,0.0,0.0
SPATA24,0.14217812,0.0,0.0
SPATA2L,0.107831515,0.0,0.0
SPATA3,0.0011709321,0.0,0.0
SPATA31A3,1.8731826e-13,0.0,0.0
SPATA31A7,0.072754756,0.0,0.0
SPATA31E1,0.13388096,0.0,0.0
SPATA4,0.0002448271,0.0,0.0
SPATA5,0.21132001,0.0,0.0
SPATA5L1,0.102897674,0.0,-1.0
SPATA6,0.024874603,0.0,-1.0
SPATA6L,0.00478927,0.0,0.0
SPATA7,0.10574346,0.0,-1.0
SPATA8,0.0040683406,0.0,0.0
SPATC1,0.0012326521,0.0,0.0
SPATC1L,0.06572969,0.0,-1.0
SPATS1,0.00023018675,0.0,0.0
SPATS2,0.07833085,0.0,0.0
SPATS2L,0.074360274,0.0,0.0
SPC24,0.18248273,0.0,0.0
SPC25,0.16107585,0.0,0.0
SPCS1,0.008052111,0.0,0.0
SPCS2,0.023375109,0.0,0.0
SPCS3,0.01413853,0.0,0.0
SPDEF,0.48590976,0.0,0.0
SPDL1,0.09879924,0.0,0.0
SPDYA,0.0058863848,0.0,0.0
SPDYC,0.0016584772,0.0,0.0
SPDYE2,1.3960096e-08,0.0,0.0
SPDYE4,0.029685479,0.0,0.0
SPECC1,0.43812296,0.0,-1.0
SPECC1L,0.38268018,0.0,0.0
SPEF1,0.0011306824,0.0,0.0
SPEF2,0.058469318,0.0,0.0
SPEG,0.1279263,0.0,-1.0
SPEM1,0.0008101916,0.0,0.0
SPEN,0.39553776,0.0,1.0
SPESP1,2.2252282e-06,0.0,0.0
SPG11,0.047831446,0.0,-1.0
SPG21,0.08456148,0.0,-1.0
SPG7,0.19638479,0.0,-1.0
SPHK1,0.5649115,1.0,-1.0
SPHK2,0.2536317,0.0,0.0
SPHKAP,0.021005789,0.0,-1.0
SPI1,0.89395946,1.0,-1.0
SPIB,0.10408856,0.0,-1.0
SPIC,0.00050605723,0.0,0.0
SPICE1,0.28762466,0.0,0.0
SPIDR,0.1986158,0.0,0.0
SPIN1,0.043822363,0.0,0.0
SPIN2A,0.0026778118,0.0,0.0
SPIN2B,0.039324857,0.0,0.0
SPIN3,0.0010383021,0.0,0.0
SPIN4,3.895076e-06,0.0,0.0
SPINDOC,0.007071552,0.0,0.0
SPINK1,3.7773412e-07,0.0,-1.0
SPINK2,0.022308648,0.0,0.0
SPINK5,6.445886e-10,0.0,-1.0
SPINK6,5.795412e-19,0.0,0.0
SPINK7,3.1618606e-06,0.0,-1.0
SPINK9,1.8095738e-20,0.0,0.0
SPINT1,0.003183408,0.0,-1.0
SPINT2,0.054980587,0.0,-1.0
SPINT3,5.229256e-10,0.0,0.0
SPIRE1,0.0033862009,0.0,0.0
SPIRE2,0.08599306,0.0,0.0
SPN,0.08777867,0.0,-1.0
SPNS1,0.30331627,0.0,0.0
SPNS3,4.3036728e-15,0.0,0.0
SPO11,2.663768e-12,0.0,0.0
SPOCD1,0.007540312,0.0,0.0
SPOCK1,0.0013259251,0.0,0.0
SPOCK2,0.003585236,0.0,0.0
SPOCK3,0.0020438128,0.0,0.0
SPON1,0.032947484,0.0,0.0
SPON2,0.00015068807,0.0,0.0
SPOP,0.7675229,1.0,1.0
SPOPL,0.14458117,0.0,0.0
SPOUT1,0.074111395,0.0,0.0
SPP1,8.7448025e-05,0.0,-1.0
SPPL2A,0.005125519,0.0,0.0
SPPL2B,0.014610794,0.0,-1.0
SPPL3,0.010786267,0.0,-1.0
SPR,0.08075902,0.0,0.0
SPRED1,0.3766411,0.0,1.0
SPRED2,0.11062998,0.0,0.0
SPRED3,6.092622e-09,0.0,0.0
SPRING1,3.074418e-05,0.0,0.0
SPRN,0.0007175485,0.0,0.0
SPRR1A,0.42539856,0.0,0.0
SPRR1B,0.28082636,0.0,0.0
SPRR2A,0.044991523,0.0,0.0
SPRR2D,0.024040874,0.0,0.0
SPRR2E,0.29556492,0.0,0.0
SPRR2G,2.011112e-09,0.0,0.0
SPRR3,0.00014392969,0.0,0.0
SPRR4,7.5026896e-17,0.0,0.0
SPRTN,0.097271875,0.0,1.0
SPRY1,0.01336017,0.0,-1.0
SPRY2,0.029961733,0.0,-1.0
SPRY3,0.12581117,0.0,-1.0
SPRY4,0.09928721,0.0,0.0
SPRYD3,0.11106751,0.0,0.0
SPRYD4,0.012043852,0.0,0.0
SPRYD7,0.0063584712,0.0,0.0
SPSB1,0.26756272,0.0,0.0
SPSB2,0.007447545,0.0,0.0
SPSB3,0.11086129,0.0,0.0
SPSB4,0.02577681,0.0,0.0
SPTA1,0.79367983,1.0,-1.0
SPTAN1,0.73704326,1.0,-1.0
SPTB,0.23110029,0.0,-1.0
SPTBN1,0.7851764,1.0,0.0
SPTBN2,0.50611514,1.0,-1.0
SPTBN4,0.41962495,0.0,-1.0
SPTBN5,0.06782074,0.0,-1.0
SPTLC1,0.110764354,0.0,-1.0
SPTLC2,0.00864093,0.0,-1.0
SPTLC3,5.019138e-05,0.0,0.0
SPTSSA,0.0021817372,0.0,0.0
SPTSSB,4.076523e-05,0.0,0.0
SPTY2D1,0.03742896,0.0,0.0
SPX,6.4230252e-09,0.0,0.0
SPZ1,0.068055056,0.0,0.0
SQLE,0.0025924598,0.0,0.0
SQSTM1,0.8178061,1.0,-1.0
SRA1,0.598837,1.0,0.0
SRARP,6.5674213e-09,0.0,-1.0
SRBD1,0.106503144,0.0,0.0
SRC,0.99826026,1.0,1.0
SRCAP,0.44514817,0.0,-1.0
SRCIN1,0.07143907,0.0,0.0
SRD5A3,6.1494798e-06,0.0,0.0
SREBF1,0.7591496,1.0,0.0
SREBF2,0.7978044,1.0,0.0
SREK1,0.16153632,0.0,0.0
SREK1IP1,0.12608299,0.0,0.0
SRF,0.8442779,1.0,0.0
SRFBP1,0.15935378,0.0,0.0
SRGAP1,0.1335584,0.0,0.0
SRGAP2,0.2257077,0.0,0.0
SRGAP2C,1.9774299e-07,0.0,0.0
SRGAP3,0.3938592,0.0,-1.0
SRGN,0.20158367,0.0,0.0
SRI,0.16749541,0.0,-1.0
SRL,3.726574e-14,0.0,0.0
SRM,0.15194519,0.0,0.0
SRMS,0.06491409,0.0,0.0
SRP14,0.18486701,0.0,0.0
SRP19,0.038175717,0.0,0.0
SRP54,0.08779857,0.0,0.0
SRP68,0.09571249,0.0,0.0
SRP72,0.13552459,0.0,0.0
SRP9,0.2965073,0.0,0.0
SRPK1,0.031219836,0.0,0.0
SRPK2,4.231596e-05,0.0,-1.0
SRPK3,0.050788518,0.0,0.0
SRPRA,0.06219234,0.0,0.0
SRPRB,0.12731336,0.0,0.0
SRPX,0.20200141,0.0,-1.0
SRPX2,0.478953,0.0,-1.0
SRR,0.0036970992,0.0,0.0
SRRD,4.1701605e-07,0.0,0.0
SRRM1,0.25351357,0.0,0.0
SRRM2,0.5744428,1.0,0.0
SRRM4,0.010341662,0.0,0.0
SRRT,0.14026067,0.0,-1.0
SRSF1,0.18421115,0.0,-1.0
SRSF10,0.19120924,0.0,0.0
SRSF11,0.105572894,0.0,0.0
SRSF12,0.10930445,0.0,0.0
SRSF2,0.1452077,0.0,1.0
SRSF3,0.14567336,0.0,1.0
SRSF4,0.09833098,0.0,0.0
SRSF5,0.16285835,0.0,-1.0
SRSF6,0.10884057,0.0,-1.0
SRSF7,0.14137451,0.0,0.0
SRSF8,0.1274802,0.0,0.0
SRSF9,0.092818394,0.0,-1.0
SRXN1,0.09926863,0.0,-1.0
SRY,0.08903904,0.0,-1.0
SS18,0.4335379,0.0,1.0
SS18L1,0.5206804,1.0,1.0
SS18L2,0.13739279,0.0,0.0
SSB,0.21614124,0.0,-1.0
SSBP1,0.17804806,0.0,-1.0
SSBP2,0.7190869,1.0,-1.0
SSBP3,0.8265642,1.0,-1.0
SSBP4,0.7364808,1.0,-1.0
SSC4D,1.2646213e-13,0.0,0.0
SSC5D,0.037625916,0.0,0.0
SSH1,0.2264198,0.0,-1.0
SSH2,0.30187082,0.0,0.0
SSH3,0.10252646,0.0,-1.0
SSNA1,0.101813644,0.0,0.0
SSPN,2.6052885e-07,0.0,-1.0
SSPOP,0.018386213,0.0,0.0
SSR1,0.19650409,0.0,0.0
SSR2,0.010184438,0.0,0.0
SSR3,0.057570092,0.0,0.0
SSR4,0.1687317,0.0,0.0
SSRP1,0.31486902,0.0,0.0
SST,0.529107,1.0,0.0
SSTR1,0.2339221,0.0,0.0
SSTR2,0.06384074,0.0,-1.0
SSTR3,0.06284636,0.0,0.0
SSTR4,0.012173628,0.0,0.0
SSTR5,0.07160793,0.0,0.0
SSU72,0.11125136,0.0,0.0
SSUH2,2.9500634e-05,0.0,0.0
SSX1,0.024540031,0.0,1.0
SSX2B,0.105828784,0.0,-1.0
SSX2IP,0.6785625,1.0,-1.0
SSX3,0.03540475,0.0,0.0
SSX4B,0.27393517,0.0,0.0
SSX5,0.07237378,0.0,0.0
SSX7,0.0045645772,0.0,0.0
ST13,0.2636909,0.0,-1.0
ST14,0.34762222,0.0,-1.0
ST18,4.5465892e-08,0.0,0.0
ST3GAL1,2.1272814e-05,0.0,0.0
ST3GAL2,0.008264447,0.0,0.0
ST3GAL3,0.026025785,0.0,-1.0
ST3GAL4,0.009698501,0.0,0.0
ST3GAL5,0.000116654184,0.0,0.0
ST3GAL6,0.0067803785,0.0,-1.0
ST6GAL1,1.8035767e-05,0.0,-1.0
ST6GAL2,0.11904142,0.0,-1.0
ST6GALNAC1,3.0896075e-15,0.0,-1.0
ST6GALNAC2,6.010117e-14,0.0,0.0
ST6GALNAC3,0.2713729,0.0,-1.0
ST6GALNAC4,5.3978183e-05,0.0,0.0
ST6GALNAC5,5.5107565e-05,0.0,0.0
ST6GALNAC6,0.0050879945,0.0,0.0
ST7,0.10406781,0.0,0.0
ST7L,1.7645144e-10,0.0,0.0
ST8SIA1,0.09011144,0.0,0.0
ST8SIA2,6.876207e-13,0.0,0.0
ST8SIA3,9.427005e-05,0.0,0.0
ST8SIA4,0.009865151,0.0,-1.0
ST8SIA5,1.7483391e-05,0.0,0.0
STAB1,0.26151255,0.0,-1.0
STAB2,0.22282849,0.0,0.0
STAC,0.18381397,0.0,0.0
STAC2,0.011947346,0.0,0.0
STAC3,0.2776174,0.0,0.0
STAG1,0.51668525,1.0,1.0
STAG2,0.67164534,1.0,1.0
STAG3,0.19970909,0.0,-1.0
STAM,0.18485561,0.0,0.0
STAM2,0.19310959,0.0,-1.0
STAMBP,0.18580073,0.0,0.0
STAMBPL1,0.29140708,0.0,0.0
STAP1,0.15585802,0.0,0.0
STAP2,0.17192774,0.0,0.0
STAR,0.022661716,0.0,-1.0
STARD13,0.08193244,0.0,-1.0
STARD3,0.016838638,0.0,-1.0
STARD3NL,0.035002913,0.0,0.0
STARD7,0.0019446273,0.0,0.0
STARD8,6.31083e-09,0.0,-1.0
STARD9,0.06942501,0.0,0.0
STAT1,0.96658826,1.0,-1.0
STAT2,0.55942875,1.0,-1.0
STAT3,0.9907586,1.0,1.0
STAT4,0.7542,1.0,-1.0
STAT5A,0.4721952,0.0,1.0
STAT5B,0.7182796,1.0,1.0
STAT6,0.6849718,1.0,1.0
STATH,0.010133291,0.0,0.0
STAU1,0.20050691,0.0,0.0
STAU2,0.05454535,0.0,0.0
STBD1,0.08179089,0.0,0.0
STC2,0.14873132,0.0,0.0
STEAP1,1.1754529e-05,0.0,-1.0
STEAP3,0.071421,0.0,0.0
STEAP4,0.024560723,0.0,0.0
STEEP1,0.002147651,0.0,0.0
STH,1.9706022e-11,0.0,0.0
STIL,0.22959267,0.0,1.0
STIM1,0.071825266,0.0,-1.0
STIM2,0.13586646,0.0,-1.0
STING1,0.05753064,0.0,0.0
STIP1,0.40018678,0.0,0.0
STK10,0.016170334,0.0,-1.0
STK11,0.96356773,1.0,1.0
STK11IP,0.14296377,0.0,-1.0
STK16,0.04959658,0.0,0.0
STK17B,0.016661791,0.0,0.0
STK19,0.08262127,0.0,1.0
STK24,0.2724391,0.0,0.0
STK25,0.21637431,0.0,0.0
STK26,0.18086708,0.0,-1.0
STK3,0.70529807,1.0,0.0
STK31,0.13199088,0.0,-1.0
STK32B,0.0065171714,0.0,0.0
STK32C,0.07755685,0.0,0.0
STK33,0.07310344,0.0,0.0
STK35,0.054193303,0.0,0.0
STK36,0.08540772,0.0,0.0
STK38,0.31247988,0.0,0.0
STK38L,0.13923684,0.0,-1.0
STK39,0.056301016,0.0,0.0
STK4,0.7023222,1.0,-1.0
STK40,0.0646199,0.0,-1.0
STKLD1,0.0012589511,0.0,0.0
STMN1,0.2641649,0.0,-1.0
STMN2,0.14541881,0.0,0.0
STMN3,0.03855889,0.0,0.0
STMN4,0.024416875,0.0,0.0
STN1,0.06500482,0.0,0.0
STOM,0.23899625,0.0,0.0
STOML1,0.06640744,0.0,0.0
STOML2,0.05799723,0.0,-1.0
STOML3,0.02036209,0.0,0.0
STON1-GTF2A1L,2.8698066e-12,0.0,0.0
STON2,0.2641428,0.0,0.0
STOX1,0.00042020014,0.0,-1.0
STOX2,0.15573265,0.0,0.0
STPG2,0.0027616813,0.0,0.0
STPG3,5.9592136e-08,0.0,0.0
STRA6,0.00014738846,0.0,0.0
STRA8,0.0109189795,0.0,0.0
STRADA,0.11900578,0.0,-1.0
STRADB,0.17646311,0.0,0.0
STRAP,0.18386553,0.0,-1.0
STRBP,0.21268715,0.0,0.0
STRIP1,0.2572636,0.0,0.0
STRIP2,0.15157862,0.0,0.0
STRN,0.46338078,0.0,1.0
STRN3,0.41139072,0.0,0.0
STRN4,0.27801222,0.0,0.0
STS,0.30340162,0.0,-1.0
STT3A,0.17401558,0.0,0.0
STT3B,0.01712839,0.0,0.0
STUB1,0.88873345,1.0,-1.0
STX10,0.08677011,0.0,0.0
STX11,0.16350976,0.0,-1.0
STX12,0.19816318,0.0,0.0
STX16,0.08426733,0.0,-1.0
STX17,0.16028738,0.0,0.0
STX18,0.069235004,0.0,0.0
STX19,0.013766585,0.0,0.0
STX1A,0.000564537,0.0,0.0
STX1B,0.46237117,0.0,0.0
STX2,0.061863005,0.0,-1.0
STX3,0.48812562,0.0,0.0
STX4,0.036794536,0.0,-1.0
STX5,0.11236951,0.0,0.0
STX6,0.11796234,0.0,0.0
STX7,0.08001205,0.0,0.0
STX8,0.11427164,0.0,0.0
STXBP1,0.74085164,1.0,-1.0
STXBP2,0.16493097,0.0,-1.0
STXBP3,0.15357645,0.0,0.0
STXBP4,0.17739794,0.0,0.0
STXBP5,0.04744313,0.0,0.0
STXBP5L,0.00045875856,0.0,0.0
STXBP6,0.025073837,0.0,0.0
STYK1,0.1303215,0.0,-1.0
STYX,0.0019989402,0.0,0.0
STYXL1,0.07169475,0.0,0.0
SUB1,0.2881767,0.0,0.0
SUCLA2,0.079179294,0.0,0.0
SUCLG1,0.06708559,0.0,-1.0
SUCLG2,0.079316586,0.0,-1.0
SUCNR1,9.528796e-11,0.0,0.0
SUCO,0.044822663,0.0,0.0
SUDS3,0.44253397,0.0,0.0
SUFU,0.65245515,1.0,1.0
SUGCT,0.008899704,0.0,-1.0
SUGP1,0.11429788,0.0,0.0
SUGP2,0.17411587,0.0,0.0
SUGT1,0.03617169,0.0,0.0
SULF1,0.00025549607,0.0,-1.0
SULF2,0.27938884,0.0,-1.0
SULT1A1,0.16578834,0.0,0.0
SULT1A2,0.0026184218,0.0,0.0
SULT1B1,0.0018318833,0.0,-1.0
SULT1C2,0.0013597861,0.0,0.0
SULT1C3,0.0076080584,0.0,0.0
SULT1C4,4.617647e-05,0.0,0.0
SULT1E1,0.068143465,0.0,0.0
SULT2A1,0.018908164,0.0,0.0
SULT2B1,0.0014138988,0.0,-1.0
SULT4A1,0.033518106,0.0,0.0
SUMF1,0.03950417,0.0,-1.0
SUMF2,0.08410647,0.0,0.0
SUMO1,0.9512638,1.0,0.0
SUMO2,0.8579343,1.0,0.0
SUMO3,0.6228504,1.0,0.0
SUMO4,0.08246982,0.0,0.0
SUN1,0.010446126,0.0,0.0
SUN2,0.052423477,0.0,0.0
SUN5,5.481551e-10,0.0,0.0
SUOX,0.024633072,0.0,0.0
SUPT16H,0.3123362,0.0,0.0
SUPT20H,0.17796053,0.0,0.0
SUPT3H,0.13099708,0.0,-1.0
SUPT4H1,0.06107843,0.0,0.0
SUPT5H,0.60525614,1.0,0.0
SUPT6H,0.3785262,0.0,0.0
SUPT7L,0.14188726,0.0,-1.0
SUPV3L1,0.070525125,0.0,0.0
SURF1,0.0009352126,0.0,-1.0
SURF2,0.06767242,0.0,0.0
SURF4,0.025614608,0.0,0.0
SURF6,0.07899087,0.0,0.0
SUSD1,0.59073466,1.0,0.0
SUSD2,0.00026567522,0.0,0.0
SUSD3,0.0044896742,0.0,-1.0
SUSD4,0.376041,0.0,0.0
SUSD5,0.00017620737,0.0,0.0
SUSD6,0.00399086,0.0,0.0
SUV39H1,0.665563,1.0,-1.0
SUV39H2,0.15368344,0.0,0.0
SUZ12,0.54086643,1.0,1.0
SV2A,0.37689495,0.0,0.0
SV2B,2.5174642e-05,0.0,0.0
SV2C,1.5780029e-14,0.0,0.0
SVBP,4.324523e-08,0.0,0.0
SVEP1,0.24765605,0.0,0.0
SVIL,0.74113244,1.0,0.0
SVIP,0.011537528,0.0,0.0
SVOP,0.0019688387,0.0,0.0
SVOPL,1.7667107e-13,0.0,0.0
SWAP70,0.100682534,0.0,-1.0
SWI5,1.5126403e-06,0.0,0.0
SWSAP1,0.10563422,0.0,0.0
SYAP1,0.055839077,0.0,0.0
SYBU,0.13310273,0.0,0.0
SYCE1,0.47061247,0.0,0.0
SYCE2,0.18615285,0.0,0.0
SYCE3,0.2104619,0.0,0.0
SYCP1,0.2071864,0.0,0.0
SYCP2,0.2136572,0.0,0.0
SYCP2L,0.011521723,0.0,0.0
SYCP3,0.21504208,0.0,0.0
SYDE1,0.1499298,0.0,-1.0
SYDE2,6.0724326e-10,0.0,0.0
SYF2,0.049935196,0.0,-1.0
SYK,0.97930634,1.0,1.0
SYMPK,0.7449149,1.0,0.0
SYN1,0.3156187,0.0,0.0
SYN2,0.022193776,0.0,-1.0
SYN3,0.000551298,0.0,0.0
SYNC,0.032205068,0.0,0.0
SYNCRIP,0.34398866,0.0,-1.0
SYNDIG1,0.0044685155,0.0,0.0
SYNE1,0.23459974,0.0,-1.0
SYNE2,0.24305214,0.0,-1.0
SYNE4,7.878353e-06,0.0,0.0
SYNGAP1,0.45563653,0.0,-1.0
SYNGR1,0.000112020905,0.0,0.0
SYNGR2,0.019300181,0.0,-1.0
SYNGR3,0.0964404,0.0,0.0
SYNJ1,0.23674415,0.0,0.0
SYNJ2,0.5020654,1.0,0.0
SYNJ2BP,0.022878965,0.0,0.0
SYNM,0.16861947,0.0,0.0
SYNPO,0.453768,0.0,0.0
SYNPO2,0.17567448,0.0,-1.0
SYNPO2L,0.1211343,0.0,0.0
SYNPR,3.4572873e-05,0.0,0.0
SYNRG,0.12081374,0.0,-1.0
SYP,0.47892424,0.0,-1.0
SYPL1,0.0005236142,0.0,0.0
SYPL2,0.1293436,0.0,0.0
SYT1,0.00022837556,0.0,0.0
SYT10,0.4824002,0.0,-1.0
SYT11,0.039895743,0.0,0.0
SYT13,3.3054262e-09,0.0,0.0
SYT14,1.5100471e-13,0.0,-1.0
SYT16,3.6567943e-07,0.0,0.0
SYT17,0.020242881,0.0,0.0
SYT2,0.19396234,0.0,0.0
SYT3,0.13173662,0.0,0.0
SYT4,0.059626263,0.0,-1.0
SYT5,0.10674692,0.0,0.0
SYT6,0.21960479,0.0,0.0
SYT7,0.023416761,0.0,0.0
SYT8,1.582693e-18,0.0,0.0
SYT9,0.009008603,0.0,0.0
SYTL1,0.16675425,0.0,-1.0
SYTL2,0.1336595,0.0,-1.0
SYTL3,0.008350948,0.0,-1.0
SYTL4,0.10449539,0.0,-1.0
SYTL5,0.04405846,0.0,-1.0
SYVN1,0.036923867,0.0,0.0
SZRD1,0.016959134,0.0,0.0
SZT2,0.0026400464,0.0,0.0
TAAR2,1.507675e-05,0.0,0.0
TAAR8,5.903592e-06,0.0,0.0
TAB1,0.7278119,1.0,0.0
TAB2,0.66426784,1.0,0.0
TAB3,0.09208154,0.0,-1.0
TAC1,0.6203965,1.0,-1.0
TAC3,0.5124404,1.0,0.0
TAC4,0.018060485,0.0,0.0
TACC1,0.18715395,0.0,-1.0
TACC2,0.26830754,0.0,-1.0
TACC3,0.33163098,0.0,-1.0
TACO1,0.014326427,0.0,-1.0
TACR1,0.021133477,0.0,0.0
TACR2,0.028948553,0.0,0.0
TACR3,0.016765403,0.0,0.0
TACSTD2,0.19120799,0.0,-1.0
TADA1,0.08271928,0.0,0.0
TADA2A,0.32590225,0.0,0.0
TADA2B,0.097965665,0.0,0.0
TADA3,0.40389755,0.0,0.0
TAF1,0.5145146,1.0,-1.0
TAF10,0.13962215,0.0,0.0
TAF11,0.19258274,0.0,-1.0
TAF12,0.26910886,0.0,0.0
TAF13,0.11241615,0.0,0.0
TAF15,0.13883962,0.0,1.0
TAF1A,0.080848925,0.0,0.0
TAF1B,0.14439759,0.0,0.0
TAF1C,0.06823138,0.0,0.0
TAF1D,0.13653459,0.0,0.0
TAF1L,0.077186614,0.0,-1.0
TAF2,0.110768065,0.0,0.0
TAF3,0.09987243,0.0,0.0
TAF4,0.3179079,0.0,-1.0
TAF4B,0.1102855,0.0,0.0
TAF5,0.14947253,0.0,0.0
TAF5L,0.1758851,0.0,0.0
TAF6,0.29679063,0.0,0.0
TAF6L,0.12920257,0.0,0.0
TAF7,0.4135318,0.0,0.0
TAF7L,0.027686194,0.0,0.0
TAF8,0.116467,0.0,0.0
TAF9,0.3893231,0.0,0.0
TAF9B,0.08360851,0.0,0.0
TAFA1,4.791378e-07,0.0,0.0
TAFA4,8.168231e-06,0.0,0.0
TAFAZZIN,0.59245366,1.0,-1.0
TAGAP,2.767837e-08,0.0,0.0
TAGLN,0.26848212,0.0,-1.0
TAGLN2,0.35826814,0.0,0.0
TAGLN3,0.12680364,0.0,0.0
TAL1,0.8287995,1.0,1.0
TAL2,0.36238685,0.0,1.0
TALDO1,0.16626766,0.0,-1.0
TAMALIN,0.15730204,0.0,0.0
TAMM41,0.013570279,0.0,-1.0
TANC1,0.18122005,0.0,0.0
TANC2,0.17457151,0.0,0.0
TANGO2,0.003732109,0.0,0.0
TANGO6,0.015518808,0.0,0.0
TANK,0.46008477,0.0,0.0
TAOK1,0.20005274,0.0,0.0
TAOK2,0.2588394,0.0,0.0
TAOK3,0.114829935,0.0,0.0
TAP1,0.041665334,0.0,-1.0
TAP2,0.016881557,0.0,-1.0
TAPBP,0.22119108,0.0,0.0
TAPBPL,0.0050546527,0.0,0.0
TAPT1,0.008249437,0.0,0.0
TARBP1,0.22095,0.0,0.0
TARBP2,0.11199871,0.0,0.0
TARDBP,0.17194073,0.0,-1.0
TARS1,0.16195595,0.0,0.0
TARS2,0.094833516,0.0,0.0
TARS3,0.13171294,0.0,0.0
TAS1R1,8.891083e-34,0.0,0.0
TAS1R2,0.0,0.0,0.0
TAS1R3,0.0,0.0,0.0
TAS2R10,0.00013301593,0.0,0.0
TAS2R13,0.0005070925,0.0,0.0
TAS2R41,0.024980593,0.0,0.0
TAS2R7,0.09739939,0.0,0.0
TAS2R8,3.0679207e-08,0.0,0.0
TASL,0.0071215765,0.0,0.0
TASOR,0.13125423,0.0,0.0
TASOR2,0.101683795,0.0,0.0
TASP1,0.009420413,0.0,0.0
TAT,0.0006119629,0.0,-1.0
TATDN1,0.18296328,0.0,0.0
TATDN2,0.013897647,0.0,0.0
TATDN3,0.072083585,0.0,0.0
TAX1BP1,0.3449261,0.0,0.0
TAX1BP3,0.205888,0.0,0.0
TBC1D1,0.37363207,0.0,0.0
TBC1D10A,0.07164023,0.0,-1.0
TBC1D10B,0.120500945,0.0,0.0
TBC1D10C,0.0038689114,0.0,0.0
TBC1D12,0.003261149,0.0,-1.0
TBC1D13,0.0038894524,0.0,-1.0
TBC1D14,0.08745863,0.0,0.0
TBC1D15,0.11575838,0.0,0.0
TBC1D16,0.015101403,0.0,0.0
TBC1D17,0.07699075,0.0,0.0
TBC1D19,0.10579612,0.0,0.0
TBC1D2,0.078015275,0.0,0.0
TBC1D20,4.3475018e-05,0.0,0.0
TBC1D21,0.0187543,0.0,0.0
TBC1D22A,0.161377,0.0,-1.0
TBC1D22B,0.1487647,0.0,0.0
TBC1D23,0.012545494,0.0,0.0
TBC1D24,0.10602017,0.0,-1.0
TBC1D25,0.12022273,0.0,0.0
TBC1D26,1.928442e-21,0.0,0.0
TBC1D2B,0.11362595,0.0,0.0
TBC1D30,0.013968243,0.0,0.0
TBC1D31,0.1603427,0.0,0.0
TBC1D32,0.08181235,0.0,-1.0
TBC1D3B,2.921594e-07,0.0,-1.0
TBC1D3C,0.0005893052,0.0,0.0
TBC1D3F,0.00013869959,0.0,0.0
TBC1D3G,0.00044950997,0.0,0.0
TBC1D3H,4.5326294e-09,0.0,0.0
TBC1D4,0.20984331,0.0,0.0
TBC1D5,0.16669819,0.0,0.0
TBC1D7,0.12580824,0.0,-1.0
TBC1D8,0.011182275,0.0,0.0
TBC1D8B,0.020979157,0.0,0.0
TBC1D9,0.021655634,0.0,0.0
TBC1D9B,0.039941154,0.0,0.0
TBCA,0.08148952,0.0,0.0
TBCB,0.051720627,0.0,0.0
TBCC,0.016070029,0.0,0.0
TBCCD1,0.08178385,0.0,0.0
TBCD,0.17251883,0.0,-1.0
TBCE,0.033657603,0.0,0.0
TBCEL,0.06533562,0.0,0.0
TBCK,0.013324752,0.0,0.0
TBK1,0.779322,1.0,-1.0
TBKBP1,0.31138995,0.0,-1.0
TBL1X,0.57085806,1.0,-1.0
TBL1XR1,0.70257306,1.0,1.0
TBL1Y,0.30505005,0.0,0.0
TBL2,0.045137577,0.0,-1.0
TBL3,0.1149447,0.0,0.0
TBP,0.9533214,1.0,-1.0
TBPL1,0.12016295,0.0,0.0
TBPL2,0.07022831,0.0,0.0
TBR1,0.120108515,0.0,-1.0
TBRG1,0.0617181,0.0,0.0
TBRG4,0.1616024,0.0,0.0
TBX1,2.9302375e-06,0.0,-1.0
TBX15,0.04687718,0.0,0.0
TBX18,0.030251019,0.0,-1.0
TBX19,0.75362796,1.0,0.0
TBX2,0.59547204,1.0,-1.0
TBX20,0.029001249,0.0,-1.0
TBX21,0.76116544,1.0,-1.0
TBX22,0.005948038,0.0,-1.0
TBX3,0.3349964,0.0,1.0
TBX4,2.5072146e-05,0.0,-1.0
TBX5,0.40058434,0.0,0.0
TBX6,0.067619115,0.0,0.0
TBXA2R,0.32793394,0.0,0.0
TBXAS1,0.0029544723,0.0,0.0
TCAF1,0.3758703,0.0,-1.0
TCAF2,0.0048317024,0.0,0.0
TCAP,0.53642386,1.0,-1.0
TCEA1,0.11085482,0.0,1.0
TCEA2,0.05618636,0.0,0.0
TCEA3,2.554508e-07,0.0,0.0
TCEAL1,0.116525464,0.0,0.0
TCEAL2,0.14672627,0.0,0.0
TCEAL3,0.0011224054,0.0,0.0
TCEAL4,0.11632483,0.0,0.0
TCEAL5,0.1518493,0.0,0.0
TCEAL7,1.8115234e-14,0.0,0.0
TCEAL8,2.7262492e-06,0.0,0.0
TCEAL9,0.01508388,0.0,0.0
TCEANC,0.044929925,0.0,0.0
TCEANC2,0.061985273,0.0,0.0
TCERG1,0.29513988,0.0,-1.0
TCERG1L,0.00036335725,0.0,0.0
TCF12,0.9082901,1.0,1.0
TCF15,0.00039918855,0.0,0.0
TCF19,0.046360414,0.0,0.0
TCF20,0.47715235,0.0,0.0
TCF21,0.5217265,1.0,-1.0
TCF23,8.495999e-07,0.0,0.0
TCF24,0.013549626,0.0,0.0
TCF25,0.048787348,0.0,0.0
TCF3,0.9397464,1.0,1.0
TCF4,0.00169445,0.0,-1.0
TCF7,0.6983729,1.0,-1.0
TCF7L1,0.47634625,0.0,-1.0
TCF7L2,0.77964765,1.0,1.0
TCFL5,2.7195603e-07,0.0,0.0
TCHH,0.0014117917,0.0,-1.0
TCHHL1,3.1239082e-13,0.0,0.0
TCHP,0.31778768,0.0,0.0
TCIRG1,0.07426621,0.0,-1.0
TCL1A,0.38660416,0.0,1.0
TCL1B,0.07025534,0.0,1.0
TCN1,2.1251674e-06,0.0,0.0
TCN2,0.30610886,0.0,0.0
TCOF1,0.37179905,0.0,-1.0
TCP1,0.6316481,1.0,0.0
TCP10L,0.054887798,0.0,0.0
TCP10L2,1.7280825e-06,0.0,0.0
TCP10L3,9.561482e-06,0.0,0.0
TCP11,0.0034414744,0.0,-1.0
TCP11L1,0.25718245,0.0,0.0
TCP11L2,0.16805346,0.0,-1.0
TCTA,0.0008596895,0.0,-1.0
TCTE1,0.00999052,0.0,0.0
TCTN1,0.058876403,0.0,0.0
TCTN2,0.042270664,0.0,0.0
TCTN3,0.036216628,0.0,0.0
TDG,0.4315014,0.0,-1.0
TDGF1,0.23990354,0.0,-1.0
TDO2,0.056653224,0.0,0.0
TDP1,0.44198936,0.0,-1.0
TDP2,0.20062956,0.0,0.0
TDRD1,0.008319295,0.0,-1.0
TDRD12,0.06602905,0.0,0.0
TDRD15,7.695059e-05,0.0,0.0
TDRD3,0.081480354,0.0,0.0
TDRD5,0.002126855,0.0,-1.0
TDRD6,0.12194358,0.0,0.0
TDRD7,0.10692357,0.0,0.0
TDRD9,0.22348343,0.0,0.0
TDRKH,0.116881914,0.0,0.0
TEAD1,0.24467531,0.0,0.0
TEAD2,0.6455335,1.0,0.0
TEAD3,0.19221668,0.0,0.0
TEAD4,0.025471332,0.0,0.0
TEC,0.7790378,1.0,1.0
TECPR1,0.030745465,0.0,0.0
TECPR2,0.027032243,0.0,0.0
TECR,0.16661254,0.0,-1.0
TEDC1,0.08287686,0.0,0.0
TEDC2,0.0020058316,0.0,-1.0
TEF,0.022734405,0.0,0.0
TEFM,0.040843748,0.0,0.0
TEK,0.08587235,0.0,-1.0
TEKT1,0.0028746896,0.0,0.0
TEKT2,0.06730764,0.0,0.0
TEKT3,0.06583531,0.0,0.0
TEKT4,0.23928834,0.0,0.0
TEKT5,0.022181042,0.0,0.0
TELO2,0.3069361,0.0,0.0
TEN1,0.0023141946,0.0,0.0
TENM1,0.005073325,0.0,0.0
TENM3,0.09394282,0.0,0.0
TENM4,1.806701e-05,0.0,0.0
TENT2,0.062399965,0.0,0.0
TENT4A,0.0006516706,0.0,0.0
TENT4B,0.069538705,0.0,-1.0
TENT5A,0.03373913,0.0,0.0
TENT5B,0.039342884,0.0,0.0
TENT5C,0.06119627,0.0,1.0
TENT5D,0.00660947,0.0,-1.0
TEP1,0.22165416,0.0,-1.0
TEPSIN,0.083551556,0.0,0.0
TERB2,6.5674213e-09,0.0,0.0
TERF1,0.007944877,0.0,0.0
TERF2,0.20976976,0.0,-1.0
TERF2IP,0.22330277,0.0,0.0
TERT,0.62249583,1.0,1.0
TES,0.19847064,0.0,0.0
TESC,0.038812026,0.0,-1.0
TESK1,0.57485425,1.0,0.0
TESK2,0.23056185,0.0,0.0
TESPA1,0.04831531,0.0,0.0
TET1,0.10719158,0.0,1.0
TET2,0.25664598,0.0,1.0
TET3,0.21044174,0.0,1.0
TEX10,0.12385632,0.0,0.0
TEX101,0.07576213,0.0,0.0
TEX11,1.6118164e-06,0.0,0.0
TEX12,0.1845547,0.0,0.0
TEX13A,0.006965003,0.0,0.0
TEX13B,1.4594575e-08,0.0,0.0
TEX14,0.2076295,0.0,-1.0
TEX15,0.10352013,0.0,-1.0
TEX2,0.04783672,0.0,0.0
TEX264,0.039134663,0.0,0.0
TEX28,0.010217708,0.0,0.0
TEX29,0.03519621,0.0,0.0
TEX33,0.049995065,0.0,0.0
TEX35,0.07411774,0.0,0.0
TEX36,1.3710851e-07,0.0,0.0
TEX37,0.008830475,0.0,0.0
TEX9,0.11564224,0.0,0.0
TF,0.6726239,1.0,0.0
TFAM,0.25654003,0.0,0.0
TFAP2A,0.9333995,1.0,-1.0
TFAP2B,0.51255035,1.0,-1.0
TFAP2C,0.0019215981,0.0,-1.0
TFAP2D,0.008245269,0.0,-1.0
TFAP4,0.90316814,1.0,-1.0
TFB1M,0.1055958,0.0,0.0
TFB2M,0.064789325,0.0,0.0
TFCP2,0.38638523,0.0,0.0
TFCP2L1,0.0025399376,0.0,0.0
TFDP1,0.6428127,1.0,-1.0
TFDP2,0.2503835,0.0,-1.0
TFDP3,0.25208133,0.0,0.0
TFE3,0.33378774,0.0,1.0
TFEB,0.036379848,0.0,1.0
TFEC,0.0022409842,0.0,0.0
TFF1,9.410215e-09,0.0,-1.0
TFF2,0.99868643,1.0,-1.0
TFF3,0.08644257,0.0,-1.0
TFG,0.7372724,1.0,1.0
TFIP11,0.61979556,1.0,0.0
TFPI,0.02119483,0.0,-1.0
TFPI2,0.00016124325,0.0,0.0
TFPT,0.20843674,0.0,-1.0
TFR2,0.1287021,0.0,-1.0
TFRC,0.17587012,0.0,-1.0
TG,0.09629973,0.0,-1.0
TGDS,0.014050212,0.0,-1.0
TGFA,0.55289376,1.0,-1.0
TGFB1,0.8867554,1.0,-1.0
TGFB1I1,0.10362155,0.0,0.0
TGFB2,0.55310625,1.0,-1.0
TGFB3,0.53818846,1.0,-1.0
TGFBI,0.16976392,0.0,-1.0
TGFBR1,0.94428223,1.0,1.0
TGFBR2,0.9565315,1.0,1.0
TGFBR3,0.3439369,0.0,-1.0
TGFBRAP1,0.2129351,0.0,-1.0
TGIF1,0.49503404,0.0,-1.0
TGIF2,0.0100669805,0.0,0.0
TGIF2LY,0.25371677,0.0,0.0
TGM1,0.0055474094,0.0,-1.0
TGM2,0.82864076,1.0,-1.0
TGM3,0.4761202,0.0,0.0
TGM4,0.022190891,0.0,0.0
TGM5,0.0012513758,0.0,0.0
TGM7,4.139065e-10,0.0,0.0
TGOLN2,0.5660254,1.0,0.0
TGS1,0.23952273,0.0,-1.0
TH,0.11280467,0.0,-1.0
THADA,0.24003823,0.0,-1.0
THAP1,0.2129359,0.0,-1.0
THAP10,0.017209688,0.0,0.0
THAP11,0.16129279,0.0,0.0
THAP12,0.054228935,0.0,-1.0
THAP2,0.05797319,0.0,0.0
THAP3,0.009849298,0.0,0.0
THAP4,0.035940457,0.0,0.0
THAP5,0.00026541954,0.0,-1.0
THAP6,0.0016866864,0.0,0.0
THAP7,0.08702442,0.0,0.0
THAP8,0.02222449,0.0,0.0
THAP9,0.007282111,0.0,0.0
THBD,0.16249806,0.0,-1.0
THBS1,0.7317357,1.0,-1.0
THBS2,0.5440696,1.0,-1.0
THBS3,0.013349627,0.0,-1.0
THBS4,2.008441e-06,0.0,0.0
THEG,0.00021569178,0.0,0.0
THEM4,5.793582e-06,0.0,0.0
THEM5,1.7530359e-09,0.0,0.0
THEM6,0.1105752,0.0,0.0
THEMIS,0.06102026,0.0,0.0
THEMIS2,0.0009905513,0.0,0.0
THG1L,0.056075808,0.0,0.0
THNSL1,0.03218614,0.0,0.0
THNSL2,0.12703878,0.0,0.0
THOC1,0.11908352,0.0,0.0
THOC2,0.12788646,0.0,0.0
THOC3,0.04056821,0.0,0.0
THOC5,0.07154155,0.0,-1.0
THOC6,0.07786162,0.0,-1.0
THOC7,0.041175596,0.0,-1.0
THOP1,0.019553779,0.0,0.0
THPO,0.4628951,0.0,-1.0
THRA,0.6822797,1.0,-1.0
THRAP3,0.6416817,1.0,-1.0
THRB,0.5513978,1.0,-1.0
THRSP,0.48422322,0.0,-1.0
THSD1,0.00010329924,0.0,0.0
THSD7A,0.13555388,0.0,-1.0
THSD7B,5.4614584e-06,0.0,-1.0
THTPA,0.040037207,0.0,0.0
THUMPD1,0.15627685,0.0,0.0
THUMPD2,0.08077161,0.0,0.0
THUMPD3,0.018099356,0.0,0.0
THY1,0.6217087,1.0,-1.0
THYN1,0.010715113,0.0,0.0
TIA1,0.31458792,0.0,-1.0
TIAF1,0.2560334,0.0,0.0
TIAL1,0.14374577,0.0,-1.0
TIAM1,0.7072471,1.0,-1.0
TIAM2,0.16542132,0.0,0.0
TICAM1,0.7880514,1.0,-1.0
TICAM2,0.6484264,1.0,-1.0
TICRR,0.233991,0.0,0.0
TIE1,0.0040879375,0.0,-1.0
TIFA,4.1025087e-06,0.0,0.0
TIFAB,1.28219836e-17,0.0,0.0
TIGAR,0.07298647,0.0,-1.0
TIGD1,9.217382e-05,0.0,0.0
TIGD2,0.000629879,0.0,0.0
TIGD3,0.004627396,0.0,-1.0
TIGD4,0.043081637,0.0,0.0
TIGD5,0.045583725,0.0,0.0
TIGD6,0.016277317,0.0,0.0
TIGD7,0.0013035242,0.0,0.0
TIGIT,0.02526557,0.0,-1.0
TIMD4,5.5184754e-33,0.0,0.0
TIMELESS,0.40355417,0.0,0.0
TIMM10,0.0036284248,0.0,0.0
TIMM10B,0.0012076095,0.0,0.0
TIMM13,0.38018242,0.0,0.0
TIMM17A,0.0010208773,0.0,-1.0
TIMM17B,0.0030136027,0.0,0.0
TIMM21,0.010735948,0.0,0.0
TIMM22,0.00051792146,0.0,0.0
TIMM23,0.022980073,0.0,0.0
TIMM23B,0.10567613,0.0,0.0
TIMM44,0.051185727,0.0,0.0
TIMM50,0.19995151,0.0,0.0
TIMM8A,0.058686275,0.0,0.0
TIMM8B,0.23026852,0.0,0.0
TIMM9,0.08631722,0.0,0.0
TIMMDC1,0.0017433845,0.0,0.0
TIMP1,0.051132135,0.0,-1.0
TIMP2,0.01766077,0.0,-1.0
TIMP3,0.0015783424,0.0,-1.0
TIMP4,0.00088860554,0.0,0.0
TINAG,1.6843801e-06,0.0,0.0
TINAGL1,0.032178335,0.0,0.0
TINCR,6.594732e-10,0.0,0.0
TINF2,0.03471976,0.0,-1.0
TIPARP,0.004307514,0.0,-1.0
TIPIN,0.16912341,0.0,-1.0
TIPRL,0.15973516,0.0,0.0
TIRAP,0.81569135,1.0,-1.0
TJAP1,0.15542282,0.0,0.0
TJP1,0.7028992,1.0,-1.0
TJP2,0.34681615,0.0,-1.0
TJP3,0.36509576,0.0,0.0
TK1,0.6606235,1.0,-1.0
TK2,0.020261345,0.0,0.0
TKFC,0.029453369,0.0,0.0
TKT,0.228198,0.0,-1.0
TKTL2,0.2793516,0.0,-1.0
TLCD1,0.0052767815,0.0,0.0
TLCD2,0.00559939,0.0,-1.0
TLCD3A,0.02847413,0.0,-1.0
TLCD4,7.819191e-06,0.0,0.0
TLE1,0.9585219,1.0,-1.0
TLE2,0.57103914,1.0,-1.0
TLE3,0.8029251,1.0,-1.0
TLE4,0.7239879,1.0,-1.0
TLE5,0.54747283,1.0,0.0
TLE6,0.21904416,0.0,0.0
TLK1,0.20416851,0.0,0.0
TLK2,0.34059307,0.0,0.0
TLL1,0.0010955136,0.0,-1.0
TLL2,9.785467e-09,0.0,-1.0
TLN1,0.31678438,0.0,0.0
TLN2,0.37944943,0.0,0.0
TLNRD1,0.0017238632,0.0,0.0
TLR1,0.12385655,0.0,0.0
TLR10,0.46201307,0.0,0.0
TLR2,0.34767956,0.0,-1.0
TLR3,0.21298955,0.0,-1.0
TLR4,0.24819052,0.0,-1.0
TLR5,0.67415833,1.0,-1.0
TLR6,0.3958376,0.0,-1.0
TLR7,0.1917542,0.0,-1.0
TLR8,0.40436628,0.0,0.0
TLR9,0.6779859,1.0,-1.0
TLX1,0.7625182,1.0,1.0
TLX2,0.0059915856,0.0,0.0
TLX3,0.35533103,0.0,1.0
TM2D1,4.300768e-15,0.0,0.0
TM2D2,4.136464e-12,0.0,0.0
TM2D3,0.0070344615,0.0,0.0
TM4SF1,0.00010640248,0.0,-1.0
TM4SF19,0.033584204,0.0,0.0
TM4SF20,0.0010411548,0.0,0.0
TM4SF4,3.7822974e-06,0.0,0.0
TM6SF1,6.3435646e-11,0.0,0.0
TM7SF2,0.056548286,0.0,0.0
TM9SF1,0.010074591,0.0,-1.0
TM9SF2,0.0047659217,0.0,0.0
TM9SF3,0.012318068,0.0,0.0
TM9SF4,0.12950228,0.0,0.0
TMA16,0.07445585,0.0,0.0
TMA7,0.0007041939,0.0,0.0
TMBIM1,0.010094474,0.0,0.0
TMBIM4,0.011248814,0.0,0.0
TMBIM6,0.123345435,0.0,-1.0
TMC1,2.947257e-05,0.0,0.0
TMC4,0.12893847,0.0,0.0
TMC5,0.0059833555,0.0,0.0
TMC6,2.5258876e-10,0.0,-1.0
TMC8,2.2962824e-05,0.0,-1.0
TMCC1,0.007967209,0.0,0.0
TMCC2,0.06431735,0.0,0.0
TMCC3,4.164058e-09,0.0,0.0
TMCO1,0.038512763,0.0,0.0
TMCO3,0.00068429724,0.0,0.0
TMCO4,0.09158738,0.0,0.0
TMCO6,0.01059148,0.0,0.0
TMED1,0.08800917,0.0,0.0
TMED10,0.105320565,0.0,0.0
TMED2,0.020872066,0.0,0.0
TMED3,0.0055071847,0.0,0.0
TMED4,0.007753691,0.0,0.0
TMED5,4.462942e-05,0.0,0.0
TMED7,0.18958488,0.0,0.0
TMED8,5.7773665e-08,0.0,0.0
TMED9,0.00930196,0.0,0.0
TMEFF1,0.10431735,0.0,0.0
TMEM100,0.004066909,0.0,0.0
TMEM101,1.2246313e-09,0.0,0.0
TMEM102,0.0021497705,0.0,0.0
TMEM104,0.033984315,0.0,-1.0
TMEM106A,2.1537221e-07,0.0,0.0
TMEM106B,1.1672465e-08,0.0,-1.0
TMEM106C,0.00041457114,0.0,0.0
TMEM107,0.03073177,0.0,0.0
TMEM108,0.01600634,0.0,0.0
TMEM109,0.045866534,0.0,0.0
TMEM11,0.009003956,0.0,0.0
TMEM115,0.056633905,0.0,0.0
TMEM120A,0.049664654,0.0,0.0
TMEM120B,0.007514773,0.0,0.0
TMEM121,1.3984885e-15,0.0,0.0
TMEM121B,2.5642195e-15,0.0,-1.0
TMEM123,0.021458965,0.0,0.0
TMEM126A,0.22168337,0.0,-1.0
TMEM126B,0.0018664517,0.0,0.0
TMEM128,0.029151767,0.0,-1.0
TMEM129,0.11154363,0.0,0.0
TMEM131,0.31840962,0.0,0.0
TMEM131L,0.06127357,0.0,0.0
TMEM132A,0.04608781,0.0,0.0
TMEM132C,1.0881251e-06,0.0,-1.0
TMEM132D,0.01714707,0.0,-1.0
TMEM132E-DT,0.38447917,0.0,0.0
TMEM134,0.0012587155,0.0,0.0
TMEM138,0.056540538,0.0,0.0
TMEM139,0.0016414094,0.0,0.0
TMEM140,0.0009796058,0.0,0.0
TMEM141,1.231579e-09,0.0,0.0
TMEM143,0.00011439728,0.0,0.0
TMEM147,0.040722795,0.0,-1.0
TMEM14A,0.061673667,0.0,0.0
TMEM14B,0.048356105,0.0,0.0
TMEM14C,0.0072839586,0.0,0.0
TMEM150A,0.011816538,0.0,0.0
TMEM155,4.7256494e-06,0.0,0.0
TMEM160,0.20306401,0.0,-1.0
TMEM161A,0.049582757,0.0,0.0
TMEM161B,8.4383455e-14,0.0,0.0
TMEM164,0.026529465,0.0,0.0
TMEM165,0.15263824,0.0,-1.0
TMEM168,0.04400148,0.0,0.0
TMEM169,6.298339e-08,0.0,0.0
TMEM17,0.07061696,0.0,-1.0
TMEM171,0.004415929,0.0,0.0
TMEM174,3.281589e-05,0.0,0.0
TMEM175,3.0877802e-06,0.0,0.0
TMEM176A,0.038190175,0.0,0.0
TMEM177,0.0013883164,0.0,0.0
TMEM179B,0.007800079,0.0,0.0
TMEM181,0.00063673075,0.0,0.0
TMEM182,7.7272904e-07,0.0,0.0
TMEM183A,8.98196e-05,0.0,0.0
TMEM184A,9.597048e-15,0.0,0.0
TMEM184B,0.0022024666,0.0,0.0
TMEM184C,0.006480056,0.0,0.0
TMEM185A,0.023023697,0.0,0.0
TMEM185B,2.7789858e-06,0.0,0.0
TMEM186,0.0019083668,0.0,0.0
TMEM19,0.0079718735,0.0,0.0
TMEM190,2.9562754e-09,0.0,0.0
TMEM192,0.0041434215,0.0,0.0
TMEM199,0.019104216,0.0,-1.0
TMEM201,0.24931517,0.0,-1.0
TMEM203,0.00023597736,0.0,0.0
TMEM205,0.016029982,0.0,0.0
TMEM207,2.9874164e-07,0.0,0.0
TMEM208,0.09718871,0.0,-1.0
TMEM209,0.03225891,0.0,0.0
TMEM213,7.4032663e-10,0.0,0.0
TMEM214,0.05408045,0.0,0.0
TMEM216,0.050860215,0.0,-1.0
TMEM218,0.0016194199,0.0,0.0
TMEM219,0.010758036,0.0,0.0
TMEM222,0.015325239,0.0,0.0
TMEM223,0.0004963767,0.0,0.0
TMEM225,8.783791e-09,0.0,0.0
TMEM229B,8.987216e-14,0.0,0.0
TMEM230,0.017390432,0.0,0.0
TMEM231,0.08166901,0.0,0.0
TMEM234,0.016663061,0.0,0.0
TMEM237,0.06981737,0.0,0.0
TMEM239,0.0006225535,0.0,0.0
TMEM241,3.5277542e-05,0.0,0.0
TMEM242,0.00014206306,0.0,0.0
TMEM243,4.237681e-07,0.0,-1.0
TMEM245,0.009792672,0.0,0.0
TMEM248,0.017876152,0.0,0.0
TMEM25,0.06270623,0.0,0.0
TMEM252,2.7282573e-13,0.0,0.0
TMEM253,5.4644854e-05,0.0,-1.0
TMEM254,0.0009660637,0.0,0.0
TMEM255A,0.015784502,0.0,0.0
TMEM255B,0.06927096,0.0,0.0
TMEM256,0.11625761,0.0,0.0
TMEM258,1.925175e-07,0.0,0.0
TMEM259,0.0003734918,0.0,0.0
TMEM260,0.025003716,0.0,0.0
TMEM263,0.08693666,0.0,0.0
TMEM266,1.2222755e-07,0.0,0.0
TMEM267,6.5674213e-09,0.0,0.0
TMEM268,4.4218268e-08,0.0,0.0
TMEM270,3.5802255e-05,0.0,0.0
TMEM30A,0.15873246,0.0,-1.0
TMEM30B,0.00023120029,0.0,0.0
TMEM31,0.02508267,0.0,0.0
TMEM33,0.04818215,0.0,0.0
TMEM35A,6.5674213e-09,0.0,0.0
TMEM35B,0.008191248,0.0,0.0
TMEM37,0.00065540674,0.0,0.0
TMEM38A,0.02133519,0.0,0.0
TMEM38B,0.0057709534,0.0,0.0
TMEM39A,0.02222895,0.0,0.0
TMEM39B,0.00010375533,0.0,0.0
TMEM41A,0.0064557297,0.0,0.0
TMEM41B,0.0063034445,0.0,0.0
TMEM42,0.0061614425,0.0,0.0
TMEM43,0.011629775,0.0,-1.0
TMEM44,0.0005251617,0.0,0.0
TMEM45A,5.4696606e-08,0.0,0.0
TMEM45B,1.0459016e-05,0.0,0.0
TMEM50A,0.004673322,0.0,0.0
TMEM50B,0.0004910512,0.0,0.0
TMEM51,0.11094705,0.0,0.0
TMEM52B,0.0017383295,0.0,0.0
TMEM53,1.1007061e-05,0.0,0.0
TMEM54,0.007445645,0.0,0.0
TMEM59,0.01302258,0.0,0.0
TMEM59L,0.0073173875,0.0,0.0
TMEM60,0.06599671,0.0,0.0
TMEM62,0.23648708,0.0,0.0
TMEM63A,0.018893821,0.0,-1.0
TMEM63B,0.04684261,0.0,0.0
TMEM65,0.009484024,0.0,0.0
TMEM67,0.08375427,0.0,-1.0
TMEM68,9.554884e-05,0.0,0.0
TMEM70,0.00050666905,0.0,0.0
TMEM74,0.0018989461,0.0,-1.0
TMEM74B,0.014642238,0.0,0.0
TMEM79,4.162698e-05,0.0,0.0
TMEM80,5.599855e-14,0.0,0.0
TMEM86A,0.0021060999,0.0,-1.0
TMEM86B,1.871532e-05,0.0,0.0
TMEM87A,0.06514478,0.0,0.0
TMEM87B,0.0026160257,0.0,0.0
TMEM89,1.0523232e-06,0.0,0.0
TMEM8B,0.04146292,0.0,0.0
TMEM9,0.0833687,0.0,0.0
TMEM92,0.050223563,0.0,0.0
TMEM94,0.10284345,0.0,0.0
TMEM97,0.016625391,0.0,0.0
TMEM98,0.01274181,0.0,0.0
TMEM9B,8.9576705e-12,0.0,0.0
TMF1,0.24325944,0.0,0.0
TMIGD1,3.0367708e-10,0.0,0.0
TMIGD2,8.924159e-06,0.0,0.0
TMIGD3,0.4353697,0.0,0.0
TMLHE,0.08464816,0.0,0.0
TMOD1,0.36171114,0.0,0.0
TMOD2,0.009374046,0.0,0.0
TMOD3,0.5656684,1.0,0.0
TMOD4,0.042167984,0.0,0.0
TMPO,0.17705442,0.0,-1.0
TMPPE,0.02081219,0.0,0.0
TMPRSS11A,0.00014103753,0.0,-1.0
TMPRSS11D,0.9835821,1.0,-1.0
TMPRSS12,5.690141e-05,0.0,0.0
TMPRSS13,0.01354135,0.0,-1.0
TMPRSS15,0.34159306,0.0,0.0
TMPRSS2,0.7865527,1.0,1.0
TMPRSS3,0.08296865,0.0,-1.0
TMPRSS4,0.0007075496,0.0,-1.0
TMPRSS5,0.14130569,0.0,-1.0
TMPRSS6,6.512752e-06,0.0,-1.0
TMSB10,0.09422343,0.0,-1.0
TMSB4X,0.39093906,0.0,-1.0
TMSB4Y,0.12561043,0.0,0.0
TMTC1,0.028698403,0.0,0.0
TMTC2,0.0006631103,0.0,-1.0
TMTC3,0.008815221,0.0,-1.0
TMTC4,0.12663162,0.0,0.0
TMUB1,0.06224637,0.0,0.0
TMUB2,1.5085522e-05,0.0,0.0
TMX1,0.04524201,0.0,0.0
TMX2,0.012499036,0.0,0.0
TMX3,0.006989119,0.0,-1.0
TMX4,0.044721268,0.0,0.0
TNC,0.4035833,0.0,1.0
TNF,0.8705675,1.0,-1.0
TNFAIP1,0.28028002,0.0,-1.0
TNFAIP2,0.13374844,0.0,0.0
TNFAIP3,0.7200494,1.0,1.0
TNFAIP6,0.0006640969,0.0,-1.0
TNFAIP8,0.022489939,0.0,-1.0
TNFAIP8L1,0.030386975,0.0,0.0
TNFAIP8L2,0.116953894,0.0,0.0
TNFAIP8L3,3.5431348e-13,0.0,-1.0
TNFRSF10A,0.19376114,0.0,-1.0
TNFRSF10B,0.23416792,0.0,-1.0
TNFRSF10C,0.16045955,0.0,0.0
TNFRSF10D,0.07359681,0.0,0.0
TNFRSF11A,0.19280621,0.0,-1.0
TNFRSF11B,0.7430236,1.0,-1.0
TNFRSF12A,0.1415528,0.0,0.0
TNFRSF13B,0.65828305,1.0,-1.0
TNFRSF13C,0.015856534,0.0,-1.0
TNFRSF14,0.46692306,0.0,1.0
TNFRSF17,0.5308803,1.0,1.0
TNFRSF18,0.0036168827,0.0,0.0
TNFRSF19,0.0074395053,0.0,0.0
TNFRSF1A,0.9296227,1.0,-1.0
TNFRSF1B,0.76462454,1.0,-1.0
TNFRSF21,0.034122217,0.0,-1.0
TNFRSF25,0.008312787,0.0,0.0
TNFRSF4,0.0009476958,0.0,0.0
TNFRSF6B,0.0004732091,0.0,-1.0
TNFRSF8,0.0014220374,0.0,-1.0
TNFRSF9,0.051959503,0.0,0.0
TNFSF10,0.6046766,1.0,-1.0
TNFSF11,0.09383966,0.0,-1.0
TNFSF12,3.572578e-10,0.0,0.0
TNFSF12-TNFSF13,0.34069857,0.0,0.0
TNFSF13,0.84358263,1.0,0.0
TNFSF13B,0.79834396,1.0,-1.0
TNFSF14,0.0255205,0.0,0.0
TNFSF15,5.7781276e-06,0.0,-1.0
TNFSF18,0.000504002,0.0,-1.0
TNFSF4,9.982885e-06,0.0,-1.0
TNFSF8,5.743216e-05,0.0,-1.0
TNFSF9,0.32942054,0.0,0.0
TNIK,0.19822322,0.0,0.0
TNIP1,0.54317975,1.0,0.0
TNIP2,0.28536355,0.0,0.0
TNIP3,0.07486617,0.0,0.0
TNK1,0.17743003,0.0,0.0
TNK2,0.8492505,1.0,0.0
TNKS,0.25401053,0.0,-1.0
TNKS1BP1,0.15712921,0.0,0.0
TNKS2,0.38432014,0.0,-1.0
TNMD,1.561916e-05,0.0,0.0
TNN,0.034410883,0.0,-1.0
TNNC1,0.64655584,1.0,-1.0
TNNC2,0.3075147,0.0,0.0
TNNI1,0.2713932,0.0,0.0
TNNI2,0.42857638,0.0,0.0
TNNI3,0.7586305,1.0,-1.0
TNNI3K,2.5533672e-10,0.0,0.0
TNNT1,0.33132333,0.0,-1.0
TNNT2,0.27739957,0.0,-1.0
TNNT3,0.021931771,0.0,0.0
TNP1,0.12700875,0.0,0.0
TNP2,0.007972171,0.0,0.0
TNPO1,0.25302598,0.0,-1.0
TNPO2,0.23800947,0.0,-1.0
TNPO3,0.21667686,0.0,0.0
TNR,0.001469573,0.0,-1.0
TNRC18,0.26381123,0.0,-1.0
TNRC6A,0.21590462,0.0,-1.0
TNRC6B,0.287911,0.0,-1.0
TNRC6C,0.105890036,0.0,0.0
TNS1,0.2411629,0.0,0.0
TNS2,0.00019941175,0.0,0.0
TNS3,0.22376963,0.0,0.0
TNS4,0.18575908,0.0,-1.0
TNXB,0.2112351,0.0,-1.0
TOB1,0.17746449,0.0,-1.0
TOB2,0.053372607,0.0,-1.0
TOE1,0.096991606,0.0,0.0
TOLLIP,0.33596453,0.0,0.0
TOM1,0.33447355,0.0,0.0
TOM1L1,0.5124249,1.0,0.0
TOM1L2,0.15491973,0.0,0.0
TOMM20,0.11069655,0.0,0.0
TOMM20L,1.75689e-05,0.0,0.0
TOMM22,0.13610347,0.0,0.0
TOMM34,0.18535386,0.0,0.0
TOMM40,0.30609894,0.0,0.0
TOMM40L,2.8363e-06,0.0,0.0
TOMM5,4.4691646e-05,0.0,0.0
TOMM6,0.00087463646,0.0,0.0
TOMM7,0.004504155,0.0,0.0
TOMM70,0.18505804,0.0,0.0
TONSL,0.06197322,0.0,0.0
TOP1,0.3449699,0.0,1.0
TOP1MT,0.14449139,0.0,0.0
TOP2A,0.23828276,0.0,-1.0
TOP2B,0.23242284,0.0,-1.0
TOP3A,0.3923726,0.0,0.0
TOP3B,0.09055027,0.0,0.0
TOPAZ1,0.07785448,0.0,0.0
TOPBP1,0.32560304,0.0,0.0
TOPORS,0.19968131,0.0,-1.0
TOR1A,0.07699116,0.0,-1.0
TOR1AIP1,0.041097373,0.0,0.0
TOR1AIP2,0.01907013,0.0,0.0
TOR1B,0.050334167,0.0,-1.0
TOR2A,0.011892717,0.0,0.0
TOR3A,0.17039037,0.0,0.0
TOR4A,0.0015952545,0.0,0.0
TOX,3.3027492e-05,0.0,-1.0
TOX2,2.139197e-09,0.0,0.0
TOX3,0.06018073,0.0,-1.0
TOX4,0.28012654,0.0,0.0
TP53,0.9967112,1.0,1.0
TP53AIP1,0.031330224,0.0,-1.0
TP53BP1,0.7562621,1.0,1.0
TP53BP2,0.66311216,1.0,-1.0
TP53I11,0.0058309976,0.0,0.0
TP53I13,0.011987365,0.0,0.0
TP53I3,0.0030791527,0.0,0.0
TP53INP1,0.05419185,0.0,-1.0
TP53INP2,0.00018873355,0.0,0.0
TP53RK,0.18166825,0.0,-1.0
TP53TG3C,1.7655341e-14,0.0,0.0
TP53TG5,9.7962264e-08,0.0,0.0
TP63,0.902706,1.0,1.0
TP73,0.94151497,1.0,-1.0
TPBG,0.04847357,0.0,-1.0
TPCN1,0.009035164,0.0,0.0
TPCN2,0.0038573418,0.0,0.0
TPD52,0.043343708,0.0,-1.0
TPD52L1,0.18772632,0.0,0.0
TPD52L2,0.10773075,0.0,0.0
TPD52L3,0.012434303,0.0,0.0
TPGS1,0.13878512,0.0,0.0
TPGS2,0.002783333,0.0,0.0
TPH1,0.0027511271,0.0,0.0
TPH2,1.1425068e-05,0.0,0.0
TPI1,0.16341501,0.0,0.0
TPK1,0.00017320608,0.0,-1.0
TPM1,0.61663944,1.0,-1.0
TPM2,0.76266336,1.0,-1.0
TPM3,0.51015353,1.0,1.0
TPM4,0.61031073,1.0,1.0
TPMT,5.535483e-06,0.0,0.0
TPO,9.405734e-19,0.0,-1.0
TPP1,0.6174443,1.0,-1.0
TPP2,0.24313608,0.0,0.0
TPPP,0.048161905,0.0,0.0
TPPP3,2.0504233e-07,0.0,0.0
TPR,0.66703653,1.0,1.0
TPRA1,0.02162319,0.0,0.0
TPRG1L,0.044151366,0.0,-1.0
TPRKB,0.058283404,0.0,0.0
TPRN,0.31542796,0.0,0.0
TPSAB1,0.017212786,0.0,-1.0
TPST1,3.757749e-05,0.0,0.0
TPST2,1.5750356e-05,0.0,0.0
TPT1,0.16205952,0.0,0.0
TPTE,0.00017397407,0.0,-1.0
TPTE2,0.00028947918,0.0,-1.0
TPX2,0.50406927,1.0,-1.0
TRA2A,0.18870112,0.0,0.0
TRA2B,0.119958855,0.0,0.0
TRABD,0.11278773,0.0,0.0
TRADD,0.7221754,1.0,0.0
TRAF1,0.020516805,0.0,-1.0
TRAF2,0.3737114,0.0,-1.0
TRAF3,0.8778978,1.0,1.0
TRAF3IP1,0.153969,0.0,0.0
TRAF3IP2,0.063053496,0.0,-1.0
TRAF3IP3,0.042938873,0.0,-1.0
TRAF4,0.045275122,0.0,-1.0
TRAF5,0.4837194,0.0,1.0
TRAF6,0.835409,1.0,-1.0
TRAF7,0.19264126,0.0,1.0
TRAFD1,0.1185624,0.0,0.0
TRAIP,0.3094408,0.0,-1.0
TRAK1,0.3050621,0.0,-1.0
TRAK2,0.041047294,0.0,0.0
TRAM1,0.009449684,0.0,0.0
TRAM1L1,1.4252709e-05,0.0,0.0
TRAM2,0.003182765,0.0,0.0
TRANK1,0.105943836,0.0,0.0
TRAP1,0.28447756,0.0,-1.0
TRAPPC1,0.00088220445,0.0,0.0
TRAPPC10,0.0046479106,0.0,0.0
TRAPPC11,0.14405258,0.0,0.0
TRAPPC12,0.0033570954,0.0,0.0
TRAPPC13,0.033804167,0.0,0.0
TRAPPC14,0.008828108,0.0,0.0
TRAPPC2,0.008353234,0.0,-1.0
TRAPPC2L,0.00254258,0.0,-1.0
TRAPPC3,0.08127645,0.0,0.0
TRAPPC3L,0.000593799,0.0,0.0
TRAPPC4,0.0017208478,0.0,0.0
TRAPPC5,0.001713121,0.0,0.0
TRAPPC6A,0.0076275025,0.0,0.0
TRAPPC6B,0.0011009868,0.0,0.0
TRAPPC8,0.0025410724,0.0,0.0
TRAPPC9,0.0038778712,0.0,-1.0
TRARG1,0.017972747,0.0,0.0
TRAT1,0.34848553,0.0,-1.0
TRBV2,0.010413978,0.0,0.0
TRDMT1,0.010133765,0.0,0.0
TRDN,0.077798,0.0,0.0
TREM1,4.7273893e-06,0.0,0.0
TREM2,2.4397277e-05,0.0,-1.0
TREML1,0.00010499625,0.0,0.0
TREML2,0.0035435592,0.0,0.0
TRERF1,0.31500933,0.0,-1.0
TREX1,0.04076979,0.0,-1.0
TREX2,0.08210497,0.0,0.0
TRH,0.4252734,0.0,0.0
TRHDE,0.060555685,0.0,-1.0
TRHR,0.001084497,0.0,-1.0
TRIAP1,0.019637682,0.0,-1.0
TRIB1,0.19797596,0.0,-1.0
TRIB2,5.4019998e-05,0.0,-1.0
TRIB3,0.3968687,0.0,0.0
TRIL,2.7776005e-07,0.0,0.0
TRIM10,0.039651673,0.0,0.0
TRIM11,0.060442206,0.0,0.0
TRIM13,0.027441597,0.0,0.0
TRIM14,0.1995676,0.0,0.0
TRIM15,0.00035014356,0.0,0.0
TRIM16,0.0013984691,0.0,0.0
TRIM16L,6.6487686e-05,0.0,0.0
TRIM17,0.13388512,0.0,0.0
TRIM2,0.14096072,0.0,0.0
TRIM21,0.6868047,1.0,0.0
TRIM22,0.10933509,0.0,0.0
TRIM23,0.8054482,1.0,-1.0
TRIM24,0.9193986,1.0,1.0
TRIM25,0.27335703,0.0,0.0
TRIM26,0.22195287,0.0,0.0
TRIM27,0.9798194,1.0,1.0
TRIM28,0.6642326,1.0,-1.0
TRIM29,0.72673875,1.0,0.0
TRIM3,0.557575,1.0,0.0
TRIM31,0.030459438,0.0,0.0
TRIM32,0.6593665,1.0,-1.0
TRIM33,0.42426398,0.0,1.0
TRIM34,0.0070577175,0.0,0.0
TRIM35,0.094684064,0.0,0.0
TRIM36,0.10771124,0.0,0.0
TRIM37,0.4200809,0.0,-1.0
TRIM38,0.038869128,0.0,0.0
TRIM39,0.022820987,0.0,0.0
TRIM39-RPP21,0.00027911618,0.0,0.0
TRIM4,0.0056687524,0.0,0.0
TRIM40,0.018832028,0.0,0.0
TRIM41,0.41542348,0.0,0.0
TRIM42,0.005432395,0.0,0.0
TRIM43,0.027250059,0.0,0.0
TRIM44,0.10342527,0.0,0.0
TRIM45,0.025629748,0.0,0.0
TRIM46,0.07560615,0.0,0.0
TRIM47,0.1385589,0.0,0.0
TRIM49,0.02269176,0.0,0.0
TRIM5,0.18093596,0.0,0.0
TRIM50,0.09660891,0.0,0.0
TRIM51,0.0009866859,0.0,-1.0
TRIM52,0.003799968,0.0,0.0
TRIM54,0.16714986,0.0,0.0
TRIM55,0.7020167,1.0,0.0
TRIM56,0.12838982,0.0,0.0
TRIM58,0.002161058,0.0,-1.0
TRIM59,1.4564063e-09,0.0,0.0
TRIM6,0.010171905,0.0,0.0
TRIM62,0.13138098,0.0,-1.0
TRIM63,0.6700019,1.0,0.0
TRIM65,0.019255336,0.0,0.0
TRIM68,0.0554588,0.0,0.0
TRIM69,0.4350126,0.0,0.0
TRIM7,0.057272162,0.0,0.0
TRIM71,0.047598273,0.0,-1.0
TRIM72,0.16779353,0.0,0.0
TRIM73,0.018782612,0.0,0.0
TRIM74,0.042463697,0.0,0.0
TRIM8,0.06578469,0.0,0.0
TRIM9,0.25405478,0.0,0.0
TRIML1,0.022198891,0.0,0.0
TRIML2,0.062358577,0.0,0.0
TRIO,0.07422128,0.0,-1.0
TRIOBP,0.21919069,0.0,-1.0
TRIP10,0.4736672,0.0,0.0
TRIP11,0.26428556,0.0,1.0
TRIP12,0.2683513,0.0,-1.0
TRIP13,0.33543658,0.0,1.0
TRIP4,0.266298,0.0,0.0
TRIP6,0.8884183,1.0,0.0
TRIR,0.06657443,0.0,0.0
TRIT1,1.3533447e-05,0.0,0.0
TRMO,0.4032788,0.0,0.0
TRMT1,0.06725863,0.0,0.0
TRMT10A,0.12381428,0.0,-1.0
TRMT10B,0.006688107,0.0,-1.0
TRMT10C,0.07281896,0.0,-1.0
TRMT11,0.08132799,0.0,0.0
TRMT112,0.0985001,0.0,0.0
TRMT12,1.7500372e-05,0.0,0.0
TRMT13,0.065688744,0.0,0.0
TRMT1L,0.080164455,0.0,0.0
TRMT2A,0.1811297,0.0,0.0
TRMT2B,0.020635182,0.0,0.0
TRMT44,0.015064468,0.0,-1.0
TRMT6,0.15552773,0.0,0.0
TRMT61A,0.14307736,0.0,0.0
TRMT61B,0.16829756,0.0,0.0
TRMT9B,0.017569186,0.0,0.0
TRMU,0.11626253,0.0,0.0
TRNAU1AP,0.0019135891,0.0,0.0
TRNT1,0.011214578,0.0,0.0
TRO,0.2190507,0.0,-1.0
TROAP,0.39621514,0.0,0.0
TRPA1,0.5799539,1.0,-1.0
TRPC1,0.042410325,0.0,0.0
TRPC3,0.013143803,0.0,0.0
TRPC4,0.046147604,0.0,0.0
TRPC4AP,0.24748746,0.0,0.0
TRPC5,0.03325269,0.0,0.0
TRPC6,0.0010004487,0.0,-1.0
TRPC7,0.0021300116,0.0,-1.0
TRPM1,0.18949305,0.0,-1.0
TRPM2,0.005986459,0.0,-1.0
TRPM3,0.01726041,0.0,-1.0
TRPM4,0.04583425,0.0,0.0
TRPM6,0.005162799,0.0,-1.0
TRPM7,0.026328119,0.0,-1.0
TRPM8,0.05577169,0.0,-1.0
TRPS1,0.71391064,1.0,-1.0
TRPT1,0.00045239888,0.0,0.0
TRPV1,0.02166836,0.0,-1.0
TRPV2,3.1690786e-06,0.0,-1.0
TRPV3,0.1311122,0.0,0.0
TRPV4,0.27053776,0.0,-1.0
TRPV5,0.114062466,0.0,-1.0
TRPV6,0.00984121,0.0,-1.0
TRRAP,0.65894735,1.0,1.0
TRUB1,0.0137595935,0.0,0.0
TRUB2,0.00666127,0.0,0.0
TSACC,0.00174558,0.0,0.0
TSC1,0.72117186,1.0,1.0
TSC2,0.6968842,1.0,1.0
TSC22D1,0.26564476,0.0,-1.0
TSC22D2,1.792404e-05,0.0,0.0
TSC22D3,0.25903934,0.0,0.0
TSC22D4,0.007455547,0.0,0.0
TSEN15,0.0202433,0.0,0.0
TSEN2,0.23511863,0.0,0.0
TSEN34,0.09870782,0.0,0.0
TSEN54,0.047867466,0.0,0.0
TSFM,0.121303245,0.0,0.0
TSG101,0.47479853,0.0,-1.0
TSGA10,0.25059608,0.0,0.0
TSGA10IP,0.030514535,0.0,0.0
TSGA13,9.690117e-05,0.0,0.0
TSHB,0.44719374,0.0,0.0
TSHR,0.4008474,0.0,1.0
TSHZ1,0.27469122,0.0,0.0
TSHZ2,0.38152766,0.0,-1.0
TSHZ3,0.10263812,0.0,-1.0
TSKS,0.06064112,0.0,0.0
TSKU,0.005456396,0.0,0.0
TSLP,0.7647053,1.0,0.0
TSN,0.20187889,0.0,-1.0
TSNARE1,0.07402689,0.0,0.0
TSNAX,0.3645319,0.0,0.0
TSNAXIP1,0.017935092,0.0,0.0
TSPAN1,2.9968389e-05,0.0,-1.0
TSPAN10,0.04402778,0.0,0.0
TSPAN12,0.005027956,0.0,0.0
TSPAN13,0.00014080374,0.0,0.0
TSPAN14,0.22133477,0.0,0.0
TSPAN15,0.06390545,0.0,0.0
TSPAN17,0.0009473248,0.0,0.0
TSPAN18,2.4129787e-10,0.0,-1.0
TSPAN2,0.06133119,0.0,0.0
TSPAN3,0.009981634,0.0,0.0
TSPAN33,0.021755822,0.0,0.0
TSPAN4,0.045398902,0.0,0.0
TSPAN5,6.2209474e-06,0.0,0.0
TSPAN6,0.029639533,0.0,0.0
TSPAN7,0.03076268,0.0,-1.0
TSPAN9,0.13924953,0.0,0.0
TSPO,0.04103243,0.0,0.0
TSPO2,0.002801136,0.0,0.0
TSPOAP1,0.21757212,0.0,-1.0
TSPY1,0.07793007,0.0,-1.0
TSPY2,1.9655849e-07,0.0,0.0
TSPYL1,0.20241131,0.0,-1.0
TSPYL2,0.43856716,0.0,-1.0
TSPYL4,0.3021251,0.0,-1.0
TSPYL5,2.9213365e-10,0.0,0.0
TSPYL6,0.2764763,0.0,0.0
TSR1,0.10492795,0.0,0.0
TSR2,0.07437565,0.0,0.0
TSR3,0.04746943,0.0,0.0
TSSC4,0.108232945,0.0,0.0
TSSK1B,0.13042265,0.0,0.0
TSSK2,0.011716735,0.0,0.0
TSSK3,0.03131645,0.0,0.0
TSSK4,0.019060615,0.0,0.0
TSSK6,0.09258426,0.0,0.0
TST,0.0070555527,0.0,0.0
TSTD2,0.12021746,0.0,0.0
TTBK1,0.09841316,0.0,0.0
TTBK2,0.29611784,0.0,-1.0
TTC1,0.2873385,0.0,0.0
TTC12,0.07177188,0.0,0.0
TTC13,0.12994595,0.0,0.0
TTC14,0.055340234,0.0,-1.0
TTC17,0.26379588,0.0,0.0
TTC19,0.16351093,0.0,0.0
TTC21A,0.012889853,0.0,0.0
TTC21B,0.14295825,0.0,-1.0
TTC23,0.008729963,0.0,0.0
TTC23L,0.0129172215,0.0,0.0
TTC26,0.021275468,0.0,0.0
TTC27,0.08252619,0.0,0.0
TTC28,0.16733535,0.0,0.0
TTC29,0.024781909,0.0,0.0
TTC3,0.2809475,0.0,0.0
TTC30A,0.03432842,0.0,0.0
TTC30B,0.006213565,0.0,0.0
TTC31,0.04565171,0.0,0.0
TTC32,0.00048712015,0.0,0.0
TTC33,0.09830242,0.0,0.0
TTC34,2.9201447e-06,0.0,0.0
TTC36,6.7363235e-06,0.0,0.0
TTC37,0.056612823,0.0,0.0
TTC38,0.013009336,0.0,0.0
TTC39A,0.007021527,0.0,0.0
TTC39B,0.017577237,0.0,-1.0
TTC39C,0.00016476402,0.0,0.0
TTC4,0.14548811,0.0,-1.0
TTC5,0.14588568,0.0,0.0
TTC7A,0.11895998,0.0,0.0
TTC7B,0.008392664,0.0,0.0
TTC8,0.008569368,0.0,-1.0
TTC9B,0.0020229993,0.0,0.0
TTC9C,0.1878757,0.0,0.0
TTF1,0.09815822,0.0,0.0
TTF2,0.54129726,1.0,0.0
TTI1,0.12435845,0.0,0.0
TTI2,0.10878934,0.0,0.0
TTK,0.24641782,0.0,-1.0
TTL,4.3893874e-07,0.0,-1.0
TTLL1,0.017706933,0.0,0.0
TTLL10,0.05278972,0.0,0.0
TTLL12,0.119411364,0.0,0.0
TTLL3,0.03534274,0.0,-1.0
TTLL4,0.063133955,0.0,0.0
TTLL5,0.14296573,0.0,-1.0
TTLL6,0.014646358,0.0,0.0
TTLL7,0.09131252,0.0,0.0
TTN,0.86844635,1.0,-1.0
TTPA,0.004960266,0.0,-1.0
TTPAL,0.15297844,0.0,0.0
TTR,0.1365933,0.0,-1.0
TTYH2,0.016491655,0.0,0.0
TTYH3,0.041743755,0.0,0.0
TUB,0.35412845,0.0,0.0
TUBA1A,0.7038823,1.0,-1.0
TUBA1B,0.66465867,1.0,0.0
TUBA1C,0.7398336,1.0,-1.0
TUBA3C,0.6316197,1.0,-1.0
TUBA3E,0.06143639,0.0,0.0
TUBA4A,0.68676287,1.0,-1.0
TUBA4B,0.08824996,0.0,-1.0
TUBA8,0.3927178,0.0,-1.0
TUBAL3,0.17650145,0.0,0.0
TUBB,0.8439999,1.0,0.0
TUBB1,0.21238855,0.0,-1.0
TUBB2A,0.48964062,0.0,0.0
TUBB2B,0.15537538,0.0,-1.0
TUBB3,0.4673731,0.0,0.0
TUBB4A,0.3057444,0.0,0.0
TUBB4B,0.37816152,0.0,0.0
TUBB6,0.22238143,0.0,0.0
TUBB8,0.5825094,1.0,0.0
TUBD1,0.0098226145,0.0,0.0
TUBE1,0.0041779666,0.0,0.0
TUBG1,0.4587624,0.0,0.0
TUBG2,0.1032751,0.0,0.0
TUBGCP2,0.20062518,0.0,0.0
TUBGCP3,0.46470264,0.0,0.0
TUBGCP4,0.3242787,0.0,0.0
TUBGCP5,0.1345291,0.0,0.0
TUBGCP6,0.26834482,0.0,-1.0
TUFM,0.30561978,0.0,0.0
TUFT1,0.12100687,0.0,0.0
TULP1,0.2630613,0.0,-1.0
TULP2,0.0556531,0.0,0.0
TULP3,0.0126654385,0.0,0.0
TULP4,0.522729,1.0,0.0
TUSC1,3.4419113e-06,0.0,0.0
TUSC2,0.008298098,0.0,0.0
TUSC3,0.031256616,0.0,-1.0
TUT1,0.32782808,0.0,0.0
TUT4,0.25739497,0.0,0.0
TUT7,0.18920976,0.0,0.0
TVP23B,0.059740964,0.0,0.0
TVP23C,0.0002761724,0.0,0.0
TWF1,0.30779538,0.0,0.0
TWF2,0.39803392,0.0,0.0
TWIST1,0.832085,1.0,-1.0
TWIST2,0.4849752,0.0,-1.0
TWNK,0.40565014,0.0,-1.0
TWSG1,0.063087985,0.0,0.0
TXK,0.48833713,0.0,0.0
TXLNA,0.7655811,1.0,0.0
TXLNB,0.14825356,0.0,0.0
TXLNG,0.16298477,0.0,0.0
TXN,0.6048397,1.0,-1.0
TXN2,0.06066931,0.0,0.0
TXNDC11,0.01423239,0.0,0.0
TXNDC12,0.09589911,0.0,0.0
TXNDC15,0.000135316,0.0,0.0
TXNDC16,0.03272769,0.0,0.0
TXNDC17,0.07639675,0.0,0.0
TXNDC2,0.05444636,0.0,0.0
TXNDC5,0.14393044,0.0,0.0
TXNDC9,0.34287292,0.0,0.0
TXNIP,0.47604212,0.0,-1.0
TXNL1,0.13154352,0.0,0.0
TXNL4A,0.17704985,0.0,0.0
TXNL4B,0.032155592,0.0,0.0
TXNRD1,0.21077223,0.0,-1.0
TXNRD2,0.008943012,0.0,-1.0
TYK2,0.7101725,1.0,1.0
TYMP,0.025817662,0.0,-1.0
TYMS,0.18158326,0.0,-1.0
TYMSOS,0.0025545196,0.0,0.0
TYR,1.5974716e-06,0.0,-1.0
TYRO3,0.005197609,0.0,-1.0
TYROBP,2.0372688e-09,0.0,-1.0
TYRP1,8.28679e-05,0.0,-1.0
TYSND1,0.0206571,0.0,-1.0
TYW1,0.01645002,0.0,0.0
TYW1B,0.0391941,0.0,-1.0
TYW3,0.07807436,0.0,0.0
TYW5,3.8412018e-05,0.0,0.0
U2AF1,0.17634237,0.0,1.0
U2AF1L4,0.006081222,0.0,0.0
U2AF2,0.31284472,0.0,-1.0
U2SURP,0.12296319,0.0,-1.0
UACA,0.41253355,0.0,-1.0
UAP1,0.26026258,0.0,-1.0
UAP1L1,0.002285945,0.0,0.0
UBA1,0.40137514,0.0,0.0
UBA2,0.2490231,0.0,-1.0
UBA3,0.14407666,0.0,0.0
UBA5,0.16762985,0.0,0.0
UBA52,0.26340735,0.0,-1.0
UBA6,0.1407619,0.0,-1.0
UBA7,0.26548055,0.0,-1.0
UBAC1,0.0015585287,0.0,-1.0
UBAC2,0.056677368,0.0,-1.0
UBALD1,2.2347376e-05,0.0,0.0
UBAP1,0.010933471,0.0,0.0
UBAP2,0.28019255,0.0,0.0
UBAP2L,0.14854369,0.0,0.0
UBASH3A,0.4518977,0.0,0.0
UBASH3B,0.89977324,1.0,0.0
UBB,0.80422926,1.0,-1.0
UBC,0.9017492,1.0,-1.0
UBD,0.06500709,0.0,-1.0
UBE2A,0.04368699,0.0,-1.0
UBE2B,0.24819924,0.0,0.0
UBE2C,0.2795944,0.0,-1.0
UBE2D1,0.9242455,1.0,-1.0
UBE2D2,0.69106144,1.0,-1.0
UBE2D3,0.71821576,1.0,0.0
UBE2D4,0.113624096,0.0,0.0
UBE2E1,0.18468036,0.0,0.0
UBE2E2,0.2153514,0.0,0.0
UBE2E3,0.26180267,0.0,0.0
UBE2F,0.09194068,0.0,0.0
UBE2G1,0.014244264,0.0,0.0
UBE2G2,0.049522273,0.0,0.0
UBE2H,0.03862125,0.0,0.0
UBE2I,0.99130666,1.0,-1.0
UBE2J1,0.025836684,0.0,0.0
UBE2J2,0.049470294,0.0,-1.0
UBE2K,0.15546472,0.0,0.0
UBE2L3,0.23735698,0.0,0.0
UBE2L6,0.25155237,0.0,0.0
UBE2M,0.1630794,0.0,0.0
UBE2N,0.5145635,1.0,0.0
UBE2NL,0.011591296,0.0,0.0
UBE2O,0.21410379,0.0,0.0
UBE2Q1,0.057701092,0.0,0.0
UBE2Q2,0.03175605,0.0,0.0
UBE2QL1,0.11149977,0.0,0.0
UBE2R2,0.060413197,0.0,0.0
UBE2S,0.050515775,0.0,0.0
UBE2T,0.21981627,0.0,-1.0
UBE2U,0.0015180578,0.0,0.0
UBE2V1,0.16946548,0.0,0.0
UBE2V2,0.2714235,0.0,0.0
UBE2W,0.18196742,0.0,0.0
UBE2Z,0.055264972,0.0,0.0
UBE3A,0.5733638,1.0,-1.0
UBE3B,0.06121101,0.0,0.0
UBE3C,0.1507623,0.0,0.0
UBE3D,0.043742575,0.0,0.0
UBE4A,0.5679472,1.0,0.0
UBE4B,0.51652735,1.0,0.0
UBFD1,0.09632861,0.0,0.0
UBIAD1,0.06545261,0.0,-1.0
UBL3,8.674153e-06,0.0,-1.0
UBL4A,0.39716533,0.0,0.0
UBL4B,1.6440882e-07,0.0,0.0
UBL5,0.1405514,0.0,0.0
UBL7,0.10723764,0.0,-1.0
UBLCP1,0.053372987,0.0,0.0
UBN1,0.26532602,0.0,0.0
UBN2,0.26801655,0.0,0.0
UBOX5,0.042806044,0.0,0.0
UBP1,0.82278466,1.0,0.0
UBQLN1,0.00014979127,0.0,0.0
UBQLN2,2.3486484e-11,0.0,-1.0
UBQLN4,0.11278039,0.0,0.0
UBQLNL,2.8162198e-05,0.0,0.0
UBR1,0.745141,1.0,-1.0
UBR2,0.25079715,0.0,-1.0
UBR3,0.29718685,0.0,-1.0
UBR4,0.5101182,1.0,0.0
UBR5,0.6704777,1.0,1.0
UBR7,0.2379743,0.0,0.0
UBTD1,0.12154635,0.0,0.0
UBTD2,0.012345767,0.0,0.0
UBTF,0.22832917,0.0,0.0
UBXN1,0.35794887,0.0,0.0
UBXN10,0.024672566,0.0,0.0
UBXN11,0.198334,0.0,0.0
UBXN2A,0.028417826,0.0,0.0
UBXN2B,0.015765054,0.0,0.0
UBXN4,0.026339183,0.0,0.0
UBXN6,0.11268904,0.0,0.0
UBXN7,0.074632935,0.0,-1.0
UBXN8,0.07123632,0.0,0.0
UCHL1,0.4321699,0.0,-1.0
UCHL3,0.1810992,0.0,0.0
UCHL5,0.27769858,0.0,-1.0
UCK1,0.00020506849,0.0,0.0
UCK2,0.07301679,0.0,0.0
UCKL1,0.052087456,0.0,0.0
UCMA,1.8316003e-08,0.0,0.0
UCN,2.0734888e-08,0.0,0.0
UCN2,8.0328045e-06,0.0,0.0
UCN3,1.1202349e-05,0.0,0.0
UCP1,0.004004742,0.0,0.0
UCP2,0.01598983,0.0,0.0
UCP3,0.0015133772,0.0,-1.0
UEVLD,0.0003564767,0.0,0.0
UFC1,0.109632395,0.0,0.0
UFD1,0.24249558,0.0,0.0
UFL1,0.09048212,0.0,0.0
UFM1,0.12610586,0.0,0.0
UFSP1,8.4076266e-05,0.0,0.0
UFSP2,0.17265625,0.0,0.0
UGCG,0.03379511,0.0,0.0
UGDH,0.40172008,0.0,0.0
UGGT1,0.015080664,0.0,0.0
UGGT2,0.06243695,0.0,0.0
UGP2,0.007867303,0.0,0.0
UGT1A1,0.0008646161,0.0,-1.0
UGT1A10,0.00014625464,0.0,0.0
UGT1A3,1.7198347e-05,0.0,0.0
UGT1A4,1.1935764e-05,0.0,-1.0
UGT1A6,2.6552128e-05,0.0,0.0
UGT1A7,4.2108728e-05,0.0,0.0
UGT1A8,1.7198347e-05,0.0,0.0
UGT1A9,6.785594e-05,0.0,0.0
UGT2B10,0.0010755393,0.0,-1.0
UGT2B15,0.014809955,0.0,0.0
UGT2B4,6.9880607e-10,0.0,0.0
UGT2B7,8.616679e-06,0.0,0.0
UGT3A1,2.8849191e-13,0.0,0.0
UGT3A2,0.015721444,0.0,0.0
UGT8,0.01085155,0.0,0.0
UHMK1,0.37242702,0.0,-1.0
UHRF1,0.13652742,0.0,0.0
UHRF1BP1,0.23743802,0.0,0.0
UHRF1BP1L,0.28015307,0.0,0.0
UHRF2,0.54883444,1.0,-1.0
UIMC1,0.15842958,0.0,0.0
ULBP1,1.3048698e-06,0.0,0.0
ULBP2,0.007290596,0.0,0.0
ULBP3,0.0016757189,0.0,0.0
ULK1,0.3034846,0.0,-1.0
ULK2,0.24965805,0.0,-1.0
ULK3,0.0032128035,0.0,0.0
ULK4,0.0006453389,0.0,0.0
UMAD1,0.035581972,0.0,0.0
UMOD,2.435527e-08,0.0,-1.0
UMPS,0.12996376,0.0,-1.0
UNC119,0.2723702,0.0,-1.0
UNC119B,0.027582353,0.0,0.0
UNC13A,0.082398154,0.0,0.0
UNC13B,0.16581434,0.0,0.0
UNC13D,0.0066968435,0.0,-1.0
UNC45A,0.35858542,0.0,0.0
UNC45B,0.18168224,0.0,0.0
UNC50,0.032352746,0.0,0.0
UNC5A,0.034014396,0.0,0.0
UNC5B,0.08495698,0.0,0.0
UNC5C,0.091449894,0.0,-1.0
UNC5CL,0.0070120674,0.0,0.0
UNC79,0.019415934,0.0,-1.0
UNC80,0.0034739212,0.0,-1.0
UNC93B1,0.00935685,0.0,-1.0
UNG,0.09244033,0.0,-1.0
UNK,0.23635443,0.0,0.0
UNKL,0.019894503,0.0,0.0
UPB1,0.00027856775,0.0,0.0
UPF1,0.34996134,0.0,-1.0
UPF2,0.1283788,0.0,0.0
UPF3A,0.0847262,0.0,0.0
UPF3B,0.10889039,0.0,-1.0
UPK1A,8.4786986e-17,0.0,0.0
UPK1B,1.2034513e-06,0.0,0.0
UPK2,3.0264273e-13,0.0,0.0
UPK3A,1.3425175e-06,0.0,-1.0
UPK3B,4.6630107e-06,0.0,0.0
UPK3BL1,0.0166208,0.0,0.0
UPP1,0.0181439,0.0,0.0
UPP2,3.1025334e-06,0.0,0.0
UPRT,0.0015169753,0.0,0.0
UQCC1,0.010851704,0.0,0.0
UQCC2,0.0076415986,0.0,0.0
UQCC3,0.0070840046,0.0,0.0
UQCR10,0.010077959,0.0,0.0
UQCR11,0.0050533097,0.0,0.0
UQCRB,0.007351051,0.0,0.0
UQCRC1,0.11410667,0.0,0.0
UQCRC2,0.1934449,0.0,-1.0
UQCRFS1,0.018491173,0.0,0.0
UQCRH,0.2085403,0.0,0.0
UQCRQ,0.06511845,0.0,0.0
URB1,0.10190431,0.0,-1.0
URB2,0.07635995,0.0,-1.0
URGCP,0.059264183,0.0,0.0
URI1,0.18824504,0.0,0.0
URM1,0.008350426,0.0,0.0
UROD,0.058839776,0.0,-1.0
UROS,0.005657762,0.0,-1.0
USB1,0.0010425197,0.0,-1.0
USE1,0.047521017,0.0,0.0
USF1,0.047227737,0.0,-1.0
USF2,0.56788456,1.0,0.0
USH1C,2.0395699e-05,0.0,-1.0
USH1G,1.6871962e-05,0.0,-1.0
USH2A,0.25212076,0.0,-1.0
USHBP1,0.20954348,0.0,0.0
USO1,0.17501345,0.0,0.0
USP1,0.32663777,0.0,-1.0
USP10,0.13399234,0.0,-1.0
USP11,0.74727017,1.0,0.0
USP12,0.2598914,0.0,0.0
USP13,0.32677054,0.0,-1.0
USP14,0.13948391,0.0,0.0
USP15,0.77808225,1.0,-1.0
USP16,0.0772089,0.0,-1.0
USP17L1,5.6806844e-08,0.0,0.0
USP17L2,0.019438997,0.0,0.0
USP17L25,0.010511228,0.0,0.0
USP17L5,2.1316018e-06,0.0,0.0
USP17L7,0.013589274,0.0,0.0
USP18,0.090057924,0.0,0.0
USP19,0.3165383,0.0,0.0
USP2,0.61630017,1.0,0.0
USP20,0.15542418,0.0,0.0
USP21,0.60692793,1.0,0.0
USP22,0.11930981,0.0,0.0
USP24,0.19015165,0.0,-1.0
USP25,0.04120883,0.0,-1.0
USP26,0.1513759,0.0,0.0
USP27X,0.038975675,0.0,0.0
USP28,0.5420118,1.0,-1.0
USP29,0.007929978,0.0,-1.0
USP3,0.21349087,0.0,-1.0
USP30,0.0323462,0.0,0.0
USP31,0.32544476,0.0,-1.0
USP32,0.24038823,0.0,-1.0
USP33,0.17634417,0.0,0.0
USP34,0.37402236,0.0,0.0
USP36,0.04506289,0.0,0.0
USP37,0.2507779,0.0,0.0
USP38,0.06696953,0.0,-1.0
USP39,0.14477427,0.0,-1.0
USP4,0.52613014,1.0,-1.0
USP40,8.193941e-05,0.0,0.0
USP41,0.0014973982,0.0,0.0
USP42,0.29235983,0.0,0.0
USP43,0.072392456,0.0,0.0
USP44,0.06442455,0.0,1.0
USP45,0.08947437,0.0,0.0
USP46,0.16745348,0.0,0.0
USP47,0.41767466,0.0,0.0
USP48,0.19831857,0.0,0.0
USP49,0.13162357,0.0,0.0
USP5,0.28357914,0.0,-1.0
USP50,0.05177272,0.0,0.0
USP51,0.037896745,0.0,-1.0
USP53,0.14509127,0.0,0.0
USP54,0.7675397,1.0,0.0
USP6,0.13640143,0.0,1.0
USP6NL,0.105493456,0.0,0.0
USP7,0.687982,1.0,-1.0
USP8,0.57478124,1.0,1.0
USP9X,0.8794868,1.0,-1.0
USP9Y,0.45133686,0.0,-1.0
USPL1,0.09836025,0.0,0.0
UST,0.00832066,0.0,0.0
UTF1,0.007393311,0.0,0.0
UTP11,0.0012120237,0.0,0.0
UTP14A,0.26381487,0.0,0.0
UTP14C,0.064908735,0.0,0.0
UTP15,0.07887236,0.0,0.0
UTP18,0.14755744,0.0,0.0
UTP20,0.12620191,0.0,-1.0
UTP23,0.13084322,0.0,0.0
UTP25,0.10348323,0.0,0.0
UTP3,0.06438497,0.0,-1.0
UTP4,0.121684514,0.0,0.0
UTP6,0.20169048,0.0,0.0
UTRN,0.5695246,1.0,0.0
UTS2,0.035726942,0.0,-1.0
UTS2B,6.84191e-19,0.0,0.0
UTS2R,5.9104694e-16,0.0,0.0
UTY,0.19442323,0.0,0.0
UVRAG,0.18246211,0.0,-1.0
UVSSA,0.112864986,0.0,0.0
UXS1,0.023180721,0.0,0.0
UXT,0.35831428,0.0,0.0
VAC14,0.0016342285,0.0,-1.0
VAMP1,0.07606288,0.0,0.0
VAMP2,0.07988289,0.0,0.0
VAMP3,0.119216695,0.0,0.0
VAMP4,0.14066193,0.0,-1.0
VAMP5,0.089566395,0.0,0.0
VAMP7,0.09681315,0.0,0.0
VAMP8,0.15085688,0.0,-1.0
VANGL1,0.050855428,0.0,-1.0
VANGL2,0.09022865,0.0,0.0
VAPA,0.14491513,0.0,0.0
VAPB,0.07988558,0.0,-1.0
VARS1,0.6202491,1.0,0.0
VARS2,0.16942425,0.0,-1.0
VASH1,1.5406193e-05,0.0,0.0
VASH2,0.0003644797,0.0,0.0
VASN,0.006593128,0.0,0.0
VASP,0.25498876,0.0,0.0
VAT1,0.06290016,0.0,0.0
VAT1L,4.458799e-05,0.0,0.0
VAV1,0.94358724,1.0,1.0
VAV2,0.7345123,1.0,1.0
VAV3,0.5080818,1.0,-1.0
VAX1,0.053270467,0.0,0.0
VAX2,0.0042431667,0.0,0.0
VBP1,0.40514505,0.0,0.0
VCAM1,0.53117675,1.0,0.0
VCAN,0.14782979,0.0,-1.0
VCL,0.68650734,1.0,-1.0
VCP,0.69313323,1.0,-1.0
VCPIP1,0.1249158,0.0,-1.0
VCPKMT,0.017108988,0.0,0.0
VCY1B,6.5674213e-09,0.0,0.0
VDAC1,0.32599032,0.0,-1.0
VDAC2,0.20758387,0.0,0.0
VDAC3,0.20696557,0.0,0.0
VDR,0.28932142,0.0,-1.0
VEGFA,0.7904048,1.0,1.0
VEGFB,0.5228361,1.0,-1.0
VEGFC,0.49118498,0.0,-1.0
VEGFD,0.5461825,1.0,-1.0
VENTX,0.016542422,0.0,0.0
VEPH1,0.03861642,0.0,-1.0
VEZF1,0.14293282,0.0,-1.0
VEZT,0.02464101,0.0,0.0
VGF,0.12686208,0.0,-1.0
VGLL1,0.00083500275,0.0,0.0
VGLL2,0.39202026,0.0,0.0
VGLL3,0.3375461,0.0,0.0
VGLL4,0.30518082,0.0,0.0
VHL,0.8741512,1.0,1.0
VHLL,0.109073386,0.0,0.0
VIL1,0.32118642,0.0,0.0
VILL,0.053944446,0.0,-1.0
VIM,0.851708,1.0,-1.0
VIP,0.5010482,1.0,-1.0
VIPAS39,0.12835802,0.0,-1.0
VIPR1,0.00046003133,0.0,0.0
VIPR2,0.002678846,0.0,0.0
VIRMA,0.09521263,0.0,-1.0
VKORC1,0.008988423,0.0,0.0
VKORC1L1,0.014571079,0.0,0.0
VLDLR,0.5356819,1.0,0.0
VMA21,0.025105048,0.0,-1.0
VMAC,0.10995794,0.0,0.0
VMP1,0.0083384635,0.0,-1.0
VN1R4,6.699965e-06,0.0,-1.0
VN1R5,0.08995526,0.0,0.0
VNN2,4.1502082e-07,0.0,0.0
VOPP1,0.01152388,0.0,0.0
VPREB1,0.000283482,0.0,0.0
VPREB3,1.2480223e-06,0.0,0.0
VPS11,0.15626007,0.0,0.0
VPS13A,0.6359857,1.0,-1.0
VPS13B,0.2069927,0.0,-1.0
VPS13C,0.2013643,0.0,0.0
VPS13D,0.13650122,0.0,0.0
VPS16,0.20260613,0.0,0.0
VPS18,0.2364628,0.0,0.0
VPS25,0.05298979,0.0,0.0
VPS26A,0.1681905,0.0,0.0
VPS26B,0.059773333,0.0,0.0
VPS26C,0.015138057,0.0,0.0
VPS28,0.020365573,0.0,0.0
VPS29,0.060423594,0.0,0.0
VPS33A,0.18747877,0.0,0.0
VPS33B,0.13001902,0.0,0.0
VPS35,0.19268554,0.0,-1.0
VPS35L,0.014156765,0.0,0.0
VPS36,0.020456882,0.0,0.0
VPS37A,0.0019235949,0.0,0.0
VPS37B,0.021785058,0.0,0.0
VPS37C,0.046742544,0.0,0.0
VPS37D,0.0015740703,0.0,0.0
VPS39,0.22030187,0.0,0.0
VPS41,0.23659876,0.0,0.0
VPS45,0.14466442,0.0,-1.0
VPS4A,0.12767261,0.0,0.0
VPS4B,0.10889638,0.0,0.0
VPS50,0.11569445,0.0,0.0
VPS51,0.14206535,0.0,-1.0
VPS52,0.39556363,0.0,0.0
VPS53,0.13126437,0.0,-1.0
VPS54,0.04178127,0.0,0.0
VPS72,0.3408375,0.0,0.0
VPS8,0.0681984,0.0,0.0
VPS9D1,0.021470267,0.0,0.0
VRK1,0.16846791,0.0,-1.0
VRK2,0.041828256,0.0,-1.0
VRK3,0.41203108,0.0,0.0
VRTN,5.77752e-12,0.0,0.0
VSIG2,0.33706185,0.0,0.0
VSIG4,0.00027959346,0.0,0.0
VSIG8,0.2611365,0.0,0.0
VSIR,0.00012611138,0.0,0.0
VSNL1,6.2321664e-07,0.0,0.0
VSTM1,4.443108e-11,0.0,0.0
VSTM2A,0.11115449,0.0,0.0
VSTM2L,0.0012250785,0.0,-1.0
VSTM4,0.003619771,0.0,0.0
VSX1,0.08130003,0.0,-1.0
VSX2,0.029012812,0.0,-1.0
VTA1,0.13608705,0.0,0.0
VTCN1,0.029083407,0.0,-1.0
VTI1A,0.034486677,0.0,-1.0
VTI1B,0.32881707,0.0,0.0
VTN,0.49120206,0.0,-1.0
VWA1,0.001746717,0.0,0.0
VWA2,2.1822659e-10,0.0,0.0
VWA5A,0.0019213778,0.0,0.0
VWA5B2,0.0047000223,0.0,0.0
VWA7,3.837174e-05,0.0,-1.0
VWA8,0.10287103,0.0,0.0
VWC2,0.0014142757,0.0,0.0
VWC2L,0.0020785243,0.0,0.0
VWCE,6.0706943e-06,0.0,0.0
VWDE,0.020720692,0.0,0.0
VWF,0.20765185,0.0,-1.0
VXN,7.0569e-08,0.0,-1.0
WAC,0.25009862,0.0,-1.0
WAPL,0.54357386,1.0,-1.0
WARS1,0.11204321,0.0,0.0
WARS2,0.00884675,0.0,0.0
WAS,0.92701995,1.0,1.0
WASF1,0.85881424,1.0,-1.0
WASF2,0.2629638,0.0,-1.0
WASF3,0.21043335,0.0,-1.0
WASHC1,0.121023454,0.0,0.0
WASL,0.71213967,1.0,0.0
WBP1,0.0045376583,0.0,0.0
WBP11,0.1480879,0.0,-1.0
WBP1L,0.00018665206,0.0,0.0
WBP2,0.25689256,0.0,0.0
WBP2NL,0.0058142156,0.0,0.0
WBP4,0.2131867,0.0,-1.0
WDCP,0.4001863,0.0,1.0
WDFY1,0.1369392,0.0,0.0
WDFY2,0.048171293,0.0,0.0
WDFY3,0.30708107,0.0,-1.0
WDFY4,0.11472269,0.0,0.0
WDHD1,0.5674651,1.0,0.0
WDR1,0.5441939,1.0,0.0
WDR11,0.096023634,0.0,-1.0
WDR12,0.06596911,0.0,-1.0
WDR13,0.119839475,0.0,0.0
WDR17,1.600719e-12,0.0,0.0
WDR18,0.16481791,0.0,0.0
WDR19,0.023512628,0.0,0.0
WDR20,0.14850205,0.0,0.0
WDR24,0.34608108,0.0,-1.0
WDR25,0.011007911,0.0,0.0
WDR26,0.41252294,0.0,0.0
WDR27,0.00045072593,0.0,0.0
WDR3,0.09630994,0.0,0.0
WDR31,2.9026498e-06,0.0,0.0
WDR33,0.4474909,0.0,0.0
WDR35,0.20023301,0.0,-1.0
WDR36,0.122295536,0.0,-1.0
WDR37,0.16851917,0.0,0.0
WDR4,0.09822405,0.0,0.0
WDR41,0.029945048,0.0,0.0
WDR43,0.12373198,0.0,0.0
WDR44,0.045504626,0.0,0.0
WDR45,0.10305261,0.0,-1.0
WDR45B,0.103644945,0.0,0.0
WDR46,0.07688865,0.0,0.0
WDR47,0.3365366,0.0,0.0
WDR48,0.23554865,0.0,-1.0
WDR5,0.5361677,1.0,0.0
WDR53,0.00045510093,0.0,0.0
WDR54,0.0073039187,0.0,0.0
WDR55,0.24296491,0.0,0.0
WDR59,0.26688218,0.0,0.0
WDR5B,0.05224304,0.0,0.0
WDR6,0.21913928,0.0,0.0
WDR61,0.28916046,0.0,0.0
WDR62,0.45705414,0.0,-1.0
WDR7,0.50920284,1.0,-1.0
WDR70,0.09298314,0.0,0.0
WDR73,0.05997464,0.0,0.0
WDR74,0.09703283,0.0,-1.0
WDR75,0.10351645,0.0,-1.0
WDR76,0.1670636,0.0,0.0
WDR77,0.25148088,0.0,-1.0
WDR81,0.09854696,0.0,0.0
WDR82,0.22707795,0.0,-1.0
WDR83,0.24642171,0.0,0.0
WDR83OS,2.3724171e-05,0.0,0.0
WDR88,0.0030892852,0.0,0.0
WDR89,0.028363863,0.0,0.0
WDR90,0.17511445,0.0,-1.0
WDR91,0.17184399,0.0,0.0
WDR97,8.3050645e-07,0.0,0.0
WDSUB1,5.4437427e-05,0.0,0.0
WDTC1,0.17529485,0.0,-1.0
WEE1,0.5113848,1.0,-1.0
WFDC1,3.1524069e-06,0.0,-1.0
WFDC10B,0.00023936831,0.0,0.0
WFDC12,5.132284e-09,0.0,0.0
WFDC13,2.268446e-06,0.0,0.0
WFDC2,8.365802e-06,0.0,0.0
WFDC5,0.13831684,0.0,0.0
WFDC8,2.0982077e-05,0.0,0.0
WFDC9,3.1581584e-07,0.0,0.0
WFIKKN1,0.12927118,0.0,0.0
WFIKKN2,0.082848735,0.0,0.0
WFS1,0.015844174,0.0,-1.0
WHRN,0.30790657,0.0,-1.0
WIF1,0.36625957,0.0,1.0
WIPF1,0.6118552,1.0,0.0
WIPF2,0.16938774,0.0,-1.0
WIPF3,0.0015942507,0.0,0.0
WIPI1,0.06584688,0.0,0.0
WIPI2,0.102894686,0.0,0.0
WIZ,0.6146932,1.0,0.0
WLS,0.008141411,0.0,-1.0
WNK1,0.4709034,0.0,-1.0
WNK2,0.49820355,0.0,1.0
WNK3,0.25607356,0.0,0.0
WNK4,0.36068174,0.0,-1.0
WNT1,0.60829973,1.0,-1.0
WNT10A,0.55113196,1.0,-1.0
WNT10B,0.5785306,1.0,-1.0
WNT11,0.5514491,1.0,-1.0
WNT16,0.5516765,1.0,-1.0
WNT2,0.6373545,1.0,-1.0
WNT2B,0.555938,1.0,-1.0
WNT3,0.5482657,1.0,-1.0
WNT3A,0.5556672,1.0,-1.0
WNT4,0.39888862,0.0,-1.0
WNT5A,0.5778628,1.0,-1.0
WNT5B,0.5490777,1.0,-1.0
WNT6,0.554296,1.0,-1.0
WNT7A,0.51754713,1.0,-1.0
WNT7B,0.56381553,1.0,-1.0
WNT8A,0.54257125,1.0,-1.0
WNT8B,0.5482657,1.0,-1.0
WNT9A,0.5491014,1.0,-1.0
WNT9B,0.5635995,1.0,-1.0
WRAP53,0.13285717,0.0,-1.0
WRAP73,0.14698802,0.0,-1.0
WRN,0.661523,1.0,1.0
WRNIP1,0.596621,1.0,0.0
WSB1,0.39775988,0.0,0.0
WSB2,0.032381315,0.0,0.0
WT1,0.39715496,0.0,1.0
WTAP,0.06717473,0.0,0.0
WTIP,0.14498863,0.0,-1.0
WWC1,0.16453606,0.0,-1.0
WWC2,0.11913968,0.0,0.0
WWC3,0.14197731,0.0,0.0
WWOX,0.60662067,1.0,-1.0
WWP1,0.8809878,1.0,1.0
WWP2,0.77131605,1.0,0.0
WWTR1,0.71303886,1.0,1.0
XAB2,0.1330444,0.0,0.0
XAF1,0.16220199,0.0,-1.0
XAGE1B,0.0015769934,0.0,0.0
XAGE2,0.008711092,0.0,0.0
XAGE3,2.9737093e-06,0.0,0.0
XBP1,0.50006384,1.0,1.0
XCL1,3.3169144e-06,0.0,0.0
XCL2,4.1605625e-10,0.0,-1.0
XCR1,1.6122556e-08,0.0,0.0
XDH,0.15251447,0.0,-1.0
XIAP,0.7296815,1.0,1.0
XIRP1,0.17300446,0.0,-1.0
XIRP2,0.045752056,0.0,-1.0
XK,0.020207262,0.0,-1.0
XKR3,6.492535e-19,0.0,0.0
XKR4,0.014083324,0.0,0.0
XKR8,2.9117184e-10,0.0,0.0
XKRY,2.1189703e-16,0.0,0.0
XKRY2,2.1189703e-16,0.0,0.0
XPA,0.3557828,0.0,1.0
XPC,0.10708708,0.0,1.0
XPNPEP1,0.0035692302,0.0,0.0
XPNPEP3,0.12703939,0.0,0.0
XPO1,0.8753372,1.0,1.0
XPO4,0.42057052,0.0,-1.0
XPO5,0.28250682,0.0,0.0
XPO6,0.44938686,0.0,0.0
XPO7,0.28757542,0.0,0.0
XPOT,0.20334421,0.0,0.0
XPR1,0.07991863,0.0,0.0
XRCC1,0.57105184,1.0,0.0
XRCC2,0.06417855,0.0,1.0
XRCC3,0.6183948,1.0,-1.0
XRCC4,0.0017620174,0.0,0.0
XRCC5,0.6700968,1.0,-1.0
XRCC6,0.837065,1.0,-1.0
XRN1,0.19628784,0.0,-1.0
XRN2,0.20008285,0.0,0.0
XRRA1,0.00040348657,0.0,0.0
XXYLT1,5.7113432e-08,0.0,-1.0
XYLB,0.031151876,0.0,0.0
XYLT1,0.033663597,0.0,0.0
XYLT2,0.08872545,0.0,0.0
YAE1,0.020365458,0.0,-1.0
YAF2,0.6786791,1.0,0.0
YAP1,0.7840193,1.0,1.0
YARS1,0.5230765,1.0,-1.0
YARS2,0.09083757,0.0,0.0
YBEY,0.072744176,0.0,0.0
YBX1,0.36540824,0.0,-1.0
YBX2,0.10932019,0.0,0.0
YBX3,0.1807886,0.0,-1.0
YDJC,1.6845126e-16,0.0,0.0
YEATS2,0.2670864,0.0,0.0
YEATS4,0.7777371,1.0,-1.0
YES1,0.8608918,1.0,1.0
YIF1A,0.018374255,0.0,0.0
YIF1B,0.008704967,0.0,0.0
YIPF1,8.8647736e-05,0.0,0.0
YIPF2,0.0075730076,0.0,0.0
YIPF3,0.009170663,0.0,0.0
YIPF4,0.032266352,0.0,0.0
YIPF5,0.044110734,0.0,0.0
YIPF6,4.593574e-05,0.0,0.0
YJU2,0.0072935545,0.0,0.0
YJU2B,3.1201107e-05,0.0,0.0
YKT6,0.02392943,0.0,0.0
YLPM1,0.22131653,0.0,0.0
YME1L1,0.08442959,0.0,0.0
YOD1,0.16584487,0.0,0.0
YPEL1,1.0061841e-14,0.0,0.0
YPEL2,0.0012111075,0.0,0.0
YPEL3,0.011285377,0.0,-1.0
YPEL5,0.06207864,0.0,-1.0
YRDC,0.0040328056,0.0,0.0
YTHDC1,0.2836838,0.0,0.0
YTHDC2,0.11688258,0.0,0.0
YTHDF1,0.23350532,0.0,0.0
YTHDF2,0.14381309,0.0,-1.0
YTHDF3,0.081800066,0.0,0.0
YWHAB,0.7516768,1.0,0.0
YWHAE,0.90827525,1.0,1.0
YWHAG,0.9507527,1.0,0.0
YWHAH,0.8927364,1.0,0.0
YWHAQ,0.8943444,1.0,0.0
YWHAZ,0.9610277,1.0,0.0
YY1,0.8846062,1.0,1.0
YY1AP1,0.12762228,0.0,-1.0
YY2,0.0737633,0.0,0.0
ZACN,0.00036076456,0.0,0.0
ZADH2,0.0052901316,0.0,0.0
ZAP70,0.9186898,1.0,-1.0
ZBED1,0.0025798318,0.0,0.0
ZBED10P,0.00027605446,0.0,0.0
ZBED2,4.292198e-05,0.0,0.0
ZBED3,3.4337991e-19,0.0,0.0
ZBED4,0.24516743,0.0,0.0
ZBED5,1.6279936e-08,0.0,0.0
ZBED6,0.074626714,0.0,0.0
ZBED8,0.008762643,0.0,0.0
ZBED9,0.0002469544,0.0,0.0
ZBP1,0.04967715,0.0,0.0
ZBTB1,0.39754903,0.0,0.0
ZBTB10,0.7025051,1.0,0.0
ZBTB11,0.06623079,0.0,0.0
ZBTB12,0.38101715,0.0,0.0
ZBTB14,0.26972958,0.0,0.0
ZBTB16,0.82222277,1.0,1.0
ZBTB17,0.58316356,1.0,-1.0
ZBTB18,0.09271487,0.0,0.0
ZBTB2,0.49769697,0.0,0.0
ZBTB20,0.28511173,0.0,1.0
ZBTB21,0.3173942,0.0,0.0
ZBTB22,0.19560581,0.0,0.0
ZBTB24,0.051527638,0.0,0.0
ZBTB25,0.031163607,0.0,0.0
ZBTB26,0.20662908,0.0,0.0
ZBTB3,0.0019497592,0.0,0.0
ZBTB32,0.40801626,0.0,0.0
ZBTB33,0.5968805,1.0,-1.0
ZBTB34,0.7256606,1.0,0.0
ZBTB37,0.17990994,0.0,0.0
ZBTB38,0.0659509,0.0,0.0
ZBTB39,0.24058257,0.0,0.0
ZBTB4,0.23333474,0.0,0.0
ZBTB40,0.2668035,0.0,-1.0
ZBTB42,2.373179e-09,0.0,0.0
ZBTB43,0.11457739,0.0,0.0
ZBTB44,0.35269684,0.0,0.0
ZBTB45,0.06184242,0.0,0.0
ZBTB46,0.09730756,0.0,0.0
ZBTB47,0.045999374,0.0,0.0
ZBTB48,0.058110677,0.0,-1.0
ZBTB49,0.14884119,0.0,0.0
ZBTB5,0.027537094,0.0,-1.0
ZBTB6,0.082737684,0.0,0.0
ZBTB7A,0.57770544,1.0,-1.0
ZBTB7B,0.52946717,1.0,-1.0
ZBTB7C,0.004505447,0.0,0.0
ZBTB8A,0.16292122,0.0,0.0
ZBTB8B,0.014756783,0.0,0.0
ZBTB8OS,0.002784189,0.0,0.0
ZBTB9,0.2663056,0.0,0.0
ZC2HC1A,0.19608255,0.0,0.0
ZC2HC1B,0.00070709526,0.0,0.0
ZC2HC1C,0.057546116,0.0,0.0
ZC3H10,0.017109504,0.0,0.0
ZC3H11A,0.17532298,0.0,-1.0
ZC3H12A,0.00043987288,0.0,-1.0
ZC3H12C,0.06801826,0.0,0.0
ZC3H12D,3.6694006e-14,0.0,0.0
ZC3H13,0.13057551,0.0,-1.0
ZC3H14,0.15865546,0.0,0.0
ZC3H15,0.09549571,0.0,0.0
ZC3H18,0.25568655,0.0,-1.0
ZC3H3,0.089210145,0.0,0.0
ZC3H4,0.04964238,0.0,-1.0
ZC3H6,9.6678705e-06,0.0,0.0
ZC3H7A,0.06228251,0.0,0.0
ZC3H7B,0.098940104,0.0,0.0
ZC3H8,0.05239093,0.0,-1.0
ZC3HAV1,0.17269778,0.0,0.0
ZC3HAV1L,0.093252845,0.0,0.0
ZC3HC1,0.10552032,0.0,-1.0
ZC4H2,0.07638975,0.0,-1.0
ZCCHC10,0.22152205,0.0,0.0
ZCCHC12,0.03606457,0.0,-1.0
ZCCHC13,0.00021361426,0.0,0.0
ZCCHC14,0.10971453,0.0,0.0
ZCCHC17,0.315471,0.0,0.0
ZCCHC24,8.264586e-09,0.0,-1.0
ZCCHC3,0.08298119,0.0,0.0
ZCCHC7,0.013655531,0.0,0.0
ZCCHC8,0.16637956,0.0,-1.0
ZCCHC9,0.032414712,0.0,0.0
ZCRB1,0.015167601,0.0,-1.0
ZCWPW1,0.10265931,0.0,0.0
ZCWPW2,0.0505616,0.0,-1.0
ZDBF2,0.10850956,0.0,-1.0
ZDHHC1,0.0015390817,0.0,0.0
ZDHHC11,3.4127066e-13,0.0,0.0
ZDHHC12,1.7257935e-05,0.0,0.0
ZDHHC13,6.8691713e-07,0.0,0.0
ZDHHC16,4.5838857e-05,0.0,0.0
ZDHHC17,1.8339671e-06,0.0,0.0
ZDHHC18,0.015128327,0.0,-1.0
ZDHHC2,0.06378326,0.0,-1.0
ZDHHC20,0.07013974,0.0,0.0
ZDHHC21,0.024026694,0.0,0.0
ZDHHC22,1.2777282e-21,0.0,0.0
ZDHHC23,0.094246775,0.0,0.0
ZDHHC24,0.0025870898,0.0,0.0
ZDHHC3,0.013471697,0.0,-1.0
ZDHHC4,5.836817e-10,0.0,-1.0
ZDHHC5,0.13819154,0.0,0.0
ZDHHC6,0.0013950178,0.0,0.0
ZDHHC7,0.071332246,0.0,-1.0
ZDHHC8,1.3688154e-15,0.0,0.0
ZDHHC9,0.0025051357,0.0,-1.0
ZEB1,0.31050342,0.0,1.0
ZEB2,0.703273,1.0,-1.0
ZER1,0.07159699,0.0,0.0
ZFAND2A,0.0075458023,0.0,0.0
ZFAND2B,0.06466019,0.0,0.0
ZFAND3,0.008697413,0.0,0.0
ZFAND4,1.2198498e-07,0.0,0.0
ZFAND5,0.04759348,0.0,0.0
ZFAND6,0.059321295,0.0,0.0
ZFAT,0.023325793,0.0,0.0
ZFC3H1,0.12775186,0.0,0.0
ZFHX2,0.0031983168,0.0,0.0
ZFHX3,0.09695824,0.0,1.0
ZFHX4,0.6097568,1.0,-1.0
ZFP1,0.036966585,0.0,0.0
ZFP14,0.04335965,0.0,-1.0
ZFP2,0.002974672,0.0,0.0
ZFP28,0.010954611,0.0,0.0
ZFP3,1.4839387e-10,0.0,0.0
ZFP36,0.18742411,0.0,-1.0
ZFP36L1,0.34700826,0.0,1.0
ZFP36L2,0.19435652,0.0,-1.0
ZFP41,0.3898728,0.0,0.0
ZFP42,0.07339895,0.0,0.0
ZFP57,0.02089058,0.0,-1.0
ZFP62,1.1518392e-10,0.0,0.0
ZFP64,0.42392847,0.0,-1.0
ZFP69B,5.097653e-05,0.0,0.0
ZFP82,0.016758455,0.0,0.0
ZFP91,0.19791704,0.0,-1.0
ZFPL1,0.030103248,0.0,0.0
ZFPM1,0.21026994,0.0,-1.0
ZFPM2,0.3715661,0.0,-1.0
ZFR,0.36563957,0.0,0.0
ZFR2,0.000793142,0.0,-1.0
ZFX,0.029388977,0.0,-1.0
ZFY,0.031856775,0.0,0.0
ZFYVE1,0.0146772,0.0,0.0
ZFYVE16,0.3137078,0.0,0.0
ZFYVE19,0.082252644,0.0,-1.0
ZFYVE21,0.104089804,0.0,0.0
ZFYVE26,0.010735846,0.0,-1.0
ZFYVE27,0.013775502,0.0,-1.0
ZFYVE28,0.11960853,0.0,0.0
ZFYVE9,0.5426467,1.0,0.0
ZG16,0.008976669,0.0,-1.0
ZG16B,0.004502086,0.0,0.0
ZGPAT,0.27158293,0.0,0.0
ZGRF1,0.06700084,0.0,0.0
ZHX1,0.45443305,0.0,0.0
ZHX2,0.12313256,0.0,-1.0
ZHX3,0.030893203,0.0,0.0
ZIC1,0.23150328,0.0,-1.0
ZIC2,0.5961122,1.0,-1.0
ZIC3,0.44391847,0.0,-1.0
ZIC4,0.009561932,0.0,-1.0
ZIC5,0.006305219,0.0,-1.0
ZIK1,0.00012865358,0.0,0.0
ZIM2,0.008148934,0.0,-1.0
ZKSCAN1,0.08243735,0.0,0.0
ZKSCAN3,0.0096245725,0.0,-1.0
ZKSCAN4,0.0042904606,0.0,0.0
ZKSCAN5,0.06521392,0.0,0.0
ZKSCAN7,0.041382737,0.0,0.0
ZKSCAN8,0.04415752,0.0,0.0
ZMAT1,0.12894091,0.0,0.0
ZMAT2,0.03769137,0.0,0.0
ZMAT3,0.04473968,0.0,-1.0
ZMAT4,0.0125870835,0.0,0.0
ZMAT5,0.0049827923,0.0,0.0
ZMIZ1,0.4508351,0.0,-1.0
ZMIZ2,0.063866146,0.0,0.0
ZMPSTE24,0.010694821,0.0,0.0
ZMYM1,0.13806632,0.0,0.0
ZMYM2,0.75475425,1.0,1.0
ZMYM3,0.59871024,1.0,1.0
ZMYM4,0.7756643,1.0,0.0
ZMYM5,0.11555145,0.0,0.0
ZMYM6,0.10095935,0.0,0.0
ZMYND10,0.013933642,0.0,-1.0
ZMYND11,0.19492926,0.0,0.0
ZMYND12,0.043216575,0.0,0.0
ZMYND19,0.003431852,0.0,0.0
ZMYND8,0.5278336,1.0,-1.0
ZNF10,0.04164991,0.0,0.0
ZNF100,0.0033133943,0.0,0.0
ZNF101,0.0068066297,0.0,0.0
ZNF106,0.40243453,0.0,0.0
ZNF107,0.07165017,0.0,0.0
ZNF114,0.096765734,0.0,0.0
ZNF12,0.018859696,0.0,0.0
ZNF121,0.073554575,0.0,0.0
ZNF124,0.006039233,0.0,0.0
ZNF131,0.4906203,0.0,-1.0
ZNF133,0.020794036,0.0,-1.0
ZNF135,0.115105204,0.0,0.0
ZNF136,0.011382251,0.0,0.0
ZNF138,0.0024552986,0.0,0.0
ZNF14,0.007517623,0.0,0.0
ZNF140,0.0141276205,0.0,0.0
ZNF142,0.015385294,0.0,0.0
ZNF143,0.55990535,1.0,-1.0
ZNF146,0.093747586,0.0,-1.0
ZNF148,0.62134886,1.0,0.0
ZNF155,0.0010817039,0.0,0.0
ZNF157,0.12173078,0.0,0.0
ZNF16,0.056555104,0.0,0.0
ZNF160,0.021607641,0.0,0.0
ZNF165,0.007645063,0.0,-1.0
ZNF169,0.019555062,0.0,0.0
ZNF17,0.015687523,0.0,0.0
ZNF174,0.14896496,0.0,0.0
ZNF175,0.027401838,0.0,0.0
ZNF177,0.00015521221,0.0,0.0
ZNF18,1.4231346e-05,0.0,0.0
ZNF180,0.007307958,0.0,-1.0
ZNF181,1.9761114e-06,0.0,-1.0
ZNF182,0.0026603155,0.0,0.0
ZNF184,0.013903922,0.0,0.0
ZNF185,0.1222636,0.0,0.0
ZNF189,0.22514726,0.0,0.0
ZNF19,0.0014959169,0.0,0.0
ZNF195,0.021308448,0.0,0.0
ZNF197,0.012779212,0.0,0.0
ZNF2,0.005698686,0.0,0.0
ZNF20,0.021267628,0.0,0.0
ZNF200,0.014992881,0.0,0.0
ZNF202,0.016811835,0.0,0.0
ZNF205,0.023604086,0.0,0.0
ZNF207,0.085657135,0.0,-1.0
ZNF208,0.0026999088,0.0,-1.0
ZNF211,0.024837317,0.0,0.0
ZNF212,0.26557463,0.0,0.0
ZNF213,0.0053854254,0.0,0.0
ZNF215,0.0014518442,0.0,-1.0
ZNF217,0.29104155,0.0,-1.0
ZNF219,0.3062649,0.0,0.0
ZNF22,0.009021007,0.0,0.0
ZNF221,9.6827556e-05,0.0,0.0
ZNF223,0.0010191936,0.0,0.0
ZNF224,0.035941474,0.0,0.0
ZNF226,0.05140263,0.0,-1.0
ZNF227,0.025094729,0.0,-1.0
ZNF229,7.6648066e-05,0.0,0.0
ZNF23,0.016434796,0.0,0.0
ZNF230,0.008498967,0.0,0.0
ZNF232,0.10263779,0.0,0.0
ZNF233,4.2841226e-08,0.0,0.0
ZNF234,0.009533983,0.0,0.0
ZNF235,0.067231394,0.0,0.0
ZNF239,0.06323328,0.0,-1.0
ZNF24,0.01864872,0.0,-1.0
ZNF25,0.061029483,0.0,0.0
ZNF250,0.055121277,0.0,0.0
ZNF251,0.041253977,0.0,0.0
ZNF253,0.010377648,0.0,-1.0
ZNF256,4.521727e-06,0.0,0.0
ZNF257,2.0563248e-06,0.0,0.0
ZNF26,0.0046778983,0.0,0.0
ZNF260,0.0007250866,0.0,0.0
ZNF263,0.030375907,0.0,0.0
ZNF264,0.010732276,0.0,0.0
ZNF266,0.0058358205,0.0,0.0
ZNF267,0.046587672,0.0,0.0
ZNF268,1.3705501e-05,0.0,0.0
ZNF273,0.28195786,0.0,0.0
ZNF274,0.035783187,0.0,0.0
ZNF276,0.0026822675,0.0,0.0
ZNF277,0.033191293,0.0,0.0
ZNF280A,1.2222755e-07,0.0,0.0
ZNF280B,8.6426844e-08,0.0,0.0
ZNF280C,0.12673454,0.0,0.0
ZNF280D,0.06642269,0.0,0.0
ZNF281,0.26759496,0.0,-1.0
ZNF282,0.06285257,0.0,0.0
ZNF283,0.09152114,0.0,0.0
ZNF286A,0.15463583,0.0,0.0
ZNF292,0.391666,0.0,-1.0
ZNF296,0.1559587,0.0,-1.0
ZNF3,0.05202223,0.0,0.0
ZNF30,0.035664935,0.0,0.0
ZNF300,0.15420203,0.0,0.0
ZNF302,0.025242353,0.0,0.0
ZNF311,0.00043832837,0.0,0.0
ZNF316,0.03233221,0.0,0.0
ZNF317,0.17145874,0.0,0.0
ZNF318,0.31858024,0.0,-1.0
ZNF319,0.0031744342,0.0,-1.0
ZNF32,0.011356092,0.0,0.0
ZNF320,0.0002948652,0.0,-1.0
ZNF322,1.6509605e-07,0.0,0.0
ZNF324,0.022055505,0.0,-1.0
ZNF324B,0.016758455,0.0,0.0
ZNF326,0.1995585,0.0,0.0
ZNF329,0.030096116,0.0,0.0
ZNF330,0.0062484504,0.0,0.0
ZNF331,0.09255553,0.0,1.0
ZNF333,0.062699445,0.0,0.0
ZNF334,0.0015661968,0.0,0.0
ZNF335,0.10807333,0.0,0.0
ZNF337,0.020576103,0.0,0.0
ZNF33A,0.13475488,0.0,-1.0
ZNF33B,0.08933823,0.0,0.0
ZNF34,0.011443288,0.0,0.0
ZNF341,0.1424696,0.0,0.0
ZNF343,0.00018205894,0.0,0.0
ZNF346,0.059387855,0.0,0.0
ZNF35,0.033504814,0.0,-1.0
ZNF350,0.1475861,0.0,0.0
ZNF354A,4.090972e-06,0.0,0.0
ZNF358,0.0036778187,0.0,0.0
ZNF362,0.16431078,0.0,-1.0
ZNF365,0.06452526,0.0,0.0
ZNF366,0.007663688,0.0,0.0
ZNF382,0.006894484,0.0,0.0
ZNF383,0.0012708923,0.0,0.0
ZNF384,0.37267923,0.0,1.0
ZNF385A,0.035459768,0.0,0.0
ZNF385B,2.0920816e-05,0.0,0.0
ZNF385C,0.013636983,0.0,0.0
ZNF391,0.00017765515,0.0,0.0
ZNF394,0.00038113986,0.0,0.0
ZNF395,0.052200582,0.0,0.0
ZNF396,0.0030853166,0.0,0.0
ZNF397,6.358171e-05,0.0,0.0
ZNF398,0.025016762,0.0,0.0
ZNF404,6.830219e-07,0.0,0.0
ZNF407,0.03432278,0.0,0.0
ZNF408,0.06547156,0.0,0.0
ZNF41,0.030718807,0.0,-1.0
ZNF410,0.058997184,0.0,0.0
ZNF414,0.013495121,0.0,0.0
ZNF415,1.8950434e-05,0.0,0.0
ZNF417,0.037782826,0.0,0.0
ZNF418,5.072613e-06,0.0,0.0
ZNF419,0.0044883145,0.0,0.0
ZNF420,0.01775214,0.0,0.0
ZNF423,0.27099627,0.0,-1.0
ZNF425,0.107187316,0.0,0.0
ZNF426,0.0022531024,0.0,0.0
ZNF428,0.26017892,0.0,0.0
ZNF430,0.00018175798,0.0,0.0
ZNF431,0.0124255,0.0,0.0
ZNF432,0.00035711087,0.0,0.0
ZNF433,0.010722474,0.0,0.0
ZNF436,0.06908376,0.0,0.0
ZNF438,0.026445491,0.0,0.0
ZNF439,0.026602365,0.0,0.0
ZNF44,4.0492505e-05,0.0,0.0
ZNF440,0.0026162213,0.0,0.0
ZNF443,0.053386748,0.0,0.0
ZNF444,0.13615938,0.0,0.0
ZNF445,0.011915353,0.0,0.0
ZNF446,0.000732199,0.0,0.0
ZNF449,0.0037918088,0.0,0.0
ZNF45,0.01848574,0.0,0.0
ZNF451,0.16218083,0.0,-1.0
ZNF454,0.0032482708,0.0,0.0
ZNF460,0.06556324,0.0,0.0
ZNF461,1.9190472e-07,0.0,0.0
ZNF462,0.16413142,0.0,-1.0
ZNF467,0.2132132,0.0,0.0
ZNF468,0.009130033,0.0,0.0
ZNF469,3.7117374e-05,0.0,-1.0
ZNF471,0.11210967,0.0,-1.0
ZNF473,0.015284464,0.0,0.0
ZNF479,0.021013398,0.0,1.0
ZNF48,0.0053991745,0.0,0.0
ZNF480,0.0004902432,0.0,0.0
ZNF483,0.02422958,0.0,-1.0
ZNF484,0.006497858,0.0,0.0
ZNF486,3.3381082e-07,0.0,0.0
ZNF488,0.028118968,0.0,0.0
ZNF490,0.017941922,0.0,0.0
ZNF491,0.002644007,0.0,0.0
ZNF496,0.028109793,0.0,0.0
ZNF497,0.0037998527,0.0,-1.0
ZNF500,1.1299162e-06,0.0,0.0
ZNF501,0.0065126223,0.0,0.0
ZNF502,1.4972112e-05,0.0,0.0
ZNF503,0.23042859,0.0,-1.0
ZNF506,2.1350958e-07,0.0,0.0
ZNF507,0.0043990477,0.0,0.0
ZNF510,0.16907519,0.0,0.0
ZNF511,0.08974467,0.0,0.0
ZNF512,0.028061682,0.0,-1.0
ZNF512B,0.59311205,1.0,0.0
ZNF513,0.0064722192,0.0,-1.0
ZNF514,3.2338193e-08,0.0,0.0
ZNF516,0.2868313,0.0,0.0
ZNF518A,0.10174578,0.0,0.0
ZNF518B,0.14874555,0.0,0.0
ZNF519,4.347734e-07,0.0,0.0
ZNF521,0.60190105,1.0,1.0
ZNF524,0.018022327,0.0,0.0
ZNF525,0.002508986,0.0,0.0
ZNF526,0.12902029,0.0,0.0
ZNF529,0.30074835,0.0,0.0
ZNF532,0.20368075,0.0,0.0
ZNF536,0.6431284,1.0,-1.0
ZNF541,0.00037407866,0.0,0.0
ZNF543,0.00046121574,0.0,0.0
ZNF544,0.041957214,0.0,0.0
ZNF550,0.00016035076,0.0,0.0
ZNF552,0.030447982,0.0,0.0
ZNF554,0.000103281025,0.0,0.0
ZNF555,0.00096301554,0.0,0.0
ZNF556,1.9537831e-11,0.0,0.0
ZNF557,0.088049315,0.0,0.0
ZNF558,0.09424938,0.0,-1.0
ZNF559,0.0016081855,0.0,0.0
ZNF561,0.04575825,0.0,0.0
ZNF562,0.031136816,0.0,0.0
ZNF563,0.0005206532,0.0,0.0
ZNF564,0.009234862,0.0,0.0
ZNF566,0.017555265,0.0,0.0
ZNF567,0.00579093,0.0,0.0
ZNF568,0.032874215,0.0,0.0
ZNF569,0.017564487,0.0,-1.0
ZNF57,0.029039368,0.0,0.0
ZNF572,0.024005022,0.0,-1.0
ZNF574,0.052936282,0.0,0.0
ZNF575,0.0068840315,0.0,0.0
ZNF576,0.06629815,0.0,0.0
ZNF577,0.00051065866,0.0,0.0
ZNF578,0.0020056122,0.0,-1.0
ZNF579,0.19471265,0.0,0.0
ZNF580,0.040103547,0.0,0.0
ZNF581,0.09274123,0.0,0.0
ZNF582,4.2623235e-10,0.0,0.0
ZNF584,0.0111745475,0.0,0.0
ZNF585A,0.016758455,0.0,0.0
ZNF585B,0.017436676,0.0,0.0
ZNF586,2.4771072e-05,0.0,0.0
ZNF587,0.025864568,0.0,0.0
ZNF587B,0.010886209,0.0,0.0
ZNF589,0.0044011865,0.0,0.0
ZNF592,0.40981883,0.0,-1.0
ZNF593,0.016176973,0.0,0.0
ZNF594,0.004614421,0.0,0.0
ZNF595,0.00012195984,0.0,-1.0
ZNF596,5.5163924e-05,0.0,0.0
ZNF597,0.029870627,0.0,0.0
ZNF598,0.08580465,0.0,0.0
ZNF599,0.02165055,0.0,0.0
ZNF600,0.078327,0.0,0.0
ZNF605,0.08209395,0.0,-1.0
ZNF606,0.024857057,0.0,0.0
ZNF607,0.0028621233,0.0,0.0
ZNF608,0.10801784,0.0,-1.0
ZNF609,0.37100303,0.0,0.0
ZNF610,2.9106777e-05,0.0,0.0
ZNF613,0.25634927,0.0,0.0
ZNF614,0.0025473686,0.0,0.0
ZNF615,0.000342308,0.0,0.0
ZNF616,0.072414964,0.0,0.0
ZNF618,0.060269915,0.0,0.0
ZNF619,0.00016163687,0.0,0.0
ZNF620,0.016758455,0.0,-1.0
ZNF621,0.0035210166,0.0,0.0
ZNF622,0.09624148,0.0,0.0
ZNF623,0.020314287,0.0,0.0
ZNF624,0.005355889,0.0,-1.0
ZNF625,0.012483632,0.0,0.0
ZNF626,7.6005954e-06,0.0,0.0
ZNF627,0.00044433866,0.0,0.0
ZNF628,0.004227011,0.0,0.0
ZNF629,0.05075378,0.0,0.0
ZNF638,0.28547764,0.0,-1.0
ZNF639,0.09569975,0.0,0.0
ZNF641,0.006212973,0.0,0.0
ZNF644,0.41335863,0.0,-1.0
ZNF646,0.34519234,0.0,0.0
ZNF648,0.0228617,0.0,0.0
ZNF649,0.017135069,0.0,0.0
ZNF652,0.1202311,0.0,0.0
ZNF653,0.04459784,0.0,0.0
ZNF655,0.074879944,0.0,-1.0
ZNF660,3.2730682e-08,0.0,0.0
ZNF662,0.10040722,0.0,0.0
ZNF667,0.016501658,0.0,0.0
ZNF668,0.21134843,0.0,-1.0
ZNF669,0.0027939796,0.0,0.0
ZNF670,0.06814911,0.0,0.0
ZNF671,1.4574761e-05,0.0,0.0
ZNF672,1.9923652e-07,0.0,0.0
ZNF675,0.009533628,0.0,0.0
ZNF676,0.113301136,0.0,0.0
ZNF677,1.0746519e-07,0.0,-1.0
ZNF679,0.00069949817,0.0,0.0
ZNF683,1.1359093e-08,0.0,0.0
ZNF684,3.2867706e-06,0.0,0.0
ZNF687,0.44634205,0.0,-1.0
ZNF688,0.016758455,0.0,0.0
ZNF689,0.051619805,0.0,0.0
ZNF69,0.004232818,0.0,0.0
ZNF691,0.016854426,0.0,0.0
ZNF692,4.5564567e-13,0.0,0.0
ZNF695,7.5254787e-13,0.0,0.0
ZNF696,0.008763748,0.0,0.0
ZNF697,0.005932168,0.0,-1.0
ZNF699,0.0016363647,0.0,0.0
ZNF7,0.067881465,0.0,0.0
ZNF70,0.010740416,0.0,0.0
ZNF703,0.08157617,0.0,-1.0
ZNF704,1.4408109e-06,0.0,0.0
ZNF705G,5.321334e-08,0.0,0.0
ZNF706,0.01304195,0.0,0.0
ZNF707,0.0636795,0.0,0.0
ZNF709,0.00020999459,0.0,0.0
ZNF71,0.038912836,0.0,0.0
ZNF711,0.1768303,0.0,-1.0
ZNF714,0.22252811,0.0,0.0
ZNF716,0.061905753,0.0,0.0
ZNF717,0.08872278,0.0,-1.0
ZNF724,0.017559132,0.0,0.0
ZNF74,0.0011740916,0.0,0.0
ZNF740,0.22099543,0.0,0.0
ZNF746,0.3225424,0.0,0.0
ZNF747,0.018188765,0.0,0.0
ZNF750,0.94353545,1.0,1.0
ZNF75A,6.079985e-11,0.0,0.0
ZNF76,0.20461635,0.0,0.0
ZNF763,0.0023512703,0.0,0.0
ZNF764,0.016973373,0.0,0.0
ZNF765,0.042417984,0.0,-1.0
ZNF766,0.010824303,0.0,0.0
ZNF768,0.18119825,0.0,0.0
ZNF770,0.051960763,0.0,-1.0
ZNF771,0.011208362,0.0,0.0
ZNF772,6.019069e-09,0.0,0.0
ZNF773,0.017497608,0.0,0.0
ZNF774,0.02310958,0.0,0.0
ZNF775,0.038646497,0.0,0.0
ZNF777,0.017975617,0.0,0.0
ZNF778,0.007200708,0.0,-1.0
ZNF783,0.0034361698,0.0,0.0
ZNF784,0.028281415,0.0,0.0
ZNF785,0.00014742839,0.0,0.0
ZNF786,0.0011301355,0.0,0.0
ZNF787,0.25325325,0.0,0.0
ZNF79,0.0018593419,0.0,0.0
ZNF790,0.023133943,0.0,0.0
ZNF792,0.004703401,0.0,0.0
ZNF793,8.3390195e-10,0.0,0.0
ZNF8,0.10941157,0.0,0.0
ZNF80,0.0077403495,0.0,0.0
ZNF800,0.052605398,0.0,0.0
ZNF804A,0.0048904223,0.0,-1.0
ZNF804B,3.1296525e-16,0.0,-1.0
ZNF808,0.010124269,0.0,0.0
ZNF816-ZNF321P,0.00043514642,0.0,0.0
ZNF821,0.03249374,0.0,0.0
ZNF823,0.39396328,0.0,-1.0
ZNF827,0.17273559,0.0,0.0
ZNF829,0.024577077,0.0,0.0
ZNF83,0.04834963,0.0,0.0
ZNF830,0.023521202,0.0,-1.0
ZNF835,6.894528e-05,0.0,0.0
ZNF836,0.0015441603,0.0,0.0
ZNF837,0.010499742,0.0,0.0
ZNF839,0.0013795228,0.0,0.0
ZNF84,3.0766296e-05,0.0,0.0
ZNF843,0.0031723226,0.0,0.0
ZNF844,0.012314913,0.0,-1.0
ZNF845,0.0489065,0.0,0.0
ZNF846,0.0055440958,0.0,0.0
ZNF85,2.4063628e-08,0.0,0.0
ZNF862,0.006162885,0.0,0.0
ZNF865,0.09072094,0.0,0.0
ZNF875,0.04335965,0.0,-1.0
ZNF891,1.0165153e-07,0.0,0.0
ZNF91,0.036717046,0.0,0.0
ZNF92,0.0034621614,0.0,0.0
ZNF93,0.0006046964,0.0,0.0
ZNF98,0.00042159922,0.0,0.0
ZNFX1,0.3104244,0.0,0.0
ZNHIT1,0.17922005,0.0,0.0
ZNHIT2,0.0014580584,0.0,0.0
ZNHIT3,0.29683858,0.0,0.0
ZNHIT6,0.054060075,0.0,0.0
ZNRD2,0.51144224,1.0,0.0
ZNRF1,0.011210888,0.0,0.0
ZNRF2,0.036345772,0.0,0.0
ZNRF3,0.6776379,1.0,1.0
ZNRF4,0.015417898,0.0,0.0
ZP1,4.738536e-09,0.0,0.0
ZP2,7.715197e-11,0.0,0.0
ZP3,1.1759464e-11,0.0,0.0
ZP4,1.215832e-08,0.0,0.0
ZPBP,2.8178904e-10,0.0,0.0
ZPBP2,0.62274456,1.0,-1.0
ZPR1,0.098741435,0.0,-1.0
ZRANB1,0.63206,1.0,0.0
ZRANB2,0.22509338,0.0,0.0
ZRANB3,0.0033296847,0.0,-1.0
ZRSR2,0.060894363,0.0,1.0
ZRSR2P1,0.0011215231,0.0,0.0
ZSCAN1,0.19749057,0.0,0.0
ZSCAN10,0.25903684,0.0,0.0
ZSCAN16,0.00055361405,0.0,0.0
ZSCAN18,0.12376649,0.0,0.0
ZSCAN2,0.11891213,0.0,0.0
ZSCAN20,0.001380999,0.0,0.0
ZSCAN21,0.0061064144,0.0,0.0
ZSCAN22,0.01652769,0.0,-1.0
ZSCAN23,0.0029653471,0.0,0.0
ZSCAN25,0.23738116,0.0,0.0
ZSCAN26,0.025699202,0.0,0.0
ZSCAN29,6.682311e-05,0.0,0.0
ZSCAN30,0.00039242863,0.0,0.0
ZSCAN31,1.4642387e-07,0.0,-1.0
ZSCAN32,0.0002122301,0.0,0.0
ZSCAN4,0.031528234,0.0,-1.0
ZSCAN5A,0.07723545,0.0,0.0
ZSCAN9,0.03817917,0.0,0.0
ZSWIM1,3.1647778e-06,0.0,0.0
ZSWIM2,0.0005363577,0.0,0.0
ZSWIM3,0.0033768257,0.0,-1.0
ZSWIM5,0.053971358,0.0,0.0
ZSWIM6,0.098462865,0.0,-1.0
ZSWIM7,0.052871205,0.0,-1.0
ZSWIM8,0.18128613,0.0,0.0
ZSWIM9,0.23587292,0.0,0.0
ZUP1,0.07831784,0.0,0.0
ZW10,0.12956834,0.0,0.0
ZWILCH,0.022510637,0.0,-1.0
ZWINT,0.29994267,0.0,-1.0
ZXDA,0.00023362362,0.0,0.0
ZXDC,0.12613454,0.0,0.0
ZYG11B,0.035552144,0.0,0.0
ZYX,0.24367325,0.0,0.0
ZZEF1,0.28750995,0.0,-1.0
ZZZ3,0.33711097,0.0,0.0
