gene,percent,binary,true
A1BG,0.15003923,0.0,0.0
A1CF,0.2481738,0.0,1.0
A2M,0.74591166,1.0,0.0
A2ML1,0.106470354,0.0,-1.0
A3GALT2,0.00038505284,0.0,0.0
A4GALT,0.12816094,0.0,0.0
A4GNT,0.06908507,0.0,0.0
AAAS,0.31530055,0.0,-1.0
AACS,0.12846683,0.0,0.0
AADAC,0.07894777,0.0,0.0
AADACL2,0.062251188,0.0,0.0
AADACL3,0.026852628,0.0,0.0
AADACL4,0.025226995,0.0,-1.0
AADAT,0.111879,0.0,0.0
AAGAB,0.22562706,0.0,0.0
AAK1,0.9320122,1.0,0.0
AAMDC,0.08477854,0.0,0.0
AAMP,0.12194785,0.0,-1.0
AANAT,0.3503492,0.0,-1.0
AAR2,0.10980189,0.0,0.0
AARD,0.102368884,0.0,0.0
AARS1,0.35429505,0.0,-1.0
AARS2,0.19318298,0.0,-1.0
AARSD1,0.12412766,0.0,0.0
AASDH,0.13087295,0.0,0.0
AASDHPPT,0.29627833,0.0,0.0
AASS,0.19952431,0.0,-1.0
AATF,0.25468695,0.0,-1.0
AATK,0.19788383,0.0,0.0
ABAT,0.23960336,0.0,0.0
ABCA1,0.7324047,1.0,-1.0
ABCA10,0.13419417,0.0,-1.0
ABCA12,0.2785092,0.0,-1.0
ABCA13,0.06899917,0.0,-1.0
ABCA2,0.487573,0.0,0.0
ABCA3,0.24457018,0.0,-1.0
ABCA4,0.27318215,0.0,-1.0
ABCA5,0.36415607,0.0,0.0
ABCA6,0.22029953,0.0,0.0
ABCA7,0.27534944,0.0,-1.0
ABCA8,0.19748637,0.0,0.0
ABCA9,0.11476404,0.0,0.0
ABCB1,0.79346496,1.0,-1.0
ABCB10,0.25458807,0.0,-1.0
ABCB11,0.2506263,0.0,-1.0
ABCB4,0.36981973,0.0,-1.0
ABCB5,0.21232328,0.0,-1.0
ABCB6,0.379271,0.0,0.0
ABCB7,0.22900292,0.0,-1.0
ABCB8,0.22220579,0.0,-1.0
ABCB9,0.2820447,0.0,0.0
ABCC1,0.719788,1.0,-1.0
ABCC10,0.17963879,0.0,-1.0
ABCC11,0.13143677,0.0,-1.0
ABCC12,0.12762718,0.0,0.0
ABCC2,0.42906418,0.0,-1.0
ABCC3,0.53064865,1.0,-1.0
ABCC4,0.36152056,0.0,0.0
ABCC5,0.43471283,0.0,-1.0
ABCC6,0.27308303,0.0,-1.0
ABCC8,0.50437796,1.0,-1.0
ABCC9,0.30096498,0.0,-1.0
ABCD1,0.32665217,0.0,-1.0
ABCD2,0.2685522,0.0,0.0
ABCD3,0.36308327,0.0,0.0
ABCD4,0.16221146,0.0,0.0
ABCE1,0.3917804,0.0,0.0
ABCF1,0.34525317,0.0,-1.0
ABCF2,0.24401428,0.0,-1.0
ABCF3,0.2711418,0.0,0.0
ABCG1,0.47539315,0.0,0.0
ABCG2,0.7398582,1.0,-1.0
ABCG4,0.29859096,0.0,0.0
ABCG5,0.18954176,0.0,0.0
ABCG8,0.18382895,0.0,-1.0
ABHD1,0.03600991,0.0,0.0
ABHD10,0.10855695,0.0,0.0
ABHD11,0.09225584,0.0,0.0
ABHD12,0.033968788,0.0,0.0
ABHD12B,0.03078395,0.0,0.0
ABHD13,0.09304461,0.0,0.0
ABHD14A,0.051299725,0.0,0.0
ABHD14A-ACY1,0.04809554,0.0,0.0
ABHD14B,0.08784778,0.0,0.0
ABHD15,0.086741656,0.0,-1.0
ABHD16A,0.060580634,0.0,0.0
ABHD16B,0.026201496,0.0,0.0
ABHD17A,0.14024593,0.0,0.0
ABHD17B,0.2260124,0.0,0.0
ABHD17C,0.08793887,0.0,0.0
ABHD18,0.39060467,0.0,0.0
ABHD2,0.14516214,0.0,-1.0
ABHD3,0.16997579,0.0,0.0
ABHD4,0.060871948,0.0,0.0
ABHD5,0.07781052,0.0,0.0
ABHD6,0.044258807,0.0,0.0
ABHD8,0.048905242,0.0,0.0
ABI1,0.5912603,1.0,1.0
ABI2,0.8220487,1.0,0.0
ABI3,0.29211596,0.0,-1.0
ABI3BP,0.25012234,0.0,0.0
ABITRAM,0.11304357,0.0,0.0
ABL1,0.9796519,1.0,1.0
ABL2,0.8711598,1.0,1.0
ABLIM1,0.7081851,1.0,0.0
ABLIM2,0.07342168,0.0,-1.0
ABLIM3,0.3373528,0.0,0.0
ABO,0.077242665,0.0,-1.0
ABR,0.577749,1.0,-1.0
ABRA,0.12069862,0.0,0.0
ABRACL,0.14109583,0.0,0.0
ABRAXAS1,0.34656712,0.0,1.0
ABRAXAS2,0.26948544,0.0,0.0
ABT1,0.16290425,0.0,0.0
ABTB1,0.20363045,0.0,0.0
ABTB2,0.16329166,0.0,-1.0
ACAA1,0.09588754,0.0,0.0
ACAA2,0.115804926,0.0,0.0
ACACA,0.5645382,1.0,0.0
ACACB,0.31320122,0.0,0.0
ACAD10,0.11672418,0.0,0.0
ACAD11,0.112631425,0.0,0.0
ACAD8,0.10593794,0.0,-1.0
ACAD9,0.06446423,0.0,-1.0
ACADL,0.101052664,0.0,0.0
ACADM,0.22852786,0.0,-1.0
ACADS,0.10304774,0.0,-1.0
ACADSB,0.16052379,0.0,-1.0
ACADVL,0.17256176,0.0,-1.0
ACAN,0.4459142,0.0,-1.0
ACAP1,0.4471479,0.0,-1.0
ACAP2,0.7064468,1.0,0.0
ACAP3,0.21619351,0.0,0.0
ACAT1,0.13080382,0.0,0.0
ACAT2,0.30458918,0.0,0.0
ACBD3,0.2743268,0.0,0.0
ACBD4,0.09330568,0.0,0.0
ACBD5,0.17732148,0.0,0.0
ACBD6,0.16287865,0.0,0.0
ACBD7,0.15142573,0.0,0.0
ACCS,0.04753367,0.0,-1.0
ACCSL,0.07863671,0.0,0.0
ACD,0.29105505,0.0,-1.0
ACE,0.49336967,0.0,-1.0
ACE2,0.11341667,0.0,0.0
ACER1,0.048341513,0.0,0.0
ACER2,0.043748613,0.0,0.0
ACER3,0.043100573,0.0,0.0
ACHE,0.2731313,0.0,-1.0
ACIN1,0.44270068,0.0,0.0
ACKR1,0.39079964,0.0,0.0
ACKR2,0.2990054,0.0,0.0
ACKR3,0.49129653,0.0,1.0
ACKR4,0.111112185,0.0,0.0
ACLY,0.55582595,1.0,-1.0
ACMSD,0.03869196,0.0,0.0
ACO1,0.25369418,0.0,-1.0
ACO2,0.34402052,0.0,-1.0
ACOT1,0.03796218,0.0,0.0
ACOT11,0.093876466,0.0,0.0
ACOT12,0.07250218,0.0,0.0
ACOT13,0.026646929,0.0,0.0
ACOT2,0.06767596,0.0,0.0
ACOT4,0.04216631,0.0,0.0
ACOT6,0.051414955,0.0,0.0
ACOT7,0.31379482,0.0,0.0
ACOT8,0.0892013,0.0,0.0
ACOT9,0.28978375,0.0,0.0
ACOX1,0.18381985,0.0,-1.0
ACOX2,0.13015495,0.0,0.0
ACOX3,0.10173682,0.0,0.0
ACOXL,0.059984423,0.0,-1.0
ACP1,0.37827846,0.0,0.0
ACP2,0.1292329,0.0,0.0
ACP3,0.22639464,0.0,0.0
ACP4,0.07164653,0.0,0.0
ACP5,0.47698587,0.0,0.0
ACP6,0.09032796,0.0,0.0
ACP7,0.12270946,0.0,0.0
ACR,0.112539075,0.0,0.0
ACRBP,0.07634041,0.0,0.0
ACRV1,0.22705929,0.0,0.0
ACSBG1,0.26270363,0.0,0.0
ACSBG2,0.21651737,0.0,0.0
ACSF2,0.10327781,0.0,0.0
ACSF3,0.087371066,0.0,0.0
ACSL1,0.37649333,0.0,0.0
ACSL3,0.4581924,0.0,1.0
ACSL4,0.61448306,1.0,-1.0
ACSL5,0.23233458,0.0,-1.0
ACSL6,0.33397007,0.0,-1.0
ACSM1,0.11756857,0.0,-1.0
ACSM2A,0.06223457,0.0,-1.0
ACSM2B,0.10161547,0.0,0.0
ACSM3,0.1365166,0.0,0.0
ACSM4,0.0850215,0.0,-1.0
ACSM5,0.18772793,0.0,0.0
ACSM6,0.100685425,0.0,0.0
ACSS1,0.14513451,0.0,0.0
ACSS2,0.20049134,0.0,0.0
ACSS3,0.19313352,0.0,0.0
ACTA1,0.9418399,1.0,-1.0
ACTA2,0.9760942,1.0,-1.0
ACTB,0.983427,1.0,-1.0
ACTBL2,0.79275817,1.0,0.0
ACTC1,0.84340036,1.0,-1.0
ACTG1,0.9555854,1.0,1.0
ACTG2,0.9366862,1.0,0.0
ACTL10,0.1005537,0.0,0.0
ACTL6A,0.6515338,1.0,-1.0
ACTL6B,0.7430464,1.0,-1.0
ACTL7A,0.16319332,0.0,0.0
ACTL7B,0.16449393,0.0,-1.0
ACTL8,0.61666,1.0,0.0
ACTL9,0.045502182,0.0,-1.0
ACTN1,0.9539387,1.0,0.0
ACTN2,0.73274344,1.0,-1.0
ACTN3,0.29426762,0.0,0.0
ACTN4,0.9431914,1.0,-1.0
ACTR10,0.18700814,0.0,0.0
ACTR1A,0.6483584,1.0,0.0
ACTR1B,0.5480637,1.0,0.0
ACTR2,0.8390898,1.0,0.0
ACTR3,0.7845819,1.0,0.0
ACTR3B,0.507672,1.0,0.0
ACTR3C,0.19448093,0.0,0.0
ACTR5,0.33223677,0.0,0.0
ACTR6,0.22902165,0.0,0.0
ACTR8,0.5562989,1.0,0.0
ACTRT1,0.3443488,0.0,0.0
ACTRT2,0.042518172,0.0,0.0
ACTRT3,0.03915066,0.0,0.0
ACVR1,0.7974459,1.0,1.0
ACVR1B,0.76249605,1.0,1.0
ACVR1C,0.24183449,0.0,0.0
ACVR2A,0.68097454,1.0,1.0
ACVR2B,0.47336888,0.0,-1.0
ACVRL1,0.5579513,1.0,-1.0
ACY1,0.09698744,0.0,-1.0
ACY3,0.066901825,0.0,0.0
ACYP1,0.28308237,0.0,0.0
ACYP2,0.089589566,0.0,0.0
ADA,0.7138448,1.0,0.0
ADA2,0.2831266,0.0,0.0
ADAD1,0.043615844,0.0,0.0
ADAD2,0.047050934,0.0,0.0
ADAL,0.08326229,0.0,0.0
ADAM10,0.7212961,1.0,-1.0
ADAM11,0.327077,0.0,0.0
ADAM12,0.35639632,0.0,-1.0
ADAM15,0.5255179,1.0,0.0
ADAM17,0.84021,1.0,-1.0
ADAM18,0.25160357,0.0,0.0
ADAM19,0.4902693,0.0,0.0
ADAM1A,0.0067230305,0.0,0.0
ADAM2,0.056475814,0.0,-1.0
ADAM20,0.11491655,0.0,0.0
ADAM21,0.21540664,0.0,0.0
ADAM22,0.34829175,0.0,-1.0
ADAM23,0.3165092,0.0,-1.0
ADAM28,0.35102266,0.0,0.0
ADAM29,0.09222759,0.0,-1.0
ADAM30,0.10514497,0.0,0.0
ADAM32,0.08973254,0.0,0.0
ADAM33,0.10201528,0.0,-1.0
ADAM7,0.00019317449,0.0,-1.0
ADAM8,0.40096453,0.0,0.0
ADAM9,0.5620266,1.0,-1.0
ADAMDEC1,0.28336114,0.0,0.0
ADAMTS1,0.6344868,1.0,-1.0
ADAMTS10,0.10970075,0.0,-1.0
ADAMTS12,0.2801243,0.0,-1.0
ADAMTS13,0.18245955,0.0,-1.0
ADAMTS14,0.19027215,0.0,0.0
ADAMTS15,0.0819524,0.0,-1.0
ADAMTS16,0.13394001,0.0,0.0
ADAMTS17,0.14186159,0.0,-1.0
ADAMTS18,0.14402406,0.0,-1.0
ADAMTS19,0.08050616,0.0,-1.0
ADAMTS2,0.37349632,0.0,-1.0
ADAMTS20,0.26671794,0.0,-1.0
ADAMTS3,0.2151294,0.0,-1.0
ADAMTS4,0.26756406,0.0,0.0
ADAMTS5,0.39816317,0.0,-1.0
ADAMTS6,0.25378975,0.0,-1.0
ADAMTS7,0.18984939,0.0,0.0
ADAMTS8,0.15582016,0.0,0.0
ADAMTS9,0.33018216,0.0,-1.0
ADAMTSL1,0.20197766,0.0,0.0
ADAMTSL2,0.3756654,0.0,0.0
ADAMTSL3,0.23871572,0.0,-1.0
ADAMTSL4,0.018248014,0.0,-1.0
ADAMTSL5,0.13680093,0.0,0.0
ADAP1,0.49162635,0.0,0.0
ADAP2,0.43451816,0.0,0.0
ADAR,0.62467206,1.0,0.0
ADARB1,0.23233102,0.0,0.0
ADARB2,0.3651816,0.0,-1.0
ADAT1,0.22551315,0.0,0.0
ADAT2,0.16335808,0.0,0.0
ADAT3,0.10686788,0.0,0.0
ADCK1,0.17708637,0.0,-1.0
ADCK2,0.15903509,0.0,0.0
ADCK5,0.09810898,0.0,0.0
ADCY1,0.4637291,0.0,-1.0
ADCY10,0.3399662,0.0,0.0
ADCY2,0.5061473,1.0,-1.0
ADCY3,0.48436293,0.0,-1.0
ADCY4,0.30782625,0.0,-1.0
ADCY5,0.29643992,0.0,-1.0
ADCY6,0.51157606,1.0,-1.0
ADCY7,0.74156123,1.0,-1.0
ADCY8,0.44432607,0.0,-1.0
ADCY9,0.5381031,1.0,-1.0
ADCYAP1,0.57944953,1.0,-1.0
ADCYAP1R1,0.3090728,0.0,0.0
ADD1,0.73949456,1.0,0.0
ADD2,0.20679004,0.0,-1.0
ADD3,0.77296305,1.0,-1.0
ADGB,0.059525114,0.0,-1.0
ADGRA1,0.2568673,0.0,-1.0
ADGRA2,0.6315525,1.0,-1.0
ADGRA3,0.3956145,0.0,0.0
ADGRB1,0.39644036,0.0,0.0
ADGRB2,0.3601413,0.0,0.0
ADGRB3,0.37679902,0.0,-1.0
ADGRD1,0.23392822,0.0,-1.0
ADGRD2,0.25732347,0.0,0.0
ADGRE1,0.3021728,0.0,0.0
ADGRE2,0.33545417,0.0,0.0
ADGRE3,0.16933405,0.0,0.0
ADGRE5,0.5397847,1.0,-1.0
ADGRF1,0.10674559,0.0,0.0
ADGRF2,0.2686999,0.0,-1.0
ADGRF3,0.24997354,0.0,0.0
ADGRF4,0.277854,0.0,0.0
ADGRF5,0.3729768,0.0,0.0
ADGRG1,0.30320004,0.0,-1.0
ADGRG2,0.23399091,0.0,0.0
ADGRG3,0.2053173,0.0,0.0
ADGRG4,0.35027856,0.0,-1.0
ADGRG5,0.10079111,0.0,0.0
ADGRG6,0.20595199,0.0,-1.0
ADGRG7,0.22182666,0.0,0.0
ADGRL1,0.45899203,0.0,-1.0
ADGRL2,0.58327043,1.0,-1.0
ADGRL3,0.27568978,0.0,-1.0
ADGRL4,0.39785945,0.0,0.0
ADGRV1,0.30594063,0.0,-1.0
ADH1A,0.10938818,0.0,0.0
ADH1B,0.1019481,0.0,-1.0
ADH1C,0.026015917,0.0,0.0
ADH4,0.06349513,0.0,0.0
ADH5,0.14047183,0.0,-1.0
ADH6,0.082941815,0.0,0.0
ADH7,0.18024662,0.0,0.0
ADHFE1,0.13757832,0.0,0.0
ADI1,0.099723645,0.0,0.0
ADIG,0.05259729,0.0,-1.0
ADIPOQ,0.5788238,1.0,-1.0
ADIPOR1,0.16135569,0.0,-1.0
ADIPOR2,0.1303684,0.0,0.0
ADIRF,0.13979314,0.0,0.0
ADK,0.26781684,0.0,0.0
ADM,0.7103766,1.0,0.0
ADM2,0.07447684,0.0,0.0
ADM5,0.0008062922,0.0,0.0
ADNP,0.7137293,1.0,-1.0
ADNP2,0.39271927,0.0,0.0
ADO,0.22697781,0.0,0.0
ADORA1,0.43099502,0.0,0.0
ADORA2A,0.3843242,0.0,0.0
ADORA2B,0.40184855,0.0,0.0
ADORA3,0.18479659,0.0,0.0
ADPGK,0.10438071,0.0,0.0
ADPRH,0.21373422,0.0,0.0
ADPRHL1,0.010283903,0.0,0.0
ADPRM,0.10817133,0.0,0.0
ADPRS,0.11218682,0.0,0.0
ADRA1A,0.25449136,0.0,-1.0
ADRA1B,0.41832492,0.0,-1.0
ADRA1D,0.3151992,0.0,0.0
ADRA2A,0.26182097,0.0,0.0
ADRA2B,0.17904569,0.0,0.0
ADRA2C,0.23630455,0.0,0.0
ADRB1,0.2902939,0.0,0.0
ADRB2,0.8021261,1.0,-1.0
ADRB3,0.2761672,0.0,-1.0
ADRM1,0.14927502,0.0,0.0
ADSL,0.20148988,0.0,0.0
ADSS1,0.14712614,0.0,0.0
ADSS2,0.3602638,0.0,0.0
ADTRP,0.27713647,0.0,0.0
AEBP1,0.61147594,1.0,0.0
AEBP2,0.5688082,1.0,0.0
AEN,0.24379498,0.0,0.0
AFAP1,0.5406536,1.0,0.0
AFAP1L1,0.07824071,0.0,0.0
AFAP1L2,0.18323407,0.0,-1.0
AFDN,0.81401163,1.0,1.0
AFF1,0.70381075,1.0,1.0
AFF2,0.43114817,0.0,-1.0
AFF3,0.3712795,0.0,1.0
AFF4,0.51368994,1.0,1.0
AFG1L,0.09852205,0.0,0.0
AFG3L1P,0.007219016,0.0,0.0
AFG3L2,0.2579227,0.0,-1.0
AFM,0.14582139,0.0,-1.0
AFMID,0.049243696,0.0,-1.0
AFP,0.36142424,0.0,-1.0
AFTPH,0.2361343,0.0,0.0
AGA,0.2858319,0.0,-1.0
AGAP1,0.49482223,0.0,0.0
AGAP11,0.08764819,0.0,0.0
AGAP2,0.560395,1.0,-1.0
AGAP3,0.46202052,0.0,0.0
AGAP4,0.20213838,0.0,0.0
AGAP5,0.20202678,0.0,0.0
AGAP7P,0.14645985,0.0,0.0
AGAP9,0.0007528785,0.0,0.0
AGBL1,4.220217e-06,0.0,0.0
AGBL2,0.17349133,0.0,-1.0
AGBL3,0.029994959,0.0,-1.0
AGBL4,0.07973065,0.0,0.0
AGBL5,0.13058832,0.0,-1.0
AGER,0.42210904,0.0,-1.0
AGFG1,0.7067346,1.0,0.0
AGFG2,0.2318665,0.0,0.0
AGGF1,0.2866247,0.0,-1.0
AGK,0.2723637,0.0,0.0
AGL,0.48659173,0.0,-1.0
AGMAT,0.14736742,0.0,0.0
AGMO,0.07726561,0.0,0.0
AGO1,0.4592037,0.0,1.0
AGO2,0.8023418,1.0,-1.0
AGO3,0.59430736,1.0,0.0
AGO4,0.4946254,0.0,-1.0
AGPAT1,0.22252229,0.0,0.0
AGPAT2,0.16749196,0.0,-1.0
AGPAT3,0.09818193,0.0,0.0
AGPAT4,0.07795329,0.0,0.0
AGPAT5,0.25945187,0.0,0.0
AGPS,0.44135448,0.0,-1.0
AGR2,0.26155558,0.0,0.0
AGR3,0.09794706,0.0,0.0
AGRN,0.6896274,1.0,0.0
AGRP,0.24091925,0.0,-1.0
AGT,0.6536941,1.0,-1.0
AGTPBP1,0.47046372,0.0,0.0
AGTR1,0.67082655,1.0,-1.0
AGTR2,0.3985385,0.0,-1.0
AGTRAP,0.08945363,0.0,0.0
AGXT,0.2137092,0.0,-1.0
AGXT2,0.018312912,0.0,0.0
AHCTF1,0.511946,1.0,-1.0
AHCY,0.2668978,0.0,0.0
AHCYL1,0.5326433,1.0,0.0
AHCYL2,0.2685922,0.0,-1.0
AHDC1,0.2929308,0.0,0.0
AHI1,0.38510466,0.0,-1.0
AHNAK,0.7532496,1.0,-1.0
AHNAK2,0.36234117,0.0,-1.0
AHR,0.9263029,1.0,-1.0
AHRR,0.17243832,0.0,0.0
AHSA1,0.22697766,0.0,-1.0
AHSA2P,0.12305421,0.0,0.0
AHSG,0.34588268,0.0,0.0
AHSP,0.16774063,0.0,0.0
AICDA,0.47793025,0.0,-1.0
AIDA,0.1968897,0.0,0.0
AIF1,0.5732519,1.0,0.0
AIF1L,0.21057796,0.0,0.0
AIFM1,0.29212728,0.0,-1.0
AIFM2,0.1619042,0.0,-1.0
AIFM3,0.085251436,0.0,0.0
AIG1,0.06586251,0.0,0.0
AIM2,0.52093786,1.0,0.0
AIMP1,0.22299147,0.0,0.0
AIMP2,0.14032719,0.0,0.0
AIP,0.17077583,0.0,-1.0
AIPL1,0.31877437,0.0,-1.0
AIRE,0.60586137,1.0,-1.0
AJAP1,0.042532332,0.0,-1.0
AJUBA,0.71136296,1.0,1.0
AK1,0.20412225,0.0,-1.0
AK2,0.33203655,0.0,-1.0
AK3,0.14952002,0.0,0.0
AK4,0.32785147,0.0,0.0
AK5,0.18480177,0.0,0.0
AK6,0.095961355,0.0,0.0
AK7,0.11530407,0.0,0.0
AK8,0.12186617,0.0,-1.0
AK9,0.13122801,0.0,0.0
AKAP1,0.30249664,0.0,0.0
AKAP10,0.6441186,1.0,-1.0
AKAP11,0.5481264,1.0,-1.0
AKAP12,0.66390973,1.0,-1.0
AKAP13,0.86581755,1.0,-1.0
AKAP14,0.060108524,0.0,0.0
AKAP17A,0.3447604,0.0,0.0
AKAP2,0.3259305,0.0,0.0
AKAP3,0.08980639,0.0,0.0
AKAP4,0.083946966,0.0,0.0
AKAP5,0.40073448,0.0,0.0
AKAP6,0.41808885,0.0,-1.0
AKAP7,0.16203435,0.0,0.0
AKAP8,0.46603096,0.0,-1.0
AKAP8L,0.43421742,0.0,0.0
AKAP9,0.83908665,1.0,-1.0
AKIP1,0.15044424,0.0,0.0
AKIRIN1,0.24024484,0.0,0.0
AKIRIN2,0.2814903,0.0,0.0
AKNA,0.17766324,0.0,0.0
AKNAD1,0.07357579,0.0,0.0
AKR1A1,0.11851862,0.0,0.0
AKR1B1,0.515135,1.0,0.0
AKR1B10,0.34288278,0.0,-1.0
AKR1B15,0.1757042,0.0,0.0
AKR1C1,0.24230653,0.0,0.0
AKR1C2,0.24419037,0.0,-1.0
AKR1C3,0.33760408,0.0,-1.0
AKR1C4,0.18688577,0.0,0.0
AKR1D1,0.16275804,0.0,-1.0
AKR1E2,0.17090583,0.0,0.0
AKR7A2,0.08188208,0.0,0.0
AKR7A3,0.050617345,0.0,0.0
AKR7L,0.052485645,0.0,0.0
AKT1,0.9772205,1.0,1.0
AKT1S1,0.3787018,0.0,-1.0
AKT2,0.9684664,1.0,1.0
AKT3,0.97271013,1.0,1.0
AKTIP,0.21366315,0.0,0.0
ALAD,0.1748993,0.0,-1.0
ALAS1,0.116715826,0.0,0.0
ALAS2,0.26679295,0.0,-1.0
ALB,0.85249627,1.0,-1.0
ALCAM,0.5668242,1.0,-1.0
ALDH16A1,0.1753983,0.0,0.0
ALDH18A1,0.38731724,0.0,0.0
ALDH1A1,0.35598552,0.0,-1.0
ALDH1A2,0.64012307,1.0,0.0
ALDH1A3,0.58916914,1.0,0.0
ALDH1B1,0.41054636,0.0,0.0
ALDH1L1,0.16020773,0.0,-1.0
ALDH1L2,0.112709664,0.0,0.0
ALDH2,0.60113215,1.0,-1.0
ALDH3A1,0.27718732,0.0,0.0
ALDH3A2,0.27011007,0.0,-1.0
ALDH3B1,0.16067745,0.0,0.0
ALDH3B2,0.2752779,0.0,0.0
ALDH4A1,0.13794726,0.0,0.0
ALDH5A1,0.27743232,0.0,-1.0
ALDH6A1,0.063397035,0.0,0.0
ALDH7A1,0.44690746,0.0,0.0
ALDH8A1,0.14227434,0.0,0.0
ALDH9A1,0.11938018,0.0,0.0
ALDOA,0.4674262,0.0,-1.0
ALDOB,0.24658915,0.0,-1.0
ALDOC,0.37035245,0.0,0.0
ALG1,0.112977475,0.0,-1.0
ALG10,0.062993355,0.0,0.0
ALG10B,0.09790506,0.0,0.0
ALG11,0.07400254,0.0,-1.0
ALG12,0.055594623,0.0,-1.0
ALG13,0.19641477,0.0,0.0
ALG14,0.08466084,0.0,-1.0
ALG1L,0.12376895,0.0,0.0
ALG1L2,2.3411164e-07,0.0,0.0
ALG2,0.1564362,0.0,-1.0
ALG3,0.08664309,0.0,-1.0
ALG5,0.055099327,0.0,0.0
ALG6,0.16145901,0.0,-1.0
ALG8,0.0988408,0.0,-1.0
ALG9,0.035014737,0.0,-1.0
ALK,0.8278315,1.0,1.0
ALKAL1,0.12555647,0.0,0.0
ALKAL2,0.028186085,0.0,0.0
ALKBH1,0.18304469,0.0,0.0
ALKBH2,0.14804627,0.0,0.0
ALKBH3,0.30395827,0.0,0.0
ALKBH4,0.16662975,0.0,0.0
ALKBH5,0.22785941,0.0,0.0
ALKBH6,0.2597306,0.0,-1.0
ALKBH7,0.14457937,0.0,0.0
ALKBH8,0.18385588,0.0,0.0
ALLC,0.07683421,0.0,-1.0
ALMS1,0.49375322,0.0,-1.0
ALOX12,0.16904943,0.0,-1.0
ALOX12B,0.15588649,0.0,1.0
ALOX15,0.20363685,0.0,-1.0
ALOX15B,0.13007292,0.0,0.0
ALOX5,0.39820147,0.0,-1.0
ALOX5AP,0.49690327,0.0,-1.0
ALOXE3,0.2067748,0.0,-1.0
ALPG,0.41455966,0.0,0.0
ALPI,0.59387505,1.0,0.0
ALPK1,0.2159305,0.0,-1.0
ALPK2,0.19591558,0.0,-1.0
ALPK3,0.17790397,0.0,0.0
ALPL,0.4024803,0.0,-1.0
ALPP,0.38297,0.0,0.0
ALS2,0.25955927,0.0,-1.0
ALS2CL,0.31469512,0.0,-1.0
ALX1,0.5002779,1.0,0.0
ALX3,0.43329704,0.0,0.0
ALX4,0.24604587,0.0,-1.0
ALYREF,0.50823283,1.0,-1.0
AMACR,0.06880215,0.0,0.0
AMBN,0.15329373,0.0,-1.0
AMBP,0.1652473,0.0,0.0
AMBRA1,0.14612877,0.0,-1.0
AMD1,0.31888923,0.0,0.0
AMDHD1,0.111532815,0.0,0.0
AMDHD2,0.122142024,0.0,0.0
AMELX,0.35188758,0.0,-1.0
AMELY,0.22580159,0.0,0.0
AMER1,0.41825008,0.0,1.0
AMER2,0.051509157,0.0,0.0
AMER3,0.43492872,0.0,0.0
AMFR,0.24023578,0.0,-1.0
AMH,0.36201024,0.0,-1.0
AMHR2,0.42748365,0.0,-1.0
AMIGO1,0.028073242,0.0,0.0
AMIGO2,0.37043062,0.0,0.0
AMIGO3,0.059576426,0.0,0.0
AMMECR1,0.46190426,0.0,0.0
AMMECR1L,0.17405562,0.0,0.0
AMN,0.15869217,0.0,-1.0
AMN1,0.1048474,0.0,0.0
AMOT,0.64180684,1.0,-1.0
AMOTL1,0.3239297,0.0,-1.0
AMOTL2,0.5202939,1.0,0.0
AMPD1,0.14854018,0.0,0.0
AMPD2,0.33494237,0.0,0.0
AMPD3,0.542389,1.0,0.0
AMPH,0.6612241,1.0,-1.0
AMT,0.17874439,0.0,-1.0
AMTN,0.06027941,0.0,0.0
AMY1A,0.032553036,0.0,0.0
AMY1B,0.04234961,0.0,0.0
AMY1C,0.037174016,0.0,0.0
AMY2A,0.05930999,0.0,0.0
AMY2B,0.05412213,0.0,-1.0
AMZ1,0.036691993,0.0,0.0
AMZ2,0.049973734,0.0,0.0
ANAPC1,0.5888325,1.0,0.0
ANAPC10,0.23218769,0.0,0.0
ANAPC11,0.16417038,0.0,0.0
ANAPC13,0.10431054,0.0,0.0
ANAPC15,0.08159031,0.0,0.0
ANAPC16,0.29291967,0.0,0.0
ANAPC2,0.37682593,0.0,0.0
ANAPC4,0.41503745,0.0,0.0
ANAPC5,0.49219474,0.0,0.0
ANAPC7,0.4293298,0.0,0.0
ANG,0.061226256,0.0,-1.0
ANGEL1,0.1589532,0.0,0.0
ANGEL2,0.40828747,0.0,0.0
ANGPT1,0.7727098,1.0,-1.0
ANGPT2,0.73483473,1.0,0.0
ANGPT4,0.22638178,0.0,0.0
ANGPTL1,0.070075,0.0,0.0
ANGPTL2,0.5061127,1.0,0.0
ANGPTL3,0.098845914,0.0,-1.0
ANGPTL4,0.4283159,0.0,0.0
ANGPTL5,0.028971065,0.0,0.0
ANGPTL6,0.044620987,0.0,0.0
ANGPTL7,0.10070502,0.0,0.0
ANGPTL8,0.13251205,0.0,0.0
ANHX,0.059142478,0.0,0.0
ANK1,0.6131806,1.0,1.0
ANK2,0.77995545,1.0,-1.0
ANK3,0.85991096,1.0,-1.0
ANKAR,0.25136563,0.0,0.0
ANKDD1A,0.15226871,0.0,0.0
ANKDD1B,0.074571766,0.0,0.0
ANKEF1,0.20808607,0.0,0.0
ANKFN1,0.00011189055,0.0,0.0
ANKFY1,0.6123479,1.0,0.0
ANKH,0.1562305,0.0,-1.0
ANKHD1,0.5611357,1.0,-1.0
ANKHD1-EIF4EBP3,0.69569564,1.0,0.0
ANKIB1,0.31940484,0.0,0.0
ANKK1,0.27019078,0.0,0.0
ANKLE1,0.037008155,0.0,0.0
ANKLE2,0.3103787,0.0,-1.0
ANKMY1,0.05251807,0.0,0.0
ANKMY2,0.19573109,0.0,0.0
ANKRA2,0.48834574,0.0,0.0
ANKRD1,0.30824566,0.0,-1.0
ANKRD10,0.5695387,1.0,0.0
ANKRD11,0.41763434,0.0,1.0
ANKRD12,0.72784036,1.0,-1.0
ANKRD13A,0.12027802,0.0,-1.0
ANKRD13B,0.09969819,0.0,0.0
ANKRD13C,0.32198608,0.0,0.0
ANKRD13D,0.087519795,0.0,0.0
ANKRD16,0.11647681,0.0,-1.0
ANKRD17,0.8223142,1.0,-1.0
ANKRD18A,0.23822458,0.0,-1.0
ANKRD18B,0.10146728,0.0,0.0
ANKRD2,0.13406554,0.0,0.0
ANKRD20A1,1.9354991e-05,0.0,0.0
ANKRD20A2P,0.055430617,0.0,0.0
ANKRD20A4P,0.054813117,0.0,0.0
ANKRD22,0.15394482,0.0,0.0
ANKRD23,0.06959622,0.0,0.0
ANKRD24,0.408377,0.0,-1.0
ANKRD26,0.6006487,1.0,-1.0
ANKRD26P1,0.017311376,0.0,0.0
ANKRD27,0.5767459,1.0,0.0
ANKRD28,0.6968534,1.0,0.0
ANKRD29,0.124072805,0.0,0.0
ANKRD30A,0.061161947,0.0,0.0
ANKRD30B,0.04551558,0.0,0.0
ANKRD30BL,0.1551719,0.0,-1.0
ANKRD31,0.050337657,0.0,0.0
ANKRD33,0.08816766,0.0,0.0
ANKRD33B,0.040809385,0.0,0.0
ANKRD34A,0.16906357,0.0,0.0
ANKRD34B,0.0601653,0.0,0.0
ANKRD34C,0.24074613,0.0,0.0
ANKRD35,0.051254716,0.0,0.0
ANKRD36,0.48180702,0.0,-1.0
ANKRD36B,0.11398001,0.0,0.0
ANKRD36BP1,0.15935984,0.0,0.0
ANKRD36C,0.24220096,0.0,-1.0
ANKRD37,0.2403033,0.0,0.0
ANKRD39,0.1419952,0.0,0.0
ANKRD40,0.16318914,0.0,0.0
ANKRD42,0.49759722,0.0,0.0
ANKRD44,0.2858872,0.0,-1.0
ANKRD45,0.08631285,0.0,0.0
ANKRD46,0.3360052,0.0,0.0
ANKRD49,0.41473827,0.0,0.0
ANKRD50,0.4100209,0.0,-1.0
ANKRD52,0.3504864,0.0,0.0
ANKRD53,0.1917117,0.0,0.0
ANKRD54,0.16314822,0.0,0.0
ANKRD55,0.2792018,0.0,0.0
ANKRD6,0.42454922,0.0,0.0
ANKRD60,0.06963685,0.0,0.0
ANKRD61,0.08493597,0.0,0.0
ANKRD63,0.014413529,0.0,0.0
ANKRD65,0.085657656,0.0,0.0
ANKRD66,0.010850127,0.0,0.0
ANKRD7,0.11477147,0.0,-1.0
ANKRD9,0.11629937,0.0,0.0
ANKS1A,0.7447911,1.0,0.0
ANKS1B,0.44141617,0.0,0.0
ANKS3,0.077787325,0.0,0.0
ANKS4B,0.10847781,0.0,0.0
ANKS6,0.28048664,0.0,0.0
ANKUB1,1.2526986e-05,0.0,0.0
ANKZF1,0.20222622,0.0,0.0
ANLN,0.7093152,1.0,-1.0
ANO1,0.15488932,0.0,0.0
ANO10,0.063855074,0.0,-1.0
ANO2,0.12021655,0.0,0.0
ANO3,0.06969223,0.0,0.0
ANO4,0.051139846,0.0,-1.0
ANO5,0.11096664,0.0,-1.0
ANO6,0.14705701,0.0,-1.0
ANO7,0.05683638,0.0,0.0
ANO8,0.048728365,0.0,0.0
ANO9,0.056287564,0.0,0.0
ANOS1,0.16014755,0.0,-1.0
ANP32A,0.5055248,1.0,-1.0
ANP32B,0.5494702,1.0,-1.0
ANP32C,0.1481249,0.0,0.0
ANP32D,0.29957888,0.0,0.0
ANP32E,0.40481985,0.0,0.0
ANPEP,0.4574441,0.0,-1.0
ANTKMT,0.03352443,0.0,0.0
ANTXR1,0.5708452,1.0,-1.0
ANTXR2,0.45447722,0.0,-1.0
ANXA1,0.920547,1.0,-1.0
ANXA10,0.15577966,0.0,0.0
ANXA11,0.47847456,0.0,0.0
ANXA13,0.23282987,0.0,0.0
ANXA2,0.8765223,1.0,-1.0
ANXA2P2,0.25824085,0.0,0.0
ANXA2R,0.12868503,0.0,0.0
ANXA3,0.44894776,0.0,0.0
ANXA4,0.43143982,0.0,0.0
ANXA5,0.9005427,1.0,-1.0
ANXA6,0.64717364,1.0,0.0
ANXA7,0.3227882,0.0,0.0
ANXA8,0.09653008,0.0,0.0
ANXA8L1,0.053290006,0.0,-1.0
ANXA9,0.24055362,0.0,0.0
AOAH,0.3632565,0.0,0.0
AOC1,0.1972297,0.0,0.0
AOC2,0.35419422,0.0,0.0
AOC3,0.315512,0.0,0.0
AOPEP,0.28537217,0.0,0.0
AOX1,0.13681796,0.0,-1.0
AP1AR,0.184784,0.0,0.0
AP1B1,0.5796938,1.0,-1.0
AP1G1,0.5923741,1.0,0.0
AP1G2,0.37461618,0.0,0.0
AP1M1,0.73952943,1.0,0.0
AP1M2,0.4422329,0.0,0.0
AP1S1,0.39975885,0.0,-1.0
AP1S2,0.62963533,1.0,-1.0
AP1S3,0.27550268,0.0,0.0
AP2A1,0.84339684,1.0,-1.0
AP2A2,0.667359,1.0,0.0
AP2B1,0.8253028,1.0,0.0
AP2M1,0.62881255,1.0,0.0
AP2S1,0.3441182,0.0,0.0
AP3B1,0.6239975,1.0,-1.0
AP3B2,0.52365315,1.0,0.0
AP3D1,0.36803386,0.0,-1.0
AP3M1,0.32632452,0.0,0.0
AP3M2,0.21052393,0.0,-1.0
AP3S1,0.24753943,0.0,0.0
AP3S2,0.13272165,0.0,0.0
AP4B1,0.34923774,0.0,0.0
AP4E1,0.61612046,1.0,-1.0
AP4M1,0.2429201,0.0,-1.0
AP4S1,0.2811155,0.0,0.0
AP5B1,0.16808854,0.0,0.0
AP5M1,0.20351532,0.0,0.0
AP5S1,0.10415523,0.0,0.0
AP5Z1,0.12838107,0.0,-1.0
APAF1,0.6683486,1.0,-1.0
APBA1,0.4379891,0.0,0.0
APBA2,0.42541894,0.0,0.0
APBA3,0.27860308,0.0,0.0
APBB1,0.770646,1.0,0.0
APBB1IP,0.5178803,1.0,0.0
APBB2,0.44770366,0.0,0.0
APBB3,0.4163502,0.0,0.0
APC,0.9544342,1.0,1.0
APC2,0.5367516,1.0,-1.0
APCDD1,0.19100976,0.0,-1.0
APCDD1L,0.01636488,0.0,0.0
APCS,0.30769444,0.0,0.0
APEH,0.080611445,0.0,-1.0
APEX1,0.40873578,0.0,0.0
APEX2,0.34998572,0.0,0.0
APH1A,0.49385977,0.0,-1.0
APH1B,0.21571794,0.0,-1.0
API5,0.3454289,0.0,-1.0
APIP,0.11747604,0.0,0.0
APLF,0.17571177,0.0,0.0
APLN,0.17676315,0.0,0.0
APLNR,0.37320638,0.0,1.0
APLP1,0.4748713,0.0,0.0
APLP2,0.6218843,1.0,0.0
APMAP,0.18628064,0.0,-1.0
APOA1,0.4547136,0.0,-1.0
APOA2,0.3652534,0.0,0.0
APOA4,0.21804576,0.0,0.0
APOA5,0.111429155,0.0,-1.0
APOB,0.57900006,1.0,-1.0
APOBEC1,0.31126243,0.0,0.0
APOBEC2,0.07057309,0.0,-1.0
APOBEC3A,0.22362904,0.0,0.0
APOBEC3B,0.45196763,0.0,1.0
APOBEC3C,0.17466214,0.0,0.0
APOBEC3D,0.23320964,0.0,0.0
APOBEC3F,0.1099879,0.0,0.0
APOBEC3G,0.46665084,0.0,0.0
APOBEC3H,0.08995067,0.0,0.0
APOBEC4,0.079868786,0.0,0.0
APOBR,0.16895488,0.0,-1.0
APOC1,0.45948362,0.0,0.0
APOC2,0.33734438,0.0,-1.0
APOC3,0.36180413,0.0,0.0
APOC4,0.10822227,0.0,0.0
APOD,0.11214978,0.0,0.0
APOE,0.7597202,1.0,-1.0
APOF,0.071737476,0.0,0.0
APOH,0.16804938,0.0,0.0
APOL1,0.30888748,0.0,-1.0
APOL2,0.14977649,0.0,-1.0
APOL3,0.33845428,0.0,0.0
APOL4,0.1248638,0.0,0.0
APOL5,0.2457772,0.0,0.0
APOL6,0.24479601,0.0,0.0
APOLD1,0.21345297,0.0,0.0
APOM,0.113505036,0.0,0.0
APOO,0.041678015,0.0,0.0
APOOL,0.10659847,0.0,0.0
APP,0.9310947,1.0,-1.0
APPBP2,0.34009144,0.0,0.0
APPL1,0.61923325,1.0,-1.0
APPL2,0.21980003,0.0,0.0
APRT,0.07245173,0.0,0.0
APTX,0.18889207,0.0,-1.0
AQP1,0.10522059,0.0,0.0
AQP10,0.031101188,0.0,0.0
AQP11,0.029802855,0.0,0.0
AQP12A,0.030968245,0.0,-1.0
AQP12B,0.024792505,0.0,-1.0
AQP2,0.2434689,0.0,-1.0
AQP3,0.51238984,1.0,0.0
AQP4,0.14873101,0.0,-1.0
AQP5,0.33797273,0.0,0.0
AQP6,0.15209395,0.0,0.0
AQP7,0.09889185,0.0,-1.0
AQP8,0.15282142,0.0,0.0
AQP9,0.42735106,0.0,0.0
AQR,0.40305358,0.0,0.0
AR,0.9728063,1.0,1.0
ARAF,0.6895994,1.0,1.0
ARAP1,0.57186544,1.0,0.0
ARAP2,0.7572329,1.0,-1.0
ARAP3,0.6623006,1.0,0.0
ARC,0.43015686,0.0,0.0
ARCN1,0.44394082,0.0,0.0
AREG,0.55352646,1.0,-1.0
AREL1,0.42096555,0.0,0.0
ARF1,0.5881052,1.0,-1.0
ARF3,0.60804254,1.0,0.0
ARF4,0.5415692,1.0,0.0
ARF5,0.2430298,0.0,0.0
ARF6,0.75338835,1.0,-1.0
ARFGAP1,0.46428677,0.0,0.0
ARFGAP2,0.39186063,0.0,0.0
ARFGAP3,0.4111764,0.0,0.0
ARFGEF1,0.6273558,1.0,0.0
ARFGEF2,0.41865185,0.0,-1.0
ARFGEF3,0.16555728,0.0,0.0
ARFIP1,0.24273245,0.0,0.0
ARFIP2,0.19434206,0.0,0.0
ARFRP1,0.12001845,0.0,-1.0
ARG1,0.3810424,0.0,-1.0
ARG2,0.20901944,0.0,0.0
ARGFX,0.15868884,0.0,0.0
ARGLU1,0.33390793,0.0,0.0
ARHGAP1,0.72028756,1.0,0.0
ARHGAP10,0.42705545,0.0,0.0
ARHGAP11A,0.7158262,1.0,0.0
ARHGAP11B,0.28719363,0.0,0.0
ARHGAP12,0.53312737,1.0,0.0
ARHGAP15,0.749342,1.0,0.0
ARHGAP17,0.4648255,0.0,0.0
ARHGAP18,0.2830719,0.0,0.0
ARHGAP19,0.67483926,1.0,0.0
ARHGAP20,0.2791304,0.0,-1.0
ARHGAP21,0.70080334,1.0,-1.0
ARHGAP22,0.42368123,0.0,0.0
ARHGAP23,0.3783886,0.0,0.0
ARHGAP24,0.39821133,0.0,-1.0
ARHGAP25,0.7099299,1.0,-1.0
ARHGAP26,0.65324575,1.0,1.0
ARHGAP27,0.2884676,0.0,0.0
ARHGAP28,0.1408541,0.0,-1.0
ARHGAP29,0.70356596,1.0,0.0
ARHGAP30,0.3434401,0.0,0.0
ARHGAP31,0.33686718,0.0,-1.0
ARHGAP32,0.65278286,1.0,-1.0
ARHGAP33,0.33468798,0.0,0.0
ARHGAP35,0.7613654,1.0,1.0
ARHGAP36,0.33151507,0.0,0.0
ARHGAP39,0.35787746,0.0,0.0
ARHGAP4,0.3607877,0.0,-1.0
ARHGAP40,0.26569667,0.0,0.0
ARHGAP42,0.15484153,0.0,0.0
ARHGAP44,0.36211058,0.0,0.0
ARHGAP45,0.55272967,1.0,0.0
ARHGAP5,0.659651,1.0,1.0
ARHGAP6,0.47035155,0.0,0.0
ARHGAP8,0.3113046,0.0,-1.0
ARHGAP9,0.54085505,1.0,-1.0
ARHGDIA,0.626365,1.0,0.0
ARHGDIB,0.68768543,1.0,0.0
ARHGDIG,0.37344667,0.0,0.0
ARHGEF1,0.7681897,1.0,-1.0
ARHGEF10,0.29462618,0.0,1.0
ARHGEF10L,0.19422832,0.0,1.0
ARHGEF11,0.5910365,1.0,-1.0
ARHGEF12,0.66950536,1.0,1.0
ARHGEF15,0.38477898,0.0,0.0
ARHGEF16,0.5734505,1.0,0.0
ARHGEF17,0.5925726,1.0,0.0
ARHGEF18,0.43913054,0.0,-1.0
ARHGEF19,0.37670943,0.0,0.0
ARHGEF2,0.76856726,1.0,-1.0
ARHGEF25,0.14725512,0.0,-1.0
ARHGEF26,0.32054052,0.0,0.0
ARHGEF28,0.4784795,0.0,1.0
ARHGEF3,0.72927433,1.0,-1.0
ARHGEF33,0.2140733,0.0,0.0
ARHGEF35,0.37413624,0.0,0.0
ARHGEF37,0.3094607,0.0,0.0
ARHGEF38,0.30662972,0.0,0.0
ARHGEF39,0.34151152,0.0,0.0
ARHGEF4,0.7114624,1.0,-1.0
ARHGEF40,0.30609354,0.0,0.0
ARHGEF5,0.5977549,1.0,0.0
ARHGEF6,0.76456696,1.0,-1.0
ARHGEF7,0.87319773,1.0,0.0
ARHGEF9,0.34133583,0.0,0.0
ARID1A,0.82471997,1.0,1.0
ARID1B,0.6125013,1.0,1.0
ARID2,0.65290487,1.0,1.0
ARID3A,0.48630187,0.0,1.0
ARID3B,0.4197502,0.0,1.0
ARID3C,0.016448092,0.0,-1.0
ARID4A,0.7943271,1.0,1.0
ARID4B,0.7607216,1.0,1.0
ARID5A,0.28155163,0.0,-1.0
ARID5B,0.6632695,1.0,1.0
ARIH1,0.580197,1.0,-1.0
ARIH2,0.30963522,0.0,0.0
ARL1,0.25017837,0.0,0.0
ARL10,0.13344824,0.0,0.0
ARL11,0.18922664,0.0,-1.0
ARL13A,0.087717704,0.0,0.0
ARL13B,0.16293333,0.0,0.0
ARL14,0.19016981,0.0,0.0
ARL14EP,0.16034038,0.0,0.0
ARL14EPL,3.2254657e-12,0.0,0.0
ARL15,0.15080315,0.0,0.0
ARL16,0.18934883,0.0,0.0
ARL17A,0.2015802,0.0,0.0
ARL17B,0.16552226,0.0,0.0
ARL2,0.09314336,0.0,0.0
ARL2BP,0.20552395,0.0,0.0
ARL3,0.23969135,0.0,0.0
ARL4A,0.3900515,0.0,0.0
ARL4C,0.763682,1.0,0.0
ARL4D,0.4221402,0.0,0.0
ARL5A,0.22860013,0.0,0.0
ARL5B,0.31618488,0.0,0.0
ARL5C,0.06682656,0.0,0.0
ARL6,0.21658158,0.0,-1.0
ARL6IP1,0.3004917,0.0,0.0
ARL6IP4,0.06014703,0.0,0.0
ARL6IP5,0.2161167,0.0,0.0
ARL6IP6,0.24299039,0.0,0.0
ARL8A,0.1172938,0.0,0.0
ARL8B,0.19136187,0.0,0.0
ARL9,0.10413825,0.0,0.0
ARMC1,0.31836423,0.0,0.0
ARMC10,0.08775723,0.0,0.0
ARMC12,0.058203433,0.0,0.0
ARMC2,0.058371376,0.0,0.0
ARMC3,0.050318975,0.0,0.0
ARMC5,0.26496014,0.0,0.0
ARMC6,0.3066076,0.0,0.0
ARMC7,0.20874782,0.0,0.0
ARMC8,0.52441335,1.0,0.0
ARMC9,0.15282701,0.0,0.0
ARMCX1,0.17960499,0.0,-1.0
ARMCX2,0.07153455,0.0,-1.0
ARMCX3,0.13922484,0.0,-1.0
ARMCX4,0.00057038805,0.0,0.0
ARMCX5,0.14304285,0.0,0.0
ARMCX6,0.032993946,0.0,0.0
ARMH1,0.085093796,0.0,0.0
ARMH3,0.14966965,0.0,-1.0
ARMH4,0.20438705,0.0,0.0
ARMT1,0.08901274,0.0,0.0
ARNT,0.8522894,1.0,1.0
ARNT2,0.35939243,0.0,-1.0
ARNTL,0.76702595,1.0,-1.0
ARNTL2,0.27065784,0.0,0.0
ARPC1A,0.45711866,0.0,0.0
ARPC1B,0.42648494,0.0,-1.0
ARPC2,0.5744717,1.0,0.0
ARPC3,0.35254747,0.0,0.0
ARPC3P1,0.020980803,0.0,0.0
ARPC4,0.52904797,1.0,0.0
ARPC4-TTLL3,0.043391515,0.0,0.0
ARPC5,0.53614074,1.0,0.0
ARPC5L,0.27126622,0.0,0.0
ARPIN,0.031748135,0.0,0.0
ARPIN-AP3S2,0.002554505,0.0,0.0
ARPP19,0.24200898,0.0,0.0
ARPP21,0.23916483,0.0,0.0
ARR3,0.4782976,0.0,0.0
ARRB1,0.77654386,1.0,0.0
ARRB2,0.85482377,1.0,0.0
ARRDC1,0.16915381,0.0,0.0
ARRDC2,0.10207638,0.0,0.0
ARRDC3,0.3721916,0.0,0.0
ARRDC4,0.1740972,0.0,0.0
ARRDC5,0.10379491,0.0,-1.0
ARSA,0.07549923,0.0,-1.0
ARSB,0.07712357,0.0,-1.0
ARSD,0.033631682,0.0,-1.0
ARSF,0.11348851,0.0,0.0
ARSG,0.058984187,0.0,0.0
ARSH,0.026981147,0.0,0.0
ARSI,0.029657863,0.0,0.0
ARSJ,0.07947345,0.0,0.0
ARSK,0.03014567,0.0,0.0
ARSL,0.24323033,0.0,-1.0
ART1,0.31498447,0.0,0.0
ART3,0.11380884,0.0,0.0
ART4,0.19723438,0.0,0.0
ART5,0.04616507,0.0,0.0
ARTN,0.41391295,0.0,0.0
ARV1,0.0841009,0.0,0.0
ARVCF,0.4977009,0.0,0.0
ARX,0.37559438,0.0,-1.0
AS3MT,0.1262992,0.0,0.0
ASAH1,0.26438445,0.0,-1.0
ASAH2,0.03898,0.0,0.0
ASAH2B,0.027062094,0.0,0.0
ASAP1,0.7453679,1.0,-1.0
ASAP2,0.5735282,1.0,-1.0
ASAP3,0.20042014,0.0,0.0
ASB1,0.20999624,0.0,0.0
ASB10,0.12369041,0.0,0.0
ASB11,0.11749404,0.0,0.0
ASB12,0.0855025,0.0,0.0
ASB13,0.18914917,0.0,0.0
ASB14,0.12031801,0.0,0.0
ASB15,0.078503035,0.0,-1.0
ASB16,0.25293466,0.0,0.0
ASB16-AS1,0.02431979,0.0,0.0
ASB17,0.11628207,0.0,0.0
ASB18,0.11407304,0.0,0.0
ASB2,0.28719836,0.0,0.0
ASB3,0.14324184,0.0,0.0
ASB4,0.41875368,0.0,0.0
ASB5,0.13141982,0.0,0.0
ASB6,0.18985626,0.0,0.0
ASB7,0.28538808,0.0,0.0
ASB8,0.18354681,0.0,0.0
ASB9,0.3604741,0.0,-1.0
ASCC1,0.2877355,0.0,-1.0
ASCC2,0.25950834,0.0,-1.0
ASCC3,0.5042007,1.0,-1.0
ASCL1,0.57506984,1.0,-1.0
ASCL2,0.43399268,0.0,0.0
ASCL3,0.21653572,0.0,0.0
ASCL4,0.19051413,0.0,0.0
ASCL5,0.16073568,0.0,0.0
ASF1A,0.5397941,1.0,0.0
ASF1B,0.69745725,1.0,0.0
ASGR1,0.12510942,0.0,0.0
ASGR2,0.075982206,0.0,0.0
ASH1L,0.8354633,1.0,-1.0
ASH2L,0.75195795,1.0,-1.0
ASIC1,0.31641045,0.0,0.0
ASIC2,0.41139743,0.0,0.0
ASIC3,0.27689728,0.0,0.0
ASIC4,0.23391418,0.0,0.0
ASIC5,0.08045879,0.0,0.0
ASIP,0.28651747,0.0,0.0
ASL,0.15011753,0.0,-1.0
ASMT,0.14788029,0.0,0.0
ASMTL,0.08695491,0.0,-1.0
ASNS,0.41414332,0.0,-1.0
ASNSD1,0.100353755,0.0,0.0
ASPA,0.16516393,0.0,-1.0
ASPDH,0.07585519,0.0,0.0
ASPG,0.12065996,0.0,0.0
ASPH,0.43447235,0.0,0.0
ASPHD1,0.15184614,0.0,-1.0
ASPHD2,0.09849964,0.0,0.0
ASPM,0.5945911,1.0,-1.0
ASPN,0.44636604,0.0,-1.0
ASPRV1,0.10779718,0.0,0.0
ASPSCR1,0.10156033,0.0,1.0
ASRGL1,0.14203328,0.0,0.0
ASS1,0.4866127,0.0,-1.0
ASTE1,0.25373146,0.0,0.0
ASTL,0.1200148,0.0,0.0
ASTN1,0.33396837,0.0,-1.0
ASTN2,0.40264896,0.0,-1.0
ASXL1,0.68681604,1.0,1.0
ASXL2,0.5701532,1.0,1.0
ASXL3,0.18893895,0.0,-1.0
ASZ1,0.06673227,0.0,-1.0
ATAD1,0.17008346,0.0,0.0
ATAD2,0.7372458,1.0,-1.0
ATAD2B,0.7584175,1.0,0.0
ATAD3A,0.3068739,0.0,0.0
ATAD3B,0.32906914,0.0,-1.0
ATAD3C,0.11897872,0.0,0.0
ATAD5,0.5567696,1.0,0.0
ATAT1,0.25257984,0.0,0.0
ATCAY,0.12505618,0.0,-1.0
ATE1,0.2788176,0.0,0.0
ATF1,0.5253269,1.0,1.0
ATF2,0.9453806,1.0,-1.0
ATF3,0.90401495,1.0,-1.0
ATF4,0.63713515,1.0,-1.0
ATF5,0.37101477,0.0,-1.0
ATF6,0.42650118,0.0,0.0
ATF6B,0.43397054,0.0,0.0
ATF7,0.47525734,0.0,0.0
ATF7IP,0.6486984,1.0,-1.0
ATF7IP2,0.34917215,0.0,0.0
ATG10,0.09741261,0.0,-1.0
ATG101,0.11182543,0.0,0.0
ATG12,0.33562487,0.0,-1.0
ATG13,0.20621395,0.0,-1.0
ATG14,0.33884764,0.0,-1.0
ATG16L1,0.34364808,0.0,-1.0
ATG16L2,0.09046677,0.0,0.0
ATG2A,0.19994476,0.0,-1.0
ATG2B,0.52525985,1.0,-1.0
ATG3,0.2742469,0.0,-1.0
ATG4A,0.28489083,0.0,0.0
ATG4B,0.24689244,0.0,-1.0
ATG4C,0.18664241,0.0,0.0
ATG4D,0.26648954,0.0,0.0
ATG5,0.28111064,0.0,-1.0
ATG7,0.47921646,0.0,-1.0
ATG9A,0.18300706,0.0,0.0
ATG9B,0.06164235,0.0,0.0
ATIC,0.21144971,0.0,1.0
ATL1,0.16861145,0.0,-1.0
ATL2,0.22003897,0.0,0.0
ATL3,0.09304429,0.0,0.0
ATM,0.96668696,1.0,1.0
ATMIN,0.35588172,0.0,-1.0
ATN1,0.6034877,1.0,-1.0
ATOH1,0.34697467,0.0,0.0
ATOH7,0.22855103,0.0,-1.0
ATOH8,0.15925775,0.0,0.0
ATOX1,0.03008269,0.0,0.0
ATP10A,0.2997652,0.0,-1.0
ATP10B,0.2231947,0.0,-1.0
ATP10D,0.41546363,0.0,-1.0
ATP11A,0.15973672,0.0,0.0
ATP11B,0.60345495,1.0,0.0
ATP11C,0.37345874,0.0,0.0
ATP12A,0.4050744,0.0,0.0
ATP13A1,0.16377136,0.0,0.0
ATP13A2,0.3402952,0.0,-1.0
ATP13A3,0.39654404,0.0,0.0
ATP13A4,0.07886131,0.0,-1.0
ATP13A5,0.081033505,0.0,0.0
ATP1A1,0.7769309,1.0,1.0
ATP1A2,0.26817322,0.0,-1.0
ATP1A3,0.42486635,0.0,-1.0
ATP1A4,0.17872089,0.0,0.0
ATP1B1,0.33478004,0.0,0.0
ATP1B2,0.32306245,0.0,0.0
ATP1B3,0.27040324,0.0,0.0
ATP1B4,0.14924052,0.0,0.0
ATP23,0.12004152,0.0,0.0
ATP2A1,0.59082246,1.0,0.0
ATP2A2,0.76605254,1.0,-1.0
ATP2A3,0.631124,1.0,0.0
ATP2B1,0.8422008,1.0,0.0
ATP2B2,0.48569307,0.0,0.0
ATP2B3,0.4205603,0.0,1.0
ATP2B4,0.7260086,1.0,-1.0
ATP2C1,0.39689383,0.0,-1.0
ATP2C2,0.42159036,0.0,-1.0
ATP4A,0.5747281,1.0,-1.0
ATP4B,0.2876434,0.0,0.0
ATP5F1A,0.3022664,0.0,0.0
ATP5F1B,0.2825284,0.0,-1.0
ATP5F1C,0.14330883,0.0,0.0
ATP5F1D,0.041150954,0.0,0.0
ATP5F1E,0.035096966,0.0,0.0
ATP5F1EP2,0.082252845,0.0,0.0
ATP5IF1,0.033753075,0.0,0.0
ATP5MC1,0.023944175,0.0,0.0
ATP5MC2,0.039437264,0.0,0.0
ATP5MC3,0.044887386,0.0,0.0
ATP5ME,0.027177824,0.0,0.0
ATP5MF,0.029297723,0.0,0.0
ATP5MF-PTCD1,0.14581835,0.0,0.0
ATP5MG,0.047230054,0.0,0.0
ATP5MGL,0.12199634,0.0,0.0
ATP5MJ,0.026958235,0.0,-1.0
ATP5MK,0.061731882,0.0,0.0
ATP5PB,0.094349235,0.0,0.0
ATP5PD,0.024722373,0.0,-1.0
ATP5PF,0.051547356,0.0,0.0
ATP5PO,0.09327904,0.0,0.0
ATP6AP1,0.13693173,0.0,-1.0
ATP6AP1L,6.077272e-11,0.0,0.0
ATP6AP2,0.17977917,0.0,-1.0
ATP6V0A1,0.38009417,0.0,0.0
ATP6V0A2,0.26033175,0.0,-1.0
ATP6V0A4,0.1442858,0.0,-1.0
ATP6V0B,0.049918305,0.0,-1.0
ATP6V0C,0.21438688,0.0,0.0
ATP6V0D1,0.19908255,0.0,0.0
ATP6V0D2,0.10238111,0.0,0.0
ATP6V0E1,0.035047743,0.0,-1.0
ATP6V0E2,0.09773033,0.0,0.0
ATP6V1A,0.48632738,0.0,0.0
ATP6V1B1,0.5030439,1.0,-1.0
ATP6V1B2,0.4847279,0.0,1.0
ATP6V1C1,0.20455202,0.0,0.0
ATP6V1C2,0.16004278,0.0,0.0
ATP6V1D,0.123739615,0.0,0.0
ATP6V1E1,0.19513896,0.0,0.0
ATP6V1E2,0.1506749,0.0,0.0
ATP6V1F,0.0596733,0.0,0.0
ATP6V1G1,0.09288273,0.0,0.0
ATP6V1G2,0.3227292,0.0,-1.0
ATP6V1G3,0.013791057,0.0,0.0
ATP6V1H,0.13426475,0.0,0.0
ATP7A,0.8204978,1.0,-1.0
ATP7B,0.58884025,1.0,-1.0
ATP8A1,0.25965852,0.0,0.0
ATP8A2,0.26341966,0.0,0.0
ATP8B1,0.2918702,0.0,-1.0
ATP8B2,0.29074374,0.0,-1.0
ATP8B3,0.12626633,0.0,0.0
ATP8B4,0.20999123,0.0,0.0
ATP9A,0.25541747,0.0,0.0
ATP9B,0.11237834,0.0,0.0
ATPAF1,0.08153511,0.0,0.0
ATPAF2,0.1139973,0.0,0.0
ATPSCKMT,0.18323463,0.0,0.0
ATR,0.81767845,1.0,1.0
ATRAID,0.021841096,0.0,0.0
ATRIP,0.32071328,0.0,0.0
ATRN,0.14503728,0.0,0.0
ATRNL1,0.07435278,0.0,0.0
ATRX,0.8464514,1.0,1.0
ATXN1,0.7944217,1.0,-1.0
ATXN10,0.2642147,0.0,-1.0
ATXN1L,0.2108474,0.0,0.0
ATXN2,0.64888394,1.0,1.0
ATXN2L,0.33974317,0.0,0.0
ATXN3,0.623015,1.0,-1.0
ATXN3L,0.15208572,0.0,-1.0
ATXN7,0.45157203,0.0,1.0
ATXN7L1,0.2544547,0.0,0.0
ATXN7L2,0.18767814,0.0,0.0
ATXN7L3,0.2747224,0.0,0.0
ATXN7L3B,0.13155772,0.0,0.0
AUH,0.11429994,0.0,-1.0
AUNIP,0.44261342,0.0,0.0
AUP1,0.11416706,0.0,0.0
AURKA,0.8155841,1.0,1.0
AURKAIP1,0.024110585,0.0,0.0
AURKB,0.8357383,1.0,1.0
AURKC,0.5826389,1.0,0.0
AUTS2,0.5864138,1.0,-1.0
AVEN,0.13451082,0.0,-1.0
AVIL,0.15378147,0.0,0.0
AVL9,0.32118562,0.0,-1.0
AVP,0.5987833,1.0,-1.0
AVPI1,0.24294142,0.0,-1.0
AVPR1A,0.3038355,0.0,0.0
AVPR1B,0.18802379,0.0,0.0
AVPR2,0.46817312,0.0,-1.0
AWAT1,0.117581435,0.0,0.0
AWAT2,0.041909773,0.0,0.0
AXDND1,0.04091204,0.0,0.0
AXIN1,0.8180324,1.0,1.0
AXIN2,0.5587757,1.0,1.0
AXL,0.92407525,1.0,1.0
AZGP1,0.2597909,0.0,-1.0
AZI2,0.2514424,0.0,-1.0
AZIN1,0.30622596,0.0,-1.0
AZIN2,0.051765416,0.0,0.0
AZU1,0.020969028,0.0,0.0
B2M,0.8515867,1.0,1.0
B3GALNT1,0.11468393,0.0,0.0
B3GALNT2,0.13914391,0.0,0.0
B3GALT1,0.14984001,0.0,0.0
B3GALT2,0.084164485,0.0,0.0
B3GALT4,0.056938928,0.0,0.0
B3GALT5,0.18685414,0.0,0.0
B3GALT6,0.11203417,0.0,-1.0
B3GAT1,0.1878373,0.0,0.0
B3GAT2,0.052424733,0.0,0.0
B3GAT3,0.10970899,0.0,0.0
B3GLCT,0.21895903,0.0,-1.0
B3GNT2,0.26344487,0.0,-1.0
B3GNT3,0.110573746,0.0,0.0
B3GNT4,0.18412277,0.0,0.0
B3GNT5,0.090896286,0.0,0.0
B3GNT6,0.054056723,0.0,-1.0
B3GNT7,0.068513654,0.0,0.0
B3GNT8,0.08063262,0.0,0.0
B3GNT9,0.16077073,0.0,0.0
B3GNTL1,0.07583161,0.0,0.0
B4GALNT1,0.22436702,0.0,0.0
B4GALNT2,0.065221265,0.0,0.0
B4GALNT3,0.046425026,0.0,0.0
B4GALNT4,0.048246786,0.0,0.0
B4GALT1,0.23205318,0.0,-1.0
B4GALT2,0.1607597,0.0,0.0
B4GALT3,0.09218794,0.0,-1.0
B4GALT4,0.111432694,0.0,0.0
B4GALT5,0.18140264,0.0,-1.0
B4GALT6,0.14852522,0.0,0.0
B4GALT7,0.10127034,0.0,-1.0
B4GAT1,0.099839956,0.0,0.0
B9D1,0.3084111,0.0,0.0
B9D2,0.4201756,0.0,0.0
BAALC,0.16079856,0.0,-1.0
BAAT,0.07950788,0.0,0.0
BABAM1,0.07886729,0.0,-1.0
BABAM2,0.24796525,0.0,-1.0
BACE1,0.5041923,1.0,0.0
BACE2,0.31861854,0.0,0.0
BACH1,0.76697075,1.0,-1.0
BACH2,0.6181262,1.0,1.0
BAD,0.2321473,0.0,-1.0
BAG1,0.23427492,0.0,-1.0
BAG2,0.49341464,0.0,0.0
BAG3,0.6103479,1.0,-1.0
BAG4,0.34956825,0.0,-1.0
BAG5,0.34735078,0.0,0.0
BAG6,0.47731468,0.0,0.0
BAGE,0.06446444,0.0,0.0
BAGE3,0.012129588,0.0,0.0
BAGE4,0.015154586,0.0,0.0
BAHCC1,0.17359562,0.0,0.0
BAHD1,0.23857275,0.0,0.0
BAIAP2,0.6203802,1.0,0.0
BAIAP2L1,0.35000962,0.0,0.0
BAIAP2L2,0.14845279,0.0,0.0
BAIAP3,0.2150703,0.0,-1.0
BAK1,0.5725993,1.0,-1.0
BAMBI,0.45929787,0.0,0.0
BANF1,0.21140887,0.0,0.0
BANF2,0.08971758,0.0,-1.0
BANK1,0.4678678,0.0,-1.0
BANP,0.2787192,0.0,0.0
BAP1,0.34959114,0.0,1.0
BARD1,0.8468544,1.0,1.0
BARHL1,0.39954907,0.0,0.0
BARHL2,0.37029803,0.0,0.0
BARX1,0.42911816,0.0,0.0
BARX2,0.4144371,0.0,0.0
BASP1,0.6877663,1.0,0.0
BATF,0.6538978,1.0,-1.0
BATF2,0.1995255,0.0,-1.0
BATF3,0.35075572,0.0,-1.0
BAX,0.77256864,1.0,1.0
BAZ1A,0.7992171,1.0,1.0
BAZ1B,0.73810315,1.0,0.0
BAZ2A,0.7603488,1.0,-1.0
BAZ2B,0.7954068,1.0,-1.0
BBC3,0.7612884,1.0,1.0
BBIP1,0.19397216,0.0,0.0
BBLN,0.07216398,0.0,0.0
BBOF1,0.21512012,0.0,0.0
BBOX1,0.044005223,0.0,0.0
BBS1,0.23613593,0.0,-1.0
BBS10,0.22855271,0.0,-1.0
BBS12,0.15056741,0.0,-1.0
BBS2,0.31052247,0.0,-1.0
BBS4,0.3592003,0.0,-1.0
BBS5,0.16862866,0.0,-1.0
BBS7,0.23770371,0.0,-1.0
BBS9,0.19586089,0.0,-1.0
BBX,0.51832616,1.0,-1.0
BCAM,0.4244367,0.0,0.0
BCAN,0.26001933,0.0,0.0
BCAP29,0.1118795,0.0,0.0
BCAP31,0.15526105,0.0,0.0
BCAR1,0.8766744,1.0,-1.0
BCAR3,0.5022871,1.0,0.0
BCAS1,0.26969856,0.0,0.0
BCAS2,0.20092215,0.0,0.0
BCAS3,0.3302737,0.0,-1.0
BCAS4,0.22492626,0.0,-1.0
BCAT1,0.44288182,0.0,0.0
BCAT2,0.19120668,0.0,0.0
BCCIP,0.10362973,0.0,0.0
BCDIN3D,0.2106064,0.0,0.0
BCHE,0.08183976,0.0,0.0
BCKDHA,0.124855995,0.0,-1.0
BCKDHB,0.13707182,0.0,-1.0
BCKDK,0.17230612,0.0,0.0
BCL10,0.46071878,0.0,1.0
BCL11A,0.88888586,1.0,1.0
BCL11B,0.85048693,1.0,1.0
BCL2,0.9644587,1.0,1.0
BCL2A1,0.7252645,1.0,-1.0
BCL2L1,0.8936384,1.0,-1.0
BCL2L10,0.21041697,0.0,-1.0
BCL2L11,0.8099397,1.0,1.0
BCL2L12,0.24798414,0.0,1.0
BCL2L13,0.028075825,0.0,0.0
BCL2L14,0.21493556,0.0,-1.0
BCL2L15,0.1045886,0.0,-1.0
BCL2L2,0.45240024,0.0,-1.0
BCL2L2-PABPN1,0.14386979,0.0,0.0
BCL3,0.9262158,1.0,1.0
BCL6,0.9416495,1.0,1.0
BCL6B,0.26136994,0.0,0.0
BCL7A,0.40807098,0.0,1.0
BCL7B,0.1756872,0.0,-1.0
BCL7C,0.12389388,0.0,0.0
BCL9,0.5642142,1.0,1.0
BCL9L,0.5193675,1.0,1.0
BCLAF1,0.6267634,1.0,1.0
BCLAF3,0.26801327,0.0,0.0
BCO1,0.12402084,0.0,-1.0
BCO2,0.04323872,0.0,0.0
BCOR,0.5868497,1.0,1.0
BCORL1,0.34555894,0.0,1.0
BCR,0.9395725,1.0,1.0
BCS1L,0.07944122,0.0,0.0
BDH1,0.08467866,0.0,0.0
BDH2,0.074029475,0.0,0.0
BDKRB1,0.2557847,0.0,-1.0
BDKRB2,0.22304775,0.0,-1.0
BDNF,0.869512,1.0,-1.0
BDP1,0.20740762,0.0,0.0
BEAN1,0.16710405,0.0,-1.0
BECN1,0.47901335,0.0,-1.0
BECN2,0.08463491,0.0,0.0
BEGAIN,0.2358093,0.0,0.0
BEND2,0.015210827,0.0,0.0
BEND3,0.25453848,0.0,0.0
BEND4,0.0065703746,0.0,0.0
BEND5,0.044848047,0.0,0.0
BEND6,0.009995214,0.0,0.0
BEND7,0.15115029,0.0,0.0
BEST1,0.13016334,0.0,-1.0
BEST2,0.058554914,0.0,0.0
BEST3,0.004041779,0.0,0.0
BEST4,0.021254454,0.0,0.0
BET1,0.10614839,0.0,0.0
BET1L,0.15944603,0.0,0.0
BEX1,0.24753101,0.0,-1.0
BEX2,0.1359943,0.0,-1.0
BEX3,0.14684226,0.0,-1.0
BEX4,0.08288038,0.0,0.0
BEX5,0.06407787,0.0,0.0
BFAR,0.1920613,0.0,0.0
BFSP1,0.113797754,0.0,0.0
BFSP2,0.13639739,0.0,-1.0
BGLAP,0.21374051,0.0,0.0
BGN,0.7265503,1.0,-1.0
BHLHA15,0.1903406,0.0,0.0
BHLHA9,0.00097353355,0.0,0.0
BHLHB9,0.17414446,0.0,0.0
BHLHE22,0.17537051,0.0,0.0
BHLHE23,0.11065078,0.0,0.0
BHLHE40,0.77249974,1.0,0.0
BHLHE41,0.3156653,0.0,-1.0
BHMT,0.17361747,0.0,0.0
BHMT2,0.059105363,0.0,-1.0
BICC1,0.15163657,0.0,0.0
BICD1,0.42112195,0.0,0.0
BICD2,0.48236954,0.0,0.0
BICDL1,0.22863081,0.0,0.0
BICDL2,0.11065891,0.0,0.0
BICRA,0.24672437,0.0,-1.0
BICRAL,0.5690432,1.0,0.0
BID,0.58114713,1.0,-1.0
BIK,0.1790692,0.0,0.0
BIN1,0.65749806,1.0,-1.0
BIN2,0.3921476,0.0,0.0
BIN3,0.24374464,0.0,0.0
BIRC2,0.7625758,1.0,-1.0
BIRC3,0.8535037,1.0,1.0
BIRC5,0.7880044,1.0,-1.0
BIRC6,0.63824934,1.0,1.0
BIRC7,0.2847232,0.0,-1.0
BIRC8,0.1110934,0.0,-1.0
BIVM,0.18799776,0.0,0.0
BIVM-ERCC5,0.00020317963,0.0,0.0
BLCAP,0.124227546,0.0,-1.0
BLID,0.05535678,0.0,0.0
BLK,0.86360013,1.0,-1.0
BLM,0.7459589,1.0,1.0
BLMH,0.57693297,1.0,0.0
BLNK,0.44491985,0.0,-1.0
BLOC1S1,0.043877296,0.0,0.0
BLOC1S2,0.11916518,0.0,0.0
BLOC1S3,0.1388288,0.0,-1.0
BLOC1S4,0.13627522,0.0,0.0
BLOC1S5,0.17509775,0.0,0.0
BLOC1S6,0.30129677,0.0,-1.0
BLVRA,0.08366837,0.0,-1.0
BLVRB,0.08499545,0.0,0.0
BLZF1,0.3227021,0.0,0.0
BMERB1,0.18977033,0.0,0.0
BMF,0.28588718,0.0,-1.0
BMI1,0.7585768,1.0,-1.0
BMP1,0.72387064,1.0,0.0
BMP10,0.49286416,0.0,0.0
BMP15,0.5336729,1.0,-1.0
BMP2,0.9147437,1.0,-1.0
BMP2K,0.8379637,1.0,-1.0
BMP3,0.44530335,0.0,0.0
BMP4,0.87868935,1.0,-1.0
BMP5,0.5028878,1.0,1.0
BMP6,0.65153474,1.0,0.0
BMP7,0.7686394,1.0,-1.0
BMP8A,0.14388296,0.0,0.0
BMP8B,0.37879598,0.0,0.0
BMPER,0.1405153,0.0,0.0
BMPR1A,0.74342674,1.0,1.0
BMPR1B,0.6908955,1.0,0.0
BMPR2,0.39706886,0.0,-1.0
BMS1,0.2571134,0.0,0.0
BMS1P1,0.061265007,0.0,0.0
BMT2,0.15548566,0.0,0.0
BMX,0.8598977,1.0,0.0
BNC1,0.36201042,0.0,0.0
BNC2,0.46390003,0.0,-1.0
BNIP1,0.17472279,0.0,0.0
BNIP2,0.45093068,0.0,0.0
BNIP3,0.3213759,0.0,-1.0
BNIP3L,0.49330124,0.0,-1.0
BNIP5,0.14066547,0.0,0.0
BNIPL,0.15704499,0.0,0.0
BOC,0.2614041,0.0,-1.0
BOD1,0.13519846,0.0,-1.0
BOD1L1,0.30666617,0.0,0.0
BOD1L2,0.07739557,0.0,0.0
BOK,0.2733387,0.0,-1.0
BOLA1,0.08176902,0.0,0.0
BOLA2,0.1078827,0.0,0.0
BOLA2B,0.06853887,0.0,0.0
BOLA3,0.042139124,0.0,0.0
BOLL,0.10949682,0.0,0.0
BOP1,0.24473675,0.0,-1.0
BORA,0.58048576,1.0,-1.0
BORCS5,0.093428954,0.0,0.0
BORCS6,0.15830362,0.0,0.0
BORCS7,0.112648666,0.0,0.0
BORCS8,0.08751316,0.0,0.0
BORCS8-MEF2B,0.23824729,0.0,-1.0
BPGM,0.41405535,0.0,0.0
BPHL,0.050494242,0.0,0.0
BPI,0.07733488,0.0,0.0
BPIFA1,0.11205836,0.0,0.0
BPIFA2,0.0028709522,0.0,0.0
BPIFA3,0.018618122,0.0,0.0
BPIFB1,0.001228923,0.0,-1.0
BPIFB2,0.001964989,0.0,0.0
BPIFB3,0.0019258884,0.0,0.0
BPIFB4,0.00059579225,0.0,0.0
BPIFB6,0.00096384535,0.0,0.0
BPIFC,0.086045444,0.0,0.0
BPNT1,0.19012131,0.0,0.0
BPNT2,0.1530973,0.0,0.0
BPTF,0.8631751,1.0,-1.0
BPY2,0.16955964,0.0,0.0
BPY2B,0.10341671,0.0,0.0
BPY2C,0.037981357,0.0,0.0
BRAF,0.9128148,1.0,1.0
BRAP,0.36506715,0.0,0.0
BRAT1,0.17739221,0.0,-1.0
BRCA1,0.94041604,1.0,1.0
BRCA2,0.8312761,1.0,1.0
BRCC3,0.47169927,0.0,-1.0
BRD1,0.68754834,1.0,0.0
BRD2,0.78771293,1.0,-1.0
BRD3,0.7286991,1.0,1.0
BRD4,0.77348554,1.0,1.0
BRD7,0.47724658,0.0,-1.0
BRD8,0.5464288,1.0,-1.0
BRD9,0.1948179,0.0,0.0
BRDT,0.22813253,0.0,-1.0
BRF1,0.2939833,0.0,0.0
BRF2,0.2004673,0.0,0.0
BRI3,0.08369801,0.0,0.0
BRI3BP,0.1676511,0.0,0.0
BRICD5,0.041918974,0.0,0.0
BRINP1,0.37530598,0.0,0.0
BRINP2,0.34442306,0.0,0.0
BRINP3,0.25439507,0.0,-1.0
BRIP1,0.60160136,1.0,1.0
BRIX1,0.33065042,0.0,-1.0
BRK1,0.31649572,0.0,0.0
BRME1,0.29132456,0.0,0.0
BRMS1,0.22021139,0.0,-1.0
BRMS1L,0.43695596,0.0,0.0
BROX,0.12424836,0.0,0.0
BRPF1,0.47754273,0.0,-1.0
BRPF3,0.5398824,1.0,-1.0
BRS3,0.18139282,0.0,0.0
BRSK1,0.49891454,0.0,-1.0
BRSK2,0.79112816,1.0,0.0
BRWD1,0.7837267,1.0,0.0
BRWD3,0.36368114,0.0,-1.0
BSCL2,0.09928846,0.0,-1.0
BSDC1,0.20752354,0.0,0.0
BSG,0.4529465,0.0,0.0
BSN,0.5220049,1.0,-1.0
BSND,0.07447527,0.0,-1.0
BSPH1,0.00035226328,0.0,0.0
BSPRY,0.16881989,0.0,-1.0
BST1,0.2692133,0.0,0.0
BST2,0.26500466,0.0,0.0
BSX,0.051580485,0.0,0.0
BTAF1,0.762256,1.0,0.0
BTBD1,0.16045593,0.0,0.0
BTBD10,0.29729566,0.0,0.0
BTBD11,0.14769195,0.0,-1.0
BTBD16,0.014144752,0.0,0.0
BTBD17,0.020479865,0.0,0.0
BTBD18,0.14049439,0.0,0.0
BTBD19,0.044747885,0.0,-1.0
BTBD2,0.25215313,0.0,0.0
BTBD3,0.43317136,0.0,0.0
BTBD6,0.12980944,0.0,0.0
BTBD7,0.07857159,0.0,0.0
BTBD8,0.16939247,0.0,0.0
BTBD9,0.17097872,0.0,-1.0
BTC,0.62759614,1.0,-1.0
BTD,0.057029083,0.0,-1.0
BTF3,0.17941022,0.0,0.0
BTF3L4,0.21092962,0.0,0.0
BTG1,0.6456804,1.0,1.0
BTG2,0.6880813,1.0,-1.0
BTG3,0.39001542,0.0,0.0
BTG4,0.098083034,0.0,0.0
BTK,0.87675506,1.0,1.0
BTLA,0.21288835,0.0,-1.0
BTN1A1,0.2138865,0.0,0.0
BTN2A1,0.31688595,0.0,0.0
BTN2A2,0.16171347,0.0,0.0
BTN2A3P,0.014704284,0.0,0.0
BTN3A1,0.49281415,0.0,0.0
BTN3A2,0.41680112,0.0,-1.0
BTN3A3,0.4287192,0.0,0.0
BTNL2,0.17059562,0.0,-1.0
BTNL3,0.20576192,0.0,-1.0
BTNL8,0.1380716,0.0,0.0
BTNL9,0.0029713335,0.0,0.0
BTRC,0.7889944,1.0,-1.0
BUB1,0.7903197,1.0,-1.0
BUB1B,0.7039789,1.0,1.0
BUB3,0.5809656,1.0,0.0
BUD13,0.25439513,0.0,-1.0
BUD23,0.133422,0.0,-1.0
BUD31,0.11389467,0.0,0.0
BVES,0.013331055,0.0,0.0
BYSL,0.3326005,0.0,-1.0
BZW1,0.2984158,0.0,0.0
BZW2,0.075727165,0.0,0.0
C10orf120,0.0014906817,0.0,0.0
C10orf53,0.04366803,0.0,0.0
C10orf55,0.119038954,0.0,0.0
C10orf62,0.037255246,0.0,0.0
C10orf67,0.08890569,0.0,0.0
C10orf71,0.023816787,0.0,0.0
C10orf82,0.090424724,0.0,0.0
C10orf88,0.25810486,0.0,0.0
C10orf90,0.5485426,1.0,-1.0
C10orf95,0.2012283,0.0,0.0
C10orf99,0.05602641,0.0,0.0
C11orf1,0.12782723,0.0,0.0
C11orf16,0.20823649,0.0,0.0
C11orf21,0.07657912,0.0,0.0
C11orf24,0.114849925,0.0,0.0
C11orf40,1.02900195e-07,0.0,0.0
C11orf42,0.12699354,0.0,0.0
C11orf49,0.1282085,0.0,-1.0
C11orf52,0.0147814,0.0,0.0
C11orf53,0.0017405347,0.0,0.0
C11orf54,0.11946083,0.0,0.0
C11orf58,0.13874082,0.0,0.0
C11orf65,0.13918951,0.0,0.0
C11orf68,0.12805939,0.0,0.0
C11orf71,0.072691806,0.0,0.0
C11orf80,0.23983866,0.0,0.0
C11orf86,0.27173114,0.0,0.0
C11orf87,0.13981569,0.0,0.0
C11orf94,0.04954284,0.0,0.0
C11orf96,0.0043835538,0.0,0.0
C11orf98,0.12823726,0.0,0.0
C12orf29,0.14386055,0.0,0.0
C12orf4,0.18373471,0.0,0.0
C12orf40,0.12281358,0.0,0.0
C12orf42,4.895646e-07,0.0,0.0
C12orf43,0.1358029,0.0,0.0
C12orf50,0.048347883,0.0,0.0
C12orf54,0.053075682,0.0,0.0
C12orf56,0.08216623,0.0,0.0
C12orf57,0.20330866,0.0,0.0
C12orf60,0.01351503,0.0,0.0
C12orf73,0.22205275,0.0,0.0
C12orf75,0.061094332,0.0,0.0
C12orf76,0.09135354,0.0,0.0
C14orf119,0.069470845,0.0,0.0
C14orf132,0.115719855,0.0,0.0
C14orf178,1.012847e-09,0.0,0.0
C14orf180,0.0146582,0.0,0.0
C14orf28,0.15411566,0.0,0.0
C14orf39,0.057479512,0.0,0.0
C14orf93,0.21192013,0.0,0.0
C15orf39,0.35369062,0.0,0.0
C15orf40,0.16462247,0.0,0.0
C15orf48,0.055811368,0.0,-1.0
C15orf61,0.008929545,0.0,0.0
C15orf65,0.0022652047,0.0,-1.0
C16orf46,0.61792403,1.0,0.0
C16orf54,0.2740082,0.0,0.0
C16orf72,0.2685851,0.0,0.0
C16orf74,0.25467092,0.0,0.0
C16orf78,0.046718735,0.0,0.0
C16orf87,0.25419325,0.0,0.0
C16orf89,0.0056276284,0.0,0.0
C16orf91,0.10093819,0.0,-1.0
C16orf92,0.024753578,0.0,0.0
C16orf95,0.1557071,0.0,0.0
C16orf96,0.0003157032,0.0,0.0
C17orf49,0.2570592,0.0,0.0
C17orf50,0.012790917,0.0,0.0
C17orf58,2.3144093e-09,0.0,0.0
C17orf64,0.049304347,0.0,0.0
C17orf67,0.0001634828,0.0,0.0
C17orf75,0.15838785,0.0,0.0
C17orf80,0.1095379,0.0,0.0
C17orf97,0.26052642,0.0,0.0
C18orf21,0.109325975,0.0,0.0
C18orf25,0.38114586,0.0,0.0
C18orf32,0.095781885,0.0,0.0
C18orf54,0.24003917,0.0,0.0
C18orf63,2.5268886e-11,0.0,0.0
C19orf12,0.07276819,0.0,0.0
C19orf18,0.010619946,0.0,0.0
C19orf25,0.1932986,0.0,0.0
C19orf33,0.10913962,0.0,0.0
C19orf38,0.12061885,0.0,0.0
C19orf44,0.199614,0.0,0.0
C19orf47,0.135113,0.0,0.0
C19orf48,0.23746462,0.0,0.0
C19orf53,0.023927562,0.0,-1.0
C19orf54,0.061350957,0.0,0.0
C19orf67,0.00036289112,0.0,0.0
C19orf73,0.13156235,0.0,0.0
C19orf84,0.012977634,0.0,0.0
C1D,0.082293585,0.0,0.0
C1GALT1,0.19850008,0.0,0.0
C1GALT1C1,0.09229913,0.0,0.0
C1QA,0.3282683,0.0,0.0
C1QB,0.28380984,0.0,0.0
C1QBP,0.24015515,0.0,0.0
C1QC,0.21548778,0.0,0.0
C1QL1,0.17299537,0.0,0.0
C1QL2,0.015213998,0.0,-1.0
C1QL3,0.031665206,0.0,0.0
C1QL4,0.035645876,0.0,0.0
C1QTNF1,0.0999032,0.0,-1.0
C1QTNF12,0.008351201,0.0,0.0
C1QTNF2,0.04757214,0.0,0.0
C1QTNF3,0.038308166,0.0,0.0
C1QTNF4,0.027185872,0.0,0.0
C1QTNF5,0.0016156413,0.0,-1.0
C1QTNF6,0.02373474,0.0,0.0
C1QTNF7,0.0141938,0.0,0.0
C1QTNF8,0.010821721,0.0,0.0
C1QTNF9,0.04575395,0.0,0.0
C1QTNF9B,0.012251641,0.0,0.0
C1R,0.56972396,1.0,0.0
C1RL,0.24233721,0.0,0.0
C1S,0.4093665,0.0,0.0
C1orf100,0.035686884,0.0,-1.0
C1orf105,0.25453085,0.0,0.0
C1orf109,0.33924013,0.0,0.0
C1orf112,0.55357045,1.0,0.0
C1orf115,0.14642088,0.0,0.0
C1orf116,0.3367205,0.0,0.0
C1orf122,0.08473344,0.0,0.0
C1orf127,0.0019314886,0.0,-1.0
C1orf131,0.111119345,0.0,0.0
C1orf159,0.1640812,0.0,-1.0
C1orf162,0.22687842,0.0,0.0
C1orf174,0.16775988,0.0,0.0
C1orf198,0.21513936,0.0,0.0
C1orf21,0.17429838,0.0,0.0
C1orf210,0.12844352,0.0,0.0
C1orf216,0.16920526,0.0,0.0
C1orf220,0.1679007,0.0,0.0
C1orf226,0.20806953,0.0,0.0
C1orf35,0.2492437,0.0,0.0
C1orf43,0.070476644,0.0,0.0
C1orf50,0.08789373,0.0,0.0
C1orf52,0.1924712,0.0,0.0
C1orf53,0.019457621,0.0,0.0
C1orf54,0.09615081,0.0,0.0
C1orf56,0.094927415,0.0,0.0
C1orf68,0.19598167,0.0,0.0
C1orf74,0.06366492,0.0,0.0
C1orf87,0.09854529,0.0,0.0
C1orf94,0.093688,0.0,0.0
C2,0.29861233,0.0,0.0
C20orf141,0.05175778,0.0,0.0
C20orf144,0.028705755,0.0,0.0
C20orf173,0.042773962,0.0,0.0
C20orf203,0.017232439,0.0,0.0
C20orf27,0.12374202,0.0,0.0
C20orf85,0.077129334,0.0,0.0
C20orf96,0.34134078,0.0,0.0
C21orf58,0.06182086,0.0,0.0
C21orf62,0.15070993,0.0,0.0
C21orf91,0.14388204,0.0,0.0
C22orf15,0.026906973,0.0,0.0
C22orf23,0.059596766,0.0,0.0
C22orf31,0.14011891,0.0,0.0
C22orf39,0.066473536,0.0,0.0
C22orf46,0.32479414,0.0,0.0
C2CD2,0.1325116,0.0,0.0
C2CD2L,0.00012260197,0.0,0.0
C2CD3,0.54932106,1.0,-1.0
C2CD4A,4.8270922e-05,0.0,0.0
C2CD4B,4.11392e-13,0.0,0.0
C2CD4C,6.2692446e-10,0.0,-1.0
C2CD4D,1.8173552e-10,0.0,0.0
C2CD5,0.6162273,1.0,-1.0
C2CD6,0.09857571,0.0,-1.0
C2orf15,8.065192e-05,0.0,0.0
C2orf16,0.053711567,0.0,-1.0
C2orf27A,0.15184633,0.0,0.0
C2orf42,0.10520829,0.0,0.0
C2orf49,0.13954188,0.0,0.0
C2orf50,0.039090183,0.0,0.0
C2orf66,2.1326712e-12,0.0,0.0
C2orf68,0.13737789,0.0,0.0
C2orf69,0.19774577,0.0,0.0
C2orf72,0.056790464,0.0,0.0
C2orf73,0.046681844,0.0,0.0
C2orf74,0.47278646,0.0,0.0
C2orf76,0.1436028,0.0,0.0
C2orf78,0.05705857,0.0,0.0
C2orf80,0.000735691,0.0,0.0
C2orf81,0.093915895,0.0,0.0
C2orf83,0.0049729813,0.0,0.0
C2orf88,0.10495781,0.0,0.0
C3,0.47961614,0.0,-1.0
C3AR1,0.3934169,0.0,-1.0
C3orf14,0.11705137,0.0,0.0
C3orf18,0.07582601,0.0,0.0
C3orf20,0.056610953,0.0,0.0
C3orf22,0.027696138,0.0,0.0
C3orf33,0.075954095,0.0,0.0
C3orf36,0.20103848,0.0,0.0
C3orf38,0.10971107,0.0,0.0
C3orf52,0.14625128,0.0,0.0
C3orf62,0.12036879,0.0,-1.0
C3orf80,1.609947e-09,0.0,0.0
C4A,0.1605645,0.0,-1.0
C4B,0.102101736,0.0,-1.0
C4BPA,0.17667328,0.0,0.0
C4BPB,0.11386688,0.0,0.0
C4B_2,0.050929252,0.0,-1.0
C4orf17,0.06490987,0.0,0.0
C4orf19,0.25195718,0.0,0.0
C4orf3,0.0468062,0.0,0.0
C4orf33,0.064774245,0.0,0.0
C4orf45,0.05063436,0.0,0.0
C4orf46,0.2159551,0.0,0.0
C4orf47,3.8487775e-11,0.0,0.0
C4orf48,0.011300326,0.0,0.0
C4orf51,3.0864056e-10,0.0,0.0
C4orf54,0.30457273,0.0,0.0
C5,0.20006749,0.0,0.0
C5AR1,0.411526,0.0,0.0
C5AR2,0.055787113,0.0,0.0
C5orf15,0.16325466,0.0,0.0
C5orf22,0.1984388,0.0,0.0
C5orf24,0.28801695,0.0,0.0
C5orf34,0.31095365,0.0,0.0
C5orf38,0.005561617,0.0,0.0
C5orf46,0.03423077,0.0,0.0
C5orf47,0.037246425,0.0,0.0
C5orf49,0.012855545,0.0,0.0
C5orf52,0.04322246,0.0,0.0
C5orf60,0.008271081,0.0,0.0
C5orf63,1.06358534e-07,0.0,0.0
C5orf64,2.4291086e-10,0.0,0.0
C6,0.09999854,0.0,0.0
C6orf118,0.031751733,0.0,-1.0
C6orf120,0.09413058,0.0,0.0
C6orf132,0.032274168,0.0,0.0
C6orf136,0.1605469,0.0,-1.0
C6orf141,0.19764031,0.0,0.0
C6orf15,0.207107,0.0,-1.0
C6orf201,0.031501487,0.0,0.0
C6orf226,0.07096282,0.0,0.0
C6orf47,0.17778511,0.0,0.0
C6orf58,0.015687892,0.0,0.0
C6orf62,0.23366696,0.0,-1.0
C6orf89,0.26425025,0.0,0.0
C7,0.24662162,0.0,-1.0
C7orf25,0.14401916,0.0,0.0
C7orf26,0.11114741,0.0,0.0
C7orf31,0.06697499,0.0,-1.0
C7orf50,0.18094915,0.0,0.0
C7orf57,0.012617586,0.0,0.0
C7orf61,0.032431334,0.0,0.0
C8A,0.14332151,0.0,0.0
C8B,0.15716363,0.0,0.0
C8G,0.07223973,0.0,0.0
C8orf33,0.15521348,0.0,0.0
C8orf34,0.12768282,0.0,0.0
C8orf44,0.16294916,0.0,0.0
C8orf44-SGK3,0.18589231,0.0,-1.0
C8orf48,0.08929858,0.0,0.0
C8orf58,1.8083639e-15,0.0,0.0
C8orf74,0.062385295,0.0,0.0
C8orf76,0.14501108,0.0,0.0
C8orf82,0.094264045,0.0,0.0
C8orf86,0.1911024,0.0,0.0
C8orf88,1.3382981e-08,0.0,0.0
C9,0.09652146,0.0,0.0
C9orf116,0.09829746,0.0,0.0
C9orf131,0.06671473,0.0,0.0
C9orf152,0.018938128,0.0,0.0
C9orf153,0.081094705,0.0,0.0
C9orf163,0.04461747,0.0,0.0
C9orf24,0.004548512,0.0,0.0
C9orf40,0.38111117,0.0,0.0
C9orf43,0.07427595,0.0,0.0
C9orf50,0.049151868,0.0,0.0
C9orf57,0.034501396,0.0,0.0
C9orf64,0.13133474,0.0,0.0
C9orf72,0.22944811,0.0,-1.0
C9orf78,0.12866773,0.0,-1.0
C9orf85,0.078685254,0.0,-1.0
CA1,0.30182382,0.0,0.0
CA10,0.21701217,0.0,-1.0
CA11,0.16595262,0.0,0.0
CA12,0.41332576,0.0,0.0
CA13,0.08580439,0.0,0.0
CA14,0.13274802,0.0,0.0
CA2,0.71615964,1.0,-1.0
CA3,0.17863536,0.0,0.0
CA4,0.30511394,0.0,-1.0
CA5A,0.2611886,0.0,0.0
CA5B,0.173803,0.0,0.0
CA6,0.1326433,0.0,0.0
CA7,0.2666018,0.0,0.0
CA8,0.23068552,0.0,0.0
CA9,0.56174654,1.0,0.0
CAAP1,0.15186603,0.0,0.0
CAB39,0.44891188,0.0,0.0
CAB39L,0.17372404,0.0,0.0
CABCOCO1,0.04006754,0.0,0.0
CABIN1,0.46769428,0.0,-1.0
CABLES1,0.45437473,0.0,-1.0
CABLES2,0.19102629,0.0,0.0
CABP1,0.42968762,0.0,0.0
CABP2,0.2544595,0.0,0.0
CABP4,0.13247885,0.0,0.0
CABP5,0.34890518,0.0,0.0
CABP7,0.05631428,0.0,0.0
CABS1,0.04691663,0.0,0.0
CABYR,0.10254165,0.0,0.0
CACFD1,0.31960756,0.0,0.0
CACHD1,0.12664442,0.0,-1.0
CACNA1A,0.6775903,1.0,-1.0
CACNA1B,0.55852497,1.0,-1.0
CACNA1C,0.5733663,1.0,-1.0
CACNA1D,0.42919096,0.0,1.0
CACNA1E,0.48071134,0.0,-1.0
CACNA1F,0.40545478,0.0,-1.0
CACNA1G,0.395196,0.0,0.0
CACNA1H,0.34927496,0.0,-1.0
CACNA1I,0.3325066,0.0,0.0
CACNA1S,0.3175615,0.0,-1.0
CACNA2D1,0.40759313,0.0,-1.0
CACNA2D2,0.28190452,0.0,0.0
CACNA2D3,0.22017342,0.0,-1.0
CACNA2D4,0.22523177,0.0,-1.0
CACNB1,0.4252686,0.0,0.0
CACNB2,0.42241725,0.0,-1.0
CACNB3,0.4100273,0.0,0.0
CACNB4,0.44268337,0.0,-1.0
CACNG1,0.05636389,0.0,0.0
CACNG2,0.38229033,0.0,-1.0
CACNG3,0.3724133,0.0,0.0
CACNG4,0.20239048,0.0,0.0
CACNG5,0.2803382,0.0,0.0
CACNG6,0.094314955,0.0,-1.0
CACNG7,0.15556131,0.0,0.0
CACNG8,0.12900944,0.0,0.0
CACTIN,0.23877847,0.0,0.0
CACUL1,0.44525042,0.0,0.0
CACYBP,0.3897481,0.0,-1.0
CAD,0.64367634,1.0,-1.0
CADM1,0.5267115,1.0,0.0
CADM2,0.11535002,0.0,-1.0
CADM3,0.3111067,0.0,0.0
CADM4,0.2615387,0.0,-1.0
CADPS,0.18419859,0.0,0.0
CADPS2,0.22333632,0.0,-1.0
CAGE1,0.06733664,0.0,-1.0
CALB1,0.55409926,1.0,0.0
CALB2,0.60326517,1.0,-1.0
CALCA,0.44002587,0.0,-1.0
CALCB,0.2396542,0.0,-1.0
CALCOCO1,0.3956209,0.0,-1.0
CALCOCO2,0.40706787,0.0,0.0
CALCR,0.26490137,0.0,-1.0
CALCRL,0.27505422,0.0,0.0
CALD1,0.9157274,1.0,-1.0
CALHM1,0.06946849,0.0,0.0
CALHM2,0.34420487,0.0,0.0
CALHM4,0.009177377,0.0,0.0
CALHM5,0.0011868564,0.0,0.0
CALHM6,0.13727847,0.0,-1.0
CALM1,0.97327936,1.0,-1.0
CALM2,0.95631504,1.0,-1.0
CALM3,0.95528287,1.0,-1.0
CALML3,0.7811254,1.0,-1.0
CALML4,0.29213575,0.0,-1.0
CALML5,0.689796,1.0,-1.0
CALML6,0.28299248,0.0,-1.0
CALN1,0.13486455,0.0,0.0
CALR,0.7398865,1.0,1.0
CALR3,0.055627055,0.0,-1.0
CALU,0.6190005,1.0,0.0
CALY,0.17553909,0.0,0.0
CAMK1,0.6707723,1.0,0.0
CAMK1D,0.3314463,0.0,0.0
CAMK1G,0.8180182,1.0,0.0
CAMK2A,0.6624321,1.0,-1.0
CAMK2B,0.7121901,1.0,-1.0
CAMK2D,0.8919165,1.0,-1.0
CAMK2G,0.87635547,1.0,-1.0
CAMK2N1,0.19997935,0.0,0.0
CAMK2N2,0.093632914,0.0,0.0
CAMK4,0.9002397,1.0,-1.0
CAMKK1,0.7769832,1.0,0.0
CAMKK2,0.73757625,1.0,-1.0
CAMKMT,0.33817598,0.0,0.0
CAMKV,0.7613982,1.0,0.0
CAMLG,0.18347706,0.0,0.0
CAMP,0.13965255,0.0,0.0
CAMSAP1,0.43909627,0.0,0.0
CAMSAP2,0.63840675,1.0,0.0
CAMSAP3,0.2923894,0.0,0.0
CAMTA1,0.4553435,0.0,1.0
CAMTA2,0.24605438,0.0,0.0
CAND1,0.5158449,1.0,0.0
CAND2,0.16778585,0.0,0.0
CANT1,0.12924606,0.0,1.0
CANX,0.5447584,1.0,-1.0
CAP1,0.6319332,1.0,0.0
CAP2,0.38078645,0.0,-1.0
CAPG,0.36934528,0.0,-1.0
CAPN1,0.4931412,0.0,0.0
CAPN10,0.08774402,0.0,-1.0
CAPN11,0.10412784,0.0,0.0
CAPN12,0.06455906,0.0,0.0
CAPN13,0.07094912,0.0,0.0
CAPN14,0.09807695,0.0,0.0
CAPN15,0.3069972,0.0,0.0
CAPN2,0.54243326,1.0,0.0
CAPN3,0.14002667,0.0,-1.0
CAPN5,0.22761002,0.0,0.0
CAPN6,0.3079104,0.0,0.0
CAPN7,0.30764502,0.0,0.0
CAPN8,0.06799572,0.0,0.0
CAPN9,0.1828929,0.0,0.0
CAPNS1,0.27270722,0.0,0.0
CAPNS2,0.12374704,0.0,0.0
CAPRIN1,0.4847207,0.0,0.0
CAPRIN2,0.21086586,0.0,0.0
CAPS,0.03780404,0.0,0.0
CAPS2,0.13708144,0.0,0.0
CAPSL,0.09293308,0.0,0.0
CAPZA1,0.6797628,1.0,0.0
CAPZA2,0.49486157,0.0,0.0
CAPZA3,0.08030588,0.0,0.0
CAPZB,0.7005943,1.0,0.0
CARD10,0.36001182,0.0,-1.0
CARD11,0.39849588,0.0,1.0
CARD14,0.33062142,0.0,-1.0
CARD16,0.1428449,0.0,0.0
CARD17,0.087273076,0.0,0.0
CARD18,0.05263185,0.0,0.0
CARD19,0.054476377,0.0,0.0
CARD6,0.17849177,0.0,-1.0
CARD8,0.6215902,1.0,-1.0
CARD9,0.30473986,0.0,-1.0
CARF,0.2177652,0.0,-1.0
CARHSP1,0.32621694,0.0,0.0
CARM1,0.6353716,1.0,-1.0
CARMIL1,0.20952174,0.0,0.0
CARMIL2,0.20019668,0.0,0.0
CARMIL3,2.4361174e-05,0.0,0.0
CARNMT1,0.23988393,0.0,0.0
CARNS1,0.09353059,0.0,-1.0
CARS1,0.30755734,0.0,1.0
CARS2,0.114309035,0.0,0.0
CARTPT,0.35612136,0.0,-1.0
CASC3,0.3308711,0.0,-1.0
CASD1,0.20647438,0.0,0.0
CASK,0.9100096,1.0,-1.0
CASKIN1,0.14999118,0.0,-1.0
CASKIN2,0.3823213,0.0,0.0
CASP1,0.830304,1.0,-1.0
CASP10,0.60662943,1.0,-1.0
CASP12,0.15832163,0.0,0.0
CASP14,0.02650962,0.0,0.0
CASP2,0.68757266,1.0,0.0
CASP3,0.96766084,1.0,1.0
CASP4,0.70665854,1.0,0.0
CASP5,0.30691496,0.0,0.0
CASP6,0.5760563,1.0,0.0
CASP7,0.7333625,1.0,-1.0
CASP8,0.8924264,1.0,1.0
CASP8AP2,0.345134,0.0,-1.0
CASP9,0.7384568,1.0,1.0
CASQ1,0.12619565,0.0,0.0
CASQ2,0.06397526,0.0,0.0
CASR,0.34700572,0.0,-1.0
CASS4,0.22189333,0.0,0.0
CAST,0.5126876,1.0,-1.0
CASTOR1,0.1971531,0.0,0.0
CASTOR2,0.20602554,0.0,0.0
CASTOR3,0.13168363,0.0,-1.0
CASZ1,0.36451197,0.0,-1.0
CAT,0.81368405,1.0,-1.0
CATIP,0.123691075,0.0,-1.0
CATSPER1,0.004107875,0.0,-1.0
CATSPER2,0.04305602,0.0,-1.0
CATSPER3,0.064662196,0.0,0.0
CATSPER4,0.116653435,0.0,0.0
CATSPERB,0.091959134,0.0,0.0
CATSPERD,0.06173275,0.0,0.0
CATSPERE,0.048205797,0.0,0.0
CATSPERG,0.14124691,0.0,0.0
CATSPERZ,0.20975971,0.0,0.0
CAV1,0.9650837,1.0,-1.0
CAV2,0.69507253,1.0,-1.0
CAV3,0.25482887,0.0,-1.0
CAVIN1,0.8027735,1.0,-1.0
CAVIN2,0.30023685,0.0,0.0
CAVIN3,0.5106686,1.0,-1.0
CAVIN4,0.031871814,0.0,-1.0
CBARP,0.28839827,0.0,-1.0
CBFA2T2,0.52278924,1.0,0.0
CBFA2T3,0.44753054,0.0,1.0
CBFB,0.6705514,1.0,1.0
CBL,0.9572438,1.0,1.0
CBLB,0.7753015,1.0,1.0
CBLC,0.5733358,1.0,1.0
CBLIF,0.14978467,0.0,0.0
CBLL1,0.35454154,0.0,0.0
CBLL2,0.065649725,0.0,0.0
CBLN1,0.19838233,0.0,0.0
CBLN2,0.04356939,0.0,0.0
CBLN3,0.028888507,0.0,0.0
CBLN4,0.048224658,0.0,0.0
CBR1,0.26936236,0.0,0.0
CBR3,0.12541673,0.0,0.0
CBR4,0.17259917,0.0,0.0
CBS,0.53220475,1.0,-1.0
CBSL,0.20300409,0.0,0.0
CBWD1,0.23900157,0.0,0.0
CBWD2,0.20661439,0.0,0.0
CBWD3,0.112591356,0.0,-1.0
CBWD5,0.15898778,0.0,0.0
CBWD6,0.19464268,0.0,0.0
CBX1,0.63660455,1.0,0.0
CBX2,0.2407279,0.0,-1.0
CBX3,0.7002094,1.0,0.0
CBX4,0.65571034,1.0,-1.0
CBX5,0.79801875,1.0,0.0
CBX6,0.68599045,1.0,-1.0
CBX7,0.38716272,0.0,-1.0
CBX8,0.47237888,0.0,0.0
CBY1,0.17144495,0.0,0.0
CBY2,0.13131966,0.0,0.0
CC2D1A,0.33574575,0.0,-1.0
CC2D1B,0.14301887,0.0,0.0
CC2D2A,0.32087287,0.0,0.0
CC2D2B,0.041558508,0.0,0.0
CCAR1,0.4340137,0.0,-1.0
CCAR2,0.5925102,1.0,-1.0
CCBE1,0.16211888,0.0,0.0
CCDC102A,0.21299537,0.0,-1.0
CCDC102B,0.19832712,0.0,-1.0
CCDC103,0.06549676,0.0,0.0
CCDC105,0.053115793,0.0,0.0
CCDC106,0.12372321,0.0,0.0
CCDC107,0.10474755,0.0,-1.0
CCDC110,0.050097104,0.0,0.0
CCDC112,0.12513612,0.0,0.0
CCDC113,0.12114087,0.0,0.0
CCDC115,0.11698543,0.0,0.0
CCDC116,0.061495192,0.0,0.0
CCDC117,0.18349199,0.0,0.0
CCDC12,0.11859455,0.0,0.0
CCDC120,0.12774098,0.0,-1.0
CCDC121,0.10296205,0.0,-1.0
CCDC122,0.10645521,0.0,-1.0
CCDC124,0.1233463,0.0,-1.0
CCDC125,0.04413506,0.0,0.0
CCDC126,0.089558125,0.0,0.0
CCDC127,0.09776496,0.0,0.0
CCDC13,0.13950819,0.0,0.0
CCDC134,0.16792484,0.0,0.0
CCDC136,0.15607393,0.0,0.0
CCDC137,0.12350344,0.0,0.0
CCDC138,0.31462434,0.0,0.0
CCDC14,0.36068428,0.0,0.0
CCDC140,0.122030236,0.0,0.0
CCDC141,0.016608164,0.0,0.0
CCDC142,0.14131382,0.0,0.0
CCDC144A,0.1252768,0.0,0.0
CCDC144NL,1.8676782e-09,0.0,0.0
CCDC146,0.30295485,0.0,0.0
CCDC148,0.15275297,0.0,0.0
CCDC149,0.18785822,0.0,0.0
CCDC15,0.27620658,0.0,0.0
CCDC150,0.10333152,0.0,0.0
CCDC153,0.052735012,0.0,0.0
CCDC154,0.036135677,0.0,0.0
CCDC157,0.06277503,0.0,0.0
CCDC158,0.088573985,0.0,0.0
CCDC159,0.0027056772,0.0,0.0
CCDC160,2.2026048e-05,0.0,0.0
CCDC167,0.07902561,0.0,0.0
CCDC168,0.054999437,0.0,-1.0
CCDC169,0.08783775,0.0,0.0
CCDC169-SOHLH2,0.024459153,0.0,0.0
CCDC17,0.008084081,0.0,0.0
CCDC170,0.13354245,0.0,0.0
CCDC171,0.0072319456,0.0,0.0
CCDC172,0.07828765,0.0,0.0
CCDC174,0.16602461,0.0,0.0
CCDC177,0.014629315,0.0,0.0
CCDC179,0.07559036,0.0,0.0
CCDC18,0.28084245,0.0,0.0
CCDC181,0.19076036,0.0,0.0
CCDC183,0.14525695,0.0,0.0
CCDC184,0.10091894,0.0,0.0
CCDC185,0.0791589,0.0,0.0
CCDC186,0.4213408,0.0,0.0
CCDC187,0.19614343,0.0,0.0
CCDC190,0.019705316,0.0,0.0
CCDC191,0.13065122,0.0,0.0
CCDC196,0.068885244,0.0,0.0
CCDC197,0.058209304,0.0,0.0
CCDC198,0.16517578,0.0,0.0
CCDC22,0.22604467,0.0,0.0
CCDC24,0.013458832,0.0,0.0
CCDC25,0.14745921,0.0,0.0
CCDC26,0.13325423,0.0,0.0
CCDC27,0.07112919,0.0,0.0
CCDC28A,0.11119598,0.0,-1.0
CCDC28B,0.10653366,0.0,0.0
CCDC3,0.007213427,0.0,0.0
CCDC30,0.08560445,0.0,0.0
CCDC32,0.24337469,0.0,0.0
CCDC33,0.2732033,0.0,0.0
CCDC34,0.25328144,0.0,0.0
CCDC38,0.026900407,0.0,-1.0
CCDC39,0.060192384,0.0,-1.0
CCDC40,0.20739444,0.0,-1.0
CCDC42,0.045698874,0.0,0.0
CCDC43,0.13154842,0.0,0.0
CCDC47,0.20742078,0.0,0.0
CCDC50,0.26458552,0.0,0.0
CCDC51,0.089413434,0.0,0.0
CCDC54,0.045013152,0.0,0.0
CCDC57,0.01956167,0.0,0.0
CCDC59,0.15866323,0.0,0.0
CCDC6,0.60856557,1.0,1.0
CCDC60,0.06548845,0.0,0.0
CCDC61,0.16449057,0.0,-1.0
CCDC62,0.06863094,0.0,0.0
CCDC63,0.046092812,0.0,-1.0
CCDC65,0.11481344,0.0,0.0
CCDC66,0.2858856,0.0,-1.0
CCDC68,0.16438958,0.0,0.0
CCDC69,0.10186995,0.0,0.0
CCDC7,0.089245714,0.0,0.0
CCDC70,0.06923768,0.0,0.0
CCDC71,0.19035497,0.0,0.0
CCDC71L,0.027325,0.0,0.0
CCDC73,0.34295997,0.0,0.0
CCDC74A,0.020747973,0.0,0.0
CCDC74B,0.13402772,0.0,0.0
CCDC77,0.49716258,0.0,-1.0
CCDC78,0.00018745445,0.0,0.0
CCDC8,0.6965816,1.0,0.0
CCDC80,0.36286214,0.0,0.0
CCDC81,0.082883425,0.0,-1.0
CCDC82,0.16706318,0.0,0.0
CCDC83,0.054703064,0.0,0.0
CCDC85A,0.014520322,0.0,0.0
CCDC85B,0.2989783,0.0,0.0
CCDC85C,0.19790526,0.0,0.0
CCDC86,0.14408793,0.0,0.0
CCDC87,0.08012042,0.0,0.0
CCDC88A,0.56690866,1.0,-1.0
CCDC88B,0.15182444,0.0,0.0
CCDC88C,0.22913939,0.0,0.0
CCDC89,0.05334281,0.0,0.0
CCDC9,0.4530091,0.0,-1.0
CCDC90B,0.09270114,0.0,0.0
CCDC91,0.1803056,0.0,0.0
CCDC92,0.18909939,0.0,0.0
CCDC93,0.52481496,1.0,0.0
CCDC96,0.0029849468,0.0,0.0
CCDC97,0.18912393,0.0,0.0
CCDC9B,0.08890372,0.0,0.0
CCER1,0.05987149,0.0,-1.0
CCHCR1,0.4547594,0.0,-1.0
CCIN,0.05924203,0.0,0.0
CCK,0.38576663,0.0,-1.0
CCKAR,0.29937348,0.0,0.0
CCKBR,0.31529397,0.0,-1.0
CCL1,0.32165378,0.0,0.0
CCL11,0.5767106,1.0,0.0
CCL13,0.29659075,0.0,0.0
CCL14,0.079180285,0.0,0.0
CCL15,0.01787211,0.0,0.0
CCL16,0.17921443,0.0,0.0
CCL17,0.30930594,0.0,0.0
CCL18,0.27513367,0.0,0.0
CCL19,0.46193188,0.0,0.0
CCL2,0.8810629,1.0,0.0
CCL20,0.5559602,1.0,0.0
CCL21,0.35864106,0.0,0.0
CCL22,0.3692262,0.0,0.0
CCL23,0.17410395,0.0,0.0
CCL24,0.15147796,0.0,0.0
CCL25,0.2778327,0.0,0.0
CCL26,0.18210794,0.0,-1.0
CCL27,0.23566307,0.0,0.0
CCL28,0.18518683,0.0,0.0
CCL3,0.33893278,0.0,-1.0
CCL3L1,0.13454805,0.0,0.0
CCL3L3,0.12182959,0.0,0.0
CCL4,0.28412682,0.0,0.0
CCL4L1,0.13265376,0.0,0.0
CCL4L2,0.07491231,0.0,0.0
CCL5,0.5818388,1.0,0.0
CCL7,0.49154863,0.0,-1.0
CCL8,0.38405812,0.0,0.0
CCM2,0.3224689,0.0,-1.0
CCM2L,0.058754694,0.0,0.0
CCN1,0.84980726,1.0,-1.0
CCN2,0.8828906,1.0,-1.0
CCN3,0.21037072,0.0,-1.0
CCN4,0.3212444,0.0,0.0
CCN5,0.30659822,0.0,-1.0
CCN6,0.15509804,0.0,-1.0
CCNA1,0.8194749,1.0,-1.0
CCNA2,0.7685357,1.0,-1.0
CCNB1,0.7878174,1.0,-1.0
CCNB1IP1,0.114468075,0.0,1.0
CCNB2,0.8226561,1.0,-1.0
CCNB3,0.32445812,0.0,1.0
CCNC,0.60119647,1.0,1.0
CCND1,0.97418004,1.0,1.0
CCND2,0.9230268,1.0,1.0
CCND3,0.83156717,1.0,1.0
CCNDBP1,0.15571278,0.0,0.0
CCNE1,0.82540226,1.0,1.0
CCNE2,0.71354556,1.0,-1.0
CCNF,0.53427625,1.0,-1.0
CCNG1,0.43999204,0.0,-1.0
CCNG2,0.7882443,1.0,0.0
CCNH,0.36897436,0.0,-1.0
CCNI,0.52147484,1.0,-1.0
CCNI2,0.17916985,0.0,0.0
CCNJ,0.243459,0.0,0.0
CCNJL,0.118450165,0.0,0.0
CCNK,0.4650198,0.0,0.0
CCNL1,0.4774956,0.0,-1.0
CCNL2,0.3924357,0.0,0.0
CCNO,0.44317076,0.0,0.0
CCNP,0.44358712,0.0,0.0
CCNQ,0.12768787,0.0,1.0
CCNT1,0.61771804,1.0,-1.0
CCNT2,0.6364973,1.0,-1.0
CCNY,0.29524773,0.0,-1.0
CCNYL1,0.2659693,0.0,0.0
CCP110,0.58923566,1.0,-1.0
CCPG1,0.17439947,0.0,0.0
CCR1,0.5575429,1.0,-1.0
CCR10,0.21187413,0.0,0.0
CCR2,0.4384462,0.0,-1.0
CCR3,0.26740837,0.0,0.0
CCR4,0.32740542,0.0,1.0
CCR5,0.58939075,1.0,-1.0
CCR6,0.16464828,0.0,0.0
CCR7,0.65167224,1.0,1.0
CCR8,0.2635844,0.0,0.0
CCR9,0.382655,0.0,-1.0
CCRL2,0.2485902,0.0,0.0
CCS,0.104723245,0.0,0.0
CCSAP,0.000356502,0.0,0.0
CCSER1,0.004378271,0.0,-1.0
CCSER2,0.4487752,0.0,0.0
CCT2,0.34617588,0.0,0.0
CCT3,0.31582174,0.0,0.0
CCT4,0.38014787,0.0,0.0
CCT5,0.3785084,0.0,-1.0
CCT6A,0.40892866,0.0,0.0
CCT6B,0.32146645,0.0,-1.0
CCT6P1,0.011203575,0.0,0.0
CCT7,0.21677138,0.0,0.0
CCT8,0.53902006,1.0,0.0
CCT8L2,0.08076033,0.0,-1.0
CCZ1,0.30813676,0.0,0.0
CCZ1B,0.24388275,0.0,0.0
CD101,0.16126667,0.0,0.0
CD109,0.24916591,0.0,-1.0
CD14,0.6702322,1.0,-1.0
CD151,0.35985783,0.0,-1.0
CD160,0.17008989,0.0,0.0
CD163,0.51970613,1.0,0.0
CD163L1,0.107124105,0.0,-1.0
CD164,0.27930796,0.0,0.0
CD164L2,0.047140036,0.0,0.0
CD177,0.04920589,0.0,0.0
CD180,0.6716337,1.0,0.0
CD19,0.76520216,1.0,-1.0
CD1A,0.35908306,0.0,-1.0
CD1B,0.25271705,0.0,-1.0
CD1C,0.43683818,0.0,0.0
CD1D,0.50907993,1.0,-1.0
CD1E,0.20455195,0.0,0.0
CD2,0.70418334,1.0,-1.0
CD200,0.4444594,0.0,-1.0
CD200R1,0.07818745,0.0,0.0
CD200R1L,0.008844053,0.0,0.0
CD207,0.15446365,0.0,0.0
CD209,0.30313435,0.0,1.0
CD22,0.4792051,0.0,-1.0
CD226,0.34449452,0.0,0.0
CD24,0.359158,0.0,-1.0
CD244,0.32396272,0.0,0.0
CD247,0.6661095,1.0,-1.0
CD248,0.34127808,0.0,-1.0
CD27,0.6305785,1.0,0.0
CD274,0.46837062,0.0,1.0
CD276,0.24238461,0.0,1.0
CD28,0.7621265,1.0,1.0
CD2AP,0.6585736,1.0,-1.0
CD2BP2,0.20331857,0.0,-1.0
CD300A,0.1486787,0.0,0.0
CD300C,0.22942121,0.0,0.0
CD300E,0.007574742,0.0,-1.0
CD300LB,0.00019243216,0.0,0.0
CD300LD,3.5236886e-11,0.0,0.0
CD300LD-AS1,0.015796218,0.0,0.0
CD300LF,0.004994681,0.0,0.0
CD300LG,0.0031534953,0.0,0.0
CD302,0.3708665,0.0,0.0
CD320,0.09993887,0.0,0.0
CD33,0.46164343,0.0,0.0
CD34,0.7880782,1.0,0.0
CD36,0.6254042,1.0,-1.0
CD37,0.45182022,0.0,0.0
CD38,0.6046341,1.0,-1.0
CD3D,0.82430494,1.0,-1.0
CD3E,0.7177634,1.0,-1.0
CD3G,0.77907336,1.0,-1.0
CD4,0.8132887,1.0,-1.0
CD40,0.81978524,1.0,-1.0
CD40LG,0.8119312,1.0,-1.0
CD44,0.9598455,1.0,-1.0
CD46,0.3532323,0.0,-1.0
CD47,0.65141535,1.0,0.0
CD48,0.7073195,1.0,-1.0
CD5,0.50780666,1.0,0.0
CD52,0.4892165,0.0,-1.0
CD53,0.5165983,1.0,-1.0
CD55,0.76789284,1.0,-1.0
CD58,0.48867056,0.0,1.0
CD59,0.776753,1.0,-1.0
CD5L,0.20040253,0.0,0.0
CD6,0.47380093,0.0,-1.0
CD63,0.49466866,0.0,-1.0
CD68,0.5420774,1.0,0.0
CD69,0.69975185,1.0,-1.0
CD7,0.4707614,0.0,0.0
CD70,0.34097946,0.0,-1.0
CD72,0.33875945,0.0,0.0
CD74,0.5375888,1.0,1.0
CD79A,0.5286013,1.0,1.0
CD79B,0.6574406,1.0,1.0
CD80,0.793187,1.0,-1.0
CD81,0.6142671,1.0,-1.0
CD82,0.6536593,1.0,-1.0
CD83,0.67569596,1.0,-1.0
CD84,0.45600316,0.0,0.0
CD86,0.80807155,1.0,-1.0
CD8A,0.6854956,1.0,-1.0
CD8B,0.47573507,0.0,-1.0
CD9,0.27965885,0.0,-1.0
CD93,0.5548706,1.0,0.0
CD96,0.36815423,0.0,0.0
CD99,0.50443596,1.0,0.0
CD99L2,0.17026263,0.0,0.0
CDA,0.27903357,0.0,-1.0
CDADC1,0.11673291,0.0,0.0
CDAN1,0.09691894,0.0,-1.0
CDC123,0.1963604,0.0,0.0
CDC14A,0.90531784,1.0,0.0
CDC14B,0.8328768,1.0,0.0
CDC16,0.46492928,0.0,0.0
CDC20,0.70455456,1.0,-1.0
CDC20B,0.23837915,0.0,0.0
CDC23,0.34051073,0.0,-1.0
CDC25A,0.88411784,1.0,-1.0
CDC25B,0.89059556,1.0,-1.0
CDC25C,0.8751719,1.0,-1.0
CDC26,0.36748672,0.0,0.0
CDC27,0.8054216,1.0,-1.0
CDC34,0.27381063,0.0,-1.0
CDC37,0.70050204,1.0,-1.0
CDC37L1,0.17949618,0.0,-1.0
CDC40,0.36806536,0.0,0.0
CDC42,0.94056076,1.0,1.0
CDC42BPA,0.49781922,0.0,0.0
CDC42BPB,0.63891894,1.0,-1.0
CDC42BPG,0.27608985,0.0,-1.0
CDC42EP1,0.42276987,0.0,-1.0
CDC42EP2,0.20379059,0.0,0.0
CDC42EP3,0.46732935,0.0,0.0
CDC42EP4,0.24276116,0.0,0.0
CDC42EP5,0.14612345,0.0,0.0
CDC42SE1,0.25384814,0.0,0.0
CDC42SE2,0.244152,0.0,0.0
CDC45,0.784913,1.0,-1.0
CDC5L,0.7625435,1.0,-1.0
CDC6,0.6773943,1.0,-1.0
CDC7,0.7691427,1.0,-1.0
CDC73,0.5468884,1.0,1.0
CDCA2,0.47063917,0.0,0.0
CDCA3,0.50384456,1.0,0.0
CDCA4,0.5145859,1.0,0.0
CDCA5,0.5468986,1.0,-1.0
CDCA7,0.62435955,1.0,0.0
CDCA7L,0.53697246,1.0,0.0
CDCA8,0.62132436,1.0,0.0
CDCP1,0.17920966,0.0,-1.0
CDCP2,6.9629977e-09,0.0,0.0
CDH1,0.9714642,1.0,1.0
CDH10,0.47027916,0.0,1.0
CDH11,0.8237258,1.0,1.0
CDH12,0.39969745,0.0,-1.0
CDH13,0.670032,1.0,-1.0
CDH15,0.41995105,0.0,-1.0
CDH16,0.18156996,0.0,0.0
CDH17,0.5552459,1.0,1.0
CDH18,0.49627805,0.0,-1.0
CDH19,0.31084374,0.0,-1.0
CDH2,0.8940478,1.0,-1.0
CDH20,0.31419256,0.0,-1.0
CDH22,0.37105843,0.0,0.0
CDH23,0.55168366,1.0,-1.0
CDH24,0.36816072,0.0,-1.0
CDH26,0.29576635,0.0,0.0
CDH3,0.71259147,1.0,-1.0
CDH4,0.48758093,0.0,0.0
CDH5,0.80791205,1.0,0.0
CDH6,0.5222789,1.0,-1.0
CDH7,0.39011204,0.0,0.0
CDH8,0.49447107,0.0,-1.0
CDH9,0.42174995,0.0,-1.0
CDHR1,0.38570288,0.0,-1.0
CDHR2,0.2591731,0.0,-1.0
CDHR3,0.30371222,0.0,-1.0
CDHR4,1.7306655e-07,0.0,-1.0
CDHR5,0.10988423,0.0,0.0
CDIN1,0.1550658,0.0,0.0
CDIP1,0.1499249,0.0,0.0
CDIPT,0.23601182,0.0,0.0
CDK1,0.93497354,1.0,-1.0
CDK10,0.3566471,0.0,0.0
CDK11A,0.5946521,1.0,-1.0
CDK11B,0.4475354,0.0,-1.0
CDK12,0.7657512,1.0,1.0
CDK13,0.88769066,1.0,-1.0
CDK14,0.8694045,1.0,-1.0
CDK15,0.71763575,1.0,0.0
CDK16,0.7846884,1.0,-1.0
CDK17,0.8856032,1.0,0.0
CDK18,0.79774255,1.0,-1.0
CDK19,0.70061076,1.0,0.0
CDK2,0.9610072,1.0,-1.0
CDK20,0.51922363,1.0,-1.0
CDK2AP1,0.32981738,0.0,-1.0
CDK2AP2,0.098773755,0.0,0.0
CDK3,0.8997296,1.0,0.0
CDK4,0.7938387,1.0,1.0
CDK5,0.8166964,1.0,-1.0
CDK5R1,0.71728873,1.0,-1.0
CDK5R2,0.30290675,0.0,0.0
CDK5RAP1,0.11450379,0.0,0.0
CDK5RAP2,0.42577806,0.0,0.0
CDK5RAP3,0.2196255,0.0,0.0
CDK6,0.9529089,1.0,1.0
CDK7,0.6010099,1.0,-1.0
CDK8,0.8166614,1.0,1.0
CDK9,0.8774453,1.0,-1.0
CDKAL1,0.21750712,0.0,-1.0
CDKL1,0.43000013,0.0,0.0
CDKL2,0.45898834,0.0,-1.0
CDKL3,0.15408072,0.0,0.0
CDKL4,0.31479582,0.0,0.0
CDKL5,0.6254544,1.0,-1.0
CDKN1A,0.9685711,1.0,1.0
CDKN1B,0.86354357,1.0,1.0
CDKN1C,0.86538756,1.0,-1.0
CDKN2A,0.7857759,1.0,1.0
CDKN2AIP,0.28530216,0.0,-1.0
CDKN2AIPNL,0.17770807,0.0,0.0
CDKN2B,0.70387214,1.0,1.0
CDKN2C,0.826444,1.0,1.0
CDKN2D,0.6337484,1.0,-1.0
CDKN3,0.78725654,1.0,-1.0
CDNF,0.13149914,0.0,0.0
CDO1,0.15668488,0.0,0.0
CDON,0.38012537,0.0,-1.0
CDPF1,0.100516744,0.0,0.0
CDR1,0.14616323,0.0,0.0
CDR2,0.32467437,0.0,0.0
CDR2L,0.1850605,0.0,0.0
CDRT15,0.056349475,0.0,0.0
CDRT15L2,0.031415593,0.0,0.0
CDRT15P3,0.09570035,0.0,0.0
CDRT4,0.00043686756,0.0,0.0
CDS1,0.17046946,0.0,0.0
CDS2,0.09581379,0.0,0.0
CDSN,0.07005634,0.0,-1.0
CDT1,0.619472,1.0,-1.0
CDV3,0.24638745,0.0,0.0
CDX1,0.40551856,0.0,0.0
CDX2,0.6567544,1.0,1.0
CDX4,0.30370545,0.0,-1.0
CDY1,0.2115644,0.0,0.0
CDY1B,0.1730603,0.0,0.0
CDY2A,0.13145553,0.0,0.0
CDY2B,0.14074579,0.0,0.0
CDYL,0.5447302,1.0,-1.0
CDYL2,0.17877989,0.0,0.0
CEACAM1,0.3035021,0.0,-1.0
CEACAM16,0.010072998,0.0,0.0
CEACAM19,0.021962272,0.0,0.0
CEACAM21,0.19701824,0.0,-1.0
CEACAM3,0.109839536,0.0,0.0
CEACAM4,0.022883184,0.0,0.0
CEACAM5,0.25075835,0.0,-1.0
CEACAM6,0.20096263,0.0,0.0
CEACAM7,0.047774687,0.0,-1.0
CEACAM8,0.14699343,0.0,0.0
CEBPA,0.90432566,1.0,1.0
CEBPB,0.9370445,1.0,-1.0
CEBPD,0.8935734,1.0,0.0
CEBPE,0.42814216,0.0,-1.0
CEBPG,0.3299673,0.0,0.0
CEBPZ,0.3370526,0.0,-1.0
CECR2,0.2628556,0.0,0.0
CEL,0.103940815,0.0,-1.0
CELA1,0.08940665,0.0,-1.0
CELA2A,0.05171062,0.0,0.0
CELA2B,0.18551844,0.0,0.0
CELA3A,0.088342525,0.0,0.0
CELA3B,0.06052727,0.0,0.0
CELF1,0.5660721,1.0,-1.0
CELF2,0.65505886,1.0,-1.0
CELF3,0.41407076,0.0,0.0
CELF4,0.29276258,0.0,-1.0
CELF5,0.110564806,0.0,0.0
CELF6,0.14295644,0.0,0.0
CELSR1,0.48084068,0.0,0.0
CELSR2,0.62774163,1.0,0.0
CELSR3,0.5492663,1.0,0.0
CEMIP,0.3678568,0.0,-1.0
CEMIP2,0.34291032,0.0,0.0
CEMP1,0.0071182367,0.0,0.0
CENATAC,0.12422797,0.0,0.0
CEND1,0.22056682,0.0,0.0
CENPA,0.7058535,1.0,-1.0
CENPB,0.4504848,0.0,0.0
CENPBD1P,0.16252731,0.0,0.0
CENPC,0.699517,1.0,-1.0
CENPE,0.74569684,1.0,0.0
CENPF,0.7196378,1.0,-1.0
CENPH,0.5977786,1.0,0.0
CENPI,0.63102806,1.0,0.0
CENPJ,0.5803757,1.0,-1.0
CENPK,0.58561796,1.0,0.0
CENPL,0.55538744,1.0,0.0
CENPM,0.5033231,1.0,0.0
CENPN,0.5669425,1.0,0.0
CENPO,0.6131564,1.0,0.0
CENPP,0.4844163,0.0,0.0
CENPQ,0.53956944,1.0,0.0
CENPS,0.545791,1.0,0.0
CENPS-CORT,0.13650589,0.0,0.0
CENPT,0.40788883,0.0,0.0
CENPU,0.558626,1.0,0.0
CENPV,0.33091643,0.0,0.0
CENPW,0.4272904,0.0,-1.0
CENPX,0.10340971,0.0,0.0
CEP104,0.22011897,0.0,0.0
CEP112,0.18782325,0.0,0.0
CEP120,0.4270914,0.0,0.0
CEP126,0.19878314,0.0,0.0
CEP128,0.53095794,1.0,0.0
CEP131,0.44654307,0.0,0.0
CEP135,0.6503586,1.0,0.0
CEP152,0.6363263,1.0,-1.0
CEP162,0.5591896,1.0,0.0
CEP164,0.37281263,0.0,0.0
CEP170,0.7851363,1.0,-1.0
CEP170B,0.48576608,0.0,0.0
CEP170P1,0.22857922,0.0,0.0
CEP19,0.1991928,0.0,-1.0
CEP192,0.5262935,1.0,-1.0
CEP20,0.21937512,0.0,0.0
CEP250,0.5236746,1.0,0.0
CEP290,0.55485874,1.0,-1.0
CEP295,0.33832598,0.0,0.0
CEP295NL,7.5609177e-07,0.0,0.0
CEP350,0.7360029,1.0,0.0
CEP41,0.33681867,0.0,0.0
CEP43,0.6707983,1.0,1.0
CEP44,0.6255172,1.0,0.0
CEP55,0.5016131,1.0,0.0
CEP57,0.4951553,0.0,-1.0
CEP57L1,0.19596419,0.0,0.0
CEP63,0.4247454,0.0,0.0
CEP68,0.4076913,0.0,0.0
CEP70,0.38929027,0.0,0.0
CEP72,0.48392382,0.0,-1.0
CEP76,0.3067401,0.0,-1.0
CEP78,0.49569696,0.0,0.0
CEP83,0.41985154,0.0,-1.0
CEP85,0.46177626,0.0,0.0
CEP85L,0.35999668,0.0,0.0
CEP89,0.41156623,0.0,-1.0
CEP95,0.2755877,0.0,0.0
CEP97,0.73814404,1.0,0.0
CEPT1,0.10674346,0.0,0.0
CER1,0.35154966,0.0,-1.0
CERCAM,0.04894985,0.0,0.0
CERK,0.05518171,0.0,-1.0
CERKL,0.105665274,0.0,-1.0
CERS1,0.09055386,0.0,0.0
CERS2,0.107685864,0.0,0.0
CERS3,0.033327077,0.0,-1.0
CERS4,0.04308335,0.0,0.0
CERS5,0.031834863,0.0,0.0
CERS6,0.15640785,0.0,0.0
CERT1,0.3345304,0.0,0.0
CES1,0.2312886,0.0,0.0
CES1P1,0.05801148,0.0,0.0
CES2,0.10803751,0.0,0.0
CES3,0.08230849,0.0,0.0
CES4A,0.03835756,0.0,0.0
CES5A,0.043853648,0.0,0.0
CETN1,0.39753845,0.0,0.0
CETN2,0.46320426,0.0,0.0
CETN3,0.34366375,0.0,-1.0
CETP,0.13894115,0.0,-1.0
CFAP100,0.0819216,0.0,0.0
CFAP107,3.1821445e-10,0.0,0.0
CFAP119,0.05508987,0.0,0.0
CFAP126,0.04582389,0.0,-1.0
CFAP141,2.418045e-05,0.0,0.0
CFAP157,0.01511619,0.0,0.0
CFAP161,0.07770612,0.0,0.0
CFAP20,0.26128983,0.0,-1.0
CFAP206,0.0664708,0.0,0.0
CFAP20DC,0.11699652,0.0,0.0
CFAP210,0.053583417,0.0,0.0
CFAP251,0.091859646,0.0,0.0
CFAP276,0.05727868,0.0,-1.0
CFAP298,0.22809492,0.0,0.0
CFAP298-TCP10L,0.038169995,0.0,0.0
CFAP299,0.044134676,0.0,0.0
CFAP300,0.07177791,0.0,0.0
CFAP36,0.15310454,0.0,0.0
CFAP410,0.28788882,0.0,0.0
CFAP418,0.022517236,0.0,0.0
CFAP43,0.12498713,0.0,0.0
CFAP44,0.24407147,0.0,0.0
CFAP45,0.083734974,0.0,-1.0
CFAP46,0.09317744,0.0,0.0
CFAP47,0.1514657,0.0,-1.0
CFAP52,0.067110956,0.0,0.0
CFAP53,0.07096547,0.0,0.0
CFAP54,0.61413586,1.0,-1.0
CFAP57,0.097719274,0.0,0.0
CFAP58,0.1339185,0.0,0.0
CFAP61,0.2184749,0.0,0.0
CFAP65,0.032811858,0.0,0.0
CFAP69,0.42499244,0.0,0.0
CFAP70,0.037241034,0.0,-1.0
CFAP73,0.08146662,0.0,0.0
CFAP74,0.20897059,0.0,-1.0
CFAP77,0.35521635,0.0,0.0
CFAP91,0.11831225,0.0,0.0
CFAP92,0.0854455,0.0,0.0
CFAP95,0.20946842,0.0,0.0
CFAP97,0.22780302,0.0,0.0
CFAP97D1,0.041026205,0.0,0.0
CFB,0.47569638,0.0,-1.0
CFC1,0.14765677,0.0,-1.0
CFC1B,0.012389781,0.0,0.0
CFD,0.41086078,0.0,-1.0
CFDP1,0.22707096,0.0,0.0
CFH,0.59024745,1.0,-1.0
CFHR1,0.1370724,0.0,0.0
CFHR2,0.12188202,0.0,-1.0
CFHR3,0.091381826,0.0,0.0
CFHR4,0.15154533,0.0,0.0
CFHR5,0.103603505,0.0,-1.0
CFI,0.39325145,0.0,-1.0
CFL1,0.8418985,1.0,0.0
CFL2,0.66980237,1.0,-1.0
CFLAR,0.89272887,1.0,-1.0
CFP,0.3610486,0.0,-1.0
CFTR,0.86106116,1.0,-1.0
CGA,0.2869054,0.0,0.0
CGAS,0.14371806,0.0,0.0
CGB1,5.7225072e-05,0.0,0.0
CGB2,0.0018547069,0.0,-1.0
CGB3,0.001681759,0.0,0.0
CGB5,0.010212124,0.0,-1.0
CGB7,0.21411836,0.0,0.0
CGB8,0.057706792,0.0,0.0
CGGBP1,0.30315563,0.0,0.0
CGN,0.5651945,1.0,0.0
CGNL1,0.06968455,0.0,-1.0
CGREF1,0.104896724,0.0,0.0
CGRRF1,0.107812,0.0,0.0
CH25H,0.3609347,0.0,0.0
CHAC1,0.1385984,0.0,0.0
CHAC2,0.23019128,0.0,0.0
CHAD,0.35327837,0.0,0.0
CHADL,0.16126136,0.0,0.0
CHAF1A,0.68863946,1.0,0.0
CHAF1B,0.654298,1.0,-1.0
CHAMP1,0.2814115,0.0,0.0
CHAT,0.27920792,0.0,-1.0
CHCHD1,0.024154728,0.0,0.0
CHCHD10,0.07723387,0.0,0.0
CHCHD2,0.035483874,0.0,0.0
CHCHD2P9,0.10045311,0.0,0.0
CHCHD3,0.15363841,0.0,0.0
CHCHD4,0.05830415,0.0,0.0
CHCHD5,0.13178149,0.0,0.0
CHCHD6,0.094200134,0.0,0.0
CHCHD7,0.09993221,0.0,1.0
CHD1,0.8074321,1.0,-1.0
CHD1L,0.59870225,1.0,0.0
CHD2,0.9155446,1.0,1.0
CHD3,0.82757545,1.0,-1.0
CHD4,0.8690392,1.0,1.0
CHD5,0.5672184,1.0,-1.0
CHD6,0.54133815,1.0,-1.0
CHD7,0.72376144,1.0,-1.0
CHD8,0.77224684,1.0,-1.0
CHD9,0.8376512,1.0,-1.0
CHDH,0.041482687,0.0,-1.0
CHEK1,0.8617077,1.0,1.0
CHEK2,0.8856324,1.0,1.0
CHERP,0.34148672,0.0,0.0
CHFR,0.43078202,0.0,-1.0
CHGA,0.40356478,0.0,-1.0
CHGB,0.38726544,0.0,0.0
CHI3L1,0.38776547,0.0,0.0
CHI3L2,0.36999443,0.0,0.0
CHIA,0.16212456,0.0,0.0
CHIC1,0.18444225,0.0,0.0
CHIC2,0.14985715,0.0,-1.0
CHID1,0.08817588,0.0,0.0
CHIT1,0.17047141,0.0,0.0
CHKA,0.19490018,0.0,-1.0
CHKB,0.41543412,0.0,-1.0
CHKB-CPT1B,0.00043361683,0.0,0.0
CHL1,0.49641544,0.0,-1.0
CHM,0.40408596,0.0,-1.0
CHML,0.28155383,0.0,0.0
CHMP1A,0.1547382,0.0,0.0
CHMP1B,0.24831264,0.0,0.0
CHMP2A,0.046059377,0.0,0.0
CHMP2B,0.14009629,0.0,-1.0
CHMP3,0.16725309,0.0,0.0
CHMP4A,0.07439103,0.0,0.0
CHMP4B,0.41217804,0.0,0.0
CHMP4C,0.1576437,0.0,0.0
CHMP5,0.10466847,0.0,0.0
CHMP6,0.0920389,0.0,0.0
CHMP7,0.25014547,0.0,0.0
CHN1,0.6322519,1.0,-1.0
CHN2,0.6702792,1.0,0.0
CHODL,0.065250956,0.0,0.0
CHORDC1,0.31416187,0.0,0.0
CHP1,0.37039617,0.0,0.0
CHP2,0.35067102,0.0,0.0
CHPF,0.20539273,0.0,0.0
CHPF2,0.10662707,0.0,-1.0
CHPT1,0.04812076,0.0,-1.0
CHRAC1,0.17893523,0.0,0.0
CHRD,0.20705427,0.0,0.0
CHRDL1,0.2007252,0.0,0.0
CHRDL2,0.079953395,0.0,0.0
CHRFAM7A,0.056833375,0.0,0.0
CHRM1,0.29317063,0.0,0.0
CHRM2,0.4803272,0.0,0.0
CHRM3,0.21837515,0.0,0.0
CHRM4,0.30603367,0.0,0.0
CHRM5,0.23745455,0.0,-1.0
CHRNA1,0.23859687,0.0,-1.0
CHRNA10,0.10993792,0.0,0.0
CHRNA2,0.26498508,0.0,-1.0
CHRNA3,0.31095418,0.0,0.0
CHRNA4,0.3239907,0.0,-1.0
CHRNA5,0.31485176,0.0,0.0
CHRNA6,0.21474828,0.0,0.0
CHRNA7,0.24659136,0.0,0.0
CHRNA9,0.19233117,0.0,0.0
CHRNB1,0.13792801,0.0,-1.0
CHRNB2,0.24468015,0.0,-1.0
CHRNB3,0.23725569,0.0,0.0
CHRNB4,0.28427795,0.0,-1.0
CHRND,0.21112396,0.0,-1.0
CHRNE,0.22309494,0.0,-1.0
CHRNG,0.15742461,0.0,0.0
CHST1,0.23645627,0.0,-1.0
CHST10,0.09338343,0.0,-1.0
CHST11,0.22710983,0.0,1.0
CHST12,0.12467818,0.0,0.0
CHST13,0.05510669,0.0,0.0
CHST14,0.073617995,0.0,-1.0
CHST15,0.32442793,0.0,0.0
CHST2,0.10350579,0.0,0.0
CHST3,0.27835238,0.0,-1.0
CHST4,0.2098957,0.0,0.0
CHST5,0.08383045,0.0,0.0
CHST6,0.06849865,0.0,-1.0
CHST7,0.0921622,0.0,0.0
CHST8,0.083723135,0.0,0.0
CHST9,0.08244377,0.0,0.0
CHSY1,0.541082,1.0,0.0
CHSY3,0.076877706,0.0,0.0
CHTF18,0.6540778,1.0,-1.0
CHTF8,0.18916334,0.0,-1.0
CHTOP,0.35819831,0.0,0.0
CHUK,0.7030897,1.0,-1.0
CHURC1,0.114191204,0.0,0.0
CHURC1-FNTB,0.15387836,0.0,0.0
CIAO1,0.19859833,0.0,0.0
CIAO2A,0.048374217,0.0,-1.0
CIAO2B,0.02477649,0.0,0.0
CIAO3,0.08866546,0.0,0.0
CIAPIN1,0.100429624,0.0,0.0
CIART,0.092017286,0.0,0.0
CIB1,0.27831733,0.0,0.0
CIB2,0.28319827,0.0,0.0
CIB3,0.10825251,0.0,0.0
CIB4,0.068735056,0.0,0.0
CIBAR1,0.08091378,0.0,0.0
CIBAR2,0.007339282,0.0,-1.0
CIC,0.49702388,0.0,1.0
CIDEA,0.038453892,0.0,0.0
CIDEB,0.1024965,0.0,0.0
CIDEC,0.09538832,0.0,0.0
CIITA,0.67240775,1.0,1.0
CILK1,0.6736682,1.0,-1.0
CILP,0.36713633,0.0,-1.0
CILP2,0.08560153,0.0,-1.0
CINP,0.08120929,0.0,0.0
CIP2A,0.55204934,1.0,-1.0
CIPC,0.09966312,0.0,-1.0
CIR1,0.47036543,0.0,0.0
CIRBP,0.4308213,0.0,-1.0
CISD1,0.036791213,0.0,0.0
CISD2,0.07892089,0.0,-1.0
CISD3,0.059305172,0.0,0.0
CISH,0.51819026,1.0,0.0
CIT,0.736789,1.0,0.0
CITED1,0.5721106,1.0,0.0
CITED2,0.6896995,1.0,-1.0
CITED4,0.26661146,0.0,-1.0
CIZ1,0.19421579,0.0,-1.0
CKAP2,0.57102555,1.0,0.0
CKAP2L,0.43617788,0.0,0.0
CKAP4,0.50280076,1.0,0.0
CKAP5,0.7746868,1.0,0.0
CKB,0.6381478,1.0,0.0
CKLF,0.21999428,0.0,0.0
CKLF-CMTM1,0.02825732,0.0,0.0
CKM,0.27310118,0.0,0.0
CKMT1A,0.19202457,0.0,0.0
CKMT1B,0.35334194,0.0,0.0
CKMT2,0.07010862,0.0,0.0
CKS1B,0.61567396,1.0,-1.0
CKS1BP7,4.1783955e-05,0.0,-1.0
CKS2,0.39783838,0.0,-1.0
CLASP1,0.7686221,1.0,-1.0
CLASP2,0.6456704,1.0,-1.0
CLASRP,0.2869044,0.0,0.0
CLBA1,0.122018635,0.0,0.0
CLC,0.13981016,0.0,0.0
CLCA1,0.15274484,0.0,0.0
CLCA2,0.45757335,0.0,0.0
CLCA4,0.09998393,0.0,0.0
CLCC1,0.12025633,0.0,0.0
CLCF1,0.30109915,0.0,0.0
CLCN1,0.24336886,0.0,-1.0
CLCN2,0.19273418,0.0,-1.0
CLCN3,0.24019678,0.0,0.0
CLCN4,0.07204275,0.0,-1.0
CLCN5,0.14704567,0.0,-1.0
CLCN6,0.20266093,0.0,0.0
CLCN7,0.14958636,0.0,-1.0
CLCNKA,0.1281268,0.0,-1.0
CLCNKB,0.062250264,0.0,-1.0
CLDN1,0.15836285,0.0,-1.0
CLDN10,0.15751387,0.0,-1.0
CLDN11,0.029741284,0.0,-1.0
CLDN12,0.16306439,0.0,-1.0
CLDN14,0.05259861,0.0,-1.0
CLDN15,0.014187731,0.0,-1.0
CLDN16,0.008751533,0.0,-1.0
CLDN17,0.051348053,0.0,-1.0
CLDN18,0.0737229,0.0,-1.0
CLDN19,0.013112611,0.0,-1.0
CLDN2,0.022949703,0.0,-1.0
CLDN20,0.010759934,0.0,-1.0
CLDN22,0.0050162566,0.0,-1.0
CLDN23,0.005749031,0.0,-1.0
CLDN24,0.004336547,0.0,-1.0
CLDN25,0.004336547,0.0,0.0
CLDN3,0.43106735,0.0,-1.0
CLDN4,0.43114313,0.0,-1.0
CLDN5,0.12063184,0.0,-1.0
CLDN6,0.06320188,0.0,-1.0
CLDN7,0.19447368,0.0,-1.0
CLDN8,0.13736583,0.0,-1.0
CLDN9,0.1572031,0.0,-1.0
CLDND1,0.19127223,0.0,0.0
CLDND2,0.036177132,0.0,0.0
CLEC10A,0.12167205,0.0,0.0
CLEC11A,0.34873134,0.0,0.0
CLEC12A,0.026428703,0.0,0.0
CLEC12B,0.02425439,0.0,0.0
CLEC14A,0.1449149,0.0,0.0
CLEC16A,0.31087092,0.0,0.0
CLEC17A,0.028900443,0.0,0.0
CLEC18A,0.11947023,0.0,0.0
CLEC18B,0.0006896303,0.0,0.0
CLEC18C,0.000668479,0.0,0.0
CLEC19A,3.9367604e-10,0.0,-1.0
CLEC1A,0.09496075,0.0,0.0
CLEC1B,0.07115156,0.0,-1.0
CLEC2A,0.030660322,0.0,0.0
CLEC2B,0.6240715,1.0,0.0
CLEC2D,0.17048392,0.0,0.0
CLEC2L,0.09772478,0.0,0.0
CLEC3A,0.12986258,0.0,0.0
CLEC3B,0.24782139,0.0,0.0
CLEC4A,0.3562797,0.0,0.0
CLEC4C,0.07775053,0.0,0.0
CLEC4D,0.06705429,0.0,0.0
CLEC4E,0.24085815,0.0,0.0
CLEC4F,5.721483e-07,0.0,0.0
CLEC4G,0.099029206,0.0,-1.0
CLEC4M,0.2598954,0.0,0.0
CLEC5A,0.10284791,0.0,0.0
CLEC6A,0.0697021,0.0,0.0
CLEC7A,0.3930982,0.0,-1.0
CLEC9A,0.029765299,0.0,0.0
CLECL1,0.031150363,0.0,0.0
CLGN,0.19531795,0.0,0.0
CLHC1,0.14077814,0.0,0.0
CLIC1,0.49908984,0.0,-1.0
CLIC2,0.21068491,0.0,0.0
CLIC3,0.1297984,0.0,0.0
CLIC4,0.6557116,1.0,-1.0
CLIC5,0.12500933,0.0,-1.0
CLIC6,0.06893325,0.0,0.0
CLINT1,0.5873427,1.0,0.0
CLIP1,0.6839821,1.0,1.0
CLIP2,0.24724525,0.0,-1.0
CLIP3,0.3842099,0.0,0.0
CLIP4,0.2017305,0.0,0.0
CLK1,0.72613144,1.0,0.0
CLK2,0.50421405,1.0,0.0
CLK3,0.54238683,1.0,-1.0
CLK4,0.6157332,1.0,-1.0
CLLU1,0.09732507,0.0,0.0
CLMN,0.17172395,0.0,0.0
CLMP,0.11725579,0.0,0.0
CLN3,0.17219375,0.0,-1.0
CLN5,0.10769964,0.0,-1.0
CLN6,0.20622711,0.0,-1.0
CLN8,0.051401187,0.0,-1.0
CLNK,0.18566328,0.0,0.0
CLNS1A,0.14768922,0.0,0.0
CLOCK,0.5410486,1.0,0.0
CLP1,0.2041249,0.0,-1.0
CLPB,0.24828291,0.0,0.0
CLPP,0.045670215,0.0,0.0
CLPS,0.20098685,0.0,0.0
CLPSL1,0.10451717,0.0,0.0
CLPSL2,1.0260156e-05,0.0,0.0
CLPTM1,0.21523915,0.0,0.0
CLPTM1L,0.07754596,0.0,0.0
CLPX,0.26425335,0.0,0.0
CLRN1,6.1431367e-09,0.0,-1.0
CLRN2,0.08140627,0.0,0.0
CLRN3,0.06030275,0.0,0.0
CLSPN,0.62789136,1.0,-1.0
CLSTN1,0.5117405,1.0,0.0
CLSTN2,0.2976566,0.0,-1.0
CLSTN3,0.2846625,0.0,0.0
CLTA,0.553838,1.0,0.0
CLTB,0.5413152,1.0,0.0
CLTC,0.92417455,1.0,1.0
CLTCL1,0.6709785,1.0,1.0
CLTRN,0.005412829,0.0,0.0
CLU,0.8003279,1.0,-1.0
CLUAP1,0.19652036,0.0,-1.0
CLUH,0.27803928,0.0,0.0
CLUL1,0.1823691,0.0,0.0
CLVS1,0.11438382,0.0,0.0
CLVS2,0.1041184,0.0,0.0
CLYBL,0.12579988,0.0,0.0
CMA1,0.18035005,0.0,0.0
CMAS,0.23566394,0.0,0.0
CMBL,0.1231092,0.0,0.0
CMC1,0.061183628,0.0,0.0
CMC2,0.060667276,0.0,0.0
CMC4,2.0446547e-05,0.0,-1.0
CMIP,0.158573,0.0,0.0
CMKLR1,0.3016261,0.0,-1.0
CMKLR2,0.104991384,0.0,0.0
CMPK1,0.15514416,0.0,0.0
CMPK2,0.14607905,0.0,0.0
CMSS1,0.22614296,0.0,0.0
CMTM1,0.04832663,0.0,0.0
CMTM2,0.038735963,0.0,0.0
CMTM3,0.062942296,0.0,0.0
CMTM4,0.047039527,0.0,0.0
CMTM5,0.017825617,0.0,0.0
CMTM6,0.23571604,0.0,0.0
CMTM7,0.027168285,0.0,-1.0
CMTM8,0.03178534,0.0,0.0
CMTR1,0.21568924,0.0,-1.0
CMTR2,0.15334706,0.0,1.0
CMYA5,0.032096058,0.0,0.0
CNBD1,0.07335041,0.0,1.0
CNBD2,0.08119671,0.0,0.0
CNBP,0.17576204,0.0,1.0
CNDP1,0.0828238,0.0,0.0
CNDP2,0.25288656,0.0,-1.0
CNEP1R1,0.14218213,0.0,0.0
CNFN,0.10204737,0.0,0.0
CNGA1,0.36890352,0.0,-1.0
CNGA2,0.21445945,0.0,0.0
CNGA3,0.4084324,0.0,-1.0
CNGA4,0.12992486,0.0,-1.0
CNGB1,0.36209026,0.0,-1.0
CNGB3,0.25690565,0.0,-1.0
CNIH1,0.0678337,0.0,0.0
CNIH2,0.09765868,0.0,0.0
CNIH3,0.054765407,0.0,0.0
CNIH4,0.073501736,0.0,0.0
CNKSR1,0.44884822,0.0,-1.0
CNKSR2,0.49415672,0.0,0.0
CNKSR3,0.08582788,0.0,0.0
CNMD,0.23381509,0.0,0.0
CNN1,0.5247179,1.0,0.0
CNN2,0.47616908,0.0,0.0
CNN3,0.8069482,1.0,0.0
CNNM1,0.12757282,0.0,0.0
CNNM2,0.32536533,0.0,0.0
CNNM3,0.19939916,0.0,0.0
CNNM4,0.12953529,0.0,-1.0
CNOT1,0.8521986,1.0,-1.0
CNOT10,0.22425209,0.0,0.0
CNOT11,0.25742176,0.0,0.0
CNOT2,0.655303,1.0,0.0
CNOT3,0.49022254,0.0,1.0
CNOT4,0.6204821,1.0,0.0
CNOT6,0.7199379,1.0,0.0
CNOT6L,0.21581703,0.0,0.0
CNOT7,0.31135938,0.0,0.0
CNOT8,0.42225042,0.0,0.0
CNOT9,0.5285131,1.0,-1.0
CNP,0.27990797,0.0,0.0
CNPPD1,0.20951004,0.0,0.0
CNPY1,0.0014145533,0.0,0.0
CNPY2,0.032229986,0.0,0.0
CNPY3,0.16904314,0.0,0.0
CNPY4,0.2110766,0.0,0.0
CNR1,0.4123704,0.0,0.0
CNR2,0.37131166,0.0,-1.0
CNRIP1,0.13683882,0.0,0.0
CNST,0.15277672,0.0,0.0
CNTD1,0.051495317,0.0,0.0
CNTF,0.41332912,0.0,0.0
CNTFR,0.52321583,1.0,0.0
CNTLN,0.28290933,0.0,-1.0
CNTN1,0.5169808,1.0,-1.0
CNTN2,0.57654536,1.0,0.0
CNTN3,0.22997063,0.0,0.0
CNTN4,0.13866624,0.0,-1.0
CNTN5,0.1905805,0.0,0.0
CNTN6,0.28695887,0.0,-1.0
CNTNAP1,0.3199569,0.0,-1.0
CNTNAP2,0.3393769,0.0,-1.0
CNTNAP3,0.12048404,0.0,-1.0
CNTNAP3B,0.026022153,0.0,0.0
CNTNAP4,0.1219019,0.0,0.0
CNTNAP5,0.14381637,0.0,-1.0
CNTRL,0.7686676,1.0,1.0
CNTROB,0.33933252,0.0,0.0
COA1,0.18841788,0.0,-1.0
COA3,0.061558206,0.0,0.0
COA4,0.025583034,0.0,0.0
COA5,0.12317967,0.0,-1.0
COA6,0.037374396,0.0,0.0
COA7,0.2660099,0.0,0.0
COA8,0.14713104,0.0,0.0
COASY,0.113527134,0.0,0.0
COBL,0.30651864,0.0,0.0
COBLL1,0.2934265,0.0,0.0
COCH,0.16417374,0.0,0.0
COG1,0.23977742,0.0,-1.0
COG2,0.225452,0.0,0.0
COG3,0.24865338,0.0,0.0
COG4,0.15840991,0.0,-1.0
COG5,0.41429573,0.0,-1.0
COG6,0.2467172,0.0,-1.0
COG7,0.22268926,0.0,-1.0
COG8,0.19120544,0.0,-1.0
COIL,0.33180624,0.0,-1.0
COL10A1,0.53717315,1.0,-1.0
COL11A1,0.5648022,1.0,-1.0
COL11A2,0.5556454,1.0,-1.0
COL12A1,0.6095177,1.0,-1.0
COL13A1,0.5577979,1.0,0.0
COL14A1,0.5548111,1.0,-1.0
COL15A1,0.71225697,1.0,0.0
COL16A1,0.7002884,1.0,-1.0
COL17A1,0.7065829,1.0,-1.0
COL18A1,0.76173186,1.0,-1.0
COL19A1,0.46945852,0.0,-1.0
COL1A1,0.91424495,1.0,1.0
COL1A2,0.8850566,1.0,-1.0
COL20A1,0.47786897,0.0,0.0
COL21A1,0.32888803,0.0,-1.0
COL22A1,0.30258355,0.0,-1.0
COL23A1,0.23468828,0.0,0.0
COL24A1,0.30501598,0.0,0.0
COL25A1,0.23896642,0.0,-1.0
COL26A1,0.07669257,0.0,0.0
COL27A1,0.5001812,1.0,0.0
COL28A1,0.25133643,0.0,-1.0
COL2A1,0.7507779,1.0,1.0
COL3A1,0.79760003,1.0,-1.0
COL4A1,0.82386285,1.0,-1.0
COL4A2,0.8027118,1.0,-1.0
COL4A3,0.5408749,1.0,-1.0
COL4A4,0.52719903,1.0,-1.0
COL4A5,0.8105064,1.0,-1.0
COL4A6,0.59687763,1.0,-1.0
COL5A1,0.81731635,1.0,-1.0
COL5A2,0.75348437,1.0,-1.0
COL5A3,0.62077636,1.0,-1.0
COL6A1,0.78141946,1.0,-1.0
COL6A2,0.67160296,1.0,-1.0
COL6A3,0.75227344,1.0,-1.0
COL6A5,0.35397846,0.0,-1.0
COL6A6,0.32985902,0.0,-1.0
COL7A1,0.66522723,1.0,-1.0
COL8A1,0.3250861,0.0,0.0
COL8A2,0.606875,1.0,-1.0
COL9A1,0.52861005,1.0,-1.0
COL9A2,0.48962182,0.0,-1.0
COL9A3,0.5679523,1.0,-1.0
COLEC10,0.24930646,0.0,0.0
COLEC11,0.085871816,0.0,0.0
COLEC12,0.25881737,0.0,0.0
COLGALT1,0.47034028,0.0,0.0
COLGALT2,0.26811573,0.0,0.0
COLQ,0.16626212,0.0,-1.0
COMMD1,0.13951916,0.0,0.0
COMMD10,0.07539332,0.0,0.0
COMMD2,0.16041912,0.0,0.0
COMMD3,0.068433575,0.0,0.0
COMMD3-BMI1,0.38676953,0.0,-1.0
COMMD4,0.10981893,0.0,0.0
COMMD5,0.14231196,0.0,0.0
COMMD6,0.10674568,0.0,0.0
COMMD7,0.17832813,0.0,0.0
COMMD8,0.06244629,0.0,0.0
COMMD9,0.059331995,0.0,0.0
COMP,0.37042952,0.0,-1.0
COMT,0.26687732,0.0,0.0
COMTD1,0.15072237,0.0,0.0
COP1,0.4368956,0.0,1.0
COPA,0.66226584,1.0,0.0
COPB1,0.5304409,1.0,0.0
COPB2,0.41474953,0.0,-1.0
COPE,0.15559371,0.0,0.0
COPG1,0.4542435,0.0,0.0
COPG2,0.38318887,0.0,0.0
COPRS,0.15901126,0.0,0.0
COPS2,0.31738296,0.0,-1.0
COPS3,0.18312949,0.0,0.0
COPS4,0.11889846,0.0,0.0
COPS5,0.32268834,0.0,0.0
COPS6,0.18677096,0.0,0.0
COPS7A,0.13451485,0.0,0.0
COPS7B,0.27027884,0.0,0.0
COPS8,0.15917686,0.0,0.0
COPS9,0.08911314,0.0,0.0
COPZ1,0.07211179,0.0,0.0
COPZ2,0.35733283,0.0,0.0
COQ10A,0.09411221,0.0,0.0
COQ10B,0.16022848,0.0,-1.0
COQ2,0.1066507,0.0,0.0
COQ3,0.057727486,0.0,0.0
COQ4,0.06703789,0.0,0.0
COQ5,0.07161114,0.0,0.0
COQ6,0.10839899,0.0,0.0
COQ7,0.15213121,0.0,0.0
COQ8A,0.11680688,0.0,-1.0
COQ8B,0.15407054,0.0,0.0
COQ9,0.062962204,0.0,0.0
CORD1,0.011896718,0.0,0.0
CORIN,0.08694177,0.0,0.0
CORO1A,0.73390776,1.0,-1.0
CORO1B,0.31907892,0.0,0.0
CORO1C,0.7461861,1.0,-1.0
CORO2A,0.48843724,0.0,-1.0
CORO2B,0.43601707,0.0,-1.0
CORO6,0.2710129,0.0,0.0
CORO7,0.21031944,0.0,0.0
CORO7-PAM16,0.16626965,0.0,0.0
CORT,0.20212717,0.0,0.0
COTL1,0.3454331,0.0,-1.0
COTL1P1,1.0220956e-05,0.0,0.0
COX10,0.08086711,0.0,-1.0
COX11,0.07273974,0.0,0.0
COX14,0.048604354,0.0,0.0
COX15,0.07504053,0.0,-1.0
COX16,0.059485216,0.0,0.0
COX17,0.03185289,0.0,0.0
COX18,0.08352887,0.0,0.0
COX19,0.13182114,0.0,-1.0
COX20,0.13395116,0.0,0.0
COX4I1,0.04612558,0.0,0.0
COX4I2,0.0145214675,0.0,-1.0
COX5A,0.07490706,0.0,0.0
COX5B,0.037435398,0.0,0.0
COX6A1,0.031576775,0.0,0.0
COX6A2,0.20412272,0.0,0.0
COX6B1,0.02722349,0.0,-1.0
COX6B2,0.04183372,0.0,0.0
COX6C,0.04763222,0.0,-1.0
COX7A1,0.10635018,0.0,0.0
COX7A2,0.02403087,0.0,0.0
COX7A2L,0.034675874,0.0,0.0
COX7B,0.039268572,0.0,0.0
COX7B2,0.055372152,0.0,0.0
COX7C,0.028222991,0.0,-1.0
COX8A,0.030483944,0.0,0.0
COX8C,0.028373621,0.0,0.0
CP,0.40949652,0.0,0.0
CPA1,0.089881666,0.0,0.0
CPA2,0.26947495,0.0,0.0
CPA3,0.21700822,0.0,0.0
CPA4,0.25231376,0.0,0.0
CPA5,0.098406285,0.0,0.0
CPA6,0.13612072,0.0,-1.0
CPAMD8,0.049935557,0.0,0.0
CPB1,0.24304429,0.0,0.0
CPB2,0.13463485,0.0,0.0
CPD,0.41634625,0.0,0.0
CPE,0.4879752,0.0,0.0
CPEB1,0.18950057,0.0,-1.0
CPEB2,0.21503687,0.0,-1.0
CPEB3,0.41707143,0.0,1.0
CPEB4,0.4693408,0.0,-1.0
CPED1,0.19840126,0.0,0.0
CPLANE1,0.20514351,0.0,0.0
CPLANE2,0.21098872,0.0,0.0
CPLX1,0.22839078,0.0,0.0
CPLX2,0.28494248,0.0,-1.0
CPLX3,0.14534536,0.0,0.0
CPLX4,0.1080636,0.0,0.0
CPM,0.3291773,0.0,-1.0
CPN1,0.2887909,0.0,0.0
CPN2,0.19457552,0.0,0.0
CPNE1,0.3138206,0.0,-1.0
CPNE2,0.35545027,0.0,0.0
CPNE3,0.2929253,0.0,0.0
CPNE4,0.08721284,0.0,0.0
CPNE5,0.17582321,0.0,-1.0
CPNE6,0.39248702,0.0,0.0
CPNE7,0.326589,0.0,0.0
CPNE8,0.13334702,0.0,0.0
CPNE9,0.007662683,0.0,0.0
CPO,0.10553846,0.0,0.0
CPOX,0.39044613,0.0,-1.0
CPPED1,0.21701957,0.0,0.0
CPQ,0.31285036,0.0,-1.0
CPS1,0.3626055,0.0,-1.0
CPSF1,0.31296688,0.0,0.0
CPSF2,0.37418735,0.0,0.0
CPSF3,0.3275658,0.0,0.0
CPSF4,0.33523688,0.0,0.0
CPSF4L,0.110578686,0.0,0.0
CPSF6,0.5488583,1.0,0.0
CPSF7,0.48441973,0.0,0.0
CPT1A,0.27921754,0.0,0.0
CPT1B,0.13808224,0.0,0.0
CPT1C,0.10243527,0.0,0.0
CPT2,0.07551756,0.0,0.0
CPTP,0.07745316,0.0,0.0
CPVL,0.54085815,1.0,0.0
CPXCR1,0.07606264,0.0,0.0
CPXM1,0.2356562,0.0,0.0
CPXM2,0.008672472,0.0,-1.0
CPZ,0.2545535,0.0,0.0
CR1,0.3190697,0.0,-1.0
CR1L,0.1492856,0.0,-1.0
CR2,0.55173373,1.0,-1.0
CRABP1,0.2636686,0.0,-1.0
CRABP2,0.44303524,0.0,-1.0
CRACD,0.25471985,0.0,-1.0
CRACDL,0.21703964,0.0,0.0
CRACR2A,0.121693894,0.0,0.0
CRACR2B,0.08713322,0.0,0.0
CRADD,0.17757547,0.0,-1.0
CRAMP1,0.17577775,0.0,0.0
CRAT,0.11091904,0.0,0.0
CRB1,0.4529426,0.0,-1.0
CRB2,0.21742287,0.0,-1.0
CRB3,0.1378461,0.0,-1.0
CRBN,0.28695872,0.0,1.0
CRCP,0.24102506,0.0,0.0
CRCT1,0.0015763397,0.0,0.0
CREB1,0.972818,1.0,1.0
CREB3,0.17946748,0.0,-1.0
CREB3L1,0.17464714,0.0,1.0
CREB3L2,0.53184927,1.0,1.0
CREB3L3,0.34368923,0.0,-1.0
CREB3L4,0.36669764,0.0,-1.0
CREB5,0.085001275,0.0,-1.0
CREBBP,0.9868186,1.0,1.0
CREBL2,0.31264573,0.0,0.0
CREBRF,0.4541213,0.0,0.0
CREBZF,0.3869669,0.0,-1.0
CREG1,0.18660446,0.0,-1.0
CREG2,0.13381231,0.0,0.0
CRELD1,0.14556609,0.0,-1.0
CRELD2,0.13450491,0.0,-1.0
CREM,0.8250388,1.0,0.0
CRH,0.41042128,0.0,0.0
CRHBP,0.2785646,0.0,0.0
CRHR1,0.2789275,0.0,0.0
CRHR2,0.24662147,0.0,0.0
CRIM1,0.25660178,0.0,0.0
CRIP1,0.15881453,0.0,0.0
CRIP2,0.15275168,0.0,-1.0
CRIP3,3.18417e-07,0.0,0.0
CRIPAK,0.17585734,0.0,0.0
CRIPT,0.08129328,0.0,0.0
CRISP1,0.03984426,0.0,0.0
CRISP2,0.06413558,0.0,0.0
CRISP3,0.048286278,0.0,0.0
CRISPLD1,0.12475011,0.0,-1.0
CRISPLD2,0.5269375,1.0,0.0
CRK,0.9274525,1.0,-1.0
CRKL,0.8719939,1.0,1.0
CRLF1,0.2584072,0.0,0.0
CRLF2,0.2894671,0.0,1.0
CRLF3,0.6411066,1.0,0.0
CRLS1,0.082372196,0.0,0.0
CRMP1,0.53727317,1.0,0.0
CRNKL1,0.3380724,0.0,1.0
CRNN,0.07647959,0.0,0.0
CROCC,0.31382087,0.0,0.0
CROCCP2,0.24691735,0.0,0.0
CROT,0.35979715,0.0,0.0
CRP,0.22693238,0.0,-1.0
CRSP5,0.024068551,0.0,0.0
CRTAC1,0.23769237,0.0,0.0
CRTAM,0.33886456,0.0,-1.0
CRTAP,0.32664725,0.0,-1.0
CRTC1,0.50710404,1.0,1.0
CRTC2,0.54442537,1.0,-1.0
CRTC3,0.57437474,1.0,1.0
CRX,0.3874628,0.0,-1.0
CRY1,0.61088187,1.0,0.0
CRY2,0.34488556,0.0,0.0
CRYAA,0.053407595,0.0,-1.0
CRYAB,0.33166012,0.0,-1.0
CRYBA1,0.11368286,0.0,0.0
CRYBA2,0.18225387,0.0,0.0
CRYBA4,0.31694537,0.0,0.0
CRYBB1,0.26162967,0.0,0.0
CRYBB2,0.15341176,0.0,0.0
CRYBB3,0.30316243,0.0,0.0
CRYBG1,0.28393444,0.0,0.0
CRYBG2,0.13763468,0.0,0.0
CRYBG3,0.12568206,0.0,0.0
CRYGA,0.20837845,0.0,0.0
CRYGB,0.07637687,0.0,0.0
CRYGC,0.19631441,0.0,-1.0
CRYGD,0.17966534,0.0,-1.0
CRYGN,0.03522976,0.0,0.0
CRYGS,0.0542741,0.0,0.0
CRYL1,0.06538154,0.0,0.0
CRYM,0.13943617,0.0,0.0
CRYZ,0.20626764,0.0,0.0
CRYZL1,0.14642088,0.0,0.0
CS,0.3227776,0.0,-1.0
CSAD,0.2174248,0.0,0.0
CSAG1,0.40119836,0.0,0.0
CSDC2,0.17002785,0.0,0.0
CSDE1,0.33386075,0.0,-1.0
CSE1L,0.5237843,1.0,-1.0
CSF1,0.8580451,1.0,-1.0
CSF1R,0.88813746,1.0,1.0
CSF2,0.8784073,1.0,-1.0
CSF2RA,0.6431398,1.0,-1.0
CSF2RB,0.72443134,1.0,-1.0
CSF3,0.76722795,1.0,0.0
CSF3R,0.5324316,1.0,1.0
CSGALNACT1,0.25400135,0.0,0.0
CSGALNACT2,0.29864746,0.0,0.0
CSH1,0.39368075,0.0,-1.0
CSH2,0.42928046,0.0,0.0
CSHL1,0.2586869,0.0,0.0
CSK,0.9194678,1.0,0.0
CSKMT,0.011107265,0.0,0.0
CSMD1,0.11882356,0.0,0.0
CSMD2,0.30212972,0.0,-1.0
CSMD3,0.75653726,1.0,-1.0
CSN1S1,0.26444793,0.0,0.0
CSN2,0.3611478,0.0,0.0
CSN3,0.26848745,0.0,0.0
CSNK1A1,0.865734,1.0,-1.0
CSNK1A1L,0.714741,1.0,-1.0
CSNK1D,0.7835983,1.0,-1.0
CSNK1E,0.83251506,1.0,-1.0
CSNK1G1,0.6550042,1.0,0.0
CSNK1G2,0.6821254,1.0,0.0
CSNK1G2-AS1,0.16467458,0.0,0.0
CSNK1G3,0.57233,1.0,0.0
CSNK2A1,0.8905671,1.0,-1.0
CSNK2A2,0.79050297,1.0,-1.0
CSNK2A3,0.2353058,0.0,-1.0
CSNK2B,0.6287969,1.0,-1.0
CSPG4,0.47614008,0.0,-1.0
CSPG5,0.2188414,0.0,0.0
CSPP1,0.3334162,0.0,0.0
CSRNP1,0.3273636,0.0,0.0
CSRNP2,0.30035886,0.0,0.0
CSRNP3,0.03745456,0.0,0.0
CSRP1,0.4318586,0.0,0.0
CSRP2,0.5636834,1.0,0.0
CSRP3,0.1911438,0.0,-1.0
CST1,0.04559273,0.0,0.0
CST11,0.0005876782,0.0,0.0
CST2,0.024925541,0.0,0.0
CST3,0.40346563,0.0,-1.0
CST4,0.025527287,0.0,0.0
CST5,0.020924553,0.0,0.0
CST6,0.3136934,0.0,-1.0
CST7,0.2695831,0.0,0.0
CST8,0.050672278,0.0,0.0
CST9,0.012035446,0.0,0.0
CST9L,0.030501291,0.0,0.0
CSTA,0.17076024,0.0,-1.0
CSTB,0.29636145,0.0,-1.0
CSTF1,0.2630887,0.0,0.0
CSTF2,0.41952375,0.0,0.0
CSTF2T,0.30804387,0.0,0.0
CSTF3,0.4096009,0.0,0.0
CSTL1,0.010342594,0.0,0.0
CT45A1,0.08384796,0.0,0.0
CT45A10,0.08302242,0.0,0.0
CT45A2,0.021293378,0.0,0.0
CT45A3,0.11293819,0.0,0.0
CT45A5,0.08451072,0.0,0.0
CT45A6,0.07805283,0.0,0.0
CT47A11,0.02019912,0.0,0.0
CT47B1,0.16850483,0.0,0.0
CT55,0.15894458,0.0,0.0
CT62,0.04698352,0.0,0.0
CT83,1.3671505e-08,0.0,0.0
CTAG1A,0.15142785,0.0,0.0
CTAG1B,0.21116392,0.0,0.0
CTAG2,0.3568108,0.0,0.0
CTAGE1,0.10594636,0.0,0.0
CTAGE15,0.010537529,0.0,0.0
CTAGE8,0.00030054298,0.0,0.0
CTAGE9,0.056567114,0.0,0.0
CTBP1,0.79225594,1.0,-1.0
CTBP1-DT,0.10570066,0.0,0.0
CTBP2,0.8952528,1.0,-1.0
CTBS,0.2107825,0.0,0.0
CTC1,0.24780159,0.0,0.0
CTCF,0.90641755,1.0,1.0
CTCFL,0.3555914,0.0,-1.0
CTDNEP1,0.24488665,0.0,-1.0
CTDP1,0.33688575,0.0,-1.0
CTDSP1,0.38141093,0.0,-1.0
CTDSP2,0.51301366,1.0,0.0
CTDSPL,0.36584467,0.0,-1.0
CTDSPL2,0.4016144,0.0,0.0
CTF1,0.43755704,0.0,0.0
CTH,0.28496316,0.0,0.0
CTHRC1,0.42019787,0.0,-1.0
CTIF,0.21250397,0.0,-1.0
CTLA4,0.4973117,0.0,1.0
CTNNA1,0.9554091,1.0,-1.0
CTNNA2,0.74141157,1.0,1.0
CTNNA3,0.49352118,0.0,-1.0
CTNNAL1,0.812655,1.0,0.0
CTNNB1,0.99549925,1.0,1.0
CTNNBIP1,0.33533573,0.0,-1.0
CTNNBL1,0.29796034,0.0,0.0
CTNND1,0.95577437,1.0,1.0
CTNND2,0.64867425,1.0,1.0
CTNS,0.0737541,0.0,-1.0
CTPS1,0.34549433,0.0,0.0
CTPS2,0.2658051,0.0,0.0
CTR9,0.4975761,0.0,1.0
CTRB1,0.08336295,0.0,0.0
CTRB2,0.17200296,0.0,0.0
CTRC,0.20654292,0.0,0.0
CTRL,0.28453144,0.0,0.0
CTSA,0.26684862,0.0,-1.0
CTSB,0.8480965,1.0,-1.0
CTSC,0.645657,1.0,-1.0
CTSD,0.7085427,1.0,-1.0
CTSE,0.34216598,0.0,0.0
CTSF,0.19611083,0.0,0.0
CTSG,0.22397007,0.0,0.0
CTSH,0.35000113,0.0,-1.0
CTSK,0.66958827,1.0,-1.0
CTSL,0.8514886,1.0,-1.0
CTSO,0.3529135,0.0,0.0
CTSS,0.75695646,1.0,-1.0
CTSV,0.43134162,0.0,0.0
CTSW,0.39721286,0.0,0.0
CTSZ,0.2168229,0.0,0.0
CTTN,0.9301298,1.0,-1.0
CTTNBP2,0.34193715,0.0,0.0
CTTNBP2NL,0.26722267,0.0,0.0
CTU1,0.17424597,0.0,0.0
CTU2,0.09162617,0.0,-1.0
CTXN1,0.029048566,0.0,0.0
CTXN3,0.016610773,0.0,0.0
CUBN,0.11462041,0.0,-1.0
CUEDC1,0.12811409,0.0,-1.0
CUEDC2,0.03933996,0.0,0.0
CUL1,0.7199337,1.0,-1.0
CUL2,0.62602425,1.0,-1.0
CUL3,0.6940233,1.0,1.0
CUL4A,0.7168154,1.0,-1.0
CUL4B,0.7762572,1.0,-1.0
CUL5,0.59051526,1.0,-1.0
CUL7,0.6564847,1.0,-1.0
CUL9,0.25783998,0.0,-1.0
CUTA,0.052167185,0.0,0.0
CUTC,0.08838754,0.0,0.0
CUX1,0.79963213,1.0,1.0
CUX2,0.27875328,0.0,0.0
CUZD1,0.13129975,0.0,0.0
CWC15,0.21584389,0.0,0.0
CWC22,0.2923744,0.0,-1.0
CWC25,0.16595471,0.0,0.0
CWC27,0.22150037,0.0,0.0
CWF19L1,0.29309225,0.0,0.0
CWF19L2,0.26797557,0.0,0.0
CWH43,0.171939,0.0,-1.0
CX3CL1,0.5984938,1.0,-1.0
CX3CR1,0.4157829,0.0,-1.0
CXADR,0.45000136,0.0,-1.0
CXCL1,0.71461755,1.0,-1.0
CXCL10,0.66035086,1.0,-1.0
CXCL11,0.51253176,1.0,0.0
CXCL12,0.81634295,1.0,-1.0
CXCL13,0.4562696,0.0,0.0
CXCL14,0.28069794,0.0,-1.0
CXCL16,0.34250644,0.0,0.0
CXCL17,0.038002457,0.0,-1.0
CXCL2,0.6007884,1.0,-1.0
CXCL3,0.44775346,0.0,-1.0
CXCL5,0.40968955,0.0,-1.0
CXCL6,0.31659427,0.0,0.0
CXCL8,0.90963656,1.0,-1.0
CXCL9,0.5226215,1.0,0.0
CXCR1,0.46439976,0.0,-1.0
CXCR2,0.5163014,1.0,-1.0
CXCR3,0.44346973,0.0,-1.0
CXCR4,0.8880729,1.0,1.0
CXCR5,0.45327613,0.0,0.0
CXCR6,0.39896712,0.0,0.0
CXXC1,0.38436514,0.0,0.0
CXXC4,0.20900746,0.0,-1.0
CXXC5,0.20713769,0.0,-1.0
CXorf38,0.25068048,0.0,0.0
CXorf58,0.16524328,0.0,0.0
CYB561,0.12621966,0.0,0.0
CYB561A3,0.071535215,0.0,0.0
CYB561D1,0.044661965,0.0,0.0
CYB561D2,0.043676417,0.0,0.0
CYB5A,0.13985357,0.0,-1.0
CYB5B,0.19752675,0.0,0.0
CYB5D1,0.08398344,0.0,0.0
CYB5D2,0.07865641,0.0,0.0
CYB5R1,0.10144201,0.0,0.0
CYB5R2,0.27783766,0.0,0.0
CYB5R3,0.39576134,0.0,-1.0
CYB5R4,0.2700142,0.0,-1.0
CYBA,0.54345125,1.0,0.0
CYBB,0.7631323,1.0,-1.0
CYBC1,0.04790281,0.0,0.0
CYBRD1,0.44795772,0.0,0.0
CYC1,0.06446678,0.0,0.0
CYCS,0.38841608,0.0,-1.0
CYFIP1,0.28275403,0.0,-1.0
CYFIP2,0.55148286,1.0,0.0
CYGB,0.07888465,0.0,0.0
CYHR1,0.12742113,0.0,0.0
CYLC1,0.25755274,0.0,-1.0
CYLC2,0.21375024,0.0,0.0
CYLD,0.8320292,1.0,1.0
CYP11A1,0.5227393,1.0,0.0
CYP11B1,0.26157182,0.0,-1.0
CYP11B2,0.26356786,0.0,-1.0
CYP17A1,0.41222483,0.0,-1.0
CYP19A1,0.3602123,0.0,1.0
CYP1A1,0.6050565,1.0,-1.0
CYP1A2,0.2614489,0.0,0.0
CYP1B1,0.6511238,1.0,-1.0
CYP20A1,0.15860157,0.0,0.0
CYP21A2,0.11209875,0.0,-1.0
CYP24A1,0.325465,0.0,-1.0
CYP26A1,0.33321965,0.0,0.0
CYP26B1,0.10732337,0.0,0.0
CYP26C1,0.10489906,0.0,0.0
CYP27A1,0.45257765,0.0,-1.0
CYP27B1,0.32530147,0.0,-1.0
CYP27C1,0.119483225,0.0,-1.0
CYP2A13,0.1404661,0.0,0.0
CYP2A6,0.24380934,0.0,-1.0
CYP2A7,0.28817102,0.0,-1.0
CYP2B6,0.16586392,0.0,0.0
CYP2C18,0.15079339,0.0,-1.0
CYP2C19,0.1685805,0.0,0.0
CYP2C8,0.08956058,0.0,1.0
CYP2C9,0.21279487,0.0,-1.0
CYP2D6,0.32881588,0.0,-1.0
CYP2E1,0.23376672,0.0,-1.0
CYP2F1,0.20577802,0.0,0.0
CYP2J2,0.11565834,0.0,0.0
CYP2R1,0.11702589,0.0,-1.0
CYP2S1,0.17361645,0.0,0.0
CYP2U1,0.120263524,0.0,0.0
CYP2W1,0.13656837,0.0,-1.0
CYP39A1,0.12176974,0.0,0.0
CYP3A4,0.36978924,0.0,0.0
CYP3A43,0.1549574,0.0,0.0
CYP3A5,0.14286086,0.0,0.0
CYP3A7,0.187908,0.0,0.0
CYP46A1,0.1975361,0.0,0.0
CYP4A11,0.2127168,0.0,-1.0
CYP4A22,0.14357677,0.0,0.0
CYP4B1,0.13766645,0.0,-1.0
CYP4F11,0.15179688,0.0,0.0
CYP4F12,0.27082437,0.0,0.0
CYP4F2,0.1464862,0.0,0.0
CYP4F22,0.12401436,0.0,-1.0
CYP4F3,0.12993138,0.0,0.0
CYP4F8,0.06597915,0.0,0.0
CYP4V2,0.1194557,0.0,0.0
CYP4X1,0.13599254,0.0,0.0
CYP4Z1,0.11188715,0.0,-1.0
CYP4Z2P,0.05350599,0.0,0.0
CYP51A1,0.41190076,0.0,0.0
CYP7A1,0.21895708,0.0,-1.0
CYP7B1,0.26314294,0.0,-1.0
CYP8B1,0.09726464,0.0,0.0
CYREN,0.11708143,0.0,0.0
CYRIA,0.2514765,0.0,-1.0
CYRIB,0.2552091,0.0,0.0
CYS1,0.09138198,0.0,-1.0
CYSLTR1,0.25990093,0.0,0.0
CYSLTR2,0.17090538,0.0,1.0
CYSRT1,0.00030507657,0.0,0.0
CYSTM1,0.10381866,0.0,0.0
CYTH1,0.7268705,1.0,0.0
CYTH2,0.53964645,1.0,0.0
CYTH3,0.5339874,1.0,0.0
CYTH4,0.37513524,0.0,0.0
CYTIP,0.61856437,1.0,0.0
CYTL1,0.07520112,0.0,0.0
CYTOR,0.00402971,0.0,0.0
CYYR1,0.096529834,0.0,0.0
CZIB,0.046493232,0.0,0.0
D2HGDH,0.18882614,0.0,0.0
DAAM1,0.41155952,0.0,-1.0
DAAM2,0.46291035,0.0,0.0
DAB1,0.33341995,0.0,-1.0
DAB2,0.90384525,1.0,-1.0
DAB2IP,0.5048546,1.0,-1.0
DACH1,0.2884103,0.0,-1.0
DACH2,0.17874515,0.0,-1.0
DACT1,0.6287372,1.0,0.0
DACT2,0.23696674,0.0,0.0
DACT3,0.13847369,0.0,0.0
DAD1,0.03682957,0.0,0.0
DAG1,0.6132988,1.0,-1.0
DAGLA,0.19320562,0.0,-1.0
DAGLB,0.17151944,0.0,0.0
DALRD3,0.11410605,0.0,0.0
DAND5,0.064450346,0.0,0.0
DAO,0.25314555,0.0,-1.0
DAOA,0.05101522,0.0,0.0
DAP,0.21457419,0.0,-1.0
DAP3,0.07448852,0.0,0.0
DAPK1,0.8422913,1.0,-1.0
DAPK2,0.6582587,1.0,-1.0
DAPK3,0.75498265,1.0,-1.0
DAPL1,0.08958772,0.0,0.0
DAPP1,0.26874417,0.0,0.0
DARS1,0.4037787,0.0,0.0
DARS2,0.35027453,0.0,0.0
DAW1,0.10613172,0.0,0.0
DAXX,0.79784477,1.0,1.0
DAZ1,0.2287657,0.0,-1.0
DAZ2,0.17031103,0.0,-1.0
DAZ3,0.21513459,0.0,-1.0
DAZ4,0.21026307,0.0,-1.0
DAZAP1,0.529013,1.0,-1.0
DAZAP2,0.15607242,0.0,0.0
DAZL,0.231963,0.0,0.0
DBF4,0.48733687,0.0,0.0
DBF4B,0.37812257,0.0,0.0
DBH,0.26690167,0.0,0.0
DBI,0.1104857,0.0,-1.0
DBN1,0.73887837,1.0,-1.0
DBNDD1,0.06562274,0.0,0.0
DBNDD2,0.11466387,0.0,0.0
DBNL,0.3451094,0.0,0.0
DBP,0.22374092,0.0,0.0
DBR1,0.19512056,0.0,-1.0
DBT,0.30490837,0.0,-1.0
DBX2,0.117727935,0.0,0.0
DCAF1,0.32167318,0.0,-1.0
DCAF10,0.20274627,0.0,0.0
DCAF11,0.13654661,0.0,0.0
DCAF12,0.16946703,0.0,0.0
DCAF12L1,0.420066,0.0,0.0
DCAF12L2,0.40891933,0.0,1.0
DCAF13,0.15323247,0.0,0.0
DCAF15,0.17379044,0.0,-1.0
DCAF16,0.28201827,0.0,0.0
DCAF17,0.22387657,0.0,0.0
DCAF4,0.16040592,0.0,0.0
DCAF4L1,0.18865259,0.0,0.0
DCAF4L2,0.11160177,0.0,-1.0
DCAF5,0.19625156,0.0,0.0
DCAF6,0.3112484,0.0,0.0
DCAF7,0.615103,1.0,0.0
DCAF8,0.31701833,0.0,0.0
DCAF8L1,0.28318647,0.0,0.0
DCAF8L2,0.4838289,0.0,0.0
DCAKD,0.15827721,0.0,0.0
DCANP1,0.01406161,0.0,0.0
DCBLD1,0.11947629,0.0,0.0
DCBLD2,0.31278464,0.0,0.0
DCC,0.49538824,0.0,1.0
DCD,0.5631135,1.0,0.0
DCDC1,0.34460115,0.0,0.0
DCDC2,0.1290138,0.0,-1.0
DCDC2B,0.22670396,0.0,0.0
DCHS1,0.24516842,0.0,-1.0
DCHS2,0.36592495,0.0,0.0
DCK,0.6975304,1.0,-1.0
DCLK1,0.8054089,1.0,-1.0
DCLK2,0.60688,1.0,0.0
DCLK3,0.4479808,0.0,0.0
DCLRE1A,0.37591255,0.0,-1.0
DCLRE1B,0.53458935,1.0,0.0
DCLRE1C,0.62375546,1.0,-1.0
DCN,0.71150315,1.0,-1.0
DCP1A,0.30563563,0.0,0.0
DCP1B,0.1808602,0.0,0.0
DCP2,0.53418285,1.0,0.0
DCPS,0.18032905,0.0,0.0
DCST1,0.048885364,0.0,0.0
DCST2,0.011786415,0.0,0.0
DCSTAMP,0.0061408244,0.0,-1.0
DCT,0.40789816,0.0,0.0
DCTD,0.14158379,0.0,-1.0
DCTN1,0.69529283,1.0,1.0
DCTN2,0.55380994,1.0,0.0
DCTN3,0.11304046,0.0,0.0
DCTN4,0.29158428,0.0,0.0
DCTN5,0.2255488,0.0,0.0
DCTN6,0.11013286,0.0,0.0
DCTPP1,0.09101771,0.0,0.0
DCUN1D1,0.41269547,0.0,1.0
DCUN1D2,0.14857069,0.0,0.0
DCUN1D3,0.20186467,0.0,0.0
DCUN1D4,0.33654758,0.0,0.0
DCUN1D5,0.16865756,0.0,0.0
DCX,0.4842436,0.0,-1.0
DCXR,0.03956726,0.0,0.0
DDA1,0.19931619,0.0,0.0
DDAH1,0.30475315,0.0,0.0
DDAH2,0.35638836,0.0,0.0
DDB1,0.7268683,1.0,0.0
DDB2,0.47766036,0.0,1.0
DDC,0.12767814,0.0,-1.0
DDHD1,0.26675352,0.0,0.0
DDHD2,0.3119312,0.0,0.0
DDI1,0.08498327,0.0,0.0
DDI2,0.3069527,0.0,0.0
DDIAS,0.40916574,0.0,0.0
DDIT3,0.65466124,1.0,1.0
DDIT4,0.524212,1.0,-1.0
DDIT4L,0.16045234,0.0,0.0
DDN,0.26491782,0.0,0.0
DDO,0.11657926,0.0,0.0
DDOST,0.15064164,0.0,0.0
DDR1,0.72906804,1.0,-1.0
DDR2,0.66854775,1.0,1.0
DDRGK1,0.06861042,0.0,0.0
DDT,0.041216664,0.0,0.0
DDTL,0.25470617,0.0,0.0
DDX1,0.2119568,0.0,-1.0
DDX10,0.2880057,0.0,1.0
DDX11,0.5226874,1.0,0.0
DDX11L8,0.062397696,0.0,0.0
DDX12P,0.13032275,0.0,0.0
DDX17,0.7012933,1.0,-1.0
DDX18,0.44207552,0.0,-1.0
DDX19A,0.25973538,0.0,0.0
DDX19B,0.39911005,0.0,0.0
DDX20,0.44983983,0.0,-1.0
DDX21,0.4942294,0.0,0.0
DDX23,0.33777705,0.0,-1.0
DDX24,0.30346584,0.0,0.0
DDX25,0.069007926,0.0,-1.0
DDX27,0.30031267,0.0,-1.0
DDX28,0.12808652,0.0,0.0
DDX31,0.2559528,0.0,0.0
DDX39A,0.5042702,1.0,0.0
DDX39B,0.5785756,1.0,0.0
DDX3X,0.71549547,1.0,1.0
DDX3Y,0.4411297,0.0,-1.0
DDX4,0.20367879,0.0,1.0
DDX41,0.341209,0.0,1.0
DDX42,0.48226836,0.0,0.0
DDX43,0.12227847,0.0,-1.0
DDX46,0.39154172,0.0,0.0
DDX47,0.2157493,0.0,0.0
DDX49,0.11127836,0.0,0.0
DDX5,0.68316686,1.0,1.0
DDX50,0.3242988,0.0,-1.0
DDX51,0.18930888,0.0,-1.0
DDX52,0.25381458,0.0,0.0
DDX53,0.1320475,0.0,0.0
DDX54,0.28076252,0.0,-1.0
DDX55,0.17652103,0.0,-1.0
DDX56,0.19391257,0.0,0.0
DDX58,0.5514872,1.0,-1.0
DDX59,0.1450847,0.0,0.0
DDX6,0.5254255,1.0,1.0
DDX60,0.35317093,0.0,0.0
DDX60L,0.24927618,0.0,-1.0
DEAF1,0.20888335,0.0,0.0
DECR1,0.21382228,0.0,0.0
DECR2,0.091509715,0.0,0.0
DEDD,0.2581142,0.0,0.0
DEDD2,0.27495396,0.0,0.0
DEF6,0.43449032,0.0,0.0
DEF8,0.1731141,0.0,0.0
DEFA1,0.11270688,0.0,-1.0
DEFA1B,0.027355332,0.0,-1.0
DEFA3,0.029397298,0.0,-1.0
DEFA4,0.12851402,0.0,-1.0
DEFA5,0.2100363,0.0,-1.0
DEFA6,0.14580679,0.0,-1.0
DEFB1,0.0028390046,0.0,-1.0
DEFB103A,0.0018602232,0.0,0.0
DEFB103B,4.9147225e-06,0.0,0.0
DEFB104A,4.3188766e-07,0.0,0.0
DEFB104B,3.19759e-11,0.0,0.0
DEFB105A,1.3337745e-06,0.0,0.0
DEFB105B,3.8864973e-06,0.0,0.0
DEFB106B,1.0157165e-08,0.0,0.0
DEFB108B,1.9935392e-06,0.0,0.0
DEFB110,3.4482555e-06,0.0,0.0
DEFB114,2.769644e-07,0.0,0.0
DEFB115,1.2188171e-13,0.0,-1.0
DEFB118,8.649452e-14,0.0,0.0
DEFB119,1.8960265e-05,0.0,0.0
DEFB121,0.001832355,0.0,0.0
DEFB123,0.006411326,0.0,0.0
DEFB124,3.453086e-13,0.0,0.0
DEFB125,2.2757353e-16,0.0,0.0
DEFB126,0.15447077,0.0,0.0
DEFB127,0.0020898113,0.0,0.0
DEFB129,6.110801e-05,0.0,-1.0
DEFB130B,0.0004297346,0.0,0.0
DEFB131A,0.018731365,0.0,0.0
DEFB132,5.142811e-07,0.0,0.0
DEFB136,1.7090058e-07,0.0,0.0
DEFB4A,0.0026447289,0.0,0.0
DEFB4B,0.00214669,0.0,0.0
DEGS1,0.19720659,0.0,0.0
DEGS2,0.01614392,0.0,0.0
DEK,0.6512913,1.0,1.0
DELE1,0.20684531,0.0,0.0
DENND10,0.007907175,0.0,0.0
DENND10P1,1.4792315e-06,0.0,0.0
DENND11,0.17458588,0.0,-1.0
DENND1A,0.3548185,0.0,0.0
DENND1B,0.23453648,0.0,0.0
DENND1C,0.35221678,0.0,0.0
DENND2A,0.15705928,0.0,0.0
DENND2B,0.5808199,1.0,-1.0
DENND2C,0.09080922,0.0,0.0
DENND2D,0.23405693,0.0,0.0
DENND3,0.46975923,0.0,0.0
DENND4A,0.64001966,1.0,0.0
DENND4B,0.22535786,0.0,-1.0
DENND4C,0.32961825,0.0,0.0
DENND5A,0.6065874,1.0,0.0
DENND5B,0.13686973,0.0,0.0
DENND6A,0.38661736,0.0,0.0
DENND6B,0.13577175,0.0,0.0
DENR,0.18071935,0.0,-1.0
DEPDC1,0.59864575,1.0,0.0
DEPDC1B,0.6230529,1.0,0.0
DEPDC4,0.18793906,0.0,-1.0
DEPDC5,0.38900694,0.0,-1.0
DEPDC7,0.3933581,0.0,0.0
DEPP1,0.6010486,1.0,0.0
DEPTOR,0.3222353,0.0,0.0
DERA,0.11123661,0.0,0.0
DERL1,0.3701686,0.0,-1.0
DERL2,0.062447283,0.0,0.0
DERL3,0.17427188,0.0,0.0
DES,0.6910527,1.0,-1.0
DESI1,0.1304003,0.0,0.0
DESI2,0.35779884,0.0,0.0
DET1,0.21237697,0.0,0.0
DEUP1,0.10626304,0.0,0.0
DEXI,0.057623465,0.0,0.0
DFFA,0.3132127,0.0,0.0
DFFB,0.24711935,0.0,0.0
DGAT1,0.08912144,0.0,0.0
DGAT2,0.036791615,0.0,0.0
DGAT2L6,0.057324603,0.0,-1.0
DGCR2,0.113712326,0.0,0.0
DGCR6,0.1315338,0.0,0.0
DGCR6L,0.19780046,0.0,0.0
DGCR8,0.3768323,0.0,1.0
DGKA,0.6435444,1.0,-1.0
DGKB,0.21778685,0.0,-1.0
DGKD,0.22629829,0.0,-1.0
DGKE,0.10900999,0.0,-1.0
DGKG,0.41546047,0.0,-1.0
DGKH,0.11537106,0.0,-1.0
DGKI,0.078402124,0.0,-1.0
DGKK,0.15766908,0.0,-1.0
DGKQ,0.26262602,0.0,-1.0
DGKZ,0.3490571,0.0,-1.0
DGLUCY,0.12609266,0.0,0.0
DGUOK,0.18181449,0.0,0.0
DHCR24,0.28964356,0.0,0.0
DHCR7,0.2713992,0.0,-1.0
DHDDS,0.12046706,0.0,-1.0
DHDH,0.07539231,0.0,0.0
DHFR,0.6570063,1.0,-1.0
DHFR2,0.12500422,0.0,0.0
DHH,0.42294094,0.0,-1.0
DHODH,0.2104289,0.0,-1.0
DHPS,0.105583616,0.0,0.0
DHRS1,0.020616064,0.0,-1.0
DHRS11,0.10290015,0.0,0.0
DHRS12,0.06900518,0.0,0.0
DHRS13,0.05915433,0.0,0.0
DHRS2,0.279052,0.0,0.0
DHRS3,0.20507498,0.0,-1.0
DHRS4,0.062455148,0.0,0.0
DHRS4L2,0.035945754,0.0,0.0
DHRS7,0.063044064,0.0,0.0
DHRS7B,0.07353048,0.0,0.0
DHRS7C,0.03128648,0.0,0.0
DHRS9,0.13631928,0.0,0.0
DHRSX,0.049436003,0.0,0.0
DHTKD1,0.10540593,0.0,-1.0
DHX15,0.45358115,0.0,-1.0
DHX16,0.2941268,0.0,-1.0
DHX29,0.31602073,0.0,0.0
DHX30,0.2452276,0.0,-1.0
DHX32,0.17259973,0.0,0.0
DHX33,0.19237922,0.0,0.0
DHX34,0.1737051,0.0,0.0
DHX35,0.24359855,0.0,-1.0
DHX36,0.46840635,0.0,-1.0
DHX37,0.21303862,0.0,0.0
DHX38,0.34798953,0.0,0.0
DHX40,0.22525847,0.0,0.0
DHX57,0.18312858,0.0,0.0
DHX58,0.18798527,0.0,-1.0
DHX8,0.5020106,1.0,0.0
DHX9,0.69645494,1.0,-1.0
DIABLO,0.11675242,0.0,-1.0
DIAPH1,0.7759813,1.0,-1.0
DIAPH2,0.5707931,1.0,-1.0
DIAPH3,0.6267289,1.0,0.0
DICER1,0.9299636,1.0,1.0
DIDO1,0.523544,1.0,0.0
DIMT1,0.2099031,0.0,0.0
DIO1,0.14166555,0.0,0.0
DIO2,0.24197431,0.0,-1.0
DIO3,0.28360945,0.0,0.0
DIP2A,0.38101563,0.0,0.0
DIP2B,0.29426545,0.0,0.0
DIP2C,0.1453657,0.0,-1.0
DIPK1A,0.032451015,0.0,0.0
DIPK1B,0.013712876,0.0,0.0
DIPK1C,0.003972234,0.0,0.0
DIPK2A,0.070596166,0.0,0.0
DIPK2B,0.34548035,0.0,0.0
DIRAS1,0.30688527,0.0,0.0
DIRAS2,0.36775392,0.0,0.0
DIRAS3,0.4114482,0.0,-1.0
DIRC1,0.06792249,0.0,-1.0
DIRC3,4.9709466e-05,0.0,-1.0
DIS3,0.44523343,0.0,1.0
DIS3L,0.14793302,0.0,0.0
DIS3L2,0.19583039,0.0,-1.0
DISC1,0.56230825,1.0,0.0
DISP1,0.016854495,0.0,-1.0
DISP2,0.00848074,0.0,-1.0
DISP3,0.0009802595,0.0,-1.0
DIXDC1,0.25854498,0.0,0.0
DKC1,0.3538414,0.0,-1.0
DKK1,0.6010437,1.0,-1.0
DKK2,0.24885747,0.0,-1.0
DKK3,0.5339804,1.0,-1.0
DKK4,0.2947551,0.0,-1.0
DKKL1,0.060593713,0.0,0.0
DLAT,0.31558836,0.0,-1.0
DLC1,0.62051827,1.0,-1.0
DLD,0.23643352,0.0,-1.0
DLEC1,0.28915662,0.0,-1.0
DLEU1,0.20206209,0.0,-1.0
DLG1,0.92132413,1.0,-1.0
DLG2,0.86732095,1.0,-1.0
DLG3,0.8664514,1.0,-1.0
DLG4,0.78273165,1.0,0.0
DLG5,0.6297784,1.0,0.0
DLGAP1,0.4358445,0.0,-1.0
DLGAP2,0.38304377,0.0,0.0
DLGAP3,0.20077665,0.0,0.0
DLGAP4,0.31066868,0.0,0.0
DLGAP5,0.5723385,1.0,-1.0
DLK1,0.34435332,0.0,-1.0
DLK2,0.20337528,0.0,0.0
DLL1,0.6617677,1.0,-1.0
DLL3,0.40679753,0.0,-1.0
DLL4,0.5991094,1.0,-1.0
DLST,0.32494286,0.0,-1.0
DLX1,0.6102822,1.0,0.0
DLX2,0.6756507,1.0,-1.0
DLX3,0.34901997,0.0,-1.0
DLX4,0.63824826,1.0,-1.0
DLX5,0.6632824,1.0,-1.0
DLX6,0.39494145,0.0,-1.0
DLX6-AS1,1.1119498e-08,0.0,0.0
DMAC1,0.10184755,0.0,0.0
DMAC2,0.13884978,0.0,0.0
DMAC2L,0.052510798,0.0,0.0
DMAP1,0.52374166,1.0,0.0
DMBT1,0.26679745,0.0,-1.0
DMBX1,0.23502849,0.0,0.0
DMC1,0.68450135,1.0,0.0
DMD,0.87935615,1.0,-1.0
DMGDH,0.049442314,0.0,0.0
DMKN,0.05394433,0.0,0.0
DMP1,0.20279562,0.0,-1.0
DMPK,0.44064912,0.0,-1.0
DMRT1,0.0891563,0.0,0.0
DMRT2,0.05062979,0.0,0.0
DMRT3,0.044799812,0.0,0.0
DMRTA1,0.034320243,0.0,0.0
DMRTA2,0.06875981,0.0,0.0
DMRTB1,0.010831014,0.0,0.0
DMRTC2,0.10037372,0.0,0.0
DMTF1,0.73670554,1.0,-1.0
DMTN,0.45995495,0.0,0.0
DMWD,0.41440588,0.0,0.0
DMXL1,0.4920615,0.0,-1.0
DMXL2,0.5339443,1.0,-1.0
DNA2,0.6799127,1.0,0.0
DNAAF1,0.10469761,0.0,-1.0
DNAAF10,0.16604118,0.0,0.0
DNAAF11,0.18646687,0.0,0.0
DNAAF2,0.30953977,0.0,-1.0
DNAAF3,0.29622814,0.0,0.0
DNAAF4,0.08134016,0.0,-1.0
DNAAF5,0.26359665,0.0,-1.0
DNAAF6,0.10977169,0.0,0.0
DNAAF8,0.08835341,0.0,0.0
DNAAF9,0.27646163,0.0,0.0
DNAH1,0.37011743,0.0,-1.0
DNAH10,0.2772415,0.0,0.0
DNAH11,0.35508296,0.0,-1.0
DNAH14,0.35521293,0.0,-1.0
DNAH17,0.25619268,0.0,0.0
DNAH2,0.37186712,0.0,-1.0
DNAH3,0.43201685,0.0,-1.0
DNAH5,0.30945212,0.0,-1.0
DNAH6,0.355189,0.0,0.0
DNAH7,0.4714205,0.0,-1.0
DNAH8,0.35068136,0.0,-1.0
DNAH9,0.26628402,0.0,-1.0
DNAI1,0.18900727,0.0,-1.0
DNAI2,0.12347388,0.0,-1.0
DNAI3,0.07721999,0.0,0.0
DNAI4,0.23577479,0.0,0.0
DNAI7,0.07215047,0.0,0.0
DNAJA1,0.5846452,1.0,0.0
DNAJA2,0.5373058,1.0,0.0
DNAJA3,0.35278326,0.0,-1.0
DNAJA4,0.76625633,1.0,0.0
DNAJB1,0.6755064,1.0,1.0
DNAJB11,0.25011733,0.0,0.0
DNAJB12,0.23494402,0.0,0.0
DNAJB13,0.29536596,0.0,0.0
DNAJB14,0.55901796,1.0,0.0
DNAJB2,0.33610892,0.0,-1.0
DNAJB3,0.18556307,0.0,0.0
DNAJB4,0.60887986,1.0,0.0
DNAJB5,0.5512375,1.0,0.0
DNAJB6,0.46707532,0.0,0.0
DNAJB7,0.16661811,0.0,0.0
DNAJB8,0.06940088,0.0,0.0
DNAJB9,0.23312195,0.0,-1.0
DNAJC1,0.1481585,0.0,0.0
DNAJC10,0.31312606,0.0,0.0
DNAJC11,0.13601543,0.0,0.0
DNAJC12,0.19873372,0.0,0.0
DNAJC13,0.61391526,1.0,0.0
DNAJC14,0.14299354,0.0,0.0
DNAJC15,0.097574696,0.0,0.0
DNAJC16,0.2974628,0.0,0.0
DNAJC17,0.16837098,0.0,0.0
DNAJC18,0.12429884,0.0,0.0
DNAJC19,0.06493362,0.0,-1.0
DNAJC2,0.26396507,0.0,0.0
DNAJC21,0.20830373,0.0,0.0
DNAJC22,0.20635438,0.0,0.0
DNAJC24,0.20448051,0.0,-1.0
DNAJC25,0.111712776,0.0,0.0
DNAJC25-GNG10,0.12315192,0.0,0.0
DNAJC27,0.1916238,0.0,0.0
DNAJC28,0.13410966,0.0,-1.0
DNAJC3,0.13647375,0.0,0.0
DNAJC30,0.1501049,0.0,0.0
DNAJC4,0.40029794,0.0,0.0
DNAJC5,0.26925758,0.0,-1.0
DNAJC5B,0.10772626,0.0,0.0
DNAJC5G,0.0635408,0.0,0.0
DNAJC6,0.65537626,1.0,-1.0
DNAJC7,0.4890388,0.0,0.0
DNAJC8,0.11666056,0.0,0.0
DNAJC9,0.4879354,0.0,-1.0
DNAL1,0.09114251,0.0,-1.0
DNAL4,0.10742619,0.0,-1.0
DNALI1,0.20905368,0.0,0.0
DNASE1,0.38773444,0.0,-1.0
DNASE1L1,0.09475682,0.0,0.0
DNASE1L2,0.33306238,0.0,0.0
DNASE1L3,0.34894216,0.0,-1.0
DNASE2,0.12866351,0.0,0.0
DNASE2B,0.09099038,0.0,0.0
DND1,0.112591244,0.0,-1.0
DNER,0.18046269,0.0,-1.0
DNHD1,0.46648598,0.0,0.0
DNLZ,0.078690365,0.0,0.0
DNM1,0.8399037,1.0,0.0
DNM1L,0.5014221,1.0,0.0
DNM2,0.86558837,1.0,1.0
DNM3,0.41271475,0.0,0.0
DNMBP,0.43528295,0.0,-1.0
DNMT1,0.8558104,1.0,1.0
DNMT3A,0.7460811,1.0,1.0
DNMT3B,0.7919155,1.0,1.0
DNMT3L,0.5886101,1.0,0.0
DNPEP,0.16050102,0.0,0.0
DNPH1,0.042954266,0.0,0.0
DNTT,0.5735718,1.0,0.0
DNTTIP1,0.31890208,0.0,0.0
DNTTIP2,0.21310882,0.0,0.0
DOC2A,0.2509989,0.0,0.0
DOC2B,0.30656916,0.0,0.0
DOCK1,0.69086885,1.0,-1.0
DOCK10,0.40308455,0.0,0.0
DOCK11,0.5187683,1.0,0.0
DOCK2,0.5685568,1.0,-1.0
DOCK3,0.37531433,0.0,0.0
DOCK4,0.7315689,1.0,-1.0
DOCK5,0.4991721,0.0,0.0
DOCK6,0.23217139,0.0,0.0
DOCK7,0.5126294,1.0,0.0
DOCK8,0.5258622,1.0,-1.0
DOCK8-AS1,0.002777031,0.0,0.0
DOCK9,0.46950603,0.0,0.0
DOHH,0.26033723,0.0,0.0
DOK1,0.6614424,1.0,0.0
DOK2,0.5164971,1.0,0.0
DOK3,0.25253406,0.0,0.0
DOK4,0.05429918,0.0,0.0
DOK5,0.3271952,0.0,0.0
DOK6,0.1494441,0.0,-1.0
DOK7,0.069237046,0.0,-1.0
DOLK,0.09762514,0.0,-1.0
DOLPP1,0.17779917,0.0,0.0
DONSON,0.556191,1.0,0.0
DOP1A,0.5937191,1.0,0.0
DOP1B,0.19752668,0.0,-1.0
DOT1L,0.57968247,1.0,1.0
DPAGT1,0.06280793,0.0,-1.0
DPCD,0.118375696,0.0,0.0
DPEP1,0.13631584,0.0,0.0
DPEP2,0.24721982,0.0,0.0
DPEP3,0.19793452,0.0,0.0
DPF1,0.4034111,0.0,0.0
DPF2,0.38205093,0.0,0.0
DPF3,0.3419978,0.0,0.0
DPH1,0.18774591,0.0,-1.0
DPH2,0.12987489,0.0,0.0
DPH3,0.085011065,0.0,-1.0
DPH5,0.09121374,0.0,0.0
DPH6,0.14478166,0.0,0.0
DPH7,0.17113887,0.0,0.0
DPM1,0.23037884,0.0,-1.0
DPM2,0.06428502,0.0,0.0
DPM3,0.02228706,0.0,0.0
DPP10,0.116011366,0.0,-1.0
DPP3,0.122910164,0.0,0.0
DPP4,0.48024848,0.0,-1.0
DPP6,0.4187341,0.0,-1.0
DPP7,0.12484474,0.0,-1.0
DPP8,0.46625873,0.0,0.0
DPP9,0.10305971,0.0,0.0
DPPA2,0.12016137,0.0,0.0
DPPA3,0.09219339,0.0,0.0
DPPA4,0.23111176,0.0,-1.0
DPPA5,0.0080328,0.0,0.0
DPRX,0.12127676,0.0,0.0
DPT,0.36613867,0.0,-1.0
DPY19L1,0.1885971,0.0,0.0
DPY19L2,0.08915126,0.0,0.0
DPY19L3,0.083437525,0.0,-1.0
DPY19L4,0.19997993,0.0,0.0
DPY30,0.10787444,0.0,0.0
DPYD,0.81196564,1.0,-1.0
DPYS,0.11966108,0.0,-1.0
DPYSL2,0.79799235,1.0,0.0
DPYSL3,0.74692273,1.0,0.0
DPYSL4,0.38347846,0.0,0.0
DPYSL5,0.16880833,0.0,0.0
DQX1,0.1540776,0.0,0.0
DR1,0.46622452,0.0,0.0
DRAM1,0.40910053,0.0,-1.0
DRAM2,0.097959384,0.0,0.0
DRAP1,0.20776881,0.0,0.0
DRAXIN,0.012143343,0.0,0.0
DRC1,0.060271822,0.0,0.0
DRC3,0.36660326,0.0,0.0
DRC7,0.048588824,0.0,0.0
DRD1,0.34871668,0.0,0.0
DRD2,0.5205792,1.0,-1.0
DRD3,0.41466415,0.0,-1.0
DRD4,0.3820844,0.0,0.0
DRD5,0.38417917,0.0,-1.0
DRG1,0.12523511,0.0,0.0
DRG2,0.13209945,0.0,0.0
DRGX,0.3137086,0.0,0.0
DRICH1,0.07115892,0.0,0.0
DROSHA,0.73395336,1.0,1.0
DRP2,0.41871718,0.0,0.0
DSC1,0.2681749,0.0,-1.0
DSC2,0.5348622,1.0,-1.0
DSC3,0.47514594,0.0,-1.0
DSCAM,0.49114424,0.0,0.0
DSCAML1,0.13509102,0.0,0.0
DSCC1,0.563491,1.0,-1.0
DSCR4,0.27150646,0.0,0.0
DSCR8,0.05604863,0.0,0.0
DSE,0.63176066,1.0,-1.0
DSEL,0.10485778,0.0,-1.0
DSG1,0.42206237,0.0,-1.0
DSG2,0.6840441,1.0,-1.0
DSG3,0.36857948,0.0,0.0
DSG4,0.08379089,0.0,-1.0
DSN1,0.6276695,1.0,0.0
DSP,0.86766636,1.0,-1.0
DSPP,0.25848827,0.0,-1.0
DST,0.898309,1.0,-1.0
DSTN,0.48571587,0.0,0.0
DSTYK,0.71938485,1.0,0.0
DTD1,0.1513592,0.0,0.0
DTD2,0.13724732,0.0,0.0
DTHD1,0.0009902507,0.0,-1.0
DTL,0.6186403,1.0,-1.0
DTNA,0.4242006,0.0,-1.0
DTNB,0.6176909,1.0,0.0
DTNBP1,0.27649274,0.0,-1.0
DTWD1,0.1483316,0.0,0.0
DTWD2,0.18312028,0.0,-1.0
DTX1,0.34376377,0.0,1.0
DTX2,0.16072242,0.0,-1.0
DTX3,0.24093191,0.0,-1.0
DTX3L,0.26978308,0.0,0.0
DTX4,0.26365617,0.0,-1.0
DTYMK,0.3424717,0.0,0.0
DUOX1,0.3244756,0.0,0.0
DUOX2,0.19796486,0.0,-1.0
DUOXA1,0.07911689,0.0,0.0
DUOXA2,0.022871563,0.0,-1.0
DUS1L,0.056153484,0.0,0.0
DUS2,0.1361549,0.0,0.0
DUS3L,0.163072,0.0,0.0
DUS4L,0.19142182,0.0,0.0
DUSP1,0.9334882,1.0,-1.0
DUSP10,0.7805766,1.0,-1.0
DUSP11,0.2082676,0.0,0.0
DUSP12,0.5430235,1.0,0.0
DUSP13,0.6204771,1.0,0.0
DUSP14,0.16092691,0.0,0.0
DUSP15,0.6138332,1.0,0.0
DUSP16,0.6871081,1.0,-1.0
DUSP18,0.60594654,1.0,0.0
DUSP19,0.65661883,1.0,0.0
DUSP2,0.79402477,1.0,-1.0
DUSP21,0.5748259,1.0,0.0
DUSP22,0.6825533,1.0,1.0
DUSP23,0.5681056,1.0,0.0
DUSP26,0.66506296,1.0,-1.0
DUSP28,0.554321,1.0,0.0
DUSP29,0.37919658,0.0,0.0
DUSP3,0.797478,1.0,0.0
DUSP4,0.8624709,1.0,1.0
DUSP5,0.90213406,1.0,0.0
DUSP6,0.91633356,1.0,-1.0
DUSP7,0.76699936,1.0,-1.0
DUSP8,0.5859575,1.0,0.0
DUSP9,0.79424334,1.0,-1.0
DUT,0.48345232,0.0,0.0
DUX1,0.17368437,0.0,0.0
DUX5,0.08884658,0.0,0.0
DUXA,0.053096373,0.0,-1.0
DVL1,0.89539206,1.0,-1.0
DVL1P1,0.35393193,0.0,0.0
DVL2,0.8831399,1.0,-1.0
DVL3,0.8670412,1.0,-1.0
DXO,0.122469634,0.0,0.0
DYDC1,0.05276481,0.0,0.0
DYDC2,0.024344891,0.0,0.0
DYM,0.22082856,0.0,-1.0
DYNC1H1,0.8170223,1.0,-1.0
DYNC1I1,0.607895,1.0,-1.0
DYNC1I2,0.40104428,0.0,0.0
DYNC1LI1,0.29456544,0.0,0.0
DYNC1LI2,0.4539398,0.0,0.0
DYNC2H1,0.53431016,1.0,-1.0
DYNC2I1,0.16011083,0.0,0.0
DYNC2I2,0.16157879,0.0,0.0
DYNC2LI1,0.14263675,0.0,0.0
DYNLL1,0.36523595,0.0,-1.0
DYNLL2,0.33222267,0.0,0.0
DYNLRB1,0.07699815,0.0,0.0
DYNLRB2,0.059700947,0.0,0.0
DYNLT1,0.22878234,0.0,0.0
DYNLT2,0.072023526,0.0,0.0
DYNLT2B,0.061577007,0.0,0.0
DYNLT3,0.17258182,0.0,0.0
DYNLT4,0.16933778,0.0,0.0
DYNLT5,0.07526261,0.0,0.0
DYRK1A,0.91398823,1.0,-1.0
DYRK1B,0.75878066,1.0,-1.0
DYRK2,0.87334037,1.0,0.0
DYRK3,0.22732635,0.0,0.0
DYRK4,0.57516104,1.0,0.0
DYSF,0.32180288,0.0,-1.0
DZANK1,0.023853708,0.0,0.0
DZIP1,0.35663527,0.0,0.0
DZIP1L,0.10142527,0.0,0.0
DZIP3,0.3858663,0.0,0.0
E2F1,0.9194613,1.0,-1.0
E2F2,0.79973876,1.0,-1.0
E2F3,0.8775266,1.0,1.0
E2F4,0.93030834,1.0,-1.0
E2F5,0.7200981,1.0,0.0
E2F6,0.52377844,1.0,-1.0
E2F7,0.5012357,1.0,-1.0
E2F8,0.546994,1.0,0.0
E4F1,0.44623125,0.0,0.0
EAF1,0.20334053,0.0,0.0
EAF2,0.21406673,0.0,-1.0
EAPP,0.08357599,0.0,0.0
EARS2,0.18140517,0.0,0.0
EBAG9,0.07675501,0.0,-1.0
EBF1,0.6563632,1.0,1.0
EBF2,0.23172125,0.0,0.0
EBF3,0.23009476,0.0,0.0
EBF4,0.09007228,0.0,0.0
EBI3,0.36884856,0.0,0.0
EBLN2,0.17547022,0.0,0.0
EBNA1BP2,0.1235441,0.0,0.0
EBP,0.1853381,0.0,-1.0
EBPL,0.09003148,0.0,0.0
ECD,0.24537821,0.0,0.0
ECE1,0.5420564,1.0,0.0
ECE2,0.39355934,0.0,0.0
ECEL1,0.22934689,0.0,0.0
ECH1,0.08118753,0.0,0.0
ECHDC1,0.09319911,0.0,0.0
ECHDC2,0.1039437,0.0,0.0
ECHDC3,0.1008088,0.0,0.0
ECHS1,0.06399226,0.0,0.0
ECI1,0.039736956,0.0,0.0
ECI2,0.052457113,0.0,0.0
ECM1,0.5322232,1.0,-1.0
ECM2,0.45242488,0.0,0.0
ECPAS,0.5146488,1.0,0.0
ECRG4,0.030706769,0.0,0.0
ECSCR,0.0044276803,0.0,0.0
ECSIT,0.09562049,0.0,0.0
ECT2,0.71549946,1.0,-1.0
ECT2L,0.09104047,0.0,1.0
EDA,0.4185593,0.0,-1.0
EDA2R,0.12950677,0.0,0.0
EDAR,0.42860183,0.0,-1.0
EDARADD,0.33102453,0.0,-1.0
EDC3,0.31522837,0.0,0.0
EDC4,0.27446178,0.0,-1.0
EDDM3A,0.124995306,0.0,0.0
EDDM3B,0.010962467,0.0,0.0
EDEM1,0.22028573,0.0,-1.0
EDEM2,0.07721062,0.0,0.0
EDEM3,0.37531403,0.0,0.0
EDF1,0.039884895,0.0,0.0
EDIL3,0.4036266,0.0,-1.0
EDN1,0.85519177,1.0,-1.0
EDN2,0.40432262,0.0,0.0
EDN3,0.4065668,0.0,-1.0
EDNRA,0.7076701,1.0,-1.0
EDNRB,0.61042994,1.0,-1.0
EDRF1,0.39340606,0.0,-1.0
EEA1,0.52618265,1.0,0.0
EED,0.7884374,1.0,1.0
EEF1A1,0.83716744,1.0,-1.0
EEF1A1P5,0.035178315,0.0,0.0
EEF1A2,0.71725315,1.0,-1.0
EEF1AKMT1,0.100000896,0.0,0.0
EEF1AKMT2,0.11799573,0.0,0.0
EEF1AKMT3,0.30430633,0.0,0.0
EEF1B2,0.22888896,0.0,0.0
EEF1B2P5,0.02150047,0.0,0.0
EEF1D,0.33084604,0.0,-1.0
EEF1DP3,2.581336e-07,0.0,0.0
EEF1E1,0.17691503,0.0,0.0
EEF1E1-BLOC1S5,0.1341589,0.0,0.0
EEF1G,0.4788876,0.0,0.0
EEF2,0.67378414,1.0,-1.0
EEF2K,0.2586079,0.0,-1.0
EEF2KMT,0.2020117,0.0,0.0
EEFSEC,0.09807814,0.0,0.0
EEPD1,0.12182571,0.0,0.0
EFCAB1,0.15672769,0.0,0.0
EFCAB10,0.023443863,0.0,0.0
EFCAB11,0.28564873,0.0,0.0
EFCAB12,0.0043191705,0.0,0.0
EFCAB13,0.10986273,0.0,0.0
EFCAB14,0.3178996,0.0,0.0
EFCAB2,0.1658546,0.0,0.0
EFCAB3,0.100452974,0.0,0.0
EFCAB5,0.058618475,0.0,0.0
EFCAB6,0.22655767,0.0,0.0
EFCAB7,0.25811106,0.0,0.0
EFCAB9,0.072659746,0.0,0.0
EFCC1,0.1824233,0.0,0.0
EFEMP1,0.54425853,1.0,-1.0
EFEMP2,0.3187136,0.0,-1.0
EFHB,0.045441333,0.0,0.0
EFHC1,0.13536371,0.0,-1.0
EFHC2,0.28957728,0.0,0.0
EFHD1,0.21066749,0.0,-1.0
EFHD2,0.28498378,0.0,-1.0
EFL1,0.21980628,0.0,0.0
EFNA1,0.7988359,1.0,-1.0
EFNA2,0.5059999,1.0,-1.0
EFNA3,0.51483893,1.0,-1.0
EFNA4,0.47346577,0.0,-1.0
EFNA5,0.6136405,1.0,-1.0
EFNB1,0.8433839,1.0,0.0
EFNB2,0.8714812,1.0,0.0
EFNB3,0.7121033,1.0,0.0
EFR3A,0.35298657,0.0,0.0
EFR3B,0.29671547,0.0,0.0
EFS,0.47837076,0.0,0.0
EFTUD2,0.3945357,0.0,-1.0
EGF,0.95532304,1.0,-1.0
EGFL6,0.20860246,0.0,-1.0
EGFL7,0.30719742,0.0,1.0
EGFL8,0.10139903,0.0,0.0
EGFLAM,0.23215617,0.0,0.0
EGFR,0.9952332,1.0,1.0
EGLN1,0.60718995,1.0,-1.0
EGLN2,0.42640212,0.0,-1.0
EGLN3,0.73081815,1.0,-1.0
EGOT,2.6897275e-17,0.0,0.0
EGR1,0.97066927,1.0,1.0
EGR2,0.91262484,1.0,-1.0
EGR3,0.8352634,1.0,-1.0
EGR4,0.524128,1.0,0.0
EHBP1,0.6964437,1.0,-1.0
EHBP1L1,0.34289268,0.0,0.0
EHD1,0.44831312,0.0,0.0
EHD2,0.4283171,0.0,0.0
EHD3,0.25578043,0.0,0.0
EHD4,0.28541812,0.0,0.0
EHF,0.4195782,0.0,-1.0
EHHADH,0.12265516,0.0,0.0
EHMT1,0.7479119,1.0,-1.0
EHMT2,0.8256184,1.0,-1.0
EI24,0.09970712,0.0,-1.0
EID1,0.18608575,0.0,0.0
EID2,0.31623387,0.0,0.0
EID2B,0.17127036,0.0,0.0
EID3,0.22828534,0.0,0.0
EIF1,0.21527174,0.0,0.0
EIF1AD,0.22312552,0.0,0.0
EIF1AX,0.27612746,0.0,1.0
EIF1AY,0.14017919,0.0,0.0
EIF1B,0.13840452,0.0,-1.0
EIF2A,0.25533226,0.0,0.0
EIF2AK1,0.4298794,0.0,-1.0
EIF2AK2,0.58290523,1.0,-1.0
EIF2AK3,0.6409911,1.0,-1.0
EIF2AK4,0.22568634,0.0,-1.0
EIF2B1,0.2357681,0.0,-1.0
EIF2B2,0.14547408,0.0,-1.0
EIF2B3,0.1840348,0.0,-1.0
EIF2B4,0.17175229,0.0,-1.0
EIF2B5,0.24507235,0.0,-1.0
EIF2D,0.11875692,0.0,0.0
EIF2S1,0.30604458,0.0,0.0
EIF2S2,0.31806964,0.0,-1.0
EIF2S3,0.44880468,0.0,0.0
EIF3A,0.5125437,1.0,-1.0
EIF3B,0.317852,0.0,0.0
EIF3C,0.3565501,0.0,-1.0
EIF3CL,0.23526257,0.0,0.0
EIF3D,0.22026828,0.0,0.0
EIF3E,0.24417675,0.0,1.0
EIF3F,0.23760092,0.0,-1.0
EIF3FP3,0.07512411,0.0,0.0
EIF3G,0.06015413,0.0,-1.0
EIF3H,0.11473385,0.0,0.0
EIF3I,0.14536822,0.0,-1.0
EIF3J,0.110692754,0.0,0.0
EIF3K,0.039622407,0.0,0.0
EIF3L,0.1565314,0.0,0.0
EIF3M,0.197831,0.0,0.0
EIF4A1,0.55364585,1.0,-1.0
EIF4A2,0.57598996,1.0,1.0
EIF4A3,0.43690085,0.0,0.0
EIF4B,0.29767713,0.0,-1.0
EIF4E,0.5422544,1.0,1.0
EIF4E1B,0.34800896,0.0,0.0
EIF4E2,0.2266149,0.0,0.0
EIF4E3,0.20701565,0.0,0.0
EIF4EBP1,0.3614992,0.0,-1.0
EIF4EBP2,0.30067265,0.0,0.0
EIF4EBP3,0.16180448,0.0,0.0
EIF4ENIF1,0.4365793,0.0,0.0
EIF4G1,0.51658624,1.0,-1.0
EIF4G2,0.40261215,0.0,0.0
EIF4G3,0.40426064,0.0,0.0
EIF4H,0.3548793,0.0,0.0
EIF5,0.3068933,0.0,0.0
EIF5A,0.46947834,0.0,-1.0
EIF5A2,0.24901676,0.0,-1.0
EIF5AL1,0.23683152,0.0,0.0
EIF5B,0.38703835,0.0,0.0
EIF6,0.14730161,0.0,0.0
EIPR1,0.119845465,0.0,0.0
ELAC1,0.06797806,0.0,0.0
ELAC2,0.19002838,0.0,-1.0
ELANE,0.3382073,0.0,-1.0
ELAPOR1,0.08062644,0.0,0.0
ELAVL1,0.8399924,1.0,-1.0
ELAVL2,0.62456626,1.0,-1.0
ELAVL3,0.5737226,1.0,-1.0
ELAVL4,0.63463706,1.0,-1.0
ELF1,0.625039,1.0,-1.0
ELF2,0.47074178,0.0,0.0
ELF3,0.6553043,1.0,1.0
ELF4,0.5271551,1.0,1.0
ELF5,0.27317512,0.0,-1.0
ELFN1,0.08257087,0.0,0.0
ELFN2,0.2599984,0.0,0.0
ELK1,0.77258724,1.0,-1.0
ELK3,0.7846742,1.0,-1.0
ELK4,0.62657297,1.0,1.0
ELL,0.5515247,1.0,1.0
ELL2,0.384125,0.0,0.0
ELL3,0.16199097,0.0,0.0
ELMO1,0.3774954,0.0,-1.0
ELMO2,0.16657506,0.0,0.0
ELMO3,0.34934834,0.0,-1.0
ELMOD1,0.069801055,0.0,0.0
ELMOD2,0.12029045,0.0,0.0
ELMOD3,0.10630479,0.0,0.0
ELN,0.6168262,1.0,-1.0
ELOA,0.36175606,0.0,0.0
ELOA2,0.178841,0.0,0.0
ELOA3BP,0.18140839,0.0,0.0
ELOA3DP,0.2296078,0.0,0.0
ELOA3P,0.16114426,0.0,0.0
ELOB,0.08430108,0.0,-1.0
ELOC,0.15953629,0.0,-1.0
ELOF1,0.11423751,0.0,-1.0
ELOVL1,0.07240845,0.0,0.0
ELOVL2,0.10170117,0.0,0.0
ELOVL3,0.05257494,0.0,-1.0
ELOVL4,0.093698435,0.0,-1.0
ELOVL5,0.09362137,0.0,-1.0
ELOVL6,0.14644293,0.0,0.0
ELOVL7,0.06441108,0.0,0.0
ELP1,0.5352082,1.0,-1.0
ELP2,0.24746846,0.0,-1.0
ELP3,0.2986811,0.0,0.0
ELP4,0.33471894,0.0,0.0
ELP5,0.1154296,0.0,0.0
ELP6,0.15025786,0.0,0.0
ELSPBP1,0.10137714,0.0,0.0
EMB,0.092612356,0.0,0.0
EMC1,0.13653885,0.0,0.0
EMC10,0.10156303,0.0,0.0
EMC2,0.17228271,0.0,0.0
EMC3,0.08803074,0.0,0.0
EMC4,0.03578409,0.0,0.0
EMC6,0.022661334,0.0,0.0
EMC7,0.029494923,0.0,0.0
EMC8,0.0864029,0.0,0.0
EMC9,0.12389657,0.0,0.0
EMCN,0.2406018,0.0,0.0
EMD,0.6548462,1.0,-1.0
EME1,0.5468758,1.0,0.0
EME2,0.14730763,0.0,0.0
EMG1,0.11173065,0.0,-1.0
EMID1,0.1913891,0.0,0.0
EMILIN1,0.4296543,0.0,0.0
EMILIN2,0.19758178,0.0,0.0
EMILIN3,0.084889896,0.0,0.0
EML1,0.4198673,0.0,0.0
EML2,0.116502166,0.0,0.0
EML3,0.2571673,0.0,0.0
EML4,0.6805337,1.0,1.0
EML5,0.09228863,0.0,-1.0
EML6,0.11811629,0.0,0.0
EMP1,0.58133405,1.0,-1.0
EMP2,0.20560153,0.0,0.0
EMP3,0.5379894,1.0,-1.0
EMSY,0.570282,1.0,-1.0
EMX1,0.45083353,0.0,0.0
EMX2,0.32960904,0.0,-1.0
EN1,0.5351977,1.0,-1.0
EN2,0.40864733,0.0,-1.0
ENAH,0.7740046,1.0,-1.0
ENAM,0.0405295,0.0,-1.0
ENC1,0.4122945,0.0,-1.0
ENDOD1,0.11037895,0.0,0.0
ENDOG,0.062191423,0.0,0.0
ENDOU,0.123851284,0.0,0.0
ENDOV,0.10362055,0.0,0.0
ENG,0.7982279,1.0,-1.0
ENGASE,0.22051047,0.0,0.0
ENHO,0.06552645,0.0,0.0
ENKD1,0.090520665,0.0,0.0
ENKUR,0.07571228,0.0,0.0
ENO1,0.6941404,1.0,-1.0
ENO2,0.6763674,1.0,0.0
ENO3,0.516178,1.0,0.0
ENO4,0.10650708,0.0,0.0
ENOPH1,0.1683678,0.0,0.0
ENOSF1,0.21945995,0.0,0.0
ENOX1,0.20180897,0.0,0.0
ENOX2,0.29628903,0.0,-1.0
ENPEP,0.2451946,0.0,0.0
ENPP1,0.2360562,0.0,-1.0
ENPP2,0.40693536,0.0,-1.0
ENPP3,0.14273532,0.0,0.0
ENPP4,0.18168494,0.0,0.0
ENPP5,0.07270006,0.0,0.0
ENPP6,0.022518381,0.0,0.0
ENPP7,0.06737126,0.0,-1.0
ENSA,0.15643522,0.0,0.0
ENTHD1,0.06748386,0.0,0.0
ENTPD1,0.60583204,1.0,0.0
ENTPD2,0.31525296,0.0,0.0
ENTPD3,0.2548001,0.0,0.0
ENTPD4,0.22188687,0.0,0.0
ENTPD5,0.09236347,0.0,0.0
ENTPD6,0.106681205,0.0,-1.0
ENTPD7,0.12627108,0.0,0.0
ENTPD8,0.12510586,0.0,0.0
ENTR1,0.329505,0.0,0.0
ENY2,0.08291079,0.0,0.0
EOGT,0.297617,0.0,0.0
EOLA1,4.9890627e-08,0.0,0.0
EOLA2,0.20447023,0.0,0.0
EOMES,0.5326047,1.0,-1.0
EP300,0.99224913,1.0,1.0
EP400,0.8066048,1.0,1.0
EP400P1,0.1492286,0.0,0.0
EPAS1,0.8834592,1.0,1.0
EPB41,0.5896718,1.0,-1.0
EPB41L1,0.43289608,0.0,-1.0
EPB41L2,0.6173748,1.0,0.0
EPB41L3,0.69606364,1.0,-1.0
EPB41L4A,0.10073815,0.0,0.0
EPB41L4A-AS1,0.09796608,0.0,0.0
EPB41L4B,0.19330469,0.0,0.0
EPB41L5,0.4145325,0.0,0.0
EPB42,0.26690945,0.0,-1.0
EPC1,0.5338065,1.0,-1.0
EPC2,0.6071258,1.0,0.0
EPCAM,0.50845927,1.0,1.0
EPDR1,0.110635825,0.0,0.0
EPG5,0.22265123,0.0,-1.0
EPGN,0.08054587,0.0,-1.0
EPHA1,0.8032299,1.0,-1.0
EPHA10,0.46892405,0.0,0.0
EPHA2,0.9549937,1.0,-1.0
EPHA3,0.9048566,1.0,1.0
EPHA4,0.885071,1.0,-1.0
EPHA5,0.7970101,1.0,-1.0
EPHA6,0.36487743,0.0,-1.0
EPHA7,0.7567153,1.0,1.0
EPHA8,0.5826414,1.0,0.0
EPHB1,0.8695462,1.0,1.0
EPHB2,0.90674186,1.0,-1.0
EPHB3,0.9178332,1.0,-1.0
EPHB4,0.91731113,1.0,-1.0
EPHB6,0.5559275,1.0,-1.0
EPHX1,0.15382573,0.0,0.0
EPHX2,0.12638658,0.0,0.0
EPHX3,0.12700178,0.0,0.0
EPHX4,0.02809924,0.0,0.0
EPM2A,0.6529428,1.0,-1.0
EPM2AIP1,0.4366634,0.0,0.0
EPN1,0.7197805,1.0,0.0
EPN2,0.67126584,1.0,0.0
EPN3,0.40988997,0.0,0.0
EPO,0.74483496,1.0,-1.0
EPOP,0.22508103,0.0,0.0
EPOR,0.71400917,1.0,1.0
EPPIN,0.21225108,0.0,0.0
EPPIN-WFDC6,0.0039341887,0.0,0.0
EPPK1,0.6140544,1.0,-1.0
EPR1,0.01786344,0.0,0.0
EPRS1,0.38959754,0.0,-1.0
EPS15,0.865504,1.0,1.0
EPS15L1,0.7176315,1.0,-1.0
EPS8,0.84700966,1.0,-1.0
EPS8L1,0.204786,0.0,-1.0
EPS8L2,0.31118912,0.0,0.0
EPS8L3,0.15413795,0.0,0.0
EPSTI1,0.1959057,0.0,0.0
EPX,0.28313005,0.0,0.0
EPYC,0.3053254,0.0,-1.0
EQTN,0.059023827,0.0,0.0
ERAL1,0.111543916,0.0,-1.0
ERAP1,0.23252323,0.0,-1.0
ERAP2,0.12775728,0.0,0.0
ERAS,0.21249741,0.0,-1.0
ERBB2,0.98206323,1.0,1.0
ERBB3,0.9676291,1.0,1.0
ERBB4,0.951663,1.0,1.0
ERBIN,0.8705285,1.0,-1.0
ERC1,0.8106135,1.0,1.0
ERC2,0.3568854,0.0,-1.0
ERCC1,0.19414799,0.0,-1.0
ERCC2,0.5582591,1.0,1.0
ERCC3,0.5683852,1.0,1.0
ERCC4,0.73185015,1.0,1.0
ERCC5,0.61194825,1.0,1.0
ERCC6,0.7066287,1.0,-1.0
ERCC6L,0.6115992,1.0,0.0
ERCC6L2,0.4149881,0.0,-1.0
ERCC8,0.32318565,0.0,-1.0
EREG,0.7751519,1.0,-1.0
ERF,0.5337321,1.0,1.0
ERFE,0.041309267,0.0,0.0
ERG,0.75502473,1.0,1.0
ERG28,0.120035045,0.0,0.0
ERGIC1,0.14464487,0.0,0.0
ERGIC2,0.08255556,0.0,0.0
ERGIC3,0.08042404,0.0,-1.0
ERH,0.1604981,0.0,0.0
ERI1,0.23493434,0.0,-1.0
ERI2,0.25451106,0.0,0.0
ERI3,0.12838718,0.0,0.0
ERICH1,0.115152076,0.0,-1.0
ERICH2,0.10214651,0.0,0.0
ERICH3,0.092516124,0.0,0.0
ERICH5,0.121150635,0.0,0.0
ERICH6,0.043418907,0.0,0.0
ERICH6B,3.9346028e-07,0.0,0.0
ERLEC1,0.12138996,0.0,0.0
ERLIN1,0.407207,0.0,0.0
ERLIN2,0.30695677,0.0,0.0
ERMAP,0.1614068,0.0,0.0
ERMARD,0.025287049,0.0,0.0
ERMN,0.100362524,0.0,0.0
ERMP1,0.09943536,0.0,0.0
ERN1,0.7964736,1.0,-1.0
ERN2,0.4016976,0.0,-1.0
ERO1A,0.29825348,0.0,0.0
ERO1B,0.11289761,0.0,0.0
ERP27,0.11559057,0.0,0.0
ERP29,0.1034748,0.0,0.0
ERP44,0.3782947,0.0,0.0
ERRFI1,0.5938296,1.0,1.0
ERV3-1,0.019562507,0.0,0.0
ERVFRD-1,0.021838862,0.0,0.0
ERVMER34-1,0.019030914,0.0,0.0
ERVV-1,0.018037269,0.0,0.0
ERVV-2,0.010153701,0.0,0.0
ERVW-1,0.08769208,0.0,-1.0
ESAM,0.25762793,0.0,0.0
ESCO1,0.45805746,0.0,0.0
ESCO2,0.4999372,0.0,1.0
ESD,0.103912994,0.0,0.0
ESF1,0.27958325,0.0,0.0
ESM1,0.17626636,0.0,-1.0
ESPL1,0.6481558,1.0,-1.0
ESPN,0.22917178,0.0,0.0
ESPNL,0.08052209,0.0,0.0
ESR1,0.9683518,1.0,1.0
ESR2,0.87977135,1.0,-1.0
ESRP1,0.42200482,0.0,0.0
ESRP2,0.45480013,0.0,0.0
ESRRA,0.47726285,0.0,-1.0
ESRRB,0.5406425,1.0,0.0
ESRRG,0.5252296,1.0,-1.0
ESS2,0.28816754,0.0,0.0
ESX1,0.20896079,0.0,0.0
ESYT1,0.26923168,0.0,0.0
ESYT2,0.16489683,0.0,0.0
ESYT3,0.05322403,0.0,0.0
ETAA1,0.25878543,0.0,1.0
ETF1,0.28356227,0.0,0.0
ETFA,0.085149884,0.0,-1.0
ETFB,0.036198188,0.0,-1.0
ETFBKMT,0.20132929,0.0,0.0
ETFDH,0.06410051,0.0,-1.0
ETFRF1,0.09038795,0.0,0.0
ETHE1,0.077554226,0.0,0.0
ETNK1,0.2282928,0.0,1.0
ETNK2,0.17033008,0.0,0.0
ETNPPL,0.1652989,0.0,0.0
ETS1,0.94597393,1.0,-1.0
ETS2,0.9247788,1.0,-1.0
ETV1,0.72869956,1.0,1.0
ETV2,0.14297633,0.0,0.0
ETV3,0.53259385,1.0,-1.0
ETV3L,0.06400553,0.0,0.0
ETV4,0.7099173,1.0,1.0
ETV5,0.6219914,1.0,1.0
ETV6,0.8923802,1.0,1.0
ETV7,0.41312677,0.0,-1.0
EVA1A,0.19455554,0.0,0.0
EVA1B,0.16652514,0.0,0.0
EVA1C,0.0985608,0.0,0.0
EVC,0.22298542,0.0,-1.0
EVC2,0.12810183,0.0,-1.0
EVI2A,0.55222285,1.0,-1.0
EVI2B,0.5414428,1.0,0.0
EVI5,0.31395063,0.0,0.0
EVI5L,0.103900045,0.0,0.0
EVL,0.44479048,0.0,-1.0
EVPL,0.19174206,0.0,-1.0
EVPLL,0.10296376,0.0,0.0
EVX1,0.5003943,1.0,0.0
EVX2,0.34395686,0.0,0.0
EWSR1,0.7281951,1.0,1.0
EXD1,0.043550987,0.0,0.0
EXD2,0.1906521,0.0,0.0
EXD3,0.22397594,0.0,0.0
EXO1,0.738074,1.0,0.0
EXO5,0.28863084,0.0,0.0
EXOC1,0.5206816,1.0,0.0
EXOC2,0.5353832,1.0,-1.0
EXOC3,0.26798174,0.0,0.0
EXOC3-AS1,0.12828209,0.0,0.0
EXOC3L1,0.062116943,0.0,0.0
EXOC3L2,0.027215421,0.0,0.0
EXOC3L4,0.025211236,0.0,0.0
EXOC4,0.57878935,1.0,-1.0
EXOC5,0.4716063,0.0,0.0
EXOC6,0.4015483,0.0,0.0
EXOC6B,0.25101,0.0,0.0
EXOC7,0.296794,0.0,-1.0
EXOC8,0.35693225,0.0,-1.0
EXOG,0.14903875,0.0,0.0
EXOSC1,0.17599677,0.0,0.0
EXOSC10,0.3567005,0.0,0.0
EXOSC2,0.29248685,0.0,0.0
EXOSC3,0.19882251,0.0,0.0
EXOSC4,0.13426556,0.0,0.0
EXOSC5,0.11669504,0.0,0.0
EXOSC6,0.17497267,0.0,-1.0
EXOSC7,0.10816039,0.0,0.0
EXOSC8,0.24123025,0.0,0.0
EXOSC9,0.36123157,0.0,0.0
EXPH5,0.20555493,0.0,-1.0
EXT1,0.70512563,1.0,1.0
EXT2,0.22245997,0.0,1.0
EXTL1,0.20604515,0.0,0.0
EXTL2,0.21718763,0.0,0.0
EXTL3,0.27244285,0.0,0.0
EYA1,0.7259894,1.0,-1.0
EYA2,0.58657897,1.0,-1.0
EYA3,0.52753294,1.0,0.0
EYA4,0.5468555,1.0,-1.0
EYS,0.2238177,0.0,-1.0
EZH1,0.6570323,1.0,1.0
EZH2,0.89440763,1.0,1.0
EZHIP,0.24171941,0.0,1.0
EZR,0.881496,1.0,1.0
F10,0.3196814,0.0,-1.0
F11,0.18189107,0.0,-1.0
F11R,0.37738195,0.0,0.0
F12,0.1958299,0.0,-1.0
F13A1,0.4902824,0.0,-1.0
F13B,0.09818137,0.0,-1.0
F2,0.6685366,1.0,-1.0
F2R,0.72711295,1.0,-1.0
F2RL1,0.3314927,0.0,0.0
F2RL2,0.2309107,0.0,-1.0
F2RL3,0.29520115,0.0,-1.0
F3,0.8405159,1.0,-1.0
F5,0.2377597,0.0,-1.0
F7,0.55283415,1.0,-1.0
F8,0.2673611,0.0,-1.0
F8A1,0.024852935,0.0,0.0
F8A2,0.0006822167,0.0,0.0
F8A3,0.108268276,0.0,0.0
F9,0.1893451,0.0,-1.0
FA2H,0.2052951,0.0,-1.0
FAAH,0.1455063,0.0,0.0
FAAH2,0.08731333,0.0,-1.0
FAAP100,0.18773058,0.0,0.0
FAAP20,0.17886294,0.0,0.0
FAAP24,0.32283887,0.0,0.0
FABP1,0.20330322,0.0,0.0
FABP12,0.050402794,0.0,0.0
FABP2,0.13301846,0.0,0.0
FABP3,0.16291246,0.0,-1.0
FABP4,0.27069506,0.0,-1.0
FABP5,0.5206051,1.0,-1.0
FABP6,0.14182095,0.0,0.0
FABP7,0.3671059,0.0,-1.0
FABP9,0.035903912,0.0,0.0
FADD,0.37348402,0.0,-1.0
FADS1,0.4085228,0.0,0.0
FADS2,0.09235461,0.0,0.0
FADS3,0.19959302,0.0,0.0
FADS6,0.033827018,0.0,0.0
FAF1,0.40514126,0.0,-1.0
FAF2,0.3068714,0.0,0.0
FAH,0.11255409,0.0,-1.0
FAHD1,0.22172703,0.0,0.0
FAHD2A,0.07610756,0.0,0.0
FAHD2B,0.24644177,0.0,-1.0
FAIM,0.110640526,0.0,-1.0
FAIM2,0.34498948,0.0,0.0
FAM102A,0.17570941,0.0,0.0
FAM102B,0.121044725,0.0,0.0
FAM104A,0.09079442,0.0,0.0
FAM104B,0.038417827,0.0,0.0
FAM107A,0.25800475,0.0,-1.0
FAM107B,0.19480763,0.0,-1.0
FAM110A,0.25936618,0.0,0.0
FAM110B,0.26339272,0.0,0.0
FAM110C,0.14939804,0.0,0.0
FAM110D,0.122657426,0.0,0.0
FAM111A,0.3009103,0.0,-1.0
FAM111B,0.19724071,0.0,-1.0
FAM114A1,0.38512316,0.0,0.0
FAM114A2,0.113905974,0.0,0.0
FAM117A,0.13888441,0.0,-1.0
FAM117B,0.28121075,0.0,-1.0
FAM118A,0.17022827,0.0,0.0
FAM118B,0.18459572,0.0,-1.0
FAM120A,0.33959988,0.0,0.0
FAM120AOS,0.028333513,0.0,0.0
FAM120B,0.20873202,0.0,0.0
FAM120C,0.19112463,0.0,0.0
FAM124A,0.10481688,0.0,0.0
FAM124B,0.10492634,0.0,0.0
FAM126A,0.109612994,0.0,0.0
FAM126B,0.32202053,0.0,-1.0
FAM131A,0.08791186,0.0,0.0
FAM131B,0.2981676,0.0,-1.0
FAM131C,0.058615107,0.0,0.0
FAM133A,0.19945759,0.0,-1.0
FAM133B,0.11974013,0.0,0.0
FAM135A,0.111174874,0.0,0.0
FAM135B,0.5407379,1.0,1.0
FAM136A,0.18822664,0.0,0.0
FAM13A,0.4125553,0.0,0.0
FAM13B,0.65306324,1.0,0.0
FAM13C,0.17443162,0.0,0.0
FAM149A,0.023497382,0.0,0.0
FAM149B1,0.24581032,0.0,0.0
FAM151A,0.0058129914,0.0,0.0
FAM151B,0.059187524,0.0,0.0
FAM153A,0.03877677,0.0,0.0
FAM153B,4.7861715e-07,0.0,0.0
FAM153CP,7.5226075e-17,0.0,0.0
FAM156A,0.05001662,0.0,0.0
FAM156B,0.07682929,0.0,0.0
FAM161A,0.18285574,0.0,-1.0
FAM161B,0.13933675,0.0,0.0
FAM162A,0.0682242,0.0,0.0
FAM162B,0.0076032174,0.0,0.0
FAM163A,0.19295631,0.0,0.0
FAM163B,0.03721568,0.0,0.0
FAM166A,0.069673024,0.0,-1.0
FAM166B,0.03583671,0.0,0.0
FAM166C,0.058758777,0.0,0.0
FAM167A,0.109859675,0.0,-1.0
FAM167B,0.03483759,0.0,0.0
FAM168A,0.27889773,0.0,0.0
FAM168B,0.27800044,0.0,0.0
FAM169A,0.20947549,0.0,0.0
FAM170A,0.016110914,0.0,0.0
FAM170B,0.034021325,0.0,0.0
FAM171A1,0.5134179,1.0,-1.0
FAM171A2,0.17123434,0.0,0.0
FAM171B,0.20752569,0.0,-1.0
FAM172A,0.43792304,0.0,0.0
FAM174A,0.092047445,0.0,0.0
FAM174B,0.12558131,0.0,0.0
FAM174C,0.054847,0.0,0.0
FAM177A1,0.16932793,0.0,0.0
FAM178B,0.001242573,0.0,0.0
FAM180A,0.0016839667,0.0,0.0
FAM181A,0.007848798,0.0,0.0
FAM181B,0.0032057837,0.0,0.0
FAM182B,0.041538127,0.0,0.0
FAM183A,0.0020825318,0.0,0.0
FAM184A,0.30616406,0.0,0.0
FAM184B,0.0320611,0.0,0.0
FAM185A,0.14716491,0.0,0.0
FAM186A,0.07704824,0.0,0.0
FAM186B,0.048607294,0.0,0.0
FAM187B,0.04633744,0.0,0.0
FAM189A1,0.05004718,0.0,0.0
FAM189A2,0.33793405,0.0,0.0
FAM189B,0.1865537,0.0,0.0
FAM193A,0.40382996,0.0,0.0
FAM193B,0.20466103,0.0,0.0
FAM199X,0.22170277,0.0,0.0
FAM200A,0.34518456,0.0,0.0
FAM200B,0.017531456,0.0,0.0
FAM204A,0.15113914,0.0,0.0
FAM205A,0.042176183,0.0,0.0
FAM209A,0.04910135,0.0,0.0
FAM209B,0.058002286,0.0,0.0
FAM20A,0.06469257,0.0,0.0
FAM20B,0.20356223,0.0,0.0
FAM20C,0.20450442,0.0,0.0
FAM210A,0.11715307,0.0,0.0
FAM210B,0.088596344,0.0,0.0
FAM214A,0.29049438,0.0,0.0
FAM214B,0.23640595,0.0,0.0
FAM216A,0.18794917,0.0,0.0
FAM216B,0.0013287283,0.0,0.0
FAM217A,0.025446163,0.0,0.0
FAM217B,0.1328007,0.0,0.0
FAM218A,1.8562175e-13,0.0,0.0
FAM219A,0.17713206,0.0,0.0
FAM219B,0.12569484,0.0,0.0
FAM220A,0.08015354,0.0,0.0
FAM221A,0.10776091,0.0,0.0
FAM221B,0.07952133,0.0,-1.0
FAM222A,0.000470065,0.0,0.0
FAM222B,0.11050909,0.0,0.0
FAM228A,0.049706418,0.0,0.0
FAM229B,1.9127317e-12,0.0,0.0
FAM234A,0.14476037,0.0,-1.0
FAM234B,0.10025383,0.0,0.0
FAM241A,0.087518536,0.0,-1.0
FAM241B,0.030064622,0.0,0.0
FAM24A,0.013007064,0.0,0.0
FAM24B,0.015367946,0.0,0.0
FAM25A,0.12190939,0.0,0.0
FAM27E3,0.07297132,0.0,0.0
FAM30A,0.19375756,0.0,0.0
FAM32A,0.045448385,0.0,0.0
FAM3A,0.13286239,0.0,0.0
FAM3B,0.05558892,0.0,0.0
FAM3C,0.20008127,0.0,0.0
FAM3D,0.012239113,0.0,0.0
FAM43A,0.1085865,0.0,0.0
FAM43B,0.101468764,0.0,0.0
FAM47A,0.0538689,0.0,0.0
FAM47B,0.06492436,0.0,0.0
FAM50A,0.16987598,0.0,-1.0
FAM50B,0.13012658,0.0,0.0
FAM53A,2.1885302e-05,0.0,0.0
FAM53B,0.19857974,0.0,0.0
FAM53C,0.43178418,0.0,0.0
FAM72A,0.038408983,0.0,0.0
FAM72B,0.044383496,0.0,0.0
FAM72D,0.0030383393,0.0,-1.0
FAM74A1,0.028718969,0.0,0.0
FAM74A4,0.10173646,0.0,0.0
FAM76A,0.078644834,0.0,0.0
FAM76B,0.30965286,0.0,0.0
FAM78A,0.18333972,0.0,0.0
FAM78B,0.09721516,0.0,-1.0
FAM81A,0.18996032,0.0,0.0
FAM81B,0.04982643,0.0,0.0
FAM83A,0.12261593,0.0,0.0
FAM83B,0.23845333,0.0,-1.0
FAM83C,0.1945111,0.0,0.0
FAM83D,0.52910113,1.0,0.0
FAM83E,0.10567831,0.0,0.0
FAM83F,0.093383715,0.0,0.0
FAM83G,0.18578866,0.0,0.0
FAM83H,0.3983293,0.0,-1.0
FAM86B1,0.124198936,0.0,0.0
FAM86B2,0.1936794,0.0,0.0
FAM86C1P,0.18553911,0.0,0.0
FAM89A,0.00036180316,0.0,0.0
FAM89B,0.13976982,0.0,0.0
FAM8A1,0.26212588,0.0,0.0
FAM90A1,0.091618784,0.0,0.0
FAM90A26,0.0004933418,0.0,0.0
FAM91A1,0.2792751,0.0,-1.0
FAM98A,0.24473788,0.0,0.0
FAM98B,0.220981,0.0,0.0
FAM98C,0.08848097,0.0,0.0
FAM9A,0.0896928,0.0,0.0
FAM9B,0.11924572,0.0,0.0
FAM9C,0.004476108,0.0,0.0
FAN1,0.34696186,0.0,0.0
FANCA,0.62013686,1.0,1.0
FANCB,0.3730775,0.0,-1.0
FANCC,0.71330416,1.0,1.0
FANCD2,0.6917499,1.0,1.0
FANCD2OS,0.032744434,0.0,0.0
FANCE,0.4812864,0.0,1.0
FANCF,0.4198844,0.0,1.0
FANCG,0.64935046,1.0,1.0
FANCI,0.6169279,1.0,-1.0
FANCL,0.5161222,1.0,1.0
FANCM,0.5869702,1.0,-1.0
FANK1,0.09501738,0.0,-1.0
FAP,0.60792047,1.0,0.0
FAR1,0.26461577,0.0,0.0
FAR2,0.092493996,0.0,0.0
FARP1,0.44050884,0.0,0.0
FARP2,0.25234967,0.0,0.0
FARS2,0.10257403,0.0,0.0
FARSA,0.18662111,0.0,0.0
FARSB,0.30377722,0.0,0.0
FAS,0.927128,1.0,1.0
FASLG,0.85325587,1.0,-1.0
FASN,0.67993444,1.0,-1.0
FASTK,0.110916875,0.0,0.0
FASTKD1,0.111662135,0.0,0.0
FASTKD2,0.18533812,0.0,0.0
FASTKD3,0.10187273,0.0,0.0
FASTKD5,0.10913016,0.0,0.0
FAT1,0.7346949,1.0,1.0
FAT2,0.5197308,1.0,-1.0
FAT3,0.64700884,1.0,1.0
FAT4,0.6643284,1.0,1.0
FATE1,0.024472715,0.0,0.0
FAU,0.213411,0.0,-1.0
FAXC,0.101708665,0.0,0.0
FAXDC2,0.14855745,0.0,0.0
FBF1,0.4167293,0.0,-1.0
FBH1,0.22883417,0.0,-1.0
FBL,0.41159666,0.0,0.0
FBLIM1,0.22910781,0.0,0.0
FBLL1,0.009184402,0.0,0.0
FBLN1,0.4408016,0.0,-1.0
FBLN2,0.4811212,0.0,1.0
FBLN5,0.48278424,0.0,-1.0
FBLN7,0.16639559,0.0,0.0
FBN1,0.7932786,1.0,-1.0
FBN2,0.5371175,1.0,-1.0
FBN3,0.16759901,0.0,-1.0
FBP1,0.38173294,0.0,-1.0
FBP2,0.37325415,0.0,0.0
FBRS,0.37491757,0.0,0.0
FBRSL1,0.20780408,0.0,-1.0
FBXL12,0.15237872,0.0,0.0
FBXL13,0.10130641,0.0,0.0
FBXL14,0.11622622,0.0,0.0
FBXL15,0.061717063,0.0,0.0
FBXL16,0.13057071,0.0,0.0
FBXL17,0.1297237,0.0,-1.0
FBXL18,0.2109694,0.0,0.0
FBXL19,0.21121497,0.0,0.0
FBXL2,0.19944318,0.0,0.0
FBXL20,0.1536465,0.0,0.0
FBXL21P,0.09578763,0.0,0.0
FBXL22,0.10284144,0.0,0.0
FBXL3,0.17157525,0.0,0.0
FBXL4,0.21334583,0.0,0.0
FBXL5,0.24877821,0.0,0.0
FBXL6,0.18948337,0.0,0.0
FBXL7,0.41551346,0.0,-1.0
FBXL8,0.10241965,0.0,0.0
FBXO10,0.101303026,0.0,0.0
FBXO11,0.5444411,1.0,1.0
FBXO15,0.11081434,0.0,-1.0
FBXO16,0.12166751,0.0,0.0
FBXO17,0.111566246,0.0,0.0
FBXO2,0.07871698,0.0,0.0
FBXO21,0.16625775,0.0,0.0
FBXO22,0.11090926,0.0,0.0
FBXO24,0.16834697,0.0,0.0
FBXO25,0.42639238,0.0,-1.0
FBXO27,0.103493005,0.0,0.0
FBXO28,0.25140482,0.0,-1.0
FBXO3,0.20245005,0.0,0.0
FBXO30,0.16883616,0.0,0.0
FBXO31,0.12981373,0.0,-1.0
FBXO32,0.19591673,0.0,-1.0
FBXO33,0.13544011,0.0,0.0
FBXO34,0.102101736,0.0,0.0
FBXO36,0.0734917,0.0,0.0
FBXO38,0.32348156,0.0,0.0
FBXO39,0.04613833,0.0,0.0
FBXO4,0.11802357,0.0,0.0
FBXO40,0.19873947,0.0,-1.0
FBXO41,0.11551292,0.0,0.0
FBXO42,0.1674022,0.0,0.0
FBXO43,0.26755083,0.0,0.0
FBXO44,0.12934528,0.0,0.0
FBXO45,0.19481467,0.0,0.0
FBXO46,0.19447693,0.0,0.0
FBXO47,0.113376915,0.0,0.0
FBXO48,0.132911,0.0,0.0
FBXO5,0.5175003,1.0,-1.0
FBXO6,0.26660046,0.0,0.0
FBXO7,0.15203539,0.0,-1.0
FBXO8,0.13906027,0.0,0.0
FBXO9,0.14029782,0.0,-1.0
FBXW10,0.105159394,0.0,0.0
FBXW10B,0.31005472,0.0,0.0
FBXW11,0.5311164,1.0,0.0
FBXW12,0.15763383,0.0,0.0
FBXW2,0.16458218,0.0,0.0
FBXW4,0.1434,0.0,-1.0
FBXW5,0.13849118,0.0,-1.0
FBXW7,0.6908292,1.0,1.0
FBXW8,0.15685236,0.0,0.0
FBXW9,0.11753968,0.0,0.0
FCAMR,0.056298956,0.0,0.0
FCAR,0.192247,0.0,0.0
FCER1A,0.21830769,0.0,-1.0
FCER1G,0.5903881,1.0,0.0
FCER2,0.3697508,0.0,-1.0
FCF1,0.13529174,0.0,-1.0
FCGBP,0.12006211,0.0,0.0
FCGR1A,0.5214099,1.0,-1.0
FCGR1BP,0.17294815,0.0,0.0
FCGR2A,0.7539196,1.0,-1.0
FCGR2B,0.6460652,1.0,1.0
FCGR2C,0.36896455,0.0,0.0
FCGR3A,0.61176133,1.0,-1.0
FCGR3B,0.60937864,1.0,0.0
FCGRT,0.41889971,0.0,0.0
FCHO1,0.4072856,0.0,0.0
FCHO2,0.65557563,1.0,0.0
FCHSD1,0.20102999,0.0,0.0
FCHSD2,0.5051802,1.0,0.0
FCMR,0.44639596,0.0,0.0
FCN1,0.2891316,0.0,0.0
FCN2,0.1699298,0.0,0.0
FCN3,0.053554993,0.0,0.0
FCP1,0.11258307,0.0,0.0
FCRL1,0.46257532,0.0,-1.0
FCRL2,0.42452946,0.0,0.0
FCRL3,0.51893586,1.0,-1.0
FCRL4,0.46375546,0.0,1.0
FCRL5,0.41463718,0.0,-1.0
FCRL6,0.59508073,1.0,0.0
FCRLA,0.026163297,0.0,0.0
FCRLB,0.0011812882,0.0,0.0
FCSK,0.09832799,0.0,-1.0
FDCSP,0.018796194,0.0,0.0
FDFT1,0.2656512,0.0,0.0
FDPS,0.23269185,0.0,0.0
FDX1,0.07953741,0.0,-1.0
FDX2,0.0786656,0.0,0.0
FDXACB1,0.084328756,0.0,0.0
FDXR,0.19155395,0.0,-1.0
FECH,0.28820014,0.0,-1.0
FEM1A,0.2703764,0.0,-1.0
FEM1B,0.5151525,1.0,0.0
FEM1C,0.56323874,1.0,0.0
FEN1,0.512859,1.0,1.0
FER,0.59126824,1.0,0.0
FER1L6,0.15764043,0.0,0.0
FERD3L,0.1658762,0.0,-1.0
FERMT1,0.32754812,0.0,0.0
FERMT2,0.8666431,1.0,0.0
FERMT3,0.45711544,0.0,-1.0
FES,0.6037131,1.0,1.0
FETUB,0.12525453,0.0,0.0
FEV,0.41172022,0.0,1.0
FEZ1,0.3644541,0.0,0.0
FEZ2,0.15076436,0.0,0.0
FEZF1,0.097119555,0.0,0.0
FEZF2,0.5025786,1.0,0.0
FFAR1,0.140768,0.0,0.0
FFAR2,0.19389978,0.0,0.0
FFAR3,0.15471435,0.0,0.0
FFAR4,0.06278292,0.0,0.0
FGA,0.51939285,1.0,-1.0
FGB,0.38344654,0.0,-1.0
FGD1,0.48695326,0.0,-1.0
FGD2,0.36882314,0.0,0.0
FGD3,0.31309724,0.0,0.0
FGD4,0.3931077,0.0,-1.0
FGD5,0.06878595,0.0,0.0
FGD6,0.1844493,0.0,0.0
FGF1,0.8273963,1.0,-1.0
FGF10,0.71621543,1.0,-1.0
FGF11,0.4642304,0.0,-1.0
FGF12,0.5218251,1.0,-1.0
FGF13,0.44406655,0.0,-1.0
FGF14,0.49019507,0.0,-1.0
FGF16,0.69392926,1.0,-1.0
FGF17,0.7458452,1.0,-1.0
FGF18,0.7852086,1.0,-1.0
FGF19,0.74279046,1.0,1.0
FGF2,0.94610476,1.0,-1.0
FGF20,0.78245,1.0,-1.0
FGF21,0.51729643,1.0,-1.0
FGF22,0.6000273,1.0,-1.0
FGF23,0.7392236,1.0,-1.0
FGF3,0.7729418,1.0,1.0
FGF4,0.83993834,1.0,1.0
FGF5,0.78589356,1.0,-1.0
FGF6,0.7619114,1.0,-1.0
FGF7,0.80819315,1.0,-1.0
FGF8,0.86604136,1.0,-1.0
FGF9,0.86373574,1.0,-1.0
FGFBP1,0.40545866,0.0,-1.0
FGFBP2,0.07319161,0.0,0.0
FGFBP3,0.004192948,0.0,0.0
FGFR1,0.97869515,1.0,1.0
FGFR1OP2,0.48410577,0.0,-1.0
FGFR2,0.95931935,1.0,1.0
FGFR3,0.95197487,1.0,1.0
FGFR4,0.9135095,1.0,1.0
FGFRL1,0.15512455,0.0,0.0
FGG,0.30584225,0.0,-1.0
FGGY,0.10112386,0.0,-1.0
FGL1,0.22651702,0.0,0.0
FGL2,0.5789903,1.0,0.0
FGR,0.94063157,1.0,-1.0
FH,0.124875516,0.0,1.0
FHDC1,0.1734062,0.0,0.0
FHIP1A,0.17192021,0.0,0.0
FHIP1B,0.1271318,0.0,0.0
FHIP2A,0.17355134,0.0,0.0
FHIP2B,0.14741042,0.0,0.0
FHIT,0.31916305,0.0,1.0
FHL1,0.6608546,1.0,-1.0
FHL2,0.822068,1.0,-1.0
FHL3,0.09664229,0.0,0.0
FHL5,0.15583971,0.0,0.0
FHOD1,0.55033064,1.0,-1.0
FHOD3,0.25454748,0.0,0.0
FIBCD1,0.09037665,0.0,0.0
FIBIN,0.17303652,0.0,0.0
FIBP,0.04756104,0.0,0.0
FICD,0.12509128,0.0,0.0
FIG4,0.34816334,0.0,-1.0
FIGLA,0.14015724,0.0,-1.0
FIGN,0.20004219,0.0,0.0
FIGNL1,0.6555496,1.0,-1.0
FILIP1,0.068734586,0.0,0.0
FILIP1L,0.6885549,1.0,-1.0
FIP1L1,0.51978266,1.0,1.0
FIS1,0.024950659,0.0,0.0
FITM1,0.01912903,0.0,0.0
FITM2,0.036330476,0.0,0.0
FIZ1,0.32046747,0.0,-1.0
FJX1,0.22281034,0.0,0.0
FKBP10,0.33942246,0.0,-1.0
FKBP11,0.11800814,0.0,0.0
FKBP14,0.28228104,0.0,0.0
FKBP15,0.2946938,0.0,0.0
FKBP1A,0.79934454,1.0,0.0
FKBP1B,0.44502842,0.0,0.0
FKBP1C,0.09351106,0.0,0.0
FKBP2,0.08917895,0.0,0.0
FKBP3,0.15284729,0.0,0.0
FKBP4,0.44055766,0.0,0.0
FKBP5,0.58966875,1.0,-1.0
FKBP6,0.31157425,0.0,0.0
FKBP7,0.21425307,0.0,0.0
FKBP8,0.46647292,0.0,-1.0
FKBP9,0.5859501,1.0,1.0
FKBPL,0.29339558,0.0,0.0
FKRP,0.075736746,0.0,-1.0
FKTN,0.16877706,0.0,-1.0
FLACC1,0.093104795,0.0,0.0
FLAD1,0.10411672,0.0,0.0
FLCN,0.27409998,0.0,1.0
FLG,0.1737218,0.0,-1.0
FLG2,0.09095106,0.0,0.0
FLI1,0.86314774,1.0,1.0
FLII,0.68939143,1.0,-1.0
FLNA,0.959644,1.0,1.0
FLNB,0.91387427,1.0,-1.0
FLNC,0.77473664,1.0,-1.0
FLOT1,0.5272696,1.0,0.0
FLOT2,0.5079577,1.0,0.0
FLRT1,0.4772574,0.0,0.0
FLRT2,0.47414336,0.0,-1.0
FLRT3,0.45559478,0.0,0.0
FLT1,0.8891017,1.0,1.0
FLT3,0.8568441,1.0,1.0
FLT3LG,0.37688896,0.0,-1.0
FLT4,0.8614381,1.0,1.0
FLVCR1,0.13932228,0.0,0.0
FLVCR2,0.14568081,0.0,-1.0
FLYWCH1,0.16335924,0.0,-1.0
FLYWCH2,0.19730398,0.0,0.0
FMC1,0.04358235,0.0,0.0
FMN1,0.23562333,0.0,0.0
FMN2,0.081401855,0.0,-1.0
FMNL1,0.5688893,1.0,-1.0
FMNL2,0.23493819,0.0,-1.0
FMNL3,0.23344947,0.0,-1.0
FMO1,0.0858017,0.0,0.0
FMO2,0.23804182,0.0,0.0
FMO3,0.11267269,0.0,0.0
FMO4,0.1198266,0.0,0.0
FMO5,0.12897274,0.0,0.0
FMO6P,4.8051422e-08,0.0,0.0
FMOD,0.63693345,1.0,-1.0
FMR1,0.82619226,1.0,-1.0
FMR1NB,0.1786452,0.0,0.0
FN1,0.9793077,1.0,-1.0
FN3K,0.15492894,0.0,0.0
FN3KRP,0.149268,0.0,-1.0
FNBP1,0.8258398,1.0,-1.0
FNBP1L,0.6729444,1.0,-1.0
FNBP4,0.572708,1.0,-1.0
FNDC1,0.22109823,0.0,0.0
FNDC11,0.073313974,0.0,0.0
FNDC3A,0.45376825,0.0,0.0
FNDC3B,0.55118763,1.0,0.0
FNDC4,0.097063206,0.0,0.0
FNDC5,0.028093895,0.0,0.0
FNDC8,0.055337004,0.0,0.0
FNDC9,0.022848837,0.0,0.0
FNIP1,0.3495292,0.0,-1.0
FNIP2,0.18198599,0.0,0.0
FNTA,0.21370083,0.0,0.0
FNTB,0.30371287,0.0,0.0
FOCAD,0.1546928,0.0,0.0
FOLH1,0.2419992,0.0,-1.0
FOLR1,0.21570076,0.0,0.0
FOLR2,0.1871538,0.0,0.0
FOLR3,0.08364456,0.0,0.0
FOS,0.9722136,1.0,-1.0
FOSB,0.79644203,1.0,-1.0
FOSL1,0.87609166,1.0,-1.0
FOSL2,0.821725,1.0,-1.0
FOXA1,0.89302015,1.0,1.0
FOXA2,0.3872655,0.0,-1.0
FOXA3,0.51708865,1.0,0.0
FOXB1,0.67994374,1.0,0.0
FOXB2,0.22977819,0.0,-1.0
FOXC1,0.83554476,1.0,-1.0
FOXC2,0.57235485,1.0,-1.0
FOXD1,0.26016334,0.0,0.0
FOXD2,0.30732813,0.0,0.0
FOXD3,0.5481944,1.0,0.0
FOXD4,0.11382813,0.0,0.0
FOXD4L1,0.19429402,0.0,0.0
FOXD4L3,0.13570999,0.0,0.0
FOXD4L4,0.16639742,0.0,0.0
FOXD4L5,0.1652683,0.0,0.0
FOXD4L6,0.14498042,0.0,0.0
FOXE1,0.5763955,1.0,-1.0
FOXE3,0.22514965,0.0,-1.0
FOXF1,0.7217933,1.0,1.0
FOXF2,0.74355274,1.0,0.0
FOXG1,0.71027017,1.0,-1.0
FOXH1,0.38405234,0.0,0.0
FOXI1,0.23026977,0.0,0.0
FOXI2,0.22672814,0.0,0.0
FOXJ1,0.4322771,0.0,-1.0
FOXJ2,0.48509654,0.0,0.0
FOXJ3,0.6361011,1.0,0.0
FOXK1,0.5971947,1.0,-1.0
FOXK2,0.62205607,1.0,-1.0
FOXL1,0.5865107,1.0,-1.0
FOXL2,0.44974607,0.0,1.0
FOXM1,0.85244334,1.0,-1.0
FOXN1,0.50898415,1.0,0.0
FOXN2,0.59793323,1.0,0.0
FOXN3,0.6741458,1.0,0.0
FOXN4,0.2707971,0.0,0.0
FOXO1,0.96305525,1.0,1.0
FOXO3,0.92622405,1.0,1.0
FOXO3B,8.573789e-05,0.0,0.0
FOXO4,0.8654633,1.0,1.0
FOXO6,0.27115634,0.0,-1.0
FOXP1,0.82164085,1.0,1.0
FOXP2,0.63428366,1.0,-1.0
FOXP3,0.8250327,1.0,-1.0
FOXP4,0.30403662,0.0,0.0
FOXQ1,0.5283282,1.0,-1.0
FOXR1,0.18646602,0.0,1.0
FOXR2,0.17962275,0.0,-1.0
FOXRED1,0.14595266,0.0,0.0
FOXRED2,0.13495164,0.0,0.0
FOXS1,0.29886514,0.0,0.0
FPGS,0.20136972,0.0,0.0
FPGT,0.2176971,0.0,0.0
FPGT-TNNI3K,0.30089965,0.0,0.0
FPR1,0.41841894,0.0,-1.0
FPR2,0.35610166,0.0,0.0
FPR3,0.3464293,0.0,0.0
FRA10AC1,0.17130119,0.0,-1.0
FRA10F,0.01361324,0.0,0.0
FRAS1,0.33369082,0.0,-1.0
FRAT1,0.3334447,0.0,-1.0
FRAT2,0.2919438,0.0,-1.0
FREM1,0.26165774,0.0,0.0
FREM2,0.29990706,0.0,-1.0
FREM3,0.18111196,0.0,0.0
FRG1,0.20893475,0.0,-1.0
FRG1BP,1.1755784e-19,0.0,0.0
FRK,0.40506795,0.0,0.0
FRMD1,0.14359151,0.0,0.0
FRMD3,0.040705707,0.0,0.0
FRMD4A,0.25718352,0.0,0.0
FRMD4B,0.1492623,0.0,0.0
FRMD5,0.17770533,0.0,0.0
FRMD6,0.36865896,0.0,0.0
FRMD7,0.073064655,0.0,-1.0
FRMD8,0.13491192,0.0,-1.0
FRMPD1,0.29262754,0.0,0.0
FRMPD2,0.102387905,0.0,-1.0
FRMPD3,0.081340134,0.0,0.0
FRMPD4,0.31735542,0.0,-1.0
FRRS1,0.060929544,0.0,0.0
FRRS1L,0.0029507508,0.0,0.0
FRS2,0.66132617,1.0,-1.0
FRS3,0.43702194,0.0,0.0
FRY,0.67512196,1.0,0.0
FRYL,0.7462727,1.0,-1.0
FRZB,0.53136486,1.0,-1.0
FSBP,0.15453856,0.0,0.0
FSCB,0.04140475,0.0,-1.0
FSCN1,0.85694706,1.0,-1.0
FSCN2,0.108859316,0.0,-1.0
FSCN3,0.10845563,0.0,0.0
FSD1,0.24110052,0.0,0.0
FSD1L,0.16419157,0.0,0.0
FSD2,0.049255364,0.0,0.0
FSHB,0.49438977,0.0,0.0
FSHR,0.32552692,0.0,-1.0
FSIP1,0.015138085,0.0,-1.0
FSIP2,0.19230217,0.0,-1.0
FST,0.62079865,1.0,-1.0
FSTL1,0.45258906,0.0,0.0
FSTL3,0.46278062,0.0,1.0
FSTL4,0.24609058,0.0,0.0
FSTL5,0.033034287,0.0,-1.0
FTCD,0.14129305,0.0,-1.0
FTH1,0.5918618,1.0,-1.0
FTHL17,0.11591932,0.0,0.0
FTL,0.45642778,0.0,-1.0
FTMT,0.08936837,0.0,0.0
FTO,0.2571018,0.0,-1.0
FTSJ1,0.18170664,0.0,-1.0
FTSJ3,0.16035123,0.0,0.0
FUBP1,0.5499468,1.0,1.0
FUBP3,0.4674591,0.0,-1.0
FUCA1,0.12836468,0.0,-1.0
FUCA2,0.018329937,0.0,0.0
FUNDC1,0.17454319,0.0,0.0
FUNDC2,0.10217907,0.0,0.0
FUOM,0.097320504,0.0,0.0
FURIN,0.8300299,1.0,1.0
FUS,0.7050266,1.0,1.0
FUT1,0.261494,0.0,0.0
FUT10,0.055216994,0.0,0.0
FUT11,0.14133765,0.0,0.0
FUT2,0.1650371,0.0,0.0
FUT3,0.24242553,0.0,0.0
FUT4,0.24591477,0.0,0.0
FUT5,0.20714803,0.0,0.0
FUT6,0.19086483,0.0,0.0
FUT7,0.2577082,0.0,0.0
FUT8,0.17659876,0.0,-1.0
FUT9,0.19313505,0.0,0.0
FUZ,0.22116509,0.0,0.0
FXN,0.19115211,0.0,-1.0
FXR1,0.5022943,1.0,-1.0
FXR2,0.5295838,1.0,0.0
FXYD1,0.19870314,0.0,0.0
FXYD2,0.19484945,0.0,0.0
FXYD3,0.2948725,0.0,-1.0
FXYD4,0.059243448,0.0,0.0
FXYD5,0.34575233,0.0,-1.0
FXYD6,0.085591875,0.0,0.0
FXYD7,0.2604361,0.0,0.0
FYB1,0.7209427,1.0,0.0
FYB2,0.16052842,0.0,-1.0
FYCO1,0.30877635,0.0,0.0
FYN,0.9892665,1.0,1.0
FYTTD1,0.20548007,0.0,0.0
FZD1,0.8369162,1.0,-1.0
FZD10,0.5364104,1.0,-1.0
FZD2,0.76408833,1.0,-1.0
FZD3,0.54569405,1.0,-1.0
FZD4,0.7562956,1.0,-1.0
FZD5,0.65021884,1.0,-1.0
FZD6,0.7597161,1.0,-1.0
FZD7,0.82486534,1.0,-1.0
FZD8,0.55351436,1.0,-1.0
FZD9,0.49428475,0.0,-1.0
FZR1,0.5879394,1.0,0.0
G0S2,0.41597545,0.0,0.0
G2E3,0.43611398,0.0,-1.0
G3BP1,0.57846105,1.0,-1.0
G3BP2,0.49969414,0.0,-1.0
G6PC1,0.3022607,0.0,-1.0
G6PC2,0.1439642,0.0,0.0
G6PC3,0.07509938,0.0,-1.0
G6PD,0.37849638,0.0,-1.0
GAA,0.118376665,0.0,-1.0
GAB1,0.87010396,1.0,1.0
GAB2,0.7814185,1.0,1.0
GAB3,0.5506112,1.0,-1.0
GAB4,0.061203785,0.0,0.0
GABARAP,0.4343911,0.0,-1.0
GABARAPL1,0.697989,1.0,-1.0
GABARAPL2,0.41150904,0.0,-1.0
GABARAPL3,0.07092186,0.0,0.0
GABBR1,0.50756556,1.0,0.0
GABBR2,0.31755278,0.0,0.0
GABPA,0.46753508,0.0,0.0
GABPB1,0.5637499,1.0,-1.0
GABPB2,0.63914025,1.0,0.0
GABRA1,0.37163725,0.0,-1.0
GABRA2,0.23583798,0.0,-1.0
GABRA3,0.25574473,0.0,0.0
GABRA4,0.20718163,0.0,0.0
GABRA5,0.25948113,0.0,0.0
GABRA6,0.17052795,0.0,-1.0
GABRB1,0.30934033,0.0,0.0
GABRB2,0.3339529,0.0,-1.0
GABRB3,0.33084628,0.0,-1.0
GABRD,0.19766165,0.0,-1.0
GABRE,0.13626,0.0,0.0
GABRG1,0.10018868,0.0,-1.0
GABRG2,0.36271814,0.0,-1.0
GABRG3,0.22263579,0.0,0.0
GABRP,0.15035175,0.0,0.0
GABRQ,0.20995378,0.0,0.0
GABRR1,0.22951001,0.0,0.0
GABRR2,0.25320143,0.0,0.0
GAD1,0.5790047,1.0,-1.0
GAD2,0.49624968,0.0,0.0
GADD45A,0.8524409,1.0,-1.0
GADD45B,0.8271993,1.0,-1.0
GADD45G,0.5030511,1.0,-1.0
GADD45GIP1,0.07872726,0.0,-1.0
GADL1,0.073800765,0.0,0.0
GAGE1,0.28190964,0.0,0.0
GAGE12B,0.058545817,0.0,0.0
GAGE12C,0.04389575,0.0,0.0
GAGE12E,0.04389575,0.0,0.0
GAGE12F,0.04389575,0.0,0.0
GAGE12G,0.04389575,0.0,0.0
GAGE12I,0.2066926,0.0,0.0
GAGE2B,0.05304649,0.0,0.0
GAGE2C,0.14252871,0.0,0.0
GAGE2E,0.058545817,0.0,0.0
GAGE4,0.0128415385,0.0,0.0
GAGE5,0.20600404,0.0,0.0
GAGE6,0.039895527,0.0,0.0
GAGE7,0.0128415385,0.0,0.0
GAGE8,0.05316325,0.0,0.0
GAK,0.6322639,1.0,-1.0
GAL,0.41277707,0.0,0.0
GAL3ST1,0.18451793,0.0,-1.0
GAL3ST2,0.039092567,0.0,0.0
GAL3ST3,0.06422307,0.0,0.0
GAL3ST4,0.097561754,0.0,0.0
GALC,0.18850161,0.0,-1.0
GALE,0.16248927,0.0,-1.0
GALK1,0.2807076,0.0,-1.0
GALK2,0.30200407,0.0,0.0
GALM,0.08426122,0.0,0.0
GALNS,0.06632044,0.0,-1.0
GALNT1,0.3149993,0.0,0.0
GALNT10,0.1373667,0.0,0.0
GALNT11,0.08624213,0.0,0.0
GALNT12,0.10796487,0.0,-1.0
GALNT13,0.06173295,0.0,-1.0
GALNT14,0.064786635,0.0,0.0
GALNT15,0.056232348,0.0,0.0
GALNT16,0.05220838,0.0,0.0
GALNT17,0.04865527,0.0,0.0
GALNT18,0.08155725,0.0,0.0
GALNT2,0.2248851,0.0,0.0
GALNT3,0.13172247,0.0,-1.0
GALNT4,0.06514953,0.0,0.0
GALNT5,0.06884028,0.0,-1.0
GALNT6,0.10376763,0.0,-1.0
GALNT7,0.23400901,0.0,0.0
GALNT8,0.13377447,0.0,0.0
GALNT9,0.06375788,0.0,0.0
GALNTL5,0.039583858,0.0,-1.0
GALNTL6,0.054362413,0.0,-1.0
GALP,0.119133405,0.0,0.0
GALR1,0.1888458,0.0,0.0
GALR2,0.21523498,0.0,0.0
GALR3,0.16975391,0.0,0.0
GALT,0.16097604,0.0,-1.0
GAMT,0.10428878,0.0,0.0
GAN,0.5278268,1.0,-1.0
GANAB,0.3217859,0.0,0.0
GANC,0.08246404,0.0,0.0
GAP43,0.5472912,1.0,0.0
GAPDH,0.9146183,1.0,-1.0
GAPDHS,0.37510473,0.0,0.0
GAPT,0.122281104,0.0,0.0
GAPVD1,0.76653916,1.0,0.0
GAR1,0.12600294,0.0,0.0
GAREM1,0.283223,0.0,0.0
GAREM2,0.22246867,0.0,0.0
GARIN1A,0.048030287,0.0,0.0
GARIN1B,0.04054699,0.0,0.0
GARIN2,0.041577023,0.0,0.0
GARIN3,0.039216273,0.0,0.0
GARIN4,0.044977296,0.0,0.0
GARIN5B,0.30109018,0.0,0.0
GARIN6,0.032963715,0.0,0.0
GARNL3,0.1836506,0.0,0.0
GARRE1,0.25309238,0.0,0.0
GARS1,0.3620512,0.0,-1.0
GART,0.486519,0.0,-1.0
GAS1,0.5990826,1.0,-1.0
GAS2,0.14799692,0.0,0.0
GAS2L1,0.3106821,0.0,0.0
GAS2L2,0.22857596,0.0,0.0
GAS2L3,0.23753586,0.0,0.0
GAS6,0.57736874,1.0,-1.0
GAS7,0.67706615,1.0,1.0
GAS8,0.26564592,0.0,0.0
GAS8-AS1,0.20073101,0.0,0.0
GASK1A,0.015177184,0.0,0.0
GASK1B,0.23749812,0.0,0.0
GAST,0.43960723,0.0,-1.0
GATA1,0.37331983,0.0,1.0
GATA2,0.8616924,1.0,1.0
GATA3,0.9113205,1.0,1.0
GATA4,0.8343711,1.0,-1.0
GATA5,0.3959994,0.0,0.0
GATA6,0.83800113,1.0,-1.0
GATAD1,0.33114624,0.0,-1.0
GATAD2A,0.62647015,1.0,0.0
GATAD2B,0.66233844,1.0,0.0
GATB,0.09135251,0.0,0.0
GATC,0.11646013,0.0,0.0
GATD1,0.07002374,0.0,0.0
GATD3,0.03189616,0.0,-1.0
GATM,0.10040145,0.0,-1.0
GBA,0.15292044,0.0,-1.0
GBA2,0.10453178,0.0,0.0
GBA3,0.057659335,0.0,0.0
GBE1,0.28620514,0.0,-1.0
GBF1,0.586358,1.0,0.0
GBGT1,0.0062018097,0.0,0.0
GBP1,0.7052477,1.0,-1.0
GBP2,0.6867152,1.0,0.0
GBP3,0.16701667,0.0,0.0
GBP4,0.1735764,0.0,0.0
GBP5,0.15526758,0.0,0.0
GBP6,0.09961388,0.0,0.0
GBP7,0.054054424,0.0,0.0
GBX1,0.34396103,0.0,0.0
GBX2,0.5521846,1.0,0.0
GC,0.18934907,0.0,0.0
GCA,0.48683843,0.0,0.0
GCAT,0.036011428,0.0,0.0
GCC1,0.32100746,0.0,0.0
GCC2,0.45405746,0.0,-1.0
GCDH,0.08998075,0.0,-1.0
GCFC2,0.26833138,0.0,-1.0
GCG,0.5107214,1.0,0.0
GCGR,0.25899315,0.0,0.0
GCH1,0.56900066,1.0,-1.0
GCHFR,0.05955049,0.0,0.0
GCK,0.707362,1.0,-1.0
GCKR,0.21389674,0.0,-1.0
GCLC,0.4825086,0.0,-1.0
GCLM,0.32270715,0.0,0.0
GCM1,0.28260195,0.0,0.0
GCM2,0.15583727,0.0,-1.0
GCN1,0.6907932,1.0,0.0
GCNA,0.2509654,0.0,0.0
GCNT1,0.08159748,0.0,0.0
GCNT2,0.06170739,0.0,0.0
GCNT3,0.09477224,0.0,-1.0
GCNT4,0.14145948,0.0,0.0
GCNT7,0.07776821,0.0,0.0
GCOM1,0.1600304,0.0,0.0
GCSAM,0.13244624,0.0,0.0
GCSH,0.1290195,0.0,-1.0
GDA,0.15056384,0.0,0.0
GDAP1,0.13756447,0.0,-1.0
GDAP1L1,0.036877546,0.0,0.0
GDAP2,0.35137692,0.0,0.0
GDE1,0.17732164,0.0,0.0
GDF1,0.20282169,0.0,-1.0
GDF10,0.3491293,0.0,-1.0
GDF11,0.4404981,0.0,0.0
GDF15,0.66489524,1.0,-1.0
GDF2,0.26165742,0.0,0.0
GDF3,0.3714213,0.0,0.0
GDF5,0.55454075,1.0,-1.0
GDF6,0.35664192,0.0,-1.0
GDF7,0.34805351,0.0,0.0
GDF9,0.45290497,0.0,0.0
GDI1,0.563937,1.0,-1.0
GDI2,0.4336578,0.0,0.0
GDI2P1,0.24218586,0.0,0.0
GDNF,0.7565954,1.0,-1.0
GDPD1,0.063296,0.0,0.0
GDPD2,0.18970607,0.0,0.0
GDPD3,0.043025978,0.0,0.0
GDPD4,0.01971042,0.0,0.0
GDPD5,0.07384294,0.0,0.0
GDPGP1,0.14214376,0.0,0.0
GEM,0.8586161,1.0,0.0
GEMIN2,0.29257366,0.0,0.0
GEMIN4,0.3252086,0.0,0.0
GEMIN5,0.31108072,0.0,0.0
GEMIN6,0.10049888,0.0,0.0
GEMIN7,0.24704134,0.0,0.0
GEMIN8,0.2886543,0.0,0.0
GEMIN8P4,0.017982699,0.0,0.0
GEN1,0.5582898,1.0,-1.0
GET1,0.110711895,0.0,0.0
GET3,0.078430295,0.0,0.0
GET4,0.21924613,0.0,0.0
GFAP,0.8167044,1.0,-1.0
GFER,0.15883134,0.0,-1.0
GFI1,0.76480705,1.0,-1.0
GFI1B,0.40490046,0.0,-1.0
GFM1,0.102669045,0.0,-1.0
GFM2,0.12982114,0.0,0.0
GFOD1,0.17302492,0.0,0.0
GFOD2,0.12966466,0.0,0.0
GFPT1,0.5476548,1.0,0.0
GFPT2,0.81243473,1.0,0.0
GFRA1,0.57754725,1.0,-1.0
GFRA2,0.43330425,0.0,0.0
GFRA3,0.3755702,0.0,0.0
GFRA4,0.3520116,0.0,0.0
GFRAL,0.083238415,0.0,-1.0
GFUS,0.07329883,0.0,0.0
GGA1,0.30021283,0.0,-1.0
GGA2,0.41340643,0.0,0.0
GGA3,0.37056962,0.0,-1.0
GGACT,0.07776373,0.0,0.0
GGCT,0.18360321,0.0,-1.0
GGCX,0.10335978,0.0,-1.0
GGH,0.33638352,0.0,-1.0
GGN,0.071494564,0.0,0.0
GGNBP1,0.017286718,0.0,0.0
GGNBP2,0.23178874,0.0,0.0
GGPS1,0.20103423,0.0,0.0
GGT1,0.43939784,0.0,0.0
GGT2,0.12567869,0.0,0.0
GGT3P,0.00062238803,0.0,0.0
GGT5,0.31674346,0.0,0.0
GGT6,0.05728657,0.0,0.0
GGT7,0.049394,0.0,0.0
GGTLC1,0.12148767,0.0,0.0
GGTLC2,0.079773806,0.0,0.0
GH1,0.64142734,1.0,-1.0
GH2,0.4182885,0.0,0.0
GHDC,0.094890535,0.0,0.0
GHITM,0.036692612,0.0,0.0
GHR,0.6216851,1.0,-1.0
GHRH,0.3487196,0.0,-1.0
GHRHR,0.27546218,0.0,-1.0
GHRL,0.22431497,0.0,-1.0
GHSR,0.20789723,0.0,-1.0
GID4,0.117780164,0.0,-1.0
GID8,0.29825607,0.0,0.0
GIGYF1,0.33585665,0.0,0.0
GIGYF2,0.52843755,1.0,-1.0
GIMAP1,0.24347797,0.0,0.0
GIMAP1-GIMAP5,0.04701782,0.0,0.0
GIMAP2,0.25316712,0.0,0.0
GIMAP4,0.510425,1.0,-1.0
GIMAP5,0.3415757,0.0,0.0
GIMAP6,0.41207892,0.0,0.0
GIMAP7,0.29403105,0.0,-1.0
GIMAP8,0.1698459,0.0,0.0
GIN1,0.15392554,0.0,0.0
GINM1,0.10341335,0.0,0.0
GINS1,0.5625079,1.0,-1.0
GINS2,0.51309377,1.0,0.0
GINS3,0.497899,0.0,0.0
GINS4,0.55303013,1.0,0.0
GIP,0.32131612,0.0,-1.0
GIPC1,0.44450793,0.0,0.0
GIPC2,0.15077463,0.0,0.0
GIPC3,0.15027805,0.0,0.0
GIPR,0.23319489,0.0,0.0
GIT1,0.5906809,1.0,0.0
GIT2,0.69539756,1.0,0.0
GJA1,0.8920126,1.0,-1.0
GJA10,0.05202783,0.0,0.0
GJA3,0.19982718,0.0,-1.0
GJA4,0.2912612,0.0,0.0
GJA5,0.2688441,0.0,-1.0
GJA8,0.06617968,0.0,0.0
GJA9,0.15347774,0.0,0.0
GJB1,0.28931212,0.0,-1.0
GJB2,0.28969416,0.0,-1.0
GJB3,0.4496386,0.0,-1.0
GJB4,0.26848662,0.0,-1.0
GJB5,0.3753164,0.0,0.0
GJB6,0.16212386,0.0,-1.0
GJB7,0.09990188,0.0,0.0
GJC1,0.16890213,0.0,0.0
GJC2,0.350283,0.0,-1.0
GJC3,0.0778354,0.0,0.0
GJD2,0.14540921,0.0,0.0
GJD3,0.03212852,0.0,0.0
GJD4,0.06375124,0.0,0.0
GJE1,0.057414986,0.0,0.0
GK,0.27542728,0.0,0.0
GK2,0.12692083,0.0,0.0
GK3P,0.08189524,0.0,0.0
GK5,0.075806305,0.0,0.0
GKAP1,0.17132172,0.0,0.0
GKN1,0.037006017,0.0,0.0
GKN2,0.051221363,0.0,0.0
GLA,0.1321274,0.0,-1.0
GLB1,0.19417755,0.0,-1.0
GLB1L,0.05817701,0.0,0.0
GLB1L2,0.03233318,0.0,0.0
GLB1L3,0.033362065,0.0,0.0
GLCCI1,0.18587536,0.0,0.0
GLCE,0.28369763,0.0,0.0
GLDC,0.29421264,0.0,-1.0
GLDN,0.008568564,0.0,0.0
GLE1,0.3701537,0.0,-1.0
GLG1,0.47315308,0.0,0.0
GLI1,0.8569564,1.0,1.0
GLI2,0.8691032,1.0,-1.0
GLI3,0.9354776,1.0,-1.0
GLI4,0.13915981,0.0,-1.0
GLIDR,0.041087985,0.0,0.0
GLIPR1,0.65259504,1.0,0.0
GLIPR1L1,0.051330462,0.0,0.0
GLIPR1L2,0.063811295,0.0,-1.0
GLIPR2,0.07554685,0.0,-1.0
GLIS1,0.11433496,0.0,0.0
GLIS2,0.36506036,0.0,-1.0
GLIS3,0.25087452,0.0,-1.0
GLMN,0.30317497,0.0,-1.0
GLMP,0.10267244,0.0,0.0
GLO1,0.14701284,0.0,0.0
GLOD4,0.13229424,0.0,0.0
GLOD5,0.022699682,0.0,0.0
GLP1R,0.28775516,0.0,0.0
GLP2R,0.17204113,0.0,0.0
GLRA1,0.28215173,0.0,-1.0
GLRA2,0.16050945,0.0,0.0
GLRA3,0.16218877,0.0,-1.0
GLRA4,0.056372404,0.0,0.0
GLRB,0.20044352,0.0,-1.0
GLRX,0.2854698,0.0,0.0
GLRX2,0.06579439,0.0,0.0
GLRX3,0.069645874,0.0,0.0
GLRX5,0.06354535,0.0,0.0
GLS,0.6768774,1.0,-1.0
GLS2,0.22471686,0.0,-1.0
GLT1D1,0.14582701,0.0,0.0
GLT6D1,0.00038505284,0.0,0.0
GLT8D1,0.11162501,0.0,0.0
GLT8D2,0.45268813,0.0,-1.0
GLTP,0.115511216,0.0,0.0
GLTPD2,0.039029468,0.0,0.0
GLUD1,0.44611874,0.0,-1.0
GLUD2,0.29109824,0.0,0.0
GLUL,0.61166304,1.0,0.0
GLYAT,0.16732435,0.0,-1.0
GLYATL1,0.05066171,0.0,0.0
GLYATL2,0.020706354,0.0,0.0
GLYATL3,0.021331694,0.0,0.0
GLYCAM1,8.472326e-14,0.0,0.0
GLYCTK,0.13671584,0.0,0.0
GLYR1,0.4376942,0.0,-1.0
GM2A,0.26054808,0.0,-1.0
GMCL1,0.22705752,0.0,0.0
GMCL2,0.21994819,0.0,0.0
GMDS,0.12612073,0.0,0.0
GMEB1,0.242334,0.0,0.0
GMEB2,0.22591086,0.0,0.0
GMFB,0.23539618,0.0,-1.0
GMFG,0.49366033,0.0,0.0
GMIP,0.38361531,0.0,0.0
GML,0.35168546,0.0,-1.0
GMNN,0.44944817,0.0,0.0
GMPPA,0.08097907,0.0,0.0
GMPPB,0.40589145,0.0,0.0
GMPR,0.22095695,0.0,0.0
GMPR2,0.069402784,0.0,0.0
GMPS,0.371893,0.0,-1.0
GNA11,0.8061642,1.0,1.0
GNA12,0.6478186,1.0,1.0
GNA13,0.82432824,1.0,1.0
GNA14,0.5318675,1.0,-1.0
GNA15,0.77480465,1.0,-1.0
GNAI1,0.8985554,1.0,-1.0
GNAI2,0.8427442,1.0,-1.0
GNAI3,0.9045607,1.0,-1.0
GNAL,0.074939,0.0,0.0
GNAO1,0.8093556,1.0,0.0
GNAQ,0.8403557,1.0,1.0
GNAS,0.675579,1.0,1.0
GNAT1,0.44651186,0.0,-1.0
GNAT2,0.55298173,1.0,-1.0
GNAT3,0.4011446,0.0,0.0
GNAZ,0.64463466,1.0,0.0
GNB1,0.88109744,1.0,1.0
GNB1L,0.26451385,0.0,0.0
GNB2,0.80610466,1.0,-1.0
GNB3,0.45578167,0.0,-1.0
GNB4,0.6065891,1.0,-1.0
GNB5,0.4493111,0.0,-1.0
GNE,0.10574951,0.0,-1.0
GNG10,0.44702157,0.0,-1.0
GNG11,0.5527513,1.0,-1.0
GNG12,0.56337476,1.0,-1.0
GNG13,0.35509512,0.0,-1.0
GNG2,0.55255204,1.0,-1.0
GNG3,0.44049504,0.0,-1.0
GNG4,0.43652815,0.0,-1.0
GNG5,0.43355596,0.0,-1.0
GNG7,0.38728097,0.0,-1.0
GNG8,0.29794672,0.0,-1.0
GNGT1,0.3463764,0.0,-1.0
GNGT2,0.31385714,0.0,-1.0
GNL1,0.18282408,0.0,0.0
GNL2,0.22929846,0.0,0.0
GNL3,0.28020918,0.0,0.0
GNL3L,0.21493815,0.0,0.0
GNLY,0.4270803,0.0,0.0
GNMT,0.11216924,0.0,0.0
GNPAT,0.08457733,0.0,-1.0
GNPDA1,0.18654333,0.0,0.0
GNPDA2,0.14231555,0.0,0.0
GNPNAT1,0.15881921,0.0,0.0
GNPTAB,0.20677562,0.0,-1.0
GNPTG,0.12236022,0.0,-1.0
GNRH1,0.48115143,0.0,0.0
GNRH2,0.28387472,0.0,0.0
GNRHR,0.31592432,0.0,-1.0
GNRHR2,0.10260775,0.0,0.0
GNS,0.35666192,0.0,-1.0
GOLGA1,0.27311993,0.0,0.0
GOLGA2,0.43015113,0.0,-1.0
GOLGA2P10,0.001245163,0.0,0.0
GOLGA2P11,0.020903746,0.0,0.0
GOLGA3,0.3179028,0.0,0.0
GOLGA4,0.4618261,0.0,0.0
GOLGA5,0.1321447,0.0,1.0
GOLGA6A,0.0898979,0.0,0.0
GOLGA6B,0.08997315,0.0,0.0
GOLGA6L10,0.054501377,0.0,0.0
GOLGA6L2,0.040752485,0.0,0.0
GOLGA6L9,0.23417287,0.0,0.0
GOLGA7,0.085355334,0.0,0.0
GOLGA7B,0.09546198,0.0,0.0
GOLGA8A,0.2778418,0.0,0.0
GOLGA8B,0.11961356,0.0,0.0
GOLGA8DP,0.00036396793,0.0,0.0
GOLGA8EP,0.102293715,0.0,0.0
GOLGA8F,0.07107889,0.0,0.0
GOLGA8G,2.2689507e-10,0.0,0.0
GOLGA8H,4.953611e-11,0.0,0.0
GOLGA8J,8.416257e-11,0.0,0.0
GOLGA8R,1.3496417e-11,0.0,0.0
GOLGB1,0.51755404,1.0,-1.0
GOLIM4,0.16107993,0.0,0.0
GOLM1,0.14052127,0.0,0.0
GOLM2,0.11462792,0.0,0.0
GOLPH3,0.3133592,0.0,0.0
GOLPH3L,0.14607874,0.0,0.0
GOLT1A,0.1002449,0.0,0.0
GOLT1B,0.114736885,0.0,0.0
GON4L,0.4327619,0.0,0.0
GON7,0.056269128,0.0,0.0
GOPC,0.12694366,0.0,1.0
GORAB,0.16846779,0.0,0.0
GORASP1,0.23388457,0.0,-1.0
GORASP2,0.12374303,0.0,0.0
GOSR1,0.31455448,0.0,0.0
GOSR2,0.14264347,0.0,-1.0
GOT1,0.1432952,0.0,-1.0
GOT1L1,0.108275615,0.0,0.0
GOT2,0.28057313,0.0,-1.0
GP1BA,0.6388375,1.0,0.0
GP1BB,0.5186722,1.0,-1.0
GP2,0.27097195,0.0,0.0
GP5,0.17038544,0.0,0.0
GP6,0.38719288,0.0,0.0
GP9,0.38902432,0.0,-1.0
GPA33,0.18783577,0.0,-1.0
GPAA1,0.089709856,0.0,0.0
GPALPP1,0.18359019,0.0,0.0
GPAM,0.08165617,0.0,-1.0
GPANK1,0.18732408,0.0,0.0
GPAT2,0.046196338,0.0,0.0
GPAT3,0.09672589,0.0,0.0
GPAT4,0.07122664,0.0,-1.0
GPATCH1,0.2794448,0.0,0.0
GPATCH11,0.2207094,0.0,0.0
GPATCH2,0.19854179,0.0,0.0
GPATCH2L,0.19213,0.0,0.0
GPATCH3,0.11699357,0.0,0.0
GPATCH4,0.21209279,0.0,-1.0
GPATCH8,0.62671393,1.0,-1.0
GPBAR1,0.121831276,0.0,0.0
GPBP1,0.4692534,0.0,0.0
GPBP1L1,0.35297236,0.0,0.0
GPC1,0.64132315,1.0,-1.0
GPC2,0.12068464,0.0,0.0
GPC3,0.5019333,1.0,1.0
GPC4,0.54448956,1.0,0.0
GPC5,0.22957234,0.0,1.0
GPC6,0.23160347,0.0,-1.0
GPCPD1,0.14335798,0.0,-1.0
GPD1,0.20414832,0.0,0.0
GPD1L,0.1702739,0.0,-1.0
GPD2,0.3498124,0.0,0.0
GPER1,0.26872936,0.0,-1.0
GPHA2,0.0809778,0.0,0.0
GPHB5,0.044055995,0.0,0.0
GPHN,0.33609316,0.0,1.0
GPI,0.38100582,0.0,-1.0
GPIHBP1,0.09371023,0.0,0.0
GPKOW,0.21572936,0.0,0.0
GPLD1,0.027719632,0.0,0.0
GPM6A,0.30902004,0.0,0.0
GPM6B,0.36971867,0.0,0.0
GPN1,0.14995563,0.0,-1.0
GPN2,0.0830693,0.0,0.0
GPN3,0.111554764,0.0,0.0
GPNMB,0.64666533,1.0,-1.0
GPR101,0.05652191,0.0,0.0
GPR107,0.14723164,0.0,-1.0
GPR108,0.1280727,0.0,0.0
GPR119,0.11466367,0.0,0.0
GPR12,0.2474332,0.0,-1.0
GPR132,0.24394163,0.0,0.0
GPR135,0.15173022,0.0,0.0
GPR137,0.14217693,0.0,0.0
GPR137B,0.28642815,0.0,0.0
GPR137C,0.00038411375,0.0,0.0
GPR139,0.014551126,0.0,0.0
GPR141,0.06670533,0.0,-1.0
GPR142,0.05424989,0.0,0.0
GPR143,0.22675739,0.0,-1.0
GPR146,0.007194428,0.0,0.0
GPR148,0.044090662,0.0,0.0
GPR149,0.05970161,0.0,0.0
GPR15,0.20283596,0.0,0.0
GPR150,0.079395145,0.0,0.0
GPR151,0.040951975,0.0,0.0
GPR152,0.0520955,0.0,0.0
GPR153,0.082042724,0.0,0.0
GPR155,0.20891193,0.0,0.0
GPR156,0.11119059,0.0,0.0
GPR157,0.12512225,0.0,0.0
GPR158,0.12419225,0.0,0.0
GPR160,0.1147042,0.0,0.0
GPR161,0.29211107,0.0,-1.0
GPR162,0.22367157,0.0,0.0
GPR17,0.2528537,0.0,0.0
GPR171,0.39483213,0.0,0.0
GPR173,0.10747113,0.0,0.0
GPR174,0.121011764,0.0,-1.0
GPR176,0.19177075,0.0,-1.0
GPR179,0.0041287,0.0,0.0
GPR18,0.51839226,1.0,0.0
GPR180,0.14787233,0.0,0.0
GPR182,0.24896221,0.0,0.0
GPR183,0.55177945,1.0,-1.0
GPR19,0.20426874,0.0,0.0
GPR20,0.10927815,0.0,0.0
GPR21,0.16706525,0.0,0.0
GPR22,0.13519862,0.0,0.0
GPR25,0.13807704,0.0,0.0
GPR26,0.11946685,0.0,0.0
GPR27,0.19196944,0.0,0.0
GPR3,0.19179215,0.0,0.0
GPR31,0.29422307,0.0,0.0
GPR32,0.18122725,0.0,-1.0
GPR34,0.12642172,0.0,0.0
GPR35,0.30842817,0.0,-1.0
GPR37,0.26292437,0.0,0.0
GPR37L1,0.29580513,0.0,0.0
GPR39,0.15591612,0.0,0.0
GPR4,0.23408048,0.0,0.0
GPR42,0.049434185,0.0,0.0
GPR45,0.20745239,0.0,0.0
GPR50,0.33471614,0.0,-1.0
GPR52,0.24205394,0.0,0.0
GPR55,0.16429444,0.0,0.0
GPR6,0.17992455,0.0,0.0
GPR61,0.030831268,0.0,0.0
GPR62,0.1020787,0.0,0.0
GPR63,0.01735573,0.0,0.0
GPR65,0.48156235,0.0,0.0
GPR68,0.20576088,0.0,-1.0
GPR75,0.08174899,0.0,0.0
GPR75-ASB3,0.1051985,0.0,0.0
GPR78,0.06328031,0.0,0.0
GPR82,0.04817696,0.0,0.0
GPR83,0.14744516,0.0,0.0
GPR84,0.13844654,0.0,0.0
GPR85,0.07298391,0.0,0.0
GPR87,0.29238468,0.0,0.0
GPR88,0.07092865,0.0,0.0
GPR89A,0.06838821,0.0,0.0
GPR89B,0.053128507,0.0,0.0
GPRASP1,0.34098747,0.0,0.0
GPRASP2,0.17747383,0.0,0.0
GPRC5A,0.5777907,1.0,-1.0
GPRC5B,0.12700085,0.0,0.0
GPRC5C,0.0970424,0.0,0.0
GPRC5D,0.22509503,0.0,0.0
GPRC6A,0.14242569,0.0,0.0
GPRIN1,0.0779856,0.0,-1.0
GPRIN2,0.13027537,0.0,-1.0
GPRIN3,0.16615155,0.0,0.0
GPS1,0.09994617,0.0,-1.0
GPS2,0.39917532,0.0,1.0
GPSM1,0.27436677,0.0,0.0
GPSM2,0.6310005,1.0,0.0
GPSM3,0.16880311,0.0,0.0
GPT,0.17093405,0.0,0.0
GPT2,0.1421961,0.0,0.0
GPX1,0.40105522,0.0,-1.0
GPX2,0.2926534,0.0,0.0
GPX3,0.29415366,0.0,-1.0
GPX4,0.12550794,0.0,0.0
GPX5,0.1667102,0.0,-1.0
GPX6,0.06072493,0.0,0.0
GPX7,0.18210606,0.0,0.0
GPX8,0.3066079,0.0,0.0
GRAMD1A,0.12921235,0.0,0.0
GRAMD1B,0.078816205,0.0,-1.0
GRAMD1C,0.07741766,0.0,0.0
GRAMD2A,0.12424779,0.0,0.0
GRAMD2B,0.1780989,0.0,0.0
GRAMD4,0.119348064,0.0,0.0
GRAP,0.7755002,1.0,0.0
GRAP2,0.8627926,1.0,0.0
GRAPL,0.32450485,0.0,0.0
GRB10,0.62670076,1.0,-1.0
GRB14,0.30546293,0.0,0.0
GRB2,0.97282064,1.0,-1.0
GRB7,0.5621501,1.0,0.0
GREB1,0.26694098,0.0,-1.0
GREB1L,0.0849585,0.0,0.0
GREM1,0.5523512,1.0,1.0
GREM2,0.082837805,0.0,0.0
GRHL1,0.24168989,0.0,0.0
GRHL2,0.38947356,0.0,-1.0
GRHL3,0.16349421,0.0,0.0
GRHPR,0.05545046,0.0,-1.0
GRIA1,0.5704832,1.0,0.0
GRIA2,0.59102476,1.0,-1.0
GRIA3,0.4144824,0.0,-1.0
GRIA4,0.40474305,0.0,0.0
GRID1,0.14761078,0.0,-1.0
GRID2,0.2769201,0.0,0.0
GRID2IP,0.13697249,0.0,0.0
GRIK1,0.506077,1.0,0.0
GRIK2,0.53025013,1.0,-1.0
GRIK3,0.49234203,0.0,-1.0
GRIK4,0.35648444,0.0,0.0
GRIK5,0.35248476,0.0,-1.0
GRIN1,0.7712697,1.0,-1.0
GRIN2A,0.7701775,1.0,1.0
GRIN2B,0.7732973,1.0,-1.0
GRIN2C,0.558501,1.0,0.0
GRIN2D,0.6057679,1.0,-1.0
GRIN3A,0.38907203,0.0,0.0
GRIN3B,0.2297191,0.0,0.0
GRINA,0.080888875,0.0,0.0
GRIP1,0.6646357,1.0,0.0
GRIP2,0.2176399,0.0,0.0
GRIPAP1,0.1429643,0.0,0.0
GRK1,0.24639747,0.0,0.0
GRK2,0.7698999,1.0,0.0
GRK3,0.1981102,0.0,0.0
GRK4,0.18948428,0.0,0.0
GRK5,0.72113985,1.0,0.0
GRK6,0.5768454,1.0,0.0
GRK7,0.17614792,0.0,0.0
GRM1,0.5100077,1.0,-1.0
GRM2,0.4361939,0.0,0.0
GRM3,0.43672907,0.0,1.0
GRM4,0.43407091,0.0,0.0
GRM5,0.55956215,1.0,-1.0
GRM6,0.5051355,1.0,0.0
GRM7,0.5110784,1.0,0.0
GRM8,0.44735214,0.0,-1.0
GRN,0.3890714,0.0,-1.0
GRP,0.4693261,0.0,-1.0
GRPEL1,0.12554468,0.0,0.0
GRPEL2,0.15420108,0.0,0.0
GRPR,0.3029929,0.0,-1.0
GRSF1,0.13149643,0.0,-1.0
GRTP1,0.24906689,0.0,0.0
GRWD1,0.19276984,0.0,0.0
GRXCR1,4.153574e-05,0.0,0.0
GSAP,0.5496404,1.0,0.0
GSC,0.5398096,1.0,0.0
GSC2,0.07708053,0.0,0.0
GSDMA,0.14317119,0.0,-1.0
GSDMB,0.11032595,0.0,-1.0
GSDMC,0.045960434,0.0,-1.0
GSDMD,0.1036746,0.0,0.0
GSDME,0.14249176,0.0,-1.0
GSE1,0.5889756,1.0,-1.0
GSG1,0.104229905,0.0,0.0
GSG1L,0.037342917,0.0,0.0
GSK3A,0.94403094,1.0,-1.0
GSK3B,0.96264285,1.0,1.0
GSKIP,0.12906475,0.0,-1.0
GSN,0.9451918,1.0,-1.0
GSPT1,0.36697954,0.0,-1.0
GSPT2,0.28238776,0.0,0.0
GSR,0.5206137,1.0,0.0
GSS,0.12072878,0.0,0.0
GSTA1,0.19996062,0.0,-1.0
GSTA2,0.12678497,0.0,-1.0
GSTA3,0.17594424,0.0,-1.0
GSTA4,0.14783613,0.0,-1.0
GSTA5,0.05674494,0.0,-1.0
GSTCD,0.16335376,0.0,0.0
GSTK1,0.08322056,0.0,0.0
GSTM1,0.30666053,0.0,-1.0
GSTM2,0.112463996,0.0,-1.0
GSTM3,0.20433262,0.0,-1.0
GSTM4,0.100703314,0.0,-1.0
GSTM5,0.3841924,0.0,-1.0
GSTO1,0.10475021,0.0,-1.0
GSTO2,0.11521219,0.0,-1.0
GSTP1,0.59137905,1.0,-1.0
GSTT1,0.0740248,0.0,-1.0
GSTT2,0.05058706,0.0,-1.0
GSTT2B,0.054826967,0.0,-1.0
GSTT4,0.006253844,0.0,0.0
GSTZ1,0.10724791,0.0,0.0
GSX1,0.29714084,0.0,0.0
GSX2,0.24291849,0.0,0.0
GTDC1,0.021963224,0.0,0.0
GTF2A1,0.22059736,0.0,-1.0
GTF2A1L,0.19339444,0.0,0.0
GTF2A2,0.078969665,0.0,0.0
GTF2B,0.537935,1.0,-1.0
GTF2E1,0.40547204,0.0,0.0
GTF2E2,0.25287184,0.0,0.0
GTF2F1,0.39065343,0.0,0.0
GTF2F2,0.24659245,0.0,0.0
GTF2H1,0.42297024,0.0,-1.0
GTF2H2,0.35046667,0.0,0.0
GTF2H2C,0.16152368,0.0,0.0
GTF2H2C_2,0.1299973,0.0,0.0
GTF2H3,0.4138999,0.0,0.0
GTF2H4,0.3576919,0.0,0.0
GTF2H5,0.09678401,0.0,-1.0
GTF2I,0.69496256,1.0,1.0
GTF2IRD1,0.37870198,0.0,0.0
GTF2IRD2,0.22938962,0.0,0.0
GTF2IRD2B,0.310996,0.0,0.0
GTF3A,0.31065586,0.0,0.0
GTF3C1,0.41224098,0.0,0.0
GTF3C2,0.350227,0.0,0.0
GTF3C3,0.34396014,0.0,0.0
GTF3C4,0.38674888,0.0,0.0
GTF3C5,0.33561888,0.0,0.0
GTF3C6,0.059835173,0.0,0.0
GTPBP1,0.47582582,0.0,0.0
GTPBP10,0.13576041,0.0,0.0
GTPBP2,0.33040512,0.0,0.0
GTPBP3,0.22415666,0.0,0.0
GTPBP4,0.44529402,0.0,0.0
GTPBP6,0.060491733,0.0,0.0
GTPBP8,0.081544094,0.0,0.0
GTSE1,0.69673884,1.0,-1.0
GTSF1,0.19978368,0.0,0.0
GTSF1L,0.04521547,0.0,0.0
GUCA1A,0.32837743,0.0,-1.0
GUCA1B,0.34771213,0.0,-1.0
GUCA1C,0.113576084,0.0,0.0
GUCA2A,0.1945807,0.0,0.0
GUCA2B,0.24215065,0.0,0.0
GUCD1,0.0006406527,0.0,0.0
GUCY1A1,0.66811967,1.0,0.0
GUCY1A2,0.3683891,0.0,-1.0
GUCY1B1,0.65227145,1.0,0.0
GUCY1B2,0.033690345,0.0,0.0
GUCY2C,0.290837,0.0,-1.0
GUCY2D,0.40086803,0.0,-1.0
GUCY2EP,0.019387031,0.0,0.0
GUCY2F,0.39773598,0.0,0.0
GUF1,0.20735598,0.0,0.0
GUK1,0.53254646,1.0,0.0
GULP1,0.37976658,0.0,0.0
GUSB,0.05639148,0.0,-1.0
GUSBP1,0.36706603,0.0,0.0
GXYLT1,0.16490276,0.0,-1.0
GXYLT2,0.12347108,0.0,0.0
GYG1,0.16578293,0.0,0.0
GYG2,0.056147847,0.0,0.0
GYPA,0.27378115,0.0,0.0
GYPB,0.26306665,0.0,0.0
GYPC,0.3759537,0.0,-1.0
GYPE,0.20502912,0.0,0.0
GYS1,0.62570024,1.0,-1.0
GYS2,0.4527849,0.0,-1.0
GZF1,0.1978769,0.0,0.0
GZMA,0.54118055,1.0,-1.0
GZMB,0.52803797,1.0,-1.0
GZMH,0.21740822,0.0,0.0
GZMK,0.38980696,0.0,0.0
GZMM,0.19176959,0.0,0.0
H1-0,0.78343374,1.0,0.0
H1-1,0.78859186,1.0,0.0
H1-10,0.4581116,0.0,0.0
H1-2,0.74268425,1.0,-1.0
H1-3,0.53075904,1.0,1.0
H1-4,0.60343015,1.0,1.0
H1-5,0.69340086,1.0,1.0
H1-6,0.4908935,0.0,0.0
H1-7,0.048721362,0.0,0.0
H1-8,0.04456882,0.0,-1.0
H2AB1,0.28108996,0.0,0.0
H2AB2,0.46083117,0.0,0.0
H2AB3,0.0006829877,0.0,0.0
H2AC1,0.67458564,1.0,0.0
H2AC11,0.6368149,1.0,-1.0
H2AC12,0.65453583,1.0,0.0
H2AC13,0.70400226,1.0,0.0
H2AC14,0.82834375,1.0,0.0
H2AC15,0.43550926,0.0,0.0
H2AC16,0.4421856,0.0,-1.0
H2AC17,0.5979579,1.0,1.0
H2AC18,0.72163737,1.0,0.0
H2AC19,0.38342637,0.0,0.0
H2AC20,0.86416173,1.0,-1.0
H2AC21,0.61886436,1.0,0.0
H2AC4,0.59524024,1.0,0.0
H2AC6,0.8080392,1.0,-1.0
H2AC7,0.83320606,1.0,-1.0
H2AC8,0.7482722,1.0,0.0
H2AJ,0.8062613,1.0,0.0
H2AP,0.21577847,0.0,0.0
H2AW,0.6766485,1.0,0.0
H2AX,0.8157451,1.0,-1.0
H2AZ1,0.66128755,1.0,-1.0
H2AZ2,0.81437343,1.0,-1.0
H2BC1,0.85600215,1.0,0.0
H2BC10,0.6864868,1.0,0.0
H2BC11,0.8513033,1.0,-1.0
H2BC12,0.8490789,1.0,-1.0
H2BC12L,0.37283015,0.0,0.0
H2BC13,0.8435986,1.0,0.0
H2BC14,0.5741627,1.0,0.0
H2BC15,0.8943593,1.0,0.0
H2BC17,0.6393257,1.0,-1.0
H2BC18,0.6574723,1.0,0.0
H2BC21,0.871977,1.0,0.0
H2BC3,0.7344346,1.0,-1.0
H2BC4,0.7935157,1.0,-1.0
H2BC5,0.84531236,1.0,-1.0
H2BC6,0.524035,1.0,0.0
H2BC7,0.7047453,1.0,-1.0
H2BC8,0.57269824,1.0,-1.0
H2BC9,0.64758253,1.0,-1.0
H2BU1,0.58484304,1.0,0.0
H2BW1,0.55976975,1.0,0.0
H2BW2,0.2845882,0.0,0.0
H3-3A,0.8658706,1.0,1.0
H3-3B,0.7826402,1.0,1.0
H3-4,0.8895134,1.0,-1.0
H3-5,0.68138826,1.0,-1.0
H3-7,0.14345643,0.0,0.0
H3C1,0.80408084,1.0,-1.0
H3C10,0.789512,1.0,-1.0
H3C11,0.5255498,1.0,-1.0
H3C12,0.8580128,1.0,-1.0
H3C13,0.70519096,1.0,-1.0
H3C14,0.74264187,1.0,-1.0
H3C15,0.87428546,1.0,-1.0
H3C2,0.5894297,1.0,1.0
H3C3,0.83237326,1.0,-1.0
H3C4,0.8081597,1.0,-1.0
H3C6,0.63860756,1.0,-1.0
H3C7,0.54054815,1.0,-1.0
H3C8,0.5375665,1.0,-1.0
H3P16,0.008632389,0.0,0.0
H4-16,0.89128625,1.0,-1.0
H4C1,0.823052,1.0,0.0
H4C11,0.89223635,1.0,-1.0
H4C12,0.6651968,1.0,0.0
H4C13,0.66848797,1.0,0.0
H4C14,0.70754826,1.0,0.0
H4C15,0.5754494,1.0,0.0
H4C2,0.9053987,1.0,-1.0
H4C3,0.8932831,1.0,0.0
H4C4,0.7317307,1.0,-1.0
H4C5,0.82557917,1.0,-1.0
H4C6,0.8345214,1.0,0.0
H4C7,0.1884819,0.0,0.0
H4C8,0.6596452,1.0,-1.0
H4C9,0.8767725,1.0,1.0
H6PD,0.28955483,0.0,0.0
HAAO,0.25177026,0.0,0.0
HABP2,0.250049,0.0,0.0
HABP4,0.2920664,0.0,0.0
HACD1,0.07433869,0.0,0.0
HACD2,0.19033137,0.0,0.0
HACD3,0.31991738,0.0,0.0
HACD4,0.07231724,0.0,0.0
HACE1,0.55493915,1.0,-1.0
HACL1,0.11433096,0.0,0.0
HADH,0.15818155,0.0,0.0
HADHA,0.27309933,0.0,-1.0
HADHB,0.1879106,0.0,0.0
HAGH,0.030195031,0.0,0.0
HAGHL,0.0106073525,0.0,0.0
HAL,0.29768848,0.0,0.0
HAMP,0.27298737,0.0,-1.0
HAND1,0.53100485,1.0,0.0
HAND2,0.4950847,0.0,0.0
HAO1,0.19307323,0.0,0.0
HAO2,0.17547841,0.0,0.0
HAP1,0.48115566,0.0,0.0
HAPLN1,0.19618061,0.0,-1.0
HAPLN2,0.106764145,0.0,0.0
HAPLN3,0.1158593,0.0,0.0
HAPLN4,0.019987263,0.0,0.0
HARBI1,0.21008763,0.0,0.0
HARS1,0.1722542,0.0,0.0
HARS2,0.15728652,0.0,0.0
HAS1,0.33687326,0.0,0.0
HAS2,0.6521946,1.0,-1.0
HAS3,0.12572905,0.0,0.0
HASPIN,0.4086674,0.0,0.0
HAT1,0.31910625,0.0,0.0
HAUS1,0.45690072,0.0,0.0
HAUS2,0.39477465,0.0,0.0
HAUS3,0.52416724,1.0,0.0
HAUS4,0.3709377,0.0,0.0
HAUS5,0.62372696,1.0,0.0
HAUS6,0.5180446,1.0,0.0
HAUS7,0.3908874,0.0,0.0
HAUS8,0.55837166,1.0,0.0
HAVCR1,0.15947491,0.0,-1.0
HAVCR2,0.20132501,0.0,0.0
HAX1,0.13292895,0.0,-1.0
HBA1,0.6515731,1.0,-1.0
HBA2,0.2933688,0.0,-1.0
HBB,0.483169,0.0,-1.0
HBBP1,2.3245783e-18,0.0,0.0
HBD,0.1197248,0.0,0.0
HBE1,0.34730986,0.0,0.0
HBEGF,0.8998042,1.0,-1.0
HBG1,0.19848621,0.0,0.0
HBG2,0.22468725,0.0,-1.0
HBM,0.05710687,0.0,0.0
HBP1,0.5044533,1.0,-1.0
HBQ1,0.16830312,0.0,0.0
HBS1L,0.28993052,0.0,0.0
HBZ,0.3299281,0.0,0.0
HCAR1,0.1728282,0.0,0.0
HCAR2,0.19792561,0.0,0.0
HCAR3,0.33804706,0.0,0.0
HCCS,0.10827398,0.0,0.0
HCFC1,0.7252093,1.0,0.0
HCFC1R1,0.13320361,0.0,0.0
HCFC2,0.2420871,0.0,-1.0
HCK,0.8964121,1.0,-1.0
HCLS1,0.77500415,1.0,-1.0
HCN1,0.23771602,0.0,-1.0
HCN2,0.22720398,0.0,0.0
HCN3,0.15791862,0.0,0.0
HCN4,0.3416282,0.0,-1.0
HCP5,0.032717414,0.0,-1.0
HCRT,0.45402306,0.0,-1.0
HCRTR1,0.25391424,0.0,0.0
HCRTR2,0.29518977,0.0,0.0
HCST,0.3498058,0.0,0.0
HDAC1,0.9617238,1.0,1.0
HDAC10,0.24500056,0.0,-1.0
HDAC11,0.63096154,1.0,-1.0
HDAC2,0.9327145,1.0,-1.0
HDAC3,0.92179424,1.0,-1.0
HDAC4,0.8971709,1.0,1.0
HDAC5,0.8345237,1.0,-1.0
HDAC6,0.8567823,1.0,-1.0
HDAC7,0.82580906,1.0,1.0
HDAC8,0.57451075,1.0,-1.0
HDAC9,0.8669459,1.0,-1.0
HDC,0.2146755,0.0,0.0
HDDC2,0.07001062,0.0,0.0
HDDC3,0.13586101,0.0,0.0
HDGF,0.5449047,1.0,0.0
HDGFL1,0.15667576,0.0,0.0
HDGFL2,0.2537331,0.0,0.0
HDGFL3,0.1334178,0.0,0.0
HDHD2,0.15610883,0.0,0.0
HDHD3,0.10395916,0.0,0.0
HDHD5,0.075257376,0.0,-1.0
HDLBP,0.44269332,0.0,-1.0
HDX,0.14181751,0.0,0.0
HEATR1,0.37149122,0.0,-1.0
HEATR3,0.27621165,0.0,0.0
HEATR4,0.002688116,0.0,0.0
HEATR5A,0.27890754,0.0,0.0
HEATR5B,0.41050717,0.0,0.0
HEATR6,0.32093683,0.0,0.0
HEATR9,7.466358e-06,0.0,0.0
HEBP1,0.21758221,0.0,0.0
HEBP2,0.057856712,0.0,0.0
HECA,0.5842311,1.0,0.0
HECTD1,0.55833024,1.0,-1.0
HECTD2,0.15042642,0.0,0.0
HECTD3,0.2727165,0.0,0.0
HECTD4,0.3814495,0.0,0.0
HECW1,0.50153786,1.0,-1.0
HECW2,0.41873854,0.0,-1.0
HEG1,0.6750939,1.0,0.0
HELB,0.23917054,0.0,0.0
HELLS,0.81606215,1.0,-1.0
HELQ,0.26168796,0.0,0.0
HELT,0.16449624,0.0,0.0
HELZ,0.7557369,1.0,0.0
HELZ2,0.41595384,0.0,-1.0
HEMGN,0.27994183,0.0,0.0
HEMK1,0.014175478,0.0,0.0
HENMT1,0.14279751,0.0,0.0
HEPACAM,0.024620445,0.0,0.0
HEPACAM2,0.07301516,0.0,-1.0
HEPH,0.2509571,0.0,0.0
HEPHL1,0.07066446,0.0,0.0
HEPN1,0.013029146,0.0,0.0
HERC1,0.7432365,1.0,-1.0
HERC2,0.66698724,1.0,-1.0
HERC2P2,4.859714e-09,0.0,0.0
HERC3,0.49533868,0.0,0.0
HERC4,0.695212,1.0,0.0
HERC5,0.5803006,1.0,0.0
HERC6,0.20805235,0.0,0.0
HERPUD1,0.22963338,0.0,1.0
HERPUD2,0.14846127,0.0,0.0
HES1,0.7850372,1.0,-1.0
HES2,0.18741575,0.0,0.0
HES3,0.07956839,0.0,0.0
HES4,0.07507012,0.0,0.0
HES5,0.38006902,0.0,-1.0
HES6,0.15560235,0.0,0.0
HES7,0.10260402,0.0,0.0
HESX1,0.46669453,0.0,-1.0
HEXA,0.24869193,0.0,-1.0
HEXB,0.16990027,0.0,-1.0
HEXD,0.08528295,0.0,0.0
HEXIM1,0.51872253,1.0,-1.0
HEXIM2,0.25500467,0.0,0.0
HEY1,0.717806,1.0,1.0
HEY2,0.27977183,0.0,-1.0
HEYL,0.47070444,0.0,-1.0
HFE,0.43224165,0.0,-1.0
HFM1,0.2354491,0.0,0.0
HGD,0.16679972,0.0,-1.0
HGF,0.9091688,1.0,1.0
HGFAC,0.14591298,0.0,0.0
HGH1,0.27354512,0.0,0.0
HGS,0.7132869,1.0,0.0
HGSNAT,0.03952323,0.0,-1.0
HHAT,0.13078666,0.0,-1.0
HHATL,0.005257729,0.0,0.0
HHEX,0.69932944,1.0,-1.0
HHIP,0.073209636,0.0,-1.0
HHIPL1,0.0035979676,0.0,0.0
HHIPL2,0.18898273,0.0,0.0
HHLA1,0.07842264,0.0,0.0
HHLA2,0.010318166,0.0,-1.0
HHLA3,0.054496743,0.0,0.0
HIBADH,0.11594349,0.0,0.0
HIBCH,0.13985166,0.0,0.0
HIC1,0.6643601,1.0,-1.0
HIC2,0.5792971,1.0,0.0
HID1,0.15319306,0.0,0.0
HIF1A,0.9650004,1.0,1.0
HIF1AN,0.3466816,0.0,-1.0
HIF3A,0.45092505,0.0,0.0
HIGD1A,0.050645664,0.0,0.0
HIGD1B,0.030407997,0.0,0.0
HIGD1C,0.05237125,0.0,0.0
HIGD2A,0.047558684,0.0,0.0
HIGD2B,0.00013495777,0.0,0.0
HIKESHI,0.04952405,0.0,-1.0
HILPDA,0.1959624,0.0,0.0
HINFP,0.17599441,0.0,-1.0
HINT1,0.05602187,0.0,0.0
HINT2,0.056781292,0.0,0.0
HINT3,0.18397978,0.0,0.0
HIP1,0.6313252,1.0,1.0
HIP1R,0.63010424,1.0,0.0
HIPK1,0.8385532,1.0,0.0
HIPK2,0.8198895,1.0,-1.0
HIPK3,0.8296184,1.0,0.0
HIPK4,0.38496286,0.0,0.0
HIRA,0.7429111,1.0,-1.0
HIRIP3,0.37213448,0.0,0.0
HIVEP1,0.86775094,1.0,-1.0
HIVEP2,0.8427311,1.0,0.0
HIVEP3,0.23722605,0.0,-1.0
HJURP,0.5965138,1.0,0.0
HJV,0.22194305,0.0,-1.0
HK1,0.60848963,1.0,-1.0
HK2,0.56890017,1.0,-1.0
HK3,0.31286478,0.0,-1.0
HKDC1,0.12831174,0.0,-1.0
HLA-A,0.7693521,1.0,1.0
HLA-B,0.6868966,1.0,1.0
HLA-C,0.5756832,1.0,1.0
HLA-DMA,0.50309724,1.0,0.0
HLA-DMB,0.5194609,1.0,0.0
HLA-DOA,0.42189455,0.0,0.0
HLA-DOB,0.3940862,0.0,0.0
HLA-DPA1,0.66833025,1.0,0.0
HLA-DPB1,0.67634547,1.0,0.0
HLA-DQA1,0.64068323,1.0,-1.0
HLA-DQA2,0.4202865,0.0,-1.0
HLA-DQB1,0.6591696,1.0,-1.0
HLA-DQB2,0.4649083,0.0,0.0
HLA-DRA,0.8006152,1.0,-1.0
HLA-DRB1,0.750586,1.0,-1.0
HLA-DRB3,0.38924885,0.0,0.0
HLA-DRB4,0.39483812,0.0,0.0
HLA-DRB5,0.59188044,1.0,-1.0
HLA-E,0.5762637,1.0,0.0
HLA-F,0.4710411,0.0,-1.0
HLA-F-AS1,0.095856644,0.0,0.0
HLA-G,0.45784172,0.0,-1.0
HLA-H,0.17990923,0.0,0.0
HLCS,0.1328157,0.0,-1.0
HLF,0.43371904,0.0,1.0
HLTF,0.7188767,1.0,-1.0
HLX,0.565819,1.0,0.0
HM13,0.06012816,0.0,-1.0
HMBOX1,0.33034202,0.0,0.0
HMBS,0.19058375,0.0,-1.0
HMCES,0.264962,0.0,0.0
HMCN1,0.39386705,0.0,-1.0
HMCN2,0.0056301104,0.0,0.0
HMG20A,0.54951423,1.0,0.0
HMG20B,0.34544507,0.0,0.0
HMGA1,0.7568191,1.0,1.0
HMGA2,0.8009746,1.0,1.0
HMGB1,0.88887,1.0,-1.0
HMGB1P1,0.14690031,0.0,0.0
HMGB2,0.78129435,1.0,-1.0
HMGB3,0.6213481,1.0,0.0
HMGB3P1,0.08089017,0.0,0.0
HMGB4,0.045040555,0.0,0.0
HMGCL,0.045891467,0.0,0.0
HMGCLL1,0.07168063,0.0,0.0
HMGCR,0.37915874,0.0,-1.0
HMGCS1,0.29398522,0.0,0.0
HMGCS2,0.2849248,0.0,0.0
HMGN1,0.43533713,0.0,0.0
HMGN2,0.37225127,0.0,0.0
HMGN3,0.1381897,0.0,0.0
HMGN4,0.22488442,0.0,0.0
HMGN5,0.15363869,0.0,-1.0
HMGXB3,0.13393673,0.0,0.0
HMGXB4,0.6285722,1.0,0.0
HMHB1,0.27570105,0.0,0.0
HMMR,0.6299789,1.0,0.0
HMOX1,0.8529394,1.0,-1.0
HMOX2,0.18543445,0.0,0.0
HMSD,0.063551374,0.0,0.0
HMX1,0.3530184,0.0,0.0
HMX2,0.13522747,0.0,0.0
HMX3,0.107132405,0.0,0.0
HNF1A,0.7175966,1.0,1.0
HNF1B,0.19822493,0.0,-1.0
HNF4A,0.9150471,1.0,-1.0
HNF4G,0.2742103,0.0,0.0
HNMT,0.44791588,0.0,0.0
HNRNPA0,0.38646406,0.0,0.0
HNRNPA1,0.7155992,1.0,0.0
HNRNPA1L2,0.24375917,0.0,0.0
HNRNPA1P70,0.01304864,0.0,0.0
HNRNPA2B1,0.66044444,1.0,1.0
HNRNPA3,0.55447847,1.0,-1.0
HNRNPA3P1,0.03758234,0.0,0.0
HNRNPAB,0.41729385,0.0,0.0
HNRNPC,0.380741,0.0,-1.0
HNRNPCL1,0.29178435,0.0,-1.0
HNRNPCL2,0.2645767,0.0,0.0
HNRNPCL3,0.09827843,0.0,0.0
HNRNPD,0.6237084,1.0,-1.0
HNRNPDL,0.42223924,0.0,-1.0
HNRNPF,0.57378167,1.0,0.0
HNRNPH1,0.6608031,1.0,0.0
HNRNPH2,0.44005704,0.0,0.0
HNRNPH3,0.59631807,1.0,-1.0
HNRNPK,0.7289118,1.0,-1.0
HNRNPL,0.65597147,1.0,-1.0
HNRNPLL,0.31261817,0.0,0.0
HNRNPM,0.5687064,1.0,0.0
HNRNPR,0.538326,1.0,0.0
HNRNPU,0.7429958,1.0,-1.0
HNRNPUL1,0.59529424,1.0,0.0
HNRNPUL2,0.37007484,0.0,0.0
HOATZ,0.0011981336,0.0,0.0
HOGA1,0.06733887,0.0,-1.0
HOMER1,0.44688153,0.0,0.0
HOMER2,0.24790718,0.0,0.0
HOMER3,0.43092197,0.0,0.0
HOMEZ,0.3219363,0.0,0.0
HOOK1,0.15962076,0.0,0.0
HOOK2,0.34296465,0.0,0.0
HOOK3,0.38448194,0.0,1.0
HOPX,0.32073322,0.0,0.0
HORMAD1,0.055625606,0.0,-1.0
HORMAD2,0.052086007,0.0,0.0
HOTAIR,1.188318e-07,0.0,0.0
HOXA1,0.0018617098,0.0,-1.0
HOXA10,0.8285734,1.0,-1.0
HOXA11,0.72813964,1.0,1.0
HOXA13,0.63704926,1.0,1.0
HOXA2,0.7503501,1.0,0.0
HOXA3,0.73568594,1.0,-1.0
HOXA4,0.72668576,1.0,0.0
HOXA5,0.8372367,1.0,0.0
HOXA6,0.5539606,1.0,0.0
HOXA7,0.7365128,1.0,-1.0
HOXA9,0.78586584,1.0,1.0
HOXB1,0.6784824,1.0,0.0
HOXB13,0.5463004,1.0,1.0
HOXB2,0.69848496,1.0,0.0
HOXB3,0.82707757,1.0,0.0
HOXB4,0.7641725,1.0,0.0
HOXB5,0.768849,1.0,0.0
HOXB6,0.70905125,1.0,0.0
HOXB7,0.7512059,1.0,0.0
HOXB8,0.6606403,1.0,-1.0
HOXB9,0.5656654,1.0,0.0
HOXC10,0.6994299,1.0,0.0
HOXC11,0.58613586,1.0,1.0
HOXC12,0.38526726,0.0,0.0
HOXC13,0.55192566,1.0,1.0
HOXC4,0.566074,1.0,0.0
HOXC5,0.64987403,1.0,0.0
HOXC6,0.7661758,1.0,-1.0
HOXC8,0.68053967,1.0,-1.0
HOXC9,0.57006043,1.0,0.0
HOXD1,0.6258898,1.0,0.0
HOXD10,0.6890926,1.0,-1.0
HOXD11,0.56758446,1.0,1.0
HOXD12,0.48150212,0.0,0.0
HOXD13,0.7712673,1.0,1.0
HOXD3,0.68954986,1.0,0.0
HOXD4,0.74764526,1.0,0.0
HOXD8,0.573994,1.0,0.0
HOXD9,0.62652093,1.0,0.0
HP,0.3447646,0.0,0.0
HP1BP3,0.5521067,1.0,0.0
HPCA,0.54404914,1.0,0.0
HPCAL1,0.50218487,1.0,0.0
HPCAL4,0.41768694,0.0,0.0
HPD,0.10429464,0.0,-1.0
HPDL,0.09270749,0.0,0.0
HPF1,0.14013834,0.0,0.0
HPGD,0.21071647,0.0,-1.0
HPGDS,0.42411488,0.0,0.0
HPN,0.21877263,0.0,0.0
HPR,0.061582543,0.0,-1.0
HPRT1,0.5601532,1.0,-1.0
HPS1,0.28241003,0.0,-1.0
HPS3,0.17312357,0.0,-1.0
HPS4,0.13069804,0.0,-1.0
HPS5,0.3170001,0.0,-1.0
HPS6,0.17548999,0.0,-1.0
HPSE,0.33305573,0.0,-1.0
HPSE2,0.21673545,0.0,-1.0
HPX,0.30021602,0.0,0.0
HR,0.45735642,0.0,-1.0
HRAS,0.95374984,1.0,1.0
HRC,0.1039318,0.0,0.0
HRCT1,2.294993e-05,0.0,0.0
HRG,0.13178445,0.0,-1.0
HRH1,0.24130206,0.0,0.0
HRH2,0.12660769,0.0,0.0
HRH3,0.2077934,0.0,0.0
HRH4,0.21329203,0.0,-1.0
HRK,0.34855947,0.0,-1.0
HRNR,0.043457206,0.0,-1.0
HROB,0.35180083,0.0,0.0
HS1BP3,0.10173029,0.0,-1.0
HS2ST1,0.25743186,0.0,-1.0
HS3ST1,0.11763477,0.0,0.0
HS3ST2,0.24239635,0.0,0.0
HS3ST3A1,0.09826877,0.0,0.0
HS3ST3B1,0.10855664,0.0,0.0
HS3ST4,0.07931507,0.0,0.0
HS3ST5,0.078748554,0.0,0.0
HS3ST6,0.08889213,0.0,0.0
HS6ST1,0.11053616,0.0,0.0
HS6ST2,0.085809514,0.0,0.0
HS6ST3,0.0808882,0.0,0.0
HSBP1,0.06444193,0.0,-1.0
HSBP1L1,1.1705545e-09,0.0,0.0
HSCB,0.08032506,0.0,0.0
HSD11B1,0.18172538,0.0,0.0
HSD11B1L,0.042437483,0.0,0.0
HSD11B2,0.24369739,0.0,-1.0
HSD17B1,0.21580325,0.0,0.0
HSD17B10,0.15487058,0.0,-1.0
HSD17B11,0.18217248,0.0,0.0
HSD17B12,0.13308261,0.0,0.0
HSD17B13,0.026727114,0.0,0.0
HSD17B14,0.03586722,0.0,0.0
HSD17B2,0.11408735,0.0,0.0
HSD17B3,0.08346043,0.0,-1.0
HSD17B4,0.28979778,0.0,-1.0
HSD17B6,0.15865444,0.0,0.0
HSD17B7,0.088429525,0.0,0.0
HSD17B8,0.05929639,0.0,0.0
HSD3B1,0.13488384,0.0,-1.0
HSD3B2,0.24187735,0.0,-1.0
HSD3B7,0.076670736,0.0,0.0
HSDL1,0.04021419,0.0,0.0
HSDL2,0.17105713,0.0,0.0
HSF1,0.6888674,1.0,-1.0
HSF2,0.6020576,1.0,0.0
HSF2BP,0.341818,0.0,0.0
HSF4,0.35972565,0.0,-1.0
HSF5,0.064607054,0.0,0.0
HSFX1,0.16011128,0.0,0.0
HSFX2,0.092496656,0.0,0.0
HSFY1,0.14364327,0.0,0.0
HSFY2,0.13375078,0.0,0.0
HSH2D,0.12818164,0.0,0.0
HSP90AA1,0.9451853,1.0,1.0
HSP90AA2P,0.21189106,0.0,-1.0
HSP90AA4P,0.12044133,0.0,0.0
HSP90AA5P,0.17252764,0.0,0.0
HSP90AB1,0.87581456,1.0,1.0
HSP90AB2P,0.2110722,0.0,0.0
HSP90AB3P,0.19985887,0.0,0.0
HSP90AB4P,0.15330386,0.0,0.0
HSP90B1,0.72378284,1.0,-1.0
HSP90B3P,0.0023524885,0.0,0.0
HSPA12A,0.45878094,0.0,0.0
HSPA12B,0.27846205,0.0,0.0
HSPA13,0.35490707,0.0,0.0
HSPA14,0.3299624,0.0,0.0
HSPA1A,0.9202986,1.0,0.0
HSPA1B,0.7867192,1.0,0.0
HSPA1L,0.7108532,1.0,-1.0
HSPA2,0.76972973,1.0,0.0
HSPA4,0.7118482,1.0,-1.0
HSPA4L,0.58474994,1.0,0.0
HSPA5,0.8167141,1.0,-1.0
HSPA6,0.8268054,1.0,0.0
HSPA7,0.08937144,0.0,0.0
HSPA8,0.8281869,1.0,-1.0
HSPA9,0.63885015,1.0,-1.0
HSPB1,0.80025977,1.0,-1.0
HSPB11,0.13421425,0.0,0.0
HSPB2,0.23963498,0.0,-1.0
HSPB3,0.029974906,0.0,-1.0
HSPB6,0.087063916,0.0,0.0
HSPB7,0.040813234,0.0,0.0
HSPB8,0.28828108,0.0,-1.0
HSPB9,0.056872234,0.0,0.0
HSPBAP1,0.44803375,0.0,-1.0
HSPBP1,0.18467617,0.0,0.0
HSPD1,0.592817,1.0,-1.0
HSPE1,0.114030704,0.0,0.0
HSPE1-MOB4,0.008190927,0.0,0.0
HSPG2,0.8331891,1.0,-1.0
HSPH1,0.61492527,1.0,-1.0
HTATIP2,0.14287135,0.0,-1.0
HTATSF1,0.3750612,0.0,0.0
HTN1,0.106522866,0.0,0.0
HTN3,0.20026705,0.0,0.0
HTR1A,0.3019256,0.0,0.0
HTR1B,0.29189414,0.0,0.0
HTR1D,0.20071645,0.0,0.0
HTR1E,0.37275043,0.0,-1.0
HTR1F,0.24580398,0.0,0.0
HTR2A,0.41019398,0.0,0.0
HTR2B,0.1706042,0.0,0.0
HTR2C,0.2242703,0.0,0.0
HTR3A,0.23056494,0.0,0.0
HTR3B,0.19717765,0.0,0.0
HTR3C,0.016942458,0.0,-1.0
HTR3D,0.049526628,0.0,0.0
HTR3E,0.048724182,0.0,0.0
HTR4,0.29302397,0.0,0.0
HTR5A,0.22713733,0.0,0.0
HTR6,0.31451768,0.0,0.0
HTR7,0.46524835,0.0,-1.0
HTRA1,0.64863414,1.0,-1.0
HTRA2,0.30839604,0.0,-1.0
HTRA3,0.14208601,0.0,-1.0
HTRA4,0.041096408,0.0,0.0
HTT,0.8206341,1.0,-1.0
HUNK,0.56690973,1.0,0.0
HUS1,0.46545807,0.0,-1.0
HUS1B,0.13734172,0.0,0.0
HUWE1,0.64385706,1.0,-1.0
HVCN1,0.14217731,0.0,-1.0
HYAL1,0.07790994,0.0,-1.0
HYAL2,0.090791024,0.0,-1.0
HYAL3,0.10103051,0.0,0.0
HYAL4,0.16478503,0.0,0.0
HYDIN,0.24581267,0.0,-1.0
HYI,0.09228053,0.0,0.0
HYKK,0.06755916,0.0,0.0
HYLS1,0.19846554,0.0,0.0
HYOU1,0.3342657,0.0,0.0
HYPK,0.06392119,0.0,0.0
IAH1,0.16974469,0.0,0.0
IAPP,0.3717551,0.0,0.0
IARS1,0.43581522,0.0,0.0
IARS2,0.19901896,0.0,0.0
IBA57,0.17744045,0.0,0.0
IBSP,0.33249098,0.0,0.0
IBTK,0.42856628,0.0,0.0
ICA1,0.14134334,0.0,0.0
ICA1L,0.12516376,0.0,0.0
ICAM1,0.9336462,1.0,-1.0
ICAM2,0.49144056,0.0,0.0
ICAM3,0.35942933,0.0,-1.0
ICAM4,0.1707804,0.0,-1.0
ICAM5,0.31035358,0.0,-1.0
ICE1,0.34214908,0.0,0.0
ICE2,0.24082023,0.0,0.0
ICMT,0.18340112,0.0,0.0
ICOS,0.5012726,1.0,-1.0
ICOSLG,0.27454922,0.0,1.0
ID1,0.8533124,1.0,-1.0
ID2,0.8890565,1.0,-1.0
ID3,0.59977907,1.0,1.0
ID4,0.63978904,1.0,-1.0
IDE,0.32831553,0.0,0.0
IDH1,0.2824882,0.0,1.0
IDH2,0.39372292,0.0,1.0
IDH3A,0.23936972,0.0,-1.0
IDH3B,0.16148397,0.0,-1.0
IDH3G,0.19295259,0.0,-1.0
IDI1,0.1298094,0.0,0.0
IDI2,0.05934091,0.0,0.0
IDNK,0.084772155,0.0,-1.0
IDO1,0.5636092,1.0,-1.0
IDO2,0.06300596,0.0,-1.0
IDS,0.10627418,0.0,-1.0
IDUA,0.26174912,0.0,-1.0
IER2,0.5522231,1.0,-1.0
IER3,0.67844903,1.0,-1.0
IER3IP1,0.11534345,0.0,0.0
IER5,0.42622423,0.0,0.0
IER5L,0.21642326,0.0,0.0
IFFO1,0.34228143,0.0,0.0
IFFO2,0.114101484,0.0,0.0
IFI16,0.7433311,1.0,-1.0
IFI27,0.20679912,0.0,-1.0
IFI27L1,2.9472393e-09,0.0,0.0
IFI27L2,0.02980392,0.0,0.0
IFI30,0.47911626,0.0,-1.0
IFI35,0.23757863,0.0,0.0
IFI44,0.35411096,0.0,0.0
IFI44L,0.25725022,0.0,-1.0
IFI6,0.026179884,0.0,0.0
IFIH1,0.51979065,1.0,-1.0
IFIT1,0.49716505,0.0,0.0
IFIT1B,0.13053161,0.0,0.0
IFIT2,0.38912538,0.0,0.0
IFIT3,0.5705709,1.0,-1.0
IFIT5,0.36017275,0.0,0.0
IFITM1,0.48219797,0.0,0.0
IFITM10,0.00010010351,0.0,0.0
IFITM2,0.3982104,0.0,-1.0
IFITM3,0.46955788,0.0,-1.0
IFITM5,0.0002785032,0.0,0.0
IFNA1,0.6300931,1.0,-1.0
IFNA10,0.48012328,0.0,-1.0
IFNA13,0.41285107,0.0,-1.0
IFNA14,0.52043235,1.0,-1.0
IFNA16,0.4860747,0.0,-1.0
IFNA17,0.43016654,0.0,-1.0
IFNA2,0.5864209,1.0,-1.0
IFNA21,0.47153258,0.0,-1.0
IFNA4,0.5302324,1.0,-1.0
IFNA5,0.46547696,0.0,-1.0
IFNA6,0.4127724,0.0,-1.0
IFNA7,0.354372,0.0,-1.0
IFNA8,0.32250133,0.0,-1.0
IFNAR1,0.67411786,1.0,-1.0
IFNAR2,0.5711995,1.0,-1.0
IFNB1,0.71114796,1.0,-1.0
IFNE,0.12972647,0.0,0.0
IFNG,0.88370454,1.0,-1.0
IFNGR1,0.8709964,1.0,1.0
IFNGR2,0.6319627,1.0,-1.0
IFNK,0.17778502,0.0,0.0
IFNL1,0.24229535,0.0,0.0
IFNL2,0.16897443,0.0,0.0
IFNL3,0.16558729,0.0,0.0
IFNLR1,0.24710439,0.0,0.0
IFNW1,0.4118286,0.0,0.0
IFRD1,0.36686453,0.0,0.0
IFRD2,0.15833178,0.0,-1.0
IFT122,0.22536528,0.0,0.0
IFT140,0.20238742,0.0,-1.0
IFT172,0.15658623,0.0,0.0
IFT20,0.16840684,0.0,0.0
IFT22,0.11342888,0.0,0.0
IFT27,0.10231299,0.0,0.0
IFT43,0.12919253,0.0,0.0
IFT46,0.10861492,0.0,0.0
IFT52,0.1455701,0.0,0.0
IFT57,0.2241004,0.0,0.0
IFT74,0.23824768,0.0,0.0
IFT80,0.1644975,0.0,0.0
IFT81,0.22151256,0.0,0.0
IFT88,0.35070813,0.0,0.0
IFTAP,0.08806206,0.0,0.0
IGBP1,0.20920536,0.0,-1.0
IGDCC3,0.17829719,0.0,0.0
IGDCC4,0.43819302,0.0,-1.0
IGF1,0.8946025,1.0,1.0
IGF1R,0.96836096,1.0,1.0
IGF2,0.86559284,1.0,1.0
IGF2-AS,0.08973165,0.0,0.0
IGF2BP1,0.5104475,1.0,-1.0
IGF2BP2,0.49149156,0.0,1.0
IGF2BP3,0.6745185,1.0,-1.0
IGF2R,0.84400463,1.0,-1.0
IGFALS,0.30842775,0.0,-1.0
IGFBP1,0.50153196,1.0,-1.0
IGFBP2,0.6398277,1.0,-1.0
IGFBP3,0.861078,1.0,-1.0
IGFBP4,0.6986458,1.0,0.0
IGFBP5,0.67431664,1.0,-1.0
IGFBP6,0.4629172,0.0,-1.0
IGFBP7,0.68398124,1.0,-1.0
IGFBPL1,0.07786535,0.0,0.0
IGFL1,0.0038948208,0.0,0.0
IGFL2,4.1787075e-08,0.0,0.0
IGFL3,1.676198e-13,0.0,0.0
IGFLR1,0.0004170221,0.0,0.0
IGFN1,0.12803519,0.0,-1.0
IGHA1,0.07748017,0.0,0.0
IGHA2,0.030960212,0.0,0.0
IGHD,0.07786892,0.0,0.0
IGHE,0.11086993,0.0,0.0
IGHG1,0.56649125,1.0,-1.0
IGHG2,0.10183473,0.0,0.0
IGHG3,0.101808175,0.0,0.0
IGHG4,0.09387833,0.0,0.0
IGHM,0.1625873,0.0,0.0
IGHMBP2,0.51101214,1.0,-1.0
IGHV1-2,0.13760863,0.0,0.0
IGHV1-46,0.13983582,0.0,0.0
IGHV1-69,0.13983582,0.0,0.0
IGHV1OR15-9,0.12135857,0.0,0.0
IGHV2-5,0.13983582,0.0,0.0
IGHV2-70,0.13983582,0.0,0.0
IGHV3-11,0.13983582,0.0,0.0
IGHV3-13,0.13983582,0.0,0.0
IGHV3-23,0.1421563,0.0,0.0
IGHV3-30,0.13983582,0.0,0.0
IGHV3-33,0.13983582,0.0,0.0
IGHV3-48,0.14118785,0.0,0.0
IGHV3-53,0.13983582,0.0,0.0
IGHV3-7,0.13983582,0.0,0.0
IGHV3-9,0.1625327,0.0,0.0
IGHV3OR15-7,0.23518878,0.0,0.0
IGHV4-31,0.01263805,0.0,0.0
IGHV4-34,0.13983582,0.0,0.0
IGHV4-39,0.13983582,0.0,0.0
IGHV4-59,0.13983582,0.0,0.0
IGIP,0.091266006,0.0,0.0
IGKC,0.27369294,0.0,0.0
IGKV1-12,0.15128319,0.0,0.0
IGKV1-16,0.14393884,0.0,0.0
IGKV1-17,0.14393884,0.0,0.0
IGKV1-33,0.14393884,0.0,0.0
IGKV1-39,0.14393884,0.0,0.0
IGKV1-5,0.15115745,0.0,0.0
IGKV1D-12,0.14393884,0.0,0.0
IGKV1D-16,0.15732472,0.0,0.0
IGKV1D-33,0.11375965,0.0,0.0
IGKV1D-39,0.11375965,0.0,0.0
IGKV2-28,0.2010261,0.0,0.0
IGKV2-30,0.14393884,0.0,0.0
IGKV2-40,0.015109874,0.0,0.0
IGKV2D-28,0.14949712,0.0,0.0
IGKV2D-29,0.0008830055,0.0,0.0
IGKV2D-30,0.14796147,0.0,0.0
IGKV2D-40,0.16179721,0.0,0.0
IGKV3-11,0.14393884,0.0,0.0
IGKV3-15,0.14393884,0.0,0.0
IGKV3-20,0.14947125,0.0,0.0
IGKV3D-20,0.14796147,0.0,0.0
IGKV3D-7,0.13871673,0.0,0.0
IGKV4-1,0.15263362,0.0,0.0
IGKV5-2,0.14393884,0.0,0.0
IGL,0.2361365,0.0,1.0
IGLC1,0.17510879,0.0,0.0
IGLC2,0.17257315,0.0,0.0
IGLC3,0.17180577,0.0,0.0
IGLC6,0.17081785,0.0,0.0
IGLC7,0.17180558,0.0,0.0
IGLL1,0.20173629,0.0,-1.0
IGLL3P,0.09478812,0.0,0.0
IGLL5,0.22307594,0.0,-1.0
IGLON5,0.0025550881,0.0,0.0
IGLV1-40,0.1356089,0.0,0.0
IGLV1-44,0.1356089,0.0,0.0
IGLV1-47,0.1356089,0.0,0.0
IGLV1-51,0.1356089,0.0,0.0
IGLV2-11,0.1356089,0.0,0.0
IGLV2-14,0.13678128,0.0,0.0
IGLV2-23,0.1356089,0.0,0.0
IGLV2-8,0.1356089,0.0,0.0
IGLV3-1,0.1356089,0.0,0.0
IGLV3-19,0.13452207,0.0,0.0
IGLV3-21,0.13930751,0.0,0.0
IGLV3-25,0.13475275,0.0,0.0
IGLV3-27,0.1356089,0.0,0.0
IGLV6-57,0.13887706,0.0,0.0
IGLV7-43,0.1356089,0.0,0.0
IGSF1,0.28656414,0.0,0.0
IGSF10,0.07423104,0.0,-1.0
IGSF11,0.061573785,0.0,0.0
IGSF21,0.09922578,0.0,0.0
IGSF22,0.22031851,0.0,0.0
IGSF23,7.958473e-09,0.0,0.0
IGSF3,0.29965255,0.0,0.0
IGSF5,0.22967161,0.0,0.0
IGSF6,0.29854247,0.0,0.0
IGSF8,0.29661807,0.0,-1.0
IGSF9,0.08124925,0.0,0.0
IGSF9B,0.4178735,0.0,0.0
IHH,0.63354945,1.0,-1.0
IHO1,0.156811,0.0,0.0
IK,0.23267597,0.0,0.0
IKBIP,0.25776872,0.0,0.0
IKBKB,0.87936854,1.0,1.0
IKBKE,0.770383,1.0,1.0
IKBKG,0.71794754,1.0,-1.0
IKZF1,0.91154945,1.0,1.0
IKZF2,0.6357175,1.0,-1.0
IKZF3,0.7388556,1.0,1.0
IKZF4,0.48302624,0.0,0.0
IKZF5,0.57146204,1.0,0.0
IL10,0.8400138,1.0,-1.0
IL10RA,0.69544846,1.0,-1.0
IL10RB,0.4420394,0.0,-1.0
IL11,0.6162617,1.0,0.0
IL11RA,0.34343618,0.0,0.0
IL12A,0.5527155,1.0,-1.0
IL12B,0.68234485,1.0,-1.0
IL12RB1,0.53851104,1.0,-1.0
IL12RB2,0.49454254,0.0,-1.0
IL13,0.4989176,0.0,-1.0
IL13RA1,0.7200126,1.0,-1.0
IL13RA2,0.45528063,0.0,0.0
IL15,0.7728669,1.0,-1.0
IL15RA,0.55724806,1.0,-1.0
IL16,0.7114223,1.0,-1.0
IL17A,0.56739616,1.0,-1.0
IL17B,0.122123875,0.0,0.0
IL17C,0.112651475,0.0,0.0
IL17D,0.1343447,0.0,0.0
IL17F,0.24006239,0.0,-1.0
IL17RA,0.33778486,0.0,-1.0
IL17RB,0.066328794,0.0,-1.0
IL17RC,0.06322668,0.0,0.0
IL17RD,0.090296075,0.0,0.0
IL17RE,0.024834586,0.0,0.0
IL18,0.77075636,1.0,0.0
IL18BP,0.16722497,0.0,0.0
IL18R1,0.51220304,1.0,0.0
IL18RAP,0.37926182,0.0,-1.0
IL19,0.25183034,0.0,0.0
IL1A,0.83485883,1.0,-1.0
IL1B,0.89825886,1.0,-1.0
IL1F10,0.12781374,0.0,0.0
IL1R1,0.84210736,1.0,-1.0
IL1R2,0.4874459,0.0,-1.0
IL1RAP,0.64184237,1.0,0.0
IL1RAPL1,0.3262183,0.0,-1.0
IL1RAPL2,0.1504665,0.0,0.0
IL1RL1,0.27298757,0.0,-1.0
IL1RL2,0.22680613,0.0,0.0
IL1RN,0.6074484,1.0,-1.0
IL2,0.8756287,1.0,1.0
IL20,0.16016074,0.0,0.0
IL20RA,0.2964628,0.0,0.0
IL20RB,0.25124153,0.0,0.0
IL21,0.3010247,0.0,0.0
IL21R,0.5261158,1.0,1.0
IL22,0.33285198,0.0,-1.0
IL22RA1,0.3191486,0.0,-1.0
IL22RA2,0.25050458,0.0,0.0
IL23A,0.6236889,1.0,-1.0
IL23R,0.41660205,0.0,-1.0
IL24,0.48873883,0.0,-1.0
IL25,0.14772941,0.0,0.0
IL26,0.12988028,0.0,0.0
IL27,0.25755382,0.0,0.0
IL27RA,0.44416216,0.0,0.0
IL2RA,0.83451104,1.0,-1.0
IL2RB,0.8110887,1.0,-1.0
IL2RG,0.82437605,1.0,-1.0
IL3,0.78347516,1.0,1.0
IL31,0.013269435,0.0,0.0
IL31RA,0.055319723,0.0,0.0
IL32,0.5386449,1.0,0.0
IL33,0.4191958,0.0,0.0
IL34,0.0141982045,0.0,0.0
IL36A,0.27051163,0.0,-1.0
IL36B,0.139587,0.0,0.0
IL36G,0.13675332,0.0,0.0
IL36RN,0.2889514,0.0,0.0
IL37,0.10965288,0.0,0.0
IL3RA,0.6760258,1.0,-1.0
IL4,0.8026946,1.0,-1.0
IL4I1,0.17460462,0.0,0.0
IL4R,0.83924997,1.0,-1.0
IL5,0.7916255,1.0,-1.0
IL5RA,0.57146263,1.0,-1.0
IL6,0.9332057,1.0,-1.0
IL6R,0.7058517,1.0,-1.0
IL6ST,0.8808771,1.0,1.0
IL7,0.6890702,1.0,-1.0
IL7R,0.8555457,1.0,1.0
IL9,0.53194207,1.0,-1.0
IL9R,0.372605,0.0,0.0
ILDR1,0.024460873,0.0,0.0
ILDR2,0.013219612,0.0,0.0
ILF2,0.2817732,0.0,0.0
ILF3,0.63542104,1.0,0.0
ILK,0.917274,1.0,-1.0
ILKAP,0.7560115,1.0,0.0
ILRUN,0.25426373,0.0,0.0
ILVBL,0.103378735,0.0,0.0
IMMP1L,0.138293,0.0,0.0
IMMP2L,0.14555407,0.0,-1.0
IMMT,0.27751,0.0,0.0
IMP3,0.07365226,0.0,0.0
IMP4,0.055502594,0.0,-1.0
IMPA1,0.21794303,0.0,-1.0
IMPA2,0.14542241,0.0,0.0
IMPACT,0.19002086,0.0,0.0
IMPDH1,0.42588785,0.0,-1.0
IMPDH2,0.24177976,0.0,0.0
IMPG1,0.16197602,0.0,0.0
IMPG2,0.07028633,0.0,-1.0
INA,0.61127406,1.0,0.0
INAFM1,5.0244194e-05,0.0,0.0
INAVA,0.2987524,0.0,-1.0
INCA1,0.08836854,0.0,0.0
INCENP,0.6729131,1.0,0.0
INF2,0.46831334,0.0,-1.0
ING1,0.6365874,1.0,-1.0
ING2,0.53976417,1.0,-1.0
ING3,0.5770015,1.0,-1.0
ING4,0.44067064,0.0,-1.0
ING5,0.5088702,1.0,0.0
INHA,0.45793054,0.0,1.0
INHBA,0.7348787,1.0,1.0
INHBB,0.560731,1.0,0.0
INHBC,0.28282702,0.0,0.0
INHBE,0.4879025,0.0,-1.0
INIP,0.18306522,0.0,0.0
INKA1,0.20633578,0.0,0.0
INKA2,0.18749408,0.0,-1.0
INMT,0.07921401,0.0,0.0
INO80,0.7012207,1.0,-1.0
INO80B,0.22953597,0.0,0.0
INO80B-WBP1,0.13235712,0.0,0.0
INO80C,0.24917538,0.0,0.0
INO80D,0.45291308,0.0,-1.0
INO80E,0.21630424,0.0,0.0
INPP1,0.24252209,0.0,0.0
INPP4A,0.5804822,1.0,-1.0
INPP4B,0.3056501,0.0,1.0
INPP5A,0.21597843,0.0,0.0
INPP5B,0.6341273,1.0,0.0
INPP5D,0.88743985,1.0,-1.0
INPP5E,0.4930468,0.0,0.0
INPP5F,0.4497928,0.0,0.0
INPP5J,0.5825658,1.0,-1.0
INPP5K,0.48443347,0.0,-1.0
INPPL1,0.8111442,1.0,1.0
INS,0.83558416,1.0,-1.0
INS-IGF2,0.035136797,0.0,0.0
INSC,0.16850168,0.0,0.0
INSIG1,0.31174615,0.0,0.0
INSIG2,0.24573043,0.0,0.0
INSL3,0.21432108,0.0,-1.0
INSL4,0.22368743,0.0,0.0
INSL5,0.20547487,0.0,0.0
INSL6,0.16576482,0.0,0.0
INSM1,0.33379716,0.0,0.0
INSM2,0.08799875,0.0,0.0
INSR,0.96202505,1.0,1.0
INSRR,0.68788284,1.0,-1.0
INSYN1,0.1507197,0.0,0.0
INSYN2A,0.13303904,0.0,0.0
INTS1,0.25919944,0.0,0.0
INTS10,0.19100784,0.0,0.0
INTS11,0.09868412,0.0,0.0
INTS12,0.1232792,0.0,-1.0
INTS13,0.23906839,0.0,0.0
INTS14,0.16885827,0.0,0.0
INTS2,0.24692535,0.0,0.0
INTS3,0.3595718,0.0,0.0
INTS4,0.25759208,0.0,-1.0
INTS4P2,0.06017496,0.0,0.0
INTS5,0.19338305,0.0,0.0
INTS6,0.49138165,0.0,-1.0
INTS6L,0.16430561,0.0,-1.0
INTS7,0.4195814,0.0,-1.0
INTS8,0.29273504,0.0,0.0
INTS9,0.23659168,0.0,0.0
INTU,0.22665995,0.0,0.0
INVS,0.48135424,0.0,0.0
IP6K1,0.18472657,0.0,0.0
IP6K2,0.19375654,0.0,0.0
IP6K3,0.09543954,0.0,0.0
IPCEF1,0.26949582,0.0,0.0
IPMK,0.11670353,0.0,0.0
IPO11,0.2731847,0.0,0.0
IPO13,0.31989962,0.0,0.0
IPO4,0.3961359,0.0,-1.0
IPO5,0.50900084,1.0,-1.0
IPO7,0.61282736,1.0,-1.0
IPO8,0.606363,1.0,0.0
IPO9,0.5669911,1.0,0.0
IPP,0.12082858,0.0,0.0
IPPK,0.093044095,0.0,0.0
IQCA1,0.31088096,0.0,0.0
IQCB1,0.66001964,1.0,-1.0
IQCC,0.16401488,0.0,0.0
IQCD,0.060722116,0.0,0.0
IQCE,0.27034038,0.0,-1.0
IQCF1,0.06757843,0.0,0.0
IQCF2,0.029218307,0.0,0.0
IQCF3,0.043013003,0.0,0.0
IQCF5,0.036283165,0.0,0.0
IQCF6,0.043770403,0.0,0.0
IQCG,0.11445665,0.0,-1.0
IQCH,0.16308089,0.0,0.0
IQCJ,1.2489112e-09,0.0,0.0
IQCK,0.15174702,0.0,0.0
IQCN,0.19339931,0.0,0.0
IQGAP1,0.9301228,1.0,-1.0
IQGAP2,0.71465033,1.0,-1.0
IQGAP3,0.59923476,1.0,0.0
IQSEC1,0.42535618,0.0,0.0
IQSEC2,0.2225519,0.0,-1.0
IQSEC3,0.17576748,0.0,0.0
IQUB,0.07142483,0.0,0.0
IRAG1,0.17084226,0.0,-1.0
IRAG2,0.51928866,1.0,-1.0
IRAK1,0.75811744,1.0,0.0
IRAK1BP1,0.039936733,0.0,0.0
IRAK2,0.67284787,1.0,-1.0
IRAK3,0.73874545,1.0,0.0
IRAK4,0.8014199,1.0,-1.0
IREB2,0.40439114,0.0,0.0
IRF1,0.90560776,1.0,1.0
IRF1-AS1,0.05875254,0.0,0.0
IRF2,0.75173223,1.0,-1.0
IRF2BP1,0.28934142,0.0,0.0
IRF2BP2,0.29833227,0.0,-1.0
IRF2BPL,0.2290827,0.0,0.0
IRF3,0.53595597,1.0,0.0
IRF4,0.7834403,1.0,1.0
IRF5,0.6338182,1.0,-1.0
IRF6,0.64401597,1.0,-1.0
IRF7,0.6851286,1.0,-1.0
IRF8,0.7603153,1.0,1.0
IRF9,0.49774683,0.0,0.0
IRGC,0.08801011,0.0,0.0
IRGM,0.0811378,0.0,-1.0
IRGQ,0.15286057,0.0,0.0
IRS1,0.94247055,1.0,1.0
IRS2,0.9022108,1.0,1.0
IRS4,0.8114664,1.0,1.0
IRX1,0.5266586,1.0,0.0
IRX2,0.34284705,0.0,0.0
IRX3,0.54616094,1.0,0.0
IRX4,0.5662583,1.0,0.0
IRX5,0.5836546,1.0,0.0
IRX6,0.4974517,0.0,-1.0
ISCA1,0.0865618,0.0,0.0
ISCA2,0.04661834,0.0,-1.0
ISCU,0.10523827,0.0,-1.0
ISG15,0.73487866,1.0,0.0
ISG20,0.6470828,1.0,0.0
ISG20L2,0.21907277,0.0,0.0
ISL1,0.78439575,1.0,0.0
ISL2,0.34212172,0.0,0.0
ISLR,0.59109205,1.0,0.0
ISLR2,0.10490613,0.0,0.0
ISM1,0.023020318,0.0,0.0
ISM2,0.005771347,0.0,0.0
ISOC1,0.17728475,0.0,0.0
ISOC2,0.06561384,0.0,-1.0
IST1,0.23853351,0.0,0.0
ISX,0.29547185,0.0,1.0
ISY1,0.22045927,0.0,0.0
ISY1-RAB43,0.12032274,0.0,0.0
ISYNA1,0.4391562,0.0,0.0
ITCH,0.80398947,1.0,-1.0
ITFG1,0.08298805,0.0,0.0
ITFG2,0.16121724,0.0,0.0
ITGA1,0.7505367,1.0,-1.0
ITGA10,0.5277377,1.0,0.0
ITGA11,0.5275895,1.0,-1.0
ITGA2,0.8930004,1.0,-1.0
ITGA2B,0.72984123,1.0,-1.0
ITGA3,0.7915443,1.0,-1.0
ITGA4,0.95195365,1.0,-1.0
ITGA5,0.8750299,1.0,-1.0
ITGA6,0.91634244,1.0,-1.0
ITGA7,0.4864698,0.0,-1.0
ITGA8,0.59620845,1.0,0.0
ITGA9,0.61328375,1.0,-1.0
ITGAD,0.53983116,1.0,0.0
ITGAE,0.40854305,0.0,-1.0
ITGAL,0.7998799,1.0,0.0
ITGAM,0.6709432,1.0,-1.0
ITGAV,0.9265764,1.0,1.0
ITGAX,0.70306677,1.0,-1.0
ITGB1,0.9602258,1.0,-1.0
ITGB1BP1,0.18553706,0.0,0.0
ITGB1BP2,0.046702456,0.0,0.0
ITGB2,0.84201247,1.0,-1.0
ITGB3,0.7886765,1.0,-1.0
ITGB3BP,0.44718656,0.0,0.0
ITGB4,0.82347494,1.0,-1.0
ITGB5,0.89173865,1.0,-1.0
ITGB6,0.7176503,1.0,0.0
ITGB7,0.73671937,1.0,-1.0
ITGB8,0.73282564,1.0,0.0
ITGBL1,0.5637601,1.0,0.0
ITIH1,0.2692063,0.0,-1.0
ITIH2,0.2661579,0.0,0.0
ITIH3,0.18833816,0.0,0.0
ITIH4,0.2973151,0.0,0.0
ITIH5,0.22812998,0.0,0.0
ITIH6,0.11579785,0.0,0.0
ITK,0.9114375,1.0,1.0
ITLN1,0.07270791,0.0,-1.0
ITLN2,0.05429874,0.0,0.0
ITM2A,0.47304478,0.0,0.0
ITM2B,0.38824686,0.0,-1.0
ITM2C,0.25867993,0.0,0.0
ITPA,0.09509823,0.0,0.0
ITPK1,0.28406024,0.0,0.0
ITPKA,0.2698026,0.0,0.0
ITPKB,0.42512536,0.0,-1.0
ITPKC,0.47293127,0.0,-1.0
ITPR1,0.86297125,1.0,-1.0
ITPR2,0.7113199,1.0,-1.0
ITPR3,0.81068206,1.0,-1.0
ITPRID1,0.00014561895,0.0,-1.0
ITPRID2,0.5139119,1.0,0.0
ITPRIP,0.2836796,0.0,0.0
ITPRIPL1,0.1452745,0.0,0.0
ITPRIPL2,0.048808556,0.0,0.0
ITSN1,0.8732352,1.0,0.0
ITSN2,0.8994889,1.0,0.0
IVD,0.15693988,0.0,0.0
IVL,0.22528121,0.0,0.0
IVNS1ABP,0.37674856,0.0,0.0
IWS1,0.22686961,0.0,-1.0
IYD,0.056737576,0.0,-1.0
IZUMO1,0.04690565,0.0,0.0
IZUMO1R,0.03623689,0.0,0.0
IZUMO2,2.6207854e-08,0.0,0.0
IZUMO3,0.43304905,0.0,0.0
IZUMO4,0.07128056,0.0,0.0
JADE1,0.43581527,0.0,0.0
JADE2,0.37455112,0.0,0.0
JADE3,0.21325111,0.0,0.0
JAG1,0.9297993,1.0,-1.0
JAG2,0.78974706,1.0,-1.0
JAGN1,0.039630186,0.0,0.0
JAK1,0.9797905,1.0,1.0
JAK2,0.97757393,1.0,1.0
JAK3,0.9337287,1.0,1.0
JAKMIP1,0.14226754,0.0,-1.0
JAKMIP2,0.22178103,0.0,-1.0
JAKMIP3,0.023165684,0.0,0.0
JAM2,0.40763217,0.0,0.0
JAM3,0.5503489,1.0,0.0
JAML,0.14545079,0.0,0.0
JARID2,0.8131012,1.0,1.0
JAZF1,0.29576886,0.0,-1.0
JCAD,0.4567761,0.0,0.0
JCHAIN,0.21358491,0.0,0.0
JDP2,0.36194792,0.0,-1.0
JHY,0.113328986,0.0,0.0
JKAMP,0.08611438,0.0,0.0
JMJD1C,0.7681135,1.0,-1.0
JMJD4,0.14344081,0.0,0.0
JMJD6,0.43071526,0.0,0.0
JMJD7,0.07995645,0.0,0.0
JMJD7-PLA2G4B,0.025488157,0.0,-1.0
JMJD8,0.09747531,0.0,0.0
JMY,0.35447413,0.0,0.0
JOSD1,0.3767281,0.0,0.0
JOSD2,0.12579145,0.0,0.0
JPH1,0.111147426,0.0,0.0
JPH2,0.18657199,0.0,-1.0
JPH3,0.2736168,0.0,0.0
JPH4,0.12830012,0.0,0.0
JPT1,0.27136043,0.0,0.0
JPT2,0.31960708,0.0,0.0
JRK,0.119396165,0.0,0.0
JRKL,0.20576163,0.0,0.0
JSRP1,0.11042829,0.0,0.0
JTB,0.02596498,0.0,0.0
JUN,0.9929773,1.0,1.0
JUNB,0.9063526,1.0,-1.0
JUND,0.9170413,1.0,-1.0
JUP,0.91471815,1.0,-1.0
KAAG1,0.0609047,0.0,0.0
KALRN,0.7089585,1.0,-1.0
KANK1,0.7171473,1.0,-1.0
KANK2,0.2496349,0.0,0.0
KANK3,0.27274674,0.0,0.0
KANK4,0.14105093,0.0,0.0
KANSL1,0.554782,1.0,-1.0
KANSL1L,0.1792756,0.0,0.0
KANSL2,0.18512274,0.0,0.0
KANSL3,0.34973145,0.0,0.0
KARS1,0.18119031,0.0,-1.0
KASH5,0.044740766,0.0,-1.0
KAT14,0.12304892,0.0,-1.0
KAT2A,0.7774541,1.0,-1.0
KAT2B,0.9521487,1.0,-1.0
KAT5,0.8220002,1.0,-1.0
KAT6A,0.84447014,1.0,1.0
KAT6B,0.7548575,1.0,1.0
KAT7,0.65685385,1.0,1.0
KAT8,0.5514082,1.0,0.0
KATNA1,0.29729062,0.0,0.0
KATNAL1,0.20296918,0.0,0.0
KATNAL2,0.19418947,0.0,0.0
KATNB1,0.30245897,0.0,-1.0
KATNBL1,0.28964576,0.0,0.0
KATNIP,0.21655586,0.0,0.0
KAZALD1,0.070698,0.0,0.0
KAZN,0.14307669,0.0,0.0
KBTBD11,0.089608684,0.0,-1.0
KBTBD12,0.021489885,0.0,0.0
KBTBD13,0.0798157,0.0,-1.0
KBTBD2,0.5119866,1.0,0.0
KBTBD3,0.04979068,0.0,0.0
KBTBD4,0.28458232,0.0,-1.0
KBTBD6,0.17648451,0.0,0.0
KBTBD7,0.24016792,0.0,0.0
KBTBD8,0.10192408,0.0,-1.0
KCMF1,0.23923881,0.0,-1.0
KCNA1,0.4517981,0.0,-1.0
KCNA10,0.2144014,0.0,0.0
KCNA2,0.324381,0.0,0.0
KCNA3,0.392774,0.0,0.0
KCNA4,0.2827684,0.0,-1.0
KCNA5,0.555884,1.0,-1.0
KCNA6,0.0905576,0.0,-1.0
KCNA7,0.13083166,0.0,0.0
KCNAB1,0.21415906,0.0,-1.0
KCNAB2,0.3732956,0.0,0.0
KCNAB3,0.1520279,0.0,0.0
KCNB1,0.43882006,0.0,0.0
KCNB2,0.34095103,0.0,-1.0
KCNC1,0.4023325,0.0,0.0
KCNC2,0.26917112,0.0,0.0
KCNC3,0.1451447,0.0,-1.0
KCNC4,0.2619415,0.0,0.0
KCND1,0.16325462,0.0,0.0
KCND2,0.33794877,0.0,-1.0
KCND3,0.38378936,0.0,0.0
KCNE1,0.2728227,0.0,-1.0
KCNE2,0.07890925,0.0,-1.0
KCNE3,0.13338771,0.0,-1.0
KCNE4,0.22171894,0.0,0.0
KCNE5,0.08106261,0.0,0.0
KCNF1,0.34408805,0.0,0.0
KCNG1,0.3943687,0.0,0.0
KCNG2,0.22063264,0.0,0.0
KCNG3,0.1533217,0.0,0.0
KCNG4,0.08121058,0.0,0.0
KCNH1,0.33144853,0.0,-1.0
KCNH2,0.45392698,0.0,-1.0
KCNH3,0.14151272,0.0,0.0
KCNH4,0.15913908,0.0,0.0
KCNH5,0.20080237,0.0,-1.0
KCNH6,0.19965321,0.0,0.0
KCNH7,0.19191152,0.0,0.0
KCNH8,0.13575011,0.0,0.0
KCNIP1,0.45894766,0.0,0.0
KCNIP2,0.4249805,0.0,0.0
KCNIP3,0.21833453,0.0,0.0
KCNIP4,0.35814467,0.0,0.0
KCNJ1,0.10596414,0.0,-1.0
KCNJ10,0.34673154,0.0,0.0
KCNJ11,0.18144701,0.0,0.0
KCNJ12,0.2710755,0.0,0.0
KCNJ13,0.10773638,0.0,-1.0
KCNJ14,0.2563977,0.0,0.0
KCNJ15,0.28889427,0.0,0.0
KCNJ16,0.07310069,0.0,0.0
KCNJ18,0.0068531376,0.0,0.0
KCNJ2,0.4200676,0.0,-1.0
KCNJ3,0.23592514,0.0,0.0
KCNJ4,0.40029502,0.0,0.0
KCNJ5,0.28424463,0.0,1.0
KCNJ5-AS1,0.06064077,0.0,0.0
KCNJ6,0.30296943,0.0,0.0
KCNJ8,0.26545832,0.0,-1.0
KCNJ9,0.30299807,0.0,-1.0
KCNK1,0.39226764,0.0,-1.0
KCNK10,0.26216665,0.0,-1.0
KCNK12,0.14126168,0.0,0.0
KCNK13,0.12284128,0.0,0.0
KCNK15,0.19594954,0.0,0.0
KCNK16,0.07196105,0.0,0.0
KCNK17,0.13853307,0.0,0.0
KCNK18,0.13593419,0.0,-1.0
KCNK2,0.18732747,0.0,0.0
KCNK3,0.2542113,0.0,0.0
KCNK4,0.14945759,0.0,0.0
KCNK5,0.21802536,0.0,-1.0
KCNK6,0.20369203,0.0,0.0
KCNK7,0.12623985,0.0,0.0
KCNK9,0.18085018,0.0,0.0
KCNMA1,0.78642327,1.0,-1.0
KCNMB1,0.26121727,0.0,0.0
KCNMB2,0.22618015,0.0,0.0
KCNMB3,0.120097704,0.0,0.0
KCNMB4,0.26926413,0.0,0.0
KCNN1,0.2765788,0.0,0.0
KCNN2,0.25066492,0.0,-1.0
KCNN3,0.3955342,0.0,-1.0
KCNN4,0.39337006,0.0,0.0
KCNQ1,0.368351,0.0,-1.0
KCNQ2,0.42563054,0.0,-1.0
KCNQ3,0.49177608,0.0,-1.0
KCNQ4,0.23629676,0.0,0.0
KCNQ5,0.23456024,0.0,-1.0
KCNRG,0.19539434,0.0,0.0
KCNS1,0.28361034,0.0,0.0
KCNS2,0.21158473,0.0,0.0
KCNS3,0.18900664,0.0,0.0
KCNT1,0.12805334,0.0,0.0
KCNT2,0.11834819,0.0,-1.0
KCNU1,0.1029731,0.0,-1.0
KCNV1,0.28448355,0.0,0.0
KCNV2,0.20075716,0.0,-1.0
KCTD1,0.16208369,0.0,0.0
KCTD10,0.25295764,0.0,0.0
KCTD11,0.18877482,0.0,0.0
KCTD12,0.75487727,1.0,0.0
KCTD13,0.2575544,0.0,0.0
KCTD14,0.13333999,0.0,0.0
KCTD15,0.24646576,0.0,0.0
KCTD16,0.20302555,0.0,0.0
KCTD17,0.21293938,0.0,0.0
KCTD18,0.25306004,0.0,0.0
KCTD19,0.056536,0.0,0.0
KCTD2,0.1515964,0.0,-1.0
KCTD20,0.43479484,0.0,0.0
KCTD21,0.09259022,0.0,0.0
KCTD3,0.39132705,0.0,0.0
KCTD4,0.04942146,0.0,0.0
KCTD5,0.25691748,0.0,0.0
KCTD6,0.14451274,0.0,0.0
KCTD7,0.221723,0.0,-1.0
KCTD8,0.17049603,0.0,-1.0
KCTD9,0.24725863,0.0,0.0
KCTD9P2,0.009148332,0.0,0.0
KDELR1,0.27981746,0.0,-1.0
KDELR2,0.2237352,0.0,0.0
KDELR3,0.40848127,0.0,0.0
KDF1,0.11791034,0.0,0.0
KDM1A,0.67520404,1.0,-1.0
KDM1B,0.29787827,0.0,-1.0
KDM2A,0.64937955,1.0,-1.0
KDM2B,0.4654735,0.0,-1.0
KDM3A,0.5624363,1.0,-1.0
KDM3B,0.6619853,1.0,0.0
KDM4A,0.6446543,1.0,0.0
KDM4B,0.47440797,0.0,0.0
KDM4C,0.60045683,1.0,-1.0
KDM4D,0.1928837,0.0,0.0
KDM5A,0.82721984,1.0,1.0
KDM5B,0.6646049,1.0,0.0
KDM5C,0.57791525,1.0,1.0
KDM5D,0.2802116,0.0,0.0
KDM6A,0.848774,1.0,1.0
KDM6B,0.77196866,1.0,0.0
KDM7A,0.5900175,1.0,0.0
KDM8,0.115924016,0.0,-1.0
KDR,0.9392282,1.0,1.0
KDSR,0.107167125,0.0,1.0
KEAP1,0.45875323,0.0,1.0
KEL,0.18416956,0.0,-1.0
KERA,0.28310266,0.0,0.0
KHDC1L,4.6208143e-06,0.0,0.0
KHDC3L,0.0057679066,0.0,-1.0
KHDC4,0.43888816,0.0,0.0
KHDRBS1,0.72741604,1.0,0.0
KHDRBS2,0.49138606,0.0,-1.0
KHDRBS3,0.3427862,0.0,0.0
KHK,0.12641147,0.0,0.0
KHNYN,0.21514213,0.0,0.0
KHSRP,0.6499428,1.0,-1.0
KIAA0040,0.12711921,0.0,0.0
KIAA0087,0.0020862424,0.0,0.0
KIAA0100,0.21724378,0.0,0.0
KIAA0232,0.48781618,0.0,0.0
KIAA0319,0.4903977,0.0,-1.0
KIAA0319L,0.18281603,0.0,0.0
KIAA0408,0.23723616,0.0,0.0
KIAA0513,0.2358883,0.0,0.0
KIAA0586,0.32573447,0.0,0.0
KIAA0753,0.4661387,0.0,0.0
KIAA0825,0.06504368,0.0,0.0
KIAA0895,0.15118979,0.0,0.0
KIAA0930,0.209454,0.0,0.0
KIAA1107,0.19197588,0.0,0.0
KIAA1109,0.7038088,1.0,0.0
KIAA1143,0.14092433,0.0,0.0
KIAA1191,0.19296832,0.0,0.0
KIAA1210,0.1323555,0.0,0.0
KIAA1217,0.24542789,0.0,0.0
KIAA1328,0.15379183,0.0,0.0
KIAA1522,0.21584773,0.0,0.0
KIAA1549,0.306559,0.0,-1.0
KIAA1549L,0.29356402,0.0,0.0
KIAA1586,0.12738243,0.0,0.0
KIAA1614,0.14494844,0.0,0.0
KIAA1671,0.23973742,0.0,0.0
KIAA1958,0.11697856,0.0,0.0
KIAA2013,0.0815499,0.0,0.0
KIAA2026,0.4421742,0.0,0.0
KICS2,0.10142375,0.0,0.0
KIDINS220,0.84532595,1.0,-1.0
KIF11,0.77639264,1.0,0.0
KIF12,0.16507043,0.0,0.0
KIF13A,0.40178764,0.0,-1.0
KIF13B,0.5127849,1.0,0.0
KIF14,0.7148587,1.0,-1.0
KIF15,0.6251339,1.0,-1.0
KIF16B,0.27043417,0.0,-1.0
KIF17,0.377029,0.0,0.0
KIF18A,0.6533642,1.0,0.0
KIF18B,0.55872524,1.0,0.0
KIF19,0.10961897,0.0,0.0
KIF1A,0.62343496,1.0,-1.0
KIF1B,0.64181113,1.0,-1.0
KIF1C,0.47153598,0.0,0.0
KIF20A,0.62386245,1.0,0.0
KIF20B,0.6864616,1.0,-1.0
KIF21A,0.43180928,0.0,-1.0
KIF21B,0.64723086,1.0,-1.0
KIF22,0.54947066,1.0,0.0
KIF23,0.7333387,1.0,-1.0
KIF24,0.3567087,0.0,0.0
KIF25,0.27853823,0.0,0.0
KIF25-AS1,0.0018143196,0.0,0.0
KIF26A,0.22080883,0.0,0.0
KIF26B,0.22008038,0.0,0.0
KIF27,0.24837199,0.0,-1.0
KIF2A,0.78516173,1.0,0.0
KIF2B,0.24062936,0.0,-1.0
KIF2C,0.721925,1.0,0.0
KIF3A,0.66413766,1.0,0.0
KIF3B,0.42078137,0.0,0.0
KIF3C,0.57196194,1.0,0.0
KIF4A,0.6983904,1.0,-1.0
KIF4B,0.2340763,0.0,0.0
KIF5A,0.80019915,1.0,-1.0
KIF5B,0.8189005,1.0,1.0
KIF5C,0.43129078,0.0,-1.0
KIF6,0.159803,0.0,0.0
KIF7,0.5068766,1.0,-1.0
KIF9,0.17237426,0.0,0.0
KIFAP3,0.4824979,0.0,0.0
KIFBP,0.2597846,0.0,0.0
KIFC1,0.7217132,1.0,0.0
KIFC2,0.22357774,0.0,0.0
KIFC3,0.490839,0.0,-1.0
KIN,0.2216706,0.0,-1.0
KIR2DL1,0.12376084,0.0,0.0
KIR2DL2,0.11927288,0.0,0.0
KIR2DL3,0.15846437,0.0,0.0
KIR2DL4,0.26944524,0.0,0.0
KIR2DL5A,0.1011635,0.0,0.0
KIR2DS1,0.1492268,0.0,0.0
KIR2DS2,0.06452026,0.0,0.0
KIR2DS3,0.0115239555,0.0,0.0
KIR2DS4,0.13951488,0.0,0.0
KIR2DS5,0.18313178,0.0,0.0
KIR3DL1,0.19926319,0.0,-1.0
KIR3DL2,0.10201949,0.0,0.0
KIR3DL3,0.18086731,0.0,0.0
KIR3DP1,0.008091113,0.0,0.0
KIR3DS1,0.14939666,0.0,0.0
KIR3DX1,0.00038783127,0.0,0.0
KIRREL1,0.544473,1.0,0.0
KIRREL2,0.11971228,0.0,0.0
KIRREL3,0.105380476,0.0,-1.0
KIRREL3-AS3,2.634583e-05,0.0,0.0
KISS1,0.3080392,0.0,0.0
KISS1R,0.16810884,0.0,-1.0
KIT,0.9436526,1.0,1.0
KITLG,0.90509045,1.0,-1.0
KIZ,0.16344687,0.0,-1.0
KL,0.3731214,0.0,-1.0
KLB,0.46001956,0.0,-1.0
KLC1,0.6224707,1.0,0.0
KLC2,0.47951716,0.0,0.0
KLC3,0.33475962,0.0,0.0
KLC4,0.3863999,0.0,0.0
KLF1,0.6175772,1.0,-1.0
KLF10,0.7902522,1.0,0.0
KLF11,0.48089492,0.0,-1.0
KLF12,0.46650112,0.0,0.0
KLF13,0.4915916,0.0,0.0
KLF14,0.13860735,0.0,0.0
KLF15,0.3944287,0.0,0.0
KLF16,0.4464405,0.0,0.0
KLF17,0.14378619,0.0,0.0
KLF2,0.79817533,1.0,1.0
KLF3,0.72724396,1.0,1.0
KLF4,0.9109023,1.0,1.0
KLF5,0.90456027,1.0,1.0
KLF6,0.8909836,1.0,1.0
KLF7,0.81518227,1.0,0.0
KLF8,0.4878603,0.0,0.0
KLF9,0.80570257,1.0,0.0
KLHDC1,0.054079533,0.0,0.0
KLHDC10,0.26219577,0.0,0.0
KLHDC2,0.09998125,0.0,0.0
KLHDC3,0.25272596,0.0,0.0
KLHDC4,0.093222454,0.0,-1.0
KLHDC7A,0.014661044,0.0,0.0
KLHDC7B,0.06525404,0.0,0.0
KLHDC8A,0.06889436,0.0,0.0
KLHDC8B,0.046449818,0.0,-1.0
KLHDC9,0.07473675,0.0,0.0
KLHL1,0.107476056,0.0,0.0
KLHL10,0.09369497,0.0,-1.0
KLHL11,0.11206511,0.0,-1.0
KLHL12,0.20784757,0.0,0.0
KLHL13,0.11502998,0.0,0.0
KLHL14,0.11146123,0.0,0.0
KLHL15,0.25302798,0.0,0.0
KLHL17,0.06531379,0.0,-1.0
KLHL18,0.089644276,0.0,0.0
KLHL2,0.22564647,0.0,0.0
KLHL20,0.2253908,0.0,0.0
KLHL21,0.110039234,0.0,0.0
KLHL22,0.14324932,0.0,0.0
KLHL23,0.25536367,0.0,0.0
KLHL24,0.5126133,1.0,0.0
KLHL25,0.119571514,0.0,0.0
KLHL26,0.17485854,0.0,0.0
KLHL28,0.25110558,0.0,0.0
KLHL29,0.12007293,0.0,0.0
KLHL3,0.11518825,0.0,0.0
KLHL30,0.013274438,0.0,0.0
KLHL30-AS1,0.017047891,0.0,0.0
KLHL31,0.016464824,0.0,0.0
KLHL32,0.14002344,0.0,0.0
KLHL33,0.08454364,0.0,0.0
KLHL34,0.10609504,0.0,0.0
KLHL35,0.2208801,0.0,0.0
KLHL36,0.14867507,0.0,0.0
KLHL38,0.06074706,0.0,0.0
KLHL4,0.15018371,0.0,0.0
KLHL40,0.014020162,0.0,0.0
KLHL41,0.039493937,0.0,0.0
KLHL42,0.058397923,0.0,0.0
KLHL5,0.11361838,0.0,-1.0
KLHL6,0.14795184,0.0,-1.0
KLHL7,0.21446455,0.0,-1.0
KLHL8,0.19607091,0.0,-1.0
KLHL9,0.1388674,0.0,0.0
KLK1,0.15046427,0.0,-1.0
KLK10,0.201967,0.0,-1.0
KLK11,0.18660998,0.0,-1.0
KLK12,0.08306861,0.0,-1.0
KLK13,0.18638024,0.0,-1.0
KLK14,0.10790101,0.0,-1.0
KLK15,0.07390938,0.0,0.0
KLK2,0.20015591,0.0,1.0
KLK3,0.69322306,1.0,-1.0
KLK4,0.05681648,0.0,-1.0
KLK5,0.18039872,0.0,-1.0
KLK6,0.3533431,0.0,-1.0
KLK7,0.21010733,0.0,-1.0
KLK8,0.19735084,0.0,-1.0
KLK9,0.23773716,0.0,-1.0
KLKB1,0.21767356,0.0,0.0
KLRA1P,0.0081720725,0.0,0.0
KLRB1,0.37863383,0.0,0.0
KLRC1,0.12978518,0.0,0.0
KLRC2,0.34274995,0.0,0.0
KLRC3,0.17803787,0.0,0.0
KLRC4,0.13734622,0.0,0.0
KLRC4-KLRK1,0.1732332,0.0,0.0
KLRD1,0.5027803,1.0,0.0
KLRF1,0.10081644,0.0,0.0
KLRF2,0.033180047,0.0,0.0
KLRG1,0.35959125,0.0,0.0
KLRG2,0.12087925,0.0,0.0
KLRK1,0.5113949,1.0,-1.0
KMO,0.18241908,0.0,-1.0
KMT2A,0.89772785,1.0,1.0
KMT2B,0.535167,1.0,1.0
KMT2C,0.68182284,1.0,1.0
KMT2D,0.86423296,1.0,1.0
KMT2E,0.61175406,1.0,-1.0
KMT5A,0.6711964,1.0,-1.0
KMT5B,0.61501324,1.0,0.0
KMT5C,0.2507534,0.0,0.0
KNCN,0.010080879,0.0,0.0
KNDC1,0.17394215,0.0,-1.0
KNG1,0.3776239,0.0,-1.0
KNL1,0.54195976,1.0,1.0
KNOP1,0.17103289,0.0,0.0
KNSTRN,0.46688226,0.0,1.0
KNTC1,0.6791275,1.0,0.0
KPNA1,0.69588053,1.0,0.0
KPNA2,0.69541806,1.0,0.0
KPNA3,0.52961385,1.0,0.0
KPNA4,0.59178996,1.0,0.0
KPNA5,0.67465,1.0,-1.0
KPNA6,0.08660955,0.0,0.0
KPNA7,0.21648803,0.0,-1.0
KPNB1,0.7884108,1.0,-1.0
KPRP,0.006008492,0.0,0.0
KPTN,0.15295321,0.0,0.0
KRAS,0.95850617,1.0,1.0
KRBA1,0.15120739,0.0,0.0
KRBA2,0.26379928,0.0,0.0
KRBOX4,0.3377597,0.0,0.0
KRBOX5,0.20699815,0.0,0.0
KRCC1,0.17192957,0.0,-1.0
KREMEN1,0.1102534,0.0,-1.0
KREMEN2,0.20820002,0.0,0.0
KRI1,0.33692974,0.0,0.0
KRIT1,0.5771859,1.0,-1.0
KRR1,0.33853763,0.0,0.0
KRT1,0.83584076,1.0,-1.0
KRT10,0.7125227,1.0,-1.0
KRT10-AS1,0.177007,0.0,0.0
KRT12,0.40998754,0.0,-1.0
KRT13,0.6165604,1.0,-1.0
KRT14,0.7793178,1.0,-1.0
KRT15,0.6651066,1.0,-1.0
KRT16,0.7099891,1.0,-1.0
KRT17,0.81785214,1.0,-1.0
KRT18,0.9002462,1.0,-1.0
KRT19,0.7487612,1.0,0.0
KRT2,0.56547046,1.0,-1.0
KRT20,0.28343192,0.0,0.0
KRT222,7.3432482e-09,0.0,-1.0
KRT23,0.38336256,0.0,0.0
KRT24,0.18134433,0.0,0.0
KRT25,0.13518137,0.0,0.0
KRT26,0.34915844,0.0,-1.0
KRT27,0.057332337,0.0,0.0
KRT28,0.3670235,0.0,0.0
KRT3,0.43521285,0.0,-1.0
KRT31,0.24953471,0.0,0.0
KRT32,0.35749188,0.0,0.0
KRT33A,0.42240492,0.0,0.0
KRT33B,0.4603085,0.0,0.0
KRT34,0.21861705,0.0,0.0
KRT35,0.4076385,0.0,0.0
KRT36,0.3947432,0.0,0.0
KRT37,0.35772726,0.0,0.0
KRT38,0.20606892,0.0,0.0
KRT39,0.27488452,0.0,0.0
KRT4,0.4191419,0.0,0.0
KRT40,0.0617739,0.0,0.0
KRT5,0.8111045,1.0,-1.0
KRT6A,0.6952528,1.0,-1.0
KRT6B,0.61190224,1.0,-1.0
KRT6C,0.34006256,0.0,0.0
KRT7,0.74272865,1.0,0.0
KRT71,0.25524703,0.0,0.0
KRT72,0.29739147,0.0,0.0
KRT73,0.4298581,0.0,-1.0
KRT74,0.2337816,0.0,-1.0
KRT75,0.530774,1.0,-1.0
KRT76,0.32194102,0.0,0.0
KRT77,0.054496326,0.0,0.0
KRT78,0.29833367,0.0,0.0
KRT79,0.22870354,0.0,0.0
KRT8,0.8909589,1.0,-1.0
KRT80,0.21764556,0.0,0.0
KRT81,0.4059118,0.0,-1.0
KRT82,0.027489724,0.0,0.0
KRT83,0.40211788,0.0,-1.0
KRT84,0.38659173,0.0,-1.0
KRT85,0.25726587,0.0,0.0
KRT86,0.408878,0.0,-1.0
KRT8P12,8.276453e-08,0.0,0.0
KRT9,0.7220995,1.0,-1.0
KRTAP1-1,0.0004444367,0.0,0.0
KRTAP1-3,0.00038647882,0.0,0.0
KRTAP1-4,5.4583428e-08,0.0,0.0
KRTAP1-5,7.05028e-07,0.0,0.0
KRTAP10-1,0.0012564756,0.0,0.0
KRTAP10-10,0.0018283355,0.0,0.0
KRTAP10-11,0.010060367,0.0,0.0
KRTAP10-3,0.014955605,0.0,0.0
KRTAP10-4,0.20399107,0.0,0.0
KRTAP10-5,0.0010616235,0.0,0.0
KRTAP10-6,0.0017077235,0.0,0.0
KRTAP10-7,0.004269726,0.0,0.0
KRTAP10-8,0.00080572965,0.0,0.0
KRTAP10-9,0.0022894572,0.0,0.0
KRTAP11-1,1.0164568e-08,0.0,0.0
KRTAP12-1,0.0004505105,0.0,-1.0
KRTAP12-2,0.0047684587,0.0,0.0
KRTAP12-3,0.002208638,0.0,0.0
KRTAP12-4,0.00052140985,0.0,0.0
KRTAP13-1,2.0779763e-10,0.0,0.0
KRTAP13-2,1.5310767e-06,0.0,0.0
KRTAP13-3,6.168289e-08,0.0,-1.0
KRTAP13-4,8.6654745e-13,0.0,0.0
KRTAP15-1,1.3676414e-07,0.0,0.0
KRTAP17-1,6.8436975e-06,0.0,0.0
KRTAP19-1,1.144618e-11,0.0,0.0
KRTAP19-2,8.6579044e-10,0.0,0.0
KRTAP19-3,1.5478037e-10,0.0,0.0
KRTAP19-4,3.0943743e-14,0.0,0.0
KRTAP19-5,1.1495845e-07,0.0,0.0
KRTAP19-6,1.6856863e-08,0.0,0.0
KRTAP19-7,1.1766127e-11,0.0,0.0
KRTAP19-8,2.26638e-15,0.0,0.0
KRTAP2-2,2.0424099e-07,0.0,0.0
KRTAP2-3,3.0051235e-06,0.0,0.0
KRTAP2-4,1.3266806e-06,0.0,0.0
KRTAP20-1,1.7382442e-15,0.0,0.0
KRTAP20-2,1.7382442e-15,0.0,-1.0
KRTAP20-3,2.26638e-15,0.0,0.0
KRTAP21-2,1.7382442e-15,0.0,0.0
KRTAP22-1,1.7382442e-15,0.0,0.0
KRTAP23-1,2.9061504e-12,0.0,0.0
KRTAP24-1,4.5987803e-15,0.0,0.0
KRTAP25-1,4.5987803e-15,0.0,0.0
KRTAP26-1,1.566272e-07,0.0,0.0
KRTAP27-1,4.5987803e-15,0.0,0.0
KRTAP29-1,3.722601e-15,0.0,0.0
KRTAP3-1,0.00040138618,0.0,0.0
KRTAP3-2,0.00012270232,0.0,0.0
KRTAP3-3,0.00013646248,0.0,0.0
KRTAP3-4P,0.012520354,0.0,0.0
KRTAP4-1,3.214301e-05,0.0,0.0
KRTAP4-11,1.5816258e-06,0.0,0.0
KRTAP4-12,6.7334727e-06,0.0,0.0
KRTAP4-2,0.00017098442,0.0,0.0
KRTAP4-3,5.856617e-08,0.0,-1.0
KRTAP4-4,1.1259436e-05,0.0,0.0
KRTAP4-5,1.1637007e-06,0.0,-1.0
KRTAP4-6,2.3757667e-07,0.0,0.0
KRTAP4-7,0.00014152697,0.0,0.0
KRTAP4-8,9.0512685e-07,0.0,0.0
KRTAP4-9,4.1383746e-08,0.0,0.0
KRTAP5-1,0.00018051255,0.0,0.0
KRTAP5-11,4.5801703e-06,0.0,-1.0
KRTAP5-2,3.1959433e-05,0.0,0.0
KRTAP5-3,5.4938027e-05,0.0,0.0
KRTAP5-4,5.451982e-06,0.0,0.0
KRTAP5-5,5.376165e-05,0.0,-1.0
KRTAP5-6,3.562668e-05,0.0,0.0
KRTAP5-7,0.00016943384,0.0,0.0
KRTAP5-8,0.29885495,0.0,0.0
KRTAP5-9,0.0019624375,0.0,0.0
KRTAP6-1,0.04979652,0.0,0.0
KRTAP6-2,0.0038418376,0.0,0.0
KRTAP6-3,2.3972432e-06,0.0,0.0
KRTAP8-1,2.9463287e-09,0.0,0.0
KRTAP9-1,8.688749e-08,0.0,0.0
KRTAP9-2,2.257195e-05,0.0,0.0
KRTAP9-3,1.1450669e-05,0.0,0.0
KRTAP9-4,1.678269e-05,0.0,0.0
KRTAP9-7,0.01806532,0.0,0.0
KRTAP9-8,3.7725888e-06,0.0,0.0
KRTAP9-9,2.5505e-05,0.0,0.0
KRTCAP2,0.064590454,0.0,0.0
KRTCAP3,0.12818597,0.0,0.0
KRTDAP,0.00747251,0.0,0.0
KSR1,0.70412165,1.0,-1.0
KSR2,0.44250023,0.0,1.0
KTI12,0.17266546,0.0,0.0
KTN1,0.47582012,0.0,1.0
KXD1,0.1626204,0.0,0.0
KY,0.05026358,0.0,0.0
KYAT1,0.1984617,0.0,0.0
KYAT3,0.17968115,0.0,0.0
KYNU,0.39490387,0.0,0.0
L1CAM,0.40791497,0.0,-1.0
L1TD1,0.1901837,0.0,0.0
L2HGDH,0.11200708,0.0,0.0
L3HYPDH,0.11320139,0.0,0.0
L3MBTL1,0.50278807,1.0,0.0
L3MBTL2,0.42347386,0.0,0.0
L3MBTL3,0.3843081,0.0,0.0
L3MBTL4,0.106840365,0.0,0.0
LACC1,0.15519579,0.0,-1.0
LACRT,0.035622574,0.0,0.0
LACTB,0.09018663,0.0,-1.0
LACTB2,0.07793475,0.0,0.0
LAD1,0.40493122,0.0,0.0
LAG3,0.3449736,0.0,0.0
LAGE3,0.15034997,0.0,0.0
LAIR1,0.260283,0.0,0.0
LAIR2,0.043172065,0.0,0.0
LALBA,0.2931986,0.0,0.0
LAMA1,0.71371025,1.0,-1.0
LAMA2,0.6704361,1.0,-1.0
LAMA3,0.7305389,1.0,-1.0
LAMA4,0.59866405,1.0,-1.0
LAMA5,0.7420891,1.0,-1.0
LAMB1,0.88879085,1.0,-1.0
LAMB2,0.83039075,1.0,-1.0
LAMB3,0.7789654,1.0,-1.0
LAMB4,0.4925083,0.0,-1.0
LAMC1,0.8827903,1.0,-1.0
LAMC2,0.76315564,1.0,-1.0
LAMC3,0.6011108,1.0,-1.0
LAMP1,0.31862485,0.0,-1.0
LAMP2,0.3824731,0.0,-1.0
LAMP3,0.40948313,0.0,0.0
LAMP5,0.11225367,0.0,0.0
LAMTOR1,0.12901714,0.0,0.0
LAMTOR2,0.027600676,0.0,-1.0
LAMTOR3,0.09305997,0.0,0.0
LAMTOR4,0.104270056,0.0,0.0
LAMTOR5,0.05550724,0.0,0.0
LANCL1,0.38527697,0.0,0.0
LANCL2,0.22448088,0.0,0.0
LAP3,0.4363424,0.0,0.0
LAPTM4A,0.25759757,0.0,-1.0
LAPTM4B,0.31564006,0.0,-1.0
LAPTM5,0.6348368,1.0,-1.0
LARGE1,0.22235443,0.0,-1.0
LARGE2,0.06635816,0.0,0.0
LARP1,0.4218518,0.0,-1.0
LARP1B,0.22130872,0.0,0.0
LARP4,0.40219474,0.0,0.0
LARP4B,0.43177164,0.0,1.0
LARP6,0.34721002,0.0,0.0
LARP7,0.33230892,0.0,-1.0
LARS1,0.4075894,0.0,0.0
LARS2,0.23070087,0.0,0.0
LAS1L,0.28415433,0.0,0.0
LASP1,0.55761105,1.0,1.0
LAT,0.80858326,1.0,-1.0
LAT2,0.37210426,0.0,0.0
LATS1,0.7809062,1.0,1.0
LATS2,0.7839133,1.0,1.0
LAX1,0.37929,0.0,0.0
LAYN,0.051553246,0.0,0.0
LBH,0.3528269,0.0,0.0
LBHD1,0.044651937,0.0,0.0
LBP,0.25398612,0.0,-1.0
LBR,0.7244174,1.0,-1.0
LBX1,0.5802005,1.0,0.0
LBX2,0.2771513,0.0,0.0
LCA5,0.23290423,0.0,-1.0
LCA5L,0.044539385,0.0,0.0
LCAT,0.12729992,0.0,-1.0
LCE1A,1.1015851e-05,0.0,0.0
LCE1B,4.8996344e-06,0.0,0.0
LCE1C,1.0064474e-05,0.0,0.0
LCE1D,7.754015e-06,0.0,-1.0
LCE1E,5.3664135e-06,0.0,0.0
LCE1F,8.562956e-06,0.0,0.0
LCE2A,2.3866087e-05,0.0,0.0
LCE2B,0.00015951888,0.0,0.0
LCE2C,9.341685e-06,0.0,0.0
LCE2D,0.00021756643,0.0,0.0
LCE3A,9.76335e-06,0.0,0.0
LCE3B,1.3847695e-05,0.0,0.0
LCE3C,0.0002385988,0.0,0.0
LCE3D,0.00011651956,0.0,0.0
LCE3E,7.9545476e-05,0.0,0.0
LCE4A,3.883148e-05,0.0,-1.0
LCE5A,1.530499e-05,0.0,0.0
LCE6A,1.339378e-06,0.0,0.0
LCK,0.97161376,1.0,1.0
LCLAT1,0.10178086,0.0,0.0
LCMT1,0.09583224,0.0,0.0
LCMT2,0.15165308,0.0,0.0
LCN1,0.11177766,0.0,0.0
LCN10,0.002751126,0.0,0.0
LCN12,0.0076716263,0.0,0.0
LCN15,0.0254473,0.0,0.0
LCN2,0.3340324,0.0,0.0
LCN6,2.290537e-05,0.0,0.0
LCN8,0.0052816826,0.0,0.0
LCN9,0.0039854394,0.0,0.0
LCOR,0.6165215,1.0,0.0
LCORL,0.26426062,0.0,0.0
LCP1,0.91639966,1.0,-1.0
LCP2,0.84797806,1.0,0.0
LCT,0.3606717,0.0,0.0
LCTL,0.02566751,0.0,-1.0
LDAF1,0.1673723,0.0,0.0
LDAH,0.14539577,0.0,0.0
LDB1,0.627071,1.0,-1.0
LDB2,0.5529925,1.0,0.0
LDB3,0.35331154,0.0,-1.0
LDHA,0.6655429,1.0,-1.0
LDHAL6A,0.21534435,0.0,-1.0
LDHAL6B,0.17124893,0.0,-1.0
LDHB,0.36682764,0.0,-1.0
LDHC,0.1913216,0.0,-1.0
LDHD,0.059009716,0.0,0.0
LDLR,0.778728,1.0,-1.0
LDLRAD1,0.017884566,0.0,-1.0
LDLRAD2,8.7852186e-08,0.0,0.0
LDLRAD3,0.25567532,0.0,0.0
LDLRAD4,0.273551,0.0,0.0
LDLRAP1,0.40060985,0.0,-1.0
LDOC1,0.14215188,0.0,-1.0
LEAP2,0.09786883,0.0,0.0
LECT2,0.19821982,0.0,0.0
LEF1,0.97523755,1.0,1.0
LEFTY1,0.46629864,0.0,0.0
LEFTY2,0.5258688,1.0,0.0
LEKR1,6.231756e-08,0.0,0.0
LELP1,0.03237456,0.0,0.0
LEMD1,0.006694477,0.0,0.0
LEMD2,0.19914113,0.0,-1.0
LEMD3,0.47489733,0.0,-1.0
LENEP,0.059872508,0.0,0.0
LENG1,0.23100156,0.0,0.0
LENG8,0.21656774,0.0,0.0
LENG9,0.3104319,0.0,0.0
LEO1,0.35025802,0.0,0.0
LEP,0.61884314,1.0,-1.0
LEPR,0.7074054,1.0,-1.0
LEPROT,0.22183049,0.0,0.0
LEPROTL1,0.2433546,0.0,1.0
LETM1,0.15208782,0.0,-1.0
LETM2,0.061975613,0.0,0.0
LETMD1,0.14931539,0.0,0.0
LEUTX,0.18260343,0.0,0.0
LEXM,0.08088636,0.0,0.0
LFNG,0.25862014,0.0,-1.0
LGALS1,0.8079928,1.0,-1.0
LGALS12,0.04402475,0.0,0.0
LGALS13,0.1506147,0.0,0.0
LGALS14,0.27357545,0.0,0.0
LGALS16,0.16462009,0.0,0.0
LGALS2,0.31626025,0.0,0.0
LGALS3,0.7471858,1.0,-1.0
LGALS3BP,0.67164224,1.0,-1.0
LGALS4,0.44310862,0.0,0.0
LGALS7,0.3625588,0.0,0.0
LGALS7B,0.19492647,0.0,0.0
LGALS8,0.43339714,0.0,0.0
LGALS9,0.5276121,1.0,0.0
LGALS9B,0.07319909,0.0,0.0
LGALS9C,0.10690056,0.0,0.0
LGALSL,0.13732101,0.0,0.0
LGI1,0.27210087,0.0,-1.0
LGI2,0.24561624,0.0,0.0
LGI3,0.10209479,0.0,0.0
LGI4,0.0368741,0.0,0.0
LGMN,0.3553421,0.0,0.0
LGR4,0.49416223,0.0,0.0
LGR5,0.54529667,1.0,0.0
LGR6,0.19895591,0.0,-1.0
LGSN,0.09251093,0.0,-1.0
LHB,0.43078485,0.0,0.0
LHCGR,0.31564733,0.0,-1.0
LHFPL1,0.13140716,0.0,0.0
LHFPL2,0.460472,0.0,0.0
LHFPL3,0.0003762229,0.0,0.0
LHFPL4,0.049481925,0.0,0.0
LHFPL5,0.12643112,0.0,0.0
LHFPL6,0.55481255,1.0,-1.0
LHPP,0.10523827,0.0,0.0
LHX1,0.20558311,0.0,0.0
LHX2,0.6375293,1.0,0.0
LHX3,0.50575817,1.0,-1.0
LHX4,0.32800624,0.0,-1.0
LHX5,0.44671327,0.0,0.0
LHX6,0.44721195,0.0,0.0
LHX8,0.027759006,0.0,0.0
LHX9,0.43895146,0.0,0.0
LIAS,0.112680465,0.0,0.0
LIF,0.8175024,1.0,0.0
LIFR,0.6315263,1.0,1.0
LIG1,0.69687396,1.0,0.0
LIG3,0.71215016,1.0,0.0
LIG4,0.54149634,1.0,-1.0
LILRA1,0.1758606,0.0,0.0
LILRA2,0.17476311,0.0,0.0
LILRA3,0.1367808,0.0,0.0
LILRA4,0.17881374,0.0,0.0
LILRA5,0.12307261,0.0,0.0
LILRA6,0.18916619,0.0,0.0
LILRB1,0.35285813,0.0,-1.0
LILRB2,0.38204306,0.0,-1.0
LILRB3,0.1674618,0.0,0.0
LILRB4,0.25575417,0.0,0.0
LILRB5,0.18204616,0.0,0.0
LIM2,0.11391628,0.0,0.0
LIMA1,0.80977714,1.0,0.0
LIMCH1,0.42124435,0.0,-1.0
LIMD1,0.41660112,0.0,-1.0
LIMD2,0.19607048,0.0,-1.0
LIME1,0.105703905,0.0,0.0
LIMK1,0.60898995,1.0,-1.0
LIMK2,0.7885036,1.0,0.0
LIMS1,0.80220526,1.0,0.0
LIMS2,0.53384244,1.0,0.0
LIMS3,0.07203978,0.0,0.0
LIMS4,0.03238066,0.0,0.0
LIN28A,0.4135835,0.0,0.0
LIN28B,0.2949891,0.0,-1.0
LIN37,0.26367322,0.0,0.0
LIN52,0.32464558,0.0,0.0
LIN54,0.53190076,1.0,0.0
LIN7A,0.20397577,0.0,-1.0
LIN7B,0.24660568,0.0,0.0
LIN7C,0.36156335,0.0,0.0
LIN9,0.52540576,1.0,-1.0
LINC00242,0.0046933494,0.0,0.0
LINC00265,0.013304318,0.0,0.0
LINC00305,0.015302116,0.0,0.0
LINC00312,0.0011977878,0.0,0.0
LINC00482,0.007977022,0.0,0.0
LINC00518,0.011134375,0.0,0.0
LINC00526,0.11161494,0.0,0.0
LINC00588,0.08591073,0.0,0.0
LINC00636,0.015825616,0.0,0.0
LINC00656,0.038393218,0.0,0.0
LINC00663,0.007951851,0.0,0.0
LINC00671,0.027318778,0.0,0.0
LINC00908,4.9020935e-07,0.0,0.0
LINC01018,0.022361707,0.0,0.0
LINC01194,0.14564641,0.0,0.0
LINC01465,0.0070900545,0.0,0.0
LINC01547,0.31073928,0.0,0.0
LINC01565,0.2853254,0.0,0.0
LINC01587,0.25457513,0.0,0.0
LINC01588,0.018180458,0.0,0.0
LINC01600,0.024778059,0.0,0.0
LINC02210-CRHR1,0.060470667,0.0,0.0
LINC02875,0.08241585,0.0,0.0
LINC02908,0.030676384,0.0,0.0
LINC02910,4.585702e-08,0.0,0.0
LINC02913,0.031121766,0.0,0.0
LINC02914,8.927411e-06,0.0,0.0
LINC02915,2.8270406e-07,0.0,0.0
LINGO1,0.15403031,0.0,0.0
LINGO2,0.15758093,0.0,0.0
LINGO4,0.0130600855,0.0,0.0
LINS1,0.40006024,0.0,0.0
LIPA,0.34063348,0.0,-1.0
LIPC,0.12970226,0.0,-1.0
LIPE,0.08582769,0.0,-1.0
LIPF,0.0916194,0.0,0.0
LIPG,0.16953653,0.0,0.0
LIPH,0.123581015,0.0,-1.0
LIPJ,0.033790518,0.0,0.0
LIPK,0.038973022,0.0,0.0
LIPM,0.0029138667,0.0,0.0
LIPN,0.06651567,0.0,-1.0
LIPT1,0.12581645,0.0,0.0
LIPT2,0.13151754,0.0,0.0
LITAF,0.5963641,1.0,-1.0
LIX1,1.3119099e-05,0.0,0.0
LIX1L,0.08025435,0.0,0.0
LKAAEAR1,2.9715236e-06,0.0,0.0
LLCFC1,0.011282907,0.0,0.0
LLGL1,0.56154925,1.0,-1.0
LLGL2,0.48196477,0.0,-1.0
LLPH,0.12383517,0.0,0.0
LMAN1,0.25219285,0.0,-1.0
LMAN1L,0.20380378,0.0,0.0
LMAN2,0.08417149,0.0,0.0
LMAN2L,0.1138015,0.0,0.0
LMBR1,0.01666511,0.0,-1.0
LMBR1L,0.16426392,0.0,0.0
LMBRD1,0.07571857,0.0,0.0
LMBRD2,0.15679815,0.0,0.0
LMCD1,0.2942929,0.0,-1.0
LMF1,0.05197186,0.0,-1.0
LMF2,0.11021553,0.0,0.0
LMLN,0.0650776,0.0,0.0
LMNA,0.92394966,1.0,1.0
LMNB1,0.8512404,1.0,0.0
LMNB2,0.6356576,1.0,-1.0
LMNTD1,0.1083038,0.0,0.0
LMNTD2,0.02579454,0.0,-1.0
LMO1,0.5477811,1.0,1.0
LMO2,0.856194,1.0,1.0
LMO3,0.3704962,0.0,-1.0
LMO4,0.60343957,1.0,0.0
LMO7,0.45469913,0.0,-1.0
LMOD1,0.23439835,0.0,0.0
LMOD2,0.003770696,0.0,0.0
LMOD3,0.008185692,0.0,0.0
LMTK2,0.39572132,0.0,0.0
LMTK3,0.09313442,0.0,0.0
LMX1A,0.39796,0.0,-1.0
LMX1B,0.48538303,0.0,-1.0
LNP1,0.0676911,0.0,-1.0
LNPEP,0.6975377,1.0,-1.0
LNPK,0.10990767,0.0,0.0
LNX1,0.35327196,0.0,0.0
LNX2,0.24731316,0.0,0.0
LONP1,0.31381738,0.0,0.0
LONP2,0.22763248,0.0,0.0
LONRF1,0.12773219,0.0,-1.0
LONRF2,0.030964883,0.0,0.0
LONRF3,0.22823943,0.0,-1.0
LOX,0.86223334,1.0,-1.0
LOXHD1,0.059324995,0.0,-1.0
LOXL1,0.57932013,1.0,-1.0
LOXL2,0.25454435,0.0,-1.0
LOXL3,0.16976802,0.0,-1.0
LOXL4,0.19046724,0.0,-1.0
LPA,0.13654317,0.0,0.0
LPAL2,0.010245169,0.0,0.0
LPAR1,0.51226294,1.0,-1.0
LPAR2,0.39508373,0.0,-1.0
LPAR3,0.24145238,0.0,-1.0
LPAR4,0.18929765,0.0,-1.0
LPAR5,0.20023035,0.0,-1.0
LPAR6,0.41096252,0.0,-1.0
LPCAT1,0.15601988,0.0,0.0
LPCAT2,0.021402242,0.0,0.0
LPCAT3,0.04001114,0.0,0.0
LPCAT4,0.021934401,0.0,0.0
LPGAT1,0.38973522,0.0,0.0
LPIN1,0.40539292,0.0,-1.0
LPIN2,0.35945427,0.0,0.0
LPIN3,0.12933056,0.0,0.0
LPL,0.48846316,0.0,-1.0
LPO,0.2915131,0.0,0.0
LPP,0.6222242,1.0,1.0
LPXN,0.61874884,1.0,0.0
LRAT,0.046504937,0.0,-1.0
LRATD1,0.026531115,0.0,0.0
LRATD2,0.1952076,0.0,-1.0
LRBA,0.5201062,1.0,-1.0
LRCH1,0.61043894,1.0,0.0
LRCH2,0.37337792,0.0,0.0
LRCH3,0.66108054,1.0,0.0
LRCH4,0.55963606,1.0,0.0
LRFN1,0.3942436,0.0,0.0
LRFN2,0.2568802,0.0,-1.0
LRFN3,0.24316193,0.0,0.0
LRFN4,0.45591322,0.0,0.0
LRFN5,0.116407,0.0,-1.0
LRG1,0.13365935,0.0,0.0
LRGUK,0.45902792,0.0,-1.0
LRIF1,0.32212576,0.0,0.0
LRIG1,0.4634986,0.0,-1.0
LRIG2,0.5106104,1.0,-1.0
LRIG3,0.19474337,0.0,1.0
LRIT1,0.20371114,0.0,0.0
LRIT2,0.100604124,0.0,0.0
LRMDA,0.14921048,0.0,-1.0
LRP1,0.63318056,1.0,-1.0
LRP10,0.3299307,0.0,0.0
LRP11,0.09797917,0.0,0.0
LRP12,0.17414953,0.0,0.0
LRP1B,0.29582703,0.0,1.0
LRP2,0.62516433,1.0,-1.0
LRP2BP,0.0860897,0.0,0.0
LRP3,0.11428813,0.0,0.0
LRP4,0.2800747,0.0,0.0
LRP5,0.656474,1.0,1.0
LRP5L,0.120148174,0.0,0.0
LRP6,0.7516763,1.0,1.0
LRP8,0.67772746,1.0,-1.0
LRPAP1,0.1315191,0.0,0.0
LRPPRC,0.41110396,0.0,-1.0
LRR1,0.40402198,0.0,0.0
LRRC1,0.36854407,0.0,0.0
LRRC10,0.075720005,0.0,0.0
LRRC10B,0.08875038,0.0,0.0
LRRC14,0.098307334,0.0,0.0
LRRC15,0.3670191,0.0,0.0
LRRC17,0.64353085,1.0,-1.0
LRRC18,0.09583883,0.0,-1.0
LRRC19,0.1920754,0.0,0.0
LRRC2,0.13340443,0.0,0.0
LRRC20,0.07205078,0.0,0.0
LRRC23,0.18213661,0.0,0.0
LRRC24,0.06367228,0.0,0.0
LRRC25,0.112946734,0.0,-1.0
LRRC26,0.05070649,0.0,0.0
LRRC27,0.09066855,0.0,0.0
LRRC28,0.17648597,0.0,0.0
LRRC29,0.06327364,0.0,0.0
LRRC3,0.25417522,0.0,0.0
LRRC30,0.07341913,0.0,0.0
LRRC31,0.07821327,0.0,0.0
LRRC32,0.6275009,1.0,-1.0
LRRC34,0.0012951198,0.0,0.0
LRRC36,0.11764196,0.0,0.0
LRRC37A,0.098633744,0.0,0.0
LRRC37A11P,0.2650276,0.0,0.0
LRRC37A2,0.114316426,0.0,0.0
LRRC37A3,0.12443212,0.0,-1.0
LRRC37B,0.16402233,0.0,0.0
LRRC38,0.080104575,0.0,0.0
LRRC39,0.037191518,0.0,0.0
LRRC3B,0.14386168,0.0,0.0
LRRC3C,0.004293992,0.0,0.0
LRRC4,0.24178365,0.0,0.0
LRRC40,0.59708536,1.0,0.0
LRRC41,0.21968733,0.0,0.0
LRRC42,0.16841854,0.0,0.0
LRRC43,0.13903458,0.0,0.0
LRRC45,0.09596151,0.0,-1.0
LRRC46,0.1073351,0.0,0.0
LRRC47,0.3487246,0.0,-1.0
LRRC49,0.5605882,1.0,0.0
LRRC4B,0.06948626,0.0,0.0
LRRC4C,0.41665784,0.0,-1.0
LRRC52,0.060046893,0.0,0.0
LRRC53,0.00074395206,0.0,0.0
LRRC55,0.09870152,0.0,-1.0
LRRC56,0.13314503,0.0,0.0
LRRC57,0.14305589,0.0,0.0
LRRC58,0.17949517,0.0,0.0
LRRC59,0.25660527,0.0,0.0
LRRC61,0.101317085,0.0,0.0
LRRC63,0.12013877,0.0,0.0
LRRC66,0.12592807,0.0,-1.0
LRRC69,0.10571896,0.0,0.0
LRRC7,0.2535887,0.0,-1.0
LRRC70,0.103445426,0.0,0.0
LRRC71,0.08524754,0.0,0.0
LRRC72,0.07011018,0.0,0.0
LRRC73,0.076744154,0.0,0.0
LRRC74A,0.06960906,0.0,0.0
LRRC75A,0.0014017891,0.0,0.0
LRRC75B,0.14966163,0.0,-1.0
LRRC8A,0.31807527,0.0,-1.0
LRRC8B,0.2563412,0.0,0.0
LRRC8C,0.31997195,0.0,0.0
LRRC8D,0.39760587,0.0,0.0
LRRC8E,0.3948612,0.0,0.0
LRRC9,0.07313478,0.0,0.0
LRRCC1,0.29624036,0.0,0.0
LRRD1,0.039639205,0.0,0.0
LRRFIP1,0.740629,1.0,-1.0
LRRFIP2,0.41552433,0.0,0.0
LRRIQ1,0.2270207,0.0,-1.0
LRRIQ3,0.13203323,0.0,-1.0
LRRIQ4,0.07051423,0.0,0.0
LRRK1,0.50267833,1.0,-1.0
LRRK2,0.8446107,1.0,-1.0
LRRN1,0.012820828,0.0,0.0
LRRN2,0.39738563,0.0,0.0
LRRN3,0.3587836,0.0,-1.0
LRRN4,0.053549208,0.0,0.0
LRRN4CL,0.063695654,0.0,0.0
LRRTM1,0.21739312,0.0,-1.0
LRRTM2,0.2962528,0.0,0.0
LRRTM3,0.10069965,0.0,0.0
LRRTM4,0.22173415,0.0,-1.0
LRSAM1,0.23069687,0.0,0.0
LRTM1,0.26877412,0.0,-1.0
LRTM2,0.10076018,0.0,0.0
LRTOMT,0.09821214,0.0,0.0
LRWD1,0.28186202,0.0,-1.0
LSAMP,0.24471313,0.0,-1.0
LSG1,0.17372693,0.0,0.0
LSM1,0.06519302,0.0,0.0
LSM10,0.061025053,0.0,0.0
LSM11,0.17666261,0.0,0.0
LSM12,0.3691142,0.0,0.0
LSM14A,0.44390494,0.0,-1.0
LSM14B,0.2492968,0.0,0.0
LSM2,0.21649478,0.0,0.0
LSM3,0.06889381,0.0,0.0
LSM4,0.1314329,0.0,0.0
LSM5,0.16803062,0.0,0.0
LSM6,0.14017591,0.0,0.0
LSM7,0.06762302,0.0,0.0
LSM8,0.118055,0.0,0.0
LSMEM1,0.0571696,0.0,0.0
LSMEM2,0.024736313,0.0,0.0
LSP1,0.43176025,0.0,-1.0
LSP1P3,0.047215305,0.0,0.0
LSR,0.39663777,0.0,0.0
LSS,0.162597,0.0,0.0
LST1,0.4467711,0.0,0.0
LTA,0.63009405,1.0,-1.0
LTA4H,0.22584426,0.0,-1.0
LTB,0.58198035,1.0,1.0
LTB4R,0.24923454,0.0,0.0
LTB4R2,0.2045619,0.0,0.0
LTBP1,0.80470645,1.0,0.0
LTBP2,0.5817985,1.0,-1.0
LTBP3,0.35287812,0.0,-1.0
LTBP4,0.48851177,0.0,-1.0
LTBR,0.43505684,0.0,-1.0
LTC4S,0.13199799,0.0,0.0
LTF,0.23127979,0.0,0.0
LTK,0.60326326,1.0,-1.0
LTN1,0.531296,1.0,0.0
LTO1,0.1552691,0.0,-1.0
LTV1,0.18256839,0.0,0.0
LUC7L,0.31062582,0.0,-1.0
LUC7L2,0.4148768,0.0,-1.0
LUC7L3,0.54415816,1.0,0.0
LUM,0.7944405,1.0,-1.0
LURAP1,0.13005379,0.0,0.0
LURAP1L,0.034442447,0.0,0.0
LUZP1,0.5714902,1.0,-1.0
LUZP2,0.20221838,0.0,-1.0
LUZP4,0.31702527,0.0,0.0
LVRN,0.06069534,0.0,0.0
LXN,0.23520355,0.0,0.0
LY6D,0.25161314,0.0,0.0
LY6E,0.23922738,0.0,-1.0
LY6G5B,0.28373638,0.0,0.0
LY6G5C,0.22202098,0.0,0.0
LY6G6C,0.19321842,0.0,0.0
LY6G6D,0.050207406,0.0,0.0
LY6G6E,6.905319e-13,0.0,0.0
LY6G6F,0.019168109,0.0,0.0
LY6H,0.11315809,0.0,0.0
LY6K,0.0007437521,0.0,-1.0
LY75,0.36047536,0.0,0.0
LY75-CD302,0.007655504,0.0,0.0
LY86,0.45905837,0.0,0.0
LY9,0.3991995,0.0,0.0
LY96,0.70262396,1.0,0.0
LYAR,0.26128617,0.0,0.0
LYG1,0.007840865,0.0,0.0
LYG2,0.087816216,0.0,0.0
LYL1,0.53414804,1.0,1.0
LYN,0.9768942,1.0,1.0
LYNX1,0.08392785,0.0,0.0
LYPD1,0.028186556,0.0,0.0
LYPD2,0.044769775,0.0,0.0
LYPD3,0.45001584,0.0,-1.0
LYPD4,0.06010653,0.0,0.0
LYPD5,0.023433857,0.0,0.0
LYPD6,0.11862092,0.0,0.0
LYPD6B,0.07941269,0.0,0.0
LYPD8,0.0006841234,0.0,-1.0
LYPLA1,0.15694863,0.0,-1.0
LYPLA2,0.12871544,0.0,0.0
LYPLAL1,0.08520213,0.0,0.0
LYRM1,0.047895323,0.0,0.0
LYRM2,0.0581194,0.0,0.0
LYRM4,0.06107326,0.0,0.0
LYRM7,0.15161306,0.0,0.0
LYRM9,0.010307542,0.0,-1.0
LYSMD1,0.14304115,0.0,0.0
LYSMD2,0.021900354,0.0,0.0
LYSMD3,0.17920971,0.0,0.0
LYSMD4,5.2024952e-05,0.0,0.0
LYST,0.8614766,1.0,-1.0
LYVE1,0.18912426,0.0,0.0
LYZ,0.6588868,1.0,-1.0
LYZL1,0.04611562,0.0,0.0
LYZL2,0.034078114,0.0,0.0
LYZL4,0.042416688,0.0,0.0
LYZL6,2.3231246e-06,0.0,0.0
LZIC,0.12345587,0.0,0.0
LZTFL1,0.2630978,0.0,0.0
LZTR1,0.22268152,0.0,1.0
LZTS1,0.31804553,0.0,-1.0
LZTS2,0.34689394,0.0,0.0
LZTS3,0.28036037,0.0,0.0
M1AP,0.13308421,0.0,-1.0
M6PR,0.3490873,0.0,0.0
MAB21L1,0.20024598,0.0,0.0
MAB21L2,0.2443421,0.0,0.0
MAB21L3,0.08029232,0.0,0.0
MAB21L4,0.17223436,0.0,0.0
MACC1,0.19837281,0.0,1.0
MACF1,0.9165221,1.0,-1.0
MACIR,0.094432734,0.0,0.0
MACO1,0.010370245,0.0,0.0
MACROD1,0.13755193,0.0,-1.0
MACROD2,0.31242552,0.0,-1.0
MACROH2A1,0.74932486,1.0,-1.0
MACROH2A2,0.5201529,1.0,-1.0
MAD1L1,0.41128895,0.0,-1.0
MAD2L1,0.55063194,1.0,-1.0
MAD2L1BP,0.14471287,0.0,0.0
MAD2L2,0.53666884,1.0,1.0
MADCAM1,0.4075664,0.0,0.0
MADD,0.38792786,0.0,-1.0
MAEA,0.19477431,0.0,0.0
MAEL,0.08757071,0.0,0.0
MAF,0.7946342,1.0,1.0
MAF1,0.15209565,0.0,0.0
MAFA,0.3418191,0.0,-1.0
MAFB,0.7387978,1.0,1.0
MAFF,0.63319194,1.0,0.0
MAFG,0.47890866,0.0,-1.0
MAFK,0.50366116,1.0,-1.0
MAG,0.406942,0.0,0.0
MAGEA1,0.25434914,0.0,-1.0
MAGEA10,0.48804978,0.0,0.0
MAGEA11,0.1932075,0.0,0.0
MAGEA12,0.37170973,0.0,0.0
MAGEA2,0.30625424,0.0,0.0
MAGEA2B,0.005930825,0.0,0.0
MAGEA3,0.23417212,0.0,-1.0
MAGEA4,0.25889817,0.0,0.0
MAGEA5P,0.024238627,0.0,0.0
MAGEA6,0.1840168,0.0,-1.0
MAGEA8,0.14483249,0.0,0.0
MAGEA9,0.20432429,0.0,0.0
MAGEA9B,0.2528523,0.0,0.0
MAGEB1,0.12285624,0.0,0.0
MAGEB10,0.16950119,0.0,0.0
MAGEB16,0.05283821,0.0,0.0
MAGEB17,0.014338985,0.0,0.0
MAGEB18,0.20941563,0.0,0.0
MAGEB2,0.46101296,0.0,0.0
MAGEB3,0.07538022,0.0,0.0
MAGEB4,0.1259016,0.0,0.0
MAGEB6,0.099553764,0.0,0.0
MAGEC1,0.23177153,0.0,-1.0
MAGEC2,0.23957214,0.0,-1.0
MAGEC3,0.25456837,0.0,-1.0
MAGED1,0.4707238,0.0,-1.0
MAGED2,0.39185455,0.0,0.0
MAGED4,0.14218497,0.0,0.0
MAGED4B,0.12031109,0.0,0.0
MAGEE1,0.23182748,0.0,-1.0
MAGEE2,0.013385512,0.0,0.0
MAGEF1,0.20341493,0.0,0.0
MAGEH1,0.21137503,0.0,0.0
MAGEL2,0.25004998,0.0,0.0
MAGI1,0.83904904,1.0,0.0
MAGI2,0.5630523,1.0,-1.0
MAGI3,0.7370232,1.0,0.0
MAGIX,0.13705866,0.0,0.0
MAGOH,0.22046176,0.0,0.0
MAGOHB,0.24474962,0.0,0.0
MAGT1,0.1049323,0.0,-1.0
MAIP1,0.050995395,0.0,0.0
MAJIN,0.04372248,0.0,0.0
MAK,0.5164271,1.0,-1.0
MAK16,0.16544288,0.0,0.0
MAL,0.22800209,0.0,-1.0
MAL2,0.21416739,0.0,0.0
MALAT1,0.74607867,1.0,-1.0
MALL,0.20394471,0.0,0.0
MALSU1,0.046952583,0.0,-1.0
MALT1,0.6345166,1.0,1.0
MAMDC2,0.023928335,0.0,0.0
MAMDC4,0.032619193,0.0,-1.0
MAML1,0.67926615,1.0,-1.0
MAML2,0.38068923,0.0,1.0
MAML3,0.48351297,0.0,-1.0
MAMLD1,0.29900318,0.0,-1.0
MAMSTR,0.12388441,0.0,-1.0
MAN1A1,0.34062317,0.0,0.0
MAN1A2,0.31265795,0.0,-1.0
MAN1B1,0.06763684,0.0,-1.0
MAN1C1,0.20681952,0.0,0.0
MAN2A1,0.43780085,0.0,-1.0
MAN2A2,0.17032713,0.0,0.0
MAN2B1,0.31424034,0.0,-1.0
MAN2B2,0.063436046,0.0,0.0
MAN2C1,0.28901276,0.0,0.0
MANBA,0.19614981,0.0,-1.0
MANBAL,0.104499124,0.0,0.0
MANEA,0.15553153,0.0,0.0
MANEAL,0.036099866,0.0,0.0
MANF,0.1054578,0.0,-1.0
MANSC1,0.15617411,0.0,0.0
MAOA,0.35190806,0.0,0.0
MAOB,0.21711342,0.0,0.0
MAP1A,0.5654375,1.0,0.0
MAP1B,0.87015647,1.0,0.0
MAP1LC3A,0.5500157,1.0,-1.0
MAP1LC3B,0.58112633,1.0,-1.0
MAP1LC3B2,0.06828955,0.0,0.0
MAP1LC3C,0.2129881,0.0,-1.0
MAP1S,0.2958013,0.0,-1.0
MAP2,0.69894904,1.0,-1.0
MAP2K1,0.9355691,1.0,1.0
MAP2K2,0.83533716,1.0,1.0
MAP2K3,0.8731277,1.0,-1.0
MAP2K4,0.8382288,1.0,1.0
MAP2K5,0.75547224,1.0,-1.0
MAP2K6,0.76097757,1.0,-1.0
MAP2K7,0.89112675,1.0,-1.0
MAP3K1,0.93785876,1.0,1.0
MAP3K10,0.64663535,1.0,0.0
MAP3K11,0.702941,1.0,0.0
MAP3K12,0.56609786,1.0,-1.0
MAP3K13,0.4220744,0.0,1.0
MAP3K14,0.4266095,0.0,1.0
MAP3K15,0.58855826,1.0,0.0
MAP3K19,0.6430483,1.0,-1.0
MAP3K2,0.81847674,1.0,0.0
MAP3K20,0.40617648,0.0,0.0
MAP3K21,0.46744835,0.0,-1.0
MAP3K3,0.8650086,1.0,-1.0
MAP3K4,0.79106426,1.0,-1.0
MAP3K5,0.9501527,1.0,-1.0
MAP3K6,0.70352995,1.0,-1.0
MAP3K7,0.89440525,1.0,-1.0
MAP3K7CL,0.14495687,0.0,0.0
MAP3K8,0.90438265,1.0,-1.0
MAP3K9,0.69400287,1.0,-1.0
MAP4,0.66478986,1.0,-1.0
MAP4K1,0.68413776,1.0,0.0
MAP4K2,0.5187257,1.0,-1.0
MAP4K3,0.5335481,1.0,-1.0
MAP4K4,0.84703165,1.0,0.0
MAP4K5,0.6590014,1.0,0.0
MAP6,0.037430916,0.0,0.0
MAP6D1,0.0027612322,0.0,0.0
MAP7,0.40526485,0.0,-1.0
MAP7D1,0.10076096,0.0,0.0
MAP7D2,0.21643975,0.0,0.0
MAP7D3,0.37161273,0.0,0.0
MAP9,0.24789578,0.0,0.0
MAPK1,0.9861556,1.0,1.0
MAPK10,0.880666,1.0,-1.0
MAPK11,0.9562802,1.0,-1.0
MAPK12,0.94097185,1.0,-1.0
MAPK13,0.94885343,1.0,-1.0
MAPK14,0.9821112,1.0,-1.0
MAPK15,0.47897786,0.0,0.0
MAPK1IP1L,0.24050748,0.0,0.0
MAPK3,0.9832164,1.0,1.0
MAPK4,0.46753475,0.0,-1.0
MAPK6,0.79081875,1.0,-1.0
MAPK7,0.92864114,1.0,-1.0
MAPK8,0.9665815,1.0,-1.0
MAPK8IP1,0.51579696,1.0,-1.0
MAPK8IP2,0.4880238,0.0,0.0
MAPK8IP3,0.4178585,0.0,0.0
MAPK9,0.86155874,1.0,-1.0
MAPKAP1,0.41679105,0.0,-1.0
MAPKAPK2,0.7068996,1.0,-1.0
MAPKAPK3,0.54892755,1.0,0.0
MAPKAPK5,0.34791094,0.0,-1.0
MAPKBP1,0.068034224,0.0,0.0
MAPRE1,0.6536653,1.0,-1.0
MAPRE2,0.7422876,1.0,0.0
MAPRE3,0.6553532,1.0,-1.0
MAPT,0.7897154,1.0,-1.0
MARCHF1,0.52048016,1.0,0.0
MARCHF10,0.059109863,0.0,0.0
MARCHF11,0.058781862,0.0,-1.0
MARCHF2,0.12672979,0.0,0.0
MARCHF3,0.13803042,0.0,-1.0
MARCHF4,0.101879746,0.0,0.0
MARCHF5,0.15447637,0.0,0.0
MARCHF6,0.5124315,1.0,0.0
MARCHF7,0.48053515,0.0,0.0
MARCHF8,0.17829949,0.0,0.0
MARCHF9,0.09762378,0.0,0.0
MARCKS,0.5740863,1.0,-1.0
MARCKSL1,0.53400517,1.0,0.0
MARCO,0.13173643,0.0,0.0
MARF1,0.52106875,1.0,0.0
MARK1,0.62426776,1.0,0.0
MARK2,0.8445589,1.0,-1.0
MARK3,0.8388062,1.0,-1.0
MARK4,0.6315342,1.0,-1.0
MARS1,0.4464264,0.0,-1.0
MARS2,0.17512572,0.0,0.0
MARVELD1,0.039780702,0.0,0.0
MARVELD2,0.24136345,0.0,0.0
MARVELD3,0.112456165,0.0,0.0
MAS1,0.29514807,0.0,-1.0
MAS1L,0.079079986,0.0,-1.0
MASP1,0.30363172,0.0,0.0
MASP2,0.18222056,0.0,0.0
MAST1,0.34053853,0.0,-1.0
MAST2,0.54891366,1.0,0.0
MAST3,0.40396592,0.0,-1.0
MAST4,0.35286975,0.0,-1.0
MASTL,0.5907822,1.0,-1.0
MAT1A,0.5928036,1.0,0.0
MAT2A,0.5226184,1.0,0.0
MAT2B,0.18147926,0.0,0.0
MATK,0.81776327,1.0,-1.0
MATN1,0.19451155,0.0,0.0
MATN2,0.33113846,0.0,0.0
MATN3,0.18229009,0.0,-1.0
MATN4,0.09978777,0.0,0.0
MATR3,0.5551065,1.0,-1.0
MAU2,0.32108942,0.0,0.0
MAVS,0.2697967,0.0,0.0
MAX,0.72643405,1.0,1.0
MAZ,0.90600836,1.0,-1.0
MB,0.0955067,0.0,0.0
MB21D2,0.26608872,0.0,-1.0
MBD1,0.54107493,1.0,-1.0
MBD2,0.73295575,1.0,-1.0
MBD3,0.42973778,0.0,0.0
MBD3L1,0.082591094,0.0,0.0
MBD3L2,0.15679845,0.0,0.0
MBD4,0.48831698,0.0,-1.0
MBD5,0.4690641,0.0,-1.0
MBD6,0.23296212,0.0,1.0
MBIP,0.22700658,0.0,0.0
MBL2,0.11059288,0.0,0.0
MBLAC1,0.06411502,0.0,0.0
MBLAC2,0.08190114,0.0,0.0
MBNL1,0.77272385,1.0,-1.0
MBNL2,0.5106689,1.0,-1.0
MBNL3,0.19423424,0.0,0.0
MBOAT1,0.037899632,0.0,0.0
MBOAT2,0.09226107,0.0,-1.0
MBOAT4,0.0877268,0.0,0.0
MBOAT7,0.066684134,0.0,0.0
MBP,0.70931876,1.0,0.0
MBTD1,0.47247374,0.0,0.0
MBTPS1,0.35534233,0.0,0.0
MBTPS2,0.23375982,0.0,0.0
MC1R,0.27915698,0.0,-1.0
MC2R,0.3553709,0.0,-1.0
MC3R,0.14147182,0.0,0.0
MC4R,0.20447324,0.0,-1.0
MC5R,0.27903432,0.0,0.0
MCAM,0.6872492,1.0,-1.0
MCAT,0.084213145,0.0,0.0
MCC,0.67334783,1.0,-1.0
MCCC1,0.11016545,0.0,0.0
MCCC2,0.32570297,0.0,0.0
MCCD1,0.00018742088,0.0,0.0
MCEE,0.07795191,0.0,0.0
MCEMP1,0.058163583,0.0,0.0
MCF2,0.53792715,1.0,-1.0
MCF2L,0.3623607,0.0,0.0
MCF2L2,0.13513754,0.0,-1.0
MCFD2,0.14937331,0.0,-1.0
MCHR1,0.2712732,0.0,-1.0
MCHR2,0.208921,0.0,-1.0
MCIDAS,0.053940557,0.0,0.0
MCL1,0.87121236,1.0,1.0
MCM10,0.53962153,1.0,0.0
MCM2,0.7545128,1.0,-1.0
MCM3,0.7278401,1.0,-1.0
MCM3AP,0.37647536,0.0,0.0
MCM4,0.78598887,1.0,-1.0
MCM5,0.80797654,1.0,-1.0
MCM6,0.73064345,1.0,-1.0
MCM7,0.7934618,1.0,-1.0
MCM8,0.65754604,1.0,0.0
MCM9,0.38814196,0.0,0.0
MCMBP,0.4360236,0.0,-1.0
MCMDC2,0.12819885,0.0,0.0
MCOLN1,0.1986017,0.0,-1.0
MCOLN2,0.17198597,0.0,0.0
MCOLN3,0.11267445,0.0,0.0
MCPH1,0.33604103,0.0,-1.0
MCRIP1,0.025559455,0.0,0.0
MCRIP2,0.06674164,0.0,0.0
MCRS1,0.24257335,0.0,-1.0
MCTP1,0.14167364,0.0,0.0
MCTP2,0.2617431,0.0,0.0
MCTS1,0.08399347,0.0,0.0
MCU,0.1530704,0.0,0.0
MCUB,0.22846065,0.0,0.0
MCUR1,0.09827771,0.0,0.0
MDC1,0.77299666,1.0,-1.0
MDFI,0.11772816,0.0,0.0
MDFIC,0.5251957,1.0,-1.0
MDGA1,0.11681866,0.0,0.0
MDGA2,0.0005726964,0.0,0.0
MDH1,0.14801763,0.0,0.0
MDH1B,0.07315272,0.0,0.0
MDH2,0.23976284,0.0,-1.0
MDK,0.5988621,1.0,-1.0
MDM1,0.46523064,0.0,0.0
MDM2,0.84954584,1.0,1.0
MDM4,0.8104224,1.0,1.0
MDN1,0.5104694,1.0,0.0
MDP1,0.09576497,0.0,0.0
ME1,0.41451144,0.0,-1.0
ME2,0.29512307,0.0,0.0
ME3,0.122727655,0.0,-1.0
MEA1,0.0425736,0.0,0.0
MEAF6,0.2991924,0.0,0.0
MEAK7,0.023485765,0.0,0.0
MECOM,0.8468643,1.0,1.0
MECP2,0.8356466,1.0,-1.0
MECR,0.0863368,0.0,0.0
MED1,0.79711753,1.0,-1.0
MED10,0.38996768,0.0,0.0
MED11,0.23724206,0.0,0.0
MED12,0.67163473,1.0,1.0
MED12L,0.16869028,0.0,-1.0
MED13,0.69679874,1.0,-1.0
MED13L,0.75579077,1.0,-1.0
MED14,0.62831926,1.0,0.0
MED15,0.46313706,0.0,0.0
MED16,0.26771745,0.0,-1.0
MED17,0.46163672,0.0,0.0
MED18,0.35931298,0.0,0.0
MED19,0.43714553,0.0,0.0
MED20,0.42972383,0.0,0.0
MED21,0.40532336,0.0,0.0
MED22,0.3499576,0.0,0.0
MED23,0.69450855,1.0,-1.0
MED24,0.46863332,0.0,0.0
MED25,0.39099282,0.0,-1.0
MED26,0.42908007,0.0,0.0
MED27,0.23907122,0.0,0.0
MED28,0.47827196,0.0,-1.0
MED29,0.49722347,0.0,0.0
MED30,0.43477526,0.0,0.0
MED31,0.55481535,1.0,-1.0
MED4,0.41850555,0.0,0.0
MED6,0.40060824,0.0,0.0
MED7,0.2185138,0.0,0.0
MED8,0.28743592,0.0,0.0
MED9,0.34973976,0.0,0.0
MEDAG,0.12126952,0.0,0.0
MEF2A,0.89496714,1.0,-1.0
MEF2B,0.31867653,0.0,1.0
MEF2C,0.93045336,1.0,-1.0
MEF2D,0.79389495,1.0,1.0
MEFV,0.03247029,0.0,-1.0
MEG3,0.000399563,0.0,-1.0
MEGF10,0.16841333,0.0,0.0
MEGF11,0.098322764,0.0,0.0
MEGF6,0.27998507,0.0,0.0
MEGF8,0.2211436,0.0,0.0
MEGF9,0.4140275,0.0,0.0
MEI1,0.20454282,0.0,0.0
MEI4,1.0588652e-05,0.0,0.0
MEIG1,0.07544929,0.0,0.0
MEIOB,0.0634102,0.0,0.0
MEIOC,0.065296665,0.0,0.0
MEIOSIN,0.026940173,0.0,0.0
MEIS1,0.9213975,1.0,-1.0
MEIS2,0.6573134,1.0,0.0
MEIS3,0.39721963,0.0,0.0
MELK,0.75321263,1.0,-1.0
MELTF,0.22526725,0.0,0.0
MEMO1,0.2728392,0.0,0.0
MEN1,0.73526853,1.0,1.0
MEOX1,0.4632666,0.0,0.0
MEOX2,0.1186274,0.0,0.0
MEP1A,0.21885222,0.0,-1.0
MEP1B,0.24123208,0.0,0.0
MEPCE,0.29290992,0.0,0.0
MEPE,0.22822422,0.0,0.0
MERTK,0.7265037,1.0,-1.0
MESD,0.16428095,0.0,0.0
MESP1,0.19525024,0.0,0.0
MESP2,0.16283904,0.0,0.0
MEST,0.09598527,0.0,0.0
MET,0.96115327,1.0,1.0
METAP1,0.31452075,0.0,0.0
METAP1D,0.16605157,0.0,0.0
METAP2,0.30142638,0.0,-1.0
METRN,0.045891605,0.0,0.0
METRNL,0.063353844,0.0,0.0
METTL1,0.12384658,0.0,0.0
METTL13,0.1484912,0.0,0.0
METTL14,0.29121545,0.0,-1.0
METTL15,0.12544799,0.0,0.0
METTL16,0.18609242,0.0,0.0
METTL17,0.15119669,0.0,0.0
METTL18,0.15257476,0.0,0.0
METTL21A,0.21268187,0.0,-1.0
METTL21C,0.26953518,0.0,0.0
METTL22,0.25310665,0.0,0.0
METTL23,0.22916895,0.0,-1.0
METTL25,0.16050795,0.0,0.0
METTL25B,0.08477278,0.0,0.0
METTL26,0.070510186,0.0,-1.0
METTL27,0.19258165,0.0,0.0
METTL2A,0.15586926,0.0,0.0
METTL2B,0.14947666,0.0,0.0
METTL3,0.3097162,0.0,-1.0
METTL4,0.35057876,0.0,0.0
METTL5,0.05016942,0.0,0.0
METTL6,0.10335972,0.0,0.0
METTL7A,0.13490234,0.0,-1.0
METTL7B,0.10209846,0.0,0.0
METTL8,0.13055845,0.0,0.0
METTL9,0.09962552,0.0,0.0
MEX3A,0.14903875,0.0,0.0
MEX3B,0.2397593,0.0,0.0
MEX3C,0.35245922,0.0,-1.0
MEX3D,0.18733808,0.0,0.0
MFAP1,0.19792902,0.0,0.0
MFAP2,0.485117,0.0,0.0
MFAP3,0.22830385,0.0,0.0
MFAP3L,0.12988335,0.0,0.0
MFAP4,0.40880603,0.0,-1.0
MFAP5,0.3171798,0.0,-1.0
MFF,0.04712445,0.0,0.0
MFGE8,0.5957812,1.0,0.0
MFHAS1,0.48241854,0.0,-1.0
MFN1,0.3590177,0.0,0.0
MFN2,0.21759397,0.0,-1.0
MFNG,0.40305725,0.0,0.0
MFRP,0.0014678235,0.0,-1.0
MFSD1,0.1524076,0.0,0.0
MFSD10,0.14127962,0.0,-1.0
MFSD11,0.1438224,0.0,0.0
MFSD12,0.11265087,0.0,0.0
MFSD13A,0.11886896,0.0,0.0
MFSD14A,0.15612896,0.0,0.0
MFSD14B,0.0814181,0.0,0.0
MFSD2A,0.028862478,0.0,0.0
MFSD3,0.05378116,0.0,0.0
MFSD4A,0.0729244,0.0,0.0
MFSD4B,0.0717503,0.0,0.0
MFSD5,0.07561415,0.0,0.0
MFSD6,0.12310718,0.0,0.0
MFSD6L,2.3927203e-07,0.0,0.0
MFSD8,0.09682604,0.0,-1.0
MFSD9,0.066595785,0.0,0.0
MGA,0.7093888,1.0,1.0
MGAM,0.16545135,0.0,1.0
MGAM2,0.20106344,0.0,0.0
MGARP,0.14617807,0.0,0.0
MGAT1,0.2519845,0.0,0.0
MGAT2,0.10598076,0.0,-1.0
MGAT3,0.28651717,0.0,-1.0
MGAT4A,0.20462184,0.0,0.0
MGAT4B,0.15984479,0.0,0.0
MGAT4C,0.08386164,0.0,0.0
MGAT4D,0.06010462,0.0,0.0
MGAT5,0.19806716,0.0,0.0
MGAT5B,0.0671911,0.0,-1.0
MGLL,0.05103325,0.0,0.0
MGME1,0.35054758,0.0,0.0
MGMT,0.1702815,0.0,1.0
MGP,0.58544016,1.0,0.0
MGRN1,0.20617536,0.0,0.0
MGST1,0.13593476,0.0,-1.0
MGST2,0.105224475,0.0,-1.0
MGST3,0.07427382,0.0,-1.0
MIA,0.15018927,0.0,0.0
MIA2,0.23255989,0.0,-1.0
MIA3,0.31074947,0.0,0.0
MIB1,0.7632008,1.0,-1.0
MIB2,0.22492388,0.0,-1.0
MICA,0.12477642,0.0,-1.0
MICAL1,0.4361111,0.0,0.0
MICAL2,0.6304597,1.0,-1.0
MICAL3,0.5307623,1.0,0.0
MICALL1,0.59512335,1.0,0.0
MICALL2,0.24163036,0.0,0.0
MICB,0.35674897,0.0,-1.0
MICOS10,0.06833663,0.0,0.0
MICOS10-NBL1,0.13169718,0.0,0.0
MICOS13,0.03630431,0.0,0.0
MICU1,0.1709555,0.0,0.0
MICU2,0.19054173,0.0,0.0
MICU3,0.06832852,0.0,-1.0
MID1,0.55261654,1.0,-1.0
MID1IP1,0.28307056,0.0,0.0
MID2,0.39696345,0.0,0.0
MIDEAS,0.48470706,0.0,1.0
MIDN,0.14707059,0.0,0.0
MIEF1,0.12780195,0.0,0.0
MIEF2,0.0800966,0.0,0.0
MIEN1,0.05676555,0.0,-1.0
MIER1,0.5560222,1.0,-1.0
MIER2,0.34677267,0.0,0.0
MIER3,0.33386362,0.0,-1.0
MIF,0.16129525,0.0,-1.0
MIF4GD,0.113576606,0.0,0.0
MIGA1,0.14286241,0.0,0.0
MIGA2,0.1392353,0.0,0.0
MIIP,0.15297262,0.0,0.0
MILR1,0.14149794,0.0,0.0
MINAR1,0.07851516,0.0,-1.0
MINDY1,0.057289645,0.0,0.0
MINDY2,0.26793456,0.0,0.0
MINDY3,0.17778298,0.0,0.0
MINDY4,0.13155037,0.0,0.0
MINK1,0.6307963,1.0,0.0
MINPP1,0.18921831,0.0,0.0
MIOS,0.33204958,0.0,-1.0
MIOX,0.0023317137,0.0,0.0
MIP,0.09341323,0.0,-1.0
MIPEP,0.07371816,0.0,0.0
MIPOL1,0.15854467,0.0,0.0
MIR1915HG,0.013527611,0.0,0.0
MIR22HG,0.22861369,0.0,0.0
MIR3667HG,6.0053535e-09,0.0,-1.0
MIR4435-2HG,0.0038770423,0.0,0.0
MIR9-1HG,0.35479945,0.0,0.0
MIS12,0.41816798,0.0,0.0
MIS18A,0.5472702,1.0,0.0
MIS18BP1,0.59928656,1.0,0.0
MISP,0.44985595,0.0,0.0
MITD1,0.14273287,0.0,0.0
MITF,0.9048722,1.0,1.0
MIX23,0.12449278,0.0,0.0
MIXL1,0.34403005,0.0,-1.0
MKI67,0.7729288,1.0,-1.0
MKKS,0.07581833,0.0,-1.0
MKLN1,0.50807285,1.0,0.0
MKNK1,0.612017,1.0,-1.0
MKNK2,0.413563,0.0,0.0
MKRN1,0.2520795,0.0,-1.0
MKRN2,0.1576304,0.0,0.0
MKRN3,0.27167812,0.0,-1.0
MKRN4P,0.1766163,0.0,0.0
MKS1,0.32459682,0.0,-1.0
MKX,0.42959088,0.0,0.0
MLANA,0.389025,0.0,0.0
MLC1,0.18365927,0.0,-1.0
MLEC,0.114436544,0.0,0.0
MLF1,0.2990195,0.0,1.0
MLF2,0.24654157,0.0,0.0
MLH1,0.511948,1.0,1.0
MLH3,0.38842857,0.0,-1.0
MLIP,0.032105047,0.0,0.0
MLKL,0.67210144,1.0,0.0
MLLT1,0.58646184,1.0,1.0
MLLT10,0.67305934,1.0,1.0
MLLT11,0.2502642,0.0,1.0
MLLT3,0.6517948,1.0,1.0
MLLT6,0.25579128,0.0,1.0
MLN,0.43765292,0.0,0.0
MLNR,0.17850026,0.0,0.0
MLPH,0.1793704,0.0,-1.0
MLST8,0.2236682,0.0,-1.0
MLX,0.2924576,0.0,0.0
MLXIP,0.33785772,0.0,0.0
MLXIPL,0.21501997,0.0,-1.0
MLYCD,0.06320313,0.0,0.0
MMAA,0.094198346,0.0,0.0
MMAB,0.08982064,0.0,-1.0
MMACHC,0.105861366,0.0,-1.0
MMADHC,0.052031852,0.0,0.0
MMD,0.1682853,0.0,0.0
MMD2,0.04386194,0.0,0.0
MME,0.69760454,1.0,-1.0
MMEL1,0.0007047105,0.0,-1.0
MMGT1,0.057708804,0.0,0.0
MMP1,0.8143302,1.0,-1.0
MMP10,0.28307098,0.0,0.0
MMP11,0.61160874,1.0,-1.0
MMP12,0.58056134,1.0,0.0
MMP13,0.42175218,0.0,-1.0
MMP14,0.8169002,1.0,-1.0
MMP15,0.43716553,0.0,-1.0
MMP16,0.5487796,1.0,-1.0
MMP17,0.18860419,0.0,0.0
MMP19,0.45186222,0.0,-1.0
MMP2,0.9230754,1.0,-1.0
MMP20,0.26162967,0.0,-1.0
MMP21,0.25125685,0.0,0.0
MMP23B,0.11143657,0.0,0.0
MMP24,0.32954767,0.0,-1.0
MMP25,0.30028787,0.0,0.0
MMP26,0.32560676,0.0,-1.0
MMP27,0.25495186,0.0,0.0
MMP28,0.27008218,0.0,0.0
MMP3,0.52635777,1.0,-1.0
MMP7,0.6983339,1.0,0.0
MMP8,0.4187913,0.0,-1.0
MMP9,0.8378263,1.0,-1.0
MMRN1,0.15193796,0.0,0.0
MMRN2,0.14939716,0.0,0.0
MMS19,0.4809666,0.0,0.0
MMS22L,0.32053557,0.0,-1.0
MMUT,0.23588894,0.0,0.0
MN1,0.46197024,0.0,1.0
MNAT1,0.32422578,0.0,-1.0
MND1,0.5579683,1.0,0.0
MNDA,0.56845355,1.0,0.0
MNS1,0.27726766,0.0,0.0
MNT,0.32092723,0.0,0.0
MNX1,0.43579784,0.0,-1.0
MOAP1,0.19923845,0.0,-1.0
MOB1A,0.54695743,1.0,0.0
MOB1B,0.5023102,1.0,-1.0
MOB2,0.26405245,0.0,0.0
MOB3A,0.1651839,0.0,0.0
MOB3B,0.14613494,0.0,1.0
MOB3C,0.16755947,0.0,0.0
MOB4,0.2497035,0.0,0.0
MOBP,0.17094807,0.0,0.0
MOCOS,0.19563843,0.0,0.0
MOCS1,0.07041938,0.0,0.0
MOCS2,0.06796771,0.0,0.0
MOCS3,0.32863328,0.0,-1.0
MOG,0.2399656,0.0,-1.0
MOGAT1,0.002045945,0.0,0.0
MOGAT2,0.16632399,0.0,0.0
MOGAT3,0.08317345,0.0,0.0
MOGS,0.21855137,0.0,-1.0
MOK,0.40416917,0.0,0.0
MON1A,0.14509265,0.0,0.0
MON1B,0.19292699,0.0,0.0
MON2,0.4085417,0.0,0.0
MORC1,0.039626297,0.0,0.0
MORC2,0.26354966,0.0,0.0
MORC3,0.6281173,1.0,0.0
MORC4,0.29087004,0.0,-1.0
MORF4,0.19513458,0.0,0.0
MORF4L1,0.49857727,0.0,0.0
MORF4L2,0.5074571,1.0,0.0
MORN1,0.26744658,0.0,-1.0
MORN2,0.048159786,0.0,0.0
MORN3,0.118915506,0.0,0.0
MORN4,0.12550671,0.0,0.0
MORN5,0.024700204,0.0,0.0
MOS,0.6859044,1.0,-1.0
MOSMO,0.17485608,0.0,0.0
MOSPD1,0.14808446,0.0,0.0
MOSPD2,0.2912311,0.0,0.0
MOSPD3,0.15210757,0.0,0.0
MOV10,0.575586,1.0,-1.0
MOV10L1,0.07917298,0.0,0.0
MOXD1,0.25895932,0.0,0.0
MPC1,0.05186898,0.0,-1.0
MPC2,0.030742157,0.0,0.0
MPDU1,0.095905915,0.0,-1.0
MPDZ,0.3729513,0.0,-1.0
MPEG1,0.25780168,0.0,-1.0
MPG,0.11213477,0.0,0.0
MPHOSPH10,0.1695134,0.0,0.0
MPHOSPH6,0.17463025,0.0,0.0
MPHOSPH8,0.6276637,1.0,0.0
MPHOSPH9,0.60547817,1.0,0.0
MPI,0.15857951,0.0,-1.0
MPIG6B,0.00014271846,0.0,0.0
MPL,0.5104177,1.0,1.0
MPLKIP,0.08415253,0.0,-1.0
MPND,0.08511925,0.0,0.0
MPO,0.49903744,0.0,-1.0
MPP1,0.77303636,1.0,-1.0
MPP2,0.74314195,1.0,0.0
MPP3,0.76761764,1.0,0.0
MPP4,0.6163616,1.0,0.0
MPP7,0.68157625,1.0,0.0
MPPE1,0.11559965,0.0,-1.0
MPPED1,0.30269295,0.0,0.0
MPPED2,0.2009458,0.0,-1.0
MPRIP,0.5245116,1.0,0.0
MPST,0.08566624,0.0,0.0
MPV17,0.055084027,0.0,0.0
MPV17L,0.018060107,0.0,0.0
MPV17L2,0.10102637,0.0,0.0
MPZ,0.25501478,0.0,-1.0
MPZL1,0.38872805,0.0,0.0
MPZL2,0.35056373,0.0,0.0
MPZL3,0.03691583,0.0,0.0
MR1,0.2804474,0.0,0.0
MRAP,0.040321235,0.0,0.0
MRAP2,0.08448814,0.0,0.0
MRAS,0.6471231,1.0,-1.0
MRC1,0.36208013,0.0,-1.0
MRC2,0.6223593,1.0,0.0
MRE11,0.81217,1.0,1.0
MREG,0.20289077,0.0,-1.0
MRFAP1,0.009688532,0.0,0.0
MRFAP1L1,0.15779352,0.0,0.0
MRGBP,0.38134933,0.0,0.0
MRGPRD,0.0073868264,0.0,0.0
MRGPRE,0.0026804463,0.0,0.0
MRGPRF,0.029771635,0.0,0.0
MRGPRG,0.011147771,0.0,0.0
MRGPRX1,0.023018545,0.0,0.0
MRGPRX2,0.03138037,0.0,0.0
MRGPRX3,0.02075496,0.0,0.0
MRGPRX4,0.03302926,0.0,0.0
MRI1,0.22331582,0.0,0.0
MRM1,0.14179173,0.0,0.0
MRM2,0.108637735,0.0,0.0
MRM3,0.06384403,0.0,0.0
MRNIP,0.01792949,0.0,0.0
MRO,0.1788455,0.0,0.0
MROH1,0.3438036,0.0,-1.0
MROH2A,0.0644648,0.0,-1.0
MROH2B,0.07084623,0.0,0.0
MROH5,0.0010902378,0.0,0.0
MROH6,0.26706696,0.0,0.0
MROH7,0.06740153,0.0,0.0
MROH8,0.097534075,0.0,0.0
MROH9,0.2040925,0.0,0.0
MRPL1,0.090258956,0.0,0.0
MRPL10,0.052412443,0.0,0.0
MRPL11,0.047806107,0.0,0.0
MRPL12,0.06844861,0.0,-1.0
MRPL13,0.040168606,0.0,0.0
MRPL14,0.034943126,0.0,0.0
MRPL15,0.05758677,0.0,0.0
MRPL16,0.033921342,0.0,0.0
MRPL17,0.040168595,0.0,0.0
MRPL18,0.08370311,0.0,-1.0
MRPL19,0.14684273,0.0,0.0
MRPL2,0.096775584,0.0,0.0
MRPL20,0.035984036,0.0,-1.0
MRPL21,0.028597454,0.0,-1.0
MRPL22,0.040369574,0.0,0.0
MRPL23,0.028019328,0.0,0.0
MRPL24,0.023657523,0.0,0.0
MRPL27,0.02793466,0.0,0.0
MRPL28,0.03974245,0.0,0.0
MRPL3,0.08065846,0.0,0.0
MRPL30,0.049412847,0.0,0.0
MRPL32,0.034464084,0.0,0.0
MRPL33,0.023680888,0.0,0.0
MRPL34,0.018852625,0.0,0.0
MRPL35,0.029403694,0.0,0.0
MRPL36,0.03085407,0.0,-1.0
MRPL37,0.081097886,0.0,0.0
MRPL38,0.096854344,0.0,0.0
MRPL39,0.10082724,0.0,0.0
MRPL4,0.08888339,0.0,0.0
MRPL40,0.027367083,0.0,0.0
MRPL41,0.048708547,0.0,0.0
MRPL42,0.077718414,0.0,0.0
MRPL43,0.04000211,0.0,0.0
MRPL44,0.062505394,0.0,0.0
MRPL45,0.05396986,0.0,0.0
MRPL46,0.034183577,0.0,0.0
MRPL47,0.047342435,0.0,0.0
MRPL48,0.040546704,0.0,0.0
MRPL49,0.061255068,0.0,0.0
MRPL50,0.07406956,0.0,0.0
MRPL51,0.040267088,0.0,0.0
MRPL52,0.04733118,0.0,0.0
MRPL53,0.041283343,0.0,0.0
MRPL54,0.037384544,0.0,0.0
MRPL55,0.035668746,0.0,0.0
MRPL57,0.02970239,0.0,0.0
MRPL58,0.056828737,0.0,0.0
MRPL9,0.07523721,0.0,0.0
MRPS10,0.049779482,0.0,0.0
MRPS11,0.04617066,0.0,0.0
MRPS12,0.06612048,0.0,0.0
MRPS14,0.044666868,0.0,-1.0
MRPS15,0.06335174,0.0,0.0
MRPS16,0.02931711,0.0,-1.0
MRPS17,0.04144755,0.0,0.0
MRPS18A,0.049831722,0.0,0.0
MRPS18B,0.060097247,0.0,0.0
MRPS18C,0.04474817,0.0,0.0
MRPS2,0.08350632,0.0,0.0
MRPS21,0.05483941,0.0,-1.0
MRPS22,0.051502626,0.0,-1.0
MRPS23,0.04875385,0.0,0.0
MRPS24,0.023179872,0.0,0.0
MRPS25,0.05216656,0.0,0.0
MRPS26,0.06825568,0.0,0.0
MRPS27,0.13990743,0.0,0.0
MRPS28,0.02355249,0.0,0.0
MRPS30,0.04901613,0.0,0.0
MRPS31,0.12433387,0.0,-1.0
MRPS33,0.023379806,0.0,-1.0
MRPS34,0.056694657,0.0,0.0
MRPS35,0.07423225,0.0,0.0
MRPS36,0.035117555,0.0,0.0
MRPS5,0.10207514,0.0,0.0
MRPS6,0.0642683,0.0,0.0
MRPS7,0.05607533,0.0,0.0
MRPS9,0.099874005,0.0,0.0
MRRF,0.06886357,0.0,0.0
MRRFP1,0.074741,0.0,0.0
MRS2,0.18667962,0.0,0.0
MRTFA,0.5597981,1.0,1.0
MRTFB,0.26076192,0.0,0.0
MRTO4,0.15645987,0.0,0.0
MS4A1,0.5952282,1.0,0.0
MS4A10,0.01852253,0.0,0.0
MS4A12,0.028268466,0.0,0.0
MS4A13,0.056700252,0.0,0.0
MS4A14,0.0153223965,0.0,0.0
MS4A15,0.07122473,0.0,0.0
MS4A18,0.014721081,0.0,0.0
MS4A2,0.31519064,0.0,0.0
MS4A3,0.03596613,0.0,0.0
MS4A4A,0.26173288,0.0,0.0
MS4A5,0.06540461,0.0,0.0
MS4A6A,0.301216,0.0,0.0
MS4A6E,0.028248077,0.0,-1.0
MS4A7,0.1539995,0.0,0.0
MS4A8,0.016429335,0.0,0.0
MSANTD1,0.0046268604,0.0,0.0
MSANTD2,0.37814727,0.0,0.0
MSANTD3,0.2172734,0.0,0.0
MSANTD4,0.09304732,0.0,0.0
MSC,0.49354932,0.0,0.0
MSGN1,0.13329376,0.0,0.0
MSH2,0.6921399,1.0,1.0
MSH3,0.6125118,1.0,1.0
MSH4,0.34953964,0.0,0.0
MSH5,0.49958286,0.0,-1.0
MSH5-SAPCD1,0.13533488,0.0,0.0
MSH6,0.7349178,1.0,1.0
MSI1,0.6099287,1.0,1.0
MSI2,0.33329573,0.0,1.0
MSL1,0.34397218,0.0,0.0
MSL2,0.5427181,1.0,0.0
MSL3,0.5535616,1.0,0.0
MSL3P1,0.090974905,0.0,0.0
MSLN,0.13272886,0.0,-1.0
MSMB,0.1814661,0.0,-1.0
MSMO1,0.13869739,0.0,0.0
MSN,0.93682295,1.0,1.0
MSR1,0.40793514,0.0,-1.0
MSRA,0.11316686,0.0,0.0
MSRB1,0.09212,0.0,0.0
MSRB2,0.07084228,0.0,0.0
MSRB3,0.2434071,0.0,0.0
MSS51,0.09026663,0.0,0.0
MST1,0.29489207,0.0,1.0
MST1R,0.62365466,1.0,1.0
MSTN,0.5148367,1.0,-1.0
MSTO1,0.16862339,0.0,0.0
MSX1,0.8355112,1.0,-1.0
MSX2,0.72344655,1.0,-1.0
MT-ATP6,0.097728595,0.0,-1.0
MT-ATP8,0.108995795,0.0,0.0
MT-CO1,0.090072244,0.0,0.0
MT-CO2,0.301519,0.0,-1.0
MT-CO3,0.095919326,0.0,-1.0
MT-CYB,0.056291338,0.0,-1.0
MT-ND1,0.074978545,0.0,-1.0
MT-ND2,0.07683036,0.0,-1.0
MT-ND3,0.06305859,0.0,-1.0
MT-ND4,0.079147585,0.0,-1.0
MT-ND4L,0.063776895,0.0,-1.0
MT-ND5,0.06170465,0.0,-1.0
MT-ND6,0.060349733,0.0,-1.0
MT-RNR2,0.18292014,0.0,0.0
MT1A,0.15216623,0.0,0.0
MT1B,0.016444597,0.0,0.0
MT1DP,0.020243684,0.0,0.0
MT1E,0.25181326,0.0,0.0
MT1F,0.13337483,0.0,0.0
MT1G,0.20330578,0.0,0.0
MT1H,0.20785071,0.0,-1.0
MT1HL1,0.09586043,0.0,0.0
MT1L,0.05534273,0.0,0.0
MT1M,0.0737326,0.0,0.0
MT1P3,0.013867209,0.0,0.0
MT1X,0.26918638,0.0,0.0
MT2A,0.34793365,0.0,0.0
MT3,0.41963086,0.0,0.0
MT4,0.07597418,0.0,0.0
MTA1,0.8139993,1.0,-1.0
MTA2,0.7658596,1.0,0.0
MTA3,0.6831798,1.0,-1.0
MTAP,0.48491037,0.0,1.0
MTARC1,0.07791692,0.0,0.0
MTARC2,0.09049435,0.0,0.0
MTBP,0.24011184,0.0,0.0
MTCH1,0.10408887,0.0,0.0
MTCH2,0.06908766,0.0,0.0
MTCL1,0.4462113,0.0,0.0
MTCP1,0.2721102,0.0,1.0
MTDH,0.3953769,0.0,-1.0
MTERF1,0.19897448,0.0,0.0
MTERF2,0.13880226,0.0,0.0
MTERF3,0.14059669,0.0,-1.0
MTERF4,0.20779712,0.0,0.0
MTF1,0.64438564,1.0,0.0
MTF2,0.7544097,1.0,0.0
MTFMT,0.41625708,0.0,0.0
MTFP1,0.095014654,0.0,0.0
MTFR1,0.17654446,0.0,0.0
MTFR1L,0.13806349,0.0,-1.0
MTFR2,0.46486154,0.0,0.0
MTG1,0.20082064,0.0,0.0
MTG2,0.11445042,0.0,-1.0
MTHFD1,0.3851894,0.0,-1.0
MTHFD1L,0.3248311,0.0,0.0
MTHFD2,0.38858137,0.0,-1.0
MTHFD2L,0.121632054,0.0,0.0
MTHFR,0.68816704,1.0,-1.0
MTHFS,0.123073265,0.0,0.0
MTHFSD,0.13352327,0.0,0.0
MTIF2,0.0811554,0.0,0.0
MTIF3,0.046443734,0.0,0.0
MTM1,0.57576907,1.0,-1.0
MTMR1,0.3891334,0.0,0.0
MTMR10,0.2427165,0.0,0.0
MTMR11,0.003680855,0.0,0.0
MTMR12,0.16885115,0.0,0.0
MTMR14,0.3219288,0.0,-1.0
MTMR2,0.33130524,0.0,-1.0
MTMR3,0.59405166,1.0,-1.0
MTMR4,0.3816668,0.0,0.0
MTMR6,0.32614127,0.0,0.0
MTMR7,0.30017787,0.0,0.0
MTMR8,0.3458357,0.0,-1.0
MTMR9,0.3321659,0.0,0.0
MTNR1A,0.2893934,0.0,0.0
MTNR1B,0.40231276,0.0,-1.0
MTO1,0.18219998,0.0,0.0
MTOR,0.91614366,1.0,1.0
MTPAP,0.33175588,0.0,0.0
MTPN,0.29786688,0.0,0.0
MTR,0.5356397,1.0,-1.0
MTRES1,0.09028465,0.0,0.0
MTREX,0.36610818,0.0,-1.0
MTRF1,0.14039738,0.0,-1.0
MTRF1L,0.05762652,0.0,0.0
MTRFR,0.15308784,0.0,0.0
MTRNR2L1,0.13279745,0.0,0.0
MTRR,0.19224249,0.0,-1.0
MTSS1,0.44150266,0.0,0.0
MTSS2,0.25030488,0.0,0.0
MTTP,0.17899218,0.0,-1.0
MTURN,0.10246488,0.0,0.0
MTUS1,0.552839,1.0,-1.0
MTUS2,0.20470652,0.0,-1.0
MTX1,0.034917105,0.0,0.0
MTX2,0.058243286,0.0,0.0
MTX3,0.09191659,0.0,0.0
MUC1,0.40810502,0.0,1.0
MUC12,0.09384741,0.0,-1.0
MUC13,0.1297943,0.0,-1.0
MUC15,0.08257301,0.0,0.0
MUC16,0.15157832,0.0,-1.0
MUC17,0.11129293,0.0,-1.0
MUC19,0.07841148,0.0,0.0
MUC2,0.23975392,0.0,-1.0
MUC20,0.123462915,0.0,0.0
MUC21,0.079614066,0.0,0.0
MUC3A,0.09981835,0.0,-1.0
MUC3B,0.08409697,0.0,0.0
MUC4,0.14007822,0.0,-1.0
MUC5AC,0.16245528,0.0,-1.0
MUC5B,0.09364898,0.0,0.0
MUC6,0.1306721,0.0,-1.0
MUC7,0.032865267,0.0,-1.0
MUCL1,0.07485323,0.0,0.0
MUCL3,0.07240535,0.0,0.0
MUL1,0.11904666,0.0,0.0
MUS81,0.3546813,0.0,0.0
MUSK,0.6231503,1.0,-1.0
MUSTN1,0.0014610341,0.0,0.0
MUTYH,0.36507913,0.0,1.0
MVB12A,0.08917374,0.0,0.0
MVB12B,0.12230872,0.0,0.0
MVD,0.19830197,0.0,0.0
MVK,0.5072074,1.0,-1.0
MVP,0.508414,1.0,-1.0
MX1,0.43997473,0.0,0.0
MX2,0.59329,1.0,0.0
MXD1,0.62600064,1.0,-1.0
MXD3,0.29825327,0.0,0.0
MXD4,0.22823143,0.0,0.0
MXI1,0.63294965,1.0,-1.0
MXRA5,0.58531135,1.0,-1.0
MXRA7,0.4152774,0.0,0.0
MXRA8,0.46418035,0.0,0.0
MYADM,0.36799994,0.0,0.0
MYB,0.9558626,1.0,1.0
MYBBP1A,0.40715578,0.0,-1.0
MYBL1,0.7712266,1.0,-1.0
MYBL2,0.7808546,1.0,-1.0
MYBPC1,0.108503126,0.0,0.0
MYBPC2,0.1123902,0.0,0.0
MYBPC3,0.19452414,0.0,-1.0
MYBPH,0.1646498,0.0,0.0
MYBPHL,0.102351114,0.0,0.0
MYC,0.9793995,1.0,1.0
MYCBP,0.1742517,0.0,-1.0
MYCBP2,0.74347055,1.0,-1.0
MYCBPAP,0.057455465,0.0,0.0
MYCL,0.41241536,0.0,1.0
MYCN,0.78788483,1.0,1.0
MYCT1,0.17168729,0.0,0.0
MYD88,0.8014812,1.0,1.0
MYDGF,0.09462805,0.0,0.0
MYEF2,0.56364393,1.0,0.0
MYEOV,0.08293583,0.0,-1.0
MYF5,0.43924576,0.0,0.0
MYF6,0.26301134,0.0,-1.0
MYG1,0.059795246,0.0,0.0
MYH1,0.6623955,1.0,-1.0
MYH10,0.9396791,1.0,0.0
MYH11,0.9118928,1.0,1.0
MYH13,0.60206616,1.0,0.0
MYH14,0.93652815,1.0,0.0
MYH15,0.50609547,1.0,0.0
MYH2,0.58855635,1.0,-1.0
MYH3,0.30259353,0.0,0.0
MYH4,0.5623276,1.0,-1.0
MYH6,0.50615054,1.0,-1.0
MYH7,0.571555,1.0,-1.0
MYH7B,0.43252823,0.0,0.0
MYH8,0.5541909,1.0,-1.0
MYH9,0.94774157,1.0,1.0
MYL1,0.44466713,0.0,0.0
MYL10,0.38968253,0.0,0.0
MYL12A,0.8828155,1.0,-1.0
MYL12B,0.7492872,1.0,0.0
MYL2,0.25620943,0.0,-1.0
MYL3,0.24911763,0.0,-1.0
MYL4,0.60533494,1.0,0.0
MYL5,0.36929548,0.0,0.0
MYL6,0.7909663,1.0,0.0
MYL6B,0.23759468,0.0,0.0
MYL7,0.43092865,0.0,0.0
MYL9,0.83444667,1.0,0.0
MYLIP,0.21044385,0.0,0.0
MYLK,0.8644029,1.0,-1.0
MYLK2,0.49397275,0.0,-1.0
MYLK3,0.51228017,1.0,0.0
MYLK4,0.44519594,0.0,0.0
MYLPF,0.29567707,0.0,0.0
MYMK,0.012891819,0.0,0.0
MYNN,0.286728,0.0,0.0
MYO10,0.73507786,1.0,0.0
MYO15A,0.26972628,0.0,0.0
MYO15B,0.13725589,0.0,0.0
MYO16,0.45969385,0.0,0.0
MYO18A,0.722387,1.0,-1.0
MYO18B,0.097694054,0.0,-1.0
MYO19,0.5096802,1.0,0.0
MYO1A,0.5389779,1.0,-1.0
MYO1B,0.8685191,1.0,-1.0
MYO1C,0.9332411,1.0,0.0
MYO1D,0.609436,1.0,0.0
MYO1E,0.8520065,1.0,-1.0
MYO1F,0.55153966,1.0,0.0
MYO1G,0.46880195,0.0,-1.0
MYO1H,0.17230976,0.0,-1.0
MYO3A,0.48300144,0.0,0.0
MYO3B,0.54284817,1.0,0.0
MYO5A,0.86928934,1.0,1.0
MYO5B,0.7544228,1.0,-1.0
MYO5C,0.8155965,1.0,0.0
MYO6,0.902715,1.0,-1.0
MYO7A,0.4768806,0.0,-1.0
MYO7B,0.3934677,0.0,0.0
MYO9A,0.7186909,1.0,-1.0
MYO9B,0.7300828,1.0,-1.0
MYOC,0.13679048,0.0,-1.0
MYOCD,0.43919396,0.0,-1.0
MYOD1,0.7670011,1.0,1.0
MYOF,0.7661533,1.0,0.0
MYOG,0.6141383,1.0,0.0
MYOM1,0.02773096,0.0,0.0
MYOM2,0.12710744,0.0,-1.0
MYOM3,0.013342947,0.0,-1.0
MYORG,0.04724546,0.0,0.0
MYOT,0.037795536,0.0,-1.0
MYOZ1,0.09591987,0.0,0.0
MYOZ2,0.04069681,0.0,-1.0
MYOZ3,0.27543688,0.0,-1.0
MYPN,0.03208424,0.0,0.0
MYPOP,0.10024352,0.0,0.0
MYRF,0.17005354,0.0,0.0
MYRIP,0.17138948,0.0,-1.0
MYSM1,0.42941603,0.0,0.0
MYT1,0.2560413,0.0,-1.0
MYT1L,0.28663674,0.0,-1.0
MYZAP,0.11632627,0.0,0.0
MZB1,0.31335276,0.0,0.0
MZF1,0.35022217,0.0,0.0
MZT1,0.41191125,0.0,0.0
MZT2A,0.06840601,0.0,0.0
MZT2B,0.15333389,0.0,0.0
N4BP1,0.24124053,0.0,-1.0
N4BP2,0.257819,0.0,1.0
N4BP2L1,0.3234045,0.0,0.0
N4BP2L2,0.65250355,1.0,0.0
N4BP3,0.28952512,0.0,-1.0
N6AMT1,0.1378485,0.0,0.0
NAA10,0.2518661,0.0,-1.0
NAA11,0.45511606,0.0,0.0
NAA15,0.462529,0.0,0.0
NAA16,0.31965196,0.0,0.0
NAA20,0.18613029,0.0,0.0
NAA25,0.3024324,0.0,0.0
NAA30,0.21838784,0.0,0.0
NAA35,0.17690009,0.0,0.0
NAA38,0.031223055,0.0,0.0
NAA40,0.29724634,0.0,0.0
NAA50,0.31909418,0.0,0.0
NAA60,0.12699974,0.0,0.0
NAA80,0.091961406,0.0,0.0
NAAA,0.064702414,0.0,0.0
NAALAD2,0.057616264,0.0,0.0
NAALADL1,0.20136766,0.0,0.0
NAALADL2,0.022539284,0.0,0.0
NAB1,0.38846654,0.0,0.0
NAB2,0.5145772,1.0,1.0
NABP1,0.3166716,0.0,-1.0
NABP2,0.24881135,0.0,0.0
NACA,0.28036776,0.0,-1.0
NACA2,0.17248423,0.0,0.0
NACA4P,0.021299815,0.0,0.0
NACAD,0.3327816,0.0,0.0
NACC1,0.41247576,0.0,-1.0
NACC2,0.3778764,0.0,0.0
NADK,0.2653073,0.0,1.0
NADK2,0.14607789,0.0,0.0
NADSYN1,0.11573493,0.0,0.0
NAE1,0.22642158,0.0,0.0
NAF1,0.1759181,0.0,0.0
NAGA,0.20016456,0.0,-1.0
NAGK,0.24102144,0.0,0.0
NAGLU,0.06268663,0.0,-1.0
NAGPA,0.16881232,0.0,0.0
NAGS,0.084559806,0.0,0.0
NAIF1,0.19817184,0.0,0.0
NAIP,0.22762185,0.0,0.0
NALCN,0.24067615,0.0,-1.0
NALF1,0.14467318,0.0,0.0
NALF2,0.1447461,0.0,0.0
NAMPT,0.79377055,1.0,-1.0
NAMPTP1,0.010193321,0.0,0.0
NANOG,0.8661266,1.0,-1.0
NANOGNB,0.034204833,0.0,0.0
NANOS1,0.10875148,0.0,-1.0
NANOS2,0.110747844,0.0,0.0
NANOS3,0.057580728,0.0,0.0
NANP,0.11654305,0.0,-1.0
NANS,0.20172967,0.0,0.0
NAP1L1,0.711083,1.0,-1.0
NAP1L2,0.6638657,1.0,-1.0
NAP1L3,0.41914457,0.0,0.0
NAP1L4,0.6661591,1.0,0.0
NAP1L5,0.28302607,0.0,0.0
NAP1L6P,1.6661257e-06,0.0,0.0
NAPA,0.26753592,0.0,-1.0
NAPB,0.16932602,0.0,0.0
NAPEPLD,0.23916313,0.0,0.0
NAPG,0.21231171,0.0,0.0
NAPRT,0.13297266,0.0,0.0
NAPSA,0.12393526,0.0,0.0
NARF,0.19049954,0.0,0.0
NARS1,0.24449502,0.0,0.0
NARS2,0.10862562,0.0,0.0
NASP,0.61061305,1.0,0.0
NAT1,0.18284121,0.0,-1.0
NAT10,0.41493714,0.0,-1.0
NAT14,0.10909971,0.0,0.0
NAT16,0.1028881,0.0,0.0
NAT2,0.20747267,0.0,-1.0
NAT8,0.056440014,0.0,0.0
NAT8B,0.00027651252,0.0,0.0
NAT8L,0.07657762,0.0,-1.0
NAT9,0.18615392,0.0,0.0
NATD1,0.15966944,0.0,0.0
NAV1,0.36100188,0.0,-1.0
NAV2,0.24483441,0.0,0.0
NAV3,0.43213356,0.0,-1.0
NAXD,0.19325347,0.0,0.0
NAXE,0.056643087,0.0,0.0
NBAS,0.316011,0.0,0.0
NBEA,0.5432977,1.0,1.0
NBEAL1,0.23813792,0.0,0.0
NBEAL2,0.27388895,0.0,-1.0
NBL1,0.47049487,0.0,-1.0
NBN,0.7179619,1.0,1.0
NBPF1,0.012366737,0.0,-1.0
NBPF10,1.5492014e-06,0.0,0.0
NBPF11,9.2671944e-05,0.0,0.0
NBPF12,2.2077109e-05,0.0,0.0
NBPF14,3.3318788e-06,0.0,0.0
NBPF15,8.7947374e-05,0.0,0.0
NBPF20,4.888892e-11,0.0,0.0
NBPF22P,0.01460713,0.0,0.0
NBPF3,0.0023983195,0.0,0.0
NBPF7P,0.02338835,0.0,0.0
NBPF8,0.008881542,0.0,-1.0
NBPF9,1.2525994e-09,0.0,0.0
NBR1,0.49634734,0.0,-1.0
NCALD,0.37168705,0.0,0.0
NCAM1,0.8214505,1.0,0.0
NCAM2,0.33451286,0.0,-1.0
NCAN,0.40364707,0.0,0.0
NCAPD2,0.7173625,1.0,-1.0
NCAPD3,0.6822801,1.0,-1.0
NCAPG,0.6740937,1.0,-1.0
NCAPG2,0.657817,1.0,-1.0
NCAPH,0.66577876,1.0,0.0
NCAPH2,0.42069012,0.0,-1.0
NCBP1,0.4102676,0.0,-1.0
NCBP2,0.19665031,0.0,0.0
NCBP2AS2,0.16436115,0.0,0.0
NCBP2L,0.13142806,0.0,0.0
NCBP3,0.2808177,0.0,0.0
NCCRP1,0.18057643,0.0,0.0
NCDN,0.30398205,0.0,0.0
NCEH1,0.06636675,0.0,0.0
NCF1,0.6995434,1.0,-1.0
NCF1B,0.13909301,0.0,0.0
NCF2,0.7656809,1.0,-1.0
NCF4,0.60997254,1.0,-1.0
NCK1,0.8234322,1.0,-1.0
NCK2,0.22806096,0.0,0.0
NCKAP1,0.6343676,1.0,0.0
NCKAP1L,0.54750925,1.0,0.0
NCKAP5,0.34885028,0.0,0.0
NCKAP5L,0.21254049,0.0,0.0
NCKIPSD,0.6516253,1.0,-1.0
NCL,0.6319502,1.0,0.0
NCLN,0.2058908,0.0,0.0
NCOA1,0.91212577,1.0,1.0
NCOA2,0.8878617,1.0,1.0
NCOA3,0.95013547,1.0,1.0
NCOA4,0.2830982,0.0,1.0
NCOA5,0.3698971,0.0,0.0
NCOA6,0.7863379,1.0,-1.0
NCOA7,0.16567819,0.0,0.0
NCOR1,0.93338513,1.0,1.0
NCOR2,0.9423019,1.0,1.0
NCR1,0.20493855,0.0,0.0
NCR2,0.18885982,0.0,-1.0
NCR3,0.30015808,0.0,0.0
NCR3LG1,0.15222882,0.0,0.0
NCS1,0.41794828,0.0,0.0
NCSTN,0.46784067,0.0,1.0
NDC1,0.46620956,0.0,0.0
NDC80,0.68809164,1.0,-1.0
NDE1,0.4988505,0.0,-1.0
NDEL1,0.6671132,1.0,-1.0
NDFIP1,0.14427455,0.0,0.0
NDFIP2,0.23821796,0.0,0.0
NDN,0.45855492,0.0,0.0
NDNF,0.094839945,0.0,0.0
NDOR1,0.14759195,0.0,0.0
NDP,0.32113484,0.0,0.0
NDRG1,0.7477417,1.0,1.0
NDRG2,0.22711949,0.0,-1.0
NDRG3,0.11111959,0.0,0.0
NDRG4,0.09655609,0.0,0.0
NDST1,0.24328955,0.0,0.0
NDST2,0.12494384,0.0,0.0
NDST3,0.19688447,0.0,0.0
NDST4,0.21497937,0.0,-1.0
NDUFA1,0.024778632,0.0,0.0
NDUFA10,0.06019028,0.0,0.0
NDUFA11,0.030008595,0.0,0.0
NDUFA12,0.028219707,0.0,0.0
NDUFA13,0.022790516,0.0,-1.0
NDUFA2,0.02287451,0.0,0.0
NDUFA3,0.04936625,0.0,0.0
NDUFA4,0.04197287,0.0,0.0
NDUFA4L2,0.12417653,0.0,0.0
NDUFA5,0.12308691,0.0,-1.0
NDUFA6,0.035214376,0.0,0.0
NDUFA7,0.027286911,0.0,0.0
NDUFA8,0.020448025,0.0,0.0
NDUFA9,0.064900495,0.0,0.0
NDUFAB1,0.02927115,0.0,0.0
NDUFAF1,0.027969861,0.0,0.0
NDUFAF2,0.043290008,0.0,0.0
NDUFAF3,0.02768448,0.0,0.0
NDUFAF4,0.05088824,0.0,0.0
NDUFAF5,0.050737277,0.0,0.0
NDUFAF6,0.058446664,0.0,0.0
NDUFAF7,0.073863044,0.0,0.0
NDUFAF8,0.06819299,0.0,-1.0
NDUFB1,0.020657917,0.0,0.0
NDUFB10,0.03360046,0.0,0.0
NDUFB11,0.033616222,0.0,0.0
NDUFB2,0.02334797,0.0,-1.0
NDUFB3,0.025252225,0.0,0.0
NDUFB4,0.029226173,0.0,0.0
NDUFB5,0.021320727,0.0,0.0
NDUFB6,0.03085484,0.0,0.0
NDUFB7,0.035551377,0.0,0.0
NDUFB8,0.03650574,0.0,0.0
NDUFB9,0.030339792,0.0,-1.0
NDUFC1,0.02344712,0.0,0.0
NDUFC2,0.02329998,0.0,0.0
NDUFS1,0.1342628,0.0,0.0
NDUFS2,0.03815755,0.0,0.0
NDUFS3,0.04178887,0.0,0.0
NDUFS4,0.032175474,0.0,0.0
NDUFS5,0.026112344,0.0,0.0
NDUFS6,0.036896467,0.0,0.0
NDUFS7,0.024653949,0.0,-1.0
NDUFS8,0.035112265,0.0,-1.0
NDUFV1,0.05722,0.0,-1.0
NDUFV2,0.053073507,0.0,-1.0
NDUFV3,0.051199764,0.0,0.0
NEAT1,0.34999445,0.0,0.0
NEB,0.117464684,0.0,-1.0
NEBL,0.31001255,0.0,-1.0
NECAB1,0.09581195,0.0,0.0
NECAB2,0.20064774,0.0,0.0
NECAB3,0.1930695,0.0,0.0
NECAP1,0.4269302,0.0,0.0
NECAP2,0.45248455,0.0,0.0
NECTIN1,0.5304501,1.0,-1.0
NECTIN2,0.48802704,0.0,0.0
NECTIN3,0.3433922,0.0,0.0
NECTIN4,0.16366544,0.0,-1.0
NEDD1,0.5242198,1.0,0.0
NEDD4,0.8278788,1.0,-1.0
NEDD4L,0.666804,1.0,0.0
NEDD8,0.27613157,0.0,0.0
NEDD8-MDP1,0.1649499,0.0,0.0
NEDD9,0.8152011,1.0,0.0
NEFH,0.4208508,0.0,-1.0
NEFL,0.5677129,1.0,-1.0
NEFM,0.5788059,1.0,0.0
NEGR1,0.13245104,0.0,-1.0
NEIL1,0.1758418,0.0,-1.0
NEIL2,0.19563434,0.0,0.0
NEIL3,0.5478417,1.0,0.0
NEK1,0.66615164,1.0,-1.0
NEK10,0.3061136,0.0,0.0
NEK11,0.35387185,0.0,0.0
NEK2,0.78378576,1.0,-1.0
NEK3,0.23967314,0.0,0.0
NEK4,0.392139,0.0,0.0
NEK5,0.1759806,0.0,0.0
NEK6,0.6686915,1.0,0.0
NEK7,0.6397912,1.0,0.0
NEK8,0.29760236,0.0,0.0
NEK9,0.48780715,0.0,0.0
NELFA,0.3623366,0.0,0.0
NELFB,0.3139959,0.0,0.0
NELFCD,0.16661501,0.0,-1.0
NELFE,0.07199272,0.0,-1.0
NELL1,0.352487,0.0,0.0
NELL2,0.23153391,0.0,0.0
NEMF,0.5851424,1.0,0.0
NEMP1,0.5938256,1.0,0.0
NEMP2,0.23893104,0.0,0.0
NENF,0.24180156,0.0,0.0
NEO1,0.5270717,1.0,0.0
NEPRO,0.16348775,0.0,0.0
NES,0.5492042,1.0,-1.0
NET1,0.65827173,1.0,-1.0
NETO1,0.24263558,0.0,-1.0
NETO2,0.30471635,0.0,-1.0
NEU1,0.10824232,0.0,-1.0
NEU2,0.20102882,0.0,0.0
NEU3,0.24266069,0.0,-1.0
NEU4,0.078274876,0.0,0.0
NEURL1,0.41771698,0.0,-1.0
NEURL1B,0.23513104,0.0,-1.0
NEURL2,0.10780016,0.0,0.0
NEURL3,0.052817263,0.0,-1.0
NEURL4,0.20763879,0.0,-1.0
NEUROD1,0.6147098,1.0,-1.0
NEUROD2,0.5571915,1.0,0.0
NEUROD4,0.29734284,0.0,0.0
NEUROD6,0.331012,0.0,0.0
NEUROG1,0.3947693,0.0,0.0
NEUROG2,0.3975425,0.0,-1.0
NEUROG3,0.4463237,0.0,-1.0
NEXMIF,0.18735045,0.0,0.0
NEXN,0.4488256,0.0,-1.0
NF1,0.96450716,1.0,1.0
NF2,0.7470829,1.0,1.0
NFAM1,0.19250634,0.0,0.0
NFASC,0.34657347,0.0,0.0
NFAT5,0.55167395,1.0,-1.0
NFATC1,0.87449396,1.0,-1.0
NFATC2,0.91076714,1.0,1.0
NFATC2IP,0.5645997,1.0,0.0
NFATC3,0.8850603,1.0,-1.0
NFATC4,0.627513,1.0,-1.0
NFE2,0.534613,1.0,1.0
NFE2L1,0.4950876,0.0,0.0
NFE2L2,0.7633892,1.0,1.0
NFE2L3,0.4084896,0.0,-1.0
NFE4,0.28593692,0.0,0.0
NFIA,0.44146848,0.0,0.0
NFIB,0.6894268,1.0,1.0
NFIC,0.7237178,1.0,-1.0
NFIL3,0.70057315,1.0,0.0
NFIX,0.54585296,1.0,-1.0
NFKB1,0.9828183,1.0,-1.0
NFKB2,0.92734057,1.0,1.0
NFKBIA,0.94871914,1.0,1.0
NFKBIB,0.55065626,1.0,-1.0
NFKBID,0.29737383,0.0,0.0
NFKBIE,0.77011776,1.0,1.0
NFKBIL1,0.12185406,0.0,-1.0
NFKBIZ,0.607479,1.0,-1.0
NFRKB,0.32957757,0.0,0.0
NFS1,0.11668093,0.0,0.0
NFU1,0.029133996,0.0,0.0
NFX1,0.30146897,0.0,0.0
NFXL1,0.1431094,0.0,0.0
NFYA,0.62711376,1.0,0.0
NFYB,0.6369063,1.0,0.0
NFYC,0.49605724,0.0,0.0
NGB,0.34910357,0.0,0.0
NGDN,0.15998048,0.0,0.0
NGEF,0.53379893,1.0,-1.0
NGF,0.86013126,1.0,-1.0
NGFR,0.83198136,1.0,-1.0
NGLY1,0.19597736,0.0,0.0
NGRN,0.053307787,0.0,0.0
NHEJ1,0.28851104,0.0,-1.0
NHLH1,0.40196174,0.0,0.0
NHLH2,0.27443603,0.0,0.0
NHLRC1,0.1945197,0.0,-1.0
NHLRC2,0.37600172,0.0,0.0
NHLRC3,0.08614959,0.0,0.0
NHLRC4,0.044827227,0.0,0.0
NHP2,0.048555594,0.0,-1.0
NHS,0.21430592,0.0,0.0
NHSL1,0.16926289,0.0,0.0
NHSL2,0.18521312,0.0,0.0
NIBAN1,0.47163716,0.0,0.0
NIBAN2,0.24538814,0.0,0.0
NIBAN3,0.25273752,0.0,0.0
NICN1,0.19583634,0.0,0.0
NID1,0.8135418,1.0,-1.0
NID2,0.6354833,1.0,0.0
NIF3L1,0.13823643,0.0,0.0
NIFK,0.22856413,0.0,0.0
NIM1K,0.55637795,1.0,0.0
NIN,0.6629318,1.0,1.0
NINJ1,0.24735215,0.0,0.0
NINJ2,0.08219285,0.0,0.0
NINL,0.57279074,1.0,0.0
NIP7,0.15631755,0.0,0.0
NIPA1,0.006904933,0.0,-1.0
NIPA2,0.075724445,0.0,-1.0
NIPAL1,0.022201415,0.0,0.0
NIPAL2,0.10660482,0.0,0.0
NIPAL3,0.012283304,0.0,0.0
NIPAL4,0.0068934234,0.0,0.0
NIPBL,0.7937468,1.0,-1.0
NIPSNAP1,0.1309621,0.0,0.0
NIPSNAP2,0.16418086,0.0,0.0
NIPSNAP3A,0.12233378,0.0,0.0
NIPSNAP3B,0.054264568,0.0,0.0
NISCH,0.40766492,0.0,0.0
NIT1,0.05127302,0.0,0.0
NIT2,0.036061443,0.0,0.0
NKAIN1,0.09006224,0.0,0.0
NKAIN2,0.05779214,0.0,-1.0
NKAIN3,0.057659943,0.0,0.0
NKAIN4,0.082068294,0.0,0.0
NKAP,0.22349824,0.0,0.0
NKAPD1,0.1776081,0.0,0.0
NKAPL,0.09765766,0.0,0.0
NKD1,0.26166862,0.0,-1.0
NKD2,0.19887637,0.0,-1.0
NKG7,0.32298315,0.0,0.0
NKIRAS1,0.17402828,0.0,0.0
NKIRAS2,0.19253261,0.0,0.0
NKPD1,0.078717135,0.0,0.0
NKRF,0.66100365,1.0,0.0
NKTR,0.6795363,1.0,-1.0
NKX1-1,0.1300789,0.0,0.0
NKX2-1,0.66565794,1.0,1.0
NKX2-2,0.5583803,1.0,-1.0
NKX2-3,0.2259195,0.0,-1.0
NKX2-4,0.2056217,0.0,0.0
NKX2-5,0.7046912,1.0,-1.0
NKX2-6,0.28859496,0.0,-1.0
NKX2-8,0.3499896,0.0,0.0
NKX3-1,0.5752911,1.0,1.0
NKX3-2,0.4744793,0.0,0.0
NKX6-1,0.4498025,0.0,0.0
NKX6-2,0.15772304,0.0,0.0
NKX6-3,0.07548308,0.0,0.0
NLE1,0.31181324,0.0,-1.0
NLGN1,0.31415695,0.0,0.0
NLGN2,0.13773823,0.0,0.0
NLGN3,0.28491378,0.0,0.0
NLGN4X,0.12879486,0.0,-1.0
NLGN4Y,0.13112725,0.0,0.0
NLK,0.7235712,1.0,-1.0
NLN,0.23829103,0.0,-1.0
NLRC3,0.17200993,0.0,0.0
NLRC4,0.36139992,0.0,-1.0
NLRC5,0.4081208,0.0,-1.0
NLRP1,0.33621055,0.0,-1.0
NLRP10,0.061537012,0.0,0.0
NLRP11,0.044572067,0.0,0.0
NLRP12,0.12345152,0.0,-1.0
NLRP13,0.016854858,0.0,0.0
NLRP14,0.084247865,0.0,0.0
NLRP2,0.08182128,0.0,-1.0
NLRP3,0.49003273,0.0,-1.0
NLRP4,0.063233234,0.0,0.0
NLRP5,0.03812947,0.0,-1.0
NLRP6,0.0557678,0.0,0.0
NLRP7,0.14146847,0.0,-1.0
NLRP8,0.004437469,0.0,-1.0
NLRP9,0.03365614,0.0,0.0
NLRX1,0.09252057,0.0,0.0
NMB,0.16874272,0.0,0.0
NMBR,0.2897217,0.0,-1.0
NMD3,0.25660965,0.0,0.0
NME1,0.19163568,0.0,-1.0
NME1-NME2,0.21483597,0.0,0.0
NME2,0.34113282,0.0,0.0
NME2P1,0.084996976,0.0,0.0
NME3,0.13843413,0.0,-1.0
NME4,0.19969784,0.0,0.0
NME5,0.1627761,0.0,0.0
NME6,0.1605186,0.0,0.0
NME7,0.17616323,0.0,0.0
NME8,0.17182094,0.0,-1.0
NME9,0.062365185,0.0,0.0
NMI,0.45070738,0.0,0.0
NMNAT1,0.21966732,0.0,0.0
NMNAT2,0.25434765,0.0,0.0
NMNAT3,0.101199925,0.0,0.0
NMRAL1,0.06507117,0.0,0.0
NMRK1,0.102852836,0.0,0.0
NMRK2,0.08033541,0.0,-1.0
NMS,0.19234501,0.0,0.0
NMT1,0.3989624,0.0,-1.0
NMT2,0.41811275,0.0,0.0
NMU,0.3312582,0.0,0.0
NMUR1,0.21582921,0.0,0.0
NMUR2,0.16249897,0.0,-1.0
NNAT,0.31900537,0.0,0.0
NNMT,0.62314594,1.0,-1.0
NNT,0.2584802,0.0,0.0
NOA1,0.1032916,0.0,0.0
NOB1,0.14467482,0.0,0.0
NOBOX,0.20975499,0.0,-1.0
NOC2L,0.3046717,0.0,-1.0
NOC3L,0.26614103,0.0,0.0
NOC4L,0.13017781,0.0,0.0
NOCT,0.38842353,0.0,0.0
NOD1,0.3260314,0.0,-1.0
NOD2,0.43026474,0.0,-1.0
NODAL,0.42044017,0.0,-1.0
NOG,0.6090432,1.0,-1.0
NOL10,0.18942998,0.0,0.0
NOL11,0.18759672,0.0,0.0
NOL12,0.15370092,0.0,0.0
NOL3,0.26725265,0.0,-1.0
NOL4,0.23295277,0.0,0.0
NOL4L,0.13158426,0.0,0.0
NOL6,0.2045288,0.0,0.0
NOL7,0.08160682,0.0,0.0
NOL8,0.32245818,0.0,0.0
NOL9,0.22837335,0.0,-1.0
NOLC1,0.44645938,0.0,0.0
NOM1,0.2711383,0.0,0.0
NOMO1,0.3704229,0.0,0.0
NOMO2,0.23577574,0.0,0.0
NOMO3,0.13933223,0.0,0.0
NONO,0.6761218,1.0,1.0
NOP10,0.032521997,0.0,-1.0
NOP14,0.16493909,0.0,0.0
NOP16,0.0823031,0.0,0.0
NOP2,0.63669264,1.0,0.0
NOP53,0.12987444,0.0,-1.0
NOP56,0.34825838,0.0,-1.0
NOP58,0.3030886,0.0,-1.0
NOP9,0.15322529,0.0,0.0
NOPCHAP1,0.090209804,0.0,0.0
NOS1,0.66553366,1.0,-1.0
NOS1AP,0.53305644,1.0,0.0
NOS2,0.81167704,1.0,-1.0
NOS3,0.8110107,1.0,0.0
NOSIP,0.09105587,0.0,0.0
NOSTRIN,0.23409586,0.0,0.0
NOTCH1,0.97548586,1.0,1.0
NOTCH2,0.9598744,1.0,1.0
NOTCH2NLA,0.01854112,0.0,0.0
NOTCH3,0.9377385,1.0,1.0
NOTCH4,0.75004244,1.0,1.0
NOTO,0.008694317,0.0,0.0
NOTUM,0.12064412,0.0,-1.0
NOVA1,0.5030711,1.0,-1.0
NOVA2,0.3839223,0.0,0.0
NOX1,0.36784783,0.0,0.0
NOX3,0.21602254,0.0,0.0
NOX4,0.35549313,0.0,-1.0
NOX5,0.2992378,0.0,0.0
NOXA1,0.18468615,0.0,-1.0
NOXO1,0.14191678,0.0,0.0
NOXRED1,0.018891765,0.0,0.0
NPAP1,0.19815151,0.0,-1.0
NPAS1,0.17298198,0.0,0.0
NPAS2,0.37554884,0.0,0.0
NPAS3,0.41903305,0.0,-1.0
NPAS4,0.1837297,0.0,0.0
NPAT,0.7302422,1.0,-1.0
NPB,0.17686512,0.0,0.0
NPBWR1,0.16529965,0.0,0.0
NPBWR2,0.18552989,0.0,0.0
NPC1,0.45614198,0.0,-1.0
NPC1L1,0.14294583,0.0,0.0
NPC2,0.27679145,0.0,-1.0
NPDC1,0.08500483,0.0,0.0
NPEPL1,0.08818228,0.0,0.0
NPEPPS,0.6300375,1.0,0.0
NPFF,0.20999327,0.0,0.0
NPFFR1,0.12038706,0.0,0.0
NPFFR2,0.16831927,0.0,0.0
NPHP1,0.09005293,0.0,-1.0
NPHP3,0.24488679,0.0,0.0
NPHP4,0.62100327,1.0,0.0
NPHS1,0.65622604,1.0,-1.0
NPHS2,0.18014471,0.0,-1.0
NPIPA1,0.37960103,0.0,0.0
NPIPA7,0.012875881,0.0,0.0
NPIPB13,0.46364513,0.0,0.0
NPIPB15,0.00047214306,0.0,0.0
NPIPB2,0.24290222,0.0,0.0
NPIPB3,0.0009548777,0.0,0.0
NPIPB4,0.25166783,0.0,0.0
NPIPB5,0.07418454,0.0,0.0
NPIPB9,0.042122614,0.0,0.0
NPL,0.37148067,0.0,0.0
NPLOC4,0.24953847,0.0,0.0
NPM1,0.7517078,1.0,1.0
NPM2,0.096363276,0.0,0.0
NPM3,0.18232584,0.0,0.0
NPNT,0.197593,0.0,-1.0
NPPA,0.51058656,1.0,-1.0
NPPB,0.27733687,0.0,0.0
NPPC,0.23070212,0.0,0.0
NPR1,0.43840802,0.0,0.0
NPR2,0.4812517,0.0,0.0
NPR3,0.4268796,0.0,-1.0
NPRL2,0.14864261,0.0,0.0
NPRL3,0.19335254,0.0,0.0
NPS,0.1684352,0.0,0.0
NPSR1,0.16225843,0.0,0.0
NPTN,0.3610546,0.0,0.0
NPTX1,0.1887276,0.0,0.0
NPTX2,0.26880273,0.0,0.0
NPTXR,0.2012341,0.0,0.0
NPVF,0.1454607,0.0,0.0
NPW,0.18201688,0.0,0.0
NPY,0.5244736,1.0,-1.0
NPY1R,0.20540768,0.0,-1.0
NPY2R,0.37080908,0.0,0.0
NPY4R,0.18371056,0.0,0.0
NPY5R,0.29595077,0.0,0.0
NQO1,0.63178647,1.0,-1.0
NQO2,0.07776256,0.0,0.0
NR0B1,0.46005663,0.0,-1.0
NR0B2,0.5451211,1.0,-1.0
NR1D1,0.5352271,1.0,0.0
NR1D2,0.402319,0.0,-1.0
NR1H2,0.48829514,0.0,0.0
NR1H3,0.5651942,1.0,0.0
NR1H4,0.4208796,0.0,-1.0
NR1I2,0.4982349,0.0,-1.0
NR1I3,0.34135857,0.0,0.0
NR2C1,0.5034254,1.0,0.0
NR2C2,0.7537269,1.0,-1.0
NR2C2AP,0.12878916,0.0,0.0
NR2E1,0.54671067,1.0,0.0
NR2E3,0.31145957,0.0,-1.0
NR2F1,0.7776749,1.0,-1.0
NR2F2,0.91901314,1.0,0.0
NR2F6,0.08591683,0.0,-1.0
NR3C1,0.9760103,1.0,-1.0
NR3C2,0.73404616,1.0,-1.0
NR4A1,0.8223819,1.0,-1.0
NR4A2,0.676158,1.0,-1.0
NR4A3,0.64041436,1.0,1.0
NR5A1,0.73735696,1.0,-1.0
NR5A2,0.5101471,1.0,0.0
NR6A1,0.51564825,1.0,0.0
NRAP,0.018648438,0.0,0.0
NRARP,0.2552615,0.0,0.0
NRAS,0.94121355,1.0,1.0
NRBF2,0.23057424,0.0,0.0
NRBP1,0.23163363,0.0,0.0
NRBP2,0.07209952,0.0,0.0
NRCAM,0.6439037,1.0,-1.0
NRDC,0.41372618,0.0,0.0
NRDE2,0.17022367,0.0,0.0
NREP,0.4865597,0.0,0.0
NRF1,0.5692826,1.0,-1.0
NRG1,0.85332006,1.0,1.0
NRG2,0.64077973,1.0,-1.0
NRG3,0.39392003,0.0,-1.0
NRG4,0.51859444,1.0,-1.0
NRGN,0.32802776,0.0,0.0
NRIP1,0.795074,1.0,-1.0
NRIP2,0.20380948,0.0,0.0
NRIP3,0.21543379,0.0,0.0
NRK,0.19960408,0.0,-1.0
NRL,0.33486652,0.0,-1.0
NRM,0.28322855,0.0,0.0
NRN1,0.19366129,0.0,0.0
NRN1L,0.00066622376,0.0,0.0
NRP1,0.8267476,1.0,-1.0
NRP2,0.61086667,1.0,-1.0
NRROS,0.18430498,0.0,0.0
NRSN1,0.14356108,0.0,0.0
NRSN2,0.08985907,0.0,0.0
NRTN,0.3644985,0.0,0.0
NRXN1,0.39488986,0.0,0.0
NRXN2,0.22553399,0.0,-1.0
NRXN3,0.25361493,0.0,-1.0
NSA2,0.06653539,0.0,0.0
NSD1,0.6990004,1.0,1.0
NSD2,0.8035522,1.0,1.0
NSD3,0.59716195,1.0,1.0
NSDHL,0.17204732,0.0,0.0
NSF,0.69410604,1.0,0.0
NSFL1C,0.17114034,0.0,0.0
NSG1,0.25576514,0.0,0.0
NSG2,0.19931169,0.0,0.0
NSL1,0.44115806,0.0,0.0
NSMAF,0.43733105,0.0,-1.0
NSMCE1,0.10804131,0.0,0.0
NSMCE2,0.20297968,0.0,-1.0
NSMCE3,0.22052883,0.0,0.0
NSMCE4A,0.32805645,0.0,0.0
NSMF,0.20226343,0.0,-1.0
NSRP1,0.21931759,0.0,-1.0
NSUN2,0.49525565,0.0,0.0
NSUN3,0.6278415,1.0,0.0
NSUN4,0.22797391,0.0,0.0
NSUN5,0.47558728,0.0,0.0
NSUN5P2,0.1297885,0.0,0.0
NSUN6,0.6684863,1.0,-1.0
NSUN7,0.32846346,0.0,0.0
NT5C,0.08844432,0.0,0.0
NT5C1A,0.052014403,0.0,0.0
NT5C1B,0.037441283,0.0,0.0
NT5C1B-RDH14,0.0058379015,0.0,0.0
NT5C2,0.4739905,0.0,1.0
NT5C3A,0.14017795,0.0,-1.0
NT5C3B,0.105275646,0.0,0.0
NT5DC1,0.114344716,0.0,0.0
NT5DC2,0.34395406,0.0,0.0
NT5DC3,0.15533942,0.0,0.0
NT5DC4,0.119830444,0.0,0.0
NT5E,0.658347,1.0,-1.0
NT5M,0.10289948,0.0,0.0
NTAN1,0.15890159,0.0,0.0
NTAQ1,0.10757597,0.0,0.0
NTF3,0.62070906,1.0,0.0
NTF4,0.32576555,0.0,-1.0
NTHL1,0.121860854,0.0,1.0
NTM,0.13949622,0.0,0.0
NTMT1,0.12524657,0.0,0.0
NTN1,0.6253905,1.0,-1.0
NTN3,0.3009687,0.0,0.0
NTN4,0.48605308,0.0,-1.0
NTN5,0.06910229,0.0,0.0
NTNG1,0.34493586,0.0,0.0
NTNG2,0.13345337,0.0,0.0
NTPCR,0.11625245,0.0,0.0
NTRK1,0.9186169,1.0,1.0
NTRK2,0.7587614,1.0,1.0
NTRK3,0.7429754,1.0,1.0
NTS,0.3667928,0.0,0.0
NTSR1,0.32570052,0.0,-1.0
NTSR2,0.39525682,0.0,0.0
NUAK1,0.74280083,1.0,-1.0
NUAK2,0.3782691,0.0,0.0
NUB1,0.23725787,0.0,0.0
NUBP1,0.10785608,0.0,-1.0
NUBP2,0.07517193,0.0,0.0
NUBPL,0.07915879,0.0,-1.0
NUCB1,0.2928366,0.0,0.0
NUCB2,0.16166763,0.0,0.0
NUCKS1,0.4061846,0.0,0.0
NUDC,0.23189205,0.0,0.0
NUDCD1,0.25406143,0.0,0.0
NUDCD2,0.1306936,0.0,0.0
NUDCD3,0.25826418,0.0,0.0
NUDT1,0.24236675,0.0,0.0
NUDT10,0.111417554,0.0,-1.0
NUDT11,0.090943225,0.0,-1.0
NUDT12,0.06426472,0.0,0.0
NUDT13,0.079497196,0.0,0.0
NUDT14,0.08267248,0.0,-1.0
NUDT15,0.18387122,0.0,0.0
NUDT16,0.069547266,0.0,0.0
NUDT16L1,0.19440395,0.0,-1.0
NUDT17,0.04969329,0.0,0.0
NUDT18,0.07774058,0.0,0.0
NUDT19,0.12262672,0.0,0.0
NUDT2,0.07821495,0.0,0.0
NUDT21,0.43012977,0.0,0.0
NUDT22,0.12118682,0.0,0.0
NUDT3,0.13279238,0.0,0.0
NUDT4,0.056490593,0.0,0.0
NUDT5,0.1625985,0.0,0.0
NUDT6,0.10554585,0.0,-1.0
NUDT7,0.07451056,0.0,0.0
NUDT8,0.07084313,0.0,0.0
NUDT9,0.05005522,0.0,0.0
NUDT9P1,0.017978413,0.0,0.0
NUF2,0.6160613,1.0,1.0
NUFIP1,0.42967358,0.0,0.0
NUFIP2,0.057959232,0.0,0.0
NUMA1,0.6999089,1.0,1.0
NUMB,0.7899841,1.0,-1.0
NUMBL,0.40793836,0.0,0.0
NUP107,0.5542437,1.0,-1.0
NUP133,0.5540775,1.0,-1.0
NUP153,0.65973127,1.0,0.0
NUP155,0.5140136,1.0,0.0
NUP160,0.54506063,1.0,0.0
NUP188,0.48708883,0.0,0.0
NUP205,0.65552485,1.0,0.0
NUP210,0.55230457,1.0,0.0
NUP210L,0.08148549,0.0,-1.0
NUP214,0.6649117,1.0,1.0
NUP35,0.30973077,0.0,0.0
NUP37,0.19582933,0.0,0.0
NUP42,0.29071358,0.0,0.0
NUP43,0.4639928,0.0,0.0
NUP50,0.70454717,1.0,-1.0
NUP54,0.42610714,0.0,-1.0
NUP58,0.40765354,0.0,0.0
NUP62,0.6474446,1.0,-1.0
NUP62CL,0.35760766,0.0,0.0
NUP85,0.40987864,0.0,-1.0
NUP88,0.4286436,0.0,0.0
NUP93,0.5223558,1.0,-1.0
NUP98,0.7437853,1.0,1.0
NUPR1,0.35798916,0.0,-1.0
NUPR2,0.056975093,0.0,0.0
NUS1,0.092273116,0.0,0.0
NUSAP1,0.5938564,1.0,0.0
NUTF2,0.26209918,0.0,0.0
NUTM1,0.0875072,0.0,1.0
NUTM2A,0.0956107,0.0,-1.0
NUTM2B,0.5855162,1.0,1.0
NUTM2F,0.05071946,0.0,0.0
NVL,0.43039218,0.0,0.0
NWD1,0.12465676,0.0,0.0
NWD2,0.13575143,0.0,0.0
NXF1,0.7065507,1.0,-1.0
NXF2,0.121249884,0.0,0.0
NXF2B,0.17518961,0.0,0.0
NXF3,0.22832006,0.0,0.0
NXF5,0.2746381,0.0,-1.0
NXN,0.27820128,0.0,0.0
NXNL1,0.08572806,0.0,0.0
NXNL2,0.080085084,0.0,0.0
NXPE1,0.032851603,0.0,-1.0
NXPE2,0.033725224,0.0,0.0
NXPE3,0.07896663,0.0,0.0
NXPE4,0.12618235,0.0,0.0
NXPH1,0.0032941345,0.0,0.0
NXPH2,0.24374329,0.0,0.0
NXPH3,0.2961494,0.0,0.0
NXPH4,0.17102037,0.0,0.0
NXT1,0.16220178,0.0,0.0
NXT2,0.30813202,0.0,0.0
NYAP1,0.11757699,0.0,0.0
NYAP2,0.1813748,0.0,0.0
NYNRIN,0.22445634,0.0,0.0
NYX,0.3398832,0.0,-1.0
OAF,0.07643816,0.0,0.0
OARD1,0.1588983,0.0,0.0
OAS1,0.47231585,0.0,0.0
OAS2,0.60370696,1.0,0.0
OAS3,0.37087533,0.0,0.0
OASL,0.59279746,1.0,0.0
OAT,0.46876076,0.0,-1.0
OAZ1,0.11066468,0.0,0.0
OAZ2,0.15343988,0.0,0.0
OAZ3,0.09470092,0.0,0.0
OBI1,0.32631534,0.0,-1.0
OBP2A,0.0694792,0.0,0.0
OBP2B,0.07897841,0.0,0.0
OBSCN,0.49020287,0.0,-1.0
OBSL1,0.8228162,1.0,0.0
OC90,9.186744e-12,0.0,0.0
OCA2,0.31662613,0.0,-1.0
OCEL1,0.07111883,0.0,0.0
OCIAD1,0.10889696,0.0,0.0
OCIAD2,0.15255378,0.0,0.0
OCLM,0.20135437,0.0,0.0
OCLN,0.63967144,1.0,-1.0
OCM,0.103432484,0.0,0.0
OCM2,0.19209339,0.0,0.0
OCRL,0.7932656,1.0,-1.0
OCSTAMP,8.645879e-09,0.0,0.0
ODAD1,0.053502005,0.0,0.0
ODAD2,0.20369451,0.0,0.0
ODAD3,0.12104438,0.0,0.0
ODAD4,0.18464379,0.0,0.0
ODAM,0.1005268,0.0,-1.0
ODAPH,0.08809511,0.0,0.0
ODC1,0.4880853,0.0,-1.0
ODF1,0.25680855,0.0,0.0
ODF2,0.5587822,1.0,0.0
ODF2L,0.2555732,0.0,0.0
ODF3,0.031570636,0.0,0.0
ODF3B,0.10501274,0.0,0.0
ODF3L1,0.047419142,0.0,0.0
ODF3L2,0.035066754,0.0,-1.0
ODF4,0.03781157,0.0,-1.0
ODR4,0.16945916,0.0,0.0
OFCC1,0.14785682,0.0,0.0
OFD1,0.5736594,1.0,-1.0
OGA,0.7323447,1.0,0.0
OGDH,0.33482298,0.0,-1.0
OGDHL,0.1483459,0.0,0.0
OGFOD1,0.17355435,0.0,0.0
OGFOD2,0.09412528,0.0,0.0
OGFOD3,0.09147426,0.0,0.0
OGFR,0.2901295,0.0,0.0
OGFRL1,0.3418408,0.0,0.0
OGG1,0.47954556,0.0,-1.0
OGN,0.38617274,0.0,0.0
OGT,0.8160968,1.0,0.0
OIP5,0.5489335,1.0,0.0
OIT3,0.054190405,0.0,0.0
OLA1,0.2660772,0.0,0.0
OLAH,0.087093905,0.0,0.0
OLFM1,0.32242373,0.0,-1.0
OLFM2,0.10644271,0.0,0.0
OLFM3,0.00039738734,0.0,-1.0
OLFM4,0.051856626,0.0,-1.0
OLFML1,0.30600756,0.0,0.0
OLFML2A,0.40663218,0.0,0.0
OLFML2B,0.4700118,0.0,0.0
OLFML3,0.42819262,0.0,0.0
OLIG1,0.2450307,0.0,-1.0
OLIG2,0.44930032,0.0,1.0
OLIG3,0.006754865,0.0,-1.0
OLR1,0.3679501,0.0,-1.0
OMA1,0.1307864,0.0,-1.0
OMD,0.33010605,0.0,-1.0
OMG,0.50537044,1.0,0.0
OMP,0.17913172,0.0,0.0
ONECUT1,0.59481204,1.0,0.0
ONECUT2,0.31389675,0.0,-1.0
ONECUT3,0.16452122,0.0,0.0
OOEP,0.03105579,0.0,0.0
OOSP2,0.05473084,0.0,-1.0
OPA1,0.529994,1.0,-1.0
OPA3,0.14701055,0.0,-1.0
OPALIN,0.07395256,0.0,-1.0
OPCML,0.35382542,0.0,-1.0
OPHN1,0.7127156,1.0,-1.0
OPLAH,0.11176446,0.0,0.0
OPN1LW,0.07078727,0.0,-1.0
OPN1MW,0.06859791,0.0,-1.0
OPN1MW2,0.117646284,0.0,-1.0
OPN1MW3,0.14990614,0.0,0.0
OPN1SW,0.33328286,0.0,-1.0
OPN3,0.10976275,0.0,0.0
OPN4,0.15045924,0.0,0.0
OPN5,0.06004544,0.0,0.0
OPRD1,0.30568883,0.0,-1.0
OPRK1,0.32444826,0.0,-1.0
OPRL1,0.32722974,0.0,0.0
OPRM1,0.36502358,0.0,0.0
OPRPN,0.2224553,0.0,0.0
OPTC,0.16282602,0.0,0.0
OPTN,0.5814434,1.0,-1.0
OR10A2,0.001532631,0.0,0.0
OR10A3,0.0021152254,0.0,0.0
OR10A4,0.0016751726,0.0,0.0
OR10A5,0.008714033,0.0,0.0
OR10A6,0.0017080707,0.0,0.0
OR10A7,0.0014526048,0.0,-1.0
OR10AD1,0.002627573,0.0,0.0
OR10AG1,0.00039601367,0.0,0.0
OR10C1,0.07035845,0.0,0.0
OR10D3,0.00060393295,0.0,0.0
OR10G2,0.0002994653,0.0,0.0
OR10G3,0.0016044559,0.0,0.0
OR10G4,0.0013827296,0.0,0.0
OR10G6,0.001972016,0.0,0.0
OR10G7,0.0016030243,0.0,-1.0
OR10G8,0.0014537346,0.0,0.0
OR10G9,0.0015847266,0.0,0.0
OR10H1,0.07005934,0.0,0.0
OR10H2,0.047490563,0.0,-1.0
OR10H3,0.14402415,0.0,0.0
OR10H4,0.0005632291,0.0,0.0
OR10H5,0.002473982,0.0,0.0
OR10J1,0.038503464,0.0,0.0
OR10J3,0.0019278666,0.0,0.0
OR10J5,0.002277073,0.0,0.0
OR10K1,0.0016335688,0.0,0.0
OR10K2,0.004883952,0.0,0.0
OR10P1,0.0013960946,0.0,0.0
OR10Q1,0.001621803,0.0,0.0
OR10R2,0.0013246787,0.0,-1.0
OR10S1,0.0014247796,0.0,0.0
OR10T2,5.7359804e-05,0.0,0.0
OR10V1,0.0012026936,0.0,0.0
OR10W1,0.0014978162,0.0,0.0
OR10X1,2.0001853e-06,0.0,0.0
OR10Z1,0.013697173,0.0,0.0
OR11A1,0.0644469,0.0,0.0
OR11G2,0.0013801029,0.0,0.0
OR11H1,0.0015498793,0.0,0.0
OR11H12,0.013769186,0.0,0.0
OR11H2,0.001972016,0.0,0.0
OR11H4,0.0024805192,0.0,0.0
OR11H6,0.002215384,0.0,0.0
OR11H7,0.0010150718,0.0,0.0
OR11L1,0.0016224278,0.0,0.0
OR12D2,0.16178265,0.0,0.0
OR12D3,0.12191978,0.0,0.0
OR13A1,0.0012304264,0.0,0.0
OR13C2,0.0017674118,0.0,0.0
OR13C3,0.007562486,0.0,0.0
OR13C4,0.0005816428,0.0,-1.0
OR13C5,0.0017170511,0.0,0.0
OR13C8,0.0019120105,0.0,0.0
OR13C9,0.0020252333,0.0,0.0
OR13D1,0.0017594444,0.0,0.0
OR13F1,0.001618388,0.0,0.0
OR13G1,0.0020396584,0.0,0.0
OR13H1,0.0014438543,0.0,0.0
OR13J1,0.0013577208,0.0,0.0
OR14A16,0.0021491854,0.0,0.0
OR14A2,0.0018027984,0.0,0.0
OR14C36,0.0016470138,0.0,0.0
OR14I1,0.0026422823,0.0,0.0
OR14J1,0.0041500945,0.0,0.0
OR14K1,0.0028960167,0.0,0.0
OR1A1,0.07013387,0.0,0.0
OR1A2,0.029222438,0.0,0.0
OR1B1,0.000977396,0.0,0.0
OR1C1,0.002436626,0.0,0.0
OR1D2,0.1366632,0.0,0.0
OR1D5,0.041866366,0.0,0.0
OR1E1,0.023606926,0.0,0.0
OR1E2,0.012057727,0.0,0.0
OR1F1,0.15474154,0.0,0.0
OR1F12P,0.000667869,0.0,0.0
OR1F2P,5.2450676e-14,0.0,0.0
OR1G1,0.05213871,0.0,0.0
OR1I1,0.0025917522,0.0,0.0
OR1J1,0.002113326,0.0,0.0
OR1J2,0.0025731567,0.0,-1.0
OR1J4,0.0023848643,0.0,0.0
OR1K1,0.0009864019,0.0,0.0
OR1L1,0.0018504215,0.0,-1.0
OR1L3,0.0014694212,0.0,0.0
OR1L4,0.0018598514,0.0,0.0
OR1L6,0.0018011772,0.0,0.0
OR1L8,0.0020726102,0.0,0.0
OR1M1,0.0021468655,0.0,-1.0
OR1N1,0.0015554116,0.0,0.0
OR1N2,0.001828917,0.0,0.0
OR1Q1,0.0020242734,0.0,0.0
OR1S1,0.0020827148,0.0,0.0
OR1S2,0.00040534112,0.0,0.0
OR2A1,0.0019950173,0.0,0.0
OR2A12,0.0015642704,0.0,0.0
OR2A14,0.0015019123,0.0,0.0
OR2A2,0.0017504842,0.0,-1.0
OR2A25,0.0022712455,0.0,0.0
OR2A4,0.0014370038,0.0,0.0
OR2A42,0.0034386956,0.0,-1.0
OR2A5,0.0015194649,0.0,0.0
OR2A7,0.0014344231,0.0,0.0
OR2AE1,0.0047554304,0.0,0.0
OR2AG1,0.0018363066,0.0,0.0
OR2AG2,0.0016120656,0.0,0.0
OR2AJ1,0.00046135357,0.0,0.0
OR2AK2,0.0023181736,0.0,0.0
OR2AP1,0.0041797007,0.0,0.0
OR2AT4,0.0017338407,0.0,0.0
OR2B11,0.0026796025,0.0,0.0
OR2B2,0.17480037,0.0,0.0
OR2B3,0.006011623,0.0,0.0
OR2B6,0.00072095037,0.0,0.0
OR2C1,0.104044005,0.0,0.0
OR2C3,0.007970855,0.0,0.0
OR2D2,0.0016967519,0.0,-1.0
OR2D3,0.0015868797,0.0,0.0
OR2F1,0.047068585,0.0,0.0
OR2F2,0.061245326,0.0,-1.0
OR2G2,0.0019569842,0.0,0.0
OR2G3,0.0013038551,0.0,0.0
OR2G6,0.002375418,0.0,0.0
OR2H1,0.109884456,0.0,0.0
OR2H2,0.13144122,0.0,0.0
OR2I1P,0.001972016,0.0,0.0
OR2J1,0.002342204,0.0,0.0
OR2J2,0.01033495,0.0,0.0
OR2J3,0.0018606253,0.0,0.0
OR2K2,0.0021286174,0.0,0.0
OR2L13,0.001995695,0.0,-1.0
OR2L2,0.002271157,0.0,0.0
OR2L3,0.0015721681,0.0,0.0
OR2L5,0.0019945703,0.0,0.0
OR2L8,0.0007062182,0.0,0.0
OR2M2,0.002038278,0.0,0.0
OR2M3,0.0021002996,0.0,0.0
OR2M4,0.0013607913,0.0,-1.0
OR2M5,0.0017103733,0.0,0.0
OR2M7,0.00039026185,0.0,0.0
OR2S2,0.002364777,0.0,0.0
OR2T1,0.0017422165,0.0,0.0
OR2T10,0.0017717783,0.0,0.0
OR2T11,0.0015248437,0.0,0.0
OR2T12,0.0021716282,0.0,0.0
OR2T2,0.0029125232,0.0,0.0
OR2T27,0.0020397496,0.0,0.0
OR2T29,0.0020113066,0.0,0.0
OR2T3,0.0004430041,0.0,0.0
OR2T33,0.002031564,0.0,0.0
OR2T34,0.0005881041,0.0,0.0
OR2T35,0.0030586107,0.0,-1.0
OR2T4,0.0015902943,0.0,0.0
OR2T5,0.0020154016,0.0,0.0
OR2T6,0.097722866,0.0,0.0
OR2T7,0.0014237819,0.0,0.0
OR2T8,0.0025244975,0.0,0.0
OR2V1,0.0012724567,0.0,0.0
OR2V2,0.0013201695,0.0,0.0
OR2W1,0.12766954,0.0,0.0
OR2W3,0.00046549697,0.0,-1.0
OR2W5P,0.0016818278,0.0,0.0
OR2Y1,0.0010355982,0.0,0.0
OR2Z1,0.0015738397,0.0,0.0
OR3A1,0.08794465,0.0,0.0
OR3A2,0.15505354,0.0,0.0
OR3A3,0.10822305,0.0,0.0
OR3A4P,0.0006253649,0.0,0.0
OR4A15,5.116716e-05,0.0,0.0
OR4A16,0.0015474735,0.0,0.0
OR4A47,0.0009271831,0.0,0.0
OR4A4P,0.001972016,0.0,0.0
OR4A5,0.00020400308,0.0,0.0
OR4A8,0.001972016,0.0,0.0
OR4B1,0.0014546723,0.0,0.0
OR4C11,0.0038008075,0.0,0.0
OR4C12,0.0010982346,0.0,0.0
OR4C13,0.00123907,0.0,0.0
OR4C15,0.0030636368,0.0,-1.0
OR4C16,0.00018300189,0.0,0.0
OR4C3,0.0014783167,0.0,0.0
OR4C45,0.001972016,0.0,0.0
OR4C46,0.0014425829,0.0,0.0
OR4C5,0.0010618399,0.0,-1.0
OR4C6,0.00068206975,0.0,0.0
OR4D1,0.0015505163,0.0,0.0
OR4D10,0.0014819899,0.0,0.0
OR4D11,0.0010774368,0.0,0.0
OR4D2,0.0020817926,0.0,0.0
OR4D5,0.0014956347,0.0,0.0
OR4D6,0.002059936,0.0,0.0
OR4D9,0.0026157533,0.0,0.0
OR4E1,0.001972016,0.0,0.0
OR4E2,0.0016053369,0.0,0.0
OR4F15,0.0014898904,0.0,0.0
OR4F16,2.2101884e-05,0.0,0.0
OR4F17,0.0013490731,0.0,0.0
OR4F21,0.0005585976,0.0,0.0
OR4F29,0.0008935419,0.0,0.0
OR4F3,0.0019504257,0.0,0.0
OR4F4,0.0015566576,0.0,0.0
OR4F5,0.0031270687,0.0,0.0
OR4F6,0.0015931741,0.0,0.0
OR4K1,0.0014742399,0.0,0.0
OR4K13,0.0013956293,0.0,0.0
OR4K14,0.0014233475,0.0,-1.0
OR4K15,0.0033469459,0.0,0.0
OR4K17,0.0026801904,0.0,-1.0
OR4K2,0.00082910276,0.0,0.0
OR4K3,0.001972016,0.0,0.0
OR4K5,0.00053625903,0.0,0.0
OR4L1,0.0014042653,0.0,-1.0
OR4M1,0.001406586,0.0,0.0
OR4M2,0.00042645534,0.0,0.0
OR4N2,0.0015490038,0.0,0.0
OR4N4,0.0007961763,0.0,0.0
OR4N5,0.0019749159,0.0,0.0
OR4P4,0.002383704,0.0,0.0
OR4Q2,0.0010321396,0.0,0.0
OR4Q3,0.0021934623,0.0,0.0
OR4S1,0.0016306916,0.0,0.0
OR4S2,0.0012745418,0.0,0.0
OR4X1,0.002095474,0.0,0.0
OR4X2,0.0019283401,0.0,0.0
OR51A2,0.0011073438,0.0,0.0
OR51A4,0.0013544481,0.0,0.0
OR51A7,0.0015829141,0.0,0.0
OR51B2,0.0010297465,0.0,0.0
OR51B4,0.0018771144,0.0,0.0
OR51B5,0.0012808541,0.0,0.0
OR51B6,0.001694733,0.0,0.0
OR51D1,0.0014514129,0.0,0.0
OR51E1,0.0028204022,0.0,0.0
OR51E2,0.052357007,0.0,0.0
OR51F1,0.00026380867,0.0,0.0
OR51F2,0.0019357797,0.0,-1.0
OR51G1,0.0003027401,0.0,0.0
OR51G2,0.00281352,0.0,0.0
OR51H1,0.0022412392,0.0,0.0
OR51I1,0.001311004,0.0,0.0
OR51I2,0.0015241934,0.0,-1.0
OR51J1,0.0015037032,0.0,0.0
OR51L1,0.0029125232,0.0,0.0
OR51M1,0.0015034218,0.0,0.0
OR51Q1,0.0038887246,0.0,0.0
OR51S1,0.0013198402,0.0,0.0
OR51T1,0.0007719977,0.0,0.0
OR51V1,0.00149234,0.0,0.0
OR52A1,0.08771498,0.0,0.0
OR52A5,0.0014499692,0.0,0.0
OR52B2,0.001455582,0.0,0.0
OR52B4,0.00049840024,0.0,0.0
OR52B6,0.0018573515,0.0,0.0
OR52D1,0.0015577392,0.0,0.0
OR52E2,0.000102441016,0.0,0.0
OR52E4,0.002232282,0.0,0.0
OR52E5,0.001972016,0.0,0.0
OR52E6,0.0014894429,0.0,0.0
OR52E8,0.0021534231,0.0,-1.0
OR52H1,0.0015107776,0.0,0.0
OR52I1,0.0014999156,0.0,0.0
OR52I2,0.0014747861,0.0,-1.0
OR52J3,0.0018176119,0.0,0.0
OR52K1,0.0028270537,0.0,0.0
OR52K2,0.0024391797,0.0,0.0
OR52L1,0.0028870967,0.0,0.0
OR52M1,0.0014442488,0.0,0.0
OR52N1,0.0017932934,0.0,-1.0
OR52N2,0.0015550526,0.0,0.0
OR52N4,0.002185742,0.0,0.0
OR52N5,0.0014873312,0.0,0.0
OR52R1,0.00037587373,0.0,0.0
OR52W1,0.0034904527,0.0,0.0
OR56A1,0.0022505086,0.0,0.0
OR56A3,0.002477213,0.0,0.0
OR56A4,0.002903122,0.0,0.0
OR56A5,0.0020875034,0.0,0.0
OR56B1,0.001268362,0.0,0.0
OR56B4,0.0013596527,0.0,0.0
OR5A1,0.0020245374,0.0,0.0
OR5A2,0.0007268591,0.0,0.0
OR5AC2,0.0015486159,0.0,0.0
OR5AK2,0.0011118826,0.0,0.0
OR5AN1,0.00013760399,0.0,0.0
OR5AP2,0.0014501206,0.0,0.0
OR5AR1,0.0017536684,0.0,0.0
OR5AS1,0.0016006802,0.0,0.0
OR5AU1,0.001429674,0.0,0.0
OR5B12,0.0015110875,0.0,0.0
OR5B17,0.0024663133,0.0,-1.0
OR5B2,0.002305497,0.0,0.0
OR5B21,0.0014274457,0.0,0.0
OR5B3,0.0007413258,0.0,0.0
OR5C1,0.0018153111,0.0,0.0
OR5D13,0.00043563428,0.0,0.0
OR5D14,0.0027445573,0.0,0.0
OR5D16,0.0015084315,0.0,0.0
OR5D18,0.0013995097,0.0,0.0
OR5F1,0.0046507358,0.0,0.0
OR5H1,0.00013524607,0.0,0.0
OR5H14,0.0013595846,0.0,0.0
OR5H15,0.003063832,0.0,0.0
OR5H2,0.0021473868,0.0,0.0
OR5H6,0.009434128,0.0,0.0
OR5I1,0.14107253,0.0,0.0
OR5J2,0.008296619,0.0,0.0
OR5K1,0.001339637,0.0,0.0
OR5K2,0.0011413135,0.0,0.0
OR5K3,0.0015919541,0.0,0.0
OR5K4,0.002449164,0.0,0.0
OR5L1,0.0022830877,0.0,0.0
OR5L2,0.0015226101,0.0,0.0
OR5M1,0.0030341663,0.0,0.0
OR5M10,0.0011508398,0.0,0.0
OR5M11,0.0015865528,0.0,0.0
OR5M3,0.008573151,0.0,0.0
OR5M8,4.3054722e-05,0.0,0.0
OR5M9,0.0014925139,0.0,0.0
OR5P2,0.0015139732,0.0,0.0
OR5P3,0.0016118737,0.0,0.0
OR5T1,0.0029727775,0.0,0.0
OR5T2,0.002282574,0.0,0.0
OR5T3,0.005596237,0.0,0.0
OR5V1,0.020813089,0.0,0.0
OR5W2,0.00048103492,0.0,0.0
OR6A2,0.060712013,0.0,-1.0
OR6B1,0.0017435587,0.0,0.0
OR6B2,0.0012497088,0.0,0.0
OR6B3,0.0019709454,0.0,0.0
OR6C1,0.0054785213,0.0,0.0
OR6C2,0.0010876252,0.0,0.0
OR6C3,0.0037974815,0.0,0.0
OR6C4,0.0041045854,0.0,0.0
OR6C6,0.001622617,0.0,0.0
OR6C65,3.718451e-05,0.0,0.0
OR6C68,0.0041797007,0.0,0.0
OR6C70,0.0018015339,0.0,0.0
OR6C74,0.00014670465,0.0,0.0
OR6C75,0.0018845531,0.0,0.0
OR6C76,0.0016625158,0.0,0.0
OR6F1,0.0030240014,0.0,0.0
OR6J1,0.0013935858,0.0,0.0
OR6K2,3.2941403e-05,0.0,0.0
OR6K3,0.0010629037,0.0,0.0
OR6K6,0.0015328667,0.0,0.0
OR6M1,0.002303686,0.0,0.0
OR6N1,0.0017178458,0.0,0.0
OR6N2,0.001499333,0.0,0.0
OR6P1,0.0013075055,0.0,0.0
OR6Q1,0.0012809931,0.0,0.0
OR6S1,0.0013082462,0.0,0.0
OR6T1,0.0024813986,0.0,0.0
OR6V1,0.0014179455,0.0,0.0
OR6X1,0.0020692232,0.0,0.0
OR6Y1,0.0021461197,0.0,0.0
OR7A10,0.009502121,0.0,0.0
OR7A17,0.027299216,0.0,0.0
OR7A5,0.20284586,0.0,0.0
OR7C1,0.0037247564,0.0,0.0
OR7C2,0.08430015,0.0,0.0
OR7D2,0.0038623197,0.0,0.0
OR7D4,0.0040006656,0.0,0.0
OR7E24,0.079187825,0.0,0.0
OR7G1,0.00012589667,0.0,0.0
OR7G2,0.0024704083,0.0,0.0
OR7G3,0.0024661405,0.0,-1.0
OR8A1,0.001446626,0.0,0.0
OR8B12,0.0012843835,0.0,0.0
OR8B2,0.001686786,0.0,0.0
OR8B3,0.0014511379,0.0,0.0
OR8B4,0.0014231062,0.0,0.0
OR8B8,0.0016204558,0.0,0.0
OR8D1,0.0022838013,0.0,0.0
OR8D2,0.18697087,0.0,0.0
OR8D4,0.0034985477,0.0,0.0
OR8G1,0.002087704,0.0,0.0
OR8G2P,0.0022385046,0.0,0.0
OR8G5,0.002256771,0.0,0.0
OR8H1,0.0015067438,0.0,0.0
OR8H2,0.0026236824,0.0,0.0
OR8H3,4.1274503e-05,0.0,0.0
OR8I2,0.0013235298,0.0,0.0
OR8J1,0.0040614665,0.0,0.0
OR8J3,0.0020272695,0.0,0.0
OR8K1,0.0035122195,0.0,-1.0
OR8K3,0.0021266453,0.0,0.0
OR8K5,0.0037528102,0.0,-1.0
OR8S1,0.0017885028,0.0,0.0
OR8U1,0.0015588381,0.0,0.0
OR8U3,0.00054216693,0.0,0.0
OR8U8,0.001972016,0.0,0.0
OR8U9,0.02615028,0.0,0.0
OR9A2,0.001444044,0.0,0.0
OR9A4,0.0015691776,0.0,0.0
OR9G1,0.00019486461,0.0,-1.0
OR9G4,0.00015742755,0.0,0.0
OR9I1,0.007562486,0.0,0.0
OR9K2,0.0015021324,0.0,-1.0
OR9Q1,0.0018573515,0.0,0.0
OR9Q2,0.0015193775,0.0,0.0
ORAI1,0.3679992,0.0,0.0
ORAI2,0.26390314,0.0,-1.0
ORAI3,0.095186345,0.0,-1.0
ORC1,0.67312986,1.0,-1.0
ORC2,0.7649225,1.0,0.0
ORC3,0.38971174,0.0,0.0
ORC4,0.3694539,0.0,0.0
ORC5,0.37968248,0.0,0.0
ORC6,0.58425,1.0,0.0
ORM1,0.10978777,0.0,0.0
ORM2,0.099722855,0.0,0.0
ORMDL1,0.12642916,0.0,0.0
ORMDL2,0.03954725,0.0,0.0
ORMDL3,0.12177831,0.0,-1.0
OS9,0.25561106,0.0,-1.0
OSBP,0.40059537,0.0,0.0
OSBP2,0.2551141,0.0,-1.0
OSBPL10,0.20952557,0.0,0.0
OSBPL11,0.43490794,0.0,0.0
OSBPL1A,0.2225287,0.0,0.0
OSBPL2,0.32923403,0.0,0.0
OSBPL3,0.35408393,0.0,-1.0
OSBPL5,0.16454045,0.0,0.0
OSBPL6,0.20799676,0.0,0.0
OSBPL7,0.17837052,0.0,0.0
OSBPL8,0.6235878,1.0,-1.0
OSBPL9,0.21963355,0.0,0.0
OSCAR,0.11648244,0.0,0.0
OSCP1,0.05246619,0.0,0.0
OSER1,0.15584733,0.0,0.0
OSGEP,0.23345146,0.0,0.0
OSGEPL1,0.14896764,0.0,0.0
OSGIN1,0.2944969,0.0,-1.0
OSGIN2,0.19992049,0.0,-1.0
OSM,0.57506984,1.0,0.0
OSMR,0.66569775,1.0,-1.0
OSR1,0.42129296,0.0,0.0
OSR2,0.48841208,0.0,-1.0
OST4,0.0871629,0.0,0.0
OSTC,0.056619678,0.0,0.0
OSTCP1,0.00026757288,0.0,0.0
OSTF1,0.27735204,0.0,0.0
OSTM1,0.12571692,0.0,-1.0
OTC,0.3330718,0.0,-1.0
OTOA,0.14705238,0.0,0.0
OTOF,0.23380809,0.0,-1.0
OTOG,0.055630136,0.0,0.0
OTOGL,0.051369123,0.0,-1.0
OTOL1,0.010043025,0.0,0.0
OTOP1,2.1131727e-06,0.0,-1.0
OTOP2,0.00013596033,0.0,0.0
OTOP3,4.236922e-05,0.0,0.0
OTOR,0.14082761,0.0,0.0
OTOS,0.0045602573,0.0,0.0
OTP,0.30400416,0.0,0.0
OTUB1,0.3118916,0.0,0.0
OTUB2,0.15438159,0.0,0.0
OTUD1,0.12788285,0.0,0.0
OTUD3,0.21376753,0.0,-1.0
OTUD4,0.56731784,1.0,0.0
OTUD5,0.18194537,0.0,-1.0
OTUD6A,0.10478449,0.0,0.0
OTUD6B,0.2607755,0.0,0.0
OTUD7A,0.10358982,0.0,-1.0
OTUD7B,0.3818889,0.0,0.0
OTULIN,0.18409252,0.0,0.0
OTULINL,0.1974916,0.0,0.0
OTX1,0.0011030524,0.0,0.0
OTX2,0.525843,1.0,-1.0
OVCA2,0.19623429,0.0,0.0
OVCH1,0.15487039,0.0,-1.0
OVGP1,0.14566773,0.0,0.0
OVOL1,0.46830946,0.0,0.0
OVOL2,0.42569298,0.0,0.0
OVOL3,0.014391173,0.0,0.0
OXA1L,0.055848606,0.0,-1.0
OXCT1,0.2088599,0.0,0.0
OXCT2,0.10183338,0.0,-1.0
OXER1,0.15884297,0.0,0.0
OXGR1,0.16818784,0.0,0.0
OXLD1,0.04544726,0.0,0.0
OXNAD1,0.17933378,0.0,-1.0
OXR1,0.24151367,0.0,0.0
OXSM,0.06286187,0.0,0.0
OXSR1,0.5905953,1.0,0.0
OXT,0.42602828,0.0,0.0
OXTR,0.31084442,0.0,0.0
P2RX1,0.24335985,0.0,0.0
P2RX2,0.20118104,0.0,0.0
P2RX3,0.19279446,0.0,0.0
P2RX4,0.24088135,0.0,0.0
P2RX5,0.28056523,0.0,0.0
P2RX5-TAX1BP3,0.037825506,0.0,0.0
P2RX6,0.29296756,0.0,0.0
P2RX7,0.32303634,0.0,-1.0
P2RY1,0.2680457,0.0,0.0
P2RY10,0.2843787,0.0,0.0
P2RY11,0.17110789,0.0,0.0
P2RY12,0.19651423,0.0,0.0
P2RY13,0.24811077,0.0,0.0
P2RY14,0.25853464,0.0,-1.0
P2RY2,0.2829515,0.0,0.0
P2RY4,0.2891287,0.0,0.0
P2RY6,0.23796579,0.0,0.0
P2RY8,0.25746465,0.0,1.0
P3H1,0.4817694,0.0,-1.0
P3H2,0.4304615,0.0,0.0
P3H3,0.1307858,0.0,0.0
P3H4,0.10900454,0.0,0.0
P4HA1,0.60836196,1.0,0.0
P4HA2,0.5779807,1.0,0.0
P4HA3,0.3334299,0.0,0.0
P4HB,0.69457746,1.0,0.0
P4HTM,0.083249964,0.0,-1.0
PA2G4,0.30941048,0.0,-1.0
PAAF1,0.1623949,0.0,-1.0
PABIR1,0.2143477,0.0,0.0
PABIR2,0.26771483,0.0,0.0
PABIR3,0.20026413,0.0,0.0
PABPC1,0.6819366,1.0,1.0
PABPC1L,0.42279306,0.0,-1.0
PABPC1L2A,0.17535158,0.0,0.0
PABPC1L2B,0.33860847,0.0,0.0
PABPC1P1,0.023095224,0.0,0.0
PABPC3,0.44720003,0.0,0.0
PABPC4,0.50667036,1.0,-1.0
PABPC4L,0.13061397,0.0,-1.0
PABPC5,0.3930521,0.0,0.0
PABPN1,0.46444672,0.0,-1.0
PABPN1L,0.16562486,0.0,0.0
PACC1,0.27502182,0.0,0.0
PACRG,0.15104197,0.0,0.0
PACRGL,0.09492661,0.0,0.0
PACS1,0.327991,0.0,0.0
PACS2,0.034091774,0.0,-1.0
PACSIN1,0.5285298,1.0,-1.0
PACSIN2,0.6210722,1.0,-1.0
PACSIN3,0.51098174,1.0,0.0
PADI1,0.20604688,0.0,0.0
PADI2,0.12932713,0.0,-1.0
PADI3,0.15192918,0.0,0.0
PADI4,0.18954164,0.0,-1.0
PADI6,0.036393568,0.0,0.0
PAEP,0.3512495,0.0,-1.0
PAF1,0.28655335,0.0,-1.0
PAFAH1B1,0.8081609,1.0,-1.0
PAFAH1B2,0.20681451,0.0,1.0
PAFAH1B3,0.2697943,0.0,0.0
PAFAH2,0.046973534,0.0,0.0
PAG1,0.6187061,1.0,-1.0
PAGE1,0.198461,0.0,0.0
PAGE2,0.17116433,0.0,0.0
PAGE2B,0.051976737,0.0,0.0
PAGE3,0.104320474,0.0,0.0
PAGE4,0.08747434,0.0,0.0
PAGE5,0.15948796,0.0,0.0
PAGR1,0.67180234,1.0,0.0
PAH,0.11785739,0.0,-1.0
PAICS,0.3802441,0.0,-1.0
PAIP1,0.17565659,0.0,-1.0
PAIP2,0.17918792,0.0,0.0
PAIP2B,0.1282436,0.0,0.0
PAK1,0.9472768,1.0,1.0
PAK1IP1,0.13547184,0.0,0.0
PAK2,0.9173202,1.0,-1.0
PAK3,0.8721865,1.0,-1.0
PAK4,0.8757359,1.0,-1.0
PAK5,0.572225,1.0,1.0
PAK6,0.7242245,1.0,-1.0
PALB2,0.7080319,1.0,1.0
PALD1,0.16376343,0.0,0.0
PALLD,0.76095927,1.0,-1.0
PALM,0.28911266,0.0,0.0
PALM2,0.17421846,0.0,0.0
PALM2AKAP2,0.36556414,0.0,0.0
PALM3,0.045513615,0.0,0.0
PALMD,0.18780689,0.0,0.0
PALS1,0.7841073,1.0,-1.0
PALS2,0.7722638,1.0,0.0
PAM,0.52527285,1.0,0.0
PAM16,0.045163725,0.0,0.0
PAMR1,0.2367348,0.0,0.0
PAN2,0.5402141,1.0,0.0
PAN3,0.41243517,0.0,-1.0
PANK1,0.1705974,0.0,0.0
PANK2,0.2793427,0.0,-1.0
PANK3,0.09862589,0.0,0.0
PANK4,0.13950934,0.0,0.0
PANX1,0.25121233,0.0,0.0
PANX2,0.005135348,0.0,0.0
PANX3,0.0025877391,0.0,0.0
PAOX,0.05523966,0.0,0.0
PAPLN,0.20949805,0.0,-1.0
PAPOLA,0.54013383,1.0,0.0
PAPOLB,0.16963609,0.0,-1.0
PAPOLG,0.40550205,0.0,0.0
PAPPA,0.5458483,1.0,0.0
PAPPA2,0.32693428,0.0,-1.0
PAPSS1,0.38021767,0.0,0.0
PAPSS2,0.26811293,0.0,0.0
PAQR3,0.14870062,0.0,0.0
PAQR4,0.15224327,0.0,0.0
PAQR5,0.011151188,0.0,0.0
PAQR6,0.008792398,0.0,0.0
PAQR7,0.01583841,0.0,0.0
PAQR8,0.021227807,0.0,0.0
PAQR9,0.022890171,0.0,0.0
PARD3,0.7827269,1.0,-1.0
PARD3B,0.28736797,0.0,-1.0
PARD6A,0.73346305,1.0,0.0
PARD6B,0.35486776,0.0,-1.0
PARD6G,0.26517606,0.0,0.0
PARG,0.4269413,0.0,0.0
PARK7,0.085015625,0.0,-1.0
PARL,0.052664086,0.0,0.0
PARM1,0.10444628,0.0,0.0
PARN,0.2081132,0.0,0.0
PARP1,0.9099234,1.0,1.0
PARP10,0.23618668,0.0,0.0
PARP11,0.1413999,0.0,0.0
PARP12,0.35407203,0.0,0.0
PARP14,0.25675192,0.0,0.0
PARP15,0.16474973,0.0,0.0
PARP16,0.1760193,0.0,0.0
PARP2,0.63081557,1.0,-1.0
PARP3,0.20047025,0.0,-1.0
PARP4,0.50386065,1.0,-1.0
PARP6,0.13521588,0.0,0.0
PARP8,0.59318966,1.0,0.0
PARP9,0.2593263,0.0,0.0
PARPBP,0.45885444,0.0,0.0
PARS2,0.16319348,0.0,0.0
PART1,3.8128603e-06,0.0,0.0
PARVA,0.78355837,1.0,0.0
PARVB,0.51394343,1.0,-1.0
PARVG,0.40463755,0.0,-1.0
PASD1,0.15322486,0.0,-1.0
PASK,0.81561893,1.0,-1.0
PATE1,0.032823898,0.0,0.0
PATE3,1.02655016e-10,0.0,0.0
PATJ,0.1776649,0.0,-1.0
PATL1,0.32680997,0.0,0.0
PATL2,0.11584352,0.0,0.0
PATZ1,0.6100205,1.0,1.0
PAWR,0.43715277,0.0,-1.0
PAX1,0.38734436,0.0,0.0
PAX2,0.7314987,1.0,-1.0
PAX3,0.85040665,1.0,1.0
PAX4,0.6558134,1.0,-1.0
PAX5,0.77354,1.0,1.0
PAX6,0.9018491,1.0,-1.0
PAX7,0.68548644,1.0,1.0
PAX8,0.5994449,1.0,1.0
PAX9,0.5049071,1.0,-1.0
PAXBP1,0.32731083,0.0,0.0
PAXIP1,0.7197653,1.0,0.0
PAXX,0.1574254,0.0,0.0
PBDC1,0.17698228,0.0,0.0
PBK,0.7988336,1.0,0.0
PBLD,0.12838371,0.0,0.0
PBOV1,0.15817712,0.0,0.0
PBRM1,0.76715386,1.0,1.0
PBX1,0.9095826,1.0,1.0
PBX2,0.7603715,1.0,-1.0
PBX3,0.72008103,1.0,-1.0
PBX4,0.42370644,0.0,0.0
PBXIP1,0.3212156,0.0,0.0
PC,0.5385243,1.0,-1.0
PCARE,0.0017537735,0.0,-1.0
PCBD1,0.10258422,0.0,-1.0
PCBD2,0.19221936,0.0,0.0
PCBP1,0.57207274,1.0,1.0
PCBP2,0.45882767,0.0,-1.0
PCBP3,0.5531491,1.0,-1.0
PCBP4,0.24129067,0.0,0.0
PCCA,0.17075452,0.0,-1.0
PCCB,0.08359657,0.0,-1.0
PCDH1,0.60017943,1.0,0.0
PCDH10,0.38143983,0.0,-1.0
PCDH11X,0.52817965,1.0,-1.0
PCDH11Y,0.40945664,0.0,0.0
PCDH12,0.30722433,0.0,0.0
PCDH15,0.4052548,0.0,-1.0
PCDH17,0.3671929,0.0,-1.0
PCDH18,0.42108756,0.0,-1.0
PCDH19,0.3712382,0.0,0.0
PCDH20,0.30813077,0.0,0.0
PCDH7,0.6525922,1.0,0.0
PCDH8,0.4532941,0.0,0.0
PCDH9,0.5562476,1.0,-1.0
PCDHA1,0.3209823,0.0,0.0
PCDHA10,0.27652875,0.0,-1.0
PCDHA11,0.25652185,0.0,-1.0
PCDHA12,0.16682033,0.0,0.0
PCDHA13,0.18901269,0.0,-1.0
PCDHA2,0.20055158,0.0,0.0
PCDHA3,0.12347054,0.0,0.0
PCDHA4,0.22395755,0.0,0.0
PCDHA5,0.2297928,0.0,0.0
PCDHA6,0.22108285,0.0,0.0
PCDHA7,0.28061435,0.0,0.0
PCDHA8,0.30742362,0.0,0.0
PCDHA9,0.009687928,0.0,0.0
PCDHAC1,0.08190946,0.0,0.0
PCDHAC2,0.15994796,0.0,-1.0
PCDHB1,0.272334,0.0,-1.0
PCDHB10,0.2878432,0.0,0.0
PCDHB11,0.1837961,0.0,0.0
PCDHB12,0.22867087,0.0,0.0
PCDHB13,0.1846424,0.0,0.0
PCDHB14,0.26246634,0.0,0.0
PCDHB15,0.2208856,0.0,-1.0
PCDHB16,0.23645595,0.0,0.0
PCDHB2,0.3264964,0.0,0.0
PCDHB3,0.25991496,0.0,0.0
PCDHB4,0.38106233,0.0,0.0
PCDHB5,0.33767778,0.0,0.0
PCDHB6,0.20216513,0.0,-1.0
PCDHB7,0.15717854,0.0,-1.0
PCDHB8,0.21303171,0.0,-1.0
PCDHGA1,0.36885217,0.0,0.0
PCDHGA10,0.24124557,0.0,0.0
PCDHGA11,0.3032695,0.0,0.0
PCDHGA12,0.25214735,0.0,0.0
PCDHGA2,0.36347976,0.0,0.0
PCDHGA3,0.12117108,0.0,0.0
PCDHGA4,0.10146108,0.0,0.0
PCDHGA5,0.21050614,0.0,0.0
PCDHGA6,0.36505896,0.0,0.0
PCDHGA7,0.32072622,0.0,0.0
PCDHGA8,0.36648536,0.0,-1.0
PCDHGA9,0.23236954,0.0,0.0
PCDHGB1,0.04148357,0.0,-1.0
PCDHGB2,0.30422634,0.0,0.0
PCDHGB3,0.31517056,0.0,0.0
PCDHGB4,0.06192164,0.0,0.0
PCDHGB5,4.2476266e-05,0.0,0.0
PCDHGB6,0.28194106,0.0,0.0
PCDHGB7,0.36492467,0.0,0.0
PCDHGC3,0.48759797,0.0,0.0
PCDHGC4,0.13201064,0.0,0.0
PCDHGC5,0.35449064,0.0,-1.0
PCED1A,0.09611659,0.0,0.0
PCED1B,0.30447844,0.0,-1.0
PCF11,0.5738999,1.0,-1.0
PCGF1,0.34461668,0.0,0.0
PCGF2,0.47689593,0.0,0.0
PCGF3,0.35775176,0.0,0.0
PCGF5,0.36629274,0.0,0.0
PCGF6,0.45579886,0.0,0.0
PCID2,0.23418708,0.0,0.0
PCIF1,0.212911,0.0,0.0
PCK1,0.44121286,0.0,0.0
PCK2,0.31458518,0.0,0.0
PCLAF,0.5572224,1.0,-1.0
PCLO,0.44442448,0.0,-1.0
PCM1,0.70606,1.0,1.0
PCMT1,0.27916044,0.0,0.0
PCMTD1,0.32445258,0.0,-1.0
PCMTD2,0.4153095,0.0,0.0
PCNA,0.6839046,1.0,-1.0
PCNP,0.22142306,0.0,0.0
PCNT,0.6425951,1.0,0.0
PCNX1,0.5876155,1.0,0.0
PCNX2,0.25968271,0.0,0.0
PCNX3,0.071637794,0.0,0.0
PCNX4,0.23089285,0.0,-1.0
PCOLCE,0.56242836,1.0,0.0
PCOLCE2,0.1672696,0.0,0.0
PCOTH,0.009636064,0.0,0.0
PCP2,0.057133682,0.0,0.0
PCP4,0.15054534,0.0,0.0
PCP4L1,2.0380592e-05,0.0,0.0
PCSK1,0.40184027,0.0,-1.0
PCSK1N,0.1264388,0.0,0.0
PCSK2,0.48431912,0.0,0.0
PCSK4,0.23939988,0.0,-1.0
PCSK5,0.36652792,0.0,-1.0
PCSK6,0.27603963,0.0,-1.0
PCSK7,0.5737962,1.0,-1.0
PCSK9,0.30433223,0.0,-1.0
PCTP,0.058479883,0.0,0.0
PCYOX1,0.18685113,0.0,0.0
PCYOX1L,0.11000803,0.0,0.0
PCYT1A,0.312557,0.0,-1.0
PCYT1B,0.2784222,0.0,-1.0
PCYT2,0.070653416,0.0,0.0
PDAP1,0.21176973,0.0,-1.0
PDC,0.19610465,0.0,0.0
PDCD1,0.36253998,0.0,1.0
PDCD10,0.16725124,0.0,-1.0
PDCD11,0.2926123,0.0,-1.0
PDCD1LG2,0.37438762,0.0,1.0
PDCD2,0.15056644,0.0,-1.0
PDCD2L,0.10729522,0.0,-1.0
PDCD4,0.6232257,1.0,-1.0
PDCD5,0.08561724,0.0,-1.0
PDCD6,0.39927462,0.0,-1.0
PDCD6IP,0.47279724,0.0,0.0
PDCD7,0.24533612,0.0,0.0
PDCL,0.39043173,0.0,0.0
PDCL2,0.0531573,0.0,0.0
PDCL3,0.20093912,0.0,0.0
PDE10A,0.40149418,0.0,0.0
PDE11A,0.28505865,0.0,-1.0
PDE12,0.18163978,0.0,0.0
PDE1A,0.26579636,0.0,0.0
PDE1B,0.20872687,0.0,0.0
PDE1C,0.30988866,0.0,0.0
PDE2A,0.36501464,0.0,0.0
PDE3A,0.3902879,0.0,0.0
PDE3B,0.3691806,0.0,0.0
PDE4A,0.28200266,0.0,-1.0
PDE4B,0.78775615,1.0,0.0
PDE4C,0.4016214,0.0,0.0
PDE4D,0.57935673,1.0,-1.0
PDE4DIP,0.25717297,0.0,1.0
PDE5A,0.3630777,0.0,0.0
PDE6A,0.26236758,0.0,-1.0
PDE6B,0.16761105,0.0,-1.0
PDE6C,0.13672353,0.0,-1.0
PDE6D,0.2549688,0.0,0.0
PDE6G,0.3890806,0.0,-1.0
PDE6H,0.19531432,0.0,-1.0
PDE7A,0.3365988,0.0,0.0
PDE7B,0.1962489,0.0,-1.0
PDE8A,0.26820904,0.0,0.0
PDE8B,0.30858502,0.0,-1.0
PDE9A,0.16877581,0.0,0.0
PDF,0.16010356,0.0,0.0
PDGFA,0.8817271,1.0,-1.0
PDGFB,0.9308505,1.0,1.0
PDGFC,0.7994231,1.0,-1.0
PDGFD,0.60970306,1.0,-1.0
PDGFRA,0.96451116,1.0,1.0
PDGFRB,0.9654341,1.0,1.0
PDGFRL,0.6364373,1.0,-1.0
PDHA1,0.21073759,0.0,-1.0
PDHA2,0.24161993,0.0,-1.0
PDHB,0.09330309,0.0,-1.0
PDHX,0.21307908,0.0,0.0
PDIA2,0.34798408,0.0,0.0
PDIA3,0.59419936,1.0,0.0
PDIA4,0.40660158,0.0,-1.0
PDIA5,0.2476243,0.0,0.0
PDIA6,0.33624494,0.0,0.0
PDIK1L,0.56173396,1.0,0.0
PDILT,0.06584922,0.0,0.0
PDK1,0.54225683,1.0,-1.0
PDK2,0.27960962,0.0,-1.0
PDK3,0.5276114,1.0,0.0
PDK4,0.2864616,0.0,0.0
PDLIM1,0.5295661,1.0,0.0
PDLIM2,0.34432572,0.0,0.0
PDLIM3,0.15388113,0.0,0.0
PDLIM4,0.57932776,1.0,0.0
PDLIM5,0.8205281,1.0,-1.0
PDLIM7,0.8140921,1.0,0.0
PDP1,0.59085083,1.0,0.0
PDP2,0.20374516,0.0,-1.0
PDPK1,0.94205296,1.0,-1.0
PDPK2P,0.088790715,0.0,0.0
PDPN,0.4904483,0.0,0.0
PDPR,0.103950344,0.0,0.0
PDRG1,0.19579479,0.0,0.0
PDS5A,0.7026309,1.0,-1.0
PDS5B,0.73593026,1.0,1.0
PDSS1,0.25891942,0.0,0.0
PDSS2,0.10883049,0.0,-1.0
PDX1,0.6274564,1.0,-1.0
PDXDC1,0.13218471,0.0,-1.0
PDXDC2P,0.06290793,0.0,0.0
PDXK,0.22766182,0.0,-1.0
PDXP,0.3286308,0.0,0.0
PDYN,0.3325373,0.0,-1.0
PDZD11,0.13050035,0.0,0.0
PDZD2,0.25214246,0.0,-1.0
PDZD3,0.11513614,0.0,0.0
PDZD4,0.112260796,0.0,0.0
PDZD7,0.13514476,0.0,-1.0
PDZD8,0.17144759,0.0,0.0
PDZD9,0.061013713,0.0,0.0
PDZK1,0.09474514,0.0,0.0
PDZK1IP1,0.12567751,0.0,-1.0
PDZRN3,0.34278288,0.0,-1.0
PDZRN4,0.4939744,0.0,-1.0
PEA15,0.64777905,1.0,-1.0
PEAK1,0.40956318,0.0,0.0
PEAR1,0.04870228,0.0,-1.0
PEBP1,0.2621657,0.0,-1.0
PEBP4,0.092871524,0.0,0.0
PECAM1,0.6808571,1.0,-1.0
PECR,0.095327444,0.0,0.0
PEDS1,0.15015438,0.0,0.0
PEDS1-UBE2V1,0.20537494,0.0,0.0
PEF1,0.114803925,0.0,0.0
PEG10,0.40598166,0.0,-1.0
PEG3,0.60035,1.0,-1.0
PELI1,0.5132688,1.0,0.0
PELI2,0.40011588,0.0,0.0
PELI3,0.1551388,0.0,-1.0
PELO,0.43572778,0.0,0.0
PELP1,0.5063103,1.0,0.0
PEMT,0.042770788,0.0,0.0
PENK,0.33961618,0.0,0.0
PEPD,0.20141985,0.0,-1.0
PER1,0.7023314,1.0,1.0
PER2,0.5456613,1.0,-1.0
PER3,0.20499973,0.0,-1.0
PERM1,0.009775975,0.0,-1.0
PERP,0.56087774,1.0,-1.0
PES1,0.25981,0.0,-1.0
PET100,0.041942038,0.0,0.0
PET117,0.20451458,0.0,0.0
PEX1,0.36503974,0.0,-1.0
PEX10,0.08034209,0.0,-1.0
PEX11A,0.13445236,0.0,0.0
PEX11B,0.11460891,0.0,0.0
PEX11G,0.07116216,0.0,0.0
PEX12,0.1542467,0.0,-1.0
PEX13,0.22888261,0.0,-1.0
PEX14,0.22630127,0.0,-1.0
PEX16,0.054448593,0.0,-1.0
PEX19,0.08260461,0.0,-1.0
PEX2,0.07443098,0.0,-1.0
PEX26,0.1384471,0.0,-1.0
PEX3,0.15463562,0.0,-1.0
PEX5,0.24836852,0.0,-1.0
PEX5L,0.25276697,0.0,0.0
PEX6,0.21866368,0.0,-1.0
PEX7,0.082084276,0.0,-1.0
PF4,0.38243493,0.0,-1.0
PF4V1,0.4216076,0.0,-1.0
PFAS,0.38765913,0.0,-1.0
PFDN1,0.08905602,0.0,0.0
PFDN2,0.17155547,0.0,0.0
PFDN4,0.2420407,0.0,0.0
PFDN5,0.12680304,0.0,0.0
PFDN6,0.18176252,0.0,0.0
PFKFB1,0.24484718,0.0,0.0
PFKFB2,0.37131524,0.0,-1.0
PFKFB3,0.55667853,1.0,-1.0
PFKFB4,0.31295258,0.0,-1.0
PFKL,0.39956796,0.0,-1.0
PFKM,0.40029868,0.0,-1.0
PFKP,0.6553233,1.0,-1.0
PFN1,0.5725499,1.0,-1.0
PFN2,0.6062107,1.0,0.0
PFN3,0.06446159,0.0,0.0
PFN4,0.101556204,0.0,0.0
PGA3,0.13798933,0.0,0.0
PGA4,0.058930777,0.0,0.0
PGA5,0.13121657,0.0,0.0
PGAM1,0.3598382,0.0,-1.0
PGAM2,0.2849363,0.0,-1.0
PGAM4,0.27139255,0.0,-1.0
PGAM5,0.41288757,0.0,0.0
PGAP1,0.47151208,0.0,0.0
PGAP2,0.11479721,0.0,-1.0
PGAP3,0.07189394,0.0,0.0
PGAP4,0.13446781,0.0,0.0
PGAP6,0.107938565,0.0,0.0
PGBD1,0.24984786,0.0,0.0
PGBD2,0.13053334,0.0,0.0
PGBD3,0.30006015,0.0,0.0
PGBD5,0.23148023,0.0,1.0
PGC,0.28003785,0.0,0.0
PGD,0.33676812,0.0,-1.0
PGF,0.7204288,1.0,-1.0
PGGHG,0.12502615,0.0,-1.0
PGGT1B,0.27306437,0.0,0.0
PGK1,0.5905112,1.0,-1.0
PGK2,0.09189815,0.0,0.0
PGLS,0.084872946,0.0,0.0
PGLYRP1,0.18469931,0.0,0.0
PGLYRP2,0.07429316,0.0,0.0
PGLYRP3,0.024541352,0.0,0.0
PGLYRP4,0.21977857,0.0,0.0
PGM1,0.24781772,0.0,-1.0
PGM2,0.22343853,0.0,0.0
PGM2L1,0.1420298,0.0,0.0
PGM3,0.23010503,0.0,0.0
PGM5,0.23590405,0.0,0.0
PGP,0.15876885,0.0,0.0
PGPEP1,0.10309471,0.0,0.0
PGR,0.83089465,1.0,1.0
PGRMC1,0.048354212,0.0,0.0
PGRMC2,0.15295038,0.0,0.0
PGS1,0.058219533,0.0,0.0
PHACTR1,0.16373831,0.0,0.0
PHACTR2,0.38799754,0.0,0.0
PHACTR3,0.1538725,0.0,0.0
PHACTR4,0.33588004,0.0,0.0
PHAF1,0.25278485,0.0,0.0
PHAX,0.26833224,0.0,-1.0
PHB1,0.19933745,0.0,-1.0
PHB2,0.39605471,0.0,0.0
PHC1,0.35159558,0.0,0.0
PHC2,0.58268476,1.0,-1.0
PHC3,0.62982184,1.0,0.0
PHETA1,0.2225694,0.0,0.0
PHETA2,0.24562082,0.0,0.0
PHEX,0.23171984,0.0,-1.0
PHF1,0.6131579,1.0,-1.0
PHF10,0.27645865,0.0,0.0
PHF11,0.41597798,0.0,0.0
PHF12,0.44628617,0.0,0.0
PHF13,0.12940173,0.0,0.0
PHF14,0.5407233,1.0,0.0
PHF19,0.6149528,1.0,0.0
PHF2,0.37356055,0.0,0.0
PHF20,0.483412,0.0,-1.0
PHF20L1,0.6252649,1.0,0.0
PHF21A,0.7273184,1.0,-1.0
PHF21B,0.16179483,0.0,0.0
PHF23,0.1765023,0.0,-1.0
PHF24,0.2488021,0.0,0.0
PHF3,0.663096,1.0,-1.0
PHF5A,0.19084574,0.0,-1.0
PHF6,0.38157994,0.0,1.0
PHF7,0.31665033,0.0,0.0
PHF8,0.48029092,0.0,-1.0
PHGDH,0.7960159,1.0,-1.0
PHGR1,0.016248679,0.0,0.0
PHIP,0.6511289,1.0,-1.0
PHKA1,0.20462224,0.0,-1.0
PHKA2,0.39220273,0.0,-1.0
PHKB,0.38771117,0.0,-1.0
PHKG1,0.35153246,0.0,0.0
PHKG2,0.44885513,0.0,-1.0
PHLDA1,0.5891144,1.0,-1.0
PHLDA2,0.41936204,0.0,0.0
PHLDA3,0.24209245,0.0,0.0
PHLDB1,0.33527565,0.0,0.0
PHLDB2,0.508422,1.0,0.0
PHLDB3,0.15631802,0.0,0.0
PHLPP1,0.7155796,1.0,-1.0
PHLPP2,0.26494834,0.0,-1.0
PHOSPHO1,0.058992293,0.0,0.0
PHOSPHO2,0.122722924,0.0,0.0
PHOX2A,0.3478113,0.0,0.0
PHOX2B,0.58056283,1.0,1.0
PHPT1,0.06559684,0.0,0.0
PHRF1,0.28698483,0.0,0.0
PHTF1,0.26542664,0.0,0.0
PHTF2,0.4151124,0.0,0.0
PHYH,0.06408154,0.0,-1.0
PHYHD1,0.026701383,0.0,-1.0
PHYHIP,0.29877967,0.0,0.0
PHYHIPL,0.09938988,0.0,0.0
PHYKPL,0.105143294,0.0,0.0
PI15,0.2623013,0.0,0.0
PI16,0.04669629,0.0,0.0
PI3,0.40487212,0.0,0.0
PI4K2A,0.462561,0.0,0.0
PI4K2B,0.45295498,0.0,0.0
PI4KA,0.29099038,0.0,-1.0
PI4KAP1,2.310043e-09,0.0,0.0
PI4KAP2,4.483573e-10,0.0,0.0
PI4KB,0.3495486,0.0,0.0
PIANP,0.08688546,0.0,0.0
PIAS1,0.8527207,1.0,-1.0
PIAS2,0.67664677,1.0,0.0
PIAS3,0.6184006,1.0,-1.0
PIAS4,0.6725127,1.0,0.0
PIBF1,0.34512588,0.0,0.0
PICALM,0.83041257,1.0,1.0
PICK1,0.5722598,1.0,-1.0
PID1,0.21021968,0.0,0.0
PIDD1,0.23330286,0.0,0.0
PIEZO1,0.42720345,0.0,0.0
PIEZO2,0.21950808,0.0,-1.0
PIF1,0.41106775,0.0,0.0
PIFO,0.045679323,0.0,0.0
PIGA,0.3554362,0.0,1.0
PIGB,0.19156256,0.0,0.0
PIGC,0.07380511,0.0,-1.0
PIGF,0.047524698,0.0,0.0
PIGG,0.10714567,0.0,0.0
PIGH,0.060420584,0.0,0.0
PIGK,0.07554295,0.0,0.0
PIGL,0.14943825,0.0,0.0
PIGM,0.08314891,0.0,0.0
PIGN,0.18655863,0.0,0.0
PIGO,0.06636844,0.0,0.0
PIGP,0.036120947,0.0,0.0
PIGQ,0.17010115,0.0,0.0
PIGR,0.26736578,0.0,-1.0
PIGS,0.15665239,0.0,0.0
PIGT,0.08449502,0.0,-1.0
PIGU,0.12676063,0.0,0.0
PIGV,0.051103383,0.0,-1.0
PIGW,0.11647261,0.0,0.0
PIGX,0.06616644,0.0,0.0
PIGY,0.084217444,0.0,-1.0
PIGZ,0.055272654,0.0,0.0
PIH1D1,0.13964622,0.0,0.0
PIH1D2,0.09300703,0.0,0.0
PIK3AP1,0.37646115,0.0,-1.0
PIK3C2A,0.8964353,1.0,-1.0
PIK3C2B,0.8102895,1.0,-1.0
PIK3C2G,0.59574383,1.0,-1.0
PIK3C3,0.8765146,1.0,-1.0
PIK3CA,0.983428,1.0,1.0
PIK3CB,0.9488215,1.0,1.0
PIK3CD,0.95473063,1.0,1.0
PIK3CG,0.9683576,1.0,1.0
PIK3IP1,0.28468928,0.0,-1.0
PIK3R1,0.9628334,1.0,1.0
PIK3R2,0.87950915,1.0,1.0
PIK3R3,0.8480933,1.0,1.0
PIK3R4,0.5125412,1.0,-1.0
PIK3R5,0.7142688,1.0,-1.0
PIK3R6,0.44302565,0.0,-1.0
PIKFYVE,0.80455357,1.0,-1.0
PILRA,0.14992994,0.0,0.0
PILRB,0.17519733,0.0,0.0
PIM1,0.8916526,1.0,1.0
PIM2,0.7111819,1.0,-1.0
PIM3,0.7070452,1.0,-1.0
PIMREG,0.5199815,1.0,-1.0
PIN1,0.5703359,1.0,0.0
PIN1P1,7.1351013e-07,0.0,0.0
PIN4,0.14454903,0.0,0.0
PINK1,0.40128943,0.0,-1.0
PINLYP,0.0027664208,0.0,0.0
PINX1,0.14915642,0.0,0.0
PIP,0.1606857,0.0,0.0
PIP4K2A,0.85461235,1.0,-1.0
PIP4K2B,0.576648,1.0,0.0
PIP4K2C,0.7082541,1.0,0.0
PIP4P1,0.24559304,0.0,0.0
PIP4P2,0.20629779,0.0,0.0
PIP5K1A,0.89891714,1.0,-1.0
PIP5K1B,0.83064544,1.0,-1.0
PIP5K1C,0.8425259,1.0,-1.0
PIP5KL1,0.26179105,0.0,0.0
PIPOX,0.18630949,0.0,0.0
PIPSL,0.07431615,0.0,0.0
PIR,0.20295164,0.0,0.0
PIRT,0.016286619,0.0,0.0
PISD,0.16127943,0.0,0.0
PITHD1,0.18848749,0.0,0.0
PITPNA,0.5903187,1.0,0.0
PITPNB,0.3219479,0.0,0.0
PITPNC1,0.25549865,0.0,0.0
PITPNM1,0.25580928,0.0,0.0
PITPNM2,0.14584656,0.0,-1.0
PITPNM3,0.23005547,0.0,-1.0
PITRM1,0.05275879,0.0,0.0
PITX1,0.4386273,0.0,-1.0
PITX2,0.75985944,1.0,0.0
PITX3,0.38190946,0.0,-1.0
PIWIL1,0.27010757,0.0,-1.0
PIWIL2,0.23026279,0.0,-1.0
PIWIL3,0.17080575,0.0,0.0
PIWIL4,0.23898458,0.0,0.0
PJA1,0.25705248,0.0,0.0
PJA2,0.5200276,1.0,0.0
PJVK,0.029652026,0.0,0.0
PKD1,0.6773056,1.0,-1.0
PKD1L1,0.19901754,0.0,-1.0
PKD1L1-AS1,0.19226085,0.0,-1.0
PKD1L2,0.0005615234,0.0,-1.0
PKD1L3,0.0035976737,0.0,0.0
PKD2,0.73407036,1.0,-1.0
PKD2L1,0.095024556,0.0,0.0
PKD2L2,0.13284977,0.0,0.0
PKDCC,0.35675764,0.0,-1.0
PKDREJ,0.26522347,0.0,-1.0
PKHD1,0.25345537,0.0,-1.0
PKHD1L1,0.34443027,0.0,-1.0
PKIA,0.28878528,0.0,0.0
PKIB,0.10802606,0.0,0.0
PKIG,0.14344929,0.0,-1.0
PKLR,0.5402445,1.0,0.0
PKM,0.8602408,1.0,-1.0
PKMYT1,0.8011501,1.0,0.0
PKN1,0.8118147,1.0,-1.0
PKN2,0.8950842,1.0,0.0
PKN3,0.72771627,1.0,0.0
PKNOX1,0.7154852,1.0,-1.0
PKNOX2,0.5090796,1.0,0.0
PKP1,0.51517177,1.0,-1.0
PKP2,0.6831624,1.0,-1.0
PKP3,0.5971548,1.0,0.0
PKP4,0.74969274,1.0,-1.0
PLA1A,0.2030015,0.0,-1.0
PLA2G10,0.074444376,0.0,0.0
PLA2G12A,0.05670169,0.0,0.0
PLA2G12B,0.046313398,0.0,0.0
PLA2G15,0.0911455,0.0,0.0
PLA2G1B,0.16837685,0.0,0.0
PLA2G2A,0.14170529,0.0,-1.0
PLA2G2C,0.019953145,0.0,0.0
PLA2G2D,0.16525255,0.0,0.0
PLA2G2E,0.022951318,0.0,0.0
PLA2G2F,0.08382492,0.0,0.0
PLA2G3,0.060132828,0.0,0.0
PLA2G4A,0.59098893,1.0,-1.0
PLA2G4B,0.055538345,0.0,-1.0
PLA2G4C,0.055787936,0.0,-1.0
PLA2G4D,0.025030443,0.0,-1.0
PLA2G4E,0.050755102,0.0,-1.0
PLA2G4F,0.23176968,0.0,-1.0
PLA2G5,0.11339264,0.0,0.0
PLA2G6,0.5808912,1.0,-1.0
PLA2G7,0.32544443,0.0,-1.0
PLA2R1,0.15695086,0.0,-1.0
PLAA,0.2846183,0.0,0.0
PLAAT1,0.056451745,0.0,0.0
PLAAT2,0.12410182,0.0,0.0
PLAAT3,0.0331633,0.0,0.0
PLAAT4,0.32887146,0.0,-1.0
PLAAT5,0.061621334,0.0,0.0
PLAC1,0.23231627,0.0,0.0
PLAC8,0.30144316,0.0,-1.0
PLAC8L1,0.062113203,0.0,0.0
PLAC9,0.06144341,0.0,0.0
PLAG1,0.7298516,1.0,1.0
PLAGL1,0.808987,1.0,-1.0
PLAGL2,0.5476468,1.0,-1.0
PLAT,0.83905303,1.0,-1.0
PLAU,0.8653728,1.0,-1.0
PLAUR,0.8056417,1.0,-1.0
PLB1,0.025667096,0.0,-1.0
PLBD1,0.09805997,0.0,0.0
PLBD2,0.13325787,0.0,0.0
PLCB1,0.7376017,1.0,-1.0
PLCB2,0.6095047,1.0,-1.0
PLCB3,0.6804471,1.0,-1.0
PLCB4,0.54412496,1.0,-1.0
PLCD1,0.5493208,1.0,-1.0
PLCD3,0.25901535,0.0,0.0
PLCD4,0.39715987,0.0,0.0
PLCE1,0.4294896,0.0,-1.0
PLCG1,0.88530177,1.0,1.0
PLCG2,0.8314011,1.0,1.0
PLCH1,0.31246337,0.0,0.0
PLCH2,0.28702486,0.0,-1.0
PLCL1,0.33450693,0.0,-1.0
PLCL2,0.18816672,0.0,0.0
PLCXD1,0.24933696,0.0,0.0
PLCXD2,0.14567621,0.0,0.0
PLCXD3,0.082893185,0.0,0.0
PLCZ1,0.13964455,0.0,0.0
PLD1,0.20774244,0.0,-1.0
PLD2,0.6108392,1.0,-1.0
PLD3,0.19254579,0.0,0.0
PLD4,0.024673104,0.0,0.0
PLD5,0.022088164,0.0,0.0
PLD6,0.027886689,0.0,0.0
PLEC,0.8987946,1.0,-1.0
PLEK,0.7192421,1.0,0.0
PLEK2,0.21980605,0.0,-1.0
PLEKHA1,0.48337805,0.0,0.0
PLEKHA2,0.27189294,0.0,-1.0
PLEKHA3,0.11137423,0.0,0.0
PLEKHA4,0.15913847,0.0,0.0
PLEKHA5,0.4414962,0.0,0.0
PLEKHA6,0.27277383,0.0,0.0
PLEKHA7,0.24532211,0.0,0.0
PLEKHA8,0.124276824,0.0,-1.0
PLEKHA8P1,0.020182423,0.0,0.0
PLEKHB1,0.17379978,0.0,-1.0
PLEKHB2,0.24530229,0.0,0.0
PLEKHD1,7.880154e-09,0.0,0.0
PLEKHF1,0.07298729,0.0,0.0
PLEKHF2,0.28349817,0.0,0.0
PLEKHG1,0.18607704,0.0,0.0
PLEKHG2,0.34840456,0.0,-1.0
PLEKHG3,0.4072238,0.0,0.0
PLEKHG4,0.15379156,0.0,0.0
PLEKHG4B,0.023338435,0.0,0.0
PLEKHG5,0.36545202,0.0,-1.0
PLEKHG6,0.2207162,0.0,0.0
PLEKHG7,0.056895085,0.0,0.0
PLEKHH1,0.060133565,0.0,0.0
PLEKHH2,0.20942432,0.0,0.0
PLEKHH3,0.24201138,0.0,0.0
PLEKHJ1,0.07275347,0.0,0.0
PLEKHM1,0.11964839,0.0,-1.0
PLEKHM2,0.1617952,0.0,0.0
PLEKHM3,0.2215587,0.0,-1.0
PLEKHN1,0.124323525,0.0,0.0
PLEKHO1,0.27835822,0.0,0.0
PLEKHO2,0.39390132,0.0,0.0
PLEKHS1,0.11458148,0.0,-1.0
PLET1,0.014514694,0.0,0.0
PLG,0.36703065,0.0,-1.0
PLGLB1,0.1265067,0.0,0.0
PLGLB2,0.12433389,0.0,0.0
PLGRKT,0.05076565,0.0,0.0
PLIN1,0.22392051,0.0,-1.0
PLIN2,0.48263335,0.0,0.0
PLIN3,0.26974928,0.0,0.0
PLIN4,0.027435157,0.0,0.0
PLIN5,0.025493464,0.0,0.0
PLK1,0.9181556,1.0,-1.0
PLK2,0.8763003,1.0,-1.0
PLK3,0.8339004,1.0,-1.0
PLK4,0.7492237,1.0,-1.0
PLK5,0.2376159,0.0,0.0
PLLP,0.06980889,0.0,0.0
PLN,0.12570511,0.0,-1.0
PLOD1,0.5589284,1.0,-1.0
PLOD2,0.7551975,1.0,-1.0
PLOD3,0.4501272,0.0,0.0
PLP1,0.1918682,0.0,-1.0
PLP2,0.1331861,0.0,0.0
PLPBP,0.10570761,0.0,0.0
PLPP1,0.30493402,0.0,-1.0
PLPP2,0.09430493,0.0,-1.0
PLPP3,0.4748604,0.0,-1.0
PLPP4,0.041986726,0.0,0.0
PLPP5,0.08160902,0.0,0.0
PLPP6,0.035921182,0.0,0.0
PLPP7,0.05200965,0.0,0.0
PLPPR1,0.23169391,0.0,0.0
PLPPR2,0.08390406,0.0,0.0
PLPPR3,0.09982011,0.0,0.0
PLPPR4,0.31727424,0.0,0.0
PLPPR5,0.1245948,0.0,0.0
PLRG1,0.35391048,0.0,-1.0
PLS1,0.6259713,1.0,0.0
PLS3,0.7562841,1.0,0.0
PLSCR1,0.61436033,1.0,0.0
PLSCR2,0.13631743,0.0,-1.0
PLSCR3,0.076297775,0.0,0.0
PLSCR4,0.2791678,0.0,-1.0
PLTP,0.26058507,0.0,0.0
PLVAP,0.2403171,0.0,0.0
PLXDC1,0.37339875,0.0,-1.0
PLXDC2,0.13964155,0.0,0.0
PLXNA1,0.41346964,0.0,0.0
PLXNA2,0.40794364,0.0,-1.0
PLXNA3,0.4693588,0.0,-1.0
PLXNA4,0.24772516,0.0,0.0
PLXNB1,0.54070604,1.0,-1.0
PLXNB2,0.3963958,0.0,-1.0
PLXNB3,0.20023936,0.0,0.0
PLXNC1,0.6184541,1.0,0.0
PLXND1,0.53349155,1.0,-1.0
PM20D1,0.052443616,0.0,-1.0
PM20D2,0.11186202,0.0,0.0
PMAIP1,0.7365527,1.0,1.0
PMCH,0.25071713,0.0,0.0
PMEL,0.3052384,0.0,-1.0
PMEPA1,0.4192306,0.0,-1.0
PMF1,0.2795714,0.0,0.0
PMF1-BGLAP,0.28101647,0.0,0.0
PMFBP1,0.17829773,0.0,0.0
PML,0.9176143,1.0,1.0
PMM1,0.1702449,0.0,0.0
PMM2,0.23101996,0.0,-1.0
PMP2,0.25258386,0.0,0.0
PMP22,0.5847655,1.0,-1.0
PMPCA,0.08310696,0.0,-1.0
PMPCB,0.15787809,0.0,0.0
PMS1,0.5532888,1.0,1.0
PMS2,0.5068218,1.0,1.0
PMS2P1,0.18620968,0.0,0.0
PMS2P3,0.20741673,0.0,0.0
PMS2P5,0.17735286,0.0,0.0
PMVK,0.03510173,0.0,0.0
PNCK,0.33846545,0.0,0.0
PNISR,0.57589304,1.0,0.0
PNKD,0.17069711,0.0,-1.0
PNKP,0.16858302,0.0,0.0
PNLDC1,0.009426044,0.0,0.0
PNLIP,0.106340736,0.0,0.0
PNLIPRP1,0.069321394,0.0,0.0
PNLIPRP2,0.07426752,0.0,0.0
PNLIPRP3,0.0018641399,0.0,-1.0
PNMA1,0.21318232,0.0,-1.0
PNMA2,0.35398766,0.0,0.0
PNMA3,0.22734824,0.0,0.0
PNMA5,0.1324417,0.0,0.0
PNMA6A,0.019054929,0.0,0.0
PNMA8A,0.12748949,0.0,0.0
PNMA8B,0.1479548,0.0,0.0
PNMT,0.27279556,0.0,0.0
PNN,0.4954797,0.0,-1.0
PNO1,0.17927264,0.0,0.0
PNOC,0.26147676,0.0,0.0
PNP,0.51869464,1.0,0.0
PNPLA1,0.07606017,0.0,0.0
PNPLA2,0.17146918,0.0,-1.0
PNPLA3,0.089137465,0.0,0.0
PNPLA4,0.063827105,0.0,0.0
PNPLA5,0.12830888,0.0,0.0
PNPLA6,0.38488376,0.0,-1.0
PNPLA7,0.084032245,0.0,-1.0
PNPLA8,0.13197967,0.0,-1.0
PNPO,0.10983891,0.0,0.0
PNPT1,0.18885493,0.0,0.0
PNRC1,0.6244427,1.0,-1.0
PNRC2,0.25555867,0.0,0.0
POC1A,0.48382384,0.0,0.0
POC1B,0.24612519,0.0,0.0
POC1B-GALNT4,0.13724864,0.0,0.0
POC5,0.26269636,0.0,-1.0
PODN,0.19702347,0.0,0.0
PODNL1,0.3100409,0.0,-1.0
PODXL,0.56292814,1.0,0.0
PODXL2,0.09483252,0.0,0.0
POF1B,0.18427822,0.0,-1.0
POFUT1,0.17151427,0.0,0.0
POFUT2,0.27050263,0.0,0.0
POGK,0.25689185,0.0,0.0
POGLUT1,0.13861199,0.0,-1.0
POGLUT2,0.28442505,0.0,0.0
POGLUT3,0.10679094,0.0,0.0
POGZ,0.7843989,1.0,0.0
POLA1,0.78538805,1.0,-1.0
POLA2,0.5939075,1.0,0.0
POLB,0.22332546,0.0,0.0
POLD1,0.683504,1.0,1.0
POLD2,0.20806628,0.0,0.0
POLD3,0.5483989,1.0,-1.0
POLD4,0.19369718,0.0,0.0
POLDIP2,0.0980646,0.0,0.0
POLDIP3,0.40142292,0.0,-1.0
POLE,0.7942765,1.0,1.0
POLE2,0.54668176,1.0,-1.0
POLE3,0.36281863,0.0,0.0
POLE4,0.15152465,0.0,0.0
POLG,0.3555173,0.0,1.0
POLG2,0.18129498,0.0,-1.0
POLH,0.47218654,0.0,-1.0
POLI,0.42502844,0.0,0.0
POLK,0.39826494,0.0,-1.0
POLL,0.3190128,0.0,0.0
POLM,0.2620048,0.0,-1.0
POLN,0.18390438,0.0,0.0
POLQ,0.55104595,1.0,1.0
POLR1A,0.47224793,0.0,0.0
POLR1B,0.48700655,0.0,0.0
POLR1C,0.32210222,0.0,-1.0
POLR1D,0.1626174,0.0,-1.0
POLR1E,0.23568396,0.0,0.0
POLR1F,0.22683974,0.0,0.0
POLR1G,0.3328807,0.0,-1.0
POLR1H,0.20398483,0.0,0.0
POLR2A,0.8459427,1.0,0.0
POLR2B,0.6600605,1.0,0.0
POLR2C,0.49915287,0.0,0.0
POLR2D,0.5895331,1.0,-1.0
POLR2E,0.3594179,0.0,0.0
POLR2F,0.15651272,0.0,0.0
POLR2G,0.18528979,0.0,0.0
POLR2H,0.17829484,0.0,0.0
POLR2I,0.15399136,0.0,0.0
POLR2J,0.1960518,0.0,0.0
POLR2J2,0.20253675,0.0,0.0
POLR2J3,0.16341391,0.0,0.0
POLR2J4,0.016804017,0.0,0.0
POLR2K,0.21227194,0.0,0.0
POLR2L,0.16855896,0.0,0.0
POLR2M,0.1538411,0.0,0.0
POLR3A,0.44289824,0.0,0.0
POLR3B,0.27338013,0.0,0.0
POLR3C,0.25163022,0.0,0.0
POLR3D,0.1982357,0.0,0.0
POLR3E,0.1788113,0.0,-1.0
POLR3F,0.24710914,0.0,0.0
POLR3G,0.24786444,0.0,0.0
POLR3GL,0.18189761,0.0,0.0
POLR3H,0.20397285,0.0,0.0
POLR3K,0.1494141,0.0,0.0
POLRMT,0.18076773,0.0,-1.0
POM121,0.4069737,0.0,0.0
POM121C,0.2579356,0.0,0.0
POM121L12,0.034040753,0.0,0.0
POM121L2,0.2317801,0.0,0.0
POM121L4P,1.9728895e-05,0.0,0.0
POM121L8P,0.020277368,0.0,0.0
POMC,0.5366551,1.0,-1.0
POMGNT1,0.116605744,0.0,-1.0
POMGNT2,0.11389419,0.0,0.0
POMK,0.07160115,0.0,0.0
POMP,0.043121304,0.0,0.0
POMT1,0.072497986,0.0,-1.0
POMT2,0.08183221,0.0,-1.0
POMZP3,0.17363615,0.0,0.0
PON1,0.26424938,0.0,-1.0
PON2,0.42163923,0.0,0.0
PON3,0.11049029,0.0,0.0
POP1,0.36178082,0.0,0.0
POP4,0.03415751,0.0,0.0
POP5,0.034502644,0.0,0.0
POP7,0.13761914,0.0,0.0
POPDC2,0.020725591,0.0,0.0
POPDC3,0.0278307,0.0,0.0
POR,0.4215114,0.0,-1.0
PORCN,0.29827574,0.0,-1.0
POSTN,0.65484387,1.0,0.0
POT1,0.5518948,1.0,1.0
POTEA,0.0031740104,0.0,0.0
POTEB,0.078176014,0.0,0.0
POTEB2,0.051956743,0.0,0.0
POTEB3,0.017985882,0.0,0.0
POTEC,0.09375837,0.0,-1.0
POTED,0.064365275,0.0,0.0
POTEE,0.48220396,0.0,0.0
POTEF,0.18888465,0.0,0.0
POTEG,0.06655432,0.0,0.0
POTEH,0.09329507,0.0,0.0
POTEI,0.076594986,0.0,0.0
POTEJ,0.13603242,0.0,0.0
POTEKP,0.14350891,0.0,0.0
POTEM,3.5509925e-07,0.0,0.0
POU1F1,0.20714903,0.0,-1.0
POU2AF1,0.27202085,0.0,1.0
POU2F1,0.9088382,1.0,-1.0
POU2F2,0.66204214,1.0,-1.0
POU2F3,0.23722023,0.0,0.0
POU3F1,0.5740034,1.0,0.0
POU3F2,0.62892735,1.0,-1.0
POU3F3,0.48568404,0.0,-1.0
POU3F4,0.4750079,0.0,-1.0
POU4F1,0.61282754,1.0,-1.0
POU4F2,0.5233354,1.0,0.0
POU4F3,0.28335392,0.0,0.0
POU5F1,0.8909663,1.0,1.0
POU5F1B,0.17702651,0.0,0.0
POU5F2,0.09489442,0.0,0.0
POU6F1,0.38449743,0.0,0.0
POU6F2,0.5060394,1.0,-1.0
PP2D1,0.08669543,0.0,0.0
PPA1,0.20592633,0.0,0.0
PPA2,0.09865181,0.0,0.0
PPAN,0.20376815,0.0,0.0
PPAN-P2RY11,0.18923162,0.0,0.0
PPARA,0.76704484,1.0,0.0
PPARD,0.6486661,1.0,-1.0
PPARG,0.85267025,1.0,1.0
PPARGC1A,0.68787223,1.0,0.0
PPARGC1B,0.26504275,0.0,0.0
PPAT,0.38684234,0.0,-1.0
PPBP,0.4830087,0.0,0.0
PPCDC,0.5566088,1.0,0.0
PPCS,0.05276823,0.0,0.0
PPDPF,0.13257393,0.0,0.0
PPDPFL,0.023691347,0.0,0.0
PPEF1,0.4414528,0.0,0.0
PPEF2,0.27500665,0.0,0.0
PPFIA1,0.6937058,1.0,0.0
PPFIA2,0.43474418,0.0,0.0
PPFIA3,0.3720101,0.0,0.0
PPFIA4,0.27991578,0.0,0.0
PPFIBP1,0.42694703,0.0,1.0
PPFIBP2,0.16053298,0.0,0.0
PPHLN1,0.3073203,0.0,0.0
PPIA,0.6057051,1.0,0.0
PPIAL4A,0.1690149,0.0,0.0
PPIAL4C,3.0585896e-12,0.0,0.0
PPIAL4D,2.2910072e-10,0.0,0.0
PPIAL4E,3.6561145e-05,0.0,0.0
PPIAL4G,3.3885206e-06,0.0,-1.0
PPIB,0.32413042,0.0,-1.0
PPIC,0.48853764,0.0,0.0
PPID,0.28377965,0.0,0.0
PPIE,0.33323967,0.0,0.0
PPIF,0.5139796,1.0,0.0
PPIG,0.5286433,1.0,-1.0
PPIH,0.2482616,0.0,0.0
PPIL1,0.14359243,0.0,-1.0
PPIL2,0.20585246,0.0,0.0
PPIL3,0.15294492,0.0,0.0
PPIL4,0.23467648,0.0,-1.0
PPIL6,0.118199214,0.0,0.0
PPIP5K1,0.10693912,0.0,0.0
PPIP5K2,0.41790402,0.0,0.0
PPL,0.33222294,0.0,0.0
PPM1A,0.8556363,1.0,0.0
PPM1B,0.8671402,1.0,0.0
PPM1D,0.7240505,1.0,1.0
PPM1E,0.859521,1.0,-1.0
PPM1F,0.8306165,1.0,-1.0
PPM1G,0.4462465,0.0,0.0
PPM1H,0.27084917,0.0,0.0
PPM1J,0.08504102,0.0,-1.0
PPM1K,0.7533118,1.0,0.0
PPM1L,0.76699597,1.0,-1.0
PPM1M,0.1422483,0.0,0.0
PPM1N,0.11807115,0.0,0.0
PPME1,0.3342949,0.0,0.0
PPOX,0.12874307,0.0,-1.0
PPP1CA,0.6732921,1.0,-1.0
PPP1CB,0.78470874,1.0,-1.0
PPP1CC,0.73000354,1.0,-1.0
PPP1R10,0.4262604,0.0,0.0
PPP1R11,0.14549051,0.0,0.0
PPP1R12A,0.90468436,1.0,-1.0
PPP1R12B,0.37247854,0.0,-1.0
PPP1R12C,0.18581991,0.0,-1.0
PPP1R13B,0.4426425,0.0,0.0
PPP1R13L,0.59599864,1.0,-1.0
PPP1R14A,0.27161223,0.0,0.0
PPP1R14B,0.14794311,0.0,-1.0
PPP1R14C,0.09255946,0.0,0.0
PPP1R14D,0.20921172,0.0,0.0
PPP1R15A,0.73362297,1.0,-1.0
PPP1R15B,0.28082418,0.0,0.0
PPP1R16A,0.20336613,0.0,0.0
PPP1R16B,0.73900723,1.0,-1.0
PPP1R17,0.24104403,0.0,0.0
PPP1R18,0.49344602,0.0,0.0
PPP1R1A,0.16486698,0.0,-1.0
PPP1R1B,0.3289348,0.0,-1.0
PPP1R1C,0.022617424,0.0,0.0
PPP1R2,0.2153498,0.0,0.0
PPP1R21,0.18491091,0.0,0.0
PPP1R26,0.14482386,0.0,0.0
PPP1R27,0.10957939,0.0,0.0
PPP1R2B,0.2208387,0.0,0.0
PPP1R2C,0.001812921,0.0,0.0
PPP1R32,0.05902311,0.0,0.0
PPP1R35,0.12492256,0.0,0.0
PPP1R36,0.05200502,0.0,0.0
PPP1R37,0.19341055,0.0,0.0
PPP1R3A,0.1561195,0.0,-1.0
PPP1R3B,0.22994423,0.0,-1.0
PPP1R3C,0.27403826,0.0,0.0
PPP1R3D,0.4087766,0.0,0.0
PPP1R3E,0.13445242,0.0,0.0
PPP1R3F,0.1477768,0.0,0.0
PPP1R3G,0.100512326,0.0,0.0
PPP1R42,0.03636554,0.0,0.0
PPP1R7,0.16062771,0.0,0.0
PPP1R8,0.2517573,0.0,-1.0
PPP1R9A,0.28495514,0.0,-1.0
PPP1R9B,0.30353573,0.0,-1.0
PPP2CA,0.8089571,1.0,-1.0
PPP2CB,0.8043466,1.0,0.0
PPP2R1A,0.755409,1.0,1.0
PPP2R1B,0.7589469,1.0,0.0
PPP2R2A,0.6508518,1.0,1.0
PPP2R2B,0.86074775,1.0,-1.0
PPP2R2C,0.52860403,1.0,0.0
PPP2R2D,0.5415237,1.0,0.0
PPP2R3A,0.40628242,0.0,-1.0
PPP2R3B,0.25705934,0.0,0.0
PPP2R3C,0.22506264,0.0,0.0
PPP2R5A,0.7150273,1.0,-1.0
PPP2R5B,0.638857,1.0,0.0
PPP2R5C,0.7956587,1.0,-1.0
PPP2R5D,0.7133934,1.0,0.0
PPP2R5E,0.68358845,1.0,0.0
PPP3CA,0.92622614,1.0,-1.0
PPP3CB,0.8197744,1.0,-1.0
PPP3CC,0.7783838,1.0,-1.0
PPP3R1,0.73466927,1.0,-1.0
PPP3R2,0.24682839,0.0,-1.0
PPP4C,0.3431879,0.0,-1.0
PPP4R1,0.4934339,0.0,0.0
PPP4R2,0.23004861,0.0,-1.0
PPP4R3A,0.37621966,0.0,-1.0
PPP4R3B,0.32704312,0.0,-1.0
PPP4R4,0.024084434,0.0,0.0
PPP5C,0.7428941,1.0,0.0
PPP5D1P,0.15174367,0.0,0.0
PPP6C,0.4335986,0.0,1.0
PPP6R1,0.36174148,0.0,0.0
PPP6R2,0.2288666,0.0,-1.0
PPP6R3,0.5595056,1.0,0.0
PPRC1,0.38489115,0.0,0.0
PPT1,0.23052144,0.0,-1.0
PPT2,0.21544755,0.0,0.0
PPTC7,0.45190513,0.0,-1.0
PPWD1,0.4234885,0.0,0.0
PPY,0.36344996,0.0,0.0
PQBP1,0.20500112,0.0,-1.0
PRAC1,0.011078924,0.0,0.0
PRADC1,0.059718717,0.0,0.0
PRAF2,0.14888635,0.0,0.0
PRAG1,0.20285629,0.0,0.0
PRAM1,0.29430455,0.0,0.0
PRAME,0.40728024,0.0,-1.0
PRAMEF1,0.10129341,0.0,0.0
PRAMEF10,0.04262117,0.0,0.0
PRAMEF12,0.22364897,0.0,0.0
PRAMEF15,1.9970775e-11,0.0,0.0
PRAMEF17,0.057223085,0.0,0.0
PRAMEF2,7.706471e-07,0.0,0.0
PRAMEF4,7.632847e-08,0.0,-1.0
PRAMEF5,3.5384043e-11,0.0,0.0
PRAMEF8,3.2734966e-05,0.0,0.0
PRAP1,0.06491431,0.0,0.0
PRB1,0.27003947,0.0,0.0
PRB2,0.10873974,0.0,-1.0
PRB3,0.15414119,0.0,0.0
PRB4,0.22091794,0.0,-1.0
PRC1,0.65991974,1.0,0.0
PRCC,0.31651595,0.0,1.0
PRCD,3.2622465e-05,0.0,-1.0
PRCP,0.29419708,0.0,0.0
PRDM1,0.76897043,1.0,1.0
PRDM10,0.7870908,1.0,0.0
PRDM11,0.14668226,0.0,0.0
PRDM12,0.24729317,0.0,0.0
PRDM13,0.34748334,0.0,0.0
PRDM14,0.48576128,0.0,-1.0
PRDM15,0.23669259,0.0,0.0
PRDM16,0.4720194,0.0,1.0
PRDM2,0.73038703,1.0,1.0
PRDM4,0.3094113,0.0,0.0
PRDM5,0.477234,0.0,0.0
PRDM6,0.20709385,0.0,0.0
PRDM7,0.07622093,0.0,0.0
PRDM8,0.21828458,0.0,0.0
PRDM9,0.3405062,0.0,-1.0
PRDX1,0.38005656,0.0,-1.0
PRDX2,0.40543646,0.0,0.0
PRDX3,0.4113053,0.0,0.0
PRDX4,0.18451822,0.0,-1.0
PRDX5,0.1718202,0.0,0.0
PRDX6,0.2936685,0.0,0.0
PREB,0.11092132,0.0,0.0
PRELID1,0.04414856,0.0,0.0
PRELID2,0.0059301583,0.0,0.0
PRELID3A,0.019778974,0.0,0.0
PRELID3B,0.11115948,0.0,0.0
PRELP,0.5250358,1.0,0.0
PREP,0.26884922,0.0,0.0
PREPL,0.23094349,0.0,0.0
PREX1,0.5752561,1.0,-1.0
PREX2,0.34307522,0.0,1.0
PRF1,0.43824282,0.0,1.0
PRG2,0.054378215,0.0,0.0
PRG3,0.18842489,0.0,0.0
PRG4,0.16352394,0.0,-1.0
PRH1,0.113718905,0.0,0.0
PRH2,0.017731838,0.0,0.0
PRICKLE1,0.341687,0.0,-1.0
PRICKLE2,0.265004,0.0,-1.0
PRICKLE3,0.3678506,0.0,0.0
PRICKLE4,0.092260115,0.0,0.0
PRIM1,0.47525412,0.0,-1.0
PRIM2,0.6356206,1.0,0.0
PRIMA1,0.00030681732,0.0,0.0
PRIMPOL,0.15730126,0.0,0.0
PRKAA1,0.84458333,1.0,0.0
PRKAA2,0.89124024,1.0,0.0
PRKAB1,0.3945915,0.0,-1.0
PRKAB2,0.23549017,0.0,-1.0
PRKACA,0.9611021,1.0,1.0
PRKACB,0.9308239,1.0,-1.0
PRKACG,0.82508874,1.0,-1.0
PRKAG1,0.21194908,0.0,-1.0
PRKAG2,0.40477887,0.0,-1.0
PRKAG3,0.2688851,0.0,0.0
PRKAR1A,0.8432677,1.0,1.0
PRKAR1B,0.81638604,1.0,-1.0
PRKAR2A,0.82803154,1.0,-1.0
PRKAR2B,0.8250672,1.0,-1.0
PRKCA,0.9717544,1.0,-1.0
PRKCB,0.96216804,1.0,1.0
PRKCD,0.94121397,1.0,-1.0
PRKCE,0.943396,1.0,-1.0
PRKCG,0.885868,1.0,-1.0
PRKCH,0.9198482,1.0,-1.0
PRKCI,0.8379069,1.0,1.0
PRKCQ,0.8883669,1.0,-1.0
PRKCSH,0.26673442,0.0,0.0
PRKCZ,0.9103512,1.0,-1.0
PRKD1,0.8165223,1.0,-1.0
PRKD2,0.549569,1.0,-1.0
PRKD3,0.6584348,1.0,0.0
PRKDC,0.91058743,1.0,-1.0
PRKG1,0.84155494,1.0,-1.0
PRKG2,0.6565792,1.0,-1.0
PRKN,0.7534169,1.0,1.0
PRKRA,0.20975387,0.0,-1.0
PRKRIP1,0.22119585,0.0,0.0
PRKX,0.80274725,1.0,-1.0
PRKY,0.2980277,0.0,0.0
PRL,0.77736837,1.0,0.0
PRLH,0.23840486,0.0,0.0
PRLHR,0.09420718,0.0,0.0
PRLR,0.42989,0.0,-1.0
PRM1,0.08275049,0.0,0.0
PRM2,0.10969823,0.0,0.0
PRM3,0.04741602,0.0,0.0
PRMT1,0.42558923,0.0,0.0
PRMT2,0.31445697,0.0,-1.0
PRMT3,0.312936,0.0,0.0
PRMT5,0.5163538,1.0,-1.0
PRMT6,0.2751166,0.0,0.0
PRMT7,0.15722093,0.0,0.0
PRMT8,0.49890634,0.0,0.0
PRMT9,0.16420008,0.0,0.0
PRND,0.0722306,0.0,-1.0
PRNP,0.82941055,1.0,-1.0
PRNT,0.08831087,0.0,0.0
PROC,0.1774737,0.0,-1.0
PROCA1,0.052804574,0.0,0.0
PROCR,0.32883224,0.0,0.0
PRODH,0.26606587,0.0,0.0
PRODH2,0.105328314,0.0,0.0
PROK1,0.15837874,0.0,0.0
PROK2,0.16167884,0.0,-1.0
PROKR1,0.16811623,0.0,0.0
PROKR2,0.1598366,0.0,-1.0
PROM1,0.47377917,0.0,-1.0
PROM2,0.10637312,0.0,0.0
PROP1,0.029600982,0.0,-1.0
PRORP,0.12783784,0.0,0.0
PROS1,0.6474386,1.0,-1.0
PROSER1,0.32548675,0.0,-1.0
PROSER2,0.1719064,0.0,0.0
PROSER3,0.2380946,0.0,0.0
PROX1,0.44605348,0.0,-1.0
PROX2,0.007610428,0.0,0.0
PROZ,0.20427357,0.0,-1.0
PRPF18,0.27588266,0.0,0.0
PRPF19,0.34908924,0.0,0.0
PRPF3,0.3630523,0.0,-1.0
PRPF31,0.3753253,0.0,-1.0
PRPF38A,0.26003113,0.0,0.0
PRPF38B,0.38931632,0.0,-1.0
PRPF39,0.30898088,0.0,-1.0
PRPF4,0.3626297,0.0,0.0
PRPF40A,0.5615398,1.0,0.0
PRPF40B,0.24781676,0.0,1.0
PRPF4B,0.54845726,1.0,-1.0
PRPF6,0.40339905,0.0,-1.0
PRPF8,0.58306205,1.0,-1.0
PRPH,0.6144921,1.0,0.0
PRPH2,0.21865036,0.0,-1.0
PRPS1,0.32279563,0.0,-1.0
PRPS1L1,0.18936077,0.0,0.0
PRPS2,0.33045825,0.0,0.0
PRPSAP1,0.31027666,0.0,0.0
PRPSAP2,0.27118686,0.0,0.0
PRR11,0.40265962,0.0,0.0
PRR12,0.0029411146,0.0,0.0
PRR13,0.0783206,0.0,0.0
PRR14,0.22773257,0.0,0.0
PRR14L,0.21702908,0.0,0.0
PRR15,0.20894724,0.0,0.0
PRR15L,0.22043543,0.0,0.0
PRR16,0.32302126,0.0,0.0
PRR18,0.005665485,0.0,0.0
PRR19,0.13127746,0.0,0.0
PRR20A,0.13137607,0.0,0.0
PRR20C,0.024188403,0.0,0.0
PRR20D,0.12164141,0.0,0.0
PRR20E,0.16375142,0.0,0.0
PRR22,0.07573446,0.0,0.0
PRR23A,0.00020426507,0.0,0.0
PRR23B,0.0038057468,0.0,0.0
PRR23D1,0.07627201,0.0,0.0
PRR23D2,0.06334597,0.0,0.0
PRR29,0.011467272,0.0,0.0
PRR3,0.33151346,0.0,0.0
PRR30,0.055271175,0.0,0.0
PRR34,0.18558902,0.0,0.0
PRR35,0.06576351,0.0,0.0
PRR36,0.12314455,0.0,0.0
PRR4,0.10615011,0.0,0.0
PRR5,0.29372594,0.0,-1.0
PRR5-ARHGAP8,0.12503968,0.0,0.0
PRR5L,0.17944935,0.0,0.0
PRR7,0.04410077,0.0,0.0
PRR9,0.019870035,0.0,0.0
PRRC1,0.2273267,0.0,0.0
PRRC2A,0.3790788,0.0,0.0
PRRC2B,0.33793405,0.0,-1.0
PRRC2C,0.55674005,1.0,0.0
PRRG1,0.06539125,0.0,-1.0
PRRG2,0.21739815,0.0,0.0
PRRG3,0.18520685,0.0,0.0
PRRG4,0.23293574,0.0,0.0
PRRT1,0.0014307253,0.0,-1.0
PRRT2,0.36722746,0.0,-1.0
PRRT3,0.023228776,0.0,-1.0
PRRT4,0.024256013,0.0,0.0
PRRX1,0.770449,1.0,1.0
PRRX2,0.4555088,0.0,-1.0
PRSS1,0.3296534,0.0,-1.0
PRSS12,0.25769594,0.0,-1.0
PRSS16,0.16566508,0.0,0.0
PRSS2,0.045939084,0.0,0.0
PRSS21,0.116814174,0.0,0.0
PRSS22,0.29991624,0.0,0.0
PRSS23,0.5928764,1.0,0.0
PRSS27,0.085727304,0.0,0.0
PRSS3,0.47654998,0.0,-1.0
PRSS33,0.077227384,0.0,0.0
PRSS35,0.02401868,0.0,0.0
PRSS36,0.055857584,0.0,0.0
PRSS37,0.041740872,0.0,0.0
PRSS38,0.051892977,0.0,-1.0
PRSS3P2,0.004001521,0.0,0.0
PRSS40A,0.109040745,0.0,0.0
PRSS41,0.0003401004,0.0,0.0
PRSS42P,0.06161052,0.0,0.0
PRSS45P,0.05588334,0.0,0.0
PRSS46P,0.058316924,0.0,0.0
PRSS48,0.06226736,0.0,0.0
PRSS50,0.095730476,0.0,0.0
PRSS53,0.13735448,0.0,0.0
PRSS54,0.032803528,0.0,0.0
PRSS55,0.058852457,0.0,0.0
PRSS56,0.0030114085,0.0,0.0
PRSS57,0.045740515,0.0,0.0
PRSS8,0.35764226,0.0,-1.0
PRTFDC1,0.14718585,0.0,0.0
PRTG,0.22971976,0.0,0.0
PRTN3,0.15317905,0.0,0.0
PRUNE1,0.199735,0.0,-1.0
PRUNE2,0.16001686,0.0,-1.0
PRX,0.17668767,0.0,-1.0
PRXL2A,0.10093157,0.0,0.0
PRXL2B,0.10944096,0.0,-1.0
PRXL2C,0.14548402,0.0,0.0
PRY,0.13365613,0.0,0.0
PRY2,0.05447221,0.0,0.0
PSAP,0.3083715,0.0,-1.0
PSAPL1,0.0034449266,0.0,0.0
PSAT1,0.5485988,1.0,-1.0
PSCA,0.10891792,0.0,-1.0
PSD,0.41345307,0.0,0.0
PSD2,0.20295702,0.0,0.0
PSD3,0.43675372,0.0,0.0
PSD4,0.35457078,0.0,0.0
PSEN1,0.7340112,1.0,-1.0
PSEN2,0.53515667,1.0,-1.0
PSENEN,0.33003652,0.0,-1.0
PSG1,0.46121377,0.0,0.0
PSG11,0.14265308,0.0,0.0
PSG2,0.2045306,0.0,0.0
PSG3,0.275617,0.0,0.0
PSG4,0.24213628,0.0,0.0
PSG5,0.18439916,0.0,0.0
PSG6,0.26296353,0.0,0.0
PSG8,0.06488728,0.0,0.0
PSG9,0.2994104,0.0,0.0
PSIP1,0.68865246,1.0,1.0
PSKH1,0.64302105,1.0,0.0
PSKH2,0.5660389,1.0,0.0
PSMA1,0.43086082,0.0,0.0
PSMA2,0.24723342,0.0,0.0
PSMA3,0.046277408,0.0,0.0
PSMA4,0.26858053,0.0,0.0
PSMA5,0.18795289,0.0,-1.0
PSMA6,0.26154673,0.0,0.0
PSMA7,0.1749314,0.0,0.0
PSMA8,0.45234665,0.0,0.0
PSMB1,0.18271267,0.0,0.0
PSMB10,0.30730432,0.0,0.0
PSMB11,0.456063,0.0,0.0
PSMB2,0.35210377,0.0,0.0
PSMB3,0.40575057,0.0,0.0
PSMB4,0.13841462,0.0,0.0
PSMB5,0.26261652,0.0,0.0
PSMB6,0.13322428,0.0,0.0
PSMB7,0.14944263,0.0,0.0
PSMB8,0.5729414,1.0,0.0
PSMB9,0.6717459,1.0,0.0
PSMC1,0.40386826,0.0,0.0
PSMC2,0.3800294,0.0,0.0
PSMC3,0.40156838,0.0,-1.0
PSMC3IP,0.6670061,1.0,0.0
PSMC4,0.3882139,0.0,0.0
PSMC5,0.40412465,0.0,0.0
PSMC6,0.4061227,0.0,0.0
PSMD1,0.5303643,1.0,0.0
PSMD10,0.3445474,0.0,0.0
PSMD11,0.57782626,1.0,0.0
PSMD12,0.41692805,0.0,0.0
PSMD13,0.36025107,0.0,0.0
PSMD14,0.2750007,0.0,0.0
PSMD2,0.520645,1.0,-1.0
PSMD3,0.42430413,0.0,0.0
PSMD4,0.4378828,0.0,0.0
PSMD5,0.56834525,1.0,0.0
PSMD6,0.27699307,0.0,0.0
PSMD7,0.45065406,0.0,0.0
PSMD8,0.12227576,0.0,-1.0
PSMD9,0.3763039,0.0,0.0
PSME1,0.34690514,0.0,0.0
PSME2,0.31314984,0.0,0.0
PSME3,0.3765788,0.0,0.0
PSME3IP1,0.23136817,0.0,0.0
PSME4,0.5864164,1.0,0.0
PSMF1,0.36301798,0.0,-1.0
PSMG1,0.1564328,0.0,0.0
PSMG2,0.08829501,0.0,0.0
PSMG3,0.13699785,0.0,0.0
PSMG4,0.06840796,0.0,-1.0
PSORS1C1,0.058184568,0.0,-1.0
PSORS1C2,0.11887953,0.0,-1.0
PSPC1,0.37138948,0.0,0.0
PSPH,0.233,0.0,-1.0
PSPN,0.3320467,0.0,0.0
PSRC1,0.5336449,1.0,0.0
PSTK,0.18646064,0.0,0.0
PSTPIP1,0.5470142,1.0,0.0
PSTPIP2,0.26623687,0.0,0.0
PTAFR,0.40267077,0.0,0.0
PTAR1,0.29714587,0.0,0.0
PTBP1,0.62315047,1.0,-1.0
PTBP2,0.54554504,1.0,0.0
PTBP3,0.67325574,1.0,0.0
PTCD1,0.15956761,0.0,0.0
PTCD2,0.21013954,0.0,0.0
PTCD3,0.22206517,0.0,0.0
PTCH1,0.70276093,1.0,1.0
PTCH2,0.3027473,0.0,-1.0
PTCHD1,0.011690007,0.0,0.0
PTCHD3,4.2985502e-13,0.0,0.0
PTCHD4,0.006443696,0.0,-1.0
PTCRA,0.41362977,0.0,-1.0
PTDSS1,0.11646619,0.0,-1.0
PTDSS2,0.039693676,0.0,0.0
PTEN,0.97995186,1.0,1.0
PTER,0.18310308,0.0,0.0
PTF1A,0.33058527,0.0,-1.0
PTGDR,0.38170218,0.0,0.0
PTGDR2,0.23764558,0.0,-1.0
PTGDS,0.25751355,0.0,0.0
PTGER1,0.2198371,0.0,-1.0
PTGER2,0.2891917,0.0,-1.0
PTGER3,0.47163033,0.0,-1.0
PTGER4,0.5604017,1.0,-1.0
PTGES,0.4526692,0.0,0.0
PTGES2,0.05795153,0.0,0.0
PTGES3,0.35329434,0.0,0.0
PTGES3L-AARSD1,0.29374307,0.0,0.0
PTGFR,0.26401696,0.0,-1.0
PTGFRN,0.06601843,0.0,-1.0
PTGIR,0.37942564,0.0,0.0
PTGIS,0.45853853,0.0,-1.0
PTGR1,0.09688246,0.0,0.0
PTGR2,0.07883674,0.0,-1.0
PTGS1,0.6334377,1.0,-1.0
PTGS2,0.91828334,1.0,-1.0
PTH,0.43176258,0.0,-1.0
PTH1R,0.25766215,0.0,-1.0
PTH2,0.12310231,0.0,0.0
PTH2R,0.20316799,0.0,0.0
PTHLH,0.5766508,1.0,-1.0
PTK2,0.978784,1.0,-1.0
PTK2B,0.9366348,1.0,-1.0
PTK6,0.8085919,1.0,1.0
PTK7,0.8726543,1.0,-1.0
PTMA,0.5267906,1.0,-1.0
PTMS,0.38594422,0.0,0.0
PTN,0.5159297,1.0,-1.0
PTOV1,0.33243394,0.0,0.0
PTP4A1,0.46900916,0.0,-1.0
PTP4A2,0.47292003,0.0,0.0
PTP4A3,0.65548575,1.0,-1.0
PTPA,0.40982518,0.0,-1.0
PTPDC1,0.3301843,0.0,-1.0
PTPMT1,0.028591739,0.0,0.0
PTPN1,0.96275955,1.0,1.0
PTPN11,0.9635526,1.0,1.0
PTPN12,0.8974808,1.0,-1.0
PTPN13,0.92896485,1.0,1.0
PTPN14,0.8286474,1.0,-1.0
PTPN18,0.6816982,1.0,0.0
PTPN2,0.863566,1.0,1.0
PTPN20,0.6415129,1.0,0.0
PTPN21,0.670301,1.0,-1.0
PTPN22,0.8052562,1.0,-1.0
PTPN23,0.62732536,1.0,0.0
PTPN3,0.75333184,1.0,0.0
PTPN4,0.8494414,1.0,0.0
PTPN5,0.6907395,1.0,0.0
PTPN6,0.8216456,1.0,1.0
PTPN7,0.812408,1.0,-1.0
PTPN9,0.66090554,1.0,-1.0
PTPRA,0.8114555,1.0,-1.0
PTPRB,0.7210309,1.0,1.0
PTPRC,0.79026514,1.0,1.0
PTPRCAP,0.3838179,0.0,0.0
PTPRD,0.78046066,1.0,1.0
PTPRE,0.8498634,1.0,-1.0
PTPRF,0.86512065,1.0,0.0
PTPRG,0.75117147,1.0,-1.0
PTPRH,0.62468946,1.0,-1.0
PTPRJ,0.8766952,1.0,-1.0
PTPRK,0.8390203,1.0,1.0
PTPRM,0.80161554,1.0,0.0
PTPRN,0.52122283,1.0,0.0
PTPRN2,0.6656324,1.0,0.0
PTPRO,0.74869365,1.0,-1.0
PTPRQ,0.06553955,0.0,0.0
PTPRR,0.766282,1.0,-1.0
PTPRS,0.4633943,0.0,1.0
PTPRT,0.6657449,1.0,1.0
PTPRU,0.7173934,1.0,-1.0
PTPRZ1,0.5502706,1.0,0.0
PTRH1,0.11159291,0.0,0.0
PTRH2,0.076358505,0.0,0.0
PTRHD1,0.12004157,0.0,0.0
PTS,0.11435578,0.0,0.0
PTTG1,0.46040866,0.0,-1.0
PTTG1IP,0.28671944,0.0,-1.0
PTTG2,0.18148215,0.0,0.0
PTX3,0.5184844,1.0,-1.0
PTX4,0.22159442,0.0,0.0
PUDP,0.21512331,0.0,0.0
PUF60,0.3293991,0.0,0.0
PUM1,0.6824086,1.0,0.0
PUM2,0.6787596,1.0,0.0
PUM3,0.26760185,0.0,0.0
PURA,0.5531463,1.0,0.0
PURB,0.25136814,0.0,0.0
PURG,0.23910594,0.0,0.0
PUS1,0.136688,0.0,-1.0
PUS10,0.12803565,0.0,-1.0
PUS3,0.08737959,0.0,0.0
PUS7,0.17753144,0.0,0.0
PUS7L,0.17920952,0.0,0.0
PUSL1,0.08477701,0.0,0.0
PVALB,0.45293933,0.0,0.0
PVR,0.38147604,0.0,0.0
PVRIG,0.37254187,0.0,-1.0
PWP1,0.27012923,0.0,0.0
PWP2,0.28390375,0.0,0.0
PWWP2A,0.2685676,0.0,-1.0
PWWP2B,0.14397079,0.0,0.0
PWWP3B,0.04602019,0.0,0.0
PXDC1,0.3493011,0.0,0.0
PXDN,0.62345964,1.0,-1.0
PXDNL,0.13788444,0.0,-1.0
PXK,0.20987149,0.0,0.0
PXMP2,0.08092324,0.0,0.0
PXMP4,0.027120668,0.0,-1.0
PXN,0.9663603,1.0,-1.0
PXT1,0.08363853,0.0,0.0
PXYLP1,0.1946364,0.0,0.0
PYCARD,0.15234235,0.0,-1.0
PYCR1,0.4784764,0.0,-1.0
PYCR2,0.32383358,0.0,-1.0
PYCR3,0.29725233,0.0,0.0
PYDC1,0.015458174,0.0,0.0
PYDC2,0.02464112,0.0,0.0
PYGB,0.41561547,0.0,0.0
PYGL,0.58176446,1.0,-1.0
PYGM,0.37527508,0.0,-1.0
PYGO1,0.5335824,1.0,0.0
PYGO2,0.5101784,1.0,0.0
PYHIN1,0.42209145,0.0,0.0
PYM1,0.17745455,0.0,0.0
PYROXD1,0.19322097,0.0,0.0
PYROXD2,0.08221989,0.0,0.0
PYURF,0.09404361,0.0,0.0
PYY,0.30832013,0.0,-1.0
PZP,0.29882166,0.0,-1.0
QDPR,0.156926,0.0,-1.0
QKI,0.6809238,1.0,1.0
QPCT,0.26448038,0.0,0.0
QPCTL,0.24639557,0.0,0.0
QPRT,0.14643113,0.0,-1.0
QRFP,0.15381837,0.0,0.0
QRFPR,0.16015418,0.0,0.0
QRICH1,0.39606413,0.0,0.0
QRICH2,0.11138559,0.0,0.0
QRSL1,0.15774006,0.0,0.0
QSER1,0.35377085,0.0,0.0
QSOX1,0.41948876,0.0,0.0
QSOX2,0.15015195,0.0,0.0
QTRT1,0.14780651,0.0,0.0
QTRT2,0.27546772,0.0,0.0
R3HCC1,0.062769935,0.0,0.0
R3HCC1L,0.41625732,0.0,0.0
R3HDM1,0.4847692,0.0,0.0
R3HDM2,0.47489676,0.0,0.0
R3HDM4,0.2192089,0.0,-1.0
R3HDML,0.057311285,0.0,0.0
RAB10,0.48960045,0.0,0.0
RAB11A,0.6847254,1.0,-1.0
RAB11B,0.77068365,1.0,0.0
RAB11FIP1,0.38779175,0.0,0.0
RAB11FIP2,0.5062305,1.0,0.0
RAB11FIP3,0.182391,0.0,0.0
RAB11FIP4,0.18104045,0.0,0.0
RAB11FIP5,0.44322085,0.0,0.0
RAB12,0.16997506,0.0,0.0
RAB13,0.564108,1.0,0.0
RAB14,0.51929206,1.0,-1.0
RAB15,0.19728862,0.0,0.0
RAB17,0.14089234,0.0,0.0
RAB18,0.23183675,0.0,0.0
RAB19,0.14398514,0.0,0.0
RAB1A,0.43964043,0.0,-1.0
RAB1B,0.29150584,0.0,0.0
RAB1C,0.011423578,0.0,0.0
RAB20,0.24983098,0.0,0.0
RAB21,0.29425803,0.0,0.0
RAB22A,0.23488173,0.0,0.0
RAB23,0.19286416,0.0,0.0
RAB24,0.12535428,0.0,0.0
RAB25,0.4467033,0.0,0.0
RAB26,0.1520709,0.0,0.0
RAB27A,0.42296427,0.0,-1.0
RAB27B,0.102158755,0.0,-1.0
RAB28,0.22041135,0.0,0.0
RAB29,0.21475747,0.0,0.0
RAB2A,0.48871452,0.0,0.0
RAB2B,0.29848495,0.0,0.0
RAB30,0.23022212,0.0,0.0
RAB31,0.6481307,1.0,-1.0
RAB32,0.3664897,0.0,0.0
RAB33A,0.22375144,0.0,0.0
RAB33B,0.40547365,0.0,0.0
RAB34,0.25678545,0.0,0.0
RAB35,0.30048892,0.0,1.0
RAB36,0.17389643,0.0,0.0
RAB37,0.06092933,0.0,0.0
RAB38,0.13393837,0.0,0.0
RAB39A,0.103482366,0.0,0.0
RAB39B,0.12844348,0.0,-1.0
RAB3A,0.3900278,0.0,0.0
RAB3B,0.21003592,0.0,0.0
RAB3C,0.11484247,0.0,0.0
RAB3D,0.20569707,0.0,0.0
RAB3GAP1,0.38318166,0.0,0.0
RAB3GAP2,0.42194828,0.0,0.0
RAB3IL1,0.345809,0.0,0.0
RAB3IP,0.38074988,0.0,0.0
RAB40A,0.16718549,0.0,-1.0
RAB40AL,0.2092927,0.0,0.0
RAB40B,0.19676422,0.0,0.0
RAB40C,0.43224284,0.0,0.0
RAB41,0.14263579,0.0,0.0
RAB42,0.07159758,0.0,-1.0
RAB43,0.17993182,0.0,0.0
RAB44,0.12318952,0.0,0.0
RAB4A,0.13467269,0.0,0.0
RAB4B,0.12786578,0.0,0.0
RAB4B-EGLN2,0.06519333,0.0,0.0
RAB5A,0.72890794,1.0,0.0
RAB5B,0.5836255,1.0,0.0
RAB5C,0.5861631,1.0,-1.0
RAB5IF,0.056182187,0.0,0.0
RAB6A,0.41801143,0.0,0.0
RAB6B,0.432468,0.0,0.0
RAB6C,0.2818846,0.0,0.0
RAB7A,0.49740818,0.0,-1.0
RAB7B,0.14325632,0.0,0.0
RAB8A,0.59015703,1.0,-1.0
RAB8B,0.49336824,0.0,0.0
RAB9A,0.20211774,0.0,0.0
RAB9B,0.15918075,0.0,0.0
RABAC1,0.14660473,0.0,0.0
RABEP1,0.41068605,0.0,1.0
RABEP2,0.21326987,0.0,0.0
RABEPK,0.06866628,0.0,-1.0
RABGAP1,0.60200644,1.0,0.0
RABGAP1L,0.69221264,1.0,-1.0
RABGEF1,0.3785936,0.0,-1.0
RABGGTA,0.14779808,0.0,0.0
RABGGTB,0.18584667,0.0,-1.0
RABIF,0.15263113,0.0,-1.0
RABL2A,0.10871301,0.0,0.0
RABL2B,0.10986273,0.0,0.0
RABL3,0.15454869,0.0,0.0
RABL6,0.36802137,0.0,0.0
RAC1,0.9472925,1.0,1.0
RAC2,0.93357986,1.0,1.0
RAC3,0.77576417,1.0,-1.0
RACGAP1,0.78653973,1.0,-1.0
RACK1,0.6887913,1.0,-1.0
RAD1,0.45999205,0.0,-1.0
RAD17,0.49201202,0.0,1.0
RAD18,0.624992,1.0,0.0
RAD21,0.85289305,1.0,1.0
RAD21L1,0.12899946,0.0,0.0
RAD23A,0.45076492,0.0,-1.0
RAD23B,0.58041984,1.0,-1.0
RAD50,0.6582332,1.0,1.0
RAD51,0.76933336,1.0,1.0
RAD51AP1,0.5952974,1.0,0.0
RAD51AP2,1.898263e-05,0.0,0.0
RAD51B,0.5235907,1.0,1.0
RAD51C,0.34134936,0.0,1.0
RAD51D,0.6042197,1.0,1.0
RAD52,0.4689386,0.0,-1.0
RAD54B,0.6928089,1.0,0.0
RAD54L,0.7257914,1.0,-1.0
RAD54L2,0.434903,0.0,0.0
RAD9A,0.5160593,1.0,-1.0
RAD9B,0.23878261,0.0,0.0
RADIL,0.20261782,0.0,-1.0
RADX,0.2013572,0.0,0.0
RAE1,0.42055947,0.0,0.0
RAET1E,0.07957618,0.0,0.0
RAET1G,0.040300325,0.0,0.0
RAET1L,0.036613554,0.0,0.0
RAF1,0.9337417,1.0,1.0
RAG1,0.58760303,1.0,-1.0
RAG2,0.4949827,0.0,-1.0
RAI1,0.29169458,0.0,-1.0
RAI14,0.8697025,1.0,0.0
RAI2,0.18819825,0.0,0.0
RALA,0.66402876,1.0,-1.0
RALB,0.6373699,1.0,-1.0
RALBP1,0.64060473,1.0,-1.0
RALGAPA1,0.6135274,1.0,-1.0
RALGAPA2,0.18979469,0.0,0.0
RALGAPB,0.47179887,0.0,0.0
RALGDS,0.5116099,1.0,-1.0
RALGPS1,0.23921837,0.0,0.0
RALGPS2,0.29477453,0.0,-1.0
RALY,0.34731096,0.0,-1.0
RALYL,0.6047342,1.0,-1.0
RAMAC,0.15915126,0.0,0.0
RAMP1,0.12914118,0.0,-1.0
RAMP2,0.24254754,0.0,0.0
RAMP3,0.28382364,0.0,0.0
RAN,0.42963448,0.0,-1.0
RANBP1,0.46465343,0.0,0.0
RANBP10,0.2925355,0.0,-1.0
RANBP17,0.16542502,0.0,-1.0
RANBP2,0.85378444,1.0,1.0
RANBP3,0.635603,1.0,0.0
RANBP3L,0.07725712,0.0,0.0
RANBP6,0.29870838,0.0,-1.0
RANBP9,0.7033212,1.0,-1.0
RANGAP1,0.62307435,1.0,0.0
RANGRF,0.07762983,0.0,0.0
RAP1A,0.7934866,1.0,-1.0
RAP1B,0.79776025,1.0,-1.0
RAP1BL,0.013729318,0.0,0.0
RAP1GAP,0.4172718,0.0,-1.0
RAP1GAP2,0.23937075,0.0,0.0
RAP1GDS1,0.3853981,0.0,1.0
RAP2A,0.66854215,1.0,-1.0
RAP2B,0.5542181,1.0,-1.0
RAP2C,0.5871771,1.0,0.0
RAPGEF1,0.6413558,1.0,-1.0
RAPGEF2,0.79421014,1.0,0.0
RAPGEF3,0.43493244,0.0,-1.0
RAPGEF4,0.49450204,0.0,0.0
RAPGEF5,0.43296775,0.0,-1.0
RAPGEF6,0.5517378,1.0,0.0
RAPGEFL1,0.17011258,0.0,0.0
RAPH1,0.30012083,0.0,-1.0
RAPSN,0.2100391,0.0,-1.0
RARA,0.9563421,1.0,1.0
RARB,0.83498687,1.0,-1.0
RARG,0.7656977,1.0,-1.0
RARRES1,0.2616575,0.0,-1.0
RARRES2,0.33802563,0.0,-1.0
RARS1,0.23148628,0.0,0.0
RARS2,0.19633134,0.0,0.0
RASA1,0.8542482,1.0,1.0
RASA2,0.75535256,1.0,-1.0
RASA3,0.5766059,1.0,-1.0
RASA4,0.46077234,0.0,0.0
RASA4B,0.38264984,0.0,0.0
RASAL1,0.34386888,0.0,-1.0
RASAL2,0.7174413,1.0,-1.0
RASAL3,0.21227221,0.0,0.0
RASD1,0.36680636,0.0,0.0
RASD2,0.28754795,0.0,0.0
RASEF,0.2210992,0.0,0.0
RASGEF1A,0.15057567,0.0,-1.0
RASGEF1B,0.123069845,0.0,-1.0
RASGEF1C,0.031591065,0.0,-1.0
RASGRF1,0.5634925,1.0,-1.0
RASGRF2,0.51364505,1.0,-1.0
RASGRP1,0.7187993,1.0,-1.0
RASGRP2,0.66194284,1.0,-1.0
RASGRP3,0.44072658,0.0,-1.0
RASGRP4,0.28113377,0.0,-1.0
RASIP1,0.39776325,0.0,0.0
RASL10A,0.4371283,0.0,0.0
RASL10B,0.20589462,0.0,0.0
RASL11A,0.19306105,0.0,0.0
RASL11B,0.51141393,1.0,-1.0
RASL12,0.5039556,1.0,0.0
RASSF1,0.5288847,1.0,-1.0
RASSF10,0.16693959,0.0,0.0
RASSF2,0.6524819,1.0,-1.0
RASSF3,0.21376073,0.0,0.0
RASSF4,0.21237023,0.0,0.0
RASSF5,0.3050498,0.0,-1.0
RASSF6,0.12848708,0.0,-1.0
RASSF7,0.36396325,0.0,0.0
RASSF8,0.26117444,0.0,-1.0
RASSF9,0.22335257,0.0,0.0
RAVER1,0.36404026,0.0,-1.0
RAVER2,0.18113038,0.0,0.0
RAX,0.33916107,0.0,0.0
RAX2,0.115322456,0.0,-1.0
RB1,0.9617198,1.0,1.0
RB1CC1,0.53723145,1.0,-1.0
RBAK,0.16803858,0.0,0.0
RBBP4,0.8329546,1.0,-1.0
RBBP5,0.7035327,1.0,-1.0
RBBP6,0.47539824,0.0,-1.0
RBBP7,0.81307936,1.0,-1.0
RBBP8,0.64056164,1.0,-1.0
RBBP8NL,0.15324283,0.0,0.0
RBBP9,0.18550083,0.0,0.0
RBCK1,0.25441176,0.0,0.0
RBFA,0.08797355,0.0,0.0
RBFOX1,0.4279915,0.0,-1.0
RBFOX2,0.5923198,1.0,0.0
RBFOX3,0.03437476,0.0,0.0
RBIS,0.11175363,0.0,0.0
RBKS,0.11622332,0.0,0.0
RBL1,0.85525674,1.0,-1.0
RBL2,0.9171341,1.0,-1.0
RBM10,0.35707763,0.0,1.0
RBM11,0.109455764,0.0,0.0
RBM12,0.2757363,0.0,-1.0
RBM12B,0.56249774,1.0,0.0
RBM14,0.61301446,1.0,0.0
RBM14-RBM4,0.110493556,0.0,0.0
RBM15,0.51801693,1.0,1.0
RBM15B,0.3044065,0.0,-1.0
RBM17,0.36060232,0.0,0.0
RBM18,0.14190485,0.0,0.0
RBM19,0.1740635,0.0,0.0
RBM20,0.12842168,0.0,-1.0
RBM22,0.24599995,0.0,0.0
RBM23,0.26845518,0.0,0.0
RBM24,0.19233657,0.0,0.0
RBM25,0.48909095,0.0,-1.0
RBM26,0.39329192,0.0,-1.0
RBM27,0.3338104,0.0,-1.0
RBM28,0.35821956,0.0,0.0
RBM3,0.31184912,0.0,0.0
RBM33,0.25349483,0.0,0.0
RBM34,0.33009547,0.0,-1.0
RBM38,0.31222802,0.0,0.0
RBM39,0.6427079,1.0,-1.0
RBM4,0.4516381,0.0,0.0
RBM41,0.45322096,0.0,0.0
RBM42,0.13396779,0.0,0.0
RBM43,0.14600788,0.0,0.0
RBM44,0.093891405,0.0,0.0
RBM45,0.20518988,0.0,0.0
RBM46,0.09017555,0.0,0.0
RBM47,0.32453364,0.0,0.0
RBM48,0.20024511,0.0,0.0
RBM4B,0.30335626,0.0,0.0
RBM5,0.58741564,1.0,-1.0
RBM6,0.38475737,0.0,0.0
RBM7,0.20412645,0.0,-1.0
RBM8A,0.24676923,0.0,-1.0
RBMS1,0.7305488,1.0,0.0
RBMS2,0.20695849,0.0,0.0
RBMS3,0.5174319,1.0,0.0
RBMX,0.40619448,0.0,-1.0
RBMX2,0.19555861,0.0,-1.0
RBMXL1,0.21403575,0.0,0.0
RBMXL2,0.17391726,0.0,0.0
RBMXL3,0.3043423,0.0,-1.0
RBMY1A1,0.15108274,0.0,0.0
RBMY1B,0.062005177,0.0,0.0
RBMY1E,0.08811144,0.0,0.0
RBMY1F,0.17498216,0.0,0.0
RBMY1J,0.14585061,0.0,0.0
RBMY2FP,0.0033186262,0.0,0.0
RBP1,0.45679373,0.0,-1.0
RBP2,0.08397592,0.0,0.0
RBP3,0.2683094,0.0,0.0
RBP4,0.056204442,0.0,0.0
RBP5,0.03493101,0.0,0.0
RBP7,0.031362142,0.0,0.0
RBPJ,0.9226169,1.0,-1.0
RBPJL,0.45894742,0.0,0.0
RBPMS,0.19067593,0.0,0.0
RBPMS2,0.11879338,0.0,0.0
RBSN,0.16661906,0.0,0.0
RBX1,0.17565891,0.0,-1.0
RC3H1,0.47345948,0.0,0.0
RC3H2,0.44565815,0.0,0.0
RCAN1,0.5871869,1.0,0.0
RCAN2,0.17035525,0.0,-1.0
RCAN3,0.11908887,0.0,0.0
RCBTB1,0.2707196,0.0,0.0
RCBTB2,0.4658388,0.0,0.0
RCC1,0.69064057,1.0,-1.0
RCC1L,0.136125,0.0,0.0
RCC2,0.54977554,1.0,-1.0
RCCD1,0.18937807,0.0,0.0
RCE1,0.15325186,0.0,0.0
RCHY1,0.21200101,0.0,-1.0
RCL1,0.15165554,0.0,-1.0
RCN1,0.6162257,1.0,0.0
RCN2,0.3858376,0.0,0.0
RCN3,0.3798324,0.0,0.0
RCOR1,0.65663594,1.0,0.0
RCOR2,0.26390392,0.0,0.0
RCOR3,0.6325035,1.0,0.0
RCSD1,0.29882258,0.0,0.0
RCVRN,0.42901543,0.0,0.0
RD3,0.1685782,0.0,-1.0
RD3L,1.1056856e-06,0.0,0.0
RDH10,0.071745254,0.0,0.0
RDH11,0.09118267,0.0,0.0
RDH12,0.061989844,0.0,-1.0
RDH13,0.13152598,0.0,0.0
RDH14,0.08170951,0.0,0.0
RDH16,0.10234553,0.0,0.0
RDH5,0.1237406,0.0,0.0
RDH8,0.17953843,0.0,0.0
RDM1,0.07803435,0.0,0.0
RDX,0.7797472,1.0,-1.0
REC114,0.01424496,0.0,0.0
REC8,0.2182049,0.0,0.0
RECK,0.33386052,0.0,-1.0
RECQL,0.6333824,1.0,1.0
RECQL4,0.50294226,1.0,1.0
RECQL5,0.4978103,0.0,-1.0
REEP1,0.12756668,0.0,-1.0
REEP2,0.19687407,0.0,0.0
REEP3,0.21224746,0.0,0.0
REEP4,0.14193349,0.0,0.0
REEP5,0.09973668,0.0,-1.0
REEP6,0.05539236,0.0,0.0
REG1A,0.15894742,0.0,-1.0
REG1B,0.32284337,0.0,0.0
REG3A,0.2281292,0.0,-1.0
REG3G,0.017707562,0.0,0.0
REG4,0.089036085,0.0,-1.0
REL,0.9434351,1.0,1.0
RELA,0.9656856,1.0,-1.0
RELB,0.8930429,1.0,-1.0
RELCH,0.38432392,0.0,0.0
RELL1,0.15702787,0.0,0.0
RELL2,0.08297651,0.0,0.0
RELN,0.6704014,1.0,-1.0
RELT,0.10434361,0.0,0.0
REM1,0.49825937,0.0,-1.0
REM2,0.25351882,0.0,0.0
REN,0.37921587,0.0,-1.0
RENBP,0.07419986,0.0,0.0
REP15,0.0016861717,0.0,0.0
REPIN1,0.66288084,1.0,0.0
REPS1,0.50749564,1.0,0.0
REPS2,0.37571478,0.0,-1.0
RER1,0.052754156,0.0,0.0
RERE,0.8052823,1.0,-1.0
RERG,0.43385565,0.0,0.0
RERGL,0.22825229,0.0,0.0
RESF1,0.8169049,1.0,-1.0
REST,0.7700354,1.0,1.0
RET,0.9799181,1.0,1.0
RETN,0.36795434,0.0,0.0
RETNLB,0.05030978,0.0,0.0
RETREG1,0.13590358,0.0,0.0
RETREG2,0.043707818,0.0,0.0
RETREG3,0.14748277,0.0,0.0
RETSAT,0.06877066,0.0,0.0
REV1,0.6496396,1.0,0.0
REV3L,0.8168418,1.0,-1.0
REX1BD,0.043241475,0.0,0.0
REXO1,0.18321261,0.0,0.0
REXO1L1P,0.22528434,0.0,0.0
REXO1L6P,0.06425551,0.0,0.0
REXO2,0.13348778,0.0,0.0
REXO4,0.12147508,0.0,0.0
REXO5,0.37854052,0.0,0.0
RFC1,0.67815256,1.0,-1.0
RFC2,0.5647558,1.0,0.0
RFC3,0.53662986,1.0,-1.0
RFC4,0.50306755,1.0,-1.0
RFC5,0.54563683,1.0,-1.0
RFESD,0.06529196,0.0,0.0
RFFL,0.19648036,0.0,0.0
RFK,0.17360188,0.0,0.0
RFLNA,0.0571056,0.0,-1.0
RFLNB,0.14992964,0.0,-1.0
RFNG,0.1338727,0.0,0.0
RFPL1,0.19526681,0.0,0.0
RFPL2,0.25134975,0.0,0.0
RFPL3,0.36888474,0.0,0.0
RFPL3S,5.4642775e-09,0.0,0.0
RFPL4A,0.0016102173,0.0,0.0
RFPL4AL1,6.367776e-05,0.0,0.0
RFPL4B,0.071150586,0.0,0.0
RFT1,0.08599858,0.0,-1.0
RFTN1,0.30970466,0.0,-1.0
RFTN2,0.035999138,0.0,0.0
RFWD3,0.5888378,1.0,1.0
RFX1,0.6675551,1.0,0.0
RFX2,0.31216082,0.0,-1.0
RFX3,0.5101406,1.0,0.0
RFX4,0.15246792,0.0,0.0
RFX5,0.45051232,0.0,-1.0
RFX6,0.16437803,0.0,-1.0
RFX7,0.3431713,0.0,-1.0
RFX8,0.20883998,0.0,0.0
RFXANK,0.12951031,0.0,-1.0
RFXAP,0.282816,0.0,-1.0
RGCC,0.41045994,0.0,-1.0
RGL1,0.62608564,1.0,-1.0
RGL2,0.3169319,0.0,0.0
RGL3,0.29876179,0.0,0.0
RGL4,0.12734428,0.0,0.0
RGMA,0.101330265,0.0,0.0
RGMB,0.14552142,0.0,0.0
RGN,0.14487207,0.0,0.0
RGP1,0.06538627,0.0,0.0
RGPD1,0.32548583,0.0,0.0
RGPD2,0.28758663,0.0,0.0
RGPD3,0.34065586,0.0,1.0
RGPD4,0.31345192,0.0,0.0
RGPD5,0.32467517,0.0,0.0
RGPD6,0.17085037,0.0,0.0
RGPD8,0.29204482,0.0,0.0
RGR,0.2284726,0.0,-1.0
RGS1,0.6613976,1.0,-1.0
RGS10,0.3806972,0.0,0.0
RGS11,0.2944239,0.0,0.0
RGS12,0.3002794,0.0,-1.0
RGS13,0.24952078,0.0,0.0
RGS14,0.24227655,0.0,0.0
RGS16,0.5553411,1.0,0.0
RGS17,0.0007325271,0.0,-1.0
RGS18,0.30852985,0.0,-1.0
RGS19,0.34616375,0.0,-1.0
RGS2,0.71478254,1.0,-1.0
RGS20,0.0083735855,0.0,0.0
RGS21,0.23824406,0.0,0.0
RGS22,0.06124613,0.0,0.0
RGS3,0.39589807,0.0,-1.0
RGS4,0.49981844,0.0,0.0
RGS5,0.39461216,0.0,0.0
RGS6,0.2956179,0.0,0.0
RGS7,0.4766745,0.0,1.0
RGS7BP,0.06653764,0.0,0.0
RGS8,0.17267334,0.0,0.0
RGS9,0.20294273,0.0,0.0
RGS9BP,0.10952325,0.0,0.0
RGSL1,0.1161581,0.0,0.0
RHAG,0.33236238,0.0,0.0
RHBDD1,0.08860084,0.0,0.0
RHBDD2,0.10264854,0.0,0.0
RHBDD3,0.14670387,0.0,0.0
RHBDF1,0.38351592,0.0,0.0
RHBDF2,0.30070886,0.0,-1.0
RHBDL1,0.2952721,0.0,0.0
RHBDL2,0.10844041,0.0,0.0
RHBDL3,0.17243452,0.0,0.0
RHBG,0.12620573,0.0,-1.0
RHCE,0.20429812,0.0,0.0
RHCG,0.1405928,0.0,-1.0
RHD,0.231698,0.0,0.0
RHEB,0.49158308,0.0,1.0
RHEBL1,0.35182387,0.0,0.0
RHEX,0.119090706,0.0,0.0
RHNO1,0.31326598,0.0,0.0
RHO,0.47415188,0.0,-1.0
RHOA,0.94867265,1.0,1.0
RHOB,0.90880185,1.0,-1.0
RHOBTB1,0.66295516,1.0,-1.0
RHOBTB2,0.58269036,1.0,-1.0
RHOBTB3,0.61538565,1.0,-1.0
RHOC,0.85580873,1.0,-1.0
RHOD,0.6675591,1.0,0.0
RHOF,0.5666429,1.0,-1.0
RHOG,0.8122593,1.0,-1.0
RHOH,0.8181356,1.0,1.0
RHOJ,0.724299,1.0,0.0
RHOQ,0.80469227,1.0,0.0
RHOT1,0.54862213,1.0,0.0
RHOT2,0.36633793,0.0,0.0
RHOU,0.44055408,0.0,0.0
RHOV,0.453089,0.0,0.0
RHOXF1,0.032615025,0.0,0.0
RHOXF2,0.01996824,0.0,0.0
RHPN1,0.1338479,0.0,0.0
RHPN1-AS1,0.0067939176,0.0,0.0
RHPN2,0.2002159,0.0,-1.0
RIBC1,0.16453539,0.0,0.0
RIBC2,0.21270353,0.0,0.0
RIC1,0.34225088,0.0,0.0
RIC3,0.15830283,0.0,0.0
RIC8A,0.2104583,0.0,0.0
RIC8B,0.11054971,0.0,0.0
RICTOR,0.79019856,1.0,1.0
RIDA,0.12336114,0.0,0.0
RIF1,0.74400216,1.0,0.0
RIIAD1,0.001386728,0.0,0.0
RILP,0.2644478,0.0,0.0
RILPL1,0.16792083,0.0,0.0
RILPL2,0.15691097,0.0,0.0
RIMBP2,0.3187747,0.0,-1.0
RIMBP3,0.071931794,0.0,0.0
RIMBP3C,0.07167693,0.0,0.0
RIMKLA,0.109987184,0.0,0.0
RIMKLB,0.18790153,0.0,0.0
RIMOC1,0.19209565,0.0,0.0
RIMS1,0.39200783,0.0,-1.0
RIMS2,0.4561544,0.0,-1.0
RIMS3,0.15474026,0.0,0.0
RIMS4,0.15071489,0.0,0.0
RIN1,0.4612826,0.0,0.0
RIN2,0.5341015,1.0,0.0
RIN3,0.16877446,0.0,0.0
RING1,0.6596247,1.0,0.0
RINL,0.22259615,0.0,-1.0
RINT1,0.29863617,0.0,0.0
RIOK1,0.2723843,0.0,0.0
RIOK2,0.15868048,0.0,-1.0
RIOK3,0.3295085,0.0,0.0
RIOX1,0.1729571,0.0,0.0
RIOX2,0.14901485,0.0,-1.0
RIPK1,0.81814957,1.0,-1.0
RIPK2,0.84609336,1.0,-1.0
RIPK3,0.8206518,1.0,0.0
RIPK4,0.7255724,1.0,0.0
RIPOR1,0.2273686,0.0,-1.0
RIPOR2,0.68573135,1.0,-1.0
RIPOR3,0.13366567,0.0,0.0
RIPPLY1,0.12569635,0.0,0.0
RIPPLY2,0.122877486,0.0,0.0
RIPPLY3,0.11918302,0.0,0.0
RIT1,0.63521284,1.0,1.0
RIT2,0.4953841,0.0,-1.0
RITA1,0.0678279,0.0,0.0
RLBP1,0.31069323,0.0,-1.0
RLF,0.8245475,1.0,-1.0
RLIM,0.21542898,0.0,-1.0
RLN1,0.29660526,0.0,0.0
RLN2,0.16415332,0.0,-1.0
RLN3,0.18172611,0.0,0.0
RMC1,0.20914842,0.0,0.0
RMDN1,0.07707519,0.0,-1.0
RMDN2,0.14587359,0.0,0.0
RMDN3,0.19097747,0.0,0.0
RMI1,0.52836674,1.0,0.0
RMI2,0.55570006,1.0,1.0
RMND1,0.033874515,0.0,0.0
RMND5A,0.35628653,0.0,0.0
RMND5B,0.16395582,0.0,-1.0
RMRP,0.00033734235,0.0,-1.0
RN7SK,0.37913382,0.0,0.0
RNASE1,0.20882916,0.0,0.0
RNASE10,0.000827028,0.0,-1.0
RNASE11,0.15481173,0.0,-1.0
RNASE12,0.00050367013,0.0,0.0
RNASE13,0.000763952,0.0,0.0
RNASE2,0.12882358,0.0,0.0
RNASE3,0.083411135,0.0,0.0
RNASE4,0.10413814,0.0,-1.0
RNASE6,0.34454623,0.0,0.0
RNASE7,0.007880799,0.0,0.0
RNASE8,0.00013019361,0.0,0.0
RNASE9,0.00023748806,0.0,0.0
RNASEH1,0.20319252,0.0,0.0
RNASEH2A,0.2559854,0.0,0.0
RNASEH2B,0.41402435,0.0,0.0
RNASEH2C,0.1042686,0.0,0.0
RNASEK,0.079999775,0.0,0.0
RNASEK-C17orf49,0.004088085,0.0,0.0
RNASEL,0.68685436,1.0,-1.0
RNASET2,0.24502686,0.0,-1.0
RND1,0.38716683,0.0,0.0
RND2,0.36664236,0.0,0.0
RND3,0.84093016,1.0,-1.0
RNF10,0.2337489,0.0,0.0
RNF103,0.2943898,0.0,-1.0
RNF103-CHMP3,0.14663203,0.0,0.0
RNF11,0.32275766,0.0,-1.0
RNF111,0.5227117,1.0,-1.0
RNF112,0.10652469,0.0,0.0
RNF113A,0.121504925,0.0,0.0
RNF113B,0.12197048,0.0,0.0
RNF114,0.15082146,0.0,0.0
RNF115,0.23219128,0.0,0.0
RNF121,0.22886665,0.0,0.0
RNF122,0.23573428,0.0,0.0
RNF123,0.20199332,0.0,0.0
RNF125,0.22492783,0.0,0.0
RNF126,0.20994475,0.0,0.0
RNF128,0.23615766,0.0,0.0
RNF13,0.31417412,0.0,0.0
RNF130,0.12470958,0.0,0.0
RNF133,0.041280784,0.0,0.0
RNF135,0.15944171,0.0,0.0
RNF138,0.33643633,0.0,0.0
RNF139,0.23587947,0.0,-1.0
RNF14,0.19543056,0.0,0.0
RNF141,0.13391049,0.0,0.0
RNF144A,0.20637693,0.0,0.0
RNF144B,0.1688427,0.0,-1.0
RNF145,0.08511178,0.0,0.0
RNF146,0.26914322,0.0,-1.0
RNF148,0.041382957,0.0,0.0
RNF149,0.31092787,0.0,0.0
RNF150,0.098791905,0.0,0.0
RNF151,0.062922545,0.0,0.0
RNF152,0.114908256,0.0,0.0
RNF157,0.03858474,0.0,-1.0
RNF165,0.12858425,0.0,0.0
RNF166,0.19309841,0.0,0.0
RNF167,0.09606429,0.0,0.0
RNF168,0.47141883,0.0,-1.0
RNF169,0.40499476,0.0,0.0
RNF17,0.14362046,0.0,0.0
RNF170,0.13168003,0.0,0.0
RNF175,0.14306717,0.0,0.0
RNF180,0.12726437,0.0,0.0
RNF181,0.11368782,0.0,0.0
RNF182,0.15000907,0.0,0.0
RNF183,0.085995466,0.0,0.0
RNF185,0.12899102,0.0,-1.0
RNF186,0.049022794,0.0,-1.0
RNF187,0.20554914,0.0,0.0
RNF19A,0.3000655,0.0,0.0
RNF19B,0.30694547,0.0,0.0
RNF2,0.72276527,1.0,0.0
RNF20,0.48578405,0.0,-1.0
RNF207,0.0442445,0.0,-1.0
RNF208,0.08984577,0.0,0.0
RNF212,0.03620992,0.0,0.0
RNF213,0.2664097,0.0,1.0
RNF214,0.1284416,0.0,0.0
RNF215,0.06742066,0.0,0.0
RNF216,0.3027206,0.0,-1.0
RNF217,0.13432586,0.0,-1.0
RNF220,0.20227215,0.0,-1.0
RNF222,0.10941874,0.0,0.0
RNF24,0.13988505,0.0,0.0
RNF25,0.22152321,0.0,0.0
RNF26,0.17865294,0.0,-1.0
RNF31,0.33190775,0.0,0.0
RNF32,0.10542494,0.0,0.0
RNF34,0.25538945,0.0,0.0
RNF38,0.36274642,0.0,0.0
RNF39,0.2948558,0.0,0.0
RNF4,0.40541756,0.0,-1.0
RNF40,0.49400544,0.0,-1.0
RNF41,0.37840044,0.0,0.0
RNF43,0.32842973,0.0,1.0
RNF44,0.2652411,0.0,0.0
RNF5,0.22298731,0.0,0.0
RNF6,0.26395106,0.0,-1.0
RNF7,0.057008572,0.0,-1.0
RNF8,0.45184904,0.0,0.0
RNFT1,0.13200726,0.0,-1.0
RNFT2,0.13947849,0.0,0.0
RNGTT,0.5861685,1.0,0.0
RNH1,0.3918823,0.0,0.0
RNLS,0.16249494,0.0,0.0
RNMT,0.3529493,0.0,0.0
RNPC3,0.30044594,0.0,0.0
RNPEP,0.22727346,0.0,0.0
RNPEPL1,0.17526628,0.0,0.0
RNPS1,0.3950067,0.0,0.0
RNU1-4,0.09153742,0.0,0.0
RNU11,0.16233228,0.0,0.0
RNU12-2P,0.14824697,0.0,0.0
RNU2-1,0.09153742,0.0,0.0
RO60,0.53966194,1.0,-1.0
ROBO1,0.6670104,1.0,1.0
ROBO2,0.3762938,0.0,1.0
ROBO3,0.4355687,0.0,-1.0
ROBO4,0.25972614,0.0,0.0
ROCK1,0.90175706,1.0,-1.0
ROCK2,0.8640679,1.0,-1.0
ROGDI,0.09261731,0.0,0.0
ROM1,0.17982307,0.0,-1.0
ROMO1,0.02726329,0.0,0.0
ROPN1,0.0139474645,0.0,0.0
ROPN1B,0.06139579,0.0,0.0
ROPN1L,0.081455834,0.0,0.0
ROR1,0.81376255,1.0,-1.0
ROR2,0.4563467,0.0,-1.0
RORA,0.7270587,1.0,0.0
RORB,0.4429888,0.0,0.0
RORC,0.5188065,1.0,-1.0
ROS1,0.50795335,1.0,1.0
RP1,0.21133806,0.0,-1.0
RP1L1,0.31372023,0.0,-1.0
RP2,0.1898596,0.0,-1.0
RP9,0.18589854,0.0,-1.0
RP9P,0.165304,0.0,0.0
RPA1,0.7543318,1.0,-1.0
RPA2,0.62842923,1.0,-1.0
RPA3,0.31998166,0.0,-1.0
RPA4,0.38527986,0.0,0.0
RPAIN,0.13719589,0.0,-1.0
RPAP1,0.23831467,0.0,0.0
RPAP2,0.27740428,0.0,0.0
RPAP3,0.33747894,0.0,0.0
RPE,0.4590642,0.0,-1.0
RPE65,0.16676895,0.0,-1.0
RPEL1,7.984201e-05,0.0,0.0
RPF1,0.080400154,0.0,0.0
RPF2,0.21890269,0.0,0.0
RPGR,0.54527074,1.0,-1.0
RPGRIP1,0.21705906,0.0,-1.0
RPGRIP1L,0.5338035,1.0,-1.0
RPH3A,0.28759316,0.0,-1.0
RPH3AL,0.10021098,0.0,-1.0
RPIA,0.25224927,0.0,-1.0
RPL10,0.38215992,0.0,1.0
RPL10A,0.19034582,0.0,0.0
RPL10L,0.23968193,0.0,0.0
RPL11,0.28275514,0.0,-1.0
RPL12,0.2293521,0.0,0.0
RPL13,0.30961168,0.0,0.0
RPL13A,0.22472715,0.0,-1.0
RPL13AP17,2.3708566e-10,0.0,0.0
RPL14,0.24754429,0.0,0.0
RPL15,0.21982493,0.0,0.0
RPL17,0.22776432,0.0,0.0
RPL17-C18orf32,0.11229469,0.0,0.0
RPL18,0.26915753,0.0,0.0
RPL18A,0.2755587,0.0,-1.0
RPL19,0.29216427,0.0,0.0
RPL21,0.2855763,0.0,0.0
RPL21P97,0.013169805,0.0,0.0
RPL22,0.29463726,0.0,1.0
RPL22L1,0.10335768,0.0,0.0
RPL23,0.32014415,0.0,0.0
RPL23A,0.32935995,0.0,0.0
RPL23AP32,0.013257922,0.0,0.0
RPL24,0.25681338,0.0,0.0
RPL26,0.20746067,0.0,-1.0
RPL26L1,0.08132956,0.0,0.0
RPL27,0.28912976,0.0,0.0
RPL27A,0.23958303,0.0,0.0
RPL28,0.27097094,0.0,-1.0
RPL29,0.13672991,0.0,-1.0
RPL3,0.33548057,0.0,0.0
RPL30,0.28992057,0.0,0.0
RPL31,0.24403857,0.0,-1.0
RPL32,0.15671487,0.0,0.0
RPL34,0.15491289,0.0,-1.0
RPL35,0.16041549,0.0,0.0
RPL35A,0.18906985,0.0,-1.0
RPL35P5,0.04345732,0.0,0.0
RPL36,0.1548681,0.0,0.0
RPL36A,0.13583049,0.0,0.0
RPL36A-HNRNPH2,7.832334e-10,0.0,0.0
RPL36AL,0.056706678,0.0,0.0
RPL37,0.115001634,0.0,0.0
RPL37A,0.23056656,0.0,0.0
RPL38,0.17818053,0.0,0.0
RPL39,0.13671383,0.0,0.0
RPL39L,0.1840831,0.0,0.0
RPL3L,0.23185715,0.0,0.0
RPL4,0.31292346,0.0,0.0
RPL41,0.08315442,0.0,0.0
RPL4P5,0.051403675,0.0,0.0
RPL5,0.45346904,0.0,1.0
RPL6,0.27859223,0.0,0.0
RPL6P1,0.030352186,0.0,0.0
RPL7,0.3713272,0.0,0.0
RPL7A,0.3600968,0.0,0.0
RPL7L1,0.14667305,0.0,0.0
RPL8,0.2189459,0.0,0.0
RPL9,0.22983,0.0,0.0
RPL9P7,0.4399781,0.0,0.0
RPL9P8,0.4399781,0.0,0.0
RPLP0,0.38272396,0.0,0.0
RPLP0P6,0.11946711,0.0,0.0
RPLP1,0.23741822,0.0,0.0
RPLP2,0.29407808,0.0,0.0
RPN1,0.1766476,0.0,1.0
RPN2,0.14329019,0.0,0.0
RPP14,0.11953127,0.0,0.0
RPP21,0.07448518,0.0,0.0
RPP25,0.13098288,0.0,0.0
RPP25L,0.13606676,0.0,0.0
RPP30,0.24683285,0.0,0.0
RPP38,0.12440774,0.0,-1.0
RPP38-DT,0.11055241,0.0,0.0
RPP40,0.12106149,0.0,0.0
RPRD1A,0.25654095,0.0,0.0
RPRD1B,0.24243504,0.0,-1.0
RPRD2,0.29218787,0.0,0.0
RPRM,0.25915572,0.0,-1.0
RPRML,0.06720357,0.0,0.0
RPS10,0.18519498,0.0,-1.0
RPS10-NUDT3,0.15207261,0.0,0.0
RPS10P5,0.1507215,0.0,0.0
RPS11,0.28756154,0.0,0.0
RPS12,0.29955536,0.0,0.0
RPS13,0.3293394,0.0,-1.0
RPS14,0.2917135,0.0,0.0
RPS15,0.1490439,0.0,-1.0
RPS15A,0.20008267,0.0,0.0
RPS16,0.27664876,0.0,0.0
RPS17,0.26493543,0.0,-1.0
RPS18,0.3138193,0.0,0.0
RPS19,0.30058113,0.0,-1.0
RPS19BP1,0.08178701,0.0,0.0
RPS2,0.26608562,0.0,-1.0
RPS20,0.28894284,0.0,0.0
RPS21,0.08942495,0.0,0.0
RPS23,0.25191605,0.0,0.0
RPS24,0.21580668,0.0,-1.0
RPS25,0.23349659,0.0,0.0
RPS26,0.1624042,0.0,-1.0
RPS26P11,0.12232373,0.0,0.0
RPS27,0.23327777,0.0,-1.0
RPS27A,0.82361263,1.0,-1.0
RPS27L,0.08614508,0.0,0.0
RPS28,0.15733722,0.0,0.0
RPS29,0.14222711,0.0,0.0
RPS3,0.42436758,0.0,0.0
RPS3A,0.5544205,1.0,-1.0
RPS4X,0.529094,1.0,0.0
RPS4Y1,0.23523076,0.0,0.0
RPS4Y2,0.09188794,0.0,0.0
RPS5,0.24002992,0.0,0.0
RPS6,0.49353796,0.0,-1.0
RPS6KA1,0.83972347,1.0,-1.0
RPS6KA2,0.8982323,1.0,0.0
RPS6KA3,0.87431914,1.0,-1.0
RPS6KA4,0.5981587,1.0,1.0
RPS6KA5,0.6838617,1.0,-1.0
RPS6KA6,0.7545597,1.0,-1.0
RPS6KB1,0.9059287,1.0,-1.0
RPS6KB2,0.7630917,1.0,1.0
RPS6KC1,0.24787225,0.0,0.0
RPS6KL1,0.12040697,0.0,0.0
RPS7,0.20282154,0.0,-1.0
RPS8,0.3193211,0.0,0.0
RPS9,0.25478378,0.0,0.0
RPSA,0.42434868,0.0,0.0
RPSAP58,0.01493195,0.0,-1.0
RPTN,6.0905557e-05,0.0,0.0
RPTOR,0.66397476,1.0,1.0
RPUSD1,0.11897497,0.0,0.0
RPUSD2,0.16604933,0.0,0.0
RPUSD3,0.14867038,0.0,0.0
RPUSD4,0.13414952,0.0,0.0
RRAD,0.505239,1.0,-1.0
RRAGA,0.14180398,0.0,0.0
RRAGB,0.29039395,0.0,0.0
RRAGC,0.32242808,0.0,1.0
RRAGD,0.24265374,0.0,0.0
RRAS,0.87898666,1.0,1.0
RRAS2,0.7763804,1.0,1.0
RRBP1,0.5763884,1.0,0.0
RREB1,0.8995568,1.0,-1.0
RRH,0.31819537,0.0,0.0
RRM1,0.6526728,1.0,-1.0
RRM2,0.690791,1.0,-1.0
RRM2B,0.52926373,1.0,-1.0
RRN3,0.2522223,0.0,0.0
RRP1,0.26571745,0.0,0.0
RRP12,0.35658842,0.0,0.0
RRP15,0.18711784,0.0,0.0
RRP1B,0.39596587,0.0,0.0
RRP36,0.07791011,0.0,0.0
RRP7A,0.15978283,0.0,0.0
RRP7BP,0.09756109,0.0,0.0
RRP8,0.2254898,0.0,0.0
RRP9,0.11289864,0.0,-1.0
RRS1,0.2098369,0.0,-1.0
RS1,0.27791288,0.0,-1.0
RSAD1,0.07821779,0.0,0.0
RSAD2,0.24385178,0.0,0.0
RSBN1,0.5873685,1.0,-1.0
RSBN1L,0.3452676,0.0,-1.0
RSC1A1,0.06782141,0.0,0.0
RSF1,0.6341833,1.0,-1.0
RSKR,0.6631247,1.0,0.0
RSL1D1,0.20300959,0.0,-1.0
RSL24D1,0.12023217,0.0,0.0
RSPH1,0.0035187856,0.0,-1.0
RSPH10B,0.054750133,0.0,0.0
RSPH10B2,0.07216725,0.0,0.0
RSPH14,0.19006062,0.0,-1.0
RSPH3,0.15073605,0.0,0.0
RSPH4A,0.0014420515,0.0,-1.0
RSPH6A,0.052053254,0.0,0.0
RSPH9,0.06967454,0.0,-1.0
RSPO1,0.25972098,0.0,-1.0
RSPO2,0.2666355,0.0,1.0
RSPO3,0.3256776,0.0,1.0
RSPO4,0.21135116,0.0,0.0
RSPRY1,0.16029562,0.0,0.0
RSRC1,0.385864,0.0,0.0
RSRC2,0.4231579,0.0,0.0
RSRP1,0.44078633,0.0,-1.0
RSU1,0.57710445,1.0,0.0
RTBDN,0.014145323,0.0,0.0
RTCA,0.16443086,0.0,-1.0
RTCB,0.23580706,0.0,0.0
RTEL1,0.5333455,1.0,1.0
RTEL1-TNFRSF6B,0.14065766,0.0,0.0
RTF1,0.39734417,0.0,0.0
RTF2,0.06970636,0.0,-1.0
RTKN,0.35405788,0.0,0.0
RTKN2,0.15769787,0.0,0.0
RTL1,0.007233853,0.0,0.0
RTL10,0.15689445,0.0,0.0
RTL3,0.07436997,0.0,0.0
RTL4,0.1389783,0.0,0.0
RTL5,0.038730077,0.0,0.0
RTL6,0.11588375,0.0,-1.0
RTL8A,0.12913853,0.0,0.0
RTL8B,0.11883755,0.0,0.0
RTL8C,0.22102927,0.0,0.0
RTL9,0.24482344,0.0,-1.0
RTN1,0.2704712,0.0,0.0
RTN2,0.147379,0.0,0.0
RTN3,0.20462407,0.0,0.0
RTN4,0.537675,1.0,-1.0
RTN4IP1,0.07931113,0.0,-1.0
RTN4R,0.19485116,0.0,0.0
RTN4RL1,0.14658034,0.0,0.0
RTN4RL2,0.1437493,0.0,0.0
RTP1,0.056287754,0.0,0.0
RTP2,0.05732182,0.0,0.0
RTP3,0.06156862,0.0,0.0
RTP4,0.16266063,0.0,0.0
RTP5,0.07956939,0.0,0.0
RTRAF,0.07859342,0.0,0.0
RTTN,0.20754425,0.0,-1.0
RUBCN,0.19454312,0.0,0.0
RUBCNL,0.30971166,0.0,0.0
RUFY1,0.2885889,0.0,-1.0
RUFY2,0.39006868,0.0,0.0
RUFY3,0.40024716,0.0,0.0
RUFY4,0.08046269,0.0,0.0
RUNDC1,0.17783286,0.0,0.0
RUNDC3A,0.3929694,0.0,0.0
RUNDC3B,0.13022403,0.0,0.0
RUNX1,0.9483517,1.0,1.0
RUNX1T1,0.73235494,1.0,1.0
RUNX2,0.8512617,1.0,-1.0
RUNX3,0.8368047,1.0,-1.0
RUSC1,0.20857581,0.0,0.0
RUSC1-AS1,0.11468671,0.0,0.0
RUSC2,0.25962117,0.0,-1.0
RUSF1,0.08274259,0.0,0.0
RUVBL1,0.53239197,1.0,-1.0
RUVBL2,0.47923672,0.0,-1.0
RWDD1,0.044110402,0.0,0.0
RWDD2A,0.12172911,0.0,0.0
RWDD2B,0.1563719,0.0,0.0
RWDD3,0.17560674,0.0,0.0
RWDD4,0.1268117,0.0,0.0
RXFP1,0.14216258,0.0,0.0
RXFP2,0.19753799,0.0,-1.0
RXFP3,0.16208494,0.0,-1.0
RXFP4,0.11687847,0.0,0.0
RXRA,0.877932,1.0,-1.0
RXRB,0.67013365,1.0,-1.0
RXRG,0.5815671,1.0,-1.0
RXYLT1,0.084426746,0.0,0.0
RYBP,0.6056413,1.0,1.0
RYK,0.5734666,1.0,-1.0
RYR1,0.40248328,0.0,-1.0
RYR2,0.58728874,1.0,-1.0
RYR3,0.39441392,0.0,-1.0
S100A1,0.033268925,0.0,-1.0
S100A10,0.5683533,1.0,-1.0
S100A11,0.6486209,1.0,0.0
S100A12,0.20589428,0.0,0.0
S100A13,0.081966296,0.0,-1.0
S100A14,0.25061765,0.0,-1.0
S100A16,0.16885807,0.0,0.0
S100A2,0.428127,0.0,-1.0
S100A3,0.04573767,0.0,0.0
S100A4,0.70128495,1.0,-1.0
S100A5,0.14985812,0.0,0.0
S100A6,0.4332792,0.0,-1.0
S100A7,0.16180736,0.0,1.0
S100A7A,0.0006558085,0.0,-1.0
S100A7L2,5.9136783e-06,0.0,0.0
S100A8,0.6172397,1.0,-1.0
S100A9,0.5825371,1.0,-1.0
S100B,0.45876735,0.0,-1.0
S100G,0.20436358,0.0,0.0
S100P,0.1728789,0.0,-1.0
S100PBP,0.37277633,0.0,-1.0
S100Z,0.004143726,0.0,0.0
S1PR1,0.5689664,1.0,-1.0
S1PR2,0.38215372,0.0,-1.0
S1PR3,0.28616142,0.0,0.0
S1PR4,0.36304903,0.0,-1.0
S1PR5,0.2202925,0.0,0.0
SAA1,0.26960817,0.0,-1.0
SAA2,0.16692486,0.0,-1.0
SAA4,0.17200255,0.0,0.0
SAAL1,0.33738953,0.0,0.0
SAC3D1,0.24953121,0.0,0.0
SACM1L,0.46023065,0.0,0.0
SACS,0.722693,1.0,-1.0
SAE1,0.5690819,1.0,0.0
SAFB,0.53630906,1.0,0.0
SAFB2,0.5341389,1.0,0.0
SAG,0.42670742,0.0,-1.0
SAGE1,0.15267909,0.0,-1.0
SALL1,0.6988245,1.0,-1.0
SALL2,0.41740352,0.0,0.0
SALL3,0.3069538,0.0,-1.0
SALL4,0.5546002,1.0,1.0
SAMD1,0.2165669,0.0,0.0
SAMD10,0.027190592,0.0,0.0
SAMD11,0.028528545,0.0,0.0
SAMD12,0.15566176,0.0,0.0
SAMD13,0.111966796,0.0,0.0
SAMD14,0.32807112,0.0,0.0
SAMD15,0.033274785,0.0,0.0
SAMD3,0.22388355,0.0,0.0
SAMD4A,0.18738021,0.0,0.0
SAMD4B,0.36018133,0.0,0.0
SAMD5,0.026035579,0.0,0.0
SAMD7,0.039171595,0.0,0.0
SAMD8,0.13073134,0.0,0.0
SAMD9,0.15630443,0.0,0.0
SAMD9L,0.21383063,0.0,-1.0
SAMHD1,0.75237954,1.0,1.0
SAMM50,0.05497518,0.0,-1.0
SAMSN1,0.5862853,1.0,0.0
SANBR,0.16941313,0.0,0.0
SAP130,0.5654046,1.0,0.0
SAP18,0.24535845,0.0,0.0
SAP25,0.19514477,0.0,0.0
SAP30,0.71806276,1.0,-1.0
SAP30BP,0.297189,0.0,0.0
SAP30L,0.33530813,0.0,0.0
SAPCD1,0.14286146,0.0,0.0
SAPCD2,0.17452498,0.0,0.0
SAR1A,0.3395349,0.0,0.0
SAR1B,0.09987803,0.0,-1.0
SARAF,0.14238758,0.0,0.0
SARDH,0.19705299,0.0,0.0
SARM1,0.18623927,0.0,0.0
SARNP,0.22753412,0.0,-1.0
SARS2,0.3033809,0.0,0.0
SART1,0.22573914,0.0,0.0
SART3,0.46103215,0.0,-1.0
SASH1,0.3877815,0.0,-1.0
SASH3,0.5369663,1.0,0.0
SASS6,0.4342606,0.0,0.0
SAT1,0.61786795,1.0,0.0
SAT2,0.08733689,0.0,0.0
SATB1,0.82681787,1.0,-1.0
SATB2,0.80481416,1.0,-1.0
SATL1,0.17063013,0.0,0.0
SAV1,0.46473208,0.0,-1.0
SAXO1,0.037262574,0.0,0.0
SAYSD1,0.13567065,0.0,0.0
SBDS,0.1562623,0.0,1.0
SBF1,0.30505604,0.0,0.0
SBF2,0.35274366,0.0,-1.0
SBK1,0.18381682,0.0,0.0
SBK2,0.16458033,0.0,0.0
SBNO1,0.37199613,0.0,-1.0
SBNO2,0.38354418,0.0,0.0
SBSN,0.193025,0.0,-1.0
SBSPON,0.14755797,0.0,0.0
SC5D,0.10591387,0.0,0.0
SCAF1,0.50503623,1.0,-1.0
SCAF11,0.675978,1.0,0.0
SCAF4,0.35649925,0.0,-1.0
SCAF8,0.57238597,1.0,0.0
SCAI,0.23620342,0.0,0.0
SCAMP1,0.33987716,0.0,0.0
SCAMP2,0.1346973,0.0,0.0
SCAMP3,0.07096897,0.0,0.0
SCAMP4,0.16394544,0.0,-1.0
SCAMP5,0.19693154,0.0,0.0
SCAND1,0.07196686,0.0,0.0
SCAP,0.16256714,0.0,0.0
SCAPER,0.49615794,0.0,-1.0
SCARA3,0.20749122,0.0,0.0
SCARA5,0.09669279,0.0,0.0
SCARB1,0.49627122,0.0,-1.0
SCARB2,0.7614983,1.0,-1.0
SCARF1,0.18621111,0.0,0.0
SCARF2,0.10864815,0.0,0.0
SCCPDH,0.11448367,0.0,0.0
SCD,0.27776343,0.0,-1.0
SCD5,0.22888297,0.0,0.0
SCEL,0.3158211,0.0,0.0
SCFD1,0.2205592,0.0,0.0
SCFD2,0.12161602,0.0,0.0
SCG2,0.3547359,0.0,0.0
SCG3,0.17564188,0.0,0.0
SCG5,0.27792108,0.0,1.0
SCGB1A1,0.07407805,0.0,0.0
SCGB1C1,0.0010882762,0.0,0.0
SCGB1D1,0.11254757,0.0,0.0
SCGB1D2,0.10147178,0.0,0.0
SCGB1D4,0.030053284,0.0,0.0
SCGB2A1,0.04800681,0.0,0.0
SCGB2A2,0.049666885,0.0,0.0
SCGB2B2,0.12312038,0.0,0.0
SCGB3A1,0.017026505,0.0,0.0
SCGB3A2,0.0012238708,0.0,0.0
SCGN,0.322202,0.0,0.0
SCHIP1,0.25505605,0.0,0.0
SCIMP,0.09939873,0.0,0.0
SCIN,0.34843865,0.0,-1.0
SCLT1,0.44164246,0.0,-1.0
SCLY,0.19317223,0.0,0.0
SCMH1,0.40215942,0.0,0.0
SCML1,0.20288669,0.0,0.0
SCML2,0.46458474,0.0,0.0
SCML4,0.20226148,0.0,0.0
SCN10A,0.37279087,0.0,-1.0
SCN11A,0.27041033,0.0,-1.0
SCN1A,0.34388706,0.0,-1.0
SCN1B,0.21188629,0.0,-1.0
SCN2A,0.4757919,0.0,-1.0
SCN2B,0.28875026,0.0,0.0
SCN3A,0.3547108,0.0,-1.0
SCN3B,0.27816737,0.0,-1.0
SCN4A,0.39177877,0.0,-1.0
SCN4B,0.13194738,0.0,-1.0
SCN5A,0.4951717,0.0,-1.0
SCN7A,0.19134317,0.0,0.0
SCN8A,0.43872854,0.0,0.0
SCN9A,0.25207663,0.0,-1.0
SCNM1,0.07357847,0.0,0.0
SCNN1A,0.3865091,0.0,-1.0
SCNN1B,0.3169669,0.0,-1.0
SCNN1D,0.192891,0.0,0.0
SCNN1G,0.37189144,0.0,-1.0
SCO1,0.08295126,0.0,-1.0
SCO2,0.10720411,0.0,-1.0
SCOC,0.13966608,0.0,0.0
SCP2,0.13815705,0.0,0.0
SCP2D1,0.050653335,0.0,0.0
SCPEP1,0.20350221,0.0,0.0
SCRG1,0.21014442,0.0,0.0
SCRIB,0.72674406,1.0,0.0
SCRN1,0.22532366,0.0,0.0
SCRN2,0.0908822,0.0,0.0
SCRN3,0.18228391,0.0,0.0
SCRT1,0.20741412,0.0,0.0
SCRT2,0.1878763,0.0,0.0
SCT,0.3095462,0.0,0.0
SCTR,0.26775494,0.0,0.0
SCUBE1,0.12752178,0.0,0.0
SCUBE2,0.16618533,0.0,0.0
SCUBE3,0.22986303,0.0,-1.0
SCX,0.00090485584,0.0,0.0
SCYL1,0.30293357,0.0,-1.0
SCYL2,0.42905015,0.0,-1.0
SCYL3,0.37781176,0.0,0.0
SDAD1,0.15888476,0.0,0.0
SDC1,0.7805368,1.0,-1.0
SDC2,0.81068885,1.0,-1.0
SDC3,0.49896452,0.0,-1.0
SDC4,0.79024214,1.0,1.0
SDCBP,0.56480694,1.0,-1.0
SDCBP2,0.094527364,0.0,0.0
SDCCAG8,0.33196676,0.0,-1.0
SDE2,0.14740704,0.0,-1.0
SDF2,0.07021195,0.0,0.0
SDF2L1,0.12146057,0.0,0.0
SDF4,0.23142399,0.0,-1.0
SDHA,0.21204574,0.0,1.0
SDHAF1,0.1179277,0.0,0.0
SDHAF2,0.20887385,0.0,1.0
SDHAF3,0.07589442,0.0,0.0
SDHAF4,0.11575059,0.0,0.0
SDHB,0.12610902,0.0,1.0
SDHC,0.09424763,0.0,1.0
SDHD,0.0610244,0.0,1.0
SDK1,0.25226638,0.0,-1.0
SDK2,0.17474999,0.0,-1.0
SDR16C5,0.05268246,0.0,0.0
SDR39U1,0.07895075,0.0,0.0
SDR42E1,0.05720319,0.0,0.0
SDR9C7,0.09619983,0.0,0.0
SDS,0.2139275,0.0,0.0
SDSL,0.17189366,0.0,0.0
SEBOX,0.021119425,0.0,0.0
SEC11A,0.066725105,0.0,0.0
SEC11C,0.064594254,0.0,0.0
SEC13,0.397962,0.0,0.0
SEC14L1,0.4258721,0.0,-1.0
SEC14L2,0.15896443,0.0,0.0
SEC14L3,0.08327012,0.0,0.0
SEC14L4,0.13022296,0.0,0.0
SEC14L5,0.34635586,0.0,0.0
SEC14L6,7.923646e-06,0.0,0.0
SEC16A,0.5679884,1.0,-1.0
SEC16B,0.08866946,0.0,0.0
SEC22A,0.10306929,0.0,0.0
SEC22B,0.18698727,0.0,0.0
SEC22C,0.12659137,0.0,0.0
SEC23A,0.6180886,1.0,0.0
SEC23B,0.27110335,0.0,-1.0
SEC23IP,0.24977474,0.0,0.0
SEC24A,0.37466568,0.0,0.0
SEC24B,0.5512499,1.0,0.0
SEC24C,0.43636224,0.0,0.0
SEC24D,0.33307797,0.0,0.0
SEC31A,0.38942453,0.0,-1.0
SEC31B,0.19881535,0.0,0.0
SEC61A1,0.15686944,0.0,0.0
SEC61A2,0.11597587,0.0,0.0
SEC61B,0.11526709,0.0,0.0
SEC61G,0.039883725,0.0,-1.0
SEC62,0.23557587,0.0,0.0
SEC63,0.27151307,0.0,-1.0
SECISBP2,0.36876935,0.0,0.0
SECISBP2L,0.56896526,1.0,0.0
SECTM1,0.24017037,0.0,0.0
SEH1L,0.3905185,0.0,0.0
SEL1L,0.31813997,0.0,-1.0
SEL1L2,0.06086463,0.0,0.0
SEL1L3,0.35355678,0.0,0.0
SELE,0.6576137,1.0,-1.0
SELENBP1,0.28333068,0.0,0.0
SELENOF,0.1153581,0.0,-1.0
SELENOH,0.12184038,0.0,0.0
SELENOI,0.07218806,0.0,0.0
SELENOK,0.10869938,0.0,0.0
SELENOM,0.11040955,0.0,0.0
SELENON,0.14152677,0.0,-1.0
SELENOO,0.09900385,0.0,0.0
SELENOP,0.30935666,0.0,-1.0
SELENOS,0.08204898,0.0,0.0
SELENOT,0.07505012,0.0,0.0
SELENOV,0.09721418,0.0,0.0
SELENOW,0.0675628,0.0,0.0
SELL,0.3419781,0.0,0.0
SELP,0.54268014,1.0,-1.0
SELPLG,0.49984565,0.0,0.0
SEM1,0.12153121,0.0,0.0
SEMA3A,0.54825854,1.0,-1.0
SEMA3B,0.1535542,0.0,-1.0
SEMA3C,0.6223616,1.0,-1.0
SEMA3D,0.13773818,0.0,0.0
SEMA3E,0.20059006,0.0,-1.0
SEMA3F,0.5586214,1.0,-1.0
SEMA3G,0.11372644,0.0,0.0
SEMA4A,0.086364396,0.0,-1.0
SEMA4B,0.23507494,0.0,-1.0
SEMA4C,0.28461912,0.0,0.0
SEMA4D,0.5548643,1.0,-1.0
SEMA4F,0.29289234,0.0,0.0
SEMA4G,0.26819158,0.0,0.0
SEMA5A,0.4201384,0.0,-1.0
SEMA5B,0.1790287,0.0,-1.0
SEMA6A,0.47973996,0.0,-1.0
SEMA6B,0.11641482,0.0,-1.0
SEMA6C,0.2948789,0.0,0.0
SEMA6D,0.4107777,0.0,-1.0
SEMA7A,0.3797133,0.0,0.0
SEMG1,0.15243693,0.0,-1.0
SEMG2,0.17794615,0.0,-1.0
SENP1,0.4506108,0.0,0.0
SENP2,0.29052126,0.0,-1.0
SENP3,0.36049926,0.0,0.0
SENP5,0.36600858,0.0,0.0
SENP6,0.6053742,1.0,0.0
SENP7,0.52898026,1.0,0.0
SENP8,0.14152834,0.0,0.0
SEPHS1,0.37189758,0.0,0.0
SEPHS2,0.10469249,0.0,0.0
SEPSECS,0.15735269,0.0,0.0
SEPTIN1,0.13093774,0.0,0.0
SEPTIN10,0.47729513,0.0,0.0
SEPTIN11,0.6647684,1.0,-1.0
SEPTIN12,0.06300697,0.0,-1.0
SEPTIN14,0.07473518,0.0,0.0
SEPTIN2,0.6428848,1.0,-1.0
SEPTIN3,0.23556116,0.0,0.0
SEPTIN4,0.29356477,0.0,0.0
SEPTIN5,0.29727104,0.0,-1.0
SEPTIN6,0.6190728,1.0,-1.0
SEPTIN7,0.6005318,1.0,-1.0
SEPTIN8,0.3367809,0.0,0.0
SEPTIN9,0.46427608,0.0,-1.0
SERAC1,0.09687391,0.0,0.0
SERBP1,0.39090502,0.0,-1.0
SERF1A,0.031521164,0.0,0.0
SERF1B,0.029661534,0.0,0.0
SERF2,0.04179183,0.0,0.0
SERGEF,0.14214344,0.0,0.0
SERHL,0.06897905,0.0,0.0
SERHL2,0.05558491,0.0,-1.0
SERINC1,0.28662735,0.0,0.0
SERINC2,0.056821607,0.0,0.0
SERINC3,0.2365237,0.0,-1.0
SERINC5,0.013143376,0.0,0.0
SERP1,0.11716116,0.0,0.0
SERP2,0.042871546,0.0,-1.0
SERPINA1,0.57538176,1.0,-1.0
SERPINA10,0.08062604,0.0,0.0
SERPINA11,0.07662504,0.0,0.0
SERPINA12,0.10129022,0.0,-1.0
SERPINA2,0.050591365,0.0,0.0
SERPINA3,0.31662786,0.0,0.0
SERPINA4,0.26239422,0.0,-1.0
SERPINA5,0.29703453,0.0,0.0
SERPINA6,0.1742017,0.0,0.0
SERPINA7,0.14732514,0.0,0.0
SERPINA9,0.069707476,0.0,0.0
SERPINB1,0.54182106,1.0,-1.0
SERPINB10,0.17916119,0.0,0.0
SERPINB11,0.077329375,0.0,0.0
SERPINB12,0.15482444,0.0,0.0
SERPINB13,0.28090543,0.0,-1.0
SERPINB2,0.6175478,1.0,-1.0
SERPINB3,0.4327956,0.0,1.0
SERPINB4,0.3926238,0.0,-1.0
SERPINB5,0.56237596,1.0,-1.0
SERPINB6,0.286631,0.0,0.0
SERPINB7,0.24843696,0.0,-1.0
SERPINB8,0.38490412,0.0,0.0
SERPINB9,0.41958576,0.0,0.0
SERPINC1,0.23159306,0.0,-1.0
SERPIND1,0.15568668,0.0,0.0
SERPINE1,0.91846234,1.0,-1.0
SERPINE2,0.5849475,1.0,0.0
SERPINE3,0.071106955,0.0,0.0
SERPINF1,0.45618343,0.0,-1.0
SERPINF2,0.15427189,0.0,0.0
SERPING1,0.621183,1.0,-1.0
SERPINH1,0.89682525,1.0,-1.0
SERPINI1,0.2477783,0.0,0.0
SERPINI2,0.17701405,0.0,0.0
SERTAD1,0.38072813,0.0,0.0
SERTAD2,0.38770953,0.0,0.0
SERTAD3,0.33774063,0.0,0.0
SERTAD4,0.15259676,0.0,0.0
SERTM1,1.1341599e-05,0.0,0.0
SESN1,0.24912198,0.0,1.0
SESN2,0.23361355,0.0,1.0
SESN3,0.22472255,0.0,1.0
SESTD1,0.15070562,0.0,0.0
SET,0.5382414,1.0,1.0
SETBP1,0.71186775,1.0,1.0
SETD1A,0.74772775,1.0,1.0
SETD1B,0.61693114,1.0,1.0
SETD2,0.7830625,1.0,1.0
SETD3,0.19026618,0.0,-1.0
SETD4,0.16995038,0.0,-1.0
SETD5,0.3752893,0.0,-1.0
SETD6,0.22206983,0.0,-1.0
SETD7,0.49763095,0.0,-1.0
SETD9,0.45739967,0.0,0.0
SETDB1,0.31987697,0.0,1.0
SETDB2,0.37887186,0.0,1.0
SETMAR,0.2967683,0.0,0.0
SETSIP,0.1849831,0.0,0.0
SETX,0.7996227,1.0,-1.0
SEZ6,0.031049952,0.0,0.0
SEZ6L,0.31822407,0.0,0.0
SEZ6L2,0.18521453,0.0,0.0
SF1,0.5789464,1.0,-1.0
SF3A1,0.5056762,1.0,0.0
SF3A2,0.29689282,0.0,0.0
SF3A3,0.37331986,0.0,0.0
SF3B1,0.7498994,1.0,1.0
SF3B2,0.3870904,0.0,-1.0
SF3B3,0.614232,1.0,-1.0
SF3B4,0.49587324,0.0,0.0
SF3B5,0.034404747,0.0,0.0
SF3B6,0.16972585,0.0,0.0
SFI1,0.39105865,0.0,0.0
SFMBT1,0.31713843,0.0,0.0
SFMBT2,0.16625513,0.0,-1.0
SFN,0.94615334,1.0,0.0
SFPQ,0.7127436,1.0,1.0
SFR1,0.27940243,0.0,0.0
SFRP1,0.6824052,1.0,1.0
SFRP2,0.5226374,1.0,1.0
SFRP4,0.5541284,1.0,1.0
SFRP5,0.33566636,0.0,-1.0
SFSWAP,0.3652852,0.0,0.0
SFT2D1,0.08923178,0.0,0.0
SFT2D2,0.1686801,0.0,0.0
SFT2D3,0.12760928,0.0,0.0
SFTA2,0.059765324,0.0,0.0
SFTA3,0.09623099,0.0,0.0
SFTPA1,0.15260845,0.0,-1.0
SFTPA2,0.1950523,0.0,-1.0
SFTPB,0.34867236,0.0,-1.0
SFTPC,0.3080066,0.0,-1.0
SFTPD,0.23503003,0.0,0.0
SFXN1,0.37582454,0.0,0.0
SFXN2,0.13600434,0.0,0.0
SFXN3,0.4512572,0.0,0.0
SFXN4,0.09372623,0.0,-1.0
SFXN5,0.09969057,0.0,0.0
SGCA,0.21733901,0.0,-1.0
SGCB,0.22512545,0.0,-1.0
SGCD,0.14249644,0.0,-1.0
SGCE,0.44505653,0.0,-1.0
SGCG,0.08192884,0.0,-1.0
SGCZ,0.084225945,0.0,-1.0
SGF29,0.34770733,0.0,0.0
SGIP1,0.49726763,0.0,0.0
SGK1,0.81751955,1.0,1.0
SGK2,0.741988,1.0,0.0
SGK3,0.39484116,0.0,0.0
SGMS1,0.4143047,0.0,-1.0
SGMS2,0.08595393,0.0,0.0
SGO1,0.48939186,0.0,-1.0
SGO2,0.5806492,1.0,0.0
SGPL1,0.39516756,0.0,0.0
SGPP1,0.22190678,0.0,0.0
SGPP2,0.076425016,0.0,0.0
SGSH,0.11800252,0.0,-1.0
SGSM1,0.14008541,0.0,0.0
SGSM2,0.44708943,0.0,0.0
SGSM3,0.20781283,0.0,0.0
SGTA,0.31226677,0.0,0.0
SGTB,0.39748216,0.0,0.0
SH2B1,0.35094577,0.0,0.0
SH2B2,0.48240292,0.0,-1.0
SH2B3,0.732096,1.0,1.0
SH2D1A,0.57873994,1.0,1.0
SH2D1B,0.38349128,0.0,0.0
SH2D2A,0.5270408,1.0,0.0
SH2D3A,0.22893059,0.0,0.0
SH2D3C,0.41476703,0.0,0.0
SH2D4A,0.30265602,0.0,0.0
SH2D4B,0.053981137,0.0,0.0
SH2D5,0.007111419,0.0,0.0
SH3BGR,0.026527343,0.0,0.0
SH3BGRL,0.3436166,0.0,0.0
SH3BGRL2,0.15865096,0.0,-1.0
SH3BGRL3,0.3175988,0.0,0.0
SH3BP1,0.32992208,0.0,0.0
SH3BP2,0.5973822,1.0,-1.0
SH3BP4,0.39020842,0.0,0.0
SH3BP5,0.7249656,1.0,0.0
SH3BP5L,0.26272762,0.0,0.0
SH3D19,0.31708208,0.0,0.0
SH3D21,0.23736006,0.0,0.0
SH3GL1,0.7689062,1.0,1.0
SH3GL2,0.7521121,1.0,-1.0
SH3GL3,0.69802475,1.0,0.0
SH3GLB1,0.28310323,0.0,-1.0
SH3GLB2,0.214726,0.0,0.0
SH3KBP1,0.75507903,1.0,0.0
SH3PXD2A,0.43390355,0.0,-1.0
SH3PXD2B,0.20827854,0.0,0.0
SH3RF1,0.28372255,0.0,0.0
SH3RF2,0.2173772,0.0,0.0
SH3RF3,0.18739852,0.0,0.0
SH3TC1,0.10808728,0.0,0.0
SH3TC2,0.14350027,0.0,-1.0
SH3YL1,0.31182292,0.0,0.0
SHANK1,0.32201588,0.0,-1.0
SHANK2,0.6667671,1.0,-1.0
SHANK3,0.26387617,0.0,0.0
SHARPIN,0.13732567,0.0,0.0
SHB,0.5868231,1.0,0.0
SHBG,0.2835016,0.0,-1.0
SHC1,0.9614603,1.0,-1.0
SHC2,0.750531,1.0,-1.0
SHC3,0.79768276,1.0,-1.0
SHC4,0.5505868,1.0,-1.0
SHCBP1,0.57128906,1.0,0.0
SHCBP1L,0.060744658,0.0,0.0
SHD,0.117549434,0.0,0.0
SHE,0.12544855,0.0,-1.0
SHF,0.02390661,0.0,-1.0
SHFL,0.05729529,0.0,0.0
SHH,0.70544195,1.0,-1.0
SHISA2,0.18285954,0.0,0.0
SHISA3,0.020011382,0.0,0.0
SHISA4,0.0068895826,0.0,-1.0
SHISA5,0.11580647,0.0,-1.0
SHISA6,0.06729287,0.0,0.0
SHISA7,0.07069728,0.0,0.0
SHISA9,0.023327727,0.0,0.0
SHISAL1,0.16852118,0.0,0.0
SHISAL2A,0.037076082,0.0,0.0
SHKBP1,0.20527929,0.0,-1.0
SHLD1,0.26306468,0.0,0.0
SHLD2,0.1122874,0.0,0.0
SHMT1,0.46317813,0.0,0.0
SHMT2,0.45693436,0.0,-1.0
SHOC1,0.00087440485,0.0,0.0
SHOC2,0.74007404,1.0,1.0
SHOX,0.35997906,0.0,0.0
SHOX2,0.54417545,1.0,0.0
SHPK,0.17625254,0.0,0.0
SHPRH,0.65065193,1.0,-1.0
SHQ1,0.20858179,0.0,1.0
SHROOM1,0.22553542,0.0,0.0
SHROOM2,0.41930547,0.0,0.0
SHROOM3,0.29929364,0.0,-1.0
SHROOM4,0.2739877,0.0,-1.0
SHTN1,0.24701971,0.0,-1.0
SI,0.12147988,0.0,-1.0
SIAE,0.060079,0.0,-1.0
SIAH1,0.5884173,1.0,-1.0
SIAH2,0.4093896,0.0,-1.0
SIAH3,1.63513e-07,0.0,0.0
SIDT1,0.115747355,0.0,0.0
SIDT2,0.08828967,0.0,0.0
SIGIRR,0.09561478,0.0,0.0
SIGLEC1,0.2626852,0.0,0.0
SIGLEC10,0.010598227,0.0,0.0
SIGLEC11,0.13541785,0.0,0.0
SIGLEC12,0.16507974,0.0,0.0
SIGLEC14,0.13625877,0.0,0.0
SIGLEC15,0.01151903,0.0,0.0
SIGLEC16,9.2957583e-07,0.0,0.0
SIGLEC5,0.13600872,0.0,0.0
SIGLEC6,0.18836787,0.0,0.0
SIGLEC7,0.2867708,0.0,0.0
SIGLEC8,0.19743039,0.0,-1.0
SIGLEC9,0.1802874,0.0,0.0
SIGLECL1,0.046633247,0.0,0.0
SIGMAR1,0.16152266,0.0,0.0
SIK1,0.77369744,1.0,-1.0
SIK2,0.76619893,1.0,0.0
SIK3,0.5513618,1.0,-1.0
SIKE1,0.29072195,0.0,0.0
SIL1,0.07063167,0.0,-1.0
SIM1,0.33078155,0.0,0.0
SIM2,0.43265656,0.0,0.0
SIMC1,0.22134492,0.0,0.0
SIN3A,0.9166256,1.0,-1.0
SIN3B,0.78154933,1.0,-1.0
SINHCAF,0.4379201,0.0,0.0
SIPA1,0.4284698,0.0,-1.0
SIPA1L1,0.5942875,1.0,0.0
SIPA1L2,0.32689655,0.0,0.0
SIPA1L3,0.49374703,0.0,0.0
SIRPA,0.61997277,1.0,1.0
SIRPB1,0.20473911,0.0,-1.0
SIRPB2,0.06211716,0.0,-1.0
SIRPD,0.07260856,0.0,-1.0
SIRPG,0.23207152,0.0,-1.0
SIRT1,0.9360281,1.0,-1.0
SIRT2,0.7135532,1.0,0.0
SIRT3,0.49730876,0.0,-1.0
SIRT4,0.1485663,0.0,-1.0
SIRT5,0.24965791,0.0,0.0
SIRT6,0.71291745,1.0,-1.0
SIRT7,0.6055323,1.0,0.0
SIT1,0.419477,0.0,0.0
SIVA1,0.14204821,0.0,-1.0
SIX1,0.61061275,1.0,1.0
SIX2,0.5690633,1.0,1.0
SIX3,0.5795497,1.0,-1.0
SIX4,0.28978848,0.0,-1.0
SIX5,0.45528322,0.0,-1.0
SIX6,0.45867807,0.0,-1.0
SKA1,0.5453778,1.0,0.0
SKA2,0.5093908,1.0,0.0
SKA3,0.4599614,0.0,0.0
SKAP1,0.5487657,1.0,0.0
SKAP2,0.46876118,0.0,0.0
SKI,0.7010272,1.0,1.0
SKIDA1,0.30938324,0.0,0.0
SKIL,0.74346477,1.0,-1.0
SKIV2L,0.2054333,0.0,0.0
SKOR1,0.27312323,0.0,0.0
SKOR2,0.0026925988,0.0,0.0
SKP1,0.44206002,0.0,-1.0
SKP2,0.5842469,1.0,-1.0
SLA,0.6386413,1.0,0.0
SLA2,0.5485286,1.0,0.0
SLAIN1,0.27029902,0.0,0.0
SLAIN2,0.34971333,0.0,0.0
SLAMF1,0.6437484,1.0,-1.0
SLAMF6,0.2397095,0.0,-1.0
SLAMF7,0.45799527,0.0,0.0
SLAMF8,0.35700223,0.0,0.0
SLAMF9,0.12325107,0.0,0.0
SLBP,0.43329778,0.0,0.0
SLC10A1,0.09827473,0.0,0.0
SLC10A2,0.10451018,0.0,0.0
SLC10A3,0.08657628,0.0,-1.0
SLC10A4,0.00018180045,0.0,0.0
SLC10A5,2.5803769e-05,0.0,0.0
SLC10A6,2.8064316e-05,0.0,0.0
SLC10A7,0.0013254844,0.0,0.0
SLC11A1,0.48247337,0.0,0.0
SLC11A2,0.4082249,0.0,-1.0
SLC12A1,0.04660022,0.0,-1.0
SLC12A2,0.48557097,0.0,0.0
SLC12A3,0.14350048,0.0,-1.0
SLC12A4,0.26843923,0.0,0.0
SLC12A5,0.3977036,0.0,-1.0
SLC12A6,0.43054956,0.0,-1.0
SLC12A7,0.17629637,0.0,0.0
SLC12A8,0.110045806,0.0,0.0
SLC12A9,0.158583,0.0,0.0
SLC13A1,0.02264484,0.0,-1.0
SLC13A2,0.115135685,0.0,0.0
SLC13A3,0.05086284,0.0,0.0
SLC13A4,0.025580445,0.0,0.0
SLC13A5,0.035689414,0.0,0.0
SLC14A1,0.18291606,0.0,0.0
SLC14A2,0.26101136,0.0,0.0
SLC15A1,0.20846333,0.0,-1.0
SLC15A2,0.15428156,0.0,-1.0
SLC15A3,0.305746,0.0,0.0
SLC15A4,0.06992689,0.0,0.0
SLC15A5,0.024487233,0.0,0.0
SLC16A1,0.50057614,1.0,-1.0
SLC16A10,0.09967677,0.0,0.0
SLC16A11,0.0069598625,0.0,0.0
SLC16A12,0.03521336,0.0,0.0
SLC16A13,0.059844248,0.0,0.0
SLC16A14,0.058400124,0.0,0.0
SLC16A2,0.1638011,0.0,-1.0
SLC16A3,0.32000914,0.0,-1.0
SLC16A4,0.13197508,0.0,-1.0
SLC16A5,0.08281234,0.0,0.0
SLC16A6,0.20698062,0.0,0.0
SLC16A7,0.16358115,0.0,0.0
SLC16A8,0.20153584,0.0,0.0
SLC16A9,0.019320168,0.0,0.0
SLC17A1,0.20487313,0.0,0.0
SLC17A2,0.13023447,0.0,0.0
SLC17A3,0.1730693,0.0,0.0
SLC17A4,0.21484561,0.0,0.0
SLC17A5,0.15632191,0.0,-1.0
SLC17A6,0.36707273,0.0,0.0
SLC17A7,0.45976275,0.0,0.0
SLC17A8,0.11388447,0.0,0.0
SLC17A9,0.12370586,0.0,0.0
SLC18A1,0.24538593,0.0,0.0
SLC18A2,0.15297455,0.0,0.0
SLC18A3,0.4722083,0.0,0.0
SLC18B1,0.12308074,0.0,0.0
SLC19A1,0.3022776,0.0,-1.0
SLC19A2,0.120161794,0.0,-1.0
SLC19A3,0.086543635,0.0,-1.0
SLC1A1,0.22370395,0.0,0.0
SLC1A2,0.4888913,0.0,-1.0
SLC1A3,0.45471075,0.0,-1.0
SLC1A4,0.234087,0.0,-1.0
SLC1A5,0.7517238,1.0,-1.0
SLC1A6,0.35875282,0.0,-1.0
SLC1A7,0.27302787,0.0,0.0
SLC20A1,0.56576574,1.0,0.0
SLC20A2,0.18322854,0.0,0.0
SLC22A1,0.089392014,0.0,-1.0
SLC22A10,0.04404112,0.0,0.0
SLC22A11,0.1173676,0.0,-1.0
SLC22A12,0.02435081,0.0,0.0
SLC22A13,0.111135036,0.0,0.0
SLC22A14,0.1942399,0.0,0.0
SLC22A15,0.063464746,0.0,0.0
SLC22A16,0.040621165,0.0,0.0
SLC22A17,0.12057979,0.0,0.0
SLC22A18,0.0756386,0.0,-1.0
SLC22A18AS,0.1383589,0.0,0.0
SLC22A2,0.05499105,0.0,-1.0
SLC22A20P,0.19988407,0.0,0.0
SLC22A23,0.08218383,0.0,-1.0
SLC22A24,0.0913535,0.0,0.0
SLC22A25,0.06949311,0.0,0.0
SLC22A3,0.15541847,0.0,-1.0
SLC22A4,0.22317155,0.0,-1.0
SLC22A5,0.24465217,0.0,-1.0
SLC22A6,0.09345536,0.0,0.0
SLC22A7,0.122588076,0.0,0.0
SLC22A8,0.066567264,0.0,-1.0
SLC22A9,0.056790322,0.0,0.0
SLC23A1,0.03770227,0.0,0.0
SLC23A2,0.1726154,0.0,0.0
SLC23A3,0.016029064,0.0,0.0
SLC24A1,0.3841022,0.0,0.0
SLC24A2,0.35575867,0.0,0.0
SLC24A3,0.31009984,0.0,0.0
SLC24A4,0.079889715,0.0,0.0
SLC24A5,0.09310945,0.0,-1.0
SLC25A1,0.58161986,1.0,0.0
SLC25A10,0.2845723,0.0,0.0
SLC25A11,0.08950701,0.0,0.0
SLC25A12,0.23555836,0.0,0.0
SLC25A13,0.6151074,1.0,-1.0
SLC25A14,0.24561113,0.0,0.0
SLC25A15,0.1842592,0.0,0.0
SLC25A16,0.10120628,0.0,0.0
SLC25A17,0.15010256,0.0,-1.0
SLC25A18,0.047354363,0.0,0.0
SLC25A19,0.24480467,0.0,0.0
SLC25A2,0.049901646,0.0,0.0
SLC25A20,0.16236103,0.0,0.0
SLC25A21,0.0879617,0.0,0.0
SLC25A22,0.2816011,0.0,0.0
SLC25A23,0.15068036,0.0,0.0
SLC25A24,0.21081127,0.0,0.0
SLC25A25,0.14346915,0.0,0.0
SLC25A26,0.118726134,0.0,0.0
SLC25A27,0.07781545,0.0,0.0
SLC25A28,0.16231208,0.0,0.0
SLC25A29,0.06260061,0.0,0.0
SLC25A3,0.19567914,0.0,0.0
SLC25A30,0.085363135,0.0,0.0
SLC25A31,0.15804711,0.0,0.0
SLC25A32,0.15242763,0.0,0.0
SLC25A33,0.12634008,0.0,0.0
SLC25A34,0.07573613,0.0,0.0
SLC25A35,0.087893695,0.0,0.0
SLC25A36,0.31523743,0.0,0.0
SLC25A37,0.16650529,0.0,0.0
SLC25A38,0.093992785,0.0,0.0
SLC25A39,0.101701595,0.0,0.0
SLC25A4,0.3101163,0.0,-1.0
SLC25A40,0.32878184,0.0,0.0
SLC25A41,0.20278163,0.0,0.0
SLC25A42,0.16529651,0.0,0.0
SLC25A43,0.15088564,0.0,0.0
SLC25A44,0.12050865,0.0,0.0
SLC25A45,0.090510964,0.0,-1.0
SLC25A46,0.1099964,0.0,0.0
SLC25A47,0.07114498,0.0,0.0
SLC25A48,0.08055846,0.0,0.0
SLC25A5,0.3976449,0.0,0.0
SLC25A51,0.13243805,0.0,0.0
SLC25A52,1.7609005e-06,0.0,0.0
SLC25A53,0.08942609,0.0,0.0
SLC25A6,0.26987463,0.0,0.0
SLC26A1,0.17952621,0.0,0.0
SLC26A10,0.21105137,0.0,0.0
SLC26A11,0.093691185,0.0,-1.0
SLC26A2,0.15445772,0.0,-1.0
SLC26A3,0.06880019,0.0,-1.0
SLC26A4,0.08861047,0.0,-1.0
SLC26A5,0.059440047,0.0,0.0
SLC26A6,0.06572051,0.0,0.0
SLC26A7,0.07402964,0.0,0.0
SLC26A8,0.044128466,0.0,0.0
SLC26A9,0.08289827,0.0,0.0
SLC27A1,0.12997206,0.0,-1.0
SLC27A2,0.13778892,0.0,0.0
SLC27A3,0.14365138,0.0,0.0
SLC27A4,0.16893956,0.0,0.0
SLC27A5,0.087853335,0.0,0.0
SLC27A6,0.14247125,0.0,0.0
SLC28A1,0.072581604,0.0,0.0
SLC28A2,0.14923476,0.0,0.0
SLC28A3,0.1856535,0.0,0.0
SLC29A1,0.39062592,0.0,-1.0
SLC29A2,0.11463357,0.0,-1.0
SLC29A3,0.049145397,0.0,-1.0
SLC29A4,0.03623648,0.0,0.0
SLC2A1,0.91913825,1.0,-1.0
SLC2A10,0.17834887,0.0,0.0
SLC2A11,0.027062943,0.0,0.0
SLC2A12,0.048987504,0.0,0.0
SLC2A13,0.04939937,0.0,-1.0
SLC2A14,0.08860995,0.0,0.0
SLC2A2,0.16253711,0.0,-1.0
SLC2A3,0.6459389,1.0,0.0
SLC2A4,0.70939314,1.0,-1.0
SLC2A4RG,0.17807618,0.0,0.0
SLC2A5,0.26939237,0.0,0.0
SLC2A6,0.036310863,0.0,0.0
SLC2A7,0.02525869,0.0,0.0
SLC2A8,0.25216764,0.0,0.0
SLC2A9,0.1645733,0.0,-1.0
SLC30A1,0.25901476,0.0,0.0
SLC30A10,0.1751069,0.0,0.0
SLC30A2,0.025729906,0.0,0.0
SLC30A3,0.51664275,1.0,0.0
SLC30A4,0.114148594,0.0,0.0
SLC30A5,0.117749386,0.0,-1.0
SLC30A6,0.14070813,0.0,-1.0
SLC30A7,0.31246784,0.0,0.0
SLC30A8,0.078463316,0.0,0.0
SLC30A9,0.18355714,0.0,0.0
SLC31A1,0.20504147,0.0,0.0
SLC31A2,0.35487396,0.0,0.0
SLC32A1,0.19031541,0.0,0.0
SLC33A1,0.1845083,0.0,-1.0
SLC34A1,0.06056819,0.0,-1.0
SLC34A2,0.06404897,0.0,1.0
SLC34A3,0.035559956,0.0,-1.0
SLC35A1,0.17102747,0.0,-1.0
SLC35A2,0.057344392,0.0,0.0
SLC35A3,0.20990919,0.0,0.0
SLC35A4,0.097901605,0.0,0.0
SLC35A5,0.093085624,0.0,-1.0
SLC35B1,0.04058856,0.0,0.0
SLC35B2,0.106201746,0.0,0.0
SLC35B3,0.09018667,0.0,0.0
SLC35B4,0.05620469,0.0,0.0
SLC35C1,0.10805155,0.0,-1.0
SLC35C2,0.096007384,0.0,0.0
SLC35D1,0.09925843,0.0,0.0
SLC35D2,0.053318158,0.0,0.0
SLC35D3,0.056866355,0.0,0.0
SLC35E1,0.15320651,0.0,0.0
SLC35E2A,0.057483822,0.0,0.0
SLC35E2B,0.14152087,0.0,0.0
SLC35E3,0.09121854,0.0,0.0
SLC35E4,0.05171729,0.0,0.0
SLC35F1,0.006644281,0.0,-1.0
SLC35F2,0.09546347,0.0,0.0
SLC35F3,0.026838258,0.0,0.0
SLC35F4,0.017430788,0.0,0.0
SLC35F5,0.049338866,0.0,0.0
SLC35F6,0.08000225,0.0,0.0
SLC35G1,0.041183405,0.0,-1.0
SLC35G2,0.099572994,0.0,-1.0
SLC35G3,0.047612093,0.0,0.0
SLC35G5,0.017901998,0.0,0.0
SLC36A1,0.042593338,0.0,0.0
SLC36A2,0.0022298193,0.0,0.0
SLC36A3,0.01415791,0.0,0.0
SLC36A4,0.035347372,0.0,0.0
SLC37A1,0.10399299,0.0,0.0
SLC37A2,0.07903711,0.0,0.0
SLC37A3,0.105667755,0.0,0.0
SLC37A4,0.09540976,0.0,-1.0
SLC38A1,0.27492863,0.0,-1.0
SLC38A10,0.1062258,0.0,0.0
SLC38A11,0.022257917,0.0,0.0
SLC38A2,0.37023002,0.0,-1.0
SLC38A3,0.17154308,0.0,-1.0
SLC38A4,0.07421923,0.0,0.0
SLC38A5,0.03268123,0.0,-1.0
SLC38A6,0.11229443,0.0,0.0
SLC38A7,0.0720857,0.0,0.0
SLC38A8,0.020150747,0.0,-1.0
SLC38A9,0.072562374,0.0,0.0
SLC39A1,0.13930838,0.0,-1.0
SLC39A10,0.25520387,0.0,0.0
SLC39A11,0.07935917,0.0,0.0
SLC39A12,0.04302298,0.0,-1.0
SLC39A13,0.074731015,0.0,0.0
SLC39A14,0.29829943,0.0,0.0
SLC39A2,0.14670923,0.0,-1.0
SLC39A3,0.072069876,0.0,-1.0
SLC39A4,0.016240364,0.0,-1.0
SLC39A5,0.06693431,0.0,0.0
SLC39A6,0.3449042,0.0,-1.0
SLC39A7,0.03241685,0.0,0.0
SLC39A8,0.24022295,0.0,0.0
SLC39A9,0.13681422,0.0,0.0
SLC3A1,0.026857527,0.0,-1.0
SLC3A2,0.6165827,1.0,0.0
SLC40A1,0.22986987,0.0,-1.0
SLC41A1,0.11703359,0.0,0.0
SLC41A2,0.06953499,0.0,0.0
SLC41A3,0.13061875,0.0,0.0
SLC43A1,0.15077823,0.0,-1.0
SLC43A2,0.081469215,0.0,0.0
SLC43A3,0.35421363,0.0,0.0
SLC44A1,0.15848266,0.0,-1.0
SLC44A2,0.17700095,0.0,-1.0
SLC44A3,0.10824707,0.0,-1.0
SLC44A4,0.15935318,0.0,-1.0
SLC44A5,0.028617708,0.0,-1.0
SLC45A1,0.00052946026,0.0,0.0
SLC45A2,0.15472686,0.0,-1.0
SLC45A3,0.10336819,0.0,1.0
SLC45A4,0.08852523,0.0,0.0
SLC46A1,0.1967288,0.0,0.0
SLC46A2,0.06504341,0.0,0.0
SLC46A3,0.08497806,0.0,0.0
SLC47A1,0.09662469,0.0,0.0
SLC47A2,0.019571941,0.0,0.0
SLC48A1,0.10124971,0.0,0.0
SLC49A3,0.09438326,0.0,0.0
SLC49A4,0.169492,0.0,-1.0
SLC4A1,0.2311976,0.0,-1.0
SLC4A10,0.21669602,0.0,-1.0
SLC4A11,0.08986891,0.0,-1.0
SLC4A1AP,0.31652358,0.0,0.0
SLC4A2,0.34452888,0.0,-1.0
SLC4A3,0.39205244,0.0,0.0
SLC4A4,0.17046656,0.0,-1.0
SLC4A5,0.11496147,0.0,-1.0
SLC4A7,0.5706296,1.0,0.0
SLC4A8,0.2347605,0.0,0.0
SLC4A9,0.0099452,0.0,0.0
SLC50A1,0.0977094,0.0,0.0
SLC51A,0.09020551,0.0,0.0
SLC51B,0.087328285,0.0,0.0
SLC52A1,0.08777439,0.0,-1.0
SLC52A2,0.14812139,0.0,0.0
SLC52A3,0.051377892,0.0,-1.0
SLC5A1,0.24527693,0.0,0.0
SLC5A10,0.016905822,0.0,0.0
SLC5A11,0.038066383,0.0,0.0
SLC5A12,0.018752102,0.0,0.0
SLC5A2,0.1284567,0.0,-1.0
SLC5A3,0.13435182,0.0,-1.0
SLC5A4,0.19391753,0.0,0.0
SLC5A5,0.34433773,0.0,-1.0
SLC5A6,0.23156033,0.0,0.0
SLC5A7,0.16492917,0.0,-1.0
SLC5A8,0.05017824,0.0,-1.0
SLC5A9,0.050999872,0.0,0.0
SLC66A1,0.18766151,0.0,0.0
SLC66A1L,0.0010804052,0.0,-1.0
SLC66A2,0.10326174,0.0,0.0
SLC66A3,0.104006566,0.0,0.0
SLC6A1,0.29782507,0.0,0.0
SLC6A11,0.25250277,0.0,-1.0
SLC6A12,0.21375567,0.0,0.0
SLC6A13,0.13020046,0.0,0.0
SLC6A14,0.19013414,0.0,0.0
SLC6A15,0.26678163,0.0,-1.0
SLC6A16,0.039625566,0.0,0.0
SLC6A17,0.085685335,0.0,0.0
SLC6A18,0.014024163,0.0,0.0
SLC6A19,0.0064421883,0.0,-1.0
SLC6A2,0.33642772,0.0,-1.0
SLC6A20,0.07132112,0.0,0.0
SLC6A3,0.29271293,0.0,-1.0
SLC6A4,0.3850414,0.0,0.0
SLC6A5,0.25439328,0.0,0.0
SLC6A6,0.17481032,0.0,0.0
SLC6A7,0.35116902,0.0,0.0
SLC6A8,0.22840376,0.0,-1.0
SLC6A9,0.3186427,0.0,-1.0
SLC7A1,0.4648764,0.0,-1.0
SLC7A10,0.054320123,0.0,0.0
SLC7A11,0.35181186,0.0,0.0
SLC7A13,0.0038438712,0.0,-1.0
SLC7A14,0.080831,0.0,0.0
SLC7A2,0.20134078,0.0,0.0
SLC7A3,0.113896154,0.0,0.0
SLC7A4,0.25955626,0.0,0.0
SLC7A5,0.602833,1.0,-1.0
SLC7A6,0.20880404,0.0,-1.0
SLC7A6OS,0.16955821,0.0,-1.0
SLC7A7,0.3289444,0.0,-1.0
SLC7A8,0.058447786,0.0,0.0
SLC7A9,0.1460578,0.0,-1.0
SLC8A1,0.43730417,0.0,0.0
SLC8A2,0.38822234,0.0,0.0
SLC8A3,0.2341256,0.0,0.0
SLC8B1,0.19362465,0.0,0.0
SLC9A1,0.6884526,1.0,-1.0
SLC9A2,0.26918945,0.0,-1.0
SLC9A3,0.39040908,0.0,-1.0
SLC9A3R1,0.5814459,1.0,-1.0
SLC9A3R2,0.56653976,1.0,0.0
SLC9A4,0.09064251,0.0,0.0
SLC9A5,0.15011472,0.0,0.0
SLC9A6,0.18792595,0.0,-1.0
SLC9A7,0.13912578,0.0,0.0
SLC9A8,0.43294328,0.0,0.0
SLC9A9,0.13360173,0.0,-1.0
SLC9B1,0.06276929,0.0,0.0
SLC9B2,0.12567998,0.0,0.0
SLC9C1,0.14941669,0.0,-1.0
SLC9C2,0.08026389,0.0,-1.0
SLCO1A2,0.3236629,0.0,0.0
SLCO1B1,0.107452706,0.0,-1.0
SLCO1B3,0.08350838,0.0,0.0
SLCO1B7,0.1320708,0.0,0.0
SLCO1C1,0.2704878,0.0,0.0
SLCO2A1,0.31197554,0.0,0.0
SLCO2B1,0.31469092,0.0,0.0
SLCO3A1,0.11156332,0.0,0.0
SLCO4A1,0.22900884,0.0,0.0
SLCO4C1,0.024335826,0.0,0.0
SLCO5A1,0.0918849,0.0,0.0
SLCO6A1,0.033402085,0.0,0.0
SLF1,0.58315086,1.0,0.0
SLF2,0.46990746,0.0,0.0
SLFN11,0.26484522,0.0,1.0
SLFN12,0.19193633,0.0,0.0
SLFN12L,0.34518173,0.0,0.0
SLFN13,0.06421381,0.0,-1.0
SLFN14,0.00036857015,0.0,0.0
SLFN5,0.308534,0.0,0.0
SLFNL1,0.0987146,0.0,0.0
SLIRP,0.044630397,0.0,-1.0
SLIT1,0.61327,1.0,0.0
SLIT2,0.75120735,1.0,-1.0
SLIT3,0.7419439,1.0,-1.0
SLITRK1,0.15101393,0.0,-1.0
SLITRK2,0.18109067,0.0,-1.0
SLITRK3,0.31989384,0.0,-1.0
SLITRK4,0.14588562,0.0,0.0
SLITRK5,0.17556013,0.0,-1.0
SLITRK6,0.12881438,0.0,-1.0
SLK,0.47709575,0.0,0.0
SLMAP,0.3991704,0.0,0.0
SLN,0.21032822,0.0,0.0
SLPI,0.26545912,0.0,-1.0
SLTM,0.5210168,1.0,0.0
SLU7,0.2095162,0.0,0.0
SLURP1,0.25222927,0.0,-1.0
SLX1A,0.32818142,0.0,0.0
SLX1B,0.39648908,0.0,0.0
SLX4,0.38686916,0.0,1.0
SLX4IP,0.16337612,0.0,0.0
SLX9,0.13509537,0.0,0.0
SMAD1,0.83799505,1.0,-1.0
SMAD2,0.9167285,1.0,1.0
SMAD3,0.96991605,1.0,1.0
SMAD4,0.95822304,1.0,1.0
SMAD5,0.860111,1.0,0.0
SMAD6,0.79043806,1.0,-1.0
SMAD7,0.8961082,1.0,-1.0
SMAD9,0.65251267,1.0,-1.0
SMAGP,0.17672402,0.0,0.0
SMAP1,0.35245416,0.0,-1.0
SMAP2,0.425417,0.0,0.0
SMARCA1,0.94098395,1.0,-1.0
SMARCA2,0.9389845,1.0,1.0
SMARCA4,0.878281,1.0,1.0
SMARCA5,0.8481129,1.0,0.0
SMARCAD1,0.50842714,1.0,0.0
SMARCAL1,0.4502968,0.0,0.0
SMARCB1,0.86494,1.0,1.0
SMARCC1,0.865114,1.0,0.0
SMARCC2,0.86066806,1.0,0.0
SMARCD1,0.8030011,1.0,1.0
SMARCD2,0.5322995,1.0,0.0
SMARCD3,0.73638093,1.0,0.0
SMARCE1,0.6425828,1.0,1.0
SMC1A,0.8835943,1.0,1.0
SMC1B,0.653446,1.0,-1.0
SMC2,0.80172974,1.0,-1.0
SMC3,0.88321793,1.0,1.0
SMC4,0.8566772,1.0,-1.0
SMC5,0.66316026,1.0,0.0
SMC6,0.76344067,1.0,0.0
SMCHD1,0.71117693,1.0,0.0
SMCO1,0.025369255,0.0,0.0
SMCO2,0.038352545,0.0,0.0
SMCO3,0.0052912612,0.0,0.0
SMCO4,0.08647981,0.0,0.0
SMCP,0.033417292,0.0,0.0
SMCR8,0.14914578,0.0,0.0
SMDT1,0.054601565,0.0,0.0
SMG1,0.81364,1.0,1.0
SMG5,0.1491542,0.0,-1.0
SMG6,0.16544805,0.0,-1.0
SMG7,0.26137054,0.0,-1.0
SMG8,0.113982715,0.0,-1.0
SMG9,0.16216032,0.0,0.0
SMIM1,0.120260954,0.0,0.0
SMIM10,6.526673e-05,0.0,0.0
SMIM11,0.1788209,0.0,0.0
SMIM11B,0.10807385,0.0,0.0
SMIM12,0.18901896,0.0,0.0
SMIM13,0.16822553,0.0,0.0
SMIM14,0.13194862,0.0,0.0
SMIM15,0.07176367,0.0,0.0
SMIM17,0.002047213,0.0,0.0
SMIM19,0.0767935,0.0,0.0
SMIM2,0.00957734,0.0,0.0
SMIM20,0.12648943,0.0,0.0
SMIM21,0.071998164,0.0,0.0
SMIM23,0.08583839,0.0,0.0
SMIM24,4.7328656e-05,0.0,0.0
SMIM29,0.027166031,0.0,0.0
SMIM3,0.06644245,0.0,0.0
SMIM4,0.0050093667,0.0,0.0
SMIM5,0.025478857,0.0,0.0
SMIM7,0.04233818,0.0,0.0
SMIM8,0.11684818,0.0,0.0
SMKR1,0.04119839,0.0,0.0
SMLR1,0.08810025,0.0,0.0
SMN1,0.5113021,1.0,-1.0
SMN2,0.33387798,0.0,-1.0
SMNDC1,0.28388834,0.0,0.0
SMO,0.685152,1.0,1.0
SMOC1,0.09255405,0.0,-1.0
SMOC2,0.09339144,0.0,-1.0
SMOX,0.3127652,0.0,0.0
SMPD1,0.48548767,0.0,-1.0
SMPD2,0.22943981,0.0,0.0
SMPD3,0.19183116,0.0,0.0
SMPD4,0.3416908,0.0,0.0
SMPDL3A,0.28054157,0.0,0.0
SMPDL3B,0.2797671,0.0,0.0
SMPX,0.009387831,0.0,0.0
SMR3A,0.07349704,0.0,0.0
SMR3B,0.17635575,0.0,0.0
SMS,0.34573522,0.0,-1.0
SMTN,0.7351882,1.0,-1.0
SMTNL2,0.14459907,0.0,0.0
SMU1,0.26205567,0.0,-1.0
SMUG1,0.13719743,0.0,-1.0
SMURF1,0.78631234,1.0,-1.0
SMURF2,0.598793,1.0,-1.0
SMYD1,0.043591373,0.0,0.0
SMYD2,0.40932605,0.0,-1.0
SMYD3,0.2001729,0.0,1.0
SMYD4,0.24956863,0.0,0.0
SMYD5,0.22473544,0.0,0.0
SNAI1,0.8186719,1.0,-1.0
SNAI2,0.85219413,1.0,-1.0
SNAI3,0.2017934,0.0,0.0
SNAP23,0.5807258,1.0,0.0
SNAP23P1,0.011118468,0.0,0.0
SNAP25,0.59530437,1.0,0.0
SNAP29,0.18859611,0.0,0.0
SNAP47,0.07498022,0.0,0.0
SNAP91,0.63567513,1.0,0.0
SNAPC1,0.24767348,0.0,0.0
SNAPC2,0.21316683,0.0,0.0
SNAPC3,0.24125636,0.0,-1.0
SNAPC4,0.21850044,0.0,0.0
SNAPC5,0.060124658,0.0,0.0
SNAPIN,0.22248341,0.0,0.0
SNCA,0.86513305,1.0,-1.0
SNCAIP,0.62861675,1.0,-1.0
SNCB,0.32271808,0.0,0.0
SNCG,0.20900053,0.0,-1.0
SND1,0.37314895,0.0,1.0
SNED1,0.31725988,0.0,-1.0
SNF8,0.06711257,0.0,0.0
SNHG11,0.019547919,0.0,0.0
SNHG28,0.15269671,0.0,0.0
SNHG29,0.2257954,0.0,0.0
SNHG32,0.11884158,0.0,0.0
SNIP1,0.3772216,0.0,0.0
SNN,0.22472611,0.0,0.0
SNORC,0.042141728,0.0,0.0
SNPH,0.17523195,0.0,0.0
SNRK,0.70707023,1.0,-1.0
SNRNP200,0.5914007,1.0,-1.0
SNRNP25,0.080452986,0.0,0.0
SNRNP27,0.13720372,0.0,0.0
SNRNP35,0.20026025,0.0,-1.0
SNRNP40,0.28324524,0.0,0.0
SNRNP48,0.19454516,0.0,-1.0
SNRNP70,0.5186947,1.0,0.0
SNRPA,0.47767082,0.0,-1.0
SNRPA1,0.4766406,0.0,0.0
SNRPB,0.29179505,0.0,0.0
SNRPB2,0.22597052,0.0,0.0
SNRPC,0.1292344,0.0,0.0
SNRPD1,0.28709984,0.0,0.0
SNRPD2,0.14621948,0.0,-1.0
SNRPD2P1,0.29831338,0.0,0.0
SNRPD3,0.18955094,0.0,-1.0
SNRPE,0.19663864,0.0,0.0
SNRPEP2,0.017384296,0.0,0.0
SNRPF,0.14934604,0.0,0.0
SNRPG,0.09898179,0.0,0.0
SNRPN,0.28204498,0.0,-1.0
SNTA1,0.28539816,0.0,-1.0
SNTB1,0.24623066,0.0,-1.0
SNTB2,0.39982975,0.0,-1.0
SNTG1,0.34289476,0.0,0.0
SNTG2,0.17105144,0.0,0.0
SNTN,0.0020342863,0.0,0.0
SNU13,0.10451038,0.0,0.0
SNUPN,0.10263146,0.0,0.0
SNURF,0.17075427,0.0,-1.0
SNW1,0.6643041,1.0,-1.0
SNX1,0.28582737,0.0,0.0
SNX10,0.30473778,0.0,0.0
SNX11,0.13948932,0.0,0.0
SNX12,0.21712388,0.0,0.0
SNX13,0.39779508,0.0,0.0
SNX14,0.1266395,0.0,0.0
SNX15,0.06295899,0.0,0.0
SNX16,0.18281007,0.0,-1.0
SNX17,0.121556856,0.0,0.0
SNX18,0.5530988,1.0,0.0
SNX19,0.14084013,0.0,-1.0
SNX2,0.31574425,0.0,0.0
SNX20,0.13174604,0.0,-1.0
SNX21,0.15047304,0.0,0.0
SNX22,0.15980643,0.0,0.0
SNX24,0.1527048,0.0,0.0
SNX25,0.061478686,0.0,-1.0
SNX27,0.3423837,0.0,0.0
SNX29,0.1573665,0.0,-1.0
SNX3,0.16364688,0.0,0.0
SNX30,0.19188401,0.0,0.0
SNX31,0.1174199,0.0,-1.0
SNX32,0.1395217,0.0,0.0
SNX33,0.2553364,0.0,0.0
SNX4,0.18848361,0.0,0.0
SNX5,0.22726232,0.0,-1.0
SNX6,0.2807534,0.0,0.0
SNX7,0.2973176,0.0,-1.0
SNX8,0.18422599,0.0,-1.0
SNX9,0.6537189,1.0,0.0
SOAT1,0.24005002,0.0,-1.0
SOAT2,0.22957762,0.0,0.0
SOBP,0.094237156,0.0,0.0
SOCS1,0.80854195,1.0,1.0
SOCS2,0.57877594,1.0,-1.0
SOCS3,0.84492487,1.0,1.0
SOCS4,0.2241105,0.0,0.0
SOCS5,0.48093525,0.0,0.0
SOCS6,0.42591625,0.0,-1.0
SOCS7,0.31204158,0.0,0.0
SOD1,0.56152797,1.0,-1.0
SOD2,0.9192923,1.0,-1.0
SOD3,0.55645055,1.0,0.0
SOGA1,0.28948876,0.0,0.0
SOGA3,0.17478415,0.0,0.0
SOHLH1,0.04711452,0.0,0.0
SOHLH2,0.12241719,0.0,-1.0
SON,0.58757436,1.0,-1.0
SORBS1,0.49643797,0.0,0.0
SORBS2,0.58083475,1.0,-1.0
SORBS3,0.7662916,1.0,0.0
SORCS1,0.11699928,0.0,-1.0
SORCS2,0.12090832,0.0,-1.0
SORCS3,0.30333987,0.0,0.0
SORD,0.18904121,0.0,0.0
SORL1,0.7074626,1.0,-1.0
SORT1,0.33771634,0.0,-1.0
SOS1,0.948303,1.0,1.0
SOS2,0.89637035,1.0,-1.0
SOST,0.099622846,0.0,-1.0
SOSTDC1,0.16244046,0.0,0.0
SOWAHA,0.008992995,0.0,0.0
SOWAHC,0.4138699,0.0,0.0
SOWAHD,0.00020806592,0.0,0.0
SOX1,0.42403927,0.0,0.0
SOX10,0.6093159,1.0,-1.0
SOX11,0.46229744,0.0,-1.0
SOX12,0.2803843,0.0,0.0
SOX13,0.33744478,0.0,0.0
SOX14,0.26034924,0.0,0.0
SOX15,0.3755781,0.0,0.0
SOX17,0.41349122,0.0,1.0
SOX18,0.2648725,0.0,0.0
SOX2,0.9377002,1.0,1.0
SOX21,0.34871516,0.0,1.0
SOX3,0.49844936,0.0,-1.0
SOX30,0.044459,0.0,0.0
SOX4,0.7684677,1.0,-1.0
SOX5,0.54114014,1.0,-1.0
SOX6,0.38793477,0.0,0.0
SOX7,0.2551452,0.0,0.0
SOX8,0.2376127,0.0,-1.0
SOX9,0.8699236,1.0,1.0
SP1,0.9931281,1.0,-1.0
SP100,0.8376261,1.0,0.0
SP110,0.684557,1.0,-1.0
SP140,0.49842,0.0,1.0
SP140L,0.31578147,0.0,0.0
SP2,0.59822965,1.0,0.0
SP3,0.87303925,1.0,0.0
SP4,0.7400783,1.0,0.0
SP5,0.31121495,0.0,0.0
SP6,0.43915698,0.0,0.0
SP7,0.18625256,0.0,-1.0
SP8,0.33733332,0.0,-1.0
SP9,0.22182728,0.0,0.0
SPA17,0.0958165,0.0,-1.0
SPACA1,0.0906672,0.0,0.0
SPACA3,0.029655652,0.0,0.0
SPACA4,0.03364431,0.0,0.0
SPACA5,0.005082904,0.0,0.0
SPACA5B,0.0076705404,0.0,0.0
SPACA6,0.19018911,0.0,0.0
SPACA7,0.037366696,0.0,0.0
SPACA9,0.1504205,0.0,0.0
SPAG1,0.4094725,0.0,0.0
SPAG11A,0.0021630905,0.0,0.0
SPAG11B,0.00015097858,0.0,0.0
SPAG16,0.18186677,0.0,0.0
SPAG17,0.074534,0.0,-1.0
SPAG4,0.09573461,0.0,0.0
SPAG5,0.5770746,1.0,0.0
SPAG6,0.29750317,0.0,0.0
SPAG7,0.040503807,0.0,0.0
SPAG8,0.115113765,0.0,0.0
SPAG9,0.6870807,1.0,0.0
SPAM1,0.21002606,0.0,-1.0
SPANXA1,0.22011566,0.0,0.0
SPANXA2,0.08476564,0.0,0.0
SPANXB1,0.27751085,0.0,0.0
SPANXC,0.40913266,0.0,0.0
SPANXD,0.00063259917,0.0,0.0
SPANXN2,0.038104467,0.0,-1.0
SPANXN3,0.13463822,0.0,0.0
SPANXN4,2.8673773e-12,0.0,-1.0
SPARC,0.8181585,1.0,-1.0
SPARCL1,0.33888933,0.0,0.0
SPART,0.3783581,0.0,-1.0
SPAST,0.699424,1.0,-1.0
SPATA1,0.18105437,0.0,0.0
SPATA12,0.044841763,0.0,0.0
SPATA13,0.39430073,0.0,0.0
SPATA16,0.01296407,0.0,0.0
SPATA17,0.07077906,0.0,0.0
SPATA18,0.07278025,0.0,-1.0
SPATA19,0.041758668,0.0,-1.0
SPATA2,0.23008372,0.0,0.0
SPATA20,0.10433157,0.0,0.0
SPATA21,0.069299035,0.0,0.0
SPATA22,0.05219984,0.0,0.0
SPATA24,0.10332717,0.0,0.0
SPATA25,0.15039526,0.0,0.0
SPATA2L,0.1259747,0.0,0.0
SPATA3,0.029764963,0.0,0.0
SPATA31A3,0.060507756,0.0,0.0
SPATA31A7,0.29621187,0.0,0.0
SPATA31D1,0.011377558,0.0,0.0
SPATA31E1,0.06461638,0.0,0.0
SPATA32,0.03246948,0.0,0.0
SPATA33,0.07002834,0.0,0.0
SPATA4,0.042023093,0.0,0.0
SPATA46,0.04927015,0.0,0.0
SPATA5,0.39379057,0.0,0.0
SPATA5L1,0.42295742,0.0,-1.0
SPATA6,0.10635507,0.0,-1.0
SPATA6L,0.3301265,0.0,0.0
SPATA7,0.09414986,0.0,-1.0
SPATA8,0.04678068,0.0,0.0
SPATA9,0.04294883,0.0,0.0
SPATC1,0.13425802,0.0,0.0
SPATC1L,0.17275484,0.0,-1.0
SPATS1,0.066204354,0.0,0.0
SPATS2,0.2678658,0.0,0.0
SPATS2L,0.18114848,0.0,0.0
SPC24,0.52062273,1.0,0.0
SPC25,0.5792996,1.0,0.0
SPCS1,0.01872553,0.0,0.0
SPCS2,0.08288783,0.0,0.0
SPCS3,0.0890185,0.0,0.0
SPDEF,0.29338807,0.0,0.0
SPDL1,0.48726335,0.0,0.0
SPDYA,0.09344556,0.0,0.0
SPDYC,0.17092168,0.0,0.0
SPDYE1,0.08946876,0.0,0.0
SPDYE2,0.03792768,0.0,0.0
SPDYE2B,0.0032719264,0.0,0.0
SPDYE3,0.0061686584,0.0,0.0
SPDYE4,0.08993258,0.0,0.0
SPECC1,0.5534775,1.0,-1.0
SPECC1L,0.5886887,1.0,0.0
SPEF1,0.23400581,0.0,0.0
SPEF2,0.10891157,0.0,0.0
SPEG,0.46736217,0.0,-1.0
SPEM1,0.03442963,0.0,0.0
SPEM2,0.05631453,0.0,0.0
SPEN,0.67493093,1.0,1.0
SPESP1,0.056359377,0.0,0.0
SPG11,0.5838774,1.0,-1.0
SPG21,0.14467777,0.0,-1.0
SPG7,0.3152262,0.0,-1.0
SPHAR,0.09223863,0.0,0.0
SPHK1,0.78467697,1.0,-1.0
SPHK2,0.27353352,0.0,0.0
SPHKAP,0.06675096,0.0,-1.0
SPI1,0.8429347,1.0,-1.0
SPIB,0.6696018,1.0,-1.0
SPIC,0.16714802,0.0,0.0
SPICE1,0.45576084,0.0,0.0
SPIDR,0.21217456,0.0,0.0
SPIN1,0.46832472,0.0,0.0
SPIN2A,0.24753693,0.0,0.0
SPIN2B,0.17803071,0.0,0.0
SPIN3,0.109798394,0.0,0.0
SPIN4,0.26166645,0.0,0.0
SPINDOC,0.23450854,0.0,0.0
SPINK1,0.18450265,0.0,-1.0
SPINK13,5.447339e-08,0.0,0.0
SPINK14,0.0001117123,0.0,0.0
SPINK2,0.044726484,0.0,0.0
SPINK4,0.04272835,0.0,0.0
SPINK5,0.14846405,0.0,-1.0
SPINK6,0.019929565,0.0,0.0
SPINK7,0.0008467896,0.0,-1.0
SPINK8,0.0052964333,0.0,0.0
SPINK9,0.017674128,0.0,0.0
SPINT1,0.35854706,0.0,-1.0
SPINT2,0.25771394,0.0,-1.0
SPINT3,0.09006208,0.0,0.0
SPINT4,0.040542107,0.0,0.0
SPIRE1,0.16185392,0.0,0.0
SPIRE2,0.12896228,0.0,0.0
SPN,0.34654292,0.0,-1.0
SPNS1,0.1492661,0.0,0.0
SPNS2,0.11014181,0.0,0.0
SPNS3,0.07600971,0.0,0.0
SPO11,0.20103176,0.0,0.0
SPOCD1,0.1296657,0.0,0.0
SPOCK1,0.3007931,0.0,0.0
SPOCK2,0.2720086,0.0,0.0
SPOCK3,0.10920658,0.0,0.0
SPON1,0.41076687,0.0,0.0
SPON2,0.3636728,0.0,0.0
SPOP,0.4631226,0.0,1.0
SPOPL,0.44256985,0.0,0.0
SPOUT1,0.15553153,0.0,0.0
SPP1,0.78067505,1.0,-1.0
SPP2,0.1743352,0.0,0.0
SPPL2A,0.101407476,0.0,0.0
SPPL2B,0.026457613,0.0,-1.0
SPPL2C,0.0016987151,0.0,0.0
SPPL3,0.020729145,0.0,-1.0
SPR,0.088583894,0.0,0.0
SPRED1,0.35572535,0.0,1.0
SPRED2,0.19894592,0.0,0.0
SPRED3,0.20150985,0.0,0.0
SPRING1,0.20776658,0.0,0.0
SPRN,0.0032870814,0.0,0.0
SPRR1A,0.2205664,0.0,0.0
SPRR1B,0.026263403,0.0,0.0
SPRR2A,0.034295462,0.0,0.0
SPRR2B,0.021575734,0.0,-1.0
SPRR2C,1.7514539e-14,0.0,0.0
SPRR2D,0.0068951277,0.0,0.0
SPRR2E,0.0010713639,0.0,0.0
SPRR2F,0.0009966054,0.0,0.0
SPRR2G,1.1279554e-05,0.0,0.0
SPRR3,0.029056594,0.0,0.0
SPRR4,0.0049875607,0.0,0.0
SPRTN,0.35390437,0.0,1.0
SPRY1,0.28693968,0.0,-1.0
SPRY2,0.6284613,1.0,-1.0
SPRY3,0.11587612,0.0,-1.0
SPRY4,0.39701343,0.0,0.0
SPRYD3,0.114224024,0.0,0.0
SPRYD4,0.09278332,0.0,0.0
SPRYD7,0.14681779,0.0,0.0
SPSB1,0.28632304,0.0,0.0
SPSB2,0.116653144,0.0,0.0
SPSB3,0.10663632,0.0,0.0
SPSB4,0.14737229,0.0,0.0
SPTA1,0.5661274,1.0,-1.0
SPTAN1,0.958911,1.0,-1.0
SPTB,0.6437427,1.0,-1.0
SPTBN1,0.93447816,1.0,0.0
SPTBN2,0.8555376,1.0,-1.0
SPTBN4,0.67450136,1.0,-1.0
SPTBN5,0.59198856,1.0,-1.0
SPTLC1,0.3120001,0.0,-1.0
SPTLC2,0.2807804,0.0,-1.0
SPTLC3,0.11724888,0.0,0.0
SPTSSA,0.097915694,0.0,0.0
SPTSSB,0.07551983,0.0,0.0
SPTY2D1,0.18998371,0.0,0.0
SPX,0.16828668,0.0,0.0
SPZ1,0.012216181,0.0,0.0
SQLE,0.3894734,0.0,0.0
SQOR,0.2537085,0.0,-1.0
SQSTM1,0.81960887,1.0,-1.0
SRA1,0.20782179,0.0,0.0
SRARP,0.014279726,0.0,-1.0
SRBD1,0.3921028,0.0,0.0
SRC,0.9897521,1.0,1.0
SRCAP,0.8425221,1.0,-1.0
SRCIN1,0.19495878,0.0,0.0
SRD5A1,0.17257157,0.0,0.0
SRD5A2,0.13233937,0.0,-1.0
SRD5A3,0.0713858,0.0,0.0
SREBF1,0.70910126,1.0,0.0
SREBF2,0.61766213,1.0,0.0
SREK1,0.42397815,0.0,0.0
SREK1IP1,0.24004772,0.0,0.0
SRF,0.9179034,1.0,0.0
SRFBP1,0.1525798,0.0,0.0
SRGAP1,0.4309343,0.0,0.0
SRGAP2,0.43090552,0.0,0.0
SRGAP2C,0.014735016,0.0,0.0
SRGAP3,0.61122537,1.0,-1.0
SRGN,0.72255844,1.0,0.0
SRI,0.43353298,0.0,-1.0
SRL,0.0072466885,0.0,0.0
SRM,0.14488687,0.0,0.0
SRMS,0.5240088,1.0,0.0
SRP14,0.07133369,0.0,0.0
SRP19,0.057726946,0.0,0.0
SRP54,0.24502543,0.0,0.0
SRP68,0.19181478,0.0,0.0
SRP72,0.2897293,0.0,0.0
SRP9,0.17966823,0.0,0.0
SRPK1,0.51897466,1.0,0.0
SRPK2,0.7033623,1.0,-1.0
SRPK3,0.33257735,0.0,0.0
SRPRA,0.22049381,0.0,0.0
SRPRB,0.08364758,0.0,0.0
SRPX,0.5295236,1.0,-1.0
SRPX2,0.45272085,0.0,-1.0
SRR,0.27832338,0.0,0.0
SRRD,0.07771007,0.0,0.0
SRRM1,0.58897084,1.0,0.0
SRRM2,0.58922243,1.0,0.0
SRRM4,0.12209676,0.0,0.0
SRRM5,0.05324756,0.0,0.0
SRRT,0.4053672,0.0,-1.0
SRSF1,0.6399808,1.0,-1.0
SRSF10,0.46415886,0.0,0.0
SRSF11,0.5122015,1.0,0.0
SRSF12,0.2370533,0.0,0.0
SRSF2,0.51504177,1.0,1.0
SRSF3,0.41550067,0.0,1.0
SRSF4,0.5131926,1.0,0.0
SRSF5,0.49888337,0.0,-1.0
SRSF6,0.37227607,0.0,-1.0
SRSF7,0.4431611,0.0,0.0
SRSF8,0.21904607,0.0,0.0
SRSF9,0.25637895,0.0,-1.0
SRXN1,0.15499476,0.0,-1.0
SRY,0.57280993,1.0,-1.0
SS18,0.506862,1.0,1.0
SS18L1,0.4077455,0.0,1.0
SS18L2,0.06440566,0.0,0.0
SSB,0.33902085,0.0,-1.0
SSBP1,0.23257482,0.0,-1.0
SSBP2,0.58260536,1.0,-1.0
SSBP3,0.48418996,0.0,-1.0
SSBP4,0.17195933,0.0,-1.0
SSC4D,0.122167476,0.0,0.0
SSC5D,0.124089904,0.0,0.0
SSH1,0.83498484,1.0,-1.0
SSH2,0.77803993,1.0,0.0
SSH3,0.7043062,1.0,-1.0
SSMEM1,0.04700251,0.0,0.0
SSNA1,0.08196856,0.0,0.0
SSPN,0.25447464,0.0,-1.0
SSPOP,0.1348936,0.0,0.0
SSR1,0.2377362,0.0,0.0
SSR2,0.04313441,0.0,0.0
SSR3,0.121997,0.0,0.0
SSR4,0.13745382,0.0,0.0
SSRP1,0.5729703,1.0,0.0
SST,0.49646303,0.0,0.0
SSTR1,0.18899257,0.0,0.0
SSTR2,0.33728224,0.0,-1.0
SSTR3,0.1893952,0.0,0.0
SSTR4,0.25514397,0.0,0.0
SSTR5,0.3240079,0.0,0.0
SSU72,0.23803014,0.0,0.0
SSUH2,0.22945058,0.0,0.0
SSX1,0.4680829,0.0,1.0
SSX2,0.36017498,0.0,1.0
SSX2B,0.34037432,0.0,-1.0
SSX2IP,0.6115988,1.0,-1.0
SSX3,0.28828433,0.0,0.0
SSX4,0.07246037,0.0,1.0
SSX4B,0.2297605,0.0,0.0
SSX5,0.4238976,0.0,0.0
SSX6P,0.19456533,0.0,0.0
SSX7,0.20372339,0.0,0.0
ST13,0.5183147,1.0,-1.0
ST13P4,0.05391856,0.0,0.0
ST14,0.37259886,0.0,-1.0
ST18,0.25555348,0.0,0.0
ST20,0.12853348,0.0,0.0
ST20-MTHFS,0.028382434,0.0,0.0
ST3GAL1,0.14927284,0.0,0.0
ST3GAL2,0.16977663,0.0,0.0
ST3GAL3,0.11158629,0.0,-1.0
ST3GAL4,0.0989583,0.0,0.0
ST3GAL5,0.1795377,0.0,0.0
ST3GAL6,0.15815924,0.0,-1.0
ST6GAL1,0.22804055,0.0,-1.0
ST6GAL2,0.099079035,0.0,-1.0
ST6GALNAC1,0.06469756,0.0,-1.0
ST6GALNAC2,0.15136942,0.0,0.0
ST6GALNAC3,0.08257534,0.0,-1.0
ST6GALNAC4,0.13755934,0.0,0.0
ST6GALNAC5,0.18686314,0.0,0.0
ST6GALNAC6,0.11379023,0.0,0.0
ST7,0.13153327,0.0,0.0
ST7L,0.083202474,0.0,0.0
ST8SIA1,0.13471691,0.0,0.0
ST8SIA2,0.24816778,0.0,0.0
ST8SIA3,0.20115322,0.0,0.0
ST8SIA4,0.4662662,0.0,-1.0
ST8SIA5,0.20842065,0.0,0.0
ST8SIA6,0.11101818,0.0,0.0
STAB1,0.47367385,0.0,-1.0
STAB2,0.19669026,0.0,0.0
STAC,0.31655353,0.0,0.0
STAC2,0.027222095,0.0,0.0
STAC3,0.107975475,0.0,0.0
STAG1,0.7925078,1.0,1.0
STAG2,0.8262244,1.0,1.0
STAG3,0.5593326,1.0,-1.0
STAG3L1,0.006542258,0.0,0.0
STAM,0.6074408,1.0,0.0
STAM2,0.5403098,1.0,-1.0
STAMBP,0.16955256,0.0,0.0
STAMBPL1,0.2228078,0.0,0.0
STAP1,0.3065192,0.0,0.0
STAP2,0.4168989,0.0,0.0
STAR,0.44885913,0.0,-1.0
STARD10,0.0959677,0.0,-1.0
STARD13,0.59193766,1.0,-1.0
STARD3,0.17932318,0.0,-1.0
STARD3NL,0.089631036,0.0,0.0
STARD4,0.07654354,0.0,0.0
STARD5,0.1089935,0.0,0.0
STARD6,0.04656674,0.0,-1.0
STARD7,0.13111176,0.0,0.0
STARD8,0.3605837,0.0,-1.0
STARD9,0.15311766,0.0,0.0
STAT1,0.9688027,1.0,-1.0
STAT2,0.8682077,1.0,-1.0
STAT3,0.98399806,1.0,1.0
STAT4,0.9353362,1.0,-1.0
STAT5A,0.96038395,1.0,1.0
STAT5B,0.9552173,1.0,1.0
STAT6,0.911158,1.0,1.0
STATH,0.14929523,0.0,0.0
STAU1,0.5673742,1.0,0.0
STAU2,0.31869978,0.0,0.0
STBD1,0.079012536,0.0,0.0
STC1,0.58292574,1.0,-1.0
STC2,0.3739356,0.0,0.0
STEAP1,0.24218677,0.0,-1.0
STEAP1B,0.042607225,0.0,0.0
STEAP2,0.17043212,0.0,-1.0
STEAP3,0.119622454,0.0,0.0
STEAP4,0.26968515,0.0,0.0
STEEP1,0.1928915,0.0,0.0
STH,0.031361315,0.0,0.0
STIL,0.60005146,1.0,1.0
STIM1,0.7092763,1.0,-1.0
STIM2,0.18580955,0.0,-1.0
STIMATE,0.06101418,0.0,0.0
STING1,0.26726004,0.0,0.0
STIP1,0.5645418,1.0,0.0
STK10,0.62373066,1.0,-1.0
STK11,0.85912496,1.0,1.0
STK11IP,0.22249976,0.0,-1.0
STK16,0.42864385,0.0,0.0
STK17A,0.8409482,1.0,0.0
STK17B,0.845805,1.0,0.0
STK19,0.20950203,0.0,1.0
STK24,0.81456476,1.0,0.0
STK25,0.6152324,1.0,0.0
STK26,0.76210725,1.0,-1.0
STK3,0.82636636,1.0,0.0
STK31,0.07239278,0.0,-1.0
STK32A,0.6296674,1.0,0.0
STK32B,0.74007016,1.0,0.0
STK32C,0.5936946,1.0,0.0
STK33,0.5800354,1.0,0.0
STK35,0.24332398,0.0,0.0
STK36,0.3199805,0.0,0.0
STK38,0.862955,1.0,0.0
STK38L,0.7590392,1.0,-1.0
STK39,0.53971356,1.0,0.0
STK4,0.906184,1.0,-1.0
STK40,0.6727343,1.0,-1.0
STKLD1,0.15415403,0.0,0.0
STMN1,0.71837264,1.0,-1.0
STMN2,0.4346268,0.0,0.0
STMN3,0.20558387,0.0,0.0
STMN4,0.296507,0.0,0.0
STMP1,0.049399715,0.0,0.0
STN1,0.15434583,0.0,0.0
STOM,0.61006635,1.0,0.0
STOML1,0.12003011,0.0,0.0
STOML2,0.10062984,0.0,-1.0
STOML3,0.17370619,0.0,0.0
STON1,0.20470583,0.0,0.0
STON1-GTF2A1L,0.104374446,0.0,0.0
STON2,0.5669612,1.0,0.0
STOX1,0.0012344304,0.0,-1.0
STOX2,7.946026e-05,0.0,0.0
STPG1,0.022218797,0.0,0.0
STPG2,0.43168607,0.0,0.0
STPG3,0.038087327,0.0,0.0
STPG4,0.04833062,0.0,0.0
STRA6,0.20611592,0.0,0.0
STRA8,0.10753706,0.0,0.0
STRADA,0.41552773,0.0,-1.0
STRADB,0.35440105,0.0,0.0
STRAP,0.28547594,0.0,-1.0
STRBP,0.42746043,0.0,0.0
STRC,0.008597285,0.0,-1.0
STRIP1,0.35405612,0.0,0.0
STRIP2,0.20480354,0.0,0.0
STRN,0.70753986,1.0,1.0
STRN3,0.5365088,1.0,0.0
STRN4,0.32713312,0.0,0.0
STS,0.23422572,0.0,-1.0
STT3A,0.18793882,0.0,0.0
STT3B,0.13704765,0.0,0.0
STUB1,0.34786415,0.0,-1.0
STUM,0.18352784,0.0,0.0
STX10,0.14061028,0.0,0.0
STX11,0.40757033,0.0,-1.0
STX12,0.25758168,0.0,0.0
STX16,0.50029796,1.0,-1.0
STX16-NPEPL1,0.09028702,0.0,0.0
STX17,0.26650277,0.0,0.0
STX18,0.19157438,0.0,0.0
STX19,0.11917103,0.0,0.0
STX1A,0.32531872,0.0,0.0
STX1B,0.3038009,0.0,0.0
STX2,0.21584639,0.0,-1.0
STX3,0.5234044,1.0,0.0
STX4,0.33180764,0.0,-1.0
STX5,0.23595425,0.0,0.0
STX6,0.2791415,0.0,0.0
STX7,0.26563746,0.0,0.0
STX8,0.049336743,0.0,0.0
STXBP1,0.7056396,1.0,-1.0
STXBP2,0.29947874,0.0,-1.0
STXBP3,0.519076,1.0,0.0
STXBP4,0.22175407,0.0,0.0
STXBP5,0.10894095,0.0,0.0
STXBP5L,0.34111366,0.0,0.0
STXBP6,0.13941102,0.0,0.0
STYK1,0.64713305,1.0,-1.0
STYX,0.36341465,0.0,0.0
STYXL1,0.23359148,0.0,0.0
SUB1,0.1885902,0.0,0.0
SUCLA2,0.14714201,0.0,0.0
SUCLG1,0.07421945,0.0,-1.0
SUCLG2,0.15234128,0.0,-1.0
SUCNR1,0.18068768,0.0,0.0
SUCO,0.45829025,0.0,0.0
SUDS3,0.4511972,0.0,0.0
SUFU,0.5307159,1.0,1.0
SUGCT,0.10876596,0.0,-1.0
SUGP1,0.16416103,0.0,0.0
SUGP2,0.41466585,0.0,0.0
SUGT1,0.23403178,0.0,0.0
SULF1,0.5020104,1.0,-1.0
SULF2,0.13596301,0.0,-1.0
SULT1A1,0.2501615,0.0,0.0
SULT1A2,0.11072387,0.0,0.0
SULT1A3,0.11864812,0.0,0.0
SULT1A4,0.070840456,0.0,0.0
SULT1B1,0.17872697,0.0,-1.0
SULT1C2,0.12564085,0.0,0.0
SULT1C3,0.07686077,0.0,0.0
SULT1C4,0.07819237,0.0,0.0
SULT1E1,0.30471122,0.0,0.0
SULT2A1,0.16511929,0.0,0.0
SULT2B1,0.4310139,0.0,-1.0
SULT4A1,0.35419026,0.0,0.0
SULT6B1,0.07655178,0.0,0.0
SUMF1,0.04493876,0.0,-1.0
SUMF2,0.08244757,0.0,0.0
SUMO1,0.8320501,1.0,0.0
SUMO1P1,0.063736334,0.0,0.0
SUMO2,0.6493892,1.0,0.0
SUMO3,0.696311,1.0,0.0
SUMO4,0.69040555,1.0,0.0
SUN1,0.36723942,0.0,0.0
SUN2,0.5764031,1.0,0.0
SUN3,0.046209913,0.0,0.0
SUN5,0.051470637,0.0,0.0
SUOX,0.14634879,0.0,0.0
SUPT16H,0.7238591,1.0,0.0
SUPT20H,0.4415051,0.0,0.0
SUPT20HL1,0.23972493,0.0,0.0
SUPT20HL2,0.008187868,0.0,0.0
SUPT3H,0.3655721,0.0,-1.0
SUPT4H1,0.16673337,0.0,0.0
SUPT5H,0.6193866,1.0,0.0
SUPT6H,0.57468635,1.0,0.0
SUPT7L,0.26958767,0.0,-1.0
SUPV3L1,0.16352138,0.0,0.0
SURF1,0.086756,0.0,-1.0
SURF2,0.17116147,0.0,0.0
SURF4,0.14115378,0.0,0.0
SURF6,0.117499314,0.0,0.0
SUSD1,0.13372286,0.0,0.0
SUSD2,0.042683095,0.0,0.0
SUSD3,0.062648855,0.0,-1.0
SUSD4,0.14215173,0.0,0.0
SUSD5,0.0020314849,0.0,0.0
SUSD6,0.5566098,1.0,0.0
SUV39H1,0.79579204,1.0,-1.0
SUV39H2,0.62244815,1.0,0.0
SUZ12,0.94598013,1.0,1.0
SV2A,0.27955016,0.0,0.0
SV2B,0.29107714,0.0,0.0
SV2C,0.26760814,0.0,0.0
SVBP,0.005720662,0.0,0.0
SVEP1,0.35058248,0.0,0.0
SVIL,0.76236856,1.0,0.0
SVIP,0.07682804,0.0,0.0
SVOP,0.03895111,0.0,0.0
SVOPL,0.05326742,0.0,0.0
SWAP70,0.5325798,1.0,-1.0
SWI5,0.15280278,0.0,0.0
SWSAP1,0.18599932,0.0,0.0
SWT1,0.070082754,0.0,0.0
SYAP1,0.17632984,0.0,0.0
SYBU,0.27344674,0.0,0.0
SYCE1,0.12653215,0.0,0.0
SYCE1L,0.027441673,0.0,0.0
SYCE2,0.12448504,0.0,0.0
SYCE3,0.05569387,0.0,0.0
SYCN,0.047161527,0.0,0.0
SYCP1,0.08257751,0.0,0.0
SYCP2,0.37769318,0.0,0.0
SYCP2L,0.23684359,0.0,0.0
SYCP3,0.10941822,0.0,0.0
SYDE1,0.5437152,1.0,-1.0
SYDE2,0.34920618,0.0,0.0
SYF2,0.14758673,0.0,-1.0
SYK,0.9572897,1.0,1.0
SYMPK,0.40749702,0.0,0.0
SYN1,0.66458577,1.0,0.0
SYN2,0.19335589,0.0,-1.0
SYN3,0.25370643,0.0,0.0
SYNC,0.19150393,0.0,0.0
SYNCRIP,0.5507063,1.0,-1.0
SYNDIG1,0.05798272,0.0,0.0
SYNDIG1L,0.00048446452,0.0,0.0
SYNE1,0.7747313,1.0,-1.0
SYNE2,0.8531236,1.0,-1.0
SYNE3,0.2428041,0.0,-1.0
SYNE4,0.010184269,0.0,0.0
SYNGAP1,0.2418963,0.0,-1.0
SYNGR1,0.14591897,0.0,0.0
SYNGR2,0.12993586,0.0,-1.0
SYNGR3,0.06682163,0.0,0.0
SYNGR4,0.16430043,0.0,0.0
SYNJ1,0.84880185,1.0,0.0
SYNJ2,0.7802534,1.0,0.0
SYNJ2BP,0.22384754,0.0,0.0
SYNM,0.25741225,0.0,0.0
SYNPO,0.69015735,1.0,0.0
SYNPO2,0.071505405,0.0,-1.0
SYNPO2L,0.018583285,0.0,0.0
SYNPR,0.09795354,0.0,0.0
SYNRG,0.14084283,0.0,-1.0
SYP,0.4238514,0.0,-1.0
SYPL1,0.17774731,0.0,0.0
SYPL2,0.03775787,0.0,0.0
SYS1,0.120494775,0.0,0.0
SYT1,0.6126024,1.0,0.0
SYT10,0.07127815,0.0,-1.0
SYT11,0.5461616,1.0,0.0
SYT12,0.19013014,0.0,0.0
SYT13,0.2361056,0.0,0.0
SYT14,0.08761464,0.0,-1.0
SYT15,0.06633895,0.0,0.0
SYT16,0.05792121,0.0,0.0
SYT17,0.1823302,0.0,0.0
SYT2,0.4396245,0.0,0.0
SYT3,0.008220735,0.0,0.0
SYT4,0.18060125,0.0,-1.0
SYT5,0.31545871,0.0,0.0
SYT6,0.15002948,0.0,0.0
SYT7,0.15028544,0.0,0.0
SYT8,0.29676905,0.0,0.0
SYT9,0.370959,0.0,0.0
SYTL1,0.09766492,0.0,-1.0
SYTL2,0.17176926,0.0,-1.0
SYTL3,0.08711803,0.0,-1.0
SYTL4,0.1517636,0.0,-1.0
SYTL5,0.044618957,0.0,-1.0
SYVN1,0.3279527,0.0,0.0
SZRD1,0.1423798,0.0,0.0
SZT2,0.37650266,0.0,0.0
TAAR1,0.09937778,0.0,0.0
TAAR2,0.25326607,0.0,0.0
TAAR5,0.14785016,0.0,0.0
TAAR6,0.08922678,0.0,0.0
TAAR8,0.08341602,0.0,0.0
TAB1,0.71111757,1.0,0.0
TAB2,0.6262484,1.0,0.0
TAB3,0.35980806,0.0,-1.0
TAC1,0.45887172,0.0,-1.0
TAC3,0.29175892,0.0,0.0
TAC4,0.0830021,0.0,0.0
TACC1,0.7733957,1.0,-1.0
TACC2,0.37669063,0.0,-1.0
TACC3,0.6205284,1.0,-1.0
TACO1,0.06526012,0.0,-1.0
TACR1,0.43775517,0.0,0.0
TACR2,0.25436428,0.0,0.0
TACR3,0.2594299,0.0,0.0
TACSTD2,0.4296355,0.0,-1.0
TADA1,0.19420591,0.0,0.0
TADA2A,0.35832232,0.0,0.0
TADA2B,0.450425,0.0,0.0
TADA3,0.47809097,0.0,0.0
TAF1,0.88967484,1.0,-1.0
TAF10,0.13746184,0.0,0.0
TAF11,0.35020226,0.0,-1.0
TAF12,0.18330091,0.0,0.0
TAF13,0.21617642,0.0,0.0
TAF15,0.51946324,1.0,1.0
TAF1A,0.33992136,0.0,0.0
TAF1B,0.4566401,0.0,0.0
TAF1C,0.28946432,0.0,0.0
TAF1D,0.2723175,0.0,0.0
TAF1L,0.62964195,1.0,-1.0
TAF2,0.61640376,1.0,0.0
TAF3,0.35036647,0.0,0.0
TAF4,0.640777,1.0,-1.0
TAF4B,0.3963448,0.0,0.0
TAF5,0.6288409,1.0,0.0
TAF5L,0.3943634,0.0,0.0
TAF6,0.55166435,1.0,0.0
TAF6L,0.5051511,1.0,0.0
TAF7,0.36961615,0.0,0.0
TAF7L,0.2107437,0.0,0.0
TAF8,0.25284258,0.0,0.0
TAF9,0.4270469,0.0,0.0
TAF9B,0.45124364,0.0,0.0
TAFA1,0.11736681,0.0,0.0
TAFA2,0.031395886,0.0,0.0
TAFA3,0.14633402,0.0,0.0
TAFA4,0.21259937,0.0,0.0
TAFA5,0.00075714575,0.0,0.0
TAFAZZIN,0.06764249,0.0,-1.0
TAGAP,0.37440142,0.0,0.0
TAGLN,0.76467824,1.0,-1.0
TAGLN2,0.6028891,1.0,0.0
TAGLN3,0.5059896,1.0,0.0
TAL1,0.7722579,1.0,1.0
TAL2,0.17481235,0.0,1.0
TALDO1,0.19629928,0.0,-1.0
TAMALIN,0.22972712,0.0,0.0
TAMM41,0.12679048,0.0,-1.0
TANC1,0.43645102,0.0,0.0
TANC2,0.4609582,0.0,0.0
TANGO2,0.10097352,0.0,0.0
TANGO6,0.2413162,0.0,0.0
TANK,0.74882007,1.0,0.0
TAOK1,0.6452122,1.0,0.0
TAOK2,0.5010497,1.0,0.0
TAOK3,0.60983,1.0,0.0
TAP1,0.46837172,0.0,-1.0
TAP2,0.20908043,0.0,-1.0
TAPBP,0.35595098,0.0,0.0
TAPBPL,0.1329007,0.0,0.0
TAPT1,0.13405356,0.0,0.0
TARBP1,0.30240425,0.0,0.0
TARBP2,0.14905716,0.0,0.0
TARDBP,0.5863278,1.0,-1.0
TARS1,0.33300173,0.0,0.0
TARS2,0.17031305,0.0,0.0
TARS3,0.28779542,0.0,0.0
TAS1R1,0.035440076,0.0,0.0
TAS1R2,0.056286428,0.0,0.0
TAS1R3,0.03829323,0.0,0.0
TAS2R1,0.2367406,0.0,0.0
TAS2R10,0.18260324,0.0,0.0
TAS2R13,0.24044172,0.0,0.0
TAS2R14,0.17877653,0.0,0.0
TAS2R16,0.2525698,0.0,0.0
TAS2R19,0.18571593,0.0,0.0
TAS2R20,0.17496042,0.0,0.0
TAS2R3,0.2438984,0.0,0.0
TAS2R30,0.17639898,0.0,0.0
TAS2R31,0.1772272,0.0,0.0
TAS2R38,0.17805319,0.0,0.0
TAS2R39,0.16654743,0.0,0.0
TAS2R4,0.30552474,0.0,0.0
TAS2R40,0.16484188,0.0,0.0
TAS2R41,0.18266179,0.0,0.0
TAS2R42,0.083080515,0.0,0.0
TAS2R43,0.17283443,0.0,-1.0
TAS2R45,0.19960502,0.0,0.0
TAS2R46,0.17805319,0.0,-1.0
TAS2R5,0.17936778,0.0,0.0
TAS2R50,0.19002077,0.0,0.0
TAS2R60,0.16945867,0.0,-1.0
TAS2R7,0.19497317,0.0,0.0
TAS2R8,0.013323518,0.0,0.0
TAS2R9,0.24221374,0.0,0.0
TASL,0.114311405,0.0,0.0
TASOR,0.4731621,0.0,0.0
TASOR2,0.42997092,0.0,0.0
TASP1,0.13218911,0.0,0.0
TAT,0.3799027,0.0,-1.0
TATDN1,0.09432626,0.0,0.0
TATDN2,0.2109108,0.0,0.0
TATDN3,0.10538423,0.0,0.0
TAX1BP1,0.27745143,0.0,0.0
TAX1BP3,0.40811047,0.0,0.0
TBATA,0.05408844,0.0,0.0
TBC1D1,0.45750874,0.0,0.0
TBC1D10A,0.16421787,0.0,-1.0
TBC1D10B,0.28272933,0.0,0.0
TBC1D10C,0.08098874,0.0,0.0
TBC1D12,0.2307898,0.0,-1.0
TBC1D13,0.23680972,0.0,-1.0
TBC1D14,0.19964331,0.0,0.0
TBC1D15,0.45748663,0.0,0.0
TBC1D16,0.18369567,0.0,0.0
TBC1D17,0.2855465,0.0,0.0
TBC1D19,0.25613344,0.0,0.0
TBC1D2,0.29287267,0.0,0.0
TBC1D20,0.2264157,0.0,0.0
TBC1D21,0.061826136,0.0,0.0
TBC1D22A,0.17349946,0.0,-1.0
TBC1D22B,0.23295604,0.0,0.0
TBC1D23,0.278859,0.0,0.0
TBC1D24,0.037420504,0.0,-1.0
TBC1D25,0.13714086,0.0,0.0
TBC1D26,0.11511143,0.0,0.0
TBC1D27P,4.2502135e-09,0.0,0.0
TBC1D28,0.08056158,0.0,0.0
TBC1D29P,0.15831974,0.0,-1.0
TBC1D2B,0.54329056,1.0,0.0
TBC1D3,0.19761102,0.0,0.0
TBC1D30,0.17707567,0.0,0.0
TBC1D31,0.5407484,1.0,0.0
TBC1D32,0.2265708,0.0,-1.0
TBC1D3B,0.004850298,0.0,-1.0
TBC1D3C,0.22428446,0.0,0.0
TBC1D3F,0.4131137,0.0,0.0
TBC1D3G,0.13379557,0.0,0.0
TBC1D3H,0.0026695507,0.0,0.0
TBC1D4,0.61650544,1.0,0.0
TBC1D5,0.40899226,0.0,0.0
TBC1D7,0.30499715,0.0,-1.0
TBC1D8,0.30345076,0.0,0.0
TBC1D8B,0.38050073,0.0,0.0
TBC1D9,0.53609633,1.0,0.0
TBC1D9B,0.30935347,0.0,0.0
TBCA,0.06923226,0.0,0.0
TBCB,0.13935414,0.0,0.0
TBCC,0.16703176,0.0,0.0
TBCCD1,0.1848778,0.0,0.0
TBCD,0.3431486,0.0,-1.0
TBCE,0.16897006,0.0,0.0
TBCEL,0.2005403,0.0,0.0
TBCK,0.39961532,0.0,0.0
TBK1,0.7551141,1.0,-1.0
TBKBP1,0.25049946,0.0,-1.0
TBL1X,0.7800371,1.0,-1.0
TBL1XR1,0.77831554,1.0,1.0
TBL1Y,0.46020445,0.0,0.0
TBL2,0.21675444,0.0,-1.0
TBL3,0.18975398,0.0,0.0
TBP,0.8853001,1.0,-1.0
TBPL1,0.39866424,0.0,0.0
TBPL2,0.5058471,1.0,0.0
TBR1,0.6003192,1.0,-1.0
TBRG1,0.14319871,0.0,0.0
TBRG4,0.24091695,0.0,0.0
TBX1,0.43165892,0.0,-1.0
TBX10,0.26482353,0.0,0.0
TBX15,0.1660255,0.0,0.0
TBX18,0.12813054,0.0,-1.0
TBX19,0.48385352,0.0,0.0
TBX2,0.6872759,1.0,-1.0
TBX20,0.2763476,0.0,-1.0
TBX21,0.627514,1.0,-1.0
TBX22,0.10922883,0.0,-1.0
TBX3,0.71226126,1.0,1.0
TBX4,0.33528987,0.0,-1.0
TBX5,0.6133092,1.0,0.0
TBX6,0.399555,0.0,0.0
TBXA2R,0.37304983,0.0,0.0
TBXAS1,0.4003445,0.0,0.0
TBXT,0.4999991,0.0,-1.0
TC2N,0.18279429,0.0,0.0
TCAF1,0.32699004,0.0,-1.0
TCAF2,0.10880611,0.0,0.0
TCAIM,0.09487812,0.0,0.0
TCAP,0.055434816,0.0,-1.0
TCEA1,0.45829228,0.0,1.0
TCEA2,0.39140424,0.0,0.0
TCEA3,0.296255,0.0,0.0
TCEAL1,0.09795517,0.0,0.0
TCEAL2,0.16691665,0.0,0.0
TCEAL3,0.12249646,0.0,0.0
TCEAL4,0.1304847,0.0,0.0
TCEAL5,0.025010843,0.0,0.0
TCEAL6,0.011092567,0.0,-1.0
TCEAL7,0.024959847,0.0,0.0
TCEAL8,0.07572863,0.0,0.0
TCEAL9,0.17442532,0.0,0.0
TCEANC,0.20966238,0.0,0.0
TCEANC2,0.1437147,0.0,0.0
TCERG1,0.59016216,1.0,-1.0
TCERG1L,0.14020471,0.0,0.0
TCF12,0.9392055,1.0,1.0
TCF15,0.3060023,0.0,0.0
TCF19,0.54587865,1.0,0.0
TCF20,0.5187022,1.0,0.0
TCF21,0.4373149,0.0,-1.0
TCF23,0.11829907,0.0,0.0
TCF24,0.0807772,0.0,0.0
TCF25,0.13409403,0.0,0.0
TCF3,0.9525237,1.0,1.0
TCF4,0.8891463,1.0,-1.0
TCF7,0.8705274,1.0,-1.0
TCF7L1,0.8766989,1.0,-1.0
TCF7L2,0.937975,1.0,1.0
TCFL5,0.19480221,0.0,0.0
TCHH,0.0461389,0.0,-1.0
TCHHL1,0.0055952207,0.0,0.0
TCHP,0.4653412,0.0,0.0
TCIM,0.45211354,0.0,0.0
TCIRG1,0.4277424,0.0,-1.0
TCL1A,0.49289346,0.0,1.0
TCL1B,0.23305245,0.0,1.0
TCL6,0.07462082,0.0,-1.0
TCN1,0.15443811,0.0,0.0
TCN2,0.24942867,0.0,0.0
TCOF1,0.65789306,1.0,-1.0
TCP1,0.48526964,0.0,0.0
TCP10L,0.07505559,0.0,0.0
TCP10L2,0.013769756,0.0,0.0
TCP10L3,0.13986078,0.0,0.0
TCP11,0.08906131,0.0,-1.0
TCP11L1,0.3838193,0.0,0.0
TCP11L2,0.28151435,0.0,-1.0
TCP11X2,0.2904224,0.0,0.0
TCTA,0.054624315,0.0,-1.0
TCTE1,0.1006243,0.0,0.0
TCTN1,0.25381583,0.0,0.0
TCTN2,0.27226847,0.0,0.0
TCTN3,0.1356312,0.0,0.0
TDG,0.5076051,1.0,-1.0
TDGF1,0.31002527,0.0,-1.0
TDGF1P3,4.511424e-05,0.0,-1.0
TDH,5.090869e-06,0.0,0.0
TDO2,0.22403161,0.0,0.0
TDP1,0.55543536,1.0,-1.0
TDP2,0.22386195,0.0,0.0
TDRD1,0.112686135,0.0,-1.0
TDRD10,0.041759323,0.0,-1.0
TDRD12,0.31619105,0.0,0.0
TDRD15,0.04975859,0.0,0.0
TDRD3,0.2970701,0.0,0.0
TDRD5,0.09977132,0.0,-1.0
TDRD6,0.071103565,0.0,0.0
TDRD7,0.2061557,0.0,0.0
TDRD9,0.17661591,0.0,0.0
TDRKH,0.17796083,0.0,0.0
TDRP,2.0204794e-07,0.0,0.0
TEAD1,0.53082216,1.0,0.0
TEAD2,0.54665005,1.0,0.0
TEAD3,0.4609614,0.0,0.0
TEAD4,0.5174724,1.0,0.0
TEC,0.7795989,1.0,1.0
TECPR1,0.10816963,0.0,0.0
TECPR2,0.16188283,0.0,0.0
TECR,0.2611421,0.0,-1.0
TECRL,0.019944994,0.0,0.0
TECTA,0.20905343,0.0,-1.0
TECTB,0.13874288,0.0,0.0
TEDC1,0.08761977,0.0,0.0
TEDC2,0.3833147,0.0,-1.0
TEDDM1,2.0477463e-11,0.0,0.0
TEF,0.43376997,0.0,0.0
TEFM,0.109605774,0.0,0.0
TEK,0.9072323,1.0,-1.0
TEKT1,0.081372656,0.0,0.0
TEKT2,0.102616005,0.0,0.0
TEKT3,0.046860512,0.0,0.0
TEKT4,0.042657595,0.0,0.0
TEKT5,0.050332088,0.0,0.0
TELO2,0.29764244,0.0,0.0
TEN1,0.3499872,0.0,0.0
TENM1,0.13451204,0.0,0.0
TENM2,0.054391626,0.0,-1.0
TENM3,0.16264871,0.0,0.0
TENM4,0.15894932,0.0,0.0
TENT2,0.4115798,0.0,0.0
TENT4A,0.57887,1.0,0.0
TENT4B,0.2720931,0.0,-1.0
TENT5A,0.01636788,0.0,0.0
TENT5B,0.05192385,0.0,0.0
TENT5C,0.22644185,0.0,1.0
TENT5D,0.05240975,0.0,-1.0
TEP1,0.3723655,0.0,-1.0
TEPP,0.058526963,0.0,0.0
TEPSIN,0.1659314,0.0,0.0
TERB1,0.09253817,0.0,0.0
TERB2,0.06933817,0.0,0.0
TERC,0.003670104,0.0,-1.0
TERF1,0.67237145,1.0,0.0
TERF2,0.66341764,1.0,-1.0
TERF2IP,0.52298754,1.0,0.0
TERT,0.7587622,1.0,1.0
TES,0.72038287,1.0,0.0
TESC,0.29044956,0.0,-1.0
TESK1,0.57988274,1.0,0.0
TESK2,0.60043544,1.0,0.0
TESMIN,0.083069555,0.0,0.0
TESPA1,0.26321954,0.0,0.0
TET1,0.32096332,0.0,1.0
TET2,0.6199376,1.0,1.0
TET3,0.27584046,0.0,1.0
TEX10,0.32693776,0.0,0.0
TEX101,0.1052725,0.0,0.0
TEX11,0.07626469,0.0,0.0
TEX12,0.07674429,0.0,0.0
TEX13A,0.20879346,0.0,0.0
TEX13B,0.18723162,0.0,0.0
TEX14,0.06321899,0.0,-1.0
TEX15,0.21475701,0.0,-1.0
TEX19,0.031945728,0.0,0.0
TEX2,0.121819206,0.0,0.0
TEX26,0.046266712,0.0,0.0
TEX261,0.13422169,0.0,0.0
TEX264,0.046230614,0.0,0.0
TEX28,0.078947775,0.0,0.0
TEX29,0.02228492,0.0,0.0
TEX30,0.32234204,0.0,0.0
TEX33,0.056514766,0.0,0.0
TEX35,0.058597617,0.0,0.0
TEX36,0.04056642,0.0,0.0
TEX37,0.020184183,0.0,0.0
TEX43,0.055790856,0.0,0.0
TEX44,0.037789736,0.0,-1.0
TEX45,0.0639875,0.0,0.0
TEX47,0.037571218,0.0,0.0
TEX55,0.04131836,0.0,0.0
TEX9,0.13310158,0.0,0.0
TF,0.5997236,1.0,0.0
TFAM,0.43341252,0.0,0.0
TFAP2A,0.85336405,1.0,-1.0
TFAP2B,0.48381096,0.0,-1.0
TFAP2C,0.7521308,1.0,-1.0
TFAP2D,0.09911211,0.0,-1.0
TFAP2E,0.30919904,0.0,0.0
TFAP4,0.6557472,1.0,-1.0
TFB1M,0.1117838,0.0,0.0
TFB2M,0.08978094,0.0,0.0
TFCP2,0.6309447,1.0,0.0
TFCP2L1,0.30641255,0.0,0.0
TFDP1,0.7319782,1.0,-1.0
TFDP2,0.68199736,1.0,-1.0
TFDP3,0.41469264,0.0,0.0
TFE3,0.46698466,0.0,1.0
TFEB,0.38947067,0.0,1.0
TFEC,0.34294352,0.0,0.0
TFF1,0.119690664,0.0,-1.0
TFF2,0.23661765,0.0,-1.0
TFF3,0.28484848,0.0,-1.0
TFG,0.45305854,0.0,1.0
TFIP11,0.3821408,0.0,0.0
TFPI,0.7276463,1.0,-1.0
TFPI2,0.42458126,0.0,0.0
TFPT,0.24723747,0.0,-1.0
TFR2,0.16509171,0.0,-1.0
TFRC,0.86818767,1.0,-1.0
TG,0.42921403,0.0,-1.0
TGDS,0.15442762,0.0,-1.0
TGFA,0.6737134,1.0,-1.0
TGFB1,0.9607088,1.0,-1.0
TGFB1I1,0.8189826,1.0,0.0
TGFB2,0.86226416,1.0,-1.0
TGFB3,0.8102014,1.0,-1.0
TGFBI,0.72682375,1.0,-1.0
TGFBR1,0.90950704,1.0,1.0
TGFBR2,0.93163013,1.0,1.0
TGFBR3,0.7004018,1.0,-1.0
TGFBRAP1,0.2858899,0.0,-1.0
TGIF1,0.7549976,1.0,-1.0
TGIF2,0.51050806,1.0,0.0
TGIF2LX,0.20037542,0.0,0.0
TGIF2LY,0.10282235,0.0,0.0
TGM1,0.06888797,0.0,-1.0
TGM2,0.84511614,1.0,-1.0
TGM3,0.30771214,0.0,0.0
TGM4,0.2873687,0.0,0.0
TGM5,0.1862114,0.0,0.0
TGM6,0.04808114,0.0,-1.0
TGM7,0.007337514,0.0,0.0
TGOLN2,0.5485776,1.0,0.0
TGS1,0.32334194,0.0,-1.0
TH,0.5782017,1.0,-1.0
THADA,0.3683618,0.0,-1.0
THAP1,0.16506411,0.0,-1.0
THAP10,0.19611524,0.0,0.0
THAP11,0.15152761,0.0,0.0
THAP12,0.2629928,0.0,-1.0
THAP2,0.10869453,0.0,0.0
THAP3,0.15335168,0.0,0.0
THAP4,0.07390758,0.0,0.0
THAP5,0.18407112,0.0,-1.0
THAP6,0.17194852,0.0,0.0
THAP7,0.17289056,0.0,0.0
THAP8,0.15364107,0.0,0.0
THAP9,0.1406613,0.0,0.0
THBD,0.6971398,1.0,-1.0
THBS1,0.93145883,1.0,-1.0
THBS2,0.7295556,1.0,-1.0
THBS3,0.38162842,0.0,-1.0
THBS4,0.34188595,0.0,0.0
THEG,0.03937911,0.0,0.0
THEGL,4.140531e-05,0.0,0.0
THEM4,0.1125166,0.0,0.0
THEM5,0.005143365,0.0,0.0
THEM6,0.14850679,0.0,0.0
THEMIS,0.24557039,0.0,0.0
THEMIS2,0.5344994,1.0,0.0
THG1L,0.14430684,0.0,0.0
THNSL1,0.100703485,0.0,0.0
THNSL2,0.16582164,0.0,0.0
THOC1,0.522636,1.0,0.0
THOC2,0.6769587,1.0,0.0
THOC3,0.1688416,0.0,0.0
THOC5,0.24814267,0.0,-1.0
THOC6,0.18258382,0.0,-1.0
THOC7,0.10034387,0.0,-1.0
THOP1,0.20150384,0.0,0.0
THPO,0.60719776,1.0,-1.0
THRA,0.8131009,1.0,-1.0
THRAP3,0.7699012,1.0,-1.0
THRB,0.7257828,1.0,-1.0
THRSP,0.14835943,0.0,-1.0
THSD1,0.14173299,0.0,0.0
THSD4,0.23543908,0.0,0.0
THSD7A,0.22257042,0.0,-1.0
THSD7B,0.14980996,0.0,-1.0
THTPA,0.101982735,0.0,0.0
THUMPD1,0.42353687,0.0,0.0
THUMPD2,0.19255485,0.0,0.0
THUMPD3,0.14739488,0.0,0.0
THY1,0.74403125,1.0,-1.0
THYN1,0.05483648,0.0,0.0
TIA1,0.6520502,1.0,-1.0
TIAF1,0.22591233,0.0,0.0
TIAL1,0.5356978,1.0,-1.0
TIAM1,0.87881786,1.0,-1.0
TIAM2,0.49145144,0.0,0.0
TICAM1,0.40479922,0.0,-1.0
TICAM2,0.24763459,0.0,-1.0
TICRR,0.4361992,0.0,0.0
TIE1,0.83139735,1.0,-1.0
TIFA,0.1365861,0.0,0.0
TIFAB,0.0049422327,0.0,0.0
TIGAR,0.15615237,0.0,-1.0
TIGD1,0.21998252,0.0,0.0
TIGD2,0.16044912,0.0,0.0
TIGD3,0.19339693,0.0,-1.0
TIGD4,0.191041,0.0,0.0
TIGD5,0.13578694,0.0,0.0
TIGD6,0.21679987,0.0,0.0
TIGD7,0.18250863,0.0,0.0
TIGIT,0.22151512,0.0,-1.0
TIMD4,0.0011541261,0.0,0.0
TIMELESS,0.6682893,1.0,0.0
TIMM10,0.040288948,0.0,0.0
TIMM10B,0.13750558,0.0,0.0
TIMM13,0.059955295,0.0,0.0
TIMM17A,0.067997254,0.0,-1.0
TIMM17B,0.07604023,0.0,0.0
TIMM21,0.06968942,0.0,0.0
TIMM22,0.12655811,0.0,0.0
TIMM23,0.1169451,0.0,0.0
TIMM23B,0.15066423,0.0,0.0
TIMM29,0.119621545,0.0,0.0
TIMM44,0.14148498,0.0,0.0
TIMM50,0.33966854,0.0,0.0
TIMM8A,0.11963961,0.0,0.0
TIMM8B,0.019898063,0.0,0.0
TIMM9,0.049291972,0.0,0.0
TIMMDC1,0.04383138,0.0,0.0
TIMP1,0.86741054,1.0,-1.0
TIMP2,0.7854646,1.0,-1.0
TIMP3,0.8766373,1.0,-1.0
TIMP4,0.06948888,0.0,0.0
TINAG,0.04640358,0.0,0.0
TINAGL1,0.13340943,0.0,0.0
TINCR,7.8418014e-07,0.0,0.0
TINF2,0.4386043,0.0,-1.0
TIPARP,0.46586797,0.0,-1.0
TIPIN,0.36546758,0.0,-1.0
TIPRL,0.27083838,0.0,0.0
TIRAP,0.3354493,0.0,-1.0
TJAP1,0.24444944,0.0,0.0
TJP1,0.89241385,1.0,-1.0
TJP2,0.6190837,1.0,-1.0
TJP3,0.11136927,0.0,0.0
TK1,0.6117397,1.0,-1.0
TK2,0.30507955,0.0,0.0
TKFC,0.110718645,0.0,0.0
TKT,0.42737445,0.0,-1.0
TKTL1,0.18700123,0.0,0.0
TKTL2,0.12050649,0.0,-1.0
TLCD1,0.03507456,0.0,0.0
TLCD2,0.08169794,0.0,-1.0
TLCD3A,0.049196757,0.0,-1.0
TLCD3B,0.019299647,0.0,-1.0
TLCD4,0.027583575,0.0,0.0
TLCD5,0.018607795,0.0,0.0
TLDC2,0.0051127034,0.0,0.0
TLE1,0.8707407,1.0,-1.0
TLE2,0.7067698,1.0,-1.0
TLE3,0.7702523,1.0,-1.0
TLE4,0.89039874,1.0,-1.0
TLE5,0.58826035,1.0,0.0
TLE6,0.2384721,0.0,0.0
TLK1,0.6433598,1.0,0.0
TLK2,0.7546832,1.0,0.0
TLL1,0.3340313,0.0,-1.0
TLL2,0.4028636,0.0,-1.0
TLN1,0.90860426,1.0,0.0
TLN2,0.6420086,1.0,0.0
TLNRD1,0.173875,0.0,0.0
TLR1,0.7488588,1.0,0.0
TLR10,0.29514703,0.0,0.0
TLR2,0.7161493,1.0,-1.0
TLR3,0.28901875,0.0,-1.0
TLR4,0.7930549,1.0,-1.0
TLR5,0.12591925,0.0,-1.0
TLR6,0.507668,1.0,-1.0
TLR7,0.53385335,1.0,-1.0
TLR8,0.5062441,1.0,0.0
TLR9,0.6359134,1.0,-1.0
TLX1,0.534158,1.0,1.0
TLX2,0.45742312,0.0,0.0
TLX3,0.313623,0.0,1.0
TM2D1,0.10080763,0.0,0.0
TM2D2,0.06948028,0.0,0.0
TM2D3,0.12040764,0.0,0.0
TM4SF1,0.62413514,1.0,-1.0
TM4SF18,0.004755234,0.0,-1.0
TM4SF19,0.0065318192,0.0,0.0
TM4SF20,0.0062143775,0.0,0.0
TM4SF4,0.16686441,0.0,0.0
TM4SF5,0.2737198,0.0,0.0
TM6SF1,0.2188714,0.0,0.0
TM6SF2,0.1749057,0.0,0.0
TM7SF2,0.06579547,0.0,0.0
TM7SF3,0.16309282,0.0,0.0
TM9SF1,0.11265403,0.0,-1.0
TM9SF2,0.102580935,0.0,0.0
TM9SF3,0.19273655,0.0,0.0
TM9SF4,0.1495843,0.0,0.0
TMA16,0.23528683,0.0,0.0
TMA7,0.038325347,0.0,0.0
TMBIM1,0.2580408,0.0,0.0
TMBIM4,0.1548422,0.0,0.0
TMBIM6,0.13630675,0.0,-1.0
TMC1,0.04541498,0.0,0.0
TMC2,0.0103513,0.0,0.0
TMC3,0.007944113,0.0,-1.0
TMC4,0.00072285294,0.0,0.0
TMC5,0.02734138,0.0,0.0
TMC6,0.2377073,0.0,-1.0
TMC7,0.08040668,0.0,0.0
TMC8,0.047320303,0.0,-1.0
TMCC1,0.40435445,0.0,0.0
TMCC2,0.25762984,0.0,0.0
TMCC3,0.09421135,0.0,0.0
TMCO1,0.060986303,0.0,0.0
TMCO2,0.04280332,0.0,0.0
TMCO3,0.1662228,0.0,0.0
TMCO4,0.08347739,0.0,0.0
TMCO5A,0.01966937,0.0,0.0
TMCO6,0.09022851,0.0,0.0
TMED1,0.05048927,0.0,0.0
TMED10,0.23092595,0.0,0.0
TMED2,0.16099736,0.0,0.0
TMED3,0.073764525,0.0,0.0
TMED4,0.08268141,0.0,0.0
TMED5,0.14987692,0.0,0.0
TMED6,0.04995427,0.0,0.0
TMED7,0.19025208,0.0,0.0
TMED7-TICAM2,0.11017061,0.0,0.0
TMED8,0.0127861425,0.0,0.0
TMED9,0.121061385,0.0,0.0
TMEFF1,0.14817393,0.0,0.0
TMEFF2,0.05463126,0.0,0.0
TMEM100,0.02065717,0.0,0.0
TMEM101,0.1366489,0.0,0.0
TMEM102,0.1269618,0.0,0.0
TMEM104,0.023068702,0.0,-1.0
TMEM106A,0.06837294,0.0,0.0
TMEM106B,0.12155074,0.0,-1.0
TMEM106C,0.29335725,0.0,0.0
TMEM107,0.05060729,0.0,0.0
TMEM108,0.091286674,0.0,0.0
TMEM109,0.27891418,0.0,0.0
TMEM11,0.080251075,0.0,0.0
TMEM114,0.112109706,0.0,0.0
TMEM115,0.13052733,0.0,0.0
TMEM116,0.037329543,0.0,-1.0
TMEM117,0.008613454,0.0,0.0
TMEM119,0.18332031,0.0,0.0
TMEM120A,0.05497229,0.0,0.0
TMEM120B,0.0876913,0.0,0.0
TMEM121,0.0058232076,0.0,0.0
TMEM121B,0.00461641,0.0,-1.0
TMEM123,0.31127518,0.0,0.0
TMEM125,0.14179495,0.0,0.0
TMEM126A,0.029964663,0.0,-1.0
TMEM126B,0.04070742,0.0,0.0
TMEM127,0.11134565,0.0,1.0
TMEM128,0.09636079,0.0,-1.0
TMEM129,0.111183606,0.0,0.0
TMEM131,0.50072557,1.0,0.0
TMEM131L,0.31458178,0.0,0.0
TMEM132A,0.21557403,0.0,0.0
TMEM132B,0.10671695,0.0,-1.0
TMEM132C,0.011280216,0.0,-1.0
TMEM132D,0.22029398,0.0,-1.0
TMEM132E,0.00543952,0.0,0.0
TMEM132E-DT,0.1977109,0.0,0.0
TMEM134,0.04712098,0.0,0.0
TMEM135,0.12445043,0.0,0.0
TMEM138,0.08997308,0.0,0.0
TMEM139,0.014177171,0.0,0.0
TMEM140,0.17444041,0.0,0.0
TMEM141,0.08165519,0.0,0.0
TMEM143,0.068702996,0.0,0.0
TMEM144,0.06055892,0.0,0.0
TMEM145,0.29161143,0.0,0.0
TMEM147,0.027165035,0.0,-1.0
TMEM14A,0.07475359,0.0,0.0
TMEM14B,0.041295107,0.0,0.0
TMEM14C,0.05889493,0.0,0.0
TMEM150A,0.15161914,0.0,0.0
TMEM150B,6.25355e-06,0.0,0.0
TMEM150C,0.1074218,0.0,0.0
TMEM151A,0.12369674,0.0,0.0
TMEM151B,0.24851178,0.0,0.0
TMEM154,0.107887104,0.0,0.0
TMEM155,7.284685e-06,0.0,0.0
TMEM156,0.20945926,0.0,0.0
TMEM158,0.3729683,0.0,0.0
TMEM160,0.04313269,0.0,-1.0
TMEM161A,0.059896916,0.0,0.0
TMEM161B,0.12286757,0.0,0.0
TMEM163,0.00010995099,0.0,0.0
TMEM164,0.13610707,0.0,0.0
TMEM165,0.19389264,0.0,-1.0
TMEM167A,0.06165705,0.0,-1.0
TMEM167B,0.1373118,0.0,0.0
TMEM168,0.2194661,0.0,0.0
TMEM169,0.07167942,0.0,0.0
TMEM17,0.29763424,0.0,-1.0
TMEM170A,0.34728336,0.0,0.0
TMEM170B,0.18200509,0.0,0.0
TMEM171,0.13134763,0.0,0.0
TMEM174,0.0007263453,0.0,0.0
TMEM175,0.113768935,0.0,0.0
TMEM176A,0.11807339,0.0,0.0
TMEM176B,0.20137276,0.0,0.0
TMEM177,0.09123426,0.0,0.0
TMEM178A,0.004652603,0.0,0.0
TMEM178B,0.0008236435,0.0,0.0
TMEM179,0.011523641,0.0,-1.0
TMEM179B,0.047362067,0.0,0.0
TMEM18,0.2641238,0.0,0.0
TMEM181,0.04333112,0.0,0.0
TMEM182,0.04494201,0.0,0.0
TMEM183A,0.16055918,0.0,0.0
TMEM183BP,0.0068531376,0.0,0.0
TMEM184A,0.09028495,0.0,0.0
TMEM184B,0.18973859,0.0,0.0
TMEM184C,0.09373002,0.0,0.0
TMEM185A,0.16020364,0.0,0.0
TMEM185B,0.13129078,0.0,0.0
TMEM186,0.06003377,0.0,0.0
TMEM187,0.25645825,0.0,0.0
TMEM19,0.16192523,0.0,0.0
TMEM190,0.0015034992,0.0,0.0
TMEM192,0.053432107,0.0,0.0
TMEM196,0.0053385952,0.0,0.0
TMEM198,0.009478194,0.0,0.0
TMEM199,0.0822261,0.0,-1.0
TMEM200A,0.13102192,0.0,0.0
TMEM200B,9.716245e-09,0.0,0.0
TMEM201,0.09376743,0.0,-1.0
TMEM202,0.046913583,0.0,0.0
TMEM203,0.082870826,0.0,0.0
TMEM204,0.2912776,0.0,0.0
TMEM205,0.04203889,0.0,0.0
TMEM207,0.010206905,0.0,0.0
TMEM208,0.023208061,0.0,-1.0
TMEM209,0.23308879,0.0,0.0
TMEM212,0.1329454,0.0,0.0
TMEM213,0.00027719882,0.0,0.0
TMEM214,0.20925862,0.0,0.0
TMEM216,0.29151922,0.0,-1.0
TMEM217,0.00015671346,0.0,0.0
TMEM218,0.0181409,0.0,0.0
TMEM219,0.083319895,0.0,0.0
TMEM220,0.103014626,0.0,-1.0
TMEM222,0.061557394,0.0,0.0
TMEM223,0.1048264,0.0,0.0
TMEM225,0.04809224,0.0,0.0
TMEM229B,0.06169179,0.0,0.0
TMEM230,0.058176022,0.0,0.0
TMEM231,0.09346883,0.0,0.0
TMEM232,0.052571803,0.0,0.0
TMEM233,0.0002545495,0.0,0.0
TMEM234,0.2791595,0.0,0.0
TMEM235,0.008795901,0.0,0.0
TMEM236,0.00086417823,0.0,0.0
TMEM237,0.046110693,0.0,0.0
TMEM239,0.09594983,0.0,0.0
TMEM240,1.1862359e-09,0.0,0.0
TMEM241,0.08158415,0.0,0.0
TMEM242,0.15241368,0.0,0.0
TMEM243,0.11220655,0.0,-1.0
TMEM245,0.19406447,0.0,0.0
TMEM247,0.049388643,0.0,0.0
TMEM248,0.108258314,0.0,0.0
TMEM25,0.08185077,0.0,0.0
TMEM250,0.14167348,0.0,0.0
TMEM251,0.03525195,0.0,0.0
TMEM252,0.0015164224,0.0,0.0
TMEM253,0.27176264,0.0,-1.0
TMEM254,0.054999366,0.0,0.0
TMEM255A,0.12399793,0.0,0.0
TMEM255B,0.033251572,0.0,0.0
TMEM256,0.07293241,0.0,0.0
TMEM258,0.026559988,0.0,0.0
TMEM259,0.07520813,0.0,0.0
TMEM26,2.884394e-07,0.0,0.0
TMEM260,0.38255066,0.0,0.0
TMEM263,0.13834412,0.0,0.0
TMEM266,0.10512877,0.0,0.0
TMEM267,0.17893627,0.0,0.0
TMEM268,0.10244576,0.0,0.0
TMEM270,8.118667e-05,0.0,0.0
TMEM30A,0.23945037,0.0,-1.0
TMEM30B,0.19429721,0.0,0.0
TMEM31,0.090300776,0.0,0.0
TMEM33,0.13474086,0.0,0.0
TMEM35A,0.19644086,0.0,0.0
TMEM35B,0.18954855,0.0,0.0
TMEM37,0.09513621,0.0,0.0
TMEM38A,0.07151231,0.0,0.0
TMEM38B,0.1000432,0.0,0.0
TMEM39A,0.0875166,0.0,0.0
TMEM39B,0.1918707,0.0,0.0
TMEM40,0.27055988,0.0,-1.0
TMEM41A,0.08769546,0.0,0.0
TMEM41B,0.19010107,0.0,0.0
TMEM42,0.08603155,0.0,0.0
TMEM43,0.22621727,0.0,-1.0
TMEM44,0.03536061,0.0,0.0
TMEM45A,0.3713562,0.0,0.0
TMEM45B,0.06718892,0.0,0.0
TMEM47,0.46469235,0.0,0.0
TMEM50A,0.09177629,0.0,0.0
TMEM50B,0.07748441,0.0,0.0
TMEM51,0.1312045,0.0,0.0
TMEM52,0.0002050069,0.0,0.0
TMEM52B,0.0009088694,0.0,0.0
TMEM53,0.08830023,0.0,0.0
TMEM54,0.14499739,0.0,0.0
TMEM59,0.07302298,0.0,0.0
TMEM59L,0.27347404,0.0,0.0
TMEM60,0.08727577,0.0,0.0
TMEM61,7.784341e-08,0.0,0.0
TMEM62,0.09624407,0.0,0.0
TMEM63A,0.21789198,0.0,-1.0
TMEM63B,0.1367778,0.0,0.0
TMEM63C,0.005807742,0.0,0.0
TMEM64,0.10623925,0.0,0.0
TMEM65,0.059561174,0.0,0.0
TMEM67,0.16189462,0.0,-1.0
TMEM68,0.099051245,0.0,0.0
TMEM69,0.104907684,0.0,0.0
TMEM70,0.047399834,0.0,0.0
TMEM71,0.070381336,0.0,-1.0
TMEM72,0.006520433,0.0,0.0
TMEM74,0.5400013,1.0,-1.0
TMEM74B,0.17998734,0.0,0.0
TMEM79,0.0334606,0.0,0.0
TMEM80,0.0786982,0.0,0.0
TMEM86A,0.028484222,0.0,-1.0
TMEM86B,0.039422438,0.0,0.0
TMEM87A,0.20164716,0.0,0.0
TMEM87B,0.0979982,0.0,0.0
TMEM88,0.11254074,0.0,0.0
TMEM89,0.042039845,0.0,0.0
TMEM8B,0.11404585,0.0,0.0
TMEM9,0.09903172,0.0,0.0
TMEM91,0.00029739513,0.0,0.0
TMEM92,0.15908468,0.0,0.0
TMEM94,0.33327994,0.0,0.0
TMEM95,0.025214745,0.0,0.0
TMEM97,0.22183727,0.0,0.0
TMEM98,0.26779455,0.0,0.0
TMEM9B,0.055901483,0.0,0.0
TMF1,0.42281222,0.0,0.0
TMIE,1.5370789e-08,0.0,0.0
TMIGD1,8.6882064e-05,0.0,0.0
TMIGD2,0.22755244,0.0,0.0
TMIGD3,0.19181989,0.0,0.0
TMLHE,0.27324343,0.0,0.0
TMOD1,0.31288728,0.0,0.0
TMOD2,0.32460207,0.0,0.0
TMOD3,0.6111848,1.0,0.0
TMOD4,0.05891962,0.0,0.0
TMPO,0.74064845,1.0,-1.0
TMPPE,0.10318206,0.0,0.0
TMPRSS11A,0.09054743,0.0,-1.0
TMPRSS11B,0.08563782,0.0,0.0
TMPRSS11D,0.38504422,0.0,-1.0
TMPRSS11E,0.09886659,0.0,0.0
TMPRSS11F,0.059430446,0.0,0.0
TMPRSS12,0.047787096,0.0,0.0
TMPRSS13,0.08237461,0.0,-1.0
TMPRSS15,0.12645322,0.0,0.0
TMPRSS2,0.14837733,0.0,1.0
TMPRSS3,0.14404361,0.0,-1.0
TMPRSS4,0.12873396,0.0,-1.0
TMPRSS5,0.13912676,0.0,-1.0
TMPRSS6,0.27993748,0.0,-1.0
TMPRSS7,0.10160879,0.0,0.0
TMPRSS9,0.059227414,0.0,0.0
TMSB10,0.26549524,0.0,-1.0
TMSB4X,0.43219972,0.0,-1.0
TMSB4XP1,0.018890554,0.0,0.0
TMSB4XP2,0.01053917,0.0,0.0
TMSB4XP6,0.0841401,0.0,0.0
TMSB4Y,0.18934105,0.0,0.0
TMTC1,0.20778528,0.0,0.0
TMTC2,0.1129317,0.0,-1.0
TMTC3,0.1717737,0.0,-1.0
TMTC4,0.14861654,0.0,0.0
TMUB1,0.11760669,0.0,0.0
TMUB2,0.104491174,0.0,0.0
TMX1,0.2673669,0.0,0.0
TMX2,0.037560035,0.0,0.0
TMX3,0.10350791,0.0,-1.0
TMX4,0.17877491,0.0,0.0
TNC,0.86947083,1.0,1.0
TNF,0.9564704,1.0,-1.0
TNFAIP1,0.38434228,0.0,-1.0
TNFAIP2,0.64400965,1.0,0.0
TNFAIP3,0.87018025,1.0,1.0
TNFAIP6,0.71815795,1.0,-1.0
TNFAIP8,0.7024921,1.0,-1.0
TNFAIP8L1,0.0170169,0.0,0.0
TNFAIP8L2,0.27175093,0.0,0.0
TNFAIP8L3,0.00041599097,0.0,-1.0
TNFRSF10A,0.52208686,1.0,-1.0
TNFRSF10B,0.7465698,1.0,-1.0
TNFRSF10C,0.4134827,0.0,0.0
TNFRSF10D,0.50650597,1.0,0.0
TNFRSF11A,0.26203442,0.0,-1.0
TNFRSF11B,0.6888304,1.0,-1.0
TNFRSF12A,0.5544541,1.0,0.0
TNFRSF13B,0.3577372,0.0,-1.0
TNFRSF13C,0.22089067,0.0,-1.0
TNFRSF14,0.29832157,0.0,1.0
TNFRSF17,0.41348493,0.0,1.0
TNFRSF18,0.26309797,0.0,0.0
TNFRSF19,0.19775565,0.0,0.0
TNFRSF1A,0.9311332,1.0,-1.0
TNFRSF1B,0.8462784,1.0,-1.0
TNFRSF21,0.4166192,0.0,-1.0
TNFRSF25,0.57368124,1.0,0.0
TNFRSF4,0.35777947,0.0,0.0
TNFRSF6B,0.12956265,0.0,-1.0
TNFRSF8,0.51101077,1.0,-1.0
TNFRSF9,0.53404695,1.0,0.0
TNFSF10,0.8913815,1.0,-1.0
TNFSF11,0.563805,1.0,-1.0
TNFSF12,0.23570552,0.0,0.0
TNFSF12-TNFSF13,0.13626319,0.0,0.0
TNFSF13,0.37576923,0.0,0.0
TNFSF13B,0.49548107,0.0,-1.0
TNFSF14,0.21920556,0.0,0.0
TNFSF15,0.20615387,0.0,-1.0
TNFSF18,0.26081243,0.0,-1.0
TNFSF4,0.32436016,0.0,-1.0
TNFSF8,0.28651917,0.0,-1.0
TNFSF9,0.3319455,0.0,0.0
TNIK,0.44475657,0.0,0.0
TNIP1,0.50664455,1.0,0.0
TNIP2,0.3048893,0.0,0.0
TNIP3,0.25113878,0.0,0.0
TNK1,0.5858016,1.0,0.0
TNK2,0.72578216,1.0,0.0
TNKS,0.6944652,1.0,-1.0
TNKS1BP1,0.34989625,0.0,0.0
TNKS2,0.603882,1.0,-1.0
TNMD,0.08854783,0.0,0.0
TNN,0.29887217,0.0,-1.0
TNNC1,0.2234209,0.0,-1.0
TNNC2,0.21011001,0.0,0.0
TNNI1,0.13388023,0.0,0.0
TNNI2,0.105587535,0.0,0.0
TNNI3,0.18087535,0.0,-1.0
TNNI3K,0.122500606,0.0,0.0
TNNT1,0.46816543,0.0,-1.0
TNNT2,0.13583638,0.0,-1.0
TNNT3,0.19126986,0.0,0.0
TNP1,0.0990459,0.0,0.0
TNP2,0.12214199,0.0,0.0
TNPO1,0.57895714,1.0,-1.0
TNPO2,0.5015063,1.0,-1.0
TNPO3,0.48284394,0.0,0.0
TNR,0.36168396,0.0,-1.0
TNRC18,0.26629385,0.0,-1.0
TNRC6A,0.5645906,1.0,-1.0
TNRC6B,0.75666696,1.0,-1.0
TNRC6C,0.360077,0.0,0.0
TNS1,0.8015125,1.0,0.0
TNS2,0.18338342,0.0,0.0
TNS3,0.6629491,1.0,0.0
TNS4,0.36248323,0.0,-1.0
TNXB,0.36435518,0.0,-1.0
TOB1,0.42053798,0.0,-1.0
TOB2,0.3425429,0.0,-1.0
TOE1,0.17959912,0.0,0.0
TOGARAM1,0.36907414,0.0,0.0
TOLLIP,0.18244334,0.0,0.0
TOM1,0.41132694,0.0,0.0
TOM1L1,0.27452952,0.0,0.0
TOM1L2,0.27318656,0.0,0.0
TOMM20,0.1736019,0.0,0.0
TOMM20L,0.07216525,0.0,0.0
TOMM22,0.09926879,0.0,0.0
TOMM34,0.3313816,0.0,0.0
TOMM40,0.18788461,0.0,0.0
TOMM40L,0.13370983,0.0,0.0
TOMM5,0.049412195,0.0,0.0
TOMM6,0.064586736,0.0,0.0
TOMM7,0.037853472,0.0,0.0
TOMM70,0.1801425,0.0,0.0
TONSL,0.44107231,0.0,0.0
TOP1,0.80696356,1.0,1.0
TOP1MT,0.39621815,0.0,0.0
TOP2A,0.82558775,1.0,-1.0
TOP2B,0.81561536,1.0,-1.0
TOP3A,0.6302717,1.0,0.0
TOP3B,0.27726254,0.0,0.0
TOPAZ1,0.18053249,0.0,0.0
TOPBP1,0.74087167,1.0,0.0
TOPORS,0.49896955,0.0,-1.0
TOR1A,0.18467882,0.0,-1.0
TOR1AIP1,0.22745109,0.0,0.0
TOR1AIP2,0.11750893,0.0,0.0
TOR1B,0.123459764,0.0,-1.0
TOR2A,0.1893563,0.0,0.0
TOR3A,0.15175425,0.0,0.0
TOR4A,0.14101934,0.0,0.0
TOX,0.6072402,1.0,-1.0
TOX2,0.3724674,0.0,0.0
TOX3,0.34378412,0.0,-1.0
TOX4,0.30277404,0.0,0.0
TP53,0.99317694,1.0,1.0
TP53AIP1,0.30734777,0.0,-1.0
TP53BP1,0.8179736,1.0,1.0
TP53BP2,0.6754253,1.0,-1.0
TP53I11,0.21476443,0.0,0.0
TP53I13,0.066327915,0.0,0.0
TP53I3,0.15286006,0.0,0.0
TP53INP1,0.37793463,0.0,-1.0
TP53INP2,0.16603778,0.0,0.0
TP53RK,0.28364632,0.0,-1.0
TP53TG1,0.0031725548,0.0,0.0
TP53TG3,0.052276388,0.0,0.0
TP53TG3C,0.0040595494,0.0,0.0
TP53TG5,0.17853199,0.0,0.0
TP63,0.7443732,1.0,1.0
TP73,0.82263124,1.0,-1.0
TPBG,0.80245394,1.0,-1.0
TPCN1,0.25015363,0.0,0.0
TPCN2,0.110913865,0.0,0.0
TPD52,0.26282394,0.0,-1.0
TPD52L1,0.24368095,0.0,0.0
TPD52L2,0.18574588,0.0,0.0
TPD52L3,0.052550893,0.0,0.0
TPGS1,0.17866875,0.0,0.0
TPGS2,0.34975988,0.0,0.0
TPH1,0.2458517,0.0,0.0
TPH2,0.14635968,0.0,0.0
TPI1,0.3620549,0.0,0.0
TPK1,0.68965733,1.0,-1.0
TPM1,0.9093664,1.0,-1.0
TPM2,0.70517206,1.0,-1.0
TPM3,0.73007077,1.0,1.0
TPM4,0.8129971,1.0,1.0
TPMT,0.23005906,0.0,0.0
TPO,0.3054014,0.0,-1.0
TPP1,0.4226332,0.0,-1.0
TPP2,0.5193884,1.0,0.0
TPPP,0.23562801,0.0,0.0
TPPP2,0.048699554,0.0,0.0
TPPP3,0.07813254,0.0,0.0
TPR,0.81724155,1.0,1.0
TPRA1,0.08329589,0.0,0.0
TPRG1,1.7172808e-09,0.0,-1.0
TPRG1L,0.10200217,0.0,-1.0
TPRKB,0.0911427,0.0,0.0
TPRN,0.22959505,0.0,0.0
TPRX1,0.09734399,0.0,0.0
TPSAB1,0.16709363,0.0,-1.0
TPSB2,0.10117608,0.0,0.0
TPSD1,0.17039925,0.0,0.0
TPSG1,0.10383521,0.0,0.0
TPST1,0.4081641,0.0,0.0
TPST2,0.13627253,0.0,0.0
TPT1,0.45138824,0.0,0.0
TPT1P8,0.011646648,0.0,0.0
TPTE,0.23816618,0.0,-1.0
TPTE2,0.2121407,0.0,-1.0
TPX2,0.6495666,1.0,-1.0
TRA,0.3181316,0.0,1.0
TRA2A,0.37659597,0.0,0.0
TRA2B,0.42490986,0.0,0.0
TRABD,0.13559893,0.0,0.0
TRABD2A,0.2155181,0.0,0.0
TRABD2B,0.14764716,0.0,0.0
TRAC,0.5220415,1.0,0.0
TRADD,0.6442885,1.0,0.0
TRAF1,0.677541,1.0,-1.0
TRAF2,0.74628377,1.0,-1.0
TRAF3,0.6590161,1.0,1.0
TRAF3IP1,0.16246846,0.0,0.0
TRAF3IP2,0.22548746,0.0,-1.0
TRAF3IP3,0.5598121,1.0,-1.0
TRAF4,0.5876599,1.0,-1.0
TRAF5,0.5721888,1.0,1.0
TRAF6,0.8149926,1.0,-1.0
TRAF7,0.26718274,0.0,1.0
TRAFD1,0.29822546,0.0,0.0
TRAIP,0.54577035,1.0,-1.0
TRAK1,0.36691907,0.0,-1.0
TRAK2,0.29352635,0.0,0.0
TRAM1,0.1246179,0.0,0.0
TRAM1L1,0.019319646,0.0,0.0
TRAM2,0.44808158,0.0,0.0
TRANK1,0.31448433,0.0,0.0
TRAP1,0.34406444,0.0,-1.0
TRAPPC1,0.13103385,0.0,0.0
TRAPPC10,0.5611831,1.0,0.0
TRAPPC11,0.6094872,1.0,0.0
TRAPPC12,0.13407876,0.0,0.0
TRAPPC13,0.16867581,0.0,0.0
TRAPPC14,0.076918155,0.0,0.0
TRAPPC2,0.29595685,0.0,-1.0
TRAPPC2B,0.11379313,0.0,0.0
TRAPPC2L,0.037200667,0.0,-1.0
TRAPPC3,0.10295599,0.0,0.0
TRAPPC3L,0.09669046,0.0,0.0
TRAPPC4,0.14453135,0.0,0.0
TRAPPC5,0.10607446,0.0,0.0
TRAPPC6A,0.049154006,0.0,0.0
TRAPPC6B,0.14391401,0.0,0.0
TRAPPC8,0.6526406,1.0,0.0
TRAPPC9,0.23932797,0.0,-1.0
TRARG1,0.006546009,0.0,0.0
TRAT1,0.6753455,1.0,-1.0
TRB,0.38672218,0.0,1.0
TRBC1,0.5272971,1.0,0.0
TRBV12-3,0.2503777,0.0,0.0
TRBV2,0.060218174,0.0,0.0
TRDC,0.00010839466,0.0,0.0
TRDMT1,0.26668507,0.0,0.0
TRDN,0.068218805,0.0,0.0
TREH,0.20157123,0.0,0.0
TREM1,0.08450548,0.0,0.0
TREM2,0.03799363,0.0,-1.0
TREML1,0.00021494123,0.0,0.0
TREML2,0.010895049,0.0,0.0
TREML4,2.7572376e-05,0.0,0.0
TRERF1,0.5803154,1.0,-1.0
TREX1,0.22499329,0.0,-1.0
TREX2,0.11660468,0.0,0.0
TRH,0.35609958,0.0,0.0
TRHDE,0.08954732,0.0,-1.0
TRHR,0.22216506,0.0,-1.0
TRIAP1,0.051852547,0.0,-1.0
TRIB1,0.86474186,1.0,-1.0
TRIB2,0.8684481,1.0,-1.0
TRIB3,0.79404664,1.0,0.0
TRIL,1.4824576e-08,0.0,0.0
TRIM10,0.3013887,0.0,0.0
TRIM11,0.20536713,0.0,0.0
TRIM13,0.22402877,0.0,0.0
TRIM14,0.3500673,0.0,0.0
TRIM15,0.326146,0.0,0.0
TRIM16,0.25848287,0.0,0.0
TRIM16L,0.12380175,0.0,0.0
TRIM17,0.26021472,0.0,0.0
TRIM2,0.44810686,0.0,0.0
TRIM21,0.43868434,0.0,0.0
TRIM22,0.6616307,1.0,0.0
TRIM23,0.63343966,1.0,-1.0
TRIM24,0.88816565,1.0,1.0
TRIM25,0.6183043,1.0,0.0
TRIM26,0.39108962,0.0,0.0
TRIM27,0.46689105,0.0,1.0
TRIM28,0.5887078,1.0,-1.0
TRIM29,0.5761207,1.0,0.0
TRIM3,0.36606675,0.0,0.0
TRIM31,0.27437648,0.0,0.0
TRIM32,0.4245678,0.0,-1.0
TRIM33,0.7936845,1.0,1.0
TRIM34,0.1656292,0.0,0.0
TRIM35,0.14402695,0.0,0.0
TRIM36,0.13971648,0.0,0.0
TRIM37,0.49170944,0.0,-1.0
TRIM38,0.5450918,1.0,0.0
TRIM39,0.16474146,0.0,0.0
TRIM39-RPP21,0.059581775,0.0,0.0
TRIM4,0.22225656,0.0,0.0
TRIM40,0.12681161,0.0,0.0
TRIM41,0.4768677,0.0,0.0
TRIM42,0.0064159962,0.0,0.0
TRIM43,0.11125785,0.0,0.0
TRIM44,0.306429,0.0,0.0
TRIM45,0.26521075,0.0,0.0
TRIM46,0.17245598,0.0,0.0
TRIM47,0.11547318,0.0,0.0
TRIM48,0.26580998,0.0,-1.0
TRIM49,0.22469941,0.0,0.0
TRIM49B,0.007831972,0.0,0.0
TRIM49C,0.5954847,1.0,0.0
TRIM5,0.31515822,0.0,0.0
TRIM50,0.19186498,0.0,0.0
TRIM51,0.11644576,0.0,-1.0
TRIM52,0.30257684,0.0,0.0
TRIM54,0.16209777,0.0,0.0
TRIM55,0.10876454,0.0,0.0
TRIM56,0.25652584,0.0,0.0
TRIM58,0.14916277,0.0,-1.0
TRIM59,0.14990142,0.0,0.0
TRIM6,0.1145905,0.0,0.0
TRIM6-TRIM34,0.14797953,0.0,0.0
TRIM60,0.10025538,0.0,0.0
TRIM61,0.04402801,0.0,0.0
TRIM62,0.15323918,0.0,-1.0
TRIM63,0.12376195,0.0,0.0
TRIM64B,0.06827953,0.0,0.0
TRIM65,0.08162004,0.0,0.0
TRIM66,0.43356705,0.0,0.0
TRIM67,0.16061476,0.0,0.0
TRIM68,0.096044615,0.0,0.0
TRIM69,0.18900895,0.0,0.0
TRIM7,0.11601206,0.0,0.0
TRIM71,0.17879875,0.0,-1.0
TRIM72,0.13480815,0.0,0.0
TRIM73,0.115061805,0.0,0.0
TRIM74,0.14884922,0.0,0.0
TRIM77,4.782324e-14,0.0,0.0
TRIM8,0.32952172,0.0,0.0
TRIM9,0.37930325,0.0,0.0
TRIML1,0.051172573,0.0,0.0
TRIML2,0.1381376,0.0,0.0
TRIO,0.84860855,1.0,-1.0
TRIOBP,0.38539985,0.0,-1.0
TRIP10,0.8464084,1.0,0.0
TRIP11,0.28548148,0.0,1.0
TRIP12,0.6706962,1.0,-1.0
TRIP13,0.5144006,1.0,1.0
TRIP4,0.19312249,0.0,0.0
TRIP6,0.4437515,0.0,0.0
TRIQK,0.019044273,0.0,0.0
TRIR,0.17498668,0.0,0.0
TRIT1,0.16302818,0.0,0.0
TRMO,0.32801825,0.0,0.0
TRMT1,0.12976465,0.0,0.0
TRMT10A,0.11761652,0.0,-1.0
TRMT10B,0.10227947,0.0,-1.0
TRMT10C,0.113495655,0.0,-1.0
TRMT11,0.15682255,0.0,0.0
TRMT112,0.039520994,0.0,0.0
TRMT12,0.13538888,0.0,0.0
TRMT13,0.33527532,0.0,0.0
TRMT1L,0.2191431,0.0,0.0
TRMT2A,0.20334974,0.0,0.0
TRMT2B,0.2173319,0.0,0.0
TRMT44,0.08812931,0.0,-1.0
TRMT5,0.25983384,0.0,0.0
TRMT6,0.20732906,0.0,0.0
TRMT61A,0.16294351,0.0,0.0
TRMT61B,0.094340764,0.0,0.0
TRMT9B,0.19943075,0.0,0.0
TRMU,0.14412759,0.0,0.0
TRN-GTT2-1,0.102592915,0.0,0.0
TRNAG1,0.023056857,0.0,0.0
TRNAU1AP,0.1612516,0.0,0.0
TRNP1,0.00623759,0.0,0.0
TRNT1,0.14932533,0.0,0.0
TRO,0.45271447,0.0,-1.0
TROAP,0.5972017,1.0,0.0
TRPA1,0.5248143,1.0,-1.0
TRPC1,0.71766007,1.0,0.0
TRPC2,0.10953869,0.0,0.0
TRPC3,0.5458202,1.0,0.0
TRPC4,0.22175531,0.0,0.0
TRPC4AP,0.28261885,0.0,0.0
TRPC5,0.40404147,0.0,0.0
TRPC6,0.47754323,0.0,-1.0
TRPC7,0.3005503,0.0,-1.0
TRPM1,0.3192187,0.0,-1.0
TRPM2,0.33329618,0.0,-1.0
TRPM3,0.3603119,0.0,-1.0
TRPM4,0.25936815,0.0,0.0
TRPM5,0.12076015,0.0,0.0
TRPM6,0.19074306,0.0,-1.0
TRPM7,0.5207019,1.0,-1.0
TRPM8,0.22584453,0.0,-1.0
TRPS1,0.76925796,1.0,-1.0
TRPT1,0.09846698,0.0,0.0
TRPV1,0.37827125,0.0,-1.0
TRPV2,0.33642226,0.0,-1.0
TRPV3,0.24589737,0.0,0.0
TRPV4,0.36670628,0.0,-1.0
TRPV5,0.28683332,0.0,-1.0
TRPV6,0.48330468,0.0,-1.0
TRRAP,0.88393754,1.0,1.0
TRUB1,0.15701292,0.0,0.0
TRUB2,0.08111766,0.0,0.0
TSACC,0.03800018,0.0,0.0
TSBP1,0.1920729,0.0,0.0
TSC1,0.75600547,1.0,1.0
TSC2,0.6897243,1.0,1.0
TSC22D1,0.6603908,1.0,-1.0
TSC22D2,0.42486623,0.0,0.0
TSC22D3,0.63597685,1.0,0.0
TSC22D4,0.4076938,0.0,0.0
TSEN15,0.14459714,0.0,0.0
TSEN2,0.15555567,0.0,0.0
TSEN34,0.18280959,0.0,0.0
TSEN54,0.15296085,0.0,0.0
TSFM,0.05930281,0.0,0.0
TSG101,0.2509107,0.0,-1.0
TSGA10,0.19322348,0.0,0.0
TSGA10IP,0.1756285,0.0,0.0
TSGA13,0.061502185,0.0,0.0
TSHB,0.41092739,0.0,0.0
TSHR,0.27958947,0.0,1.0
TSHZ1,0.30958545,0.0,0.0
TSHZ2,0.31924987,0.0,-1.0
TSHZ3,0.36239827,0.0,-1.0
TSKS,0.13139099,0.0,0.0
TSKU,0.4618198,0.0,0.0
TSLP,0.22151685,0.0,0.0
TSN,0.31820425,0.0,-1.0
TSNARE1,0.10643382,0.0,0.0
TSNAX,0.22400111,0.0,0.0
TSNAXIP1,0.14077148,0.0,0.0
TSPAN1,0.14535429,0.0,-1.0
TSPAN10,0.009544414,0.0,0.0
TSPAN11,0.06270648,0.0,0.0
TSPAN12,0.07864397,0.0,0.0
TSPAN13,0.06380796,0.0,0.0
TSPAN14,0.14345485,0.0,0.0
TSPAN15,0.04526793,0.0,0.0
TSPAN16,0.04459057,0.0,0.0
TSPAN17,0.03571826,0.0,0.0
TSPAN18,0.03098366,0.0,-1.0
TSPAN19,0.03403551,0.0,0.0
TSPAN2,0.06093348,0.0,0.0
TSPAN3,0.14866735,0.0,0.0
TSPAN31,0.07009487,0.0,0.0
TSPAN32,0.043655444,0.0,0.0
TSPAN33,0.057763632,0.0,0.0
TSPAN4,0.1386528,0.0,0.0
TSPAN5,0.1353265,0.0,0.0
TSPAN6,0.22197919,0.0,0.0
TSPAN7,0.2641726,0.0,-1.0
TSPAN8,0.13413848,0.0,-1.0
TSPAN9,0.16079052,0.0,0.0
TSPEAR,0.0022449424,0.0,-1.0
TSPO,0.27080896,0.0,0.0
TSPO2,0.3046707,0.0,0.0
TSPOAP1,0.2684134,0.0,-1.0
TSPY1,0.3410263,0.0,-1.0
TSPY10,0.2591485,0.0,0.0
TSPY2,0.22629768,0.0,0.0
TSPY3,0.10639542,0.0,0.0
TSPY4,0.26672822,0.0,0.0
TSPY8,0.01137062,0.0,0.0
TSPYL1,0.19361915,0.0,-1.0
TSPYL2,0.30295315,0.0,-1.0
TSPYL4,0.2839733,0.0,-1.0
TSPYL5,0.17158177,0.0,0.0
TSPYL6,0.12515539,0.0,0.0
TSR1,0.31634936,0.0,0.0
TSR2,0.12637521,0.0,0.0
TSR3,0.08076011,0.0,0.0
TSSC4,0.110882126,0.0,0.0
TSSK1B,0.43929982,0.0,0.0
TSSK2,0.45706788,0.0,0.0
TSSK3,0.6992029,1.0,0.0
TSSK4,0.59983605,1.0,0.0
TSSK6,0.2960069,0.0,0.0
TST,0.10621973,0.0,0.0
TSTD1,0.095400065,0.0,0.0
TSTD2,0.25199577,0.0,0.0
TTBK1,0.3460841,0.0,0.0
TTBK2,0.6613054,1.0,-1.0
TTC1,0.05485911,0.0,0.0
TTC12,0.12468938,0.0,0.0
TTC13,0.4778615,0.0,0.0
TTC14,0.31187728,0.0,-1.0
TTC16,0.2029734,0.0,0.0
TTC17,0.46623918,0.0,0.0
TTC19,0.18148755,0.0,0.0
TTC21A,0.060730796,0.0,0.0
TTC21B,0.1779897,0.0,-1.0
TTC22,0.2705844,0.0,0.0
TTC23,0.227303,0.0,0.0
TTC23L,0.07449584,0.0,0.0
TTC24,0.09410847,0.0,0.0
TTC26,0.11677166,0.0,0.0
TTC27,0.18161589,0.0,0.0
TTC28,0.6649391,1.0,0.0
TTC29,0.05723554,0.0,0.0
TTC3,0.50458705,1.0,0.0
TTC30A,0.078942075,0.0,0.0
TTC30B,0.099508025,0.0,0.0
TTC31,0.2074795,0.0,0.0
TTC32,0.16655113,0.0,0.0
TTC33,0.21477492,0.0,0.0
TTC34,0.007551203,0.0,0.0
TTC36,0.100353405,0.0,0.0
TTC37,0.37170228,0.0,0.0
TTC38,0.12836707,0.0,0.0
TTC39A,0.13638906,0.0,0.0
TTC39B,0.23762609,0.0,-1.0
TTC39C,0.15730934,0.0,0.0
TTC4,0.20586048,0.0,-1.0
TTC5,0.25824255,0.0,0.0
TTC6,0.09916866,0.0,0.0
TTC7A,0.18027386,0.0,0.0
TTC7B,0.07558479,0.0,0.0
TTC8,0.14196257,0.0,-1.0
TTC9,0.036261626,0.0,0.0
TTC9B,0.151971,0.0,0.0
TTC9C,0.21238653,0.0,0.0
TTF1,0.5968339,1.0,0.0
TTF2,0.6977016,1.0,0.0
TTI1,0.37695733,0.0,0.0
TTI2,0.2502751,0.0,0.0
TTK,0.80444247,1.0,-1.0
TTL,0.07740637,0.0,-1.0
TTLL1,0.08197225,0.0,0.0
TTLL10,0.050910227,0.0,0.0
TTLL11,0.028535623,0.0,0.0
TTLL12,0.16287556,0.0,0.0
TTLL13,0.005246112,0.0,0.0
TTLL2,0.027450582,0.0,0.0
TTLL3,0.056909237,0.0,-1.0
TTLL4,0.09778803,0.0,0.0
TTLL5,0.29411677,0.0,-1.0
TTLL6,0.036520775,0.0,0.0
TTLL7,0.06141306,0.0,0.0
TTLL8,0.008625389,0.0,0.0
TTLL9,0.021850582,0.0,-1.0
TTN,0.6915451,1.0,-1.0
TTPA,0.21606527,0.0,-1.0
TTPAL,0.4226034,0.0,0.0
TTR,0.4554522,0.0,-1.0
TTYH1,0.15117516,0.0,0.0
TTYH2,0.0803964,0.0,0.0
TTYH3,0.16287561,0.0,0.0
TUB,0.41440696,0.0,0.0
TUBA1A,0.92701113,1.0,-1.0
TUBA1B,0.8323118,1.0,0.0
TUBA1C,0.7645286,1.0,-1.0
TUBA3C,0.7963094,1.0,-1.0
TUBA3D,0.65394366,1.0,-1.0
TUBA3E,0.65211713,1.0,0.0
TUBA4A,0.84138536,1.0,-1.0
TUBA4B,0.29205763,0.0,-1.0
TUBA8,0.72888064,1.0,-1.0
TUBAL3,0.54241276,1.0,0.0
TUBB,0.8670806,1.0,0.0
TUBB1,0.73061216,1.0,-1.0
TUBB2A,0.8637854,1.0,0.0
TUBB2B,0.8678584,1.0,-1.0
TUBB3,0.84170675,1.0,0.0
TUBB4A,0.9358353,1.0,0.0
TUBB4B,0.7401375,1.0,0.0
TUBB6,0.8555941,1.0,0.0
TUBB7P,0.227904,0.0,0.0
TUBB8,0.4668414,0.0,0.0
TUBD1,0.32628578,0.0,0.0
TUBE1,0.12165686,0.0,0.0
TUBG1,0.58165777,1.0,0.0
TUBG2,0.6421104,1.0,0.0
TUBGCP2,0.5066385,1.0,0.0
TUBGCP3,0.6953679,1.0,0.0
TUBGCP4,0.46038973,0.0,0.0
TUBGCP5,0.33728924,0.0,0.0
TUBGCP6,0.36602062,0.0,-1.0
TUFM,0.11578389,0.0,0.0
TUFT1,0.40523094,0.0,0.0
TUG1,0.030235935,0.0,0.0
TULP1,0.28900135,0.0,-1.0
TULP2,0.1123166,0.0,0.0
TULP3,0.33199665,0.0,0.0
TULP4,0.27413714,0.0,0.0
TUSC1,0.27503365,0.0,0.0
TUSC2,0.15182018,0.0,0.0
TUSC3,0.1594213,0.0,-1.0
TUT1,0.31244937,0.0,0.0
TUT4,0.72622496,1.0,0.0
TUT7,0.608105,1.0,0.0
TVP23A,0.030383503,0.0,0.0
TVP23B,0.11638702,0.0,0.0
TVP23C,0.10451686,0.0,0.0
TWF1,0.36922652,0.0,0.0
TWF2,0.20380199,0.0,0.0
TWIST1,0.8503727,1.0,-1.0
TWIST2,0.3889724,0.0,-1.0
TWNK,0.16182841,0.0,-1.0
TWSG1,0.34232157,0.0,0.0
TXK,0.9008653,1.0,0.0
TXLNA,0.57802945,1.0,0.0
TXLNB,0.077612095,0.0,0.0
TXLNG,0.32781503,0.0,0.0
TXLNGY,0.011920632,0.0,0.0
TXN,0.5540402,1.0,-1.0
TXN2,0.07214779,0.0,0.0
TXNDC11,0.24573061,0.0,0.0
TXNDC12,0.12601362,0.0,0.0
TXNDC15,0.077061184,0.0,0.0
TXNDC16,0.09910821,0.0,0.0
TXNDC17,0.068096064,0.0,0.0
TXNDC2,0.07076395,0.0,0.0
TXNDC5,0.43585324,0.0,0.0
TXNDC8,0.07938877,0.0,-1.0
TXNDC9,0.2053378,0.0,0.0
TXNIP,0.56776845,1.0,-1.0
TXNL1,0.115049645,0.0,0.0
TXNL4A,0.0866301,0.0,0.0
TXNL4B,0.22982258,0.0,0.0
TXNRD1,0.48140383,0.0,-1.0
TXNRD2,0.16187198,0.0,-1.0
TXNRD3,0.08074509,0.0,-1.0
TYK2,0.9074654,1.0,1.0
TYMP,0.5062733,1.0,-1.0
TYMS,0.59447145,1.0,-1.0
TYMSOS,0.052932393,0.0,0.0
TYR,0.64412814,1.0,-1.0
TYRO3,0.70429087,1.0,-1.0
TYROBP,0.21323635,0.0,-1.0
TYRP1,0.1398319,0.0,-1.0
TYSND1,0.09298318,0.0,-1.0
TYW1,0.17005366,0.0,0.0
TYW1B,0.07667556,0.0,-1.0
TYW3,0.17629257,0.0,0.0
TYW5,0.06405562,0.0,0.0
U2AF1,0.36741337,0.0,1.0
U2AF1L4,0.17959659,0.0,0.0
U2AF1L5,0.24256541,0.0,0.0
U2AF2,0.5601952,1.0,-1.0
U2SURP,0.41718665,0.0,-1.0
UACA,0.58178854,1.0,-1.0
UAP1,0.22278501,0.0,-1.0
UAP1L1,0.16700952,0.0,0.0
UBA1,0.6806194,1.0,0.0
UBA2,0.4798772,0.0,-1.0
UBA3,0.27740547,0.0,0.0
UBA5,0.18399644,0.0,0.0
UBA52,0.8200119,1.0,-1.0
UBA6,0.32801265,0.0,-1.0
UBA7,0.3690403,0.0,-1.0
UBAC1,0.11190072,0.0,-1.0
UBAC2,0.114685334,0.0,-1.0
UBALD1,0.14987569,0.0,0.0
UBALD2,0.21129957,0.0,0.0
UBAP1,0.25724888,0.0,0.0
UBAP2,0.29472792,0.0,0.0
UBAP2L,0.5043665,1.0,0.0
UBASH3A,0.4942431,0.0,0.0
UBASH3B,0.6128637,1.0,0.0
UBB,0.8677045,1.0,-1.0
UBC,0.25620168,0.0,-1.0
UBD,0.6608277,1.0,-1.0
UBE2A,0.33895797,0.0,-1.0
UBE2B,0.43239883,0.0,0.0
UBE2C,0.5015212,1.0,-1.0
UBE2D1,0.6065457,1.0,-1.0
UBE2D2,0.39619926,0.0,-1.0
UBE2D3,0.5369029,1.0,0.0
UBE2D4,0.2390283,0.0,0.0
UBE2DNL,0.039469846,0.0,0.0
UBE2E1,0.34193298,0.0,0.0
UBE2E2,0.3206333,0.0,0.0
UBE2E3,0.30195028,0.0,0.0
UBE2F,0.1449025,0.0,0.0
UBE2F-SCLY,0.17638093,0.0,0.0
UBE2G1,0.2484234,0.0,0.0
UBE2G2,0.20154276,0.0,0.0
UBE2H,0.33561665,0.0,0.0
UBE2I,0.8963303,1.0,-1.0
UBE2J1,0.3427917,0.0,0.0
UBE2J2,0.141141,0.0,-1.0
UBE2K,0.42684826,0.0,0.0
UBE2L1,0.015629161,0.0,0.0
UBE2L3,0.39050114,0.0,0.0
UBE2L6,0.4150638,0.0,0.0
UBE2M,0.25860384,0.0,0.0
UBE2N,0.4582642,0.0,0.0
UBE2NL,0.23138893,0.0,0.0
UBE2O,0.30722573,0.0,0.0
UBE2Q1,0.12370918,0.0,0.0
UBE2Q2,0.17938739,0.0,0.0
UBE2Q2L,0.036105268,0.0,0.0
UBE2QL1,0.23173912,0.0,0.0
UBE2R2,0.300194,0.0,0.0
UBE2S,0.45936948,0.0,0.0
UBE2T,0.46930847,0.0,-1.0
UBE2U,0.1937184,0.0,0.0
UBE2V1,0.3319076,0.0,0.0
UBE2V2,0.20914571,0.0,0.0
UBE2W,0.43811452,0.0,0.0
UBE2Z,0.20338722,0.0,0.0
UBE3A,0.6902426,1.0,-1.0
UBE3B,0.4544689,0.0,0.0
UBE3C,0.55755305,1.0,0.0
UBE3D,0.16131917,0.0,0.0
UBE4A,0.50292134,1.0,0.0
UBE4B,0.49817488,0.0,0.0
UBFD1,0.27291998,0.0,0.0
UBIAD1,0.14087848,0.0,-1.0
UBL3,0.30336174,0.0,-1.0
UBL4A,0.41434252,0.0,0.0
UBL4B,0.05701615,0.0,0.0
UBL5,0.026680317,0.0,0.0
UBL7,0.12844567,0.0,-1.0
UBLCP1,0.15778711,0.0,0.0
UBN1,0.41248664,0.0,0.0
UBN2,0.3604597,0.0,0.0
UBOX5,0.211754,0.0,0.0
UBP1,0.42958647,0.0,0.0
UBQLN1,0.55309683,1.0,0.0
UBQLN2,0.102922976,0.0,-1.0
UBQLN3,0.04113978,0.0,0.0
UBQLN4,0.5471649,1.0,0.0
UBQLNL,0.19458033,0.0,0.0
UBR1,0.4913398,0.0,-1.0
UBR2,0.6441291,1.0,-1.0
UBR3,0.34421128,0.0,-1.0
UBR4,0.5575866,1.0,0.0
UBR5,0.782462,1.0,1.0
UBR7,0.34223852,0.0,0.0
UBTD1,0.15843901,0.0,0.0
UBTD2,0.084507585,0.0,0.0
UBTF,0.66801363,1.0,0.0
UBXN1,0.25406525,0.0,0.0
UBXN10,0.08014753,0.0,0.0
UBXN11,0.17976296,0.0,0.0
UBXN2A,0.167021,0.0,0.0
UBXN2B,0.195007,0.0,0.0
UBXN4,0.33093485,0.0,0.0
UBXN6,0.14861774,0.0,0.0
UBXN7,0.51236784,1.0,-1.0
UBXN8,0.169891,0.0,0.0
UCHL1,0.71754867,1.0,-1.0
UCHL3,0.11316334,0.0,0.0
UCHL5,0.4068562,0.0,-1.0
UCK1,0.092865184,0.0,0.0
UCK2,0.28435832,0.0,0.0
UCKL1,0.2290917,0.0,0.0
UCMA,0.026579881,0.0,0.0
UCN,0.15699269,0.0,0.0
UCN2,0.0951462,0.0,0.0
UCN3,0.02504677,0.0,0.0
UCP1,0.27796993,0.0,0.0
UCP2,0.4464799,0.0,0.0
UCP3,0.15756015,0.0,-1.0
UEVLD,0.20427938,0.0,0.0
UFC1,0.03240344,0.0,0.0
UFD1,0.11390063,0.0,0.0
UFL1,0.34457004,0.0,0.0
UFM1,0.19609575,0.0,0.0
UFSP1,0.17059684,0.0,0.0
UFSP2,0.052177116,0.0,0.0
UGCG,0.60839236,1.0,0.0
UGDH,0.2762858,0.0,0.0
UGGT1,0.20306645,0.0,0.0
UGGT2,0.21226874,0.0,0.0
UGP2,0.24124515,0.0,0.0
UGT1A1,0.04959898,0.0,-1.0
UGT1A10,0.026750691,0.0,0.0
UGT1A3,0.032675605,0.0,0.0
UGT1A4,0.019733101,0.0,-1.0
UGT1A5,0.015509967,0.0,0.0
UGT1A6,0.067489654,0.0,0.0
UGT1A7,0.01742734,0.0,0.0
UGT1A8,0.02367845,0.0,0.0
UGT1A9,0.040043417,0.0,0.0
UGT2A1,0.021514509,0.0,-1.0
UGT2A2,0.08835053,0.0,-1.0
UGT2A3,0.04186863,0.0,-1.0
UGT2B10,0.06306491,0.0,-1.0
UGT2B11,0.045432486,0.0,0.0
UGT2B15,0.082834505,0.0,0.0
UGT2B17,0.044375982,0.0,0.0
UGT2B28,0.04547235,0.0,0.0
UGT2B4,0.04833109,0.0,0.0
UGT2B7,0.039857037,0.0,0.0
UGT3A1,0.009816258,0.0,0.0
UGT3A2,0.012100073,0.0,0.0
UGT8,0.07450371,0.0,0.0
UHMK1,0.6185801,1.0,-1.0
UHRF1,0.5679795,1.0,0.0
UHRF1BP1,0.31120557,0.0,0.0
UHRF1BP1L,0.28407496,0.0,0.0
UHRF2,0.6007279,1.0,-1.0
UIMC1,0.47475687,0.0,0.0
ULBP1,0.31879073,0.0,0.0
ULBP2,0.32926726,0.0,0.0
ULBP3,0.12688902,0.0,0.0
ULK1,0.50863165,1.0,-1.0
ULK2,0.45734867,0.0,-1.0
ULK3,0.23833713,0.0,0.0
ULK4,0.6225541,1.0,0.0
UMAD1,0.2625691,0.0,0.0
UMOD,0.10846623,0.0,-1.0
UMODL1,0.042476576,0.0,0.0
UMPS,0.3667232,0.0,-1.0
UNC119,0.36704636,0.0,-1.0
UNC119B,0.24653618,0.0,0.0
UNC13A,0.25086492,0.0,0.0
UNC13B,0.434747,0.0,0.0
UNC13C,0.09138583,0.0,-1.0
UNC13D,0.087455474,0.0,-1.0
UNC45A,0.36803728,0.0,0.0
UNC45B,0.021957017,0.0,0.0
UNC50,0.057816666,0.0,0.0
UNC5A,0.20206133,0.0,0.0
UNC5B,0.62665415,1.0,0.0
UNC5C,0.5243323,1.0,-1.0
UNC5CL,0.18278472,0.0,0.0
UNC5D,0.34606004,0.0,-1.0
UNC79,0.16841806,0.0,-1.0
UNC80,0.13083765,0.0,-1.0
UNC93A,0.07492339,0.0,0.0
UNC93B1,0.1101057,0.0,-1.0
UNCX,0.34732196,0.0,-1.0
UNG,0.5563214,1.0,-1.0
UNK,0.38749483,0.0,0.0
UNKL,0.14640988,0.0,0.0
UPB1,0.104804724,0.0,0.0
UPF1,0.56882894,1.0,-1.0
UPF2,0.5834667,1.0,0.0
UPF3A,0.30172798,0.0,0.0
UPF3B,0.34199715,0.0,-1.0
UPK1A,0.16642796,0.0,0.0
UPK1B,0.10015391,0.0,0.0
UPK2,0.2310641,0.0,0.0
UPK3A,0.21877278,0.0,-1.0
UPK3B,0.0035712149,0.0,0.0
UPK3BL1,0.07352364,0.0,0.0
UPK3BL2,0.04837592,0.0,0.0
UPP1,0.46359012,0.0,0.0
UPP2,0.089227654,0.0,0.0
UPRT,0.238363,0.0,0.0
UQCC1,0.12382213,0.0,0.0
UQCC2,0.052455533,0.0,0.0
UQCC3,0.10720217,0.0,0.0
UQCR10,0.019887507,0.0,0.0
UQCR11,0.024533655,0.0,0.0
UQCRB,0.045734715,0.0,0.0
UQCRC1,0.073527835,0.0,0.0
UQCRC2,0.14733002,0.0,-1.0
UQCRFS1,0.04300019,0.0,0.0
UQCRH,0.041968614,0.0,0.0
UQCRQ,0.020684106,0.0,0.0
URB1,0.15911661,0.0,-1.0
URB1-AS1,0.028400168,0.0,0.0
URB2,0.26184,0.0,-1.0
URGCP,0.1729874,0.0,0.0
URI1,0.32445568,0.0,0.0
URM1,0.09423294,0.0,0.0
UROC1,0.07199692,0.0,0.0
UROD,0.115816206,0.0,-1.0
UROS,0.054289468,0.0,-1.0
USB1,0.17946294,0.0,-1.0
USE1,0.09322773,0.0,0.0
USF1,0.7229588,1.0,-1.0
USF2,0.5688519,1.0,0.0
USF3,0.24336633,0.0,0.0
USH1C,0.29117095,0.0,-1.0
USH1G,0.066758,0.0,-1.0
USH2A,0.28825375,0.0,-1.0
USHBP1,0.2563984,0.0,0.0
USO1,0.36027902,0.0,0.0
USP1,0.6159501,1.0,-1.0
USP10,0.5424011,1.0,-1.0
USP11,0.52233905,1.0,0.0
USP12,0.36745992,0.0,0.0
USP12P1,0.009847397,0.0,0.0
USP13,0.0745666,0.0,-1.0
USP14,0.3421531,0.0,0.0
USP15,0.6455605,1.0,-1.0
USP16,0.22268467,0.0,-1.0
USP17L1,0.044251233,0.0,0.0
USP17L10,0.098984726,0.0,0.0
USP17L11,0.098984726,0.0,0.0
USP17L12,0.098984726,0.0,0.0
USP17L15,0.098984726,0.0,0.0
USP17L17,0.098984726,0.0,0.0
USP17L18,0.098984726,0.0,0.0
USP17L19,0.098984726,0.0,0.0
USP17L2,0.09779009,0.0,0.0
USP17L20,0.098984726,0.0,0.0
USP17L21,0.098984726,0.0,0.0
USP17L22,0.098984726,0.0,0.0
USP17L23,0.11527993,0.0,0.0
USP17L24,0.09949909,0.0,0.0
USP17L25,0.07540032,0.0,0.0
USP17L26,0.09949909,0.0,0.0
USP17L27,0.09575504,0.0,0.0
USP17L28,0.09575504,0.0,0.0
USP17L29,0.07296962,0.0,0.0
USP17L30,0.09575504,0.0,0.0
USP17L5,0.1040521,0.0,0.0
USP17L7,0.02524611,0.0,0.0
USP17L9P,0.015787777,0.0,0.0
USP18,0.24475132,0.0,0.0
USP19,0.35119238,0.0,0.0
USP2,0.6000156,1.0,0.0
USP20,0.06782679,0.0,0.0
USP21,0.3282212,0.0,0.0
USP22,0.45399615,0.0,0.0
USP24,0.71236956,1.0,-1.0
USP25,0.50580764,1.0,-1.0
USP26,0.10651281,0.0,0.0
USP27X,0.1638163,0.0,0.0
USP28,0.23710963,0.0,-1.0
USP29,0.25179,0.0,-1.0
USP3,0.46117446,0.0,-1.0
USP30,0.1289374,0.0,0.0
USP31,0.1377228,0.0,-1.0
USP32,0.28709495,0.0,-1.0
USP32P2,0.014730848,0.0,0.0
USP33,0.5768781,1.0,0.0
USP34,0.74179786,1.0,0.0
USP35,0.13911629,0.0,0.0
USP36,0.2080856,0.0,0.0
USP37,0.4489755,0.0,0.0
USP38,0.16117178,0.0,-1.0
USP39,0.33629242,0.0,-1.0
USP4,0.3506992,0.0,-1.0
USP40,0.15456945,0.0,0.0
USP41,0.14124244,0.0,0.0
USP42,0.22400881,0.0,0.0
USP43,0.1805703,0.0,0.0
USP44,0.16608736,0.0,1.0
USP45,0.22634496,0.0,0.0
USP46,0.22056682,0.0,0.0
USP47,0.5526497,1.0,0.0
USP48,0.36459187,0.0,0.0
USP49,0.21397123,0.0,0.0
USP5,0.30025294,0.0,-1.0
USP50,0.17042813,0.0,0.0
USP51,0.24580179,0.0,-1.0
USP53,0.25658557,0.0,0.0
USP54,0.33282208,0.0,0.0
USP6,0.57312,1.0,1.0
USP6NL,0.53648746,1.0,0.0
USP7,0.8346465,1.0,-1.0
USP8,0.5950981,1.0,1.0
USP9X,0.80685794,1.0,-1.0
USP9Y,0.35188556,0.0,-1.0
USPL1,0.38845798,0.0,0.0
UST,0.26077315,0.0,0.0
UTF1,0.20048337,0.0,0.0
UTP11,0.09113722,0.0,0.0
UTP14A,0.20524849,0.0,0.0
UTP14C,0.16812342,0.0,0.0
UTP15,0.1318976,0.0,0.0
UTP18,0.2553604,0.0,0.0
UTP20,0.3290763,0.0,-1.0
UTP23,0.15119965,0.0,0.0
UTP25,0.21057053,0.0,0.0
UTP3,0.1684538,0.0,-1.0
UTP4,0.21689102,0.0,0.0
UTP6,0.1843804,0.0,0.0
UTRN,0.9050157,1.0,0.0
UTS2,0.19127691,0.0,-1.0
UTS2B,0.15272184,0.0,0.0
UTS2R,0.14097765,0.0,0.0
UTY,0.508747,1.0,0.0
UVRAG,0.55039454,1.0,-1.0
UVSSA,0.27603582,0.0,0.0
UXS1,0.06328395,0.0,0.0
UXT,0.059602242,0.0,0.0
VAC14,0.047221743,0.0,-1.0
VAMP1,0.27166843,0.0,0.0
VAMP2,0.7833032,1.0,0.0
VAMP3,0.4203836,0.0,0.0
VAMP4,0.36709028,0.0,-1.0
VAMP5,0.30547184,0.0,0.0
VAMP7,0.3014141,0.0,0.0
VAMP8,0.39155275,0.0,-1.0
VANGL1,0.4167172,0.0,-1.0
VANGL2,0.3674432,0.0,0.0
VAPA,0.39433467,0.0,0.0
VAPB,0.2998208,0.0,-1.0
VARS1,0.44366372,0.0,0.0
VARS2,0.14781953,0.0,-1.0
VASH1,0.100800864,0.0,0.0
VASH2,0.21346998,0.0,0.0
VASN,0.031445198,0.0,0.0
VASP,0.83998984,1.0,0.0
VAT1,0.39402258,0.0,0.0
VAT1L,0.0835708,0.0,0.0
VAV1,0.91066456,1.0,1.0
VAV2,0.8512651,1.0,1.0
VAV3,0.70773685,1.0,-1.0
VAX1,0.24290678,0.0,0.0
VAX2,0.19997635,0.0,0.0
VBP1,0.38288614,0.0,0.0
VCAM1,0.9645852,1.0,0.0
VCAN,0.84008276,1.0,-1.0
VCL,0.93327785,1.0,-1.0
VCP,0.7548685,1.0,-1.0
VCPIP1,0.31244987,0.0,-1.0
VCPKMT,0.27658933,0.0,0.0
VCX,0.13833134,0.0,0.0
VCX2,0.13763596,0.0,0.0
VCX3A,0.13688397,0.0,0.0
VCX3B,0.058831964,0.0,-1.0
VCY,0.1175761,0.0,0.0
VCY1B,0.010619946,0.0,0.0
VDAC1,0.49048817,0.0,-1.0
VDAC2,0.21593724,0.0,0.0
VDAC3,0.21975815,0.0,0.0
VDR,0.86393327,1.0,-1.0
VEGFA,0.96905625,1.0,1.0
VEGFB,0.6403541,1.0,-1.0
VEGFC,0.72290975,1.0,-1.0
VEGFD,0.6332836,1.0,-1.0
VENTX,0.081072055,0.0,0.0
VEPH1,0.106609635,0.0,-1.0
VEZF1,0.67043054,1.0,-1.0
VEZT,0.19842146,0.0,0.0
VGF,0.40663034,0.0,-1.0
VGLL1,0.26003918,0.0,0.0
VGLL2,0.0055850316,0.0,0.0
VGLL3,0.02402312,0.0,0.0
VGLL4,0.3859805,0.0,0.0
VHL,0.6269432,1.0,1.0
VHLL,0.12550227,0.0,0.0
VIL1,0.21166778,0.0,0.0
VILL,0.062223576,0.0,-1.0
VIM,0.97597575,1.0,-1.0
VIP,0.40808007,0.0,-1.0
VIPAS39,0.15376976,0.0,-1.0
VIPR1,0.21001692,0.0,0.0
VIPR2,0.21632068,0.0,0.0
VIRMA,0.27302364,0.0,-1.0
VIT,0.0872172,0.0,-1.0
VKORC1,0.10880048,0.0,0.0
VKORC1L1,0.09828388,0.0,0.0
VLDLR,0.41892564,0.0,0.0
VMA21,0.14417298,0.0,-1.0
VMAC,0.11108204,0.0,0.0
VMO1,0.0026719854,0.0,0.0
VMP1,0.62756455,1.0,-1.0
VN1R1,0.16243668,0.0,0.0
VN1R2,0.05003487,0.0,-1.0
VN1R4,0.00052852574,0.0,-1.0
VN1R5,0.08787547,0.0,0.0
VNN1,0.18044591,0.0,0.0
VNN2,0.36832595,0.0,0.0
VNN3P,0.04946738,0.0,0.0
VOPP1,0.17342308,0.0,0.0
VPREB1,0.11661534,0.0,0.0
VPREB3,0.156996,0.0,0.0
VPS11,0.19194847,0.0,0.0
VPS13A,0.66517353,1.0,-1.0
VPS13B,0.6665252,1.0,-1.0
VPS13C,0.6154863,1.0,0.0
VPS13D,0.39326844,0.0,0.0
VPS16,0.18709272,0.0,0.0
VPS18,0.2171146,0.0,0.0
VPS25,0.072114594,0.0,0.0
VPS26A,0.23626766,0.0,0.0
VPS26B,0.2297822,0.0,0.0
VPS26C,0.16471356,0.0,0.0
VPS28,0.11941179,0.0,0.0
VPS29,0.15397938,0.0,0.0
VPS33A,0.24634846,0.0,0.0
VPS33B,0.17921309,0.0,0.0
VPS35,0.45503268,0.0,-1.0
VPS35L,0.1284205,0.0,0.0
VPS36,0.18626748,0.0,0.0
VPS37A,0.14065126,0.0,0.0
VPS37B,0.25381875,0.0,0.0
VPS37C,0.16945903,0.0,0.0
VPS37D,0.12707382,0.0,0.0
VPS39,0.40386066,0.0,0.0
VPS41,0.37711278,0.0,0.0
VPS45,0.22009812,0.0,-1.0
VPS4A,0.1626031,0.0,0.0
VPS4B,0.42175204,0.0,0.0
VPS50,0.27428797,0.0,0.0
VPS51,0.09264897,0.0,-1.0
VPS52,0.2581589,0.0,0.0
VPS53,0.25738567,0.0,-1.0
VPS54,0.24462365,0.0,0.0
VPS72,0.28696987,0.0,0.0
VPS8,0.20957911,0.0,0.0
VPS9D1,0.2798571,0.0,0.0
VRK1,0.5773783,1.0,-1.0
VRK2,0.60243493,1.0,-1.0
VRK3,0.5010282,1.0,0.0
VRTN,0.18834122,0.0,0.0
VSIG1,0.08870783,0.0,0.0
VSIG10,0.16537726,0.0,0.0
VSIG10L,0.026197042,0.0,0.0
VSIG2,0.04123964,0.0,0.0
VSIG4,0.39371273,0.0,0.0
VSIG8,0.13809952,0.0,0.0
VSIR,0.19161566,0.0,0.0
VSNL1,0.4593014,0.0,0.0
VSTM1,0.00011673933,0.0,0.0
VSTM2A,0.025603041,0.0,0.0
VSTM2L,0.053593617,0.0,-1.0
VSTM4,0.28114912,0.0,0.0
VSX1,0.45255926,0.0,-1.0
VSX2,0.33750153,0.0,-1.0
VTA1,0.15791914,0.0,0.0
VTCN1,0.13438159,0.0,-1.0
VTI1A,0.15827015,0.0,-1.0
VTI1B,0.06654783,0.0,0.0
VTN,0.70576704,1.0,-1.0
VWA1,0.13852732,0.0,0.0
VWA2,0.13727944,0.0,0.0
VWA3A,0.21201813,0.0,0.0
VWA3B,0.06349472,0.0,0.0
VWA5A,0.28864542,0.0,0.0
VWA5B1,2.3303419e-05,0.0,0.0
VWA5B2,0.07434952,0.0,0.0
VWA7,0.21193367,0.0,-1.0
VWA8,0.17910662,0.0,0.0
VWC2,0.0029820295,0.0,0.0
VWC2L,0.0015510862,0.0,0.0
VWCE,0.03535024,0.0,0.0
VWDE,0.0010272558,0.0,0.0
VWF,0.74025095,1.0,-1.0
VXN,0.11147066,0.0,-1.0
WAC,0.581155,1.0,-1.0
WAPL,0.6464317,1.0,-1.0
WARS1,0.50839645,1.0,0.0
WARS2,0.12084158,0.0,0.0
WAS,0.81171244,1.0,1.0
WASF1,0.83763987,1.0,-1.0
WASF2,0.43329632,0.0,-1.0
WASF3,0.5971712,1.0,-1.0
WASH2P,0.01873218,0.0,0.0
WASH3P,0.09354786,0.0,0.0
WASH6P,0.070849285,0.0,0.0
WASHC1,0.22908212,0.0,0.0
WASHC2A,0.23857786,0.0,0.0
WASHC2C,0.21622075,0.0,0.0
WASHC3,0.044710986,0.0,0.0
WASHC4,0.66115147,1.0,0.0
WASHC5,0.21824995,0.0,-1.0
WASL,0.8645632,1.0,0.0
WBP1,0.12403963,0.0,0.0
WBP11,0.29140407,0.0,-1.0
WBP1L,0.15386683,0.0,0.0
WBP2,0.35513195,0.0,0.0
WBP2NL,0.1243584,0.0,0.0
WBP4,0.29209465,0.0,-1.0
WDCP,0.31467038,0.0,1.0
WDFY1,0.17728437,0.0,0.0
WDFY2,0.23189768,0.0,0.0
WDFY3,0.76742864,1.0,-1.0
WDFY4,0.21365742,0.0,0.0
WDHD1,0.6322121,1.0,0.0
WDPCP,0.16518025,0.0,-1.0
WDR1,0.5426024,1.0,0.0
WDR11,0.4789702,0.0,-1.0
WDR12,0.14525379,0.0,-1.0
WDR13,0.14945644,0.0,0.0
WDR17,0.092598476,0.0,0.0
WDR18,0.15446632,0.0,0.0
WDR19,0.10591952,0.0,0.0
WDR20,0.41040272,0.0,0.0
WDR24,0.17684618,0.0,-1.0
WDR25,0.095092356,0.0,0.0
WDR26,0.47149062,0.0,0.0
WDR27,0.13821924,0.0,0.0
WDR3,0.19898988,0.0,0.0
WDR31,0.148875,0.0,0.0
WDR33,0.34267288,0.0,0.0
WDR35,0.20871378,0.0,-1.0
WDR36,0.23594259,0.0,-1.0
WDR37,0.3610306,0.0,0.0
WDR38,0.02667129,0.0,0.0
WDR4,0.18770798,0.0,0.0
WDR41,0.124770895,0.0,0.0
WDR43,0.18857075,0.0,0.0
WDR44,0.4150261,0.0,0.0
WDR45,0.1323882,0.0,-1.0
WDR45B,0.29126912,0.0,0.0
WDR46,0.15657392,0.0,0.0
WDR47,0.3334736,0.0,0.0
WDR48,0.41564497,0.0,-1.0
WDR49,0.100803785,0.0,0.0
WDR5,0.80625236,1.0,0.0
WDR53,0.11801231,0.0,0.0
WDR54,0.15978415,0.0,0.0
WDR55,0.11827598,0.0,0.0
WDR59,0.32931626,0.0,0.0
WDR5B,0.38015917,0.0,0.0
WDR6,0.28912938,0.0,0.0
WDR61,0.081686184,0.0,0.0
WDR62,0.5053766,1.0,-1.0
WDR64,0.09535803,0.0,-1.0
WDR7,0.35705283,0.0,-1.0
WDR70,0.20539418,0.0,0.0
WDR72,0.01913708,0.0,0.0
WDR73,0.27337998,0.0,0.0
WDR74,0.10232039,0.0,-1.0
WDR75,0.18483178,0.0,-1.0
WDR76,0.60119957,1.0,0.0
WDR77,0.33106324,0.0,-1.0
WDR81,0.18664417,0.0,0.0
WDR82,0.4244856,0.0,-1.0
WDR82P1,0.23127817,0.0,0.0
WDR83,0.3003893,0.0,0.0
WDR83OS,0.025602747,0.0,0.0
WDR86,0.1248952,0.0,-1.0
WDR87,0.05209817,0.0,0.0
WDR88,0.15402202,0.0,0.0
WDR89,0.14898458,0.0,0.0
WDR90,0.20572694,0.0,-1.0
WDR91,0.18374814,0.0,0.0
WDR93,0.05315441,0.0,-1.0
WDR97,0.12386091,0.0,0.0
WDSUB1,0.15517788,0.0,0.0
WDTC1,0.7467933,1.0,-1.0
WEE1,0.9041865,1.0,-1.0
WEE2,0.6385212,1.0,0.0
WFDC1,0.050993547,0.0,-1.0
WFDC10A,3.4127872e-08,0.0,0.0
WFDC10B,0.0034344508,0.0,0.0
WFDC11,0.04654349,0.0,0.0
WFDC12,0.0080123665,0.0,0.0
WFDC13,0.00016284928,0.0,0.0
WFDC2,0.092071444,0.0,0.0
WFDC3,0.00049230526,0.0,0.0
WFDC5,0.03994024,0.0,0.0
WFDC6,0.021926872,0.0,0.0
WFDC8,0.07104519,0.0,0.0
WFDC9,1.3227238e-06,0.0,0.0
WFIKKN1,0.030530332,0.0,0.0
WFIKKN2,0.015658481,0.0,0.0
WFS1,0.24858718,0.0,-1.0
WHAMM,0.2022028,0.0,0.0
WHRN,0.20194346,0.0,-1.0
WIF1,0.19581161,0.0,1.0
WIPF1,0.78939337,1.0,0.0
WIPF2,0.53053576,1.0,-1.0
WIPF3,0.20439345,0.0,0.0
WIPI1,0.20679808,0.0,0.0
WIPI2,0.16387752,0.0,0.0
WIZ,0.7092895,1.0,0.0
WLS,0.43754917,0.0,-1.0
WNK1,0.73334146,1.0,-1.0
WNK2,0.23547417,0.0,1.0
WNK3,0.16145083,0.0,0.0
WNK4,0.17540538,0.0,-1.0
WNT1,0.7692616,1.0,-1.0
WNT10A,0.34676978,0.0,-1.0
WNT10B,0.57129776,1.0,-1.0
WNT11,0.6103945,1.0,-1.0
WNT16,0.47195873,0.0,-1.0
WNT2,0.69380224,1.0,-1.0
WNT2B,0.5985129,1.0,-1.0
WNT3,0.49429518,0.0,-1.0
WNT3A,0.60479414,1.0,-1.0
WNT4,0.7302963,1.0,-1.0
WNT5A,0.92920876,1.0,-1.0
WNT5B,0.4515718,0.0,-1.0
WNT6,0.5586168,1.0,-1.0
WNT7A,0.5702306,1.0,-1.0
WNT7B,0.49763548,0.0,-1.0
WNT8A,0.3516156,0.0,-1.0
WNT8B,0.49863353,0.0,-1.0
WNT9A,0.3782443,0.0,-1.0
WNT9B,0.36502704,0.0,-1.0
WRAP53,0.25831842,0.0,-1.0
WRAP73,0.12513632,0.0,-1.0
WRN,0.6725649,1.0,1.0
WRNIP1,0.5481993,1.0,0.0
WSB1,0.4067237,0.0,0.0
WSB2,0.22064622,0.0,0.0
WSCD1,0.18335721,0.0,-1.0
WSCD2,0.22877508,0.0,-1.0
WT1,0.8430324,1.0,1.0
WT1-AS,0.094262585,0.0,0.0
WTAP,0.29077536,0.0,0.0
WTIP,0.1780577,0.0,-1.0
WWC1,0.43103266,0.0,-1.0
WWC2,0.2622332,0.0,0.0
WWC3,0.20271601,0.0,0.0
WWOX,0.7311588,1.0,-1.0
WWP1,0.7609457,1.0,1.0
WWP2,0.71750367,1.0,0.0
WWTR1,0.8034113,1.0,1.0
XAB2,0.34938982,0.0,0.0
XAF1,0.30437282,0.0,-1.0
XAGE1B,0.030413076,0.0,0.0
XAGE2,0.15250804,0.0,0.0
XAGE3,0.13883445,0.0,0.0
XBP1,0.59450835,1.0,1.0
XCL1,0.34595826,0.0,0.0
XCL2,0.2513219,0.0,-1.0
XCR1,0.21148333,0.0,0.0
XDH,0.55402,1.0,-1.0
XG,0.019843152,0.0,0.0
XIAP,0.75812924,1.0,1.0
XIRP1,0.08971221,0.0,-1.0
XIRP2,0.108490735,0.0,-1.0
XIST,0.7130226,1.0,0.0
XK,0.21131593,0.0,-1.0
XKR3,3.426064e-06,0.0,0.0
XKR4,0.08707722,0.0,0.0
XKR6,0.21025802,0.0,0.0
XKR8,0.081685215,0.0,0.0
XKR9,4.5567313e-06,0.0,0.0
XKRX,0.0011183369,0.0,0.0
XKRY,0.013957253,0.0,0.0
XKRY2,0.013957253,0.0,0.0
XPA,0.42944735,0.0,1.0
XPC,0.52135557,1.0,1.0
XPNPEP1,0.27824256,0.0,0.0
XPNPEP2,0.10861859,0.0,-1.0
XPNPEP3,0.3508864,0.0,0.0
XPO1,0.8846419,1.0,1.0
XPO4,0.3100006,0.0,-1.0
XPO5,0.6095672,1.0,0.0
XPO6,0.5401154,1.0,0.0
XPO7,0.42573273,0.0,0.0
XPOT,0.41973147,0.0,0.0
XPR1,0.31770507,0.0,0.0
XRCC1,0.5999496,1.0,0.0
XRCC2,0.5021606,1.0,1.0
XRCC3,0.5705843,1.0,-1.0
XRCC4,0.45910087,0.0,0.0
XRCC5,0.70029145,1.0,-1.0
XRCC6,0.8636681,1.0,-1.0
XRN1,0.6590607,1.0,-1.0
XRN2,0.38488168,0.0,0.0
XRRA1,0.08979953,0.0,0.0
XXYLT1,0.21523333,0.0,-1.0
XYLB,0.19169801,0.0,0.0
XYLT1,0.12573463,0.0,0.0
XYLT2,0.13165866,0.0,0.0
YAE1,0.12725227,0.0,-1.0
YAF2,0.45138738,0.0,0.0
YAP1,0.8953713,1.0,1.0
YARS1,0.34018525,0.0,-1.0
YARS2,0.17463827,0.0,0.0
YBEY,0.096917816,0.0,0.0
YBX1,0.58556396,1.0,-1.0
YBX2,0.11402368,0.0,0.0
YBX3,0.5788107,1.0,-1.0
YDJC,0.15033385,0.0,0.0
YEATS2,0.4886376,0.0,0.0
YEATS4,0.55809695,1.0,-1.0
YES1,0.93604094,1.0,1.0
YIF1A,0.033929467,0.0,0.0
YIF1B,0.10222545,0.0,0.0
YIPF1,0.07377725,0.0,0.0
YIPF2,0.109336436,0.0,0.0
YIPF3,0.038981162,0.0,0.0
YIPF4,0.1333176,0.0,0.0
YIPF5,0.12792028,0.0,0.0
YIPF6,0.13288589,0.0,0.0
YIPF7,0.07252307,0.0,0.0
YJEFN3,0.044412766,0.0,0.0
YJU2,0.14219347,0.0,0.0
YJU2B,0.18325545,0.0,0.0
YKT6,0.19887099,0.0,0.0
YLPM1,0.545961,1.0,0.0
YME1L1,0.31730992,0.0,0.0
YOD1,0.16446355,0.0,0.0
YPEL1,0.12978885,0.0,0.0
YPEL2,0.12388585,0.0,0.0
YPEL3,0.1320238,0.0,-1.0
YPEL4,0.124954164,0.0,0.0
YPEL5,0.25906977,0.0,-1.0
YRDC,0.168663,0.0,0.0
YTHDC1,0.4078241,0.0,0.0
YTHDC2,0.6217194,1.0,0.0
YTHDF1,0.25534463,0.0,0.0
YTHDF2,0.3400406,0.0,-1.0
YTHDF3,0.36861578,0.0,0.0
YWHAB,0.91100365,1.0,0.0
YWHAE,0.921524,1.0,1.0
YWHAG,0.87895525,1.0,0.0
YWHAH,0.93454987,1.0,0.0
YWHAH-AS1,0.2654877,0.0,0.0
YWHAQ,0.8522682,1.0,0.0
YWHAZ,0.9339871,1.0,0.0
YY1,0.859677,1.0,1.0
YY1AP1,0.24747223,0.0,-1.0
YY2,0.40119618,0.0,0.0
ZACN,0.039522465,0.0,0.0
ZADH2,0.13284847,0.0,0.0
ZAN,0.41809955,0.0,-1.0
ZAP70,0.8986388,1.0,-1.0
ZAR1,0.10142521,0.0,0.0
ZBBX,0.11289643,0.0,0.0
ZBED1,0.3528317,0.0,0.0
ZBED10P,0.0057698535,0.0,0.0
ZBED2,0.19120818,0.0,0.0
ZBED3,0.18661101,0.0,0.0
ZBED4,0.33670288,0.0,0.0
ZBED5,0.18684494,0.0,0.0
ZBED6,0.1585963,0.0,0.0
ZBED8,0.18156582,0.0,0.0
ZBED9,0.11394906,0.0,0.0
ZBP1,0.32145166,0.0,0.0
ZBTB1,0.39480877,0.0,0.0
ZBTB10,0.62766856,1.0,0.0
ZBTB11,0.5371458,1.0,0.0
ZBTB12,0.17670368,0.0,0.0
ZBTB14,0.5909903,1.0,0.0
ZBTB16,0.7353102,1.0,1.0
ZBTB17,0.73998183,1.0,-1.0
ZBTB18,0.81150985,1.0,0.0
ZBTB2,0.5305021,1.0,0.0
ZBTB20,0.8839622,1.0,1.0
ZBTB21,0.45539016,0.0,0.0
ZBTB22,0.39712104,0.0,0.0
ZBTB24,0.36699504,0.0,0.0
ZBTB25,0.12831135,0.0,0.0
ZBTB26,0.2283636,0.0,0.0
ZBTB3,0.34052125,0.0,0.0
ZBTB32,0.39268002,0.0,0.0
ZBTB33,0.7265963,1.0,-1.0
ZBTB34,0.4097207,0.0,0.0
ZBTB37,0.37949374,0.0,0.0
ZBTB38,0.4127807,0.0,0.0
ZBTB39,0.41456056,0.0,0.0
ZBTB4,0.58876544,1.0,0.0
ZBTB40,0.46087345,0.0,-1.0
ZBTB41,0.2851896,0.0,0.0
ZBTB42,0.120080866,0.0,0.0
ZBTB43,0.5514831,1.0,0.0
ZBTB44,0.5208079,1.0,0.0
ZBTB45,0.24150982,0.0,0.0
ZBTB46,0.13703912,0.0,0.0
ZBTB47,0.19175893,0.0,0.0
ZBTB48,0.21522339,0.0,-1.0
ZBTB49,0.20178607,0.0,0.0
ZBTB5,0.48551926,0.0,-1.0
ZBTB6,0.46431682,0.0,0.0
ZBTB7A,0.78537816,1.0,-1.0
ZBTB7B,0.57482266,1.0,-1.0
ZBTB7C,0.111967914,0.0,0.0
ZBTB8A,0.38545236,0.0,0.0
ZBTB8B,0.12023304,0.0,0.0
ZBTB8OS,0.057617694,0.0,0.0
ZBTB9,0.39728203,0.0,0.0
ZC2HC1A,0.40546337,0.0,0.0
ZC2HC1B,0.054576173,0.0,0.0
ZC2HC1C,0.11756071,0.0,0.0
ZC3H10,0.20755114,0.0,0.0
ZC3H11A,0.52225643,1.0,-1.0
ZC3H12A,0.052146737,0.0,-1.0
ZC3H12B,0.31261623,0.0,0.0
ZC3H12C,0.07865233,0.0,0.0
ZC3H12D,3.2501805e-12,0.0,0.0
ZC3H13,0.50190973,1.0,-1.0
ZC3H14,0.27959836,0.0,0.0
ZC3H15,0.20534022,0.0,0.0
ZC3H18,0.27593914,0.0,-1.0
ZC3H3,0.21464531,0.0,0.0
ZC3H4,0.4319205,0.0,-1.0
ZC3H6,0.19279514,0.0,0.0
ZC3H7A,0.34267744,0.0,0.0
ZC3H7B,0.3186039,0.0,0.0
ZC3H8,0.15321408,0.0,-1.0
ZC3HAV1,0.46856847,0.0,0.0
ZC3HAV1L,0.18417503,0.0,0.0
ZC3HC1,0.21283919,0.0,-1.0
ZC4H2,0.1436796,0.0,-1.0
ZCCHC10,0.19129911,0.0,0.0
ZCCHC12,0.18310255,0.0,-1.0
ZCCHC13,0.1425619,0.0,0.0
ZCCHC14,0.35981023,0.0,0.0
ZCCHC17,0.17271245,0.0,0.0
ZCCHC2,0.27241015,0.0,-1.0
ZCCHC24,0.62505716,1.0,-1.0
ZCCHC3,0.19313459,0.0,0.0
ZCCHC4,0.15301071,0.0,0.0
ZCCHC7,0.18143304,0.0,0.0
ZCCHC8,0.4444725,0.0,-1.0
ZCCHC9,0.115489356,0.0,0.0
ZCRB1,0.1426121,0.0,-1.0
ZCWPW1,0.16870861,0.0,0.0
ZCWPW2,0.21573372,0.0,-1.0
ZDBF2,0.21192029,0.0,-1.0
ZDHHC1,0.026127443,0.0,0.0
ZDHHC11,0.027370326,0.0,0.0
ZDHHC11B,0.018386982,0.0,0.0
ZDHHC12,0.089501105,0.0,0.0
ZDHHC13,0.46371582,0.0,0.0
ZDHHC14,0.04098634,0.0,-1.0
ZDHHC15,0.09960276,0.0,-1.0
ZDHHC16,0.10339883,0.0,0.0
ZDHHC17,0.796085,1.0,0.0
ZDHHC18,0.074618265,0.0,-1.0
ZDHHC19,0.028359188,0.0,0.0
ZDHHC2,0.039477848,0.0,-1.0
ZDHHC20,0.07059746,0.0,0.0
ZDHHC21,0.06391318,0.0,0.0
ZDHHC22,0.026824258,0.0,0.0
ZDHHC23,0.04895155,0.0,0.0
ZDHHC24,0.056747712,0.0,0.0
ZDHHC3,0.14243034,0.0,-1.0
ZDHHC4,0.026786217,0.0,-1.0
ZDHHC5,0.16418605,0.0,0.0
ZDHHC6,0.13695224,0.0,0.0
ZDHHC7,0.19355342,0.0,-1.0
ZDHHC8,0.032640293,0.0,0.0
ZDHHC9,0.061484102,0.0,-1.0
ZEB1,0.9491941,1.0,1.0
ZEB2,0.9105018,1.0,-1.0
ZER1,0.2465663,0.0,0.0
ZFAND1,0.0935339,0.0,0.0
ZFAND2A,0.18053724,0.0,0.0
ZFAND2B,0.16263297,0.0,0.0
ZFAND3,0.27732584,0.0,0.0
ZFAND4,0.14288871,0.0,0.0
ZFAND5,0.44868252,0.0,0.0
ZFAND6,0.21284376,0.0,0.0
ZFAT,0.26851755,0.0,0.0
ZFC3H1,0.566789,1.0,0.0
ZFHX2,0.23412569,0.0,0.0
ZFHX3,0.6457755,1.0,1.0
ZFHX4,0.5062871,1.0,-1.0
ZFP1,0.12680775,0.0,0.0
ZFP14,0.3558584,0.0,-1.0
ZFP2,0.29543728,0.0,0.0
ZFP28,0.06660912,0.0,0.0
ZFP3,0.21824284,0.0,0.0
ZFP30,0.19053386,0.0,0.0
ZFP36,0.7757949,1.0,-1.0
ZFP36L1,0.55663455,1.0,1.0
ZFP36L2,0.6082459,1.0,-1.0
ZFP37,0.113350436,0.0,0.0
ZFP41,0.1619077,0.0,0.0
ZFP42,0.21322967,0.0,0.0
ZFP57,0.10181517,0.0,-1.0
ZFP62,0.26643085,0.0,0.0
ZFP64,0.4772357,0.0,-1.0
ZFP69,0.070116974,0.0,0.0
ZFP69B,0.21489882,0.0,0.0
ZFP82,0.19775115,0.0,0.0
ZFP90,0.09295375,0.0,-1.0
ZFP91,0.47187695,0.0,-1.0
ZFP91-CNTF,0.074200965,0.0,0.0
ZFP92,0.00068013975,0.0,0.0
ZFPL1,0.13151436,0.0,0.0
ZFPM1,0.39542508,0.0,-1.0
ZFPM2,0.7928999,1.0,-1.0
ZFR,0.5249297,1.0,0.0
ZFR2,0.22422637,0.0,-1.0
ZFX,0.6724961,1.0,-1.0
ZFY,0.21656859,0.0,0.0
ZFYVE1,0.11038447,0.0,0.0
ZFYVE16,0.6151276,1.0,0.0
ZFYVE19,0.13556537,0.0,-1.0
ZFYVE21,0.08276025,0.0,0.0
ZFYVE26,0.3711736,0.0,-1.0
ZFYVE27,0.11901411,0.0,-1.0
ZFYVE28,0.17612104,0.0,0.0
ZFYVE9,0.41521126,0.0,0.0
ZG16,0.11166256,0.0,-1.0
ZG16B,0.058232114,0.0,0.0
ZGLP1,0.22750969,0.0,0.0
ZGPAT,0.15158762,0.0,0.0
ZGRF1,0.28231737,0.0,0.0
ZHX1,0.35779437,0.0,0.0
ZHX1-C8orf76,0.048219427,0.0,0.0
ZHX2,0.7900026,1.0,-1.0
ZHX3,0.17763236,0.0,0.0
ZIC1,0.4173596,0.0,-1.0
ZIC2,0.5578145,1.0,-1.0
ZIC3,0.6867786,1.0,-1.0
ZIC4,0.39542606,0.0,-1.0
ZIC5,0.33909425,0.0,-1.0
ZIK1,0.24366295,0.0,0.0
ZIM2,0.24276741,0.0,-1.0
ZIM3,0.05868983,0.0,0.0
ZKSCAN1,0.5404542,1.0,0.0
ZKSCAN2,0.258298,0.0,0.0
ZKSCAN3,0.5991762,1.0,-1.0
ZKSCAN4,0.31821787,0.0,0.0
ZKSCAN5,0.3996538,0.0,0.0
ZKSCAN7,0.42839858,0.0,0.0
ZKSCAN8,0.6067916,1.0,0.0
ZMAT1,0.17500982,0.0,0.0
ZMAT2,0.18754105,0.0,0.0
ZMAT3,0.2167734,0.0,-1.0
ZMAT4,0.17569706,0.0,0.0
ZMAT5,0.08732131,0.0,0.0
ZMIZ1,0.7286589,1.0,-1.0
ZMIZ2,0.46359536,0.0,0.0
ZMPSTE24,0.11574019,0.0,0.0
ZMYM1,0.31960398,0.0,0.0
ZMYM2,0.74858737,1.0,1.0
ZMYM3,0.5663923,1.0,1.0
ZMYM4,0.6595165,1.0,0.0
ZMYM5,0.21219121,0.0,0.0
ZMYM6,0.1404866,0.0,0.0
ZMYND10,0.2462645,0.0,-1.0
ZMYND11,0.45293015,0.0,0.0
ZMYND12,0.082764894,0.0,0.0
ZMYND15,0.042976186,0.0,0.0
ZMYND19,0.1787872,0.0,0.0
ZMYND8,0.5174019,1.0,-1.0
ZNF10,0.3237153,0.0,0.0
ZNF100,0.14392936,0.0,0.0
ZNF101,0.32368648,0.0,0.0
ZNF106,0.6988768,1.0,0.0
ZNF107,0.50835496,1.0,0.0
ZNF112,0.33225578,0.0,0.0
ZNF114,0.06360361,0.0,0.0
ZNF117,0.6805125,1.0,0.0
ZNF12,0.3407208,0.0,0.0
ZNF121,0.22247614,0.0,0.0
ZNF124,0.4764638,0.0,0.0
ZNF131,0.6594775,1.0,-1.0
ZNF132,0.109777376,0.0,0.0
ZNF133,0.12936142,0.0,-1.0
ZNF134,0.4559789,0.0,0.0
ZNF135,0.2732242,0.0,0.0
ZNF136,0.6059402,1.0,0.0
ZNF137P,0.025266653,0.0,0.0
ZNF138,0.1799403,0.0,0.0
ZNF14,0.21129975,0.0,0.0
ZNF140,0.27482358,0.0,0.0
ZNF141,0.27559772,0.0,0.0
ZNF142,0.2965231,0.0,0.0
ZNF143,0.64557916,1.0,-1.0
ZNF146,0.48231316,0.0,-1.0
ZNF148,0.82988507,1.0,0.0
ZNF154,0.16889562,0.0,0.0
ZNF155,0.09576518,0.0,0.0
ZNF157,0.31497386,0.0,0.0
ZNF16,0.31338486,0.0,0.0
ZNF160,0.43109524,0.0,0.0
ZNF165,0.28731468,0.0,-1.0
ZNF169,0.24310616,0.0,0.0
ZNF17,0.07258361,0.0,0.0
ZNF174,0.35648072,0.0,0.0
ZNF175,0.13931488,0.0,0.0
ZNF177,0.113124505,0.0,0.0
ZNF18,0.15572946,0.0,0.0
ZNF180,0.31736493,0.0,-1.0
ZNF181,0.30264607,0.0,-1.0
ZNF182,0.055295046,0.0,0.0
ZNF184,0.31779703,0.0,0.0
ZNF185,0.15827139,0.0,0.0
ZNF189,0.5295822,1.0,0.0
ZNF19,0.1502312,0.0,0.0
ZNF195,0.28633428,0.0,0.0
ZNF197,0.44995198,0.0,0.0
ZNF2,0.16017449,0.0,0.0
ZNF20,0.15691504,0.0,0.0
ZNF200,0.4240784,0.0,0.0
ZNF202,0.28756025,0.0,0.0
ZNF205,0.1707109,0.0,0.0
ZNF205-AS1,0.0803802,0.0,0.0
ZNF207,0.40555483,0.0,-1.0
ZNF208,0.16800696,0.0,-1.0
ZNF211,0.40268862,0.0,0.0
ZNF212,0.23562637,0.0,0.0
ZNF213,0.2154424,0.0,0.0
ZNF214,0.14822066,0.0,0.0
ZNF215,0.472251,0.0,-1.0
ZNF217,0.81480056,1.0,-1.0
ZNF219,0.405385,0.0,0.0
ZNF22,0.4771427,0.0,0.0
ZNF221,0.18510821,0.0,0.0
ZNF222,0.2925863,0.0,0.0
ZNF223,0.36296314,0.0,0.0
ZNF224,0.481905,0.0,0.0
ZNF225,0.17059636,0.0,0.0
ZNF226,0.11219557,0.0,-1.0
ZNF227,0.16781348,0.0,-1.0
ZNF229,0.05473202,0.0,0.0
ZNF23,0.18900101,0.0,0.0
ZNF230,0.17578967,0.0,0.0
ZNF232,0.6350597,1.0,0.0
ZNF233,0.05913311,0.0,0.0
ZNF234,0.094103634,0.0,0.0
ZNF235,0.101291455,0.0,0.0
ZNF236,0.5403549,1.0,0.0
ZNF239,0.27990568,0.0,-1.0
ZNF24,0.6918759,1.0,-1.0
ZNF248,0.37147513,0.0,0.0
ZNF25,0.14766492,0.0,0.0
ZNF250,0.18281771,0.0,0.0
ZNF251,0.0802035,0.0,0.0
ZNF253,0.41730654,0.0,-1.0
ZNF254,0.4253475,0.0,0.0
ZNF256,0.108233206,0.0,0.0
ZNF257,0.089034595,0.0,0.0
ZNF26,0.18869106,0.0,0.0
ZNF260,0.28722477,0.0,0.0
ZNF263,0.4865818,0.0,0.0
ZNF264,0.44375858,0.0,0.0
ZNF266,0.3989631,0.0,0.0
ZNF267,0.613667,1.0,0.0
ZNF268,0.21750979,0.0,0.0
ZNF273,0.41248912,0.0,0.0
ZNF274,0.5669293,1.0,0.0
ZNF275,2.5904162e-06,0.0,0.0
ZNF276,0.21192265,0.0,0.0
ZNF277,0.17208327,0.0,0.0
ZNF28,0.22688177,0.0,-1.0
ZNF280A,0.5585759,1.0,0.0
ZNF280B,0.28856826,0.0,0.0
ZNF280C,0.34503436,0.0,0.0
ZNF280D,0.54150283,1.0,0.0
ZNF281,0.63792515,1.0,-1.0
ZNF282,0.26722232,0.0,0.0
ZNF283,0.06453519,0.0,0.0
ZNF284,0.057736985,0.0,0.0
ZNF285,1.4464362e-05,0.0,0.0
ZNF286A,0.30450848,0.0,0.0
ZNF286B,0.23107187,0.0,0.0
ZNF287,0.3523299,0.0,0.0
ZNF292,0.87017083,1.0,-1.0
ZNF296,0.28007296,0.0,-1.0
ZNF3,0.3322639,0.0,0.0
ZNF30,0.0709308,0.0,0.0
ZNF300,0.44456673,0.0,0.0
ZNF302,0.4354656,0.0,0.0
ZNF304,0.31846794,0.0,0.0
ZNF311,0.05532139,0.0,0.0
ZNF316,0.13761407,0.0,0.0
ZNF317,0.16067521,0.0,0.0
ZNF318,0.48326105,0.0,-1.0
ZNF319,0.17606512,0.0,-1.0
ZNF32,0.17355038,0.0,0.0
ZNF320,0.14216378,0.0,-1.0
ZNF322,0.1625134,0.0,0.0
ZNF324,0.20115672,0.0,-1.0
ZNF324B,0.19008245,0.0,0.0
ZNF326,0.34448528,0.0,0.0
ZNF329,0.33426034,0.0,0.0
ZNF330,0.15148045,0.0,0.0
ZNF331,0.24037464,0.0,1.0
ZNF333,0.19616868,0.0,0.0
ZNF334,0.18919766,0.0,0.0
ZNF335,0.5833486,1.0,0.0
ZNF337,0.31191942,0.0,0.0
ZNF33A,0.13794841,0.0,-1.0
ZNF33B,0.15460353,0.0,0.0
ZNF34,0.1203056,0.0,0.0
ZNF341,0.28627053,0.0,0.0
ZNF343,0.2253401,0.0,0.0
ZNF345,0.48436335,0.0,0.0
ZNF346,0.20261557,0.0,0.0
ZNF347,0.1413527,0.0,0.0
ZNF35,0.29943523,0.0,-1.0
ZNF350,0.14349122,0.0,0.0
ZNF354A,0.19455051,0.0,0.0
ZNF354B,0.10753199,0.0,0.0
ZNF354C,0.06389926,0.0,0.0
ZNF358,0.15683217,0.0,0.0
ZNF362,0.48524463,0.0,-1.0
ZNF365,0.12172536,0.0,0.0
ZNF366,0.33754304,0.0,0.0
ZNF367,0.5467204,1.0,0.0
ZNF37A,0.114307486,0.0,0.0
ZNF382,0.06326284,0.0,0.0
ZNF383,0.08126595,0.0,0.0
ZNF384,0.5754184,1.0,1.0
ZNF385A,0.21999739,0.0,0.0
ZNF385B,0.017957225,0.0,0.0
ZNF385C,0.12904418,0.0,0.0
ZNF385D,0.116380356,0.0,0.0
ZNF391,0.16017587,0.0,0.0
ZNF394,0.33142766,0.0,0.0
ZNF395,0.23616882,0.0,0.0
ZNF396,0.2556441,0.0,0.0
ZNF397,0.5016117,1.0,0.0
ZNF398,0.26095593,0.0,0.0
ZNF404,0.053836357,0.0,0.0
ZNF407,0.3032459,0.0,0.0
ZNF408,0.33884847,0.0,0.0
ZNF41,0.4229973,0.0,-1.0
ZNF410,0.3555886,0.0,0.0
ZNF414,0.24202476,0.0,0.0
ZNF415,0.3150811,0.0,0.0
ZNF416,0.054252796,0.0,0.0
ZNF417,0.37473708,0.0,0.0
ZNF418,0.14244913,0.0,0.0
ZNF419,0.2993533,0.0,0.0
ZNF420,0.116254285,0.0,0.0
ZNF423,0.60555553,1.0,-1.0
ZNF425,0.060670067,0.0,0.0
ZNF426,0.1752729,0.0,0.0
ZNF428,0.16804746,0.0,0.0
ZNF429,0.08847263,0.0,1.0
ZNF43,0.5331235,1.0,0.0
ZNF430,0.3464718,0.0,0.0
ZNF431,0.077819176,0.0,0.0
ZNF432,0.21400575,0.0,0.0
ZNF433,0.054681372,0.0,0.0
ZNF436,0.1190233,0.0,0.0
ZNF438,0.22716196,0.0,0.0
ZNF439,0.09936248,0.0,0.0
ZNF44,0.24615248,0.0,0.0
ZNF440,0.053899832,0.0,0.0
ZNF441,0.22947231,0.0,0.0
ZNF442,0.09971554,0.0,-1.0
ZNF443,0.37744185,0.0,0.0
ZNF444,0.2642793,0.0,0.0
ZNF445,0.22708754,0.0,0.0
ZNF446,0.33908984,0.0,0.0
ZNF449,0.29847133,0.0,0.0
ZNF45,0.24673271,0.0,0.0
ZNF451,0.5496477,1.0,-1.0
ZNF454,0.057112228,0.0,0.0
ZNF460,0.2840022,0.0,0.0
ZNF461,0.103334345,0.0,0.0
ZNF462,0.4772163,0.0,-1.0
ZNF467,0.43659884,0.0,0.0
ZNF468,0.10775055,0.0,0.0
ZNF469,0.23879077,0.0,-1.0
ZNF470,0.06153979,0.0,0.0
ZNF471,0.08010143,0.0,-1.0
ZNF473,0.16560553,0.0,0.0
ZNF474,0.026274992,0.0,0.0
ZNF479,0.064221196,0.0,1.0
ZNF48,0.17963134,0.0,0.0
ZNF480,0.09475949,0.0,0.0
ZNF483,0.3480447,0.0,-1.0
ZNF484,0.10730416,0.0,0.0
ZNF485,0.30201823,0.0,0.0
ZNF486,0.38503838,0.0,0.0
ZNF488,0.14853138,0.0,0.0
ZNF490,0.13907169,0.0,0.0
ZNF491,0.1001387,0.0,0.0
ZNF492,0.09583517,0.0,0.0
ZNF493,0.37475088,0.0,0.0
ZNF496,0.40442055,0.0,0.0
ZNF497,0.10610225,0.0,-1.0
ZNF500,0.43019232,0.0,0.0
ZNF501,0.22123198,0.0,0.0
ZNF502,0.2972884,0.0,0.0
ZNF503,0.24413517,0.0,-1.0
ZNF506,0.12443347,0.0,0.0
ZNF507,0.675102,1.0,0.0
ZNF510,0.22458401,0.0,0.0
ZNF511,0.08359175,0.0,0.0
ZNF512,0.33285314,0.0,-1.0
ZNF512B,0.46694082,0.0,0.0
ZNF513,0.21881661,0.0,-1.0
ZNF514,0.09483808,0.0,0.0
ZNF516,0.59620047,1.0,0.0
ZNF517,0.068291314,0.0,0.0
ZNF518A,0.28498787,0.0,0.0
ZNF518B,0.29863173,0.0,0.0
ZNF519,0.13971871,0.0,0.0
ZNF521,0.5599354,1.0,1.0
ZNF524,0.25012532,0.0,0.0
ZNF525,0.0358352,0.0,0.0
ZNF526,0.14394696,0.0,0.0
ZNF527,0.050307576,0.0,0.0
ZNF528,0.21453658,0.0,0.0
ZNF529,0.2158954,0.0,0.0
ZNF530,0.05557132,0.0,0.0
ZNF532,0.6614376,1.0,0.0
ZNF534,0.04797549,0.0,0.0
ZNF536,0.54562545,1.0,-1.0
ZNF540,0.12044566,0.0,0.0
ZNF541,0.10804952,0.0,0.0
ZNF543,0.060886703,0.0,0.0
ZNF544,0.25660658,0.0,0.0
ZNF546,0.36801833,0.0,0.0
ZNF547,0.1448907,0.0,0.0
ZNF548,0.093537495,0.0,0.0
ZNF549,0.14647293,0.0,0.0
ZNF550,0.31150615,0.0,0.0
ZNF551,0.34080186,0.0,0.0
ZNF552,0.18485034,0.0,0.0
ZNF554,0.06430639,0.0,0.0
ZNF555,0.06811265,0.0,0.0
ZNF556,0.34511852,0.0,0.0
ZNF557,0.11687687,0.0,0.0
ZNF558,0.20207296,0.0,-1.0
ZNF559,0.33639696,0.0,0.0
ZNF559-ZNF177,0.1867007,0.0,0.0
ZNF560,0.059923116,0.0,0.0
ZNF561,0.15663867,0.0,0.0
ZNF562,0.15796085,0.0,0.0
ZNF563,0.07594693,0.0,0.0
ZNF564,0.13804191,0.0,0.0
ZNF565,0.111955486,0.0,0.0
ZNF566,0.27577013,0.0,0.0
ZNF567,0.101021156,0.0,0.0
ZNF568,0.09243886,0.0,0.0
ZNF569,0.16296522,0.0,-1.0
ZNF57,0.06569953,0.0,0.0
ZNF570,0.10949288,0.0,0.0
ZNF571,0.12966914,0.0,0.0
ZNF572,0.19330968,0.0,-1.0
ZNF573,0.46795022,0.0,0.0
ZNF574,0.2596669,0.0,0.0
ZNF575,0.058959447,0.0,0.0
ZNF576,0.2317603,0.0,0.0
ZNF577,0.29369056,0.0,0.0
ZNF578,0.062520035,0.0,-1.0
ZNF579,0.22307539,0.0,0.0
ZNF580,0.27938125,0.0,0.0
ZNF581,0.3222861,0.0,0.0
ZNF582,0.10309251,0.0,0.0
ZNF583,0.07389859,0.0,0.0
ZNF584,0.07900164,0.0,0.0
ZNF585A,0.13390802,0.0,0.0
ZNF585B,0.16949512,0.0,0.0
ZNF586,0.27107844,0.0,0.0
ZNF587,0.17022532,0.0,0.0
ZNF587B,0.02479544,0.0,0.0
ZNF589,0.25910982,0.0,0.0
ZNF592,0.6337674,1.0,-1.0
ZNF593,0.045997,0.0,0.0
ZNF594,0.25540808,0.0,0.0
ZNF595,0.24009506,0.0,-1.0
ZNF596,0.05511251,0.0,0.0
ZNF597,0.28908038,0.0,0.0
ZNF598,0.07245244,0.0,0.0
ZNF599,0.054406457,0.0,0.0
ZNF600,0.22718243,0.0,0.0
ZNF605,0.05063018,0.0,-1.0
ZNF606,0.12563978,0.0,0.0
ZNF607,0.06036183,0.0,0.0
ZNF608,0.23953305,0.0,-1.0
ZNF609,0.42800805,0.0,0.0
ZNF610,0.08569909,0.0,0.0
ZNF611,0.33208483,0.0,0.0
ZNF613,0.0868037,0.0,0.0
ZNF614,0.095823854,0.0,0.0
ZNF615,0.30236548,0.0,0.0
ZNF616,0.07495793,0.0,0.0
ZNF618,0.18215795,0.0,0.0
ZNF619,0.054779664,0.0,0.0
ZNF620,0.13371103,0.0,-1.0
ZNF621,0.06765703,0.0,0.0
ZNF622,0.13585158,0.0,0.0
ZNF623,0.24136665,0.0,0.0
ZNF624,0.09211848,0.0,-1.0
ZNF625,0.18346222,0.0,0.0
ZNF626,0.016611021,0.0,0.0
ZNF627,0.0596153,0.0,0.0
ZNF628,0.13685855,0.0,0.0
ZNF629,0.41437468,0.0,0.0
ZNF630,0.18740281,0.0,0.0
ZNF638,0.6700787,1.0,-1.0
ZNF639,0.29138964,0.0,0.0
ZNF641,0.21469504,0.0,0.0
ZNF644,0.6455752,1.0,-1.0
ZNF646,0.56971717,1.0,0.0
ZNF648,0.101606384,0.0,0.0
ZNF649,0.08577785,0.0,0.0
ZNF652,0.5574967,1.0,0.0
ZNF653,0.11643999,0.0,0.0
ZNF654,0.5747357,1.0,0.0
ZNF655,0.20439605,0.0,-1.0
ZNF658,0.012318364,0.0,-1.0
ZNF658B,0.39470717,0.0,0.0
ZNF66,0.014586259,0.0,0.0
ZNF660,0.17194808,0.0,0.0
ZNF662,0.062615626,0.0,0.0
ZNF664,0.20018642,0.0,0.0
ZNF665,0.19791387,0.0,0.0
ZNF667,0.06580755,0.0,0.0
ZNF668,0.27793288,0.0,-1.0
ZNF669,0.15932532,0.0,0.0
ZNF670,0.19614364,0.0,0.0
ZNF671,0.2508821,0.0,0.0
ZNF672,0.22848907,0.0,0.0
ZNF674,0.18373732,0.0,-1.0
ZNF675,0.19035183,0.0,0.0
ZNF676,0.21361263,0.0,0.0
ZNF677,0.08023412,0.0,-1.0
ZNF678,0.27876872,0.0,0.0
ZNF679,0.055635646,0.0,0.0
ZNF680,0.3202898,0.0,0.0
ZNF681,0.26702255,0.0,0.0
ZNF682,0.15102649,0.0,0.0
ZNF683,0.059506472,0.0,0.0
ZNF684,0.06604791,0.0,0.0
ZNF687,0.5660771,1.0,-1.0
ZNF688,0.14934516,0.0,0.0
ZNF689,0.14986248,0.0,0.0
ZNF69,0.09339948,0.0,0.0
ZNF691,0.22232227,0.0,0.0
ZNF692,0.29943225,0.0,0.0
ZNF695,0.38698134,0.0,0.0
ZNF696,0.15789786,0.0,0.0
ZNF697,0.10401012,0.0,-1.0
ZNF699,0.071635224,0.0,0.0
ZNF7,0.09787944,0.0,0.0
ZNF70,0.23135953,0.0,0.0
ZNF700,0.28890154,0.0,0.0
ZNF701,0.3347045,0.0,0.0
ZNF702P,3.422011e-07,0.0,0.0
ZNF703,0.22730118,0.0,-1.0
ZNF704,0.18203378,0.0,0.0
ZNF705A,3.4711e-05,0.0,0.0
ZNF705D,2.6618936e-05,0.0,0.0
ZNF705G,0.11580866,0.0,0.0
ZNF706,0.07318888,0.0,0.0
ZNF707,0.16008061,0.0,0.0
ZNF708,0.09879372,0.0,0.0
ZNF709,0.16704018,0.0,0.0
ZNF71,0.2469679,0.0,0.0
ZNF710,0.2799265,0.0,0.0
ZNF711,0.5875683,1.0,-1.0
ZNF713,0.20012037,0.0,0.0
ZNF714,0.05824005,0.0,0.0
ZNF716,0.13890117,0.0,0.0
ZNF717,0.0015164887,0.0,-1.0
ZNF718,0.31303218,0.0,0.0
ZNF721,0.2120405,0.0,0.0
ZNF724,0.1460595,0.0,0.0
ZNF726,0.051391378,0.0,0.0
ZNF727,4.8199644e-09,0.0,0.0
ZNF728,0.016972385,0.0,-1.0
ZNF729,0.049007356,0.0,0.0
ZNF730,5.3899987e-07,0.0,0.0
ZNF732,0.00017249557,0.0,0.0
ZNF735,1.1766639e-08,0.0,0.0
ZNF736,0.24015231,0.0,0.0
ZNF737,0.06639778,0.0,0.0
ZNF738,0.313716,0.0,0.0
ZNF74,0.23839453,0.0,0.0
ZNF740,0.33401203,0.0,0.0
ZNF746,0.1647803,0.0,0.0
ZNF747,0.28407183,0.0,0.0
ZNF749,0.0979427,0.0,0.0
ZNF750,0.17565148,0.0,1.0
ZNF75A,0.21038146,0.0,0.0
ZNF75D,0.30820277,0.0,0.0
ZNF76,0.3898189,0.0,0.0
ZNF761,0.1787204,0.0,0.0
ZNF763,0.35228077,0.0,0.0
ZNF764,0.15842591,0.0,0.0
ZNF765,0.3124072,0.0,-1.0
ZNF766,0.090215325,0.0,0.0
ZNF767P,5.4105527e-05,0.0,0.0
ZNF768,0.5061364,1.0,0.0
ZNF77,0.07095625,0.0,0.0
ZNF770,0.3559279,0.0,-1.0
ZNF771,0.32620427,0.0,0.0
ZNF772,0.15771934,0.0,0.0
ZNF773,0.25195414,0.0,0.0
ZNF774,0.13936436,0.0,0.0
ZNF775,0.18400654,0.0,0.0
ZNF776,0.262352,0.0,0.0
ZNF777,0.13176078,0.0,0.0
ZNF778,0.17759411,0.0,-1.0
ZNF780A,0.37040406,0.0,0.0
ZNF780B,0.0761031,0.0,0.0
ZNF781,0.194023,0.0,0.0
ZNF782,0.09408392,0.0,0.0
ZNF783,0.048535362,0.0,0.0
ZNF784,0.18224055,0.0,0.0
ZNF785,0.27854806,0.0,0.0
ZNF786,0.13502187,0.0,0.0
ZNF787,0.15979779,0.0,0.0
ZNF789,0.20088576,0.0,0.0
ZNF79,0.29989946,0.0,0.0
ZNF790,0.05266135,0.0,0.0
ZNF791,0.18649794,0.0,0.0
ZNF792,0.09159674,0.0,0.0
ZNF793,0.06983052,0.0,0.0
ZNF799,0.37504834,0.0,0.0
ZNF8,0.20870236,0.0,0.0
ZNF80,0.31845337,0.0,0.0
ZNF800,0.38954613,0.0,0.0
ZNF804A,0.1860824,0.0,-1.0
ZNF804B,0.16965319,0.0,-1.0
ZNF805,0.24522503,0.0,0.0
ZNF808,0.13762344,0.0,0.0
ZNF81,0.18969932,0.0,-1.0
ZNF813,0.079374604,0.0,0.0
ZNF814,0.055526793,0.0,-1.0
ZNF816,0.17150788,0.0,0.0
ZNF816-ZNF321P,0.095250264,0.0,0.0
ZNF821,0.12969348,0.0,0.0
ZNF823,0.07932321,0.0,-1.0
ZNF827,0.37803906,0.0,0.0
ZNF829,0.08206945,0.0,0.0
ZNF83,0.4211897,0.0,0.0
ZNF830,0.18886408,0.0,-1.0
ZNF831,0.4496747,0.0,-1.0
ZNF835,0.3188983,0.0,0.0
ZNF836,0.05573224,0.0,0.0
ZNF837,0.09389464,0.0,0.0
ZNF839,0.14904031,0.0,0.0
ZNF84,0.49871027,0.0,0.0
ZNF841,0.081371956,0.0,0.0
ZNF843,0.13346744,0.0,0.0
ZNF844,0.24115977,0.0,-1.0
ZNF845,0.07390885,0.0,0.0
ZNF846,0.13919948,0.0,0.0
ZNF85,0.43092042,0.0,0.0
ZNF850,0.2183227,0.0,0.0
ZNF852,0.12587517,0.0,0.0
ZNF853,0.09399182,0.0,0.0
ZNF860,0.053160343,0.0,0.0
ZNF862,0.2979063,0.0,0.0
ZNF865,0.16919874,0.0,0.0
ZNF875,0.094068944,0.0,-1.0
ZNF878,9.4131174e-05,0.0,0.0
ZNF879,0.05656569,0.0,0.0
ZNF880,0.27026743,0.0,0.0
ZNF888,0.018410074,0.0,0.0
ZNF891,0.0018853694,0.0,0.0
ZNF90,3.1813837e-05,0.0,0.0
ZNF91,0.4718524,0.0,0.0
ZNF92,0.37678134,0.0,0.0
ZNF93,0.16525741,0.0,0.0
ZNF98,0.049458247,0.0,0.0
ZNF99,0.047231473,0.0,-1.0
ZNFX1,0.4611596,0.0,0.0
ZNHIT1,0.032146003,0.0,0.0
ZNHIT2,0.11158625,0.0,0.0
ZNHIT3,0.20067483,0.0,0.0
ZNHIT6,0.21670538,0.0,0.0
ZNRD2,0.07763526,0.0,0.0
ZNRF1,0.13157381,0.0,0.0
ZNRF2,0.19269823,0.0,0.0
ZNRF2P1,0.07970503,0.0,0.0
ZNRF3,0.2526538,0.0,1.0
ZNRF4,0.046310365,0.0,0.0
ZP1,0.082567215,0.0,0.0
ZP2,0.28825822,0.0,0.0
ZP3,0.1633855,0.0,0.0
ZP4,0.13710073,0.0,0.0
ZPBP,0.047396533,0.0,0.0
ZPBP2,0.047194716,0.0,-1.0
ZPLD1,0.1461322,0.0,0.0
ZPR1,0.11783222,0.0,-1.0
ZRANB1,0.400246,0.0,0.0
ZRANB2,0.38198668,0.0,0.0
ZRANB3,0.3833045,0.0,-1.0
ZRSR2,0.35636422,0.0,1.0
ZRSR2P1,0.044715963,0.0,0.0
ZSCAN1,0.24584487,0.0,0.0
ZSCAN10,0.16572045,0.0,0.0
ZSCAN12,0.17214619,0.0,0.0
ZSCAN16,0.33941892,0.0,0.0
ZSCAN18,0.30591407,0.0,0.0
ZSCAN2,0.2501903,0.0,0.0
ZSCAN20,0.43059224,0.0,0.0
ZSCAN21,0.3888279,0.0,0.0
ZSCAN22,0.23323925,0.0,-1.0
ZSCAN23,0.15450467,0.0,0.0
ZSCAN25,0.20214914,0.0,0.0
ZSCAN26,0.1297588,0.0,0.0
ZSCAN29,0.24250293,0.0,0.0
ZSCAN30,0.15118267,0.0,0.0
ZSCAN31,0.19508494,0.0,-1.0
ZSCAN32,0.45930797,0.0,0.0
ZSCAN4,0.099690445,0.0,-1.0
ZSCAN5A,0.20353024,0.0,0.0
ZSCAN9,0.36552733,0.0,0.0
ZSWIM1,0.28003237,0.0,0.0
ZSWIM2,0.13869976,0.0,0.0
ZSWIM3,0.5149825,1.0,-1.0
ZSWIM4,0.53859824,1.0,0.0
ZSWIM5,0.0124399895,0.0,0.0
ZSWIM6,0.41264835,0.0,-1.0
ZSWIM7,0.23796281,0.0,-1.0
ZSWIM8,0.1440208,0.0,0.0
ZSWIM9,0.2184526,0.0,0.0
ZUP1,0.11615163,0.0,0.0
ZW10,0.4461519,0.0,0.0
ZWILCH,0.50215644,1.0,-1.0
ZWINT,0.53664243,1.0,-1.0
ZXDA,0.19884181,0.0,0.0
ZXDB,0.17583634,0.0,0.0
ZXDC,0.3367158,0.0,0.0
ZYG11A,0.08400201,0.0,0.0
ZYG11B,0.13111797,0.0,0.0
ZYX,0.83489954,1.0,0.0
ZZEF1,0.3278702,0.0,-1.0
ZZZ3,0.4595266,0.0,0.0
